ISO-10303-21;
HEADER;
FILE_DESCRIPTION(('FreeCAD Model'),'2;1');
FILE_NAME('C:\\Users\\akshay.pandit\\Group005.step',
  '2018-11-02T18:20:01',('kicad StepUp'),('ksu MCAD'),
  'Open CASCADE STEP processor 7.2','FreeCAD','Unknown');
FILE_SCHEMA(('AUTOMOTIVE_DESIGN { 1 0 10303 214 1 1 1 1 }'));
ENDSEC;
DATA;
#1 = APPLICATION_PROTOCOL_DEFINITION('international standard',
  'automotive_design',2000,#2);
#2 = APPLICATION_CONTEXT(
  'core data for automotive mechanical design processes');
#3 = SHAPE_DEFINITION_REPRESENTATION(#4,#10);
#4 = PRODUCT_DEFINITION_SHAPE('','',#5);
#5 = PRODUCT_DEFINITION('design','',#6,#9);
#6 = PRODUCT_DEFINITION_FORMATION('','',#7);
#7 = PRODUCT('Group005','Group005','',(#8));
#8 = PRODUCT_CONTEXT('',#2,'mechanical');
#9 = PRODUCT_DEFINITION_CONTEXT('part definition',#2,'design');
#10 = ADVANCED_BREP_SHAPE_REPRESENTATION('',(#11,#15),#2459);
#11 = AXIS2_PLACEMENT_3D('',#12,#13,#14);
#12 = CARTESIAN_POINT('',(0.E+000,0.E+000,0.E+000));
#13 = DIRECTION('',(0.E+000,0.E+000,1.));
#14 = DIRECTION('',(1.,0.E+000,-0.E+000));
#15 = MANIFOLD_SOLID_BREP('',#16);
#16 = CLOSED_SHELL('',(#17,#57,#88,#112,#136,#153,#199,#230,#254,#278,
    #295,#341,#388,#412,#436,#469,#486,#549,#566,#629,#962,#1108,#1139,
    #1151,#1182,#1213,#1244,#1283,#1307,#1339,#1370,#1394,#1418,#1449,
    #1473,#1497,#1528,#1552,#1576,#1607,#1631,#1655,#1686,#1710,#1734,
    #1773,#1797,#1829,#1853,#1877,#1894,#1918,#1942,#1959,#1983,#2007,
    #2024,#2048,#2072,#2089,#2106,#2123,#2140,#2157,#2174,#2191,#2208,
    #2220,#2232,#2244,#2256,#2273,#2285,#2302,#2314,#2331,#2343,#2360,
    #2372,#2389,#2401,#2418,#2430,#2447));
#17 = ADVANCED_FACE('',(#18),#52,.T.);
#18 = FACE_BOUND('',#19,.T.);
#19 = EDGE_LOOP('',(#20,#30,#38,#46));
#20 = ORIENTED_EDGE('',*,*,#21,.F.);
#21 = EDGE_CURVE('',#22,#24,#26,.T.);
#22 = VERTEX_POINT('',#23);
#23 = CARTESIAN_POINT('',(-1.575,-4.15,1.425));
#24 = VERTEX_POINT('',#25);
#25 = CARTESIAN_POINT('',(1.625,-4.15,1.425));
#26 = LINE('',#27,#28);
#27 = CARTESIAN_POINT('',(-1.575,-4.15,1.425));
#28 = VECTOR('',#29,1.);
#29 = DIRECTION('',(1.,-2.22044604925E-016,0.E+000));
#30 = ORIENTED_EDGE('',*,*,#31,.T.);
#31 = EDGE_CURVE('',#22,#32,#34,.T.);
#32 = VERTEX_POINT('',#33);
#33 = CARTESIAN_POINT('',(-1.575,-4.15,0.425));
#34 = LINE('',#35,#36);
#35 = CARTESIAN_POINT('',(-1.575,-4.15,1.425));
#36 = VECTOR('',#37,1.);
#37 = DIRECTION('',(4.930380657631E-032,2.22044604925E-016,-1.));
#38 = ORIENTED_EDGE('',*,*,#39,.T.);
#39 = EDGE_CURVE('',#32,#40,#42,.T.);
#40 = VERTEX_POINT('',#41);
#41 = CARTESIAN_POINT('',(1.625,-4.15,0.425));
#42 = LINE('',#43,#44);
#43 = CARTESIAN_POINT('',(-1.575,-4.15,0.425));
#44 = VECTOR('',#45,1.);
#45 = DIRECTION('',(1.,-2.22044604925E-016,0.E+000));
#46 = ORIENTED_EDGE('',*,*,#47,.F.);
#47 = EDGE_CURVE('',#24,#40,#48,.T.);
#48 = LINE('',#49,#50);
#49 = CARTESIAN_POINT('',(1.625,-4.15,1.425));
#50 = VECTOR('',#51,1.);
#51 = DIRECTION('',(4.930380657631E-032,2.22044604925E-016,-1.));
#52 = PLANE('',#53);
#53 = AXIS2_PLACEMENT_3D('',#54,#55,#56);
#54 = CARTESIAN_POINT('',(-1.575,-4.15,1.425));
#55 = DIRECTION('',(-2.22044604925E-016,-1.,-2.22044604925E-016));
#56 = DIRECTION('',(4.930380657631E-032,2.22044604925E-016,-1.));
#57 = ADVANCED_FACE('',(#58),#83,.F.);
#58 = FACE_BOUND('',#59,.F.);
#59 = EDGE_LOOP('',(#60,#68,#76,#82));
#60 = ORIENTED_EDGE('',*,*,#61,.F.);
#61 = EDGE_CURVE('',#62,#22,#64,.T.);
#62 = VERTEX_POINT('',#63);
#63 = CARTESIAN_POINT('',(-1.575,-3.025,1.425));
#64 = LINE('',#65,#66);
#65 = CARTESIAN_POINT('',(-1.575,-1.65,1.425));
#66 = VECTOR('',#67,1.);
#67 = DIRECTION('',(-2.22044604925E-016,-1.,-2.22044604925E-016));
#68 = ORIENTED_EDGE('',*,*,#69,.T.);
#69 = EDGE_CURVE('',#62,#70,#72,.T.);
#70 = VERTEX_POINT('',#71);
#71 = CARTESIAN_POINT('',(1.625,-3.025,1.425));
#72 = LINE('',#73,#74);
#73 = CARTESIAN_POINT('',(-2.8875,-3.025,1.425));
#74 = VECTOR('',#75,1.);
#75 = DIRECTION('',(1.,-2.22044604925E-016,0.E+000));
#76 = ORIENTED_EDGE('',*,*,#77,.T.);
#77 = EDGE_CURVE('',#70,#24,#78,.T.);
#78 = LINE('',#79,#80);
#79 = CARTESIAN_POINT('',(1.625,-1.65,1.425));
#80 = VECTOR('',#81,1.);
#81 = DIRECTION('',(-2.22044604925E-016,-1.,-2.22044604925E-016));
#82 = ORIENTED_EDGE('',*,*,#21,.F.);
#83 = PLANE('',#84);
#84 = AXIS2_PLACEMENT_3D('',#85,#86,#87);
#85 = CARTESIAN_POINT('',(-1.575,-1.65,1.425));
#86 = DIRECTION('',(4.930380657631E-032,2.22044604925E-016,-1.));
#87 = DIRECTION('',(-2.22044604925E-016,-1.,-2.22044604925E-016));
#88 = ADVANCED_FACE('',(#89),#107,.T.);
#89 = FACE_BOUND('',#90,.T.);
#90 = EDGE_LOOP('',(#91,#99,#105,#106));
#91 = ORIENTED_EDGE('',*,*,#92,.F.);
#92 = EDGE_CURVE('',#93,#40,#95,.T.);
#93 = VERTEX_POINT('',#94);
#94 = CARTESIAN_POINT('',(1.625,-3.025,0.425));
#95 = LINE('',#96,#97);
#96 = CARTESIAN_POINT('',(1.625,-1.65,0.425));
#97 = VECTOR('',#98,1.);
#98 = DIRECTION('',(-2.22044604925E-016,-1.,-2.22044604925E-016));
#99 = ORIENTED_EDGE('',*,*,#100,.T.);
#100 = EDGE_CURVE('',#93,#70,#101,.T.);
#101 = LINE('',#102,#103);
#102 = CARTESIAN_POINT('',(1.625,-3.025,0.1375));
#103 = VECTOR('',#104,1.);
#104 = DIRECTION('',(0.E+000,0.E+000,1.));
#105 = ORIENTED_EDGE('',*,*,#77,.T.);
#106 = ORIENTED_EDGE('',*,*,#47,.T.);
#107 = PLANE('',#108);
#108 = AXIS2_PLACEMENT_3D('',#109,#110,#111);
#109 = CARTESIAN_POINT('',(1.625,-1.65,1.425));
#110 = DIRECTION('',(1.,-2.22044604925E-016,0.E+000));
#111 = DIRECTION('',(-2.22044604925E-016,-1.,-2.22044604925E-016));
#112 = ADVANCED_FACE('',(#113),#131,.T.);
#113 = FACE_BOUND('',#114,.T.);
#114 = EDGE_LOOP('',(#115,#123,#129,#130));
#115 = ORIENTED_EDGE('',*,*,#116,.F.);
#116 = EDGE_CURVE('',#117,#32,#119,.T.);
#117 = VERTEX_POINT('',#118);
#118 = CARTESIAN_POINT('',(-1.575,-3.025,0.425));
#119 = LINE('',#120,#121);
#120 = CARTESIAN_POINT('',(-1.575,-1.65,0.425));
#121 = VECTOR('',#122,1.);
#122 = DIRECTION('',(-2.22044604925E-016,-1.,-2.22044604925E-016));
#123 = ORIENTED_EDGE('',*,*,#124,.T.);
#124 = EDGE_CURVE('',#117,#93,#125,.T.);
#125 = LINE('',#126,#127);
#126 = CARTESIAN_POINT('',(-2.8875,-3.025,0.425));
#127 = VECTOR('',#128,1.);
#128 = DIRECTION('',(1.,-2.22044604925E-016,0.E+000));
#129 = ORIENTED_EDGE('',*,*,#92,.T.);
#130 = ORIENTED_EDGE('',*,*,#39,.F.);
#131 = PLANE('',#132);
#132 = AXIS2_PLACEMENT_3D('',#133,#134,#135);
#133 = CARTESIAN_POINT('',(-1.575,-1.65,0.425));
#134 = DIRECTION('',(4.930380657631E-032,2.22044604925E-016,-1.));
#135 = DIRECTION('',(-2.22044604925E-016,-1.,-2.22044604925E-016));
#136 = ADVANCED_FACE('',(#137),#148,.F.);
#137 = FACE_BOUND('',#138,.F.);
#138 = EDGE_LOOP('',(#139,#140,#146,#147));
#139 = ORIENTED_EDGE('',*,*,#116,.F.);
#140 = ORIENTED_EDGE('',*,*,#141,.T.);
#141 = EDGE_CURVE('',#117,#62,#142,.T.);
#142 = LINE('',#143,#144);
#143 = CARTESIAN_POINT('',(-1.575,-3.025,0.1375));
#144 = VECTOR('',#145,1.);
#145 = DIRECTION('',(0.E+000,0.E+000,1.));
#146 = ORIENTED_EDGE('',*,*,#61,.T.);
#147 = ORIENTED_EDGE('',*,*,#31,.T.);
#148 = PLANE('',#149);
#149 = AXIS2_PLACEMENT_3D('',#150,#151,#152);
#150 = CARTESIAN_POINT('',(-1.575,-1.65,1.425));
#151 = DIRECTION('',(1.,-2.22044604925E-016,0.E+000));
#152 = DIRECTION('',(-2.22044604925E-016,-1.,-2.22044604925E-016));
#153 = ADVANCED_FACE('',(#154,#188),#194,.T.);
#154 = FACE_BOUND('',#155,.T.);
#155 = EDGE_LOOP('',(#156,#166,#174,#182));
#156 = ORIENTED_EDGE('',*,*,#157,.F.);
#157 = EDGE_CURVE('',#158,#160,#162,.T.);
#158 = VERTEX_POINT('',#159);
#159 = CARTESIAN_POINT('',(-4.2,-3.025,-1.15));
#160 = VERTEX_POINT('',#161);
#161 = CARTESIAN_POINT('',(-4.2,-3.025,3.));
#162 = LINE('',#163,#164);
#163 = CARTESIAN_POINT('',(-4.2,-3.025,-1.15));
#164 = VECTOR('',#165,1.);
#165 = DIRECTION('',(0.E+000,0.E+000,1.));
#166 = ORIENTED_EDGE('',*,*,#167,.T.);
#167 = EDGE_CURVE('',#158,#168,#170,.T.);
#168 = VERTEX_POINT('',#169);
#169 = CARTESIAN_POINT('',(4.25,-3.025,-1.15));
#170 = LINE('',#171,#172);
#171 = CARTESIAN_POINT('',(-4.2,-3.025,-1.15));
#172 = VECTOR('',#173,1.);
#173 = DIRECTION('',(1.,-2.22044604925E-016,0.E+000));
#174 = ORIENTED_EDGE('',*,*,#175,.T.);
#175 = EDGE_CURVE('',#168,#176,#178,.T.);
#176 = VERTEX_POINT('',#177);
#177 = CARTESIAN_POINT('',(4.25,-3.025,3.));
#178 = LINE('',#179,#180);
#179 = CARTESIAN_POINT('',(4.25,-3.025,-1.15));
#180 = VECTOR('',#181,1.);
#181 = DIRECTION('',(0.E+000,0.E+000,1.));
#182 = ORIENTED_EDGE('',*,*,#183,.F.);
#183 = EDGE_CURVE('',#160,#176,#184,.T.);
#184 = LINE('',#185,#186);
#185 = CARTESIAN_POINT('',(-4.2,-3.025,3.));
#186 = VECTOR('',#187,1.);
#187 = DIRECTION('',(1.,-2.22044604925E-016,0.E+000));
#188 = FACE_BOUND('',#189,.T.);
#189 = EDGE_LOOP('',(#190,#191,#192,#193));
#190 = ORIENTED_EDGE('',*,*,#141,.T.);
#191 = ORIENTED_EDGE('',*,*,#69,.T.);
#192 = ORIENTED_EDGE('',*,*,#100,.F.);
#193 = ORIENTED_EDGE('',*,*,#124,.F.);
#194 = PLANE('',#195);
#195 = AXIS2_PLACEMENT_3D('',#196,#197,#198);
#196 = CARTESIAN_POINT('',(-4.2,-3.025,-1.15));
#197 = DIRECTION('',(-2.22044604925E-016,-1.,0.E+000));
#198 = DIRECTION('',(0.E+000,0.E+000,1.));
#199 = ADVANCED_FACE('',(#200),#225,.T.);
#200 = FACE_BOUND('',#201,.T.);
#201 = EDGE_LOOP('',(#202,#210,#211,#219));
#202 = ORIENTED_EDGE('',*,*,#203,.F.);
#203 = EDGE_CURVE('',#158,#204,#206,.T.);
#204 = VERTEX_POINT('',#205);
#205 = CARTESIAN_POINT('',(-4.2,-4.775,-1.15));
#206 = LINE('',#207,#208);
#207 = CARTESIAN_POINT('',(-4.2,-3.025,-1.15));
#208 = VECTOR('',#209,1.);
#209 = DIRECTION('',(-2.22044604925E-016,-1.,0.E+000));
#210 = ORIENTED_EDGE('',*,*,#157,.T.);
#211 = ORIENTED_EDGE('',*,*,#212,.T.);
#212 = EDGE_CURVE('',#160,#213,#215,.T.);
#213 = VERTEX_POINT('',#214);
#214 = CARTESIAN_POINT('',(-4.2,-4.775,3.));
#215 = LINE('',#216,#217);
#216 = CARTESIAN_POINT('',(-4.2,-3.025,3.));
#217 = VECTOR('',#218,1.);
#218 = DIRECTION('',(-2.22044604925E-016,-1.,0.E+000));
#219 = ORIENTED_EDGE('',*,*,#220,.F.);
#220 = EDGE_CURVE('',#204,#213,#221,.T.);
#221 = LINE('',#222,#223);
#222 = CARTESIAN_POINT('',(-4.2,-4.775,-1.275));
#223 = VECTOR('',#224,1.);
#224 = DIRECTION('',(0.E+000,0.E+000,1.));
#225 = PLANE('',#226);
#226 = AXIS2_PLACEMENT_3D('',#227,#228,#229);
#227 = CARTESIAN_POINT('',(-4.2,-3.025,-1.15));
#228 = DIRECTION('',(1.,-2.22044604925E-016,0.E+000));
#229 = DIRECTION('',(0.E+000,0.E+000,1.));
#230 = ADVANCED_FACE('',(#231),#249,.F.);
#231 = FACE_BOUND('',#232,.F.);
#232 = EDGE_LOOP('',(#233,#241,#242,#243));
#233 = ORIENTED_EDGE('',*,*,#234,.F.);
#234 = EDGE_CURVE('',#176,#235,#237,.T.);
#235 = VERTEX_POINT('',#236);
#236 = CARTESIAN_POINT('',(4.25,-4.775,3.));
#237 = LINE('',#238,#239);
#238 = CARTESIAN_POINT('',(4.25,-3.025,3.));
#239 = VECTOR('',#240,1.);
#240 = DIRECTION('',(-2.22044604925E-016,-1.,0.E+000));
#241 = ORIENTED_EDGE('',*,*,#183,.F.);
#242 = ORIENTED_EDGE('',*,*,#212,.T.);
#243 = ORIENTED_EDGE('',*,*,#244,.F.);
#244 = EDGE_CURVE('',#235,#213,#245,.T.);
#245 = LINE('',#246,#247);
#246 = CARTESIAN_POINT('',(-4.45,-4.775,3.));
#247 = VECTOR('',#248,1.);
#248 = DIRECTION('',(-1.,2.22044604925E-016,0.E+000));
#249 = PLANE('',#250);
#250 = AXIS2_PLACEMENT_3D('',#251,#252,#253);
#251 = CARTESIAN_POINT('',(-4.2,-3.025,3.));
#252 = DIRECTION('',(0.E+000,0.E+000,1.));
#253 = DIRECTION('',(-2.22044604925E-016,-1.,0.E+000));
#254 = ADVANCED_FACE('',(#255),#273,.T.);
#255 = FACE_BOUND('',#256,.T.);
#256 = EDGE_LOOP('',(#257,#265,#266,#267));
#257 = ORIENTED_EDGE('',*,*,#258,.F.);
#258 = EDGE_CURVE('',#168,#259,#261,.T.);
#259 = VERTEX_POINT('',#260);
#260 = CARTESIAN_POINT('',(4.25,-4.775,-1.15));
#261 = LINE('',#262,#263);
#262 = CARTESIAN_POINT('',(4.25,-3.025,-1.15));
#263 = VECTOR('',#264,1.);
#264 = DIRECTION('',(-2.22044604925E-016,-1.,0.E+000));
#265 = ORIENTED_EDGE('',*,*,#167,.F.);
#266 = ORIENTED_EDGE('',*,*,#203,.T.);
#267 = ORIENTED_EDGE('',*,*,#268,.F.);
#268 = EDGE_CURVE('',#259,#204,#269,.T.);
#269 = LINE('',#270,#271);
#270 = CARTESIAN_POINT('',(-4.45,-4.775,-1.15));
#271 = VECTOR('',#272,1.);
#272 = DIRECTION('',(-1.,2.22044604925E-016,0.E+000));
#273 = PLANE('',#274);
#274 = AXIS2_PLACEMENT_3D('',#275,#276,#277);
#275 = CARTESIAN_POINT('',(-4.2,-3.025,-1.15));
#276 = DIRECTION('',(0.E+000,0.E+000,1.));
#277 = DIRECTION('',(-2.22044604925E-016,-1.,0.E+000));
#278 = ADVANCED_FACE('',(#279),#290,.F.);
#279 = FACE_BOUND('',#280,.F.);
#280 = EDGE_LOOP('',(#281,#282,#283,#284));
#281 = ORIENTED_EDGE('',*,*,#258,.F.);
#282 = ORIENTED_EDGE('',*,*,#175,.T.);
#283 = ORIENTED_EDGE('',*,*,#234,.T.);
#284 = ORIENTED_EDGE('',*,*,#285,.F.);
#285 = EDGE_CURVE('',#259,#235,#286,.T.);
#286 = LINE('',#287,#288);
#287 = CARTESIAN_POINT('',(4.25,-4.775,-1.275));
#288 = VECTOR('',#289,1.);
#289 = DIRECTION('',(0.E+000,0.E+000,1.));
#290 = PLANE('',#291);
#291 = AXIS2_PLACEMENT_3D('',#292,#293,#294);
#292 = CARTESIAN_POINT('',(4.25,-3.025,-1.15));
#293 = DIRECTION('',(1.,-2.22044604925E-016,0.E+000));
#294 = DIRECTION('',(0.E+000,0.E+000,1.));
#295 = ADVANCED_FACE('',(#296,#330),#336,.T.);
#296 = FACE_BOUND('',#297,.T.);
#297 = EDGE_LOOP('',(#298,#308,#316,#324));
#298 = ORIENTED_EDGE('',*,*,#299,.F.);
#299 = EDGE_CURVE('',#300,#302,#304,.T.);
#300 = VERTEX_POINT('',#301);
#301 = CARTESIAN_POINT('',(-4.7,-4.775,-1.4));
#302 = VERTEX_POINT('',#303);
#303 = CARTESIAN_POINT('',(-4.7,-4.775,3.25));
#304 = LINE('',#305,#306);
#305 = CARTESIAN_POINT('',(-4.7,-4.775,-1.4));
#306 = VECTOR('',#307,1.);
#307 = DIRECTION('',(0.E+000,0.E+000,1.));
#308 = ORIENTED_EDGE('',*,*,#309,.T.);
#309 = EDGE_CURVE('',#300,#310,#312,.T.);
#310 = VERTEX_POINT('',#311);
#311 = CARTESIAN_POINT('',(4.75,-4.775,-1.4));
#312 = LINE('',#313,#314);
#313 = CARTESIAN_POINT('',(-4.7,-4.775,-1.4));
#314 = VECTOR('',#315,1.);
#315 = DIRECTION('',(1.,-2.22044604925E-016,0.E+000));
#316 = ORIENTED_EDGE('',*,*,#317,.T.);
#317 = EDGE_CURVE('',#310,#318,#320,.T.);
#318 = VERTEX_POINT('',#319);
#319 = CARTESIAN_POINT('',(4.75,-4.775,3.25));
#320 = LINE('',#321,#322);
#321 = CARTESIAN_POINT('',(4.75,-4.775,-1.4));
#322 = VECTOR('',#323,1.);
#323 = DIRECTION('',(0.E+000,0.E+000,1.));
#324 = ORIENTED_EDGE('',*,*,#325,.F.);
#325 = EDGE_CURVE('',#302,#318,#326,.T.);
#326 = LINE('',#327,#328);
#327 = CARTESIAN_POINT('',(-4.7,-4.775,3.25));
#328 = VECTOR('',#329,1.);
#329 = DIRECTION('',(1.,-2.22044604925E-016,0.E+000));
#330 = FACE_BOUND('',#331,.T.);
#331 = EDGE_LOOP('',(#332,#333,#334,#335));
#332 = ORIENTED_EDGE('',*,*,#268,.T.);
#333 = ORIENTED_EDGE('',*,*,#220,.T.);
#334 = ORIENTED_EDGE('',*,*,#244,.F.);
#335 = ORIENTED_EDGE('',*,*,#285,.F.);
#336 = PLANE('',#337);
#337 = AXIS2_PLACEMENT_3D('',#338,#339,#340);
#338 = CARTESIAN_POINT('',(-4.7,-4.775,-1.4));
#339 = DIRECTION('',(-2.22044604925E-016,-1.,0.E+000));
#340 = DIRECTION('',(0.E+000,0.E+000,1.));
#341 = ADVANCED_FACE('',(#342),#383,.F.);
#342 = FACE_BOUND('',#343,.F.);
#343 = EDGE_LOOP('',(#344,#352,#360,#368,#376,#382));
#344 = ORIENTED_EDGE('',*,*,#345,.F.);
#345 = EDGE_CURVE('',#346,#300,#348,.T.);
#346 = VERTEX_POINT('',#347);
#347 = CARTESIAN_POINT('',(-4.7,-2.275,-1.4));
#348 = LINE('',#349,#350);
#349 = CARTESIAN_POINT('',(-4.7,-2.275,-1.4));
#350 = VECTOR('',#351,1.);
#351 = DIRECTION('',(-2.22044604925E-016,-1.,0.E+000));
#352 = ORIENTED_EDGE('',*,*,#353,.T.);
#353 = EDGE_CURVE('',#346,#354,#356,.T.);
#354 = VERTEX_POINT('',#355);
#355 = CARTESIAN_POINT('',(-4.7,-2.275,0.E+000));
#356 = LINE('',#357,#358);
#357 = CARTESIAN_POINT('',(-4.7,-2.275,-1.4));
#358 = VECTOR('',#359,1.);
#359 = DIRECTION('',(0.E+000,0.E+000,1.));
#360 = ORIENTED_EDGE('',*,*,#361,.T.);
#361 = EDGE_CURVE('',#354,#362,#364,.T.);
#362 = VERTEX_POINT('',#363);
#363 = CARTESIAN_POINT('',(-4.7,-2.275,1.85));
#364 = LINE('',#365,#366);
#365 = CARTESIAN_POINT('',(-4.7,-2.275,0.E+000));
#366 = VECTOR('',#367,1.);
#367 = DIRECTION('',(0.E+000,0.E+000,1.));
#368 = ORIENTED_EDGE('',*,*,#369,.T.);
#369 = EDGE_CURVE('',#362,#370,#372,.T.);
#370 = VERTEX_POINT('',#371);
#371 = CARTESIAN_POINT('',(-4.7,-2.275,3.25));
#372 = LINE('',#373,#374);
#373 = CARTESIAN_POINT('',(-4.7,-2.275,-1.4));
#374 = VECTOR('',#375,1.);
#375 = DIRECTION('',(0.E+000,0.E+000,1.));
#376 = ORIENTED_EDGE('',*,*,#377,.T.);
#377 = EDGE_CURVE('',#370,#302,#378,.T.);
#378 = LINE('',#379,#380);
#379 = CARTESIAN_POINT('',(-4.7,-2.275,3.25));
#380 = VECTOR('',#381,1.);
#381 = DIRECTION('',(-2.22044604925E-016,-1.,0.E+000));
#382 = ORIENTED_EDGE('',*,*,#299,.F.);
#383 = PLANE('',#384);
#384 = AXIS2_PLACEMENT_3D('',#385,#386,#387);
#385 = CARTESIAN_POINT('',(-4.7,-2.275,-1.4));
#386 = DIRECTION('',(1.,-2.22044604925E-016,0.E+000));
#387 = DIRECTION('',(0.E+000,0.E+000,1.));
#388 = ADVANCED_FACE('',(#389),#407,.T.);
#389 = FACE_BOUND('',#390,.T.);
#390 = EDGE_LOOP('',(#391,#399,#400,#401));
#391 = ORIENTED_EDGE('',*,*,#392,.F.);
#392 = EDGE_CURVE('',#370,#393,#395,.T.);
#393 = VERTEX_POINT('',#394);
#394 = CARTESIAN_POINT('',(4.75,-2.275,3.25));
#395 = LINE('',#396,#397);
#396 = CARTESIAN_POINT('',(-4.7,-2.275,3.25));
#397 = VECTOR('',#398,1.);
#398 = DIRECTION('',(1.,-2.22044604925E-016,0.E+000));
#399 = ORIENTED_EDGE('',*,*,#377,.T.);
#400 = ORIENTED_EDGE('',*,*,#325,.T.);
#401 = ORIENTED_EDGE('',*,*,#402,.F.);
#402 = EDGE_CURVE('',#393,#318,#403,.T.);
#403 = LINE('',#404,#405);
#404 = CARTESIAN_POINT('',(4.75,-2.275,3.25));
#405 = VECTOR('',#406,1.);
#406 = DIRECTION('',(-2.22044604925E-016,-1.,0.E+000));
#407 = PLANE('',#408);
#408 = AXIS2_PLACEMENT_3D('',#409,#410,#411);
#409 = CARTESIAN_POINT('',(-4.7,-2.275,3.25));
#410 = DIRECTION('',(0.E+000,0.E+000,1.));
#411 = DIRECTION('',(-2.22044604925E-016,-1.,0.E+000));
#412 = ADVANCED_FACE('',(#413),#431,.F.);
#413 = FACE_BOUND('',#414,.F.);
#414 = EDGE_LOOP('',(#415,#423,#424,#425));
#415 = ORIENTED_EDGE('',*,*,#416,.F.);
#416 = EDGE_CURVE('',#346,#417,#419,.T.);
#417 = VERTEX_POINT('',#418);
#418 = CARTESIAN_POINT('',(4.75,-2.275,-1.4));
#419 = LINE('',#420,#421);
#420 = CARTESIAN_POINT('',(-4.7,-2.275,-1.4));
#421 = VECTOR('',#422,1.);
#422 = DIRECTION('',(1.,-2.22044604925E-016,0.E+000));
#423 = ORIENTED_EDGE('',*,*,#345,.T.);
#424 = ORIENTED_EDGE('',*,*,#309,.T.);
#425 = ORIENTED_EDGE('',*,*,#426,.F.);
#426 = EDGE_CURVE('',#417,#310,#427,.T.);
#427 = LINE('',#428,#429);
#428 = CARTESIAN_POINT('',(4.75,-2.275,-1.4));
#429 = VECTOR('',#430,1.);
#430 = DIRECTION('',(-2.22044604925E-016,-1.,0.E+000));
#431 = PLANE('',#432);
#432 = AXIS2_PLACEMENT_3D('',#433,#434,#435);
#433 = CARTESIAN_POINT('',(-4.7,-2.275,-1.4));
#434 = DIRECTION('',(0.E+000,0.E+000,1.));
#435 = DIRECTION('',(-2.22044604925E-016,-1.,0.E+000));
#436 = ADVANCED_FACE('',(#437),#464,.T.);
#437 = FACE_BOUND('',#438,.T.);
#438 = EDGE_LOOP('',(#439,#440,#448,#456,#462,#463));
#439 = ORIENTED_EDGE('',*,*,#426,.F.);
#440 = ORIENTED_EDGE('',*,*,#441,.T.);
#441 = EDGE_CURVE('',#417,#442,#444,.T.);
#442 = VERTEX_POINT('',#443);
#443 = CARTESIAN_POINT('',(4.75,-2.275,0.E+000));
#444 = LINE('',#445,#446);
#445 = CARTESIAN_POINT('',(4.75,-2.275,-1.4));
#446 = VECTOR('',#447,1.);
#447 = DIRECTION('',(0.E+000,0.E+000,1.));
#448 = ORIENTED_EDGE('',*,*,#449,.T.);
#449 = EDGE_CURVE('',#442,#450,#452,.T.);
#450 = VERTEX_POINT('',#451);
#451 = CARTESIAN_POINT('',(4.75,-2.275,1.85));
#452 = LINE('',#453,#454);
#453 = CARTESIAN_POINT('',(4.75,-2.275,0.E+000));
#454 = VECTOR('',#455,1.);
#455 = DIRECTION('',(0.E+000,0.E+000,1.));
#456 = ORIENTED_EDGE('',*,*,#457,.T.);
#457 = EDGE_CURVE('',#450,#393,#458,.T.);
#458 = LINE('',#459,#460);
#459 = CARTESIAN_POINT('',(4.75,-2.275,-1.4));
#460 = VECTOR('',#461,1.);
#461 = DIRECTION('',(0.E+000,0.E+000,1.));
#462 = ORIENTED_EDGE('',*,*,#402,.T.);
#463 = ORIENTED_EDGE('',*,*,#317,.F.);
#464 = PLANE('',#465);
#465 = AXIS2_PLACEMENT_3D('',#466,#467,#468);
#466 = CARTESIAN_POINT('',(4.75,-2.275,-1.4));
#467 = DIRECTION('',(1.,-2.22044604925E-016,0.E+000));
#468 = DIRECTION('',(0.E+000,0.E+000,1.));
#469 = ADVANCED_FACE('',(#470),#481,.F.);
#470 = FACE_BOUND('',#471,.F.);
#471 = EDGE_LOOP('',(#472,#473,#474,#475));
#472 = ORIENTED_EDGE('',*,*,#353,.F.);
#473 = ORIENTED_EDGE('',*,*,#416,.T.);
#474 = ORIENTED_EDGE('',*,*,#441,.T.);
#475 = ORIENTED_EDGE('',*,*,#476,.F.);
#476 = EDGE_CURVE('',#354,#442,#477,.T.);
#477 = LINE('',#478,#479);
#478 = CARTESIAN_POINT('',(-4.7,-2.275,0.E+000));
#479 = VECTOR('',#480,1.);
#480 = DIRECTION('',(1.,-2.22044604925E-016,0.E+000));
#481 = PLANE('',#482);
#482 = AXIS2_PLACEMENT_3D('',#483,#484,#485);
#483 = CARTESIAN_POINT('',(-4.7,-2.275,-1.4));
#484 = DIRECTION('',(-2.22044604925E-016,-1.,0.E+000));
#485 = DIRECTION('',(0.E+000,0.E+000,1.));
#486 = ADVANCED_FACE('',(#487),#544,.F.);
#487 = FACE_BOUND('',#488,.F.);
#488 = EDGE_LOOP('',(#489,#499,#507,#513,#514,#522,#530,#538));
#489 = ORIENTED_EDGE('',*,*,#490,.F.);
#490 = EDGE_CURVE('',#491,#493,#495,.T.);
#491 = VERTEX_POINT('',#492);
#492 = CARTESIAN_POINT('',(-4.7,2.725,0.E+000));
#493 = VERTEX_POINT('',#494);
#494 = CARTESIAN_POINT('',(-4.7,1.125,0.E+000));
#495 = LINE('',#496,#497);
#496 = CARTESIAN_POINT('',(-4.7,2.725,0.E+000));
#497 = VECTOR('',#498,1.);
#498 = DIRECTION('',(-2.22044604925E-016,-1.,0.E+000));
#499 = ORIENTED_EDGE('',*,*,#500,.T.);
#500 = EDGE_CURVE('',#491,#501,#503,.T.);
#501 = VERTEX_POINT('',#502);
#502 = CARTESIAN_POINT('',(-4.7,2.725,1.85));
#503 = LINE('',#504,#505);
#504 = CARTESIAN_POINT('',(-4.7,2.725,0.E+000));
#505 = VECTOR('',#506,1.);
#506 = DIRECTION('',(0.E+000,0.E+000,1.));
#507 = ORIENTED_EDGE('',*,*,#508,.T.);
#508 = EDGE_CURVE('',#501,#362,#509,.T.);
#509 = LINE('',#510,#511);
#510 = CARTESIAN_POINT('',(-4.7,2.725,1.85));
#511 = VECTOR('',#512,1.);
#512 = DIRECTION('',(-2.22044604925E-016,-1.,0.E+000));
#513 = ORIENTED_EDGE('',*,*,#361,.F.);
#514 = ORIENTED_EDGE('',*,*,#515,.F.);
#515 = EDGE_CURVE('',#516,#354,#518,.T.);
#516 = VERTEX_POINT('',#517);
#517 = CARTESIAN_POINT('',(-4.7,-1.225,0.E+000));
#518 = LINE('',#519,#520);
#519 = CARTESIAN_POINT('',(-4.7,2.725,0.E+000));
#520 = VECTOR('',#521,1.);
#521 = DIRECTION('',(-2.22044604925E-016,-1.,0.E+000));
#522 = ORIENTED_EDGE('',*,*,#523,.F.);
#523 = EDGE_CURVE('',#524,#516,#526,.T.);
#524 = VERTEX_POINT('',#525);
#525 = CARTESIAN_POINT('',(-4.7,-0.625,0.E+000));
#526 = LINE('',#527,#528);
#527 = CARTESIAN_POINT('',(-4.7,2.725,0.E+000));
#528 = VECTOR('',#529,1.);
#529 = DIRECTION('',(-2.22044604925E-016,-1.,0.E+000));
#530 = ORIENTED_EDGE('',*,*,#531,.F.);
#531 = EDGE_CURVE('',#532,#524,#534,.T.);
#532 = VERTEX_POINT('',#533);
#533 = CARTESIAN_POINT('',(-4.7,0.525,0.E+000));
#534 = LINE('',#535,#536);
#535 = CARTESIAN_POINT('',(-4.7,2.725,0.E+000));
#536 = VECTOR('',#537,1.);
#537 = DIRECTION('',(-2.22044604925E-016,-1.,0.E+000));
#538 = ORIENTED_EDGE('',*,*,#539,.F.);
#539 = EDGE_CURVE('',#493,#532,#540,.T.);
#540 = LINE('',#541,#542);
#541 = CARTESIAN_POINT('',(-4.7,2.725,0.E+000));
#542 = VECTOR('',#543,1.);
#543 = DIRECTION('',(-2.22044604925E-016,-1.,0.E+000));
#544 = PLANE('',#545);
#545 = AXIS2_PLACEMENT_3D('',#546,#547,#548);
#546 = CARTESIAN_POINT('',(-4.7,2.725,0.E+000));
#547 = DIRECTION('',(1.,-2.22044604925E-016,0.E+000));
#548 = DIRECTION('',(0.E+000,0.E+000,1.));
#549 = ADVANCED_FACE('',(#550),#561,.F.);
#550 = FACE_BOUND('',#551,.F.);
#551 = EDGE_LOOP('',(#552,#553,#559,#560));
#552 = ORIENTED_EDGE('',*,*,#369,.F.);
#553 = ORIENTED_EDGE('',*,*,#554,.T.);
#554 = EDGE_CURVE('',#362,#450,#555,.T.);
#555 = LINE('',#556,#557);
#556 = CARTESIAN_POINT('',(-4.7,-2.275,1.85));
#557 = VECTOR('',#558,1.);
#558 = DIRECTION('',(1.,-2.22044604925E-016,0.E+000));
#559 = ORIENTED_EDGE('',*,*,#457,.T.);
#560 = ORIENTED_EDGE('',*,*,#392,.F.);
#561 = PLANE('',#562);
#562 = AXIS2_PLACEMENT_3D('',#563,#564,#565);
#563 = CARTESIAN_POINT('',(-4.7,-2.275,-1.4));
#564 = DIRECTION('',(-2.22044604925E-016,-1.,0.E+000));
#565 = DIRECTION('',(0.E+000,0.E+000,1.));
#566 = ADVANCED_FACE('',(#567),#624,.T.);
#567 = FACE_BOUND('',#568,.T.);
#568 = EDGE_LOOP('',(#569,#579,#587,#593,#594,#602,#610,#618));
#569 = ORIENTED_EDGE('',*,*,#570,.F.);
#570 = EDGE_CURVE('',#571,#573,#575,.T.);
#571 = VERTEX_POINT('',#572);
#572 = CARTESIAN_POINT('',(4.75,2.725,0.E+000));
#573 = VERTEX_POINT('',#574);
#574 = CARTESIAN_POINT('',(4.75,1.125,0.E+000));
#575 = LINE('',#576,#577);
#576 = CARTESIAN_POINT('',(4.75,2.725,0.E+000));
#577 = VECTOR('',#578,1.);
#578 = DIRECTION('',(-2.22044604925E-016,-1.,0.E+000));
#579 = ORIENTED_EDGE('',*,*,#580,.T.);
#580 = EDGE_CURVE('',#571,#581,#583,.T.);
#581 = VERTEX_POINT('',#582);
#582 = CARTESIAN_POINT('',(4.75,2.725,1.85));
#583 = LINE('',#584,#585);
#584 = CARTESIAN_POINT('',(4.75,2.725,0.E+000));
#585 = VECTOR('',#586,1.);
#586 = DIRECTION('',(0.E+000,0.E+000,1.));
#587 = ORIENTED_EDGE('',*,*,#588,.T.);
#588 = EDGE_CURVE('',#581,#450,#589,.T.);
#589 = LINE('',#590,#591);
#590 = CARTESIAN_POINT('',(4.75,2.725,1.85));
#591 = VECTOR('',#592,1.);
#592 = DIRECTION('',(-2.22044604925E-016,-1.,0.E+000));
#593 = ORIENTED_EDGE('',*,*,#449,.F.);
#594 = ORIENTED_EDGE('',*,*,#595,.F.);
#595 = EDGE_CURVE('',#596,#442,#598,.T.);
#596 = VERTEX_POINT('',#597);
#597 = CARTESIAN_POINT('',(4.75,-1.225,0.E+000));
#598 = LINE('',#599,#600);
#599 = CARTESIAN_POINT('',(4.75,2.725,0.E+000));
#600 = VECTOR('',#601,1.);
#601 = DIRECTION('',(-2.22044604925E-016,-1.,0.E+000));
#602 = ORIENTED_EDGE('',*,*,#603,.F.);
#603 = EDGE_CURVE('',#604,#596,#606,.T.);
#604 = VERTEX_POINT('',#605);
#605 = CARTESIAN_POINT('',(4.75,-0.625,0.E+000));
#606 = LINE('',#607,#608);
#607 = CARTESIAN_POINT('',(4.75,2.725,0.E+000));
#608 = VECTOR('',#609,1.);
#609 = DIRECTION('',(-2.22044604925E-016,-1.,0.E+000));
#610 = ORIENTED_EDGE('',*,*,#611,.F.);
#611 = EDGE_CURVE('',#612,#604,#614,.T.);
#612 = VERTEX_POINT('',#613);
#613 = CARTESIAN_POINT('',(4.75,0.525,0.E+000));
#614 = LINE('',#615,#616);
#615 = CARTESIAN_POINT('',(4.75,2.725,0.E+000));
#616 = VECTOR('',#617,1.);
#617 = DIRECTION('',(-2.22044604925E-016,-1.,0.E+000));
#618 = ORIENTED_EDGE('',*,*,#619,.F.);
#619 = EDGE_CURVE('',#573,#612,#620,.T.);
#620 = LINE('',#621,#622);
#621 = CARTESIAN_POINT('',(4.75,2.725,0.E+000));
#622 = VECTOR('',#623,1.);
#623 = DIRECTION('',(-2.22044604925E-016,-1.,0.E+000));
#624 = PLANE('',#625);
#625 = AXIS2_PLACEMENT_3D('',#626,#627,#628);
#626 = CARTESIAN_POINT('',(4.75,2.725,0.E+000));
#627 = DIRECTION('',(1.,-2.22044604925E-016,0.E+000));
#628 = DIRECTION('',(0.E+000,0.E+000,1.));
#629 = ADVANCED_FACE('',(#630),#957,.F.);
#630 = FACE_BOUND('',#631,.F.);
#631 = EDGE_LOOP('',(#632,#640,#641,#649,#657,#663,#664,#672,#680,#686,
    #687,#688,#689,#697,#705,#711,#712,#720,#728,#734,#735,#743,#751,
    #759,#767,#775,#783,#791,#799,#807,#815,#823,#831,#839,#847,#855,
    #863,#871,#879,#887,#895,#903,#911,#919,#927,#935,#943,#951));
#632 = ORIENTED_EDGE('',*,*,#633,.F.);
#633 = EDGE_CURVE('',#491,#634,#636,.T.);
#634 = VERTEX_POINT('',#635);
#635 = CARTESIAN_POINT('',(-3.775,2.725,0.E+000));
#636 = LINE('',#637,#638);
#637 = CARTESIAN_POINT('',(-4.7,2.725,0.E+000));
#638 = VECTOR('',#639,1.);
#639 = DIRECTION('',(1.,-2.22044604925E-016,0.E+000));
#640 = ORIENTED_EDGE('',*,*,#490,.T.);
#641 = ORIENTED_EDGE('',*,*,#642,.T.);
#642 = EDGE_CURVE('',#493,#643,#645,.T.);
#643 = VERTEX_POINT('',#644);
#644 = CARTESIAN_POINT('',(-4.1,1.125,0.E+000));
#645 = LINE('',#646,#647);
#646 = CARTESIAN_POINT('',(-4.7,1.125,0.E+000));
#647 = VECTOR('',#648,1.);
#648 = DIRECTION('',(1.,-2.22044604925E-016,0.E+000));
#649 = ORIENTED_EDGE('',*,*,#650,.T.);
#650 = EDGE_CURVE('',#643,#651,#653,.T.);
#651 = VERTEX_POINT('',#652);
#652 = CARTESIAN_POINT('',(-4.1,0.525,0.E+000));
#653 = LINE('',#654,#655);
#654 = CARTESIAN_POINT('',(-4.1,1.125,0.E+000));
#655 = VECTOR('',#656,1.);
#656 = DIRECTION('',(-2.22044604925E-016,-1.,0.E+000));
#657 = ORIENTED_EDGE('',*,*,#658,.F.);
#658 = EDGE_CURVE('',#532,#651,#659,.T.);
#659 = LINE('',#660,#661);
#660 = CARTESIAN_POINT('',(-4.7,0.525,0.E+000));
#661 = VECTOR('',#662,1.);
#662 = DIRECTION('',(1.,-2.22044604925E-016,0.E+000));
#663 = ORIENTED_EDGE('',*,*,#531,.T.);
#664 = ORIENTED_EDGE('',*,*,#665,.T.);
#665 = EDGE_CURVE('',#524,#666,#668,.T.);
#666 = VERTEX_POINT('',#667);
#667 = CARTESIAN_POINT('',(-4.1,-0.625,0.E+000));
#668 = LINE('',#669,#670);
#669 = CARTESIAN_POINT('',(-4.7,-0.625,0.E+000));
#670 = VECTOR('',#671,1.);
#671 = DIRECTION('',(1.,-2.22044604925E-016,0.E+000));
#672 = ORIENTED_EDGE('',*,*,#673,.T.);
#673 = EDGE_CURVE('',#666,#674,#676,.T.);
#674 = VERTEX_POINT('',#675);
#675 = CARTESIAN_POINT('',(-4.1,-1.225,0.E+000));
#676 = LINE('',#677,#678);
#677 = CARTESIAN_POINT('',(-4.1,-0.625,0.E+000));
#678 = VECTOR('',#679,1.);
#679 = DIRECTION('',(-2.22044604925E-016,-1.,0.E+000));
#680 = ORIENTED_EDGE('',*,*,#681,.F.);
#681 = EDGE_CURVE('',#516,#674,#682,.T.);
#682 = LINE('',#683,#684);
#683 = CARTESIAN_POINT('',(-4.7,-1.225,0.E+000));
#684 = VECTOR('',#685,1.);
#685 = DIRECTION('',(1.,-2.22044604925E-016,0.E+000));
#686 = ORIENTED_EDGE('',*,*,#515,.T.);
#687 = ORIENTED_EDGE('',*,*,#476,.T.);
#688 = ORIENTED_EDGE('',*,*,#595,.F.);
#689 = ORIENTED_EDGE('',*,*,#690,.F.);
#690 = EDGE_CURVE('',#691,#596,#693,.T.);
#691 = VERTEX_POINT('',#692);
#692 = CARTESIAN_POINT('',(4.15,-1.225,0.E+000));
#693 = LINE('',#694,#695);
#694 = CARTESIAN_POINT('',(4.15,-1.225,0.E+000));
#695 = VECTOR('',#696,1.);
#696 = DIRECTION('',(1.,-2.22044604925E-016,0.E+000));
#697 = ORIENTED_EDGE('',*,*,#698,.F.);
#698 = EDGE_CURVE('',#699,#691,#701,.T.);
#699 = VERTEX_POINT('',#700);
#700 = CARTESIAN_POINT('',(4.15,-0.625,0.E+000));
#701 = LINE('',#702,#703);
#702 = CARTESIAN_POINT('',(4.15,-0.625,0.E+000));
#703 = VECTOR('',#704,1.);
#704 = DIRECTION('',(-2.22044604925E-016,-1.,0.E+000));
#705 = ORIENTED_EDGE('',*,*,#706,.T.);
#706 = EDGE_CURVE('',#699,#604,#707,.T.);
#707 = LINE('',#708,#709);
#708 = CARTESIAN_POINT('',(4.15,-0.625,0.E+000));
#709 = VECTOR('',#710,1.);
#710 = DIRECTION('',(1.,-2.22044604925E-016,0.E+000));
#711 = ORIENTED_EDGE('',*,*,#611,.F.);
#712 = ORIENTED_EDGE('',*,*,#713,.F.);
#713 = EDGE_CURVE('',#714,#612,#716,.T.);
#714 = VERTEX_POINT('',#715);
#715 = CARTESIAN_POINT('',(4.15,0.525,0.E+000));
#716 = LINE('',#717,#718);
#717 = CARTESIAN_POINT('',(4.15,0.525,0.E+000));
#718 = VECTOR('',#719,1.);
#719 = DIRECTION('',(1.,-2.22044604925E-016,0.E+000));
#720 = ORIENTED_EDGE('',*,*,#721,.F.);
#721 = EDGE_CURVE('',#722,#714,#724,.T.);
#722 = VERTEX_POINT('',#723);
#723 = CARTESIAN_POINT('',(4.15,1.125,0.E+000));
#724 = LINE('',#725,#726);
#725 = CARTESIAN_POINT('',(4.15,1.125,0.E+000));
#726 = VECTOR('',#727,1.);
#727 = DIRECTION('',(-2.22044604925E-016,-1.,0.E+000));
#728 = ORIENTED_EDGE('',*,*,#729,.T.);
#729 = EDGE_CURVE('',#722,#573,#730,.T.);
#730 = LINE('',#731,#732);
#731 = CARTESIAN_POINT('',(4.15,1.125,0.E+000));
#732 = VECTOR('',#733,1.);
#733 = DIRECTION('',(1.,-2.22044604925E-016,0.E+000));
#734 = ORIENTED_EDGE('',*,*,#570,.F.);
#735 = ORIENTED_EDGE('',*,*,#736,.F.);
#736 = EDGE_CURVE('',#737,#571,#739,.T.);
#737 = VERTEX_POINT('',#738);
#738 = CARTESIAN_POINT('',(3.825,2.725,0.E+000));
#739 = LINE('',#740,#741);
#740 = CARTESIAN_POINT('',(-4.7,2.725,0.E+000));
#741 = VECTOR('',#742,1.);
#742 = DIRECTION('',(1.,-2.22044604925E-016,0.E+000));
#743 = ORIENTED_EDGE('',*,*,#744,.T.);
#744 = EDGE_CURVE('',#737,#745,#747,.T.);
#745 = VERTEX_POINT('',#746);
#746 = CARTESIAN_POINT('',(3.825,2.375,0.E+000));
#747 = LINE('',#748,#749);
#748 = CARTESIAN_POINT('',(3.825,2.775,0.E+000));
#749 = VECTOR('',#750,1.);
#750 = DIRECTION('',(-2.22044604925E-016,-1.,0.E+000));
#751 = ORIENTED_EDGE('',*,*,#752,.F.);
#752 = EDGE_CURVE('',#753,#745,#755,.T.);
#753 = VERTEX_POINT('',#754);
#754 = CARTESIAN_POINT('',(3.425,2.375,0.E+000));
#755 = LINE('',#756,#757);
#756 = CARTESIAN_POINT('',(3.425,2.375,0.E+000));
#757 = VECTOR('',#758,1.);
#758 = DIRECTION('',(1.,-2.22044604925E-016,0.E+000));
#759 = ORIENTED_EDGE('',*,*,#760,.F.);
#760 = EDGE_CURVE('',#761,#753,#763,.T.);
#761 = VERTEX_POINT('',#762);
#762 = CARTESIAN_POINT('',(3.425,2.725,0.E+000));
#763 = LINE('',#764,#765);
#764 = CARTESIAN_POINT('',(3.425,2.775,0.E+000));
#765 = VECTOR('',#766,1.);
#766 = DIRECTION('',(-2.22044604925E-016,-1.,0.E+000));
#767 = ORIENTED_EDGE('',*,*,#768,.F.);
#768 = EDGE_CURVE('',#769,#761,#771,.T.);
#769 = VERTEX_POINT('',#770);
#770 = CARTESIAN_POINT('',(1.6,2.725,0.E+000));
#771 = LINE('',#772,#773);
#772 = CARTESIAN_POINT('',(-4.7,2.725,0.E+000));
#773 = VECTOR('',#774,1.);
#774 = DIRECTION('',(1.,-2.22044604925E-016,0.E+000));
#775 = ORIENTED_EDGE('',*,*,#776,.F.);
#776 = EDGE_CURVE('',#777,#769,#779,.T.);
#777 = VERTEX_POINT('',#778);
#778 = CARTESIAN_POINT('',(1.6,1.525,0.E+000));
#779 = LINE('',#780,#781);
#780 = CARTESIAN_POINT('',(1.6,2.725,0.E+000));
#781 = VECTOR('',#782,1.);
#782 = DIRECTION('',(2.22044604925E-016,1.,0.E+000));
#783 = ORIENTED_EDGE('',*,*,#784,.F.);
#784 = EDGE_CURVE('',#785,#777,#787,.T.);
#785 = VERTEX_POINT('',#786);
#786 = CARTESIAN_POINT('',(1.05,1.525,0.E+000));
#787 = LINE('',#788,#789);
#788 = CARTESIAN_POINT('',(-1.825,1.525,0.E+000));
#789 = VECTOR('',#790,1.);
#790 = DIRECTION('',(1.,-2.22044604925E-016,0.E+000));
#791 = ORIENTED_EDGE('',*,*,#792,.T.);
#792 = EDGE_CURVE('',#785,#793,#795,.T.);
#793 = VERTEX_POINT('',#794);
#794 = CARTESIAN_POINT('',(1.05,2.725,0.E+000));
#795 = LINE('',#796,#797);
#796 = CARTESIAN_POINT('',(1.05,2.725,0.E+000));
#797 = VECTOR('',#798,1.);
#798 = DIRECTION('',(2.22044604925E-016,1.,0.E+000));
#799 = ORIENTED_EDGE('',*,*,#800,.F.);
#800 = EDGE_CURVE('',#801,#793,#803,.T.);
#801 = VERTEX_POINT('',#802);
#802 = CARTESIAN_POINT('',(0.865,2.725,0.E+000));
#803 = LINE('',#804,#805);
#804 = CARTESIAN_POINT('',(-4.7,2.725,0.E+000));
#805 = VECTOR('',#806,1.);
#806 = DIRECTION('',(1.,-2.22044604925E-016,0.E+000));
#807 = ORIENTED_EDGE('',*,*,#808,.F.);
#808 = EDGE_CURVE('',#809,#801,#811,.T.);
#809 = VERTEX_POINT('',#810);
#810 = CARTESIAN_POINT('',(0.865,1.525,0.E+000));
#811 = LINE('',#812,#813);
#812 = CARTESIAN_POINT('',(0.865,2.725,0.E+000));
#813 = VECTOR('',#814,1.);
#814 = DIRECTION('',(2.22044604925E-016,1.,0.E+000));
#815 = ORIENTED_EDGE('',*,*,#816,.F.);
#816 = EDGE_CURVE('',#817,#809,#819,.T.);
#817 = VERTEX_POINT('',#818);
#818 = CARTESIAN_POINT('',(0.485,1.525,0.E+000));
#819 = LINE('',#820,#821);
#820 = CARTESIAN_POINT('',(-2.1075,1.525,0.E+000));
#821 = VECTOR('',#822,1.);
#822 = DIRECTION('',(1.,-2.22044604925E-016,0.E+000));
#823 = ORIENTED_EDGE('',*,*,#824,.T.);
#824 = EDGE_CURVE('',#817,#825,#827,.T.);
#825 = VERTEX_POINT('',#826);
#826 = CARTESIAN_POINT('',(0.485,2.725,0.E+000));
#827 = LINE('',#828,#829);
#828 = CARTESIAN_POINT('',(0.485,2.725,0.E+000));
#829 = VECTOR('',#830,1.);
#830 = DIRECTION('',(2.22044604925E-016,1.,0.E+000));
#831 = ORIENTED_EDGE('',*,*,#832,.F.);
#832 = EDGE_CURVE('',#833,#825,#835,.T.);
#833 = VERTEX_POINT('',#834);
#834 = CARTESIAN_POINT('',(0.215,2.725,0.E+000));
#835 = LINE('',#836,#837);
#836 = CARTESIAN_POINT('',(-4.7,2.725,0.E+000));
#837 = VECTOR('',#838,1.);
#838 = DIRECTION('',(1.,-2.22044604925E-016,0.E+000));
#839 = ORIENTED_EDGE('',*,*,#840,.F.);
#840 = EDGE_CURVE('',#841,#833,#843,.T.);
#841 = VERTEX_POINT('',#842);
#842 = CARTESIAN_POINT('',(0.215,1.525,0.E+000));
#843 = LINE('',#844,#845);
#844 = CARTESIAN_POINT('',(0.215,2.725,0.E+000));
#845 = VECTOR('',#846,1.);
#846 = DIRECTION('',(2.22044604925E-016,1.,0.E+000));
#847 = ORIENTED_EDGE('',*,*,#848,.F.);
#848 = EDGE_CURVE('',#849,#841,#851,.T.);
#849 = VERTEX_POINT('',#850);
#850 = CARTESIAN_POINT('',(-0.165,1.525,0.E+000));
#851 = LINE('',#852,#853);
#852 = CARTESIAN_POINT('',(-2.4325,1.525,0.E+000));
#853 = VECTOR('',#854,1.);
#854 = DIRECTION('',(1.,-2.22044604925E-016,0.E+000));
#855 = ORIENTED_EDGE('',*,*,#856,.T.);
#856 = EDGE_CURVE('',#849,#857,#859,.T.);
#857 = VERTEX_POINT('',#858);
#858 = CARTESIAN_POINT('',(-0.165,2.725,0.E+000));
#859 = LINE('',#860,#861);
#860 = CARTESIAN_POINT('',(-0.165,2.725,0.E+000));
#861 = VECTOR('',#862,1.);
#862 = DIRECTION('',(2.22044604925E-016,1.,0.E+000));
#863 = ORIENTED_EDGE('',*,*,#864,.F.);
#864 = EDGE_CURVE('',#865,#857,#867,.T.);
#865 = VERTEX_POINT('',#866);
#866 = CARTESIAN_POINT('',(-0.435,2.725,0.E+000));
#867 = LINE('',#868,#869);
#868 = CARTESIAN_POINT('',(-4.7,2.725,0.E+000));
#869 = VECTOR('',#870,1.);
#870 = DIRECTION('',(1.,-2.22044604925E-016,0.E+000));
#871 = ORIENTED_EDGE('',*,*,#872,.F.);
#872 = EDGE_CURVE('',#873,#865,#875,.T.);
#873 = VERTEX_POINT('',#874);
#874 = CARTESIAN_POINT('',(-0.435,1.525,0.E+000));
#875 = LINE('',#876,#877);
#876 = CARTESIAN_POINT('',(-0.435,2.725,0.E+000));
#877 = VECTOR('',#878,1.);
#878 = DIRECTION('',(2.22044604925E-016,1.,0.E+000));
#879 = ORIENTED_EDGE('',*,*,#880,.F.);
#880 = EDGE_CURVE('',#881,#873,#883,.T.);
#881 = VERTEX_POINT('',#882);
#882 = CARTESIAN_POINT('',(-0.815,1.525,0.E+000));
#883 = LINE('',#884,#885);
#884 = CARTESIAN_POINT('',(-2.7575,1.525,0.E+000));
#885 = VECTOR('',#886,1.);
#886 = DIRECTION('',(1.,-2.22044604925E-016,0.E+000));
#887 = ORIENTED_EDGE('',*,*,#888,.T.);
#888 = EDGE_CURVE('',#881,#889,#891,.T.);
#889 = VERTEX_POINT('',#890);
#890 = CARTESIAN_POINT('',(-0.815,2.725,0.E+000));
#891 = LINE('',#892,#893);
#892 = CARTESIAN_POINT('',(-0.815,2.725,0.E+000));
#893 = VECTOR('',#894,1.);
#894 = DIRECTION('',(2.22044604925E-016,1.,0.E+000));
#895 = ORIENTED_EDGE('',*,*,#896,.F.);
#896 = EDGE_CURVE('',#897,#889,#899,.T.);
#897 = VERTEX_POINT('',#898);
#898 = CARTESIAN_POINT('',(-1.,2.725,0.E+000));
#899 = LINE('',#900,#901);
#900 = CARTESIAN_POINT('',(-4.7,2.725,0.E+000));
#901 = VECTOR('',#902,1.);
#902 = DIRECTION('',(1.,-2.22044604925E-016,0.E+000));
#903 = ORIENTED_EDGE('',*,*,#904,.F.);
#904 = EDGE_CURVE('',#905,#897,#907,.T.);
#905 = VERTEX_POINT('',#906);
#906 = CARTESIAN_POINT('',(-1.,1.525,0.E+000));
#907 = LINE('',#908,#909);
#908 = CARTESIAN_POINT('',(-1.,2.725,0.E+000));
#909 = VECTOR('',#910,1.);
#910 = DIRECTION('',(2.22044604925E-016,1.,0.E+000));
#911 = ORIENTED_EDGE('',*,*,#912,.F.);
#912 = EDGE_CURVE('',#913,#905,#915,.T.);
#913 = VERTEX_POINT('',#914);
#914 = CARTESIAN_POINT('',(-1.55,1.525,0.E+000));
#915 = LINE('',#916,#917);
#916 = CARTESIAN_POINT('',(-3.125,1.525,0.E+000));
#917 = VECTOR('',#918,1.);
#918 = DIRECTION('',(1.,-2.22044604925E-016,0.E+000));
#919 = ORIENTED_EDGE('',*,*,#920,.T.);
#920 = EDGE_CURVE('',#913,#921,#923,.T.);
#921 = VERTEX_POINT('',#922);
#922 = CARTESIAN_POINT('',(-1.55,2.725,0.E+000));
#923 = LINE('',#924,#925);
#924 = CARTESIAN_POINT('',(-1.55,2.725,0.E+000));
#925 = VECTOR('',#926,1.);
#926 = DIRECTION('',(2.22044604925E-016,1.,0.E+000));
#927 = ORIENTED_EDGE('',*,*,#928,.F.);
#928 = EDGE_CURVE('',#929,#921,#931,.T.);
#929 = VERTEX_POINT('',#930);
#930 = CARTESIAN_POINT('',(-3.375,2.725,0.E+000));
#931 = LINE('',#932,#933);
#932 = CARTESIAN_POINT('',(-4.7,2.725,0.E+000));
#933 = VECTOR('',#934,1.);
#934 = DIRECTION('',(1.,-2.22044604925E-016,0.E+000));
#935 = ORIENTED_EDGE('',*,*,#936,.T.);
#936 = EDGE_CURVE('',#929,#937,#939,.T.);
#937 = VERTEX_POINT('',#938);
#938 = CARTESIAN_POINT('',(-3.375,2.375,0.E+000));
#939 = LINE('',#940,#941);
#940 = CARTESIAN_POINT('',(-3.375,2.775,0.E+000));
#941 = VECTOR('',#942,1.);
#942 = DIRECTION('',(-2.22044604925E-016,-1.,0.E+000));
#943 = ORIENTED_EDGE('',*,*,#944,.F.);
#944 = EDGE_CURVE('',#945,#937,#947,.T.);
#945 = VERTEX_POINT('',#946);
#946 = CARTESIAN_POINT('',(-3.775,2.375,0.E+000));
#947 = LINE('',#948,#949);
#948 = CARTESIAN_POINT('',(-3.775,2.375,0.E+000));
#949 = VECTOR('',#950,1.);
#950 = DIRECTION('',(1.,-2.22044604925E-016,0.E+000));
#951 = ORIENTED_EDGE('',*,*,#952,.F.);
#952 = EDGE_CURVE('',#634,#945,#953,.T.);
#953 = LINE('',#954,#955);
#954 = CARTESIAN_POINT('',(-3.775,2.775,0.E+000));
#955 = VECTOR('',#956,1.);
#956 = DIRECTION('',(-2.22044604925E-016,-1.,0.E+000));
#957 = PLANE('',#958);
#958 = AXIS2_PLACEMENT_3D('',#959,#960,#961);
#959 = CARTESIAN_POINT('',(-4.7,2.725,0.E+000));
#960 = DIRECTION('',(0.E+000,0.E+000,1.));
#961 = DIRECTION('',(-2.22044604925E-016,-1.,0.E+000));
#962 = ADVANCED_FACE('',(#963),#1103,.F.);
#963 = FACE_BOUND('',#964,.F.);
#964 = EDGE_LOOP('',(#965,#971,#972,#973,#979,#980,#988,#996,#1002,#1003
    ,#1011,#1019,#1025,#1026,#1034,#1042,#1048,#1049,#1057,#1065,#1071,
    #1072,#1080,#1088,#1094,#1095,#1101,#1102));
#965 = ORIENTED_EDGE('',*,*,#966,.F.);
#966 = EDGE_CURVE('',#501,#581,#967,.T.);
#967 = LINE('',#968,#969);
#968 = CARTESIAN_POINT('',(-4.7,2.725,1.85));
#969 = VECTOR('',#970,1.);
#970 = DIRECTION('',(1.,-2.22044604925E-016,0.E+000));
#971 = ORIENTED_EDGE('',*,*,#500,.F.);
#972 = ORIENTED_EDGE('',*,*,#633,.T.);
#973 = ORIENTED_EDGE('',*,*,#974,.T.);
#974 = EDGE_CURVE('',#634,#929,#975,.T.);
#975 = LINE('',#976,#977);
#976 = CARTESIAN_POINT('',(-4.7,2.725,0.E+000));
#977 = VECTOR('',#978,1.);
#978 = DIRECTION('',(1.,-2.22044604925E-016,0.E+000));
#979 = ORIENTED_EDGE('',*,*,#928,.T.);
#980 = ORIENTED_EDGE('',*,*,#981,.T.);
#981 = EDGE_CURVE('',#921,#982,#984,.T.);
#982 = VERTEX_POINT('',#983);
#983 = CARTESIAN_POINT('',(-1.55,2.725,5.E-002));
#984 = LINE('',#985,#986);
#985 = CARTESIAN_POINT('',(-1.55,2.725,-5.E-002));
#986 = VECTOR('',#987,1.);
#987 = DIRECTION('',(0.E+000,0.E+000,1.));
#988 = ORIENTED_EDGE('',*,*,#989,.T.);
#989 = EDGE_CURVE('',#982,#990,#992,.T.);
#990 = VERTEX_POINT('',#991);
#991 = CARTESIAN_POINT('',(-1.,2.725,5.E-002));
#992 = LINE('',#993,#994);
#993 = CARTESIAN_POINT('',(-1.55,2.725,5.E-002));
#994 = VECTOR('',#995,1.);
#995 = DIRECTION('',(1.,-2.22044604925E-016,0.E+000));
#996 = ORIENTED_EDGE('',*,*,#997,.F.);
#997 = EDGE_CURVE('',#897,#990,#998,.T.);
#998 = LINE('',#999,#1000);
#999 = CARTESIAN_POINT('',(-1.,2.725,-5.E-002));
#1000 = VECTOR('',#1001,1.);
#1001 = DIRECTION('',(0.E+000,0.E+000,1.));
#1002 = ORIENTED_EDGE('',*,*,#896,.T.);
#1003 = ORIENTED_EDGE('',*,*,#1004,.T.);
#1004 = EDGE_CURVE('',#889,#1005,#1007,.T.);
#1005 = VERTEX_POINT('',#1006);
#1006 = CARTESIAN_POINT('',(-0.815,2.725,5.E-002));
#1007 = LINE('',#1008,#1009);
#1008 = CARTESIAN_POINT('',(-0.815,2.725,-5.E-002));
#1009 = VECTOR('',#1010,1.);
#1010 = DIRECTION('',(0.E+000,0.E+000,1.));
#1011 = ORIENTED_EDGE('',*,*,#1012,.T.);
#1012 = EDGE_CURVE('',#1005,#1013,#1015,.T.);
#1013 = VERTEX_POINT('',#1014);
#1014 = CARTESIAN_POINT('',(-0.435,2.725,5.E-002));
#1015 = LINE('',#1016,#1017);
#1016 = CARTESIAN_POINT('',(-0.815,2.725,5.E-002));
#1017 = VECTOR('',#1018,1.);
#1018 = DIRECTION('',(1.,-2.22044604925E-016,0.E+000));
#1019 = ORIENTED_EDGE('',*,*,#1020,.F.);
#1020 = EDGE_CURVE('',#865,#1013,#1021,.T.);
#1021 = LINE('',#1022,#1023);
#1022 = CARTESIAN_POINT('',(-0.435,2.725,-5.E-002));
#1023 = VECTOR('',#1024,1.);
#1024 = DIRECTION('',(0.E+000,0.E+000,1.));
#1025 = ORIENTED_EDGE('',*,*,#864,.T.);
#1026 = ORIENTED_EDGE('',*,*,#1027,.T.);
#1027 = EDGE_CURVE('',#857,#1028,#1030,.T.);
#1028 = VERTEX_POINT('',#1029);
#1029 = CARTESIAN_POINT('',(-0.165,2.725,5.E-002));
#1030 = LINE('',#1031,#1032);
#1031 = CARTESIAN_POINT('',(-0.165,2.725,-5.E-002));
#1032 = VECTOR('',#1033,1.);
#1033 = DIRECTION('',(0.E+000,0.E+000,1.));
#1034 = ORIENTED_EDGE('',*,*,#1035,.T.);
#1035 = EDGE_CURVE('',#1028,#1036,#1038,.T.);
#1036 = VERTEX_POINT('',#1037);
#1037 = CARTESIAN_POINT('',(0.215,2.725,5.E-002));
#1038 = LINE('',#1039,#1040);
#1039 = CARTESIAN_POINT('',(-0.165,2.725,5.E-002));
#1040 = VECTOR('',#1041,1.);
#1041 = DIRECTION('',(1.,-2.22044604925E-016,0.E+000));
#1042 = ORIENTED_EDGE('',*,*,#1043,.F.);
#1043 = EDGE_CURVE('',#833,#1036,#1044,.T.);
#1044 = LINE('',#1045,#1046);
#1045 = CARTESIAN_POINT('',(0.215,2.725,-5.E-002));
#1046 = VECTOR('',#1047,1.);
#1047 = DIRECTION('',(0.E+000,0.E+000,1.));
#1048 = ORIENTED_EDGE('',*,*,#832,.T.);
#1049 = ORIENTED_EDGE('',*,*,#1050,.T.);
#1050 = EDGE_CURVE('',#825,#1051,#1053,.T.);
#1051 = VERTEX_POINT('',#1052);
#1052 = CARTESIAN_POINT('',(0.485,2.725,5.E-002));
#1053 = LINE('',#1054,#1055);
#1054 = CARTESIAN_POINT('',(0.485,2.725,-5.E-002));
#1055 = VECTOR('',#1056,1.);
#1056 = DIRECTION('',(0.E+000,0.E+000,1.));
#1057 = ORIENTED_EDGE('',*,*,#1058,.T.);
#1058 = EDGE_CURVE('',#1051,#1059,#1061,.T.);
#1059 = VERTEX_POINT('',#1060);
#1060 = CARTESIAN_POINT('',(0.865,2.725,5.E-002));
#1061 = LINE('',#1062,#1063);
#1062 = CARTESIAN_POINT('',(0.485,2.725,5.E-002));
#1063 = VECTOR('',#1064,1.);
#1064 = DIRECTION('',(1.,-2.22044604925E-016,0.E+000));
#1065 = ORIENTED_EDGE('',*,*,#1066,.F.);
#1066 = EDGE_CURVE('',#801,#1059,#1067,.T.);
#1067 = LINE('',#1068,#1069);
#1068 = CARTESIAN_POINT('',(0.865,2.725,-5.E-002));
#1069 = VECTOR('',#1070,1.);
#1070 = DIRECTION('',(0.E+000,0.E+000,1.));
#1071 = ORIENTED_EDGE('',*,*,#800,.T.);
#1072 = ORIENTED_EDGE('',*,*,#1073,.T.);
#1073 = EDGE_CURVE('',#793,#1074,#1076,.T.);
#1074 = VERTEX_POINT('',#1075);
#1075 = CARTESIAN_POINT('',(1.05,2.725,5.E-002));
#1076 = LINE('',#1077,#1078);
#1077 = CARTESIAN_POINT('',(1.05,2.725,-5.E-002));
#1078 = VECTOR('',#1079,1.);
#1079 = DIRECTION('',(0.E+000,0.E+000,1.));
#1080 = ORIENTED_EDGE('',*,*,#1081,.T.);
#1081 = EDGE_CURVE('',#1074,#1082,#1084,.T.);
#1082 = VERTEX_POINT('',#1083);
#1083 = CARTESIAN_POINT('',(1.6,2.725,5.E-002));
#1084 = LINE('',#1085,#1086);
#1085 = CARTESIAN_POINT('',(1.05,2.725,5.E-002));
#1086 = VECTOR('',#1087,1.);
#1087 = DIRECTION('',(1.,-2.22044604925E-016,0.E+000));
#1088 = ORIENTED_EDGE('',*,*,#1089,.F.);
#1089 = EDGE_CURVE('',#769,#1082,#1090,.T.);
#1090 = LINE('',#1091,#1092);
#1091 = CARTESIAN_POINT('',(1.6,2.725,-5.E-002));
#1092 = VECTOR('',#1093,1.);
#1093 = DIRECTION('',(0.E+000,0.E+000,1.));
#1094 = ORIENTED_EDGE('',*,*,#768,.T.);
#1095 = ORIENTED_EDGE('',*,*,#1096,.T.);
#1096 = EDGE_CURVE('',#761,#737,#1097,.T.);
#1097 = LINE('',#1098,#1099);
#1098 = CARTESIAN_POINT('',(-4.7,2.725,0.E+000));
#1099 = VECTOR('',#1100,1.);
#1100 = DIRECTION('',(1.,-2.22044604925E-016,0.E+000));
#1101 = ORIENTED_EDGE('',*,*,#736,.T.);
#1102 = ORIENTED_EDGE('',*,*,#580,.T.);
#1103 = PLANE('',#1104);
#1104 = AXIS2_PLACEMENT_3D('',#1105,#1106,#1107);
#1105 = CARTESIAN_POINT('',(-4.7,2.725,0.E+000));
#1106 = DIRECTION('',(-2.22044604925E-016,-1.,0.E+000));
#1107 = DIRECTION('',(0.E+000,0.E+000,1.));
#1108 = ADVANCED_FACE('',(#1109),#1134,.F.);
#1109 = FACE_BOUND('',#1110,.F.);
#1110 = EDGE_LOOP('',(#1111,#1121,#1127,#1128));
#1111 = ORIENTED_EDGE('',*,*,#1112,.F.);
#1112 = EDGE_CURVE('',#1113,#1115,#1117,.T.);
#1113 = VERTEX_POINT('',#1114);
#1114 = CARTESIAN_POINT('',(-4.7,1.125,-0.45));
#1115 = VERTEX_POINT('',#1116);
#1116 = CARTESIAN_POINT('',(-4.7,0.525,-0.45));
#1117 = LINE('',#1118,#1119);
#1118 = CARTESIAN_POINT('',(-4.7,1.125,-0.45));
#1119 = VECTOR('',#1120,1.);
#1120 = DIRECTION('',(-2.22044604925E-016,-1.,0.E+000));
#1121 = ORIENTED_EDGE('',*,*,#1122,.T.);
#1122 = EDGE_CURVE('',#1113,#493,#1123,.T.);
#1123 = LINE('',#1124,#1125);
#1124 = CARTESIAN_POINT('',(-4.7,1.125,-0.45));
#1125 = VECTOR('',#1126,1.);
#1126 = DIRECTION('',(0.E+000,0.E+000,1.));
#1127 = ORIENTED_EDGE('',*,*,#539,.T.);
#1128 = ORIENTED_EDGE('',*,*,#1129,.F.);
#1129 = EDGE_CURVE('',#1115,#532,#1130,.T.);
#1130 = LINE('',#1131,#1132);
#1131 = CARTESIAN_POINT('',(-4.7,0.525,-0.45));
#1132 = VECTOR('',#1133,1.);
#1133 = DIRECTION('',(0.E+000,0.E+000,1.));
#1134 = PLANE('',#1135);
#1135 = AXIS2_PLACEMENT_3D('',#1136,#1137,#1138);
#1136 = CARTESIAN_POINT('',(-4.7,1.125,-0.45));
#1137 = DIRECTION('',(1.,-2.22044604925E-016,0.E+000));
#1138 = DIRECTION('',(0.E+000,0.E+000,1.));
#1139 = ADVANCED_FACE('',(#1140),#1146,.T.);
#1140 = FACE_BOUND('',#1141,.T.);
#1141 = EDGE_LOOP('',(#1142,#1143,#1144,#1145));
#1142 = ORIENTED_EDGE('',*,*,#966,.F.);
#1143 = ORIENTED_EDGE('',*,*,#508,.T.);
#1144 = ORIENTED_EDGE('',*,*,#554,.T.);
#1145 = ORIENTED_EDGE('',*,*,#588,.F.);
#1146 = PLANE('',#1147);
#1147 = AXIS2_PLACEMENT_3D('',#1148,#1149,#1150);
#1148 = CARTESIAN_POINT('',(-4.7,2.725,1.85));
#1149 = DIRECTION('',(0.E+000,0.E+000,1.));
#1150 = DIRECTION('',(-2.22044604925E-016,-1.,0.E+000));
#1151 = ADVANCED_FACE('',(#1152),#1177,.F.);
#1152 = FACE_BOUND('',#1153,.F.);
#1153 = EDGE_LOOP('',(#1154,#1164,#1170,#1171));
#1154 = ORIENTED_EDGE('',*,*,#1155,.F.);
#1155 = EDGE_CURVE('',#1156,#1158,#1160,.T.);
#1156 = VERTEX_POINT('',#1157);
#1157 = CARTESIAN_POINT('',(-4.7,-0.625,-0.45));
#1158 = VERTEX_POINT('',#1159);
#1159 = CARTESIAN_POINT('',(-4.7,-1.225,-0.45));
#1160 = LINE('',#1161,#1162);
#1161 = CARTESIAN_POINT('',(-4.7,-0.625,-0.45));
#1162 = VECTOR('',#1163,1.);
#1163 = DIRECTION('',(-2.22044604925E-016,-1.,0.E+000));
#1164 = ORIENTED_EDGE('',*,*,#1165,.T.);
#1165 = EDGE_CURVE('',#1156,#524,#1166,.T.);
#1166 = LINE('',#1167,#1168);
#1167 = CARTESIAN_POINT('',(-4.7,-0.625,-0.45));
#1168 = VECTOR('',#1169,1.);
#1169 = DIRECTION('',(0.E+000,0.E+000,1.));
#1170 = ORIENTED_EDGE('',*,*,#523,.T.);
#1171 = ORIENTED_EDGE('',*,*,#1172,.F.);
#1172 = EDGE_CURVE('',#1158,#516,#1173,.T.);
#1173 = LINE('',#1174,#1175);
#1174 = CARTESIAN_POINT('',(-4.7,-1.225,-0.45));
#1175 = VECTOR('',#1176,1.);
#1176 = DIRECTION('',(0.E+000,0.E+000,1.));
#1177 = PLANE('',#1178);
#1178 = AXIS2_PLACEMENT_3D('',#1179,#1180,#1181);
#1179 = CARTESIAN_POINT('',(-4.7,-0.625,-0.45));
#1180 = DIRECTION('',(1.,-2.22044604925E-016,0.E+000));
#1181 = DIRECTION('',(0.E+000,0.E+000,1.));
#1182 = ADVANCED_FACE('',(#1183),#1208,.T.);
#1183 = FACE_BOUND('',#1184,.T.);
#1184 = EDGE_LOOP('',(#1185,#1195,#1201,#1202));
#1185 = ORIENTED_EDGE('',*,*,#1186,.F.);
#1186 = EDGE_CURVE('',#1187,#1189,#1191,.T.);
#1187 = VERTEX_POINT('',#1188);
#1188 = CARTESIAN_POINT('',(4.75,1.125,-0.45));
#1189 = VERTEX_POINT('',#1190);
#1190 = CARTESIAN_POINT('',(4.75,0.525,-0.45));
#1191 = LINE('',#1192,#1193);
#1192 = CARTESIAN_POINT('',(4.75,1.125,-0.45));
#1193 = VECTOR('',#1194,1.);
#1194 = DIRECTION('',(-2.22044604925E-016,-1.,0.E+000));
#1195 = ORIENTED_EDGE('',*,*,#1196,.T.);
#1196 = EDGE_CURVE('',#1187,#573,#1197,.T.);
#1197 = LINE('',#1198,#1199);
#1198 = CARTESIAN_POINT('',(4.75,1.125,-0.45));
#1199 = VECTOR('',#1200,1.);
#1200 = DIRECTION('',(0.E+000,0.E+000,1.));
#1201 = ORIENTED_EDGE('',*,*,#619,.T.);
#1202 = ORIENTED_EDGE('',*,*,#1203,.F.);
#1203 = EDGE_CURVE('',#1189,#612,#1204,.T.);
#1204 = LINE('',#1205,#1206);
#1205 = CARTESIAN_POINT('',(4.75,0.525,-0.45));
#1206 = VECTOR('',#1207,1.);
#1207 = DIRECTION('',(0.E+000,0.E+000,1.));
#1208 = PLANE('',#1209);
#1209 = AXIS2_PLACEMENT_3D('',#1210,#1211,#1212);
#1210 = CARTESIAN_POINT('',(4.75,1.125,-0.45));
#1211 = DIRECTION('',(1.,-2.22044604925E-016,0.E+000));
#1212 = DIRECTION('',(0.E+000,0.E+000,1.));
#1213 = ADVANCED_FACE('',(#1214),#1239,.T.);
#1214 = FACE_BOUND('',#1215,.T.);
#1215 = EDGE_LOOP('',(#1216,#1226,#1232,#1233));
#1216 = ORIENTED_EDGE('',*,*,#1217,.F.);
#1217 = EDGE_CURVE('',#1218,#1220,#1222,.T.);
#1218 = VERTEX_POINT('',#1219);
#1219 = CARTESIAN_POINT('',(4.75,-0.625,-0.45));
#1220 = VERTEX_POINT('',#1221);
#1221 = CARTESIAN_POINT('',(4.75,-1.225,-0.45));
#1222 = LINE('',#1223,#1224);
#1223 = CARTESIAN_POINT('',(4.75,-0.625,-0.45));
#1224 = VECTOR('',#1225,1.);
#1225 = DIRECTION('',(-2.22044604925E-016,-1.,0.E+000));
#1226 = ORIENTED_EDGE('',*,*,#1227,.T.);
#1227 = EDGE_CURVE('',#1218,#604,#1228,.T.);
#1228 = LINE('',#1229,#1230);
#1229 = CARTESIAN_POINT('',(4.75,-0.625,-0.45));
#1230 = VECTOR('',#1231,1.);
#1231 = DIRECTION('',(0.E+000,0.E+000,1.));
#1232 = ORIENTED_EDGE('',*,*,#603,.T.);
#1233 = ORIENTED_EDGE('',*,*,#1234,.F.);
#1234 = EDGE_CURVE('',#1220,#596,#1235,.T.);
#1235 = LINE('',#1236,#1237);
#1236 = CARTESIAN_POINT('',(4.75,-1.225,-0.45));
#1237 = VECTOR('',#1238,1.);
#1238 = DIRECTION('',(0.E+000,0.E+000,1.));
#1239 = PLANE('',#1240);
#1240 = AXIS2_PLACEMENT_3D('',#1241,#1242,#1243);
#1241 = CARTESIAN_POINT('',(4.75,-0.625,-0.45));
#1242 = DIRECTION('',(1.,-2.22044604925E-016,0.E+000));
#1243 = DIRECTION('',(0.E+000,0.E+000,1.));
#1244 = ADVANCED_FACE('',(#1245),#1278,.F.);
#1245 = FACE_BOUND('',#1246,.F.);
#1246 = EDGE_LOOP('',(#1247,#1257,#1265,#1271,#1272));
#1247 = ORIENTED_EDGE('',*,*,#1248,.F.);
#1248 = EDGE_CURVE('',#1249,#1251,#1253,.T.);
#1249 = VERTEX_POINT('',#1250);
#1250 = CARTESIAN_POINT('',(-3.775,2.775,-0.45));
#1251 = VERTEX_POINT('',#1252);
#1252 = CARTESIAN_POINT('',(-3.775,2.375,-0.45));
#1253 = LINE('',#1254,#1255);
#1254 = CARTESIAN_POINT('',(-3.775,2.775,-0.45));
#1255 = VECTOR('',#1256,1.);
#1256 = DIRECTION('',(-2.22044604925E-016,-1.,0.E+000));
#1257 = ORIENTED_EDGE('',*,*,#1258,.T.);
#1258 = EDGE_CURVE('',#1249,#1259,#1261,.T.);
#1259 = VERTEX_POINT('',#1260);
#1260 = CARTESIAN_POINT('',(-3.775,2.775,0.E+000));
#1261 = LINE('',#1262,#1263);
#1262 = CARTESIAN_POINT('',(-3.775,2.775,-0.45));
#1263 = VECTOR('',#1264,1.);
#1264 = DIRECTION('',(0.E+000,0.E+000,1.));
#1265 = ORIENTED_EDGE('',*,*,#1266,.T.);
#1266 = EDGE_CURVE('',#1259,#634,#1267,.T.);
#1267 = LINE('',#1268,#1269);
#1268 = CARTESIAN_POINT('',(-3.775,2.775,0.E+000));
#1269 = VECTOR('',#1270,1.);
#1270 = DIRECTION('',(-2.22044604925E-016,-1.,0.E+000));
#1271 = ORIENTED_EDGE('',*,*,#952,.T.);
#1272 = ORIENTED_EDGE('',*,*,#1273,.F.);
#1273 = EDGE_CURVE('',#1251,#945,#1274,.T.);
#1274 = LINE('',#1275,#1276);
#1275 = CARTESIAN_POINT('',(-3.775,2.375,-0.45));
#1276 = VECTOR('',#1277,1.);
#1277 = DIRECTION('',(0.E+000,0.E+000,1.));
#1278 = PLANE('',#1279);
#1279 = AXIS2_PLACEMENT_3D('',#1280,#1281,#1282);
#1280 = CARTESIAN_POINT('',(-3.775,2.775,-0.45));
#1281 = DIRECTION('',(1.,-2.22044604925E-016,0.E+000));
#1282 = DIRECTION('',(0.E+000,0.E+000,1.));
#1283 = ADVANCED_FACE('',(#1284),#1302,.T.);
#1284 = FACE_BOUND('',#1285,.T.);
#1285 = EDGE_LOOP('',(#1286,#1287,#1295,#1301));
#1286 = ORIENTED_EDGE('',*,*,#1273,.F.);
#1287 = ORIENTED_EDGE('',*,*,#1288,.T.);
#1288 = EDGE_CURVE('',#1251,#1289,#1291,.T.);
#1289 = VERTEX_POINT('',#1290);
#1290 = CARTESIAN_POINT('',(-3.375,2.375,-0.45));
#1291 = LINE('',#1292,#1293);
#1292 = CARTESIAN_POINT('',(-3.775,2.375,-0.45));
#1293 = VECTOR('',#1294,1.);
#1294 = DIRECTION('',(1.,-2.22044604925E-016,0.E+000));
#1295 = ORIENTED_EDGE('',*,*,#1296,.T.);
#1296 = EDGE_CURVE('',#1289,#937,#1297,.T.);
#1297 = LINE('',#1298,#1299);
#1298 = CARTESIAN_POINT('',(-3.375,2.375,-0.45));
#1299 = VECTOR('',#1300,1.);
#1300 = DIRECTION('',(0.E+000,0.E+000,1.));
#1301 = ORIENTED_EDGE('',*,*,#944,.F.);
#1302 = PLANE('',#1303);
#1303 = AXIS2_PLACEMENT_3D('',#1304,#1305,#1306);
#1304 = CARTESIAN_POINT('',(-3.775,2.375,-0.45));
#1305 = DIRECTION('',(-2.22044604925E-016,-1.,0.E+000));
#1306 = DIRECTION('',(0.E+000,0.E+000,1.));
#1307 = ADVANCED_FACE('',(#1308),#1334,.T.);
#1308 = FACE_BOUND('',#1309,.T.);
#1309 = EDGE_LOOP('',(#1310,#1318,#1326,#1332,#1333));
#1310 = ORIENTED_EDGE('',*,*,#1311,.F.);
#1311 = EDGE_CURVE('',#1312,#1289,#1314,.T.);
#1312 = VERTEX_POINT('',#1313);
#1313 = CARTESIAN_POINT('',(-3.375,2.775,-0.45));
#1314 = LINE('',#1315,#1316);
#1315 = CARTESIAN_POINT('',(-3.375,2.775,-0.45));
#1316 = VECTOR('',#1317,1.);
#1317 = DIRECTION('',(-2.22044604925E-016,-1.,0.E+000));
#1318 = ORIENTED_EDGE('',*,*,#1319,.T.);
#1319 = EDGE_CURVE('',#1312,#1320,#1322,.T.);
#1320 = VERTEX_POINT('',#1321);
#1321 = CARTESIAN_POINT('',(-3.375,2.775,0.E+000));
#1322 = LINE('',#1323,#1324);
#1323 = CARTESIAN_POINT('',(-3.375,2.775,-0.45));
#1324 = VECTOR('',#1325,1.);
#1325 = DIRECTION('',(0.E+000,0.E+000,1.));
#1326 = ORIENTED_EDGE('',*,*,#1327,.T.);
#1327 = EDGE_CURVE('',#1320,#929,#1328,.T.);
#1328 = LINE('',#1329,#1330);
#1329 = CARTESIAN_POINT('',(-3.375,2.775,0.E+000));
#1330 = VECTOR('',#1331,1.);
#1331 = DIRECTION('',(-2.22044604925E-016,-1.,0.E+000));
#1332 = ORIENTED_EDGE('',*,*,#936,.T.);
#1333 = ORIENTED_EDGE('',*,*,#1296,.F.);
#1334 = PLANE('',#1335);
#1335 = AXIS2_PLACEMENT_3D('',#1336,#1337,#1338);
#1336 = CARTESIAN_POINT('',(-3.375,2.775,-0.45));
#1337 = DIRECTION('',(1.,-2.22044604925E-016,0.E+000));
#1338 = DIRECTION('',(0.E+000,0.E+000,1.));
#1339 = ADVANCED_FACE('',(#1340),#1365,.F.);
#1340 = FACE_BOUND('',#1341,.F.);
#1341 = EDGE_LOOP('',(#1342,#1350,#1358,#1364));
#1342 = ORIENTED_EDGE('',*,*,#1343,.F.);
#1343 = EDGE_CURVE('',#1344,#913,#1346,.T.);
#1344 = VERTEX_POINT('',#1345);
#1345 = CARTESIAN_POINT('',(-1.55,1.525,-5.E-002));
#1346 = LINE('',#1347,#1348);
#1347 = CARTESIAN_POINT('',(-1.55,1.525,-5.E-002));
#1348 = VECTOR('',#1349,1.);
#1349 = DIRECTION('',(0.E+000,0.E+000,1.));
#1350 = ORIENTED_EDGE('',*,*,#1351,.F.);
#1351 = EDGE_CURVE('',#1352,#1344,#1354,.T.);
#1352 = VERTEX_POINT('',#1353);
#1353 = CARTESIAN_POINT('',(-1.55,2.725,-5.E-002));
#1354 = LINE('',#1355,#1356);
#1355 = CARTESIAN_POINT('',(-1.55,2.725,-5.E-002));
#1356 = VECTOR('',#1357,1.);
#1357 = DIRECTION('',(-2.22044604925E-016,-1.,0.E+000));
#1358 = ORIENTED_EDGE('',*,*,#1359,.T.);
#1359 = EDGE_CURVE('',#1352,#921,#1360,.T.);
#1360 = LINE('',#1361,#1362);
#1361 = CARTESIAN_POINT('',(-1.55,2.725,-5.E-002));
#1362 = VECTOR('',#1363,1.);
#1363 = DIRECTION('',(0.E+000,0.E+000,1.));
#1364 = ORIENTED_EDGE('',*,*,#920,.F.);
#1365 = PLANE('',#1366);
#1366 = AXIS2_PLACEMENT_3D('',#1367,#1368,#1369);
#1367 = CARTESIAN_POINT('',(-1.55,2.725,-5.E-002));
#1368 = DIRECTION('',(1.,-2.22044604925E-016,0.E+000));
#1369 = DIRECTION('',(0.E+000,0.E+000,1.));
#1370 = ADVANCED_FACE('',(#1371),#1389,.T.);
#1371 = FACE_BOUND('',#1372,.T.);
#1372 = EDGE_LOOP('',(#1373,#1374,#1382,#1388));
#1373 = ORIENTED_EDGE('',*,*,#1343,.F.);
#1374 = ORIENTED_EDGE('',*,*,#1375,.T.);
#1375 = EDGE_CURVE('',#1344,#1376,#1378,.T.);
#1376 = VERTEX_POINT('',#1377);
#1377 = CARTESIAN_POINT('',(-1.,1.525,-5.E-002));
#1378 = LINE('',#1379,#1380);
#1379 = CARTESIAN_POINT('',(-1.55,1.525,-5.E-002));
#1380 = VECTOR('',#1381,1.);
#1381 = DIRECTION('',(1.,-2.22044604925E-016,0.E+000));
#1382 = ORIENTED_EDGE('',*,*,#1383,.T.);
#1383 = EDGE_CURVE('',#1376,#905,#1384,.T.);
#1384 = LINE('',#1385,#1386);
#1385 = CARTESIAN_POINT('',(-1.,1.525,-5.E-002));
#1386 = VECTOR('',#1387,1.);
#1387 = DIRECTION('',(0.E+000,0.E+000,1.));
#1388 = ORIENTED_EDGE('',*,*,#912,.F.);
#1389 = PLANE('',#1390);
#1390 = AXIS2_PLACEMENT_3D('',#1391,#1392,#1393);
#1391 = CARTESIAN_POINT('',(-1.55,1.525,-5.E-002));
#1392 = DIRECTION('',(-2.22044604925E-016,-1.,0.E+000));
#1393 = DIRECTION('',(0.E+000,0.E+000,1.));
#1394 = ADVANCED_FACE('',(#1395),#1413,.T.);
#1395 = FACE_BOUND('',#1396,.T.);
#1396 = EDGE_LOOP('',(#1397,#1398,#1406,#1412));
#1397 = ORIENTED_EDGE('',*,*,#1383,.F.);
#1398 = ORIENTED_EDGE('',*,*,#1399,.F.);
#1399 = EDGE_CURVE('',#1400,#1376,#1402,.T.);
#1400 = VERTEX_POINT('',#1401);
#1401 = CARTESIAN_POINT('',(-1.,2.725,-5.E-002));
#1402 = LINE('',#1403,#1404);
#1403 = CARTESIAN_POINT('',(-1.,2.725,-5.E-002));
#1404 = VECTOR('',#1405,1.);
#1405 = DIRECTION('',(-2.22044604925E-016,-1.,0.E+000));
#1406 = ORIENTED_EDGE('',*,*,#1407,.T.);
#1407 = EDGE_CURVE('',#1400,#897,#1408,.T.);
#1408 = LINE('',#1409,#1410);
#1409 = CARTESIAN_POINT('',(-1.,2.725,-5.E-002));
#1410 = VECTOR('',#1411,1.);
#1411 = DIRECTION('',(0.E+000,0.E+000,1.));
#1412 = ORIENTED_EDGE('',*,*,#904,.F.);
#1413 = PLANE('',#1414);
#1414 = AXIS2_PLACEMENT_3D('',#1415,#1416,#1417);
#1415 = CARTESIAN_POINT('',(-1.,2.725,-5.E-002));
#1416 = DIRECTION('',(1.,-2.22044604925E-016,0.E+000));
#1417 = DIRECTION('',(0.E+000,0.E+000,1.));
#1418 = ADVANCED_FACE('',(#1419),#1444,.F.);
#1419 = FACE_BOUND('',#1420,.F.);
#1420 = EDGE_LOOP('',(#1421,#1429,#1437,#1443));
#1421 = ORIENTED_EDGE('',*,*,#1422,.F.);
#1422 = EDGE_CURVE('',#1423,#881,#1425,.T.);
#1423 = VERTEX_POINT('',#1424);
#1424 = CARTESIAN_POINT('',(-0.815,1.525,-5.E-002));
#1425 = LINE('',#1426,#1427);
#1426 = CARTESIAN_POINT('',(-0.815,1.525,-5.E-002));
#1427 = VECTOR('',#1428,1.);
#1428 = DIRECTION('',(0.E+000,0.E+000,1.));
#1429 = ORIENTED_EDGE('',*,*,#1430,.F.);
#1430 = EDGE_CURVE('',#1431,#1423,#1433,.T.);
#1431 = VERTEX_POINT('',#1432);
#1432 = CARTESIAN_POINT('',(-0.815,2.725,-5.E-002));
#1433 = LINE('',#1434,#1435);
#1434 = CARTESIAN_POINT('',(-0.815,2.725,-5.E-002));
#1435 = VECTOR('',#1436,1.);
#1436 = DIRECTION('',(-2.22044604925E-016,-1.,0.E+000));
#1437 = ORIENTED_EDGE('',*,*,#1438,.T.);
#1438 = EDGE_CURVE('',#1431,#889,#1439,.T.);
#1439 = LINE('',#1440,#1441);
#1440 = CARTESIAN_POINT('',(-0.815,2.725,-5.E-002));
#1441 = VECTOR('',#1442,1.);
#1442 = DIRECTION('',(0.E+000,0.E+000,1.));
#1443 = ORIENTED_EDGE('',*,*,#888,.F.);
#1444 = PLANE('',#1445);
#1445 = AXIS2_PLACEMENT_3D('',#1446,#1447,#1448);
#1446 = CARTESIAN_POINT('',(-0.815,2.725,-5.E-002));
#1447 = DIRECTION('',(1.,-2.22044604925E-016,0.E+000));
#1448 = DIRECTION('',(0.E+000,0.E+000,1.));
#1449 = ADVANCED_FACE('',(#1450),#1468,.T.);
#1450 = FACE_BOUND('',#1451,.T.);
#1451 = EDGE_LOOP('',(#1452,#1453,#1461,#1467));
#1452 = ORIENTED_EDGE('',*,*,#1422,.F.);
#1453 = ORIENTED_EDGE('',*,*,#1454,.T.);
#1454 = EDGE_CURVE('',#1423,#1455,#1457,.T.);
#1455 = VERTEX_POINT('',#1456);
#1456 = CARTESIAN_POINT('',(-0.435,1.525,-5.E-002));
#1457 = LINE('',#1458,#1459);
#1458 = CARTESIAN_POINT('',(-0.815,1.525,-5.E-002));
#1459 = VECTOR('',#1460,1.);
#1460 = DIRECTION('',(1.,-2.22044604925E-016,0.E+000));
#1461 = ORIENTED_EDGE('',*,*,#1462,.T.);
#1462 = EDGE_CURVE('',#1455,#873,#1463,.T.);
#1463 = LINE('',#1464,#1465);
#1464 = CARTESIAN_POINT('',(-0.435,1.525,-5.E-002));
#1465 = VECTOR('',#1466,1.);
#1466 = DIRECTION('',(0.E+000,0.E+000,1.));
#1467 = ORIENTED_EDGE('',*,*,#880,.F.);
#1468 = PLANE('',#1469);
#1469 = AXIS2_PLACEMENT_3D('',#1470,#1471,#1472);
#1470 = CARTESIAN_POINT('',(-0.815,1.525,-5.E-002));
#1471 = DIRECTION('',(-2.22044604925E-016,-1.,0.E+000));
#1472 = DIRECTION('',(0.E+000,0.E+000,1.));
#1473 = ADVANCED_FACE('',(#1474),#1492,.T.);
#1474 = FACE_BOUND('',#1475,.T.);
#1475 = EDGE_LOOP('',(#1476,#1477,#1485,#1491));
#1476 = ORIENTED_EDGE('',*,*,#1462,.F.);
#1477 = ORIENTED_EDGE('',*,*,#1478,.F.);
#1478 = EDGE_CURVE('',#1479,#1455,#1481,.T.);
#1479 = VERTEX_POINT('',#1480);
#1480 = CARTESIAN_POINT('',(-0.435,2.725,-5.E-002));
#1481 = LINE('',#1482,#1483);
#1482 = CARTESIAN_POINT('',(-0.435,2.725,-5.E-002));
#1483 = VECTOR('',#1484,1.);
#1484 = DIRECTION('',(-2.22044604925E-016,-1.,0.E+000));
#1485 = ORIENTED_EDGE('',*,*,#1486,.T.);
#1486 = EDGE_CURVE('',#1479,#865,#1487,.T.);
#1487 = LINE('',#1488,#1489);
#1488 = CARTESIAN_POINT('',(-0.435,2.725,-5.E-002));
#1489 = VECTOR('',#1490,1.);
#1490 = DIRECTION('',(0.E+000,0.E+000,1.));
#1491 = ORIENTED_EDGE('',*,*,#872,.F.);
#1492 = PLANE('',#1493);
#1493 = AXIS2_PLACEMENT_3D('',#1494,#1495,#1496);
#1494 = CARTESIAN_POINT('',(-0.435,2.725,-5.E-002));
#1495 = DIRECTION('',(1.,-2.22044604925E-016,0.E+000));
#1496 = DIRECTION('',(0.E+000,0.E+000,1.));
#1497 = ADVANCED_FACE('',(#1498),#1523,.F.);
#1498 = FACE_BOUND('',#1499,.F.);
#1499 = EDGE_LOOP('',(#1500,#1508,#1516,#1522));
#1500 = ORIENTED_EDGE('',*,*,#1501,.F.);
#1501 = EDGE_CURVE('',#1502,#849,#1504,.T.);
#1502 = VERTEX_POINT('',#1503);
#1503 = CARTESIAN_POINT('',(-0.165,1.525,-5.E-002));
#1504 = LINE('',#1505,#1506);
#1505 = CARTESIAN_POINT('',(-0.165,1.525,-5.E-002));
#1506 = VECTOR('',#1507,1.);
#1507 = DIRECTION('',(0.E+000,0.E+000,1.));
#1508 = ORIENTED_EDGE('',*,*,#1509,.F.);
#1509 = EDGE_CURVE('',#1510,#1502,#1512,.T.);
#1510 = VERTEX_POINT('',#1511);
#1511 = CARTESIAN_POINT('',(-0.165,2.725,-5.E-002));
#1512 = LINE('',#1513,#1514);
#1513 = CARTESIAN_POINT('',(-0.165,2.725,-5.E-002));
#1514 = VECTOR('',#1515,1.);
#1515 = DIRECTION('',(-2.22044604925E-016,-1.,0.E+000));
#1516 = ORIENTED_EDGE('',*,*,#1517,.T.);
#1517 = EDGE_CURVE('',#1510,#857,#1518,.T.);
#1518 = LINE('',#1519,#1520);
#1519 = CARTESIAN_POINT('',(-0.165,2.725,-5.E-002));
#1520 = VECTOR('',#1521,1.);
#1521 = DIRECTION('',(0.E+000,0.E+000,1.));
#1522 = ORIENTED_EDGE('',*,*,#856,.F.);
#1523 = PLANE('',#1524);
#1524 = AXIS2_PLACEMENT_3D('',#1525,#1526,#1527);
#1525 = CARTESIAN_POINT('',(-0.165,2.725,-5.E-002));
#1526 = DIRECTION('',(1.,-2.22044604925E-016,0.E+000));
#1527 = DIRECTION('',(0.E+000,0.E+000,1.));
#1528 = ADVANCED_FACE('',(#1529),#1547,.T.);
#1529 = FACE_BOUND('',#1530,.T.);
#1530 = EDGE_LOOP('',(#1531,#1532,#1540,#1546));
#1531 = ORIENTED_EDGE('',*,*,#1501,.F.);
#1532 = ORIENTED_EDGE('',*,*,#1533,.T.);
#1533 = EDGE_CURVE('',#1502,#1534,#1536,.T.);
#1534 = VERTEX_POINT('',#1535);
#1535 = CARTESIAN_POINT('',(0.215,1.525,-5.E-002));
#1536 = LINE('',#1537,#1538);
#1537 = CARTESIAN_POINT('',(-0.165,1.525,-5.E-002));
#1538 = VECTOR('',#1539,1.);
#1539 = DIRECTION('',(1.,-2.22044604925E-016,0.E+000));
#1540 = ORIENTED_EDGE('',*,*,#1541,.T.);
#1541 = EDGE_CURVE('',#1534,#841,#1542,.T.);
#1542 = LINE('',#1543,#1544);
#1543 = CARTESIAN_POINT('',(0.215,1.525,-5.E-002));
#1544 = VECTOR('',#1545,1.);
#1545 = DIRECTION('',(0.E+000,0.E+000,1.));
#1546 = ORIENTED_EDGE('',*,*,#848,.F.);
#1547 = PLANE('',#1548);
#1548 = AXIS2_PLACEMENT_3D('',#1549,#1550,#1551);
#1549 = CARTESIAN_POINT('',(-0.165,1.525,-5.E-002));
#1550 = DIRECTION('',(-2.22044604925E-016,-1.,0.E+000));
#1551 = DIRECTION('',(0.E+000,0.E+000,1.));
#1552 = ADVANCED_FACE('',(#1553),#1571,.T.);
#1553 = FACE_BOUND('',#1554,.T.);
#1554 = EDGE_LOOP('',(#1555,#1556,#1564,#1570));
#1555 = ORIENTED_EDGE('',*,*,#1541,.F.);
#1556 = ORIENTED_EDGE('',*,*,#1557,.F.);
#1557 = EDGE_CURVE('',#1558,#1534,#1560,.T.);
#1558 = VERTEX_POINT('',#1559);
#1559 = CARTESIAN_POINT('',(0.215,2.725,-5.E-002));
#1560 = LINE('',#1561,#1562);
#1561 = CARTESIAN_POINT('',(0.215,2.725,-5.E-002));
#1562 = VECTOR('',#1563,1.);
#1563 = DIRECTION('',(-2.22044604925E-016,-1.,0.E+000));
#1564 = ORIENTED_EDGE('',*,*,#1565,.T.);
#1565 = EDGE_CURVE('',#1558,#833,#1566,.T.);
#1566 = LINE('',#1567,#1568);
#1567 = CARTESIAN_POINT('',(0.215,2.725,-5.E-002));
#1568 = VECTOR('',#1569,1.);
#1569 = DIRECTION('',(0.E+000,0.E+000,1.));
#1570 = ORIENTED_EDGE('',*,*,#840,.F.);
#1571 = PLANE('',#1572);
#1572 = AXIS2_PLACEMENT_3D('',#1573,#1574,#1575);
#1573 = CARTESIAN_POINT('',(0.215,2.725,-5.E-002));
#1574 = DIRECTION('',(1.,-2.22044604925E-016,0.E+000));
#1575 = DIRECTION('',(0.E+000,0.E+000,1.));
#1576 = ADVANCED_FACE('',(#1577),#1602,.F.);
#1577 = FACE_BOUND('',#1578,.F.);
#1578 = EDGE_LOOP('',(#1579,#1587,#1595,#1601));
#1579 = ORIENTED_EDGE('',*,*,#1580,.F.);
#1580 = EDGE_CURVE('',#1581,#817,#1583,.T.);
#1581 = VERTEX_POINT('',#1582);
#1582 = CARTESIAN_POINT('',(0.485,1.525,-5.E-002));
#1583 = LINE('',#1584,#1585);
#1584 = CARTESIAN_POINT('',(0.485,1.525,-5.E-002));
#1585 = VECTOR('',#1586,1.);
#1586 = DIRECTION('',(0.E+000,0.E+000,1.));
#1587 = ORIENTED_EDGE('',*,*,#1588,.F.);
#1588 = EDGE_CURVE('',#1589,#1581,#1591,.T.);
#1589 = VERTEX_POINT('',#1590);
#1590 = CARTESIAN_POINT('',(0.485,2.725,-5.E-002));
#1591 = LINE('',#1592,#1593);
#1592 = CARTESIAN_POINT('',(0.485,2.725,-5.E-002));
#1593 = VECTOR('',#1594,1.);
#1594 = DIRECTION('',(-2.22044604925E-016,-1.,0.E+000));
#1595 = ORIENTED_EDGE('',*,*,#1596,.T.);
#1596 = EDGE_CURVE('',#1589,#825,#1597,.T.);
#1597 = LINE('',#1598,#1599);
#1598 = CARTESIAN_POINT('',(0.485,2.725,-5.E-002));
#1599 = VECTOR('',#1600,1.);
#1600 = DIRECTION('',(0.E+000,0.E+000,1.));
#1601 = ORIENTED_EDGE('',*,*,#824,.F.);
#1602 = PLANE('',#1603);
#1603 = AXIS2_PLACEMENT_3D('',#1604,#1605,#1606);
#1604 = CARTESIAN_POINT('',(0.485,2.725,-5.E-002));
#1605 = DIRECTION('',(1.,-2.22044604925E-016,0.E+000));
#1606 = DIRECTION('',(0.E+000,0.E+000,1.));
#1607 = ADVANCED_FACE('',(#1608),#1626,.T.);
#1608 = FACE_BOUND('',#1609,.T.);
#1609 = EDGE_LOOP('',(#1610,#1611,#1619,#1625));
#1610 = ORIENTED_EDGE('',*,*,#1580,.F.);
#1611 = ORIENTED_EDGE('',*,*,#1612,.T.);
#1612 = EDGE_CURVE('',#1581,#1613,#1615,.T.);
#1613 = VERTEX_POINT('',#1614);
#1614 = CARTESIAN_POINT('',(0.865,1.525,-5.E-002));
#1615 = LINE('',#1616,#1617);
#1616 = CARTESIAN_POINT('',(0.485,1.525,-5.E-002));
#1617 = VECTOR('',#1618,1.);
#1618 = DIRECTION('',(1.,-2.22044604925E-016,0.E+000));
#1619 = ORIENTED_EDGE('',*,*,#1620,.T.);
#1620 = EDGE_CURVE('',#1613,#809,#1621,.T.);
#1621 = LINE('',#1622,#1623);
#1622 = CARTESIAN_POINT('',(0.865,1.525,-5.E-002));
#1623 = VECTOR('',#1624,1.);
#1624 = DIRECTION('',(0.E+000,0.E+000,1.));
#1625 = ORIENTED_EDGE('',*,*,#816,.F.);
#1626 = PLANE('',#1627);
#1627 = AXIS2_PLACEMENT_3D('',#1628,#1629,#1630);
#1628 = CARTESIAN_POINT('',(0.485,1.525,-5.E-002));
#1629 = DIRECTION('',(-2.22044604925E-016,-1.,0.E+000));
#1630 = DIRECTION('',(0.E+000,0.E+000,1.));
#1631 = ADVANCED_FACE('',(#1632),#1650,.T.);
#1632 = FACE_BOUND('',#1633,.T.);
#1633 = EDGE_LOOP('',(#1634,#1635,#1643,#1649));
#1634 = ORIENTED_EDGE('',*,*,#1620,.F.);
#1635 = ORIENTED_EDGE('',*,*,#1636,.F.);
#1636 = EDGE_CURVE('',#1637,#1613,#1639,.T.);
#1637 = VERTEX_POINT('',#1638);
#1638 = CARTESIAN_POINT('',(0.865,2.725,-5.E-002));
#1639 = LINE('',#1640,#1641);
#1640 = CARTESIAN_POINT('',(0.865,2.725,-5.E-002));
#1641 = VECTOR('',#1642,1.);
#1642 = DIRECTION('',(-2.22044604925E-016,-1.,0.E+000));
#1643 = ORIENTED_EDGE('',*,*,#1644,.T.);
#1644 = EDGE_CURVE('',#1637,#801,#1645,.T.);
#1645 = LINE('',#1646,#1647);
#1646 = CARTESIAN_POINT('',(0.865,2.725,-5.E-002));
#1647 = VECTOR('',#1648,1.);
#1648 = DIRECTION('',(0.E+000,0.E+000,1.));
#1649 = ORIENTED_EDGE('',*,*,#808,.F.);
#1650 = PLANE('',#1651);
#1651 = AXIS2_PLACEMENT_3D('',#1652,#1653,#1654);
#1652 = CARTESIAN_POINT('',(0.865,2.725,-5.E-002));
#1653 = DIRECTION('',(1.,-2.22044604925E-016,0.E+000));
#1654 = DIRECTION('',(0.E+000,0.E+000,1.));
#1655 = ADVANCED_FACE('',(#1656),#1681,.F.);
#1656 = FACE_BOUND('',#1657,.F.);
#1657 = EDGE_LOOP('',(#1658,#1666,#1674,#1680));
#1658 = ORIENTED_EDGE('',*,*,#1659,.F.);
#1659 = EDGE_CURVE('',#1660,#785,#1662,.T.);
#1660 = VERTEX_POINT('',#1661);
#1661 = CARTESIAN_POINT('',(1.05,1.525,-5.E-002));
#1662 = LINE('',#1663,#1664);
#1663 = CARTESIAN_POINT('',(1.05,1.525,-5.E-002));
#1664 = VECTOR('',#1665,1.);
#1665 = DIRECTION('',(0.E+000,0.E+000,1.));
#1666 = ORIENTED_EDGE('',*,*,#1667,.F.);
#1667 = EDGE_CURVE('',#1668,#1660,#1670,.T.);
#1668 = VERTEX_POINT('',#1669);
#1669 = CARTESIAN_POINT('',(1.05,2.725,-5.E-002));
#1670 = LINE('',#1671,#1672);
#1671 = CARTESIAN_POINT('',(1.05,2.725,-5.E-002));
#1672 = VECTOR('',#1673,1.);
#1673 = DIRECTION('',(-2.22044604925E-016,-1.,0.E+000));
#1674 = ORIENTED_EDGE('',*,*,#1675,.T.);
#1675 = EDGE_CURVE('',#1668,#793,#1676,.T.);
#1676 = LINE('',#1677,#1678);
#1677 = CARTESIAN_POINT('',(1.05,2.725,-5.E-002));
#1678 = VECTOR('',#1679,1.);
#1679 = DIRECTION('',(0.E+000,0.E+000,1.));
#1680 = ORIENTED_EDGE('',*,*,#792,.F.);
#1681 = PLANE('',#1682);
#1682 = AXIS2_PLACEMENT_3D('',#1683,#1684,#1685);
#1683 = CARTESIAN_POINT('',(1.05,2.725,-5.E-002));
#1684 = DIRECTION('',(1.,-2.22044604925E-016,0.E+000));
#1685 = DIRECTION('',(0.E+000,0.E+000,1.));
#1686 = ADVANCED_FACE('',(#1687),#1705,.T.);
#1687 = FACE_BOUND('',#1688,.T.);
#1688 = EDGE_LOOP('',(#1689,#1690,#1698,#1704));
#1689 = ORIENTED_EDGE('',*,*,#1659,.F.);
#1690 = ORIENTED_EDGE('',*,*,#1691,.T.);
#1691 = EDGE_CURVE('',#1660,#1692,#1694,.T.);
#1692 = VERTEX_POINT('',#1693);
#1693 = CARTESIAN_POINT('',(1.6,1.525,-5.E-002));
#1694 = LINE('',#1695,#1696);
#1695 = CARTESIAN_POINT('',(1.05,1.525,-5.E-002));
#1696 = VECTOR('',#1697,1.);
#1697 = DIRECTION('',(1.,-2.22044604925E-016,0.E+000));
#1698 = ORIENTED_EDGE('',*,*,#1699,.T.);
#1699 = EDGE_CURVE('',#1692,#777,#1700,.T.);
#1700 = LINE('',#1701,#1702);
#1701 = CARTESIAN_POINT('',(1.6,1.525,-5.E-002));
#1702 = VECTOR('',#1703,1.);
#1703 = DIRECTION('',(0.E+000,0.E+000,1.));
#1704 = ORIENTED_EDGE('',*,*,#784,.F.);
#1705 = PLANE('',#1706);
#1706 = AXIS2_PLACEMENT_3D('',#1707,#1708,#1709);
#1707 = CARTESIAN_POINT('',(1.05,1.525,-5.E-002));
#1708 = DIRECTION('',(-2.22044604925E-016,-1.,0.E+000));
#1709 = DIRECTION('',(0.E+000,0.E+000,1.));
#1710 = ADVANCED_FACE('',(#1711),#1729,.T.);
#1711 = FACE_BOUND('',#1712,.T.);
#1712 = EDGE_LOOP('',(#1713,#1714,#1722,#1728));
#1713 = ORIENTED_EDGE('',*,*,#1699,.F.);
#1714 = ORIENTED_EDGE('',*,*,#1715,.F.);
#1715 = EDGE_CURVE('',#1716,#1692,#1718,.T.);
#1716 = VERTEX_POINT('',#1717);
#1717 = CARTESIAN_POINT('',(1.6,2.725,-5.E-002));
#1718 = LINE('',#1719,#1720);
#1719 = CARTESIAN_POINT('',(1.6,2.725,-5.E-002));
#1720 = VECTOR('',#1721,1.);
#1721 = DIRECTION('',(-2.22044604925E-016,-1.,0.E+000));
#1722 = ORIENTED_EDGE('',*,*,#1723,.T.);
#1723 = EDGE_CURVE('',#1716,#769,#1724,.T.);
#1724 = LINE('',#1725,#1726);
#1725 = CARTESIAN_POINT('',(1.6,2.725,-5.E-002));
#1726 = VECTOR('',#1727,1.);
#1727 = DIRECTION('',(0.E+000,0.E+000,1.));
#1728 = ORIENTED_EDGE('',*,*,#776,.F.);
#1729 = PLANE('',#1730);
#1730 = AXIS2_PLACEMENT_3D('',#1731,#1732,#1733);
#1731 = CARTESIAN_POINT('',(1.6,2.725,-5.E-002));
#1732 = DIRECTION('',(1.,-2.22044604925E-016,0.E+000));
#1733 = DIRECTION('',(0.E+000,0.E+000,1.));
#1734 = ADVANCED_FACE('',(#1735),#1768,.F.);
#1735 = FACE_BOUND('',#1736,.F.);
#1736 = EDGE_LOOP('',(#1737,#1747,#1755,#1761,#1762));
#1737 = ORIENTED_EDGE('',*,*,#1738,.F.);
#1738 = EDGE_CURVE('',#1739,#1741,#1743,.T.);
#1739 = VERTEX_POINT('',#1740);
#1740 = CARTESIAN_POINT('',(3.425,2.775,-0.45));
#1741 = VERTEX_POINT('',#1742);
#1742 = CARTESIAN_POINT('',(3.425,2.375,-0.45));
#1743 = LINE('',#1744,#1745);
#1744 = CARTESIAN_POINT('',(3.425,2.775,-0.45));
#1745 = VECTOR('',#1746,1.);
#1746 = DIRECTION('',(-2.22044604925E-016,-1.,0.E+000));
#1747 = ORIENTED_EDGE('',*,*,#1748,.T.);
#1748 = EDGE_CURVE('',#1739,#1749,#1751,.T.);
#1749 = VERTEX_POINT('',#1750);
#1750 = CARTESIAN_POINT('',(3.425,2.775,0.E+000));
#1751 = LINE('',#1752,#1753);
#1752 = CARTESIAN_POINT('',(3.425,2.775,-0.45));
#1753 = VECTOR('',#1754,1.);
#1754 = DIRECTION('',(0.E+000,0.E+000,1.));
#1755 = ORIENTED_EDGE('',*,*,#1756,.T.);
#1756 = EDGE_CURVE('',#1749,#761,#1757,.T.);
#1757 = LINE('',#1758,#1759);
#1758 = CARTESIAN_POINT('',(3.425,2.775,0.E+000));
#1759 = VECTOR('',#1760,1.);
#1760 = DIRECTION('',(-2.22044604925E-016,-1.,0.E+000));
#1761 = ORIENTED_EDGE('',*,*,#760,.T.);
#1762 = ORIENTED_EDGE('',*,*,#1763,.F.);
#1763 = EDGE_CURVE('',#1741,#753,#1764,.T.);
#1764 = LINE('',#1765,#1766);
#1765 = CARTESIAN_POINT('',(3.425,2.375,-0.45));
#1766 = VECTOR('',#1767,1.);
#1767 = DIRECTION('',(0.E+000,0.E+000,1.));
#1768 = PLANE('',#1769);
#1769 = AXIS2_PLACEMENT_3D('',#1770,#1771,#1772);
#1770 = CARTESIAN_POINT('',(3.425,2.775,-0.45));
#1771 = DIRECTION('',(1.,-2.22044604925E-016,0.E+000));
#1772 = DIRECTION('',(0.E+000,0.E+000,1.));
#1773 = ADVANCED_FACE('',(#1774),#1792,.T.);
#1774 = FACE_BOUND('',#1775,.T.);
#1775 = EDGE_LOOP('',(#1776,#1777,#1785,#1791));
#1776 = ORIENTED_EDGE('',*,*,#1763,.F.);
#1777 = ORIENTED_EDGE('',*,*,#1778,.T.);
#1778 = EDGE_CURVE('',#1741,#1779,#1781,.T.);
#1779 = VERTEX_POINT('',#1780);
#1780 = CARTESIAN_POINT('',(3.825,2.375,-0.45));
#1781 = LINE('',#1782,#1783);
#1782 = CARTESIAN_POINT('',(3.425,2.375,-0.45));
#1783 = VECTOR('',#1784,1.);
#1784 = DIRECTION('',(1.,-2.22044604925E-016,0.E+000));
#1785 = ORIENTED_EDGE('',*,*,#1786,.T.);
#1786 = EDGE_CURVE('',#1779,#745,#1787,.T.);
#1787 = LINE('',#1788,#1789);
#1788 = CARTESIAN_POINT('',(3.825,2.375,-0.45));
#1789 = VECTOR('',#1790,1.);
#1790 = DIRECTION('',(0.E+000,0.E+000,1.));
#1791 = ORIENTED_EDGE('',*,*,#752,.F.);
#1792 = PLANE('',#1793);
#1793 = AXIS2_PLACEMENT_3D('',#1794,#1795,#1796);
#1794 = CARTESIAN_POINT('',(3.425,2.375,-0.45));
#1795 = DIRECTION('',(-2.22044604925E-016,-1.,0.E+000));
#1796 = DIRECTION('',(0.E+000,0.E+000,1.));
#1797 = ADVANCED_FACE('',(#1798),#1824,.T.);
#1798 = FACE_BOUND('',#1799,.T.);
#1799 = EDGE_LOOP('',(#1800,#1808,#1816,#1822,#1823));
#1800 = ORIENTED_EDGE('',*,*,#1801,.F.);
#1801 = EDGE_CURVE('',#1802,#1779,#1804,.T.);
#1802 = VERTEX_POINT('',#1803);
#1803 = CARTESIAN_POINT('',(3.825,2.775,-0.45));
#1804 = LINE('',#1805,#1806);
#1805 = CARTESIAN_POINT('',(3.825,2.775,-0.45));
#1806 = VECTOR('',#1807,1.);
#1807 = DIRECTION('',(-2.22044604925E-016,-1.,0.E+000));
#1808 = ORIENTED_EDGE('',*,*,#1809,.T.);
#1809 = EDGE_CURVE('',#1802,#1810,#1812,.T.);
#1810 = VERTEX_POINT('',#1811);
#1811 = CARTESIAN_POINT('',(3.825,2.775,0.E+000));
#1812 = LINE('',#1813,#1814);
#1813 = CARTESIAN_POINT('',(3.825,2.775,-0.45));
#1814 = VECTOR('',#1815,1.);
#1815 = DIRECTION('',(0.E+000,0.E+000,1.));
#1816 = ORIENTED_EDGE('',*,*,#1817,.T.);
#1817 = EDGE_CURVE('',#1810,#737,#1818,.T.);
#1818 = LINE('',#1819,#1820);
#1819 = CARTESIAN_POINT('',(3.825,2.775,0.E+000));
#1820 = VECTOR('',#1821,1.);
#1821 = DIRECTION('',(-2.22044604925E-016,-1.,0.E+000));
#1822 = ORIENTED_EDGE('',*,*,#744,.T.);
#1823 = ORIENTED_EDGE('',*,*,#1786,.F.);
#1824 = PLANE('',#1825);
#1825 = AXIS2_PLACEMENT_3D('',#1826,#1827,#1828);
#1826 = CARTESIAN_POINT('',(3.825,2.775,-0.45));
#1827 = DIRECTION('',(1.,-2.22044604925E-016,0.E+000));
#1828 = DIRECTION('',(0.E+000,0.E+000,1.));
#1829 = ADVANCED_FACE('',(#1830),#1848,.F.);
#1830 = FACE_BOUND('',#1831,.F.);
#1831 = EDGE_LOOP('',(#1832,#1840,#1846,#1847));
#1832 = ORIENTED_EDGE('',*,*,#1833,.F.);
#1833 = EDGE_CURVE('',#1834,#722,#1836,.T.);
#1834 = VERTEX_POINT('',#1835);
#1835 = CARTESIAN_POINT('',(4.15,1.125,-0.45));
#1836 = LINE('',#1837,#1838);
#1837 = CARTESIAN_POINT('',(4.15,1.125,-0.45));
#1838 = VECTOR('',#1839,1.);
#1839 = DIRECTION('',(0.E+000,0.E+000,1.));
#1840 = ORIENTED_EDGE('',*,*,#1841,.T.);
#1841 = EDGE_CURVE('',#1834,#1187,#1842,.T.);
#1842 = LINE('',#1843,#1844);
#1843 = CARTESIAN_POINT('',(4.15,1.125,-0.45));
#1844 = VECTOR('',#1845,1.);
#1845 = DIRECTION('',(1.,-2.22044604925E-016,0.E+000));
#1846 = ORIENTED_EDGE('',*,*,#1196,.T.);
#1847 = ORIENTED_EDGE('',*,*,#729,.F.);
#1848 = PLANE('',#1849);
#1849 = AXIS2_PLACEMENT_3D('',#1850,#1851,#1852);
#1850 = CARTESIAN_POINT('',(4.15,1.125,-0.45));
#1851 = DIRECTION('',(-2.22044604925E-016,-1.,0.E+000));
#1852 = DIRECTION('',(0.E+000,0.E+000,1.));
#1853 = ADVANCED_FACE('',(#1854),#1872,.F.);
#1854 = FACE_BOUND('',#1855,.F.);
#1855 = EDGE_LOOP('',(#1856,#1864,#1865,#1866));
#1856 = ORIENTED_EDGE('',*,*,#1857,.F.);
#1857 = EDGE_CURVE('',#1834,#1858,#1860,.T.);
#1858 = VERTEX_POINT('',#1859);
#1859 = CARTESIAN_POINT('',(4.15,0.525,-0.45));
#1860 = LINE('',#1861,#1862);
#1861 = CARTESIAN_POINT('',(4.15,1.125,-0.45));
#1862 = VECTOR('',#1863,1.);
#1863 = DIRECTION('',(-2.22044604925E-016,-1.,0.E+000));
#1864 = ORIENTED_EDGE('',*,*,#1833,.T.);
#1865 = ORIENTED_EDGE('',*,*,#721,.T.);
#1866 = ORIENTED_EDGE('',*,*,#1867,.F.);
#1867 = EDGE_CURVE('',#1858,#714,#1868,.T.);
#1868 = LINE('',#1869,#1870);
#1869 = CARTESIAN_POINT('',(4.15,0.525,-0.45));
#1870 = VECTOR('',#1871,1.);
#1871 = DIRECTION('',(0.E+000,0.E+000,1.));
#1872 = PLANE('',#1873);
#1873 = AXIS2_PLACEMENT_3D('',#1874,#1875,#1876);
#1874 = CARTESIAN_POINT('',(4.15,1.125,-0.45));
#1875 = DIRECTION('',(1.,-2.22044604925E-016,0.E+000));
#1876 = DIRECTION('',(0.E+000,0.E+000,1.));
#1877 = ADVANCED_FACE('',(#1878),#1889,.T.);
#1878 = FACE_BOUND('',#1879,.T.);
#1879 = EDGE_LOOP('',(#1880,#1881,#1887,#1888));
#1880 = ORIENTED_EDGE('',*,*,#1867,.F.);
#1881 = ORIENTED_EDGE('',*,*,#1882,.T.);
#1882 = EDGE_CURVE('',#1858,#1189,#1883,.T.);
#1883 = LINE('',#1884,#1885);
#1884 = CARTESIAN_POINT('',(4.15,0.525,-0.45));
#1885 = VECTOR('',#1886,1.);
#1886 = DIRECTION('',(1.,-2.22044604925E-016,0.E+000));
#1887 = ORIENTED_EDGE('',*,*,#1203,.T.);
#1888 = ORIENTED_EDGE('',*,*,#713,.F.);
#1889 = PLANE('',#1890);
#1890 = AXIS2_PLACEMENT_3D('',#1891,#1892,#1893);
#1891 = CARTESIAN_POINT('',(4.15,0.525,-0.45));
#1892 = DIRECTION('',(-2.22044604925E-016,-1.,0.E+000));
#1893 = DIRECTION('',(0.E+000,0.E+000,1.));
#1894 = ADVANCED_FACE('',(#1895),#1913,.F.);
#1895 = FACE_BOUND('',#1896,.F.);
#1896 = EDGE_LOOP('',(#1897,#1905,#1911,#1912));
#1897 = ORIENTED_EDGE('',*,*,#1898,.F.);
#1898 = EDGE_CURVE('',#1899,#699,#1901,.T.);
#1899 = VERTEX_POINT('',#1900);
#1900 = CARTESIAN_POINT('',(4.15,-0.625,-0.45));
#1901 = LINE('',#1902,#1903);
#1902 = CARTESIAN_POINT('',(4.15,-0.625,-0.45));
#1903 = VECTOR('',#1904,1.);
#1904 = DIRECTION('',(0.E+000,0.E+000,1.));
#1905 = ORIENTED_EDGE('',*,*,#1906,.T.);
#1906 = EDGE_CURVE('',#1899,#1218,#1907,.T.);
#1907 = LINE('',#1908,#1909);
#1908 = CARTESIAN_POINT('',(4.15,-0.625,-0.45));
#1909 = VECTOR('',#1910,1.);
#1910 = DIRECTION('',(1.,-2.22044604925E-016,0.E+000));
#1911 = ORIENTED_EDGE('',*,*,#1227,.T.);
#1912 = ORIENTED_EDGE('',*,*,#706,.F.);
#1913 = PLANE('',#1914);
#1914 = AXIS2_PLACEMENT_3D('',#1915,#1916,#1917);
#1915 = CARTESIAN_POINT('',(4.15,-0.625,-0.45));
#1916 = DIRECTION('',(-2.22044604925E-016,-1.,0.E+000));
#1917 = DIRECTION('',(0.E+000,0.E+000,1.));
#1918 = ADVANCED_FACE('',(#1919),#1937,.F.);
#1919 = FACE_BOUND('',#1920,.F.);
#1920 = EDGE_LOOP('',(#1921,#1929,#1930,#1931));
#1921 = ORIENTED_EDGE('',*,*,#1922,.F.);
#1922 = EDGE_CURVE('',#1899,#1923,#1925,.T.);
#1923 = VERTEX_POINT('',#1924);
#1924 = CARTESIAN_POINT('',(4.15,-1.225,-0.45));
#1925 = LINE('',#1926,#1927);
#1926 = CARTESIAN_POINT('',(4.15,-0.625,-0.45));
#1927 = VECTOR('',#1928,1.);
#1928 = DIRECTION('',(-2.22044604925E-016,-1.,0.E+000));
#1929 = ORIENTED_EDGE('',*,*,#1898,.T.);
#1930 = ORIENTED_EDGE('',*,*,#698,.T.);
#1931 = ORIENTED_EDGE('',*,*,#1932,.F.);
#1932 = EDGE_CURVE('',#1923,#691,#1933,.T.);
#1933 = LINE('',#1934,#1935);
#1934 = CARTESIAN_POINT('',(4.15,-1.225,-0.45));
#1935 = VECTOR('',#1936,1.);
#1936 = DIRECTION('',(0.E+000,0.E+000,1.));
#1937 = PLANE('',#1938);
#1938 = AXIS2_PLACEMENT_3D('',#1939,#1940,#1941);
#1939 = CARTESIAN_POINT('',(4.15,-0.625,-0.45));
#1940 = DIRECTION('',(1.,-2.22044604925E-016,0.E+000));
#1941 = DIRECTION('',(0.E+000,0.E+000,1.));
#1942 = ADVANCED_FACE('',(#1943),#1954,.T.);
#1943 = FACE_BOUND('',#1944,.T.);
#1944 = EDGE_LOOP('',(#1945,#1946,#1952,#1953));
#1945 = ORIENTED_EDGE('',*,*,#1932,.F.);
#1946 = ORIENTED_EDGE('',*,*,#1947,.T.);
#1947 = EDGE_CURVE('',#1923,#1220,#1948,.T.);
#1948 = LINE('',#1949,#1950);
#1949 = CARTESIAN_POINT('',(4.15,-1.225,-0.45));
#1950 = VECTOR('',#1951,1.);
#1951 = DIRECTION('',(1.,-2.22044604925E-016,0.E+000));
#1952 = ORIENTED_EDGE('',*,*,#1234,.T.);
#1953 = ORIENTED_EDGE('',*,*,#690,.F.);
#1954 = PLANE('',#1955);
#1955 = AXIS2_PLACEMENT_3D('',#1956,#1957,#1958);
#1956 = CARTESIAN_POINT('',(4.15,-1.225,-0.45));
#1957 = DIRECTION('',(-2.22044604925E-016,-1.,0.E+000));
#1958 = DIRECTION('',(0.E+000,0.E+000,1.));
#1959 = ADVANCED_FACE('',(#1960),#1978,.T.);
#1960 = FACE_BOUND('',#1961,.T.);
#1961 = EDGE_LOOP('',(#1962,#1963,#1971,#1977));
#1962 = ORIENTED_EDGE('',*,*,#1172,.F.);
#1963 = ORIENTED_EDGE('',*,*,#1964,.T.);
#1964 = EDGE_CURVE('',#1158,#1965,#1967,.T.);
#1965 = VERTEX_POINT('',#1966);
#1966 = CARTESIAN_POINT('',(-4.1,-1.225,-0.45));
#1967 = LINE('',#1968,#1969);
#1968 = CARTESIAN_POINT('',(-4.7,-1.225,-0.45));
#1969 = VECTOR('',#1970,1.);
#1970 = DIRECTION('',(1.,-2.22044604925E-016,0.E+000));
#1971 = ORIENTED_EDGE('',*,*,#1972,.T.);
#1972 = EDGE_CURVE('',#1965,#674,#1973,.T.);
#1973 = LINE('',#1974,#1975);
#1974 = CARTESIAN_POINT('',(-4.1,-1.225,-0.45));
#1975 = VECTOR('',#1976,1.);
#1976 = DIRECTION('',(0.E+000,0.E+000,1.));
#1977 = ORIENTED_EDGE('',*,*,#681,.F.);
#1978 = PLANE('',#1979);
#1979 = AXIS2_PLACEMENT_3D('',#1980,#1981,#1982);
#1980 = CARTESIAN_POINT('',(-4.7,-1.225,-0.45));
#1981 = DIRECTION('',(-2.22044604925E-016,-1.,0.E+000));
#1982 = DIRECTION('',(0.E+000,0.E+000,1.));
#1983 = ADVANCED_FACE('',(#1984),#2002,.T.);
#1984 = FACE_BOUND('',#1985,.T.);
#1985 = EDGE_LOOP('',(#1986,#1994,#2000,#2001));
#1986 = ORIENTED_EDGE('',*,*,#1987,.F.);
#1987 = EDGE_CURVE('',#1988,#1965,#1990,.T.);
#1988 = VERTEX_POINT('',#1989);
#1989 = CARTESIAN_POINT('',(-4.1,-0.625,-0.45));
#1990 = LINE('',#1991,#1992);
#1991 = CARTESIAN_POINT('',(-4.1,-0.625,-0.45));
#1992 = VECTOR('',#1993,1.);
#1993 = DIRECTION('',(-2.22044604925E-016,-1.,0.E+000));
#1994 = ORIENTED_EDGE('',*,*,#1995,.T.);
#1995 = EDGE_CURVE('',#1988,#666,#1996,.T.);
#1996 = LINE('',#1997,#1998);
#1997 = CARTESIAN_POINT('',(-4.1,-0.625,-0.45));
#1998 = VECTOR('',#1999,1.);
#1999 = DIRECTION('',(0.E+000,0.E+000,1.));
#2000 = ORIENTED_EDGE('',*,*,#673,.T.);
#2001 = ORIENTED_EDGE('',*,*,#1972,.F.);
#2002 = PLANE('',#2003);
#2003 = AXIS2_PLACEMENT_3D('',#2004,#2005,#2006);
#2004 = CARTESIAN_POINT('',(-4.1,-0.625,-0.45));
#2005 = DIRECTION('',(1.,-2.22044604925E-016,0.E+000));
#2006 = DIRECTION('',(0.E+000,0.E+000,1.));
#2007 = ADVANCED_FACE('',(#2008),#2019,.F.);
#2008 = FACE_BOUND('',#2009,.F.);
#2009 = EDGE_LOOP('',(#2010,#2011,#2017,#2018));
#2010 = ORIENTED_EDGE('',*,*,#1165,.F.);
#2011 = ORIENTED_EDGE('',*,*,#2012,.T.);
#2012 = EDGE_CURVE('',#1156,#1988,#2013,.T.);
#2013 = LINE('',#2014,#2015);
#2014 = CARTESIAN_POINT('',(-4.7,-0.625,-0.45));
#2015 = VECTOR('',#2016,1.);
#2016 = DIRECTION('',(1.,-2.22044604925E-016,0.E+000));
#2017 = ORIENTED_EDGE('',*,*,#1995,.T.);
#2018 = ORIENTED_EDGE('',*,*,#665,.F.);
#2019 = PLANE('',#2020);
#2020 = AXIS2_PLACEMENT_3D('',#2021,#2022,#2023);
#2021 = CARTESIAN_POINT('',(-4.7,-0.625,-0.45));
#2022 = DIRECTION('',(-2.22044604925E-016,-1.,0.E+000));
#2023 = DIRECTION('',(0.E+000,0.E+000,1.));
#2024 = ADVANCED_FACE('',(#2025),#2043,.T.);
#2025 = FACE_BOUND('',#2026,.T.);
#2026 = EDGE_LOOP('',(#2027,#2028,#2036,#2042));
#2027 = ORIENTED_EDGE('',*,*,#1129,.F.);
#2028 = ORIENTED_EDGE('',*,*,#2029,.T.);
#2029 = EDGE_CURVE('',#1115,#2030,#2032,.T.);
#2030 = VERTEX_POINT('',#2031);
#2031 = CARTESIAN_POINT('',(-4.1,0.525,-0.45));
#2032 = LINE('',#2033,#2034);
#2033 = CARTESIAN_POINT('',(-4.7,0.525,-0.45));
#2034 = VECTOR('',#2035,1.);
#2035 = DIRECTION('',(1.,-2.22044604925E-016,0.E+000));
#2036 = ORIENTED_EDGE('',*,*,#2037,.T.);
#2037 = EDGE_CURVE('',#2030,#651,#2038,.T.);
#2038 = LINE('',#2039,#2040);
#2039 = CARTESIAN_POINT('',(-4.1,0.525,-0.45));
#2040 = VECTOR('',#2041,1.);
#2041 = DIRECTION('',(0.E+000,0.E+000,1.));
#2042 = ORIENTED_EDGE('',*,*,#658,.F.);
#2043 = PLANE('',#2044);
#2044 = AXIS2_PLACEMENT_3D('',#2045,#2046,#2047);
#2045 = CARTESIAN_POINT('',(-4.7,0.525,-0.45));
#2046 = DIRECTION('',(-2.22044604925E-016,-1.,0.E+000));
#2047 = DIRECTION('',(0.E+000,0.E+000,1.));
#2048 = ADVANCED_FACE('',(#2049),#2067,.T.);
#2049 = FACE_BOUND('',#2050,.T.);
#2050 = EDGE_LOOP('',(#2051,#2059,#2065,#2066));
#2051 = ORIENTED_EDGE('',*,*,#2052,.F.);
#2052 = EDGE_CURVE('',#2053,#2030,#2055,.T.);
#2053 = VERTEX_POINT('',#2054);
#2054 = CARTESIAN_POINT('',(-4.1,1.125,-0.45));
#2055 = LINE('',#2056,#2057);
#2056 = CARTESIAN_POINT('',(-4.1,1.125,-0.45));
#2057 = VECTOR('',#2058,1.);
#2058 = DIRECTION('',(-2.22044604925E-016,-1.,0.E+000));
#2059 = ORIENTED_EDGE('',*,*,#2060,.T.);
#2060 = EDGE_CURVE('',#2053,#643,#2061,.T.);
#2061 = LINE('',#2062,#2063);
#2062 = CARTESIAN_POINT('',(-4.1,1.125,-0.45));
#2063 = VECTOR('',#2064,1.);
#2064 = DIRECTION('',(0.E+000,0.E+000,1.));
#2065 = ORIENTED_EDGE('',*,*,#650,.T.);
#2066 = ORIENTED_EDGE('',*,*,#2037,.F.);
#2067 = PLANE('',#2068);
#2068 = AXIS2_PLACEMENT_3D('',#2069,#2070,#2071);
#2069 = CARTESIAN_POINT('',(-4.1,1.125,-0.45));
#2070 = DIRECTION('',(1.,-2.22044604925E-016,0.E+000));
#2071 = DIRECTION('',(0.E+000,0.E+000,1.));
#2072 = ADVANCED_FACE('',(#2073),#2084,.F.);
#2073 = FACE_BOUND('',#2074,.F.);
#2074 = EDGE_LOOP('',(#2075,#2076,#2082,#2083));
#2075 = ORIENTED_EDGE('',*,*,#1122,.F.);
#2076 = ORIENTED_EDGE('',*,*,#2077,.T.);
#2077 = EDGE_CURVE('',#1113,#2053,#2078,.T.);
#2078 = LINE('',#2079,#2080);
#2079 = CARTESIAN_POINT('',(-4.7,1.125,-0.45));
#2080 = VECTOR('',#2081,1.);
#2081 = DIRECTION('',(1.,-2.22044604925E-016,0.E+000));
#2082 = ORIENTED_EDGE('',*,*,#2060,.T.);
#2083 = ORIENTED_EDGE('',*,*,#642,.F.);
#2084 = PLANE('',#2085);
#2085 = AXIS2_PLACEMENT_3D('',#2086,#2087,#2088);
#2086 = CARTESIAN_POINT('',(-4.7,1.125,-0.45));
#2087 = DIRECTION('',(-2.22044604925E-016,-1.,0.E+000));
#2088 = DIRECTION('',(0.E+000,0.E+000,1.));
#2089 = ADVANCED_FACE('',(#2090),#2101,.T.);
#2090 = FACE_BOUND('',#2091,.T.);
#2091 = EDGE_LOOP('',(#2092,#2093,#2099,#2100));
#2092 = ORIENTED_EDGE('',*,*,#1817,.F.);
#2093 = ORIENTED_EDGE('',*,*,#2094,.F.);
#2094 = EDGE_CURVE('',#1749,#1810,#2095,.T.);
#2095 = LINE('',#2096,#2097);
#2096 = CARTESIAN_POINT('',(3.425,2.775,0.E+000));
#2097 = VECTOR('',#2098,1.);
#2098 = DIRECTION('',(1.,-2.22044604925E-016,0.E+000));
#2099 = ORIENTED_EDGE('',*,*,#1756,.T.);
#2100 = ORIENTED_EDGE('',*,*,#1096,.T.);
#2101 = PLANE('',#2102);
#2102 = AXIS2_PLACEMENT_3D('',#2103,#2104,#2105);
#2103 = CARTESIAN_POINT('',(3.425,2.775,0.E+000));
#2104 = DIRECTION('',(0.E+000,0.E+000,1.));
#2105 = DIRECTION('',(-2.22044604925E-016,-1.,0.E+000));
#2106 = ADVANCED_FACE('',(#2107),#2118,.F.);
#2107 = FACE_BOUND('',#2108,.F.);
#2108 = EDGE_LOOP('',(#2109,#2115,#2116,#2117));
#2109 = ORIENTED_EDGE('',*,*,#2110,.T.);
#2110 = EDGE_CURVE('',#793,#769,#2111,.T.);
#2111 = LINE('',#2112,#2113);
#2112 = CARTESIAN_POINT('',(-4.7,2.725,0.E+000));
#2113 = VECTOR('',#2114,1.);
#2114 = DIRECTION('',(1.,-2.22044604925E-016,0.E+000));
#2115 = ORIENTED_EDGE('',*,*,#1089,.T.);
#2116 = ORIENTED_EDGE('',*,*,#1081,.F.);
#2117 = ORIENTED_EDGE('',*,*,#1073,.F.);
#2118 = PLANE('',#2119);
#2119 = AXIS2_PLACEMENT_3D('',#2120,#2121,#2122);
#2120 = CARTESIAN_POINT('',(-4.7,2.725,0.E+000));
#2121 = DIRECTION('',(-2.22044604925E-016,-1.,0.E+000));
#2122 = DIRECTION('',(0.E+000,0.E+000,1.));
#2123 = ADVANCED_FACE('',(#2124),#2135,.F.);
#2124 = FACE_BOUND('',#2125,.F.);
#2125 = EDGE_LOOP('',(#2126,#2132,#2133,#2134));
#2126 = ORIENTED_EDGE('',*,*,#2127,.T.);
#2127 = EDGE_CURVE('',#825,#801,#2128,.T.);
#2128 = LINE('',#2129,#2130);
#2129 = CARTESIAN_POINT('',(-4.7,2.725,0.E+000));
#2130 = VECTOR('',#2131,1.);
#2131 = DIRECTION('',(1.,-2.22044604925E-016,0.E+000));
#2132 = ORIENTED_EDGE('',*,*,#1066,.T.);
#2133 = ORIENTED_EDGE('',*,*,#1058,.F.);
#2134 = ORIENTED_EDGE('',*,*,#1050,.F.);
#2135 = PLANE('',#2136);
#2136 = AXIS2_PLACEMENT_3D('',#2137,#2138,#2139);
#2137 = CARTESIAN_POINT('',(-4.7,2.725,0.E+000));
#2138 = DIRECTION('',(-2.22044604925E-016,-1.,0.E+000));
#2139 = DIRECTION('',(0.E+000,0.E+000,1.));
#2140 = ADVANCED_FACE('',(#2141),#2152,.F.);
#2141 = FACE_BOUND('',#2142,.F.);
#2142 = EDGE_LOOP('',(#2143,#2144,#2150,#2151));
#2143 = ORIENTED_EDGE('',*,*,#1027,.F.);
#2144 = ORIENTED_EDGE('',*,*,#2145,.T.);
#2145 = EDGE_CURVE('',#857,#833,#2146,.T.);
#2146 = LINE('',#2147,#2148);
#2147 = CARTESIAN_POINT('',(-4.7,2.725,0.E+000));
#2148 = VECTOR('',#2149,1.);
#2149 = DIRECTION('',(1.,-2.22044604925E-016,0.E+000));
#2150 = ORIENTED_EDGE('',*,*,#1043,.T.);
#2151 = ORIENTED_EDGE('',*,*,#1035,.F.);
#2152 = PLANE('',#2153);
#2153 = AXIS2_PLACEMENT_3D('',#2154,#2155,#2156);
#2154 = CARTESIAN_POINT('',(-4.7,2.725,0.E+000));
#2155 = DIRECTION('',(-2.22044604925E-016,-1.,0.E+000));
#2156 = DIRECTION('',(0.E+000,0.E+000,1.));
#2157 = ADVANCED_FACE('',(#2158),#2169,.F.);
#2158 = FACE_BOUND('',#2159,.F.);
#2159 = EDGE_LOOP('',(#2160,#2161,#2167,#2168));
#2160 = ORIENTED_EDGE('',*,*,#1004,.F.);
#2161 = ORIENTED_EDGE('',*,*,#2162,.T.);
#2162 = EDGE_CURVE('',#889,#865,#2163,.T.);
#2163 = LINE('',#2164,#2165);
#2164 = CARTESIAN_POINT('',(-4.7,2.725,0.E+000));
#2165 = VECTOR('',#2166,1.);
#2166 = DIRECTION('',(1.,-2.22044604925E-016,0.E+000));
#2167 = ORIENTED_EDGE('',*,*,#1020,.T.);
#2168 = ORIENTED_EDGE('',*,*,#1012,.F.);
#2169 = PLANE('',#2170);
#2170 = AXIS2_PLACEMENT_3D('',#2171,#2172,#2173);
#2171 = CARTESIAN_POINT('',(-4.7,2.725,0.E+000));
#2172 = DIRECTION('',(-2.22044604925E-016,-1.,0.E+000));
#2173 = DIRECTION('',(0.E+000,0.E+000,1.));
#2174 = ADVANCED_FACE('',(#2175),#2186,.F.);
#2175 = FACE_BOUND('',#2176,.F.);
#2176 = EDGE_LOOP('',(#2177,#2178,#2184,#2185));
#2177 = ORIENTED_EDGE('',*,*,#981,.F.);
#2178 = ORIENTED_EDGE('',*,*,#2179,.T.);
#2179 = EDGE_CURVE('',#921,#897,#2180,.T.);
#2180 = LINE('',#2181,#2182);
#2181 = CARTESIAN_POINT('',(-4.7,2.725,0.E+000));
#2182 = VECTOR('',#2183,1.);
#2183 = DIRECTION('',(1.,-2.22044604925E-016,0.E+000));
#2184 = ORIENTED_EDGE('',*,*,#997,.T.);
#2185 = ORIENTED_EDGE('',*,*,#989,.F.);
#2186 = PLANE('',#2187);
#2187 = AXIS2_PLACEMENT_3D('',#2188,#2189,#2190);
#2188 = CARTESIAN_POINT('',(-4.7,2.725,0.E+000));
#2189 = DIRECTION('',(-2.22044604925E-016,-1.,0.E+000));
#2190 = DIRECTION('',(0.E+000,0.E+000,1.));
#2191 = ADVANCED_FACE('',(#2192),#2203,.T.);
#2192 = FACE_BOUND('',#2193,.T.);
#2193 = EDGE_LOOP('',(#2194,#2195,#2201,#2202));
#2194 = ORIENTED_EDGE('',*,*,#1327,.F.);
#2195 = ORIENTED_EDGE('',*,*,#2196,.F.);
#2196 = EDGE_CURVE('',#1259,#1320,#2197,.T.);
#2197 = LINE('',#2198,#2199);
#2198 = CARTESIAN_POINT('',(-3.775,2.775,0.E+000));
#2199 = VECTOR('',#2200,1.);
#2200 = DIRECTION('',(1.,-2.22044604925E-016,0.E+000));
#2201 = ORIENTED_EDGE('',*,*,#1266,.T.);
#2202 = ORIENTED_EDGE('',*,*,#974,.T.);
#2203 = PLANE('',#2204);
#2204 = AXIS2_PLACEMENT_3D('',#2205,#2206,#2207);
#2205 = CARTESIAN_POINT('',(-3.775,2.775,0.E+000));
#2206 = DIRECTION('',(0.E+000,0.E+000,1.));
#2207 = DIRECTION('',(-2.22044604925E-016,-1.,0.E+000));
#2208 = ADVANCED_FACE('',(#2209),#2215,.F.);
#2209 = FACE_BOUND('',#2210,.F.);
#2210 = EDGE_LOOP('',(#2211,#2212,#2213,#2214));
#2211 = ORIENTED_EDGE('',*,*,#2077,.F.);
#2212 = ORIENTED_EDGE('',*,*,#1112,.T.);
#2213 = ORIENTED_EDGE('',*,*,#2029,.T.);
#2214 = ORIENTED_EDGE('',*,*,#2052,.F.);
#2215 = PLANE('',#2216);
#2216 = AXIS2_PLACEMENT_3D('',#2217,#2218,#2219);
#2217 = CARTESIAN_POINT('',(-4.7,1.125,-0.45));
#2218 = DIRECTION('',(0.E+000,0.E+000,1.));
#2219 = DIRECTION('',(-2.22044604925E-016,-1.,0.E+000));
#2220 = ADVANCED_FACE('',(#2221),#2227,.F.);
#2221 = FACE_BOUND('',#2222,.F.);
#2222 = EDGE_LOOP('',(#2223,#2224,#2225,#2226));
#2223 = ORIENTED_EDGE('',*,*,#2012,.F.);
#2224 = ORIENTED_EDGE('',*,*,#1155,.T.);
#2225 = ORIENTED_EDGE('',*,*,#1964,.T.);
#2226 = ORIENTED_EDGE('',*,*,#1987,.F.);
#2227 = PLANE('',#2228);
#2228 = AXIS2_PLACEMENT_3D('',#2229,#2230,#2231);
#2229 = CARTESIAN_POINT('',(-4.7,-0.625,-0.45));
#2230 = DIRECTION('',(0.E+000,0.E+000,1.));
#2231 = DIRECTION('',(-2.22044604925E-016,-1.,0.E+000));
#2232 = ADVANCED_FACE('',(#2233),#2239,.F.);
#2233 = FACE_BOUND('',#2234,.F.);
#2234 = EDGE_LOOP('',(#2235,#2236,#2237,#2238));
#2235 = ORIENTED_EDGE('',*,*,#1841,.F.);
#2236 = ORIENTED_EDGE('',*,*,#1857,.T.);
#2237 = ORIENTED_EDGE('',*,*,#1882,.T.);
#2238 = ORIENTED_EDGE('',*,*,#1186,.F.);
#2239 = PLANE('',#2240);
#2240 = AXIS2_PLACEMENT_3D('',#2241,#2242,#2243);
#2241 = CARTESIAN_POINT('',(4.15,1.125,-0.45));
#2242 = DIRECTION('',(0.E+000,0.E+000,1.));
#2243 = DIRECTION('',(-2.22044604925E-016,-1.,0.E+000));
#2244 = ADVANCED_FACE('',(#2245),#2251,.F.);
#2245 = FACE_BOUND('',#2246,.F.);
#2246 = EDGE_LOOP('',(#2247,#2248,#2249,#2250));
#2247 = ORIENTED_EDGE('',*,*,#1906,.F.);
#2248 = ORIENTED_EDGE('',*,*,#1922,.T.);
#2249 = ORIENTED_EDGE('',*,*,#1947,.T.);
#2250 = ORIENTED_EDGE('',*,*,#1217,.F.);
#2251 = PLANE('',#2252);
#2252 = AXIS2_PLACEMENT_3D('',#2253,#2254,#2255);
#2253 = CARTESIAN_POINT('',(4.15,-0.625,-0.45));
#2254 = DIRECTION('',(0.E+000,0.E+000,1.));
#2255 = DIRECTION('',(-2.22044604925E-016,-1.,0.E+000));
#2256 = ADVANCED_FACE('',(#2257),#2268,.F.);
#2257 = FACE_BOUND('',#2258,.F.);
#2258 = EDGE_LOOP('',(#2259,#2265,#2266,#2267));
#2259 = ORIENTED_EDGE('',*,*,#2260,.F.);
#2260 = EDGE_CURVE('',#1249,#1312,#2261,.T.);
#2261 = LINE('',#2262,#2263);
#2262 = CARTESIAN_POINT('',(-3.775,2.775,-0.45));
#2263 = VECTOR('',#2264,1.);
#2264 = DIRECTION('',(1.,-2.22044604925E-016,0.E+000));
#2265 = ORIENTED_EDGE('',*,*,#1248,.T.);
#2266 = ORIENTED_EDGE('',*,*,#1288,.T.);
#2267 = ORIENTED_EDGE('',*,*,#1311,.F.);
#2268 = PLANE('',#2269);
#2269 = AXIS2_PLACEMENT_3D('',#2270,#2271,#2272);
#2270 = CARTESIAN_POINT('',(-3.775,2.775,-0.45));
#2271 = DIRECTION('',(0.E+000,0.E+000,1.));
#2272 = DIRECTION('',(-2.22044604925E-016,-1.,0.E+000));
#2273 = ADVANCED_FACE('',(#2274),#2280,.F.);
#2274 = FACE_BOUND('',#2275,.F.);
#2275 = EDGE_LOOP('',(#2276,#2277,#2278,#2279));
#2276 = ORIENTED_EDGE('',*,*,#1258,.F.);
#2277 = ORIENTED_EDGE('',*,*,#2260,.T.);
#2278 = ORIENTED_EDGE('',*,*,#1319,.T.);
#2279 = ORIENTED_EDGE('',*,*,#2196,.F.);
#2280 = PLANE('',#2281);
#2281 = AXIS2_PLACEMENT_3D('',#2282,#2283,#2284);
#2282 = CARTESIAN_POINT('',(-3.775,2.775,-0.45));
#2283 = DIRECTION('',(-2.22044604925E-016,-1.,0.E+000));
#2284 = DIRECTION('',(0.E+000,0.E+000,1.));
#2285 = ADVANCED_FACE('',(#2286),#2297,.F.);
#2286 = FACE_BOUND('',#2287,.F.);
#2287 = EDGE_LOOP('',(#2288,#2289,#2295,#2296));
#2288 = ORIENTED_EDGE('',*,*,#1359,.F.);
#2289 = ORIENTED_EDGE('',*,*,#2290,.T.);
#2290 = EDGE_CURVE('',#1352,#1400,#2291,.T.);
#2291 = LINE('',#2292,#2293);
#2292 = CARTESIAN_POINT('',(-1.55,2.725,-5.E-002));
#2293 = VECTOR('',#2294,1.);
#2294 = DIRECTION('',(1.,-2.22044604925E-016,0.E+000));
#2295 = ORIENTED_EDGE('',*,*,#1407,.T.);
#2296 = ORIENTED_EDGE('',*,*,#2179,.F.);
#2297 = PLANE('',#2298);
#2298 = AXIS2_PLACEMENT_3D('',#2299,#2300,#2301);
#2299 = CARTESIAN_POINT('',(-1.55,2.725,-5.E-002));
#2300 = DIRECTION('',(-2.22044604925E-016,-1.,0.E+000));
#2301 = DIRECTION('',(0.E+000,0.E+000,1.));
#2302 = ADVANCED_FACE('',(#2303),#2309,.F.);
#2303 = FACE_BOUND('',#2304,.F.);
#2304 = EDGE_LOOP('',(#2305,#2306,#2307,#2308));
#2305 = ORIENTED_EDGE('',*,*,#2290,.F.);
#2306 = ORIENTED_EDGE('',*,*,#1351,.T.);
#2307 = ORIENTED_EDGE('',*,*,#1375,.T.);
#2308 = ORIENTED_EDGE('',*,*,#1399,.F.);
#2309 = PLANE('',#2310);
#2310 = AXIS2_PLACEMENT_3D('',#2311,#2312,#2313);
#2311 = CARTESIAN_POINT('',(-1.55,2.725,-5.E-002));
#2312 = DIRECTION('',(0.E+000,0.E+000,1.));
#2313 = DIRECTION('',(-2.22044604925E-016,-1.,0.E+000));
#2314 = ADVANCED_FACE('',(#2315),#2326,.F.);
#2315 = FACE_BOUND('',#2316,.F.);
#2316 = EDGE_LOOP('',(#2317,#2318,#2324,#2325));
#2317 = ORIENTED_EDGE('',*,*,#1438,.F.);
#2318 = ORIENTED_EDGE('',*,*,#2319,.T.);
#2319 = EDGE_CURVE('',#1431,#1479,#2320,.T.);
#2320 = LINE('',#2321,#2322);
#2321 = CARTESIAN_POINT('',(-0.815,2.725,-5.E-002));
#2322 = VECTOR('',#2323,1.);
#2323 = DIRECTION('',(1.,-2.22044604925E-016,0.E+000));
#2324 = ORIENTED_EDGE('',*,*,#1486,.T.);
#2325 = ORIENTED_EDGE('',*,*,#2162,.F.);
#2326 = PLANE('',#2327);
#2327 = AXIS2_PLACEMENT_3D('',#2328,#2329,#2330);
#2328 = CARTESIAN_POINT('',(-0.815,2.725,-5.E-002));
#2329 = DIRECTION('',(-2.22044604925E-016,-1.,0.E+000));
#2330 = DIRECTION('',(0.E+000,0.E+000,1.));
#2331 = ADVANCED_FACE('',(#2332),#2338,.F.);
#2332 = FACE_BOUND('',#2333,.F.);
#2333 = EDGE_LOOP('',(#2334,#2335,#2336,#2337));
#2334 = ORIENTED_EDGE('',*,*,#2319,.F.);
#2335 = ORIENTED_EDGE('',*,*,#1430,.T.);
#2336 = ORIENTED_EDGE('',*,*,#1454,.T.);
#2337 = ORIENTED_EDGE('',*,*,#1478,.F.);
#2338 = PLANE('',#2339);
#2339 = AXIS2_PLACEMENT_3D('',#2340,#2341,#2342);
#2340 = CARTESIAN_POINT('',(-0.815,2.725,-5.E-002));
#2341 = DIRECTION('',(0.E+000,0.E+000,1.));
#2342 = DIRECTION('',(-2.22044604925E-016,-1.,0.E+000));
#2343 = ADVANCED_FACE('',(#2344),#2355,.F.);
#2344 = FACE_BOUND('',#2345,.F.);
#2345 = EDGE_LOOP('',(#2346,#2347,#2353,#2354));
#2346 = ORIENTED_EDGE('',*,*,#1517,.F.);
#2347 = ORIENTED_EDGE('',*,*,#2348,.T.);
#2348 = EDGE_CURVE('',#1510,#1558,#2349,.T.);
#2349 = LINE('',#2350,#2351);
#2350 = CARTESIAN_POINT('',(-0.165,2.725,-5.E-002));
#2351 = VECTOR('',#2352,1.);
#2352 = DIRECTION('',(1.,-2.22044604925E-016,0.E+000));
#2353 = ORIENTED_EDGE('',*,*,#1565,.T.);
#2354 = ORIENTED_EDGE('',*,*,#2145,.F.);
#2355 = PLANE('',#2356);
#2356 = AXIS2_PLACEMENT_3D('',#2357,#2358,#2359);
#2357 = CARTESIAN_POINT('',(-0.165,2.725,-5.E-002));
#2358 = DIRECTION('',(-2.22044604925E-016,-1.,0.E+000));
#2359 = DIRECTION('',(0.E+000,0.E+000,1.));
#2360 = ADVANCED_FACE('',(#2361),#2367,.F.);
#2361 = FACE_BOUND('',#2362,.F.);
#2362 = EDGE_LOOP('',(#2363,#2364,#2365,#2366));
#2363 = ORIENTED_EDGE('',*,*,#2348,.F.);
#2364 = ORIENTED_EDGE('',*,*,#1509,.T.);
#2365 = ORIENTED_EDGE('',*,*,#1533,.T.);
#2366 = ORIENTED_EDGE('',*,*,#1557,.F.);
#2367 = PLANE('',#2368);
#2368 = AXIS2_PLACEMENT_3D('',#2369,#2370,#2371);
#2369 = CARTESIAN_POINT('',(-0.165,2.725,-5.E-002));
#2370 = DIRECTION('',(0.E+000,0.E+000,1.));
#2371 = DIRECTION('',(-2.22044604925E-016,-1.,0.E+000));
#2372 = ADVANCED_FACE('',(#2373),#2384,.F.);
#2373 = FACE_BOUND('',#2374,.F.);
#2374 = EDGE_LOOP('',(#2375,#2376,#2382,#2383));
#2375 = ORIENTED_EDGE('',*,*,#1596,.F.);
#2376 = ORIENTED_EDGE('',*,*,#2377,.T.);
#2377 = EDGE_CURVE('',#1589,#1637,#2378,.T.);
#2378 = LINE('',#2379,#2380);
#2379 = CARTESIAN_POINT('',(0.485,2.725,-5.E-002));
#2380 = VECTOR('',#2381,1.);
#2381 = DIRECTION('',(1.,-2.22044604925E-016,0.E+000));
#2382 = ORIENTED_EDGE('',*,*,#1644,.T.);
#2383 = ORIENTED_EDGE('',*,*,#2127,.F.);
#2384 = PLANE('',#2385);
#2385 = AXIS2_PLACEMENT_3D('',#2386,#2387,#2388);
#2386 = CARTESIAN_POINT('',(0.485,2.725,-5.E-002));
#2387 = DIRECTION('',(-2.22044604925E-016,-1.,0.E+000));
#2388 = DIRECTION('',(0.E+000,0.E+000,1.));
#2389 = ADVANCED_FACE('',(#2390),#2396,.F.);
#2390 = FACE_BOUND('',#2391,.F.);
#2391 = EDGE_LOOP('',(#2392,#2393,#2394,#2395));
#2392 = ORIENTED_EDGE('',*,*,#2377,.F.);
#2393 = ORIENTED_EDGE('',*,*,#1588,.T.);
#2394 = ORIENTED_EDGE('',*,*,#1612,.T.);
#2395 = ORIENTED_EDGE('',*,*,#1636,.F.);
#2396 = PLANE('',#2397);
#2397 = AXIS2_PLACEMENT_3D('',#2398,#2399,#2400);
#2398 = CARTESIAN_POINT('',(0.485,2.725,-5.E-002));
#2399 = DIRECTION('',(0.E+000,0.E+000,1.));
#2400 = DIRECTION('',(-2.22044604925E-016,-1.,0.E+000));
#2401 = ADVANCED_FACE('',(#2402),#2413,.F.);
#2402 = FACE_BOUND('',#2403,.F.);
#2403 = EDGE_LOOP('',(#2404,#2405,#2411,#2412));
#2404 = ORIENTED_EDGE('',*,*,#1675,.F.);
#2405 = ORIENTED_EDGE('',*,*,#2406,.T.);
#2406 = EDGE_CURVE('',#1668,#1716,#2407,.T.);
#2407 = LINE('',#2408,#2409);
#2408 = CARTESIAN_POINT('',(1.05,2.725,-5.E-002));
#2409 = VECTOR('',#2410,1.);
#2410 = DIRECTION('',(1.,-2.22044604925E-016,0.E+000));
#2411 = ORIENTED_EDGE('',*,*,#1723,.T.);
#2412 = ORIENTED_EDGE('',*,*,#2110,.F.);
#2413 = PLANE('',#2414);
#2414 = AXIS2_PLACEMENT_3D('',#2415,#2416,#2417);
#2415 = CARTESIAN_POINT('',(1.05,2.725,-5.E-002));
#2416 = DIRECTION('',(-2.22044604925E-016,-1.,0.E+000));
#2417 = DIRECTION('',(0.E+000,0.E+000,1.));
#2418 = ADVANCED_FACE('',(#2419),#2425,.F.);
#2419 = FACE_BOUND('',#2420,.F.);
#2420 = EDGE_LOOP('',(#2421,#2422,#2423,#2424));
#2421 = ORIENTED_EDGE('',*,*,#2406,.F.);
#2422 = ORIENTED_EDGE('',*,*,#1667,.T.);
#2423 = ORIENTED_EDGE('',*,*,#1691,.T.);
#2424 = ORIENTED_EDGE('',*,*,#1715,.F.);
#2425 = PLANE('',#2426);
#2426 = AXIS2_PLACEMENT_3D('',#2427,#2428,#2429);
#2427 = CARTESIAN_POINT('',(1.05,2.725,-5.E-002));
#2428 = DIRECTION('',(0.E+000,0.E+000,1.));
#2429 = DIRECTION('',(-2.22044604925E-016,-1.,0.E+000));
#2430 = ADVANCED_FACE('',(#2431),#2442,.F.);
#2431 = FACE_BOUND('',#2432,.F.);
#2432 = EDGE_LOOP('',(#2433,#2439,#2440,#2441));
#2433 = ORIENTED_EDGE('',*,*,#2434,.F.);
#2434 = EDGE_CURVE('',#1739,#1802,#2435,.T.);
#2435 = LINE('',#2436,#2437);
#2436 = CARTESIAN_POINT('',(3.425,2.775,-0.45));
#2437 = VECTOR('',#2438,1.);
#2438 = DIRECTION('',(1.,-2.22044604925E-016,0.E+000));
#2439 = ORIENTED_EDGE('',*,*,#1738,.T.);
#2440 = ORIENTED_EDGE('',*,*,#1778,.T.);
#2441 = ORIENTED_EDGE('',*,*,#1801,.F.);
#2442 = PLANE('',#2443);
#2443 = AXIS2_PLACEMENT_3D('',#2444,#2445,#2446);
#2444 = CARTESIAN_POINT('',(3.425,2.775,-0.45));
#2445 = DIRECTION('',(0.E+000,0.E+000,1.));
#2446 = DIRECTION('',(-2.22044604925E-016,-1.,0.E+000));
#2447 = ADVANCED_FACE('',(#2448),#2454,.F.);
#2448 = FACE_BOUND('',#2449,.F.);
#2449 = EDGE_LOOP('',(#2450,#2451,#2452,#2453));
#2450 = ORIENTED_EDGE('',*,*,#1748,.F.);
#2451 = ORIENTED_EDGE('',*,*,#2434,.T.);
#2452 = ORIENTED_EDGE('',*,*,#1809,.T.);
#2453 = ORIENTED_EDGE('',*,*,#2094,.F.);
#2454 = PLANE('',#2455);
#2455 = AXIS2_PLACEMENT_3D('',#2456,#2457,#2458);
#2456 = CARTESIAN_POINT('',(3.425,2.775,-0.45));
#2457 = DIRECTION('',(-2.22044604925E-016,-1.,0.E+000));
#2458 = DIRECTION('',(0.E+000,0.E+000,1.));
#2459 = ( GEOMETRIC_REPRESENTATION_CONTEXT(3) 
GLOBAL_UNCERTAINTY_ASSIGNED_CONTEXT((#2463)) 
GLOBAL_UNIT_ASSIGNED_CONTEXT((#2460,#2461,#2462)) REPRESENTATION_CONTEXT
('Context #1','3D Context with UNIT and UNCERTAINTY') );
#2460 = ( LENGTH_UNIT() NAMED_UNIT(*) SI_UNIT(.MILLI.,.METRE.) );
#2461 = ( NAMED_UNIT(*) PLANE_ANGLE_UNIT() SI_UNIT($,.RADIAN.) );
#2462 = ( NAMED_UNIT(*) SI_UNIT($,.STERADIAN.) SOLID_ANGLE_UNIT() );
#2463 = UNCERTAINTY_MEASURE_WITH_UNIT(LENGTH_MEASURE(1.E-007),#2460,
  'distance_accuracy_value','confusion accuracy');
#2464 = PRODUCT_RELATED_PRODUCT_CATEGORY('part',$,(#7));
#2465 = MECHANICAL_DESIGN_GEOMETRIC_PRESENTATION_REPRESENTATION('',(
    #2466,#2474,#2481,#2488,#2495,#2502,#2510,#2517,#2524,#2531,#2538,
    #2545,#2552,#2559,#2566,#2573,#2580,#2588,#2595,#2602,#2609,#2616,
    #2623,#2630,#2637,#2644,#2651,#2658,#2665,#2672,#2680,#2687,#2694,
    #2701,#2708,#2715,#2722,#2729,#2736,#2743,#2750,#2757,#2764,#2771,
    #2778,#2785,#2792,#2799,#2806,#2813,#2820,#2827,#2834,#2841,#2848,
    #2855,#2862,#2869,#2876,#2883,#2890,#2897,#2904,#2911,#2918,#2925,
    #2932,#2939,#2946,#2953,#2960,#2967,#2974,#2981,#2988,#2995,#3002,
    #3009,#3016,#3023,#3030,#3037,#3044,#3051),#2459);
#2466 = STYLED_ITEM('color',(#2467),#17);
#2467 = PRESENTATION_STYLE_ASSIGNMENT((#2468));
#2468 = SURFACE_STYLE_USAGE(.BOTH.,#2469);
#2469 = SURFACE_SIDE_STYLE('',(#2470));
#2470 = SURFACE_STYLE_FILL_AREA(#2471);
#2471 = FILL_AREA_STYLE('',(#2472));
#2472 = FILL_AREA_STYLE_COLOUR('',#2473);
#2473 = COLOUR_RGB('',0.507539987564,0.507539987564,0.507539987564);
#2474 = STYLED_ITEM('color',(#2475),#57);
#2475 = PRESENTATION_STYLE_ASSIGNMENT((#2476));
#2476 = SURFACE_STYLE_USAGE(.BOTH.,#2477);
#2477 = SURFACE_SIDE_STYLE('',(#2478));
#2478 = SURFACE_STYLE_FILL_AREA(#2479);
#2479 = FILL_AREA_STYLE('',(#2480));
#2480 = FILL_AREA_STYLE_COLOUR('',#2473);
#2481 = STYLED_ITEM('color',(#2482),#88);
#2482 = PRESENTATION_STYLE_ASSIGNMENT((#2483));
#2483 = SURFACE_STYLE_USAGE(.BOTH.,#2484);
#2484 = SURFACE_SIDE_STYLE('',(#2485));
#2485 = SURFACE_STYLE_FILL_AREA(#2486);
#2486 = FILL_AREA_STYLE('',(#2487));
#2487 = FILL_AREA_STYLE_COLOUR('',#2473);
#2488 = STYLED_ITEM('color',(#2489),#112);
#2489 = PRESENTATION_STYLE_ASSIGNMENT((#2490));
#2490 = SURFACE_STYLE_USAGE(.BOTH.,#2491);
#2491 = SURFACE_SIDE_STYLE('',(#2492));
#2492 = SURFACE_STYLE_FILL_AREA(#2493);
#2493 = FILL_AREA_STYLE('',(#2494));
#2494 = FILL_AREA_STYLE_COLOUR('',#2473);
#2495 = STYLED_ITEM('color',(#2496),#136);
#2496 = PRESENTATION_STYLE_ASSIGNMENT((#2497));
#2497 = SURFACE_STYLE_USAGE(.BOTH.,#2498);
#2498 = SURFACE_SIDE_STYLE('',(#2499));
#2499 = SURFACE_STYLE_FILL_AREA(#2500);
#2500 = FILL_AREA_STYLE('',(#2501));
#2501 = FILL_AREA_STYLE_COLOUR('',#2473);
#2502 = STYLED_ITEM('color',(#2503),#153);
#2503 = PRESENTATION_STYLE_ASSIGNMENT((#2504));
#2504 = SURFACE_STYLE_USAGE(.BOTH.,#2505);
#2505 = SURFACE_SIDE_STYLE('',(#2506));
#2506 = SURFACE_STYLE_FILL_AREA(#2507);
#2507 = FILL_AREA_STYLE('',(#2508));
#2508 = FILL_AREA_STYLE_COLOUR('',#2509);
#2509 = COLOUR_RGB('',0.800000011921,0.800000011921,0.800000011921);
#2510 = STYLED_ITEM('color',(#2511),#199);
#2511 = PRESENTATION_STYLE_ASSIGNMENT((#2512));
#2512 = SURFACE_STYLE_USAGE(.BOTH.,#2513);
#2513 = SURFACE_SIDE_STYLE('',(#2514));
#2514 = SURFACE_STYLE_FILL_AREA(#2515);
#2515 = FILL_AREA_STYLE('',(#2516));
#2516 = FILL_AREA_STYLE_COLOUR('',#2509);
#2517 = STYLED_ITEM('color',(#2518),#230);
#2518 = PRESENTATION_STYLE_ASSIGNMENT((#2519));
#2519 = SURFACE_STYLE_USAGE(.BOTH.,#2520);
#2520 = SURFACE_SIDE_STYLE('',(#2521));
#2521 = SURFACE_STYLE_FILL_AREA(#2522);
#2522 = FILL_AREA_STYLE('',(#2523));
#2523 = FILL_AREA_STYLE_COLOUR('',#2509);
#2524 = STYLED_ITEM('color',(#2525),#254);
#2525 = PRESENTATION_STYLE_ASSIGNMENT((#2526));
#2526 = SURFACE_STYLE_USAGE(.BOTH.,#2527);
#2527 = SURFACE_SIDE_STYLE('',(#2528));
#2528 = SURFACE_STYLE_FILL_AREA(#2529);
#2529 = FILL_AREA_STYLE('',(#2530));
#2530 = FILL_AREA_STYLE_COLOUR('',#2509);
#2531 = STYLED_ITEM('color',(#2532),#278);
#2532 = PRESENTATION_STYLE_ASSIGNMENT((#2533));
#2533 = SURFACE_STYLE_USAGE(.BOTH.,#2534);
#2534 = SURFACE_SIDE_STYLE('',(#2535));
#2535 = SURFACE_STYLE_FILL_AREA(#2536);
#2536 = FILL_AREA_STYLE('',(#2537));
#2537 = FILL_AREA_STYLE_COLOUR('',#2509);
#2538 = STYLED_ITEM('color',(#2539),#295);
#2539 = PRESENTATION_STYLE_ASSIGNMENT((#2540));
#2540 = SURFACE_STYLE_USAGE(.BOTH.,#2541);
#2541 = SURFACE_SIDE_STYLE('',(#2542));
#2542 = SURFACE_STYLE_FILL_AREA(#2543);
#2543 = FILL_AREA_STYLE('',(#2544));
#2544 = FILL_AREA_STYLE_COLOUR('',#2473);
#2545 = STYLED_ITEM('color',(#2546),#341);
#2546 = PRESENTATION_STYLE_ASSIGNMENT((#2547));
#2547 = SURFACE_STYLE_USAGE(.BOTH.,#2548);
#2548 = SURFACE_SIDE_STYLE('',(#2549));
#2549 = SURFACE_STYLE_FILL_AREA(#2550);
#2550 = FILL_AREA_STYLE('',(#2551));
#2551 = FILL_AREA_STYLE_COLOUR('',#2473);
#2552 = STYLED_ITEM('color',(#2553),#388);
#2553 = PRESENTATION_STYLE_ASSIGNMENT((#2554));
#2554 = SURFACE_STYLE_USAGE(.BOTH.,#2555);
#2555 = SURFACE_SIDE_STYLE('',(#2556));
#2556 = SURFACE_STYLE_FILL_AREA(#2557);
#2557 = FILL_AREA_STYLE('',(#2558));
#2558 = FILL_AREA_STYLE_COLOUR('',#2473);
#2559 = STYLED_ITEM('color',(#2560),#412);
#2560 = PRESENTATION_STYLE_ASSIGNMENT((#2561));
#2561 = SURFACE_STYLE_USAGE(.BOTH.,#2562);
#2562 = SURFACE_SIDE_STYLE('',(#2563));
#2563 = SURFACE_STYLE_FILL_AREA(#2564);
#2564 = FILL_AREA_STYLE('',(#2565));
#2565 = FILL_AREA_STYLE_COLOUR('',#2473);
#2566 = STYLED_ITEM('color',(#2567),#436);
#2567 = PRESENTATION_STYLE_ASSIGNMENT((#2568));
#2568 = SURFACE_STYLE_USAGE(.BOTH.,#2569);
#2569 = SURFACE_SIDE_STYLE('',(#2570));
#2570 = SURFACE_STYLE_FILL_AREA(#2571);
#2571 = FILL_AREA_STYLE('',(#2572));
#2572 = FILL_AREA_STYLE_COLOUR('',#2473);
#2573 = STYLED_ITEM('color',(#2574),#469);
#2574 = PRESENTATION_STYLE_ASSIGNMENT((#2575));
#2575 = SURFACE_STYLE_USAGE(.BOTH.,#2576);
#2576 = SURFACE_SIDE_STYLE('',(#2577));
#2577 = SURFACE_STYLE_FILL_AREA(#2578);
#2578 = FILL_AREA_STYLE('',(#2579));
#2579 = FILL_AREA_STYLE_COLOUR('',#2473);
#2580 = STYLED_ITEM('color',(#2581),#486);
#2581 = PRESENTATION_STYLE_ASSIGNMENT((#2582));
#2582 = SURFACE_STYLE_USAGE(.BOTH.,#2583);
#2583 = SURFACE_SIDE_STYLE('',(#2584));
#2584 = SURFACE_STYLE_FILL_AREA(#2585);
#2585 = FILL_AREA_STYLE('',(#2586));
#2586 = FILL_AREA_STYLE_COLOUR('',#2587);
#2587 = COLOUR_RGB('',0.662744998932,0.662744998932,0.662744998932);
#2588 = STYLED_ITEM('color',(#2589),#549);
#2589 = PRESENTATION_STYLE_ASSIGNMENT((#2590));
#2590 = SURFACE_STYLE_USAGE(.BOTH.,#2591);
#2591 = SURFACE_SIDE_STYLE('',(#2592));
#2592 = SURFACE_STYLE_FILL_AREA(#2593);
#2593 = FILL_AREA_STYLE('',(#2594));
#2594 = FILL_AREA_STYLE_COLOUR('',#2473);
#2595 = STYLED_ITEM('color',(#2596),#566);
#2596 = PRESENTATION_STYLE_ASSIGNMENT((#2597));
#2597 = SURFACE_STYLE_USAGE(.BOTH.,#2598);
#2598 = SURFACE_SIDE_STYLE('',(#2599));
#2599 = SURFACE_STYLE_FILL_AREA(#2600);
#2600 = FILL_AREA_STYLE('',(#2601));
#2601 = FILL_AREA_STYLE_COLOUR('',#2587);
#2602 = STYLED_ITEM('color',(#2603),#629);
#2603 = PRESENTATION_STYLE_ASSIGNMENT((#2604));
#2604 = SURFACE_STYLE_USAGE(.BOTH.,#2605);
#2605 = SURFACE_SIDE_STYLE('',(#2606));
#2606 = SURFACE_STYLE_FILL_AREA(#2607);
#2607 = FILL_AREA_STYLE('',(#2608));
#2608 = FILL_AREA_STYLE_COLOUR('',#2587);
#2609 = STYLED_ITEM('color',(#2610),#962);
#2610 = PRESENTATION_STYLE_ASSIGNMENT((#2611));
#2611 = SURFACE_STYLE_USAGE(.BOTH.,#2612);
#2612 = SURFACE_SIDE_STYLE('',(#2613));
#2613 = SURFACE_STYLE_FILL_AREA(#2614);
#2614 = FILL_AREA_STYLE('',(#2615));
#2615 = FILL_AREA_STYLE_COLOUR('',#2587);
#2616 = STYLED_ITEM('color',(#2617),#1108);
#2617 = PRESENTATION_STYLE_ASSIGNMENT((#2618));
#2618 = SURFACE_STYLE_USAGE(.BOTH.,#2619);
#2619 = SURFACE_SIDE_STYLE('',(#2620));
#2620 = SURFACE_STYLE_FILL_AREA(#2621);
#2621 = FILL_AREA_STYLE('',(#2622));
#2622 = FILL_AREA_STYLE_COLOUR('',#2587);
#2623 = STYLED_ITEM('color',(#2624),#1139);
#2624 = PRESENTATION_STYLE_ASSIGNMENT((#2625));
#2625 = SURFACE_STYLE_USAGE(.BOTH.,#2626);
#2626 = SURFACE_SIDE_STYLE('',(#2627));
#2627 = SURFACE_STYLE_FILL_AREA(#2628);
#2628 = FILL_AREA_STYLE('',(#2629));
#2629 = FILL_AREA_STYLE_COLOUR('',#2587);
#2630 = STYLED_ITEM('color',(#2631),#1151);
#2631 = PRESENTATION_STYLE_ASSIGNMENT((#2632));
#2632 = SURFACE_STYLE_USAGE(.BOTH.,#2633);
#2633 = SURFACE_SIDE_STYLE('',(#2634));
#2634 = SURFACE_STYLE_FILL_AREA(#2635);
#2635 = FILL_AREA_STYLE('',(#2636));
#2636 = FILL_AREA_STYLE_COLOUR('',#2587);
#2637 = STYLED_ITEM('color',(#2638),#1182);
#2638 = PRESENTATION_STYLE_ASSIGNMENT((#2639));
#2639 = SURFACE_STYLE_USAGE(.BOTH.,#2640);
#2640 = SURFACE_SIDE_STYLE('',(#2641));
#2641 = SURFACE_STYLE_FILL_AREA(#2642);
#2642 = FILL_AREA_STYLE('',(#2643));
#2643 = FILL_AREA_STYLE_COLOUR('',#2587);
#2644 = STYLED_ITEM('color',(#2645),#1213);
#2645 = PRESENTATION_STYLE_ASSIGNMENT((#2646));
#2646 = SURFACE_STYLE_USAGE(.BOTH.,#2647);
#2647 = SURFACE_SIDE_STYLE('',(#2648));
#2648 = SURFACE_STYLE_FILL_AREA(#2649);
#2649 = FILL_AREA_STYLE('',(#2650));
#2650 = FILL_AREA_STYLE_COLOUR('',#2587);
#2651 = STYLED_ITEM('color',(#2652),#1244);
#2652 = PRESENTATION_STYLE_ASSIGNMENT((#2653));
#2653 = SURFACE_STYLE_USAGE(.BOTH.,#2654);
#2654 = SURFACE_SIDE_STYLE('',(#2655));
#2655 = SURFACE_STYLE_FILL_AREA(#2656);
#2656 = FILL_AREA_STYLE('',(#2657));
#2657 = FILL_AREA_STYLE_COLOUR('',#2587);
#2658 = STYLED_ITEM('color',(#2659),#1283);
#2659 = PRESENTATION_STYLE_ASSIGNMENT((#2660));
#2660 = SURFACE_STYLE_USAGE(.BOTH.,#2661);
#2661 = SURFACE_SIDE_STYLE('',(#2662));
#2662 = SURFACE_STYLE_FILL_AREA(#2663);
#2663 = FILL_AREA_STYLE('',(#2664));
#2664 = FILL_AREA_STYLE_COLOUR('',#2587);
#2665 = STYLED_ITEM('color',(#2666),#1307);
#2666 = PRESENTATION_STYLE_ASSIGNMENT((#2667));
#2667 = SURFACE_STYLE_USAGE(.BOTH.,#2668);
#2668 = SURFACE_SIDE_STYLE('',(#2669));
#2669 = SURFACE_STYLE_FILL_AREA(#2670);
#2670 = FILL_AREA_STYLE('',(#2671));
#2671 = FILL_AREA_STYLE_COLOUR('',#2587);
#2672 = STYLED_ITEM('color',(#2673),#1339);
#2673 = PRESENTATION_STYLE_ASSIGNMENT((#2674));
#2674 = SURFACE_STYLE_USAGE(.BOTH.,#2675);
#2675 = SURFACE_SIDE_STYLE('',(#2676));
#2676 = SURFACE_STYLE_FILL_AREA(#2677);
#2677 = FILL_AREA_STYLE('',(#2678));
#2678 = FILL_AREA_STYLE_COLOUR('',#2679);
#2679 = COLOUR_RGB('',0.96078401804,0.96078401804,0.96078401804);
#2680 = STYLED_ITEM('color',(#2681),#1370);
#2681 = PRESENTATION_STYLE_ASSIGNMENT((#2682));
#2682 = SURFACE_STYLE_USAGE(.BOTH.,#2683);
#2683 = SURFACE_SIDE_STYLE('',(#2684));
#2684 = SURFACE_STYLE_FILL_AREA(#2685);
#2685 = FILL_AREA_STYLE('',(#2686));
#2686 = FILL_AREA_STYLE_COLOUR('',#2679);
#2687 = STYLED_ITEM('color',(#2688),#1394);
#2688 = PRESENTATION_STYLE_ASSIGNMENT((#2689));
#2689 = SURFACE_STYLE_USAGE(.BOTH.,#2690);
#2690 = SURFACE_SIDE_STYLE('',(#2691));
#2691 = SURFACE_STYLE_FILL_AREA(#2692);
#2692 = FILL_AREA_STYLE('',(#2693));
#2693 = FILL_AREA_STYLE_COLOUR('',#2679);
#2694 = STYLED_ITEM('color',(#2695),#1418);
#2695 = PRESENTATION_STYLE_ASSIGNMENT((#2696));
#2696 = SURFACE_STYLE_USAGE(.BOTH.,#2697);
#2697 = SURFACE_SIDE_STYLE('',(#2698));
#2698 = SURFACE_STYLE_FILL_AREA(#2699);
#2699 = FILL_AREA_STYLE('',(#2700));
#2700 = FILL_AREA_STYLE_COLOUR('',#2679);
#2701 = STYLED_ITEM('color',(#2702),#1449);
#2702 = PRESENTATION_STYLE_ASSIGNMENT((#2703));
#2703 = SURFACE_STYLE_USAGE(.BOTH.,#2704);
#2704 = SURFACE_SIDE_STYLE('',(#2705));
#2705 = SURFACE_STYLE_FILL_AREA(#2706);
#2706 = FILL_AREA_STYLE('',(#2707));
#2707 = FILL_AREA_STYLE_COLOUR('',#2679);
#2708 = STYLED_ITEM('color',(#2709),#1473);
#2709 = PRESENTATION_STYLE_ASSIGNMENT((#2710));
#2710 = SURFACE_STYLE_USAGE(.BOTH.,#2711);
#2711 = SURFACE_SIDE_STYLE('',(#2712));
#2712 = SURFACE_STYLE_FILL_AREA(#2713);
#2713 = FILL_AREA_STYLE('',(#2714));
#2714 = FILL_AREA_STYLE_COLOUR('',#2679);
#2715 = STYLED_ITEM('color',(#2716),#1497);
#2716 = PRESENTATION_STYLE_ASSIGNMENT((#2717));
#2717 = SURFACE_STYLE_USAGE(.BOTH.,#2718);
#2718 = SURFACE_SIDE_STYLE('',(#2719));
#2719 = SURFACE_STYLE_FILL_AREA(#2720);
#2720 = FILL_AREA_STYLE('',(#2721));
#2721 = FILL_AREA_STYLE_COLOUR('',#2679);
#2722 = STYLED_ITEM('color',(#2723),#1528);
#2723 = PRESENTATION_STYLE_ASSIGNMENT((#2724));
#2724 = SURFACE_STYLE_USAGE(.BOTH.,#2725);
#2725 = SURFACE_SIDE_STYLE('',(#2726));
#2726 = SURFACE_STYLE_FILL_AREA(#2727);
#2727 = FILL_AREA_STYLE('',(#2728));
#2728 = FILL_AREA_STYLE_COLOUR('',#2679);
#2729 = STYLED_ITEM('color',(#2730),#1552);
#2730 = PRESENTATION_STYLE_ASSIGNMENT((#2731));
#2731 = SURFACE_STYLE_USAGE(.BOTH.,#2732);
#2732 = SURFACE_SIDE_STYLE('',(#2733));
#2733 = SURFACE_STYLE_FILL_AREA(#2734);
#2734 = FILL_AREA_STYLE('',(#2735));
#2735 = FILL_AREA_STYLE_COLOUR('',#2679);
#2736 = STYLED_ITEM('color',(#2737),#1576);
#2737 = PRESENTATION_STYLE_ASSIGNMENT((#2738));
#2738 = SURFACE_STYLE_USAGE(.BOTH.,#2739);
#2739 = SURFACE_SIDE_STYLE('',(#2740));
#2740 = SURFACE_STYLE_FILL_AREA(#2741);
#2741 = FILL_AREA_STYLE('',(#2742));
#2742 = FILL_AREA_STYLE_COLOUR('',#2679);
#2743 = STYLED_ITEM('color',(#2744),#1607);
#2744 = PRESENTATION_STYLE_ASSIGNMENT((#2745));
#2745 = SURFACE_STYLE_USAGE(.BOTH.,#2746);
#2746 = SURFACE_SIDE_STYLE('',(#2747));
#2747 = SURFACE_STYLE_FILL_AREA(#2748);
#2748 = FILL_AREA_STYLE('',(#2749));
#2749 = FILL_AREA_STYLE_COLOUR('',#2679);
#2750 = STYLED_ITEM('color',(#2751),#1631);
#2751 = PRESENTATION_STYLE_ASSIGNMENT((#2752));
#2752 = SURFACE_STYLE_USAGE(.BOTH.,#2753);
#2753 = SURFACE_SIDE_STYLE('',(#2754));
#2754 = SURFACE_STYLE_FILL_AREA(#2755);
#2755 = FILL_AREA_STYLE('',(#2756));
#2756 = FILL_AREA_STYLE_COLOUR('',#2679);
#2757 = STYLED_ITEM('color',(#2758),#1655);
#2758 = PRESENTATION_STYLE_ASSIGNMENT((#2759));
#2759 = SURFACE_STYLE_USAGE(.BOTH.,#2760);
#2760 = SURFACE_SIDE_STYLE('',(#2761));
#2761 = SURFACE_STYLE_FILL_AREA(#2762);
#2762 = FILL_AREA_STYLE('',(#2763));
#2763 = FILL_AREA_STYLE_COLOUR('',#2679);
#2764 = STYLED_ITEM('color',(#2765),#1686);
#2765 = PRESENTATION_STYLE_ASSIGNMENT((#2766));
#2766 = SURFACE_STYLE_USAGE(.BOTH.,#2767);
#2767 = SURFACE_SIDE_STYLE('',(#2768));
#2768 = SURFACE_STYLE_FILL_AREA(#2769);
#2769 = FILL_AREA_STYLE('',(#2770));
#2770 = FILL_AREA_STYLE_COLOUR('',#2679);
#2771 = STYLED_ITEM('color',(#2772),#1710);
#2772 = PRESENTATION_STYLE_ASSIGNMENT((#2773));
#2773 = SURFACE_STYLE_USAGE(.BOTH.,#2774);
#2774 = SURFACE_SIDE_STYLE('',(#2775));
#2775 = SURFACE_STYLE_FILL_AREA(#2776);
#2776 = FILL_AREA_STYLE('',(#2777));
#2777 = FILL_AREA_STYLE_COLOUR('',#2679);
#2778 = STYLED_ITEM('color',(#2779),#1734);
#2779 = PRESENTATION_STYLE_ASSIGNMENT((#2780));
#2780 = SURFACE_STYLE_USAGE(.BOTH.,#2781);
#2781 = SURFACE_SIDE_STYLE('',(#2782));
#2782 = SURFACE_STYLE_FILL_AREA(#2783);
#2783 = FILL_AREA_STYLE('',(#2784));
#2784 = FILL_AREA_STYLE_COLOUR('',#2587);
#2785 = STYLED_ITEM('color',(#2786),#1773);
#2786 = PRESENTATION_STYLE_ASSIGNMENT((#2787));
#2787 = SURFACE_STYLE_USAGE(.BOTH.,#2788);
#2788 = SURFACE_SIDE_STYLE('',(#2789));
#2789 = SURFACE_STYLE_FILL_AREA(#2790);
#2790 = FILL_AREA_STYLE('',(#2791));
#2791 = FILL_AREA_STYLE_COLOUR('',#2587);
#2792 = STYLED_ITEM('color',(#2793),#1797);
#2793 = PRESENTATION_STYLE_ASSIGNMENT((#2794));
#2794 = SURFACE_STYLE_USAGE(.BOTH.,#2795);
#2795 = SURFACE_SIDE_STYLE('',(#2796));
#2796 = SURFACE_STYLE_FILL_AREA(#2797);
#2797 = FILL_AREA_STYLE('',(#2798));
#2798 = FILL_AREA_STYLE_COLOUR('',#2587);
#2799 = STYLED_ITEM('color',(#2800),#1829);
#2800 = PRESENTATION_STYLE_ASSIGNMENT((#2801));
#2801 = SURFACE_STYLE_USAGE(.BOTH.,#2802);
#2802 = SURFACE_SIDE_STYLE('',(#2803));
#2803 = SURFACE_STYLE_FILL_AREA(#2804);
#2804 = FILL_AREA_STYLE('',(#2805));
#2805 = FILL_AREA_STYLE_COLOUR('',#2587);
#2806 = STYLED_ITEM('color',(#2807),#1853);
#2807 = PRESENTATION_STYLE_ASSIGNMENT((#2808));
#2808 = SURFACE_STYLE_USAGE(.BOTH.,#2809);
#2809 = SURFACE_SIDE_STYLE('',(#2810));
#2810 = SURFACE_STYLE_FILL_AREA(#2811);
#2811 = FILL_AREA_STYLE('',(#2812));
#2812 = FILL_AREA_STYLE_COLOUR('',#2587);
#2813 = STYLED_ITEM('color',(#2814),#1877);
#2814 = PRESENTATION_STYLE_ASSIGNMENT((#2815));
#2815 = SURFACE_STYLE_USAGE(.BOTH.,#2816);
#2816 = SURFACE_SIDE_STYLE('',(#2817));
#2817 = SURFACE_STYLE_FILL_AREA(#2818);
#2818 = FILL_AREA_STYLE('',(#2819));
#2819 = FILL_AREA_STYLE_COLOUR('',#2587);
#2820 = STYLED_ITEM('color',(#2821),#1894);
#2821 = PRESENTATION_STYLE_ASSIGNMENT((#2822));
#2822 = SURFACE_STYLE_USAGE(.BOTH.,#2823);
#2823 = SURFACE_SIDE_STYLE('',(#2824));
#2824 = SURFACE_STYLE_FILL_AREA(#2825);
#2825 = FILL_AREA_STYLE('',(#2826));
#2826 = FILL_AREA_STYLE_COLOUR('',#2587);
#2827 = STYLED_ITEM('color',(#2828),#1918);
#2828 = PRESENTATION_STYLE_ASSIGNMENT((#2829));
#2829 = SURFACE_STYLE_USAGE(.BOTH.,#2830);
#2830 = SURFACE_SIDE_STYLE('',(#2831));
#2831 = SURFACE_STYLE_FILL_AREA(#2832);
#2832 = FILL_AREA_STYLE('',(#2833));
#2833 = FILL_AREA_STYLE_COLOUR('',#2587);
#2834 = STYLED_ITEM('color',(#2835),#1942);
#2835 = PRESENTATION_STYLE_ASSIGNMENT((#2836));
#2836 = SURFACE_STYLE_USAGE(.BOTH.,#2837);
#2837 = SURFACE_SIDE_STYLE('',(#2838));
#2838 = SURFACE_STYLE_FILL_AREA(#2839);
#2839 = FILL_AREA_STYLE('',(#2840));
#2840 = FILL_AREA_STYLE_COLOUR('',#2587);
#2841 = STYLED_ITEM('color',(#2842),#1959);
#2842 = PRESENTATION_STYLE_ASSIGNMENT((#2843));
#2843 = SURFACE_STYLE_USAGE(.BOTH.,#2844);
#2844 = SURFACE_SIDE_STYLE('',(#2845));
#2845 = SURFACE_STYLE_FILL_AREA(#2846);
#2846 = FILL_AREA_STYLE('',(#2847));
#2847 = FILL_AREA_STYLE_COLOUR('',#2587);
#2848 = STYLED_ITEM('color',(#2849),#1983);
#2849 = PRESENTATION_STYLE_ASSIGNMENT((#2850));
#2850 = SURFACE_STYLE_USAGE(.BOTH.,#2851);
#2851 = SURFACE_SIDE_STYLE('',(#2852));
#2852 = SURFACE_STYLE_FILL_AREA(#2853);
#2853 = FILL_AREA_STYLE('',(#2854));
#2854 = FILL_AREA_STYLE_COLOUR('',#2587);
#2855 = STYLED_ITEM('color',(#2856),#2007);
#2856 = PRESENTATION_STYLE_ASSIGNMENT((#2857));
#2857 = SURFACE_STYLE_USAGE(.BOTH.,#2858);
#2858 = SURFACE_SIDE_STYLE('',(#2859));
#2859 = SURFACE_STYLE_FILL_AREA(#2860);
#2860 = FILL_AREA_STYLE('',(#2861));
#2861 = FILL_AREA_STYLE_COLOUR('',#2587);
#2862 = STYLED_ITEM('color',(#2863),#2024);
#2863 = PRESENTATION_STYLE_ASSIGNMENT((#2864));
#2864 = SURFACE_STYLE_USAGE(.BOTH.,#2865);
#2865 = SURFACE_SIDE_STYLE('',(#2866));
#2866 = SURFACE_STYLE_FILL_AREA(#2867);
#2867 = FILL_AREA_STYLE('',(#2868));
#2868 = FILL_AREA_STYLE_COLOUR('',#2587);
#2869 = STYLED_ITEM('color',(#2870),#2048);
#2870 = PRESENTATION_STYLE_ASSIGNMENT((#2871));
#2871 = SURFACE_STYLE_USAGE(.BOTH.,#2872);
#2872 = SURFACE_SIDE_STYLE('',(#2873));
#2873 = SURFACE_STYLE_FILL_AREA(#2874);
#2874 = FILL_AREA_STYLE('',(#2875));
#2875 = FILL_AREA_STYLE_COLOUR('',#2587);
#2876 = STYLED_ITEM('color',(#2877),#2072);
#2877 = PRESENTATION_STYLE_ASSIGNMENT((#2878));
#2878 = SURFACE_STYLE_USAGE(.BOTH.,#2879);
#2879 = SURFACE_SIDE_STYLE('',(#2880));
#2880 = SURFACE_STYLE_FILL_AREA(#2881);
#2881 = FILL_AREA_STYLE('',(#2882));
#2882 = FILL_AREA_STYLE_COLOUR('',#2587);
#2883 = STYLED_ITEM('color',(#2884),#2089);
#2884 = PRESENTATION_STYLE_ASSIGNMENT((#2885));
#2885 = SURFACE_STYLE_USAGE(.BOTH.,#2886);
#2886 = SURFACE_SIDE_STYLE('',(#2887));
#2887 = SURFACE_STYLE_FILL_AREA(#2888);
#2888 = FILL_AREA_STYLE('',(#2889));
#2889 = FILL_AREA_STYLE_COLOUR('',#2587);
#2890 = STYLED_ITEM('color',(#2891),#2106);
#2891 = PRESENTATION_STYLE_ASSIGNMENT((#2892));
#2892 = SURFACE_STYLE_USAGE(.BOTH.,#2893);
#2893 = SURFACE_SIDE_STYLE('',(#2894));
#2894 = SURFACE_STYLE_FILL_AREA(#2895);
#2895 = FILL_AREA_STYLE('',(#2896));
#2896 = FILL_AREA_STYLE_COLOUR('',#2679);
#2897 = STYLED_ITEM('color',(#2898),#2123);
#2898 = PRESENTATION_STYLE_ASSIGNMENT((#2899));
#2899 = SURFACE_STYLE_USAGE(.BOTH.,#2900);
#2900 = SURFACE_SIDE_STYLE('',(#2901));
#2901 = SURFACE_STYLE_FILL_AREA(#2902);
#2902 = FILL_AREA_STYLE('',(#2903));
#2903 = FILL_AREA_STYLE_COLOUR('',#2679);
#2904 = STYLED_ITEM('color',(#2905),#2140);
#2905 = PRESENTATION_STYLE_ASSIGNMENT((#2906));
#2906 = SURFACE_STYLE_USAGE(.BOTH.,#2907);
#2907 = SURFACE_SIDE_STYLE('',(#2908));
#2908 = SURFACE_STYLE_FILL_AREA(#2909);
#2909 = FILL_AREA_STYLE('',(#2910));
#2910 = FILL_AREA_STYLE_COLOUR('',#2679);
#2911 = STYLED_ITEM('color',(#2912),#2157);
#2912 = PRESENTATION_STYLE_ASSIGNMENT((#2913));
#2913 = SURFACE_STYLE_USAGE(.BOTH.,#2914);
#2914 = SURFACE_SIDE_STYLE('',(#2915));
#2915 = SURFACE_STYLE_FILL_AREA(#2916);
#2916 = FILL_AREA_STYLE('',(#2917));
#2917 = FILL_AREA_STYLE_COLOUR('',#2679);
#2918 = STYLED_ITEM('color',(#2919),#2174);
#2919 = PRESENTATION_STYLE_ASSIGNMENT((#2920));
#2920 = SURFACE_STYLE_USAGE(.BOTH.,#2921);
#2921 = SURFACE_SIDE_STYLE('',(#2922));
#2922 = SURFACE_STYLE_FILL_AREA(#2923);
#2923 = FILL_AREA_STYLE('',(#2924));
#2924 = FILL_AREA_STYLE_COLOUR('',#2679);
#2925 = STYLED_ITEM('color',(#2926),#2191);
#2926 = PRESENTATION_STYLE_ASSIGNMENT((#2927));
#2927 = SURFACE_STYLE_USAGE(.BOTH.,#2928);
#2928 = SURFACE_SIDE_STYLE('',(#2929));
#2929 = SURFACE_STYLE_FILL_AREA(#2930);
#2930 = FILL_AREA_STYLE('',(#2931));
#2931 = FILL_AREA_STYLE_COLOUR('',#2587);
#2932 = STYLED_ITEM('color',(#2933),#2208);
#2933 = PRESENTATION_STYLE_ASSIGNMENT((#2934));
#2934 = SURFACE_STYLE_USAGE(.BOTH.,#2935);
#2935 = SURFACE_SIDE_STYLE('',(#2936));
#2936 = SURFACE_STYLE_FILL_AREA(#2937);
#2937 = FILL_AREA_STYLE('',(#2938));
#2938 = FILL_AREA_STYLE_COLOUR('',#2587);
#2939 = STYLED_ITEM('color',(#2940),#2220);
#2940 = PRESENTATION_STYLE_ASSIGNMENT((#2941));
#2941 = SURFACE_STYLE_USAGE(.BOTH.,#2942);
#2942 = SURFACE_SIDE_STYLE('',(#2943));
#2943 = SURFACE_STYLE_FILL_AREA(#2944);
#2944 = FILL_AREA_STYLE('',(#2945));
#2945 = FILL_AREA_STYLE_COLOUR('',#2587);
#2946 = STYLED_ITEM('color',(#2947),#2232);
#2947 = PRESENTATION_STYLE_ASSIGNMENT((#2948));
#2948 = SURFACE_STYLE_USAGE(.BOTH.,#2949);
#2949 = SURFACE_SIDE_STYLE('',(#2950));
#2950 = SURFACE_STYLE_FILL_AREA(#2951);
#2951 = FILL_AREA_STYLE('',(#2952));
#2952 = FILL_AREA_STYLE_COLOUR('',#2587);
#2953 = STYLED_ITEM('color',(#2954),#2244);
#2954 = PRESENTATION_STYLE_ASSIGNMENT((#2955));
#2955 = SURFACE_STYLE_USAGE(.BOTH.,#2956);
#2956 = SURFACE_SIDE_STYLE('',(#2957));
#2957 = SURFACE_STYLE_FILL_AREA(#2958);
#2958 = FILL_AREA_STYLE('',(#2959));
#2959 = FILL_AREA_STYLE_COLOUR('',#2587);
#2960 = STYLED_ITEM('color',(#2961),#2256);
#2961 = PRESENTATION_STYLE_ASSIGNMENT((#2962));
#2962 = SURFACE_STYLE_USAGE(.BOTH.,#2963);
#2963 = SURFACE_SIDE_STYLE('',(#2964));
#2964 = SURFACE_STYLE_FILL_AREA(#2965);
#2965 = FILL_AREA_STYLE('',(#2966));
#2966 = FILL_AREA_STYLE_COLOUR('',#2587);
#2967 = STYLED_ITEM('color',(#2968),#2273);
#2968 = PRESENTATION_STYLE_ASSIGNMENT((#2969));
#2969 = SURFACE_STYLE_USAGE(.BOTH.,#2970);
#2970 = SURFACE_SIDE_STYLE('',(#2971));
#2971 = SURFACE_STYLE_FILL_AREA(#2972);
#2972 = FILL_AREA_STYLE('',(#2973));
#2973 = FILL_AREA_STYLE_COLOUR('',#2587);
#2974 = STYLED_ITEM('color',(#2975),#2285);
#2975 = PRESENTATION_STYLE_ASSIGNMENT((#2976));
#2976 = SURFACE_STYLE_USAGE(.BOTH.,#2977);
#2977 = SURFACE_SIDE_STYLE('',(#2978));
#2978 = SURFACE_STYLE_FILL_AREA(#2979);
#2979 = FILL_AREA_STYLE('',(#2980));
#2980 = FILL_AREA_STYLE_COLOUR('',#2679);
#2981 = STYLED_ITEM('color',(#2982),#2302);
#2982 = PRESENTATION_STYLE_ASSIGNMENT((#2983));
#2983 = SURFACE_STYLE_USAGE(.BOTH.,#2984);
#2984 = SURFACE_SIDE_STYLE('',(#2985));
#2985 = SURFACE_STYLE_FILL_AREA(#2986);
#2986 = FILL_AREA_STYLE('',(#2987));
#2987 = FILL_AREA_STYLE_COLOUR('',#2679);
#2988 = STYLED_ITEM('color',(#2989),#2314);
#2989 = PRESENTATION_STYLE_ASSIGNMENT((#2990));
#2990 = SURFACE_STYLE_USAGE(.BOTH.,#2991);
#2991 = SURFACE_SIDE_STYLE('',(#2992));
#2992 = SURFACE_STYLE_FILL_AREA(#2993);
#2993 = FILL_AREA_STYLE('',(#2994));
#2994 = FILL_AREA_STYLE_COLOUR('',#2679);
#2995 = STYLED_ITEM('color',(#2996),#2331);
#2996 = PRESENTATION_STYLE_ASSIGNMENT((#2997));
#2997 = SURFACE_STYLE_USAGE(.BOTH.,#2998);
#2998 = SURFACE_SIDE_STYLE('',(#2999));
#2999 = SURFACE_STYLE_FILL_AREA(#3000);
#3000 = FILL_AREA_STYLE('',(#3001));
#3001 = FILL_AREA_STYLE_COLOUR('',#2679);
#3002 = STYLED_ITEM('color',(#3003),#2343);
#3003 = PRESENTATION_STYLE_ASSIGNMENT((#3004));
#3004 = SURFACE_STYLE_USAGE(.BOTH.,#3005);
#3005 = SURFACE_SIDE_STYLE('',(#3006));
#3006 = SURFACE_STYLE_FILL_AREA(#3007);
#3007 = FILL_AREA_STYLE('',(#3008));
#3008 = FILL_AREA_STYLE_COLOUR('',#2679);
#3009 = STYLED_ITEM('color',(#3010),#2360);
#3010 = PRESENTATION_STYLE_ASSIGNMENT((#3011));
#3011 = SURFACE_STYLE_USAGE(.BOTH.,#3012);
#3012 = SURFACE_SIDE_STYLE('',(#3013));
#3013 = SURFACE_STYLE_FILL_AREA(#3014);
#3014 = FILL_AREA_STYLE('',(#3015));
#3015 = FILL_AREA_STYLE_COLOUR('',#2679);
#3016 = STYLED_ITEM('color',(#3017),#2372);
#3017 = PRESENTATION_STYLE_ASSIGNMENT((#3018));
#3018 = SURFACE_STYLE_USAGE(.BOTH.,#3019);
#3019 = SURFACE_SIDE_STYLE('',(#3020));
#3020 = SURFACE_STYLE_FILL_AREA(#3021);
#3021 = FILL_AREA_STYLE('',(#3022));
#3022 = FILL_AREA_STYLE_COLOUR('',#2679);
#3023 = STYLED_ITEM('color',(#3024),#2389);
#3024 = PRESENTATION_STYLE_ASSIGNMENT((#3025));
#3025 = SURFACE_STYLE_USAGE(.BOTH.,#3026);
#3026 = SURFACE_SIDE_STYLE('',(#3027));
#3027 = SURFACE_STYLE_FILL_AREA(#3028);
#3028 = FILL_AREA_STYLE('',(#3029));
#3029 = FILL_AREA_STYLE_COLOUR('',#2679);
#3030 = STYLED_ITEM('color',(#3031),#2401);
#3031 = PRESENTATION_STYLE_ASSIGNMENT((#3032));
#3032 = SURFACE_STYLE_USAGE(.BOTH.,#3033);
#3033 = SURFACE_SIDE_STYLE('',(#3034));
#3034 = SURFACE_STYLE_FILL_AREA(#3035);
#3035 = FILL_AREA_STYLE('',(#3036));
#3036 = FILL_AREA_STYLE_COLOUR('',#2679);
#3037 = STYLED_ITEM('color',(#3038),#2418);
#3038 = PRESENTATION_STYLE_ASSIGNMENT((#3039));
#3039 = SURFACE_STYLE_USAGE(.BOTH.,#3040);
#3040 = SURFACE_SIDE_STYLE('',(#3041));
#3041 = SURFACE_STYLE_FILL_AREA(#3042);
#3042 = FILL_AREA_STYLE('',(#3043));
#3043 = FILL_AREA_STYLE_COLOUR('',#2679);
#3044 = STYLED_ITEM('color',(#3045),#2430);
#3045 = PRESENTATION_STYLE_ASSIGNMENT((#3046));
#3046 = SURFACE_STYLE_USAGE(.BOTH.,#3047);
#3047 = SURFACE_SIDE_STYLE('',(#3048));
#3048 = SURFACE_STYLE_FILL_AREA(#3049);
#3049 = FILL_AREA_STYLE('',(#3050));
#3050 = FILL_AREA_STYLE_COLOUR('',#2587);
#3051 = STYLED_ITEM('color',(#3052),#2447);
#3052 = PRESENTATION_STYLE_ASSIGNMENT((#3053));
#3053 = SURFACE_STYLE_USAGE(.BOTH.,#3054);
#3054 = SURFACE_SIDE_STYLE('',(#3055));
#3055 = SURFACE_STYLE_FILL_AREA(#3056);
#3056 = FILL_AREA_STYLE('',(#3057));
#3057 = FILL_AREA_STYLE_COLOUR('',#2587);
ENDSEC;
END-ISO-10303-21;
