  0
SECTION
  2
HEADER
  9
$ACADVER
  1
AC1021
  9
$ACADMAINTVER
 70
    25
  9
$DWGCODEPAGE
  3
ANSI_1252
  9
$INSBASE
 10
0.0
 20
0.0
 30
0.0
  9
$EXTMIN
 10
-60.8545
 20
-20.2268
 30
0.0
  9
$EXTMAX
 10
57.1487
 20
15.587
 30
0.0
  9
$LIMMIN
 10
0.0
 20
0.0
  9
$LIMMAX
 10
12.0
 20
9.0
  9
$ORTHOMODE
 70
     0
  9
$REGENMODE
 70
     1
  9
$FILLMODE
 70
     1
  9
$QTEXTMODE
 70
     0
  9
$MIRRTEXT
 70
     1
  9
$LTSCALE
 40
1.0
  9
$ATTMODE
 70
     1
  9
$TEXTSIZE
 40
0.2
  9
$TRACEWID
 40
0.05
  9
$TEXTSTYLE
  7
Standard
  9
$CLAYER
  8
0
  9
$CELTYPE
  6
ByLayer
  9
$CECOLOR
 62
   256
  9
$CELTSCALE
 40
1.0
  9
$DISPSILH
 70
     0
  9
$DIMSCALE
 40
1.0
  9
$DIMASZ
 40
0.18
  9
$DIMEXO
 40
0.0625
  9
$DIMDLI
 40
0.38
  9
$DIMRND
 40
0.0
  9
$DIMDLE
 40
0.0
  9
$DIMEXE
 40
0.18
  9
$DIMTP
 40
0.0
  9
$DIMTM
 40
0.0
  9
$DIMTXT
 40
0.18
  9
$DIMCEN
 40
0.09
  9
$DIMTSZ
 40
0.0
  9
$DIMTOL
 70
     0
  9
$DIMLIM
 70
     0
  9
$DIMTIH
 70
     1
  9
$DIMTOH
 70
     1
  9
$DIMSE1
 70
     0
  9
$DIMSE2
 70
     0
  9
$DIMTAD
 70
     0
  9
$DIMZIN
 70
     0
  9
$DIMBLK
  1

  9
$DIMASO
 70
     1
  9
$DIMSHO
 70
     1
  9
$DIMPOST
  1

  9
$DIMAPOST
  1

  9
$DIMALT
 70
     0
  9
$DIMALTD
 70
     2
  9
$DIMALTF
 40
25.4
  9
$DIMLFAC
 40
1.0
  9
$DIMTOFL
 70
     0
  9
$DIMTVP
 40
0.0
  9
$DIMTIX
 70
     0
  9
$DIMSOXD
 70
     0
  9
$DIMSAH
 70
     0
  9
$DIMBLK1
  1

  9
$DIMBLK2
  1

  9
$DIMSTYLE
  2
Standard
  9
$DIMCLRD
 70
     0
  9
$DIMCLRE
 70
     0
  9
$DIMCLRT
 70
     0
  9
$DIMTFAC
 40
1.0
  9
$DIMGAP
 40
0.09
  9
$DIMJUST
 70
     0
  9
$DIMSD1
 70
     0
  9
$DIMSD2
 70
     0
  9
$DIMTOLJ
 70
     1
  9
$DIMTZIN
 70
     0
  9
$DIMALTZ
 70
     0
  9
$DIMALTTZ
 70
     0
  9
$DIMUPT
 70
     0
  9
$DIMDEC
 70
     4
  9
$DIMTDEC
 70
     4
  9
$DIMALTU
 70
     2
  9
$DIMALTTD
 70
     2
  9
$DIMTXSTY
  7
Standard
  9
$DIMAUNIT
 70
     0
  9
$DIMADEC
 70
     0
  9
$DIMALTRND
 40
0.0
  9
$DIMAZIN
 70
     0
  9
$DIMDSEP
 70
    46
  9
$DIMATFIT
 70
     3
  9
$DIMFRAC
 70
     0
  9
$DIMLDRBLK
  1

  9
$DIMLUNIT
 70
     2
  9
$DIMLWD
 70
    -2
  9
$DIMLWE
 70
    -2
  9
$DIMTMOVE
 70
     0
  9
$DIMFXL
 40
1.0
  9
$DIMFXLON
 70
     0
  9
$DIMJOGANG
 40
0.7853981633974483
  9
$DIMTFILL
 70
     0
  9
$DIMTFILLCLR
 70
     0
  9
$DIMARCSYM
 70
     0
  9
$DIMLTYPE
  6

  9
$DIMLTEX1
  6

  9
$DIMLTEX2
  6

  9
$LUNITS
 70
     2
  9
$LUPREC
 70
     4
  9
$SKETCHINC
 40
0.1
  9
$FILLETRAD
 40
0.5
  9
$AUNITS
 70
     0
  9
$AUPREC
 70
     0
  9
$MENU
  1
.
  9
$ELEVATION
 40
0.0
  9
$PELEVATION
 40
0.0
  9
$THICKNESS
 40
0.0
  9
$LIMCHECK
 70
     0
  9
$CHAMFERA
 40
0.0
  9
$CHAMFERB
 40
0.0
  9
$CHAMFERC
 40
0.0
  9
$CHAMFERD
 40
0.0
  9
$SKPOLY
 70
     0
  9
$TDCREATE
 40
2460740.427392905
  9
$TDUCREATE
 40
2460740.198226239
  9
$TDUPDATE
 40
2460740.427394236
  9
$TDUUPDATE
 40
2460740.198227569
  9
$TDINDWG
 40
0.0000000116
  9
$TDUSRTIMER
 40
0.0000000116
  9
$USRTIMER
 70
     1
  9
$ANGBASE
 50
0.0
  9
$ANGDIR
 70
     0
  9
$PDMODE
 70
     0
  9
$PDSIZE
 40
0.0
  9
$PLINEWID
 40
0.0
  9
$SPLFRAME
 70
     0
  9
$SPLINETYPE
 70
     6
  9
$SPLINESEGS
 70
     8
  9
$HANDSEED
  5
25D
  9
$SURFTAB1
 70
     6
  9
$SURFTAB2
 70
     6
  9
$SURFTYPE
 70
     6
  9
$SURFU
 70
     6
  9
$SURFV
 70
     6
  9
$UCSBASE
  2

  9
$UCSNAME
  2

  9
$UCSORG
 10
0.0
 20
0.0
 30
0.0
  9
$UCSXDIR
 10
1.0
 20
0.0
 30
0.0
  9
$UCSYDIR
 10
0.0
 20
1.0
 30
0.0
  9
$UCSORTHOREF
  2

  9
$UCSORTHOVIEW
 70
     0
  9
$UCSORGTOP
 10
0.0
 20
0.0
 30
0.0
  9
$UCSORGBOTTOM
 10
0.0
 20
0.0
 30
0.0
  9
$UCSORGLEFT
 10
0.0
 20
0.0
 30
0.0
  9
$UCSORGRIGHT
 10
0.0
 20
0.0
 30
0.0
  9
$UCSORGFRONT
 10
0.0
 20
0.0
 30
0.0
  9
$UCSORGBACK
 10
0.0
 20
0.0
 30
0.0
  9
$PUCSBASE
  2

  9
$PUCSNAME
  2

  9
$PUCSORG
 10
0.0
 20
0.0
 30
0.0
  9
$PUCSXDIR
 10
1.0
 20
0.0
 30
0.0
  9
$PUCSYDIR
 10
0.0
 20
1.0
 30
0.0
  9
$PUCSORTHOREF
  2

  9
$PUCSORTHOVIEW
 70
     0
  9
$PUCSORGTOP
 10
0.0
 20
0.0
 30
0.0
  9
$PUCSORGBOTTOM
 10
0.0
 20
0.0
 30
0.0
  9
$PUCSORGLEFT
 10
0.0
 20
0.0
 30
0.0
  9
$PUCSORGRIGHT
 10
0.0
 20
0.0
 30
0.0
  9
$PUCSORGFRONT
 10
0.0
 20
0.0
 30
0.0
  9
$PUCSORGBACK
 10
0.0
 20
0.0
 30
0.0
  9
$USERI1
 70
     0
  9
$USERI2
 70
     0
  9
$USERI3
 70
     0
  9
$USERI4
 70
     0
  9
$USERI5
 70
     0
  9
$USERR1
 40
0.0
  9
$USERR2
 40
0.0
  9
$USERR3
 40
0.0
  9
$USERR4
 40
0.0
  9
$USERR5
 40
0.0
  9
$WORLDVIEW
 70
     1
  9
$SHADEDGE
 70
     3
  9
$SHADEDIF
 70
    70
  9
$TILEMODE
 70
     1
  9
$MAXACTVP
 70
    64
  9
$PINSBASE
 10
0.0
 20
0.0
 30
0.0
  9
$PLIMCHECK
 70
     0
  9
$PEXTMIN
 10
1.000000000000000E+20
 20
1.000000000000000E+20
 30
1.000000000000000E+20
  9
$PEXTMAX
 10
-1.000000000000000E+20
 20
-1.000000000000000E+20
 30
-1.000000000000000E+20
  9
$PLIMMIN
 10
0.0
 20
0.0
  9
$PLIMMAX
 10
12.0
 20
9.0
  9
$UNITMODE
 70
     0
  9
$VISRETAIN
 70
     1
  9
$PLINEGEN
 70
     0
  9
$PSLTSCALE
 70
     1
  9
$TREEDEPTH
 70
  3020
  9
$CMLSTYLE
  2
Standard
  9
$CMLJUST
 70
     0
  9
$CMLSCALE
 40
1.0
  9
$PROXYGRAPHICS
 70
     1
  9
$MEASUREMENT
 70
     0
  9
$CELWEIGHT
370
    -1
  9
$ENDCAPS
280
     0
  9
$JOINSTYLE
280
     0
  9
$LWDISPLAY
290
     0
  9
$INSUNITS
 70
     4
  9
$HYPERLINKBASE
  1

  9
$STYLESHEET
  1

  9
$XEDIT
290
     1
  9
$CEPSNTYPE
380
     0
  9
$PSTYLEMODE
290
     1
  9
$FINGERPRINTGUID
  2
{5aa98f62-a417-4e2b-97ce-c772e7d7d881}
  9
$VERSIONGUID
  2
{FAEB1C32-E019-11D5-929B-00C0DF256EC4}
  9
$EXTNAMES
290
     1
  9
$PSVPSCALE
 40
0.0
  9
$OLESTARTUP
290
     0
  9
$SORTENTS
280
   127
  9
$INDEXCTL
280
     0
  9
$HIDETEXT
280
     1
  9
$XCLIPFRAME
290
     0
  9
$HALOGAP
280
     0
  9
$OBSCOLOR
 70
   257
  9
$OBSLTYPE
280
     0
  9
$INTERSECTIONDISPLAY
280
     0
  9
$INTERSECTIONCOLOR
 70
   257
  9
$DIMASSOC
280
     2
  9
$PROJECTNAME
  1

  9
$CAMERADISPLAY
290
     0
  9
$LENSLENGTH
 40
50.0
  9
$CAMERAHEIGHT
 40
0.0
  9
$STEPSPERSEC
 40
2.0
  9
$STEPSIZE
 40
6.0
  9
$3DDWFPREC
 40
2.0
  9
$PSOLWIDTH
 40
0.25
  9
$PSOLHEIGHT
 40
4.0
  9
$LOFTANG1
 40
1.570796326794897
  9
$LOFTANG2
 40
1.570796326794897
  9
$LOFTMAG1
 40
0.0
  9
$LOFTMAG2
 40
0.0
  9
$LOFTPARAM
 70
     7
  9
$LOFTNORMALS
280
     1
  9
$LATITUDE
 40
37.795
  9
$LONGITUDE
 40
-122.394
  9
$NORTHDIRECTION
 40
0.0
  9
$TIMEZONE
 70
 -8000
  9
$LIGHTGLYPHDISPLAY
280
     1
  9
$TILEMODELIGHTSYNCH
280
     1
  9
$CMATERIAL
347
44
  9
$SOLIDHIST
280
     0
  9
$SHOWHIST
280
     1
  9
$DWFFRAME
280
     2
  9
$DGNFRAME
280
     2
  9
$REALWORLDSCALE
290
     1
  9
$INTERFERECOLOR
 62
   256
  9
$CSHADOW
280
     0
  9
$SHADOWPLANELOCATION
 40
0.0
  0
ENDSEC
  0
SECTION
  2
CLASSES
  0
CLASS
  1
ACDBDICTIONARYWDFLT
  2
AcDbDictionaryWithDefault
  3
ObjectDBX Classes
 90
        0
 91
        3
280
     0
281
     0
  0
CLASS
  1
VISUALSTYLE
  2
AcDbVisualStyle
  3
ObjectDBX Classes
 90
     4095
 91
        3
280
     0
281
     0
  0
CLASS
  1
MATERIAL
  2
AcDbMaterial
  3
ObjectDBX Classes
 90
     1153
 91
        3
280
     0
281
     0
  0
CLASS
  1
SCALE
  2
AcDbScale
  3
ObjectDBX Classes
 90
     1153
 91
        3
280
     0
281
     0
  0
CLASS
  1
TABLESTYLE
  2
AcDbTableStyle
  3
ObjectDBX Classes
 90
     4095
 91
        3
280
     0
281
     0
  0
CLASS
  1
MLEADERSTYLE
  2
AcDbMLeaderStyle
  3
ACDB_MLEADERSTYLE_CLASS
 90
     4095
 91
        3
280
     0
281
     0
  0
CLASS
  1
SUN
  2
AcDbSun
  3
SCENEOE
 90
     1153
 91
        3
280
     0
281
     0
  0
CLASS
  1
DICTIONARYVAR
  2
AcDbDictionaryVar
  3
ObjectDBX Classes
 90
        0
 91
        3
280
     0
281
     0
  0
CLASS
  1
CELLSTYLEMAP
  2
AcDbCellStyleMap
  3
ObjectDBX Classes
 90
     1152
 91
        3
280
     0
281
     0
  0
ENDSEC
  0
SECTION
  2
TABLES
  0
TABLE
  2
VPORT
  5
8
330
0
100
AcDbSymbolTable
 70
     1
  0
VPORT
  5
29
330
8
100
AcDbSymbolTableRecord
100
AcDbViewportTableRecord
  2
*Active
 70
     0
 10
0.0
 20
0.0
 11
1.0
 21
1.0
 12
10.42990654205607
 22
4.5
 13
0.0
 23
0.0
 14
0.5
 24
0.5
 15
0.5
 25
0.5
 16
0.0
 26
0.0
 36
1.0
 17
0.0
 27
0.0
 37
0.0
 40
9.0
 41
1.972972972850329
 42
50.0
 43
0.0
 44
0.0
 50
0.0
 51
0.0
 71
     0
 72
   100
 73
     1
 74
     3
 75
     0
 76
     0
 77
     0
 78
     0
281
     0
 65
     1
110
0.0
120
0.0
130
0.0
111
1.0
121
0.0
131
0.0
112
0.0
122
1.0
132
0.0
 79
     0
146
0.0
348
2F
 60
     3
 61
     5
292
     1
282
     1
141
0.0
142
0.0
 63
   250
361
6D
  0
ENDTAB
  0
TABLE
  2
LTYPE
  5
5
330
0
100
AcDbSymbolTable
 70
     1
  0
LTYPE
  5
14
330
5
100
AcDbSymbolTableRecord
100
AcDbLinetypeTableRecord
  2
ByBlock
 70
     0
  3

 72
    65
 73
     0
 40
0.0
  0
LTYPE
  5
15
330
5
100
AcDbSymbolTableRecord
100
AcDbLinetypeTableRecord
  2
ByLayer
 70
     0
  3

 72
    65
 73
     0
 40
0.0
  0
LTYPE
  5
16
330
5
100
AcDbSymbolTableRecord
100
AcDbLinetypeTableRecord
  2
Continuous
 70
     0
  3
Solid line
 72
    65
 73
     0
 40
0.0
  0
ENDTAB
  0
TABLE
  2
LAYER
  5
2
330
0
100
AcDbSymbolTable
 70
     2
  0
LAYER
  5
10
330
2
100
AcDbSymbolTableRecord
100
AcDbLayerTableRecord
  2
0
 70
     0
 62
     7
  6
Continuous
370
    -3
390
F
347
46
  0
LAYER
  5
6F
330
2
100
AcDbSymbolTableRecord
100
AcDbLayerTableRecord
  2
Layer 1
 70
     0
 62
     7
  6
Continuous
370
    -3
390
F
347
46
  0
ENDTAB
  0
TABLE
  2
STYLE
  5
3
330
0
100
AcDbSymbolTable
 70
     1
  0
STYLE
  5
11
330
3
100
AcDbSymbolTableRecord
100
AcDbTextStyleTableRecord
  2
Standard
 70
     0
 40
0.0
 41
1.0
 50
0.0
 71
     0
 42
0.2
  3
txt
  4

  0
ENDTAB
  0
TABLE
  2
VIEW
  5
6
330
0
100
AcDbSymbolTable
 70
     0
  0
ENDTAB
  0
TABLE
  2
UCS
  5
7
330
0
100
AcDbSymbolTable
 70
     0
  0
ENDTAB
  0
TABLE
  2
APPID
  5
9
330
0
100
AcDbSymbolTable
 70
     3
  0
APPID
  5
12
330
9
100
AcDbSymbolTableRecord
100
AcDbRegAppTableRecord
  2
ACAD
 70
     0
  0
APPID
  5
6E
330
9
100
AcDbSymbolTableRecord
100
AcDbRegAppTableRecord
  2
ODA
 70
     0
  0
APPID
  5
255
330
9
100
AcDbSymbolTableRecord
100
AcDbRegAppTableRecord
  2
ACAD_MLEADERVER
 70
     0
  0
ENDTAB
  0
TABLE
  2
DIMSTYLE
  5
A
330
0
100
AcDbSymbolTable
 70
     1
100
AcDbDimStyleTable
  0
DIMSTYLE
105
27
330
A
100
AcDbSymbolTableRecord
100
AcDbDimStyleTableRecord
  2
Standard
 70
     0
178
     0
340
11
  0
ENDTAB
  0
TABLE
  2
BLOCK_RECORD
  5
1
330
0
100
AcDbSymbolTable
 70
     1
  0
BLOCK_RECORD
  5
1F
330
1
100
AcDbSymbolTableRecord
100
AcDbBlockTableRecord
  2
*Model_Space
340
22
 70
     0
280
     1
281
     0
  0
BLOCK_RECORD
  5
1B
330
1
100
AcDbSymbolTableRecord
100
AcDbBlockTableRecord
  2
*Paper_Space
340
1E
 70
     0
280
     1
281
     0
  0
BLOCK_RECORD
  5
23
330
1
100
AcDbSymbolTableRecord
100
AcDbBlockTableRecord
  2
*Paper_Space0
340
26
 70
     0
280
     1
281
     0
  0
ENDTAB
  0
ENDSEC
  0
SECTION
  2
BLOCKS
  0
BLOCK
  5
20
330
1F
100
AcDbEntity
  8
0
100
AcDbBlockBegin
  2
*Model_Space
 70
     0
 10
0.0
 20
0.0
 30
0.0
  3
*Model_Space
  1

  0
ENDBLK
  5
21
330
1F
100
AcDbEntity
  8
0
100
AcDbBlockEnd
  0
BLOCK
  5
1C
330
1B
100
AcDbEntity
 67
     1
  8
0
100
AcDbBlockBegin
  2
*Paper_Space
 70
     0
 10
0.0
 20
0.0
 30
0.0
  3
*Paper_Space
  1

  0
ENDBLK
  5
1D
330
1B
100
AcDbEntity
 67
     1
  8
0
100
AcDbBlockEnd
  0
BLOCK
  5
24
330
23
100
AcDbEntity
  8
0
100
AcDbBlockBegin
  2
*Paper_Space0
 70
     0
 10
0.0
 20
0.0
 30
0.0
  3
*Paper_Space0
  1

  0
ENDBLK
  5
25
330
23
100
AcDbEntity
  8
0
100
AcDbBlockEnd
  0
ENDSEC
  0
SECTION
  2
ENTITIES
  0
SPLINE
  5
70
330
1F
100
AcDbEntity
  8
Layer 1
370
    25
100
AcDbSpline
210
0.0
220
0.0
230
1.0
 70
    11
 71
     3
 72
    20
 73
    16
 74
     0
 42
0.000000001
 43
0.0000000001
 40
0.0
 40
0.0
 40
0.0
 40
0.0
 40
0.2
 40
0.2
 40
0.2
 40
0.2
 40
0.4
 40
0.4
 40
0.4
 40
0.4
 40
0.6
 40
0.6
 40
0.6
 40
0.6
 40
1.0
 40
1.0
 40
1.0
 40
1.0
 10
-57.0763
 20
-13.2013
 30
0.0
 10
-57.0763
 20
-14.085
 30
0.0
 10
-56.3599
 20
-14.8013
 30
0.0
 10
-55.4763
 20
-14.8013
 30
0.0
 10
-55.4763
 20
-14.8013
 30
0.0
 10
-54.5926
 20
-14.8013
 30
0.0
 10
-53.8763
 20
-14.085
 30
0.0
 10
-53.8763
 20
-13.2013
 30
0.0
 10
-53.8763
 20
-13.2013
 30
0.0
 10
-53.8763
 20
-12.3177
 30
0.0
 10
-54.5926
 20
-11.6013
 30
0.0
 10
-55.4763
 20
-11.6013
 30
0.0
 10
-55.4763
 20
-11.6013
 30
0.0
 10
-56.3599
 20
-11.6013
 30
0.0
 10
-57.0763
 20
-12.3177
 30
0.0
 10
-57.0763
 20
-13.2013
 30
0.0
  0
SPLINE
  5
71
330
1F
100
AcDbEntity
  8
Layer 1
370
    25
100
AcDbSpline
210
0.0
220
0.0
230
1.0
 70
    11
 71
     3
 72
    20
 73
    16
 74
     0
 42
0.000000001
 43
0.0000000001
 40
0.0
 40
0.0
 40
0.0
 40
0.0
 40
0.2
 40
0.2
 40
0.2
 40
0.2
 40
0.4
 40
0.4
 40
0.4
 40
0.4
 40
0.6
 40
0.6
 40
0.6
 40
0.6
 40
1.0
 40
1.0
 40
1.0
 40
1.0
 10
-57.0763
 20
6.6482
 30
0.0
 10
-57.0763
 20
5.7646
 30
0.0
 10
-56.3599
 20
5.0482
 30
0.0
 10
-55.4763
 20
5.0482
 30
0.0
 10
-55.4763
 20
5.0482
 30
0.0
 10
-54.5926
 20
5.0482
 30
0.0
 10
-53.8763
 20
5.7646
 30
0.0
 10
-53.8763
 20
6.6482
 30
0.0
 10
-53.8763
 20
6.6482
 30
0.0
 10
-53.8763
 20
7.5319
 30
0.0
 10
-54.5926
 20
8.2482
 30
0.0
 10
-55.4763
 20
8.2482
 30
0.0
 10
-55.4763
 20
8.2482
 30
0.0
 10
-56.3599
 20
8.2482
 30
0.0
 10
-57.0763
 20
7.5319
 30
0.0
 10
-57.0763
 20
6.6482
 30
0.0
  0
SPLINE
  5
72
330
1F
100
AcDbEntity
  8
Layer 1
370
    25
100
AcDbSpline
210
0.0
220
0.0
230
1.0
 70
    11
 71
     3
 72
    20
 73
    16
 74
     0
 42
0.000000001
 43
0.0000000001
 40
0.0
 40
0.0
 40
0.0
 40
0.0
 40
0.2
 40
0.2
 40
0.2
 40
0.2
 40
0.4
 40
0.4
 40
0.4
 40
0.4
 40
0.6
 40
0.6
 40
0.6
 40
0.6
 40
1.0
 40
1.0
 40
1.0
 40
1.0
 10
-56.9763
 20
-13.2013
 30
0.0
 10
-56.9763
 20
-14.0298
 30
0.0
 10
-56.3047
 20
-14.7013
 30
0.0
 10
-55.4763
 20
-14.7013
 30
0.0
 10
-55.4763
 20
-14.7013
 30
0.0
 10
-54.6479
 20
-14.7013
 30
0.0
 10
-53.9763
 20
-14.0298
 30
0.0
 10
-53.9763
 20
-13.2013
 30
0.0
 10
-53.9763
 20
-13.2013
 30
0.0
 10
-53.9763
 20
-12.3729
 30
0.0
 10
-54.6478
 20
-11.7013
 30
0.0
 10
-55.4763
 20
-11.7013
 30
0.0
 10
-55.4763
 20
-11.7013
 30
0.0
 10
-56.3047
 20
-11.7013
 30
0.0
 10
-56.9763
 20
-12.3729
 30
0.0
 10
-56.9763
 20
-13.2013
 30
0.0
  0
SPLINE
  5
73
330
1F
100
AcDbEntity
  8
Layer 1
370
    25
100
AcDbSpline
210
0.0
220
0.0
230
1.0
 70
    11
 71
     3
 72
    20
 73
    16
 74
     0
 42
0.000000001
 43
0.0000000001
 40
0.0
 40
0.0
 40
0.0
 40
0.0
 40
0.2
 40
0.2
 40
0.2
 40
0.2
 40
0.4
 40
0.4
 40
0.4
 40
0.4
 40
0.6
 40
0.6
 40
0.6
 40
0.6
 40
1.0
 40
1.0
 40
1.0
 40
1.0
 10
-56.9763
 20
6.6482
 30
0.0
 10
-56.9763
 20
5.8198
 30
0.0
 10
-56.3047
 20
5.1482
 30
0.0
 10
-55.4763
 20
5.1482
 30
0.0
 10
-55.4763
 20
5.1482
 30
0.0
 10
-54.6479
 20
5.1482
 30
0.0
 10
-53.9763
 20
5.8198
 30
0.0
 10
-53.9763
 20
6.6482
 30
0.0
 10
-53.9763
 20
6.6482
 30
0.0
 10
-53.9763
 20
7.4767
 30
0.0
 10
-54.6478
 20
8.1482
 30
0.0
 10
-55.4763
 20
8.1482
 30
0.0
 10
-55.4763
 20
8.1482
 30
0.0
 10
-56.3047
 20
8.1482
 30
0.0
 10
-56.9763
 20
7.4767
 30
0.0
 10
-56.9763
 20
6.6482
 30
0.0
  0
SPLINE
  5
74
330
1F
100
AcDbEntity
  8
Layer 1
370
    25
100
AcDbSpline
210
0.0
220
0.0
230
1.0
 70
     8
 71
     3
 72
    12
 73
     8
 74
     0
 42
0.000000001
 43
0.0000000001
 40
0.0
 40
0.0
 40
0.0
 40
0.0
 40
0.3333333333333333
 40
0.3333333333333333
 40
0.3333333333333333
 40
0.3333333333333333
 40
1.0
 40
1.0
 40
1.0
 40
1.0
 10
-4.4113
 20
9.312
 30
0.0
 10
-4.4423
 20
9.312
 30
0.0
 10
-4.4726
 20
9.3024
 30
0.0
 10
-4.4979
 20
9.2844
 30
0.0
 10
-4.4979
 20
9.2844
 30
0.0
 10
-4.5232
 20
9.2665
 30
0.0
 10
-4.5424
 20
9.2412
 30
0.0
 10
-4.5527
 20
9.212
 30
0.0
  0
SPLINE
  5
75
330
1F
100
AcDbEntity
  8
Layer 1
370
    25
100
AcDbSpline
210
0.0
220
0.0
230
1.0
 70
     8
 71
     3
 72
    12
 73
     8
 74
     0
 42
0.000000001
 43
0.0000000001
 40
0.0
 40
0.0
 40
0.0
 40
0.0
 40
0.3333333333333333
 40
0.3333333333333333
 40
0.3333333333333333
 40
0.3333333333333333
 40
1.0
 40
1.0
 40
1.0
 40
1.0
 10
-6.2699
 20
9.212
 30
0.0
 10
-6.2802
 20
9.2412
 30
0.0
 10
-6.2994
 20
9.2665
 30
0.0
 10
-6.3247
 20
9.2844
 30
0.0
 10
-6.3247
 20
9.2844
 30
0.0
 10
-6.35
 20
9.3024
 30
0.0
 10
-6.3803
 20
9.312
 30
0.0
 10
-6.4113
 20
9.312
 30
0.0
  0
SPLINE
  5
76
330
1F
100
AcDbEntity
  8
Layer 1
370
    25
100
AcDbSpline
210
0.0
220
0.0
230
1.0
 70
     8
 71
     3
 72
    12
 73
     8
 74
     0
 42
0.000000001
 43
0.0000000001
 40
0.0
 40
0.0
 40
0.0
 40
0.0
 40
0.3333333333333333
 40
0.3333333333333333
 40
0.3333333333333333
 40
0.3333333333333333
 40
1.0
 40
1.0
 40
1.0
 40
1.0
 10
-6.4113
 20
9.312
 30
0.0
 10
-6.4423
 20
9.312
 30
0.0
 10
-6.4726
 20
9.3024
 30
0.0
 10
-6.4979
 20
9.2844
 30
0.0
 10
-6.4979
 20
9.2844
 30
0.0
 10
-6.5232
 20
9.2665
 30
0.0
 10
-6.5424
 20
9.2412
 30
0.0
 10
-6.5527
 20
9.212
 30
0.0
  0
SPLINE
  5
77
330
1F
100
AcDbEntity
  8
Layer 1
370
    25
100
AcDbSpline
210
0.0
220
0.0
230
1.0
 70
     8
 71
     3
 72
    24
 73
    20
 74
     0
 42
0.000000001
 43
0.0000000001
 40
0.0
 40
0.0
 40
0.0
 40
0.0
 40
0.1666666666666667
 40
0.1666666666666667
 40
0.1666666666666667
 40
0.1666666666666667
 40
0.3333333333333333
 40
0.3333333333333333
 40
0.3333333333333333
 40
0.3333333333333333
 40
0.5
 40
0.5
 40
0.5
 40
0.5
 40
0.6666666666666666
 40
0.6666666666666666
 40
0.6666666666666666
 40
0.6666666666666666
 40
1.0
 40
1.0
 40
1.0
 40
1.0
 10
-6.5527
 20
9.212
 30
0.0
 10
-6.5567
 20
9.2024
 30
0.0
 10
-6.5607
 20
9.1929
 30
0.0
 10
-6.5659
 20
9.184
 30
0.0
 10
-6.5659
 20
9.184
 30
0.0
 10
-6.5709
 20
9.1752
 30
0.0
 10
-6.5772
 20
9.1671
 30
0.0
 10
-6.5841
 20
9.1598
 30
0.0
 10
-6.5841
 20
9.1598
 30
0.0
 10
-6.5912
 20
9.1523
 30
0.0
 10
-6.5991
 20
9.1455
 30
0.0
 10
-6.6075
 20
9.1395
 30
0.0
 10
-6.6075
 20
9.1395
 30
0.0
 10
-6.6201
 20
9.1305
 30
0.0
 10
-6.634
 20
9.1232
 30
0.0
 10
-6.6486
 20
9.1189
 30
0.0
 10
-6.6486
 20
9.1189
 30
0.0
 10
-6.6633
 20
9.1145
 30
0.0
 10
-6.6787
 20
9.1132
 30
0.0
 10
-6.6941
 20
9.112
 30
0.0
  0
SPLINE
  5
78
330
1F
100
AcDbEntity
  8
Layer 1
370
    25
100
AcDbSpline
210
0.0
220
0.0
230
1.0
 70
     8
 71
     3
 72
    12
 73
     8
 74
     0
 42
0.000000001
 43
0.0000000001
 40
0.0
 40
0.0
 40
0.0
 40
0.0
 40
0.3333333333333333
 40
0.3333333333333333
 40
0.3333333333333333
 40
0.3333333333333333
 40
1.0
 40
1.0
 40
1.0
 40
1.0
 10
-6.0613
 20
12.762
 30
0.0
 10
-6.0613
 20
12.8018
 30
0.0
 10
-6.0771
 20
12.8399
 30
0.0
 10
-6.1052
 20
12.868
 30
0.0
 10
-6.1052
 20
12.868
 30
0.0
 10
-6.1333
 20
12.8962
 30
0.0
 10
-6.1715
 20
12.912
 30
0.0
 10
-6.2113
 20
12.912
 30
0.0
  0
SPLINE
  5
79
330
1F
100
AcDbEntity
  8
Layer 1
370
    25
100
AcDbSpline
210
0.0
220
0.0
230
1.0
 70
     8
 71
     3
 72
     8
 73
     4
 74
     0
 42
0.000000001
 43
0.0000000001
 40
0.0
 40
0.0
 40
0.0
 40
0.0
 40
1.0
 40
1.0
 40
1.0
 40
1.0
 10
-6.0613
 20
12.362
 30
0.0
 10
-6.0613
 20
12.2792
 30
0.0
 10
-5.9941
 20
12.212
 30
0.0
 10
-5.9113
 20
12.212
 30
0.0
  0
SPLINE
  5
7A
330
1F
100
AcDbEntity
  8
Layer 1
370
    25
100
AcDbSpline
210
0.0
220
0.0
230
1.0
 70
     8
 71
     3
 72
     8
 73
     4
 74
     0
 42
0.000000001
 43
0.0000000001
 40
0.0
 40
0.0
 40
0.0
 40
0.0
 40
1.0
 40
1.0
 40
1.0
 40
1.0
 10
-4.9113
 20
12.212
 30
0.0
 10
-4.8285
 20
12.212
 30
0.0
 10
-4.7613
 20
12.2792
 30
0.0
 10
-4.7613
 20
12.362
 30
0.0
  0
SPLINE
  5
7B
330
1F
100
AcDbEntity
  8
Layer 1
370
    25
100
AcDbSpline
210
0.0
220
0.0
230
1.0
 70
     8
 71
     3
 72
     8
 73
     4
 74
     0
 42
0.000000001
 43
0.0000000001
 40
0.0
 40
0.0
 40
0.0
 40
0.0
 40
1.0
 40
1.0
 40
1.0
 40
1.0
 10
-4.6113
 20
12.912
 30
0.0
 10
-4.6941
 20
12.912
 30
0.0
 10
-4.7613
 20
12.8448
 30
0.0
 10
-4.7613
 20
12.762
 30
0.0
  0
SPLINE
  5
7C
330
1F
100
AcDbEntity
  8
Layer 1
370
    25
100
AcDbSpline
210
0.0
220
0.0
230
1.0
 70
     8
 71
     3
 72
    12
 73
     8
 74
     0
 42
0.000000001
 43
0.0000000001
 40
0.0
 40
0.0
 40
0.0
 40
0.0
 40
0.3333333333333333
 40
0.3333333333333333
 40
0.3333333333333333
 40
0.3333333333333333
 40
1.0
 40
1.0
 40
1.0
 40
1.0
 10
-4.2699
 20
9.212
 30
0.0
 10
-4.2595
 20
9.1827
 30
0.0
 10
-4.2404
 20
9.1574
 30
0.0
 10
-4.215
 20
9.1395
 30
0.0
 10
-4.215
 20
9.1395
 30
0.0
 10
-4.1897
 20
9.1216
 30
0.0
 10
-4.1595
 20
9.112
 30
0.0
 10
-4.1284
 20
9.112
 30
0.0
  0
SPLINE
  5
7D
330
1F
100
AcDbEntity
  8
Layer 1
370
    25
100
AcDbSpline
210
0.0
220
0.0
230
1.0
 70
     8
 71
     3
 72
    12
 73
     8
 74
     0
 42
0.000000001
 43
0.0000000001
 40
0.0
 40
0.0
 40
0.0
 40
0.0
 40
0.3333333333333333
 40
0.3333333333333333
 40
0.3333333333333333
 40
0.3333333333333333
 40
1.0
 40
1.0
 40
1.0
 40
1.0
 10
-4.2699
 20
9.212
 30
0.0
 10
-4.2802
 20
9.2412
 30
0.0
 10
-4.2994
 20
9.2665
 30
0.0
 10
-4.3247
 20
9.2844
 30
0.0
 10
-4.3247
 20
9.2844
 30
0.0
 10
-4.35
 20
9.3024
 30
0.0
 10
-4.3803
 20
9.312
 30
0.0
 10
-4.4113
 20
9.312
 30
0.0
  0
SPLINE
  5
7E
330
1F
100
AcDbEntity
  8
Layer 1
370
    25
100
AcDbSpline
210
0.0
220
0.0
230
1.0
 70
    24
 71
     3
 72
    44
 73
    40
 74
     0
 42
0.000000001
 43
0.0000000001
 40
0.0
 40
0.0
 40
0.0
 40
0.0
 40
0.0909090909090909
 40
0.0909090909090909
 40
0.0909090909090909
 40
0.0909090909090909
 40
0.1818181818181818
 40
0.1818181818181818
 40
0.1818181818181818
 40
0.1818181818181818
 40
0.2727272727272727
 40
0.2727272727272727
 40
0.2727272727272727
 40
0.2727272727272727
 40
0.3636363636363636
 40
0.3636363636363636
 40
0.3636363636363636
 40
0.3636363636363636
 40
0.4545454545454545
 40
0.4545454545454545
 40
0.4545454545454545
 40
0.4545454545454545
 40
0.5454545454545454
 40
0.5454545454545454
 40
0.5454545454545454
 40
0.5454545454545454
 40
0.6363636363636364
 40
0.6363636363636364
 40
0.6363636363636364
 40
0.6363636363636364
 40
0.7272727272727273
 40
0.7272727272727273
 40
0.7272727272727273
 40
0.7272727272727273
 40
0.8181818181818182
 40
0.8181818181818182
 40
0.8181818181818182
 40
0.8181818181818182
 40
1.0
 40
1.0
 40
1.0
 40
1.0
 10
-9.5113
 20
9.112
 30
0.0
 10
-9.5409
 20
9.112
 30
0.0
 10
-9.5705
 20
9.112
 30
0.0
 10
-9.5999
 20
9.112
 30
0.0
 10
-9.5999
 20
9.112
 30
0.0
 10
-9.6291
 20
9.112
 30
0.0
 10
-9.6581
 20
9.112
 30
0.0
 10
-9.6869
 20
9.112
 30
0.0
 10
-9.6869
 20
9.112
 30
0.0
 10
-9.7156
 20
9.112
 30
0.0
 10
-9.7441
 20
9.112
 30
0.0
 10
-9.7721
 20
9.112
 30
0.0
 10
-9.7721
 20
9.112
 30
0.0
 10
-9.8005
 20
9.112
 30
0.0
 10
-9.8283
 20
9.112
 30
0.0
 10
-9.8557
 20
9.112
 30
0.0
 10
-9.8557
 20
9.112
 30
0.0
 10
-9.9101
 20
9.112
 30
0.0
 10
-9.9624
 20
9.112
 30
0.0
 10
-10.0114
 20
9.112
 30
0.0
 10
-10.0114
 20
9.112
 30
0.0
 10
-10.0604
 20
9.112
 30
0.0
 10
-10.106
 20
9.112
 30
0.0
 10
-10.1477
 20
9.112
 30
0.0
 10
-10.1477
 20
9.112
 30
0.0
 10
-10.1894
 20
9.112
 30
0.0
 10
-10.2271
 20
9.112
 30
0.0
 10
-10.2597
 20
9.112
 30
0.0
 10
-10.2597
 20
9.112
 30
0.0
 10
-10.2924
 20
9.112
 30
0.0
 10
-10.32
 20
9.112
 30
0.0
 10
-10.3428
 20
9.112
 30
0.0
 10
-10.3428
 20
9.112
 30
0.0
 10
-10.3656
 20
9.112
 30
0.0
 10
-10.3835
 20
9.112
 30
0.0
 10
-10.3942
 20
9.112
 30
0.0
 10
-10.3942
 20
9.112
 30
0.0
 10
-10.4048
 20
9.112
 30
0.0
 10
-10.408
 20
9.112
 30
0.0
 10
-10.4113
 20
9.112
 30
0.0
  0
SPLINE
  5
7F
330
1F
100
AcDbEntity
  8
Layer 1
370
    25
100
AcDbSpline
210
0.0
220
0.0
230
1.0
 70
    24
 71
     3
 72
    44
 73
    40
 74
     0
 42
0.000000001
 43
0.0000000001
 40
0.0
 40
0.0
 40
0.0
 40
0.0
 40
0.0909090909090909
 40
0.0909090909090909
 40
0.0909090909090909
 40
0.0909090909090909
 40
0.1818181818181818
 40
0.1818181818181818
 40
0.1818181818181818
 40
0.1818181818181818
 40
0.2727272727272727
 40
0.2727272727272727
 40
0.2727272727272727
 40
0.2727272727272727
 40
0.3636363636363636
 40
0.3636363636363636
 40
0.3636363636363636
 40
0.3636363636363636
 40
0.4545454545454545
 40
0.4545454545454545
 40
0.4545454545454545
 40
0.4545454545454545
 40
0.5454545454545454
 40
0.5454545454545454
 40
0.5454545454545454
 40
0.5454545454545454
 40
0.6363636363636364
 40
0.6363636363636364
 40
0.6363636363636364
 40
0.6363636363636364
 40
0.7272727272727273
 40
0.7272727272727273
 40
0.7272727272727273
 40
0.7272727272727273
 40
0.8181818181818182
 40
0.8181818181818182
 40
0.8181818181818182
 40
0.8181818181818182
 40
1.0
 40
1.0
 40
1.0
 40
1.0
 10
-0.4113
 20
9.112
 30
0.0
 10
-0.4121
 20
9.112
 30
0.0
 10
-0.4129
 20
9.112
 30
0.0
 10
-0.4156
 20
9.112
 30
0.0
 10
-0.4156
 20
9.112
 30
0.0
 10
-0.4182
 20
9.112
 30
0.0
 10
-0.4226
 20
9.112
 30
0.0
 10
-0.4284
 20
9.112
 30
0.0
 10
-0.4284
 20
9.112
 30
0.0
 10
-0.4342
 20
9.112
 30
0.0
 10
-0.4413
 20
9.112
 30
0.0
 10
-0.4498
 20
9.112
 30
0.0
 10
-0.4498
 20
9.112
 30
0.0
 10
-0.4584
 20
9.112
 30
0.0
 10
-0.4684
 20
9.112
 30
0.0
 10
-0.4798
 20
9.112
 30
0.0
 10
-0.4798
 20
9.112
 30
0.0
 10
-0.5023
 20
9.112
 30
0.0
 10
-0.5301
 20
9.112
 30
0.0
 10
-0.5628
 20
9.112
 30
0.0
 10
-0.5628
 20
9.112
 30
0.0
 10
-0.5955
 20
9.112
 30
0.0
 10
-0.6332
 20
9.112
 30
0.0
 10
-0.6749
 20
9.112
 30
0.0
 10
-0.6749
 20
9.112
 30
0.0
 10
-0.7165
 20
9.112
 30
0.0
 10
-0.7622
 20
9.112
 30
0.0
 10
-0.8112
 20
9.112
 30
0.0
 10
-0.8112
 20
9.112
 30
0.0
 10
-0.8601
 20
9.112
 30
0.0
 10
-0.9124
 20
9.112
 30
0.0
 10
-0.9669
 20
9.112
 30
0.0
 10
-0.9669
 20
9.112
 30
0.0
 10
-1.0213
 20
9.112
 30
0.0
 10
-1.0779
 20
9.112
 30
0.0
 10
-1.1357
 20
9.112
 30
0.0
 10
-1.1357
 20
9.112
 30
0.0
 10
-1.1934
 20
9.112
 30
0.0
 10
-1.2524
 20
9.112
 30
0.0
 10
-1.3113
 20
9.112
 30
0.0
  0
SPLINE
  5
80
330
1F
100
AcDbEntity
  8
Layer 1
370
    25
100
AcDbSpline
210
0.0
220
0.0
230
1.0
 70
     8
 71
     3
 72
     8
 73
     4
 74
     0
 42
0.000000001
 43
0.0000000001
 40
0.0
 40
0.0
 40
0.0
 40
0.0
 40
1.0
 40
1.0
 40
1.0
 40
1.0
 10
-4.5527
 20
9.212
 30
0.0
 10
-4.5584
 20
9.196
 30
0.0
 10
-4.5613
 20
9.179
 30
0.0
 10
-4.5613
 20
9.162
 30
0.0
  0
SPLINE
  5
81
330
1F
100
AcDbEntity
  8
Layer 1
370
    25
100
AcDbSpline
210
0.0
220
0.0
230
1.0
 70
     8
 71
     3
 72
    12
 73
     8
 74
     0
 42
0.000000001
 43
0.0000000001
 40
0.0
 40
0.0
 40
0.0
 40
0.0
 40
0.3333333333333333
 40
0.3333333333333333
 40
0.3333333333333333
 40
0.3333333333333333
 40
1.0
 40
1.0
 40
1.0
 40
1.0
 10
-6.2699
 20
9.212
 30
0.0
 10
-6.2674
 20
9.2038
 30
0.0
 10
-6.2649
 20
9.1956
 30
0.0
 10
-6.2634
 20
9.1873
 30
0.0
 10
-6.2634
 20
9.1873
 30
0.0
 10
-6.262
 20
9.1789
 30
0.0
 10
-6.2616
 20
9.1705
 30
0.0
 10
-6.2613
 20
9.162
 30
0.0
  0
SPLINE
  5
82
330
1F
100
AcDbEntity
  8
Layer 1
370
    25
100
AcDbSpline
210
0.0
220
0.0
230
1.0
 70
    24
 71
     3
 72
    20
 73
    16
 74
     0
 42
0.000000001
 43
0.0000000001
 40
0.0
 40
0.0
 40
0.0
 40
0.0
 40
0.2
 40
0.2
 40
0.2
 40
0.2
 40
0.4
 40
0.4
 40
0.4
 40
0.4
 40
0.6
 40
0.6
 40
0.6
 40
0.6
 40
1.0
 40
1.0
 40
1.0
 40
1.0
 10
-3.7613
 20
7.5479
 30
0.0
 10
-3.7613
 20
7.5408
 30
0.0
 10
-3.7613
 20
7.531
 30
0.0
 10
-3.7613
 20
7.5193
 30
0.0
 10
-3.7613
 20
7.5193
 30
0.0
 10
-3.7613
 20
7.5075
 30
0.0
 10
-3.7613
 20
7.4936
 30
0.0
 10
-3.7613
 20
7.4785
 30
0.0
 10
-3.7613
 20
7.4785
 30
0.0
 10
-3.7613
 20
7.4635
 30
0.0
 10
-3.7613
 20
7.4469
 30
0.0
 10
-3.7613
 20
7.4303
 30
0.0
 10
-3.7613
 20
7.4303
 30
0.0
 10
-3.7613
 20
7.4242
 30
0.0
 10
-3.7613
 20
7.4181
 30
0.0
 10
-3.7613
 20
7.412
 30
0.0
  0
SPLINE
  5
83
330
1F
100
AcDbEntity
  8
Layer 1
370
    25
100
AcDbSpline
210
0.0
220
0.0
230
1.0
 70
    24
 71
     3
 72
    20
 73
    16
 74
     0
 42
0.000000001
 43
0.0000000001
 40
0.0
 40
0.0
 40
0.0
 40
0.0
 40
0.2
 40
0.2
 40
0.2
 40
0.2
 40
0.4
 40
0.4
 40
0.4
 40
0.4
 40
0.6
 40
0.6
 40
0.6
 40
0.6
 40
1.0
 40
1.0
 40
1.0
 40
1.0
 10
-3.5613
 20
7.412
 30
0.0
 10
-3.5613
 20
7.4288
 30
0.0
 10
-3.5613
 20
7.4458
 30
0.0
 10
-3.5613
 20
7.4616
 30
0.0
 10
-3.5613
 20
7.4616
 30
0.0
 10
-3.5613
 20
7.4775
 30
0.0
 10
-3.5613
 20
7.4926
 30
0.0
 10
-3.5613
 20
7.5057
 30
0.0
 10
-3.5613
 20
7.5057
 30
0.0
 10
-3.5613
 20
7.5188
 30
0.0
 10
-3.5613
 20
7.5303
 30
0.0
 10
-3.5613
 20
7.5392
 30
0.0
 10
-3.5613
 20
7.5392
 30
0.0
 10
-3.5613
 20
7.5424
 30
0.0
 10
-3.5613
 20
7.5453
 30
0.0
 10
-3.5613
 20
7.5479
 30
0.0
  0
SPLINE
  5
84
330
1F
100
AcDbEntity
  8
Layer 1
370
    25
100
AcDbSpline
210
0.0
220
0.0
230
1.0
 70
    24
 71
     3
 72
    20
 73
    16
 74
     0
 42
0.000000001
 43
0.0000000001
 40
0.0
 40
0.0
 40
0.0
 40
0.0
 40
0.2
 40
0.2
 40
0.2
 40
0.2
 40
0.4
 40
0.4
 40
0.4
 40
0.4
 40
0.6
 40
0.6
 40
0.6
 40
0.6
 40
1.0
 40
1.0
 40
1.0
 40
1.0
 10
-3.2213
 20
7.5479
 30
0.0
 10
-3.2213
 20
7.5408
 30
0.0
 10
-3.2213
 20
7.531
 30
0.0
 10
-3.2213
 20
7.5193
 30
0.0
 10
-3.2213
 20
7.5193
 30
0.0
 10
-3.2213
 20
7.5075
 30
0.0
 10
-3.2213
 20
7.4936
 30
0.0
 10
-3.2213
 20
7.4785
 30
0.0
 10
-3.2213
 20
7.4785
 30
0.0
 10
-3.2213
 20
7.4635
 30
0.0
 10
-3.2213
 20
7.4469
 30
0.0
 10
-3.2213
 20
7.4303
 30
0.0
 10
-3.2213
 20
7.4303
 30
0.0
 10
-3.2213
 20
7.4242
 30
0.0
 10
-3.2213
 20
7.4181
 30
0.0
 10
-3.2213
 20
7.412
 30
0.0
  0
SPLINE
  5
85
330
1F
100
AcDbEntity
  8
Layer 1
370
    25
100
AcDbSpline
210
0.0
220
0.0
230
1.0
 70
    24
 71
     3
 72
    20
 73
    16
 74
     0
 42
0.000000001
 43
0.0000000001
 40
0.0
 40
0.0
 40
0.0
 40
0.0
 40
0.2
 40
0.2
 40
0.2
 40
0.2
 40
0.4
 40
0.4
 40
0.4
 40
0.4
 40
0.6
 40
0.6
 40
0.6
 40
0.6
 40
1.0
 40
1.0
 40
1.0
 40
1.0
 10
-3.0213
 20
7.412
 30
0.0
 10
-3.0213
 20
7.4288
 30
0.0
 10
-3.0213
 20
7.4458
 30
0.0
 10
-3.0213
 20
7.4616
 30
0.0
 10
-3.0213
 20
7.4616
 30
0.0
 10
-3.0213
 20
7.4775
 30
0.0
 10
-3.0213
 20
7.4926
 30
0.0
 10
-3.0213
 20
7.5057
 30
0.0
 10
-3.0213
 20
7.5057
 30
0.0
 10
-3.0213
 20
7.5188
 30
0.0
 10
-3.0213
 20
7.5303
 30
0.0
 10
-3.0213
 20
7.5392
 30
0.0
 10
-3.0213
 20
7.5392
 30
0.0
 10
-3.0213
 20
7.5424
 30
0.0
 10
-3.0213
 20
7.5453
 30
0.0
 10
-3.0213
 20
7.5479
 30
0.0
  0
SPLINE
  5
86
330
1F
100
AcDbEntity
  8
Layer 1
370
    25
100
AcDbSpline
210
0.0
220
0.0
230
1.0
 70
    24
 71
     3
 72
    20
 73
    16
 74
     0
 42
0.000000001
 43
0.0000000001
 40
0.0
 40
0.0
 40
0.0
 40
0.0
 40
0.2
 40
0.2
 40
0.2
 40
0.2
 40
0.4
 40
0.4
 40
0.4
 40
0.4
 40
0.6
 40
0.6
 40
0.6
 40
0.6
 40
1.0
 40
1.0
 40
1.0
 40
1.0
 10
-6.0613
 20
7.412
 30
0.0
 10
-6.0613
 20
7.4288
 30
0.0
 10
-6.0613
 20
7.4458
 30
0.0
 10
-6.0613
 20
7.4616
 30
0.0
 10
-6.0613
 20
7.4616
 30
0.0
 10
-6.0613
 20
7.4775
 30
0.0
 10
-6.0613
 20
7.4926
 30
0.0
 10
-6.0613
 20
7.5057
 30
0.0
 10
-6.0613
 20
7.5057
 30
0.0
 10
-6.0613
 20
7.5188
 30
0.0
 10
-6.0613
 20
7.5303
 30
0.0
 10
-6.0613
 20
7.5392
 30
0.0
 10
-6.0613
 20
7.5392
 30
0.0
 10
-6.0613
 20
7.5424
 30
0.0
 10
-6.0613
 20
7.5453
 30
0.0
 10
-6.0613
 20
7.5479
 30
0.0
  0
SPLINE
  5
87
330
1F
100
AcDbEntity
  8
Layer 1
370
    25
100
AcDbSpline
210
0.0
220
0.0
230
1.0
 70
    24
 71
     3
 72
    20
 73
    16
 74
     0
 42
0.000000001
 43
0.0000000001
 40
0.0
 40
0.0
 40
0.0
 40
0.0
 40
0.2
 40
0.2
 40
0.2
 40
0.2
 40
0.4
 40
0.4
 40
0.4
 40
0.4
 40
0.6
 40
0.6
 40
0.6
 40
0.6
 40
1.0
 40
1.0
 40
1.0
 40
1.0
 10
-6.2613
 20
7.5479
 30
0.0
 10
-6.2613
 20
7.5408
 30
0.0
 10
-6.2613
 20
7.531
 30
0.0
 10
-6.2613
 20
7.5193
 30
0.0
 10
-6.2613
 20
7.5193
 30
0.0
 10
-6.2613
 20
7.5075
 30
0.0
 10
-6.2613
 20
7.4936
 30
0.0
 10
-6.2613
 20
7.4785
 30
0.0
 10
-6.2613
 20
7.4785
 30
0.0
 10
-6.2613
 20
7.4635
 30
0.0
 10
-6.2613
 20
7.4469
 30
0.0
 10
-6.2613
 20
7.4303
 30
0.0
 10
-6.2613
 20
7.4303
 30
0.0
 10
-6.2613
 20
7.4242
 30
0.0
 10
-6.2613
 20
7.4181
 30
0.0
 10
-6.2613
 20
7.412
 30
0.0
  0
SPLINE
  5
88
330
1F
100
AcDbEntity
  8
Layer 1
370
    25
100
AcDbSpline
210
0.0
220
0.0
230
1.0
 70
    24
 71
     3
 72
    20
 73
    16
 74
     0
 42
0.000000001
 43
0.0000000001
 40
0.0
 40
0.0
 40
0.0
 40
0.0
 40
0.2
 40
0.2
 40
0.2
 40
0.2
 40
0.4
 40
0.4
 40
0.4
 40
0.4
 40
0.6
 40
0.6
 40
0.6
 40
0.6
 40
1.0
 40
1.0
 40
1.0
 40
1.0
 10
-8.6213
 20
7.412
 30
0.0
 10
-8.6213
 20
7.4288
 30
0.0
 10
-8.6213
 20
7.4458
 30
0.0
 10
-8.6213
 20
7.4616
 30
0.0
 10
-8.6213
 20
7.4616
 30
0.0
 10
-8.6213
 20
7.4775
 30
0.0
 10
-8.6213
 20
7.4926
 30
0.0
 10
-8.6213
 20
7.5057
 30
0.0
 10
-8.6213
 20
7.5057
 30
0.0
 10
-8.6213
 20
7.5188
 30
0.0
 10
-8.6213
 20
7.5303
 30
0.0
 10
-8.6213
 20
7.5392
 30
0.0
 10
-8.6213
 20
7.5392
 30
0.0
 10
-8.6213
 20
7.5424
 30
0.0
 10
-8.6213
 20
7.5453
 30
0.0
 10
-8.6213
 20
7.5479
 30
0.0
  0
SPLINE
  5
89
330
1F
100
AcDbEntity
  8
Layer 1
370
    25
100
AcDbSpline
210
0.0
220
0.0
230
1.0
 70
    24
 71
     3
 72
    20
 73
    16
 74
     0
 42
0.000000001
 43
0.0000000001
 40
0.0
 40
0.0
 40
0.0
 40
0.0
 40
0.2
 40
0.2
 40
0.2
 40
0.2
 40
0.4
 40
0.4
 40
0.4
 40
0.4
 40
0.6
 40
0.6
 40
0.6
 40
0.6
 40
1.0
 40
1.0
 40
1.0
 40
1.0
 10
-8.8213
 20
7.5479
 30
0.0
 10
-8.8213
 20
7.5408
 30
0.0
 10
-8.8213
 20
7.531
 30
0.0
 10
-8.8213
 20
7.5193
 30
0.0
 10
-8.8213
 20
7.5193
 30
0.0
 10
-8.8213
 20
7.5075
 30
0.0
 10
-8.8213
 20
7.4936
 30
0.0
 10
-8.8213
 20
7.4785
 30
0.0
 10
-8.8213
 20
7.4785
 30
0.0
 10
-8.8213
 20
7.4635
 30
0.0
 10
-8.8213
 20
7.4469
 30
0.0
 10
-8.8213
 20
7.4303
 30
0.0
 10
-8.8213
 20
7.4303
 30
0.0
 10
-8.8213
 20
7.4242
 30
0.0
 10
-8.8213
 20
7.4181
 30
0.0
 10
-8.8213
 20
7.412
 30
0.0
  0
SPLINE
  5
8A
330
1F
100
AcDbEntity
  8
Layer 1
370
    25
100
AcDbSpline
210
0.0
220
0.0
230
1.0
 70
    24
 71
     3
 72
    20
 73
    16
 74
     0
 42
0.000000001
 43
0.0000000001
 40
0.0
 40
0.0
 40
0.0
 40
0.0
 40
0.2
 40
0.2
 40
0.2
 40
0.2
 40
0.4
 40
0.4
 40
0.4
 40
0.4
 40
0.6
 40
0.6
 40
0.6
 40
0.6
 40
1.0
 40
1.0
 40
1.0
 40
1.0
 10
-6.5613
 20
7.412
 30
0.0
 10
-6.5613
 20
7.4288
 30
0.0
 10
-6.5613
 20
7.4458
 30
0.0
 10
-6.5613
 20
7.4616
 30
0.0
 10
-6.5613
 20
7.4616
 30
0.0
 10
-6.5613
 20
7.4775
 30
0.0
 10
-6.5613
 20
7.4926
 30
0.0
 10
-6.5613
 20
7.5057
 30
0.0
 10
-6.5613
 20
7.5057
 30
0.0
 10
-6.5613
 20
7.5188
 30
0.0
 10
-6.5613
 20
7.5303
 30
0.0
 10
-6.5613
 20
7.5392
 30
0.0
 10
-6.5613
 20
7.5392
 30
0.0
 10
-6.5613
 20
7.5424
 30
0.0
 10
-6.5613
 20
7.5453
 30
0.0
 10
-6.5613
 20
7.5479
 30
0.0
  0
SPLINE
  5
8B
330
1F
100
AcDbEntity
  8
Layer 1
370
    25
100
AcDbSpline
210
0.0
220
0.0
230
1.0
 70
    24
 71
     3
 72
    20
 73
    16
 74
     0
 42
0.000000001
 43
0.0000000001
 40
0.0
 40
0.0
 40
0.0
 40
0.0
 40
0.2
 40
0.2
 40
0.2
 40
0.2
 40
0.4
 40
0.4
 40
0.4
 40
0.4
 40
0.6
 40
0.6
 40
0.6
 40
0.6
 40
1.0
 40
1.0
 40
1.0
 40
1.0
 10
-6.7613
 20
7.5479
 30
0.0
 10
-6.7613
 20
7.5408
 30
0.0
 10
-6.7613
 20
7.531
 30
0.0
 10
-6.7613
 20
7.5193
 30
0.0
 10
-6.7613
 20
7.5193
 30
0.0
 10
-6.7613
 20
7.5075
 30
0.0
 10
-6.7613
 20
7.4936
 30
0.0
 10
-6.7613
 20
7.4785
 30
0.0
 10
-6.7613
 20
7.4785
 30
0.0
 10
-6.7613
 20
7.4635
 30
0.0
 10
-6.7613
 20
7.4469
 30
0.0
 10
-6.7613
 20
7.4303
 30
0.0
 10
-6.7613
 20
7.4303
 30
0.0
 10
-6.7613
 20
7.4242
 30
0.0
 10
-6.7613
 20
7.4181
 30
0.0
 10
-6.7613
 20
7.412
 30
0.0
  0
SPLINE
  5
8C
330
1F
100
AcDbEntity
  8
Layer 1
370
    25
100
AcDbSpline
210
0.0
220
0.0
230
1.0
 70
    24
 71
     3
 72
    20
 73
    16
 74
     0
 42
0.000000001
 43
0.0000000001
 40
0.0
 40
0.0
 40
0.0
 40
0.0
 40
0.2
 40
0.2
 40
0.2
 40
0.2
 40
0.4
 40
0.4
 40
0.4
 40
0.4
 40
0.6
 40
0.6
 40
0.6
 40
0.6
 40
1.0
 40
1.0
 40
1.0
 40
1.0
 10
-2.2013
 20
7.5479
 30
0.0
 10
-2.2013
 20
7.5408
 30
0.0
 10
-2.2013
 20
7.531
 30
0.0
 10
-2.2013
 20
7.5193
 30
0.0
 10
-2.2013
 20
7.5193
 30
0.0
 10
-2.2013
 20
7.5075
 30
0.0
 10
-2.2013
 20
7.4936
 30
0.0
 10
-2.2013
 20
7.4785
 30
0.0
 10
-2.2013
 20
7.4785
 30
0.0
 10
-2.2013
 20
7.4635
 30
0.0
 10
-2.2013
 20
7.4469
 30
0.0
 10
-2.2013
 20
7.4303
 30
0.0
 10
-2.2013
 20
7.4303
 30
0.0
 10
-2.2013
 20
7.4242
 30
0.0
 10
-2.2013
 20
7.4181
 30
0.0
 10
-2.2013
 20
7.412
 30
0.0
  0
SPLINE
  5
8D
330
1F
100
AcDbEntity
  8
Layer 1
370
    25
100
AcDbSpline
210
0.0
220
0.0
230
1.0
 70
    24
 71
     3
 72
    20
 73
    16
 74
     0
 42
0.000000001
 43
0.0000000001
 40
0.0
 40
0.0
 40
0.0
 40
0.0
 40
0.2
 40
0.2
 40
0.2
 40
0.2
 40
0.4
 40
0.4
 40
0.4
 40
0.4
 40
0.6
 40
0.6
 40
0.6
 40
0.6
 40
1.0
 40
1.0
 40
1.0
 40
1.0
 10
-2.0013
 20
7.412
 30
0.0
 10
-2.0013
 20
7.4288
 30
0.0
 10
-2.0013
 20
7.4458
 30
0.0
 10
-2.0013
 20
7.4616
 30
0.0
 10
-2.0013
 20
7.4616
 30
0.0
 10
-2.0013
 20
7.4775
 30
0.0
 10
-2.0013
 20
7.4926
 30
0.0
 10
-2.0013
 20
7.5057
 30
0.0
 10
-2.0013
 20
7.5057
 30
0.0
 10
-2.0013
 20
7.5188
 30
0.0
 10
-2.0013
 20
7.5303
 30
0.0
 10
-2.0013
 20
7.5392
 30
0.0
 10
-2.0013
 20
7.5392
 30
0.0
 10
-2.0013
 20
7.5424
 30
0.0
 10
-2.0013
 20
7.5453
 30
0.0
 10
-2.0013
 20
7.5479
 30
0.0
  0
SPLINE
  5
8E
330
1F
100
AcDbEntity
  8
Layer 1
370
    25
100
AcDbSpline
210
0.0
220
0.0
230
1.0
 70
    24
 71
     3
 72
    20
 73
    16
 74
     0
 42
0.000000001
 43
0.0000000001
 40
0.0
 40
0.0
 40
0.0
 40
0.0
 40
0.2
 40
0.2
 40
0.2
 40
0.2
 40
0.4
 40
0.4
 40
0.4
 40
0.4
 40
0.6
 40
0.6
 40
0.6
 40
0.6
 40
1.0
 40
1.0
 40
1.0
 40
1.0
 10
-4.2613
 20
7.5479
 30
0.0
 10
-4.2613
 20
7.5408
 30
0.0
 10
-4.2613
 20
7.531
 30
0.0
 10
-4.2613
 20
7.5193
 30
0.0
 10
-4.2613
 20
7.5193
 30
0.0
 10
-4.2613
 20
7.5075
 30
0.0
 10
-4.2613
 20
7.4936
 30
0.0
 10
-4.2613
 20
7.4785
 30
0.0
 10
-4.2613
 20
7.4785
 30
0.0
 10
-4.2613
 20
7.4635
 30
0.0
 10
-4.2613
 20
7.4469
 30
0.0
 10
-4.2613
 20
7.4303
 30
0.0
 10
-4.2613
 20
7.4303
 30
0.0
 10
-4.2613
 20
7.4242
 30
0.0
 10
-4.2613
 20
7.4181
 30
0.0
 10
-4.2613
 20
7.412
 30
0.0
  0
SPLINE
  5
8F
330
1F
100
AcDbEntity
  8
Layer 1
370
    25
100
AcDbSpline
210
0.0
220
0.0
230
1.0
 70
    24
 71
     3
 72
    20
 73
    16
 74
     0
 42
0.000000001
 43
0.0000000001
 40
0.0
 40
0.0
 40
0.0
 40
0.0
 40
0.2
 40
0.2
 40
0.2
 40
0.2
 40
0.4
 40
0.4
 40
0.4
 40
0.4
 40
0.6
 40
0.6
 40
0.6
 40
0.6
 40
1.0
 40
1.0
 40
1.0
 40
1.0
 10
-4.0613
 20
7.412
 30
0.0
 10
-4.0613
 20
7.4288
 30
0.0
 10
-4.0613
 20
7.4458
 30
0.0
 10
-4.0613
 20
7.4616
 30
0.0
 10
-4.0613
 20
7.4616
 30
0.0
 10
-4.0613
 20
7.4775
 30
0.0
 10
-4.0613
 20
7.4926
 30
0.0
 10
-4.0613
 20
7.5057
 30
0.0
 10
-4.0613
 20
7.5057
 30
0.0
 10
-4.0613
 20
7.5188
 30
0.0
 10
-4.0613
 20
7.5303
 30
0.0
 10
-4.0613
 20
7.5392
 30
0.0
 10
-4.0613
 20
7.5392
 30
0.0
 10
-4.0613
 20
7.5424
 30
0.0
 10
-4.0613
 20
7.5453
 30
0.0
 10
-4.0613
 20
7.5479
 30
0.0
  0
SPLINE
  5
90
330
1F
100
AcDbEntity
  8
Layer 1
370
    25
100
AcDbSpline
210
0.0
220
0.0
230
1.0
 70
    24
 71
     3
 72
    20
 73
    16
 74
     0
 42
0.000000001
 43
0.0000000001
 40
0.0
 40
0.0
 40
0.0
 40
0.0
 40
0.2
 40
0.2
 40
0.2
 40
0.2
 40
0.4
 40
0.4
 40
0.4
 40
0.4
 40
0.6
 40
0.6
 40
0.6
 40
0.6
 40
1.0
 40
1.0
 40
1.0
 40
1.0
 10
-4.7613
 20
7.5479
 30
0.0
 10
-4.7613
 20
7.5408
 30
0.0
 10
-4.7613
 20
7.531
 30
0.0
 10
-4.7613
 20
7.5193
 30
0.0
 10
-4.7613
 20
7.5193
 30
0.0
 10
-4.7613
 20
7.5075
 30
0.0
 10
-4.7613
 20
7.4936
 30
0.0
 10
-4.7613
 20
7.4785
 30
0.0
 10
-4.7613
 20
7.4785
 30
0.0
 10
-4.7613
 20
7.4635
 30
0.0
 10
-4.7613
 20
7.4469
 30
0.0
 10
-4.7613
 20
7.4303
 30
0.0
 10
-4.7613
 20
7.4303
 30
0.0
 10
-4.7613
 20
7.4242
 30
0.0
 10
-4.7613
 20
7.4181
 30
0.0
 10
-4.7613
 20
7.412
 30
0.0
  0
SPLINE
  5
91
330
1F
100
AcDbEntity
  8
Layer 1
370
    25
100
AcDbSpline
210
0.0
220
0.0
230
1.0
 70
    24
 71
     3
 72
    20
 73
    16
 74
     0
 42
0.000000001
 43
0.0000000001
 40
0.0
 40
0.0
 40
0.0
 40
0.0
 40
0.2
 40
0.2
 40
0.2
 40
0.2
 40
0.4
 40
0.4
 40
0.4
 40
0.4
 40
0.6
 40
0.6
 40
0.6
 40
0.6
 40
1.0
 40
1.0
 40
1.0
 40
1.0
 10
-4.5613
 20
7.412
 30
0.0
 10
-4.5613
 20
7.4288
 30
0.0
 10
-4.5613
 20
7.4458
 30
0.0
 10
-4.5613
 20
7.4616
 30
0.0
 10
-4.5613
 20
7.4616
 30
0.0
 10
-4.5613
 20
7.4775
 30
0.0
 10
-4.5613
 20
7.4926
 30
0.0
 10
-4.5613
 20
7.5057
 30
0.0
 10
-4.5613
 20
7.5057
 30
0.0
 10
-4.5613
 20
7.5188
 30
0.0
 10
-4.5613
 20
7.5303
 30
0.0
 10
-4.5613
 20
7.5392
 30
0.0
 10
-4.5613
 20
7.5392
 30
0.0
 10
-4.5613
 20
7.5424
 30
0.0
 10
-4.5613
 20
7.5453
 30
0.0
 10
-4.5613
 20
7.5479
 30
0.0
  0
SPLINE
  5
92
330
1F
100
AcDbEntity
  8
Layer 1
370
    25
100
AcDbSpline
210
0.0
220
0.0
230
1.0
 70
    24
 71
     3
 72
    20
 73
    16
 74
     0
 42
0.000000001
 43
0.0000000001
 40
0.0
 40
0.0
 40
0.0
 40
0.0
 40
0.2
 40
0.2
 40
0.2
 40
0.2
 40
0.4
 40
0.4
 40
0.4
 40
0.4
 40
0.6
 40
0.6
 40
0.6
 40
0.6
 40
1.0
 40
1.0
 40
1.0
 40
1.0
 10
-7.0613
 20
7.412
 30
0.0
 10
-7.0613
 20
7.4288
 30
0.0
 10
-7.0613
 20
7.4458
 30
0.0
 10
-7.0613
 20
7.4616
 30
0.0
 10
-7.0613
 20
7.4616
 30
0.0
 10
-7.0613
 20
7.4775
 30
0.0
 10
-7.0613
 20
7.4926
 30
0.0
 10
-7.0613
 20
7.5057
 30
0.0
 10
-7.0613
 20
7.5057
 30
0.0
 10
-7.0613
 20
7.5188
 30
0.0
 10
-7.0613
 20
7.5303
 30
0.0
 10
-7.0613
 20
7.5392
 30
0.0
 10
-7.0613
 20
7.5392
 30
0.0
 10
-7.0613
 20
7.5424
 30
0.0
 10
-7.0613
 20
7.5453
 30
0.0
 10
-7.0613
 20
7.5479
 30
0.0
  0
SPLINE
  5
93
330
1F
100
AcDbEntity
  8
Layer 1
370
    25
100
AcDbSpline
210
0.0
220
0.0
230
1.0
 70
    24
 71
     3
 72
    20
 73
    16
 74
     0
 42
0.000000001
 43
0.0000000001
 40
0.0
 40
0.0
 40
0.0
 40
0.0
 40
0.2
 40
0.2
 40
0.2
 40
0.2
 40
0.4
 40
0.4
 40
0.4
 40
0.4
 40
0.6
 40
0.6
 40
0.6
 40
0.6
 40
1.0
 40
1.0
 40
1.0
 40
1.0
 10
-7.2613
 20
7.5479
 30
0.0
 10
-7.2613
 20
7.5408
 30
0.0
 10
-7.2613
 20
7.531
 30
0.0
 10
-7.2613
 20
7.5193
 30
0.0
 10
-7.2613
 20
7.5193
 30
0.0
 10
-7.2613
 20
7.5075
 30
0.0
 10
-7.2613
 20
7.4936
 30
0.0
 10
-7.2613
 20
7.4785
 30
0.0
 10
-7.2613
 20
7.4785
 30
0.0
 10
-7.2613
 20
7.4635
 30
0.0
 10
-7.2613
 20
7.4469
 30
0.0
 10
-7.2613
 20
7.4303
 30
0.0
 10
-7.2613
 20
7.4303
 30
0.0
 10
-7.2613
 20
7.4242
 30
0.0
 10
-7.2613
 20
7.4181
 30
0.0
 10
-7.2613
 20
7.412
 30
0.0
  0
SPLINE
  5
94
330
1F
100
AcDbEntity
  8
Layer 1
370
    25
100
AcDbSpline
210
0.0
220
0.0
230
1.0
 70
    24
 71
     3
 72
    20
 73
    16
 74
     0
 42
0.000000001
 43
0.0000000001
 40
0.0
 40
0.0
 40
0.0
 40
0.0
 40
0.2
 40
0.2
 40
0.2
 40
0.2
 40
0.4
 40
0.4
 40
0.4
 40
0.4
 40
0.6
 40
0.6
 40
0.6
 40
0.6
 40
1.0
 40
1.0
 40
1.0
 40
1.0
 10
-8.4013
 20
7.412
 30
0.0
 10
-8.4013
 20
7.4288
 30
0.0
 10
-8.4013
 20
7.4458
 30
0.0
 10
-8.4013
 20
7.4616
 30
0.0
 10
-8.4013
 20
7.4616
 30
0.0
 10
-8.4013
 20
7.4775
 30
0.0
 10
-8.4013
 20
7.4926
 30
0.0
 10
-8.4013
 20
7.5057
 30
0.0
 10
-8.4013
 20
7.5057
 30
0.0
 10
-8.4013
 20
7.5188
 30
0.0
 10
-8.4013
 20
7.5303
 30
0.0
 10
-8.4013
 20
7.5392
 30
0.0
 10
-8.4013
 20
7.5392
 30
0.0
 10
-8.4013
 20
7.5424
 30
0.0
 10
-8.4013
 20
7.5453
 30
0.0
 10
-8.4013
 20
7.5479
 30
0.0
  0
SPLINE
  5
95
330
1F
100
AcDbEntity
  8
Layer 1
370
    25
100
AcDbSpline
210
0.0
220
0.0
230
1.0
 70
    24
 71
     3
 72
    20
 73
    16
 74
     0
 42
0.000000001
 43
0.0000000001
 40
0.0
 40
0.0
 40
0.0
 40
0.0
 40
0.2
 40
0.2
 40
0.2
 40
0.2
 40
0.4
 40
0.4
 40
0.4
 40
0.4
 40
0.6
 40
0.6
 40
0.6
 40
0.6
 40
1.0
 40
1.0
 40
1.0
 40
1.0
 10
-8.6013
 20
7.5479
 30
0.0
 10
-8.6013
 20
7.5408
 30
0.0
 10
-8.6013
 20
7.531
 30
0.0
 10
-8.6013
 20
7.5193
 30
0.0
 10
-8.6013
 20
7.5193
 30
0.0
 10
-8.6013
 20
7.5075
 30
0.0
 10
-8.6013
 20
7.4936
 30
0.0
 10
-8.6013
 20
7.4785
 30
0.0
 10
-8.6013
 20
7.4785
 30
0.0
 10
-8.6013
 20
7.4635
 30
0.0
 10
-8.6013
 20
7.4469
 30
0.0
 10
-8.6013
 20
7.4303
 30
0.0
 10
-8.6013
 20
7.4303
 30
0.0
 10
-8.6013
 20
7.4242
 30
0.0
 10
-8.6013
 20
7.4181
 30
0.0
 10
-8.6013
 20
7.412
 30
0.0
  0
SPLINE
  5
96
330
1F
100
AcDbEntity
  8
Layer 1
370
    25
100
AcDbSpline
210
0.0
220
0.0
230
1.0
 70
    24
 71
     3
 72
    20
 73
    16
 74
     0
 42
0.000000001
 43
0.0000000001
 40
0.0
 40
0.0
 40
0.0
 40
0.0
 40
0.2
 40
0.2
 40
0.2
 40
0.2
 40
0.4
 40
0.4
 40
0.4
 40
0.4
 40
0.6
 40
0.6
 40
0.6
 40
0.6
 40
1.0
 40
1.0
 40
1.0
 40
1.0
 10
-7.8213
 20
7.412
 30
0.0
 10
-7.8213
 20
7.4288
 30
0.0
 10
-7.8213
 20
7.4458
 30
0.0
 10
-7.8213
 20
7.4616
 30
0.0
 10
-7.8213
 20
7.4616
 30
0.0
 10
-7.8213
 20
7.4775
 30
0.0
 10
-7.8213
 20
7.4926
 30
0.0
 10
-7.8213
 20
7.5057
 30
0.0
 10
-7.8213
 20
7.5057
 30
0.0
 10
-7.8213
 20
7.5188
 30
0.0
 10
-7.8213
 20
7.5303
 30
0.0
 10
-7.8213
 20
7.5392
 30
0.0
 10
-7.8213
 20
7.5392
 30
0.0
 10
-7.8213
 20
7.5424
 30
0.0
 10
-7.8213
 20
7.5453
 30
0.0
 10
-7.8213
 20
7.5479
 30
0.0
  0
SPLINE
  5
97
330
1F
100
AcDbEntity
  8
Layer 1
370
    25
100
AcDbSpline
210
0.0
220
0.0
230
1.0
 70
    24
 71
     3
 72
    20
 73
    16
 74
     0
 42
0.000000001
 43
0.0000000001
 40
0.0
 40
0.0
 40
0.0
 40
0.0
 40
0.2
 40
0.2
 40
0.2
 40
0.2
 40
0.4
 40
0.4
 40
0.4
 40
0.4
 40
0.6
 40
0.6
 40
0.6
 40
0.6
 40
1.0
 40
1.0
 40
1.0
 40
1.0
 10
-8.0213
 20
7.5479
 30
0.0
 10
-8.0213
 20
7.5408
 30
0.0
 10
-8.0213
 20
7.531
 30
0.0
 10
-8.0213
 20
7.5193
 30
0.0
 10
-8.0213
 20
7.5193
 30
0.0
 10
-8.0213
 20
7.5075
 30
0.0
 10
-8.0213
 20
7.4936
 30
0.0
 10
-8.0213
 20
7.4785
 30
0.0
 10
-8.0213
 20
7.4785
 30
0.0
 10
-8.0213
 20
7.4635
 30
0.0
 10
-8.0213
 20
7.4469
 30
0.0
 10
-8.0213
 20
7.4303
 30
0.0
 10
-8.0213
 20
7.4303
 30
0.0
 10
-8.0213
 20
7.4242
 30
0.0
 10
-8.0213
 20
7.4181
 30
0.0
 10
-8.0213
 20
7.412
 30
0.0
  0
SPLINE
  5
98
330
1F
100
AcDbEntity
  8
Layer 1
370
    25
100
AcDbSpline
210
0.0
220
0.0
230
1.0
 70
    24
 71
     3
 72
    20
 73
    16
 74
     0
 42
0.000000001
 43
0.0000000001
 40
0.0
 40
0.0
 40
0.0
 40
0.0
 40
0.2
 40
0.2
 40
0.2
 40
0.2
 40
0.4
 40
0.4
 40
0.4
 40
0.4
 40
0.6
 40
0.6
 40
0.6
 40
0.6
 40
1.0
 40
1.0
 40
1.0
 40
1.0
 10
-2.4213
 20
7.5479
 30
0.0
 10
-2.4213
 20
7.5408
 30
0.0
 10
-2.4213
 20
7.531
 30
0.0
 10
-2.4213
 20
7.5193
 30
0.0
 10
-2.4213
 20
7.5193
 30
0.0
 10
-2.4213
 20
7.5075
 30
0.0
 10
-2.4213
 20
7.4936
 30
0.0
 10
-2.4213
 20
7.4785
 30
0.0
 10
-2.4213
 20
7.4785
 30
0.0
 10
-2.4213
 20
7.4635
 30
0.0
 10
-2.4213
 20
7.4469
 30
0.0
 10
-2.4213
 20
7.4303
 30
0.0
 10
-2.4213
 20
7.4303
 30
0.0
 10
-2.4213
 20
7.4242
 30
0.0
 10
-2.4213
 20
7.4181
 30
0.0
 10
-2.4213
 20
7.412
 30
0.0
  0
SPLINE
  5
99
330
1F
100
AcDbEntity
  8
Layer 1
370
    25
100
AcDbSpline
210
0.0
220
0.0
230
1.0
 70
    24
 71
     3
 72
    20
 73
    16
 74
     0
 42
0.000000001
 43
0.0000000001
 40
0.0
 40
0.0
 40
0.0
 40
0.0
 40
0.2
 40
0.2
 40
0.2
 40
0.2
 40
0.4
 40
0.4
 40
0.4
 40
0.4
 40
0.6
 40
0.6
 40
0.6
 40
0.6
 40
1.0
 40
1.0
 40
1.0
 40
1.0
 10
-2.2213
 20
7.412
 30
0.0
 10
-2.2213
 20
7.4288
 30
0.0
 10
-2.2213
 20
7.4458
 30
0.0
 10
-2.2213
 20
7.4616
 30
0.0
 10
-2.2213
 20
7.4616
 30
0.0
 10
-2.2213
 20
7.4775
 30
0.0
 10
-2.2213
 20
7.4926
 30
0.0
 10
-2.2213
 20
7.5057
 30
0.0
 10
-2.2213
 20
7.5057
 30
0.0
 10
-2.2213
 20
7.5188
 30
0.0
 10
-2.2213
 20
7.5303
 30
0.0
 10
-2.2213
 20
7.5392
 30
0.0
 10
-2.2213
 20
7.5392
 30
0.0
 10
-2.2213
 20
7.5424
 30
0.0
 10
-2.2213
 20
7.5453
 30
0.0
 10
-2.2213
 20
7.5479
 30
0.0
  0
SPLINE
  5
9A
330
1F
100
AcDbEntity
  8
Layer 1
370
    25
100
AcDbSpline
210
0.0
220
0.0
230
1.0
 70
    24
 71
     3
 72
    20
 73
    16
 74
     0
 42
0.000000001
 43
0.0000000001
 40
0.0
 40
0.0
 40
0.0
 40
0.0
 40
0.2
 40
0.2
 40
0.2
 40
0.2
 40
0.4
 40
0.4
 40
0.4
 40
0.4
 40
0.6
 40
0.6
 40
0.6
 40
0.6
 40
1.0
 40
1.0
 40
1.0
 40
1.0
 10
-5.5613
 20
7.412
 30
0.0
 10
-5.5613
 20
7.4288
 30
0.0
 10
-5.5613
 20
7.4458
 30
0.0
 10
-5.5613
 20
7.4616
 30
0.0
 10
-5.5613
 20
7.4616
 30
0.0
 10
-5.5613
 20
7.4775
 30
0.0
 10
-5.5613
 20
7.4926
 30
0.0
 10
-5.5613
 20
7.5057
 30
0.0
 10
-5.5613
 20
7.5057
 30
0.0
 10
-5.5613
 20
7.5188
 30
0.0
 10
-5.5613
 20
7.5303
 30
0.0
 10
-5.5613
 20
7.5392
 30
0.0
 10
-5.5613
 20
7.5392
 30
0.0
 10
-5.5613
 20
7.5424
 30
0.0
 10
-5.5613
 20
7.5453
 30
0.0
 10
-5.5613
 20
7.5479
 30
0.0
  0
SPLINE
  5
9B
330
1F
100
AcDbEntity
  8
Layer 1
370
    25
100
AcDbSpline
210
0.0
220
0.0
230
1.0
 70
    24
 71
     3
 72
    20
 73
    16
 74
     0
 42
0.000000001
 43
0.0000000001
 40
0.0
 40
0.0
 40
0.0
 40
0.0
 40
0.2
 40
0.2
 40
0.2
 40
0.2
 40
0.4
 40
0.4
 40
0.4
 40
0.4
 40
0.6
 40
0.6
 40
0.6
 40
0.6
 40
1.0
 40
1.0
 40
1.0
 40
1.0
 10
-5.7613
 20
7.5479
 30
0.0
 10
-5.7613
 20
7.5408
 30
0.0
 10
-5.7613
 20
7.531
 30
0.0
 10
-5.7613
 20
7.5193
 30
0.0
 10
-5.7613
 20
7.5193
 30
0.0
 10
-5.7613
 20
7.5075
 30
0.0
 10
-5.7613
 20
7.4936
 30
0.0
 10
-5.7613
 20
7.4785
 30
0.0
 10
-5.7613
 20
7.4785
 30
0.0
 10
-5.7613
 20
7.4635
 30
0.0
 10
-5.7613
 20
7.4469
 30
0.0
 10
-5.7613
 20
7.4303
 30
0.0
 10
-5.7613
 20
7.4303
 30
0.0
 10
-5.7613
 20
7.4242
 30
0.0
 10
-5.7613
 20
7.4181
 30
0.0
 10
-5.7613
 20
7.412
 30
0.0
  0
SPLINE
  5
9C
330
1F
100
AcDbEntity
  8
Layer 1
370
    25
100
AcDbSpline
210
0.0
220
0.0
230
1.0
 70
    24
 71
     3
 72
    20
 73
    16
 74
     0
 42
0.000000001
 43
0.0000000001
 40
0.0
 40
0.0
 40
0.0
 40
0.0
 40
0.2
 40
0.2
 40
0.2
 40
0.2
 40
0.4
 40
0.4
 40
0.4
 40
0.4
 40
0.6
 40
0.6
 40
0.6
 40
0.6
 40
1.0
 40
1.0
 40
1.0
 40
1.0
 10
-7.6013
 20
7.412
 30
0.0
 10
-7.6013
 20
7.4288
 30
0.0
 10
-7.6013
 20
7.4458
 30
0.0
 10
-7.6013
 20
7.4616
 30
0.0
 10
-7.6013
 20
7.4616
 30
0.0
 10
-7.6013
 20
7.4775
 30
0.0
 10
-7.6013
 20
7.4926
 30
0.0
 10
-7.6013
 20
7.5057
 30
0.0
 10
-7.6013
 20
7.5057
 30
0.0
 10
-7.6013
 20
7.5188
 30
0.0
 10
-7.6013
 20
7.5303
 30
0.0
 10
-7.6013
 20
7.5392
 30
0.0
 10
-7.6013
 20
7.5392
 30
0.0
 10
-7.6013
 20
7.5424
 30
0.0
 10
-7.6013
 20
7.5453
 30
0.0
 10
-7.6013
 20
7.5479
 30
0.0
  0
SPLINE
  5
9D
330
1F
100
AcDbEntity
  8
Layer 1
370
    25
100
AcDbSpline
210
0.0
220
0.0
230
1.0
 70
    24
 71
     3
 72
    20
 73
    16
 74
     0
 42
0.000000001
 43
0.0000000001
 40
0.0
 40
0.0
 40
0.0
 40
0.0
 40
0.2
 40
0.2
 40
0.2
 40
0.2
 40
0.4
 40
0.4
 40
0.4
 40
0.4
 40
0.6
 40
0.6
 40
0.6
 40
0.6
 40
1.0
 40
1.0
 40
1.0
 40
1.0
 10
-7.8013
 20
7.5479
 30
0.0
 10
-7.8013
 20
7.5408
 30
0.0
 10
-7.8013
 20
7.531
 30
0.0
 10
-7.8013
 20
7.5193
 30
0.0
 10
-7.8013
 20
7.5193
 30
0.0
 10
-7.8013
 20
7.5075
 30
0.0
 10
-7.8013
 20
7.4936
 30
0.0
 10
-7.8013
 20
7.4785
 30
0.0
 10
-7.8013
 20
7.4785
 30
0.0
 10
-7.8013
 20
7.4635
 30
0.0
 10
-7.8013
 20
7.4469
 30
0.0
 10
-7.8013
 20
7.4303
 30
0.0
 10
-7.8013
 20
7.4303
 30
0.0
 10
-7.8013
 20
7.4242
 30
0.0
 10
-7.8013
 20
7.4181
 30
0.0
 10
-7.8013
 20
7.412
 30
0.0
  0
SPLINE
  5
9E
330
1F
100
AcDbEntity
  8
Layer 1
370
    25
100
AcDbSpline
210
0.0
220
0.0
230
1.0
 70
    24
 71
     3
 72
    20
 73
    16
 74
     0
 42
0.000000001
 43
0.0000000001
 40
0.0
 40
0.0
 40
0.0
 40
0.0
 40
0.2
 40
0.2
 40
0.2
 40
0.2
 40
0.4
 40
0.4
 40
0.4
 40
0.4
 40
0.6
 40
0.6
 40
0.6
 40
0.6
 40
1.0
 40
1.0
 40
1.0
 40
1.0
 10
-3.0013
 20
7.5479
 30
0.0
 10
-3.0013
 20
7.5408
 30
0.0
 10
-3.0013
 20
7.531
 30
0.0
 10
-3.0013
 20
7.5193
 30
0.0
 10
-3.0013
 20
7.5193
 30
0.0
 10
-3.0013
 20
7.5075
 30
0.0
 10
-3.0013
 20
7.4936
 30
0.0
 10
-3.0013
 20
7.4785
 30
0.0
 10
-3.0013
 20
7.4785
 30
0.0
 10
-3.0013
 20
7.4635
 30
0.0
 10
-3.0013
 20
7.4469
 30
0.0
 10
-3.0013
 20
7.4303
 30
0.0
 10
-3.0013
 20
7.4303
 30
0.0
 10
-3.0013
 20
7.4242
 30
0.0
 10
-3.0013
 20
7.4181
 30
0.0
 10
-3.0013
 20
7.412
 30
0.0
  0
SPLINE
  5
9F
330
1F
100
AcDbEntity
  8
Layer 1
370
    25
100
AcDbSpline
210
0.0
220
0.0
230
1.0
 70
    24
 71
     3
 72
    20
 73
    16
 74
     0
 42
0.000000001
 43
0.0000000001
 40
0.0
 40
0.0
 40
0.0
 40
0.0
 40
0.2
 40
0.2
 40
0.2
 40
0.2
 40
0.4
 40
0.4
 40
0.4
 40
0.4
 40
0.6
 40
0.6
 40
0.6
 40
0.6
 40
1.0
 40
1.0
 40
1.0
 40
1.0
 10
-2.8013
 20
7.412
 30
0.0
 10
-2.8013
 20
7.4288
 30
0.0
 10
-2.8013
 20
7.4458
 30
0.0
 10
-2.8013
 20
7.4616
 30
0.0
 10
-2.8013
 20
7.4616
 30
0.0
 10
-2.8013
 20
7.4775
 30
0.0
 10
-2.8013
 20
7.4926
 30
0.0
 10
-2.8013
 20
7.5057
 30
0.0
 10
-2.8013
 20
7.5057
 30
0.0
 10
-2.8013
 20
7.5188
 30
0.0
 10
-2.8013
 20
7.5303
 30
0.0
 10
-2.8013
 20
7.5392
 30
0.0
 10
-2.8013
 20
7.5392
 30
0.0
 10
-2.8013
 20
7.5424
 30
0.0
 10
-2.8013
 20
7.5453
 30
0.0
 10
-2.8013
 20
7.5479
 30
0.0
  0
SPLINE
  5
A0
330
1F
100
AcDbEntity
  8
Layer 1
370
    25
100
AcDbSpline
210
0.0
220
0.0
230
1.0
 70
    24
 71
     3
 72
    20
 73
    16
 74
     0
 42
0.000000001
 43
0.0000000001
 40
0.0
 40
0.0
 40
0.0
 40
0.0
 40
0.2
 40
0.2
 40
0.2
 40
0.2
 40
0.4
 40
0.4
 40
0.4
 40
0.4
 40
0.6
 40
0.6
 40
0.6
 40
0.6
 40
1.0
 40
1.0
 40
1.0
 40
1.0
 10
-5.0613
 20
7.412
 30
0.0
 10
-5.0613
 20
7.4288
 30
0.0
 10
-5.0613
 20
7.4458
 30
0.0
 10
-5.0613
 20
7.4616
 30
0.0
 10
-5.0613
 20
7.4616
 30
0.0
 10
-5.0613
 20
7.4775
 30
0.0
 10
-5.0613
 20
7.4926
 30
0.0
 10
-5.0613
 20
7.5057
 30
0.0
 10
-5.0613
 20
7.5057
 30
0.0
 10
-5.0613
 20
7.5188
 30
0.0
 10
-5.0613
 20
7.5303
 30
0.0
 10
-5.0613
 20
7.5392
 30
0.0
 10
-5.0613
 20
7.5392
 30
0.0
 10
-5.0613
 20
7.5424
 30
0.0
 10
-5.0613
 20
7.5453
 30
0.0
 10
-5.0613
 20
7.5479
 30
0.0
  0
SPLINE
  5
A1
330
1F
100
AcDbEntity
  8
Layer 1
370
    25
100
AcDbSpline
210
0.0
220
0.0
230
1.0
 70
    24
 71
     3
 72
    20
 73
    16
 74
     0
 42
0.000000001
 43
0.0000000001
 40
0.0
 40
0.0
 40
0.0
 40
0.0
 40
0.2
 40
0.2
 40
0.2
 40
0.2
 40
0.4
 40
0.4
 40
0.4
 40
0.4
 40
0.6
 40
0.6
 40
0.6
 40
0.6
 40
1.0
 40
1.0
 40
1.0
 40
1.0
 10
-5.2613
 20
7.5479
 30
0.0
 10
-5.2613
 20
7.5408
 30
0.0
 10
-5.2613
 20
7.531
 30
0.0
 10
-5.2613
 20
7.5193
 30
0.0
 10
-5.2613
 20
7.5193
 30
0.0
 10
-5.2613
 20
7.5075
 30
0.0
 10
-5.2613
 20
7.4936
 30
0.0
 10
-5.2613
 20
7.4785
 30
0.0
 10
-5.2613
 20
7.4785
 30
0.0
 10
-5.2613
 20
7.4635
 30
0.0
 10
-5.2613
 20
7.4469
 30
0.0
 10
-5.2613
 20
7.4303
 30
0.0
 10
-5.2613
 20
7.4303
 30
0.0
 10
-5.2613
 20
7.4242
 30
0.0
 10
-5.2613
 20
7.4181
 30
0.0
 10
-5.2613
 20
7.412
 30
0.0
  0
SPLINE
  5
A2
330
1F
100
AcDbEntity
  8
Layer 1
370
    25
100
AcDbSpline
210
0.0
220
0.0
230
1.0
 70
    24
 71
     3
 72
    16
 73
    12
 74
     0
 42
0.000000001
 43
0.0000000001
 40
0.0
 40
0.0
 40
0.0
 40
0.0
 40
0.25
 40
0.25
 40
0.25
 40
0.25
 40
0.5
 40
0.5
 40
0.5
 40
0.5
 40
1.0
 40
1.0
 40
1.0
 40
1.0
 10
-10.6813
 20
14.262
 30
0.0
 10
-10.6813
 20
14.262
 30
0.0
 10
-10.6553
 20
14.262
 30
0.0
 10
-10.6052
 20
14.262
 30
0.0
 10
-10.6052
 20
14.262
 30
0.0
 10
-10.555
 20
14.262
 30
0.0
 10
-10.4808
 20
14.262
 30
0.0
 10
-10.3886
 20
14.262
 30
0.0
 10
-10.3886
 20
14.262
 30
0.0
 10
-10.2043
 20
14.262
 30
0.0
 10
-9.9454
 20
14.262
 30
0.0
 10
-9.6813
 20
14.262
 30
0.0
  0
SPLINE
  5
A3
330
1F
100
AcDbEntity
  8
Layer 1
370
    25
100
AcDbSpline
210
0.0
220
0.0
230
1.0
 70
    24
 71
     3
 72
    16
 73
    12
 74
     0
 42
0.000000001
 43
0.0000000001
 40
0.0
 40
0.0
 40
0.0
 40
0.0
 40
0.25
 40
0.25
 40
0.25
 40
0.25
 40
0.5
 40
0.5
 40
0.5
 40
0.5
 40
1.0
 40
1.0
 40
1.0
 40
1.0
 10
-10.6813
 20
12.962
 30
0.0
 10
-10.6813
 20
12.962
 30
0.0
 10
-10.6553
 20
12.962
 30
0.0
 10
-10.6052
 20
12.962
 30
0.0
 10
-10.6052
 20
12.962
 30
0.0
 10
-10.555
 20
12.962
 30
0.0
 10
-10.4808
 20
12.962
 30
0.0
 10
-10.3886
 20
12.962
 30
0.0
 10
-10.3886
 20
12.962
 30
0.0
 10
-10.2043
 20
12.962
 30
0.0
 10
-9.9454
 20
12.962
 30
0.0
 10
-9.6813
 20
12.962
 30
0.0
  0
SPLINE
  5
A4
330
1F
100
AcDbEntity
  8
Layer 1
370
    25
100
AcDbSpline
210
0.0
220
0.0
230
1.0
 70
    24
 71
     3
 72
    16
 73
    12
 74
     0
 42
0.000000001
 43
0.0000000001
 40
0.0
 40
0.0
 40
0.0
 40
0.0
 40
0.25
 40
0.25
 40
0.25
 40
0.25
 40
0.5
 40
0.5
 40
0.5
 40
0.5
 40
1.0
 40
1.0
 40
1.0
 40
1.0
 10
-1.1413
 20
14.262
 30
0.0
 10
-1.0092
 20
14.262
 30
0.0
 10
-0.8797
 20
14.262
 30
0.0
 10
-0.7586
 20
14.262
 30
0.0
 10
-0.7586
 20
14.262
 30
0.0
 10
-0.6376
 20
14.262
 30
0.0
 10
-0.5267
 20
14.262
 30
0.0
 10
-0.4344
 20
14.262
 30
0.0
 10
-0.4344
 20
14.262
 30
0.0
 10
-0.2499
 20
14.262
 30
0.0
 10
-0.1413
 20
14.262
 30
0.0
 10
-0.1413
 20
14.262
 30
0.0
  0
SPLINE
  5
A5
330
1F
100
AcDbEntity
  8
Layer 1
370
    25
100
AcDbSpline
210
0.0
220
0.0
230
1.0
 70
    24
 71
     3
 72
    16
 73
    12
 74
     0
 42
0.000000001
 43
0.0000000001
 40
0.0
 40
0.0
 40
0.0
 40
0.0
 40
0.25
 40
0.25
 40
0.25
 40
0.25
 40
0.5
 40
0.5
 40
0.5
 40
0.5
 40
1.0
 40
1.0
 40
1.0
 40
1.0
 10
-1.1413
 20
12.962
 30
0.0
 10
-1.0092
 20
12.962
 30
0.0
 10
-0.8797
 20
12.962
 30
0.0
 10
-0.7586
 20
12.962
 30
0.0
 10
-0.7586
 20
12.962
 30
0.0
 10
-0.6376
 20
12.962
 30
0.0
 10
-0.5267
 20
12.962
 30
0.0
 10
-0.4344
 20
12.962
 30
0.0
 10
-0.4344
 20
12.962
 30
0.0
 10
-0.2499
 20
12.962
 30
0.0
 10
-0.1413
 20
12.962
 30
0.0
 10
-0.1413
 20
12.962
 30
0.0
  0
SPLINE
  5
A6
330
1F
100
AcDbEntity
  8
Layer 1
370
    25
100
AcDbSpline
210
0.0
220
0.0
230
1.0
 70
    24
 71
     3
 72
    16
 73
    12
 74
     0
 42
0.000000001
 43
0.0000000001
 40
0.0
 40
0.0
 40
0.0
 40
0.0
 40
0.25
 40
0.25
 40
0.25
 40
0.25
 40
0.5
 40
0.5
 40
0.5
 40
0.5
 40
1.0
 40
1.0
 40
1.0
 40
1.0
 10
-1.4113
 20
9.062
 30
0.0
 10
-1.3341
 20
9.062
 30
0.0
 10
-1.2583
 20
9.062
 30
0.0
 10
-1.1841
 20
9.062
 30
0.0
 10
-1.1841
 20
9.062
 30
0.0
 10
-1.1098
 20
9.062
 30
0.0
 10
-1.0364
 20
9.062
 30
0.0
 10
-0.9681
 20
9.062
 30
0.0
 10
-0.9681
 20
9.062
 30
0.0
 10
-0.8315
 20
9.062
 30
0.0
 10
-0.71
 20
9.062
 30
0.0
 10
-0.6163
 20
9.062
 30
0.0
  0
SPLINE
  5
A7
330
1F
100
AcDbEntity
  8
Layer 1
370
    25
100
AcDbSpline
210
0.0
220
0.0
230
1.0
 70
    24
 71
     3
 72
    16
 73
    12
 74
     0
 42
0.000000001
 43
0.0000000001
 40
0.0
 40
0.0
 40
0.0
 40
0.0
 40
0.25
 40
0.25
 40
0.25
 40
0.25
 40
0.5
 40
0.5
 40
0.5
 40
0.5
 40
1.0
 40
1.0
 40
1.0
 40
1.0
 10
-1.4113
 20
8.012
 30
0.0
 10
-1.3341
 20
8.012
 30
0.0
 10
-1.2583
 20
8.012
 30
0.0
 10
-1.1841
 20
8.012
 30
0.0
 10
-1.1841
 20
8.012
 30
0.0
 10
-1.1098
 20
8.012
 30
0.0
 10
-1.0364
 20
8.012
 30
0.0
 10
-0.9681
 20
8.012
 30
0.0
 10
-0.9681
 20
8.012
 30
0.0
 10
-0.8315
 20
8.012
 30
0.0
 10
-0.71
 20
8.012
 30
0.0
 10
-0.6163
 20
8.012
 30
0.0
  0
SPLINE
  5
A8
330
1F
100
AcDbEntity
  8
Layer 1
370
    25
100
AcDbSpline
210
0.0
220
0.0
230
1.0
 70
    24
 71
     3
 72
    16
 73
    12
 74
     0
 42
0.000000001
 43
0.0000000001
 40
0.0
 40
0.0
 40
0.0
 40
0.0
 40
0.25
 40
0.25
 40
0.25
 40
0.25
 40
0.5
 40
0.5
 40
0.5
 40
0.5
 40
1.0
 40
1.0
 40
1.0
 40
1.0
 10
-10.2063
 20
8.012
 30
0.0
 10
-10.1594
 20
8.012
 30
0.0
 10
-10.1065
 20
8.012
 30
0.0
 10
-10.0477
 20
8.012
 30
0.0
 10
-10.0477
 20
8.012
 30
0.0
 10
-9.9888
 20
8.012
 30
0.0
 10
-9.9234
 20
8.012
 30
0.0
 10
-9.8551
 20
8.012
 30
0.0
 10
-9.8551
 20
8.012
 30
0.0
 10
-9.7185
 20
8.012
 30
0.0
 10
-9.5657
 20
8.012
 30
0.0
 10
-9.4113
 20
8.012
 30
0.0
  0
SPLINE
  5
A9
330
1F
100
AcDbEntity
  8
Layer 1
370
    25
100
AcDbSpline
210
0.0
220
0.0
230
1.0
 70
    24
 71
     3
 72
    16
 73
    12
 74
     0
 42
0.000000001
 43
0.0000000001
 40
0.0
 40
0.0
 40
0.0
 40
0.0
 40
0.25
 40
0.25
 40
0.25
 40
0.25
 40
0.5
 40
0.5
 40
0.5
 40
0.5
 40
1.0
 40
1.0
 40
1.0
 40
1.0
 10
-9.4113
 20
9.062
 30
0.0
 10
-9.4885
 20
9.062
 30
0.0
 10
-9.5642
 20
9.062
 30
0.0
 10
-9.6385
 20
9.062
 30
0.0
 10
-9.6385
 20
9.062
 30
0.0
 10
-9.7128
 20
9.062
 30
0.0
 10
-9.7862
 20
9.062
 30
0.0
 10
-9.8545
 20
9.062
 30
0.0
 10
-9.8545
 20
9.062
 30
0.0
 10
-9.9911
 20
9.062
 30
0.0
 10
-10.1126
 20
9.062
 30
0.0
 10
-10.2063
 20
9.062
 30
0.0
  0
SPLINE
  5
AA
330
1F
100
AcDbEntity
  8
Layer 1
370
    25
100
AcDbSpline
210
0.0
220
0.0
230
1.0
 70
     8
 71
     3
 72
    12
 73
     8
 74
     0
 42
0.000000001
 43
0.0000000001
 40
0.0
 40
0.0
 40
0.0
 40
0.0
 40
0.3333333333333333
 40
0.3333333333333333
 40
0.3333333333333333
 40
0.3333333333333333
 40
1.0
 40
1.0
 40
1.0
 40
1.0
 10
-4.8113
 20
12.512
 30
0.0
 10
-4.8113
 20
12.4592
 30
0.0
 10
-4.8329
 20
12.4075
 30
0.0
 10
-4.8698
 20
12.3706
 30
0.0
 10
-4.8698
 20
12.3706
 30
0.0
 10
-4.9067
 20
12.3337
 30
0.0
 10
-4.9585
 20
12.312
 30
0.0
 10
-5.0113
 20
12.312
 30
0.0
  0
SPLINE
  5
AB
330
1F
100
AcDbEntity
  8
Layer 1
370
    25
100
AcDbSpline
210
0.0
220
0.0
230
1.0
 70
     8
 71
     3
 72
    12
 73
     8
 74
     0
 42
0.000000001
 43
0.0000000001
 40
0.0
 40
0.0
 40
0.0
 40
0.0
 40
0.3333333333333333
 40
0.3333333333333333
 40
0.3333333333333333
 40
0.3333333333333333
 40
1.0
 40
1.0
 40
1.0
 40
1.0
 10
-5.8113
 20
12.312
 30
0.0
 10
-5.8641
 20
12.312
 30
0.0
 10
-5.9158
 20
12.3336
 30
0.0
 10
-5.9527
 20
12.3705
 30
0.0
 10
-5.9527
 20
12.3705
 30
0.0
 10
-5.9895
 20
12.4074
 30
0.0
 10
-6.0113
 20
12.4592
 30
0.0
 10
-6.0113
 20
12.512
 30
0.0
  0
SPLINE
  5
AC
330
1F
100
AcDbEntity
  8
Layer 1
370
    25
100
AcDbSpline
210
0.0
220
0.0
230
1.0
 70
    24
 71
     3
 72
    24
 73
    20
 74
     0
 42
0.000000001
 43
0.0000000001
 40
0.0
 40
0.0
 40
0.0
 40
0.0
 40
0.1666666666666667
 40
0.1666666666666667
 40
0.1666666666666667
 40
0.1666666666666667
 40
0.3333333333333333
 40
0.3333333333333333
 40
0.3333333333333333
 40
0.3333333333333333
 40
0.5
 40
0.5
 40
0.5
 40
0.5
 40
0.6666666666666666
 40
0.6666666666666666
 40
0.6666666666666666
 40
0.6666666666666666
 40
1.0
 40
1.0
 40
1.0
 40
1.0
 10
-9.9313
 20
15.462
 30
0.0
 10
-9.9313
 20
15.462
 30
0.0
 10
-9.8962
 20
15.462
 30
0.0
 10
-9.8285
 20
15.462
 30
0.0
 10
-9.8285
 20
15.462
 30
0.0
 10
-9.7947
 20
15.462
 30
0.0
 10
-9.7533
 20
15.462
 30
0.0
 10
-9.7043
 20
15.462
 30
0.0
 10
-9.7043
 20
15.462
 30
0.0
 10
-9.6554
 20
15.462
 30
0.0
 10
-9.5984
 20
15.462
 30
0.0
 10
-9.5362
 20
15.462
 30
0.0
 10
-9.5362
 20
15.462
 30
0.0
 10
-9.4118
 20
15.462
 30
0.0
 10
-9.2613
 20
15.462
 30
0.0
 10
-9.099
 20
15.462
 30
0.0
 10
-9.099
 20
15.462
 30
0.0
 10
-8.9367
 20
15.462
 30
0.0
 10
-8.7596
 20
15.462
 30
0.0
 10
-8.5813
 20
15.462
 30
0.0
  0
SPLINE
  5
AD
330
1F
100
AcDbEntity
  8
Layer 1
370
    25
100
AcDbSpline
210
0.0
220
0.0
230
1.0
 70
    24
 71
     3
 72
    24
 73
    20
 74
     0
 42
0.000000001
 43
0.0000000001
 40
0.0
 40
0.0
 40
0.0
 40
0.0
 40
0.1666666666666667
 40
0.1666666666666667
 40
0.1666666666666667
 40
0.1666666666666667
 40
0.3333333333333333
 40
0.3333333333333333
 40
0.3333333333333333
 40
0.3333333333333333
 40
0.5
 40
0.5
 40
0.5
 40
0.5
 40
0.6666666666666666
 40
0.6666666666666666
 40
0.6666666666666666
 40
0.6666666666666666
 40
1.0
 40
1.0
 40
1.0
 40
1.0
 10
-2.2413
 20
15.462
 30
0.0
 10
-2.063
 20
15.462
 30
0.0
 10
-1.8881
 20
15.462
 30
0.0
 10
-1.7247
 20
15.462
 30
0.0
 10
-1.7247
 20
15.462
 30
0.0
 10
-1.643
 20
15.462
 30
0.0
 10
-1.5655
 20
15.462
 30
0.0
 10
-1.4921
 20
15.462
 30
0.0
 10
-1.4921
 20
15.462
 30
0.0
 10
-1.4188
 20
15.462
 30
0.0
 10
-1.3493
 20
15.462
 30
0.0
 10
-1.287
 20
15.462
 30
0.0
 10
-1.287
 20
15.462
 30
0.0
 10
-1.1625
 20
15.462
 30
0.0
 10
-1.0619
 20
15.462
 30
0.0
 10
-0.9945
 20
15.462
 30
0.0
 10
-0.9945
 20
15.462
 30
0.0
 10
-0.9271
 20
15.462
 30
0.0
 10
-0.8913
 20
15.462
 30
0.0
 10
-0.8913
 20
15.462
 30
0.0
  0
SPLINE
  5
AE
330
1F
100
AcDbEntity
  8
Layer 1
370
    25
100
AcDbSpline
210
0.0
220
0.0
230
1.0
 70
    24
 71
     3
 72
     8
 73
     4
 74
     0
 42
0.000000001
 43
0.0000000001
 40
0.0
 40
0.0
 40
0.0
 40
0.0
 40
1.0
 40
1.0
 40
1.0
 40
1.0
 10
4.0237
 20
10.9651
 30
0.0
 10
4.0237
 20
10.9651
 30
0.0
 10
4.0237
 20
12.3982
 30
0.0
 10
4.0237
 20
12.3982
 30
0.0
  0
SPLINE
  5
AF
330
1F
100
AcDbEntity
  8
Layer 1
370
    25
100
AcDbSpline
210
0.0
220
0.0
230
1.0
 70
    24
 71
     3
 72
     8
 73
     4
 74
     0
 42
0.000000001
 43
0.0000000001
 40
0.0
 40
0.0
 40
0.0
 40
0.0
 40
1.0
 40
1.0
 40
1.0
 40
1.0
 10
4.0237
 20
4.3982
 30
0.0
 10
4.0237
 20
4.3982
 30
0.0
 10
4.0237
 20
7.9651
 30
0.0
 10
4.0237
 20
7.9651
 30
0.0
  0
SPLINE
  5
B0
330
1F
100
AcDbEntity
  8
Layer 1
370
    25
100
AcDbSpline
210
0.0
220
0.0
230
1.0
 70
    24
 71
     3
 72
     8
 73
     4
 74
     0
 42
0.000000001
 43
0.0000000001
 40
0.0
 40
0.0
 40
0.0
 40
0.0
 40
1.0
 40
1.0
 40
1.0
 40
1.0
 10
2.0237
 20
4.3982
 30
0.0
 10
2.0237
 20
4.3982
 30
0.0
 10
4.0237
 20
4.3982
 30
0.0
 10
4.0237
 20
4.3982
 30
0.0
  0
SPLINE
  5
B1
330
1F
100
AcDbEntity
  8
Layer 1
370
    25
100
AcDbSpline
210
0.0
220
0.0
230
1.0
 70
    24
 71
     3
 72
     8
 73
     4
 74
     0
 42
0.000000001
 43
0.0000000001
 40
0.0
 40
0.0
 40
0.0
 40
0.0
 40
1.0
 40
1.0
 40
1.0
 40
1.0
 10
-8.9763
 20
4.3982
 30
0.0
 10
-8.9763
 20
4.3982
 30
0.0
 10
-0.9763
 20
4.3982
 30
0.0
 10
-0.9763
 20
4.3982
 30
0.0
  0
SPLINE
  5
B2
330
1F
100
AcDbEntity
  8
Layer 1
370
    25
100
AcDbSpline
210
0.0
220
0.0
230
1.0
 70
    24
 71
     3
 72
     8
 73
     4
 74
     0
 42
0.000000001
 43
0.0000000001
 40
0.0
 40
0.0
 40
0.0
 40
0.0
 40
1.0
 40
1.0
 40
1.0
 40
1.0
 10
-13.9763
 20
4.3982
 30
0.0
 10
-13.9763
 20
4.3982
 30
0.0
 10
-11.9763
 20
4.3982
 30
0.0
 10
-11.9763
 20
4.3982
 30
0.0
  0
SPLINE
  5
B3
330
1F
100
AcDbEntity
  8
Layer 1
370
    25
100
AcDbSpline
210
0.0
220
0.0
230
1.0
 70
    24
 71
     3
 72
     8
 73
     4
 74
     0
 42
0.000000001
 43
0.0000000001
 40
0.0
 40
0.0
 40
0.0
 40
0.0
 40
1.0
 40
1.0
 40
1.0
 40
1.0
 10
-13.9763
 20
7.3982
 30
0.0
 10
-13.9763
 20
7.3982
 30
0.0
 10
-13.9763
 20
4.3982
 30
0.0
 10
-13.9763
 20
4.3982
 30
0.0
  0
SPLINE
  5
B4
330
1F
100
AcDbEntity
  8
Layer 1
370
    25
100
AcDbSpline
210
0.0
220
0.0
230
1.0
 70
    24
 71
     3
 72
     8
 73
     4
 74
     0
 42
0.000000001
 43
0.0000000001
 40
0.0
 40
0.0
 40
0.0
 40
0.0
 40
1.0
 40
1.0
 40
1.0
 40
1.0
 10
-13.9763
 20
12.3982
 30
0.0
 10
-13.9763
 20
12.3982
 30
0.0
 10
-13.9763
 20
10.3982
 30
0.0
 10
-13.9763
 20
10.3982
 30
0.0
  0
SPLINE
  5
B5
330
1F
100
AcDbEntity
  8
Layer 1
370
    25
100
AcDbSpline
210
0.0
220
0.0
230
1.0
 70
    24
 71
     3
 72
     8
 73
     4
 74
     0
 42
0.000000001
 43
0.0000000001
 40
0.0
 40
0.0
 40
0.0
 40
0.0
 40
1.0
 40
1.0
 40
1.0
 40
1.0
 10
52.7811
 20
12.3982
 30
0.0
 10
52.7811
 20
12.3982
 30
0.0
 10
-0.3663
 20
12.3982
 30
0.0
 10
-0.3663
 20
12.3982
 30
0.0
  0
SPLINE
  5
B6
330
1F
100
AcDbEntity
  8
Layer 1
370
    25
100
AcDbSpline
210
0.0
220
0.0
230
1.0
 70
    24
 71
     3
 72
     8
 73
     4
 74
     0
 42
0.000000001
 43
0.0000000001
 40
0.0
 40
0.0
 40
0.0
 40
0.0
 40
1.0
 40
1.0
 40
1.0
 40
1.0
 10
-52.2618
 20
-8.3318
 30
0.0
 10
-52.2618
 20
-8.3318
 30
0.0
 10
-51.8038
 20
-8.3318
 30
0.0
 10
-51.8038
 20
-8.3318
 30
0.0
  0
SPLINE
  5
B7
330
1F
100
AcDbEntity
  8
Layer 1
370
    25
100
AcDbSpline
210
0.0
220
0.0
230
1.0
 70
    24
 71
     3
 72
     8
 73
     4
 74
     0
 42
0.000000001
 43
0.0000000001
 40
0.0
 40
0.0
 40
0.0
 40
0.0
 40
1.0
 40
1.0
 40
1.0
 40
1.0
 10
-52.2618
 20
-7.8378
 30
0.0
 10
-52.2618
 20
-7.8378
 30
0.0
 10
-52.2618
 20
-8.3318
 30
0.0
 10
-52.2618
 20
-8.3318
 30
0.0
  0
SPLINE
  5
B8
330
1F
100
AcDbEntity
  8
Layer 1
370
    25
100
AcDbSpline
210
0.0
220
0.0
230
1.0
 70
    24
 71
     3
 72
     8
 73
     4
 74
     0
 42
0.000000001
 43
0.0000000001
 40
0.0
 40
0.0
 40
0.0
 40
0.0
 40
1.0
 40
1.0
 40
1.0
 40
1.0
 10
-51.8038
 20
-7.8378
 30
0.0
 10
-51.8038
 20
-7.8378
 30
0.0
 10
-52.2618
 20
-7.8378
 30
0.0
 10
-52.2618
 20
-7.8378
 30
0.0
  0
SPLINE
  5
B9
330
1F
100
AcDbEntity
  8
Layer 1
370
    25
100
AcDbSpline
210
0.0
220
0.0
230
1.0
 70
    24
 71
     3
 72
     8
 73
     4
 74
     0
 42
0.000000001
 43
0.0000000001
 40
0.0
 40
0.0
 40
0.0
 40
0.0
 40
1.0
 40
1.0
 40
1.0
 40
1.0
 10
-51.8038
 20
-8.3318
 30
0.0
 10
-51.8038
 20
-8.3318
 30
0.0
 10
-51.8038
 20
-7.8378
 30
0.0
 10
-51.8038
 20
-7.8378
 30
0.0
  0
SPLINE
  5
BA
330
1F
100
AcDbEntity
  8
Layer 1
370
    25
100
AcDbSpline
210
0.0
220
0.0
230
1.0
 70
    24
 71
     3
 72
     8
 73
     4
 74
     0
 42
0.000000001
 43
0.0000000001
 40
0.0
 40
0.0
 40
0.0
 40
0.0
 40
1.0
 40
1.0
 40
1.0
 40
1.0
 10
-54.3528
 20
-4.5998
 30
0.0
 10
-54.3528
 20
-4.5998
 30
0.0
 10
-54.3528
 20
-3.7998
 30
0.0
 10
-54.3528
 20
-3.7998
 30
0.0
  0
SPLINE
  5
BB
330
1F
100
AcDbEntity
  8
Layer 1
370
    25
100
AcDbSpline
210
0.0
220
0.0
230
1.0
 70
    24
 71
     3
 72
     8
 73
     4
 74
     0
 42
0.000000001
 43
0.0000000001
 40
0.0
 40
0.0
 40
0.0
 40
0.0
 40
1.0
 40
1.0
 40
1.0
 40
1.0
 10
-54.0528
 20
-4.5998
 30
0.0
 10
-54.0528
 20
-4.5998
 30
0.0
 10
-54.0528
 20
-3.7998
 30
0.0
 10
-54.0528
 20
-3.7998
 30
0.0
  0
SPLINE
  5
BC
330
1F
100
AcDbEntity
  8
Layer 1
370
    25
100
AcDbSpline
210
0.0
220
0.0
230
1.0
 70
    24
 71
     3
 72
     8
 73
     4
 74
     0
 42
0.000000001
 43
0.0000000001
 40
0.0
 40
0.0
 40
0.0
 40
0.0
 40
1.0
 40
1.0
 40
1.0
 40
1.0
 10
-55.6528
 20
-3.8298
 30
0.0
 10
-55.6528
 20
-3.8298
 30
0.0
 10
-54.0528
 20
-3.8298
 30
0.0
 10
-54.0528
 20
-3.8298
 30
0.0
  0
SPLINE
  5
BD
330
1F
100
AcDbEntity
  8
Layer 1
370
    25
100
AcDbSpline
210
0.0
220
0.0
230
1.0
 70
    24
 71
     3
 72
     8
 73
     4
 74
     0
 42
0.000000001
 43
0.0000000001
 40
0.0
 40
0.0
 40
0.0
 40
0.0
 40
1.0
 40
1.0
 40
1.0
 40
1.0
 10
-55.6528
 20
-4.5698
 30
0.0
 10
-55.6528
 20
-4.5698
 30
0.0
 10
-54.0528
 20
-4.5698
 30
0.0
 10
-54.0528
 20
-4.5698
 30
0.0
  0
SPLINE
  5
BE
330
1F
100
AcDbEntity
  8
Layer 1
370
    25
100
AcDbSpline
210
0.0
220
0.0
230
1.0
 70
    24
 71
     3
 72
     8
 73
     4
 74
     0
 42
0.000000001
 43
0.0000000001
 40
0.0
 40
0.0
 40
0.0
 40
0.0
 40
1.0
 40
1.0
 40
1.0
 40
1.0
 10
-55.3528
 20
-4.5998
 30
0.0
 10
-55.3528
 20
-4.5998
 30
0.0
 10
-55.3528
 20
-3.7998
 30
0.0
 10
-55.3528
 20
-3.7998
 30
0.0
  0
SPLINE
  5
BF
330
1F
100
AcDbEntity
  8
Layer 1
370
    25
100
AcDbSpline
210
0.0
220
0.0
230
1.0
 70
    24
 71
     3
 72
     8
 73
     4
 74
     0
 42
0.000000001
 43
0.0000000001
 40
0.0
 40
0.0
 40
0.0
 40
0.0
 40
1.0
 40
1.0
 40
1.0
 40
1.0
 10
-55.6528
 20
-4.5998
 30
0.0
 10
-55.6528
 20
-4.5998
 30
0.0
 10
-55.6528
 20
-3.7998
 30
0.0
 10
-55.6528
 20
-3.7998
 30
0.0
  0
SPLINE
  5
C0
330
1F
100
AcDbEntity
  8
Layer 1
370
    25
100
AcDbSpline
210
0.0
220
0.0
230
1.0
 70
    24
 71
     3
 72
     8
 73
     4
 74
     0
 42
0.000000001
 43
0.0000000001
 40
0.0
 40
0.0
 40
0.0
 40
0.0
 40
1.0
 40
1.0
 40
1.0
 40
1.0
 10
-55.3528
 20
-3.8598
 30
0.0
 10
-55.3528
 20
-3.8598
 30
0.0
 10
-54.3528
 20
-3.8598
 30
0.0
 10
-54.3528
 20
-3.8598
 30
0.0
  0
SPLINE
  5
C1
330
1F
100
AcDbEntity
  8
Layer 1
370
    25
100
AcDbSpline
210
0.0
220
0.0
230
1.0
 70
    24
 71
     3
 72
     8
 73
     4
 74
     0
 42
0.000000001
 43
0.0000000001
 40
0.0
 40
0.0
 40
0.0
 40
0.0
 40
1.0
 40
1.0
 40
1.0
 40
1.0
 10
-55.3528
 20
-4.5398
 30
0.0
 10
-55.3528
 20
-4.5398
 30
0.0
 10
-54.3528
 20
-4.5398
 30
0.0
 10
-54.3528
 20
-4.5398
 30
0.0
  0
SPLINE
  5
C2
330
1F
100
AcDbEntity
  8
Layer 1
370
    25
100
AcDbSpline
210
0.0
220
0.0
230
1.0
 70
    24
 71
     3
 72
     8
 73
     4
 74
     0
 42
0.000000001
 43
0.0000000001
 40
0.0
 40
0.0
 40
0.0
 40
0.0
 40
1.0
 40
1.0
 40
1.0
 40
1.0
 10
-54.3528
 20
-3.7998
 30
0.0
 10
-54.3528
 20
-3.7998
 30
0.0
 10
-54.0528
 20
-3.7998
 30
0.0
 10
-54.0528
 20
-3.7998
 30
0.0
  0
SPLINE
  5
C3
330
1F
100
AcDbEntity
  8
Layer 1
370
    25
100
AcDbSpline
210
0.0
220
0.0
230
1.0
 70
    24
 71
     3
 72
     8
 73
     4
 74
     0
 42
0.000000001
 43
0.0000000001
 40
0.0
 40
0.0
 40
0.0
 40
0.0
 40
1.0
 40
1.0
 40
1.0
 40
1.0
 10
-55.6528
 20
-3.7998
 30
0.0
 10
-55.6528
 20
-3.7998
 30
0.0
 10
-55.3528
 20
-3.7998
 30
0.0
 10
-55.3528
 20
-3.7998
 30
0.0
  0
SPLINE
  5
C4
330
1F
100
AcDbEntity
  8
Layer 1
370
    25
100
AcDbSpline
210
0.0
220
0.0
230
1.0
 70
    24
 71
     3
 72
     8
 73
     4
 74
     0
 42
0.000000001
 43
0.0000000001
 40
0.0
 40
0.0
 40
0.0
 40
0.0
 40
1.0
 40
1.0
 40
1.0
 40
1.0
 10
-54.3528
 20
-4.5998
 30
0.0
 10
-54.3528
 20
-4.5998
 30
0.0
 10
-54.0528
 20
-4.5998
 30
0.0
 10
-54.0528
 20
-4.5998
 30
0.0
  0
SPLINE
  5
C5
330
1F
100
AcDbEntity
  8
Layer 1
370
    25
100
AcDbSpline
210
0.0
220
0.0
230
1.0
 70
    24
 71
     3
 72
     8
 73
     4
 74
     0
 42
0.000000001
 43
0.0000000001
 40
0.0
 40
0.0
 40
0.0
 40
0.0
 40
1.0
 40
1.0
 40
1.0
 40
1.0
 10
-55.6528
 20
-4.5998
 30
0.0
 10
-55.6528
 20
-4.5998
 30
0.0
 10
-55.3528
 20
-4.5998
 30
0.0
 10
-55.3528
 20
-4.5998
 30
0.0
  0
SPLINE
  5
C6
330
1F
100
AcDbEntity
  8
Layer 1
370
    25
100
AcDbSpline
210
0.0
220
0.0
230
1.0
 70
    24
 71
     3
 72
     8
 73
     4
 74
     0
 42
0.000000001
 43
0.0000000001
 40
0.0
 40
0.0
 40
0.0
 40
0.0
 40
1.0
 40
1.0
 40
1.0
 40
1.0
 10
-47.4763
 20
-7.6648
 30
0.0
 10
-47.4763
 20
-7.6648
 30
0.0
 10
-47.4763
 20
-5.213
 30
0.0
 10
-47.4763
 20
-5.213
 30
0.0
  0
SPLINE
  5
C7
330
1F
100
AcDbEntity
  8
Layer 1
370
    25
100
AcDbSpline
210
0.0
220
0.0
230
1.0
 70
    24
 71
     3
 72
     8
 73
     4
 74
     0
 42
0.000000001
 43
0.0000000001
 40
0.0
 40
0.0
 40
0.0
 40
0.0
 40
1.0
 40
1.0
 40
1.0
 40
1.0
 10
-47.4763
 20
-1.3401
 30
0.0
 10
-47.4763
 20
-1.3401
 30
0.0
 10
-47.4763
 20
1.1117
 30
0.0
 10
-47.4763
 20
1.1117
 30
0.0
  0
SPLINE
  5
C8
330
1F
100
AcDbEntity
  8
Layer 1
370
    25
100
AcDbSpline
210
0.0
220
0.0
230
1.0
 70
    24
 71
     3
 72
     8
 73
     4
 74
     0
 42
0.000000001
 43
0.0000000001
 40
0.0
 40
0.0
 40
0.0
 40
0.0
 40
1.0
 40
1.0
 40
1.0
 40
1.0
 10
-49.4128
 20
3.0482
 30
0.0
 10
-49.4128
 20
3.0482
 30
0.0
 10
-59.4763
 20
3.0482
 30
0.0
 10
-59.4763
 20
3.0482
 30
0.0
  0
SPLINE
  5
C9
330
1F
100
AcDbEntity
  8
Layer 1
370
    25
100
AcDbSpline
210
0.0
220
0.0
230
1.0
 70
    24
 71
     3
 72
     8
 73
     4
 74
     0
 42
0.000000001
 43
0.0000000001
 40
0.0
 40
0.0
 40
0.0
 40
0.0
 40
1.0
 40
1.0
 40
1.0
 40
1.0
 10
-60.4763
 20
9.3982
 30
0.0
 10
-60.4763
 20
9.3982
 30
0.0
 10
-60.4763
 20
-0.5766
 30
0.0
 10
-60.4763
 20
-0.5766
 30
0.0
  0
SPLINE
  5
CA
330
1F
100
AcDbEntity
  8
Layer 1
370
    25
100
AcDbSpline
210
0.0
220
0.0
230
1.0
 70
    24
 71
     3
 72
     8
 73
     4
 74
     0
 42
0.000000001
 43
0.0000000001
 40
0.0
 40
0.0
 40
0.0
 40
0.0
 40
1.0
 40
1.0
 40
1.0
 40
1.0
 10
-10.4563
 20
12.3982
 30
0.0
 10
-10.4563
 20
12.3982
 30
0.0
 10
-57.4763
 20
12.3982
 30
0.0
 10
-57.4763
 20
12.3982
 30
0.0
  0
SPLINE
  5
CB
330
1F
100
AcDbEntity
  8
Layer 1
370
    25
100
AcDbSpline
210
0.0
220
0.0
230
1.0
 70
    24
 71
     3
 72
     8
 73
     4
 74
     0
 42
0.000000001
 43
0.0000000001
 40
0.0
 40
0.0
 40
0.0
 40
0.0
 40
1.0
 40
1.0
 40
1.0
 40
1.0
 10
-16.4763
 20
10.8396
 30
0.0
 10
-16.4763
 20
10.8396
 30
0.0
 10
-16.4763
 20
11.8982
 30
0.0
 10
-16.4763
 20
11.8982
 30
0.0
  0
SPLINE
  5
CC
330
1F
100
AcDbEntity
  8
Layer 1
370
    25
100
AcDbSpline
210
0.0
220
0.0
230
1.0
 70
    24
 71
     3
 72
     8
 73
     4
 74
     0
 42
0.000000001
 43
0.0000000001
 40
0.0
 40
0.0
 40
0.0
 40
0.0
 40
1.0
 40
1.0
 40
1.0
 40
1.0
 10
-16.4763
 20
-1.9152
 30
0.0
 10
-16.4763
 20
-1.9152
 30
0.0
 10
-16.4763
 20
6.9571
 30
0.0
 10
-16.4763
 20
6.9571
 30
0.0
  0
SPLINE
  5
CD
330
1F
100
AcDbEntity
  8
Layer 1
370
    25
100
AcDbSpline
210
0.0
220
0.0
230
1.0
 70
    24
 71
     3
 72
     8
 73
     4
 74
     0
 42
0.000000001
 43
0.0000000001
 40
0.0
 40
0.0
 40
0.0
 40
0.0
 40
1.0
 40
1.0
 40
1.0
 40
1.0
 10
-16.4763
 20
-14.6693
 30
0.0
 10
-16.4763
 20
-14.6693
 30
0.0
 10
-16.4763
 20
-5.7882
 30
0.0
 10
-16.4763
 20
-5.7882
 30
0.0
  0
SPLINE
  5
CE
330
1F
100
AcDbEntity
  8
Layer 1
370
    25
100
AcDbSpline
210
0.0
220
0.0
230
1.0
 70
    24
 71
     3
 72
     8
 73
     4
 74
     0
 42
0.000000001
 43
0.0000000001
 40
0.0
 40
0.0
 40
0.0
 40
0.0
 40
1.0
 40
1.0
 40
1.0
 40
1.0
 10
-16.4763
 20
-19.6018
 30
0.0
 10
-16.4763
 20
-19.6018
 30
0.0
 10
-16.4763
 20
-18.5344
 30
0.0
 10
-16.4763
 20
-18.5344
 30
0.0
  0
SPLINE
  5
CF
330
1F
100
AcDbEntity
  8
Layer 1
370
    25
100
AcDbSpline
210
0.0
220
0.0
230
1.0
 70
    24
 71
     3
 72
     8
 73
     4
 74
     0
 42
0.000000001
 43
0.0000000001
 40
0.0
 40
0.0
 40
0.0
 40
0.0
 40
1.0
 40
1.0
 40
1.0
 40
1.0
 10
-57.4763
 20
-20.1018
 30
0.0
 10
-57.4763
 20
-20.1018
 30
0.0
 10
38.5237
 20
-20.1018
 30
0.0
 10
38.5237
 20
-20.1018
 30
0.0
  0
SPLINE
  5
D0
330
1F
100
AcDbEntity
  8
Layer 1
370
    25
100
AcDbSpline
210
0.0
220
0.0
230
1.0
 70
    24
 71
     3
 72
     8
 73
     4
 74
     0
 42
0.000000001
 43
0.0000000001
 40
0.0
 40
0.0
 40
0.0
 40
0.0
 40
1.0
 40
1.0
 40
1.0
 40
1.0
 10
-60.4763
 20
-5.9766
 30
0.0
 10
-60.4763
 20
-5.9766
 30
0.0
 10
-60.4763
 20
-17.1018
 30
0.0
 10
-60.4763
 20
-17.1018
 30
0.0
  0
SPLINE
  5
D1
330
1F
100
AcDbEntity
  8
Layer 1
370
    25
100
AcDbSpline
210
0.0
220
0.0
230
1.0
 70
    24
 71
     3
 72
     8
 73
     4
 74
     0
 42
0.000000001
 43
0.0000000001
 40
0.0
 40
0.0
 40
0.0
 40
0.0
 40
1.0
 40
1.0
 40
1.0
 40
1.0
 10
-59.4763
 20
-9.6013
 30
0.0
 10
-59.4763
 20
-9.6013
 30
0.0
 10
-49.4128
 20
-9.6013
 30
0.0
 10
-49.4128
 20
-9.6013
 30
0.0
  0
SPLINE
  5
D2
330
1F
100
AcDbEntity
  8
Layer 1
370
    25
100
AcDbSpline
210
0.0
220
0.0
230
1.0
 70
    24
 71
     3
 72
     8
 73
     4
 74
     0
 42
0.000000001
 43
0.0000000001
 40
0.0
 40
0.0
 40
0.0
 40
0.0
 40
1.0
 40
1.0
 40
1.0
 40
1.0
 10
-19.3185
 20
-6.2428
 30
0.0
 10
-19.3185
 20
-6.2428
 30
0.0
 10
-19.3185
 20
-3.7428
 30
0.0
 10
-19.3185
 20
-3.7428
 30
0.0
  0
SPLINE
  5
D3
330
1F
100
AcDbEntity
  8
Layer 1
370
    25
100
AcDbSpline
210
0.0
220
0.0
230
1.0
 70
    24
 71
     3
 72
     8
 73
     4
 74
     0
 42
0.000000001
 43
0.0000000001
 40
0.0
 40
0.0
 40
0.0
 40
0.0
 40
1.0
 40
1.0
 40
1.0
 40
1.0
 10
-26.3185
 20
-6.2428
 30
0.0
 10
-26.3185
 20
-6.2428
 30
0.0
 10
-19.3185
 20
-6.2428
 30
0.0
 10
-19.3185
 20
-6.2428
 30
0.0
  0
SPLINE
  5
D4
330
1F
100
AcDbEntity
  8
Layer 1
370
    25
100
AcDbSpline
210
0.0
220
0.0
230
1.0
 70
    24
 71
     3
 72
     8
 73
     4
 74
     0
 42
0.000000001
 43
0.0000000001
 40
0.0
 40
0.0
 40
0.0
 40
0.0
 40
1.0
 40
1.0
 40
1.0
 40
1.0
 10
-19.3185
 20
-3.7428
 30
0.0
 10
-19.3185
 20
-3.7428
 30
0.0
 10
-26.3185
 20
-3.7428
 30
0.0
 10
-26.3185
 20
-3.7428
 30
0.0
  0
SPLINE
  5
D5
330
1F
100
AcDbEntity
  8
Layer 1
370
    25
100
AcDbSpline
210
0.0
220
0.0
230
1.0
 70
    24
 71
     3
 72
     8
 73
     4
 74
     0
 42
0.000000001
 43
0.0000000001
 40
0.0
 40
0.0
 40
0.0
 40
0.0
 40
1.0
 40
1.0
 40
1.0
 40
1.0
 10
-26.3185
 20
-3.7428
 30
0.0
 10
-26.3185
 20
-3.7428
 30
0.0
 10
-26.3185
 20
-6.2428
 30
0.0
 10
-26.3185
 20
-6.2428
 30
0.0
  0
SPLINE
  5
D6
330
1F
100
AcDbEntity
  8
Layer 1
370
    25
100
AcDbSpline
210
0.0
220
0.0
230
1.0
 70
    24
 71
     3
 72
     8
 73
     4
 74
     0
 42
0.000000001
 43
0.0000000001
 40
0.0
 40
0.0
 40
0.0
 40
0.0
 40
1.0
 40
1.0
 40
1.0
 40
1.0
 10
-19.3185
 20
-1.2664
 30
0.0
 10
-19.3185
 20
-1.2664
 30
0.0
 10
-19.3185
 20
1.2336
 30
0.0
 10
-19.3185
 20
1.2336
 30
0.0
  0
SPLINE
  5
D7
330
1F
100
AcDbEntity
  8
Layer 1
370
    25
100
AcDbSpline
210
0.0
220
0.0
230
1.0
 70
    24
 71
     3
 72
     8
 73
     4
 74
     0
 42
0.000000001
 43
0.0000000001
 40
0.0
 40
0.0
 40
0.0
 40
0.0
 40
1.0
 40
1.0
 40
1.0
 40
1.0
 10
-26.3185
 20
-1.2664
 30
0.0
 10
-26.3185
 20
-1.2664
 30
0.0
 10
-19.3185
 20
-1.2664
 30
0.0
 10
-19.3185
 20
-1.2664
 30
0.0
  0
SPLINE
  5
D8
330
1F
100
AcDbEntity
  8
Layer 1
370
    25
100
AcDbSpline
210
0.0
220
0.0
230
1.0
 70
    24
 71
     3
 72
     8
 73
     4
 74
     0
 42
0.000000001
 43
0.0000000001
 40
0.0
 40
0.0
 40
0.0
 40
0.0
 40
1.0
 40
1.0
 40
1.0
 40
1.0
 10
-26.3185
 20
1.2336
 30
0.0
 10
-26.3185
 20
1.2336
 30
0.0
 10
-26.3185
 20
-1.2664
 30
0.0
 10
-26.3185
 20
-1.2664
 30
0.0
  0
SPLINE
  5
D9
330
1F
100
AcDbEntity
  8
Layer 1
370
    25
100
AcDbSpline
210
0.0
220
0.0
230
1.0
 70
    24
 71
     3
 72
     8
 73
     4
 74
     0
 42
0.000000001
 43
0.0000000001
 40
0.0
 40
0.0
 40
0.0
 40
0.0
 40
1.0
 40
1.0
 40
1.0
 40
1.0
 10
-19.3185
 20
1.2336
 30
0.0
 10
-19.3185
 20
1.2336
 30
0.0
 10
-26.3185
 20
1.2336
 30
0.0
 10
-26.3185
 20
1.2336
 30
0.0
  0
SPLINE
  5
DA
330
1F
100
AcDbEntity
  8
Layer 1
370
    25
100
AcDbSpline
210
0.0
220
0.0
230
1.0
 70
    24
 71
     3
 72
     8
 73
     4
 74
     0
 42
0.000000001
 43
0.0000000001
 40
0.0
 40
0.0
 40
0.0
 40
0.0
 40
1.0
 40
1.0
 40
1.0
 40
1.0
 10
-55.5738
 20
-1.9248
 30
0.0
 10
-55.5738
 20
-1.9248
 30
0.0
 10
-55.0318
 20
-1.9248
 30
0.0
 10
-55.0318
 20
-1.9248
 30
0.0
  0
SPLINE
  5
DB
330
1F
100
AcDbEntity
  8
Layer 1
370
    25
100
AcDbSpline
210
0.0
220
0.0
230
1.0
 70
    24
 71
     3
 72
     8
 73
     4
 74
     0
 42
0.000000001
 43
0.0000000001
 40
0.0
 40
0.0
 40
0.0
 40
0.0
 40
1.0
 40
1.0
 40
1.0
 40
1.0
 10
-55.5738
 20
-1.5948
 30
0.0
 10
-55.5738
 20
-1.5948
 30
0.0
 10
-55.5738
 20
-1.9248
 30
0.0
 10
-55.5738
 20
-1.9248
 30
0.0
  0
SPLINE
  5
DC
330
1F
100
AcDbEntity
  8
Layer 1
370
    25
100
AcDbSpline
210
0.0
220
0.0
230
1.0
 70
    24
 71
     3
 72
     8
 73
     4
 74
     0
 42
0.000000001
 43
0.0000000001
 40
0.0
 40
0.0
 40
0.0
 40
0.0
 40
1.0
 40
1.0
 40
1.0
 40
1.0
 10
-55.0318
 20
-1.5948
 30
0.0
 10
-55.0318
 20
-1.5948
 30
0.0
 10
-55.5738
 20
-1.5948
 30
0.0
 10
-55.5738
 20
-1.5948
 30
0.0
  0
SPLINE
  5
DD
330
1F
100
AcDbEntity
  8
Layer 1
370
    25
100
AcDbSpline
210
0.0
220
0.0
230
1.0
 70
    24
 71
     3
 72
     8
 73
     4
 74
     0
 42
0.000000001
 43
0.0000000001
 40
0.0
 40
0.0
 40
0.0
 40
0.0
 40
1.0
 40
1.0
 40
1.0
 40
1.0
 10
-55.0318
 20
-1.9248
 30
0.0
 10
-55.0318
 20
-1.9248
 30
0.0
 10
-55.0318
 20
-1.5948
 30
0.0
 10
-55.0318
 20
-1.5948
 30
0.0
  0
SPLINE
  5
DE
330
1F
100
AcDbEntity
  8
Layer 1
370
    25
100
AcDbSpline
210
0.0
220
0.0
230
1.0
 70
    24
 71
     3
 72
     8
 73
     4
 74
     0
 42
0.000000001
 43
0.0000000001
 40
0.0
 40
0.0
 40
0.0
 40
0.0
 40
1.0
 40
1.0
 40
1.0
 40
1.0
 10
-59.9295
 20
-5.1766
 30
0.0
 10
-59.9295
 20
-5.1766
 30
0.0
 10
-59.9295
 20
-5.5766
 30
0.0
 10
-59.9295
 20
-5.5766
 30
0.0
  0
SPLINE
  5
DF
330
1F
100
AcDbEntity
  8
Layer 1
370
    25
100
AcDbSpline
210
0.0
220
0.0
230
1.0
 70
    24
 71
     3
 72
     8
 73
     4
 74
     0
 42
0.000000001
 43
0.0000000001
 40
0.0
 40
0.0
 40
0.0
 40
0.0
 40
1.0
 40
1.0
 40
1.0
 40
1.0
 10
-59.9295
 20
-5.5766
 30
0.0
 10
-59.9295
 20
-5.5766
 30
0.0
 10
-58.1295
 20
-5.5766
 30
0.0
 10
-58.1295
 20
-5.5766
 30
0.0
  0
SPLINE
  5
E0
330
1F
100
AcDbEntity
  8
Layer 1
370
    25
100
AcDbSpline
210
0.0
220
0.0
230
1.0
 70
    24
 71
     3
 72
     8
 73
     4
 74
     0
 42
0.000000001
 43
0.0000000001
 40
0.0
 40
0.0
 40
0.0
 40
0.0
 40
1.0
 40
1.0
 40
1.0
 40
1.0
 10
-58.1295
 20
-5.5766
 30
0.0
 10
-58.1295
 20
-5.5766
 30
0.0
 10
-58.1295
 20
-5.2766
 30
0.0
 10
-58.1295
 20
-5.2766
 30
0.0
  0
SPLINE
  5
E1
330
1F
100
AcDbEntity
  8
Layer 1
370
    25
100
AcDbSpline
210
0.0
220
0.0
230
1.0
 70
    24
 71
     3
 72
     8
 73
     4
 74
     0
 42
0.000000001
 43
0.0000000001
 40
0.0
 40
0.0
 40
0.0
 40
0.0
 40
1.0
 40
1.0
 40
1.0
 40
1.0
 10
-58.1295
 20
-5.2766
 30
0.0
 10
-58.1295
 20
-5.2766
 30
0.0
 10
-57.6295
 20
-5.2766
 30
0.0
 10
-57.6295
 20
-5.2766
 30
0.0
  0
SPLINE
  5
E2
330
1F
100
AcDbEntity
  8
Layer 1
370
    25
100
AcDbSpline
210
0.0
220
0.0
230
1.0
 70
    24
 71
     3
 72
     8
 73
     4
 74
     0
 42
0.000000001
 43
0.0000000001
 40
0.0
 40
0.0
 40
0.0
 40
0.0
 40
1.0
 40
1.0
 40
1.0
 40
1.0
 10
-57.7295
 20
-5.1766
 30
0.0
 10
-57.7295
 20
-5.1766
 30
0.0
 10
-57.7295
 20
-5.5766
 30
0.0
 10
-57.7295
 20
-5.5766
 30
0.0
  0
SPLINE
  5
E3
330
1F
100
AcDbEntity
  8
Layer 1
370
    25
100
AcDbSpline
210
0.0
220
0.0
230
1.0
 70
    24
 71
     3
 72
     8
 73
     4
 74
     0
 42
0.000000001
 43
0.0000000001
 40
0.0
 40
0.0
 40
0.0
 40
0.0
 40
1.0
 40
1.0
 40
1.0
 40
1.0
 10
-57.7295
 20
-5.5766
 30
0.0
 10
-57.7295
 20
-5.5766
 30
0.0
 10
-57.1295
 20
-5.5766
 30
0.0
 10
-57.1295
 20
-5.5766
 30
0.0
  0
SPLINE
  5
E4
330
1F
100
AcDbEntity
  8
Layer 1
370
    25
100
AcDbSpline
210
0.0
220
0.0
230
1.0
 70
    24
 71
     3
 72
     8
 73
     4
 74
     0
 42
0.000000001
 43
0.0000000001
 40
0.0
 40
0.0
 40
0.0
 40
0.0
 40
1.0
 40
1.0
 40
1.0
 40
1.0
 10
-57.1295
 20
-5.5766
 30
0.0
 10
-57.1295
 20
-5.5766
 30
0.0
 10
-57.1295
 20
-4.2766
 30
0.0
 10
-57.1295
 20
-4.2766
 30
0.0
  0
SPLINE
  5
E5
330
1F
100
AcDbEntity
  8
Layer 1
370
    25
100
AcDbSpline
210
0.0
220
0.0
230
1.0
 70
    24
 71
     3
 72
     8
 73
     4
 74
     0
 42
0.000000001
 43
0.0000000001
 40
0.0
 40
0.0
 40
0.0
 40
0.0
 40
1.0
 40
1.0
 40
1.0
 40
1.0
 10
-57.1295
 20
-4.2766
 30
0.0
 10
-57.1295
 20
-4.2766
 30
0.0
 10
-56.8295
 20
-4.2766
 30
0.0
 10
-56.8295
 20
-4.2766
 30
0.0
  0
SPLINE
  5
E6
330
1F
100
AcDbEntity
  8
Layer 1
370
    25
100
AcDbSpline
210
0.0
220
0.0
230
1.0
 70
    24
 71
     3
 72
     8
 73
     4
 74
     0
 42
0.000000001
 43
0.0000000001
 40
0.0
 40
0.0
 40
0.0
 40
0.0
 40
1.0
 40
1.0
 40
1.0
 40
1.0
 10
-56.8295
 20
-4.2766
 30
0.0
 10
-56.8295
 20
-4.2766
 30
0.0
 10
-56.8295
 20
-3.5766
 30
0.0
 10
-56.8295
 20
-3.5766
 30
0.0
  0
SPLINE
  5
E7
330
1F
100
AcDbEntity
  8
Layer 1
370
    25
100
AcDbSpline
210
0.0
220
0.0
230
1.0
 70
    24
 71
     3
 72
     8
 73
     4
 74
     0
 42
0.000000001
 43
0.0000000001
 40
0.0
 40
0.0
 40
0.0
 40
0.0
 40
1.0
 40
1.0
 40
1.0
 40
1.0
 10
-56.8295
 20
-3.5766
 30
0.0
 10
-56.8295
 20
-3.5766
 30
0.0
 10
-57.1295
 20
-3.5766
 30
0.0
 10
-57.1295
 20
-3.5766
 30
0.0
  0
SPLINE
  5
E8
330
1F
100
AcDbEntity
  8
Layer 1
370
    25
100
AcDbSpline
210
0.0
220
0.0
230
1.0
 70
    24
 71
     3
 72
     8
 73
     4
 74
     0
 42
0.000000001
 43
0.0000000001
 40
0.0
 40
0.0
 40
0.0
 40
0.0
 40
1.0
 40
1.0
 40
1.0
 40
1.0
 10
-57.1295
 20
-3.5766
 30
0.0
 10
-57.1295
 20
-3.5766
 30
0.0
 10
-57.1295
 20
-2.9766
 30
0.0
 10
-57.1295
 20
-2.9766
 30
0.0
  0
SPLINE
  5
E9
330
1F
100
AcDbEntity
  8
Layer 1
370
    25
100
AcDbSpline
210
0.0
220
0.0
230
1.0
 70
    24
 71
     3
 72
     8
 73
     4
 74
     0
 42
0.000000001
 43
0.0000000001
 40
0.0
 40
0.0
 40
0.0
 40
0.0
 40
1.0
 40
1.0
 40
1.0
 40
1.0
 10
-57.1295
 20
-2.9766
 30
0.0
 10
-57.1295
 20
-2.9766
 30
0.0
 10
-56.8295
 20
-2.9766
 30
0.0
 10
-56.8295
 20
-2.9766
 30
0.0
  0
SPLINE
  5
EA
330
1F
100
AcDbEntity
  8
Layer 1
370
    25
100
AcDbSpline
210
0.0
220
0.0
230
1.0
 70
    24
 71
     3
 72
     8
 73
     4
 74
     0
 42
0.000000001
 43
0.0000000001
 40
0.0
 40
0.0
 40
0.0
 40
0.0
 40
1.0
 40
1.0
 40
1.0
 40
1.0
 10
-56.8295
 20
-2.9766
 30
0.0
 10
-56.8295
 20
-2.9766
 30
0.0
 10
-56.8295
 20
-2.2766
 30
0.0
 10
-56.8295
 20
-2.2766
 30
0.0
  0
SPLINE
  5
EB
330
1F
100
AcDbEntity
  8
Layer 1
370
    25
100
AcDbSpline
210
0.0
220
0.0
230
1.0
 70
    24
 71
     3
 72
     8
 73
     4
 74
     0
 42
0.000000001
 43
0.0000000001
 40
0.0
 40
0.0
 40
0.0
 40
0.0
 40
1.0
 40
1.0
 40
1.0
 40
1.0
 10
-56.8295
 20
-2.2766
 30
0.0
 10
-56.8295
 20
-2.2766
 30
0.0
 10
-57.1295
 20
-2.2766
 30
0.0
 10
-57.1295
 20
-2.2766
 30
0.0
  0
SPLINE
  5
EC
330
1F
100
AcDbEntity
  8
Layer 1
370
    25
100
AcDbSpline
210
0.0
220
0.0
230
1.0
 70
    24
 71
     3
 72
     8
 73
     4
 74
     0
 42
0.000000001
 43
0.0000000001
 40
0.0
 40
0.0
 40
0.0
 40
0.0
 40
1.0
 40
1.0
 40
1.0
 40
1.0
 10
-57.1295
 20
-2.2766
 30
0.0
 10
-57.1295
 20
-2.2766
 30
0.0
 10
-57.1295
 20
-0.9766
 30
0.0
 10
-57.1295
 20
-0.9766
 30
0.0
  0
SPLINE
  5
ED
330
1F
100
AcDbEntity
  8
Layer 1
370
    25
100
AcDbSpline
210
0.0
220
0.0
230
1.0
 70
    24
 71
     3
 72
     8
 73
     4
 74
     0
 42
0.000000001
 43
0.0000000001
 40
0.0
 40
0.0
 40
0.0
 40
0.0
 40
1.0
 40
1.0
 40
1.0
 40
1.0
 10
-57.1295
 20
-0.9766
 30
0.0
 10
-57.1295
 20
-0.9766
 30
0.0
 10
-57.7295
 20
-0.9766
 30
0.0
 10
-57.7295
 20
-0.9766
 30
0.0
  0
SPLINE
  5
EE
330
1F
100
AcDbEntity
  8
Layer 1
370
    25
100
AcDbSpline
210
0.0
220
0.0
230
1.0
 70
    24
 71
     3
 72
     8
 73
     4
 74
     0
 42
0.000000001
 43
0.0000000001
 40
0.0
 40
0.0
 40
0.0
 40
0.0
 40
1.0
 40
1.0
 40
1.0
 40
1.0
 10
-57.7295
 20
-0.9766
 30
0.0
 10
-57.7295
 20
-0.9766
 30
0.0
 10
-57.7295
 20
-1.3766
 30
0.0
 10
-57.7295
 20
-1.3766
 30
0.0
  0
SPLINE
  5
EF
330
1F
100
AcDbEntity
  8
Layer 1
370
    25
100
AcDbSpline
210
0.0
220
0.0
230
1.0
 70
    24
 71
     3
 72
     8
 73
     4
 74
     0
 42
0.000000001
 43
0.0000000001
 40
0.0
 40
0.0
 40
0.0
 40
0.0
 40
1.0
 40
1.0
 40
1.0
 40
1.0
 10
-57.6295
 20
-1.2766
 30
0.0
 10
-57.6295
 20
-1.2766
 30
0.0
 10
-58.1295
 20
-1.2766
 30
0.0
 10
-58.1295
 20
-1.2766
 30
0.0
  0
SPLINE
  5
F0
330
1F
100
AcDbEntity
  8
Layer 1
370
    25
100
AcDbSpline
210
0.0
220
0.0
230
1.0
 70
    24
 71
     3
 72
     8
 73
     4
 74
     0
 42
0.000000001
 43
0.0000000001
 40
0.0
 40
0.0
 40
0.0
 40
0.0
 40
1.0
 40
1.0
 40
1.0
 40
1.0
 10
-58.1295
 20
-1.2766
 30
0.0
 10
-58.1295
 20
-1.2766
 30
0.0
 10
-58.1295
 20
-0.9766
 30
0.0
 10
-58.1295
 20
-0.9766
 30
0.0
  0
SPLINE
  5
F1
330
1F
100
AcDbEntity
  8
Layer 1
370
    25
100
AcDbSpline
210
0.0
220
0.0
230
1.0
 70
    24
 71
     3
 72
     8
 73
     4
 74
     0
 42
0.000000001
 43
0.0000000001
 40
0.0
 40
0.0
 40
0.0
 40
0.0
 40
1.0
 40
1.0
 40
1.0
 40
1.0
 10
-58.1295
 20
-0.9766
 30
0.0
 10
-58.1295
 20
-0.9766
 30
0.0
 10
-59.9295
 20
-0.9766
 30
0.0
 10
-59.9295
 20
-0.9766
 30
0.0
  0
SPLINE
  5
F2
330
1F
100
AcDbEntity
  8
Layer 1
370
    25
100
AcDbSpline
210
0.0
220
0.0
230
1.0
 70
    24
 71
     3
 72
     8
 73
     4
 74
     0
 42
0.000000001
 43
0.0000000001
 40
0.0
 40
0.0
 40
0.0
 40
0.0
 40
1.0
 40
1.0
 40
1.0
 40
1.0
 10
-59.9295
 20
-0.9766
 30
0.0
 10
-59.9295
 20
-0.9766
 30
0.0
 10
-59.9295
 20
-1.3766
 30
0.0
 10
-59.9295
 20
-1.3766
 30
0.0
  0
SPLINE
  5
F3
330
1F
100
AcDbEntity
  8
Layer 1
370
    25
100
AcDbSpline
210
0.0
220
0.0
230
1.0
 70
    24
 71
     3
 72
     8
 73
     4
 74
     0
 42
0.000000001
 43
0.0000000001
 40
0.0
 40
0.0
 40
0.0
 40
0.0
 40
1.0
 40
1.0
 40
1.0
 40
1.0
 10
-59.8295
 20
-1.2766
 30
0.0
 10
-59.8295
 20
-1.2766
 30
0.0
 10
-60.7295
 20
-1.2766
 30
0.0
 10
-60.7295
 20
-1.2766
 30
0.0
  0
SPLINE
  5
F4
330
1F
100
AcDbEntity
  8
Layer 1
370
    25
100
AcDbSpline
210
0.0
220
0.0
230
1.0
 70
    24
 71
     3
 72
     8
 73
     4
 74
     0
 42
0.000000001
 43
0.0000000001
 40
0.0
 40
0.0
 40
0.0
 40
0.0
 40
1.0
 40
1.0
 40
1.0
 40
1.0
 10
-60.7295
 20
-0.5766
 30
0.0
 10
-60.7295
 20
-0.5766
 30
0.0
 10
-60.7295
 20
-2.2766
 30
0.0
 10
-60.7295
 20
-2.2766
 30
0.0
  0
SPLINE
  5
F5
330
1F
100
AcDbEntity
  8
Layer 1
370
    25
100
AcDbSpline
210
0.0
220
0.0
230
1.0
 70
    24
 71
     3
 72
     8
 73
     4
 74
     0
 42
0.000000001
 43
0.0000000001
 40
0.0
 40
0.0
 40
0.0
 40
0.0
 40
1.0
 40
1.0
 40
1.0
 40
1.0
 10
-56.4295
 20
-0.5766
 30
0.0
 10
-56.4295
 20
-0.5766
 30
0.0
 10
-60.7295
 20
-0.5766
 30
0.0
 10
-60.7295
 20
-0.5766
 30
0.0
  0
SPLINE
  5
F6
330
1F
100
AcDbEntity
  8
Layer 1
370
    25
100
AcDbSpline
210
0.0
220
0.0
230
1.0
 70
    24
 71
     3
 72
     8
 73
     4
 74
     0
 42
0.000000001
 43
0.0000000001
 40
0.0
 40
0.0
 40
0.0
 40
0.0
 40
1.0
 40
1.0
 40
1.0
 40
1.0
 10
-56.4295
 20
-5.9766
 30
0.0
 10
-56.4295
 20
-5.9766
 30
0.0
 10
-56.4295
 20
-0.5766
 30
0.0
 10
-56.4295
 20
-0.5766
 30
0.0
  0
SPLINE
  5
F7
330
1F
100
AcDbEntity
  8
Layer 1
370
    25
100
AcDbSpline
210
0.0
220
0.0
230
1.0
 70
    24
 71
     3
 72
     8
 73
     4
 74
     0
 42
0.000000001
 43
0.0000000001
 40
0.0
 40
0.0
 40
0.0
 40
0.0
 40
1.0
 40
1.0
 40
1.0
 40
1.0
 10
-60.7295
 20
-5.9766
 30
0.0
 10
-60.7295
 20
-5.9766
 30
0.0
 10
-56.4295
 20
-5.9766
 30
0.0
 10
-56.4295
 20
-5.9766
 30
0.0
  0
SPLINE
  5
F8
330
1F
100
AcDbEntity
  8
Layer 1
370
    25
100
AcDbSpline
210
0.0
220
0.0
230
1.0
 70
    24
 71
     3
 72
     8
 73
     4
 74
     0
 42
0.000000001
 43
0.0000000001
 40
0.0
 40
0.0
 40
0.0
 40
0.0
 40
1.0
 40
1.0
 40
1.0
 40
1.0
 10
-60.7295
 20
-5.9766
 30
0.0
 10
-60.7295
 20
-5.9766
 30
0.0
 10
-60.7295
 20
-4.2766
 30
0.0
 10
-60.7295
 20
-4.2766
 30
0.0
  0
SPLINE
  5
F9
330
1F
100
AcDbEntity
  8
Layer 1
370
    25
100
AcDbSpline
210
0.0
220
0.0
230
1.0
 70
    24
 71
     3
 72
     8
 73
     4
 74
     0
 42
0.000000001
 43
0.0000000001
 40
0.0
 40
0.0
 40
0.0
 40
0.0
 40
1.0
 40
1.0
 40
1.0
 40
1.0
 10
-60.7295
 20
-5.2766
 30
0.0
 10
-60.7295
 20
-5.2766
 30
0.0
 10
-59.8295
 20
-5.2766
 30
0.0
 10
-59.8295
 20
-5.2766
 30
0.0
  0
SPLINE
  5
FA
330
1F
100
AcDbEntity
  8
Layer 1
370
    25
100
AcDbSpline
210
0.0
220
0.0
230
1.0
 70
    24
 71
     3
 72
     8
 73
     4
 74
     0
 42
0.000000001
 43
0.0000000001
 40
0.0
 40
0.0
 40
0.0
 40
0.0
 40
1.0
 40
1.0
 40
1.0
 40
1.0
 10
-57.2295
 20
-5.4766
 30
0.0
 10
-57.2295
 20
-5.4766
 30
0.0
 10
-57.1295
 20
-5.5766
 30
0.0
 10
-57.1295
 20
-5.5766
 30
0.0
  0
SPLINE
  5
FB
330
1F
100
AcDbEntity
  8
Layer 1
370
    25
100
AcDbSpline
210
0.0
220
0.0
230
1.0
 70
    24
 71
     3
 72
     8
 73
     4
 74
     0
 42
0.000000001
 43
0.0000000001
 40
0.0
 40
0.0
 40
0.0
 40
0.0
 40
1.0
 40
1.0
 40
1.0
 40
1.0
 10
-57.2295
 20
-4.1766
 30
0.0
 10
-57.2295
 20
-4.1766
 30
0.0
 10
-57.2295
 20
-5.4766
 30
0.0
 10
-57.2295
 20
-5.4766
 30
0.0
  0
SPLINE
  5
FC
330
1F
100
AcDbEntity
  8
Layer 1
370
    25
100
AcDbSpline
210
0.0
220
0.0
230
1.0
 70
    24
 71
     3
 72
     8
 73
     4
 74
     0
 42
0.000000001
 43
0.0000000001
 40
0.0
 40
0.0
 40
0.0
 40
0.0
 40
1.0
 40
1.0
 40
1.0
 40
1.0
 10
-57.2295
 20
-4.1766
 30
0.0
 10
-57.2295
 20
-4.1766
 30
0.0
 10
-57.1295
 20
-4.2766
 30
0.0
 10
-57.1295
 20
-4.2766
 30
0.0
  0
SPLINE
  5
FD
330
1F
100
AcDbEntity
  8
Layer 1
370
    25
100
AcDbSpline
210
0.0
220
0.0
230
1.0
 70
    24
 71
     3
 72
     8
 73
     4
 74
     0
 42
0.000000001
 43
0.0000000001
 40
0.0
 40
0.0
 40
0.0
 40
0.0
 40
1.0
 40
1.0
 40
1.0
 40
1.0
 10
-57.2295
 20
-2.3766
 30
0.0
 10
-57.2295
 20
-2.3766
 30
0.0
 10
-57.1295
 20
-2.2766
 30
0.0
 10
-57.1295
 20
-2.2766
 30
0.0
  0
SPLINE
  5
FE
330
1F
100
AcDbEntity
  8
Layer 1
370
    25
100
AcDbSpline
210
0.0
220
0.0
230
1.0
 70
    24
 71
     3
 72
     8
 73
     4
 74
     0
 42
0.000000001
 43
0.0000000001
 40
0.0
 40
0.0
 40
0.0
 40
0.0
 40
1.0
 40
1.0
 40
1.0
 40
1.0
 10
-57.2295
 20
-1.0766
 30
0.0
 10
-57.2295
 20
-1.0766
 30
0.0
 10
-57.2295
 20
-2.3766
 30
0.0
 10
-57.2295
 20
-2.3766
 30
0.0
  0
SPLINE
  5
FF
330
1F
100
AcDbEntity
  8
Layer 1
370
    25
100
AcDbSpline
210
0.0
220
0.0
230
1.0
 70
    24
 71
     3
 72
     8
 73
     4
 74
     0
 42
0.000000001
 43
0.0000000001
 40
0.0
 40
0.0
 40
0.0
 40
0.0
 40
1.0
 40
1.0
 40
1.0
 40
1.0
 10
-57.2295
 20
-1.0766
 30
0.0
 10
-57.2295
 20
-1.0766
 30
0.0
 10
-57.1295
 20
-0.9766
 30
0.0
 10
-57.1295
 20
-0.9766
 30
0.0
  0
SPLINE
  5
100
330
1F
100
AcDbEntity
  8
Layer 1
370
    25
100
AcDbSpline
210
0.0
220
0.0
230
1.0
 70
    24
 71
     3
 72
     8
 73
     4
 74
     0
 42
0.000000001
 43
0.0000000001
 40
0.0
 40
0.0
 40
0.0
 40
0.0
 40
1.0
 40
1.0
 40
1.0
 40
1.0
 10
-56.9295
 20
-2.8766
 30
0.0
 10
-56.9295
 20
-2.8766
 30
0.0
 10
-56.8295
 20
-2.9766
 30
0.0
 10
-56.8295
 20
-2.9766
 30
0.0
  0
SPLINE
  5
101
330
1F
100
AcDbEntity
  8
Layer 1
370
    25
100
AcDbSpline
210
0.0
220
0.0
230
1.0
 70
    24
 71
     3
 72
     8
 73
     4
 74
     0
 42
0.000000001
 43
0.0000000001
 40
0.0
 40
0.0
 40
0.0
 40
0.0
 40
1.0
 40
1.0
 40
1.0
 40
1.0
 10
-56.9295
 20
-2.3766
 30
0.0
 10
-56.9295
 20
-2.3766
 30
0.0
 10
-56.9295
 20
-2.8766
 30
0.0
 10
-56.9295
 20
-2.8766
 30
0.0
  0
SPLINE
  5
102
330
1F
100
AcDbEntity
  8
Layer 1
370
    25
100
AcDbSpline
210
0.0
220
0.0
230
1.0
 70
    24
 71
     3
 72
     8
 73
     4
 74
     0
 42
0.000000001
 43
0.0000000001
 40
0.0
 40
0.0
 40
0.0
 40
0.0
 40
1.0
 40
1.0
 40
1.0
 40
1.0
 10
-56.9295
 20
-2.3766
 30
0.0
 10
-56.9295
 20
-2.3766
 30
0.0
 10
-56.8295
 20
-2.2766
 30
0.0
 10
-56.8295
 20
-2.2766
 30
0.0
  0
SPLINE
  5
103
330
1F
100
AcDbEntity
  8
Layer 1
370
    25
100
AcDbSpline
210
0.0
220
0.0
230
1.0
 70
    24
 71
     3
 72
     8
 73
     4
 74
     0
 42
0.000000001
 43
0.0000000001
 40
0.0
 40
0.0
 40
0.0
 40
0.0
 40
1.0
 40
1.0
 40
1.0
 40
1.0
 10
-56.9295
 20
-4.1766
 30
0.0
 10
-56.9295
 20
-4.1766
 30
0.0
 10
-56.8295
 20
-4.2766
 30
0.0
 10
-56.8295
 20
-4.2766
 30
0.0
  0
SPLINE
  5
104
330
1F
100
AcDbEntity
  8
Layer 1
370
    25
100
AcDbSpline
210
0.0
220
0.0
230
1.0
 70
    24
 71
     3
 72
     8
 73
     4
 74
     0
 42
0.000000001
 43
0.0000000001
 40
0.0
 40
0.0
 40
0.0
 40
0.0
 40
1.0
 40
1.0
 40
1.0
 40
1.0
 10
-56.9295
 20
-3.6766
 30
0.0
 10
-56.9295
 20
-3.6766
 30
0.0
 10
-56.9295
 20
-4.1766
 30
0.0
 10
-56.9295
 20
-4.1766
 30
0.0
  0
SPLINE
  5
105
330
1F
100
AcDbEntity
  8
Layer 1
370
    25
100
AcDbSpline
210
0.0
220
0.0
230
1.0
 70
    24
 71
     3
 72
     8
 73
     4
 74
     0
 42
0.000000001
 43
0.0000000001
 40
0.0
 40
0.0
 40
0.0
 40
0.0
 40
1.0
 40
1.0
 40
1.0
 40
1.0
 10
-56.9295
 20
-3.6766
 30
0.0
 10
-56.9295
 20
-3.6766
 30
0.0
 10
-56.8295
 20
-3.5766
 30
0.0
 10
-56.8295
 20
-3.5766
 30
0.0
  0
SPLINE
  5
106
330
1F
100
AcDbEntity
  8
Layer 1
370
    25
100
AcDbSpline
210
0.0
220
0.0
230
1.0
 70
    24
 71
     3
 72
     8
 73
     4
 74
     0
 42
0.000000001
 43
0.0000000001
 40
0.0
 40
0.0
 40
0.0
 40
0.0
 40
1.0
 40
1.0
 40
1.0
 40
1.0
 10
-57.2295
 20
-3.6766
 30
0.0
 10
-57.2295
 20
-3.6766
 30
0.0
 10
-57.1295
 20
-3.5766
 30
0.0
 10
-57.1295
 20
-3.5766
 30
0.0
  0
SPLINE
  5
107
330
1F
100
AcDbEntity
  8
Layer 1
370
    25
100
AcDbSpline
210
0.0
220
0.0
230
1.0
 70
    24
 71
     3
 72
     8
 73
     4
 74
     0
 42
0.000000001
 43
0.0000000001
 40
0.0
 40
0.0
 40
0.0
 40
0.0
 40
1.0
 40
1.0
 40
1.0
 40
1.0
 10
-57.2295
 20
-2.8766
 30
0.0
 10
-57.2295
 20
-2.8766
 30
0.0
 10
-57.2295
 20
-3.6766
 30
0.0
 10
-57.2295
 20
-3.6766
 30
0.0
  0
SPLINE
  5
108
330
1F
100
AcDbEntity
  8
Layer 1
370
    25
100
AcDbSpline
210
0.0
220
0.0
230
1.0
 70
    24
 71
     3
 72
     8
 73
     4
 74
     0
 42
0.000000001
 43
0.0000000001
 40
0.0
 40
0.0
 40
0.0
 40
0.0
 40
1.0
 40
1.0
 40
1.0
 40
1.0
 10
-57.2295
 20
-2.8766
 30
0.0
 10
-57.2295
 20
-2.8766
 30
0.0
 10
-57.1295
 20
-2.9766
 30
0.0
 10
-57.1295
 20
-2.9766
 30
0.0
  0
SPLINE
  5
109
330
1F
100
AcDbEntity
  8
Layer 1
370
    25
100
AcDbSpline
210
0.0
220
0.0
230
1.0
 70
    24
 71
     3
 72
     8
 73
     4
 74
     0
 42
0.000000001
 43
0.0000000001
 40
0.0
 40
0.0
 40
0.0
 40
0.0
 40
1.0
 40
1.0
 40
1.0
 40
1.0
 10
-58.2295
 20
-5.4766
 30
0.0
 10
-58.2295
 20
-5.4766
 30
0.0
 10
-58.1295
 20
-5.5766
 30
0.0
 10
-58.1295
 20
-5.5766
 30
0.0
  0
SPLINE
  5
10A
330
1F
100
AcDbEntity
  8
Layer 1
370
    25
100
AcDbSpline
210
0.0
220
0.0
230
1.0
 70
    24
 71
     3
 72
     8
 73
     4
 74
     0
 42
0.000000001
 43
0.0000000001
 40
0.0
 40
0.0
 40
0.0
 40
0.0
 40
1.0
 40
1.0
 40
1.0
 40
1.0
 10
-58.2295
 20
-5.1766
 30
0.0
 10
-58.2295
 20
-5.1766
 30
0.0
 10
-58.2295
 20
-5.4766
 30
0.0
 10
-58.2295
 20
-5.4766
 30
0.0
  0
SPLINE
  5
10B
330
1F
100
AcDbEntity
  8
Layer 1
370
    25
100
AcDbSpline
210
0.0
220
0.0
230
1.0
 70
    24
 71
     3
 72
     8
 73
     4
 74
     0
 42
0.000000001
 43
0.0000000001
 40
0.0
 40
0.0
 40
0.0
 40
0.0
 40
1.0
 40
1.0
 40
1.0
 40
1.0
 10
-58.2295
 20
-5.1766
 30
0.0
 10
-58.2295
 20
-5.1766
 30
0.0
 10
-58.1295
 20
-5.2766
 30
0.0
 10
-58.1295
 20
-5.2766
 30
0.0
  0
SPLINE
  5
10C
330
1F
100
AcDbEntity
  8
Layer 1
370
    25
100
AcDbSpline
210
0.0
220
0.0
230
1.0
 70
    24
 71
     3
 72
     8
 73
     4
 74
     0
 42
0.000000001
 43
0.0000000001
 40
0.0
 40
0.0
 40
0.0
 40
0.0
 40
1.0
 40
1.0
 40
1.0
 40
1.0
 10
-57.6295
 20
-5.4766
 30
0.0
 10
-57.6295
 20
-5.4766
 30
0.0
 10
-57.7295
 20
-5.5766
 30
0.0
 10
-57.7295
 20
-5.5766
 30
0.0
  0
SPLINE
  5
10D
330
1F
100
AcDbEntity
  8
Layer 1
370
    25
100
AcDbSpline
210
0.0
220
0.0
230
1.0
 70
    24
 71
     3
 72
     8
 73
     4
 74
     0
 42
0.000000001
 43
0.0000000001
 40
0.0
 40
0.0
 40
0.0
 40
0.0
 40
1.0
 40
1.0
 40
1.0
 40
1.0
 10
-57.6295
 20
-5.4766
 30
0.0
 10
-57.6295
 20
-5.4766
 30
0.0
 10
-57.6295
 20
-5.2766
 30
0.0
 10
-57.6295
 20
-5.2766
 30
0.0
  0
SPLINE
  5
10E
330
1F
100
AcDbEntity
  8
Layer 1
370
    25
100
AcDbSpline
210
0.0
220
0.0
230
1.0
 70
    24
 71
     3
 72
     8
 73
     4
 74
     0
 42
0.000000001
 43
0.0000000001
 40
0.0
 40
0.0
 40
0.0
 40
0.0
 40
1.0
 40
1.0
 40
1.0
 40
1.0
 10
-59.8295
 20
-5.4766
 30
0.0
 10
-59.8295
 20
-5.4766
 30
0.0
 10
-59.9295
 20
-5.5766
 30
0.0
 10
-59.9295
 20
-5.5766
 30
0.0
  0
SPLINE
  5
10F
330
1F
100
AcDbEntity
  8
Layer 1
370
    25
100
AcDbSpline
210
0.0
220
0.0
230
1.0
 70
    24
 71
     3
 72
     8
 73
     4
 74
     0
 42
0.000000001
 43
0.0000000001
 40
0.0
 40
0.0
 40
0.0
 40
0.0
 40
1.0
 40
1.0
 40
1.0
 40
1.0
 10
-59.8295
 20
-5.4766
 30
0.0
 10
-59.8295
 20
-5.4766
 30
0.0
 10
-59.8295
 20
-5.2766
 30
0.0
 10
-59.8295
 20
-5.2766
 30
0.0
  0
SPLINE
  5
110
330
1F
100
AcDbEntity
  8
Layer 1
370
    25
100
AcDbSpline
210
0.0
220
0.0
230
1.0
 70
    24
 71
     3
 72
     8
 73
     4
 74
     0
 42
0.000000001
 43
0.0000000001
 40
0.0
 40
0.0
 40
0.0
 40
0.0
 40
1.0
 40
1.0
 40
1.0
 40
1.0
 10
-58.2295
 20
-1.3766
 30
0.0
 10
-58.2295
 20
-1.3766
 30
0.0
 10
-58.1295
 20
-1.2766
 30
0.0
 10
-58.1295
 20
-1.2766
 30
0.0
  0
SPLINE
  5
111
330
1F
100
AcDbEntity
  8
Layer 1
370
    25
100
AcDbSpline
210
0.0
220
0.0
230
1.0
 70
    24
 71
     3
 72
     8
 73
     4
 74
     0
 42
0.000000001
 43
0.0000000001
 40
0.0
 40
0.0
 40
0.0
 40
0.0
 40
1.0
 40
1.0
 40
1.0
 40
1.0
 10
-58.2295
 20
-1.0766
 30
0.0
 10
-58.2295
 20
-1.0766
 30
0.0
 10
-58.2295
 20
-1.3766
 30
0.0
 10
-58.2295
 20
-1.3766
 30
0.0
  0
SPLINE
  5
112
330
1F
100
AcDbEntity
  8
Layer 1
370
    25
100
AcDbSpline
210
0.0
220
0.0
230
1.0
 70
    24
 71
     3
 72
     8
 73
     4
 74
     0
 42
0.000000001
 43
0.0000000001
 40
0.0
 40
0.0
 40
0.0
 40
0.0
 40
1.0
 40
1.0
 40
1.0
 40
1.0
 10
-58.2295
 20
-1.0766
 30
0.0
 10
-58.2295
 20
-1.0766
 30
0.0
 10
-58.1295
 20
-0.9766
 30
0.0
 10
-58.1295
 20
-0.9766
 30
0.0
  0
SPLINE
  5
113
330
1F
100
AcDbEntity
  8
Layer 1
370
    25
100
AcDbSpline
210
0.0
220
0.0
230
1.0
 70
    24
 71
     3
 72
     8
 73
     4
 74
     0
 42
0.000000001
 43
0.0000000001
 40
0.0
 40
0.0
 40
0.0
 40
0.0
 40
1.0
 40
1.0
 40
1.0
 40
1.0
 10
-59.8295
 20
-1.0766
 30
0.0
 10
-59.8295
 20
-1.0766
 30
0.0
 10
-59.9295
 20
-0.9766
 30
0.0
 10
-59.9295
 20
-0.9766
 30
0.0
  0
SPLINE
  5
114
330
1F
100
AcDbEntity
  8
Layer 1
370
    25
100
AcDbSpline
210
0.0
220
0.0
230
1.0
 70
    24
 71
     3
 72
     8
 73
     4
 74
     0
 42
0.000000001
 43
0.0000000001
 40
0.0
 40
0.0
 40
0.0
 40
0.0
 40
1.0
 40
1.0
 40
1.0
 40
1.0
 10
-59.8295
 20
-1.2766
 30
0.0
 10
-59.8295
 20
-1.2766
 30
0.0
 10
-59.8295
 20
-1.0766
 30
0.0
 10
-59.8295
 20
-1.0766
 30
0.0
  0
SPLINE
  5
115
330
1F
100
AcDbEntity
  8
Layer 1
370
    25
100
AcDbSpline
210
0.0
220
0.0
230
1.0
 70
    24
 71
     3
 72
     8
 73
     4
 74
     0
 42
0.000000001
 43
0.0000000001
 40
0.0
 40
0.0
 40
0.0
 40
0.0
 40
1.0
 40
1.0
 40
1.0
 40
1.0
 10
-57.6295
 20
-1.0766
 30
0.0
 10
-57.6295
 20
-1.0766
 30
0.0
 10
-57.7295
 20
-0.9766
 30
0.0
 10
-57.7295
 20
-0.9766
 30
0.0
  0
SPLINE
  5
116
330
1F
100
AcDbEntity
  8
Layer 1
370
    25
100
AcDbSpline
210
0.0
220
0.0
230
1.0
 70
    24
 71
     3
 72
     8
 73
     4
 74
     0
 42
0.000000001
 43
0.0000000001
 40
0.0
 40
0.0
 40
0.0
 40
0.0
 40
1.0
 40
1.0
 40
1.0
 40
1.0
 10
-57.6295
 20
-1.2766
 30
0.0
 10
-57.6295
 20
-1.2766
 30
0.0
 10
-57.6295
 20
-1.0766
 30
0.0
 10
-57.6295
 20
-1.0766
 30
0.0
  0
SPLINE
  5
117
330
1F
100
AcDbEntity
  8
Layer 1
370
    25
100
AcDbSpline
210
0.0
220
0.0
230
1.0
 70
    24
 71
     3
 72
     8
 73
     4
 74
     0
 42
0.000000001
 43
0.0000000001
 40
0.0
 40
0.0
 40
0.0
 40
0.0
 40
1.0
 40
1.0
 40
1.0
 40
1.0
 10
-56.9295
 20
-4.1766
 30
0.0
 10
-56.9295
 20
-4.1766
 30
0.0
 10
-57.3295
 20
-4.1766
 30
0.0
 10
-57.3295
 20
-4.1766
 30
0.0
  0
SPLINE
  5
118
330
1F
100
AcDbEntity
  8
Layer 1
370
    25
100
AcDbSpline
210
0.0
220
0.0
230
1.0
 70
    24
 71
     3
 72
     8
 73
     4
 74
     0
 42
0.000000001
 43
0.0000000001
 40
0.0
 40
0.0
 40
0.0
 40
0.0
 40
1.0
 40
1.0
 40
1.0
 40
1.0
 10
-58.2295
 20
-5.4766
 30
0.0
 10
-58.2295
 20
-5.4766
 30
0.0
 10
-59.8295
 20
-5.4766
 30
0.0
 10
-59.8295
 20
-5.4766
 30
0.0
  0
SPLINE
  5
119
330
1F
100
AcDbEntity
  8
Layer 1
370
    25
100
AcDbSpline
210
0.0
220
0.0
230
1.0
 70
    24
 71
     3
 72
     8
 73
     4
 74
     0
 42
0.000000001
 43
0.0000000001
 40
0.0
 40
0.0
 40
0.0
 40
0.0
 40
1.0
 40
1.0
 40
1.0
 40
1.0
 10
-57.7295
 20
-5.1766
 30
0.0
 10
-57.7295
 20
-5.1766
 30
0.0
 10
-58.2295
 20
-5.1766
 30
0.0
 10
-58.2295
 20
-5.1766
 30
0.0
  0
SPLINE
  5
11A
330
1F
100
AcDbEntity
  8
Layer 1
370
    25
100
AcDbSpline
210
0.0
220
0.0
230
1.0
 70
    24
 71
     3
 72
     8
 73
     4
 74
     0
 42
0.000000001
 43
0.0000000001
 40
0.0
 40
0.0
 40
0.0
 40
0.0
 40
1.0
 40
1.0
 40
1.0
 40
1.0
 10
-57.2295
 20
-5.4766
 30
0.0
 10
-57.2295
 20
-5.4766
 30
0.0
 10
-57.6295
 20
-5.4766
 30
0.0
 10
-57.6295
 20
-5.4766
 30
0.0
  0
SPLINE
  5
11B
330
1F
100
AcDbEntity
  8
Layer 1
370
    25
100
AcDbSpline
210
0.0
220
0.0
230
1.0
 70
    24
 71
     3
 72
     8
 73
     4
 74
     0
 42
0.000000001
 43
0.0000000001
 40
0.0
 40
0.0
 40
0.0
 40
0.0
 40
1.0
 40
1.0
 40
1.0
 40
1.0
 10
-59.9295
 20
-5.1766
 30
0.0
 10
-59.9295
 20
-5.1766
 30
0.0
 10
-60.7295
 20
-5.1766
 30
0.0
 10
-60.7295
 20
-5.1766
 30
0.0
  0
SPLINE
  5
11C
330
1F
100
AcDbEntity
  8
Layer 1
370
    25
100
AcDbSpline
210
0.0
220
0.0
230
1.0
 70
    24
 71
     3
 72
     8
 73
     4
 74
     0
 42
0.000000001
 43
0.0000000001
 40
0.0
 40
0.0
 40
0.0
 40
0.0
 40
1.0
 40
1.0
 40
1.0
 40
1.0
 10
-56.9295
 20
-2.8766
 30
0.0
 10
-56.9295
 20
-2.8766
 30
0.0
 10
-57.3295
 20
-2.8766
 30
0.0
 10
-57.3295
 20
-2.8766
 30
0.0
  0
SPLINE
  5
11D
330
1F
100
AcDbEntity
  8
Layer 1
370
    25
100
AcDbSpline
210
0.0
220
0.0
230
1.0
 70
    24
 71
     3
 72
     8
 73
     4
 74
     0
 42
0.000000001
 43
0.0000000001
 40
0.0
 40
0.0
 40
0.0
 40
0.0
 40
1.0
 40
1.0
 40
1.0
 40
1.0
 10
-60.7295
 20
-1.3766
 30
0.0
 10
-60.7295
 20
-1.3766
 30
0.0
 10
-59.9295
 20
-1.3766
 30
0.0
 10
-59.9295
 20
-1.3766
 30
0.0
  0
SPLINE
  5
11E
330
1F
100
AcDbEntity
  8
Layer 1
370
    25
100
AcDbSpline
210
0.0
220
0.0
230
1.0
 70
    24
 71
     3
 72
     8
 73
     4
 74
     0
 42
0.000000001
 43
0.0000000001
 40
0.0
 40
0.0
 40
0.0
 40
0.0
 40
1.0
 40
1.0
 40
1.0
 40
1.0
 10
-57.3295
 20
-3.6766
 30
0.0
 10
-57.3295
 20
-3.6766
 30
0.0
 10
-56.9295
 20
-3.6766
 30
0.0
 10
-56.9295
 20
-3.6766
 30
0.0
  0
SPLINE
  5
11F
330
1F
100
AcDbEntity
  8
Layer 1
370
    25
100
AcDbSpline
210
0.0
220
0.0
230
1.0
 70
    24
 71
     3
 72
     8
 73
     4
 74
     0
 42
0.000000001
 43
0.0000000001
 40
0.0
 40
0.0
 40
0.0
 40
0.0
 40
1.0
 40
1.0
 40
1.0
 40
1.0
 10
-58.2295
 20
-1.3766
 30
0.0
 10
-58.2295
 20
-1.3766
 30
0.0
 10
-57.7295
 20
-1.3766
 30
0.0
 10
-57.7295
 20
-1.3766
 30
0.0
  0
SPLINE
  5
120
330
1F
100
AcDbEntity
  8
Layer 1
370
    25
100
AcDbSpline
210
0.0
220
0.0
230
1.0
 70
    24
 71
     3
 72
     8
 73
     4
 74
     0
 42
0.000000001
 43
0.0000000001
 40
0.0
 40
0.0
 40
0.0
 40
0.0
 40
1.0
 40
1.0
 40
1.0
 40
1.0
 10
-57.3295
 20
-2.3766
 30
0.0
 10
-57.3295
 20
-2.3766
 30
0.0
 10
-56.9295
 20
-2.3766
 30
0.0
 10
-56.9295
 20
-2.3766
 30
0.0
  0
SPLINE
  5
121
330
1F
100
AcDbEntity
  8
Layer 1
370
    25
100
AcDbSpline
210
0.0
220
0.0
230
1.0
 70
    24
 71
     3
 72
     8
 73
     4
 74
     0
 42
0.000000001
 43
0.0000000001
 40
0.0
 40
0.0
 40
0.0
 40
0.0
 40
1.0
 40
1.0
 40
1.0
 40
1.0
 10
-57.6295
 20
-1.0766
 30
0.0
 10
-57.6295
 20
-1.0766
 30
0.0
 10
-57.2295
 20
-1.0766
 30
0.0
 10
-57.2295
 20
-1.0766
 30
0.0
  0
SPLINE
  5
122
330
1F
100
AcDbEntity
  8
Layer 1
370
    25
100
AcDbSpline
210
0.0
220
0.0
230
1.0
 70
    24
 71
     3
 72
     8
 73
     4
 74
     0
 42
0.000000001
 43
0.0000000001
 40
0.0
 40
0.0
 40
0.0
 40
0.0
 40
1.0
 40
1.0
 40
1.0
 40
1.0
 10
-59.8295
 20
-1.0766
 30
0.0
 10
-59.8295
 20
-1.0766
 30
0.0
 10
-58.2295
 20
-1.0766
 30
0.0
 10
-58.2295
 20
-1.0766
 30
0.0
  0
SPLINE
  5
123
330
1F
100
AcDbEntity
  8
Layer 1
370
    25
100
AcDbSpline
210
0.0
220
0.0
230
1.0
 70
    24
 71
     3
 72
     8
 73
     4
 74
     0
 42
0.000000001
 43
0.0000000001
 40
0.0
 40
0.0
 40
0.0
 40
0.0
 40
1.0
 40
1.0
 40
1.0
 40
1.0
 10
-60.2295
 20
-3.7766
 30
0.0
 10
-60.2295
 20
-3.7766
 30
0.0
 10
-60.7295
 20
-4.2766
 30
0.0
 10
-60.7295
 20
-4.2766
 30
0.0
  0
SPLINE
  5
124
330
1F
100
AcDbEntity
  8
Layer 1
370
    25
100
AcDbSpline
210
0.0
220
0.0
230
1.0
 70
    24
 71
     3
 72
     8
 73
     4
 74
     0
 42
0.000000001
 43
0.0000000001
 40
0.0
 40
0.0
 40
0.0
 40
0.0
 40
1.0
 40
1.0
 40
1.0
 40
1.0
 10
-60.2295
 20
-2.7766
 30
0.0
 10
-60.2295
 20
-2.7766
 30
0.0
 10
-60.2295
 20
-3.7766
 30
0.0
 10
-60.2295
 20
-3.7766
 30
0.0
  0
SPLINE
  5
125
330
1F
100
AcDbEntity
  8
Layer 1
370
    25
100
AcDbSpline
210
0.0
220
0.0
230
1.0
 70
    24
 71
     3
 72
     8
 73
     4
 74
     0
 42
0.000000001
 43
0.0000000001
 40
0.0
 40
0.0
 40
0.0
 40
0.0
 40
1.0
 40
1.0
 40
1.0
 40
1.0
 10
-60.2295
 20
-2.7766
 30
0.0
 10
-60.2295
 20
-2.7766
 30
0.0
 10
-60.7295
 20
-2.2766
 30
0.0
 10
-60.7295
 20
-2.2766
 30
0.0
  0
SPLINE
  5
126
330
1F
100
AcDbEntity
  8
Layer 1
370
    25
100
AcDbSpline
210
0.0
220
0.0
230
1.0
 70
    24
 71
     3
 72
     8
 73
     4
 74
     0
 42
0.000000001
 43
0.0000000001
 40
0.0
 40
0.0
 40
0.0
 40
0.0
 40
1.0
 40
1.0
 40
1.0
 40
1.0
 10
-57.3295
 20
-2.8766
 30
0.0
 10
-57.3295
 20
-2.8766
 30
0.0
 10
-57.3295
 20
-2.3766
 30
0.0
 10
-57.3295
 20
-2.3766
 30
0.0
  0
SPLINE
  5
127
330
1F
100
AcDbEntity
  8
Layer 1
370
    25
100
AcDbSpline
210
0.0
220
0.0
230
1.0
 70
    24
 71
     3
 72
     8
 73
     4
 74
     0
 42
0.000000001
 43
0.0000000001
 40
0.0
 40
0.0
 40
0.0
 40
0.0
 40
1.0
 40
1.0
 40
1.0
 40
1.0
 10
-57.3295
 20
-4.1766
 30
0.0
 10
-57.3295
 20
-4.1766
 30
0.0
 10
-57.3295
 20
-3.6766
 30
0.0
 10
-57.3295
 20
-3.6766
 30
0.0
  0
SPLINE
  5
128
330
1F
100
AcDbEntity
  8
Layer 1
370
    25
100
AcDbSpline
210
0.0
220
0.0
230
1.0
 70
    24
 71
     3
 72
     8
 73
     4
 74
     0
 42
0.000000001
 43
0.0000000001
 40
0.0
 40
0.0
 40
0.0
 40
0.0
 40
1.0
 40
1.0
 40
1.0
 40
1.0
 10
-53.0178
 20
-4.2766
 30
0.0
 10
-53.0178
 20
-4.2766
 30
0.0
 10
-51.0178
 20
-4.2766
 30
0.0
 10
-51.0178
 20
-4.2766
 30
0.0
  0
SPLINE
  5
129
330
1F
100
AcDbEntity
  8
Layer 1
370
    25
100
AcDbSpline
210
0.0
220
0.0
230
1.0
 70
    24
 71
     3
 72
     8
 73
     4
 74
     0
 42
0.000000001
 43
0.0000000001
 40
0.0
 40
0.0
 40
0.0
 40
0.0
 40
1.0
 40
1.0
 40
1.0
 40
1.0
 10
-53.0178
 20
-2.2766
 30
0.0
 10
-53.0178
 20
-2.2766
 30
0.0
 10
-53.0178
 20
-4.2766
 30
0.0
 10
-53.0178
 20
-4.2766
 30
0.0
  0
SPLINE
  5
12A
330
1F
100
AcDbEntity
  8
Layer 1
370
    25
100
AcDbSpline
210
0.0
220
0.0
230
1.0
 70
    24
 71
     3
 72
     8
 73
     4
 74
     0
 42
0.000000001
 43
0.0000000001
 40
0.0
 40
0.0
 40
0.0
 40
0.0
 40
1.0
 40
1.0
 40
1.0
 40
1.0
 10
-51.0178
 20
-2.2766
 30
0.0
 10
-51.0178
 20
-2.2766
 30
0.0
 10
-53.0178
 20
-2.2766
 30
0.0
 10
-53.0178
 20
-2.2766
 30
0.0
  0
SPLINE
  5
12B
330
1F
100
AcDbEntity
  8
Layer 1
370
    25
100
AcDbSpline
210
0.0
220
0.0
230
1.0
 70
    24
 71
     3
 72
     8
 73
     4
 74
     0
 42
0.000000001
 43
0.0000000001
 40
0.0
 40
0.0
 40
0.0
 40
0.0
 40
1.0
 40
1.0
 40
1.0
 40
1.0
 10
-51.0178
 20
-4.2766
 30
0.0
 10
-51.0178
 20
-4.2766
 30
0.0
 10
-51.0178
 20
-2.2766
 30
0.0
 10
-51.0178
 20
-2.2766
 30
0.0
  0
SPLINE
  5
12C
330
1F
100
AcDbEntity
  8
Layer 1
370
    25
100
AcDbSpline
210
0.0
220
0.0
230
1.0
 70
    24
 71
     3
 72
     8
 73
     4
 74
     0
 42
0.000000001
 43
0.0000000001
 40
0.0
 40
0.0
 40
0.0
 40
0.0
 40
1.0
 40
1.0
 40
1.0
 40
1.0
 10
-52.8498
 20
-6.4188
 30
0.0
 10
-52.8498
 20
-6.4188
 30
0.0
 10
-52.3558
 20
-6.4188
 30
0.0
 10
-52.3558
 20
-6.4188
 30
0.0
  0
SPLINE
  5
12D
330
1F
100
AcDbEntity
  8
Layer 1
370
    25
100
AcDbSpline
210
0.0
220
0.0
230
1.0
 70
    24
 71
     3
 72
     8
 73
     4
 74
     0
 42
0.000000001
 43
0.0000000001
 40
0.0
 40
0.0
 40
0.0
 40
0.0
 40
1.0
 40
1.0
 40
1.0
 40
1.0
 10
-52.3558
 20
-5.9608
 30
0.0
 10
-52.3558
 20
-5.9608
 30
0.0
 10
-52.8498
 20
-5.9608
 30
0.0
 10
-52.8498
 20
-5.9608
 30
0.0
  0
SPLINE
  5
12E
330
1F
100
AcDbEntity
  8
Layer 1
370
    25
100
AcDbSpline
210
0.0
220
0.0
230
1.0
 70
    24
 71
     3
 72
     8
 73
     4
 74
     0
 42
0.000000001
 43
0.0000000001
 40
0.0
 40
0.0
 40
0.0
 40
0.0
 40
1.0
 40
1.0
 40
1.0
 40
1.0
 10
-52.3558
 20
-6.4188
 30
0.0
 10
-52.3558
 20
-6.4188
 30
0.0
 10
-52.3558
 20
-5.9608
 30
0.0
 10
-52.3558
 20
-5.9608
 30
0.0
  0
SPLINE
  5
12F
330
1F
100
AcDbEntity
  8
Layer 1
370
    25
100
AcDbSpline
210
0.0
220
0.0
230
1.0
 70
    24
 71
     3
 72
     8
 73
     4
 74
     0
 42
0.000000001
 43
0.0000000001
 40
0.0
 40
0.0
 40
0.0
 40
0.0
 40
1.0
 40
1.0
 40
1.0
 40
1.0
 10
-52.8498
 20
-5.9608
 30
0.0
 10
-52.8498
 20
-5.9608
 30
0.0
 10
-52.8498
 20
-6.4188
 30
0.0
 10
-52.8498
 20
-6.4188
 30
0.0
  0
SPLINE
  5
130
330
1F
100
AcDbEntity
  8
Layer 1
370
    25
100
AcDbSpline
210
0.0
220
0.0
230
1.0
 70
    24
 71
     3
 72
     8
 73
     4
 74
     0
 42
0.000000001
 43
0.0000000001
 40
0.0
 40
0.0
 40
0.0
 40
0.0
 40
1.0
 40
1.0
 40
1.0
 40
1.0
 10
-54.4628
 20
-2.3198
 30
0.0
 10
-54.4628
 20
-2.3198
 30
0.0
 10
-54.4628
 20
-0.7198
 30
0.0
 10
-54.4628
 20
-0.7198
 30
0.0
  0
SPLINE
  5
131
330
1F
100
AcDbEntity
  8
Layer 1
370
    25
100
AcDbSpline
210
0.0
220
0.0
230
1.0
 70
    24
 71
     3
 72
     8
 73
     4
 74
     0
 42
0.000000001
 43
0.0000000001
 40
0.0
 40
0.0
 40
0.0
 40
0.0
 40
1.0
 40
1.0
 40
1.0
 40
1.0
 10
-54.4328
 20
-2.0198
 30
0.0
 10
-54.4328
 20
-2.0198
 30
0.0
 10
-54.4328
 20
-1.0198
 30
0.0
 10
-54.4328
 20
-1.0198
 30
0.0
  0
SPLINE
  5
132
330
1F
100
AcDbEntity
  8
Layer 1
370
    25
100
AcDbSpline
210
0.0
220
0.0
230
1.0
 70
    24
 71
     3
 72
     8
 73
     4
 74
     0
 42
0.000000001
 43
0.0000000001
 40
0.0
 40
0.0
 40
0.0
 40
0.0
 40
1.0
 40
1.0
 40
1.0
 40
1.0
 10
-53.7528
 20
-2.0198
 30
0.0
 10
-53.7528
 20
-2.0198
 30
0.0
 10
-53.7528
 20
-1.0198
 30
0.0
 10
-53.7528
 20
-1.0198
 30
0.0
  0
SPLINE
  5
133
330
1F
100
AcDbEntity
  8
Layer 1
370
    25
100
AcDbSpline
210
0.0
220
0.0
230
1.0
 70
    24
 71
     3
 72
     8
 73
     4
 74
     0
 42
0.000000001
 43
0.0000000001
 40
0.0
 40
0.0
 40
0.0
 40
0.0
 40
1.0
 40
1.0
 40
1.0
 40
1.0
 10
-53.7228
 20
-2.3198
 30
0.0
 10
-53.7228
 20
-2.3198
 30
0.0
 10
-53.7228
 20
-0.7198
 30
0.0
 10
-53.7228
 20
-0.7198
 30
0.0
  0
SPLINE
  5
134
330
1F
100
AcDbEntity
  8
Layer 1
370
    25
100
AcDbSpline
210
0.0
220
0.0
230
1.0
 70
    24
 71
     3
 72
     8
 73
     4
 74
     0
 42
0.000000001
 43
0.0000000001
 40
0.0
 40
0.0
 40
0.0
 40
0.0
 40
1.0
 40
1.0
 40
1.0
 40
1.0
 10
-53.6928
 20
-2.0198
 30
0.0
 10
-53.6928
 20
-2.0198
 30
0.0
 10
-54.4928
 20
-2.0198
 30
0.0
 10
-54.4928
 20
-2.0198
 30
0.0
  0
SPLINE
  5
135
330
1F
100
AcDbEntity
  8
Layer 1
370
    25
100
AcDbSpline
210
0.0
220
0.0
230
1.0
 70
    24
 71
     3
 72
     8
 73
     4
 74
     0
 42
0.000000001
 43
0.0000000001
 40
0.0
 40
0.0
 40
0.0
 40
0.0
 40
1.0
 40
1.0
 40
1.0
 40
1.0
 10
-53.6928
 20
-2.3198
 30
0.0
 10
-53.6928
 20
-2.3198
 30
0.0
 10
-54.4928
 20
-2.3198
 30
0.0
 10
-54.4928
 20
-2.3198
 30
0.0
  0
SPLINE
  5
136
330
1F
100
AcDbEntity
  8
Layer 1
370
    25
100
AcDbSpline
210
0.0
220
0.0
230
1.0
 70
    24
 71
     3
 72
     8
 73
     4
 74
     0
 42
0.000000001
 43
0.0000000001
 40
0.0
 40
0.0
 40
0.0
 40
0.0
 40
1.0
 40
1.0
 40
1.0
 40
1.0
 10
-54.4928
 20
-2.3198
 30
0.0
 10
-54.4928
 20
-2.3198
 30
0.0
 10
-54.4928
 20
-2.0198
 30
0.0
 10
-54.4928
 20
-2.0198
 30
0.0
  0
SPLINE
  5
137
330
1F
100
AcDbEntity
  8
Layer 1
370
    25
100
AcDbSpline
210
0.0
220
0.0
230
1.0
 70
    24
 71
     3
 72
     8
 73
     4
 74
     0
 42
0.000000001
 43
0.0000000001
 40
0.0
 40
0.0
 40
0.0
 40
0.0
 40
1.0
 40
1.0
 40
1.0
 40
1.0
 10
-53.6928
 20
-1.0198
 30
0.0
 10
-53.6928
 20
-1.0198
 30
0.0
 10
-53.6928
 20
-0.7198
 30
0.0
 10
-53.6928
 20
-0.7198
 30
0.0
  0
SPLINE
  5
138
330
1F
100
AcDbEntity
  8
Layer 1
370
    25
100
AcDbSpline
210
0.0
220
0.0
230
1.0
 70
    24
 71
     3
 72
     8
 73
     4
 74
     0
 42
0.000000001
 43
0.0000000001
 40
0.0
 40
0.0
 40
0.0
 40
0.0
 40
1.0
 40
1.0
 40
1.0
 40
1.0
 10
-54.4928
 20
-1.0198
 30
0.0
 10
-54.4928
 20
-1.0198
 30
0.0
 10
-54.4928
 20
-0.7198
 30
0.0
 10
-54.4928
 20
-0.7198
 30
0.0
  0
SPLINE
  5
139
330
1F
100
AcDbEntity
  8
Layer 1
370
    25
100
AcDbSpline
210
0.0
220
0.0
230
1.0
 70
    24
 71
     3
 72
     8
 73
     4
 74
     0
 42
0.000000001
 43
0.0000000001
 40
0.0
 40
0.0
 40
0.0
 40
0.0
 40
1.0
 40
1.0
 40
1.0
 40
1.0
 10
-53.6928
 20
-0.7198
 30
0.0
 10
-53.6928
 20
-0.7198
 30
0.0
 10
-54.4928
 20
-0.7198
 30
0.0
 10
-54.4928
 20
-0.7198
 30
0.0
  0
SPLINE
  5
13A
330
1F
100
AcDbEntity
  8
Layer 1
370
    25
100
AcDbSpline
210
0.0
220
0.0
230
1.0
 70
    24
 71
     3
 72
     8
 73
     4
 74
     0
 42
0.000000001
 43
0.0000000001
 40
0.0
 40
0.0
 40
0.0
 40
0.0
 40
1.0
 40
1.0
 40
1.0
 40
1.0
 10
-53.6928
 20
-1.0198
 30
0.0
 10
-53.6928
 20
-1.0198
 30
0.0
 10
-54.4928
 20
-1.0198
 30
0.0
 10
-54.4928
 20
-1.0198
 30
0.0
  0
SPLINE
  5
13B
330
1F
100
AcDbEntity
  8
Layer 1
370
    25
100
AcDbSpline
210
0.0
220
0.0
230
1.0
 70
    24
 71
     3
 72
     8
 73
     4
 74
     0
 42
0.000000001
 43
0.0000000001
 40
0.0
 40
0.0
 40
0.0
 40
0.0
 40
1.0
 40
1.0
 40
1.0
 40
1.0
 10
-53.6928
 20
-2.3198
 30
0.0
 10
-53.6928
 20
-2.3198
 30
0.0
 10
-53.6928
 20
-2.0198
 30
0.0
 10
-53.6928
 20
-2.0198
 30
0.0
  0
SPLINE
  5
13C
330
1F
100
AcDbEntity
  8
Layer 1
370
    25
100
AcDbSpline
210
0.0
220
0.0
230
1.0
 70
    24
 71
     3
 72
     8
 73
     4
 74
     0
 42
0.000000001
 43
0.0000000001
 40
0.0
 40
0.0
 40
0.0
 40
0.0
 40
1.0
 40
1.0
 40
1.0
 40
1.0
 10
53.5237
 20
7.8982
 30
0.0
 10
53.5237
 20
7.8982
 30
0.0
 10
50.5237
 20
7.8982
 30
0.0
 10
50.5237
 20
7.8982
 30
0.0
  0
SPLINE
  5
13D
330
1F
100
AcDbEntity
  8
Layer 1
370
    25
100
AcDbSpline
210
0.0
220
0.0
230
1.0
 70
    24
 71
     3
 72
     8
 73
     4
 74
     0
 42
0.000000001
 43
0.0000000001
 40
0.0
 40
0.0
 40
0.0
 40
0.0
 40
1.0
 40
1.0
 40
1.0
 40
1.0
 10
50.5237
 20
4.8982
 30
0.0
 10
50.5237
 20
4.8982
 30
0.0
 10
53.5237
 20
4.8982
 30
0.0
 10
53.5237
 20
4.8982
 30
0.0
  0
SPLINE
  5
13E
330
1F
100
AcDbEntity
  8
Layer 1
370
    25
100
AcDbSpline
210
0.0
220
0.0
230
1.0
 70
    24
 71
     3
 72
     8
 73
     4
 74
     0
 42
0.000000001
 43
0.0000000001
 40
0.0
 40
0.0
 40
0.0
 40
0.0
 40
1.0
 40
1.0
 40
1.0
 40
1.0
 10
-60.4763
 20
-2.5298
 30
0.0
 10
-60.4763
 20
-2.5298
 30
0.0
 10
-60.4763
 20
-4.0233
 30
0.0
 10
-60.4763
 20
-4.0233
 30
0.0
  0
SPLINE
  5
13F
330
1F
100
AcDbEntity
  8
Layer 1
370
    25
100
AcDbSpline
210
0.0
220
0.0
230
1.0
 70
    24
 71
     3
 72
     8
 73
     4
 74
     0
 42
0.000000001
 43
0.0000000001
 40
0.0
 40
0.0
 40
0.0
 40
0.0
 40
1.0
 40
1.0
 40
1.0
 40
1.0
 10
56.145
 20
10.2769
 30
0.0
 10
56.145
 20
10.2769
 30
0.0
 10
54.9024
 20
11.5195
 30
0.0
 10
54.9024
 20
11.5195
 30
0.0
  0
SPLINE
  5
140
330
1F
100
AcDbEntity
  8
Layer 1
370
    25
100
AcDbSpline
210
0.0
220
0.0
230
1.0
 70
    24
 71
     3
 72
     8
 73
     4
 74
     0
 42
0.000000001
 43
0.0000000001
 40
0.0
 40
0.0
 40
0.0
 40
0.0
 40
1.0
 40
1.0
 40
1.0
 40
1.0
 10
57.0237
 20
3.1982
 30
0.0
 10
57.0237
 20
3.1982
 30
0.0
 10
57.0237
 20
8.1556
 30
0.0
 10
57.0237
 20
8.1556
 30
0.0
  0
SPLINE
  5
141
330
1F
100
AcDbEntity
  8
Layer 1
370
    25
100
AcDbSpline
210
0.0
220
0.0
230
1.0
 70
    24
 71
     3
 72
     8
 73
     4
 74
     0
 42
0.000000001
 43
0.0000000001
 40
0.0
 40
0.0
 40
0.0
 40
0.0
 40
1.0
 40
1.0
 40
1.0
 40
1.0
 10
42.5237
 20
2.1982
 30
0.0
 10
42.5237
 20
2.1982
 30
0.0
 10
56.0237
 20
2.1982
 30
0.0
 10
56.0237
 20
2.1982
 30
0.0
  0
SPLINE
  5
142
330
1F
100
AcDbEntity
  8
Layer 1
370
    25
100
AcDbSpline
210
0.0
220
0.0
230
1.0
 70
    24
 71
     3
 72
     8
 73
     4
 74
     0
 42
0.000000001
 43
0.0000000001
 40
0.0
 40
0.0
 40
0.0
 40
0.0
 40
1.0
 40
1.0
 40
1.0
 40
1.0
 10
41.5237
 20
-17.1018
 30
0.0
 10
41.5237
 20
-17.1018
 30
0.0
 10
41.5237
 20
1.1982
 30
0.0
 10
41.5237
 20
1.1982
 30
0.0
  0
SPLINE
  5
143
330
1F
100
AcDbEntity
  8
Layer 1
370
    25
100
AcDbSpline
210
0.0
220
0.0
230
1.0
 70
    24
 71
     3
 72
     8
 73
     4
 74
     0
 42
0.000000001
 43
0.0000000001
 40
0.0
 40
0.0
 40
0.0
 40
0.0
 40
1.0
 40
1.0
 40
1.0
 40
1.0
 10
-4.5527
 20
9.212
 30
0.0
 10
-4.5527
 20
9.212
 30
0.0
 10
-6.2699
 20
9.212
 30
0.0
 10
-6.2699
 20
9.212
 30
0.0
  0
SPLINE
  5
144
330
1F
100
AcDbEntity
  8
Layer 1
370
    25
100
AcDbSpline
210
0.0
220
0.0
230
1.0
 70
    24
 71
     3
 72
     8
 73
     4
 74
     0
 42
0.000000001
 43
0.0000000001
 40
0.0
 40
0.0
 40
0.0
 40
0.0
 40
1.0
 40
1.0
 40
1.0
 40
1.0
 10
-6.6941
 20
9.112
 30
0.0
 10
-6.6941
 20
9.112
 30
0.0
 10
-9.5113
 20
9.112
 30
0.0
 10
-9.5113
 20
9.112
 30
0.0
  0
SPLINE
  5
145
330
1F
100
AcDbEntity
  8
Layer 1
370
    25
100
AcDbSpline
210
0.0
220
0.0
230
1.0
 70
    24
 71
     3
 72
     8
 73
     4
 74
     0
 42
0.000000001
 43
0.0000000001
 40
0.0
 40
0.0
 40
0.0
 40
0.0
 40
1.0
 40
1.0
 40
1.0
 40
1.0
 10
-9.5113
 20
9.112
 30
0.0
 10
-9.5113
 20
9.112
 30
0.0
 10
-9.5113
 20
12.912
 30
0.0
 10
-9.5113
 20
12.912
 30
0.0
  0
SPLINE
  5
146
330
1F
100
AcDbEntity
  8
Layer 1
370
    25
100
AcDbSpline
210
0.0
220
0.0
230
1.0
 70
    24
 71
     3
 72
     8
 73
     4
 74
     0
 42
0.000000001
 43
0.0000000001
 40
0.0
 40
0.0
 40
0.0
 40
0.0
 40
1.0
 40
1.0
 40
1.0
 40
1.0
 10
-9.6133
 20
12.912
 30
0.0
 10
-9.6133
 20
12.912
 30
0.0
 10
-6.2113
 20
12.912
 30
0.0
 10
-6.2113
 20
12.912
 30
0.0
  0
SPLINE
  5
147
330
1F
100
AcDbEntity
  8
Layer 1
370
    25
100
AcDbSpline
210
0.0
220
0.0
230
1.0
 70
    24
 71
     3
 72
     8
 73
     4
 74
     0
 42
0.000000001
 43
0.0000000001
 40
0.0
 40
0.0
 40
0.0
 40
0.0
 40
1.0
 40
1.0
 40
1.0
 40
1.0
 10
-6.0613
 20
12.762
 30
0.0
 10
-6.0613
 20
12.762
 30
0.0
 10
-6.0613
 20
12.362
 30
0.0
 10
-6.0613
 20
12.362
 30
0.0
  0
SPLINE
  5
148
330
1F
100
AcDbEntity
  8
Layer 1
370
    25
100
AcDbSpline
210
0.0
220
0.0
230
1.0
 70
    24
 71
     3
 72
     8
 73
     4
 74
     0
 42
0.000000001
 43
0.0000000001
 40
0.0
 40
0.0
 40
0.0
 40
0.0
 40
1.0
 40
1.0
 40
1.0
 40
1.0
 10
-5.9113
 20
12.212
 30
0.0
 10
-5.9113
 20
12.212
 30
0.0
 10
-4.9113
 20
12.212
 30
0.0
 10
-4.9113
 20
12.212
 30
0.0
  0
SPLINE
  5
149
330
1F
100
AcDbEntity
  8
Layer 1
370
    25
100
AcDbSpline
210
0.0
220
0.0
230
1.0
 70
    24
 71
     3
 72
     8
 73
     4
 74
     0
 42
0.000000001
 43
0.0000000001
 40
0.0
 40
0.0
 40
0.0
 40
0.0
 40
1.0
 40
1.0
 40
1.0
 40
1.0
 10
-4.7613
 20
12.362
 30
0.0
 10
-4.7613
 20
12.362
 30
0.0
 10
-4.7613
 20
12.762
 30
0.0
 10
-4.7613
 20
12.762
 30
0.0
  0
SPLINE
  5
14A
330
1F
100
AcDbEntity
  8
Layer 1
370
    25
100
AcDbSpline
210
0.0
220
0.0
230
1.0
 70
    24
 71
     3
 72
     8
 73
     4
 74
     0
 42
0.000000001
 43
0.0000000001
 40
0.0
 40
0.0
 40
0.0
 40
0.0
 40
1.0
 40
1.0
 40
1.0
 40
1.0
 10
-4.6113
 20
12.912
 30
0.0
 10
-4.6113
 20
12.912
 30
0.0
 10
-1.2093
 20
12.912
 30
0.0
 10
-1.2093
 20
12.912
 30
0.0
  0
SPLINE
  5
14B
330
1F
100
AcDbEntity
  8
Layer 1
370
    25
100
AcDbSpline
210
0.0
220
0.0
230
1.0
 70
    24
 71
     3
 72
     8
 73
     4
 74
     0
 42
0.000000001
 43
0.0000000001
 40
0.0
 40
0.0
 40
0.0
 40
0.0
 40
1.0
 40
1.0
 40
1.0
 40
1.0
 10
-1.3113
 20
12.912
 30
0.0
 10
-1.3113
 20
12.912
 30
0.0
 10
-1.3113
 20
9.112
 30
0.0
 10
-1.3113
 20
9.112
 30
0.0
  0
SPLINE
  5
14C
330
1F
100
AcDbEntity
  8
Layer 1
370
    25
100
AcDbSpline
210
0.0
220
0.0
230
1.0
 70
    24
 71
     3
 72
     8
 73
     4
 74
     0
 42
0.000000001
 43
0.0000000001
 40
0.0
 40
0.0
 40
0.0
 40
0.0
 40
1.0
 40
1.0
 40
1.0
 40
1.0
 10
-1.3113
 20
9.112
 30
0.0
 10
-1.3113
 20
9.112
 30
0.0
 10
-4.1284
 20
9.112
 30
0.0
 10
-4.1284
 20
9.112
 30
0.0
  0
SPLINE
  5
14D
330
1F
100
AcDbEntity
  8
Layer 1
370
    25
100
AcDbSpline
210
0.0
220
0.0
230
1.0
 70
    24
 71
     3
 72
     8
 73
     4
 74
     0
 42
0.000000001
 43
0.0000000001
 40
0.0
 40
0.0
 40
0.0
 40
0.0
 40
1.0
 40
1.0
 40
1.0
 40
1.0
 10
-10.4113
 20
9.112
 30
0.0
 10
-10.4113
 20
9.112
 30
0.0
 10
-10.4113
 20
12.912
 30
0.0
 10
-10.4113
 20
12.912
 30
0.0
  0
SPLINE
  5
14E
330
1F
100
AcDbEntity
  8
Layer 1
370
    25
100
AcDbSpline
210
0.0
220
0.0
230
1.0
 70
    24
 71
     3
 72
     8
 73
     4
 74
     0
 42
0.000000001
 43
0.0000000001
 40
0.0
 40
0.0
 40
0.0
 40
0.0
 40
1.0
 40
1.0
 40
1.0
 40
1.0
 10
-0.4113
 20
12.912
 30
0.0
 10
-0.4113
 20
12.912
 30
0.0
 10
-0.4113
 20
9.112
 30
0.0
 10
-0.4113
 20
9.112
 30
0.0
  0
SPLINE
  5
14F
330
1F
100
AcDbEntity
  8
Layer 1
370
    25
100
AcDbSpline
210
0.0
220
0.0
230
1.0
 70
    24
 71
     3
 72
     8
 73
     4
 74
     0
 42
0.000000001
 43
0.0000000001
 40
0.0
 40
0.0
 40
0.0
 40
0.0
 40
1.0
 40
1.0
 40
1.0
 40
1.0
 10
-6.2613
 20
9.162
 30
0.0
 10
-6.2613
 20
9.162
 30
0.0
 10
-4.5613
 20
9.162
 30
0.0
 10
-4.5613
 20
9.162
 30
0.0
  0
SPLINE
  5
150
330
1F
100
AcDbEntity
  8
Layer 1
370
    25
100
AcDbSpline
210
0.0
220
0.0
230
1.0
 70
    24
 71
     3
 72
     8
 73
     4
 74
     0
 42
0.000000001
 43
0.0000000001
 40
0.0
 40
0.0
 40
0.0
 40
0.0
 40
1.0
 40
1.0
 40
1.0
 40
1.0
 10
-1.3741
 20
9.042
 30
0.0
 10
-1.3741
 20
9.042
 30
0.0
 10
-1.2613
 20
9.042
 30
0.0
 10
-1.2613
 20
9.042
 30
0.0
  0
SPLINE
  5
151
330
1F
100
AcDbEntity
  8
Layer 1
370
    25
100
AcDbSpline
210
0.0
220
0.0
230
1.0
 70
    24
 71
     3
 72
     8
 73
     4
 74
     0
 42
0.000000001
 43
0.0000000001
 40
0.0
 40
0.0
 40
0.0
 40
0.0
 40
1.0
 40
1.0
 40
1.0
 40
1.0
 10
-9.5813
 20
9.012
 30
0.0
 10
-9.5813
 20
9.012
 30
0.0
 10
-9.5813
 20
9.112
 30
0.0
 10
-9.5813
 20
9.112
 30
0.0
  0
SPLINE
  5
152
330
1F
100
AcDbEntity
  8
Layer 1
370
    25
100
AcDbSpline
210
0.0
220
0.0
230
1.0
 70
    24
 71
     3
 72
     8
 73
     4
 74
     0
 42
0.000000001
 43
0.0000000001
 40
0.0
 40
0.0
 40
0.0
 40
0.0
 40
1.0
 40
1.0
 40
1.0
 40
1.0
 10
-1.2413
 20
9.112
 30
0.0
 10
-1.2413
 20
9.112
 30
0.0
 10
-1.2413
 20
9.012
 30
0.0
 10
-1.2413
 20
9.012
 30
0.0
  0
SPLINE
  5
153
330
1F
100
AcDbEntity
  8
Layer 1
370
    25
100
AcDbSpline
210
0.0
220
0.0
230
1.0
 70
    24
 71
     3
 72
     8
 73
     4
 74
     0
 42
0.000000001
 43
0.0000000001
 40
0.0
 40
0.0
 40
0.0
 40
0.0
 40
1.0
 40
1.0
 40
1.0
 40
1.0
 10
-3.5613
 20
7.5479
 30
0.0
 10
-3.5613
 20
7.5479
 30
0.0
 10
-3.7613
 20
7.5479
 30
0.0
 10
-3.7613
 20
7.5479
 30
0.0
  0
SPLINE
  5
154
330
1F
100
AcDbEntity
  8
Layer 1
370
    25
100
AcDbSpline
210
0.0
220
0.0
230
1.0
 70
    24
 71
     3
 72
     8
 73
     4
 74
     0
 42
0.000000001
 43
0.0000000001
 40
0.0
 40
0.0
 40
0.0
 40
0.0
 40
1.0
 40
1.0
 40
1.0
 40
1.0
 10
-3.7613
 20
8.012
 30
0.0
 10
-3.7613
 20
8.012
 30
0.0
 10
-3.7613
 20
7.5479
 30
0.0
 10
-3.7613
 20
7.5479
 30
0.0
  0
SPLINE
  5
155
330
1F
100
AcDbEntity
  8
Layer 1
370
    25
100
AcDbSpline
210
0.0
220
0.0
230
1.0
 70
    24
 71
     3
 72
     8
 73
     4
 74
     0
 42
0.000000001
 43
0.0000000001
 40
0.0
 40
0.0
 40
0.0
 40
0.0
 40
1.0
 40
1.0
 40
1.0
 40
1.0
 10
-3.5613
 20
7.5479
 30
0.0
 10
-3.5613
 20
7.5479
 30
0.0
 10
-3.5613
 20
8.012
 30
0.0
 10
-3.5613
 20
8.012
 30
0.0
  0
SPLINE
  5
156
330
1F
100
AcDbEntity
  8
Layer 1
370
    25
100
AcDbSpline
210
0.0
220
0.0
230
1.0
 70
    24
 71
     3
 72
     8
 73
     4
 74
     0
 42
0.000000001
 43
0.0000000001
 40
0.0
 40
0.0
 40
0.0
 40
0.0
 40
1.0
 40
1.0
 40
1.0
 40
1.0
 10
-3.7613
 20
6.932
 30
0.0
 10
-3.7613
 20
6.932
 30
0.0
 10
-3.5613
 20
6.932
 30
0.0
 10
-3.5613
 20
6.932
 30
0.0
  0
SPLINE
  5
157
330
1F
100
AcDbEntity
  8
Layer 1
370
    25
100
AcDbSpline
210
0.0
220
0.0
230
1.0
 70
    24
 71
     3
 72
     8
 73
     4
 74
     0
 42
0.000000001
 43
0.0000000001
 40
0.0
 40
0.0
 40
0.0
 40
0.0
 40
1.0
 40
1.0
 40
1.0
 40
1.0
 10
-3.5613
 20
7.412
 30
0.0
 10
-3.5613
 20
7.412
 30
0.0
 10
-3.7613
 20
7.412
 30
0.0
 10
-3.7613
 20
7.412
 30
0.0
  0
SPLINE
  5
158
330
1F
100
AcDbEntity
  8
Layer 1
370
    25
100
AcDbSpline
210
0.0
220
0.0
230
1.0
 70
    24
 71
     3
 72
     8
 73
     4
 74
     0
 42
0.000000001
 43
0.0000000001
 40
0.0
 40
0.0
 40
0.0
 40
0.0
 40
1.0
 40
1.0
 40
1.0
 40
1.0
 10
-3.7613
 20
7.412
 30
0.0
 10
-3.7613
 20
7.412
 30
0.0
 10
-3.7613
 20
6.912
 30
0.0
 10
-3.7613
 20
6.912
 30
0.0
  0
SPLINE
  5
159
330
1F
100
AcDbEntity
  8
Layer 1
370
    25
100
AcDbSpline
210
0.0
220
0.0
230
1.0
 70
    24
 71
     3
 72
     8
 73
     4
 74
     0
 42
0.000000001
 43
0.0000000001
 40
0.0
 40
0.0
 40
0.0
 40
0.0
 40
1.0
 40
1.0
 40
1.0
 40
1.0
 10
-3.5613
 20
6.912
 30
0.0
 10
-3.5613
 20
6.912
 30
0.0
 10
-3.5613
 20
7.412
 30
0.0
 10
-3.5613
 20
7.412
 30
0.0
  0
SPLINE
  5
15A
330
1F
100
AcDbEntity
  8
Layer 1
370
    25
100
AcDbSpline
210
0.0
220
0.0
230
1.0
 70
    24
 71
     3
 72
     8
 73
     4
 74
     0
 42
0.000000001
 43
0.0000000001
 40
0.0
 40
0.0
 40
0.0
 40
0.0
 40
1.0
 40
1.0
 40
1.0
 40
1.0
 10
-3.5613
 20
6.912
 30
0.0
 10
-3.5613
 20
6.912
 30
0.0
 10
-3.7613
 20
6.912
 30
0.0
 10
-3.7613
 20
6.912
 30
0.0
  0
SPLINE
  5
15B
330
1F
100
AcDbEntity
  8
Layer 1
370
    25
100
AcDbSpline
210
0.0
220
0.0
230
1.0
 70
    24
 71
     3
 72
     8
 73
     4
 74
     0
 42
0.000000001
 43
0.0000000001
 40
0.0
 40
0.0
 40
0.0
 40
0.0
 40
1.0
 40
1.0
 40
1.0
 40
1.0
 10
-3.2213
 20
7.5479
 30
0.0
 10
-3.2213
 20
7.5479
 30
0.0
 10
-3.0213
 20
7.5479
 30
0.0
 10
-3.0213
 20
7.5479
 30
0.0
  0
SPLINE
  5
15C
330
1F
100
AcDbEntity
  8
Layer 1
370
    25
100
AcDbSpline
210
0.0
220
0.0
230
1.0
 70
    24
 71
     3
 72
     8
 73
     4
 74
     0
 42
0.000000001
 43
0.0000000001
 40
0.0
 40
0.0
 40
0.0
 40
0.0
 40
1.0
 40
1.0
 40
1.0
 40
1.0
 10
-3.2213
 20
8.012
 30
0.0
 10
-3.2213
 20
8.012
 30
0.0
 10
-3.2213
 20
7.5479
 30
0.0
 10
-3.2213
 20
7.5479
 30
0.0
  0
SPLINE
  5
15D
330
1F
100
AcDbEntity
  8
Layer 1
370
    25
100
AcDbSpline
210
0.0
220
0.0
230
1.0
 70
    24
 71
     3
 72
     8
 73
     4
 74
     0
 42
0.000000001
 43
0.0000000001
 40
0.0
 40
0.0
 40
0.0
 40
0.0
 40
1.0
 40
1.0
 40
1.0
 40
1.0
 10
-3.0213
 20
7.5479
 30
0.0
 10
-3.0213
 20
7.5479
 30
0.0
 10
-3.0213
 20
8.012
 30
0.0
 10
-3.0213
 20
8.012
 30
0.0
  0
SPLINE
  5
15E
330
1F
100
AcDbEntity
  8
Layer 1
370
    25
100
AcDbSpline
210
0.0
220
0.0
230
1.0
 70
    24
 71
     3
 72
     8
 73
     4
 74
     0
 42
0.000000001
 43
0.0000000001
 40
0.0
 40
0.0
 40
0.0
 40
0.0
 40
1.0
 40
1.0
 40
1.0
 40
1.0
 10
-3.2213
 20
6.932
 30
0.0
 10
-3.2213
 20
6.932
 30
0.0
 10
-3.0213
 20
6.932
 30
0.0
 10
-3.0213
 20
6.932
 30
0.0
  0
SPLINE
  5
15F
330
1F
100
AcDbEntity
  8
Layer 1
370
    25
100
AcDbSpline
210
0.0
220
0.0
230
1.0
 70
    24
 71
     3
 72
     8
 73
     4
 74
     0
 42
0.000000001
 43
0.0000000001
 40
0.0
 40
0.0
 40
0.0
 40
0.0
 40
1.0
 40
1.0
 40
1.0
 40
1.0
 10
-3.2213
 20
7.412
 30
0.0
 10
-3.2213
 20
7.412
 30
0.0
 10
-3.0213
 20
7.412
 30
0.0
 10
-3.0213
 20
7.412
 30
0.0
  0
SPLINE
  5
160
330
1F
100
AcDbEntity
  8
Layer 1
370
    25
100
AcDbSpline
210
0.0
220
0.0
230
1.0
 70
    24
 71
     3
 72
     8
 73
     4
 74
     0
 42
0.000000001
 43
0.0000000001
 40
0.0
 40
0.0
 40
0.0
 40
0.0
 40
1.0
 40
1.0
 40
1.0
 40
1.0
 10
-3.2213
 20
7.412
 30
0.0
 10
-3.2213
 20
7.412
 30
0.0
 10
-3.2213
 20
6.912
 30
0.0
 10
-3.2213
 20
6.912
 30
0.0
  0
SPLINE
  5
161
330
1F
100
AcDbEntity
  8
Layer 1
370
    25
100
AcDbSpline
210
0.0
220
0.0
230
1.0
 70
    24
 71
     3
 72
     8
 73
     4
 74
     0
 42
0.000000001
 43
0.0000000001
 40
0.0
 40
0.0
 40
0.0
 40
0.0
 40
1.0
 40
1.0
 40
1.0
 40
1.0
 10
-3.0213
 20
6.912
 30
0.0
 10
-3.0213
 20
6.912
 30
0.0
 10
-3.0213
 20
7.412
 30
0.0
 10
-3.0213
 20
7.412
 30
0.0
  0
SPLINE
  5
162
330
1F
100
AcDbEntity
  8
Layer 1
370
    25
100
AcDbSpline
210
0.0
220
0.0
230
1.0
 70
    24
 71
     3
 72
     8
 73
     4
 74
     0
 42
0.000000001
 43
0.0000000001
 40
0.0
 40
0.0
 40
0.0
 40
0.0
 40
1.0
 40
1.0
 40
1.0
 40
1.0
 10
-3.2213
 20
6.912
 30
0.0
 10
-3.2213
 20
6.912
 30
0.0
 10
-3.0213
 20
6.912
 30
0.0
 10
-3.0213
 20
6.912
 30
0.0
  0
SPLINE
  5
163
330
1F
100
AcDbEntity
  8
Layer 1
370
    25
100
AcDbSpline
210
0.0
220
0.0
230
1.0
 70
    24
 71
     3
 72
     8
 73
     4
 74
     0
 42
0.000000001
 43
0.0000000001
 40
0.0
 40
0.0
 40
0.0
 40
0.0
 40
1.0
 40
1.0
 40
1.0
 40
1.0
 10
-6.0613
 20
7.5479
 30
0.0
 10
-6.0613
 20
7.5479
 30
0.0
 10
-6.2613
 20
7.5479
 30
0.0
 10
-6.2613
 20
7.5479
 30
0.0
  0
SPLINE
  5
164
330
1F
100
AcDbEntity
  8
Layer 1
370
    25
100
AcDbSpline
210
0.0
220
0.0
230
1.0
 70
    24
 71
     3
 72
     8
 73
     4
 74
     0
 42
0.000000001
 43
0.0000000001
 40
0.0
 40
0.0
 40
0.0
 40
0.0
 40
1.0
 40
1.0
 40
1.0
 40
1.0
 10
-6.0613
 20
7.5479
 30
0.0
 10
-6.0613
 20
7.5479
 30
0.0
 10
-6.0613
 20
8.012
 30
0.0
 10
-6.0613
 20
8.012
 30
0.0
  0
SPLINE
  5
165
330
1F
100
AcDbEntity
  8
Layer 1
370
    25
100
AcDbSpline
210
0.0
220
0.0
230
1.0
 70
    24
 71
     3
 72
     8
 73
     4
 74
     0
 42
0.000000001
 43
0.0000000001
 40
0.0
 40
0.0
 40
0.0
 40
0.0
 40
1.0
 40
1.0
 40
1.0
 40
1.0
 10
-6.2613
 20
8.012
 30
0.0
 10
-6.2613
 20
8.012
 30
0.0
 10
-6.2613
 20
7.5479
 30
0.0
 10
-6.2613
 20
7.5479
 30
0.0
  0
SPLINE
  5
166
330
1F
100
AcDbEntity
  8
Layer 1
370
    25
100
AcDbSpline
210
0.0
220
0.0
230
1.0
 70
    24
 71
     3
 72
     8
 73
     4
 74
     0
 42
0.000000001
 43
0.0000000001
 40
0.0
 40
0.0
 40
0.0
 40
0.0
 40
1.0
 40
1.0
 40
1.0
 40
1.0
 10
-6.2613
 20
6.932
 30
0.0
 10
-6.2613
 20
6.932
 30
0.0
 10
-6.0613
 20
6.932
 30
0.0
 10
-6.0613
 20
6.932
 30
0.0
  0
SPLINE
  5
167
330
1F
100
AcDbEntity
  8
Layer 1
370
    25
100
AcDbSpline
210
0.0
220
0.0
230
1.0
 70
    24
 71
     3
 72
     8
 73
     4
 74
     0
 42
0.000000001
 43
0.0000000001
 40
0.0
 40
0.0
 40
0.0
 40
0.0
 40
1.0
 40
1.0
 40
1.0
 40
1.0
 10
-6.0613
 20
7.412
 30
0.0
 10
-6.0613
 20
7.412
 30
0.0
 10
-6.2613
 20
7.412
 30
0.0
 10
-6.2613
 20
7.412
 30
0.0
  0
SPLINE
  5
168
330
1F
100
AcDbEntity
  8
Layer 1
370
    25
100
AcDbSpline
210
0.0
220
0.0
230
1.0
 70
    24
 71
     3
 72
     8
 73
     4
 74
     0
 42
0.000000001
 43
0.0000000001
 40
0.0
 40
0.0
 40
0.0
 40
0.0
 40
1.0
 40
1.0
 40
1.0
 40
1.0
 10
-6.0613
 20
6.912
 30
0.0
 10
-6.0613
 20
6.912
 30
0.0
 10
-6.0613
 20
7.412
 30
0.0
 10
-6.0613
 20
7.412
 30
0.0
  0
SPLINE
  5
169
330
1F
100
AcDbEntity
  8
Layer 1
370
    25
100
AcDbSpline
210
0.0
220
0.0
230
1.0
 70
    24
 71
     3
 72
     8
 73
     4
 74
     0
 42
0.000000001
 43
0.0000000001
 40
0.0
 40
0.0
 40
0.0
 40
0.0
 40
1.0
 40
1.0
 40
1.0
 40
1.0
 10
-6.2613
 20
7.412
 30
0.0
 10
-6.2613
 20
7.412
 30
0.0
 10
-6.2613
 20
6.912
 30
0.0
 10
-6.2613
 20
6.912
 30
0.0
  0
SPLINE
  5
16A
330
1F
100
AcDbEntity
  8
Layer 1
370
    25
100
AcDbSpline
210
0.0
220
0.0
230
1.0
 70
    24
 71
     3
 72
     8
 73
     4
 74
     0
 42
0.000000001
 43
0.0000000001
 40
0.0
 40
0.0
 40
0.0
 40
0.0
 40
1.0
 40
1.0
 40
1.0
 40
1.0
 10
-6.2613
 20
6.912
 30
0.0
 10
-6.2613
 20
6.912
 30
0.0
 10
-6.0613
 20
6.912
 30
0.0
 10
-6.0613
 20
6.912
 30
0.0
  0
SPLINE
  5
16B
330
1F
100
AcDbEntity
  8
Layer 1
370
    25
100
AcDbSpline
210
0.0
220
0.0
230
1.0
 70
    24
 71
     3
 72
     8
 73
     4
 74
     0
 42
0.000000001
 43
0.0000000001
 40
0.0
 40
0.0
 40
0.0
 40
0.0
 40
1.0
 40
1.0
 40
1.0
 40
1.0
 10
-8.8213
 20
7.5479
 30
0.0
 10
-8.8213
 20
7.5479
 30
0.0
 10
-8.6213
 20
7.5479
 30
0.0
 10
-8.6213
 20
7.5479
 30
0.0
  0
SPLINE
  5
16C
330
1F
100
AcDbEntity
  8
Layer 1
370
    25
100
AcDbSpline
210
0.0
220
0.0
230
1.0
 70
    24
 71
     3
 72
     8
 73
     4
 74
     0
 42
0.000000001
 43
0.0000000001
 40
0.0
 40
0.0
 40
0.0
 40
0.0
 40
1.0
 40
1.0
 40
1.0
 40
1.0
 10
-8.6213
 20
7.5479
 30
0.0
 10
-8.6213
 20
7.5479
 30
0.0
 10
-8.6213
 20
8.012
 30
0.0
 10
-8.6213
 20
8.012
 30
0.0
  0
SPLINE
  5
16D
330
1F
100
AcDbEntity
  8
Layer 1
370
    25
100
AcDbSpline
210
0.0
220
0.0
230
1.0
 70
    24
 71
     3
 72
     8
 73
     4
 74
     0
 42
0.000000001
 43
0.0000000001
 40
0.0
 40
0.0
 40
0.0
 40
0.0
 40
1.0
 40
1.0
 40
1.0
 40
1.0
 10
-8.8213
 20
8.012
 30
0.0
 10
-8.8213
 20
8.012
 30
0.0
 10
-8.8213
 20
7.5479
 30
0.0
 10
-8.8213
 20
7.5479
 30
0.0
  0
SPLINE
  5
16E
330
1F
100
AcDbEntity
  8
Layer 1
370
    25
100
AcDbSpline
210
0.0
220
0.0
230
1.0
 70
    24
 71
     3
 72
     8
 73
     4
 74
     0
 42
0.000000001
 43
0.0000000001
 40
0.0
 40
0.0
 40
0.0
 40
0.0
 40
1.0
 40
1.0
 40
1.0
 40
1.0
 10
-8.8213
 20
6.932
 30
0.0
 10
-8.8213
 20
6.932
 30
0.0
 10
-8.6213
 20
6.932
 30
0.0
 10
-8.6213
 20
6.932
 30
0.0
  0
SPLINE
  5
16F
330
1F
100
AcDbEntity
  8
Layer 1
370
    25
100
AcDbSpline
210
0.0
220
0.0
230
1.0
 70
    24
 71
     3
 72
     8
 73
     4
 74
     0
 42
0.000000001
 43
0.0000000001
 40
0.0
 40
0.0
 40
0.0
 40
0.0
 40
1.0
 40
1.0
 40
1.0
 40
1.0
 10
-8.8213
 20
7.412
 30
0.0
 10
-8.8213
 20
7.412
 30
0.0
 10
-8.6213
 20
7.412
 30
0.0
 10
-8.6213
 20
7.412
 30
0.0
  0
SPLINE
  5
170
330
1F
100
AcDbEntity
  8
Layer 1
370
    25
100
AcDbSpline
210
0.0
220
0.0
230
1.0
 70
    24
 71
     3
 72
     8
 73
     4
 74
     0
 42
0.000000001
 43
0.0000000001
 40
0.0
 40
0.0
 40
0.0
 40
0.0
 40
1.0
 40
1.0
 40
1.0
 40
1.0
 10
-8.6213
 20
6.912
 30
0.0
 10
-8.6213
 20
6.912
 30
0.0
 10
-8.6213
 20
7.412
 30
0.0
 10
-8.6213
 20
7.412
 30
0.0
  0
SPLINE
  5
171
330
1F
100
AcDbEntity
  8
Layer 1
370
    25
100
AcDbSpline
210
0.0
220
0.0
230
1.0
 70
    24
 71
     3
 72
     8
 73
     4
 74
     0
 42
0.000000001
 43
0.0000000001
 40
0.0
 40
0.0
 40
0.0
 40
0.0
 40
1.0
 40
1.0
 40
1.0
 40
1.0
 10
-8.8213
 20
7.412
 30
0.0
 10
-8.8213
 20
7.412
 30
0.0
 10
-8.8213
 20
6.912
 30
0.0
 10
-8.8213
 20
6.912
 30
0.0
  0
SPLINE
  5
172
330
1F
100
AcDbEntity
  8
Layer 1
370
    25
100
AcDbSpline
210
0.0
220
0.0
230
1.0
 70
    24
 71
     3
 72
     8
 73
     4
 74
     0
 42
0.000000001
 43
0.0000000001
 40
0.0
 40
0.0
 40
0.0
 40
0.0
 40
1.0
 40
1.0
 40
1.0
 40
1.0
 10
-8.6213
 20
6.912
 30
0.0
 10
-8.6213
 20
6.912
 30
0.0
 10
-8.8213
 20
6.912
 30
0.0
 10
-8.8213
 20
6.912
 30
0.0
  0
SPLINE
  5
173
330
1F
100
AcDbEntity
  8
Layer 1
370
    25
100
AcDbSpline
210
0.0
220
0.0
230
1.0
 70
    24
 71
     3
 72
     8
 73
     4
 74
     0
 42
0.000000001
 43
0.0000000001
 40
0.0
 40
0.0
 40
0.0
 40
0.0
 40
1.0
 40
1.0
 40
1.0
 40
1.0
 10
-6.7613
 20
7.5479
 30
0.0
 10
-6.7613
 20
7.5479
 30
0.0
 10
-6.5613
 20
7.5479
 30
0.0
 10
-6.5613
 20
7.5479
 30
0.0
  0
SPLINE
  5
174
330
1F
100
AcDbEntity
  8
Layer 1
370
    25
100
AcDbSpline
210
0.0
220
0.0
230
1.0
 70
    24
 71
     3
 72
     8
 73
     4
 74
     0
 42
0.000000001
 43
0.0000000001
 40
0.0
 40
0.0
 40
0.0
 40
0.0
 40
1.0
 40
1.0
 40
1.0
 40
1.0
 10
-6.5613
 20
7.5479
 30
0.0
 10
-6.5613
 20
7.5479
 30
0.0
 10
-6.5613
 20
8.012
 30
0.0
 10
-6.5613
 20
8.012
 30
0.0
  0
SPLINE
  5
175
330
1F
100
AcDbEntity
  8
Layer 1
370
    25
100
AcDbSpline
210
0.0
220
0.0
230
1.0
 70
    24
 71
     3
 72
     8
 73
     4
 74
     0
 42
0.000000001
 43
0.0000000001
 40
0.0
 40
0.0
 40
0.0
 40
0.0
 40
1.0
 40
1.0
 40
1.0
 40
1.0
 10
-6.7613
 20
8.012
 30
0.0
 10
-6.7613
 20
8.012
 30
0.0
 10
-6.7613
 20
7.5479
 30
0.0
 10
-6.7613
 20
7.5479
 30
0.0
  0
SPLINE
  5
176
330
1F
100
AcDbEntity
  8
Layer 1
370
    25
100
AcDbSpline
210
0.0
220
0.0
230
1.0
 70
    24
 71
     3
 72
     8
 73
     4
 74
     0
 42
0.000000001
 43
0.0000000001
 40
0.0
 40
0.0
 40
0.0
 40
0.0
 40
1.0
 40
1.0
 40
1.0
 40
1.0
 10
-6.7613
 20
6.932
 30
0.0
 10
-6.7613
 20
6.932
 30
0.0
 10
-6.5613
 20
6.932
 30
0.0
 10
-6.5613
 20
6.932
 30
0.0
  0
SPLINE
  5
177
330
1F
100
AcDbEntity
  8
Layer 1
370
    25
100
AcDbSpline
210
0.0
220
0.0
230
1.0
 70
    24
 71
     3
 72
     8
 73
     4
 74
     0
 42
0.000000001
 43
0.0000000001
 40
0.0
 40
0.0
 40
0.0
 40
0.0
 40
1.0
 40
1.0
 40
1.0
 40
1.0
 10
-6.7613
 20
7.412
 30
0.0
 10
-6.7613
 20
7.412
 30
0.0
 10
-6.5613
 20
7.412
 30
0.0
 10
-6.5613
 20
7.412
 30
0.0
  0
SPLINE
  5
178
330
1F
100
AcDbEntity
  8
Layer 1
370
    25
100
AcDbSpline
210
0.0
220
0.0
230
1.0
 70
    24
 71
     3
 72
     8
 73
     4
 74
     0
 42
0.000000001
 43
0.0000000001
 40
0.0
 40
0.0
 40
0.0
 40
0.0
 40
1.0
 40
1.0
 40
1.0
 40
1.0
 10
-6.5613
 20
6.912
 30
0.0
 10
-6.5613
 20
6.912
 30
0.0
 10
-6.5613
 20
7.412
 30
0.0
 10
-6.5613
 20
7.412
 30
0.0
  0
SPLINE
  5
179
330
1F
100
AcDbEntity
  8
Layer 1
370
    25
100
AcDbSpline
210
0.0
220
0.0
230
1.0
 70
    24
 71
     3
 72
     8
 73
     4
 74
     0
 42
0.000000001
 43
0.0000000001
 40
0.0
 40
0.0
 40
0.0
 40
0.0
 40
1.0
 40
1.0
 40
1.0
 40
1.0
 10
-6.7613
 20
7.412
 30
0.0
 10
-6.7613
 20
7.412
 30
0.0
 10
-6.7613
 20
6.912
 30
0.0
 10
-6.7613
 20
6.912
 30
0.0
  0
SPLINE
  5
17A
330
1F
100
AcDbEntity
  8
Layer 1
370
    25
100
AcDbSpline
210
0.0
220
0.0
230
1.0
 70
    24
 71
     3
 72
     8
 73
     4
 74
     0
 42
0.000000001
 43
0.0000000001
 40
0.0
 40
0.0
 40
0.0
 40
0.0
 40
1.0
 40
1.0
 40
1.0
 40
1.0
 10
-6.5613
 20
6.912
 30
0.0
 10
-6.5613
 20
6.912
 30
0.0
 10
-6.7613
 20
6.912
 30
0.0
 10
-6.7613
 20
6.912
 30
0.0
  0
SPLINE
  5
17B
330
1F
100
AcDbEntity
  8
Layer 1
370
    25
100
AcDbSpline
210
0.0
220
0.0
230
1.0
 70
    24
 71
     3
 72
     8
 73
     4
 74
     0
 42
0.000000001
 43
0.0000000001
 40
0.0
 40
0.0
 40
0.0
 40
0.0
 40
1.0
 40
1.0
 40
1.0
 40
1.0
 10
-2.0013
 20
7.5479
 30
0.0
 10
-2.0013
 20
7.5479
 30
0.0
 10
-2.2013
 20
7.5479
 30
0.0
 10
-2.2013
 20
7.5479
 30
0.0
  0
SPLINE
  5
17C
330
1F
100
AcDbEntity
  8
Layer 1
370
    25
100
AcDbSpline
210
0.0
220
0.0
230
1.0
 70
    24
 71
     3
 72
     8
 73
     4
 74
     0
 42
0.000000001
 43
0.0000000001
 40
0.0
 40
0.0
 40
0.0
 40
0.0
 40
1.0
 40
1.0
 40
1.0
 40
1.0
 10
-2.2013
 20
8.012
 30
0.0
 10
-2.2013
 20
8.012
 30
0.0
 10
-2.2013
 20
7.5479
 30
0.0
 10
-2.2013
 20
7.5479
 30
0.0
  0
SPLINE
  5
17D
330
1F
100
AcDbEntity
  8
Layer 1
370
    25
100
AcDbSpline
210
0.0
220
0.0
230
1.0
 70
    24
 71
     3
 72
     8
 73
     4
 74
     0
 42
0.000000001
 43
0.0000000001
 40
0.0
 40
0.0
 40
0.0
 40
0.0
 40
1.0
 40
1.0
 40
1.0
 40
1.0
 10
-2.0013
 20
7.5479
 30
0.0
 10
-2.0013
 20
7.5479
 30
0.0
 10
-2.0013
 20
8.012
 30
0.0
 10
-2.0013
 20
8.012
 30
0.0
  0
SPLINE
  5
17E
330
1F
100
AcDbEntity
  8
Layer 1
370
    25
100
AcDbSpline
210
0.0
220
0.0
230
1.0
 70
    24
 71
     3
 72
     8
 73
     4
 74
     0
 42
0.000000001
 43
0.0000000001
 40
0.0
 40
0.0
 40
0.0
 40
0.0
 40
1.0
 40
1.0
 40
1.0
 40
1.0
 10
-2.2013
 20
6.932
 30
0.0
 10
-2.2013
 20
6.932
 30
0.0
 10
-2.0013
 20
6.932
 30
0.0
 10
-2.0013
 20
6.932
 30
0.0
  0
SPLINE
  5
17F
330
1F
100
AcDbEntity
  8
Layer 1
370
    25
100
AcDbSpline
210
0.0
220
0.0
230
1.0
 70
    24
 71
     3
 72
     8
 73
     4
 74
     0
 42
0.000000001
 43
0.0000000001
 40
0.0
 40
0.0
 40
0.0
 40
0.0
 40
1.0
 40
1.0
 40
1.0
 40
1.0
 10
-2.0013
 20
7.412
 30
0.0
 10
-2.0013
 20
7.412
 30
0.0
 10
-2.2013
 20
7.412
 30
0.0
 10
-2.2013
 20
7.412
 30
0.0
  0
SPLINE
  5
180
330
1F
100
AcDbEntity
  8
Layer 1
370
    25
100
AcDbSpline
210
0.0
220
0.0
230
1.0
 70
    24
 71
     3
 72
     8
 73
     4
 74
     0
 42
0.000000001
 43
0.0000000001
 40
0.0
 40
0.0
 40
0.0
 40
0.0
 40
1.0
 40
1.0
 40
1.0
 40
1.0
 10
-2.2013
 20
7.412
 30
0.0
 10
-2.2013
 20
7.412
 30
0.0
 10
-2.2013
 20
6.912
 30
0.0
 10
-2.2013
 20
6.912
 30
0.0
  0
SPLINE
  5
181
330
1F
100
AcDbEntity
  8
Layer 1
370
    25
100
AcDbSpline
210
0.0
220
0.0
230
1.0
 70
    24
 71
     3
 72
     8
 73
     4
 74
     0
 42
0.000000001
 43
0.0000000001
 40
0.0
 40
0.0
 40
0.0
 40
0.0
 40
1.0
 40
1.0
 40
1.0
 40
1.0
 10
-2.0013
 20
6.912
 30
0.0
 10
-2.0013
 20
6.912
 30
0.0
 10
-2.0013
 20
7.412
 30
0.0
 10
-2.0013
 20
7.412
 30
0.0
  0
SPLINE
  5
182
330
1F
100
AcDbEntity
  8
Layer 1
370
    25
100
AcDbSpline
210
0.0
220
0.0
230
1.0
 70
    24
 71
     3
 72
     8
 73
     4
 74
     0
 42
0.000000001
 43
0.0000000001
 40
0.0
 40
0.0
 40
0.0
 40
0.0
 40
1.0
 40
1.0
 40
1.0
 40
1.0
 10
-2.0013
 20
6.912
 30
0.0
 10
-2.0013
 20
6.912
 30
0.0
 10
-2.2013
 20
6.912
 30
0.0
 10
-2.2013
 20
6.912
 30
0.0
  0
SPLINE
  5
183
330
1F
100
AcDbEntity
  8
Layer 1
370
    25
100
AcDbSpline
210
0.0
220
0.0
230
1.0
 70
    24
 71
     3
 72
     8
 73
     4
 74
     0
 42
0.000000001
 43
0.0000000001
 40
0.0
 40
0.0
 40
0.0
 40
0.0
 40
1.0
 40
1.0
 40
1.0
 40
1.0
 10
-4.2613
 20
7.5479
 30
0.0
 10
-4.2613
 20
7.5479
 30
0.0
 10
-4.0613
 20
7.5479
 30
0.0
 10
-4.0613
 20
7.5479
 30
0.0
  0
SPLINE
  5
184
330
1F
100
AcDbEntity
  8
Layer 1
370
    25
100
AcDbSpline
210
0.0
220
0.0
230
1.0
 70
    24
 71
     3
 72
     8
 73
     4
 74
     0
 42
0.000000001
 43
0.0000000001
 40
0.0
 40
0.0
 40
0.0
 40
0.0
 40
1.0
 40
1.0
 40
1.0
 40
1.0
 10
-4.2613
 20
8.012
 30
0.0
 10
-4.2613
 20
8.012
 30
0.0
 10
-4.2613
 20
7.5479
 30
0.0
 10
-4.2613
 20
7.5479
 30
0.0
  0
SPLINE
  5
185
330
1F
100
AcDbEntity
  8
Layer 1
370
    25
100
AcDbSpline
210
0.0
220
0.0
230
1.0
 70
    24
 71
     3
 72
     8
 73
     4
 74
     0
 42
0.000000001
 43
0.0000000001
 40
0.0
 40
0.0
 40
0.0
 40
0.0
 40
1.0
 40
1.0
 40
1.0
 40
1.0
 10
-4.0613
 20
7.5479
 30
0.0
 10
-4.0613
 20
7.5479
 30
0.0
 10
-4.0613
 20
8.012
 30
0.0
 10
-4.0613
 20
8.012
 30
0.0
  0
SPLINE
  5
186
330
1F
100
AcDbEntity
  8
Layer 1
370
    25
100
AcDbSpline
210
0.0
220
0.0
230
1.0
 70
    24
 71
     3
 72
     8
 73
     4
 74
     0
 42
0.000000001
 43
0.0000000001
 40
0.0
 40
0.0
 40
0.0
 40
0.0
 40
1.0
 40
1.0
 40
1.0
 40
1.0
 10
-4.2613
 20
6.932
 30
0.0
 10
-4.2613
 20
6.932
 30
0.0
 10
-4.0613
 20
6.932
 30
0.0
 10
-4.0613
 20
6.932
 30
0.0
  0
SPLINE
  5
187
330
1F
100
AcDbEntity
  8
Layer 1
370
    25
100
AcDbSpline
210
0.0
220
0.0
230
1.0
 70
    24
 71
     3
 72
     8
 73
     4
 74
     0
 42
0.000000001
 43
0.0000000001
 40
0.0
 40
0.0
 40
0.0
 40
0.0
 40
1.0
 40
1.0
 40
1.0
 40
1.0
 10
-4.2613
 20
7.412
 30
0.0
 10
-4.2613
 20
7.412
 30
0.0
 10
-4.0613
 20
7.412
 30
0.0
 10
-4.0613
 20
7.412
 30
0.0
  0
SPLINE
  5
188
330
1F
100
AcDbEntity
  8
Layer 1
370
    25
100
AcDbSpline
210
0.0
220
0.0
230
1.0
 70
    24
 71
     3
 72
     8
 73
     4
 74
     0
 42
0.000000001
 43
0.0000000001
 40
0.0
 40
0.0
 40
0.0
 40
0.0
 40
1.0
 40
1.0
 40
1.0
 40
1.0
 10
-4.2613
 20
7.412
 30
0.0
 10
-4.2613
 20
7.412
 30
0.0
 10
-4.2613
 20
6.912
 30
0.0
 10
-4.2613
 20
6.912
 30
0.0
  0
SPLINE
  5
189
330
1F
100
AcDbEntity
  8
Layer 1
370
    25
100
AcDbSpline
210
0.0
220
0.0
230
1.0
 70
    24
 71
     3
 72
     8
 73
     4
 74
     0
 42
0.000000001
 43
0.0000000001
 40
0.0
 40
0.0
 40
0.0
 40
0.0
 40
1.0
 40
1.0
 40
1.0
 40
1.0
 10
-4.0613
 20
6.912
 30
0.0
 10
-4.0613
 20
6.912
 30
0.0
 10
-4.0613
 20
7.412
 30
0.0
 10
-4.0613
 20
7.412
 30
0.0
  0
SPLINE
  5
18A
330
1F
100
AcDbEntity
  8
Layer 1
370
    25
100
AcDbSpline
210
0.0
220
0.0
230
1.0
 70
    24
 71
     3
 72
     8
 73
     4
 74
     0
 42
0.000000001
 43
0.0000000001
 40
0.0
 40
0.0
 40
0.0
 40
0.0
 40
1.0
 40
1.0
 40
1.0
 40
1.0
 10
-4.2613
 20
6.912
 30
0.0
 10
-4.2613
 20
6.912
 30
0.0
 10
-4.0613
 20
6.912
 30
0.0
 10
-4.0613
 20
6.912
 30
0.0
  0
SPLINE
  5
18B
330
1F
100
AcDbEntity
  8
Layer 1
370
    25
100
AcDbSpline
210
0.0
220
0.0
230
1.0
 70
    24
 71
     3
 72
     8
 73
     4
 74
     0
 42
0.000000001
 43
0.0000000001
 40
0.0
 40
0.0
 40
0.0
 40
0.0
 40
1.0
 40
1.0
 40
1.0
 40
1.0
 10
-4.7613
 20
7.5479
 30
0.0
 10
-4.7613
 20
7.5479
 30
0.0
 10
-4.5613
 20
7.5479
 30
0.0
 10
-4.5613
 20
7.5479
 30
0.0
  0
SPLINE
  5
18C
330
1F
100
AcDbEntity
  8
Layer 1
370
    25
100
AcDbSpline
210
0.0
220
0.0
230
1.0
 70
    24
 71
     3
 72
     8
 73
     4
 74
     0
 42
0.000000001
 43
0.0000000001
 40
0.0
 40
0.0
 40
0.0
 40
0.0
 40
1.0
 40
1.0
 40
1.0
 40
1.0
 10
-4.7613
 20
8.012
 30
0.0
 10
-4.7613
 20
8.012
 30
0.0
 10
-4.7613
 20
7.5479
 30
0.0
 10
-4.7613
 20
7.5479
 30
0.0
  0
SPLINE
  5
18D
330
1F
100
AcDbEntity
  8
Layer 1
370
    25
100
AcDbSpline
210
0.0
220
0.0
230
1.0
 70
    24
 71
     3
 72
     8
 73
     4
 74
     0
 42
0.000000001
 43
0.0000000001
 40
0.0
 40
0.0
 40
0.0
 40
0.0
 40
1.0
 40
1.0
 40
1.0
 40
1.0
 10
-4.5613
 20
7.5479
 30
0.0
 10
-4.5613
 20
7.5479
 30
0.0
 10
-4.5613
 20
8.012
 30
0.0
 10
-4.5613
 20
8.012
 30
0.0
  0
SPLINE
  5
18E
330
1F
100
AcDbEntity
  8
Layer 1
370
    25
100
AcDbSpline
210
0.0
220
0.0
230
1.0
 70
    24
 71
     3
 72
     8
 73
     4
 74
     0
 42
0.000000001
 43
0.0000000001
 40
0.0
 40
0.0
 40
0.0
 40
0.0
 40
1.0
 40
1.0
 40
1.0
 40
1.0
 10
-4.7613
 20
6.932
 30
0.0
 10
-4.7613
 20
6.932
 30
0.0
 10
-4.5613
 20
6.932
 30
0.0
 10
-4.5613
 20
6.932
 30
0.0
  0
SPLINE
  5
18F
330
1F
100
AcDbEntity
  8
Layer 1
370
    25
100
AcDbSpline
210
0.0
220
0.0
230
1.0
 70
    24
 71
     3
 72
     8
 73
     4
 74
     0
 42
0.000000001
 43
0.0000000001
 40
0.0
 40
0.0
 40
0.0
 40
0.0
 40
1.0
 40
1.0
 40
1.0
 40
1.0
 10
-4.7613
 20
7.412
 30
0.0
 10
-4.7613
 20
7.412
 30
0.0
 10
-4.5613
 20
7.412
 30
0.0
 10
-4.5613
 20
7.412
 30
0.0
  0
SPLINE
  5
190
330
1F
100
AcDbEntity
  8
Layer 1
370
    25
100
AcDbSpline
210
0.0
220
0.0
230
1.0
 70
    24
 71
     3
 72
     8
 73
     4
 74
     0
 42
0.000000001
 43
0.0000000001
 40
0.0
 40
0.0
 40
0.0
 40
0.0
 40
1.0
 40
1.0
 40
1.0
 40
1.0
 10
-4.7613
 20
7.412
 30
0.0
 10
-4.7613
 20
7.412
 30
0.0
 10
-4.7613
 20
6.912
 30
0.0
 10
-4.7613
 20
6.912
 30
0.0
  0
SPLINE
  5
191
330
1F
100
AcDbEntity
  8
Layer 1
370
    25
100
AcDbSpline
210
0.0
220
0.0
230
1.0
 70
    24
 71
     3
 72
     8
 73
     4
 74
     0
 42
0.000000001
 43
0.0000000001
 40
0.0
 40
0.0
 40
0.0
 40
0.0
 40
1.0
 40
1.0
 40
1.0
 40
1.0
 10
-4.5613
 20
6.912
 30
0.0
 10
-4.5613
 20
6.912
 30
0.0
 10
-4.5613
 20
7.412
 30
0.0
 10
-4.5613
 20
7.412
 30
0.0
  0
SPLINE
  5
192
330
1F
100
AcDbEntity
  8
Layer 1
370
    25
100
AcDbSpline
210
0.0
220
0.0
230
1.0
 70
    24
 71
     3
 72
     8
 73
     4
 74
     0
 42
0.000000001
 43
0.0000000001
 40
0.0
 40
0.0
 40
0.0
 40
0.0
 40
1.0
 40
1.0
 40
1.0
 40
1.0
 10
-4.5613
 20
6.912
 30
0.0
 10
-4.5613
 20
6.912
 30
0.0
 10
-4.7613
 20
6.912
 30
0.0
 10
-4.7613
 20
6.912
 30
0.0
  0
SPLINE
  5
193
330
1F
100
AcDbEntity
  8
Layer 1
370
    25
100
AcDbSpline
210
0.0
220
0.0
230
1.0
 70
    24
 71
     3
 72
     8
 73
     4
 74
     0
 42
0.000000001
 43
0.0000000001
 40
0.0
 40
0.0
 40
0.0
 40
0.0
 40
1.0
 40
1.0
 40
1.0
 40
1.0
 10
-7.2613
 20
7.5479
 30
0.0
 10
-7.2613
 20
7.5479
 30
0.0
 10
-7.0613
 20
7.5479
 30
0.0
 10
-7.0613
 20
7.5479
 30
0.0
  0
SPLINE
  5
194
330
1F
100
AcDbEntity
  8
Layer 1
370
    25
100
AcDbSpline
210
0.0
220
0.0
230
1.0
 70
    24
 71
     3
 72
     8
 73
     4
 74
     0
 42
0.000000001
 43
0.0000000001
 40
0.0
 40
0.0
 40
0.0
 40
0.0
 40
1.0
 40
1.0
 40
1.0
 40
1.0
 10
-7.0613
 20
7.5479
 30
0.0
 10
-7.0613
 20
7.5479
 30
0.0
 10
-7.0613
 20
8.012
 30
0.0
 10
-7.0613
 20
8.012
 30
0.0
  0
SPLINE
  5
195
330
1F
100
AcDbEntity
  8
Layer 1
370
    25
100
AcDbSpline
210
0.0
220
0.0
230
1.0
 70
    24
 71
     3
 72
     8
 73
     4
 74
     0
 42
0.000000001
 43
0.0000000001
 40
0.0
 40
0.0
 40
0.0
 40
0.0
 40
1.0
 40
1.0
 40
1.0
 40
1.0
 10
-7.2613
 20
8.012
 30
0.0
 10
-7.2613
 20
8.012
 30
0.0
 10
-7.2613
 20
7.5479
 30
0.0
 10
-7.2613
 20
7.5479
 30
0.0
  0
SPLINE
  5
196
330
1F
100
AcDbEntity
  8
Layer 1
370
    25
100
AcDbSpline
210
0.0
220
0.0
230
1.0
 70
    24
 71
     3
 72
     8
 73
     4
 74
     0
 42
0.000000001
 43
0.0000000001
 40
0.0
 40
0.0
 40
0.0
 40
0.0
 40
1.0
 40
1.0
 40
1.0
 40
1.0
 10
-7.2613
 20
6.932
 30
0.0
 10
-7.2613
 20
6.932
 30
0.0
 10
-7.0613
 20
6.932
 30
0.0
 10
-7.0613
 20
6.932
 30
0.0
  0
SPLINE
  5
197
330
1F
100
AcDbEntity
  8
Layer 1
370
    25
100
AcDbSpline
210
0.0
220
0.0
230
1.0
 70
    24
 71
     3
 72
     8
 73
     4
 74
     0
 42
0.000000001
 43
0.0000000001
 40
0.0
 40
0.0
 40
0.0
 40
0.0
 40
1.0
 40
1.0
 40
1.0
 40
1.0
 10
-7.2613
 20
7.412
 30
0.0
 10
-7.2613
 20
7.412
 30
0.0
 10
-7.0613
 20
7.412
 30
0.0
 10
-7.0613
 20
7.412
 30
0.0
  0
SPLINE
  5
198
330
1F
100
AcDbEntity
  8
Layer 1
370
    25
100
AcDbSpline
210
0.0
220
0.0
230
1.0
 70
    24
 71
     3
 72
     8
 73
     4
 74
     0
 42
0.000000001
 43
0.0000000001
 40
0.0
 40
0.0
 40
0.0
 40
0.0
 40
1.0
 40
1.0
 40
1.0
 40
1.0
 10
-7.0613
 20
6.912
 30
0.0
 10
-7.0613
 20
6.912
 30
0.0
 10
-7.0613
 20
7.412
 30
0.0
 10
-7.0613
 20
7.412
 30
0.0
  0
SPLINE
  5
199
330
1F
100
AcDbEntity
  8
Layer 1
370
    25
100
AcDbSpline
210
0.0
220
0.0
230
1.0
 70
    24
 71
     3
 72
     8
 73
     4
 74
     0
 42
0.000000001
 43
0.0000000001
 40
0.0
 40
0.0
 40
0.0
 40
0.0
 40
1.0
 40
1.0
 40
1.0
 40
1.0
 10
-7.2613
 20
7.412
 30
0.0
 10
-7.2613
 20
7.412
 30
0.0
 10
-7.2613
 20
6.912
 30
0.0
 10
-7.2613
 20
6.912
 30
0.0
  0
SPLINE
  5
19A
330
1F
100
AcDbEntity
  8
Layer 1
370
    25
100
AcDbSpline
210
0.0
220
0.0
230
1.0
 70
    24
 71
     3
 72
     8
 73
     4
 74
     0
 42
0.000000001
 43
0.0000000001
 40
0.0
 40
0.0
 40
0.0
 40
0.0
 40
1.0
 40
1.0
 40
1.0
 40
1.0
 10
-7.0613
 20
6.912
 30
0.0
 10
-7.0613
 20
6.912
 30
0.0
 10
-7.2613
 20
6.912
 30
0.0
 10
-7.2613
 20
6.912
 30
0.0
  0
SPLINE
  5
19B
330
1F
100
AcDbEntity
  8
Layer 1
370
    25
100
AcDbSpline
210
0.0
220
0.0
230
1.0
 70
    24
 71
     3
 72
     8
 73
     4
 74
     0
 42
0.000000001
 43
0.0000000001
 40
0.0
 40
0.0
 40
0.0
 40
0.0
 40
1.0
 40
1.0
 40
1.0
 40
1.0
 10
-8.6013
 20
7.5479
 30
0.0
 10
-8.6013
 20
7.5479
 30
0.0
 10
-8.4013
 20
7.5479
 30
0.0
 10
-8.4013
 20
7.5479
 30
0.0
  0
SPLINE
  5
19C
330
1F
100
AcDbEntity
  8
Layer 1
370
    25
100
AcDbSpline
210
0.0
220
0.0
230
1.0
 70
    24
 71
     3
 72
     8
 73
     4
 74
     0
 42
0.000000001
 43
0.0000000001
 40
0.0
 40
0.0
 40
0.0
 40
0.0
 40
1.0
 40
1.0
 40
1.0
 40
1.0
 10
-8.4013
 20
7.5479
 30
0.0
 10
-8.4013
 20
7.5479
 30
0.0
 10
-8.4013
 20
8.012
 30
0.0
 10
-8.4013
 20
8.012
 30
0.0
  0
SPLINE
  5
19D
330
1F
100
AcDbEntity
  8
Layer 1
370
    25
100
AcDbSpline
210
0.0
220
0.0
230
1.0
 70
    24
 71
     3
 72
     8
 73
     4
 74
     0
 42
0.000000001
 43
0.0000000001
 40
0.0
 40
0.0
 40
0.0
 40
0.0
 40
1.0
 40
1.0
 40
1.0
 40
1.0
 10
-8.6013
 20
8.012
 30
0.0
 10
-8.6013
 20
8.012
 30
0.0
 10
-8.6013
 20
7.5479
 30
0.0
 10
-8.6013
 20
7.5479
 30
0.0
  0
SPLINE
  5
19E
330
1F
100
AcDbEntity
  8
Layer 1
370
    25
100
AcDbSpline
210
0.0
220
0.0
230
1.0
 70
    24
 71
     3
 72
     8
 73
     4
 74
     0
 42
0.000000001
 43
0.0000000001
 40
0.0
 40
0.0
 40
0.0
 40
0.0
 40
1.0
 40
1.0
 40
1.0
 40
1.0
 10
-8.6013
 20
6.932
 30
0.0
 10
-8.6013
 20
6.932
 30
0.0
 10
-8.4013
 20
6.932
 30
0.0
 10
-8.4013
 20
6.932
 30
0.0
  0
SPLINE
  5
19F
330
1F
100
AcDbEntity
  8
Layer 1
370
    25
100
AcDbSpline
210
0.0
220
0.0
230
1.0
 70
    24
 71
     3
 72
     8
 73
     4
 74
     0
 42
0.000000001
 43
0.0000000001
 40
0.0
 40
0.0
 40
0.0
 40
0.0
 40
1.0
 40
1.0
 40
1.0
 40
1.0
 10
-8.6013
 20
7.412
 30
0.0
 10
-8.6013
 20
7.412
 30
0.0
 10
-8.4013
 20
7.412
 30
0.0
 10
-8.4013
 20
7.412
 30
0.0
  0
SPLINE
  5
1A0
330
1F
100
AcDbEntity
  8
Layer 1
370
    25
100
AcDbSpline
210
0.0
220
0.0
230
1.0
 70
    24
 71
     3
 72
     8
 73
     4
 74
     0
 42
0.000000001
 43
0.0000000001
 40
0.0
 40
0.0
 40
0.0
 40
0.0
 40
1.0
 40
1.0
 40
1.0
 40
1.0
 10
-8.4013
 20
6.912
 30
0.0
 10
-8.4013
 20
6.912
 30
0.0
 10
-8.4013
 20
7.412
 30
0.0
 10
-8.4013
 20
7.412
 30
0.0
  0
SPLINE
  5
1A1
330
1F
100
AcDbEntity
  8
Layer 1
370
    25
100
AcDbSpline
210
0.0
220
0.0
230
1.0
 70
    24
 71
     3
 72
     8
 73
     4
 74
     0
 42
0.000000001
 43
0.0000000001
 40
0.0
 40
0.0
 40
0.0
 40
0.0
 40
1.0
 40
1.0
 40
1.0
 40
1.0
 10
-8.6013
 20
7.412
 30
0.0
 10
-8.6013
 20
7.412
 30
0.0
 10
-8.6013
 20
6.912
 30
0.0
 10
-8.6013
 20
6.912
 30
0.0
  0
SPLINE
  5
1A2
330
1F
100
AcDbEntity
  8
Layer 1
370
    25
100
AcDbSpline
210
0.0
220
0.0
230
1.0
 70
    24
 71
     3
 72
     8
 73
     4
 74
     0
 42
0.000000001
 43
0.0000000001
 40
0.0
 40
0.0
 40
0.0
 40
0.0
 40
1.0
 40
1.0
 40
1.0
 40
1.0
 10
-8.4013
 20
6.912
 30
0.0
 10
-8.4013
 20
6.912
 30
0.0
 10
-8.6013
 20
6.912
 30
0.0
 10
-8.6013
 20
6.912
 30
0.0
  0
SPLINE
  5
1A3
330
1F
100
AcDbEntity
  8
Layer 1
370
    25
100
AcDbSpline
210
0.0
220
0.0
230
1.0
 70
    24
 71
     3
 72
     8
 73
     4
 74
     0
 42
0.000000001
 43
0.0000000001
 40
0.0
 40
0.0
 40
0.0
 40
0.0
 40
1.0
 40
1.0
 40
1.0
 40
1.0
 10
-8.0213
 20
7.5479
 30
0.0
 10
-8.0213
 20
7.5479
 30
0.0
 10
-7.8213
 20
7.5479
 30
0.0
 10
-7.8213
 20
7.5479
 30
0.0
  0
SPLINE
  5
1A4
330
1F
100
AcDbEntity
  8
Layer 1
370
    25
100
AcDbSpline
210
0.0
220
0.0
230
1.0
 70
    24
 71
     3
 72
     8
 73
     4
 74
     0
 42
0.000000001
 43
0.0000000001
 40
0.0
 40
0.0
 40
0.0
 40
0.0
 40
1.0
 40
1.0
 40
1.0
 40
1.0
 10
-7.8213
 20
7.5479
 30
0.0
 10
-7.8213
 20
7.5479
 30
0.0
 10
-7.8213
 20
8.012
 30
0.0
 10
-7.8213
 20
8.012
 30
0.0
  0
SPLINE
  5
1A5
330
1F
100
AcDbEntity
  8
Layer 1
370
    25
100
AcDbSpline
210
0.0
220
0.0
230
1.0
 70
    24
 71
     3
 72
     8
 73
     4
 74
     0
 42
0.000000001
 43
0.0000000001
 40
0.0
 40
0.0
 40
0.0
 40
0.0
 40
1.0
 40
1.0
 40
1.0
 40
1.0
 10
-8.0213
 20
8.012
 30
0.0
 10
-8.0213
 20
8.012
 30
0.0
 10
-8.0213
 20
7.5479
 30
0.0
 10
-8.0213
 20
7.5479
 30
0.0
  0
SPLINE
  5
1A6
330
1F
100
AcDbEntity
  8
Layer 1
370
    25
100
AcDbSpline
210
0.0
220
0.0
230
1.0
 70
    24
 71
     3
 72
     8
 73
     4
 74
     0
 42
0.000000001
 43
0.0000000001
 40
0.0
 40
0.0
 40
0.0
 40
0.0
 40
1.0
 40
1.0
 40
1.0
 40
1.0
 10
-8.0213
 20
6.932
 30
0.0
 10
-8.0213
 20
6.932
 30
0.0
 10
-7.8213
 20
6.932
 30
0.0
 10
-7.8213
 20
6.932
 30
0.0
  0
SPLINE
  5
1A7
330
1F
100
AcDbEntity
  8
Layer 1
370
    25
100
AcDbSpline
210
0.0
220
0.0
230
1.0
 70
    24
 71
     3
 72
     8
 73
     4
 74
     0
 42
0.000000001
 43
0.0000000001
 40
0.0
 40
0.0
 40
0.0
 40
0.0
 40
1.0
 40
1.0
 40
1.0
 40
1.0
 10
-8.0213
 20
7.412
 30
0.0
 10
-8.0213
 20
7.412
 30
0.0
 10
-7.8213
 20
7.412
 30
0.0
 10
-7.8213
 20
7.412
 30
0.0
  0
SPLINE
  5
1A8
330
1F
100
AcDbEntity
  8
Layer 1
370
    25
100
AcDbSpline
210
0.0
220
0.0
230
1.0
 70
    24
 71
     3
 72
     8
 73
     4
 74
     0
 42
0.000000001
 43
0.0000000001
 40
0.0
 40
0.0
 40
0.0
 40
0.0
 40
1.0
 40
1.0
 40
1.0
 40
1.0
 10
-7.8213
 20
6.912
 30
0.0
 10
-7.8213
 20
6.912
 30
0.0
 10
-7.8213
 20
7.412
 30
0.0
 10
-7.8213
 20
7.412
 30
0.0
  0
SPLINE
  5
1A9
330
1F
100
AcDbEntity
  8
Layer 1
370
    25
100
AcDbSpline
210
0.0
220
0.0
230
1.0
 70
    24
 71
     3
 72
     8
 73
     4
 74
     0
 42
0.000000001
 43
0.0000000001
 40
0.0
 40
0.0
 40
0.0
 40
0.0
 40
1.0
 40
1.0
 40
1.0
 40
1.0
 10
-8.0213
 20
7.412
 30
0.0
 10
-8.0213
 20
7.412
 30
0.0
 10
-8.0213
 20
6.912
 30
0.0
 10
-8.0213
 20
6.912
 30
0.0
  0
SPLINE
  5
1AA
330
1F
100
AcDbEntity
  8
Layer 1
370
    25
100
AcDbSpline
210
0.0
220
0.0
230
1.0
 70
    24
 71
     3
 72
     8
 73
     4
 74
     0
 42
0.000000001
 43
0.0000000001
 40
0.0
 40
0.0
 40
0.0
 40
0.0
 40
1.0
 40
1.0
 40
1.0
 40
1.0
 10
-7.8213
 20
6.912
 30
0.0
 10
-7.8213
 20
6.912
 30
0.0
 10
-8.0213
 20
6.912
 30
0.0
 10
-8.0213
 20
6.912
 30
0.0
  0
SPLINE
  5
1AB
330
1F
100
AcDbEntity
  8
Layer 1
370
    25
100
AcDbSpline
210
0.0
220
0.0
230
1.0
 70
    24
 71
     3
 72
     8
 73
     4
 74
     0
 42
0.000000001
 43
0.0000000001
 40
0.0
 40
0.0
 40
0.0
 40
0.0
 40
1.0
 40
1.0
 40
1.0
 40
1.0
 10
-2.2213
 20
7.5479
 30
0.0
 10
-2.2213
 20
7.5479
 30
0.0
 10
-2.4213
 20
7.5479
 30
0.0
 10
-2.4213
 20
7.5479
 30
0.0
  0
SPLINE
  5
1AC
330
1F
100
AcDbEntity
  8
Layer 1
370
    25
100
AcDbSpline
210
0.0
220
0.0
230
1.0
 70
    24
 71
     3
 72
     8
 73
     4
 74
     0
 42
0.000000001
 43
0.0000000001
 40
0.0
 40
0.0
 40
0.0
 40
0.0
 40
1.0
 40
1.0
 40
1.0
 40
1.0
 10
-2.4213
 20
8.012
 30
0.0
 10
-2.4213
 20
8.012
 30
0.0
 10
-2.4213
 20
7.5479
 30
0.0
 10
-2.4213
 20
7.5479
 30
0.0
  0
SPLINE
  5
1AD
330
1F
100
AcDbEntity
  8
Layer 1
370
    25
100
AcDbSpline
210
0.0
220
0.0
230
1.0
 70
    24
 71
     3
 72
     8
 73
     4
 74
     0
 42
0.000000001
 43
0.0000000001
 40
0.0
 40
0.0
 40
0.0
 40
0.0
 40
1.0
 40
1.0
 40
1.0
 40
1.0
 10
-2.2213
 20
7.5479
 30
0.0
 10
-2.2213
 20
7.5479
 30
0.0
 10
-2.2213
 20
8.012
 30
0.0
 10
-2.2213
 20
8.012
 30
0.0
  0
SPLINE
  5
1AE
330
1F
100
AcDbEntity
  8
Layer 1
370
    25
100
AcDbSpline
210
0.0
220
0.0
230
1.0
 70
    24
 71
     3
 72
     8
 73
     4
 74
     0
 42
0.000000001
 43
0.0000000001
 40
0.0
 40
0.0
 40
0.0
 40
0.0
 40
1.0
 40
1.0
 40
1.0
 40
1.0
 10
-2.4213
 20
6.932
 30
0.0
 10
-2.4213
 20
6.932
 30
0.0
 10
-2.2213
 20
6.932
 30
0.0
 10
-2.2213
 20
6.932
 30
0.0
  0
SPLINE
  5
1AF
330
1F
100
AcDbEntity
  8
Layer 1
370
    25
100
AcDbSpline
210
0.0
220
0.0
230
1.0
 70
    24
 71
     3
 72
     8
 73
     4
 74
     0
 42
0.000000001
 43
0.0000000001
 40
0.0
 40
0.0
 40
0.0
 40
0.0
 40
1.0
 40
1.0
 40
1.0
 40
1.0
 10
-2.2213
 20
7.412
 30
0.0
 10
-2.2213
 20
7.412
 30
0.0
 10
-2.4213
 20
7.412
 30
0.0
 10
-2.4213
 20
7.412
 30
0.0
  0
SPLINE
  5
1B0
330
1F
100
AcDbEntity
  8
Layer 1
370
    25
100
AcDbSpline
210
0.0
220
0.0
230
1.0
 70
    24
 71
     3
 72
     8
 73
     4
 74
     0
 42
0.000000001
 43
0.0000000001
 40
0.0
 40
0.0
 40
0.0
 40
0.0
 40
1.0
 40
1.0
 40
1.0
 40
1.0
 10
-2.4213
 20
7.412
 30
0.0
 10
-2.4213
 20
7.412
 30
0.0
 10
-2.4213
 20
6.912
 30
0.0
 10
-2.4213
 20
6.912
 30
0.0
  0
SPLINE
  5
1B1
330
1F
100
AcDbEntity
  8
Layer 1
370
    25
100
AcDbSpline
210
0.0
220
0.0
230
1.0
 70
    24
 71
     3
 72
     8
 73
     4
 74
     0
 42
0.000000001
 43
0.0000000001
 40
0.0
 40
0.0
 40
0.0
 40
0.0
 40
1.0
 40
1.0
 40
1.0
 40
1.0
 10
-2.2213
 20
6.912
 30
0.0
 10
-2.2213
 20
6.912
 30
0.0
 10
-2.2213
 20
7.412
 30
0.0
 10
-2.2213
 20
7.412
 30
0.0
  0
SPLINE
  5
1B2
330
1F
100
AcDbEntity
  8
Layer 1
370
    25
100
AcDbSpline
210
0.0
220
0.0
230
1.0
 70
    24
 71
     3
 72
     8
 73
     4
 74
     0
 42
0.000000001
 43
0.0000000001
 40
0.0
 40
0.0
 40
0.0
 40
0.0
 40
1.0
 40
1.0
 40
1.0
 40
1.0
 10
-2.2213
 20
6.912
 30
0.0
 10
-2.2213
 20
6.912
 30
0.0
 10
-2.4213
 20
6.912
 30
0.0
 10
-2.4213
 20
6.912
 30
0.0
  0
SPLINE
  5
1B3
330
1F
100
AcDbEntity
  8
Layer 1
370
    25
100
AcDbSpline
210
0.0
220
0.0
230
1.0
 70
    24
 71
     3
 72
     8
 73
     4
 74
     0
 42
0.000000001
 43
0.0000000001
 40
0.0
 40
0.0
 40
0.0
 40
0.0
 40
1.0
 40
1.0
 40
1.0
 40
1.0
 10
-5.7613
 20
7.5479
 30
0.0
 10
-5.7613
 20
7.5479
 30
0.0
 10
-5.5613
 20
7.5479
 30
0.0
 10
-5.5613
 20
7.5479
 30
0.0
  0
SPLINE
  5
1B4
330
1F
100
AcDbEntity
  8
Layer 1
370
    25
100
AcDbSpline
210
0.0
220
0.0
230
1.0
 70
    24
 71
     3
 72
     8
 73
     4
 74
     0
 42
0.000000001
 43
0.0000000001
 40
0.0
 40
0.0
 40
0.0
 40
0.0
 40
1.0
 40
1.0
 40
1.0
 40
1.0
 10
-5.5613
 20
7.5479
 30
0.0
 10
-5.5613
 20
7.5479
 30
0.0
 10
-5.5613
 20
8.012
 30
0.0
 10
-5.5613
 20
8.012
 30
0.0
  0
SPLINE
  5
1B5
330
1F
100
AcDbEntity
  8
Layer 1
370
    25
100
AcDbSpline
210
0.0
220
0.0
230
1.0
 70
    24
 71
     3
 72
     8
 73
     4
 74
     0
 42
0.000000001
 43
0.0000000001
 40
0.0
 40
0.0
 40
0.0
 40
0.0
 40
1.0
 40
1.0
 40
1.0
 40
1.0
 10
-5.7613
 20
8.012
 30
0.0
 10
-5.7613
 20
8.012
 30
0.0
 10
-5.7613
 20
7.5479
 30
0.0
 10
-5.7613
 20
7.5479
 30
0.0
  0
SPLINE
  5
1B6
330
1F
100
AcDbEntity
  8
Layer 1
370
    25
100
AcDbSpline
210
0.0
220
0.0
230
1.0
 70
    24
 71
     3
 72
     8
 73
     4
 74
     0
 42
0.000000001
 43
0.0000000001
 40
0.0
 40
0.0
 40
0.0
 40
0.0
 40
1.0
 40
1.0
 40
1.0
 40
1.0
 10
-5.7613
 20
6.932
 30
0.0
 10
-5.7613
 20
6.932
 30
0.0
 10
-5.5613
 20
6.932
 30
0.0
 10
-5.5613
 20
6.932
 30
0.0
  0
SPLINE
  5
1B7
330
1F
100
AcDbEntity
  8
Layer 1
370
    25
100
AcDbSpline
210
0.0
220
0.0
230
1.0
 70
    24
 71
     3
 72
     8
 73
     4
 74
     0
 42
0.000000001
 43
0.0000000001
 40
0.0
 40
0.0
 40
0.0
 40
0.0
 40
1.0
 40
1.0
 40
1.0
 40
1.0
 10
-5.7613
 20
7.412
 30
0.0
 10
-5.7613
 20
7.412
 30
0.0
 10
-5.5613
 20
7.412
 30
0.0
 10
-5.5613
 20
7.412
 30
0.0
  0
SPLINE
  5
1B8
330
1F
100
AcDbEntity
  8
Layer 1
370
    25
100
AcDbSpline
210
0.0
220
0.0
230
1.0
 70
    24
 71
     3
 72
     8
 73
     4
 74
     0
 42
0.000000001
 43
0.0000000001
 40
0.0
 40
0.0
 40
0.0
 40
0.0
 40
1.0
 40
1.0
 40
1.0
 40
1.0
 10
-5.5613
 20
6.912
 30
0.0
 10
-5.5613
 20
6.912
 30
0.0
 10
-5.5613
 20
7.412
 30
0.0
 10
-5.5613
 20
7.412
 30
0.0
  0
SPLINE
  5
1B9
330
1F
100
AcDbEntity
  8
Layer 1
370
    25
100
AcDbSpline
210
0.0
220
0.0
230
1.0
 70
    24
 71
     3
 72
     8
 73
     4
 74
     0
 42
0.000000001
 43
0.0000000001
 40
0.0
 40
0.0
 40
0.0
 40
0.0
 40
1.0
 40
1.0
 40
1.0
 40
1.0
 10
-5.7613
 20
7.412
 30
0.0
 10
-5.7613
 20
7.412
 30
0.0
 10
-5.7613
 20
6.912
 30
0.0
 10
-5.7613
 20
6.912
 30
0.0
  0
SPLINE
  5
1BA
330
1F
100
AcDbEntity
  8
Layer 1
370
    25
100
AcDbSpline
210
0.0
220
0.0
230
1.0
 70
    24
 71
     3
 72
     8
 73
     4
 74
     0
 42
0.000000001
 43
0.0000000001
 40
0.0
 40
0.0
 40
0.0
 40
0.0
 40
1.0
 40
1.0
 40
1.0
 40
1.0
 10
-5.5613
 20
6.912
 30
0.0
 10
-5.5613
 20
6.912
 30
0.0
 10
-5.7613
 20
6.912
 30
0.0
 10
-5.7613
 20
6.912
 30
0.0
  0
SPLINE
  5
1BB
330
1F
100
AcDbEntity
  8
Layer 1
370
    25
100
AcDbSpline
210
0.0
220
0.0
230
1.0
 70
    24
 71
     3
 72
     8
 73
     4
 74
     0
 42
0.000000001
 43
0.0000000001
 40
0.0
 40
0.0
 40
0.0
 40
0.0
 40
1.0
 40
1.0
 40
1.0
 40
1.0
 10
-7.8013
 20
7.5479
 30
0.0
 10
-7.8013
 20
7.5479
 30
0.0
 10
-7.6013
 20
7.5479
 30
0.0
 10
-7.6013
 20
7.5479
 30
0.0
  0
SPLINE
  5
1BC
330
1F
100
AcDbEntity
  8
Layer 1
370
    25
100
AcDbSpline
210
0.0
220
0.0
230
1.0
 70
    24
 71
     3
 72
     8
 73
     4
 74
     0
 42
0.000000001
 43
0.0000000001
 40
0.0
 40
0.0
 40
0.0
 40
0.0
 40
1.0
 40
1.0
 40
1.0
 40
1.0
 10
-7.6013
 20
7.5479
 30
0.0
 10
-7.6013
 20
7.5479
 30
0.0
 10
-7.6013
 20
8.012
 30
0.0
 10
-7.6013
 20
8.012
 30
0.0
  0
SPLINE
  5
1BD
330
1F
100
AcDbEntity
  8
Layer 1
370
    25
100
AcDbSpline
210
0.0
220
0.0
230
1.0
 70
    24
 71
     3
 72
     8
 73
     4
 74
     0
 42
0.000000001
 43
0.0000000001
 40
0.0
 40
0.0
 40
0.0
 40
0.0
 40
1.0
 40
1.0
 40
1.0
 40
1.0
 10
-7.8013
 20
8.012
 30
0.0
 10
-7.8013
 20
8.012
 30
0.0
 10
-7.8013
 20
7.5479
 30
0.0
 10
-7.8013
 20
7.5479
 30
0.0
  0
SPLINE
  5
1BE
330
1F
100
AcDbEntity
  8
Layer 1
370
    25
100
AcDbSpline
210
0.0
220
0.0
230
1.0
 70
    24
 71
     3
 72
     8
 73
     4
 74
     0
 42
0.000000001
 43
0.0000000001
 40
0.0
 40
0.0
 40
0.0
 40
0.0
 40
1.0
 40
1.0
 40
1.0
 40
1.0
 10
-7.8013
 20
6.932
 30
0.0
 10
-7.8013
 20
6.932
 30
0.0
 10
-7.6013
 20
6.932
 30
0.0
 10
-7.6013
 20
6.932
 30
0.0
  0
SPLINE
  5
1BF
330
1F
100
AcDbEntity
  8
Layer 1
370
    25
100
AcDbSpline
210
0.0
220
0.0
230
1.0
 70
    24
 71
     3
 72
     8
 73
     4
 74
     0
 42
0.000000001
 43
0.0000000001
 40
0.0
 40
0.0
 40
0.0
 40
0.0
 40
1.0
 40
1.0
 40
1.0
 40
1.0
 10
-7.8013
 20
7.412
 30
0.0
 10
-7.8013
 20
7.412
 30
0.0
 10
-7.6013
 20
7.412
 30
0.0
 10
-7.6013
 20
7.412
 30
0.0
  0
SPLINE
  5
1C0
330
1F
100
AcDbEntity
  8
Layer 1
370
    25
100
AcDbSpline
210
0.0
220
0.0
230
1.0
 70
    24
 71
     3
 72
     8
 73
     4
 74
     0
 42
0.000000001
 43
0.0000000001
 40
0.0
 40
0.0
 40
0.0
 40
0.0
 40
1.0
 40
1.0
 40
1.0
 40
1.0
 10
-7.6013
 20
6.912
 30
0.0
 10
-7.6013
 20
6.912
 30
0.0
 10
-7.6013
 20
7.412
 30
0.0
 10
-7.6013
 20
7.412
 30
0.0
  0
SPLINE
  5
1C1
330
1F
100
AcDbEntity
  8
Layer 1
370
    25
100
AcDbSpline
210
0.0
220
0.0
230
1.0
 70
    24
 71
     3
 72
     8
 73
     4
 74
     0
 42
0.000000001
 43
0.0000000001
 40
0.0
 40
0.0
 40
0.0
 40
0.0
 40
1.0
 40
1.0
 40
1.0
 40
1.0
 10
-7.8013
 20
7.412
 30
0.0
 10
-7.8013
 20
7.412
 30
0.0
 10
-7.8013
 20
6.912
 30
0.0
 10
-7.8013
 20
6.912
 30
0.0
  0
SPLINE
  5
1C2
330
1F
100
AcDbEntity
  8
Layer 1
370
    25
100
AcDbSpline
210
0.0
220
0.0
230
1.0
 70
    24
 71
     3
 72
     8
 73
     4
 74
     0
 42
0.000000001
 43
0.0000000001
 40
0.0
 40
0.0
 40
0.0
 40
0.0
 40
1.0
 40
1.0
 40
1.0
 40
1.0
 10
-7.6013
 20
6.912
 30
0.0
 10
-7.6013
 20
6.912
 30
0.0
 10
-7.8013
 20
6.912
 30
0.0
 10
-7.8013
 20
6.912
 30
0.0
  0
SPLINE
  5
1C3
330
1F
100
AcDbEntity
  8
Layer 1
370
    25
100
AcDbSpline
210
0.0
220
0.0
230
1.0
 70
    24
 71
     3
 72
     8
 73
     4
 74
     0
 42
0.000000001
 43
0.0000000001
 40
0.0
 40
0.0
 40
0.0
 40
0.0
 40
1.0
 40
1.0
 40
1.0
 40
1.0
 10
-2.8013
 20
7.5479
 30
0.0
 10
-2.8013
 20
7.5479
 30
0.0
 10
-3.0013
 20
7.5479
 30
0.0
 10
-3.0013
 20
7.5479
 30
0.0
  0
SPLINE
  5
1C4
330
1F
100
AcDbEntity
  8
Layer 1
370
    25
100
AcDbSpline
210
0.0
220
0.0
230
1.0
 70
    24
 71
     3
 72
     8
 73
     4
 74
     0
 42
0.000000001
 43
0.0000000001
 40
0.0
 40
0.0
 40
0.0
 40
0.0
 40
1.0
 40
1.0
 40
1.0
 40
1.0
 10
-3.0013
 20
8.012
 30
0.0
 10
-3.0013
 20
8.012
 30
0.0
 10
-3.0013
 20
7.5479
 30
0.0
 10
-3.0013
 20
7.5479
 30
0.0
  0
SPLINE
  5
1C5
330
1F
100
AcDbEntity
  8
Layer 1
370
    25
100
AcDbSpline
210
0.0
220
0.0
230
1.0
 70
    24
 71
     3
 72
     8
 73
     4
 74
     0
 42
0.000000001
 43
0.0000000001
 40
0.0
 40
0.0
 40
0.0
 40
0.0
 40
1.0
 40
1.0
 40
1.0
 40
1.0
 10
-2.8013
 20
7.5479
 30
0.0
 10
-2.8013
 20
7.5479
 30
0.0
 10
-2.8013
 20
8.012
 30
0.0
 10
-2.8013
 20
8.012
 30
0.0
  0
SPLINE
  5
1C6
330
1F
100
AcDbEntity
  8
Layer 1
370
    25
100
AcDbSpline
210
0.0
220
0.0
230
1.0
 70
    24
 71
     3
 72
     8
 73
     4
 74
     0
 42
0.000000001
 43
0.0000000001
 40
0.0
 40
0.0
 40
0.0
 40
0.0
 40
1.0
 40
1.0
 40
1.0
 40
1.0
 10
-3.0013
 20
6.932
 30
0.0
 10
-3.0013
 20
6.932
 30
0.0
 10
-2.8013
 20
6.932
 30
0.0
 10
-2.8013
 20
6.932
 30
0.0
  0
SPLINE
  5
1C7
330
1F
100
AcDbEntity
  8
Layer 1
370
    25
100
AcDbSpline
210
0.0
220
0.0
230
1.0
 70
    24
 71
     3
 72
     8
 73
     4
 74
     0
 42
0.000000001
 43
0.0000000001
 40
0.0
 40
0.0
 40
0.0
 40
0.0
 40
1.0
 40
1.0
 40
1.0
 40
1.0
 10
-2.8013
 20
7.412
 30
0.0
 10
-2.8013
 20
7.412
 30
0.0
 10
-3.0013
 20
7.412
 30
0.0
 10
-3.0013
 20
7.412
 30
0.0
  0
SPLINE
  5
1C8
330
1F
100
AcDbEntity
  8
Layer 1
370
    25
100
AcDbSpline
210
0.0
220
0.0
230
1.0
 70
    24
 71
     3
 72
     8
 73
     4
 74
     0
 42
0.000000001
 43
0.0000000001
 40
0.0
 40
0.0
 40
0.0
 40
0.0
 40
1.0
 40
1.0
 40
1.0
 40
1.0
 10
-3.0013
 20
7.412
 30
0.0
 10
-3.0013
 20
7.412
 30
0.0
 10
-3.0013
 20
6.912
 30
0.0
 10
-3.0013
 20
6.912
 30
0.0
  0
SPLINE
  5
1C9
330
1F
100
AcDbEntity
  8
Layer 1
370
    25
100
AcDbSpline
210
0.0
220
0.0
230
1.0
 70
    24
 71
     3
 72
     8
 73
     4
 74
     0
 42
0.000000001
 43
0.0000000001
 40
0.0
 40
0.0
 40
0.0
 40
0.0
 40
1.0
 40
1.0
 40
1.0
 40
1.0
 10
-2.8013
 20
6.912
 30
0.0
 10
-2.8013
 20
6.912
 30
0.0
 10
-2.8013
 20
7.412
 30
0.0
 10
-2.8013
 20
7.412
 30
0.0
  0
SPLINE
  5
1CA
330
1F
100
AcDbEntity
  8
Layer 1
370
    25
100
AcDbSpline
210
0.0
220
0.0
230
1.0
 70
    24
 71
     3
 72
     8
 73
     4
 74
     0
 42
0.000000001
 43
0.0000000001
 40
0.0
 40
0.0
 40
0.0
 40
0.0
 40
1.0
 40
1.0
 40
1.0
 40
1.0
 10
-2.8013
 20
6.912
 30
0.0
 10
-2.8013
 20
6.912
 30
0.0
 10
-3.0013
 20
6.912
 30
0.0
 10
-3.0013
 20
6.912
 30
0.0
  0
SPLINE
  5
1CB
330
1F
100
AcDbEntity
  8
Layer 1
370
    25
100
AcDbSpline
210
0.0
220
0.0
230
1.0
 70
    24
 71
     3
 72
     8
 73
     4
 74
     0
 42
0.000000001
 43
0.0000000001
 40
0.0
 40
0.0
 40
0.0
 40
0.0
 40
1.0
 40
1.0
 40
1.0
 40
1.0
 10
-5.2613
 20
7.5479
 30
0.0
 10
-5.2613
 20
7.5479
 30
0.0
 10
-5.0613
 20
7.5479
 30
0.0
 10
-5.0613
 20
7.5479
 30
0.0
  0
SPLINE
  5
1CC
330
1F
100
AcDbEntity
  8
Layer 1
370
    25
100
AcDbSpline
210
0.0
220
0.0
230
1.0
 70
    24
 71
     3
 72
     8
 73
     4
 74
     0
 42
0.000000001
 43
0.0000000001
 40
0.0
 40
0.0
 40
0.0
 40
0.0
 40
1.0
 40
1.0
 40
1.0
 40
1.0
 10
-5.0613
 20
7.5479
 30
0.0
 10
-5.0613
 20
7.5479
 30
0.0
 10
-5.0613
 20
8.012
 30
0.0
 10
-5.0613
 20
8.012
 30
0.0
  0
SPLINE
  5
1CD
330
1F
100
AcDbEntity
  8
Layer 1
370
    25
100
AcDbSpline
210
0.0
220
0.0
230
1.0
 70
    24
 71
     3
 72
     8
 73
     4
 74
     0
 42
0.000000001
 43
0.0000000001
 40
0.0
 40
0.0
 40
0.0
 40
0.0
 40
1.0
 40
1.0
 40
1.0
 40
1.0
 10
-5.2613
 20
8.012
 30
0.0
 10
-5.2613
 20
8.012
 30
0.0
 10
-5.2613
 20
7.5479
 30
0.0
 10
-5.2613
 20
7.5479
 30
0.0
  0
SPLINE
  5
1CE
330
1F
100
AcDbEntity
  8
Layer 1
370
    25
100
AcDbSpline
210
0.0
220
0.0
230
1.0
 70
    24
 71
     3
 72
     8
 73
     4
 74
     0
 42
0.000000001
 43
0.0000000001
 40
0.0
 40
0.0
 40
0.0
 40
0.0
 40
1.0
 40
1.0
 40
1.0
 40
1.0
 10
-5.2613
 20
6.932
 30
0.0
 10
-5.2613
 20
6.932
 30
0.0
 10
-5.0613
 20
6.932
 30
0.0
 10
-5.0613
 20
6.932
 30
0.0
  0
SPLINE
  5
1CF
330
1F
100
AcDbEntity
  8
Layer 1
370
    25
100
AcDbSpline
210
0.0
220
0.0
230
1.0
 70
    24
 71
     3
 72
     8
 73
     4
 74
     0
 42
0.000000001
 43
0.0000000001
 40
0.0
 40
0.0
 40
0.0
 40
0.0
 40
1.0
 40
1.0
 40
1.0
 40
1.0
 10
-5.2613
 20
7.412
 30
0.0
 10
-5.2613
 20
7.412
 30
0.0
 10
-5.0613
 20
7.412
 30
0.0
 10
-5.0613
 20
7.412
 30
0.0
  0
SPLINE
  5
1D0
330
1F
100
AcDbEntity
  8
Layer 1
370
    25
100
AcDbSpline
210
0.0
220
0.0
230
1.0
 70
    24
 71
     3
 72
     8
 73
     4
 74
     0
 42
0.000000001
 43
0.0000000001
 40
0.0
 40
0.0
 40
0.0
 40
0.0
 40
1.0
 40
1.0
 40
1.0
 40
1.0
 10
-5.0613
 20
6.912
 30
0.0
 10
-5.0613
 20
6.912
 30
0.0
 10
-5.0613
 20
7.412
 30
0.0
 10
-5.0613
 20
7.412
 30
0.0
  0
SPLINE
  5
1D1
330
1F
100
AcDbEntity
  8
Layer 1
370
    25
100
AcDbSpline
210
0.0
220
0.0
230
1.0
 70
    24
 71
     3
 72
     8
 73
     4
 74
     0
 42
0.000000001
 43
0.0000000001
 40
0.0
 40
0.0
 40
0.0
 40
0.0
 40
1.0
 40
1.0
 40
1.0
 40
1.0
 10
-5.2613
 20
7.412
 30
0.0
 10
-5.2613
 20
7.412
 30
0.0
 10
-5.2613
 20
6.912
 30
0.0
 10
-5.2613
 20
6.912
 30
0.0
  0
SPLINE
  5
1D2
330
1F
100
AcDbEntity
  8
Layer 1
370
    25
100
AcDbSpline
210
0.0
220
0.0
230
1.0
 70
    24
 71
     3
 72
     8
 73
     4
 74
     0
 42
0.000000001
 43
0.0000000001
 40
0.0
 40
0.0
 40
0.0
 40
0.0
 40
1.0
 40
1.0
 40
1.0
 40
1.0
 10
-5.0613
 20
6.912
 30
0.0
 10
-5.0613
 20
6.912
 30
0.0
 10
-5.2613
 20
6.912
 30
0.0
 10
-5.2613
 20
6.912
 30
0.0
  0
SPLINE
  5
1D3
330
1F
100
AcDbEntity
  8
Layer 1
370
    25
100
AcDbSpline
210
0.0
220
0.0
230
1.0
 70
    24
 71
     3
 72
     8
 73
     4
 74
     0
 42
0.000000001
 43
0.0000000001
 40
0.0
 40
0.0
 40
0.0
 40
0.0
 40
1.0
 40
1.0
 40
1.0
 40
1.0
 10
-10.6813
 20
12.962
 30
0.0
 10
-10.6813
 20
12.962
 30
0.0
 10
-10.6813
 20
14.262
 30
0.0
 10
-10.6813
 20
14.262
 30
0.0
  0
SPLINE
  5
1D4
330
1F
100
AcDbEntity
  8
Layer 1
370
    25
100
AcDbSpline
210
0.0
220
0.0
230
1.0
 70
    24
 71
     3
 72
     8
 73
     4
 74
     0
 42
0.000000001
 43
0.0000000001
 40
0.0
 40
0.0
 40
0.0
 40
0.0
 40
1.0
 40
1.0
 40
1.0
 40
1.0
 10
-9.6813
 20
14.262
 30
0.0
 10
-9.6813
 20
14.262
 30
0.0
 10
-9.6813
 20
12.962
 30
0.0
 10
-9.6813
 20
12.962
 30
0.0
  0
SPLINE
  5
1D5
330
1F
100
AcDbEntity
  8
Layer 1
370
    25
100
AcDbSpline
210
0.0
220
0.0
230
1.0
 70
    24
 71
     3
 72
     8
 73
     4
 74
     0
 42
0.000000001
 43
0.0000000001
 40
0.0
 40
0.0
 40
0.0
 40
0.0
 40
1.0
 40
1.0
 40
1.0
 40
1.0
 10
-1.1413
 20
12.962
 30
0.0
 10
-1.1413
 20
12.962
 30
0.0
 10
-1.1413
 20
14.262
 30
0.0
 10
-1.1413
 20
14.262
 30
0.0
  0
SPLINE
  5
1D6
330
1F
100
AcDbEntity
  8
Layer 1
370
    25
100
AcDbSpline
210
0.0
220
0.0
230
1.0
 70
    24
 71
     3
 72
     8
 73
     4
 74
     0
 42
0.000000001
 43
0.0000000001
 40
0.0
 40
0.0
 40
0.0
 40
0.0
 40
1.0
 40
1.0
 40
1.0
 40
1.0
 10
-0.1413
 20
14.262
 30
0.0
 10
-0.1413
 20
14.262
 30
0.0
 10
-0.1413
 20
12.962
 30
0.0
 10
-0.1413
 20
12.962
 30
0.0
  0
SPLINE
  5
1D7
330
1F
100
AcDbEntity
  8
Layer 1
370
    25
100
AcDbSpline
210
0.0
220
0.0
230
1.0
 70
    24
 71
     3
 72
     8
 73
     4
 74
     0
 42
0.000000001
 43
0.0000000001
 40
0.0
 40
0.0
 40
0.0
 40
0.0
 40
1.0
 40
1.0
 40
1.0
 40
1.0
 10
-9.6813
 20
12.962
 30
0.0
 10
-9.6813
 20
12.962
 30
0.0
 10
-1.1413
 20
12.962
 30
0.0
 10
-1.1413
 20
12.962
 30
0.0
  0
SPLINE
  5
1D8
330
1F
100
AcDbEntity
  8
Layer 1
370
    25
100
AcDbSpline
210
0.0
220
0.0
230
1.0
 70
    24
 71
     3
 72
     8
 73
     4
 74
     0
 42
0.000000001
 43
0.0000000001
 40
0.0
 40
0.0
 40
0.0
 40
0.0
 40
1.0
 40
1.0
 40
1.0
 40
1.0
 10
-1.1413
 20
14.262
 30
0.0
 10
-1.1413
 20
14.262
 30
0.0
 10
-9.6813
 20
14.262
 30
0.0
 10
-9.6813
 20
14.262
 30
0.0
  0
SPLINE
  5
1D9
330
1F
100
AcDbEntity
  8
Layer 1
370
    25
100
AcDbSpline
210
0.0
220
0.0
230
1.0
 70
    24
 71
     3
 72
     8
 73
     4
 74
     0
 42
0.000000001
 43
0.0000000001
 40
0.0
 40
0.0
 40
0.0
 40
0.0
 40
1.0
 40
1.0
 40
1.0
 40
1.0
 10
-10.2063
 20
8.012
 30
0.0
 10
-10.2063
 20
8.012
 30
0.0
 10
-10.2063
 20
9.112
 30
0.0
 10
-10.2063
 20
9.112
 30
0.0
  0
SPLINE
  5
1DA
330
1F
100
AcDbEntity
  8
Layer 1
370
    25
100
AcDbSpline
210
0.0
220
0.0
230
1.0
 70
    24
 71
     3
 72
     8
 73
     4
 74
     0
 42
0.000000001
 43
0.0000000001
 40
0.0
 40
0.0
 40
0.0
 40
0.0
 40
1.0
 40
1.0
 40
1.0
 40
1.0
 10
-10.2063
 20
12.912
 30
0.0
 10
-10.2063
 20
12.912
 30
0.0
 10
-10.2063
 20
12.962
 30
0.0
 10
-10.2063
 20
12.962
 30
0.0
  0
SPLINE
  5
1DB
330
1F
100
AcDbEntity
  8
Layer 1
370
    25
100
AcDbSpline
210
0.0
220
0.0
230
1.0
 70
    24
 71
     3
 72
     8
 73
     4
 74
     0
 42
0.000000001
 43
0.0000000001
 40
0.0
 40
0.0
 40
0.0
 40
0.0
 40
1.0
 40
1.0
 40
1.0
 40
1.0
 10
-0.6163
 20
12.962
 30
0.0
 10
-0.6163
 20
12.962
 30
0.0
 10
-0.6163
 20
12.912
 30
0.0
 10
-0.6163
 20
12.912
 30
0.0
  0
SPLINE
  5
1DC
330
1F
100
AcDbEntity
  8
Layer 1
370
    25
100
AcDbSpline
210
0.0
220
0.0
230
1.0
 70
    24
 71
     3
 72
     8
 73
     4
 74
     0
 42
0.000000001
 43
0.0000000001
 40
0.0
 40
0.0
 40
0.0
 40
0.0
 40
1.0
 40
1.0
 40
1.0
 40
1.0
 10
-0.6163
 20
9.112
 30
0.0
 10
-0.6163
 20
9.112
 30
0.0
 10
-0.6163
 20
8.012
 30
0.0
 10
-0.6163
 20
8.012
 30
0.0
  0
SPLINE
  5
1DD
330
1F
100
AcDbEntity
  8
Layer 1
370
    25
100
AcDbSpline
210
0.0
220
0.0
230
1.0
 70
    24
 71
     3
 72
     8
 73
     4
 74
     0
 42
0.000000001
 43
0.0000000001
 40
0.0
 40
0.0
 40
0.0
 40
0.0
 40
1.0
 40
1.0
 40
1.0
 40
1.0
 10
-1.4113
 20
8.012
 30
0.0
 10
-1.4113
 20
8.012
 30
0.0
 10
-1.4113
 20
9.062
 30
0.0
 10
-1.4113
 20
9.062
 30
0.0
  0
SPLINE
  5
1DE
330
1F
100
AcDbEntity
  8
Layer 1
370
    25
100
AcDbSpline
210
0.0
220
0.0
230
1.0
 70
    24
 71
     3
 72
     8
 73
     4
 74
     0
 42
0.000000001
 43
0.0000000001
 40
0.0
 40
0.0
 40
0.0
 40
0.0
 40
1.0
 40
1.0
 40
1.0
 40
1.0
 10
-9.4113
 20
8.012
 30
0.0
 10
-9.4113
 20
8.012
 30
0.0
 10
-1.4113
 20
8.012
 30
0.0
 10
-1.4113
 20
8.012
 30
0.0
  0
SPLINE
  5
1DF
330
1F
100
AcDbEntity
  8
Layer 1
370
    25
100
AcDbSpline
210
0.0
220
0.0
230
1.0
 70
    24
 71
     3
 72
     8
 73
     4
 74
     0
 42
0.000000001
 43
0.0000000001
 40
0.0
 40
0.0
 40
0.0
 40
0.0
 40
1.0
 40
1.0
 40
1.0
 40
1.0
 10
-9.4113
 20
8.012
 30
0.0
 10
-9.4113
 20
8.012
 30
0.0
 10
-9.4113
 20
9.062
 30
0.0
 10
-9.4113
 20
9.062
 30
0.0
  0
SPLINE
  5
1E0
330
1F
100
AcDbEntity
  8
Layer 1
370
    25
100
AcDbSpline
210
0.0
220
0.0
230
1.0
 70
    24
 71
     3
 72
     8
 73
     4
 74
     0
 42
0.000000001
 43
0.0000000001
 40
0.0
 40
0.0
 40
0.0
 40
0.0
 40
1.0
 40
1.0
 40
1.0
 40
1.0
 10
-1.4113
 20
9.062
 30
0.0
 10
-1.4113
 20
9.062
 30
0.0
 10
-9.4113
 20
9.062
 30
0.0
 10
-9.4113
 20
9.062
 30
0.0
  0
SPLINE
  5
1E1
330
1F
100
AcDbEntity
  8
Layer 1
370
    25
100
AcDbSpline
210
0.0
220
0.0
230
1.0
 70
    24
 71
     3
 72
     8
 73
     4
 74
     0
 42
0.000000001
 43
0.0000000001
 40
0.0
 40
0.0
 40
0.0
 40
0.0
 40
1.0
 40
1.0
 40
1.0
 40
1.0
 10
-6.0113
 20
12.512
 30
0.0
 10
-6.0113
 20
12.512
 30
0.0
 10
-6.0113
 20
12.962
 30
0.0
 10
-6.0113
 20
12.962
 30
0.0
  0
SPLINE
  5
1E2
330
1F
100
AcDbEntity
  8
Layer 1
370
    25
100
AcDbSpline
210
0.0
220
0.0
230
1.0
 70
    24
 71
     3
 72
     8
 73
     4
 74
     0
 42
0.000000001
 43
0.0000000001
 40
0.0
 40
0.0
 40
0.0
 40
0.0
 40
1.0
 40
1.0
 40
1.0
 40
1.0
 10
-4.8113
 20
12.962
 30
0.0
 10
-4.8113
 20
12.962
 30
0.0
 10
-4.8113
 20
12.512
 30
0.0
 10
-4.8113
 20
12.512
 30
0.0
  0
SPLINE
  5
1E3
330
1F
100
AcDbEntity
  8
Layer 1
370
    25
100
AcDbSpline
210
0.0
220
0.0
230
1.0
 70
    24
 71
     3
 72
     8
 73
     4
 74
     0
 42
0.000000001
 43
0.0000000001
 40
0.0
 40
0.0
 40
0.0
 40
0.0
 40
1.0
 40
1.0
 40
1.0
 40
1.0
 10
-5.0113
 20
12.312
 30
0.0
 10
-5.0113
 20
12.312
 30
0.0
 10
-5.8113
 20
12.312
 30
0.0
 10
-5.8113
 20
12.312
 30
0.0
  0
SPLINE
  5
1E4
330
1F
100
AcDbEntity
  8
Layer 1
370
    25
100
AcDbSpline
210
0.0
220
0.0
230
1.0
 70
    24
 71
     3
 72
     8
 73
     4
 74
     0
 42
0.000000001
 43
0.0000000001
 40
0.0
 40
0.0
 40
0.0
 40
0.0
 40
1.0
 40
1.0
 40
1.0
 40
1.0
 10
-9.9313
 20
14.262
 30
0.0
 10
-9.9313
 20
14.262
 30
0.0
 10
-9.9313
 20
15.462
 30
0.0
 10
-9.9313
 20
15.462
 30
0.0
  0
SPLINE
  5
1E5
330
1F
100
AcDbEntity
  8
Layer 1
370
    25
100
AcDbSpline
210
0.0
220
0.0
230
1.0
 70
    24
 71
     3
 72
     8
 73
     4
 74
     0
 42
0.000000001
 43
0.0000000001
 40
0.0
 40
0.0
 40
0.0
 40
0.0
 40
1.0
 40
1.0
 40
1.0
 40
1.0
 10
-8.5813
 20
15.462
 30
0.0
 10
-8.5813
 20
15.462
 30
0.0
 10
-8.5813
 20
14.262
 30
0.0
 10
-8.5813
 20
14.262
 30
0.0
  0
SPLINE
  5
1E6
330
1F
100
AcDbEntity
  8
Layer 1
370
    25
100
AcDbSpline
210
0.0
220
0.0
230
1.0
 70
    24
 71
     3
 72
     8
 73
     4
 74
     0
 42
0.000000001
 43
0.0000000001
 40
0.0
 40
0.0
 40
0.0
 40
0.0
 40
1.0
 40
1.0
 40
1.0
 40
1.0
 10
-2.2413
 20
14.262
 30
0.0
 10
-2.2413
 20
14.262
 30
0.0
 10
-2.2413
 20
15.462
 30
0.0
 10
-2.2413
 20
15.462
 30
0.0
  0
SPLINE
  5
1E7
330
1F
100
AcDbEntity
  8
Layer 1
370
    25
100
AcDbSpline
210
0.0
220
0.0
230
1.0
 70
    24
 71
     3
 72
     8
 73
     4
 74
     0
 42
0.000000001
 43
0.0000000001
 40
0.0
 40
0.0
 40
0.0
 40
0.0
 40
1.0
 40
1.0
 40
1.0
 40
1.0
 10
-0.8913
 20
15.462
 30
0.0
 10
-0.8913
 20
15.462
 30
0.0
 10
-0.8913
 20
14.262
 30
0.0
 10
-0.8913
 20
14.262
 30
0.0
  0
SPLINE
  5
1E8
330
1F
100
AcDbEntity
  8
Layer 1
370
    25
100
AcDbSpline
210
0.0
220
0.0
230
1.0
 70
    24
 71
     3
 72
     8
 73
     4
 74
     0
 42
0.000000001
 43
0.0000000001
 40
0.0
 40
0.0
 40
0.0
 40
0.0
 40
1.0
 40
1.0
 40
1.0
 40
1.0
 10
-2.2413
 20
15.462
 30
0.0
 10
-2.2413
 20
15.462
 30
0.0
 10
-8.5813
 20
15.462
 30
0.0
 10
-8.5813
 20
15.462
 30
0.0
  0
SPLINE
  5
1E9
330
1F
100
AcDbEntity
  8
Layer 1
370
    25
100
AcDbSpline
210
0.0
220
0.0
230
1.0
 70
    24
 71
     3
 72
     8
 73
     4
 74
     0
 42
0.000000001
 43
0.0000000001
 40
0.0
 40
0.0
 40
0.0
 40
0.0
 40
1.0
 40
1.0
 40
1.0
 40
1.0
 10
-10.4563
 20
12.462
 30
0.0
 10
-10.4563
 20
12.462
 30
0.0
 10
-10.4563
 20
11.912
 30
0.0
 10
-10.4563
 20
11.912
 30
0.0
  0
SPLINE
  5
1EA
330
1F
100
AcDbEntity
  8
Layer 1
370
    25
100
AcDbSpline
210
0.0
220
0.0
230
1.0
 70
    24
 71
     3
 72
     8
 73
     4
 74
     0
 42
0.000000001
 43
0.0000000001
 40
0.0
 40
0.0
 40
0.0
 40
0.0
 40
1.0
 40
1.0
 40
1.0
 40
1.0
 10
-10.4563
 20
12.462
 30
0.0
 10
-10.4563
 20
12.462
 30
0.0
 10
-10.4113
 20
12.462
 30
0.0
 10
-10.4113
 20
12.462
 30
0.0
  0
SPLINE
  5
1EB
330
1F
100
AcDbEntity
  8
Layer 1
370
    25
100
AcDbSpline
210
0.0
220
0.0
230
1.0
 70
    24
 71
     3
 72
     8
 73
     4
 74
     0
 42
0.000000001
 43
0.0000000001
 40
0.0
 40
0.0
 40
0.0
 40
0.0
 40
1.0
 40
1.0
 40
1.0
 40
1.0
 10
-10.4113
 20
11.912
 30
0.0
 10
-10.4113
 20
11.912
 30
0.0
 10
-10.4563
 20
11.912
 30
0.0
 10
-10.4563
 20
11.912
 30
0.0
  0
SPLINE
  5
1EC
330
1F
100
AcDbEntity
  8
Layer 1
370
    25
100
AcDbSpline
210
0.0
220
0.0
230
1.0
 70
    24
 71
     3
 72
     8
 73
     4
 74
     0
 42
0.000000001
 43
0.0000000001
 40
0.0
 40
0.0
 40
0.0
 40
0.0
 40
1.0
 40
1.0
 40
1.0
 40
1.0
 10
-10.4563
 20
10.112
 30
0.0
 10
-10.4563
 20
10.112
 30
0.0
 10
-10.4563
 20
9.562
 30
0.0
 10
-10.4563
 20
9.562
 30
0.0
  0
SPLINE
  5
1ED
330
1F
100
AcDbEntity
  8
Layer 1
370
    25
100
AcDbSpline
210
0.0
220
0.0
230
1.0
 70
    24
 71
     3
 72
     8
 73
     4
 74
     0
 42
0.000000001
 43
0.0000000001
 40
0.0
 40
0.0
 40
0.0
 40
0.0
 40
1.0
 40
1.0
 40
1.0
 40
1.0
 10
-10.4563
 20
10.112
 30
0.0
 10
-10.4563
 20
10.112
 30
0.0
 10
-10.4113
 20
10.112
 30
0.0
 10
-10.4113
 20
10.112
 30
0.0
  0
SPLINE
  5
1EE
330
1F
100
AcDbEntity
  8
Layer 1
370
    25
100
AcDbSpline
210
0.0
220
0.0
230
1.0
 70
    24
 71
     3
 72
     8
 73
     4
 74
     0
 42
0.000000001
 43
0.0000000001
 40
0.0
 40
0.0
 40
0.0
 40
0.0
 40
1.0
 40
1.0
 40
1.0
 40
1.0
 10
-10.4113
 20
9.562
 30
0.0
 10
-10.4113
 20
9.562
 30
0.0
 10
-10.4563
 20
9.562
 30
0.0
 10
-10.4563
 20
9.562
 30
0.0
  0
SPLINE
  5
1EF
330
1F
100
AcDbEntity
  8
Layer 1
370
    25
100
AcDbSpline
210
0.0
220
0.0
230
1.0
 70
    24
 71
     3
 72
     8
 73
     4
 74
     0
 42
0.000000001
 43
0.0000000001
 40
0.0
 40
0.0
 40
0.0
 40
0.0
 40
1.0
 40
1.0
 40
1.0
 40
1.0
 10
-0.3663
 20
9.562
 30
0.0
 10
-0.3663
 20
9.562
 30
0.0
 10
-0.3663
 20
10.112
 30
0.0
 10
-0.3663
 20
10.112
 30
0.0
  0
SPLINE
  5
1F0
330
1F
100
AcDbEntity
  8
Layer 1
370
    25
100
AcDbSpline
210
0.0
220
0.0
230
1.0
 70
    24
 71
     3
 72
     8
 73
     4
 74
     0
 42
0.000000001
 43
0.0000000001
 40
0.0
 40
0.0
 40
0.0
 40
0.0
 40
1.0
 40
1.0
 40
1.0
 40
1.0
 10
-0.4113
 20
9.562
 30
0.0
 10
-0.4113
 20
9.562
 30
0.0
 10
-0.3663
 20
9.562
 30
0.0
 10
-0.3663
 20
9.562
 30
0.0
  0
SPLINE
  5
1F1
330
1F
100
AcDbEntity
  8
Layer 1
370
    25
100
AcDbSpline
210
0.0
220
0.0
230
1.0
 70
    24
 71
     3
 72
     8
 73
     4
 74
     0
 42
0.000000001
 43
0.0000000001
 40
0.0
 40
0.0
 40
0.0
 40
0.0
 40
1.0
 40
1.0
 40
1.0
 40
1.0
 10
-0.3663
 20
10.112
 30
0.0
 10
-0.3663
 20
10.112
 30
0.0
 10
-0.4113
 20
10.112
 30
0.0
 10
-0.4113
 20
10.112
 30
0.0
  0
SPLINE
  5
1F2
330
1F
100
AcDbEntity
  8
Layer 1
370
    25
100
AcDbSpline
210
0.0
220
0.0
230
1.0
 70
    24
 71
     3
 72
     8
 73
     4
 74
     0
 42
0.000000001
 43
0.0000000001
 40
0.0
 40
0.0
 40
0.0
 40
0.0
 40
1.0
 40
1.0
 40
1.0
 40
1.0
 10
-0.3663
 20
11.912
 30
0.0
 10
-0.3663
 20
11.912
 30
0.0
 10
-0.3663
 20
12.462
 30
0.0
 10
-0.3663
 20
12.462
 30
0.0
  0
SPLINE
  5
1F3
330
1F
100
AcDbEntity
  8
Layer 1
370
    25
100
AcDbSpline
210
0.0
220
0.0
230
1.0
 70
    24
 71
     3
 72
     8
 73
     4
 74
     0
 42
0.000000001
 43
0.0000000001
 40
0.0
 40
0.0
 40
0.0
 40
0.0
 40
1.0
 40
1.0
 40
1.0
 40
1.0
 10
-0.4113
 20
11.912
 30
0.0
 10
-0.4113
 20
11.912
 30
0.0
 10
-0.3663
 20
11.912
 30
0.0
 10
-0.3663
 20
11.912
 30
0.0
  0
SPLINE
  5
1F4
330
1F
100
AcDbEntity
  8
Layer 1
370
    25
100
AcDbSpline
210
0.0
220
0.0
230
1.0
 70
    24
 71
     3
 72
     8
 73
     4
 74
     0
 42
0.000000001
 43
0.0000000001
 40
0.0
 40
0.0
 40
0.0
 40
0.0
 40
1.0
 40
1.0
 40
1.0
 40
1.0
 10
-0.3663
 20
12.462
 30
0.0
 10
-0.3663
 20
12.462
 30
0.0
 10
-0.4113
 20
12.462
 30
0.0
 10
-0.4113
 20
12.462
 30
0.0
  0
SPLINE
  5
1F5
330
1F
100
AcDbEntity
  8
Layer 1
 62
     8
370
    25
100
AcDbSpline
210
0.0
220
0.0
230
1.0
 70
    24
 71
     3
 72
     8
 73
     4
 74
     0
 42
0.000000001
 43
0.0000000001
 40
0.0
 40
0.0
 40
0.0
 40
0.0
 40
1.0
 40
1.0
 40
1.0
 40
1.0
 10
-9.2063
 20
9.062
 30
0.0
 10
-9.2063
 20
9.062
 30
0.0
 10
-9.2063
 20
9.112
 30
0.0
 10
-9.2063
 20
9.112
 30
0.0
  0
SPLINE
  5
1F6
330
1F
100
AcDbEntity
  8
Layer 1
 62
     8
370
    25
100
AcDbSpline
210
0.0
220
0.0
230
1.0
 70
    24
 71
     3
 72
     8
 73
     4
 74
     0
 42
0.000000001
 43
0.0000000001
 40
0.0
 40
0.0
 40
0.0
 40
0.0
 40
1.0
 40
1.0
 40
1.0
 40
1.0
 10
-9.2063
 20
12.912
 30
0.0
 10
-9.2063
 20
12.912
 30
0.0
 10
-9.2063
 20
12.962
 30
0.0
 10
-9.2063
 20
12.962
 30
0.0
  0
SPLINE
  5
1F7
330
1F
100
AcDbEntity
  8
Layer 1
 62
     8
370
    25
100
AcDbSpline
210
0.0
220
0.0
230
1.0
 70
    24
 71
     3
 72
     8
 73
     4
 74
     0
 42
0.000000001
 43
0.0000000001
 40
0.0
 40
0.0
 40
0.0
 40
0.0
 40
1.0
 40
1.0
 40
1.0
 40
1.0
 10
-1.6163
 20
9.062
 30
0.0
 10
-1.6163
 20
9.062
 30
0.0
 10
-1.6163
 20
9.112
 30
0.0
 10
-1.6163
 20
9.112
 30
0.0
  0
SPLINE
  5
1F8
330
1F
100
AcDbEntity
  8
Layer 1
 62
     8
370
    25
100
AcDbSpline
210
0.0
220
0.0
230
1.0
 70
    24
 71
     3
 72
     8
 73
     4
 74
     0
 42
0.000000001
 43
0.0000000001
 40
0.0
 40
0.0
 40
0.0
 40
0.0
 40
1.0
 40
1.0
 40
1.0
 40
1.0
 10
-1.6163
 20
12.912
 30
0.0
 10
-1.6163
 20
12.912
 30
0.0
 10
-1.6163
 20
12.962
 30
0.0
 10
-1.6163
 20
12.962
 30
0.0
  0
SPLINE
  5
1F9
330
1F
100
AcDbEntity
  8
Layer 1
370
    25
100
AcDbSpline
210
0.0
220
0.0
230
1.0
 70
     8
 71
     3
 72
    12
 73
     8
 74
     0
 42
0.000000001
 43
0.0000000001
 40
0.0
 40
0.0
 40
0.0
 40
0.0
 40
0.3333333333333333
 40
0.3333333333333333
 40
0.3333333333333333
 40
0.3333333333333333
 40
1.0
 40
1.0
 40
1.0
 40
1.0
 10
4.0237
 20
10.9651
 30
0.0
 10
3.1953
 20
10.9651
 30
0.0
 10
2.5237
 20
10.2935
 30
0.0
 10
2.5237
 20
9.4651
 30
0.0
 10
2.5237
 20
9.4651
 30
0.0
 10
2.5237
 20
8.6367
 30
0.0
 10
3.1953
 20
7.9651
 30
0.0
 10
4.0237
 20
7.9651
 30
0.0
  0
SPLINE
  5
1FA
330
1F
100
AcDbEntity
  8
Layer 1
370
    25
100
AcDbSpline
210
0.0
220
0.0
230
1.0
 70
     8
 71
     3
 72
    12
 73
     8
 74
     0
 42
0.000000001
 43
0.0000000001
 40
0.0
 40
0.0
 40
0.0
 40
0.0
 40
0.3333333333333333
 40
0.3333333333333333
 40
0.3333333333333333
 40
0.3333333333333333
 40
1.0
 40
1.0
 40
1.0
 40
1.0
 10
2.0237
 20
4.3982
 30
0.0
 10
2.0237
 20
5.2267
 30
0.0
 10
1.3521
 20
5.8982
 30
0.0
 10
0.5237
 20
5.8982
 30
0.0
 10
0.5237
 20
5.8982
 30
0.0
 10
-0.3047
 20
5.8982
 30
0.0
 10
-0.9763
 20
5.2267
 30
0.0
 10
-0.9763
 20
4.3982
 30
0.0
  0
SPLINE
  5
1FB
330
1F
100
AcDbEntity
  8
Layer 1
370
    25
100
AcDbSpline
210
0.0
220
0.0
230
1.0
 70
     8
 71
     3
 72
    12
 73
     8
 74
     0
 42
0.000000001
 43
0.0000000001
 40
0.0
 40
0.0
 40
0.0
 40
0.0
 40
0.3333333333333333
 40
0.3333333333333333
 40
0.3333333333333333
 40
0.3333333333333333
 40
1.0
 40
1.0
 40
1.0
 40
1.0
 10
-8.9763
 20
4.3982
 30
0.0
 10
-8.9763
 20
5.2267
 30
0.0
 10
-9.6479
 20
5.8982
 30
0.0
 10
-10.4763
 20
5.8982
 30
0.0
 10
-10.4763
 20
5.8982
 30
0.0
 10
-11.3047
 20
5.8982
 30
0.0
 10
-11.9763
 20
5.2267
 30
0.0
 10
-11.9763
 20
4.3982
 30
0.0
  0
SPLINE
  5
1FC
330
1F
100
AcDbEntity
  8
Layer 1
370
    25
100
AcDbSpline
210
0.0
220
0.0
230
1.0
 70
     8
 71
     3
 72
    16
 73
    12
 74
     0
 42
0.000000001
 43
0.0000000001
 40
0.0
 40
0.0
 40
0.0
 40
0.0
 40
0.25
 40
0.25
 40
0.25
 40
0.25
 40
0.5
 40
0.5
 40
0.5
 40
0.5
 40
1.0
 40
1.0
 40
1.0
 40
1.0
 10
-13.9763
 20
7.3982
 30
0.0
 10
-13.4404
 20
7.3982
 30
0.0
 10
-12.9452
 20
7.6841
 30
0.0
 10
-12.6772
 20
8.1482
 30
0.0
 10
-12.6772
 20
8.1482
 30
0.0
 10
-12.4093
 20
8.6123
 30
0.0
 10
-12.4093
 20
9.1841
 30
0.0
 10
-12.6772
 20
9.6482
 30
0.0
 10
-12.6772
 20
9.6482
 30
0.0
 10
-12.9452
 20
10.1123
 30
0.0
 10
-13.4404
 20
10.3982
 30
0.0
 10
-13.9763
 20
10.3982
 30
0.0
  0
SPLINE
  5
1FD
330
1F
100
AcDbEntity
  8
Layer 1
370
    25
100
AcDbSpline
210
0.0
220
0.0
230
1.0
 70
     8
 71
     3
 72
     8
 73
     4
 74
     0
 42
0.000000001
 43
0.0000000001
 40
0.0
 40
0.0
 40
0.0
 40
0.0
 40
1.0
 40
1.0
 40
1.0
 40
1.0
 10
-47.4763
 20
-7.6648
 30
0.0
 10
-47.4763
 20
-7.8928
 30
0.0
 10
-47.322
 20
-8.092
 30
0.0
 10
-47.1013
 20
-8.149
 30
0.0
  0
SPLINE
  5
1FE
330
1F
100
AcDbEntity
  8
Layer 1
370
    25
100
AcDbSpline
210
0.0
220
0.0
230
1.0
 70
     8
 71
     3
 72
     8
 73
     4
 74
     0
 42
0.000000001
 43
0.0000000001
 40
0.0
 40
0.0
 40
0.0
 40
0.0
 40
1.0
 40
1.0
 40
1.0
 40
1.0
 10
-47.1013
 20
-4.7289
 30
0.0
 10
-47.322
 20
-4.7859
 30
0.0
 10
-47.4763
 20
-4.985
 30
0.0
 10
-47.4763
 20
-5.213
 30
0.0
  0
SPLINE
  5
1FF
330
1F
100
AcDbEntity
  8
Layer 1
370
    25
100
AcDbSpline
210
0.0
220
0.0
230
1.0
 70
     8
 71
     3
 72
    12
 73
     8
 74
     0
 42
0.000000001
 43
0.0000000001
 40
0.0
 40
0.0
 40
0.0
 40
0.0
 40
0.3333333333333333
 40
0.3333333333333333
 40
0.3333333333333333
 40
0.3333333333333333
 40
1.0
 40
1.0
 40
1.0
 40
1.0
 10
-47.1013
 20
-4.7289
 30
0.0
 10
-46.439
 20
-4.5579
 30
0.0
 10
-45.9763
 20
-3.9605
 30
0.0
 10
-45.9763
 20
-3.2766
 30
0.0
 10
-45.9763
 20
-3.2766
 30
0.0
 10
-45.9763
 20
-2.5926
 30
0.0
 10
-46.439
 20
-1.9952
 30
0.0
 10
-47.1013
 20
-1.8242
 30
0.0
  0
SPLINE
  5
200
330
1F
100
AcDbEntity
  8
Layer 1
370
    25
100
AcDbSpline
210
0.0
220
0.0
230
1.0
 70
     8
 71
     3
 72
     8
 73
     4
 74
     0
 42
0.000000001
 43
0.0000000001
 40
0.0
 40
0.0
 40
0.0
 40
0.0
 40
1.0
 40
1.0
 40
1.0
 40
1.0
 10
-47.4763
 20
-1.3401
 30
0.0
 10
-47.4763
 20
-1.5681
 30
0.0
 10
-47.322
 20
-1.7672
 30
0.0
 10
-47.1013
 20
-1.8242
 30
0.0
  0
SPLINE
  5
201
330
1F
100
AcDbEntity
  8
Layer 1
370
    25
100
AcDbSpline
210
0.0
220
0.0
230
1.0
 70
     8
 71
     3
 72
     8
 73
     4
 74
     0
 42
0.000000001
 43
0.0000000001
 40
0.0
 40
0.0
 40
0.0
 40
0.0
 40
1.0
 40
1.0
 40
1.0
 40
1.0
 10
-47.1013
 20
1.5959
 30
0.0
 10
-47.322
 20
1.5389
 30
0.0
 10
-47.4763
 20
1.3397
 30
0.0
 10
-47.4763
 20
1.1117
 30
0.0
  0
SPLINE
  5
202
330
1F
100
AcDbEntity
  8
Layer 1
370
    25
100
AcDbSpline
210
0.0
220
0.0
230
1.0
 70
     8
 71
     3
 72
    16
 73
    12
 74
     0
 42
0.000000001
 43
0.0000000001
 40
0.0
 40
0.0
 40
0.0
 40
0.0
 40
0.25
 40
0.25
 40
0.25
 40
0.25
 40
0.5
 40
0.5
 40
0.5
 40
0.5
 40
1.0
 40
1.0
 40
1.0
 40
1.0
 10
-47.1013
 20
1.5959
 30
0.0
 10
-46.3931
 20
1.7787
 30
0.0
 10
-45.9201
 20
2.4456
 30
0.0
 10
-45.9816
 20
3.1744
 30
0.0
 10
-45.9816
 20
3.1744
 30
0.0
 10
-46.0431
 20
3.9032
 30
0.0
 10
-46.6213
 20
4.4814
 30
0.0
 10
-47.3501
 20
4.5429
 30
0.0
 10
-47.3501
 20
4.5429
 30
0.0
 10
-48.0789
 20
4.6044
 30
0.0
 10
-48.7458
 20
4.1314
 30
0.0
 10
-48.9287
 20
3.4232
 30
0.0
  0
SPLINE
  5
203
330
1F
100
AcDbEntity
  8
Layer 1
370
    25
100
AcDbSpline
210
0.0
220
0.0
230
1.0
 70
     8
 71
     3
 72
     8
 73
     4
 74
     0
 42
0.000000001
 43
0.0000000001
 40
0.0
 40
0.0
 40
0.0
 40
0.0
 40
1.0
 40
1.0
 40
1.0
 40
1.0
 10
-49.4128
 20
3.0482
 30
0.0
 10
-49.1848
 20
3.0482
 30
0.0
 10
-48.9857
 20
3.2025
 30
0.0
 10
-48.9287
 20
3.4232
 30
0.0
  0
SPLINE
  5
204
330
1F
100
AcDbEntity
  8
Layer 1
370
    25
100
AcDbSpline
210
0.0
220
0.0
230
1.0
 70
     8
 71
     3
 72
     8
 73
     4
 74
     0
 42
0.000000001
 43
0.0000000001
 40
0.0
 40
0.0
 40
0.0
 40
0.0
 40
1.0
 40
1.0
 40
1.0
 40
1.0
 10
-60.4763
 20
4.0482
 30
0.0
 10
-60.4763
 20
3.4959
 30
0.0
 10
-60.0286
 20
3.0482
 30
0.0
 10
-59.4763
 20
3.0482
 30
0.0
  0
SPLINE
  5
205
330
1F
100
AcDbEntity
  8
Layer 1
370
    25
100
AcDbSpline
210
0.0
220
0.0
230
1.0
 70
     8
 71
     3
 72
     8
 73
     4
 74
     0
 42
0.000000001
 43
0.0000000001
 40
0.0
 40
0.0
 40
0.0
 40
0.0
 40
1.0
 40
1.0
 40
1.0
 40
1.0
 10
-57.4763
 20
12.3982
 30
0.0
 10
-59.1331
 20
12.3982
 30
0.0
 10
-60.4763
 20
11.0551
 30
0.0
 10
-60.4763
 20
9.3982
 30
0.0
  0
SPLINE
  5
206
330
1F
100
AcDbEntity
  8
Layer 1
370
    25
100
AcDbSpline
210
0.0
220
0.0
230
1.0
 70
     8
 71
     3
 72
    12
 73
     8
 74
     0
 42
0.000000001
 43
0.0000000001
 40
0.0
 40
0.0
 40
0.0
 40
0.0
 40
0.3333333333333333
 40
0.3333333333333333
 40
0.3333333333333333
 40
0.3333333333333333
 40
1.0
 40
1.0
 40
1.0
 40
1.0
 10
-16.4763
 20
11.8982
 30
0.0
 10
-16.4763
 20
12.0308
 30
0.0
 10
-16.529
 20
12.158
 30
0.0
 10
-16.6227
 20
12.2518
 30
0.0
 10
-16.6227
 20
12.2518
 30
0.0
 10
-16.7165
 20
12.3455
 30
0.0
 10
-16.8437
 20
12.3982
 30
0.0
 10
-16.9763
 20
12.3982
 30
0.0
  0
SPLINE
  5
207
330
1F
100
AcDbEntity
  8
Layer 1
370
    25
100
AcDbSpline
210
0.0
220
0.0
230
1.0
 70
     8
 71
     3
 72
     8
 73
     4
 74
     0
 42
0.000000001
 43
0.0000000001
 40
0.0
 40
0.0
 40
0.0
 40
0.0
 40
1.0
 40
1.0
 40
1.0
 40
1.0
 10
-16.856
 20
10.3543
 30
0.0
 10
-16.6329
 20
10.4096
 30
0.0
 10
-16.4763
 20
10.6098
 30
0.0
 10
-16.4763
 20
10.8396
 30
0.0
  0
SPLINE
  5
208
330
1F
100
AcDbEntity
  8
Layer 1
370
    25
100
AcDbSpline
210
0.0
220
0.0
230
1.0
 70
     8
 71
     3
 72
    12
 73
     8
 74
     0
 42
0.000000001
 43
0.0000000001
 40
0.0
 40
0.0
 40
0.0
 40
0.0
 40
0.3333333333333333
 40
0.3333333333333333
 40
0.3333333333333333
 40
0.3333333333333333
 40
1.0
 40
1.0
 40
1.0
 40
1.0
 10
-16.856
 20
10.3543
 30
0.0
 10
-17.5251
 20
10.1884
 30
0.0
 10
-17.995
 20
9.5877
 30
0.0
 10
-17.995
 20
8.8983
 30
0.0
 10
-17.995
 20
8.8983
 30
0.0
 10
-17.995
 20
8.209
 30
0.0
 10
-17.5251
 20
7.6083
 30
0.0
 10
-16.856
 20
7.4424
 30
0.0
  0
SPLINE
  5
209
330
1F
100
AcDbEntity
  8
Layer 1
370
    25
100
AcDbSpline
210
0.0
220
0.0
230
1.0
 70
     8
 71
     3
 72
     8
 73
     4
 74
     0
 42
0.000000001
 43
0.0000000001
 40
0.0
 40
0.0
 40
0.0
 40
0.0
 40
1.0
 40
1.0
 40
1.0
 40
1.0
 10
-16.4763
 20
6.9571
 30
0.0
 10
-16.4763
 20
7.1869
 30
0.0
 10
-16.6329
 20
7.3871
 30
0.0
 10
-16.856
 20
7.4424
 30
0.0
  0
SPLINE
  5
20A
330
1F
100
AcDbEntity
  8
Layer 1
370
    25
100
AcDbSpline
210
0.0
220
0.0
230
1.0
 70
     8
 71
     3
 72
     8
 73
     4
 74
     0
 42
0.000000001
 43
0.0000000001
 40
0.0
 40
0.0
 40
0.0
 40
0.0
 40
1.0
 40
1.0
 40
1.0
 40
1.0
 10
-16.8513
 20
-2.3994
 30
0.0
 10
-16.6305
 20
-2.3424
 30
0.0
 10
-16.4763
 20
-2.1432
 30
0.0
 10
-16.4763
 20
-1.9152
 30
0.0
  0
SPLINE
  5
20B
330
1F
100
AcDbEntity
  8
Layer 1
370
    25
100
AcDbSpline
210
0.0
220
0.0
230
1.0
 70
     8
 71
     3
 72
    12
 73
     8
 74
     0
 42
0.000000001
 43
0.0000000001
 40
0.0
 40
0.0
 40
0.0
 40
0.0
 40
0.3333333333333333
 40
0.3333333333333333
 40
0.3333333333333333
 40
0.3333333333333333
 40
1.0
 40
1.0
 40
1.0
 40
1.0
 10
-16.8513
 20
-2.3994
 30
0.0
 10
-17.5136
 20
-2.5704
 30
0.0
 10
-17.9763
 20
-3.1677
 30
0.0
 10
-17.9763
 20
-3.8517
 30
0.0
 10
-17.9763
 20
-3.8517
 30
0.0
 10
-17.9763
 20
-4.5357
 30
0.0
 10
-17.5136
 20
-5.1331
 30
0.0
 10
-16.8513
 20
-5.3041
 30
0.0
  0
SPLINE
  5
20C
330
1F
100
AcDbEntity
  8
Layer 1
370
    25
100
AcDbSpline
210
0.0
220
0.0
230
1.0
 70
     8
 71
     3
 72
     8
 73
     4
 74
     0
 42
0.000000001
 43
0.0000000001
 40
0.0
 40
0.0
 40
0.0
 40
0.0
 40
1.0
 40
1.0
 40
1.0
 40
1.0
 10
-16.4763
 20
-5.7882
 30
0.0
 10
-16.4763
 20
-5.5602
 30
0.0
 10
-16.6305
 20
-5.3611
 30
0.0
 10
-16.8513
 20
-5.3041
 30
0.0
  0
SPLINE
  5
20D
330
1F
100
AcDbEntity
  8
Layer 1
370
    25
100
AcDbSpline
210
0.0
220
0.0
230
1.0
 70
     8
 71
     3
 72
     8
 73
     4
 74
     0
 42
0.000000001
 43
0.0000000001
 40
0.0
 40
0.0
 40
0.0
 40
0.0
 40
1.0
 40
1.0
 40
1.0
 40
1.0
 10
-16.8475
 20
-15.1524
 30
0.0
 10
-16.6286
 20
-15.0941
 30
0.0
 10
-16.4763
 20
-14.8958
 30
0.0
 10
-16.4763
 20
-14.6693
 30
0.0
  0
SPLINE
  5
20E
330
1F
100
AcDbEntity
  8
Layer 1
370
    25
100
AcDbSpline
210
0.0
220
0.0
230
1.0
 70
     8
 71
     3
 72
    12
 73
     8
 74
     0
 42
0.000000001
 43
0.0000000001
 40
0.0
 40
0.0
 40
0.0
 40
0.0
 40
0.3333333333333333
 40
0.3333333333333333
 40
0.3333333333333333
 40
0.3333333333333333
 40
1.0
 40
1.0
 40
1.0
 40
1.0
 10
-16.8475
 20
-15.1524
 30
0.0
 10
-17.5043
 20
-15.3274
 30
0.0
 10
-17.9613
 20
-15.9222
 30
0.0
 10
-17.9613
 20
-16.6018
 30
0.0
 10
-17.9613
 20
-16.6018
 30
0.0
 10
-17.9613
 20
-17.2815
 30
0.0
 10
-17.5043
 20
-17.8762
 30
0.0
 10
-16.8475
 20
-18.0513
 30
0.0
  0
SPLINE
  5
20F
330
1F
100
AcDbEntity
  8
Layer 1
370
    25
100
AcDbSpline
210
0.0
220
0.0
230
1.0
 70
     8
 71
     3
 72
     8
 73
     4
 74
     0
 42
0.000000001
 43
0.0000000001
 40
0.0
 40
0.0
 40
0.0
 40
0.0
 40
1.0
 40
1.0
 40
1.0
 40
1.0
 10
-16.4763
 20
-18.5344
 30
0.0
 10
-16.4763
 20
-18.3078
 30
0.0
 10
-16.6286
 20
-18.1096
 30
0.0
 10
-16.8475
 20
-18.0513
 30
0.0
  0
SPLINE
  5
210
330
1F
100
AcDbEntity
  8
Layer 1
370
    25
100
AcDbSpline
210
0.0
220
0.0
230
1.0
 70
     8
 71
     3
 72
    12
 73
     8
 74
     0
 42
0.000000001
 43
0.0000000001
 40
0.0
 40
0.0
 40
0.0
 40
0.0
 40
0.3333333333333333
 40
0.3333333333333333
 40
0.3333333333333333
 40
0.3333333333333333
 40
1.0
 40
1.0
 40
1.0
 40
1.0
 10
-16.9763
 20
-20.1018
 30
0.0
 10
-16.8437
 20
-20.1018
 30
0.0
 10
-16.7165
 20
-20.0491
 30
0.0
 10
-16.6227
 20
-19.9553
 30
0.0
 10
-16.6227
 20
-19.9553
 30
0.0
 10
-16.529
 20
-19.8616
 30
0.0
 10
-16.4763
 20
-19.7344
 30
0.0
 10
-16.4763
 20
-19.6018
 30
0.0
  0
SPLINE
  5
211
330
1F
100
AcDbEntity
  8
Layer 1
370
    25
100
AcDbSpline
210
0.0
220
0.0
230
1.0
 70
     8
 71
     3
 72
    12
 73
     8
 74
     0
 42
0.000000001
 43
0.0000000001
 40
0.0
 40
0.0
 40
0.0
 40
0.0
 40
0.3333333333333333
 40
0.3333333333333333
 40
0.3333333333333333
 40
0.3333333333333333
 40
1.0
 40
1.0
 40
1.0
 40
1.0
 10
-60.4763
 20
-17.1018
 30
0.0
 10
-60.4763
 20
-17.8974
 30
0.0
 10
-60.1602
 20
-18.6605
 30
0.0
 10
-59.5976
 20
-19.2231
 30
0.0
 10
-59.5976
 20
-19.2231
 30
0.0
 10
-59.035
 20
-19.7857
 30
0.0
 10
-58.2719
 20
-20.1018
 30
0.0
 10
-57.4763
 20
-20.1018
 30
0.0
  0
SPLINE
  5
212
330
1F
100
AcDbEntity
  8
Layer 1
370
    25
100
AcDbSpline
210
0.0
220
0.0
230
1.0
 70
     8
 71
     3
 72
     8
 73
     4
 74
     0
 42
0.000000001
 43
0.0000000001
 40
0.0
 40
0.0
 40
0.0
 40
0.0
 40
1.0
 40
1.0
 40
1.0
 40
1.0
 10
-59.4763
 20
-9.6013
 30
0.0
 10
-60.0286
 20
-9.6013
 30
0.0
 10
-60.4763
 20
-10.049
 30
0.0
 10
-60.4763
 20
-10.6013
 30
0.0
  0
SPLINE
  5
213
330
1F
100
AcDbEntity
  8
Layer 1
370
    25
100
AcDbSpline
210
0.0
220
0.0
230
1.0
 70
     8
 71
     3
 72
     8
 73
     4
 74
     0
 42
0.000000001
 43
0.0000000001
 40
0.0
 40
0.0
 40
0.0
 40
0.0
 40
1.0
 40
1.0
 40
1.0
 40
1.0
 10
-48.9287
 20
-9.9763
 30
0.0
 10
-48.9857
 20
-9.7556
 30
0.0
 10
-49.1848
 20
-9.6013
 30
0.0
 10
-49.4128
 20
-9.6013
 30
0.0
  0
SPLINE
  5
214
330
1F
100
AcDbEntity
  8
Layer 1
370
    25
100
AcDbSpline
210
0.0
220
0.0
230
1.0
 70
     8
 71
     3
 72
    16
 73
    12
 74
     0
 42
0.000000001
 43
0.0000000001
 40
0.0
 40
0.0
 40
0.0
 40
0.0
 40
0.25
 40
0.25
 40
0.25
 40
0.25
 40
0.5
 40
0.5
 40
0.5
 40
0.5
 40
1.0
 40
1.0
 40
1.0
 40
1.0
 10
-48.9287
 20
-9.9763
 30
0.0
 10
-48.7458
 20
-10.6845
 30
0.0
 10
-48.0789
 20
-11.1575
 30
0.0
 10
-47.3501
 20
-11.096
 30
0.0
 10
-47.3501
 20
-11.096
 30
0.0
 10
-46.6213
 20
-11.0345
 30
0.0
 10
-46.0431
 20
-10.4563
 30
0.0
 10
-45.9816
 20
-9.7275
 30
0.0
 10
-45.9816
 20
-9.7275
 30
0.0
 10
-45.9201
 20
-8.9987
 30
0.0
 10
-46.3931
 20
-8.3318
 30
0.0
 10
-47.1013
 20
-8.149
 30
0.0
  0
SPLINE
  5
215
330
1F
100
AcDbEntity
  8
Layer 1
370
    25
100
AcDbSpline
210
0.0
220
0.0
230
1.0
 70
     8
 71
     3
 72
    12
 73
     8
 74
     0
 42
0.000000001
 43
0.0000000001
 40
0.0
 40
0.0
 40
0.0
 40
0.0
 40
0.3333333333333333
 40
0.3333333333333333
 40
0.3333333333333333
 40
0.3333333333333333
 40
1.0
 40
1.0
 40
1.0
 40
1.0
 10
-59.8295
 20
-5.2766
 30
0.0
 10
-59.8295
 20
-5.25
 30
0.0
 10
-59.8401
 20
-5.2246
 30
0.0
 10
-59.8588
 20
-5.2058
 30
0.0
 10
-59.8588
 20
-5.2058
 30
0.0
 10
-59.8776
 20
-5.1871
 30
0.0
 10
-59.903
 20
-5.1766
 30
0.0
 10
-59.9295
 20
-5.1766
 30
0.0
  0
SPLINE
  5
216
330
1F
100
AcDbEntity
  8
Layer 1
370
    25
100
AcDbSpline
210
0.0
220
0.0
230
1.0
 70
     8
 71
     3
 72
    12
 73
     8
 74
     0
 42
0.000000001
 43
0.0000000001
 40
0.0
 40
0.0
 40
0.0
 40
0.0
 40
0.3333333333333333
 40
0.3333333333333333
 40
0.3333333333333333
 40
0.3333333333333333
 40
1.0
 40
1.0
 40
1.0
 40
1.0
 10
-57.6295
 20
-5.2766
 30
0.0
 10
-57.6295
 20
-5.25
 30
0.0
 10
-57.6401
 20
-5.2246
 30
0.0
 10
-57.6588
 20
-5.2058
 30
0.0
 10
-57.6588
 20
-5.2058
 30
0.0
 10
-57.6776
 20
-5.1871
 30
0.0
 10
-57.703
 20
-5.1766
 30
0.0
 10
-57.7295
 20
-5.1766
 30
0.0
  0
SPLINE
  5
217
330
1F
100
AcDbEntity
  8
Layer 1
370
    25
100
AcDbSpline
210
0.0
220
0.0
230
1.0
 70
     8
 71
     3
 72
    12
 73
     8
 74
     0
 42
0.000000001
 43
0.0000000001
 40
0.0
 40
0.0
 40
0.0
 40
0.0
 40
0.3333333333333333
 40
0.3333333333333333
 40
0.3333333333333333
 40
0.3333333333333333
 40
1.0
 40
1.0
 40
1.0
 40
1.0
 10
-57.7295
 20
-1.3766
 30
0.0
 10
-57.703
 20
-1.3766
 30
0.0
 10
-57.6776
 20
-1.366
 30
0.0
 10
-57.6588
 20
-1.3473
 30
0.0
 10
-57.6588
 20
-1.3473
 30
0.0
 10
-57.6401
 20
-1.3285
 30
0.0
 10
-57.6295
 20
-1.3031
 30
0.0
 10
-57.6295
 20
-1.2766
 30
0.0
  0
SPLINE
  5
218
330
1F
100
AcDbEntity
  8
Layer 1
370
    25
100
AcDbSpline
210
0.0
220
0.0
230
1.0
 70
     8
 71
     3
 72
    12
 73
     8
 74
     0
 42
0.000000001
 43
0.0000000001
 40
0.0
 40
0.0
 40
0.0
 40
0.0
 40
0.3333333333333333
 40
0.3333333333333333
 40
0.3333333333333333
 40
0.3333333333333333
 40
1.0
 40
1.0
 40
1.0
 40
1.0
 10
-59.9295
 20
-1.3766
 30
0.0
 10
-59.903
 20
-1.3766
 30
0.0
 10
-59.8776
 20
-1.366
 30
0.0
 10
-59.8588
 20
-1.3473
 30
0.0
 10
-59.8588
 20
-1.3473
 30
0.0
 10
-59.8401
 20
-1.3285
 30
0.0
 10
-59.8295
 20
-1.3031
 30
0.0
 10
-59.8295
 20
-1.2766
 30
0.0
  0
SPLINE
  5
219
330
1F
100
AcDbEntity
  8
Layer 1
370
    25
100
AcDbSpline
210
0.0
220
0.0
230
1.0
 70
     8
 71
     3
 72
    12
 73
     8
 74
     0
 42
0.000000001
 43
0.0000000001
 40
0.0
 40
0.0
 40
0.0
 40
0.0
 40
0.3333333333333333
 40
0.3333333333333333
 40
0.3333333333333333
 40
0.3333333333333333
 40
1.0
 40
1.0
 40
1.0
 40
1.0
 10
50.5237
 20
7.8982
 30
0.0
 10
49.6953
 20
7.8982
 30
0.0
 10
49.0237
 20
7.2267
 30
0.0
 10
49.0237
 20
6.3982
 30
0.0
 10
49.0237
 20
6.3982
 30
0.0
 10
49.0237
 20
5.5698
 30
0.0
 10
49.6953
 20
4.8982
 30
0.0
 10
50.5237
 20
4.8982
 30
0.0
  0
SPLINE
  5
21A
330
1F
100
AcDbEntity
  8
Layer 1
370
    25
100
AcDbSpline
210
0.0
220
0.0
230
1.0
 70
     8
 71
     3
 72
    16
 73
    12
 74
     0
 42
0.000000001
 43
0.0000000001
 40
0.0
 40
0.0
 40
0.0
 40
0.0
 40
0.25
 40
0.25
 40
0.25
 40
0.25
 40
0.5
 40
0.5
 40
0.5
 40
0.5
 40
1.0
 40
1.0
 40
1.0
 40
1.0
 10
53.5237
 20
4.8982
 30
0.0
 10
54.0596
 20
4.8982
 30
0.0
 10
54.5548
 20
5.1841
 30
0.0
 10
54.8228
 20
5.6482
 30
0.0
 10
54.8228
 20
5.6482
 30
0.0
 10
55.0907
 20
6.1123
 30
0.0
 10
55.0907
 20
6.6841
 30
0.0
 10
54.8228
 20
7.1482
 30
0.0
 10
54.8228
 20
7.1482
 30
0.0
 10
54.5548
 20
7.6123
 30
0.0
 10
54.0596
 20
7.8982
 30
0.0
 10
53.5237
 20
7.8982
 30
0.0
  0
SPLINE
  5
21B
330
1F
100
AcDbEntity
  8
Layer 1
370
    25
100
AcDbSpline
210
0.0
220
0.0
230
1.0
 70
     8
 71
     3
 72
    12
 73
     8
 74
     0
 42
0.000000001
 43
0.0000000001
 40
0.0
 40
0.0
 40
0.0
 40
0.0
 40
0.3333333333333333
 40
0.3333333333333333
 40
0.3333333333333333
 40
0.3333333333333333
 40
1.0
 40
1.0
 40
1.0
 40
1.0
 10
38.5237
 20
-20.1018
 30
0.0
 10
39.3194
 20
-20.1018
 30
0.0
 10
40.0824
 20
-19.7857
 30
0.0
 10
40.645
 20
-19.2231
 30
0.0
 10
40.645
 20
-19.2231
 30
0.0
 10
41.2076
 20
-18.6605
 30
0.0
 10
41.5237
 20
-17.8974
 30
0.0
 10
41.5237
 20
-17.1018
 30
0.0
  0
SPLINE
  5
21C
330
1F
100
AcDbEntity
  8
Layer 1
370
    25
100
AcDbSpline
210
0.0
220
0.0
230
1.0
 70
     8
 71
     3
 72
     8
 73
     4
 74
     0
 42
0.000000001
 43
0.0000000001
 40
0.0
 40
0.0
 40
0.0
 40
0.0
 40
1.0
 40
1.0
 40
1.0
 40
1.0
 10
54.9024
 20
11.5195
 30
0.0
 10
54.3398
 20
12.0822
 30
0.0
 10
53.5767
 20
12.3982
 30
0.0
 10
52.7811
 20
12.3982
 30
0.0
  0
SPLINE
  5
21D
330
1F
100
AcDbEntity
  8
Layer 1
370
    25
100
AcDbSpline
210
0.0
220
0.0
230
1.0
 70
     8
 71
     3
 72
     8
 73
     4
 74
     0
 42
0.000000001
 43
0.0000000001
 40
0.0
 40
0.0
 40
0.0
 40
0.0
 40
1.0
 40
1.0
 40
1.0
 40
1.0
 10
57.0237
 20
8.1556
 30
0.0
 10
57.0237
 20
8.9512
 30
0.0
 10
56.7076
 20
9.7143
 30
0.0
 10
56.145
 20
10.2769
 30
0.0
  0
SPLINE
  5
21E
330
1F
100
AcDbEntity
  8
Layer 1
370
    25
100
AcDbSpline
210
0.0
220
0.0
230
1.0
 70
     8
 71
     3
 72
    12
 73
     8
 74
     0
 42
0.000000001
 43
0.0000000001
 40
0.0
 40
0.0
 40
0.0
 40
0.0
 40
0.3333333333333333
 40
0.3333333333333333
 40
0.3333333333333333
 40
0.3333333333333333
 40
1.0
 40
1.0
 40
1.0
 40
1.0
 10
56.0237
 20
2.1982
 30
0.0
 10
56.2889
 20
2.1982
 30
0.0
 10
56.5433
 20
2.3036
 30
0.0
 10
56.7308
 20
2.4911
 30
0.0
 10
56.7308
 20
2.4911
 30
0.0
 10
56.9184
 20
2.6787
 30
0.0
 10
57.0237
 20
2.933
 30
0.0
 10
57.0237
 20
3.1982
 30
0.0
  0
SPLINE
  5
21F
330
1F
100
AcDbEntity
  8
Layer 1
370
    25
100
AcDbSpline
210
0.0
220
0.0
230
1.0
 70
     8
 71
     3
 72
    12
 73
     8
 74
     0
 42
0.000000001
 43
0.0000000001
 40
0.0
 40
0.0
 40
0.0
 40
0.0
 40
0.3333333333333333
 40
0.3333333333333333
 40
0.3333333333333333
 40
0.3333333333333333
 40
1.0
 40
1.0
 40
1.0
 40
1.0
 10
42.5237
 20
2.1982
 30
0.0
 10
42.2585
 20
2.1982
 30
0.0
 10
42.0041
 20
2.0929
 30
0.0
 10
41.8166
 20
1.9053
 30
0.0
 10
41.8166
 20
1.9053
 30
0.0
 10
41.6291
 20
1.7178
 30
0.0
 10
41.5237
 20
1.4634
 30
0.0
 10
41.5237
 20
1.1982
 30
0.0
  0
ENDSEC
  0
SECTION
  2
OBJECTS
  0
DICTIONARY
  5
C
330
0
100
AcDbDictionary
281
     1
  3
ACAD_DETAILVIEWSTYLE
350
25B
  3
ACAD_GROUP
350
D
  3
ACAD_LAYOUT
350
1A
  3
ACAD_MATERIAL
350
43
  3
ACAD_MLEADERSTYLE
350
6B
  3
ACAD_MLINESTYLE
350
17
  3
ACAD_PLOTSETTINGS
350
19
  3
ACAD_PLOTSTYLENAME
350
E
  3
ACAD_SCALELIST
350
47
  3
ACAD_SECTIONVIEWSTYLE
350
25C
  3
ACAD_TABLESTYLE
350
69
  3
ACAD_VISUALSTYLE
350
2A
  3
ACDB_RECOMPOSE_DATA
350
258
  3
AcDbVariableDictionary
350
220
  0
SUN
  5
6D
330
29
100
AcDbSun
 90
        1
290
     0
 63
     7
421
 16777215
 40
1.0
291
     1
 91
  2455826
 92
 54000000
292
     0
 70
     2
 71
   256
280
     1
  0
DICTIONARY
  5
25B
102
{ACAD_REACTORS
330
C
102
}
330
C
100
AcDbDictionary
281
     1
  0
DICTIONARY
  5
D
102
{ACAD_REACTORS
330
C
102
}
330
C
100
AcDbDictionary
281
     1
  0
DICTIONARY
  5
1A
102
{ACAD_REACTORS
330
C
102
}
330
C
100
AcDbDictionary
281
     1
  3
Layout1
350
1E
  3
Layout2
350
26
  3
Model
350
22
  0
DICTIONARY
  5
43
102
{ACAD_REACTORS
330
C
102
}
330
C
100
AcDbDictionary
281
     1
  3
ByBlock
350
45
  3
ByLayer
350
44
  3
Global
350
46
  0
DICTIONARY
  5
6B
102
{ACAD_REACTORS
330
C
102
}
330
C
100
AcDbDictionary
281
     1
  3
Standard
350
6C
  0
DICTIONARY
  5
17
102
{ACAD_REACTORS
330
C
102
}
330
C
100
AcDbDictionary
281
     1
  3
Standard
350
18
  0
DICTIONARY
  5
19
102
{ACAD_REACTORS
330
C
102
}
330
C
100
AcDbDictionary
281
     1
  0
ACDBDICTIONARYWDFLT
  5
E
102
{ACAD_REACTORS
330
C
102
}
330
C
100
AcDbDictionary
281
     1
  3
Normal
350
F
100
AcDbDictionaryWithDefault
340
F
  0
DICTIONARY
  5
47
102
{ACAD_REACTORS
330
C
102
}
330
C
100
AcDbDictionary
281
     1
  3
A0
350
48
  3
A1
350
49
  3
A2
350
4A
  3
A3
350
4B
  3
A4
350
4C
  3
A5
350
4D
  3
A6
350
4E
  3
A7
350
4F
  3
A8
350
50
  3
A9
350
51
  3
B0
350
52
  3
B1
350
53
  3
B2
350
54
  3
B3
350
55
  3
B4
350
56
  3
B5
350
57
  3
B6
350
58
  3
B7
350
59
  3
B8
350
5A
  3
B9
350
5B
  3
C0
350
5C
  3
C1
350
5D
  3
C2
350
5E
  3
C3
350
5F
  3
C4
350
60
  3
C5
350
61
  3
C6
350
62
  3
C7
350
63
  3
C8
350
64
  3
C9
350
65
  3
D0
350
66
  3
D1
350
67
  3
D2
350
68
  0
DICTIONARY
  5
25C
102
{ACAD_REACTORS
330
C
102
}
330
C
100
AcDbDictionary
281
     1
  0
DICTIONARY
  5
69
102
{ACAD_REACTORS
330
C
102
}
330
C
100
AcDbDictionary
281
     1
  3
Standard
350
6A
  0
DICTIONARY
  5
2A
102
{ACAD_REACTORS
330
C
102
}
330
C
100
AcDbDictionary
281
     1
  3
2dWireframe
350
2F
  3
Basic
350
32
  3
Brighten
350
36
  3
ColorChange
350
3A
  3
Conceptual
350
34
  3
Dim
350
35
  3
EdgeColorOff
350
3D
  3
Facepattern
350
39
  3
Flat
350
2B
  3
FlatWithEdges
350
2C
  3
Gouraud
350
2D
  3
GouraudWithEdges
350
2E
  3
Hidden
350
31
  3
JitterOff
350
3B
  3
Linepattern
350
38
  3
OverhangOff
350
3C
  3
Realistic
350
33
  3
Shaded
350
42
  3
Shaded with edges
350
41
  3
Shades of Gray
350
3E
  3
Sketchy
350
3F
  3
Thicken
350
37
  3
Wireframe
350
30
  3
X-Ray
350
40
  0
XRECORD
  5
258
102
{ACAD_REACTORS
330
C
102
}
330
C
100
AcDbXrecord
280
     1
 90
        1
330
6A
  0
DICTIONARY
  5
220
102
{ACAD_REACTORS
330
C
102
}
330
C
100
AcDbDictionary
281
     1
  3
CANNOSCALE
350
221
  3
CMLEADERSTYLE
350
25A
  3
CTABLESTYLE
350
259
  3
XCLIPFRAME
350
222
  0
LAYOUT
  5
1E
102
{ACAD_REACTORS
330
1A
102
}
330
1A
100
AcDbPlotSettings
  1

  2
none_device
  4

  6

 40
0.0
 41
0.0
 42
0.0
 43
0.0
 44
0.0
 45
0.0
 46
0.0
 47
0.0
 48
0.0
 49
0.0
140
0.0
141
0.0
142
1.0
143
1.0
 70
   688
 72
     0
 73
     0
 74
     5
  7

 75
    16
 76
     0
 77
     2
 78
   300
147
1.0
148
0.0
149
0.0
100
AcDbLayout
  1
Layout1
 70
     1
 71
     1
 10
0.0
 20
0.0
 11
12.0
 21
9.0
 12
0.0
 22
0.0
 32
0.0
 14
1.000000000000000E+20
 24
1.000000000000000E+20
 34
1.000000000000000E+20
 15
-1.000000000000000E+20
 25
-1.000000000000000E+20
 35
-1.000000000000000E+20
146
0.0
 13
0.0
 23
0.0
 33
0.0
 16
1.0
 26
0.0
 36
0.0
 17
0.0
 27
1.0
 37
0.0
 76
     0
330
1B
  0
LAYOUT
  5
26
102
{ACAD_REACTORS
330
1A
102
}
330
1A
100
AcDbPlotSettings
  1

  2
none_device
  4

  6

 40
0.0
 41
0.0
 42
0.0
 43
0.0
 44
0.0
 45
0.0
 46
0.0
 47
0.0
 48
0.0
 49
0.0
140
0.0
141
0.0
142
1.0
143
1.0
 70
   688
 72
     0
 73
     0
 74
     5
  7

 75
    16
 76
     0
 77
     2
 78
   300
147
1.0
148
0.0
149
0.0
100
AcDbLayout
  1
Layout2
 70
     1
 71
     2
 10
0.0
 20
0.0
 11
0.0
 21
0.0
 12
0.0
 22
0.0
 32
0.0
 14
0.0
 24
0.0
 34
0.0
 15
0.0
 25
0.0
 35
0.0
146
0.0
 13
0.0
 23
0.0
 33
0.0
 16
1.0
 26
0.0
 36
0.0
 17
0.0
 27
1.0
 37
0.0
 76
     0
330
23
  0
LAYOUT
  5
22
102
{ACAD_REACTORS
330
1A
102
}
330
1A
100
AcDbPlotSettings
  1

  2
none_device
  4
Letter_(8.50_x_11.00_Inches)
  6

 40
6.35
 41
6.35
 42
6.35000508
 43
6.35000508
 44
215.9
 45
279.4
 46
0.0
 47
0.0
 48
0.0
 49
0.0
140
0.0
141
0.0
142
1.0
143
1.0
 70
  1712
 72
     0
 73
     0
 74
     0
  7

 75
     0
 76
     0
 77
     2
 78
   300
147
1.0
148
0.0
149
0.0
100
AcDbLayout
  1
Model
 70
     1
 71
     0
 10
0.0
 20
0.0
 11
12.0
 21
9.0
 12
0.0
 22
0.0
 32
0.0
 14
-60.8545
 24
-20.2268
 34
0.0
 15
57.1487
 25
15.587
 35
0.0
146
0.0
 13
0.0
 23
0.0
 33
0.0
 16
1.0
 26
0.0
 36
0.0
 17
0.0
 27
1.0
 37
0.0
 76
     0
330
1F
331
29
  0
MATERIAL
  5
45
102
{ACAD_REACTORS
330
43
102
}
330
43
100
AcDbMaterial
  1
ByBlock
 72
     1
 94
      127
  0
MATERIAL
  5
44
102
{ACAD_REACTORS
330
43
102
}
330
43
100
AcDbMaterial
  1
ByLayer
 72
     1
 94
      127
  0
MATERIAL
  5
46
102
{ACAD_REACTORS
330
43
102
}
330
43
100
AcDbMaterial
  1
Global
 72
     1
 94
      127
  0
MLEADERSTYLE
  5
6C
102
{ACAD_REACTORS
330
6B
102
}
102
{ACAD_XDICTIONARY
360
256
102
}
330
6B
100
AcDbMLeaderStyle
170
     2
171
     1
172
     0
 90
        2
 40
0.0
 41
0.0
173
     1
 91
-1056964608
340
14
 92
       -2
290
     1
 42
0.09
291
     1
 43
0.36
  3
Standard
341
0
 44
0.18
300

342
11
174
     1
178
     6
175
     1
176
     0
 93
-1056964608
 45
0.18
292
     0
297
     0
 46
0.18
343
0
 94
-1056964608
 47
1.0
 49
1.0
140
1.0
293
     1
141
0.0
294
     1
177
     0
142
1.0
295
     0
296
     0
143
0.125
1001
ACAD_MLEADERVER
1070
     2
  0
MLINESTYLE
  5
18
102
{ACAD_REACTORS
330
17
102
}
330
17
100
AcDbMlineStyle
  2
Standard
 70
     0
  3

 62
   256
 51
90.0
 52
90.0
 71
     2
 49
0.5
 62
   256
  6
BYLAYER
 49
-0.5
 62
   256
  6
BYLAYER
  0
ACDBPLACEHOLDER
  5
F
102
{ACAD_REACTORS
330
E
102
}
330
E
  0
SCALE
  5
48
102
{ACAD_REACTORS
330
47
102
}
330
47
100
AcDbScale
 70
     0
300
1:1
140
1.0
141
1.0
290
     1
  0
SCALE
  5
49
102
{ACAD_REACTORS
330
47
102
}
330
47
100
AcDbScale
 70
     0
300
1:2
140
1.0
141
2.0
290
     0
  0
SCALE
  5
4A
102
{ACAD_REACTORS
330
47
102
}
330
47
100
AcDbScale
 70
     0
300
1:4
140
1.0
141
4.0
290
     0
  0
SCALE
  5
4B
102
{ACAD_REACTORS
330
47
102
}
330
47
100
AcDbScale
 70
     0
300
1:5
140
1.0
141
5.0
290
     0
  0
SCALE
  5
4C
102
{ACAD_REACTORS
330
47
102
}
330
47
100
AcDbScale
 70
     0
300
1:8
140
1.0
141
8.0
290
     0
  0
SCALE
  5
4D
102
{ACAD_REACTORS
330
47
102
}
330
47
100
AcDbScale
 70
     0
300
1:10
140
1.0
141
10.0
290
     0
  0
SCALE
  5
4E
102
{ACAD_REACTORS
330
47
102
}
330
47
100
AcDbScale
 70
     0
300
1:16
140
1.0
141
16.0
290
     0
  0
SCALE
  5
4F
102
{ACAD_REACTORS
330
47
102
}
330
47
100
AcDbScale
 70
     0
300
1:20
140
1.0
141
20.0
290
     0
  0
SCALE
  5
50
102
{ACAD_REACTORS
330
47
102
}
330
47
100
AcDbScale
 70
     0
300
1:30
140
1.0
141
30.0
290
     0
  0
SCALE
  5
51
102
{ACAD_REACTORS
330
47
102
}
330
47
100
AcDbScale
 70
     0
300
1:40
140
1.0
141
40.0
290
     0
  0
SCALE
  5
52
102
{ACAD_REACTORS
330
47
102
}
330
47
100
AcDbScale
 70
     0
300
1:50
140
1.0
141
50.0
290
     0
  0
SCALE
  5
53
102
{ACAD_REACTORS
330
47
102
}
330
47
100
AcDbScale
 70
     0
300
1:100
140
1.0
141
100.0
290
     0
  0
SCALE
  5
54
102
{ACAD_REACTORS
330
47
102
}
330
47
100
AcDbScale
 70
     0
300
2:1
140
2.0
141
1.0
290
     0
  0
SCALE
  5
55
102
{ACAD_REACTORS
330
47
102
}
330
47
100
AcDbScale
 70
     0
300
4:1
140
4.0
141
1.0
290
     0
  0
SCALE
  5
56
102
{ACAD_REACTORS
330
47
102
}
330
47
100
AcDbScale
 70
     0
300
8:1
140
8.0
141
1.0
290
     0
  0
SCALE
  5
57
102
{ACAD_REACTORS
330
47
102
}
330
47
100
AcDbScale
 70
     0
300
10:1
140
10.0
141
1.0
290
     0
  0
SCALE
  5
58
102
{ACAD_REACTORS
330
47
102
}
330
47
100
AcDbScale
 70
     0
300
100:1
140
100.0
141
1.0
290
     0
  0
SCALE
  5
59
102
{ACAD_REACTORS
330
47
102
}
330
47
100
AcDbScale
 70
     0
300
1/128" = 1'-0"
140
0.0078125
141
12.0
290
     0
  0
SCALE
  5
5A
102
{ACAD_REACTORS
330
47
102
}
330
47
100
AcDbScale
 70
     0
300
1/64" = 1'-0"
140
0.015625
141
12.0
290
     0
  0
SCALE
  5
5B
102
{ACAD_REACTORS
330
47
102
}
330
47
100
AcDbScale
 70
     0
300
1/32" = 1'-0"
140
0.03125
141
12.0
290
     0
  0
SCALE
  5
5C
102
{ACAD_REACTORS
330
47
102
}
330
47
100
AcDbScale
 70
     0
300
1/16" = 1'-0"
140
0.0625
141
12.0
290
     0
  0
SCALE
  5
5D
102
{ACAD_REACTORS
330
47
102
}
330
47
100
AcDbScale
 70
     0
300
3/32" = 1'-0"
140
0.09375
141
12.0
290
     0
  0
SCALE
  5
5E
102
{ACAD_REACTORS
330
47
102
}
330
47
100
AcDbScale
 70
     0
300
1/8" = 1'-0"
140
0.125
141
12.0
290
     0
  0
SCALE
  5
5F
102
{ACAD_REACTORS
330
47
102
}
330
47
100
AcDbScale
 70
     0
300
3/16" = 1'-0"
140
0.1875
141
12.0
290
     0
  0
SCALE
  5
60
102
{ACAD_REACTORS
330
47
102
}
330
47
100
AcDbScale
 70
     0
300
1/4" = 1'-0"
140
0.25
141
12.0
290
     0
  0
SCALE
  5
61
102
{ACAD_REACTORS
330
47
102
}
330
47
100
AcDbScale
 70
     0
300
3/8" = 1'-0"
140
0.375
141
12.0
290
     0
  0
SCALE
  5
62
102
{ACAD_REACTORS
330
47
102
}
330
47
100
AcDbScale
 70
     0
300
1/2" = 1'-0"
140
0.5
141
12.0
290
     0
  0
SCALE
  5
63
102
{ACAD_REACTORS
330
47
102
}
330
47
100
AcDbScale
 70
     0
300
3/4" = 1'-0"
140
0.75
141
12.0
290
     0
  0
SCALE
  5
64
102
{ACAD_REACTORS
330
47
102
}
330
47
100
AcDbScale
 70
     0
300
1" = 1'-0"
140
1.0
141
12.0
290
     0
  0
SCALE
  5
65
102
{ACAD_REACTORS
330
47
102
}
330
47
100
AcDbScale
 70
     0
300
1-1/2" = 1'-0"
140
1.5
141
12.0
290
     0
  0
SCALE
  5
66
102
{ACAD_REACTORS
330
47
102
}
330
47
100
AcDbScale
 70
     0
300
3" = 1'-0"
140
3.0
141
12.0
290
     0
  0
SCALE
  5
67
102
{ACAD_REACTORS
330
47
102
}
330
47
100
AcDbScale
 70
     0
300
6" = 1'-0"
140
6.0
141
12.0
290
     0
  0
SCALE
  5
68
102
{ACAD_REACTORS
330
47
102
}
330
47
100
AcDbScale
 70
     0
300
1'-0" = 1'-0"
140
12.0
141
12.0
290
     0
  0
TABLESTYLE
  5
6A
102
{ACAD_REACTORS
330
69
102
}
102
{ACAD_XDICTIONARY
360
253
102
}
330
69
100
AcDbTableStyle
  3
Standard
 70
     0
 71
     0
 40
0.06
 41
0.06
280
     0
281
     0
  7
Standard
140
0.18
170
     2
 62
     0
 63
   257
283
     0
 90
        4
 91
        0
  1

274
    -2
284
     1
 64
     0
275
    -2
285
     1
 65
     0
276
    -2
286
     1
 66
     0
277
    -2
287
     1
 67
     0
278
    -2
288
     1
 68
     0
279
    -2
289
     1
 69
     0
  7
Standard
140
0.25
170
     5
 62
     0
 63
   257
283
     0
 90
        4
 91
        0
  1

274
    -2
284
     1
 64
     0
275
    -2
285
     1
 65
     0
276
    -2
286
     1
 66
     0
277
    -2
287
     1
 67
     0
278
    -2
288
     1
 68
     0
279
    -2
289
     1
 69
     0
  7
Standard
140
0.18
170
     5
 62
     0
 63
   257
283
     0
 90
        4
 91
        0
  1

274
    -2
284
     1
 64
     0
275
    -2
285
     1
 65
     0
276
    -2
286
     1
 66
     0
277
    -2
287
     1
 67
     0
278
    -2
288
     1
 68
     0
279
    -2
289
     1
 69
     0
  0
VISUALSTYLE
  5
2F
102
{ACAD_REACTORS
330
2A
102
}
102
{ACAD_XDICTIONARY
360
22B
102
}
330
2A
100
AcDbVisualStyle
  2
2dWireframe
 70
     4
 71
     0
 72
     2
 73
     0
 90
        0
 40
0.6
 41
30.0
 62
     5
 63
     7
421
 16777215
 74
     1
 91
        4
 64
     7
 65
   257
 75
     1
175
     1
 42
1.0
 92
        0
 66
   257
 43
1.0
 76
     1
 77
     6
 78
     2
 67
     7
 79
     5
170
     0
171
     0
290
     0
174
     0
 93
        1
 44
0.0
173
     0
291
     0
 45
0.0
  0
VISUALSTYLE
  5
32
102
{ACAD_REACTORS
330
2A
102
}
102
{ACAD_XDICTIONARY
360
231
102
}
330
2A
100
AcDbVisualStyle
  2
Basic
 70
     7
 71
     1
 72
     0
 73
     1
 90
        0
 40
0.6
 41
30.0
 62
     5
 63
     7
421
 16777215
 74
     0
 91
        4
 64
     7
 65
   257
 75
     1
175
     1
 42
1.0
 92
        8
 66
     7
 43
1.0
 76
     1
 77
     6
 78
     2
 67
     7
 79
     5
170
     0
171
     0
290
     0
174
     0
 93
        1
 44
0.0
173
     0
291
     1
 45
0.0
  0
VISUALSTYLE
  5
36
102
{ACAD_REACTORS
330
2A
102
}
102
{ACAD_XDICTIONARY
360
239
102
}
330
2A
100
AcDbVisualStyle
  2
Brighten
 70
    12
 71
     2
 72
     2
 73
     0
 90
        0
 40
0.6
 41
30.0
 62
     5
 63
     7
421
 16777215
 74
     1
 91
        4
 64
     7
 65
   257
 75
     1
175
     1
 42
1.0
 92
        8
 66
     7
 43
1.0
 76
     1
 77
     6
 78
     2
 67
     7
 79
     5
170
     0
171
     0
290
     0
174
     0
 93
        1
 44
50.0
173
     0
291
     1
 45
0.0
  0
VISUALSTYLE
  5
3A
102
{ACAD_REACTORS
330
2A
102
}
102
{ACAD_XDICTIONARY
360
241
102
}
330
2A
100
AcDbVisualStyle
  2
ColorChange
 70
    16
 71
     2
 72
     2
 73
     3
 90
        0
 40
0.6
 41
30.0
 62
     5
 63
     8
421
  8421504
 74
     1
 91
        4
 64
     7
 65
   257
 75
     1
175
     1
 42
1.0
 92
        8
 66
     8
424
  8421504
 43
1.0
 76
     1
 77
     6
 78
     2
 67
     7
 79
     5
170
     0
171
     0
290
     0
174
     0
 93
        1
 44
0.0
173
     0
291
     1
 45
0.0
  0
VISUALSTYLE
  5
34
102
{ACAD_REACTORS
330
2A
102
}
102
{ACAD_XDICTIONARY
360
235
102
}
330
2A
100
AcDbVisualStyle
  2
Conceptual
 70
     9
 71
     3
 72
     2
 73
     0
 90
        0
 40
0.6
 41
30.0
 62
     5
 63
     7
421
 16777215
 74
     2
 91
        2
 64
     7
 65
   257
 75
     1
175
     1
 42
179.0
 92
        8
 66
     7
 43
1.0
 76
     1
 77
     6
 78
     2
 67
     7
 79
     3
170
     0
171
     0
290
     0
174
     0
 93
        1
 44
0.0
173
     0
291
     0
 45
0.0
  0
VISUALSTYLE
  5
35
102
{ACAD_REACTORS
330
2A
102
}
102
{ACAD_XDICTIONARY
360
237
102
}
330
2A
100
AcDbVisualStyle
  2
Dim
 70
    11
 71
     2
 72
     2
 73
     0
 90
        0
 40
0.6
 41
30.0
 62
     5
 63
     7
421
 16777215
 74
     1
 91
        4
 64
     7
 65
   257
 75
     1
175
     1
 42
1.0
 92
        8
 66
     7
 43
1.0
 76
     1
 77
     6
 78
     2
 67
     7
 79
     5
170
     0
171
     0
290
     0
174
     0
 93
        1
 44
-50.0
173
     0
291
     1
 45
0.0
  0
VISUALSTYLE
  5
3D
102
{ACAD_REACTORS
330
2A
102
}
102
{ACAD_XDICTIONARY
360
247
102
}
330
2A
100
AcDbVisualStyle
  2
EdgeColorOff
 70
    22
 71
     2
 72
     2
 73
     0
 90
        0
 40
0.6
 41
30.0
 62
     5
 63
     7
421
 16777215
 74
     1
 91
        4
 64
     7
 65
   257
 75
     1
175
     1
 42
1.0
 92
        8
 66
     7
 43
1.0
 76
     1
 77
     6
 78
     2
 67
     7
 79
     5
170
     0
171
     0
290
     0
174
     0
 93
        1
 44
0.0
173
     0
291
     1
 45
0.0
  0
VISUALSTYLE
  5
39
102
{ACAD_REACTORS
330
2A
102
}
102
{ACAD_XDICTIONARY
360
23F
102
}
330
2A
100
AcDbVisualStyle
  2
Facepattern
 70
    15
 71
     2
 72
     2
 73
     0
 90
        0
 40
0.6
 41
30.0
 62
     5
 63
     7
421
 16777215
 74
     1
 91
        4
 64
     7
 65
   257
 75
     1
175
     1
 42
1.0
 92
        8
 66
     7
 43
1.0
 76
     1
 77
     6
 78
     2
 67
     7
 79
     5
170
     0
171
     0
290
     0
174
     0
 93
        1
 44
0.0
173
     0
291
     1
 45
0.0
  0
VISUALSTYLE
  5
2B
102
{ACAD_REACTORS
330
2A
102
}
102
{ACAD_XDICTIONARY
360
223
102
}
330
2A
100
AcDbVisualStyle
  2
Flat
 70
     0
 71
     2
 72
     1
 73
     1
 90
        2
 40
0.6
 41
30.0
 62
     5
 63
     7
421
 16777215
 74
     0
 91
        0
 64
     7
 65
   257
 75
     1
175
     1
 42
1.0
 92
        8
 66
     7
 43
1.0
 76
     1
 77
     6
 78
     2
 67
     7
 79
     5
170
     0
171
     0
290
     0
174
     0
 93
       13
 44
0.0
173
     0
291
     1
 45
0.0
  0
VISUALSTYLE
  5
2C
102
{ACAD_REACTORS
330
2A
102
}
102
{ACAD_XDICTIONARY
360
225
102
}
330
2A
100
AcDbVisualStyle
  2
FlatWithEdges
 70
     1
 71
     2
 72
     1
 73
     1
 90
        2
 40
0.6
 41
30.0
 62
     5
 63
     7
421
 16777215
 74
     1
 91
        0
 64
     7
 65
   257
 75
     1
175
     1
 42
1.0
 92
        0
 66
   257
 43
1.0
 76
     1
 77
     6
 78
     2
 67
     7
 79
     5
170
     0
171
     0
290
     0
174
     0
 93
       13
 44
0.0
173
     0
291
     1
 45
0.0
  0
VISUALSTYLE
  5
2D
102
{ACAD_REACTORS
330
2A
102
}
102
{ACAD_XDICTIONARY
360
227
102
}
330
2A
100
AcDbVisualStyle
  2
Gouraud
 70
     2
 71
     2
 72
     2
 73
     1
 90
        2
 40
0.6
 41
30.0
 62
     5
 63
     7
421
 16777215
 74
     0
 91
        0
 64
     7
 65
   257
 75
     1
175
     1
 42
1.0
 92
        0
 66
     7
 43
1.0
 76
     1
 77
     6
 78
     2
 67
     7
 79
     5
170
     0
171
     0
290
     0
174
     0
 93
       13
 44
0.0
173
     0
291
     1
 45
0.0
  0
VISUALSTYLE
  5
2E
102
{ACAD_REACTORS
330
2A
102
}
102
{ACAD_XDICTIONARY
360
229
102
}
330
2A
100
AcDbVisualStyle
  2
GouraudWithEdges
 70
     3
 71
     2
 72
     2
 73
     1
 90
        2
 40
0.6
 41
30.0
 62
     5
 63
     7
421
 16777215
 74
     1
 91
        0
 64
     7
 65
   257
 75
     1
175
     1
 42
1.0
 92
        0
 66
   257
 43
1.0
 76
     1
 77
     6
 78
     2
 67
     7
 79
     5
170
     0
171
     0
290
     0
174
     0
 93
       13
 44
0.0
173
     0
291
     1
 45
0.0
  0
VISUALSTYLE
  5
31
102
{ACAD_REACTORS
330
2A
102
}
102
{ACAD_XDICTIONARY
360
22F
102
}
330
2A
100
AcDbVisualStyle
  2
Hidden
 70
     6
 71
     1
 72
     2
 73
     2
 90
        0
 40
0.6
 41
30.0
 62
     5
 63
     7
421
 16777215
 74
     2
 91
        2
 64
     7
 65
   257
 75
     2
175
     1
 42
40.0
 92
        0
 66
   257
 43
1.0
 76
     1
 77
     6
 78
     2
 67
     7
 79
     3
170
     0
171
     0
290
     0
174
     0
 93
        1
 44
0.0
173
     0
291
     0
 45
0.0
  0
VISUALSTYLE
  5
3B
102
{ACAD_REACTORS
330
2A
102
}
102
{ACAD_XDICTIONARY
360
243
102
}
330
2A
100
AcDbVisualStyle
  2
JitterOff
 70
    20
 71
     2
 72
     2
 73
     0
 90
        0
 40
0.6
 41
30.0
 62
     5
 63
     7
421
 16777215
 74
     1
 91
        4
 64
     7
 65
   257
 75
     1
175
     1
 42
1.0
 92
       10
 66
     7
 43
1.0
 76
     1
 77
     6
 78
     2
 67
     7
 79
     5
170
     0
171
     0
290
     0
174
     0
 93
        1
 44
0.0
173
     0
291
     1
 45
0.0
  0
VISUALSTYLE
  5
38
102
{ACAD_REACTORS
330
2A
102
}
102
{ACAD_XDICTIONARY
360
23D
102
}
330
2A
100
AcDbVisualStyle
  2
Linepattern
 70
    14
 71
     2
 72
     2
 73
     0
 90
        0
 40
0.6
 41
30.0
 62
     5
 63
     7
421
 16777215
 74
     1
 91
        4
 64
     7
 65
   257
 75
     7
175
     7
 42
1.0
 92
        8
 66
     7
 43
1.0
 76
     1
 77
     6
 78
     2
 67
     7
 79
     5
170
     0
171
     0
290
     0
174
     0
 93
        1
 44
0.0
173
     0
291
     1
 45
0.0
  0
VISUALSTYLE
  5
3C
102
{ACAD_REACTORS
330
2A
102
}
102
{ACAD_XDICTIONARY
360
245
102
}
330
2A
100
AcDbVisualStyle
  2
OverhangOff
 70
    21
 71
     2
 72
     2
 73
     0
 90
        0
 40
0.6
 41
30.0
 62
     5
 63
     7
421
 16777215
 74
     1
 91
        4
 64
     7
 65
   257
 75
     1
175
     1
 42
1.0
 92
        9
 66
     7
 43
1.0
 76
     1
 77
     6
 78
     2
 67
     7
 79
     5
170
     0
171
     0
290
     0
174
     0
 93
        1
 44
0.0
173
     0
291
     1
 45
0.0
  0
VISUALSTYLE
  5
33
102
{ACAD_REACTORS
330
2A
102
}
102
{ACAD_XDICTIONARY
360
233
102
}
330
2A
100
AcDbVisualStyle
  2
Realistic
 70
     8
 71
     2
 72
     3
 73
     0
 90
        2
 40
0.6
 41
30.0
 62
     5
 63
     7
421
 16777215
 74
     0
 91
        0
 64
     7
 65
   257
 75
     1
175
     1
 42
1.0
 92
        8
 66
   257
 43
1.0
 76
     1
 77
     6
 78
     2
 67
     7
 79
     3
170
     0
171
     0
290
     0
174
     0
 93
       13
 44
0.0
173
     0
291
     0
 45
0.0
  0
VISUALSTYLE
  5
42
102
{ACAD_REACTORS
330
2A
102
}
102
{ACAD_XDICTIONARY
360
251
102
}
330
2A
100
AcDbVisualStyle
  2
Shaded
 70
    27
 71
     2
 72
     2
 73
     1
 90
        2
 40
0.6
 41
30.0
 62
     5
 63
     7
421
 16777215
 74
     0
 91
        4
 64
     7
 65
   257
 75
     1
175
     1
 42
1.0
 92
        8
 66
   257
 43
1.0
 76
     1
 77
     6
 78
     2
 67
     8
425
  7895160
 79
     3
170
     0
171
     0
290
     0
174
     0
 93
        5
 44
0.0
173
     0
291
     0
 45
0.0
  0
VISUALSTYLE
  5
41
102
{ACAD_REACTORS
330
2A
102
}
102
{ACAD_XDICTIONARY
360
24F
102
}
330
2A
100
AcDbVisualStyle
  2
Shaded with edges
 70
    26
 71
     2
 72
     2
 73
     1
 90
        2
 40
0.6
 41
30.0
 62
     5
 63
     7
421
 16777215
 74
     1
 91
       10
 64
     7
 65
   257
 75
     2
175
     1
 42
1.0
 92
        8
 66
   257
 43
1.0
 76
     1
 77
     6
 78
     2
 67
     7
 79
     3
170
     0
171
     0
290
     0
174
     0
 93
        5
 44
0.0
173
     0
291
     0
 45
0.0
  0
VISUALSTYLE
  5
3E
102
{ACAD_REACTORS
330
2A
102
}
102
{ACAD_XDICTIONARY
360
249
102
}
330
2A
100
AcDbVisualStyle
  2
Shades of Gray
 70
    23
 71
     2
 72
     2
 73
     3
 90
        0
 40
0.6
 41
30.0
 62
     5
 63
     7
421
 16777215
 74
     2
 91
        2
 64
     7
 65
     7
 75
     1
175
     1
 42
40.0
 92
        8
 66
     7
 43
1.0
 76
     1
 77
     6
 78
     2
 67
     7
 79
     3
170
     0
171
     0
290
     0
174
     0
 93
        1
 44
0.0
173
     0
291
     0
 45
0.0
  0
VISUALSTYLE
  5
3F
102
{ACAD_REACTORS
330
2A
102
}
102
{ACAD_XDICTIONARY
360
24B
102
}
330
2A
100
AcDbVisualStyle
  2
Sketchy
 70
    24
 71
     1
 72
     2
 73
     2
 90
        0
 40
0.6
 41
30.0
 62
     5
 63
     7
421
 16777215
 74
     2
 91
        2
 64
     7
 65
     7
 75
     1
175
     1
 42
40.0
 92
       11
 66
     7
 43
1.0
 76
     1
 77
     6
 78
     2
 67
     7
 79
     6
170
     0
171
     0
290
     0
174
     0
 93
        1
 44
0.0
173
     0
291
     0
 45
0.0
  0
VISUALSTYLE
  5
37
102
{ACAD_REACTORS
330
2A
102
}
102
{ACAD_XDICTIONARY
360
23B
102
}
330
2A
100
AcDbVisualStyle
  2
Thicken
 70
    13
 71
     2
 72
     2
 73
     0
 90
        0
 40
0.6
 41
30.0
 62
     5
 63
     7
421
 16777215
 74
     1
 91
        4
 64
     7
 65
   257
 75
     1
175
     1
 42
1.0
 92
       12
 66
     7
 43
1.0
 76
     1
 77
     6
 78
     2
 67
     7
 79
     5
170
     0
171
     0
290
     0
174
     0
 93
        1
 44
0.0
173
     0
291
     1
 45
0.0
  0
VISUALSTYLE
  5
30
102
{ACAD_REACTORS
330
2A
102
}
102
{ACAD_XDICTIONARY
360
22D
102
}
330
2A
100
AcDbVisualStyle
  2
Wireframe
 70
     5
 71
     0
 72
     2
 73
     0
 90
        0
 40
0.6
 41
30.0
 62
     5
 63
     7
421
 16777215
 74
     1
 91
        4
 64
     7
 65
   257
 75
     1
175
     1
 42
1.0
 92
        0
 66
   257
 43
1.0
 76
     1
 77
     6
 78
     2
 67
     7
 79
     3
170
     0
171
     0
290
     0
174
     0
 93
        1
 44
0.0
173
     0
291
     0
 45
0.0
  0
VISUALSTYLE
  5
40
102
{ACAD_REACTORS
330
2A
102
}
102
{ACAD_XDICTIONARY
360
24D
102
}
330
2A
100
AcDbVisualStyle
  2
X-Ray
 70
    25
 71
     2
 72
     2
 73
     1
 90
        1
 40
0.5
 41
30.0
 62
     5
 63
     7
421
 16777215
 74
     1
 91
        0
 64
     7
 65
   257
 75
     1
175
     1
 42
1.0
 92
        8
 66
     7
 43
1.0
 76
     1
 77
     6
 78
     2
 67
     7
 79
     3
170
     0
171
     0
290
     0
174
     0
 93
       13
 44
0.0
173
     0
291
     0
 45
0.0
  0
DICTIONARYVAR
  5
221
102
{ACAD_REACTORS
330
220
102
}
330
220
100
DictionaryVariables
280
     0
  1
1:1
  0
DICTIONARYVAR
  5
25A
102
{ACAD_REACTORS
330
220
102
}
330
220
100
DictionaryVariables
280
     0
  1
Standard
  0
DICTIONARYVAR
  5
259
102
{ACAD_REACTORS
330
220
102
}
330
220
100
DictionaryVariables
280
     0
  1
Standard
  0
DICTIONARYVAR
  5
222
102
{ACAD_REACTORS
330
220
102
}
330
220
100
DictionaryVariables
280
     0
  1
2
  0
DICTIONARY
  5
256
330
6C
100
AcDbDictionary
280
     1
281
     1
  3
ACAD_XREC_ROUNDTRIP
360
257
  0
DICTIONARY
  5
253
330
6A
100
AcDbDictionary
280
     1
281
     1
  3
ACAD_ROUNDTRIP_2008_TABLESTYLE_CELLSTYLEMAP
360
254
  0
DICTIONARY
  5
22B
330
2F
100
AcDbDictionary
280
     1
281
     1
  3
ACAD_XREC_ROUNDTRIP
360
22C
  0
DICTIONARY
  5
231
330
32
100
AcDbDictionary
280
     1
281
     1
  3
ACAD_XREC_ROUNDTRIP
360
232
  0
DICTIONARY
  5
239
330
36
100
AcDbDictionary
280
     1
281
     1
  3
ACAD_XREC_ROUNDTRIP
360
23A
  0
DICTIONARY
  5
241
330
3A
100
AcDbDictionary
280
     1
281
     1
  3
ACAD_XREC_ROUNDTRIP
360
242
  0
DICTIONARY
  5
235
330
34
100
AcDbDictionary
280
     1
281
     1
  3
ACAD_XREC_ROUNDTRIP
360
236
  0
DICTIONARY
  5
237
330
35
100
AcDbDictionary
280
     1
281
     1
  3
ACAD_XREC_ROUNDTRIP
360
238
  0
DICTIONARY
  5
247
330
3D
100
AcDbDictionary
280
     1
281
     1
  3
ACAD_XREC_ROUNDTRIP
360
248
  0
DICTIONARY
  5
23F
330
39
100
AcDbDictionary
280
     1
281
     1
  3
ACAD_XREC_ROUNDTRIP
360
240
  0
DICTIONARY
  5
223
330
2B
100
AcDbDictionary
280
     1
281
     1
  3
ACAD_XREC_ROUNDTRIP
360
224
  0
DICTIONARY
  5
225
330
2C
100
AcDbDictionary
280
     1
281
     1
  3
ACAD_XREC_ROUNDTRIP
360
226
  0
DICTIONARY
  5
227
330
2D
100
AcDbDictionary
280
     1
281
     1
  3
ACAD_XREC_ROUNDTRIP
360
228
  0
DICTIONARY
  5
229
330
2E
100
AcDbDictionary
280
     1
281
     1
  3
ACAD_XREC_ROUNDTRIP
360
22A
  0
DICTIONARY
  5
22F
330
31
100
AcDbDictionary
280
     1
281
     1
  3
ACAD_XREC_ROUNDTRIP
360
230
  0
DICTIONARY
  5
243
330
3B
100
AcDbDictionary
280
     1
281
     1
  3
ACAD_XREC_ROUNDTRIP
360
244
  0
DICTIONARY
  5
23D
330
38
100
AcDbDictionary
280
     1
281
     1
  3
ACAD_XREC_ROUNDTRIP
360
23E
  0
DICTIONARY
  5
245
330
3C
100
AcDbDictionary
280
     1
281
     1
  3
ACAD_XREC_ROUNDTRIP
360
246
  0
DICTIONARY
  5
233
330
33
100
AcDbDictionary
280
     1
281
     1
  3
ACAD_XREC_ROUNDTRIP
360
234
  0
DICTIONARY
  5
251
330
42
100
AcDbDictionary
280
     1
281
     1
  3
ACAD_XREC_ROUNDTRIP
360
252
  0
DICTIONARY
  5
24F
330
41
100
AcDbDictionary
280
     1
281
     1
  3
ACAD_XREC_ROUNDTRIP
360
250
  0
DICTIONARY
  5
249
330
3E
100
AcDbDictionary
280
     1
281
     1
  3
ACAD_XREC_ROUNDTRIP
360
24A
  0
DICTIONARY
  5
24B
330
3F
100
AcDbDictionary
280
     1
281
     1
  3
ACAD_XREC_ROUNDTRIP
360
24C
  0
DICTIONARY
  5
23B
330
37
100
AcDbDictionary
280
     1
281
     1
  3
ACAD_XREC_ROUNDTRIP
360
23C
  0
DICTIONARY
  5
22D
330
30
100
AcDbDictionary
280
     1
281
     1
  3
ACAD_XREC_ROUNDTRIP
360
22E
  0
DICTIONARY
  5
24D
330
40
100
AcDbDictionary
280
     1
281
     1
  3
ACAD_XREC_ROUNDTRIP
360
24E
  0
XRECORD
  5
257
102
{ACAD_REACTORS
330
256
102
}
330
256
100
AcDbXrecord
280
     1
102
ACAD_ROUNDTRIP_2010_MLEADER_STYLE
  0
CELLSTYLEMAP
  5
254
102
{ACAD_REACTORS
330
253
102
}
330
253
100
AcDbCellStyleMap
 90
        3
300
CELLSTYLE
  1
TABLEFORMAT_BEGIN
 90
        5
170
     1
 91
        0
 92
    32768
 62
   257
 93
        1
300
CONTENTFORMAT
  1
CONTENTFORMAT_BEGIN
 90
        0
 91
        0
 92
        4
 93
        0
300

 40
0.0
140
1.0
 94
        5
 62
     0
340
11
144
0.25
309
CONTENTFORMAT_END
171
     1
301
MARGIN
  1
CELLMARGIN_BEGIN
 40
0.06
 40
0.06
 40
0.06
 40
0.06
 40
0.06
 40
0.06
309
CELLMARGIN_END
 94
        6
 95
        1
302
GRIDFORMAT
  1
GRIDFORMAT_BEGIN
 90
        0
 91
        1
 62
     0
 92
       -2
340
14
 93
        0
 40
0.045
309
GRIDFORMAT_END
 95
        2
302
GRIDFORMAT
  1
GRIDFORMAT_BEGIN
 90
        0
 91
        1
 62
     0
 92
       -2
340
14
 93
        0
 40
0.045
309
GRIDFORMAT_END
 95
        4
302
GRIDFORMAT
  1
GRIDFORMAT_BEGIN
 90
        0
 91
        1
 62
     0
 92
       -2
340
14
 93
        0
 40
0.045
309
GRIDFORMAT_END
 95
        8
302
GRIDFORMAT
  1
GRIDFORMAT_BEGIN
 90
        0
 91
        1
 62
     0
 92
       -2
340
14
 93
        0
 40
0.045
309
GRIDFORMAT_END
 95
       16
302
GRIDFORMAT
  1
GRIDFORMAT_BEGIN
 90
        0
 91
        1
 62
     0
 92
       -2
340
14
 93
        0
 40
0.045
309
GRIDFORMAT_END
 95
       32
302
GRIDFORMAT
  1
GRIDFORMAT_BEGIN
 90
        0
 91
        1
 62
     0
 92
       -2
340
14
 93
        0
 40
0.045
309
GRIDFORMAT_END
309
TABLEFORMAT_END
  1
CELLSTYLE_BEGIN
 90
        1
 91
        1
300
_TITLE
309
CELLSTYLE_END
300
CELLSTYLE
  1
TABLEFORMAT_BEGIN
 90
        5
170
     1
 91
        0
 92
        0
 62
   257
 93
        1
300
CONTENTFORMAT
  1
CONTENTFORMAT_BEGIN
 90
        0
 91
        0
 92
        4
 93
        0
300

 40
0.0
140
1.0
 94
        5
 62
     0
340
11
144
0.18
309
CONTENTFORMAT_END
171
     1
301
MARGIN
  1
CELLMARGIN_BEGIN
 40
0.06
 40
0.06
 40
0.06
 40
0.06
 40
0.06
 40
0.06
309
CELLMARGIN_END
 94
        6
 95
        1
302
GRIDFORMAT
  1
GRIDFORMAT_BEGIN
 90
        0
 91
        1
 62
     0
 92
       -2
340
14
 93
        0
 40
0.045
309
GRIDFORMAT_END
 95
        2
302
GRIDFORMAT
  1
GRIDFORMAT_BEGIN
 90
        0
 91
        1
 62
     0
 92
       -2
340
14
 93
        0
 40
0.045
309
GRIDFORMAT_END
 95
        4
302
GRIDFORMAT
  1
GRIDFORMAT_BEGIN
 90
        0
 91
        1
 62
     0
 92
       -2
340
14
 93
        0
 40
0.045
309
GRIDFORMAT_END
 95
        8
302
GRIDFORMAT
  1
GRIDFORMAT_BEGIN
 90
        0
 91
        1
 62
     0
 92
       -2
340
14
 93
        0
 40
0.045
309
GRIDFORMAT_END
 95
       16
302
GRIDFORMAT
  1
GRIDFORMAT_BEGIN
 90
        0
 91
        1
 62
     0
 92
       -2
340
14
 93
        0
 40
0.045
309
GRIDFORMAT_END
 95
       32
302
GRIDFORMAT
  1
GRIDFORMAT_BEGIN
 90
        0
 91
        1
 62
     0
 92
       -2
340
14
 93
        0
 40
0.045
309
GRIDFORMAT_END
309
TABLEFORMAT_END
  1
CELLSTYLE_BEGIN
 90
        2
 91
        1
300
_HEADER
309
CELLSTYLE_END
300
CELLSTYLE
  1
TABLEFORMAT_BEGIN
 90
        5
170
     1
 91
        0
 92
        0
 62
   257
 93
        1
300
CONTENTFORMAT
  1
CONTENTFORMAT_BEGIN
 90
        0
 91
        0
 92
        4
 93
        0
300

 40
0.0
140
1.0
 94
        2
 62
     0
340
11
144
0.18
309
CONTENTFORMAT_END
171
     1
301
MARGIN
  1
CELLMARGIN_BEGIN
 40
0.06
 40
0.06
 40
0.06
 40
0.06
 40
0.06
 40
0.06
309
CELLMARGIN_END
 94
        6
 95
        1
302
GRIDFORMAT
  1
GRIDFORMAT_BEGIN
 90
        0
 91
        1
 62
     0
 92
       -2
340
14
 93
        0
 40
0.045
309
GRIDFORMAT_END
 95
        2
302
GRIDFORMAT
  1
GRIDFORMAT_BEGIN
 90
        0
 91
        1
 62
     0
 92
       -2
340
14
 93
        0
 40
0.045
309
GRIDFORMAT_END
 95
        4
302
GRIDFORMAT
  1
GRIDFORMAT_BEGIN
 90
        0
 91
        1
 62
     0
 92
       -2
340
14
 93
        0
 40
0.045
309
GRIDFORMAT_END
 95
        8
302
GRIDFORMAT
  1
GRIDFORMAT_BEGIN
 90
        0
 91
        1
 62
     0
 92
       -2
340
14
 93
        0
 40
0.045
309
GRIDFORMAT_END
 95
       16
302
GRIDFORMAT
  1
GRIDFORMAT_BEGIN
 90
        0
 91
        1
 62
     0
 92
       -2
340
14
 93
        0
 40
0.045
309
GRIDFORMAT_END
 95
       32
302
GRIDFORMAT
  1
GRIDFORMAT_BEGIN
 90
        0
 91
        1
 62
     0
 92
       -2
340
14
 93
        0
 40
0.045
309
GRIDFORMAT_END
309
TABLEFORMAT_END
  1
CELLSTYLE_BEGIN
 90
        3
 91
        2
300
_DATA
309
CELLSTYLE_END
  0
XRECORD
  5
22C
102
{ACAD_REACTORS
330
22B
102
}
330
22B
100
AcDbXrecord
280
     1
102
RTVSPropertyOp0
 70
     1
102
RTVSPropertyOp1
 70
     1
102
RTVSPropertyOp2
 70
     1
102
RTVSPropertyOp3
 70
     1
102
RTVSPropertyOp4
 70
     1
102
RTVSPropertyOp5
 70
     1
102
RTVSPropertyOp6
 70
     1
102
RTVSPropertyOp7
 70
     1
102
RTVSPropertyOp8
 70
     1
102
RTVSPropertyOp9
 70
     1
102
RTVSPropertyOp10
 70
     1
102
RTVSPropertyOp11
 70
     1
102
RTVSPropertyOp12
 70
     1
102
RTVSPropertyOp13
 70
     1
102
RTVSPropertyOp14
 70
     1
102
RTVSPropertyOp15
 70
     1
102
RTVSPropertyOp16
 70
     1
102
RTVSPropertyOp17
 70
     1
102
RTVSPropertyOp18
 70
     1
102
RTVSPropertyOp19
 70
     1
102
RTVSPropertyOp20
 70
     1
102
RTVSPropertyOp21
 70
     1
102
RTVSPropertyOp22
 70
     1
102
RTVSPropertyOp23
 70
     1
102
RTVSPropertyOp24
 70
     1
102
RTVSPropertyOp25
 70
     1
102
RTVSPropertyOp26
 70
     1
102
RTVSPropertyOp27
 70
     1
102
RTVSPropertyOp28
 70
     1
102
RTVSPropertyOp29
 70
     1
102
RTVSPropertyOp30
 70
     1
102
RTVSPropertyOp31
 70
     1
102
RTVSPropertyOp32
 70
     1
102
RTVSPropertyOp33
 70
     1
102
RTVSPropertyOp34
 70
     1
102
RTVSPropertyOp35
 70
     1
102
RTVSPropertyOp36
 70
     1
102
RTVSPropertyOp37
 70
     1
102
RTVSPropertyOp38
 70
     1
102
RTVSPropertyOp39
 70
     1
102
RTVSPropertyOp40
 70
     1
102
RTVSPropertyOp41
 70
     1
102
RTVSPropertyOp42
 70
     1
102
RTVSPropertyOp43
 70
     1
102
RTVSPropertyOp44
 70
     1
102
RTVSPropertyOp45
 70
     1
102
RTVSPropertyOp46
 70
     1
102
RTVSPropertyOp47
 70
     1
102
RTVSPropertyOp48
 70
     1
102
RTVSPropertyOp49
 70
     1
102
RTVSPropertyOp50
 70
     1
102
RTVSPropertyOp51
 70
     0
102
RTVSPropertyOp52
 70
     0
102
RTVSPropertyOp53
 70
     1
102
RTVSPropertyOp54
 70
     1
102
RTVSPropertyOp55
 70
     1
102
RTVSPropertyOp56
 70
     1
102
RTVSPropertyOp57
 70
     1
102
RTVSPost2010Prop28
280
     1
102
RTVSPost2010PropOp28
 70
     1
102
RTVSPost2010Prop29
280
     1
102
RTVSPost2010PropOp29
 70
     1
102
RTVSPost2010Prop30
280
     0
102
RTVSPost2010PropOp30
 70
     1
102
RTVSPost2010Prop31
280
     0
102
RTVSPost2010PropOp31
 70
     1
102
RTVSPost2010Prop32
280
     0
102
RTVSPost2010PropOp32
 70
     1
102
RTVSPost2010Prop33
280
     0
102
RTVSPost2010PropOp33
 70
     1
102
RTVSPost2010Prop34
280
     0
102
RTVSPost2010PropOp34
 70
     1
102
RTVSPost2010Prop35
280
     0
102
RTVSPost2010PropOp35
 70
     1
102
RTVSPost2010Prop36
280
     0
102
RTVSPost2010PropOp36
 70
     1
102
RTVSPost2010Prop37
 90
       50
102
RTVSPost2010PropOp37
 70
     1
102
RTVSPost2010Prop38
140
0.0
102
RTVSPost2010PropOp38
 70
     1
102
RTVSPost2010Prop39
140
1.0
102
RTVSPost2010PropOp39
 70
     1
102
RTVSPost2010Prop40
 90
        0
102
RTVSPost2010PropOp40
 70
     1
102
RTVSPost2010Prop41ColorIndex
 90
       18
102
RTVSPost2010Prop41ColorRGB
 90
        0
102
RTVSPost2010PropOp41
 70
     1
102
RTVSPost2010Prop42
 90
       50
102
RTVSPost2010PropOp42
 70
     1
102
RTVSPost2010Prop43
 90
        3
102
RTVSPost2010PropOp43
 70
     1
102
RTVSPost2010Prop44ColorIndex
 90
        5
102
RTVSPost2010Prop44ColorRGB
 90
      255
102
RTVSPost2010PropOp44
 70
     1
102
RTVSPost2010Prop45
280
     0
102
RTVSPost2010PropOp45
 70
     1
102
RTVSPost2010Prop46
 90
       50
102
RTVSPost2010PropOp46
 70
     1
102
RTVSPost2010Prop47
 90
       50
102
RTVSPost2010PropOp47
 70
     1
102
RTVSPost2010Prop48
 90
       50
102
RTVSPost2010PropOp48
 70
     1
102
RTVSPost2010Prop49
280
     0
102
RTVSPost2010PropOp49
 70
     1
102
RTVSPost2010Prop50
 90
       50
102
RTVSPost2010PropOp50
 70
     1
102
RTVSPost2010Prop51ColorIndex
 90
      256
102
RTVSPost2010Prop51ColorRGB
 90
-16777216
102
RTVSPost2010PropOp51
 70
     0
102
RTVSPost2010Prop52
140
1.0
102
RTVSPost2010PropOp52
 70
     0
102
RTVSPost2010Prop53
 90
        2
102
RTVSPost2010PropOp53
 70
     1
102
RTVSPost2010Prop54
  1
strokes_ogs.tif
102
RTVSPost2010PropOp54
 70
     1
102
RTVSPost2010Prop55
280
     0
102
RTVSPost2010PropOp55
 70
     1
102
RTVSPost2010Prop56
140
1.0
102
RTVSPost2010PropOp56
 70
     1
102
RTVSPost2010Prop57
140
1.0
102
RTVSPost2010PropOp57
 70
     1
  0
XRECORD
  5
232
102
{ACAD_REACTORS
330
231
102
}
330
231
100
AcDbXrecord
280
     1
102
RTVSPropertyOp0
 70
     1
102
RTVSPropertyOp1
 70
     1
102
RTVSPropertyOp2
 70
     1
102
RTVSPropertyOp3
 70
     1
102
RTVSPropertyOp4
 70
     1
102
RTVSPropertyOp5
 70
     1
102
RTVSPropertyOp6
 70
     1
102
RTVSPropertyOp7
 70
     1
102
RTVSPropertyOp8
 70
     1
102
RTVSPropertyOp9
 70
     1
102
RTVSPropertyOp10
 70
     1
102
RTVSPropertyOp11
 70
     1
102
RTVSPropertyOp12
 70
     1
102
RTVSPropertyOp13
 70
     1
102
RTVSPropertyOp14
 70
     1
102
RTVSPropertyOp15
 70
     1
102
RTVSPropertyOp16
 70
     1
102
RTVSPropertyOp17
 70
     1
102
RTVSPropertyOp18
 70
     1
102
RTVSPropertyOp19
 70
     1
102
RTVSPropertyOp20
 70
     1
102
RTVSPropertyOp21
 70
     1
102
RTVSPropertyOp22
 70
     1
102
RTVSPropertyOp23
 70
     1
102
RTVSPropertyOp24
 70
     1
102
RTVSPropertyOp25
 70
     1
102
RTVSPropertyOp26
 70
     1
102
RTVSPropertyOp27
 70
     1
102
RTVSPropertyOp28
 70
     1
102
RTVSPropertyOp29
 70
     1
102
RTVSPropertyOp30
 70
     1
102
RTVSPropertyOp31
 70
     1
102
RTVSPropertyOp32
 70
     1
102
RTVSPropertyOp33
 70
     1
102
RTVSPropertyOp34
 70
     1
102
RTVSPropertyOp35
 70
     1
102
RTVSPropertyOp36
 70
     1
102
RTVSPropertyOp37
 70
     1
102
RTVSPropertyOp38
 70
     1
102
RTVSPropertyOp39
 70
     1
102
RTVSPropertyOp40
 70
     1
102
RTVSPropertyOp41
 70
     1
102
RTVSPropertyOp42
 70
     1
102
RTVSPropertyOp43
 70
     1
102
RTVSPropertyOp44
 70
     1
102
RTVSPropertyOp45
 70
     1
102
RTVSPropertyOp46
 70
     1
102
RTVSPropertyOp47
 70
     1
102
RTVSPropertyOp48
 70
     1
102
RTVSPropertyOp49
 70
     1
102
RTVSPropertyOp50
 70
     1
102
RTVSPropertyOp51
 70
     0
102
RTVSPropertyOp52
 70
     0
102
RTVSPropertyOp53
 70
     1
102
RTVSPropertyOp54
 70
     1
102
RTVSPropertyOp55
 70
     1
102
RTVSPropertyOp56
 70
     1
102
RTVSPropertyOp57
 70
     1
102
RTVSPost2010Prop28
280
     0
102
RTVSPost2010PropOp28
 70
     1
102
RTVSPost2010Prop29
280
     1
102
RTVSPost2010PropOp29
 70
     1
102
RTVSPost2010Prop30
280
     1
102
RTVSPost2010PropOp30
 70
     1
102
RTVSPost2010Prop31
280
     0
102
RTVSPost2010PropOp31
 70
     1
102
RTVSPost2010Prop32
280
     0
102
RTVSPost2010PropOp32
 70
     1
102
RTVSPost2010Prop33
280
     0
102
RTVSPost2010PropOp33
 70
     1
102
RTVSPost2010Prop34
280
     0
102
RTVSPost2010PropOp34
 70
     1
102
RTVSPost2010Prop35
280
     0
102
RTVSPost2010PropOp35
 70
     1
102
RTVSPost2010Prop36
280
     0
102
RTVSPost2010PropOp36
 70
     1
102
RTVSPost2010Prop37
 90
       50
102
RTVSPost2010PropOp37
 70
     1
102
RTVSPost2010Prop38
140
0.0
102
RTVSPost2010PropOp38
 70
     1
102
RTVSPost2010Prop39
140
1.0
102
RTVSPost2010PropOp39
 70
     1
102
RTVSPost2010Prop40
 90
        0
102
RTVSPost2010PropOp40
 70
     1
102
RTVSPost2010Prop41ColorIndex
 90
       18
102
RTVSPost2010Prop41ColorRGB
 90
        0
102
RTVSPost2010PropOp41
 70
     1
102
RTVSPost2010Prop42
 90
       50
102
RTVSPost2010PropOp42
 70
     1
102
RTVSPost2010Prop43
 90
        3
102
RTVSPost2010PropOp43
 70
     1
102
RTVSPost2010Prop44ColorIndex
 90
        5
102
RTVSPost2010Prop44ColorRGB
 90
      255
102
RTVSPost2010PropOp44
 70
     1
102
RTVSPost2010Prop45
280
     0
102
RTVSPost2010PropOp45
 70
     1
102
RTVSPost2010Prop46
 90
       50
102
RTVSPost2010PropOp46
 70
     1
102
RTVSPost2010Prop47
 90
       50
102
RTVSPost2010PropOp47
 70
     1
102
RTVSPost2010Prop48
 90
       50
102
RTVSPost2010PropOp48
 70
     1
102
RTVSPost2010Prop49
280
     0
102
RTVSPost2010PropOp49
 70
     1
102
RTVSPost2010Prop50
 90
       50
102
RTVSPost2010PropOp50
 70
     1
102
RTVSPost2010Prop51ColorIndex
 90
      256
102
RTVSPost2010Prop51ColorRGB
 90
-16777216
102
RTVSPost2010PropOp51
 70
     0
102
RTVSPost2010Prop52
140
1.0
102
RTVSPost2010PropOp52
 70
     0
102
RTVSPost2010Prop53
 90
        2
102
RTVSPost2010PropOp53
 70
     1
102
RTVSPost2010Prop54
  1
strokes_ogs.tif
102
RTVSPost2010PropOp54
 70
     1
102
RTVSPost2010Prop55
280
     0
102
RTVSPost2010PropOp55
 70
     1
102
RTVSPost2010Prop56
140
1.0
102
RTVSPost2010PropOp56
 70
     1
102
RTVSPost2010Prop57
140
1.0
102
RTVSPost2010PropOp57
 70
     1
  0
XRECORD
  5
23A
102
{ACAD_REACTORS
330
239
102
}
330
239
100
AcDbXrecord
280
     1
102
RTVSPropertyOp0
 70
     1
102
RTVSPropertyOp1
 70
     1
102
RTVSPropertyOp2
 70
     1
102
RTVSPropertyOp3
 70
     1
102
RTVSPropertyOp4
 70
     1
102
RTVSPropertyOp5
 70
     1
102
RTVSPropertyOp6
 70
     1
102
RTVSPropertyOp7
 70
     1
102
RTVSPropertyOp8
 70
     1
102
RTVSPropertyOp9
 70
     1
102
RTVSPropertyOp10
 70
     1
102
RTVSPropertyOp11
 70
     1
102
RTVSPropertyOp12
 70
     1
102
RTVSPropertyOp13
 70
     1
102
RTVSPropertyOp14
 70
     1
102
RTVSPropertyOp15
 70
     1
102
RTVSPropertyOp16
 70
     1
102
RTVSPropertyOp17
 70
     1
102
RTVSPropertyOp18
 70
     1
102
RTVSPropertyOp19
 70
     1
102
RTVSPropertyOp20
 70
     1
102
RTVSPropertyOp21
 70
     1
102
RTVSPropertyOp22
 70
     1
102
RTVSPropertyOp23
 70
     1
102
RTVSPropertyOp24
 70
     1
102
RTVSPropertyOp25
 70
     1
102
RTVSPropertyOp26
 70
     1
102
RTVSPropertyOp27
 70
     1
102
RTVSPropertyOp28
 70
     1
102
RTVSPropertyOp29
 70
     1
102
RTVSPropertyOp30
 70
     1
102
RTVSPropertyOp31
 70
     1
102
RTVSPropertyOp32
 70
     1
102
RTVSPropertyOp33
 70
     1
102
RTVSPropertyOp34
 70
     1
102
RTVSPropertyOp35
 70
     1
102
RTVSPropertyOp36
 70
     1
102
RTVSPropertyOp37
 70
     1
102
RTVSPropertyOp38
 70
     1
102
RTVSPropertyOp39
 70
     1
102
RTVSPropertyOp40
 70
     1
102
RTVSPropertyOp41
 70
     1
102
RTVSPropertyOp42
 70
     1
102
RTVSPropertyOp43
 70
     1
102
RTVSPropertyOp44
 70
     1
102
RTVSPropertyOp45
 70
     1
102
RTVSPropertyOp46
 70
     1
102
RTVSPropertyOp47
 70
     1
102
RTVSPropertyOp48
 70
     1
102
RTVSPropertyOp49
 70
     1
102
RTVSPropertyOp50
 70
     1
102
RTVSPropertyOp51
 70
     0
102
RTVSPropertyOp52
 70
     0
102
RTVSPropertyOp53
 70
     1
102
RTVSPropertyOp54
 70
     1
102
RTVSPropertyOp55
 70
     1
102
RTVSPropertyOp56
 70
     1
102
RTVSPropertyOp57
 70
     1
102
RTVSPost2010Prop28
280
     0
102
RTVSPost2010PropOp28
 70
     1
102
RTVSPost2010Prop29
280
     1
102
RTVSPost2010PropOp29
 70
     1
102
RTVSPost2010Prop30
280
     1
102
RTVSPost2010PropOp30
 70
     1
102
RTVSPost2010Prop31
280
     0
102
RTVSPost2010PropOp31
 70
     1
102
RTVSPost2010Prop32
280
     0
102
RTVSPost2010PropOp32
 70
     1
102
RTVSPost2010Prop33
280
     0
102
RTVSPost2010PropOp33
 70
     1
102
RTVSPost2010Prop34
280
     0
102
RTVSPost2010PropOp34
 70
     1
102
RTVSPost2010Prop35
280
     0
102
RTVSPost2010PropOp35
 70
     1
102
RTVSPost2010Prop36
280
     0
102
RTVSPost2010PropOp36
 70
     1
102
RTVSPost2010Prop37
 90
       50
102
RTVSPost2010PropOp37
 70
     1
102
RTVSPost2010Prop38
140
0.0
102
RTVSPost2010PropOp38
 70
     1
102
RTVSPost2010Prop39
140
1.0
102
RTVSPost2010PropOp39
 70
     1
102
RTVSPost2010Prop40
 90
        0
102
RTVSPost2010PropOp40
 70
     1
102
RTVSPost2010Prop41ColorIndex
 90
       18
102
RTVSPost2010Prop41ColorRGB
 90
        0
102
RTVSPost2010PropOp41
 70
     1
102
RTVSPost2010Prop42
 90
       50
102
RTVSPost2010PropOp42
 70
     1
102
RTVSPost2010Prop43
 90
        3
102
RTVSPost2010PropOp43
 70
     1
102
RTVSPost2010Prop44ColorIndex
 90
        5
102
RTVSPost2010Prop44ColorRGB
 90
      255
102
RTVSPost2010PropOp44
 70
     1
102
RTVSPost2010Prop45
280
     0
102
RTVSPost2010PropOp45
 70
     1
102
RTVSPost2010Prop46
 90
       50
102
RTVSPost2010PropOp46
 70
     1
102
RTVSPost2010Prop47
 90
       50
102
RTVSPost2010PropOp47
 70
     1
102
RTVSPost2010Prop48
 90
       50
102
RTVSPost2010PropOp48
 70
     1
102
RTVSPost2010Prop49
280
     0
102
RTVSPost2010PropOp49
 70
     1
102
RTVSPost2010Prop50
 90
       50
102
RTVSPost2010PropOp50
 70
     1
102
RTVSPost2010Prop51ColorIndex
 90
      256
102
RTVSPost2010Prop51ColorRGB
 90
-16777216
102
RTVSPost2010PropOp51
 70
     0
102
RTVSPost2010Prop52
140
1.0
102
RTVSPost2010PropOp52
 70
     0
102
RTVSPost2010Prop53
 90
        2
102
RTVSPost2010PropOp53
 70
     1
102
RTVSPost2010Prop54
  1
strokes_ogs.tif
102
RTVSPost2010PropOp54
 70
     1
102
RTVSPost2010Prop55
280
     0
102
RTVSPost2010PropOp55
 70
     1
102
RTVSPost2010Prop56
140
1.0
102
RTVSPost2010PropOp56
 70
     1
102
RTVSPost2010Prop57
140
1.0
102
RTVSPost2010PropOp57
 70
     1
  0
XRECORD
  5
242
102
{ACAD_REACTORS
330
241
102
}
330
241
100
AcDbXrecord
280
     1
102
RTVSPropertyOp0
 70
     1
102
RTVSPropertyOp1
 70
     1
102
RTVSPropertyOp2
 70
     1
102
RTVSPropertyOp3
 70
     1
102
RTVSPropertyOp4
 70
     1
102
RTVSPropertyOp5
 70
     1
102
RTVSPropertyOp6
 70
     1
102
RTVSPropertyOp7
 70
     1
102
RTVSPropertyOp8
 70
     1
102
RTVSPropertyOp9
 70
     1
102
RTVSPropertyOp10
 70
     1
102
RTVSPropertyOp11
 70
     1
102
RTVSPropertyOp12
 70
     1
102
RTVSPropertyOp13
 70
     1
102
RTVSPropertyOp14
 70
     1
102
RTVSPropertyOp15
 70
     1
102
RTVSPropertyOp16
 70
     1
102
RTVSPropertyOp17
 70
     1
102
RTVSPropertyOp18
 70
     1
102
RTVSPropertyOp19
 70
     1
102
RTVSPropertyOp20
 70
     1
102
RTVSPropertyOp21
 70
     1
102
RTVSPropertyOp22
 70
     1
102
RTVSPropertyOp23
 70
     1
102
RTVSPropertyOp24
 70
     1
102
RTVSPropertyOp25
 70
     1
102
RTVSPropertyOp26
 70
     1
102
RTVSPropertyOp27
 70
     1
102
RTVSPropertyOp28
 70
     1
102
RTVSPropertyOp29
 70
     1
102
RTVSPropertyOp30
 70
     1
102
RTVSPropertyOp31
 70
     1
102
RTVSPropertyOp32
 70
     1
102
RTVSPropertyOp33
 70
     1
102
RTVSPropertyOp34
 70
     1
102
RTVSPropertyOp35
 70
     1
102
RTVSPropertyOp36
 70
     1
102
RTVSPropertyOp37
 70
     1
102
RTVSPropertyOp38
 70
     1
102
RTVSPropertyOp39
 70
     1
102
RTVSPropertyOp40
 70
     1
102
RTVSPropertyOp41
 70
     1
102
RTVSPropertyOp42
 70
     1
102
RTVSPropertyOp43
 70
     1
102
RTVSPropertyOp44
 70
     1
102
RTVSPropertyOp45
 70
     1
102
RTVSPropertyOp46
 70
     1
102
RTVSPropertyOp47
 70
     1
102
RTVSPropertyOp48
 70
     1
102
RTVSPropertyOp49
 70
     1
102
RTVSPropertyOp50
 70
     1
102
RTVSPropertyOp51
 70
     0
102
RTVSPropertyOp52
 70
     0
102
RTVSPropertyOp53
 70
     1
102
RTVSPropertyOp54
 70
     1
102
RTVSPropertyOp55
 70
     1
102
RTVSPropertyOp56
 70
     1
102
RTVSPropertyOp57
 70
     1
102
RTVSPost2010Prop28
280
     0
102
RTVSPost2010PropOp28
 70
     1
102
RTVSPost2010Prop29
280
     1
102
RTVSPost2010PropOp29
 70
     1
102
RTVSPost2010Prop30
280
     1
102
RTVSPost2010PropOp30
 70
     1
102
RTVSPost2010Prop31
280
     0
102
RTVSPost2010PropOp31
 70
     1
102
RTVSPost2010Prop32
280
     0
102
RTVSPost2010PropOp32
 70
     1
102
RTVSPost2010Prop33
280
     0
102
RTVSPost2010PropOp33
 70
     1
102
RTVSPost2010Prop34
280
     0
102
RTVSPost2010PropOp34
 70
     1
102
RTVSPost2010Prop35
280
     0
102
RTVSPost2010PropOp35
 70
     1
102
RTVSPost2010Prop36
280
     0
102
RTVSPost2010PropOp36
 70
     1
102
RTVSPost2010Prop37
 90
       50
102
RTVSPost2010PropOp37
 70
     1
102
RTVSPost2010Prop38
140
0.0
102
RTVSPost2010PropOp38
 70
     1
102
RTVSPost2010Prop39
140
1.0
102
RTVSPost2010PropOp39
 70
     1
102
RTVSPost2010Prop40
 90
        0
102
RTVSPost2010PropOp40
 70
     1
102
RTVSPost2010Prop41ColorIndex
 90
       18
102
RTVSPost2010Prop41ColorRGB
 90
        0
102
RTVSPost2010PropOp41
 70
     1
102
RTVSPost2010Prop42
 90
       50
102
RTVSPost2010PropOp42
 70
     1
102
RTVSPost2010Prop43
 90
        3
102
RTVSPost2010PropOp43
 70
     1
102
RTVSPost2010Prop44ColorIndex
 90
        5
102
RTVSPost2010Prop44ColorRGB
 90
      255
102
RTVSPost2010PropOp44
 70
     1
102
RTVSPost2010Prop45
280
     0
102
RTVSPost2010PropOp45
 70
     1
102
RTVSPost2010Prop46
 90
       50
102
RTVSPost2010PropOp46
 70
     1
102
RTVSPost2010Prop47
 90
       50
102
RTVSPost2010PropOp47
 70
     1
102
RTVSPost2010Prop48
 90
       50
102
RTVSPost2010PropOp48
 70
     1
102
RTVSPost2010Prop49
280
     0
102
RTVSPost2010PropOp49
 70
     1
102
RTVSPost2010Prop50
 90
       50
102
RTVSPost2010PropOp50
 70
     1
102
RTVSPost2010Prop51ColorIndex
 90
      256
102
RTVSPost2010Prop51ColorRGB
 90
-16777216
102
RTVSPost2010PropOp51
 70
     0
102
RTVSPost2010Prop52
140
1.0
102
RTVSPost2010PropOp52
 70
     0
102
RTVSPost2010Prop53
 90
        2
102
RTVSPost2010PropOp53
 70
     1
102
RTVSPost2010Prop54
  1
strokes_ogs.tif
102
RTVSPost2010PropOp54
 70
     1
102
RTVSPost2010Prop55
280
     0
102
RTVSPost2010PropOp55
 70
     1
102
RTVSPost2010Prop56
140
1.0
102
RTVSPost2010PropOp56
 70
     1
102
RTVSPost2010Prop57
140
1.0
102
RTVSPost2010PropOp57
 70
     1
  0
XRECORD
  5
236
102
{ACAD_REACTORS
330
235
102
}
330
235
100
AcDbXrecord
280
     1
102
RTVSPropertyOp0
 70
     1
102
RTVSPropertyOp1
 70
     1
102
RTVSPropertyOp2
 70
     1
102
RTVSPropertyOp3
 70
     1
102
RTVSPropertyOp4
 70
     1
102
RTVSPropertyOp5
 70
     1
102
RTVSPropertyOp6
 70
     1
102
RTVSPropertyOp7
 70
     1
102
RTVSPropertyOp8
 70
     1
102
RTVSPropertyOp9
 70
     1
102
RTVSPropertyOp10
 70
     1
102
RTVSPropertyOp11
 70
     1
102
RTVSPropertyOp12
 70
     1
102
RTVSPropertyOp13
 70
     1
102
RTVSPropertyOp14
 70
     1
102
RTVSPropertyOp15
 70
     1
102
RTVSPropertyOp16
 70
     1
102
RTVSPropertyOp17
 70
     1
102
RTVSPropertyOp18
 70
     1
102
RTVSPropertyOp19
 70
     1
102
RTVSPropertyOp20
 70
     1
102
RTVSPropertyOp21
 70
     1
102
RTVSPropertyOp22
 70
     1
102
RTVSPropertyOp23
 70
     1
102
RTVSPropertyOp24
 70
     1
102
RTVSPropertyOp25
 70
     1
102
RTVSPropertyOp26
 70
     1
102
RTVSPropertyOp27
 70
     1
102
RTVSPropertyOp28
 70
     1
102
RTVSPropertyOp29
 70
     1
102
RTVSPropertyOp30
 70
     1
102
RTVSPropertyOp31
 70
     1
102
RTVSPropertyOp32
 70
     1
102
RTVSPropertyOp33
 70
     1
102
RTVSPropertyOp34
 70
     1
102
RTVSPropertyOp35
 70
     1
102
RTVSPropertyOp36
 70
     1
102
RTVSPropertyOp37
 70
     1
102
RTVSPropertyOp38
 70
     1
102
RTVSPropertyOp39
 70
     1
102
RTVSPropertyOp40
 70
     1
102
RTVSPropertyOp41
 70
     1
102
RTVSPropertyOp42
 70
     1
102
RTVSPropertyOp43
 70
     1
102
RTVSPropertyOp44
 70
     1
102
RTVSPropertyOp45
 70
     1
102
RTVSPropertyOp46
 70
     1
102
RTVSPropertyOp47
 70
     1
102
RTVSPropertyOp48
 70
     1
102
RTVSPropertyOp49
 70
     1
102
RTVSPropertyOp50
 70
     1
102
RTVSPropertyOp51
 70
     0
102
RTVSPropertyOp52
 70
     0
102
RTVSPropertyOp53
 70
     1
102
RTVSPropertyOp54
 70
     1
102
RTVSPropertyOp55
 70
     1
102
RTVSPropertyOp56
 70
     1
102
RTVSPropertyOp57
 70
     1
102
RTVSPost2010Prop28
280
     0
102
RTVSPost2010PropOp28
 70
     1
102
RTVSPost2010Prop29
280
     1
102
RTVSPost2010PropOp29
 70
     1
102
RTVSPost2010Prop30
280
     1
102
RTVSPost2010PropOp30
 70
     1
102
RTVSPost2010Prop31
280
     0
102
RTVSPost2010PropOp31
 70
     1
102
RTVSPost2010Prop32
280
     0
102
RTVSPost2010PropOp32
 70
     1
102
RTVSPost2010Prop33
280
     0
102
RTVSPost2010PropOp33
 70
     1
102
RTVSPost2010Prop34
280
     0
102
RTVSPost2010PropOp34
 70
     1
102
RTVSPost2010Prop35
280
     0
102
RTVSPost2010PropOp35
 70
     1
102
RTVSPost2010Prop36
280
     0
102
RTVSPost2010PropOp36
 70
     1
102
RTVSPost2010Prop37
 90
       50
102
RTVSPost2010PropOp37
 70
     1
102
RTVSPost2010Prop38
140
0.0
102
RTVSPost2010PropOp38
 70
     1
102
RTVSPost2010Prop39
140
1.0
102
RTVSPost2010PropOp39
 70
     1
102
RTVSPost2010Prop40
 90
        0
102
RTVSPost2010PropOp40
 70
     1
102
RTVSPost2010Prop41ColorIndex
 90
       18
102
RTVSPost2010Prop41ColorRGB
 90
        0
102
RTVSPost2010PropOp41
 70
     1
102
RTVSPost2010Prop42
 90
       50
102
RTVSPost2010PropOp42
 70
     1
102
RTVSPost2010Prop43
 90
        3
102
RTVSPost2010PropOp43
 70
     1
102
RTVSPost2010Prop44ColorIndex
 90
        5
102
RTVSPost2010Prop44ColorRGB
 90
      255
102
RTVSPost2010PropOp44
 70
     1
102
RTVSPost2010Prop45
280
     0
102
RTVSPost2010PropOp45
 70
     1
102
RTVSPost2010Prop46
 90
       50
102
RTVSPost2010PropOp46
 70
     1
102
RTVSPost2010Prop47
 90
       50
102
RTVSPost2010PropOp47
 70
     1
102
RTVSPost2010Prop48
 90
       50
102
RTVSPost2010PropOp48
 70
     1
102
RTVSPost2010Prop49
280
     0
102
RTVSPost2010PropOp49
 70
     1
102
RTVSPost2010Prop50
 90
       50
102
RTVSPost2010PropOp50
 70
     1
102
RTVSPost2010Prop51ColorIndex
 90
      256
102
RTVSPost2010Prop51ColorRGB
 90
-16777216
102
RTVSPost2010PropOp51
 70
     0
102
RTVSPost2010Prop52
140
1.0
102
RTVSPost2010PropOp52
 70
     0
102
RTVSPost2010Prop53
 90
        2
102
RTVSPost2010PropOp53
 70
     1
102
RTVSPost2010Prop54
  1
strokes_ogs.tif
102
RTVSPost2010PropOp54
 70
     1
102
RTVSPost2010Prop55
280
     0
102
RTVSPost2010PropOp55
 70
     1
102
RTVSPost2010Prop56
140
1.0
102
RTVSPost2010PropOp56
 70
     1
102
RTVSPost2010Prop57
140
1.0
102
RTVSPost2010PropOp57
 70
     1
  0
XRECORD
  5
238
102
{ACAD_REACTORS
330
237
102
}
330
237
100
AcDbXrecord
280
     1
102
RTVSPropertyOp0
 70
     1
102
RTVSPropertyOp1
 70
     1
102
RTVSPropertyOp2
 70
     1
102
RTVSPropertyOp3
 70
     1
102
RTVSPropertyOp4
 70
     1
102
RTVSPropertyOp5
 70
     1
102
RTVSPropertyOp6
 70
     1
102
RTVSPropertyOp7
 70
     1
102
RTVSPropertyOp8
 70
     1
102
RTVSPropertyOp9
 70
     1
102
RTVSPropertyOp10
 70
     1
102
RTVSPropertyOp11
 70
     1
102
RTVSPropertyOp12
 70
     1
102
RTVSPropertyOp13
 70
     1
102
RTVSPropertyOp14
 70
     1
102
RTVSPropertyOp15
 70
     1
102
RTVSPropertyOp16
 70
     1
102
RTVSPropertyOp17
 70
     1
102
RTVSPropertyOp18
 70
     1
102
RTVSPropertyOp19
 70
     1
102
RTVSPropertyOp20
 70
     1
102
RTVSPropertyOp21
 70
     1
102
RTVSPropertyOp22
 70
     1
102
RTVSPropertyOp23
 70
     1
102
RTVSPropertyOp24
 70
     1
102
RTVSPropertyOp25
 70
     1
102
RTVSPropertyOp26
 70
     1
102
RTVSPropertyOp27
 70
     1
102
RTVSPropertyOp28
 70
     1
102
RTVSPropertyOp29
 70
     1
102
RTVSPropertyOp30
 70
     1
102
RTVSPropertyOp31
 70
     1
102
RTVSPropertyOp32
 70
     1
102
RTVSPropertyOp33
 70
     1
102
RTVSPropertyOp34
 70
     1
102
RTVSPropertyOp35
 70
     1
102
RTVSPropertyOp36
 70
     1
102
RTVSPropertyOp37
 70
     1
102
RTVSPropertyOp38
 70
     1
102
RTVSPropertyOp39
 70
     1
102
RTVSPropertyOp40
 70
     1
102
RTVSPropertyOp41
 70
     1
102
RTVSPropertyOp42
 70
     1
102
RTVSPropertyOp43
 70
     1
102
RTVSPropertyOp44
 70
     1
102
RTVSPropertyOp45
 70
     1
102
RTVSPropertyOp46
 70
     1
102
RTVSPropertyOp47
 70
     1
102
RTVSPropertyOp48
 70
     1
102
RTVSPropertyOp49
 70
     1
102
RTVSPropertyOp50
 70
     1
102
RTVSPropertyOp51
 70
     0
102
RTVSPropertyOp52
 70
     0
102
RTVSPropertyOp53
 70
     1
102
RTVSPropertyOp54
 70
     1
102
RTVSPropertyOp55
 70
     1
102
RTVSPropertyOp56
 70
     1
102
RTVSPropertyOp57
 70
     1
102
RTVSPost2010Prop28
280
     0
102
RTVSPost2010PropOp28
 70
     1
102
RTVSPost2010Prop29
280
     1
102
RTVSPost2010PropOp29
 70
     1
102
RTVSPost2010Prop30
280
     1
102
RTVSPost2010PropOp30
 70
     1
102
RTVSPost2010Prop31
280
     0
102
RTVSPost2010PropOp31
 70
     1
102
RTVSPost2010Prop32
280
     0
102
RTVSPost2010PropOp32
 70
     1
102
RTVSPost2010Prop33
280
     0
102
RTVSPost2010PropOp33
 70
     1
102
RTVSPost2010Prop34
280
     0
102
RTVSPost2010PropOp34
 70
     1
102
RTVSPost2010Prop35
280
     0
102
RTVSPost2010PropOp35
 70
     1
102
RTVSPost2010Prop36
280
     0
102
RTVSPost2010PropOp36
 70
     1
102
RTVSPost2010Prop37
 90
       50
102
RTVSPost2010PropOp37
 70
     1
102
RTVSPost2010Prop38
140
0.0
102
RTVSPost2010PropOp38
 70
     1
102
RTVSPost2010Prop39
140
1.0
102
RTVSPost2010PropOp39
 70
     1
102
RTVSPost2010Prop40
 90
        0
102
RTVSPost2010PropOp40
 70
     1
102
RTVSPost2010Prop41ColorIndex
 90
       18
102
RTVSPost2010Prop41ColorRGB
 90
        0
102
RTVSPost2010PropOp41
 70
     1
102
RTVSPost2010Prop42
 90
       50
102
RTVSPost2010PropOp42
 70
     1
102
RTVSPost2010Prop43
 90
        3
102
RTVSPost2010PropOp43
 70
     1
102
RTVSPost2010Prop44ColorIndex
 90
        5
102
RTVSPost2010Prop44ColorRGB
 90
      255
102
RTVSPost2010PropOp44
 70
     1
102
RTVSPost2010Prop45
280
     0
102
RTVSPost2010PropOp45
 70
     1
102
RTVSPost2010Prop46
 90
       50
102
RTVSPost2010PropOp46
 70
     1
102
RTVSPost2010Prop47
 90
       50
102
RTVSPost2010PropOp47
 70
     1
102
RTVSPost2010Prop48
 90
       50
102
RTVSPost2010PropOp48
 70
     1
102
RTVSPost2010Prop49
280
     0
102
RTVSPost2010PropOp49
 70
     1
102
RTVSPost2010Prop50
 90
       50
102
RTVSPost2010PropOp50
 70
     1
102
RTVSPost2010Prop51ColorIndex
 90
      256
102
RTVSPost2010Prop51ColorRGB
 90
-16777216
102
RTVSPost2010PropOp51
 70
     0
102
RTVSPost2010Prop52
140
1.0
102
RTVSPost2010PropOp52
 70
     0
102
RTVSPost2010Prop53
 90
        2
102
RTVSPost2010PropOp53
 70
     1
102
RTVSPost2010Prop54
  1
strokes_ogs.tif
102
RTVSPost2010PropOp54
 70
     1
102
RTVSPost2010Prop55
280
     0
102
RTVSPost2010PropOp55
 70
     1
102
RTVSPost2010Prop56
140
1.0
102
RTVSPost2010PropOp56
 70
     1
102
RTVSPost2010Prop57
140
1.0
102
RTVSPost2010PropOp57
 70
     1
  0
XRECORD
  5
248
102
{ACAD_REACTORS
330
247
102
}
330
247
100
AcDbXrecord
280
     1
102
RTVSPropertyOp0
 70
     0
102
RTVSPropertyOp1
 70
     0
102
RTVSPropertyOp2
 70
     0
102
RTVSPropertyOp3
 70
     0
102
RTVSPropertyOp4
 70
     0
102
RTVSPropertyOp5
 70
     0
102
RTVSPropertyOp6
 70
     0
102
RTVSPropertyOp7
 70
     0
102
RTVSPropertyOp8
 70
     0
102
RTVSPropertyOp9
 70
     0
102
RTVSPropertyOp10
 70
     0
102
RTVSPropertyOp11
 70
     0
102
RTVSPropertyOp12
 70
     0
102
RTVSPropertyOp13
 70
     0
102
RTVSPropertyOp14
 70
     2
102
RTVSPropertyOp15
 70
     0
102
RTVSPropertyOp16
 70
     0
102
RTVSPropertyOp17
 70
     0
102
RTVSPropertyOp18
 70
     0
102
RTVSPropertyOp19
 70
     0
102
RTVSPropertyOp20
 70
     0
102
RTVSPropertyOp21
 70
     0
102
RTVSPropertyOp22
 70
     0
102
RTVSPropertyOp23
 70
     0
102
RTVSPropertyOp24
 70
     0
102
RTVSPropertyOp25
 70
     0
102
RTVSPropertyOp26
 70
     0
102
RTVSPropertyOp27
 70
     0
102
RTVSPropertyOp28
 70
     0
102
RTVSPropertyOp29
 70
     0
102
RTVSPropertyOp30
 70
     0
102
RTVSPropertyOp31
 70
     0
102
RTVSPropertyOp32
 70
     0
102
RTVSPropertyOp33
 70
     0
102
RTVSPropertyOp34
 70
     0
102
RTVSPropertyOp35
 70
     0
102
RTVSPropertyOp36
 70
     0
102
RTVSPropertyOp37
 70
     0
102
RTVSPropertyOp38
 70
     0
102
RTVSPropertyOp39
 70
     0
102
RTVSPropertyOp40
 70
     0
102
RTVSPropertyOp41
 70
     0
102
RTVSPropertyOp42
 70
     0
102
RTVSPropertyOp43
 70
     0
102
RTVSPropertyOp44
 70
     0
102
RTVSPropertyOp45
 70
     0
102
RTVSPropertyOp46
 70
     0
102
RTVSPropertyOp47
 70
     0
102
RTVSPropertyOp48
 70
     0
102
RTVSPropertyOp49
 70
     0
102
RTVSPropertyOp50
 70
     0
102
RTVSPropertyOp51
 70
     0
102
RTVSPropertyOp52
 70
     0
102
RTVSPropertyOp53
 70
     0
102
RTVSPropertyOp54
 70
     0
102
RTVSPropertyOp55
 70
     0
102
RTVSPropertyOp56
 70
     0
102
RTVSPropertyOp57
 70
     0
102
RTVSPost2010Prop28
280
     0
102
RTVSPost2010PropOp28
 70
     0
102
RTVSPost2010Prop29
280
     1
102
RTVSPost2010PropOp29
 70
     0
102
RTVSPost2010Prop30
280
     1
102
RTVSPost2010PropOp30
 70
     0
102
RTVSPost2010Prop31
280
     0
102
RTVSPost2010PropOp31
 70
     0
102
RTVSPost2010Prop32
280
     0
102
RTVSPost2010PropOp32
 70
     0
102
RTVSPost2010Prop33
280
     0
102
RTVSPost2010PropOp33
 70
     0
102
RTVSPost2010Prop34
280
     0
102
RTVSPost2010PropOp34
 70
     0
102
RTVSPost2010Prop35
280
     0
102
RTVSPost2010PropOp35
 70
     0
102
RTVSPost2010Prop36
280
     0
102
RTVSPost2010PropOp36
 70
     0
102
RTVSPost2010Prop37
 90
       50
102
RTVSPost2010PropOp37
 70
     0
102
RTVSPost2010Prop38
140
0.0
102
RTVSPost2010PropOp38
 70
     0
102
RTVSPost2010Prop39
140
1.0
102
RTVSPost2010PropOp39
 70
     0
102
RTVSPost2010Prop40
 90
        0
102
RTVSPost2010PropOp40
 70
     0
102
RTVSPost2010Prop41ColorIndex
 90
       18
102
RTVSPost2010Prop41ColorRGB
 90
        0
102
RTVSPost2010PropOp41
 70
     0
102
RTVSPost2010Prop42
 90
       50
102
RTVSPost2010PropOp42
 70
     0
102
RTVSPost2010Prop43
 90
        3
102
RTVSPost2010PropOp43
 70
     0
102
RTVSPost2010Prop44ColorIndex
 90
        5
102
RTVSPost2010Prop44ColorRGB
 90
      255
102
RTVSPost2010PropOp44
 70
     0
102
RTVSPost2010Prop45
280
     0
102
RTVSPost2010PropOp45
 70
     0
102
RTVSPost2010Prop46
 90
       50
102
RTVSPost2010PropOp46
 70
     0
102
RTVSPost2010Prop47
 90
       50
102
RTVSPost2010PropOp47
 70
     0
102
RTVSPost2010Prop48
 90
       50
102
RTVSPost2010PropOp48
 70
     0
102
RTVSPost2010Prop49
280
     0
102
RTVSPost2010PropOp49
 70
     0
102
RTVSPost2010Prop50
 90
       50
102
RTVSPost2010PropOp50
 70
     0
102
RTVSPost2010Prop51ColorIndex
 90
      256
102
RTVSPost2010Prop51ColorRGB
 90
-16777216
102
RTVSPost2010PropOp51
 70
     0
102
RTVSPost2010Prop52
140
1.0
102
RTVSPost2010PropOp52
 70
     0
102
RTVSPost2010Prop53
 90
        2
102
RTVSPost2010PropOp53
 70
     0
102
RTVSPost2010Prop54
  1
strokes_ogs.tif
102
RTVSPost2010PropOp54
 70
     0
102
RTVSPost2010Prop55
280
     0
102
RTVSPost2010PropOp55
 70
     0
102
RTVSPost2010Prop56
140
1.0
102
RTVSPost2010PropOp56
 70
     0
102
RTVSPost2010Prop57
140
1.0
102
RTVSPost2010PropOp57
 70
     0
  0
XRECORD
  5
240
102
{ACAD_REACTORS
330
23F
102
}
330
23F
100
AcDbXrecord
280
     1
102
RTVSPropertyOp0
 70
     1
102
RTVSPropertyOp1
 70
     1
102
RTVSPropertyOp2
 70
     1
102
RTVSPropertyOp3
 70
     1
102
RTVSPropertyOp4
 70
     1
102
RTVSPropertyOp5
 70
     1
102
RTVSPropertyOp6
 70
     1
102
RTVSPropertyOp7
 70
     1
102
RTVSPropertyOp8
 70
     1
102
RTVSPropertyOp9
 70
     1
102
RTVSPropertyOp10
 70
     1
102
RTVSPropertyOp11
 70
     1
102
RTVSPropertyOp12
 70
     1
102
RTVSPropertyOp13
 70
     1
102
RTVSPropertyOp14
 70
     1
102
RTVSPropertyOp15
 70
     1
102
RTVSPropertyOp16
 70
     1
102
RTVSPropertyOp17
 70
     1
102
RTVSPropertyOp18
 70
     1
102
RTVSPropertyOp19
 70
     1
102
RTVSPropertyOp20
 70
     1
102
RTVSPropertyOp21
 70
     1
102
RTVSPropertyOp22
 70
     1
102
RTVSPropertyOp23
 70
     1
102
RTVSPropertyOp24
 70
     1
102
RTVSPropertyOp25
 70
     1
102
RTVSPropertyOp26
 70
     1
102
RTVSPropertyOp27
 70
     1
102
RTVSPropertyOp28
 70
     1
102
RTVSPropertyOp29
 70
     1
102
RTVSPropertyOp30
 70
     1
102
RTVSPropertyOp31
 70
     1
102
RTVSPropertyOp32
 70
     1
102
RTVSPropertyOp33
 70
     1
102
RTVSPropertyOp34
 70
     1
102
RTVSPropertyOp35
 70
     1
102
RTVSPropertyOp36
 70
     1
102
RTVSPropertyOp37
 70
     1
102
RTVSPropertyOp38
 70
     1
102
RTVSPropertyOp39
 70
     1
102
RTVSPropertyOp40
 70
     1
102
RTVSPropertyOp41
 70
     1
102
RTVSPropertyOp42
 70
     1
102
RTVSPropertyOp43
 70
     1
102
RTVSPropertyOp44
 70
     1
102
RTVSPropertyOp45
 70
     1
102
RTVSPropertyOp46
 70
     1
102
RTVSPropertyOp47
 70
     1
102
RTVSPropertyOp48
 70
     1
102
RTVSPropertyOp49
 70
     1
102
RTVSPropertyOp50
 70
     1
102
RTVSPropertyOp51
 70
     0
102
RTVSPropertyOp52
 70
     0
102
RTVSPropertyOp53
 70
     1
102
RTVSPropertyOp54
 70
     1
102
RTVSPropertyOp55
 70
     1
102
RTVSPropertyOp56
 70
     1
102
RTVSPropertyOp57
 70
     1
102
RTVSPost2010Prop28
280
     0
102
RTVSPost2010PropOp28
 70
     1
102
RTVSPost2010Prop29
280
     1
102
RTVSPost2010PropOp29
 70
     1
102
RTVSPost2010Prop30
280
     1
102
RTVSPost2010PropOp30
 70
     1
102
RTVSPost2010Prop31
280
     0
102
RTVSPost2010PropOp31
 70
     1
102
RTVSPost2010Prop32
280
     0
102
RTVSPost2010PropOp32
 70
     1
102
RTVSPost2010Prop33
280
     0
102
RTVSPost2010PropOp33
 70
     1
102
RTVSPost2010Prop34
280
     0
102
RTVSPost2010PropOp34
 70
     1
102
RTVSPost2010Prop35
280
     0
102
RTVSPost2010PropOp35
 70
     1
102
RTVSPost2010Prop36
280
     0
102
RTVSPost2010PropOp36
 70
     1
102
RTVSPost2010Prop37
 90
       50
102
RTVSPost2010PropOp37
 70
     1
102
RTVSPost2010Prop38
140
0.0
102
RTVSPost2010PropOp38
 70
     1
102
RTVSPost2010Prop39
140
1.0
102
RTVSPost2010PropOp39
 70
     1
102
RTVSPost2010Prop40
 90
        0
102
RTVSPost2010PropOp40
 70
     1
102
RTVSPost2010Prop41ColorIndex
 90
       18
102
RTVSPost2010Prop41ColorRGB
 90
        0
102
RTVSPost2010PropOp41
 70
     1
102
RTVSPost2010Prop42
 90
       50
102
RTVSPost2010PropOp42
 70
     1
102
RTVSPost2010Prop43
 90
        3
102
RTVSPost2010PropOp43
 70
     1
102
RTVSPost2010Prop44ColorIndex
 90
        5
102
RTVSPost2010Prop44ColorRGB
 90
      255
102
RTVSPost2010PropOp44
 70
     1
102
RTVSPost2010Prop45
280
     0
102
RTVSPost2010PropOp45
 70
     1
102
RTVSPost2010Prop46
 90
       50
102
RTVSPost2010PropOp46
 70
     1
102
RTVSPost2010Prop47
 90
       50
102
RTVSPost2010PropOp47
 70
     1
102
RTVSPost2010Prop48
 90
       50
102
RTVSPost2010PropOp48
 70
     1
102
RTVSPost2010Prop49
280
     0
102
RTVSPost2010PropOp49
 70
     1
102
RTVSPost2010Prop50
 90
       50
102
RTVSPost2010PropOp50
 70
     1
102
RTVSPost2010Prop51ColorIndex
 90
      256
102
RTVSPost2010Prop51ColorRGB
 90
-16777216
102
RTVSPost2010PropOp51
 70
     0
102
RTVSPost2010Prop52
140
1.0
102
RTVSPost2010PropOp52
 70
     0
102
RTVSPost2010Prop53
 90
        2
102
RTVSPost2010PropOp53
 70
     1
102
RTVSPost2010Prop54
  1
strokes_ogs.tif
102
RTVSPost2010PropOp54
 70
     1
102
RTVSPost2010Prop55
280
     0
102
RTVSPost2010PropOp55
 70
     1
102
RTVSPost2010Prop56
140
1.0
102
RTVSPost2010PropOp56
 70
     1
102
RTVSPost2010Prop57
140
1.0
102
RTVSPost2010PropOp57
 70
     1
  0
XRECORD
  5
224
102
{ACAD_REACTORS
330
223
102
}
330
223
100
AcDbXrecord
280
     1
102
RTVSPropertyOp0
 70
     1
102
RTVSPropertyOp1
 70
     1
102
RTVSPropertyOp2
 70
     1
102
RTVSPropertyOp3
 70
     1
102
RTVSPropertyOp4
 70
     1
102
RTVSPropertyOp5
 70
     1
102
RTVSPropertyOp6
 70
     1
102
RTVSPropertyOp7
 70
     1
102
RTVSPropertyOp8
 70
     1
102
RTVSPropertyOp9
 70
     1
102
RTVSPropertyOp10
 70
     1
102
RTVSPropertyOp11
 70
     1
102
RTVSPropertyOp12
 70
     1
102
RTVSPropertyOp13
 70
     1
102
RTVSPropertyOp14
 70
     1
102
RTVSPropertyOp15
 70
     1
102
RTVSPropertyOp16
 70
     1
102
RTVSPropertyOp17
 70
     1
102
RTVSPropertyOp18
 70
     1
102
RTVSPropertyOp19
 70
     1
102
RTVSPropertyOp20
 70
     1
102
RTVSPropertyOp21
 70
     1
102
RTVSPropertyOp22
 70
     1
102
RTVSPropertyOp23
 70
     1
102
RTVSPropertyOp24
 70
     1
102
RTVSPropertyOp25
 70
     1
102
RTVSPropertyOp26
 70
     1
102
RTVSPropertyOp27
 70
     1
102
RTVSPropertyOp28
 70
     1
102
RTVSPropertyOp29
 70
     1
102
RTVSPropertyOp30
 70
     1
102
RTVSPropertyOp31
 70
     1
102
RTVSPropertyOp32
 70
     1
102
RTVSPropertyOp33
 70
     1
102
RTVSPropertyOp34
 70
     1
102
RTVSPropertyOp35
 70
     1
102
RTVSPropertyOp36
 70
     1
102
RTVSPropertyOp37
 70
     1
102
RTVSPropertyOp38
 70
     1
102
RTVSPropertyOp39
 70
     1
102
RTVSPropertyOp40
 70
     1
102
RTVSPropertyOp41
 70
     1
102
RTVSPropertyOp42
 70
     1
102
RTVSPropertyOp43
 70
     1
102
RTVSPropertyOp44
 70
     1
102
RTVSPropertyOp45
 70
     1
102
RTVSPropertyOp46
 70
     1
102
RTVSPropertyOp47
 70
     1
102
RTVSPropertyOp48
 70
     1
102
RTVSPropertyOp49
 70
     1
102
RTVSPropertyOp50
 70
     1
102
RTVSPropertyOp51
 70
     0
102
RTVSPropertyOp52
 70
     0
102
RTVSPropertyOp53
 70
     1
102
RTVSPropertyOp54
 70
     1
102
RTVSPropertyOp55
 70
     1
102
RTVSPropertyOp56
 70
     1
102
RTVSPropertyOp57
 70
     1
102
RTVSPost2010Prop28
280
     0
102
RTVSPost2010PropOp28
 70
     1
102
RTVSPost2010Prop29
280
     1
102
RTVSPost2010PropOp29
 70
     1
102
RTVSPost2010Prop30
280
     1
102
RTVSPost2010PropOp30
 70
     1
102
RTVSPost2010Prop31
280
     0
102
RTVSPost2010PropOp31
 70
     1
102
RTVSPost2010Prop32
280
     0
102
RTVSPost2010PropOp32
 70
     1
102
RTVSPost2010Prop33
280
     0
102
RTVSPost2010PropOp33
 70
     1
102
RTVSPost2010Prop34
280
     0
102
RTVSPost2010PropOp34
 70
     1
102
RTVSPost2010Prop35
280
     0
102
RTVSPost2010PropOp35
 70
     1
102
RTVSPost2010Prop36
280
     0
102
RTVSPost2010PropOp36
 70
     1
102
RTVSPost2010Prop37
 90
       50
102
RTVSPost2010PropOp37
 70
     1
102
RTVSPost2010Prop38
140
0.0
102
RTVSPost2010PropOp38
 70
     1
102
RTVSPost2010Prop39
140
1.0
102
RTVSPost2010PropOp39
 70
     1
102
RTVSPost2010Prop40
 90
        0
102
RTVSPost2010PropOp40
 70
     1
102
RTVSPost2010Prop41ColorIndex
 90
       18
102
RTVSPost2010Prop41ColorRGB
 90
        0
102
RTVSPost2010PropOp41
 70
     1
102
RTVSPost2010Prop42
 90
       50
102
RTVSPost2010PropOp42
 70
     1
102
RTVSPost2010Prop43
 90
        3
102
RTVSPost2010PropOp43
 70
     1
102
RTVSPost2010Prop44ColorIndex
 90
        5
102
RTVSPost2010Prop44ColorRGB
 90
      255
102
RTVSPost2010PropOp44
 70
     1
102
RTVSPost2010Prop45
280
     0
102
RTVSPost2010PropOp45
 70
     1
102
RTVSPost2010Prop46
 90
       50
102
RTVSPost2010PropOp46
 70
     1
102
RTVSPost2010Prop47
 90
       50
102
RTVSPost2010PropOp47
 70
     1
102
RTVSPost2010Prop48
 90
       50
102
RTVSPost2010PropOp48
 70
     1
102
RTVSPost2010Prop49
280
     0
102
RTVSPost2010PropOp49
 70
     1
102
RTVSPost2010Prop50
 90
       50
102
RTVSPost2010PropOp50
 70
     1
102
RTVSPost2010Prop51ColorIndex
 90
      256
102
RTVSPost2010Prop51ColorRGB
 90
-16777216
102
RTVSPost2010PropOp51
 70
     0
102
RTVSPost2010Prop52
140
1.0
102
RTVSPost2010PropOp52
 70
     0
102
RTVSPost2010Prop53
 90
        2
102
RTVSPost2010PropOp53
 70
     1
102
RTVSPost2010Prop54
  1
strokes_ogs.tif
102
RTVSPost2010PropOp54
 70
     1
102
RTVSPost2010Prop55
280
     0
102
RTVSPost2010PropOp55
 70
     1
102
RTVSPost2010Prop56
140
1.0
102
RTVSPost2010PropOp56
 70
     1
102
RTVSPost2010Prop57
140
1.0
102
RTVSPost2010PropOp57
 70
     1
  0
XRECORD
  5
226
102
{ACAD_REACTORS
330
225
102
}
330
225
100
AcDbXrecord
280
     1
102
RTVSPropertyOp0
 70
     1
102
RTVSPropertyOp1
 70
     1
102
RTVSPropertyOp2
 70
     1
102
RTVSPropertyOp3
 70
     1
102
RTVSPropertyOp4
 70
     1
102
RTVSPropertyOp5
 70
     1
102
RTVSPropertyOp6
 70
     1
102
RTVSPropertyOp7
 70
     1
102
RTVSPropertyOp8
 70
     1
102
RTVSPropertyOp9
 70
     1
102
RTVSPropertyOp10
 70
     1
102
RTVSPropertyOp11
 70
     1
102
RTVSPropertyOp12
 70
     1
102
RTVSPropertyOp13
 70
     1
102
RTVSPropertyOp14
 70
     1
102
RTVSPropertyOp15
 70
     1
102
RTVSPropertyOp16
 70
     1
102
RTVSPropertyOp17
 70
     1
102
RTVSPropertyOp18
 70
     1
102
RTVSPropertyOp19
 70
     1
102
RTVSPropertyOp20
 70
     1
102
RTVSPropertyOp21
 70
     1
102
RTVSPropertyOp22
 70
     1
102
RTVSPropertyOp23
 70
     1
102
RTVSPropertyOp24
 70
     1
102
RTVSPropertyOp25
 70
     1
102
RTVSPropertyOp26
 70
     1
102
RTVSPropertyOp27
 70
     1
102
RTVSPropertyOp28
 70
     1
102
RTVSPropertyOp29
 70
     1
102
RTVSPropertyOp30
 70
     1
102
RTVSPropertyOp31
 70
     1
102
RTVSPropertyOp32
 70
     1
102
RTVSPropertyOp33
 70
     1
102
RTVSPropertyOp34
 70
     1
102
RTVSPropertyOp35
 70
     1
102
RTVSPropertyOp36
 70
     1
102
RTVSPropertyOp37
 70
     1
102
RTVSPropertyOp38
 70
     1
102
RTVSPropertyOp39
 70
     1
102
RTVSPropertyOp40
 70
     1
102
RTVSPropertyOp41
 70
     1
102
RTVSPropertyOp42
 70
     1
102
RTVSPropertyOp43
 70
     1
102
RTVSPropertyOp44
 70
     1
102
RTVSPropertyOp45
 70
     1
102
RTVSPropertyOp46
 70
     1
102
RTVSPropertyOp47
 70
     1
102
RTVSPropertyOp48
 70
     1
102
RTVSPropertyOp49
 70
     1
102
RTVSPropertyOp50
 70
     1
102
RTVSPropertyOp51
 70
     0
102
RTVSPropertyOp52
 70
     0
102
RTVSPropertyOp53
 70
     1
102
RTVSPropertyOp54
 70
     1
102
RTVSPropertyOp55
 70
     1
102
RTVSPropertyOp56
 70
     1
102
RTVSPropertyOp57
 70
     1
102
RTVSPost2010Prop28
280
     0
102
RTVSPost2010PropOp28
 70
     1
102
RTVSPost2010Prop29
280
     1
102
RTVSPost2010PropOp29
 70
     1
102
RTVSPost2010Prop30
280
     1
102
RTVSPost2010PropOp30
 70
     1
102
RTVSPost2010Prop31
280
     0
102
RTVSPost2010PropOp31
 70
     1
102
RTVSPost2010Prop32
280
     0
102
RTVSPost2010PropOp32
 70
     1
102
RTVSPost2010Prop33
280
     0
102
RTVSPost2010PropOp33
 70
     1
102
RTVSPost2010Prop34
280
     0
102
RTVSPost2010PropOp34
 70
     1
102
RTVSPost2010Prop35
280
     0
102
RTVSPost2010PropOp35
 70
     1
102
RTVSPost2010Prop36
280
     0
102
RTVSPost2010PropOp36
 70
     1
102
RTVSPost2010Prop37
 90
       50
102
RTVSPost2010PropOp37
 70
     1
102
RTVSPost2010Prop38
140
0.0
102
RTVSPost2010PropOp38
 70
     1
102
RTVSPost2010Prop39
140
1.0
102
RTVSPost2010PropOp39
 70
     1
102
RTVSPost2010Prop40
 90
        0
102
RTVSPost2010PropOp40
 70
     1
102
RTVSPost2010Prop41ColorIndex
 90
       18
102
RTVSPost2010Prop41ColorRGB
 90
        0
102
RTVSPost2010PropOp41
 70
     1
102
RTVSPost2010Prop42
 90
       50
102
RTVSPost2010PropOp42
 70
     1
102
RTVSPost2010Prop43
 90
        3
102
RTVSPost2010PropOp43
 70
     1
102
RTVSPost2010Prop44ColorIndex
 90
        5
102
RTVSPost2010Prop44ColorRGB
 90
      255
102
RTVSPost2010PropOp44
 70
     1
102
RTVSPost2010Prop45
280
     0
102
RTVSPost2010PropOp45
 70
     1
102
RTVSPost2010Prop46
 90
       50
102
RTVSPost2010PropOp46
 70
     1
102
RTVSPost2010Prop47
 90
       50
102
RTVSPost2010PropOp47
 70
     1
102
RTVSPost2010Prop48
 90
       50
102
RTVSPost2010PropOp48
 70
     1
102
RTVSPost2010Prop49
280
     0
102
RTVSPost2010PropOp49
 70
     1
102
RTVSPost2010Prop50
 90
       50
102
RTVSPost2010PropOp50
 70
     1
102
RTVSPost2010Prop51ColorIndex
 90
      256
102
RTVSPost2010Prop51ColorRGB
 90
-16777216
102
RTVSPost2010PropOp51
 70
     0
102
RTVSPost2010Prop52
140
1.0
102
RTVSPost2010PropOp52
 70
     0
102
RTVSPost2010Prop53
 90
        2
102
RTVSPost2010PropOp53
 70
     1
102
RTVSPost2010Prop54
  1
strokes_ogs.tif
102
RTVSPost2010PropOp54
 70
     1
102
RTVSPost2010Prop55
280
     0
102
RTVSPost2010PropOp55
 70
     1
102
RTVSPost2010Prop56
140
1.0
102
RTVSPost2010PropOp56
 70
     1
102
RTVSPost2010Prop57
140
1.0
102
RTVSPost2010PropOp57
 70
     1
  0
XRECORD
  5
228
102
{ACAD_REACTORS
330
227
102
}
330
227
100
AcDbXrecord
280
     1
102
RTVSPropertyOp0
 70
     1
102
RTVSPropertyOp1
 70
     1
102
RTVSPropertyOp2
 70
     1
102
RTVSPropertyOp3
 70
     1
102
RTVSPropertyOp4
 70
     1
102
RTVSPropertyOp5
 70
     1
102
RTVSPropertyOp6
 70
     1
102
RTVSPropertyOp7
 70
     1
102
RTVSPropertyOp8
 70
     1
102
RTVSPropertyOp9
 70
     1
102
RTVSPropertyOp10
 70
     1
102
RTVSPropertyOp11
 70
     1
102
RTVSPropertyOp12
 70
     1
102
RTVSPropertyOp13
 70
     1
102
RTVSPropertyOp14
 70
     1
102
RTVSPropertyOp15
 70
     1
102
RTVSPropertyOp16
 70
     1
102
RTVSPropertyOp17
 70
     1
102
RTVSPropertyOp18
 70
     1
102
RTVSPropertyOp19
 70
     1
102
RTVSPropertyOp20
 70
     1
102
RTVSPropertyOp21
 70
     1
102
RTVSPropertyOp22
 70
     1
102
RTVSPropertyOp23
 70
     1
102
RTVSPropertyOp24
 70
     1
102
RTVSPropertyOp25
 70
     1
102
RTVSPropertyOp26
 70
     1
102
RTVSPropertyOp27
 70
     1
102
RTVSPropertyOp28
 70
     1
102
RTVSPropertyOp29
 70
     1
102
RTVSPropertyOp30
 70
     1
102
RTVSPropertyOp31
 70
     1
102
RTVSPropertyOp32
 70
     1
102
RTVSPropertyOp33
 70
     1
102
RTVSPropertyOp34
 70
     1
102
RTVSPropertyOp35
 70
     1
102
RTVSPropertyOp36
 70
     1
102
RTVSPropertyOp37
 70
     1
102
RTVSPropertyOp38
 70
     1
102
RTVSPropertyOp39
 70
     1
102
RTVSPropertyOp40
 70
     1
102
RTVSPropertyOp41
 70
     1
102
RTVSPropertyOp42
 70
     1
102
RTVSPropertyOp43
 70
     1
102
RTVSPropertyOp44
 70
     1
102
RTVSPropertyOp45
 70
     1
102
RTVSPropertyOp46
 70
     1
102
RTVSPropertyOp47
 70
     1
102
RTVSPropertyOp48
 70
     1
102
RTVSPropertyOp49
 70
     1
102
RTVSPropertyOp50
 70
     1
102
RTVSPropertyOp51
 70
     0
102
RTVSPropertyOp52
 70
     0
102
RTVSPropertyOp53
 70
     1
102
RTVSPropertyOp54
 70
     1
102
RTVSPropertyOp55
 70
     1
102
RTVSPropertyOp56
 70
     1
102
RTVSPropertyOp57
 70
     1
102
RTVSPost2010Prop28
280
     0
102
RTVSPost2010PropOp28
 70
     1
102
RTVSPost2010Prop29
280
     1
102
RTVSPost2010PropOp29
 70
     1
102
RTVSPost2010Prop30
280
     1
102
RTVSPost2010PropOp30
 70
     1
102
RTVSPost2010Prop31
280
     0
102
RTVSPost2010PropOp31
 70
     1
102
RTVSPost2010Prop32
280
     0
102
RTVSPost2010PropOp32
 70
     1
102
RTVSPost2010Prop33
280
     0
102
RTVSPost2010PropOp33
 70
     1
102
RTVSPost2010Prop34
280
     0
102
RTVSPost2010PropOp34
 70
     1
102
RTVSPost2010Prop35
280
     0
102
RTVSPost2010PropOp35
 70
     1
102
RTVSPost2010Prop36
280
     0
102
RTVSPost2010PropOp36
 70
     1
102
RTVSPost2010Prop37
 90
       50
102
RTVSPost2010PropOp37
 70
     1
102
RTVSPost2010Prop38
140
0.0
102
RTVSPost2010PropOp38
 70
     1
102
RTVSPost2010Prop39
140
1.0
102
RTVSPost2010PropOp39
 70
     1
102
RTVSPost2010Prop40
 90
        0
102
RTVSPost2010PropOp40
 70
     1
102
RTVSPost2010Prop41ColorIndex
 90
       18
102
RTVSPost2010Prop41ColorRGB
 90
        0
102
RTVSPost2010PropOp41
 70
     1
102
RTVSPost2010Prop42
 90
       50
102
RTVSPost2010PropOp42
 70
     1
102
RTVSPost2010Prop43
 90
        3
102
RTVSPost2010PropOp43
 70
     1
102
RTVSPost2010Prop44ColorIndex
 90
        5
102
RTVSPost2010Prop44ColorRGB
 90
      255
102
RTVSPost2010PropOp44
 70
     1
102
RTVSPost2010Prop45
280
     0
102
RTVSPost2010PropOp45
 70
     1
102
RTVSPost2010Prop46
 90
       50
102
RTVSPost2010PropOp46
 70
     1
102
RTVSPost2010Prop47
 90
       50
102
RTVSPost2010PropOp47
 70
     1
102
RTVSPost2010Prop48
 90
       50
102
RTVSPost2010PropOp48
 70
     1
102
RTVSPost2010Prop49
280
     0
102
RTVSPost2010PropOp49
 70
     1
102
RTVSPost2010Prop50
 90
       50
102
RTVSPost2010PropOp50
 70
     1
102
RTVSPost2010Prop51ColorIndex
 90
      256
102
RTVSPost2010Prop51ColorRGB
 90
-16777216
102
RTVSPost2010PropOp51
 70
     0
102
RTVSPost2010Prop52
140
1.0
102
RTVSPost2010PropOp52
 70
     0
102
RTVSPost2010Prop53
 90
        2
102
RTVSPost2010PropOp53
 70
     1
102
RTVSPost2010Prop54
  1
strokes_ogs.tif
102
RTVSPost2010PropOp54
 70
     1
102
RTVSPost2010Prop55
280
     0
102
RTVSPost2010PropOp55
 70
     1
102
RTVSPost2010Prop56
140
1.0
102
RTVSPost2010PropOp56
 70
     1
102
RTVSPost2010Prop57
140
1.0
102
RTVSPost2010PropOp57
 70
     1
  0
XRECORD
  5
22A
102
{ACAD_REACTORS
330
229
102
}
330
229
100
AcDbXrecord
280
     1
102
RTVSPropertyOp0
 70
     1
102
RTVSPropertyOp1
 70
     1
102
RTVSPropertyOp2
 70
     1
102
RTVSPropertyOp3
 70
     1
102
RTVSPropertyOp4
 70
     1
102
RTVSPropertyOp5
 70
     1
102
RTVSPropertyOp6
 70
     1
102
RTVSPropertyOp7
 70
     1
102
RTVSPropertyOp8
 70
     1
102
RTVSPropertyOp9
 70
     1
102
RTVSPropertyOp10
 70
     1
102
RTVSPropertyOp11
 70
     1
102
RTVSPropertyOp12
 70
     1
102
RTVSPropertyOp13
 70
     1
102
RTVSPropertyOp14
 70
     1
102
RTVSPropertyOp15
 70
     1
102
RTVSPropertyOp16
 70
     1
102
RTVSPropertyOp17
 70
     1
102
RTVSPropertyOp18
 70
     1
102
RTVSPropertyOp19
 70
     1
102
RTVSPropertyOp20
 70
     1
102
RTVSPropertyOp21
 70
     1
102
RTVSPropertyOp22
 70
     1
102
RTVSPropertyOp23
 70
     1
102
RTVSPropertyOp24
 70
     1
102
RTVSPropertyOp25
 70
     1
102
RTVSPropertyOp26
 70
     1
102
RTVSPropertyOp27
 70
     1
102
RTVSPropertyOp28
 70
     1
102
RTVSPropertyOp29
 70
     1
102
RTVSPropertyOp30
 70
     1
102
RTVSPropertyOp31
 70
     1
102
RTVSPropertyOp32
 70
     1
102
RTVSPropertyOp33
 70
     1
102
RTVSPropertyOp34
 70
     1
102
RTVSPropertyOp35
 70
     1
102
RTVSPropertyOp36
 70
     1
102
RTVSPropertyOp37
 70
     1
102
RTVSPropertyOp38
 70
     1
102
RTVSPropertyOp39
 70
     1
102
RTVSPropertyOp40
 70
     1
102
RTVSPropertyOp41
 70
     1
102
RTVSPropertyOp42
 70
     1
102
RTVSPropertyOp43
 70
     1
102
RTVSPropertyOp44
 70
     1
102
RTVSPropertyOp45
 70
     1
102
RTVSPropertyOp46
 70
     1
102
RTVSPropertyOp47
 70
     1
102
RTVSPropertyOp48
 70
     1
102
RTVSPropertyOp49
 70
     1
102
RTVSPropertyOp50
 70
     1
102
RTVSPropertyOp51
 70
     0
102
RTVSPropertyOp52
 70
     0
102
RTVSPropertyOp53
 70
     1
102
RTVSPropertyOp54
 70
     1
102
RTVSPropertyOp55
 70
     1
102
RTVSPropertyOp56
 70
     1
102
RTVSPropertyOp57
 70
     1
102
RTVSPost2010Prop28
280
     0
102
RTVSPost2010PropOp28
 70
     1
102
RTVSPost2010Prop29
280
     1
102
RTVSPost2010PropOp29
 70
     1
102
RTVSPost2010Prop30
280
     1
102
RTVSPost2010PropOp30
 70
     1
102
RTVSPost2010Prop31
280
     0
102
RTVSPost2010PropOp31
 70
     1
102
RTVSPost2010Prop32
280
     0
102
RTVSPost2010PropOp32
 70
     1
102
RTVSPost2010Prop33
280
     0
102
RTVSPost2010PropOp33
 70
     1
102
RTVSPost2010Prop34
280
     0
102
RTVSPost2010PropOp34
 70
     1
102
RTVSPost2010Prop35
280
     0
102
RTVSPost2010PropOp35
 70
     1
102
RTVSPost2010Prop36
280
     0
102
RTVSPost2010PropOp36
 70
     1
102
RTVSPost2010Prop37
 90
       50
102
RTVSPost2010PropOp37
 70
     1
102
RTVSPost2010Prop38
140
0.0
102
RTVSPost2010PropOp38
 70
     1
102
RTVSPost2010Prop39
140
1.0
102
RTVSPost2010PropOp39
 70
     1
102
RTVSPost2010Prop40
 90
        0
102
RTVSPost2010PropOp40
 70
     1
102
RTVSPost2010Prop41ColorIndex
 90
       18
102
RTVSPost2010Prop41ColorRGB
 90
        0
102
RTVSPost2010PropOp41
 70
     1
102
RTVSPost2010Prop42
 90
       50
102
RTVSPost2010PropOp42
 70
     1
102
RTVSPost2010Prop43
 90
        3
102
RTVSPost2010PropOp43
 70
     1
102
RTVSPost2010Prop44ColorIndex
 90
        5
102
RTVSPost2010Prop44ColorRGB
 90
      255
102
RTVSPost2010PropOp44
 70
     1
102
RTVSPost2010Prop45
280
     0
102
RTVSPost2010PropOp45
 70
     1
102
RTVSPost2010Prop46
 90
       50
102
RTVSPost2010PropOp46
 70
     1
102
RTVSPost2010Prop47
 90
       50
102
RTVSPost2010PropOp47
 70
     1
102
RTVSPost2010Prop48
 90
       50
102
RTVSPost2010PropOp48
 70
     1
102
RTVSPost2010Prop49
280
     0
102
RTVSPost2010PropOp49
 70
     1
102
RTVSPost2010Prop50
 90
       50
102
RTVSPost2010PropOp50
 70
     1
102
RTVSPost2010Prop51ColorIndex
 90
      256
102
RTVSPost2010Prop51ColorRGB
 90
-16777216
102
RTVSPost2010PropOp51
 70
     0
102
RTVSPost2010Prop52
140
1.0
102
RTVSPost2010PropOp52
 70
     0
102
RTVSPost2010Prop53
 90
        2
102
RTVSPost2010PropOp53
 70
     1
102
RTVSPost2010Prop54
  1
strokes_ogs.tif
102
RTVSPost2010PropOp54
 70
     1
102
RTVSPost2010Prop55
280
     0
102
RTVSPost2010PropOp55
 70
     1
102
RTVSPost2010Prop56
140
1.0
102
RTVSPost2010PropOp56
 70
     1
102
RTVSPost2010Prop57
140
1.0
102
RTVSPost2010PropOp57
 70
     1
  0
XRECORD
  5
230
102
{ACAD_REACTORS
330
22F
102
}
330
22F
100
AcDbXrecord
280
     1
102
RTVSPropertyOp0
 70
     1
102
RTVSPropertyOp1
 70
     1
102
RTVSPropertyOp2
 70
     1
102
RTVSPropertyOp3
 70
     1
102
RTVSPropertyOp4
 70
     1
102
RTVSPropertyOp5
 70
     1
102
RTVSPropertyOp6
 70
     1
102
RTVSPropertyOp7
 70
     1
102
RTVSPropertyOp8
 70
     1
102
RTVSPropertyOp9
 70
     1
102
RTVSPropertyOp10
 70
     1
102
RTVSPropertyOp11
 70
     1
102
RTVSPropertyOp12
 70
     1
102
RTVSPropertyOp13
 70
     1
102
RTVSPropertyOp14
 70
     1
102
RTVSPropertyOp15
 70
     1
102
RTVSPropertyOp16
 70
     1
102
RTVSPropertyOp17
 70
     1
102
RTVSPropertyOp18
 70
     1
102
RTVSPropertyOp19
 70
     1
102
RTVSPropertyOp20
 70
     1
102
RTVSPropertyOp21
 70
     1
102
RTVSPropertyOp22
 70
     1
102
RTVSPropertyOp23
 70
     1
102
RTVSPropertyOp24
 70
     1
102
RTVSPropertyOp25
 70
     1
102
RTVSPropertyOp26
 70
     1
102
RTVSPropertyOp27
 70
     1
102
RTVSPropertyOp28
 70
     1
102
RTVSPropertyOp29
 70
     1
102
RTVSPropertyOp30
 70
     1
102
RTVSPropertyOp31
 70
     1
102
RTVSPropertyOp32
 70
     1
102
RTVSPropertyOp33
 70
     1
102
RTVSPropertyOp34
 70
     1
102
RTVSPropertyOp35
 70
     1
102
RTVSPropertyOp36
 70
     1
102
RTVSPropertyOp37
 70
     1
102
RTVSPropertyOp38
 70
     1
102
RTVSPropertyOp39
 70
     1
102
RTVSPropertyOp40
 70
     1
102
RTVSPropertyOp41
 70
     1
102
RTVSPropertyOp42
 70
     1
102
RTVSPropertyOp43
 70
     1
102
RTVSPropertyOp44
 70
     1
102
RTVSPropertyOp45
 70
     1
102
RTVSPropertyOp46
 70
     1
102
RTVSPropertyOp47
 70
     1
102
RTVSPropertyOp48
 70
     1
102
RTVSPropertyOp49
 70
     1
102
RTVSPropertyOp50
 70
     1
102
RTVSPropertyOp51
 70
     0
102
RTVSPropertyOp52
 70
     0
102
RTVSPropertyOp53
 70
     1
102
RTVSPropertyOp54
 70
     1
102
RTVSPropertyOp55
 70
     1
102
RTVSPropertyOp56
 70
     1
102
RTVSPropertyOp57
 70
     1
102
RTVSPost2010Prop28
280
     0
102
RTVSPost2010PropOp28
 70
     1
102
RTVSPost2010Prop29
280
     1
102
RTVSPost2010PropOp29
 70
     1
102
RTVSPost2010Prop30
280
     1
102
RTVSPost2010PropOp30
 70
     1
102
RTVSPost2010Prop31
280
     0
102
RTVSPost2010PropOp31
 70
     1
102
RTVSPost2010Prop32
280
     0
102
RTVSPost2010PropOp32
 70
     1
102
RTVSPost2010Prop33
280
     0
102
RTVSPost2010PropOp33
 70
     1
102
RTVSPost2010Prop34
280
     0
102
RTVSPost2010PropOp34
 70
     1
102
RTVSPost2010Prop35
280
     0
102
RTVSPost2010PropOp35
 70
     1
102
RTVSPost2010Prop36
280
     0
102
RTVSPost2010PropOp36
 70
     1
102
RTVSPost2010Prop37
 90
       50
102
RTVSPost2010PropOp37
 70
     1
102
RTVSPost2010Prop38
140
0.0
102
RTVSPost2010PropOp38
 70
     1
102
RTVSPost2010Prop39
140
1.0
102
RTVSPost2010PropOp39
 70
     1
102
RTVSPost2010Prop40
 90
        0
102
RTVSPost2010PropOp40
 70
     1
102
RTVSPost2010Prop41ColorIndex
 90
       18
102
RTVSPost2010Prop41ColorRGB
 90
        0
102
RTVSPost2010PropOp41
 70
     1
102
RTVSPost2010Prop42
 90
       50
102
RTVSPost2010PropOp42
 70
     1
102
RTVSPost2010Prop43
 90
        3
102
RTVSPost2010PropOp43
 70
     1
102
RTVSPost2010Prop44ColorIndex
 90
        5
102
RTVSPost2010Prop44ColorRGB
 90
      255
102
RTVSPost2010PropOp44
 70
     1
102
RTVSPost2010Prop45
280
     0
102
RTVSPost2010PropOp45
 70
     1
102
RTVSPost2010Prop46
 90
       50
102
RTVSPost2010PropOp46
 70
     1
102
RTVSPost2010Prop47
 90
       50
102
RTVSPost2010PropOp47
 70
     1
102
RTVSPost2010Prop48
 90
       50
102
RTVSPost2010PropOp48
 70
     1
102
RTVSPost2010Prop49
280
     0
102
RTVSPost2010PropOp49
 70
     1
102
RTVSPost2010Prop50
 90
       50
102
RTVSPost2010PropOp50
 70
     1
102
RTVSPost2010Prop51ColorIndex
 90
      256
102
RTVSPost2010Prop51ColorRGB
 90
-16777216
102
RTVSPost2010PropOp51
 70
     0
102
RTVSPost2010Prop52
140
1.0
102
RTVSPost2010PropOp52
 70
     0
102
RTVSPost2010Prop53
 90
        2
102
RTVSPost2010PropOp53
 70
     1
102
RTVSPost2010Prop54
  1
strokes_ogs.tif
102
RTVSPost2010PropOp54
 70
     1
102
RTVSPost2010Prop55
280
     0
102
RTVSPost2010PropOp55
 70
     1
102
RTVSPost2010Prop56
140
1.0
102
RTVSPost2010PropOp56
 70
     1
102
RTVSPost2010Prop57
140
1.0
102
RTVSPost2010PropOp57
 70
     1
  0
XRECORD
  5
244
102
{ACAD_REACTORS
330
243
102
}
330
243
100
AcDbXrecord
280
     1
102
RTVSPropertyOp0
 70
     0
102
RTVSPropertyOp1
 70
     0
102
RTVSPropertyOp2
 70
     0
102
RTVSPropertyOp3
 70
     0
102
RTVSPropertyOp4
 70
     0
102
RTVSPropertyOp5
 70
     0
102
RTVSPropertyOp6
 70
     0
102
RTVSPropertyOp7
 70
     0
102
RTVSPropertyOp8
 70
     0
102
RTVSPropertyOp9
 70
     0
102
RTVSPropertyOp10
 70
     0
102
RTVSPropertyOp11
 70
     0
102
RTVSPropertyOp12
 70
     0
102
RTVSPropertyOp13
 70
     0
102
RTVSPropertyOp14
 70
     2
102
RTVSPropertyOp15
 70
     0
102
RTVSPropertyOp16
 70
     0
102
RTVSPropertyOp17
 70
     0
102
RTVSPropertyOp18
 70
     0
102
RTVSPropertyOp19
 70
     0
102
RTVSPropertyOp20
 70
     0
102
RTVSPropertyOp21
 70
     0
102
RTVSPropertyOp22
 70
     0
102
RTVSPropertyOp23
 70
     0
102
RTVSPropertyOp24
 70
     0
102
RTVSPropertyOp25
 70
     0
102
RTVSPropertyOp26
 70
     0
102
RTVSPropertyOp27
 70
     0
102
RTVSPropertyOp28
 70
     0
102
RTVSPropertyOp29
 70
     0
102
RTVSPropertyOp30
 70
     0
102
RTVSPropertyOp31
 70
     0
102
RTVSPropertyOp32
 70
     0
102
RTVSPropertyOp33
 70
     0
102
RTVSPropertyOp34
 70
     0
102
RTVSPropertyOp35
 70
     0
102
RTVSPropertyOp36
 70
     0
102
RTVSPropertyOp37
 70
     0
102
RTVSPropertyOp38
 70
     0
102
RTVSPropertyOp39
 70
     0
102
RTVSPropertyOp40
 70
     0
102
RTVSPropertyOp41
 70
     0
102
RTVSPropertyOp42
 70
     0
102
RTVSPropertyOp43
 70
     0
102
RTVSPropertyOp44
 70
     0
102
RTVSPropertyOp45
 70
     0
102
RTVSPropertyOp46
 70
     0
102
RTVSPropertyOp47
 70
     0
102
RTVSPropertyOp48
 70
     0
102
RTVSPropertyOp49
 70
     0
102
RTVSPropertyOp50
 70
     0
102
RTVSPropertyOp51
 70
     0
102
RTVSPropertyOp52
 70
     0
102
RTVSPropertyOp53
 70
     0
102
RTVSPropertyOp54
 70
     0
102
RTVSPropertyOp55
 70
     0
102
RTVSPropertyOp56
 70
     0
102
RTVSPropertyOp57
 70
     0
102
RTVSPost2010Prop28
280
     0
102
RTVSPost2010PropOp28
 70
     0
102
RTVSPost2010Prop29
280
     1
102
RTVSPost2010PropOp29
 70
     0
102
RTVSPost2010Prop30
280
     1
102
RTVSPost2010PropOp30
 70
     0
102
RTVSPost2010Prop31
280
     0
102
RTVSPost2010PropOp31
 70
     0
102
RTVSPost2010Prop32
280
     0
102
RTVSPost2010PropOp32
 70
     0
102
RTVSPost2010Prop33
280
     0
102
RTVSPost2010PropOp33
 70
     0
102
RTVSPost2010Prop34
280
     0
102
RTVSPost2010PropOp34
 70
     0
102
RTVSPost2010Prop35
280
     0
102
RTVSPost2010PropOp35
 70
     0
102
RTVSPost2010Prop36
280
     0
102
RTVSPost2010PropOp36
 70
     0
102
RTVSPost2010Prop37
 90
       50
102
RTVSPost2010PropOp37
 70
     0
102
RTVSPost2010Prop38
140
0.0
102
RTVSPost2010PropOp38
 70
     0
102
RTVSPost2010Prop39
140
1.0
102
RTVSPost2010PropOp39
 70
     0
102
RTVSPost2010Prop40
 90
        0
102
RTVSPost2010PropOp40
 70
     0
102
RTVSPost2010Prop41ColorIndex
 90
       18
102
RTVSPost2010Prop41ColorRGB
 90
        0
102
RTVSPost2010PropOp41
 70
     0
102
RTVSPost2010Prop42
 90
       50
102
RTVSPost2010PropOp42
 70
     0
102
RTVSPost2010Prop43
 90
        3
102
RTVSPost2010PropOp43
 70
     0
102
RTVSPost2010Prop44ColorIndex
 90
        5
102
RTVSPost2010Prop44ColorRGB
 90
      255
102
RTVSPost2010PropOp44
 70
     0
102
RTVSPost2010Prop45
280
     0
102
RTVSPost2010PropOp45
 70
     0
102
RTVSPost2010Prop46
 90
       50
102
RTVSPost2010PropOp46
 70
     0
102
RTVSPost2010Prop47
 90
       50
102
RTVSPost2010PropOp47
 70
     0
102
RTVSPost2010Prop48
 90
       50
102
RTVSPost2010PropOp48
 70
     0
102
RTVSPost2010Prop49
280
     0
102
RTVSPost2010PropOp49
 70
     0
102
RTVSPost2010Prop50
 90
       50
102
RTVSPost2010PropOp50
 70
     0
102
RTVSPost2010Prop51ColorIndex
 90
      256
102
RTVSPost2010Prop51ColorRGB
 90
-16777216
102
RTVSPost2010PropOp51
 70
     0
102
RTVSPost2010Prop52
140
1.0
102
RTVSPost2010PropOp52
 70
     0
102
RTVSPost2010Prop53
 90
        2
102
RTVSPost2010PropOp53
 70
     0
102
RTVSPost2010Prop54
  1
strokes_ogs.tif
102
RTVSPost2010PropOp54
 70
     0
102
RTVSPost2010Prop55
280
     0
102
RTVSPost2010PropOp55
 70
     0
102
RTVSPost2010Prop56
140
1.0
102
RTVSPost2010PropOp56
 70
     0
102
RTVSPost2010Prop57
140
1.0
102
RTVSPost2010PropOp57
 70
     0
  0
XRECORD
  5
23E
102
{ACAD_REACTORS
330
23D
102
}
330
23D
100
AcDbXrecord
280
     1
102
RTVSPropertyOp0
 70
     1
102
RTVSPropertyOp1
 70
     1
102
RTVSPropertyOp2
 70
     1
102
RTVSPropertyOp3
 70
     1
102
RTVSPropertyOp4
 70
     1
102
RTVSPropertyOp5
 70
     1
102
RTVSPropertyOp6
 70
     1
102
RTVSPropertyOp7
 70
     1
102
RTVSPropertyOp8
 70
     1
102
RTVSPropertyOp9
 70
     1
102
RTVSPropertyOp10
 70
     1
102
RTVSPropertyOp11
 70
     1
102
RTVSPropertyOp12
 70
     1
102
RTVSPropertyOp13
 70
     1
102
RTVSPropertyOp14
 70
     1
102
RTVSPropertyOp15
 70
     1
102
RTVSPropertyOp16
 70
     1
102
RTVSPropertyOp17
 70
     1
102
RTVSPropertyOp18
 70
     1
102
RTVSPropertyOp19
 70
     1
102
RTVSPropertyOp20
 70
     1
102
RTVSPropertyOp21
 70
     1
102
RTVSPropertyOp22
 70
     1
102
RTVSPropertyOp23
 70
     1
102
RTVSPropertyOp24
 70
     1
102
RTVSPropertyOp25
 70
     1
102
RTVSPropertyOp26
 70
     1
102
RTVSPropertyOp27
 70
     1
102
RTVSPropertyOp28
 70
     1
102
RTVSPropertyOp29
 70
     1
102
RTVSPropertyOp30
 70
     1
102
RTVSPropertyOp31
 70
     1
102
RTVSPropertyOp32
 70
     1
102
RTVSPropertyOp33
 70
     1
102
RTVSPropertyOp34
 70
     1
102
RTVSPropertyOp35
 70
     1
102
RTVSPropertyOp36
 70
     1
102
RTVSPropertyOp37
 70
     1
102
RTVSPropertyOp38
 70
     1
102
RTVSPropertyOp39
 70
     1
102
RTVSPropertyOp40
 70
     1
102
RTVSPropertyOp41
 70
     1
102
RTVSPropertyOp42
 70
     1
102
RTVSPropertyOp43
 70
     1
102
RTVSPropertyOp44
 70
     1
102
RTVSPropertyOp45
 70
     1
102
RTVSPropertyOp46
 70
     1
102
RTVSPropertyOp47
 70
     1
102
RTVSPropertyOp48
 70
     1
102
RTVSPropertyOp49
 70
     1
102
RTVSPropertyOp50
 70
     1
102
RTVSPropertyOp51
 70
     0
102
RTVSPropertyOp52
 70
     0
102
RTVSPropertyOp53
 70
     1
102
RTVSPropertyOp54
 70
     1
102
RTVSPropertyOp55
 70
     1
102
RTVSPropertyOp56
 70
     1
102
RTVSPropertyOp57
 70
     1
102
RTVSPost2010Prop28
280
     0
102
RTVSPost2010PropOp28
 70
     1
102
RTVSPost2010Prop29
280
     1
102
RTVSPost2010PropOp29
 70
     1
102
RTVSPost2010Prop30
280
     1
102
RTVSPost2010PropOp30
 70
     1
102
RTVSPost2010Prop31
280
     0
102
RTVSPost2010PropOp31
 70
     1
102
RTVSPost2010Prop32
280
     0
102
RTVSPost2010PropOp32
 70
     1
102
RTVSPost2010Prop33
280
     0
102
RTVSPost2010PropOp33
 70
     1
102
RTVSPost2010Prop34
280
     0
102
RTVSPost2010PropOp34
 70
     1
102
RTVSPost2010Prop35
280
     0
102
RTVSPost2010PropOp35
 70
     1
102
RTVSPost2010Prop36
280
     0
102
RTVSPost2010PropOp36
 70
     1
102
RTVSPost2010Prop37
 90
       50
102
RTVSPost2010PropOp37
 70
     1
102
RTVSPost2010Prop38
140
0.0
102
RTVSPost2010PropOp38
 70
     1
102
RTVSPost2010Prop39
140
1.0
102
RTVSPost2010PropOp39
 70
     1
102
RTVSPost2010Prop40
 90
        0
102
RTVSPost2010PropOp40
 70
     1
102
RTVSPost2010Prop41ColorIndex
 90
       18
102
RTVSPost2010Prop41ColorRGB
 90
        0
102
RTVSPost2010PropOp41
 70
     1
102
RTVSPost2010Prop42
 90
       50
102
RTVSPost2010PropOp42
 70
     1
102
RTVSPost2010Prop43
 90
        3
102
RTVSPost2010PropOp43
 70
     1
102
RTVSPost2010Prop44ColorIndex
 90
        5
102
RTVSPost2010Prop44ColorRGB
 90
      255
102
RTVSPost2010PropOp44
 70
     1
102
RTVSPost2010Prop45
280
     0
102
RTVSPost2010PropOp45
 70
     1
102
RTVSPost2010Prop46
 90
       50
102
RTVSPost2010PropOp46
 70
     1
102
RTVSPost2010Prop47
 90
       50
102
RTVSPost2010PropOp47
 70
     1
102
RTVSPost2010Prop48
 90
       50
102
RTVSPost2010PropOp48
 70
     1
102
RTVSPost2010Prop49
280
     0
102
RTVSPost2010PropOp49
 70
     1
102
RTVSPost2010Prop50
 90
       50
102
RTVSPost2010PropOp50
 70
     1
102
RTVSPost2010Prop51ColorIndex
 90
      256
102
RTVSPost2010Prop51ColorRGB
 90
-16777216
102
RTVSPost2010PropOp51
 70
     0
102
RTVSPost2010Prop52
140
1.0
102
RTVSPost2010PropOp52
 70
     0
102
RTVSPost2010Prop53
 90
        2
102
RTVSPost2010PropOp53
 70
     1
102
RTVSPost2010Prop54
  1
strokes_ogs.tif
102
RTVSPost2010PropOp54
 70
     1
102
RTVSPost2010Prop55
280
     0
102
RTVSPost2010PropOp55
 70
     1
102
RTVSPost2010Prop56
140
1.0
102
RTVSPost2010PropOp56
 70
     1
102
RTVSPost2010Prop57
140
1.0
102
RTVSPost2010PropOp57
 70
     1
  0
XRECORD
  5
246
102
{ACAD_REACTORS
330
245
102
}
330
245
100
AcDbXrecord
280
     1
102
RTVSPropertyOp0
 70
     0
102
RTVSPropertyOp1
 70
     0
102
RTVSPropertyOp2
 70
     0
102
RTVSPropertyOp3
 70
     0
102
RTVSPropertyOp4
 70
     0
102
RTVSPropertyOp5
 70
     0
102
RTVSPropertyOp6
 70
     0
102
RTVSPropertyOp7
 70
     0
102
RTVSPropertyOp8
 70
     0
102
RTVSPropertyOp9
 70
     0
102
RTVSPropertyOp10
 70
     0
102
RTVSPropertyOp11
 70
     0
102
RTVSPropertyOp12
 70
     0
102
RTVSPropertyOp13
 70
     0
102
RTVSPropertyOp14
 70
     2
102
RTVSPropertyOp15
 70
     0
102
RTVSPropertyOp16
 70
     0
102
RTVSPropertyOp17
 70
     0
102
RTVSPropertyOp18
 70
     0
102
RTVSPropertyOp19
 70
     0
102
RTVSPropertyOp20
 70
     0
102
RTVSPropertyOp21
 70
     0
102
RTVSPropertyOp22
 70
     0
102
RTVSPropertyOp23
 70
     0
102
RTVSPropertyOp24
 70
     0
102
RTVSPropertyOp25
 70
     0
102
RTVSPropertyOp26
 70
     0
102
RTVSPropertyOp27
 70
     0
102
RTVSPropertyOp28
 70
     0
102
RTVSPropertyOp29
 70
     0
102
RTVSPropertyOp30
 70
     0
102
RTVSPropertyOp31
 70
     0
102
RTVSPropertyOp32
 70
     0
102
RTVSPropertyOp33
 70
     0
102
RTVSPropertyOp34
 70
     0
102
RTVSPropertyOp35
 70
     0
102
RTVSPropertyOp36
 70
     0
102
RTVSPropertyOp37
 70
     0
102
RTVSPropertyOp38
 70
     0
102
RTVSPropertyOp39
 70
     0
102
RTVSPropertyOp40
 70
     0
102
RTVSPropertyOp41
 70
     0
102
RTVSPropertyOp42
 70
     0
102
RTVSPropertyOp43
 70
     0
102
RTVSPropertyOp44
 70
     0
102
RTVSPropertyOp45
 70
     0
102
RTVSPropertyOp46
 70
     0
102
RTVSPropertyOp47
 70
     0
102
RTVSPropertyOp48
 70
     0
102
RTVSPropertyOp49
 70
     0
102
RTVSPropertyOp50
 70
     0
102
RTVSPropertyOp51
 70
     0
102
RTVSPropertyOp52
 70
     0
102
RTVSPropertyOp53
 70
     0
102
RTVSPropertyOp54
 70
     0
102
RTVSPropertyOp55
 70
     0
102
RTVSPropertyOp56
 70
     0
102
RTVSPropertyOp57
 70
     0
102
RTVSPost2010Prop28
280
     0
102
RTVSPost2010PropOp28
 70
     0
102
RTVSPost2010Prop29
280
     1
102
RTVSPost2010PropOp29
 70
     0
102
RTVSPost2010Prop30
280
     1
102
RTVSPost2010PropOp30
 70
     0
102
RTVSPost2010Prop31
280
     0
102
RTVSPost2010PropOp31
 70
     0
102
RTVSPost2010Prop32
280
     0
102
RTVSPost2010PropOp32
 70
     0
102
RTVSPost2010Prop33
280
     0
102
RTVSPost2010PropOp33
 70
     0
102
RTVSPost2010Prop34
280
     0
102
RTVSPost2010PropOp34
 70
     0
102
RTVSPost2010Prop35
280
     0
102
RTVSPost2010PropOp35
 70
     0
102
RTVSPost2010Prop36
280
     0
102
RTVSPost2010PropOp36
 70
     0
102
RTVSPost2010Prop37
 90
       50
102
RTVSPost2010PropOp37
 70
     0
102
RTVSPost2010Prop38
140
0.0
102
RTVSPost2010PropOp38
 70
     0
102
RTVSPost2010Prop39
140
1.0
102
RTVSPost2010PropOp39
 70
     0
102
RTVSPost2010Prop40
 90
        0
102
RTVSPost2010PropOp40
 70
     0
102
RTVSPost2010Prop41ColorIndex
 90
       18
102
RTVSPost2010Prop41ColorRGB
 90
        0
102
RTVSPost2010PropOp41
 70
     0
102
RTVSPost2010Prop42
 90
       50
102
RTVSPost2010PropOp42
 70
     0
102
RTVSPost2010Prop43
 90
        3
102
RTVSPost2010PropOp43
 70
     0
102
RTVSPost2010Prop44ColorIndex
 90
        5
102
RTVSPost2010Prop44ColorRGB
 90
      255
102
RTVSPost2010PropOp44
 70
     0
102
RTVSPost2010Prop45
280
     0
102
RTVSPost2010PropOp45
 70
     0
102
RTVSPost2010Prop46
 90
       50
102
RTVSPost2010PropOp46
 70
     0
102
RTVSPost2010Prop47
 90
       50
102
RTVSPost2010PropOp47
 70
     0
102
RTVSPost2010Prop48
 90
       50
102
RTVSPost2010PropOp48
 70
     0
102
RTVSPost2010Prop49
280
     0
102
RTVSPost2010PropOp49
 70
     0
102
RTVSPost2010Prop50
 90
       50
102
RTVSPost2010PropOp50
 70
     0
102
RTVSPost2010Prop51ColorIndex
 90
      256
102
RTVSPost2010Prop51ColorRGB
 90
-16777216
102
RTVSPost2010PropOp51
 70
     0
102
RTVSPost2010Prop52
140
1.0
102
RTVSPost2010PropOp52
 70
     0
102
RTVSPost2010Prop53
 90
        2
102
RTVSPost2010PropOp53
 70
     0
102
RTVSPost2010Prop54
  1
strokes_ogs.tif
102
RTVSPost2010PropOp54
 70
     0
102
RTVSPost2010Prop55
280
     0
102
RTVSPost2010PropOp55
 70
     0
102
RTVSPost2010Prop56
140
1.0
102
RTVSPost2010PropOp56
 70
     0
102
RTVSPost2010Prop57
140
1.0
102
RTVSPost2010PropOp57
 70
     0
  0
XRECORD
  5
234
102
{ACAD_REACTORS
330
233
102
}
330
233
100
AcDbXrecord
280
     1
102
RTVSPropertyOp0
 70
     1
102
RTVSPropertyOp1
 70
     1
102
RTVSPropertyOp2
 70
     1
102
RTVSPropertyOp3
 70
     1
102
RTVSPropertyOp4
 70
     1
102
RTVSPropertyOp5
 70
     1
102
RTVSPropertyOp6
 70
     1
102
RTVSPropertyOp7
 70
     1
102
RTVSPropertyOp8
 70
     1
102
RTVSPropertyOp9
 70
     1
102
RTVSPropertyOp10
 70
     1
102
RTVSPropertyOp11
 70
     1
102
RTVSPropertyOp12
 70
     1
102
RTVSPropertyOp13
 70
     1
102
RTVSPropertyOp14
 70
     1
102
RTVSPropertyOp15
 70
     1
102
RTVSPropertyOp16
 70
     1
102
RTVSPropertyOp17
 70
     1
102
RTVSPropertyOp18
 70
     1
102
RTVSPropertyOp19
 70
     1
102
RTVSPropertyOp20
 70
     1
102
RTVSPropertyOp21
 70
     1
102
RTVSPropertyOp22
 70
     1
102
RTVSPropertyOp23
 70
     1
102
RTVSPropertyOp24
 70
     1
102
RTVSPropertyOp25
 70
     1
102
RTVSPropertyOp26
 70
     1
102
RTVSPropertyOp27
 70
     1
102
RTVSPropertyOp28
 70
     1
102
RTVSPropertyOp29
 70
     1
102
RTVSPropertyOp30
 70
     1
102
RTVSPropertyOp31
 70
     1
102
RTVSPropertyOp32
 70
     1
102
RTVSPropertyOp33
 70
     1
102
RTVSPropertyOp34
 70
     1
102
RTVSPropertyOp35
 70
     1
102
RTVSPropertyOp36
 70
     1
102
RTVSPropertyOp37
 70
     1
102
RTVSPropertyOp38
 70
     1
102
RTVSPropertyOp39
 70
     1
102
RTVSPropertyOp40
 70
     1
102
RTVSPropertyOp41
 70
     1
102
RTVSPropertyOp42
 70
     1
102
RTVSPropertyOp43
 70
     1
102
RTVSPropertyOp44
 70
     1
102
RTVSPropertyOp45
 70
     1
102
RTVSPropertyOp46
 70
     1
102
RTVSPropertyOp47
 70
     1
102
RTVSPropertyOp48
 70
     1
102
RTVSPropertyOp49
 70
     1
102
RTVSPropertyOp50
 70
     1
102
RTVSPropertyOp51
 70
     0
102
RTVSPropertyOp52
 70
     0
102
RTVSPropertyOp53
 70
     1
102
RTVSPropertyOp54
 70
     1
102
RTVSPropertyOp55
 70
     1
102
RTVSPropertyOp56
 70
     1
102
RTVSPropertyOp57
 70
     1
102
RTVSPost2010Prop28
280
     0
102
RTVSPost2010PropOp28
 70
     1
102
RTVSPost2010Prop29
280
     1
102
RTVSPost2010PropOp29
 70
     1
102
RTVSPost2010Prop30
280
     1
102
RTVSPost2010PropOp30
 70
     1
102
RTVSPost2010Prop31
280
     0
102
RTVSPost2010PropOp31
 70
     1
102
RTVSPost2010Prop32
280
     0
102
RTVSPost2010PropOp32
 70
     1
102
RTVSPost2010Prop33
280
     0
102
RTVSPost2010PropOp33
 70
     1
102
RTVSPost2010Prop34
280
     0
102
RTVSPost2010PropOp34
 70
     1
102
RTVSPost2010Prop35
280
     0
102
RTVSPost2010PropOp35
 70
     1
102
RTVSPost2010Prop36
280
     0
102
RTVSPost2010PropOp36
 70
     1
102
RTVSPost2010Prop37
 90
       50
102
RTVSPost2010PropOp37
 70
     1
102
RTVSPost2010Prop38
140
0.0
102
RTVSPost2010PropOp38
 70
     1
102
RTVSPost2010Prop39
140
1.0
102
RTVSPost2010PropOp39
 70
     1
102
RTVSPost2010Prop40
 90
        0
102
RTVSPost2010PropOp40
 70
     1
102
RTVSPost2010Prop41ColorIndex
 90
       18
102
RTVSPost2010Prop41ColorRGB
 90
        0
102
RTVSPost2010PropOp41
 70
     1
102
RTVSPost2010Prop42
 90
       50
102
RTVSPost2010PropOp42
 70
     1
102
RTVSPost2010Prop43
 90
        3
102
RTVSPost2010PropOp43
 70
     1
102
RTVSPost2010Prop44ColorIndex
 90
        5
102
RTVSPost2010Prop44ColorRGB
 90
      255
102
RTVSPost2010PropOp44
 70
     1
102
RTVSPost2010Prop45
280
     0
102
RTVSPost2010PropOp45
 70
     1
102
RTVSPost2010Prop46
 90
       50
102
RTVSPost2010PropOp46
 70
     1
102
RTVSPost2010Prop47
 90
       50
102
RTVSPost2010PropOp47
 70
     1
102
RTVSPost2010Prop48
 90
       50
102
RTVSPost2010PropOp48
 70
     1
102
RTVSPost2010Prop49
280
     0
102
RTVSPost2010PropOp49
 70
     1
102
RTVSPost2010Prop50
 90
       50
102
RTVSPost2010PropOp50
 70
     1
102
RTVSPost2010Prop51ColorIndex
 90
      256
102
RTVSPost2010Prop51ColorRGB
 90
-16777216
102
RTVSPost2010PropOp51
 70
     0
102
RTVSPost2010Prop52
140
1.0
102
RTVSPost2010PropOp52
 70
     0
102
RTVSPost2010Prop53
 90
        2
102
RTVSPost2010PropOp53
 70
     1
102
RTVSPost2010Prop54
  1
strokes_ogs.tif
102
RTVSPost2010PropOp54
 70
     1
102
RTVSPost2010Prop55
280
     0
102
RTVSPost2010PropOp55
 70
     1
102
RTVSPost2010Prop56
140
1.0
102
RTVSPost2010PropOp56
 70
     1
102
RTVSPost2010Prop57
140
1.0
102
RTVSPost2010PropOp57
 70
     1
  0
XRECORD
  5
252
102
{ACAD_REACTORS
330
251
102
}
330
251
100
AcDbXrecord
280
     1
102
RTVSPropertyOp0
 70
     1
102
RTVSPropertyOp1
 70
     1
102
RTVSPropertyOp2
 70
     1
102
RTVSPropertyOp3
 70
     1
102
RTVSPropertyOp4
 70
     1
102
RTVSPropertyOp5
 70
     1
102
RTVSPropertyOp6
 70
     1
102
RTVSPropertyOp7
 70
     1
102
RTVSPropertyOp8
 70
     1
102
RTVSPropertyOp9
 70
     1
102
RTVSPropertyOp10
 70
     1
102
RTVSPropertyOp11
 70
     1
102
RTVSPropertyOp12
 70
     1
102
RTVSPropertyOp13
 70
     1
102
RTVSPropertyOp14
 70
     1
102
RTVSPropertyOp15
 70
     1
102
RTVSPropertyOp16
 70
     1
102
RTVSPropertyOp17
 70
     1
102
RTVSPropertyOp18
 70
     1
102
RTVSPropertyOp19
 70
     1
102
RTVSPropertyOp20
 70
     1
102
RTVSPropertyOp21
 70
     1
102
RTVSPropertyOp22
 70
     1
102
RTVSPropertyOp23
 70
     1
102
RTVSPropertyOp24
 70
     1
102
RTVSPropertyOp25
 70
     1
102
RTVSPropertyOp26
 70
     1
102
RTVSPropertyOp27
 70
     1
102
RTVSPropertyOp28
 70
     1
102
RTVSPropertyOp29
 70
     1
102
RTVSPropertyOp30
 70
     1
102
RTVSPropertyOp31
 70
     1
102
RTVSPropertyOp32
 70
     1
102
RTVSPropertyOp33
 70
     1
102
RTVSPropertyOp34
 70
     1
102
RTVSPropertyOp35
 70
     1
102
RTVSPropertyOp36
 70
     1
102
RTVSPropertyOp37
 70
     1
102
RTVSPropertyOp38
 70
     1
102
RTVSPropertyOp39
 70
     1
102
RTVSPropertyOp40
 70
     1
102
RTVSPropertyOp41
 70
     1
102
RTVSPropertyOp42
 70
     1
102
RTVSPropertyOp43
 70
     1
102
RTVSPropertyOp44
 70
     1
102
RTVSPropertyOp45
 70
     1
102
RTVSPropertyOp46
 70
     1
102
RTVSPropertyOp47
 70
     1
102
RTVSPropertyOp48
 70
     1
102
RTVSPropertyOp49
 70
     1
102
RTVSPropertyOp50
 70
     1
102
RTVSPropertyOp51
 70
     0
102
RTVSPropertyOp52
 70
     0
102
RTVSPropertyOp53
 70
     1
102
RTVSPropertyOp54
 70
     1
102
RTVSPropertyOp55
 70
     1
102
RTVSPropertyOp56
 70
     1
102
RTVSPropertyOp57
 70
     1
102
RTVSPost2010Prop28
280
     0
102
RTVSPost2010PropOp28
 70
     1
102
RTVSPost2010Prop29
280
     1
102
RTVSPost2010PropOp29
 70
     1
102
RTVSPost2010Prop30
280
     1
102
RTVSPost2010PropOp30
 70
     1
102
RTVSPost2010Prop31
280
     0
102
RTVSPost2010PropOp31
 70
     1
102
RTVSPost2010Prop32
280
     0
102
RTVSPost2010PropOp32
 70
     1
102
RTVSPost2010Prop33
280
     0
102
RTVSPost2010PropOp33
 70
     1
102
RTVSPost2010Prop34
280
     0
102
RTVSPost2010PropOp34
 70
     1
102
RTVSPost2010Prop35
280
     0
102
RTVSPost2010PropOp35
 70
     1
102
RTVSPost2010Prop36
280
     0
102
RTVSPost2010PropOp36
 70
     1
102
RTVSPost2010Prop37
 90
       50
102
RTVSPost2010PropOp37
 70
     1
102
RTVSPost2010Prop38
140
0.0
102
RTVSPost2010PropOp38
 70
     1
102
RTVSPost2010Prop39
140
1.0
102
RTVSPost2010PropOp39
 70
     1
102
RTVSPost2010Prop40
 90
        0
102
RTVSPost2010PropOp40
 70
     1
102
RTVSPost2010Prop41ColorIndex
 90
       18
102
RTVSPost2010Prop41ColorRGB
 90
        0
102
RTVSPost2010PropOp41
 70
     1
102
RTVSPost2010Prop42
 90
       50
102
RTVSPost2010PropOp42
 70
     1
102
RTVSPost2010Prop43
 90
        3
102
RTVSPost2010PropOp43
 70
     1
102
RTVSPost2010Prop44ColorIndex
 90
        5
102
RTVSPost2010Prop44ColorRGB
 90
      255
102
RTVSPost2010PropOp44
 70
     1
102
RTVSPost2010Prop45
280
     0
102
RTVSPost2010PropOp45
 70
     1
102
RTVSPost2010Prop46
 90
       50
102
RTVSPost2010PropOp46
 70
     1
102
RTVSPost2010Prop47
 90
       50
102
RTVSPost2010PropOp47
 70
     1
102
RTVSPost2010Prop48
 90
       50
102
RTVSPost2010PropOp48
 70
     1
102
RTVSPost2010Prop49
280
     0
102
RTVSPost2010PropOp49
 70
     1
102
RTVSPost2010Prop50
 90
       50
102
RTVSPost2010PropOp50
 70
     1
102
RTVSPost2010Prop51ColorIndex
 90
      256
102
RTVSPost2010Prop51ColorRGB
 90
-16777216
102
RTVSPost2010PropOp51
 70
     0
102
RTVSPost2010Prop52
140
1.0
102
RTVSPost2010PropOp52
 70
     0
102
RTVSPost2010Prop53
 90
        2
102
RTVSPost2010PropOp53
 70
     1
102
RTVSPost2010Prop54
  1
strokes_ogs.tif
102
RTVSPost2010PropOp54
 70
     1
102
RTVSPost2010Prop55
280
     0
102
RTVSPost2010PropOp55
 70
     1
102
RTVSPost2010Prop56
140
1.0
102
RTVSPost2010PropOp56
 70
     1
102
RTVSPost2010Prop57
140
1.0
102
RTVSPost2010PropOp57
 70
     1
  0
XRECORD
  5
250
102
{ACAD_REACTORS
330
24F
102
}
330
24F
100
AcDbXrecord
280
     1
102
RTVSPropertyOp0
 70
     1
102
RTVSPropertyOp1
 70
     1
102
RTVSPropertyOp2
 70
     1
102
RTVSPropertyOp3
 70
     1
102
RTVSPropertyOp4
 70
     1
102
RTVSPropertyOp5
 70
     1
102
RTVSPropertyOp6
 70
     1
102
RTVSPropertyOp7
 70
     1
102
RTVSPropertyOp8
 70
     1
102
RTVSPropertyOp9
 70
     1
102
RTVSPropertyOp10
 70
     1
102
RTVSPropertyOp11
 70
     1
102
RTVSPropertyOp12
 70
     1
102
RTVSPropertyOp13
 70
     1
102
RTVSPropertyOp14
 70
     1
102
RTVSPropertyOp15
 70
     1
102
RTVSPropertyOp16
 70
     1
102
RTVSPropertyOp17
 70
     1
102
RTVSPropertyOp18
 70
     1
102
RTVSPropertyOp19
 70
     1
102
RTVSPropertyOp20
 70
     1
102
RTVSPropertyOp21
 70
     1
102
RTVSPropertyOp22
 70
     1
102
RTVSPropertyOp23
 70
     1
102
RTVSPropertyOp24
 70
     1
102
RTVSPropertyOp25
 70
     1
102
RTVSPropertyOp26
 70
     1
102
RTVSPropertyOp27
 70
     1
102
RTVSPropertyOp28
 70
     1
102
RTVSPropertyOp29
 70
     1
102
RTVSPropertyOp30
 70
     1
102
RTVSPropertyOp31
 70
     1
102
RTVSPropertyOp32
 70
     1
102
RTVSPropertyOp33
 70
     1
102
RTVSPropertyOp34
 70
     1
102
RTVSPropertyOp35
 70
     1
102
RTVSPropertyOp36
 70
     1
102
RTVSPropertyOp37
 70
     1
102
RTVSPropertyOp38
 70
     1
102
RTVSPropertyOp39
 70
     1
102
RTVSPropertyOp40
 70
     1
102
RTVSPropertyOp41
 70
     1
102
RTVSPropertyOp42
 70
     1
102
RTVSPropertyOp43
 70
     1
102
RTVSPropertyOp44
 70
     1
102
RTVSPropertyOp45
 70
     1
102
RTVSPropertyOp46
 70
     1
102
RTVSPropertyOp47
 70
     1
102
RTVSPropertyOp48
 70
     1
102
RTVSPropertyOp49
 70
     1
102
RTVSPropertyOp50
 70
     1
102
RTVSPropertyOp51
 70
     0
102
RTVSPropertyOp52
 70
     0
102
RTVSPropertyOp53
 70
     1
102
RTVSPropertyOp54
 70
     1
102
RTVSPropertyOp55
 70
     1
102
RTVSPropertyOp56
 70
     1
102
RTVSPropertyOp57
 70
     1
102
RTVSPost2010Prop28
280
     0
102
RTVSPost2010PropOp28
 70
     1
102
RTVSPost2010Prop29
280
     1
102
RTVSPost2010PropOp29
 70
     1
102
RTVSPost2010Prop30
280
     1
102
RTVSPost2010PropOp30
 70
     1
102
RTVSPost2010Prop31
280
     0
102
RTVSPost2010PropOp31
 70
     1
102
RTVSPost2010Prop32
280
     0
102
RTVSPost2010PropOp32
 70
     1
102
RTVSPost2010Prop33
280
     0
102
RTVSPost2010PropOp33
 70
     1
102
RTVSPost2010Prop34
280
     0
102
RTVSPost2010PropOp34
 70
     1
102
RTVSPost2010Prop35
280
     0
102
RTVSPost2010PropOp35
 70
     1
102
RTVSPost2010Prop36
280
     0
102
RTVSPost2010PropOp36
 70
     1
102
RTVSPost2010Prop37
 90
       50
102
RTVSPost2010PropOp37
 70
     1
102
RTVSPost2010Prop38
140
0.0
102
RTVSPost2010PropOp38
 70
     1
102
RTVSPost2010Prop39
140
1.0
102
RTVSPost2010PropOp39
 70
     1
102
RTVSPost2010Prop40
 90
        0
102
RTVSPost2010PropOp40
 70
     1
102
RTVSPost2010Prop41ColorIndex
 90
       18
102
RTVSPost2010Prop41ColorRGB
 90
        0
102
RTVSPost2010PropOp41
 70
     1
102
RTVSPost2010Prop42
 90
       50
102
RTVSPost2010PropOp42
 70
     1
102
RTVSPost2010Prop43
 90
        3
102
RTVSPost2010PropOp43
 70
     1
102
RTVSPost2010Prop44ColorIndex
 90
        5
102
RTVSPost2010Prop44ColorRGB
 90
      255
102
RTVSPost2010PropOp44
 70
     1
102
RTVSPost2010Prop45
280
     0
102
RTVSPost2010PropOp45
 70
     1
102
RTVSPost2010Prop46
 90
       50
102
RTVSPost2010PropOp46
 70
     1
102
RTVSPost2010Prop47
 90
       50
102
RTVSPost2010PropOp47
 70
     1
102
RTVSPost2010Prop48
 90
       50
102
RTVSPost2010PropOp48
 70
     1
102
RTVSPost2010Prop49
280
     0
102
RTVSPost2010PropOp49
 70
     1
102
RTVSPost2010Prop50
 90
       50
102
RTVSPost2010PropOp50
 70
     1
102
RTVSPost2010Prop51ColorIndex
 90
      256
102
RTVSPost2010Prop51ColorRGB
 90
-16777216
102
RTVSPost2010PropOp51
 70
     0
102
RTVSPost2010Prop52
140
1.0
102
RTVSPost2010PropOp52
 70
     0
102
RTVSPost2010Prop53
 90
        2
102
RTVSPost2010PropOp53
 70
     1
102
RTVSPost2010Prop54
  1
strokes_ogs.tif
102
RTVSPost2010PropOp54
 70
     1
102
RTVSPost2010Prop55
280
     0
102
RTVSPost2010PropOp55
 70
     1
102
RTVSPost2010Prop56
140
1.0
102
RTVSPost2010PropOp56
 70
     1
102
RTVSPost2010Prop57
140
1.0
102
RTVSPost2010PropOp57
 70
     1
  0
XRECORD
  5
24A
102
{ACAD_REACTORS
330
249
102
}
330
249
100
AcDbXrecord
280
     1
102
RTVSPropertyOp0
 70
     1
102
RTVSPropertyOp1
 70
     1
102
RTVSPropertyOp2
 70
     1
102
RTVSPropertyOp3
 70
     1
102
RTVSPropertyOp4
 70
     1
102
RTVSPropertyOp5
 70
     1
102
RTVSPropertyOp6
 70
     1
102
RTVSPropertyOp7
 70
     1
102
RTVSPropertyOp8
 70
     1
102
RTVSPropertyOp9
 70
     1
102
RTVSPropertyOp10
 70
     1
102
RTVSPropertyOp11
 70
     1
102
RTVSPropertyOp12
 70
     1
102
RTVSPropertyOp13
 70
     1
102
RTVSPropertyOp14
 70
     1
102
RTVSPropertyOp15
 70
     1
102
RTVSPropertyOp16
 70
     1
102
RTVSPropertyOp17
 70
     1
102
RTVSPropertyOp18
 70
     1
102
RTVSPropertyOp19
 70
     1
102
RTVSPropertyOp20
 70
     1
102
RTVSPropertyOp21
 70
     1
102
RTVSPropertyOp22
 70
     1
102
RTVSPropertyOp23
 70
     1
102
RTVSPropertyOp24
 70
     1
102
RTVSPropertyOp25
 70
     1
102
RTVSPropertyOp26
 70
     1
102
RTVSPropertyOp27
 70
     1
102
RTVSPropertyOp28
 70
     1
102
RTVSPropertyOp29
 70
     1
102
RTVSPropertyOp30
 70
     1
102
RTVSPropertyOp31
 70
     1
102
RTVSPropertyOp32
 70
     1
102
RTVSPropertyOp33
 70
     1
102
RTVSPropertyOp34
 70
     1
102
RTVSPropertyOp35
 70
     1
102
RTVSPropertyOp36
 70
     1
102
RTVSPropertyOp37
 70
     1
102
RTVSPropertyOp38
 70
     1
102
RTVSPropertyOp39
 70
     1
102
RTVSPropertyOp40
 70
     1
102
RTVSPropertyOp41
 70
     1
102
RTVSPropertyOp42
 70
     1
102
RTVSPropertyOp43
 70
     1
102
RTVSPropertyOp44
 70
     1
102
RTVSPropertyOp45
 70
     1
102
RTVSPropertyOp46
 70
     1
102
RTVSPropertyOp47
 70
     1
102
RTVSPropertyOp48
 70
     1
102
RTVSPropertyOp49
 70
     1
102
RTVSPropertyOp50
 70
     1
102
RTVSPropertyOp51
 70
     0
102
RTVSPropertyOp52
 70
     0
102
RTVSPropertyOp53
 70
     1
102
RTVSPropertyOp54
 70
     1
102
RTVSPropertyOp55
 70
     1
102
RTVSPropertyOp56
 70
     1
102
RTVSPropertyOp57
 70
     1
102
RTVSPost2010Prop28
280
     0
102
RTVSPost2010PropOp28
 70
     1
102
RTVSPost2010Prop29
280
     1
102
RTVSPost2010PropOp29
 70
     1
102
RTVSPost2010Prop30
280
     1
102
RTVSPost2010PropOp30
 70
     1
102
RTVSPost2010Prop31
280
     0
102
RTVSPost2010PropOp31
 70
     1
102
RTVSPost2010Prop32
280
     0
102
RTVSPost2010PropOp32
 70
     1
102
RTVSPost2010Prop33
280
     0
102
RTVSPost2010PropOp33
 70
     1
102
RTVSPost2010Prop34
280
     0
102
RTVSPost2010PropOp34
 70
     1
102
RTVSPost2010Prop35
280
     0
102
RTVSPost2010PropOp35
 70
     1
102
RTVSPost2010Prop36
280
     0
102
RTVSPost2010PropOp36
 70
     1
102
RTVSPost2010Prop37
 90
       50
102
RTVSPost2010PropOp37
 70
     1
102
RTVSPost2010Prop38
140
0.0
102
RTVSPost2010PropOp38
 70
     1
102
RTVSPost2010Prop39
140
1.0
102
RTVSPost2010PropOp39
 70
     1
102
RTVSPost2010Prop40
 90
        0
102
RTVSPost2010PropOp40
 70
     1
102
RTVSPost2010Prop41ColorIndex
 90
       18
102
RTVSPost2010Prop41ColorRGB
 90
        0
102
RTVSPost2010PropOp41
 70
     1
102
RTVSPost2010Prop42
 90
       50
102
RTVSPost2010PropOp42
 70
     1
102
RTVSPost2010Prop43
 90
        3
102
RTVSPost2010PropOp43
 70
     1
102
RTVSPost2010Prop44ColorIndex
 90
        5
102
RTVSPost2010Prop44ColorRGB
 90
      255
102
RTVSPost2010PropOp44
 70
     1
102
RTVSPost2010Prop45
280
     0
102
RTVSPost2010PropOp45
 70
     1
102
RTVSPost2010Prop46
 90
       50
102
RTVSPost2010PropOp46
 70
     1
102
RTVSPost2010Prop47
 90
       50
102
RTVSPost2010PropOp47
 70
     1
102
RTVSPost2010Prop48
 90
       50
102
RTVSPost2010PropOp48
 70
     1
102
RTVSPost2010Prop49
280
     0
102
RTVSPost2010PropOp49
 70
     1
102
RTVSPost2010Prop50
 90
       50
102
RTVSPost2010PropOp50
 70
     1
102
RTVSPost2010Prop51ColorIndex
 90
      256
102
RTVSPost2010Prop51ColorRGB
 90
-16777216
102
RTVSPost2010PropOp51
 70
     0
102
RTVSPost2010Prop52
140
1.0
102
RTVSPost2010PropOp52
 70
     0
102
RTVSPost2010Prop53
 90
        2
102
RTVSPost2010PropOp53
 70
     1
102
RTVSPost2010Prop54
  1
strokes_ogs.tif
102
RTVSPost2010PropOp54
 70
     1
102
RTVSPost2010Prop55
280
     0
102
RTVSPost2010PropOp55
 70
     1
102
RTVSPost2010Prop56
140
1.0
102
RTVSPost2010PropOp56
 70
     1
102
RTVSPost2010Prop57
140
1.0
102
RTVSPost2010PropOp57
 70
     1
  0
XRECORD
  5
24C
102
{ACAD_REACTORS
330
24B
102
}
330
24B
100
AcDbXrecord
280
     1
102
RTVSPropertyOp0
 70
     1
102
RTVSPropertyOp1
 70
     1
102
RTVSPropertyOp2
 70
     1
102
RTVSPropertyOp3
 70
     1
102
RTVSPropertyOp4
 70
     1
102
RTVSPropertyOp5
 70
     1
102
RTVSPropertyOp6
 70
     1
102
RTVSPropertyOp7
 70
     1
102
RTVSPropertyOp8
 70
     1
102
RTVSPropertyOp9
 70
     1
102
RTVSPropertyOp10
 70
     1
102
RTVSPropertyOp11
 70
     1
102
RTVSPropertyOp12
 70
     1
102
RTVSPropertyOp13
 70
     1
102
RTVSPropertyOp14
 70
     1
102
RTVSPropertyOp15
 70
     1
102
RTVSPropertyOp16
 70
     1
102
RTVSPropertyOp17
 70
     1
102
RTVSPropertyOp18
 70
     1
102
RTVSPropertyOp19
 70
     1
102
RTVSPropertyOp20
 70
     1
102
RTVSPropertyOp21
 70
     1
102
RTVSPropertyOp22
 70
     1
102
RTVSPropertyOp23
 70
     1
102
RTVSPropertyOp24
 70
     1
102
RTVSPropertyOp25
 70
     1
102
RTVSPropertyOp26
 70
     1
102
RTVSPropertyOp27
 70
     1
102
RTVSPropertyOp28
 70
     1
102
RTVSPropertyOp29
 70
     1
102
RTVSPropertyOp30
 70
     1
102
RTVSPropertyOp31
 70
     1
102
RTVSPropertyOp32
 70
     1
102
RTVSPropertyOp33
 70
     1
102
RTVSPropertyOp34
 70
     1
102
RTVSPropertyOp35
 70
     1
102
RTVSPropertyOp36
 70
     1
102
RTVSPropertyOp37
 70
     1
102
RTVSPropertyOp38
 70
     1
102
RTVSPropertyOp39
 70
     1
102
RTVSPropertyOp40
 70
     1
102
RTVSPropertyOp41
 70
     1
102
RTVSPropertyOp42
 70
     1
102
RTVSPropertyOp43
 70
     1
102
RTVSPropertyOp44
 70
     1
102
RTVSPropertyOp45
 70
     1
102
RTVSPropertyOp46
 70
     1
102
RTVSPropertyOp47
 70
     1
102
RTVSPropertyOp48
 70
     1
102
RTVSPropertyOp49
 70
     1
102
RTVSPropertyOp50
 70
     1
102
RTVSPropertyOp51
 70
     0
102
RTVSPropertyOp52
 70
     0
102
RTVSPropertyOp53
 70
     1
102
RTVSPropertyOp54
 70
     1
102
RTVSPropertyOp55
 70
     1
102
RTVSPropertyOp56
 70
     1
102
RTVSPropertyOp57
 70
     1
102
RTVSPost2010Prop28
280
     0
102
RTVSPost2010PropOp28
 70
     1
102
RTVSPost2010Prop29
280
     1
102
RTVSPost2010PropOp29
 70
     1
102
RTVSPost2010Prop30
280
     1
102
RTVSPost2010PropOp30
 70
     1
102
RTVSPost2010Prop31
280
     0
102
RTVSPost2010PropOp31
 70
     1
102
RTVSPost2010Prop32
280
     0
102
RTVSPost2010PropOp32
 70
     1
102
RTVSPost2010Prop33
280
     0
102
RTVSPost2010PropOp33
 70
     1
102
RTVSPost2010Prop34
280
     0
102
RTVSPost2010PropOp34
 70
     1
102
RTVSPost2010Prop35
280
     0
102
RTVSPost2010PropOp35
 70
     1
102
RTVSPost2010Prop36
280
     0
102
RTVSPost2010PropOp36
 70
     1
102
RTVSPost2010Prop37
 90
       50
102
RTVSPost2010PropOp37
 70
     1
102
RTVSPost2010Prop38
140
0.0
102
RTVSPost2010PropOp38
 70
     1
102
RTVSPost2010Prop39
140
1.0
102
RTVSPost2010PropOp39
 70
     1
102
RTVSPost2010Prop40
 90
        0
102
RTVSPost2010PropOp40
 70
     1
102
RTVSPost2010Prop41ColorIndex
 90
       18
102
RTVSPost2010Prop41ColorRGB
 90
        0
102
RTVSPost2010PropOp41
 70
     1
102
RTVSPost2010Prop42
 90
       50
102
RTVSPost2010PropOp42
 70
     1
102
RTVSPost2010Prop43
 90
        3
102
RTVSPost2010PropOp43
 70
     1
102
RTVSPost2010Prop44ColorIndex
 90
        5
102
RTVSPost2010Prop44ColorRGB
 90
      255
102
RTVSPost2010PropOp44
 70
     1
102
RTVSPost2010Prop45
280
     0
102
RTVSPost2010PropOp45
 70
     1
102
RTVSPost2010Prop46
 90
       50
102
RTVSPost2010PropOp46
 70
     1
102
RTVSPost2010Prop47
 90
       50
102
RTVSPost2010PropOp47
 70
     1
102
RTVSPost2010Prop48
 90
       50
102
RTVSPost2010PropOp48
 70
     1
102
RTVSPost2010Prop49
280
     0
102
RTVSPost2010PropOp49
 70
     1
102
RTVSPost2010Prop50
 90
       50
102
RTVSPost2010PropOp50
 70
     1
102
RTVSPost2010Prop51ColorIndex
 90
      256
102
RTVSPost2010Prop51ColorRGB
 90
-16777216
102
RTVSPost2010PropOp51
 70
     0
102
RTVSPost2010Prop52
140
1.0
102
RTVSPost2010PropOp52
 70
     0
102
RTVSPost2010Prop53
 90
        2
102
RTVSPost2010PropOp53
 70
     1
102
RTVSPost2010Prop54
  1
strokes_ogs.tif
102
RTVSPost2010PropOp54
 70
     1
102
RTVSPost2010Prop55
280
     0
102
RTVSPost2010PropOp55
 70
     1
102
RTVSPost2010Prop56
140
1.0
102
RTVSPost2010PropOp56
 70
     1
102
RTVSPost2010Prop57
140
1.0
102
RTVSPost2010PropOp57
 70
     1
  0
XRECORD
  5
23C
102
{ACAD_REACTORS
330
23B
102
}
330
23B
100
AcDbXrecord
280
     1
102
RTVSPropertyOp0
 70
     1
102
RTVSPropertyOp1
 70
     1
102
RTVSPropertyOp2
 70
     1
102
RTVSPropertyOp3
 70
     1
102
RTVSPropertyOp4
 70
     1
102
RTVSPropertyOp5
 70
     1
102
RTVSPropertyOp6
 70
     1
102
RTVSPropertyOp7
 70
     1
102
RTVSPropertyOp8
 70
     1
102
RTVSPropertyOp9
 70
     1
102
RTVSPropertyOp10
 70
     1
102
RTVSPropertyOp11
 70
     1
102
RTVSPropertyOp12
 70
     1
102
RTVSPropertyOp13
 70
     1
102
RTVSPropertyOp14
 70
     1
102
RTVSPropertyOp15
 70
     1
102
RTVSPropertyOp16
 70
     1
102
RTVSPropertyOp17
 70
     1
102
RTVSPropertyOp18
 70
     1
102
RTVSPropertyOp19
 70
     1
102
RTVSPropertyOp20
 70
     1
102
RTVSPropertyOp21
 70
     1
102
RTVSPropertyOp22
 70
     1
102
RTVSPropertyOp23
 70
     1
102
RTVSPropertyOp24
 70
     1
102
RTVSPropertyOp25
 70
     1
102
RTVSPropertyOp26
 70
     1
102
RTVSPropertyOp27
 70
     1
102
RTVSPropertyOp28
 70
     1
102
RTVSPropertyOp29
 70
     1
102
RTVSPropertyOp30
 70
     1
102
RTVSPropertyOp31
 70
     1
102
RTVSPropertyOp32
 70
     1
102
RTVSPropertyOp33
 70
     1
102
RTVSPropertyOp34
 70
     1
102
RTVSPropertyOp35
 70
     1
102
RTVSPropertyOp36
 70
     1
102
RTVSPropertyOp37
 70
     1
102
RTVSPropertyOp38
 70
     1
102
RTVSPropertyOp39
 70
     1
102
RTVSPropertyOp40
 70
     1
102
RTVSPropertyOp41
 70
     1
102
RTVSPropertyOp42
 70
     1
102
RTVSPropertyOp43
 70
     1
102
RTVSPropertyOp44
 70
     1
102
RTVSPropertyOp45
 70
     1
102
RTVSPropertyOp46
 70
     1
102
RTVSPropertyOp47
 70
     1
102
RTVSPropertyOp48
 70
     1
102
RTVSPropertyOp49
 70
     1
102
RTVSPropertyOp50
 70
     1
102
RTVSPropertyOp51
 70
     0
102
RTVSPropertyOp52
 70
     0
102
RTVSPropertyOp53
 70
     1
102
RTVSPropertyOp54
 70
     1
102
RTVSPropertyOp55
 70
     1
102
RTVSPropertyOp56
 70
     1
102
RTVSPropertyOp57
 70
     1
102
RTVSPost2010Prop28
280
     0
102
RTVSPost2010PropOp28
 70
     1
102
RTVSPost2010Prop29
280
     1
102
RTVSPost2010PropOp29
 70
     1
102
RTVSPost2010Prop30
280
     1
102
RTVSPost2010PropOp30
 70
     1
102
RTVSPost2010Prop31
280
     0
102
RTVSPost2010PropOp31
 70
     1
102
RTVSPost2010Prop32
280
     0
102
RTVSPost2010PropOp32
 70
     1
102
RTVSPost2010Prop33
280
     0
102
RTVSPost2010PropOp33
 70
     1
102
RTVSPost2010Prop34
280
     0
102
RTVSPost2010PropOp34
 70
     1
102
RTVSPost2010Prop35
280
     0
102
RTVSPost2010PropOp35
 70
     1
102
RTVSPost2010Prop36
280
     0
102
RTVSPost2010PropOp36
 70
     1
102
RTVSPost2010Prop37
 90
       50
102
RTVSPost2010PropOp37
 70
     1
102
RTVSPost2010Prop38
140
0.0
102
RTVSPost2010PropOp38
 70
     1
102
RTVSPost2010Prop39
140
1.0
102
RTVSPost2010PropOp39
 70
     1
102
RTVSPost2010Prop40
 90
        0
102
RTVSPost2010PropOp40
 70
     1
102
RTVSPost2010Prop41ColorIndex
 90
       18
102
RTVSPost2010Prop41ColorRGB
 90
        0
102
RTVSPost2010PropOp41
 70
     1
102
RTVSPost2010Prop42
 90
       50
102
RTVSPost2010PropOp42
 70
     1
102
RTVSPost2010Prop43
 90
        3
102
RTVSPost2010PropOp43
 70
     1
102
RTVSPost2010Prop44ColorIndex
 90
        5
102
RTVSPost2010Prop44ColorRGB
 90
      255
102
RTVSPost2010PropOp44
 70
     1
102
RTVSPost2010Prop45
280
     0
102
RTVSPost2010PropOp45
 70
     1
102
RTVSPost2010Prop46
 90
       50
102
RTVSPost2010PropOp46
 70
     1
102
RTVSPost2010Prop47
 90
       50
102
RTVSPost2010PropOp47
 70
     1
102
RTVSPost2010Prop48
 90
       50
102
RTVSPost2010PropOp48
 70
     1
102
RTVSPost2010Prop49
280
     0
102
RTVSPost2010PropOp49
 70
     1
102
RTVSPost2010Prop50
 90
       50
102
RTVSPost2010PropOp50
 70
     1
102
RTVSPost2010Prop51ColorIndex
 90
      256
102
RTVSPost2010Prop51ColorRGB
 90
-16777216
102
RTVSPost2010PropOp51
 70
     0
102
RTVSPost2010Prop52
140
1.0
102
RTVSPost2010PropOp52
 70
     0
102
RTVSPost2010Prop53
 90
        2
102
RTVSPost2010PropOp53
 70
     1
102
RTVSPost2010Prop54
  1
strokes_ogs.tif
102
RTVSPost2010PropOp54
 70
     1
102
RTVSPost2010Prop55
280
     0
102
RTVSPost2010PropOp55
 70
     1
102
RTVSPost2010Prop56
140
1.0
102
RTVSPost2010PropOp56
 70
     1
102
RTVSPost2010Prop57
140
1.0
102
RTVSPost2010PropOp57
 70
     1
  0
XRECORD
  5
22E
102
{ACAD_REACTORS
330
22D
102
}
330
22D
100
AcDbXrecord
280
     1
102
RTVSPropertyOp0
 70
     1
102
RTVSPropertyOp1
 70
     1
102
RTVSPropertyOp2
 70
     1
102
RTVSPropertyOp3
 70
     1
102
RTVSPropertyOp4
 70
     1
102
RTVSPropertyOp5
 70
     1
102
RTVSPropertyOp6
 70
     1
102
RTVSPropertyOp7
 70
     1
102
RTVSPropertyOp8
 70
     1
102
RTVSPropertyOp9
 70
     1
102
RTVSPropertyOp10
 70
     1
102
RTVSPropertyOp11
 70
     1
102
RTVSPropertyOp12
 70
     1
102
RTVSPropertyOp13
 70
     1
102
RTVSPropertyOp14
 70
     1
102
RTVSPropertyOp15
 70
     1
102
RTVSPropertyOp16
 70
     1
102
RTVSPropertyOp17
 70
     1
102
RTVSPropertyOp18
 70
     1
102
RTVSPropertyOp19
 70
     1
102
RTVSPropertyOp20
 70
     1
102
RTVSPropertyOp21
 70
     1
102
RTVSPropertyOp22
 70
     1
102
RTVSPropertyOp23
 70
     1
102
RTVSPropertyOp24
 70
     1
102
RTVSPropertyOp25
 70
     1
102
RTVSPropertyOp26
 70
     1
102
RTVSPropertyOp27
 70
     1
102
RTVSPropertyOp28
 70
     1
102
RTVSPropertyOp29
 70
     1
102
RTVSPropertyOp30
 70
     1
102
RTVSPropertyOp31
 70
     1
102
RTVSPropertyOp32
 70
     1
102
RTVSPropertyOp33
 70
     1
102
RTVSPropertyOp34
 70
     1
102
RTVSPropertyOp35
 70
     1
102
RTVSPropertyOp36
 70
     1
102
RTVSPropertyOp37
 70
     1
102
RTVSPropertyOp38
 70
     1
102
RTVSPropertyOp39
 70
     1
102
RTVSPropertyOp40
 70
     1
102
RTVSPropertyOp41
 70
     1
102
RTVSPropertyOp42
 70
     1
102
RTVSPropertyOp43
 70
     1
102
RTVSPropertyOp44
 70
     1
102
RTVSPropertyOp45
 70
     1
102
RTVSPropertyOp46
 70
     1
102
RTVSPropertyOp47
 70
     1
102
RTVSPropertyOp48
 70
     1
102
RTVSPropertyOp49
 70
     1
102
RTVSPropertyOp50
 70
     1
102
RTVSPropertyOp51
 70
     0
102
RTVSPropertyOp52
 70
     0
102
RTVSPropertyOp53
 70
     1
102
RTVSPropertyOp54
 70
     1
102
RTVSPropertyOp55
 70
     1
102
RTVSPropertyOp56
 70
     1
102
RTVSPropertyOp57
 70
     1
102
RTVSPost2010Prop28
280
     0
102
RTVSPost2010PropOp28
 70
     1
102
RTVSPost2010Prop29
280
     1
102
RTVSPost2010PropOp29
 70
     1
102
RTVSPost2010Prop30
280
     1
102
RTVSPost2010PropOp30
 70
     1
102
RTVSPost2010Prop31
280
     0
102
RTVSPost2010PropOp31
 70
     1
102
RTVSPost2010Prop32
280
     0
102
RTVSPost2010PropOp32
 70
     1
102
RTVSPost2010Prop33
280
     0
102
RTVSPost2010PropOp33
 70
     1
102
RTVSPost2010Prop34
280
     0
102
RTVSPost2010PropOp34
 70
     1
102
RTVSPost2010Prop35
280
     0
102
RTVSPost2010PropOp35
 70
     1
102
RTVSPost2010Prop36
280
     0
102
RTVSPost2010PropOp36
 70
     1
102
RTVSPost2010Prop37
 90
       50
102
RTVSPost2010PropOp37
 70
     1
102
RTVSPost2010Prop38
140
0.0
102
RTVSPost2010PropOp38
 70
     1
102
RTVSPost2010Prop39
140
1.0
102
RTVSPost2010PropOp39
 70
     1
102
RTVSPost2010Prop40
 90
        0
102
RTVSPost2010PropOp40
 70
     1
102
RTVSPost2010Prop41ColorIndex
 90
       18
102
RTVSPost2010Prop41ColorRGB
 90
        0
102
RTVSPost2010PropOp41
 70
     1
102
RTVSPost2010Prop42
 90
       50
102
RTVSPost2010PropOp42
 70
     1
102
RTVSPost2010Prop43
 90
        3
102
RTVSPost2010PropOp43
 70
     1
102
RTVSPost2010Prop44ColorIndex
 90
        5
102
RTVSPost2010Prop44ColorRGB
 90
      255
102
RTVSPost2010PropOp44
 70
     1
102
RTVSPost2010Prop45
280
     0
102
RTVSPost2010PropOp45
 70
     1
102
RTVSPost2010Prop46
 90
       50
102
RTVSPost2010PropOp46
 70
     1
102
RTVSPost2010Prop47
 90
       50
102
RTVSPost2010PropOp47
 70
     1
102
RTVSPost2010Prop48
 90
       50
102
RTVSPost2010PropOp48
 70
     1
102
RTVSPost2010Prop49
280
     0
102
RTVSPost2010PropOp49
 70
     1
102
RTVSPost2010Prop50
 90
       50
102
RTVSPost2010PropOp50
 70
     1
102
RTVSPost2010Prop51ColorIndex
 90
      256
102
RTVSPost2010Prop51ColorRGB
 90
-16777216
102
RTVSPost2010PropOp51
 70
     0
102
RTVSPost2010Prop52
140
1.0
102
RTVSPost2010PropOp52
 70
     0
102
RTVSPost2010Prop53
 90
        2
102
RTVSPost2010PropOp53
 70
     1
102
RTVSPost2010Prop54
  1
strokes_ogs.tif
102
RTVSPost2010PropOp54
 70
     1
102
RTVSPost2010Prop55
280
     0
102
RTVSPost2010PropOp55
 70
     1
102
RTVSPost2010Prop56
140
1.0
102
RTVSPost2010PropOp56
 70
     1
102
RTVSPost2010Prop57
140
1.0
102
RTVSPost2010PropOp57
 70
     1
  0
XRECORD
  5
24E
102
{ACAD_REACTORS
330
24D
102
}
330
24D
100
AcDbXrecord
280
     1
102
RTVSPropertyOp0
 70
     1
102
RTVSPropertyOp1
 70
     1
102
RTVSPropertyOp2
 70
     1
102
RTVSPropertyOp3
 70
     1
102
RTVSPropertyOp4
 70
     1
102
RTVSPropertyOp5
 70
     1
102
RTVSPropertyOp6
 70
     1
102
RTVSPropertyOp7
 70
     1
102
RTVSPropertyOp8
 70
     1
102
RTVSPropertyOp9
 70
     1
102
RTVSPropertyOp10
 70
     1
102
RTVSPropertyOp11
 70
     1
102
RTVSPropertyOp12
 70
     1
102
RTVSPropertyOp13
 70
     1
102
RTVSPropertyOp14
 70
     1
102
RTVSPropertyOp15
 70
     1
102
RTVSPropertyOp16
 70
     1
102
RTVSPropertyOp17
 70
     1
102
RTVSPropertyOp18
 70
     1
102
RTVSPropertyOp19
 70
     1
102
RTVSPropertyOp20
 70
     1
102
RTVSPropertyOp21
 70
     1
102
RTVSPropertyOp22
 70
     1
102
RTVSPropertyOp23
 70
     1
102
RTVSPropertyOp24
 70
     1
102
RTVSPropertyOp25
 70
     1
102
RTVSPropertyOp26
 70
     1
102
RTVSPropertyOp27
 70
     1
102
RTVSPropertyOp28
 70
     1
102
RTVSPropertyOp29
 70
     1
102
RTVSPropertyOp30
 70
     1
102
RTVSPropertyOp31
 70
     1
102
RTVSPropertyOp32
 70
     1
102
RTVSPropertyOp33
 70
     1
102
RTVSPropertyOp34
 70
     1
102
RTVSPropertyOp35
 70
     1
102
RTVSPropertyOp36
 70
     1
102
RTVSPropertyOp37
 70
     1
102
RTVSPropertyOp38
 70
     1
102
RTVSPropertyOp39
 70
     1
102
RTVSPropertyOp40
 70
     1
102
RTVSPropertyOp41
 70
     1
102
RTVSPropertyOp42
 70
     1
102
RTVSPropertyOp43
 70
     1
102
RTVSPropertyOp44
 70
     1
102
RTVSPropertyOp45
 70
     1
102
RTVSPropertyOp46
 70
     1
102
RTVSPropertyOp47
 70
     1
102
RTVSPropertyOp48
 70
     1
102
RTVSPropertyOp49
 70
     1
102
RTVSPropertyOp50
 70
     1
102
RTVSPropertyOp51
 70
     0
102
RTVSPropertyOp52
 70
     0
102
RTVSPropertyOp53
 70
     1
102
RTVSPropertyOp54
 70
     1
102
RTVSPropertyOp55
 70
     1
102
RTVSPropertyOp56
 70
     1
102
RTVSPropertyOp57
 70
     1
102
RTVSPost2010Prop28
280
     0
102
RTVSPost2010PropOp28
 70
     1
102
RTVSPost2010Prop29
280
     1
102
RTVSPost2010PropOp29
 70
     1
102
RTVSPost2010Prop30
280
     1
102
RTVSPost2010PropOp30
 70
     1
102
RTVSPost2010Prop31
280
     0
102
RTVSPost2010PropOp31
 70
     1
102
RTVSPost2010Prop32
280
     0
102
RTVSPost2010PropOp32
 70
     1
102
RTVSPost2010Prop33
280
     0
102
RTVSPost2010PropOp33
 70
     1
102
RTVSPost2010Prop34
280
     0
102
RTVSPost2010PropOp34
 70
     1
102
RTVSPost2010Prop35
280
     0
102
RTVSPost2010PropOp35
 70
     1
102
RTVSPost2010Prop36
280
     0
102
RTVSPost2010PropOp36
 70
     1
102
RTVSPost2010Prop37
 90
       50
102
RTVSPost2010PropOp37
 70
     1
102
RTVSPost2010Prop38
140
0.0
102
RTVSPost2010PropOp38
 70
     1
102
RTVSPost2010Prop39
140
1.0
102
RTVSPost2010PropOp39
 70
     1
102
RTVSPost2010Prop40
 90
        0
102
RTVSPost2010PropOp40
 70
     1
102
RTVSPost2010Prop41ColorIndex
 90
       18
102
RTVSPost2010Prop41ColorRGB
 90
        0
102
RTVSPost2010PropOp41
 70
     1
102
RTVSPost2010Prop42
 90
       50
102
RTVSPost2010PropOp42
 70
     1
102
RTVSPost2010Prop43
 90
        3
102
RTVSPost2010PropOp43
 70
     1
102
RTVSPost2010Prop44ColorIndex
 90
        5
102
RTVSPost2010Prop44ColorRGB
 90
      255
102
RTVSPost2010PropOp44
 70
     1
102
RTVSPost2010Prop45
280
     0
102
RTVSPost2010PropOp45
 70
     1
102
RTVSPost2010Prop46
 90
       50
102
RTVSPost2010PropOp46
 70
     1
102
RTVSPost2010Prop47
 90
       50
102
RTVSPost2010PropOp47
 70
     1
102
RTVSPost2010Prop48
 90
       50
102
RTVSPost2010PropOp48
 70
     1
102
RTVSPost2010Prop49
280
     0
102
RTVSPost2010PropOp49
 70
     1
102
RTVSPost2010Prop50
 90
       50
102
RTVSPost2010PropOp50
 70
     1
102
RTVSPost2010Prop51ColorIndex
 90
      256
102
RTVSPost2010Prop51ColorRGB
 90
-16777216
102
RTVSPost2010PropOp51
 70
     0
102
RTVSPost2010Prop52
140
1.0
102
RTVSPost2010PropOp52
 70
     0
102
RTVSPost2010Prop53
 90
        2
102
RTVSPost2010PropOp53
 70
     1
102
RTVSPost2010Prop54
  1
strokes_ogs.tif
102
RTVSPost2010PropOp54
 70
     1
102
RTVSPost2010Prop55
280
     0
102
RTVSPost2010PropOp55
 70
     1
102
RTVSPost2010Prop56
140
1.0
102
RTVSPost2010PropOp56
 70
     1
102
RTVSPost2010Prop57
140
1.0
102
RTVSPost2010PropOp57
 70
     1
  0
ENDSEC
  0
EOF
