ISO-10303-21;
HEADER;
FILE_DESCRIPTION (( 'STEP AP203' ),
    '1' );
FILE_NAME ('ACH, Connector, Female, 2 Pin.STEP',
    '2017-04-03T13:59:41',
    ( '' ),
    ( '' ),
    'SwSTEP 2.0',
    'SolidWorks 2016',
    '' );
FILE_SCHEMA (( 'CONFIG_CONTROL_DESIGN' ));
ENDSEC;

DATA;
#1 = ORIENTED_EDGE ( 'NONE', *, *, #2334, .T. ) ;
#2 = VERTEX_POINT ( 'NONE', #3559 ) ;
#3 = FACE_OUTER_BOUND ( 'NONE', #5178, .T. ) ;
#4 = CARTESIAN_POINT ( 'NONE',  ( -0.5000000000000000000, 1.389999999999999900, 1.940000000000000200 ) ) ;
#5 = CARTESIAN_POINT ( 'NONE',  ( -3.733588469740024300, -0.05000000000000000300, 1.599999999999999400 ) ) ;
#6 = CARTESIAN_POINT ( 'NONE',  ( -0.2759381534007296900, 1.399999999999999900, 1.764989671523281600 ) ) ;
#7 = ADVANCED_FACE ( 'NONE', ( #2746, #1559 ), #3606, .T. ) ;
#8 = PRODUCT_DEFINITION ( 'UNKNOWN', '', #1595, #5017 ) ;
#9 = DIRECTION ( 'NONE',  ( -0.0000000000000000000, -1.000000000000000000, -0.0000000000000000000 ) ) ;
#10 = VERTEX_POINT ( 'NONE', #5063 ) ;
#11 = VECTOR ( 'NONE', #65, 1000.000000000000000 ) ;
#12 = CARTESIAN_POINT ( 'NONE',  ( -0.03744441746632071900, 1.389999999999999700, 1.716343336316440900 ) ) ;
#13 = EDGE_LOOP ( 'NONE', ( #653, #5213, #1465, #5850 ) ) ;
#14 = ORIENTED_EDGE ( 'NONE', *, *, #992, .T. ) ;
#15 = LINE ( 'NONE', #2399, #2473 ) ;
#16 = LINE ( 'NONE', #4423, #3378 ) ;
#17 = EDGE_CURVE ( 'NONE', #445, #1163, #3920, .T. ) ;
#18 = EDGE_CURVE ( 'NONE', #4670, #1840, #5012, .T. ) ;
#19 = CARTESIAN_POINT ( 'NONE',  ( -0.1704733060834922900, 1.399999999999999900, 1.608787526408730100 ) ) ;
#20 = VERTEX_POINT ( 'NONE', #101 ) ;
#21 = FACE_OUTER_BOUND ( 'NONE', #777, .T. ) ;
#22 = EDGE_LOOP ( 'NONE', ( #1658, #4189, #4181, #5166 ) ) ;
#23 = ORIENTED_EDGE ( 'NONE', *, *, #1875, .T. ) ;
#24 = FACE_OUTER_BOUND ( 'NONE', #391, .T. ) ;
#25 = AXIS2_PLACEMENT_3D ( 'NONE', #3850, #1158, #4308 ) ;
#26 = DIRECTION ( 'NONE',  ( -1.000000000000000000, -0.0000000000000000000, 8.673617379884035500E-017 ) ) ;
#27 = CARTESIAN_POINT ( 'NONE',  ( -0.09092646731427089800, 1.399999999999999700, 1.805446663556379100 ) ) ;
#28 = ORIENTED_EDGE ( 'NONE', *, *, #205, .T. ) ;
#29 = CARTESIAN_POINT ( 'NONE',  ( -0.1328094065715128800, 1.389999999999999900, 1.822296399593294400 ) ) ;
#30 = FACE_OUTER_BOUND ( 'NONE', #4169, .T. ) ;
#31 = CARTESIAN_POINT ( 'NONE',  ( -4.033588469740023700, -0.05000000000000000300, -1.800000000000001200 ) ) ;
#32 = VECTOR ( 'NONE', #1177, 1000.000000000000000 ) ;
#33 = VERTEX_POINT ( 'NONE', #4042 ) ;
#34 = VERTEX_POINT ( 'NONE', #120 ) ;
#35 = EDGE_CURVE ( 'NONE', #4538, #2651, #3639, .T. ) ;
#36 = ADVANCED_FACE ( 'NONE', ( #4866 ), #244, .F. ) ;
#37 = VECTOR ( 'NONE', #1094, 1000.000000000000000 ) ;
#38 = EDGE_CURVE ( 'NONE', #5780, #3171, #141, .T. ) ;
#39 = LINE ( 'NONE', #3614, #4903 ) ;
#40 = ORIENTED_EDGE ( 'NONE', *, *, #3428, .F. ) ;
#41 = VECTOR ( 'NONE', #5436, 1000.000000000000000 ) ;
#42 = ORIENTED_EDGE ( 'NONE', *, *, #2273, .T. ) ;
#43 = VECTOR ( 'NONE', #1555, 1000.000000000000000 ) ;
#44 = DIRECTION ( 'NONE',  ( -8.673617379884035500E-017, -0.0000000000000000000, 1.000000000000000000 ) ) ;
#45 = PERSON_AND_ORGANIZATION_ROLE ( 'creator' ) ;
#46 = ORIENTED_EDGE ( 'NONE', *, *, #4641, .T. ) ;
#47 = CARTESIAN_POINT ( 'NONE',  ( -3.633588469740026500, 1.199999999999998200, 1.299999999999995400 ) ) ;
#48 = CARTESIAN_POINT ( 'NONE',  ( -4.333588469740023500, 1.399999999999999900, 1.299999999999999800 ) ) ;
#49 = PLANE ( 'NONE',  #2006 ) ;
#50 = VERTEX_POINT ( 'NONE', #1172 ) ;
#51 = CARTESIAN_POINT ( 'NONE',  ( -0.3500000000000000300, 0.1500000000000000200, -0.8500000000000003100 ) ) ;
#52 = VECTOR ( 'NONE', #4424, 1000.000000000000000 ) ;
#53 = VERTEX_POINT ( 'NONE', #327 ) ;
#54 = EDGE_CURVE ( 'NONE', #878, #266, #3502, .T. ) ;
#55 = EDGE_CURVE ( 'NONE', #1082, #4953, #1257, .T. ) ;
#56 = ORIENTED_EDGE ( 'NONE', *, *, #4785, .T. ) ;
#57 = CARTESIAN_POINT ( 'NONE',  ( -0.08414045090396347900, 1.389999999999999700, 1.602811620596579000 ) ) ;
#58 = CARTESIAN_POINT ( 'NONE',  ( -1.883588469740023100, 0.7299999999999999800, 0.5199999999999999100 ) ) ;
#59 = AXIS2_PLACEMENT_3D ( 'NONE', #2561, #251, #3451 ) ;
#60 = ORIENTED_EDGE ( 'NONE', *, *, #2959, .T. ) ;
#61 = PLANE ( 'NONE',  #4478 ) ;
#62 = FACE_OUTER_BOUND ( 'NONE', #4047, .T. ) ;
#63 = ADVANCED_FACE ( 'NONE', ( #3 ), #633, .F. ) ;
#64 = DIRECTION ( 'NONE',  ( 0.5000000000000010000, -0.8660254037844380400, -1.204669080539451100E-016 ) ) ;
#65 = DIRECTION ( 'NONE',  ( -0.0000000000000000000, -0.0000000000000000000, -1.000000000000000000 ) ) ;
#66 = DIRECTION ( 'NONE',  ( -0.0000000000000000000, -1.000000000000000000, -0.0000000000000000000 ) ) ;
#67 = ORIENTED_EDGE ( 'NONE', *, *, #2460, .F. ) ;
#68 = DIRECTION ( 'NONE',  ( -1.000000000000000000, 0.0000000000000000000, -6.195440985631456300E-016 ) ) ;
#69 = EDGE_CURVE ( 'NONE', #590, #994, #5797, .T. ) ;
#70 = VECTOR ( 'NONE', #4555, 1000.000000000000000 ) ;
#71 = ORIENTED_EDGE ( 'NONE', *, *, #5815, .T. ) ;
#72 = EDGE_CURVE ( 'NONE', #695, #3443, #4717, .T. ) ;
#73 = ORIENTED_EDGE ( 'NONE', *, *, #4949, .T. ) ;
#74 = ORIENTED_EDGE ( 'NONE', *, *, #2521, .T. ) ;
#75 = ORIENTED_EDGE ( 'NONE', *, *, #3239, .T. ) ;
#76 = ORIENTED_EDGE ( 'NONE', *, *, #4574, .F. ) ;
#77 = LINE ( 'NONE', #422, #5872 ) ;
#78 = DIRECTION ( 'NONE',  ( -1.000000000000000000, 0.0000000000000000000, 2.161062960310394100E-016 ) ) ;
#79 = LINE ( 'NONE', #5808, #1351 ) ;
#80 = CARTESIAN_POINT ( 'NONE',  ( -3.633588469740023800, 0.0000000000000000000, -1.865000000000000200 ) ) ;
#81 = ORIENTED_EDGE ( 'NONE', *, *, #2856, .F. ) ;
#82 = EDGE_CURVE ( 'NONE', #50, #3044, #3366, .T. ) ;
#83 = ORIENTED_EDGE ( 'NONE', *, *, #3923, .F. ) ;
#84 = LINE ( 'NONE', #5005, #2000 ) ;
#85 = DIRECTION ( 'NONE',  ( -0.0000000000000000000, -0.0000000000000000000, -1.000000000000000000 ) ) ;
#86 = LINE ( 'NONE', #3335, #4948 ) ;
#87 = DIRECTION ( 'NONE',  ( 0.0000000000000000000, 1.000000000000000000, 0.0000000000000000000 ) ) ;
#88 = ORIENTED_EDGE ( 'NONE', *, *, #888, .F. ) ;
#89 = VECTOR ( 'NONE', #2113, 1000.000000000000000 ) ;
#90 = ADVANCED_FACE ( 'NONE', ( #5642 ), #943, .F. ) ;
#91 = CARTESIAN_POINT ( 'NONE',  ( -0.4473963830065692500, 1.399999999999999900, 1.829300346921550700 ) ) ;
#92 = CARTESIAN_POINT ( 'NONE',  ( -4.033588469740023700, 0.0000000000000000000, 1.799999999999999600 ) ) ;
#93 = ORIENTED_EDGE ( 'NONE', *, *, #4664, .F. ) ;
#94 = ORIENTED_EDGE ( 'NONE', *, *, #2602, .F. ) ;
#95 = DIRECTION ( 'NONE',  ( 0.7071067811865474600, 0.0000000000000000000, -0.7071067811865474600 ) ) ;
#96 = CIRCLE ( 'NONE', #4072, 0.02999999999999986000 ) ;
#97 = ORIENTED_EDGE ( 'NONE', *, *, #892, .F. ) ;
#98 = FACE_OUTER_BOUND ( 'NONE', #5597, .T. ) ;
#99 = CARTESIAN_POINT ( 'NONE',  ( 0.0000000000000000000, 0.0000000000000000000, 0.8500000000000003100 ) ) ;
#100 = CARTESIAN_POINT ( 'NONE',  ( -0.8335884697400231000, 1.053589838486225200, 0.2999999999999977700 ) ) ;
#101 = CARTESIAN_POINT ( 'NONE',  ( -1.084202172485504400E-016, 1.399999999999999900, -1.940000000000000200 ) ) ;
#102 = LINE ( 'NONE', #1548, #1215 ) ;
#103 = ORIENTED_EDGE ( 'NONE', *, *, #3526, .T. ) ;
#104 = DATE_AND_TIME ( #1377, #2571 ) ;
#105 = ORIENTED_EDGE ( 'NONE', *, *, #3310, .T. ) ;
#106 = LINE ( 'NONE', #1188, #3892 ) ;
#107 = ORIENTED_EDGE ( 'NONE', *, *, #4744, .F. ) ;
#108 = AXIS2_PLACEMENT_3D ( 'NONE', #593, #1352, #5903 ) ;
#109 = CARTESIAN_POINT ( 'NONE',  ( -3.683588469740026300, 0.1499999999999999900, -1.850000000000000300 ) ) ;
#110 = ADVANCED_FACE ( 'NONE', ( #3228 ), #963, .T. ) ;
#111 = DIRECTION ( 'NONE',  ( 1.000000000000000000, 0.0000000000000000000, 0.0000000000000000000 ) ) ;
#112 = EDGE_LOOP ( 'NONE', ( #688, #4740, #4099, #5449, #4415, #5912, #932 ) ) ;
#113 = CARTESIAN_POINT ( 'NONE',  ( 0.0000000000000000000, 0.9999999999999995600, 0.0000000000000000000 ) ) ;
#114 = LINE ( 'NONE', #5457, #1232 ) ;
#115 = CARTESIAN_POINT ( 'NONE',  ( -0.8335884697400231000, 1.053589838486225200, -0.2999999999999999900 ) ) ;
#116 = AXIS2_PLACEMENT_3D ( 'NONE', #2671, #5843, #3124 ) ;
#117 = CARTESIAN_POINT ( 'NONE',  ( -1.833588469740022400, 1.053589838486225200, 1.599999999999999000 ) ) ;
#118 = VECTOR ( 'NONE', #4433, 1000.000000000000000 ) ;
#119 = CARTESIAN_POINT ( 'NONE',  ( -3.833588469740023100, 0.0000000000000000000, 0.4999999999999992800 ) ) ;
#120 = CARTESIAN_POINT ( 'NONE',  ( -1.383588469740023100, 1.053589838486225200, -1.300000000000001400 ) ) ;
#121 = DIRECTION ( 'NONE',  ( -1.000000000000000000, 0.0000000000000000000, 0.0000000000000000000 ) ) ;
#122 = ORIENTED_EDGE ( 'NONE', *, *, #1313, .T. ) ;
#123 = EDGE_CURVE ( 'NONE', #1151, #1639, #4580, .T. ) ;
#124 = DIRECTION ( 'NONE',  ( -0.0000000000000000000, -0.0000000000000000000, 1.000000000000000000 ) ) ;
#125 = DIRECTION ( 'NONE',  ( -0.0000000000000000000, -1.000000000000000000, -0.0000000000000000000 ) ) ;
#126 = EDGE_CURVE ( 'NONE', #2679, #1093, #947, .T. ) ;
#127 = CARTESIAN_POINT ( 'NONE',  ( -3.633588469740023800, 1.952080447824565000, -1.840000000000000100 ) ) ;
#128 = VERTEX_POINT ( 'NONE', #1818 ) ;
#129 = CARTESIAN_POINT ( 'NONE',  ( -3.733588469740023500, -0.05000000000000000300, -1.800000000000000700 ) ) ;
#130 = CARTESIAN_POINT ( 'NONE',  ( -0.2818515112116974400, 1.399999999999999900, 1.712633680254884000 ) ) ;
#131 = CARTESIAN_POINT ( 'NONE',  ( -1.833588469740022000, 1.399999999999999900, 1.299999999999999600 ) ) ;
#132 = DIRECTION ( 'NONE',  ( 0.0000000000000000000, 0.0000000000000000000, 1.000000000000000000 ) ) ;
#133 = VECTOR ( 'NONE', #2704, 1000.000000000000000 ) ;
#134 = AXIS2_PLACEMENT_3D ( 'NONE', #5888, #5441, #2738 ) ;
#135 = ORIENTED_EDGE ( 'NONE', *, *, #5559, .T. ) ;
#136 = ORIENTED_EDGE ( 'NONE', *, *, #1728, .T. ) ;
#137 = DIRECTION ( 'NONE',  ( -1.000000000000000000, 0.0000000000000000000, -8.673617379884035500E-017 ) ) ;
#138 = DIRECTION ( 'NONE',  ( -0.0000000000000000000, -1.000000000000000000, -0.0000000000000000000 ) ) ;
#139 = ORIENTED_EDGE ( 'NONE', *, *, #1648, .F. ) ;
#140 = CARTESIAN_POINT ( 'NONE',  ( -3.633588469740023800, 1.199999999999999700, -1.565000000000000200 ) ) ;
#141 = LINE ( 'NONE', #390, #3776 ) ;
#142 = DIRECTION ( 'NONE',  ( 0.0000000000000000000, -1.000000000000000000, 0.0000000000000000000 ) ) ;
#143 = DIRECTION ( 'NONE',  ( 1.000000000000000000, -0.0000000000000000000, -0.0000000000000000000 ) ) ;
#144 = DIRECTION ( 'NONE',  ( 1.000000000000000000, 0.0000000000000000000, -8.673617379884035500E-017 ) ) ;
#145 = EDGE_CURVE ( 'NONE', #3635, #3480, #800, .T. ) ;
#146 = CARTESIAN_POINT ( 'NONE',  ( -0.1560502291604153900, 1.390000000000000100, 1.824172141793345400 ) ) ;
#147 = DIRECTION ( 'NONE',  ( -0.0000000000000000000, -1.000000000000000000, -0.0000000000000000000 ) ) ;
#148 = ORIENTED_EDGE ( 'NONE', *, *, #3552, .F. ) ;
#149 = EDGE_CURVE ( 'NONE', #473, #3824, #4275, .T. ) ;
#150 = LINE ( 'NONE', #4173, #4726 ) ;
#151 = ORIENTED_EDGE ( 'NONE', *, *, #1027, .F. ) ;
#152 = ORIENTED_EDGE ( 'NONE', *, *, #4452, .F. ) ;
#153 = DIRECTION ( 'NONE',  ( 1.000000000000000000, 0.0000000000000000000, 0.0000000000000000000 ) ) ;
#154 = VECTOR ( 'NONE', #4149, 1000.000000000000000 ) ;
#155 = ORIENTED_EDGE ( 'NONE', *, *, #1842, .F. ) ;
#156 = CARTESIAN_POINT ( 'NONE',  ( -1.383588469740023100, 1.399999999999999900, -1.300000000000001400 ) ) ;
#157 = LINE ( 'NONE', #2944, #4882 ) ;
#158 = CARTESIAN_POINT ( 'NONE',  ( 0.0000000000000000000, -0.05000000000000000300, 0.0000000000000000000 ) ) ;
#159 = EDGE_CURVE ( 'NONE', #3167, #2143, #1917, .T. ) ;
#160 = CARTESIAN_POINT ( 'NONE',  ( -0.5000000000000000000, 0.1499999999999999900, 2.100000000000000100 ) ) ;
#161 = EDGE_CURVE ( 'NONE', #4879, #3889, #5357, .T. ) ;
#162 = CARTESIAN_POINT ( 'NONE',  ( -0.05000000000000037100, -0.05000000000000000300, 0.5000000000000000000 ) ) ;
#163 = ORIENTED_EDGE ( 'NONE', *, *, #3640, .F. ) ;
#164 = VERTEX_POINT ( 'NONE', #2098 ) ;
#165 = DIRECTION ( 'NONE',  ( -1.668003342285389600E-016, 0.0000000000000000000, -1.000000000000000000 ) ) ;
#166 = LINE ( 'NONE', #5141, #2625 ) ;
#167 = CARTESIAN_POINT ( 'NONE',  ( -0.2875349270944498300, 1.390000000000000100, 1.754461273577978800 ) ) ;
#168 = CARTESIAN_POINT ( 'NONE',  ( -0.03917710652543261700, 1.400000000000000100, 1.728921852253914500 ) ) ;
#169 = CARTESIAN_POINT ( 'NONE',  ( -0.04223238811121862700, 1.400000000000000400, 1.664872557402648600 ) ) ;
#170 = EDGE_LOOP ( 'NONE', ( #2215, #4793, #4329, #580, #3299 ) ) ;
#171 = VECTOR ( 'NONE', #2350, 1000.000000000000000 ) ;
#172 = AXIS2_PLACEMENT_3D ( 'NONE', #4573, #5030, #4684 ) ;
#173 = DIRECTION ( 'NONE',  ( 1.000000000000000000, 0.0000000000000000000, 1.445602896647335800E-015 ) ) ;
#174 = LINE ( 'NONE', #1105, #3663 ) ;
#175 = VERTEX_POINT ( 'NONE', #2075 ) ;
#176 = ORIENTED_EDGE ( 'NONE', *, *, #668, .F. ) ;
#177 = PLANE ( 'NONE',  #2802 ) ;
#178 = PLANE ( 'NONE',  #1109 ) ;
#179 = VECTOR ( 'NONE', #2702, 1000.000000000000000 ) ;
#180 = ORIENTED_EDGE ( 'NONE', *, *, #5034, .F. ) ;
#181 = VECTOR ( 'NONE', #5402, 1000.000000000000000 ) ;
#182 = CARTESIAN_POINT ( 'NONE',  ( -0.4473963830065692500, 1.389999999999999900, 1.829300346921550700 ) ) ;
#183 = PLANE ( 'NONE',  #1701 ) ;
#184 = ADVANCED_FACE ( 'NONE', ( #2054 ), #1999, .F. ) ;
#185 = CARTESIAN_POINT ( 'NONE',  ( -3.683588469740026300, 0.0000000000000000000, 1.850000000000000300 ) ) ;
#186 = EDGE_CURVE ( 'NONE', #308, #1044, #3993, .T. ) ;
#187 = DIRECTION ( 'NONE',  ( 0.0000000000000000000, 0.0000000000000000000, -1.000000000000000000 ) ) ;
#188 = LINE ( 'NONE', #4699, #43 ) ;
#189 = ORIENTED_EDGE ( 'NONE', *, *, #3446, .T. ) ;
#190 = PLANE ( 'NONE',  #2774 ) ;
#191 = CARTESIAN_POINT ( 'NONE',  ( -0.07244757724769790300, 1.389999999999999500, 1.790862625341461700 ) ) ;
#192 = CARTESIAN_POINT ( 'NONE',  ( -3.633588469740027400, 0.9999999999999995600, 1.864999999999993600 ) ) ;
#193 = ORIENTED_EDGE ( 'NONE', *, *, #5139, .T. ) ;
#194 = LINE ( 'NONE', #3851, #1316 ) ;
#195 = ORIENTED_EDGE ( 'NONE', *, *, #2343, .T. ) ;
#196 = CARTESIAN_POINT ( 'NONE',  ( -1.833588469740022400, 0.1999999999999998700, 1.599999999999999000 ) ) ;
#197 = DIRECTION ( 'NONE',  ( 0.8660254037844378200, -0.5000000000000014400, 1.251928832280966900E-015 ) ) ;
#198 = PLANE ( 'NONE',  #1759 ) ;
#199 = ORIENTED_EDGE ( 'NONE', *, *, #4421, .F. ) ;
#200 = DIRECTION ( 'NONE',  ( -1.000000000000000000, 0.0000000000000000000, -0.0000000000000000000 ) ) ;
#201 = DIRECTION ( 'NONE',  ( -9.056783560160114900E-016, -1.845450506358316300E-015, 1.000000000000000000 ) ) ;
#202 = LINE ( 'NONE', #3922, #4923 ) ;
#203 = DIRECTION ( 'NONE',  ( 1.000000000000000000, 0.0000000000000000000, 3.097720492815728200E-016 ) ) ;
#204 = CARTESIAN_POINT ( 'NONE',  ( -0.1443093849722630300, 1.400000000000000100, 1.823819532586219400 ) ) ;
#205 = EDGE_CURVE ( 'NONE', #1900, #1028, #2945, .T. ) ;
#206 = AXIS2_PLACEMENT_3D ( 'NONE', #3918, #4732, #4754 ) ;
#207 = CARTESIAN_POINT ( 'NONE',  ( -1.277522452562040800, 1.129685728912818200, 1.343933982822017400 ) ) ;
#208 = LINE ( 'NONE', #4500, #1475 ) ;
#209 = ADVANCED_FACE ( 'NONE', ( #2811 ), #3277, .F. ) ;
#210 = DIRECTION ( 'NONE',  ( -0.0000000000000000000, 1.000000000000000000, -0.0000000000000000000 ) ) ;
#211 = ORIENTED_EDGE ( 'NONE', *, *, #5640, .F. ) ;
#212 = ORIENTED_EDGE ( 'NONE', *, *, #4312, .F. ) ;
#213 = CARTESIAN_POINT ( 'NONE',  ( -1.233588469740023200, 0.2000000000000000100, -1.600000000000001400 ) ) ;
#214 = FACE_OUTER_BOUND ( 'NONE', #1264, .T. ) ;
#215 = DIRECTION ( 'NONE',  ( -0.4472135954999585400, -0.7745966692414824100, 0.4472135954999589300 ) ) ;
#216 = CARTESIAN_POINT ( 'NONE',  ( -4.333588469740026200, 0.1499999999999999900, 1.850000000000000300 ) ) ;
#217 = VERTEX_POINT ( 'NONE', #3596 ) ;
#218 = CARTESIAN_POINT ( 'NONE',  ( -0.8335884697400231000, 0.8535898384862253800, -0.2999999999999999900 ) ) ;
#219 = ORIENTED_EDGE ( 'NONE', *, *, #949, .F. ) ;
#220 = DIRECTION ( 'NONE',  ( 0.0000000000000000000, 1.000000000000000000, 0.0000000000000000000 ) ) ;
#221 = FACE_OUTER_BOUND ( 'NONE', #2798, .T. ) ;
#222 = VECTOR ( 'NONE', #4018, 1000.000000000000000 ) ;
#223 = AXIS2_PLACEMENT_3D ( 'NONE', #1117, #1372, #1392 ) ;
#224 = CARTESIAN_POINT ( 'NONE',  ( 0.0000000000000000000, 0.0000000000000000000, -0.8500000000000003100 ) ) ;
#225 = ORIENTED_EDGE ( 'NONE', *, *, #5655, .T. ) ;
#226 = VERTEX_POINT ( 'NONE', #3583 ) ;
#227 = EDGE_CURVE ( 'NONE', #3022, #3460, #361, .T. ) ;
#228 = VECTOR ( 'NONE', #4444, 1000.000000000000000 ) ;
#229 = LINE ( 'NONE', #574, #2551 ) ;
#230 = AXIS2_PLACEMENT_3D ( 'NONE', #4217, #4238, #1568 ) ;
#231 = CARTESIAN_POINT ( 'NONE',  ( -0.2779090626464663600, 1.399999999999999900, 1.716410849005628500 ) ) ;
#232 = ORIENTED_EDGE ( 'NONE', *, *, #5275, .T. ) ;
#233 = ORIENTED_EDGE ( 'NONE', *, *, #5470, .F. ) ;
#234 = DIRECTION ( 'NONE',  ( 1.445602896647341500E-015, 0.0000000000000000000, -1.000000000000000000 ) ) ;
#235 = FACE_OUTER_BOUND ( 'NONE', #2285, .T. ) ;
#236 = EDGE_LOOP ( 'NONE', ( #1663, #2037, #4939, #1270, #1553 ) ) ;
#237 = CARTESIAN_POINT ( 'NONE',  ( -4.333588469740026200, 0.1499999999999999900, -1.850000000000000300 ) ) ;
#238 = ORIENTED_EDGE ( 'NONE', *, *, #2445, .T. ) ;
#239 = CARTESIAN_POINT ( 'NONE',  ( -0.1233544819881953100, 1.390000000000000600, 1.621636292013739900 ) ) ;
#240 = LINE ( 'NONE', #2727, #395 ) ;
#241 = DIRECTION ( 'NONE',  ( 1.445602896647336000E-015, 0.0000000000000000000, -1.000000000000000000 ) ) ;
#242 = EDGE_CURVE ( 'NONE', #5255, #5729, #2192, .T. ) ;
#243 = ADVANCED_FACE ( 'NONE', ( #5206 ), #4268, .F. ) ;
#244 = PLANE ( 'NONE',  #4627 ) ;
#245 = EDGE_CURVE ( 'NONE', #5468, #175, #208, .T. ) ;
#246 = ORIENTED_EDGE ( 'NONE', *, *, #1784, .F. ) ;
#247 = CARTESIAN_POINT ( 'NONE',  ( -0.5500000000000001600, 0.0000000000000000000, 0.8500000000000003100 ) ) ;
#248 = EDGE_CURVE ( 'NONE', #2307, #2722, #3846, .T. ) ;
#249 = LINE ( 'NONE', #4870, #4033 ) ;
#250 = CARTESIAN_POINT ( 'NONE',  ( -3.683588469740026300, 0.1499999999999999900, 2.100000000000000100 ) ) ;
#251 = DIRECTION ( 'NONE',  ( -1.000000000000000000, 0.0000000000000000000, 0.0000000000000000000 ) ) ;
#252 = FACE_OUTER_BOUND ( 'NONE', #2909, .T. ) ;
#253 = ORIENTED_EDGE ( 'NONE', *, *, #2024, .T. ) ;
#254 = APPROVAL_DATE_TIME ( #1517, #317 ) ;
#255 = AXIS2_PLACEMENT_3D ( 'NONE', #3218, #476, #3651 ) ;
#256 = CARTESIAN_POINT ( 'NONE',  ( -0.2779090626464663600, 1.389999999999999700, 1.716410849005628500 ) ) ;
#257 = ORIENTED_EDGE ( 'NONE', *, *, #3630, .F. ) ;
#258 = CARTESIAN_POINT ( 'NONE',  ( -4.033588469740023700, 0.0000000000000000000, 1.599999999999999400 ) ) ;
#259 = VECTOR ( 'NONE', #3882, 1000.000000000000000 ) ;
#260 = ORIENTED_EDGE ( 'NONE', *, *, #2924, .T. ) ;
#261 = VERTEX_POINT ( 'NONE', #4461 ) ;
#262 = ORIENTED_EDGE ( 'NONE', *, *, #3965, .T. ) ;
#263 = DIRECTION ( 'NONE',  ( 0.0000000000000000000, -1.000000000000000000, 0.0000000000000000000 ) ) ;
#264 = LINE ( 'NONE', #5920, #1385 ) ;
#265 = DIRECTION ( 'NONE',  ( -0.0000000000000000000, 0.0000000000000000000, -1.000000000000000000 ) ) ;
#266 = VERTEX_POINT ( 'NONE', #5886 ) ;
#267 = EDGE_CURVE ( 'NONE', #546, #5443, #2529, .T. ) ;
#268 = CARTESIAN_POINT ( 'NONE',  ( -0.4473963830065692500, 1.389999999999999900, 1.557505475126679000 ) ) ;
#269 = DIRECTION ( 'NONE',  ( -0.8660254037844380400, -0.5000000000000010000, 0.0000000000000000000 ) ) ;
#270 = EDGE_CURVE ( 'NONE', #4625, #4869, #4925, .T. ) ;
#271 = VERTEX_POINT ( 'NONE', #4636 ) ;
#272 = CARTESIAN_POINT ( 'NONE',  ( -1.633588469740024700, 1.399999999999999900, -1.800000000000000700 ) ) ;
#273 = VECTOR ( 'NONE', #4417, 1000.000000000000000 ) ;
#274 = CARTESIAN_POINT ( 'NONE',  ( -0.08146607111171071100, 1.399999999999999200, 1.674600734091715100 ) ) ;
#275 = DIRECTION ( 'NONE',  ( 0.0000000000000000000, 0.0000000000000000000, -1.000000000000000000 ) ) ;
#276 = ORIENTED_EDGE ( 'NONE', *, *, #55, .F. ) ;
#277 = ADVANCED_FACE ( 'NONE', ( #3570 ), #4821, .F. ) ;
#278 = CARTESIAN_POINT ( 'NONE',  ( -0.2703364257972971600, 1.400000000000000100, 1.723666017156627600 ) ) ;
#279 = DIRECTION ( 'NONE',  ( 0.0000000000000000000, -1.000000000000000000, 0.0000000000000000000 ) ) ;
#280 = EDGE_CURVE ( 'NONE', #3508, #175, #1170, .T. ) ;
#281 = EDGE_CURVE ( 'NONE', #5040, #1612, #4790, .T. ) ;
#282 = DIRECTION ( 'NONE',  ( -1.000000000000000000, 0.0000000000000000000, -8.673617379884035500E-017 ) ) ;
#283 = B_SPLINE_CURVE_WITH_KNOTS ( 'NONE', 3,
 ( #146, #2906, #3791, #1104, #4257, #1586, #4721, #2045, #5181, #2477, #5638, #2925, #167, #3370, #638 ),
 .UNSPECIFIED., .F., .F.,
 ( 4, 1, 1, 1, 1, 1, 1, 1, 1, 1, 1, 1, 4 ),
 ( 0.0000000000000000000, 0.09870219630615242900, 0.1956723088106641900, 0.2924224265079540300, 0.3913425437998248600, 0.4444624406718922800, 0.5042287754493157700, 0.5703523379946782200, 0.6425457530977477500, 0.7222875053440187500, 0.8079211226827121000, 0.9004695379850155000, 1.000000000000000000 ),
 .UNSPECIFIED. ) ;
#284 = PLANE ( 'NONE',  #2592 ) ;
#285 = LINE ( 'NONE', #3946, #5004 ) ;
#286 = DIRECTION ( 'NONE',  ( -0.0000000000000000000, -1.000000000000000000, -0.0000000000000000000 ) ) ;
#287 = ORIENTED_EDGE ( 'NONE', *, *, #5798, .F. ) ;
#288 = CARTESIAN_POINT ( 'NONE',  ( -1.883588469740023100, 0.7800000000000000300, 0.6799999999999998300 ) ) ;
#289 = VERTEX_POINT ( 'NONE', #5318 ) ;
#290 = CARTESIAN_POINT ( 'NONE',  ( -0.1669135870580006600, 1.399999999999999900, 1.609131063929386500 ) ) ;
#291 = VECTOR ( 'NONE', #66, 1000.000000000000000 ) ;
#292 = AXIS2_PLACEMENT_3D ( 'NONE', #1727, #3739, #4900 ) ;
#293 = B_SPLINE_SURFACE_WITH_KNOTS ( 'NONE', 3, 1, ( 
 ( #2861, #3838 ),
 ( #4576, #4691 ),
 ( #5165, #5201 ),
 ( #5329, #5471 ),
 ( #5795, #5197 ),
 ( #3888, #5002 ),
 ( #900, #4998 ),
 ( #5150, #4115 ),
 ( #4511, #5439 ),
 ( #2277, #1525 ),
 ( #3762, #4858 ),
 ( #4725, #2046 ),
 ( #5184, #2481 ),
 ( #5641, #2928 ),
 ( #169, #3373 ),
 ( #642, #3812 ),
 ( #1124, #4274 ),
 ( #1611, #4747 ),
 ( #2061, #5200 ) ),
 .UNSPECIFIED., .F., .F., .F.,
 ( 4, 1, 1, 1, 1, 1, 1, 1, 1, 1, 1, 1, 1, 1, 1, 1, 4 ),
 ( 2, 2 ),
 ( 0.0000000000000000000, 0.06879851674524019300, 0.1351184559300879800, 0.1990010113675045600, 0.2619337007769909100, 0.3235312844431781400, 0.3854347205665484300, 0.4472155159851221600, 0.5100181032833267500, 0.5725109099917945500, 0.6333640222588508000, 0.6932167277430219000, 0.7525553881310319500, 0.8125582265741705400, 0.8732608589653621000, 0.9355427078252674900, 1.000000000000000000 ),
 ( 0.0000000000000000000, 1.000000000000000000 ),
 .UNSPECIFIED. ) ;
#294 = CARTESIAN_POINT ( 'NONE',  ( -0.2703364257972971600, 1.389999999999999900, 1.723666017156627600 ) ) ;
#295 = ORIENTED_EDGE ( 'NONE', *, *, #3516, .F. ) ;
#296 = DIRECTION ( 'NONE',  ( 0.0000000000000000000, -0.0000000000000000000, -1.000000000000000000 ) ) ;
#297 = FACE_OUTER_BOUND ( 'NONE', #5831, .T. ) ;
#298 = VERTEX_POINT ( 'NONE', #5008 ) ;
#299 = ORIENTED_EDGE ( 'NONE', *, *, #1522, .T. ) ;
#300 = LINE ( 'NONE', #506, #154 ) ;
#301 = EDGE_CURVE ( 'NONE', #366, #2307, #2274, .T. ) ;
#302 = VECTOR ( 'NONE', #2122, 1000.000000000000000 ) ;
#303 = CARTESIAN_POINT ( 'NONE',  ( -3.633588469740023800, 0.0000000000000000000, -2.099999999999999200 ) ) ;
#304 = CARTESIAN_POINT ( 'NONE',  ( -0.8335884697400229900, 0.7800000000000000300, 0.6799999999999999400 ) ) ;
#305 = ADVANCED_FACE ( 'NONE', ( #3433 ), #5075, .T. ) ;
#306 = CARTESIAN_POINT ( 'NONE',  ( 3.252606517456513300E-016, 1.053589838486223500, 0.7000000000000001800 ) ) ;
#307 = ORIENTED_EDGE ( 'NONE', *, *, #2604, .T. ) ;
#308 = VERTEX_POINT ( 'NONE', #5418 ) ;
#309 = CARTESIAN_POINT ( 'NONE',  ( -4.510281037539700300E-017, 0.7800000000000000300, -0.5200000000000001300 ) ) ;
#310 = FACE_OUTER_BOUND ( 'NONE', #4028, .T. ) ;
#311 = DIRECTION ( 'NONE',  ( 0.0000000000000000000, 1.000000000000000000, 0.0000000000000000000 ) ) ;
#312 = DIRECTION ( 'NONE',  ( -0.0000000000000000000, -1.000000000000000000, -0.0000000000000000000 ) ) ;
#313 = DIRECTION ( 'NONE',  ( -0.0000000000000000000, 0.0000000000000000000, -1.000000000000000000 ) ) ;
#314 = VERTEX_POINT ( 'NONE', #5517 ) ;
#315 = FACE_OUTER_BOUND ( 'NONE', #4083, .T. ) ;
#316 = B_SPLINE_SURFACE_WITH_KNOTS ( 'NONE', 3, 1, ( 
 ( #5763, #3038 ),
 ( #3485, #753 ),
 ( #3926, #1248 ),
 ( #4395, #1732 ),
 ( #4862, #2193 ),
 ( #5320, #2606 ),
 ( #3994, #1323 ),
 ( #4471, #1800 ),
 ( #4924, #2253 ),
 ( #5383, #2675 ),
 ( #5847, #3130 ),
 ( #378, #3567 ),
 ( #845, #4020 ),
 ( #1338, #4493 ),
 ( #1819, #4942 ),
 ( #2271, #5408 ),
 ( #2696, #5864 ),
 ( #3155, #399 ),
 ( #3587, #861 ) ),
 .UNSPECIFIED., .F., .F., .F.,
 ( 4, 1, 1, 1, 1, 1, 1, 1, 1, 1, 1, 1, 1, 1, 1, 1, 4 ),
 ( 2, 2 ),
 ( 0.0000000000000000000, 0.06445080403950483000, 0.1265707373889677600, 0.1869223403502073600, 0.2459238291492363800, 0.3040981291842940700, 0.3617809244373666500, 0.4205767070796507800, 0.4802722948734338700, 0.5402235719851369300, 0.6006579291413455300, 0.6619161520107284000, 0.7244346368652704300, 0.7888525350546830000, 0.8562867039586418100, 0.9263381618443968800, 1.000000000000000000 ),
 ( 0.0000000000000000000, 1.000000000000000000 ),
 .UNSPECIFIED. ) ;
#317 = APPROVAL ( #4603, 'UNSPECIFIED' ) ;
#318 = CARTESIAN_POINT ( 'NONE',  ( -0.2592772583228618600, 1.399999999999999700, 1.733923365018547000 ) ) ;
#319 = ORIENTED_EDGE ( 'NONE', *, *, #3262, .T. ) ;
#320 = ORIENTED_EDGE ( 'NONE', *, *, #655, .F. ) ;
#321 = VECTOR ( 'NONE', #2609, 1000.000000000000000 ) ;
#322 = LINE ( 'NONE', #5704, #32 ) ;
#323 = VERTEX_POINT ( 'NONE', #5484 ) ;
#324 = ORIENTED_EDGE ( 'NONE', *, *, #1841, .F. ) ;
#325 = CARTESIAN_POINT ( 'NONE',  ( -3.433588469740023600, 1.399999999999999900, 1.299999999999999600 ) ) ;
#326 = CARTESIAN_POINT ( 'NONE',  ( -0.8335884697400231000, 0.7599999999999999000, -0.5000000000000000000 ) ) ;
#327 = CARTESIAN_POINT ( 'NONE',  ( -4.333588469740026200, 1.099999999999999900, 1.539999999999992900 ) ) ;
#328 = EDGE_CURVE ( 'NONE', #4509, #3456, #2395, .T. ) ;
#329 = ORIENTED_EDGE ( 'NONE', *, *, #1307, .F. ) ;
#330 = CIRCLE ( 'NONE', #1319, 0.1600000000000002000 ) ;
#331 = EDGE_LOOP ( 'NONE', ( #1099, #1506, #4023, #4814, #3815 ) ) ;
#332 = LINE ( 'NONE', #856, #1301 ) ;
#333 = CARTESIAN_POINT ( 'NONE',  ( -0.05000000000000037100, 0.0000000000000000000, 0.5000000000000000000 ) ) ;
#334 = ORIENTED_EDGE ( 'NONE', *, *, #5098, .F. ) ;
#335 = CARTESIAN_POINT ( 'NONE',  ( -0.8335884697400231000, 0.8535898384862241600, 0.4999999999999997800 ) ) ;
#336 = LINE ( 'NONE', #1046, #3822 ) ;
#337 = ORIENTED_EDGE ( 'NONE', *, *, #3224, .F. ) ;
#338 = AXIS2_PLACEMENT_3D ( 'NONE', #4349, #1694, #4822 ) ;
#339 = ADVANCED_FACE ( 'NONE', ( #2127 ), #5354, .F. ) ;
#340 = VECTOR ( 'NONE', #676, 1000.000000000000000 ) ;
#341 = ORIENTED_EDGE ( 'NONE', *, *, #3658, .F. ) ;
#342 = DIRECTION ( 'NONE',  ( 0.0000000000000000000, 0.0000000000000000000, -1.000000000000000000 ) ) ;
#343 = VERTEX_POINT ( 'NONE', #5712 ) ;
#344 = CARTESIAN_POINT ( 'NONE',  ( -0.8335884697400231000, 0.2000000000000000100, 0.0000000000000000000 ) ) ;
#345 = DIRECTION ( 'NONE',  ( 1.000000000000000000, 0.0000000000000000000, -0.0000000000000000000 ) ) ;
#346 = EDGE_CURVE ( 'NONE', #2223, #5019, #5859, .T. ) ;
#347 = CARTESIAN_POINT ( 'NONE',  ( 1.084202172485504400E-016, 1.053589838486225200, -0.6999999999999999600 ) ) ;
#348 = CARTESIAN_POINT ( 'NONE',  ( -1.233588469740023200, 1.053589838486225200, -1.300000000000001400 ) ) ;
#349 = EDGE_LOOP ( 'NONE', ( #2376, #709, #1887, #867 ) ) ;
#350 = CARTESIAN_POINT ( 'NONE',  ( -0.1592553573655435800, 1.400000000000000100, 1.788274705895909600 ) ) ;
#351 = EDGE_CURVE ( 'NONE', #3251, #4484, #4505, .T. ) ;
#352 = DIRECTION ( 'NONE',  ( 0.0000000000000000000, 1.000000000000000000, 0.0000000000000000000 ) ) ;
#353 = DIRECTION ( 'NONE',  ( -0.0000000000000000000, -0.5000000000000010000, 0.8660254037844380400 ) ) ;
#354 = AXIS2_PLACEMENT_3D ( 'NONE', #3964, #4913, #2235 ) ;
#355 = CARTESIAN_POINT ( 'NONE',  ( -1.833588469740022400, 1.053589838486225200, 1.599999999999999000 ) ) ;
#356 = CARTESIAN_POINT ( 'NONE',  ( -3.683588469740026300, 0.0000000000000000000, -1.850000000000000300 ) ) ;
#357 = VECTOR ( 'NONE', #3906, 1000.000000000000000 ) ;
#358 = VERTEX_POINT ( 'NONE', #711 ) ;
#359 = MANIFOLD_SOLID_BREP ( 'Fillet3', #5203 ) ;
#360 = EDGE_CURVE ( 'NONE', #3680, #1923, #3164, .T. ) ;
#361 = LINE ( 'NONE', #3618, #2672 ) ;
#362 = EDGE_CURVE ( 'NONE', #5737, #5269, #5711, .T. ) ;
#363 = DIRECTION ( 'NONE',  ( -1.000000000000000000, 0.0000000000000000000, 0.0000000000000000000 ) ) ;
#364 = CARTESIAN_POINT ( 'NONE',  ( -0.4000000000000003600, -0.05000000000000000300, 0.5000000000000000000 ) ) ;
#365 = ADVANCED_FACE ( 'NONE', ( #4344 ), #868, .T. ) ;
#366 = VERTEX_POINT ( 'NONE', #776 ) ;
#367 = EDGE_LOOP ( 'NONE', ( #2972, #4456, #88, #4959 ) ) ;
#368 = CARTESIAN_POINT ( 'NONE',  ( -0.8335884697400231000, 1.053589838486225200, -0.6999999999999998400 ) ) ;
#369 = VECTOR ( 'NONE', #2920, 1000.000000000000000 ) ;
#370 = CARTESIAN_POINT ( 'NONE',  ( -0.1020246336210324400, 1.390000000000000100, 1.763197053736206100 ) ) ;
#371 = CARTESIAN_POINT ( 'NONE',  ( -1.833588469740022400, 1.053589838486225200, 1.599999999999999000 ) ) ;
#372 = ORIENTED_EDGE ( 'NONE', *, *, #1971, .T. ) ;
#373 = AXIS2_PLACEMENT_3D ( 'NONE', #1735, #4867, #2200 ) ;
#374 = DIRECTION ( 'NONE',  ( 1.000000000000000000, 1.355252715606880800E-016, -0.0000000000000000000 ) ) ;
#375 = VERTEX_POINT ( 'NONE', #1640 ) ;
#376 = LINE ( 'NONE', #1706, #3862 ) ;
#377 = LINE ( 'NONE', #5792, #2823 ) ;
#378 = CARTESIAN_POINT ( 'NONE',  ( -0.1156816802189011100, 1.399999999999999700, 1.626249121893602400 ) ) ;
#379 = VERTEX_POINT ( 'NONE', #1836 ) ;
#380 = ORIENTED_EDGE ( 'NONE', *, *, #4312, .T. ) ;
#381 = VECTOR ( 'NONE', #1778, 1000.000000000000000 ) ;
#382 = LINE ( 'NONE', #5122, #1653 ) ;
#383 = AXIS2_PLACEMENT_3D ( 'NONE', #2016, #2665, #3326 ) ;
#384 = EDGE_CURVE ( 'NONE', #4953, #2676, #718, .T. ) ;
#385 = ORIENTED_EDGE ( 'NONE', *, *, #4541, .F. ) ;
#386 = EDGE_LOOP ( 'NONE', ( #605, #5379, #1004, #784, #1485, #4516, #3174, #870, #439, #4164, #3870, #2071, #1719, #4579 ) ) ;
#387 = EDGE_CURVE ( 'NONE', #2575, #4307, #3017, .T. ) ;
#388 = CARTESIAN_POINT ( 'NONE',  ( -0.1404571079767629200, 1.390000000000000100, 1.614418485207394200 ) ) ;
#389 = VECTOR ( 'NONE', #1988, 1000.000000000000000 ) ;
#390 = CARTESIAN_POINT ( 'NONE',  ( -3.683588469740026300, 0.1499999999999999900, -2.100000000000000100 ) ) ;
#391 = EDGE_LOOP ( 'NONE', ( #1456, #4590, #1730, #4117, #780 ) ) ;
#392 = CARTESIAN_POINT ( 'NONE',  ( -0.2490295627926443500, 1.399999999999999700, 1.743150931822692800 ) ) ;
#393 = ORIENTED_EDGE ( 'NONE', *, *, #1349, .T. ) ;
#394 = DIRECTION ( 'NONE',  ( 0.0000000000000000000, -0.0000000000000000000, 1.000000000000000000 ) ) ;
#395 = VECTOR ( 'NONE', #2238, 1000.000000000000000 ) ;
#396 = DIRECTION ( 'NONE',  ( -3.614007241618351500E-015, 0.0000000000000000000, -1.000000000000000000 ) ) ;
#397 = ORIENTED_EDGE ( 'NONE', *, *, #1083, .F. ) ;
#398 = DIRECTION ( 'NONE',  ( 0.0000000000000000000, 1.000000000000000000, 0.0000000000000000000 ) ) ;
#399 = CARTESIAN_POINT ( 'NONE',  ( -0.1669135870580006600, 1.389999999999999700, 1.609131063929386500 ) ) ;
#400 = ADVANCED_FACE ( 'NONE', ( #5280 ), #2055, .T. ) ;
#401 = VECTOR ( 'NONE', #4265, 1000.000000000000000 ) ;
#402 = EDGE_CURVE ( 'NONE', #4118, #3381, #2879, .T. ) ;
#403 = VECTOR ( 'NONE', #5106, 1000.000000000000000 ) ;
#404 = ORIENTED_EDGE ( 'NONE', *, *, #3849, .F. ) ;
#405 = ORIENTED_EDGE ( 'NONE', *, *, #791, .T. ) ;
#406 = VERTEX_POINT ( 'NONE', #1263 ) ;
#407 = APPROVAL_PERSON_ORGANIZATION ( #1680, #317, #1919 ) ;
#408 = LINE ( 'NONE', #2977, #1524 ) ;
#409 = CARTESIAN_POINT ( 'NONE',  ( -3.633588469740027400, 1.399999999999997500, 1.799999999999999200 ) ) ;
#410 = ORIENTED_EDGE ( 'NONE', *, *, #1425, .F. ) ;
#411 = DIRECTION ( 'NONE',  ( -0.0000000000000000000, -1.000000000000000000, -0.0000000000000000000 ) ) ;
#412 = CARTESIAN_POINT ( 'NONE',  ( -0.1592553573655435800, 1.389999999999999700, 1.788274705895909600 ) ) ;
#413 = AXIS2_PLACEMENT_3D ( 'NONE', #2710, #1792, #5541 ) ;
#414 = DIRECTION ( 'NONE',  ( -1.000000000000000000, -0.0000000000000000000, -0.0000000000000000000 ) ) ;
#415 = CARTESIAN_POINT ( 'NONE',  ( -4.033588469740023700, -0.05000000000000000300, 1.599999999999999400 ) ) ;
#416 = VECTOR ( 'NONE', #4503, 1000.000000000000000 ) ;
#417 = PLANE ( 'NONE',  #3492 ) ;
#418 = ORIENTED_EDGE ( 'NONE', *, *, #328, .T. ) ;
#419 = PLANE ( 'NONE',  #1820 ) ;
#420 = CARTESIAN_POINT ( 'NONE',  ( -1.833588469740023300, 0.7299999999999999800, 0.6799999999999998300 ) ) ;
#421 = ORIENTED_EDGE ( 'NONE', *, *, #1219, .T. ) ;
#422 = CARTESIAN_POINT ( 'NONE',  ( -3.683588469740026300, 0.1499999999999999900, 1.850000000000000300 ) ) ;
#423 = VECTOR ( 'NONE', #4856, 1000.000000000000200 ) ;
#424 = AXIS2_PLACEMENT_3D ( 'NONE', #3365, #2052, #5196 ) ;
#425 = EDGE_LOOP ( 'NONE', ( #4894, #67, #4544, #3617 ) ) ;
#426 = EDGE_LOOP ( 'NONE', ( #3697, #1863, #768, #2067 ) ) ;
#427 = CARTESIAN_POINT ( 'NONE',  ( -5.898059818321144100E-017, 0.7800000000000000300, 0.6800000000000000500 ) ) ;
#428 = DIRECTION ( 'NONE',  ( 0.4472135954999587600, -0.7745966692414827400, 0.4472135954999582100 ) ) ;
#429 = DIRECTION ( 'NONE',  ( -0.0000000000000000000, -1.000000000000000000, -0.0000000000000000000 ) ) ;
#430 = ADVANCED_FACE ( 'NONE', ( #4066 ), #2418, .F. ) ;
#431 = DIRECTION ( 'NONE',  ( -1.000000000000000000, 0.0000000000000000000, -3.097720492815727200E-016 ) ) ;
#432 = VERTEX_POINT ( 'NONE', #2459 ) ;
#433 = PLANE ( 'NONE',  #4096 ) ;
#434 = LINE ( 'NONE', #3094, #577 ) ;
#435 = AXIS2_PLACEMENT_3D ( 'NONE', #4402, #3501, #783 ) ;
#436 = CARTESIAN_POINT ( 'NONE',  ( -0.8335884697400231000, 1.053589838486225200, 0.2999999999999977700 ) ) ;
#437 = CARTESIAN_POINT ( 'NONE',  ( -0.5000000000000000000, 0.1499999999999999900, 0.8500000000000003100 ) ) ;
#438 = ORIENTED_EDGE ( 'NONE', *, *, #5562, .F. ) ;
#439 = ORIENTED_EDGE ( 'NONE', *, *, #4993, .T. ) ;
#440 = EDGE_CURVE ( 'NONE', #4910, #513, #434, .T. ) ;
#441 = EDGE_CURVE ( 'NONE', #1803, #1840, #5137, .T. ) ;
#442 = CARTESIAN_POINT ( 'NONE',  ( -0.1600000000000004500, 0.0000000000000000000, -2.100000000000000100 ) ) ;
#443 = EDGE_LOOP ( 'NONE', ( #5259, #4559, #2619, #5431, #5504 ) ) ;
#444 = LINE ( 'NONE', #925, #5018 ) ;
#445 = VERTEX_POINT ( 'NONE', #3768 ) ;
#446 = ORIENTED_EDGE ( 'NONE', *, *, #1224, .F. ) ;
#447 = VECTOR ( 'NONE', #2352, 1000.000000000000000 ) ;
#448 = CARTESIAN_POINT ( 'NONE',  ( -1.883588469740023100, 0.7800000000000000300, 0.5199999999999999100 ) ) ;
#449 = LINE ( 'NONE', #2960, #3934 ) ;
#450 = CARTESIAN_POINT ( 'NONE',  ( -0.1560502291604153900, 1.399999999999999900, 1.824172141793345400 ) ) ;
#451 = AXIS2_PLACEMENT_3D ( 'NONE', #458, #3637, #926 ) ;
#452 = CARTESIAN_POINT ( 'NONE',  ( -3.633588469740023800, 1.952080447824565000, -1.840000000000000100 ) ) ;
#453 = ORIENTED_EDGE ( 'NONE', *, *, #4991, .T. ) ;
#454 = DIRECTION ( 'NONE',  ( 1.000000000000000000, 0.0000000000000000000, -2.409338161078899700E-016 ) ) ;
#455 = ORIENTED_EDGE ( 'NONE', *, *, #4031, .T. ) ;
#456 = DIRECTION ( 'NONE',  ( -1.000000000000000000, 0.0000000000000000000, 0.0000000000000000000 ) ) ;
#457 = FACE_OUTER_BOUND ( 'NONE', #3652, .T. ) ;
#458 = CARTESIAN_POINT ( 'NONE',  ( -4.173588469740022500, 0.1499999999999999700, -1.939999999999999500 ) ) ;
#459 = CARTESIAN_POINT ( 'NONE',  ( -1.626303258728256700E-016, 0.9499999999999999600, -0.8500000000000003100 ) ) ;
#460 = ORIENTED_EDGE ( 'NONE', *, *, #2027, .T. ) ;
#461 = VERTEX_POINT ( 'NONE', #4251 ) ;
#462 = VECTOR ( 'NONE', #2876, 1000.000000000000000 ) ;
#463 = EDGE_CURVE ( 'NONE', #5552, #5366, #285, .T. ) ;
#464 = CARTESIAN_POINT ( 'NONE',  ( -0.2592772583228618600, 1.389999999999999500, 1.733923365018547000 ) ) ;
#465 = ADVANCED_FACE ( 'NONE', ( #1552 ), #4070, .F. ) ;
#466 = PLANE ( 'NONE',  #3691 ) ;
#467 = VERTEX_POINT ( 'NONE', #3235 ) ;
#468 = EDGE_LOOP ( 'NONE', ( #5769, #3242, #1805, #683, #2092, #1087 ) ) ;
#469 = EDGE_CURVE ( 'NONE', #3560, #2032, #1704, .T. ) ;
#470 = VECTOR ( 'NONE', #2986, 1000.000000000000000 ) ;
#471 = LINE ( 'NONE', #1085, #3954 ) ;
#472 = ORIENTED_EDGE ( 'NONE', *, *, #1931, .F. ) ;
#473 = VERTEX_POINT ( 'NONE', #4153 ) ;
#474 = DIRECTION ( 'NONE',  ( 1.000000000000000000, 0.0000000000000000000, 0.0000000000000000000 ) ) ;
#475 = CARTESIAN_POINT ( 'NONE',  ( -0.2954555672530589900, 1.400000000000000100, 1.747071730634626200 ) ) ;
#476 = DIRECTION ( 'NONE',  ( 0.7071067811865475700, 0.0000000000000000000, -0.7071067811865475700 ) ) ;
#477 = DIRECTION ( 'NONE',  ( -1.000000000000000000, 0.0000000000000000000, 0.0000000000000000000 ) ) ;
#478 = FACE_OUTER_BOUND ( 'NONE', #3832, .T. ) ;
#479 = LINE ( 'NONE', #814, #5050 ) ;
#480 = CARTESIAN_POINT ( 'NONE',  ( -0.04189088842660859700, 1.389999999999999700, 1.740896400192586200 ) ) ;
#481 = DIRECTION ( 'NONE',  ( 0.0000000000000000000, 0.0000000000000000000, -1.000000000000000000 ) ) ;
#482 = EDGE_CURVE ( 'NONE', #4971, #4705, #3914, .T. ) ;
#483 = EDGE_CURVE ( 'NONE', #5868, #4093, #3770, .T. ) ;
#484 = ORIENTED_EDGE ( 'NONE', *, *, #5410, .T. ) ;
#485 = VECTOR ( 'NONE', #78, 1000.000000000000000 ) ;
#486 = ORIENTED_EDGE ( 'NONE', *, *, #483, .F. ) ;
#487 = CARTESIAN_POINT ( 'NONE',  ( -0.8335884697400231000, 1.053589838486225200, -0.2999999999999999900 ) ) ;
#488 = VECTOR ( 'NONE', #1625, 1000.000000000000000 ) ;
#489 = CARTESIAN_POINT ( 'NONE',  ( -1.833588469740023300, 0.7299999999999999800, 0.5199999999999999100 ) ) ;
#490 = ORIENTED_EDGE ( 'NONE', *, *, #747, .T. ) ;
#491 = APPLICATION_PROTOCOL_DEFINITION ( 'international standard', 'config_control_design', 1994, #5495 ) ;
#492 = ADVANCED_FACE ( 'NONE', ( #2462 ), #49, .F. ) ;
#493 = CARTESIAN_POINT ( 'NONE',  ( -1.863588469740023100, 0.7299999999999999800, -0.6999999999999998400 ) ) ;
#494 = CARTESIAN_POINT ( 'NONE',  ( -0.1110244658624456200, 1.400000000000000100, 1.816052474225466500 ) ) ;
#495 = CARTESIAN_POINT ( 'NONE',  ( -1.233588469740023200, 1.399999999999999900, -1.600000000000001400 ) ) ;
#496 = CARTESIAN_POINT ( 'NONE',  ( -0.1520929913320053200, 1.389999999999999900, 1.824053295271688100 ) ) ;
#497 = AXIS2_PLACEMENT_3D ( 'NONE', #3992, #3149, #394 ) ;
#498 = DIRECTION ( 'NONE',  ( 1.000000000000000000, 0.0000000000000000000, 0.0000000000000000000 ) ) ;
#499 = ORIENTED_EDGE ( 'NONE', *, *, #4855, .F. ) ;
#500 = EDGE_CURVE ( 'NONE', #2313, #5082, #4155, .T. ) ;
#501 = VECTOR ( 'NONE', #3195, 1000.000000000000000 ) ;
#502 = DIRECTION ( 'NONE',  ( -0.0000000000000000000, -1.000000000000000000, -0.0000000000000000000 ) ) ;
#503 = VECTOR ( 'NONE', #3187, 1000.000000000000000 ) ;
#504 = CARTESIAN_POINT ( 'NONE',  ( -1.633588469740011400, 1.399999999999999900, 1.939999999999990400 ) ) ;
#505 = SECURITY_CLASSIFICATION_LEVEL ( 'unclassified' ) ;
#506 = CARTESIAN_POINT ( 'NONE',  ( -0.4473963830065692500, 1.389999999999999900, 1.829300346921550700 ) ) ;
#507 = ORIENTED_EDGE ( 'NONE', *, *, #2754, .F. ) ;
#508 = DIRECTION ( 'NONE',  ( 0.0000000000000000000, -1.000000000000000000, 0.0000000000000000000 ) ) ;
#509 = VERTEX_POINT ( 'NONE', #5917 ) ;
#510 = VECTOR ( 'NONE', #5616, 1000.000000000000000 ) ;
#511 = CARTESIAN_POINT ( 'NONE',  ( -3.633588469740025600, 1.099999999999999900, -3.278929603698681100E-015 ) ) ;
#512 = DIRECTION ( 'NONE',  ( -0.0000000000000000000, 1.000000000000000000, 0.0000000000000000000 ) ) ;
#513 = VERTEX_POINT ( 'NONE', #2218 ) ;
#514 = ORIENTED_EDGE ( 'NONE', *, *, #3744, .T. ) ;
#515 = VECTOR ( 'NONE', #5256, 1000.000000000000000 ) ;
#516 = LINE ( 'NONE', #1847, #1487 ) ;
#517 = ADVANCED_FACE ( 'NONE', ( #1251 ), #284, .T. ) ;
#518 = EDGE_CURVE ( 'NONE', #4492, #5239, #4713, .T. ) ;
#519 = ORIENTED_EDGE ( 'NONE', *, *, #2027, .F. ) ;
#520 = CARTESIAN_POINT ( 'NONE',  ( -0.06573396313350378400, 1.389999999999999500, 1.620979868989527600 ) ) ;
#521 = ORIENTED_EDGE ( 'NONE', *, *, #2567, .T. ) ;
#522 = FACE_OUTER_BOUND ( 'NONE', #5811, .T. ) ;
#523 = VECTOR ( 'NONE', #85, 1000.000000000000000 ) ;
#524 = DIRECTION ( 'NONE',  ( 0.0000000000000000000, 0.0000000000000000000, 1.000000000000000000 ) ) ;
#525 = ORIENTED_EDGE ( 'NONE', *, *, #1201, .F. ) ;
#526 = VERTEX_POINT ( 'NONE', #409 ) ;
#527 = CARTESIAN_POINT ( 'NONE',  ( -4.333588469740023500, 1.149999999999999900, -1.840000000000000100 ) ) ;
#528 = FACE_OUTER_BOUND ( 'NONE', #1554, .T. ) ;
#529 = AXIS2_PLACEMENT_3D ( 'NONE', #3153, #3581, #859 ) ;
#530 = CARTESIAN_POINT ( 'NONE',  ( -1.433588469740023400, 1.399999999999999900, 1.939999999999999500 ) ) ;
#531 = CARTESIAN_POINT ( 'NONE',  ( -4.033588469740023700, 0.0000000000000000000, 1.599999999999999400 ) ) ;
#532 = DIRECTION ( 'NONE',  ( 1.000000000000000000, 0.0000000000000000000, 0.0000000000000000000 ) ) ;
#533 = ORIENTED_EDGE ( 'NONE', *, *, #301, .F. ) ;
#534 = DIRECTION ( 'NONE',  ( -0.0000000000000000000, -0.0000000000000000000, 1.000000000000000000 ) ) ;
#535 = VECTOR ( 'NONE', #5531, 1000.000000000000000 ) ;
#536 = CIRCLE ( 'NONE', #116, 0.1600000000000002000 ) ;
#537 = VERTEX_POINT ( 'NONE', #1156 ) ;
#538 = VECTOR ( 'NONE', #3735, 1000.000000000000000 ) ;
#539 = CARTESIAN_POINT ( 'NONE',  ( -4.173588469740022500, 1.399999999999999900, 2.099999999999999600 ) ) ;
#540 = EDGE_CURVE ( 'NONE', #4295, #5230, #3497, .T. ) ;
#541 = FACE_OUTER_BOUND ( 'NONE', #4809, .T. ) ;
#542 = ORIENTED_EDGE ( 'NONE', *, *, #1857, .F. ) ;
#543 = EDGE_LOOP ( 'NONE', ( #2060, #5282, #2819, #2803 ) ) ;
#544 = CARTESIAN_POINT ( 'NONE',  ( -4.173588469740021600, 1.399999999999999900, -0.5000000000000008900 ) ) ;
#545 = DIRECTION ( 'NONE',  ( 1.000000000000000000, 0.0000000000000000000, 0.0000000000000000000 ) ) ;
#546 = VERTEX_POINT ( 'NONE', #2650 ) ;
#547 = FACE_OUTER_BOUND ( 'NONE', #4322, .T. ) ;
#548 = ORIENTED_EDGE ( 'NONE', *, *, #2222, .T. ) ;
#549 = ADVANCED_FACE ( 'NONE', ( #5793 ), #1858, .F. ) ;
#550 = CARTESIAN_POINT ( 'NONE',  ( -3.433588469740023600, 1.053589838486225200, 1.299999999999999600 ) ) ;
#551 = CARTESIAN_POINT ( 'NONE',  ( -0.1600000000000003900, 1.399999999999999900, -2.100000000000000100 ) ) ;
#552 = CARTESIAN_POINT ( 'NONE',  ( -0.05000000000000007200, -0.05000000000000000300, -0.6999999999999998400 ) ) ;
#553 = PLANE ( 'NONE',  #3217 ) ;
#554 = VECTOR ( 'NONE', #2228, 1000.000000000000000 ) ;
#555 = EDGE_LOOP ( 'NONE', ( #4735, #5092, #905, #1197 ) ) ;
#556 = EDGE_CURVE ( 'NONE', #3576, #406, #4577, .T. ) ;
#557 = EDGE_LOOP ( 'NONE', ( #1527, #3556, #5265, #4124 ) ) ;
#558 = DIRECTION ( 'NONE',  ( 1.000000000000000000, 0.0000000000000000000, -5.421010862427526100E-016 ) ) ;
#559 = EDGE_CURVE ( 'NONE', #3357, #4437, #5926, .T. ) ;
#560 = VERTEX_POINT ( 'NONE', #3177 ) ;
#561 = EDGE_CURVE ( 'NONE', #3820, #1054, #5637, .T. ) ;
#562 = VECTOR ( 'NONE', #3944, 1000.000000000000000 ) ;
#563 = EDGE_LOOP ( 'NONE', ( #4101, #4360, #5467, #4177 ) ) ;
#564 = DIRECTION ( 'NONE',  ( -2.409338161078897700E-016, 0.0000000000000000000, -1.000000000000000000 ) ) ;
#565 = ORIENTED_EDGE ( 'NONE', *, *, #2044, .T. ) ;
#566 = CARTESIAN_POINT ( 'NONE',  ( -0.2490295627926443500, 1.399999999999999700, 1.743150931822692800 ) ) ;
#567 = CARTESIAN_POINT ( 'NONE',  ( -4.173588469740022500, 0.1499999999999999900, 2.100000000000000100 ) ) ;
#568 = CARTESIAN_POINT ( 'NONE',  ( -1.833588469740023100, -0.0000000000000000000, -1.600000000000001000 ) ) ;
#569 = PLANE ( 'NONE',  #2765 ) ;
#570 = ADVANCED_FACE ( 'NONE', ( #3362, #3225, #938 ), #4760, .F. ) ;
#571 = DIRECTION ( 'NONE',  ( -1.711898167082375800E-016, 1.000000000000000000, 0.0000000000000000000 ) ) ;
#572 = CARTESIAN_POINT ( 'NONE',  ( -3.633588469740023800, 0.9999999999999995600, -1.540000000000000000 ) ) ;
#573 = CARTESIAN_POINT ( 'NONE',  ( -3.433588469740024100, 0.0000000000000000000, 1.599999999999999000 ) ) ;
#574 = CARTESIAN_POINT ( 'NONE',  ( -4.333588469740026200, 0.1499999999999999900, 1.850000000000000300 ) ) ;
#575 = DIRECTION ( 'NONE',  ( 1.000000000000000000, 0.0000000000000000000, 0.0000000000000000000 ) ) ;
#576 = EDGE_CURVE ( 'NONE', #1691, #4009, #3121, .T. ) ;
#577 = VECTOR ( 'NONE', #3367, 1000.000000000000000 ) ;
#578 = CARTESIAN_POINT ( 'NONE',  ( -0.4000000000000003600, 0.0000000000000000000, 0.5000000000000000000 ) ) ;
#579 = EDGE_CURVE ( 'NONE', #2435, #695, #794, .T. ) ;
#580 = ORIENTED_EDGE ( 'NONE', *, *, #5561, .T. ) ;
#581 = CARTESIAN_POINT ( 'NONE',  ( -3.633588469740023800, 1.399999999999999900, 1.449999999999995300 ) ) ;
#582 = DIRECTION ( 'NONE',  ( 0.0000000000000000000, 0.0000000000000000000, -1.000000000000000000 ) ) ;
#583 = ORIENTED_EDGE ( 'NONE', *, *, #5699, .F. ) ;
#584 = CARTESIAN_POINT ( 'NONE',  ( -0.05000000000000016200, -0.05000000000000000300, -0.5000000000000000000 ) ) ;
#585 = CARTESIAN_POINT ( 'NONE',  ( -0.2490295627926443500, 1.389999999999999500, 1.743150931822692800 ) ) ;
#586 = CARTESIAN_POINT ( 'NONE',  ( -0.1565257530895818900, 1.400000000000000100, 1.788202795956167700 ) ) ;
#587 = ORIENTED_EDGE ( 'NONE', *, *, #1259, .T. ) ;
#588 = CARTESIAN_POINT ( 'NONE',  ( -0.5000000000000000000, 0.1499999999999999900, -0.8500000000000003100 ) ) ;
#589 = VECTOR ( 'NONE', #4554, 1000.000000000000000 ) ;
#590 = VERTEX_POINT ( 'NONE', #3407 ) ;
#591 = EDGE_CURVE ( 'NONE', #509, #1955, #3088, .T. ) ;
#592 = ORIENTED_EDGE ( 'NONE', *, *, #402, .T. ) ;
#593 = CARTESIAN_POINT ( 'NONE',  ( -1.833588469740023100, 1.399999999999999900, -1.300000000000001200 ) ) ;
#594 = EDGE_CURVE ( 'NONE', #358, #590, #2050, .T. ) ;
#595 = LINE ( 'NONE', #3274, #1423 ) ;
#596 = DIRECTION ( 'NONE',  ( 9.056783560160114900E-016, 0.0000000000000000000, -1.000000000000000000 ) ) ;
#597 = CONICAL_SURFACE ( 'NONE', #4734, 0.02999999999999986000, 0.7853981633974506100 ) ;
#598 = VERTEX_POINT ( 'NONE', #2526 ) ;
#599 = VERTEX_POINT ( 'NONE', #2587 ) ;
#600 = VERTEX_POINT ( 'NONE', #2979 ) ;
#601 = VECTOR ( 'NONE', #5748, 1000.000000000000000 ) ;
#602 = CARTESIAN_POINT ( 'NONE',  ( -1.084202172485504400E-016, 0.0000000000000000000, 0.8500000000000007500 ) ) ;
#603 = CARTESIAN_POINT ( 'NONE',  ( -0.2395479292345282800, 1.400000000000000400, 1.751354838621555800 ) ) ;
#604 = EDGE_LOOP ( 'NONE', ( #1297, #4165, #3353, #514 ) ) ;
#605 = ORIENTED_EDGE ( 'NONE', *, *, #1946, .F. ) ;
#606 = CARTESIAN_POINT ( 'NONE',  ( -1.833588469740023300, 0.7599999999999999000, 0.6999999999999998400 ) ) ;
#607 = VECTOR ( 'NONE', #2008, 1000.000000000000000 ) ;
#608 = CARTESIAN_POINT ( 'NONE',  ( -0.1565257530895818900, 1.389999999999999700, 1.788202795956167700 ) ) ;
#609 = ORIENTED_EDGE ( 'NONE', *, *, #5490, .F. ) ;
#610 = VERTEX_POINT ( 'NONE', #2163 ) ;
#611 = CARTESIAN_POINT ( 'NONE',  ( 3.252606517456513300E-016, 0.8535898384862235000, 0.6999999999999995100 ) ) ;
#612 = PLANE ( 'NONE',  #383 ) ;
#613 = AXIS2_PLACEMENT_3D ( 'NONE', #364, #3558, #1520 ) ;
#614 = VECTOR ( 'NONE', #311, 1000.000000000000000 ) ;
#615 = CARTESIAN_POINT ( 'NONE',  ( -0.3500000000000000300, 0.1500000000000000200, 0.8500000000000003100 ) ) ;
#616 = CARTESIAN_POINT ( 'NONE',  ( -0.1511462272231659000, 1.400000000000000100, 1.788061075273685900 ) ) ;
#617 = FACE_OUTER_BOUND ( 'NONE', #1161, .T. ) ;
#618 = ORIENTED_EDGE ( 'NONE', *, *, #2532, .F. ) ;
#619 = EDGE_CURVE ( 'NONE', #3154, #308, #4131, .T. ) ;
#620 = CARTESIAN_POINT ( 'NONE',  ( -4.333588469740023500, 1.952080447824565000, -1.840000000000000100 ) ) ;
#621 = CARTESIAN_POINT ( 'NONE',  ( -0.1704733060834922900, 1.389999999999999900, 1.572890090511294100 ) ) ;
#622 = LINE ( 'NONE', #824, #2919 ) ;
#623 = ORIENTED_EDGE ( 'NONE', *, *, #4128, .F. ) ;
#624 = ORIENTED_EDGE ( 'NONE', *, *, #2871, .T. ) ;
#625 = CARTESIAN_POINT ( 'NONE',  ( -0.3500000000000001400, 0.9499999999999999600, -0.8500000000000003100 ) ) ;
#626 = VECTOR ( 'NONE', #2385, 1000.000000000000000 ) ;
#627 = CARTESIAN_POINT ( 'NONE',  ( -0.1511462272231659000, 1.389999999999999700, 1.788061075273685900 ) ) ;
#628 = VERTEX_POINT ( 'NONE', #3014 ) ;
#629 = CC_DESIGN_APPROVAL ( #317, ( #8 ) ) ;
#630 = LINE ( 'NONE', #3810, #5344 ) ;
#631 = VERTEX_POINT ( 'NONE', #3033 ) ;
#632 = DIRECTION ( 'NONE',  ( -0.7071067811865474600, 0.0000000000000000000, -0.7071067811865474600 ) ) ;
#633 = PLANE ( 'NONE',  #5234 ) ;
#634 = ORIENTED_EDGE ( 'NONE', *, *, #4950, .F. ) ;
#635 = CARTESIAN_POINT ( 'NONE',  ( -0.1432641821885920500, 1.400000000000000100, 1.786786630021773800 ) ) ;
#636 = VERTEX_POINT ( 'NONE', #2572 ) ;
#637 = CARTESIAN_POINT ( 'NONE',  ( -1.833588469740023300, 0.7800000000000000300, 0.5200000000000000200 ) ) ;
#638 = CARTESIAN_POINT ( 'NONE',  ( -0.2995598445450307600, 1.390000000000000100, 1.743242654613858400 ) ) ;
#639 = CARTESIAN_POINT ( 'NONE',  ( -0.04189088842660859700, 1.399999999999999700, 1.740896400192586200 ) ) ;
#640 = EDGE_CURVE ( 'NONE', #2318, #2540, #1780, .T. ) ;
#641 = EDGE_LOOP ( 'NONE', ( #1884, #2656, #3978, #122 ) ) ;
#642 = CARTESIAN_POINT ( 'NONE',  ( -0.03923527700808091700, 1.399999999999999500, 1.677201764529246100 ) ) ;
#643 = CARTESIAN_POINT ( 'NONE',  ( -1.833588469740023300, 0.7299999999999999800, -0.5199999999999999100 ) ) ;
#644 = LINE ( 'NONE', #3827, #2807 ) ;
#645 = AXIS2_PLACEMENT_3D ( 'NONE', #2558, #5714, #3006 ) ;
#646 = DIRECTION ( 'NONE',  ( 0.0000000000000000000, 0.0000000000000000000, -1.000000000000000000 ) ) ;
#647 = CARTESIAN_POINT ( 'NONE',  ( -0.3500000000000000300, 0.1500000000000000200, 2.100000000000000100 ) ) ;
#648 = VECTOR ( 'NONE', #1861, 1000.000000000000000 ) ;
#649 = CARTESIAN_POINT ( 'NONE',  ( -1.833588469740023300, 0.7299999999999999800, -0.4999999999999998900 ) ) ;
#650 = DIRECTION ( 'NONE',  ( -0.0000000000000000000, -1.000000000000000000, -0.0000000000000000000 ) ) ;
#651 = EDGE_CURVE ( 'NONE', #4247, #560, #5353, .T. ) ;
#652 = CARTESIAN_POINT ( 'NONE',  ( -0.08138499261573928200, 1.389999999999999900, 1.798692120111319500 ) ) ;
#653 = ORIENTED_EDGE ( 'NONE', *, *, #3909, .F. ) ;
#654 = ORIENTED_EDGE ( 'NONE', *, *, #3170, .F. ) ;
#655 = EDGE_CURVE ( 'NONE', #5336, #772, #644, .T. ) ;
#656 = LINE ( 'NONE', #5152, #510 ) ;
#657 = VERTEX_POINT ( 'NONE', #3616 ) ;
#658 = ORIENTED_EDGE ( 'NONE', *, *, #4332, .T. ) ;
#659 = LINE ( 'NONE', #1644, #515 ) ;
#660 = DIRECTION ( 'NONE',  ( 1.000000000000000000, 0.0000000000000000000, 1.807003620809174600E-016 ) ) ;
#661 = LINE ( 'NONE', #5372, #4286 ) ;
#662 = ORIENTED_EDGE ( 'NONE', *, *, #2516, .T. ) ;
#663 = DIRECTION ( 'NONE',  ( -0.0000000000000000000, 0.0000000000000000000, -1.000000000000000000 ) ) ;
#664 = LINE ( 'NONE', #3520, #5226 ) ;
#665 = CARTESIAN_POINT ( 'NONE',  ( -1.084202172485504400E-016, 1.399999999999999900, 1.940000000000000200 ) ) ;
#666 = VECTOR ( 'NONE', #990, 1000.000000000000000 ) ;
#667 = DIRECTION ( 'NONE',  ( 0.0000000000000000000, -0.0000000000000000000, 1.000000000000000000 ) ) ;
#668 = EDGE_CURVE ( 'NONE', #884, #1169, #5202, .T. ) ;
#669 = ADVANCED_FACE ( 'NONE', ( #1624 ), #3532, .T. ) ;
#670 = EDGE_CURVE ( 'NONE', #1138, #358, #2666, .T. ) ;
#671 = ORIENTED_EDGE ( 'NONE', *, *, #2240, .F. ) ;
#672 = ORIENTED_EDGE ( 'NONE', *, *, #5387, .T. ) ;
#673 = CARTESIAN_POINT ( 'NONE',  ( -4.333588469740023500, 0.0000000000000000000, -1.000000000000000700 ) ) ;
#674 = PLANE ( 'NONE',  #25 ) ;
#675 = VECTOR ( 'NONE', #2272, 1000.000000000000000 ) ;
#676 = DIRECTION ( 'NONE',  ( -0.0000000000000000000, 1.000000000000000000, -0.0000000000000000000 ) ) ;
#677 = CARTESIAN_POINT ( 'NONE',  ( -0.1520929913320053200, 1.399999999999999900, 1.824053295271688100 ) ) ;
#678 = DIRECTION ( 'NONE',  ( 0.0000000000000000000, -1.000000000000000000, 0.0000000000000000000 ) ) ;
#679 = LINE ( 'NONE', #1303, #2701 ) ;
#680 = AXIS2_PLACEMENT_3D ( 'NONE', #3010, #3913, #1230 ) ;
#681 = CARTESIAN_POINT ( 'NONE',  ( -0.2395479292345282800, 1.390000000000000100, 1.751354838621555800 ) ) ;
#682 = FACE_OUTER_BOUND ( 'NONE', #4611, .T. ) ;
#683 = ORIENTED_EDGE ( 'NONE', *, *, #2832, .F. ) ;
#684 = CARTESIAN_POINT ( 'NONE',  ( -1.383588469740023100, 1.053589838486225200, -1.300000000000001400 ) ) ;
#685 = VECTOR ( 'NONE', #2115, 1000.000000000000100 ) ;
#686 = CARTESIAN_POINT ( 'NONE',  ( -0.1600000000000003900, 1.399999999999999900, 2.100000000000000100 ) ) ;
#687 = LINE ( 'NONE', #539, #4176 ) ;
#688 = ORIENTED_EDGE ( 'NONE', *, *, #5911, .F. ) ;
#689 = VERTEX_POINT ( 'NONE', #4281 ) ;
#690 = PLANE ( 'NONE',  #5627 ) ;
#691 = EDGE_CURVE ( 'NONE', #217, #375, #202, .T. ) ;
#692 = CARTESIAN_POINT ( 'NONE',  ( -3.633588469740023800, 0.0000000000000000000, -1.450000000000000200 ) ) ;
#693 = DIRECTION ( 'NONE',  ( -1.000000000000000000, 0.0000000000000000000, -0.0000000000000000000 ) ) ;
#694 = CARTESIAN_POINT ( 'NONE',  ( -0.1432641821885920500, 1.389999999999999700, 1.786786630021773800 ) ) ;
#695 = VERTEX_POINT ( 'NONE', #792 ) ;
#696 = EDGE_CURVE ( 'NONE', #10, #2, #1001, .T. ) ;
#697 = DIRECTION ( 'NONE',  ( 0.0000000000000000000, -1.000000000000000000, 0.0000000000000000000 ) ) ;
#698 = LINE ( 'NONE', #1576, #5406 ) ;
#699 = ORIENTED_EDGE ( 'NONE', *, *, #3569, .F. ) ;
#700 = DIRECTION ( 'NONE',  ( -0.0000000000000000000, -1.000000000000000000, -0.0000000000000000000 ) ) ;
#701 = DIRECTION ( 'NONE',  ( 1.668003342285389600E-016, 0.0000000000000000000, 1.000000000000000000 ) ) ;
#702 = ORIENTED_EDGE ( 'NONE', *, *, #2264, .T. ) ;
#703 = CIRCLE ( 'NONE', #4266, 0.1600000000000002000 ) ;
#704 = ORIENTED_EDGE ( 'NONE', *, *, #4330, .T. ) ;
#705 = ADVANCED_FACE ( 'NONE', ( #5066 ), #690, .T. ) ;
#706 = CARTESIAN_POINT ( 'NONE',  ( 0.0000000000000000000, 0.0000000000000000000, -0.8500000000000003100 ) ) ;
#707 = LINE ( 'NONE', #1703, #4055 ) ;
#708 = EDGE_CURVE ( 'NONE', #3824, #4140, #1331, .T. ) ;
#709 = ORIENTED_EDGE ( 'NONE', *, *, #5695, .T. ) ;
#710 = CARTESIAN_POINT ( 'NONE',  ( -1.277522452562041200, 1.129685728912818200, -1.343933982822019400 ) ) ;
#711 = CARTESIAN_POINT ( 'NONE',  ( -0.05000000000000034300, -0.05000000000000000300, 0.6999999999999998400 ) ) ;
#712 = CARTESIAN_POINT ( 'NONE',  ( -0.1356315501128991200, 1.400000000000000100, 1.784914216996998300 ) ) ;
#713 = DIRECTION ( 'NONE',  ( 0.0000000000000000000, -1.000000000000000000, 0.0000000000000000000 ) ) ;
#714 = DIRECTION ( 'NONE',  ( -1.000000000000000000, 0.0000000000000000000, 0.0000000000000000000 ) ) ;
#715 = PLANE ( 'NONE',  #5747 ) ;
#716 = AXIS2_PLACEMENT_3D ( 'NONE', #489, #524, #545 ) ;
#717 = CARTESIAN_POINT ( 'NONE',  ( -1.833588469740023100, -0.0000000000000000000, -1.800000000000000700 ) ) ;
#718 = LINE ( 'NONE', #1620, #4202 ) ;
#719 = CARTESIAN_POINT ( 'NONE',  ( -0.2308861096459869400, 1.399999999999999500, 1.758541835647472200 ) ) ;
#720 = PLANE ( 'NONE',  #3391 ) ;
#721 = ORIENTED_EDGE ( 'NONE', *, *, #4328, .F. ) ;
#722 = ORIENTED_EDGE ( 'NONE', *, *, #161, .T. ) ;
#723 = CARTESIAN_POINT ( 'NONE',  ( -0.4473963830065692500, 1.389999999999999900, 1.557505475126679000 ) ) ;
#724 = CARTESIAN_POINT ( 'NONE',  ( -3.633588469740025600, 0.0000000000000000000, -3.278929603698681100E-015 ) ) ;
#725 = CARTESIAN_POINT ( 'NONE',  ( -3.633588469740025600, 1.399999999999999900, -3.278929603698681100E-015 ) ) ;
#726 = ADVANCED_FACE ( 'NONE', ( #62 ), #1350, .T. ) ;
#727 = ORIENTED_EDGE ( 'NONE', *, *, #5447, .F. ) ;
#728 = CARTESIAN_POINT ( 'NONE',  ( -3.833588469740023100, 1.399999999999999900, 0.4999999999999992800 ) ) ;
#729 = ORIENTED_EDGE ( 'NONE', *, *, #5910, .F. ) ;
#730 = CARTESIAN_POINT ( 'NONE',  ( -0.8335884697400231000, 0.8535898384862253800, -0.6999999999999998400 ) ) ;
#731 = VECTOR ( 'NONE', #2284, 1000.000000000000000 ) ;
#732 = AXIS2_PLACEMENT_3D ( 'NONE', #615, #2885, #3004 ) ;
#733 = CARTESIAN_POINT ( 'NONE',  ( -0.08746007831894447900, 1.399999999999999900, 1.658573904098990000 ) ) ;
#734 = CARTESIAN_POINT ( 'NONE',  ( 1.084202172485504400E-016, 0.8535898384862253800, -0.5000000000000001100 ) ) ;
#735 = ORIENTED_EDGE ( 'NONE', *, *, #5176, .T. ) ;
#736 = PLANE ( 'NONE',  #680 ) ;
#737 = LINE ( 'NONE', #924, #1864 ) ;
#738 = VECTOR ( 'NONE', #3386, 1000.000000000000000 ) ;
#739 = CARTESIAN_POINT ( 'NONE',  ( -0.2308861096459869400, 1.389999999999999200, 1.758541835647472200 ) ) ;
#740 = ORIENTED_EDGE ( 'NONE', *, *, #2458, .F. ) ;
#741 = CARTESIAN_POINT ( 'NONE',  ( -0.4063707419809282100, 1.399999999999999900, 1.643162526408730200 ) ) ;
#742 = VECTOR ( 'NONE', #5243, 1000.000000000000000 ) ;
#743 = ORIENTED_EDGE ( 'NONE', *, *, #5855, .T. ) ;
#744 = ORIENTED_EDGE ( 'NONE', *, *, #3080, .T. ) ;
#745 = CIRCLE ( 'NONE', #919, 0.05000000000000002400 ) ;
#746 = CARTESIAN_POINT ( 'NONE',  ( -3.633588469740027400, 1.099999999999999900, 1.449999999999993500 ) ) ;
#747 = EDGE_CURVE ( 'NONE', #406, #2694, #1471, .T. ) ;
#748 = DIRECTION ( 'NONE',  ( 1.000000000000000000, 0.0000000000000000000, 0.0000000000000000000 ) ) ;
#749 = DIRECTION ( 'NONE',  ( -0.0000000000000000000, 0.0000000000000000000, 1.000000000000000000 ) ) ;
#750 = EDGE_CURVE ( 'NONE', #5124, #4586, #4787, .T. ) ;
#751 = CARTESIAN_POINT ( 'NONE',  ( -0.1356315501128991200, 1.389999999999999700, 1.784914216996998300 ) ) ;
#752 = ORIENTED_EDGE ( 'NONE', *, *, #4592, .T. ) ;
#753 = CARTESIAN_POINT ( 'NONE',  ( -0.07824730703268904800, 1.389999999999999700, 1.698367750685176200 ) ) ;
#754 = ORIENTED_EDGE ( 'NONE', *, *, #750, .F. ) ;
#755 = VECTOR ( 'NONE', #2797, 1000.000000000000000 ) ;
#756 = DIRECTION ( 'NONE',  ( 0.0000000000000000000, -1.000000000000000000, 0.0000000000000000000 ) ) ;
#757 = PLANE ( 'NONE',  #1655 ) ;
#758 = LINE ( 'NONE', #4198, #911 ) ;
#759 = ORIENTED_EDGE ( 'NONE', *, *, #3499, .T. ) ;
#760 = ORIENTED_EDGE ( 'NONE', *, *, #2243, .F. ) ;
#761 = CALENDAR_DATE ( 2017, 3, 4 ) ;
#762 = AXIS2_PLACEMENT_3D ( 'NONE', #1873, #3607, #4081 ) ;
#763 = ADVANCED_FACE ( 'NONE', ( #5854 ), #1664, .F. ) ;
#764 = CARTESIAN_POINT ( 'NONE',  ( -0.2229762233893812800, 1.399999999999999700, 1.764688927663651000 ) ) ;
#765 = DIRECTION ( 'NONE',  ( 1.000000000000000000, 0.0000000000000000000, 0.0000000000000000000 ) ) ;
#766 = LINE ( 'NONE', #1804, #3959 ) ;
#767 = ORIENTED_EDGE ( 'NONE', *, *, #4432, .F. ) ;
#768 = ORIENTED_EDGE ( 'NONE', *, *, #4418, .F. ) ;
#769 = PLANE ( 'NONE',  #4750 ) ;
#770 = VECTOR ( 'NONE', #1454, 1000.000000000000000 ) ;
#771 = DIRECTION ( 'NONE',  ( 1.000000000000000000, 0.0000000000000000000, 2.161062960310394100E-016 ) ) ;
#772 = VERTEX_POINT ( 'NONE', #4416 ) ;
#773 = EDGE_CURVE ( 'NONE', #3250, #3714, #2391, .T. ) ;
#774 = CARTESIAN_POINT ( 'NONE',  ( -3.633588469740027400, 1.199999999999996600, 2.099999999999993900 ) ) ;
#775 = DIRECTION ( 'NONE',  ( -1.000000000000000000, 0.0000000000000000000, 0.0000000000000000000 ) ) ;
#776 = CARTESIAN_POINT ( 'NONE',  ( -0.4000000000000000200, -0.05000000000000000300, -0.6999999999999999600 ) ) ;
#777 = EDGE_LOOP ( 'NONE', ( #3484, #5844, #3305, #276 ) ) ;
#778 = CARTESIAN_POINT ( 'NONE',  ( -0.1283427030218365900, 1.400000000000000100, 1.782028250113323800 ) ) ;
#779 = EDGE_CURVE ( 'NONE', #3134, #4753, #3429, .T. ) ;
#780 = ORIENTED_EDGE ( 'NONE', *, *, #2817, .T. ) ;
#781 = LINE ( 'NONE', #3337, #5628 ) ;
#782 = DIRECTION ( 'NONE',  ( 0.0000000000000000000, 0.0000000000000000000, -1.000000000000000000 ) ) ;
#783 = DIRECTION ( 'NONE',  ( -9.056783560160114900E-016, 0.0000000000000000000, 1.000000000000000000 ) ) ;
#784 = ORIENTED_EDGE ( 'NONE', *, *, #4342, .F. ) ;
#785 = DIRECTION ( 'NONE',  ( 0.0000000000000000000, -1.000000000000000000, 0.0000000000000000000 ) ) ;
#786 = DIRECTION ( 'NONE',  ( -0.0000000000000000000, -1.000000000000000000, -0.0000000000000000000 ) ) ;
#787 = ORIENTED_EDGE ( 'NONE', *, *, #4479, .F. ) ;
#788 = CARTESIAN_POINT ( 'NONE',  ( -0.2229762233893812800, 1.389999999999999500, 1.764688927663651000 ) ) ;
#789 = EDGE_LOOP ( 'NONE', ( #486, #337, #295, #148 ) ) ;
#790 = EDGE_CURVE ( 'NONE', #3560, #5217, #4634, .T. ) ;
#791 = EDGE_CURVE ( 'NONE', #689, #1670, #5706, .T. ) ;
#792 = CARTESIAN_POINT ( 'NONE',  ( -3.433588469740024100, 0.0000000000000000000, 1.799999999999999200 ) ) ;
#793 = DIRECTION ( 'NONE',  ( 0.0000000000000000000, 1.000000000000000000, 5.782411586589397500E-015 ) ) ;
#794 = LINE ( 'NONE', #1305, #5496 ) ;
#795 = ADVANCED_FACE ( 'NONE', ( #1017 ), #177, .T. ) ;
#796 = CARTESIAN_POINT ( 'NONE',  ( -0.05000000000000034300, 0.0000000000000000000, 0.6999999999999998400 ) ) ;
#797 = CARTESIAN_POINT ( 'NONE',  ( -1.833588469740023300, 0.7299999999999999800, 0.0000000000000000000 ) ) ;
#798 = CARTESIAN_POINT ( 'NONE',  ( -3.633588469740023800, 1.099999999999999900, -1.540000000000000000 ) ) ;
#799 = CARTESIAN_POINT ( 'NONE',  ( -0.05000000000000007200, -0.05000000000000000300, -0.6999999999999998400 ) ) ;
#800 = LINE ( 'NONE', #1888, #3090 ) ;
#801 = AXIS2_PLACEMENT_3D ( 'NONE', #4812, #1110, #1235 ) ;
#802 = ORIENTED_EDGE ( 'NONE', *, *, #2831, .T. ) ;
#803 = EDGE_LOOP ( 'NONE', ( #1246, #1222, #3345, #740 ) ) ;
#804 = LINE ( 'NONE', #3767, #5362 ) ;
#805 = ORIENTED_EDGE ( 'NONE', *, *, #5875, .T. ) ;
#806 = VERTEX_POINT ( 'NONE', #606 ) ;
#807 = LINE ( 'NONE', #5698, #1929 ) ;
#808 = EDGE_CURVE ( 'NONE', #689, #1565, #2495, .T. ) ;
#809 = LINE ( 'NONE', #3536, #5511 ) ;
#810 = CARTESIAN_POINT ( 'NONE',  ( 3.252606517456513300E-016, 1.053589838486223500, 0.7000000000000001800 ) ) ;
#811 = VERTEX_POINT ( 'NONE', #258 ) ;
#812 = LINE ( 'NONE', #5279, #4291 ) ;
#813 = LINE ( 'NONE', #3686, #4156 ) ;
#814 = CARTESIAN_POINT ( 'NONE',  ( -0.8335884697400231000, 0.0000000000000000000, 0.3000000000000000400 ) ) ;
#815 = DIRECTION ( 'NONE',  ( -1.000000000000000000, 0.0000000000000000000, -6.195440985631455300E-016 ) ) ;
#816 = ORIENTED_EDGE ( 'NONE', *, *, #5490, .T. ) ;
#817 = DIRECTION ( 'NONE',  ( -1.000000000000000000, -0.0000000000000000000, -0.0000000000000000000 ) ) ;
#818 = VERTEX_POINT ( 'NONE', #182 ) ;
#819 = VECTOR ( 'NONE', #3701, 1000.000000000000000 ) ;
#820 = CARTESIAN_POINT ( 'NONE',  ( -0.4063707419809282100, 1.389999999999999900, 1.829300346921550700 ) ) ;
#821 = ADVANCED_FACE ( 'NONE', ( #4755 ), #720, .T. ) ;
#822 = ORIENTED_EDGE ( 'NONE', *, *, #1086, .T. ) ;
#823 = VECTOR ( 'NONE', #650, 1000.000000000000000 ) ;
#824 = CARTESIAN_POINT ( 'NONE',  ( -4.333588469740023500, 0.2000000000000000100, -1.000000000000000700 ) ) ;
#825 = VECTOR ( 'NONE', #3043, 1000.000000000000000 ) ;
#826 = ORIENTED_EDGE ( 'NONE', *, *, #1430, .T. ) ;
#827 = ORIENTED_EDGE ( 'NONE', *, *, #5139, .F. ) ;
#828 = DIRECTION ( 'NONE',  ( 0.0000000000000000000, 0.0000000000000000000, 1.000000000000000000 ) ) ;
#829 = DIRECTION ( 'NONE',  ( -1.000000000000000000, 0.0000000000000000000, -9.056783560160114900E-016 ) ) ;
#830 = DIRECTION ( 'NONE',  ( -0.0000000000000000000, -0.0000000000000000000, -1.000000000000000000 ) ) ;
#831 = LINE ( 'NONE', #3457, #538 ) ;
#832 = EDGE_CURVE ( 'NONE', #5074, #4971, #3535, .T. ) ;
#833 = CARTESIAN_POINT ( 'NONE',  ( 3.252606517456513300E-016, 1.053589838486223900, 0.5000000000000003300 ) ) ;
#834 = AXIS2_PLACEMENT_3D ( 'NONE', #5267, #5611, #5631 ) ;
#835 = DIRECTION ( 'NONE',  ( -1.000000000000000000, 0.0000000000000000000, -3.097720492815727200E-016 ) ) ;
#836 = LINE ( 'NONE', #5492, #2091 ) ;
#837 = ORIENTED_EDGE ( 'NONE', *, *, #1979, .T. ) ;
#838 = SHAPE_DEFINITION_REPRESENTATION ( #2466, #3572 ) ;
#839 = CARTESIAN_POINT ( 'NONE',  ( -0.09153230173120338600, 1.389999999999999900, 1.749939877224013300 ) ) ;
#840 = CARTESIAN_POINT ( 'NONE',  ( -0.1468674190937924500, 1.389999999999999900, -1.100000000000001000 ) ) ;
#841 = EDGE_LOOP ( 'NONE', ( #1480, #1474, #1823, #14 ) ) ;
#842 = CARTESIAN_POINT ( 'NONE',  ( -1.833588469740023300, 0.7800000000000000300, -0.6799999999999999400 ) ) ;
#843 = VECTOR ( 'NONE', #3764, 1000.000000000000000 ) ;
#844 = ORIENTED_EDGE ( 'NONE', *, *, #2377, .T. ) ;
#845 = CARTESIAN_POINT ( 'NONE',  ( -0.1233544819881953100, 1.400000000000000600, 1.621636292013739900 ) ) ;
#846 = LINE ( 'NONE', #4883, #5411 ) ;
#847 = EDGE_LOOP ( 'NONE', ( #5437, #233, #2415, #4607 ) ) ;
#848 = AXIS2_PLACEMENT_3D ( 'NONE', #1473, #1135, #1514 ) ;
#849 = VECTOR ( 'NONE', #2981, 1000.000000000000000 ) ;
#850 = ADVANCED_FACE ( 'NONE', ( #5829 ), #1212, .F. ) ;
#851 = ORIENTED_EDGE ( 'NONE', *, *, #5839, .F. ) ;
#852 = EDGE_CURVE ( 'NONE', #636, #4971, #4613, .T. ) ;
#853 = CARTESIAN_POINT ( 'NONE',  ( -0.2308861096459869400, 1.399999999999999500, 1.758541835647472200 ) ) ;
#854 = PLANE ( 'NONE',  #413 ) ;
#855 = CARTESIAN_POINT ( 'NONE',  ( -0.8335884697400231000, -0.0000000000000000000, -0.2999999999999999900 ) ) ;
#856 = CARTESIAN_POINT ( 'NONE',  ( -4.333588469740023500, 0.2000000000000000100, 1.000000000000000700 ) ) ;
#857 = AXIS2_PLACEMENT_3D ( 'NONE', #643, #3817, #1126 ) ;
#858 = PLANE ( 'NONE',  #4647 ) ;
#859 = DIRECTION ( 'NONE',  ( 0.0000000000000000000, -0.0000000000000000000, 1.000000000000000000 ) ) ;
#860 = LINE ( 'NONE', #2511, #3287 ) ;
#861 = CARTESIAN_POINT ( 'NONE',  ( -0.1704733060834922900, 1.389999999999999700, 1.608787526408730100 ) ) ;
#862 = EDGE_CURVE ( 'NONE', #2486, #4509, #3403, .T. ) ;
#863 = VECTOR ( 'NONE', #1221, 1000.000000000000000 ) ;
#864 = EDGE_CURVE ( 'NONE', #1840, #1528, #2242, .T. ) ;
#865 = CARTESIAN_POINT ( 'NONE',  ( -0.1600000000000004200, 1.399999999999999900, -1.940000000000000200 ) ) ;
#866 = EDGE_CURVE ( 'NONE', #34, #10, #4789, .T. ) ;
#867 = ORIENTED_EDGE ( 'NONE', *, *, #123, .T. ) ;
#868 = PLANE ( 'NONE',  #5432 ) ;
#869 = CARTESIAN_POINT ( 'NONE',  ( -0.6335884697400231400, 0.7800000000000000300, -0.5000000000000000000 ) ) ;
#870 = ORIENTED_EDGE ( 'NONE', *, *, #281, .T. ) ;
#871 = CARTESIAN_POINT ( 'NONE',  ( 3.252606517456513300E-016, 1.053589838486223500, 0.7000000000000001800 ) ) ;
#872 = DIRECTION ( 'NONE',  ( 1.000000000000000000, -0.0000000000000000000, 9.227252531791541900E-016 ) ) ;
#873 = CARTESIAN_POINT ( 'NONE',  ( -1.833588469740023100, 1.399999999999999900, -1.300000000000001200 ) ) ;
#874 = EDGE_LOOP ( 'NONE', ( #4223, #4819, #3551, #2224 ) ) ;
#875 = AXIS2_PLACEMENT_3D ( 'NONE', #4605, #1921, #5062 ) ;
#876 = DIRECTION ( 'NONE',  ( 1.668003342285389800E-016, 0.0000000000000000000, 1.000000000000000000 ) ) ;
#877 = DIRECTION ( 'NONE',  ( -0.0000000000000000000, 0.0000000000000000000, 1.000000000000000000 ) ) ;
#878 = VERTEX_POINT ( 'NONE', #2487 ) ;
#879 = CYLINDRICAL_SURFACE ( 'NONE', #762, 0.05000000000000002400 ) ;
#880 = VECTOR ( 'NONE', #5405, 1000.000000000000000 ) ;
#881 = DIRECTION ( 'NONE',  ( -1.668003342285389600E-016, 0.0000000000000000000, -1.000000000000000000 ) ) ;
#882 = ADVANCED_FACE ( 'NONE', ( #3266 ), #4310, .T. ) ;
#883 = VERTEX_POINT ( 'NONE', #2839 ) ;
#884 = VERTEX_POINT ( 'NONE', #2863 ) ;
#885 = VERTEX_POINT ( 'NONE', #2878 ) ;
#886 = LINE ( 'NONE', #4076, #4364 ) ;
#887 = LINE ( 'NONE', #2057, #2154 ) ;
#888 = EDGE_CURVE ( 'NONE', #3493, #2318, #2089, .T. ) ;
#889 = EDGE_LOOP ( 'NONE', ( #3884, #1139, #5153, #5894 ) ) ;
#890 = DIRECTION ( 'NONE',  ( -1.000000000000000000, 0.0000000000000000000, 0.0000000000000000000 ) ) ;
#891 = VERTEX_POINT ( 'NONE', #2916 ) ;
#892 = EDGE_CURVE ( 'NONE', #3081, #1928, #2369, .T. ) ;
#893 = CARTESIAN_POINT ( 'NONE',  ( -1.433588469740022700, 1.399999999999999900, 1.499999999999999600 ) ) ;
#894 = CARTESIAN_POINT ( 'NONE',  ( -4.333588469740026200, 0.1499999999999999900, 1.850000000000000300 ) ) ;
#895 = LINE ( 'NONE', #5218, #742 ) ;
#896 = CARTESIAN_POINT ( 'NONE',  ( -0.1283427030218365900, 1.389999999999999700, 1.782028250113323800 ) ) ;
#897 = VERTEX_POINT ( 'NONE', #3361 ) ;
#898 = CARTESIAN_POINT ( 'NONE',  ( -0.3500000000000001400, 0.9499999999999999600, 0.8500000000000003100 ) ) ;
#899 = DIRECTION ( 'NONE',  ( 1.000000000000000000, 0.0000000000000000000, 0.0000000000000000000 ) ) ;
#900 = CARTESIAN_POINT ( 'NONE',  ( -0.1056028649728270200, 1.399999999999999200, 1.588558517808942500 ) ) ;
#901 = VECTOR ( 'NONE', #2208, 1000.000000000000000 ) ;
#902 = DIRECTION ( 'NONE',  ( -1.000000000000000000, 0.0000000000000000000, -0.0000000000000000000 ) ) ;
#903 = DIRECTION ( 'NONE',  ( 0.0000000000000000000, 0.0000000000000000000, -1.000000000000000000 ) ) ;
#904 = ORIENTED_EDGE ( 'NONE', *, *, #2137, .T. ) ;
#905 = ORIENTED_EDGE ( 'NONE', *, *, #4232, .F. ) ;
#906 = CARTESIAN_POINT ( 'NONE',  ( -1.833588469740022400, 0.0000000000000000000, 1.599999999999999000 ) ) ;
#907 = PLANE ( 'NONE',  #5493 ) ;
#908 = CIRCLE ( 'NONE', #2393, 0.04999999999999969700 ) ;
#909 = EDGE_CURVE ( 'NONE', #2419, #3508, #5396, .T. ) ;
#910 = EDGE_CURVE ( 'NONE', #631, #3022, #5536, .T. ) ;
#911 = VECTOR ( 'NONE', #1521, 1000.000000000000100 ) ;
#912 = ORIENTED_EDGE ( 'NONE', *, *, #4479, .T. ) ;
#913 = VERTEX_POINT ( 'NONE', #3689 ) ;
#914 = DATE_AND_TIME ( #2181, #3334 ) ;
#915 = EDGE_LOOP ( 'NONE', ( #4946, #2889, #5774, #951 ) ) ;
#916 = LINE ( 'NONE', #1281, #3064 ) ;
#917 = EDGE_LOOP ( 'NONE', ( #4817, #2467, #211, #4523 ) ) ;
#918 = CARTESIAN_POINT ( 'NONE',  ( -0.1212542833827904700, 1.400000000000000100, 1.778560867163472100 ) ) ;
#919 = AXIS2_PLACEMENT_3D ( 'NONE', #3343, #4219, #5606 ) ;
#920 = CIRCLE ( 'NONE', #2660, 0.02999999999999986000 ) ;
#921 = CARTESIAN_POINT ( 'NONE',  ( -0.1726660061027410200, 1.399999999999999500, 1.823594990455784900 ) ) ;
#922 = VERTEX_POINT ( 'NONE', #5565 ) ;
#923 = ORIENTED_EDGE ( 'NONE', *, *, #708, .T. ) ;
#924 = CARTESIAN_POINT ( 'NONE',  ( -3.633588469740024700, 1.199999999999999700, -1.300000000000000300 ) ) ;
#925 = CARTESIAN_POINT ( 'NONE',  ( -0.1600000000000003900, 1.399999999999999900, -2.100000000000000100 ) ) ;
#926 = DIRECTION ( 'NONE',  ( 0.0000000000000000000, 0.0000000000000000000, -1.000000000000000000 ) ) ;
#927 = VECTOR ( 'NONE', #3311, 1000.000000000000000 ) ;
#928 = CARTESIAN_POINT ( 'NONE',  ( -3.433588469740024100, 1.053589838486225200, 1.799999999999999200 ) ) ;
#929 = ORIENTED_EDGE ( 'NONE', *, *, #4213, .T. ) ;
#930 = ORIENTED_EDGE ( 'NONE', *, *, #3210, .T. ) ;
#931 = EDGE_CURVE ( 'NONE', #509, #3151, #831, .T. ) ;
#932 = ORIENTED_EDGE ( 'NONE', *, *, #4720, .F. ) ;
#933 = CARTESIAN_POINT ( 'NONE',  ( -0.2158861507998909900, 1.399999999999999900, 1.769823283708104900 ) ) ;
#934 = ORIENTED_EDGE ( 'NONE', *, *, #1561, .F. ) ;
#935 = CARTESIAN_POINT ( 'NONE',  ( -0.1212542833827904700, 1.389999999999999700, 1.778560867163472100 ) ) ;
#936 = EDGE_LOOP ( 'NONE', ( #1361, #609, #2040, #105 ) ) ;
#937 = CARTESIAN_POINT ( 'NONE',  ( -3.633588469740023800, 1.199999999999999700, -1.865000000000000200 ) ) ;
#938 = FACE_OUTER_BOUND ( 'NONE', #4537, .T. ) ;
#939 = CC_DESIGN_PERSON_AND_ORGANIZATION_ASSIGNMENT ( #4972, #5061, ( #8 ) ) ;
#940 = CARTESIAN_POINT ( 'NONE',  ( -0.1704733060834922900, 1.389999999999999900, 1.608787526408730100 ) ) ;
#941 = CARTESIAN_POINT ( 'NONE',  ( -0.03744441746632071900, 1.399999999999999700, 1.716343336316440900 ) ) ;
#942 = ORIENTED_EDGE ( 'NONE', *, *, #3844, .T. ) ;
#943 = PLANE ( 'NONE',  #223 ) ;
#944 = CARTESIAN_POINT ( 'NONE',  ( -0.05081658485013145600, 1.390000000000000300, 1.762872838031803900 ) ) ;
#945 = CARTESIAN_POINT ( 'NONE',  ( -0.1592553573655436100, 1.390000000000000300, 1.788274705895909900 ) ) ;
#946 = DIRECTION ( 'NONE',  ( -0.0000000000000000000, 0.0000000000000000000, -1.000000000000000000 ) ) ;
#947 = LINE ( 'NONE', #1560, #5501 ) ;
#948 = ADVANCED_FACE ( 'NONE', ( #5247 ), #3839, .T. ) ;
#949 = EDGE_CURVE ( 'NONE', #5124, #5319, #2846, .T. ) ;
#950 = DIRECTION ( 'NONE',  ( 0.0000000000000000000, -1.000000000000000000, 0.0000000000000000000 ) ) ;
#951 = ORIENTED_EDGE ( 'NONE', *, *, #126, .T. ) ;
#952 = VECTOR ( 'NONE', #5121, 1000.000000000000000 ) ;
#953 = CARTESIAN_POINT ( 'NONE',  ( -0.1145818012594860700, 1.400000000000000100, 1.774131029755084700 ) ) ;
#954 = ORIENTED_EDGE ( 'NONE', *, *, #3813, .F. ) ;
#955 = VECTOR ( 'NONE', #571, 1000.000000000000000 ) ;
#956 = DIRECTION ( 'NONE',  ( -0.0000000000000000000, -0.0000000000000000000, 1.000000000000000000 ) ) ;
#957 = FACE_OUTER_BOUND ( 'NONE', #1450, .T. ) ;
#958 = PERSON_AND_ORGANIZATION_ROLE ( 'design_owner' ) ;
#959 = PLANE ( 'NONE',  #875 ) ;
#960 = VERTEX_POINT ( 'NONE', #2997 ) ;
#961 = CARTESIAN_POINT ( 'NONE',  ( -0.1328094065715128800, 1.399999999999999900, 1.822296399593294400 ) ) ;
#962 = EDGE_LOOP ( 'NONE', ( #2789, #2451, #2993, #2623, #2020, #3199, #3720 ) ) ;
#963 = PLANE ( 'NONE',  #848 ) ;
#964 = LINE ( 'NONE', #5743, #2227 ) ;
#965 = CARTESIAN_POINT ( 'NONE',  ( -0.8335884697400231000, 1.053589838486225200, 0.3000000000000000400 ) ) ;
#966 = ORIENTED_EDGE ( 'NONE', *, *, #5055, .T. ) ;
#967 = ORIENTED_EDGE ( 'NONE', *, *, #1526, .T. ) ;
#968 = LINE ( 'NONE', #2403, #5668 ) ;
#969 = EDGE_CURVE ( 'NONE', #913, #3314, #1821, .T. ) ;
#970 = CARTESIAN_POINT ( 'NONE',  ( -0.1704733060834922900, 1.389999999999999900, 1.572890090511294100 ) ) ;
#971 = EDGE_CURVE ( 'NONE', #50, #4739, #1675, .T. ) ;
#972 = VERTEX_POINT ( 'NONE', #4386 ) ;
#973 = VECTOR ( 'NONE', #2080, 1000.000000000000000 ) ;
#974 = CARTESIAN_POINT ( 'NONE',  ( -0.1145818012594860700, 1.389999999999999700, 1.774131029755084700 ) ) ;
#975 = AXIS2_PLACEMENT_3D ( 'NONE', #3113, #363, #3554 ) ;
#976 = LINE ( 'NONE', #5770, #1947 ) ;
#977 = EDGE_LOOP ( 'NONE', ( #418, #5722, #3806, #3206 ) ) ;
#978 = PLANE ( 'NONE',  #5107 ) ;
#979 = ORIENTED_EDGE ( 'NONE', *, *, #4841, .F. ) ;
#980 = CARTESIAN_POINT ( 'NONE',  ( -3.433588469740024100, 1.053589838486225200, -1.600000000000001000 ) ) ;
#981 = DATE_TIME_ROLE ( 'classification_date' ) ;
#982 = ADVANCED_FACE ( 'NONE', ( #2706 ), #4693, .F. ) ;
#983 = VECTOR ( 'NONE', #2012, 1000.000000000000000 ) ;
#984 = CARTESIAN_POINT ( 'NONE',  ( -4.333588469740026200, 0.9999999999999995600, 1.539999999999992900 ) ) ;
#985 = DIRECTION ( 'NONE',  ( 0.0000000000000000000, 0.0000000000000000000, -1.000000000000000000 ) ) ;
#986 = DIRECTION ( 'NONE',  ( 0.0000000000000000000, 0.0000000000000000000, -1.000000000000000000 ) ) ;
#987 = VECTOR ( 'NONE', #2762, 1000.000000000000000 ) ;
#988 = EDGE_LOOP ( 'NONE', ( #212, #1278, #3027, #5101 ) ) ;
#989 = FACE_OUTER_BOUND ( 'NONE', #2539, .T. ) ;
#990 = DIRECTION ( 'NONE',  ( -9.056783560160114900E-016, 0.0000000000000000000, 1.000000000000000000 ) ) ;
#991 = DIRECTION ( 'NONE',  ( 0.0000000000000000000, -0.0000000000000000000, 1.000000000000000000 ) ) ;
#992 = EDGE_CURVE ( 'NONE', #878, #3619, #249, .T. ) ;
#993 = EDGE_CURVE ( 'NONE', #5269, #2213, #5105, .T. ) ;
#994 = VERTEX_POINT ( 'NONE', #5090 ) ;
#995 = FACE_OUTER_BOUND ( 'NONE', #4813, .T. ) ;
#996 = EDGE_LOOP ( 'NONE', ( #5100, #3780, #3025, #4531 ) ) ;
#997 = ORIENTED_EDGE ( 'NONE', *, *, #1102, .F. ) ;
#998 = CARTESIAN_POINT ( 'NONE',  ( -0.05165541844648642600, 1.389999999999999900, 1.641839722667651300 ) ) ;
#999 = ORIENTED_EDGE ( 'NONE', *, *, #931, .T. ) ;
#1000 = DIRECTION ( 'NONE',  ( 0.0000000000000000000, 0.0000000000000000000, -1.000000000000000000 ) ) ;
#1001 =( BOUNDED_CURVE ( )  B_SPLINE_CURVE ( 3, ( #710, #1723, #1190, #1218 ),
 .UNSPECIFIED., .F., .T. ) 
 B_SPLINE_CURVE_WITH_KNOTS ( ( 4, 4 ),
 ( 5.497787143782138000, 6.283185307179586200 ),
 .UNSPECIFIED. ) 
 CURVE ( )  GEOMETRIC_REPRESENTATION_ITEM ( )  RATIONAL_B_SPLINE_CURVE ( ( 1.000000000000000000, 0.9492530216741911200, 0.9492530216741911200, 1.000000000000000000 ) ) 
 REPRESENTATION_ITEM ( '' )  );
#1002 = VECTOR ( 'NONE', #3930, 1000.000000000000000 ) ;
#1003 = CARTESIAN_POINT ( 'NONE',  ( -0.1080978077511446600, 1.400000000000000100, 1.769068888867823700 ) ) ;
#1004 = ORIENTED_EDGE ( 'NONE', *, *, #3241, .T. ) ;
#1005 = ORIENTED_EDGE ( 'NONE', *, *, #3276, .T. ) ;
#1006 = DIRECTION ( 'NONE',  ( -9.774205570502156600E-013, -1.000000000000000000, 2.552617802117765900E-014 ) ) ;
#1007 = FACE_OUTER_BOUND ( 'NONE', #915, .T. ) ;
#1008 = CARTESIAN_POINT ( 'NONE',  ( -0.8335884697400232100, 0.2000000000000000100, -1.600000000000001400 ) ) ;
#1009 = CARTESIAN_POINT ( 'NONE',  ( -0.3500000000000000300, 0.1500000000000000200, -0.8500000000000003100 ) ) ;
#1010 = DIRECTION ( 'NONE',  ( 1.000000000000000000, 0.0000000000000000000, 1.807003620809174600E-016 ) ) ;
#1011 = ORIENTED_EDGE ( 'NONE', *, *, #2166, .F. ) ;
#1012 = AXIS2_PLACEMENT_3D ( 'NONE', #611, #3781, #1097 ) ;
#1013 = CARTESIAN_POINT ( 'NONE',  ( -1.833588469740023300, 0.7299999999999999800, 0.0000000000000000000 ) ) ;
#1014 = EDGE_CURVE ( 'NONE', #1684, #3853, #4968, .T. ) ;
#1015 = ORIENTED_EDGE ( 'NONE', *, *, #4065, .T. ) ;
#1016 = EDGE_CURVE ( 'NONE', #3443, #1123, #1511, .T. ) ;
#1017 = FACE_OUTER_BOUND ( 'NONE', #425, .T. ) ;
#1018 = ADVANCED_FACE ( 'NONE', ( #98 ), #5246, .T. ) ;
#1019 = CARTESIAN_POINT ( 'NONE',  ( -1.626303258728256700E-016, 0.9499999999999999600, 0.8500000000000003100 ) ) ;
#1020 = PLANE ( 'NONE',  #2107 ) ;
#1021 = PLANE ( 'NONE',  #1039 ) ;
#1022 = VECTOR ( 'NONE', #5395, 1000.000000000000000 ) ;
#1023 = DIRECTION ( 'NONE',  ( -0.0000000000000000000, -1.000000000000000000, -0.0000000000000000000 ) ) ;
#1024 = DIRECTION ( 'NONE',  ( -1.000000000000000000, 0.0000000000000000000, 0.0000000000000000000 ) ) ;
#1025 = DIRECTION ( 'NONE',  ( 0.0000000000000000000, -1.000000000000000000, 0.0000000000000000000 ) ) ;
#1026 = CARTESIAN_POINT ( 'NONE',  ( -1.833588469740022000, 1.053589838486225200, 1.299999999999999600 ) ) ;
#1027 = EDGE_CURVE ( 'NONE', #2032, #2786, #1213, .T. ) ;
#1028 = VERTEX_POINT ( 'NONE', #5667 ) ;
#1029 = ORIENTED_EDGE ( 'NONE', *, *, #3039, .F. ) ;
#1030 = CARTESIAN_POINT ( 'NONE',  ( -0.05000000000000016200, -0.05000000000000000300, -0.5000000000000000000 ) ) ;
#1031 = ORIENTED_EDGE ( 'NONE', *, *, #2187, .F. ) ;
#1032 = CARTESIAN_POINT ( 'NONE',  ( -0.1468674190937924500, 1.389999999999999900, -1.100000000000001000 ) ) ;
#1033 = ORIENTED_EDGE ( 'NONE', *, *, #5618, .F. ) ;
#1034 = VECTOR ( 'NONE', #1460, 1000.000000000000000 ) ;
#1035 = VECTOR ( 'NONE', #1321, 1000.000000000000000 ) ;
#1036 = ADVANCED_FACE ( 'NONE', ( #5897 ), #5586, .F. ) ;
#1037 = ORIENTED_EDGE ( 'NONE', *, *, #591, .T. ) ;
#1038 = CARTESIAN_POINT ( 'NONE',  ( -0.1704733060834922900, 1.399999999999999900, 1.608787526408730100 ) ) ;
#1039 = AXIS2_PLACEMENT_3D ( 'NONE', #115, #121, #132 ) ;
#1040 = CARTESIAN_POINT ( 'NONE',  ( -0.2158861507998909900, 1.389999999999999700, 1.769823283708104900 ) ) ;
#1041 = CIRCLE ( 'NONE', #4962, 0.04999999999999991300 ) ;
#1042 = LINE ( 'NONE', #637, #5587 ) ;
#1043 = CARTESIAN_POINT ( 'NONE',  ( -0.1080978077511446600, 1.389999999999999700, 1.769068888867823700 ) ) ;
#1044 = VERTEX_POINT ( 'NONE', #5705 ) ;
#1045 = ORIENTED_EDGE ( 'NONE', *, *, #1931, .T. ) ;
#1046 = CARTESIAN_POINT ( 'NONE',  ( -3.833588469740023100, 1.399999999999999900, -0.5000000000000007800 ) ) ;
#1047 = VECTOR ( 'NONE', #3935, 1000.000000000000100 ) ;
#1048 = AXIS2_PLACEMENT_3D ( 'NONE', #158, #3828, #1134 ) ;
#1049 = ADVANCED_FACE ( 'NONE', ( #3608 ), #1020, .T. ) ;
#1050 = CARTESIAN_POINT ( 'NONE',  ( -1.833588469740023100, 0.2000000000000000100, -1.300000000000001200 ) ) ;
#1051 = DIRECTION ( 'NONE',  ( -0.0000000000000000000, 1.000000000000000000, -0.0000000000000000000 ) ) ;
#1052 = DIRECTION ( 'NONE',  ( 1.000000000000000000, 0.0000000000000000000, 0.0000000000000000000 ) ) ;
#1053 = EDGE_LOOP ( 'NONE', ( #2231, #4861, #1833, #4736 ) ) ;
#1054 = VERTEX_POINT ( 'NONE', #567 ) ;
#1055 = CARTESIAN_POINT ( 'NONE',  ( -0.5000000000000000000, 1.389999999999999900, 1.439999999999999500 ) ) ;
#1056 = FACE_OUTER_BOUND ( 'NONE', #5785, .T. ) ;
#1057 = DIRECTION ( 'NONE',  ( -1.000000000000000000, 0.0000000000000000000, 0.0000000000000000000 ) ) ;
#1058 = DIRECTION ( 'NONE',  ( -0.0000000000000000000, -0.0000000000000000000, -1.000000000000000000 ) ) ;
#1059 = DIRECTION ( 'NONE',  ( 0.0000000000000000000, 0.0000000000000000000, -1.000000000000000000 ) ) ;
#1060 = ORIENTED_EDGE ( 'NONE', *, *, #2261, .F. ) ;
#1061 = ORIENTED_EDGE ( 'NONE', *, *, #670, .T. ) ;
#1062 = LINE ( 'NONE', #5307, #5604 ) ;
#1063 = CARTESIAN_POINT ( 'NONE',  ( -3.633588469740023800, 1.952080447824565000, 1.565000000000000200 ) ) ;
#1064 = CARTESIAN_POINT ( 'NONE',  ( -0.2075570299796049000, 1.400000000000000600, 1.775264631188011400 ) ) ;
#1065 = LINE ( 'NONE', #3375, #4547 ) ;
#1066 = PERSON_AND_ORGANIZATION ( #1621, #4038 ) ;
#1067 = DIRECTION ( 'NONE',  ( -0.0000000000000000000, -0.0000000000000000000, -1.000000000000000000 ) ) ;
#1068 = CARTESIAN_POINT ( 'NONE',  ( -0.1020246336210324400, 1.400000000000000400, 1.763197053736206100 ) ) ;
#1069 = AXIS2_PLACEMENT_3D ( 'NONE', #2634, #1268, #5806 ) ;
#1070 = ORIENTED_EDGE ( 'NONE', *, *, #1726, .F. ) ;
#1071 = CARTESIAN_POINT ( 'NONE',  ( -1.626303258728256700E-016, 0.9499999999999999600, 2.100000000000000100 ) ) ;
#1072 = VECTOR ( 'NONE', #1721, 1000.000000000000000 ) ;
#1073 = DIRECTION ( 'NONE',  ( 0.0000000000000000000, 0.0000000000000000000, -1.000000000000000000 ) ) ;
#1074 = ORIENTED_EDGE ( 'NONE', *, *, #3704, .T. ) ;
#1075 = ORIENTED_EDGE ( 'NONE', *, *, #4975, .F. ) ;
#1076 = ADVANCED_FACE ( 'NONE', ( #3468 ), #1699, .T. ) ;
#1077 = CARTESIAN_POINT ( 'NONE',  ( -1.626303258728256700E-016, 1.389999999999999900, 1.439999999999999500 ) ) ;
#1078 = CARTESIAN_POINT ( 'NONE',  ( -0.1020246336210324400, 1.389999999999999900, 1.763197053736206100 ) ) ;
#1079 = ORIENTED_EDGE ( 'NONE', *, *, #205, .F. ) ;
#1080 = DIRECTION ( 'NONE',  ( 0.0000000000000000000, 0.0000000000000000000, 1.000000000000000000 ) ) ;
#1081 = VECTOR ( 'NONE', #2767, 1000.000000000000000 ) ;
#1082 = VERTEX_POINT ( 'NONE', #5644 ) ;
#1083 = EDGE_CURVE ( 'NONE', #2694, #1957, #2431, .T. ) ;
#1084 = CARTESIAN_POINT ( 'NONE',  ( 0.0000000000000000000, 0.9999999999999995600, 0.0000000000000000000 ) ) ;
#1085 = CARTESIAN_POINT ( 'NONE',  ( -1.633588469740022500, 1.399999999999999900, 1.940000000000003100 ) ) ;
#1086 = EDGE_CURVE ( 'NONE', #3190, #1741, #2094, .T. ) ;
#1087 = ORIENTED_EDGE ( 'NONE', *, *, #2206, .F. ) ;
#1088 = VECTOR ( 'NONE', #5837, 1000.000000000000000 ) ;
#1089 = EDGE_LOOP ( 'NONE', ( #2133, #2072, #3896, #2680 ) ) ;
#1090 = PLANE ( 'NONE',  #230 ) ;
#1091 = ORIENTED_EDGE ( 'NONE', *, *, #161, .F. ) ;
#1092 = CARTESIAN_POINT ( 'NONE',  ( -0.2075570299796049000, 1.390000000000000300, 1.775264631188011400 ) ) ;
#1093 = VERTEX_POINT ( 'NONE', #4831 ) ;
#1094 = DIRECTION ( 'NONE',  ( -1.000000000000000000, 0.0000000000000000000, 0.0000000000000000000 ) ) ;
#1095 = ORIENTED_EDGE ( 'NONE', *, *, #2557, .T. ) ;
#1096 = ORIENTED_EDGE ( 'NONE', *, *, #696, .T. ) ;
#1097 = DIRECTION ( 'NONE',  ( 0.0000000000000000000, 3.252606517456515700E-015, -1.000000000000000000 ) ) ;
#1098 = CARTESIAN_POINT ( 'NONE',  ( -0.8335884697400231000, 1.399999999999999900, 0.2999999999999977700 ) ) ;
#1099 = ORIENTED_EDGE ( 'NONE', *, *, #18, .F. ) ;
#1100 = CARTESIAN_POINT ( 'NONE',  ( -3.733588469740023500, -0.05000000000000000300, -1.800000000000000700 ) ) ;
#1101 = DIRECTION ( 'NONE',  ( 0.0000000000000000000, -1.000000000000000000, 0.0000000000000000000 ) ) ;
#1102 = EDGE_CURVE ( 'NONE', #2512, #3889, #4676, .T. ) ;
#1103 = VECTOR ( 'NONE', #4978, 1000.000000000000000 ) ;
#1104 = CARTESIAN_POINT ( 'NONE',  ( -0.1888962761312194500, 1.389999999999999700, 1.820313347419509200 ) ) ;
#1105 = CARTESIAN_POINT ( 'NONE',  ( -3.633588469740023800, 1.199999999999999700, 1.565000000000000200 ) ) ;
#1106 = EDGE_CURVE ( 'NONE', #2063, #3460, #2311, .T. ) ;
#1107 = DIRECTION ( 'NONE',  ( -2.161062960310393800E-016, 0.0000000000000000000, -1.000000000000000000 ) ) ;
#1108 = VECTOR ( 'NONE', #431, 1000.000000000000000 ) ;
#1109 = AXIS2_PLACEMENT_3D ( 'NONE', #2936, #646, #3825 ) ;
#1110 = DIRECTION ( 'NONE',  ( -0.0000000000000000000, 0.0000000000000000000, 1.000000000000000000 ) ) ;
#1111 = ORIENTED_EDGE ( 'NONE', *, *, #245, .F. ) ;
#1112 = CARTESIAN_POINT ( 'NONE',  ( -0.6335884697400231400, 0.7800000000000000300, -0.6999999999999999600 ) ) ;
#1113 = VECTOR ( 'NONE', #5097, 1000.000000000000000 ) ;
#1114 = CARTESIAN_POINT ( 'NONE',  ( -4.333588469740026200, 1.399999999999997900, 1.449999999999994600 ) ) ;
#1115 = EDGE_CURVE ( 'NONE', #2165, #1210, #1062, .T. ) ;
#1116 = ORIENTED_EDGE ( 'NONE', *, *, #5258, .F. ) ;
#1117 = CARTESIAN_POINT ( 'NONE',  ( -3.433588469740024100, 1.053589838486225200, -1.600000000000001000 ) ) ;
#1118 = EDGE_CURVE ( 'NONE', #4670, #5719, #908, .T. ) ;
#1119 = VECTOR ( 'NONE', #4635, 1000.000000000000000 ) ;
#1120 = VECTOR ( 'NONE', #1754, 1000.000000000000000 ) ;
#1121 = CARTESIAN_POINT ( 'NONE',  ( -1.863588469740023100, 0.1999999999999999800, -0.4999999999999998900 ) ) ;
#1122 = CARTESIAN_POINT ( 'NONE',  ( -0.04569836457669964500, 1.400000000000000100, 1.752243573509374900 ) ) ;
#1123 = VERTEX_POINT ( 'NONE', #3321 ) ;
#1124 = CARTESIAN_POINT ( 'NONE',  ( -0.03743236215948216000, 1.400000000000000100, 1.690090880246441800 ) ) ;
#1125 = LINE ( 'NONE', #1713, #3248 ) ;
#1126 = DIRECTION ( 'NONE',  ( -1.000000000000000000, 0.0000000000000000000, 0.0000000000000000000 ) ) ;
#1127 = CARTESIAN_POINT ( 'NONE',  ( -0.1973755979411797300, 1.400000000000000100, 1.780453317085704900 ) ) ;
#1128 = ORIENTED_EDGE ( 'NONE', *, *, #3989, .T. ) ;
#1129 = ORIENTED_EDGE ( 'NONE', *, *, #3136, .T. ) ;
#1130 = LINE ( 'NONE', #5486, #4602 ) ;
#1131 = CARTESIAN_POINT ( 'NONE',  ( -0.5235884697400231500, 1.389999999999999900, -1.317500000000001200 ) ) ;
#1132 = AXIS2_PLACEMENT_3D ( 'NONE', #3599, #872, #4059 ) ;
#1133 = FACE_BOUND ( 'NONE', #4772, .T. ) ;
#1134 = DIRECTION ( 'NONE',  ( 0.0000000000000000000, -0.0000000000000000000, -1.000000000000000000 ) ) ;
#1135 = DIRECTION ( 'NONE',  ( -0.0000000000000000000, 1.000000000000000000, 0.0000000000000000000 ) ) ;
#1136 = PRODUCT ( 'ACH, Connector, Female, 2 Pin', 'ACH, Connector, Female, 2 Pin', '', ( #3665 ) ) ;
#1137 = CIRCLE ( 'NONE', #3602, 0.02999999999999986000 ) ;
#1138 = VERTEX_POINT ( 'NONE', #5456 ) ;
#1139 = ORIENTED_EDGE ( 'NONE', *, *, #1140, .F. ) ;
#1140 = EDGE_CURVE ( 'NONE', #2157, #4307, #2018, .T. ) ;
#1141 = CARTESIAN_POINT ( 'NONE',  ( -3.633588469740025600, 0.9999999999999995600, -3.278929603698681100E-015 ) ) ;
#1142 = CARTESIAN_POINT ( 'NONE',  ( -3.633588469740023800, 0.9999999999999995600, 1.840000000000000100 ) ) ;
#1143 = VECTOR ( 'NONE', #1067, 1000.000000000000000 ) ;
#1144 = CARTESIAN_POINT ( 'NONE',  ( -0.09092646731427089800, 1.389999999999999500, 1.805446663556379100 ) ) ;
#1145 = CARTESIAN_POINT ( 'NONE',  ( -1.626303258728256700E-016, 0.9499999999999999600, -1.940000000000000200 ) ) ;
#1146 = VECTOR ( 'NONE', #1879, 1000.000000000000000 ) ;
#1147 = ORIENTED_EDGE ( 'NONE', *, *, #38, .T. ) ;
#1148 = LINE ( 'NONE', #1848, #41 ) ;
#1149 = ADVANCED_FACE ( 'NONE', ( #3329 ), #1394, .F. ) ;
#1150 = CARTESIAN_POINT ( 'NONE',  ( -0.1973755979411797300, 1.389999999999999900, 1.780453317085704900 ) ) ;
#1151 = VERTEX_POINT ( 'NONE', #4 ) ;
#1152 = VECTOR ( 'NONE', #2899, 1000.000000000000000 ) ;
#1153 = ORIENTED_EDGE ( 'NONE', *, *, #790, .F. ) ;
#1154 = ORIENTED_EDGE ( 'NONE', *, *, #1118, .F. ) ;
#1155 = VECTOR ( 'NONE', #3008, 1000.000000000000000 ) ;
#1156 = CARTESIAN_POINT ( 'NONE',  ( -1.383588469740022700, 0.2000000000000000100, 1.299999999999999600 ) ) ;
#1157 = CARTESIAN_POINT ( 'NONE',  ( -0.8335884697400231000, 1.399999999999999900, 0.2999999999999977700 ) ) ;
#1158 = DIRECTION ( 'NONE',  ( 0.7071067811865475700, 0.0000000000000000000, 0.7071067811865475700 ) ) ;
#1159 = DIRECTION ( 'NONE',  ( -1.000000000000000000, -0.0000000000000000000, -9.227252531791543900E-016 ) ) ;
#1160 = CARTESIAN_POINT ( 'NONE',  ( -4.333588469740026200, 0.9999999999999995600, 1.864999999999992900 ) ) ;
#1161 = EDGE_LOOP ( 'NONE', ( #152, #2978, #5442, #2628, #1234 ) ) ;
#1162 = CARTESIAN_POINT ( 'NONE',  ( -0.1560502291604153900, 1.399999999999999900, 1.824172141793345400 ) ) ;
#1163 = VERTEX_POINT ( 'NONE', #2962 ) ;
#1164 = CARTESIAN_POINT ( 'NONE',  ( -1.233588469740023200, 1.399999999999999900, -1.300000000000001400 ) ) ;
#1165 = CARTESIAN_POINT ( 'NONE',  ( -0.1849959414335349000, 1.399999999999999900, 1.785013641069229700 ) ) ;
#1166 = CARTESIAN_POINT ( 'NONE',  ( -4.333588469740023500, 1.399999999999999900, -1.000000000000000700 ) ) ;
#1167 = VECTOR ( 'NONE', #4365, 1000.000000000000000 ) ;
#1168 = AXIS2_PLACEMENT_3D ( 'NONE', #5884, #3604, #877 ) ;
#1169 = VERTEX_POINT ( 'NONE', #31 ) ;
#1170 = LINE ( 'NONE', #5154, #1335 ) ;
#1171 = ADVANCED_FACE ( 'NONE', ( #4387 ), #1882, .T. ) ;
#1172 = CARTESIAN_POINT ( 'NONE',  ( -4.173588469740022500, 1.199999999999999700, -2.099999999999999600 ) ) ;
#1173 = CARTESIAN_POINT ( 'NONE',  ( -0.09646066305838473000, 1.399999999999999900, 1.756750869805159700 ) ) ;
#1174 = VERTEX_POINT ( 'NONE', #5041 ) ;
#1175 = CARTESIAN_POINT ( 'NONE',  ( -3.633588469740025600, -0.1919999999999988100, -0.2560000000000018400 ) ) ;
#1176 = CARTESIAN_POINT ( 'NONE',  ( -1.633588469740021800, 1.399999999999999900, 1.499999999999999600 ) ) ;
#1177 = DIRECTION ( 'NONE',  ( -7.855507529325377100E-030, 1.000000000000000000, 8.673617379884144300E-015 ) ) ;
#1178 = ORIENTED_EDGE ( 'NONE', *, *, #1945, .F. ) ;
#1179 = DIRECTION ( 'NONE',  ( 1.000000000000000000, 0.0000000000000000000, 0.0000000000000000000 ) ) ;
#1180 = EDGE_CURVE ( 'NONE', #2914, #5217, #4237, .T. ) ;
#1181 = VERTEX_POINT ( 'NONE', #4210 ) ;
#1182 = AXIS2_PLACEMENT_3D ( 'NONE', #127, #1590, #4728 ) ;
#1183 = CARTESIAN_POINT ( 'NONE',  ( -0.1849959414335349000, 1.389999999999999700, 1.785013641069229700 ) ) ;
#1184 = EDGE_LOOP ( 'NONE', ( #4382, #2035, #2956, #5507 ) ) ;
#1185 = VECTOR ( 'NONE', #5906, 1000.000000000000000 ) ;
#1186 = VECTOR ( 'NONE', #817, 1000.000000000000000 ) ;
#1187 = ORIENTED_EDGE ( 'NONE', *, *, #2743, .T. ) ;
#1188 = CARTESIAN_POINT ( 'NONE',  ( -0.6335884697400231400, 0.2000000000000000100, 0.6999999999999999600 ) ) ;
#1189 = FACE_OUTER_BOUND ( 'NONE', #3947, .T. ) ;
#1190 = CARTESIAN_POINT ( 'NONE',  ( -1.233588469740023200, 1.053589838486225000, -1.409685834690297800 ) ) ;
#1191 = VECTOR ( 'NONE', #2023, 1000.000000000000000 ) ;
#1192 = PLANE ( 'NONE',  #3477 ) ;
#1193 = EDGE_CURVE ( 'NONE', #1764, #461, #3197, .T. ) ;
#1194 = CARTESIAN_POINT ( 'NONE',  ( -4.173588469740022500, 1.199999999999999700, -1.939999999999999500 ) ) ;
#1195 = EDGE_CURVE ( 'NONE', #4586, #1670, #5465, .T. ) ;
#1196 = CARTESIAN_POINT ( 'NONE',  ( -0.09646066305838473000, 1.389999999999999500, 1.756750869805159700 ) ) ;
#1197 = ORIENTED_EDGE ( 'NONE', *, *, #4642, .F. ) ;
#1198 = ORIENTED_EDGE ( 'NONE', *, *, #2663, .F. ) ;
#1199 = DIRECTION ( 'NONE',  ( -1.000000000000000000, -0.0000000000000000000, -9.227252531791543900E-016 ) ) ;
#1200 = CARTESIAN_POINT ( 'NONE',  ( -1.833588469740022400, 0.2000000000000000100, 1.599999999999999000 ) ) ;
#1201 = EDGE_CURVE ( 'NONE', #2722, #314, #5322, .T. ) ;
#1202 = LINE ( 'NONE', #4711, #5887 ) ;
#1203 = DIRECTION ( 'NONE',  ( 0.0000000000000000000, -0.0000000000000000000, 1.000000000000000000 ) ) ;
#1204 = CARTESIAN_POINT ( 'NONE',  ( -3.633588469740026500, 1.399999999999998400, 1.299999999999995400 ) ) ;
#1205 = CARTESIAN_POINT ( 'NONE',  ( -0.5000000000000000000, 0.1499999999999999900, 0.8500000000000003100 ) ) ;
#1206 = CARTESIAN_POINT ( 'NONE',  ( -3.733588469740024300, 0.0000000000000000000, 1.799999999999999600 ) ) ;
#1207 = LINE ( 'NONE', #3139, #3462 ) ;
#1208 = ADVANCED_FACE ( 'NONE', ( #1743 ), #1497, .T. ) ;
#1209 = DIRECTION ( 'NONE',  ( -1.711898167082375800E-016, 1.000000000000000000, 0.0000000000000000000 ) ) ;
#1210 = VERTEX_POINT ( 'NONE', #2822 ) ;
#1211 = ORIENTED_EDGE ( 'NONE', *, *, #2424, .F. ) ;
#1212 = PLANE ( 'NONE',  #3990 ) ;
#1213 = LINE ( 'NONE', #5726, #2566 ) ;
#1214 = CARTESIAN_POINT ( 'NONE',  ( -4.173588469740022500, 1.399999999999999900, 1.499999999999999600 ) ) ;
#1215 = VECTOR ( 'NONE', #3342, 1000.000000000000100 ) ;
#1216 = ORIENTED_EDGE ( 'NONE', *, *, #1894, .F. ) ;
#1217 = LOCAL_TIME ( 9, 59, 41.00000000000000000, #2436 ) ;
#1218 = CARTESIAN_POINT ( 'NONE',  ( -1.233588469740023200, 1.053589838486225200, -1.450000000000001500 ) ) ;
#1219 = EDGE_CURVE ( 'NONE', #598, #1093, #3951, .T. ) ;
#1220 = DIRECTION ( 'NONE',  ( 1.000000000000000000, -0.0000000000000000000, 0.0000000000000000000 ) ) ;
#1221 = DIRECTION ( 'NONE',  ( -0.0000000000000000000, -0.0000000000000000000, -1.000000000000000000 ) ) ;
#1222 = ORIENTED_EDGE ( 'NONE', *, *, #5655, .F. ) ;
#1223 = DIRECTION ( 'NONE',  ( 0.7071067811865472400, 0.0000000000000000000, -0.7071067811865479100 ) ) ;
#1224 = EDGE_CURVE ( 'NONE', #2237, #4753, #2776, .T. ) ;
#1225 = CARTESIAN_POINT ( 'NONE',  ( -0.3500000000000001400, 0.9499999999999999600, 0.8500000000000003100 ) ) ;
#1226 = VECTOR ( 'NONE', #263, 1000.000000000000000 ) ;
#1227 = EDGE_LOOP ( 'NONE', ( #2902, #2233, #380, #4152, #4071 ) ) ;
#1228 = CARTESIAN_POINT ( 'NONE',  ( -0.09667739225646888900, 1.400000000000000400, 1.644247936370059900 ) ) ;
#1229 = ORIENTED_EDGE ( 'NONE', *, *, #1648, .T. ) ;
#1230 = DIRECTION ( 'NONE',  ( -1.000000000000000000, 0.0000000000000000000, -8.673617379884035500E-017 ) ) ;
#1231 = ORIENTED_EDGE ( 'NONE', *, *, #2261, .T. ) ;
#1232 = VECTOR ( 'NONE', #1865, 1000.000000000000000 ) ;
#1233 = ORIENTED_EDGE ( 'NONE', *, *, #832, .T. ) ;
#1234 = ORIENTED_EDGE ( 'NONE', *, *, #54, .F. ) ;
#1235 = DIRECTION ( 'NONE',  ( 1.000000000000000000, 0.0000000000000000000, 0.0000000000000000000 ) ) ;
#1236 = VERTEX_POINT ( 'NONE', #4231 ) ;
#1237 = FACE_OUTER_BOUND ( 'NONE', #4184, .T. ) ;
#1238 = EDGE_CURVE ( 'NONE', #2838, #537, #3803, .T. ) ;
#1239 = CLOSED_SHELL ( 'NONE', ( #4801, #1309, #4499, #5339, #570, #3395, #5491, #3626, #4473, #2699, #5142, #850, #209, #2790, #1714, #4407, #2097, #3283, #5360, #517, #4980, #1049, #4304, #2409, #365, #3650, #3694, #2554, #2202, #400, #3482, #5207, #5096, #1405, #4890, #2994, #2874, #4594, #2255, #2581, #1781, #3328, #1860, #3454, #4623, #3084, #4205, #3169, #5242, #3674, #763, #3303, #3143, #2522, #5046, #2667, #3830, #7, #3047, #5820, #5908, #1689, #2813, #1371, #1920, #1529, #669, #3916, #821, #4108, #1950, #5592, #2128, #3504, #4666, #1839, #1244, #3568, #2310, #3887, #5067, #3595, #4132, #3728, #5394, #2955, #2845, #4276, #3018, #2386, #4434, #4337, #3945, #2278, #5697, #492, #90, #5849, #1149, #277, #184, #465, #4829, #4162, #339, #3755, #4536, #243, #5794, #1036, #4046, #1656, #5303, #1976, #1809, #1438, #1018, #1076, #1208, #2640, #1994, #2730, #705, #1464, #305, #5119, #3858, #1619, #4368, #3980, #4069, #5723, #982, #1275, #2430, #5427, #3425, #36, #4859, #5569, #1339, #4776, #3226, #2168, #4643, #4916, #2065, #2339, #63, #430, #3255, #1751, #2869, #5876, #2361, #2603, #4944, #948, #5759, #549, #5662, #1898, #726, #2221, #1547 ) ) ;
#1240 = EDGE_CURVE ( 'NONE', #1181, #53, #5172, .T. ) ;
#1241 = DIRECTION ( 'NONE',  ( -1.000000000000000000, 0.0000000000000000000, 0.0000000000000000000 ) ) ;
#1242 = DIRECTION ( 'NONE',  ( 1.355252715606881500E-016, 0.0000000000000000000, 1.000000000000000000 ) ) ;
#1243 = DIRECTION ( 'NONE',  ( -1.000000000000000000, -0.0000000000000000000, -9.227252531791543900E-016 ) ) ;
#1244 = ADVANCED_FACE ( 'NONE', ( #1589 ), #978, .F. ) ;
#1245 = DIRECTION ( 'NONE',  ( -1.000000000000000000, 0.0000000000000000000, -7.589415207398534200E-015 ) ) ;
#1246 = ORIENTED_EDGE ( 'NONE', *, *, #3516, .T. ) ;
#1247 = CARTESIAN_POINT ( 'NONE',  ( -0.09153230173120338600, 1.400000000000000100, 1.749939877224013300 ) ) ;
#1248 = CARTESIAN_POINT ( 'NONE',  ( -0.07840773910050027900, 1.389999999999999500, 1.692224660992755400 ) ) ;
#1249 = ORIENTED_EDGE ( 'NONE', *, *, #1365, .F. ) ;
#1250 = AXIS2_PLACEMENT_3D ( 'NONE', #1503, #1549, #1570 ) ;
#1251 = FACE_OUTER_BOUND ( 'NONE', #962, .T. ) ;
#1252 = CARTESIAN_POINT ( 'NONE',  ( -0.1722238736379884400, 1.399999999999999700, 1.787774399165798200 ) ) ;
#1253 = ORIENTED_EDGE ( 'NONE', *, *, #4174, .F. ) ;
#1254 = VERTEX_POINT ( 'NONE', #2147 ) ;
#1255 = VERTEX_POINT ( 'NONE', #1585 ) ;
#1256 = AXIS2_PLACEMENT_3D ( 'NONE', #2446, #5600, #2886 ) ;
#1257 = LINE ( 'NONE', #495, #1413 ) ;
#1258 = CARTESIAN_POINT ( 'NONE',  ( -4.283588469740023700, 1.149999999999999700, 1.840000000000000100 ) ) ;
#1259 = EDGE_CURVE ( 'NONE', #1346, #4648, #2490, .T. ) ;
#1260 = CARTESIAN_POINT ( 'NONE',  ( -4.333588469740026200, 0.1499999999999999900, -1.850000000000000300 ) ) ;
#1261 = CARTESIAN_POINT ( 'NONE',  ( -0.8335884697400232100, 0.7800000000000000300, -0.6800000000000000500 ) ) ;
#1262 = CARTESIAN_POINT ( 'NONE',  ( -1.833588469740023300, 0.7299999999999999800, -0.4999999999999998900 ) ) ;
#1263 = CARTESIAN_POINT ( 'NONE',  ( -4.333588469740023500, 0.0000000000000000000, -1.850000000000000300 ) ) ;
#1264 = EDGE_LOOP ( 'NONE', ( #372, #3836, #1033, #1354 ) ) ;
#1265 = DIRECTION ( 'NONE',  ( -1.000000000000000000, 0.0000000000000000000, 8.673617379884035500E-017 ) ) ;
#1266 = CONICAL_SURFACE ( 'NONE', #2697, 0.02999999999999986000, 0.7853981633974506100 ) ;
#1267 = DIRECTION ( 'NONE',  ( 0.0000000000000000000, 0.0000000000000000000, -1.000000000000000000 ) ) ;
#1268 = DIRECTION ( 'NONE',  ( 0.0000000000000000000, -0.0000000000000000000, 1.000000000000000000 ) ) ;
#1269 = ORIENTED_EDGE ( 'NONE', *, *, #5013, .F. ) ;
#1270 = ORIENTED_EDGE ( 'NONE', *, *, #1770, .F. ) ;
#1271 = CARTESIAN_POINT ( 'NONE',  ( -1.863588469740023100, 0.2000000000000000100, -0.6999999999999999600 ) ) ;
#1272 = CARTESIAN_POINT ( 'NONE',  ( -3.433588469740024100, 0.0000000000000000000, 1.599999999999999000 ) ) ;
#1273 = FACE_OUTER_BOUND ( 'NONE', #543, .T. ) ;
#1274 = VECTOR ( 'NONE', #3928, 1000.000000000000000 ) ;
#1275 = ADVANCED_FACE ( 'NONE', ( #30 ), #5277, .F. ) ;
#1276 = CC_DESIGN_DATE_AND_TIME_ASSIGNMENT ( #104, #2368, ( #8 ) ) ;
#1277 = CARTESIAN_POINT ( 'NONE',  ( -0.1722238736379884400, 1.389999999999999500, 1.787774399165798200 ) ) ;
#1278 = ORIENTED_EDGE ( 'NONE', *, *, #2530, .T. ) ;
#1279 = FACE_OUTER_BOUND ( 'NONE', #3784, .T. ) ;
#1280 = MANIFOLD_SOLID_BREP ( 'Mirror2', #1239 ) ;
#1281 = CARTESIAN_POINT ( 'NONE',  ( -4.333588469740026200, 0.0000000000000000000, 1.539999999999992900 ) ) ;
#1282 = ORIENTED_EDGE ( 'NONE', *, *, #4348, .T. ) ;
#1283 = VECTOR ( 'NONE', #1324, 1000.000000000000000 ) ;
#1284 = CARTESIAN_POINT ( 'NONE',  ( -3.683588469740026300, 0.0000000000000000000, -1.850000000000000300 ) ) ;
#1285 = DIRECTION ( 'NONE',  ( -5.434070136096073500E-016, 0.7999999999999994900, 0.6000000000000006400 ) ) ;
#1286 = DIRECTION ( 'NONE',  ( 7.589415207398534200E-015, 0.0000000000000000000, -1.000000000000000000 ) ) ;
#1287 = EDGE_CURVE ( 'NONE', #3456, #1900, #1442, .T. ) ;
#1288 = VERTEX_POINT ( 'NONE', #4719 ) ;
#1289 = CARTESIAN_POINT ( 'NONE',  ( -0.4000000000000001900, 0.0000000000000000000, -0.5000000000000002200 ) ) ;
#1290 = DIRECTION ( 'NONE',  ( -1.445602896647336000E-015, 0.0000000000000000000, 1.000000000000000000 ) ) ;
#1291 = VECTOR ( 'NONE', #5766, 1000.000000000000000 ) ;
#1292 = DIRECTION ( 'NONE',  ( 0.0000000000000000000, 0.0000000000000000000, 1.000000000000000000 ) ) ;
#1293 = CARTESIAN_POINT ( 'NONE',  ( -3.633588469740023800, 1.099999999999999900, -1.540000000000000000 ) ) ;
#1294 = CARTESIAN_POINT ( 'NONE',  ( -3.433588469740024100, 1.053589838486225200, 1.799999999999999200 ) ) ;
#1295 = LINE ( 'NONE', #5260, #2491 ) ;
#1296 = ORIENTED_EDGE ( 'NONE', *, *, #5488, .T. ) ;
#1297 = ORIENTED_EDGE ( 'NONE', *, *, #5796, .F. ) ;
#1298 = DIRECTION ( 'NONE',  ( -9.227252531791541900E-016, 0.0000000000000000000, -1.000000000000000000 ) ) ;
#1299 = VECTOR ( 'NONE', #660, 1000.000000000000000 ) ;
#1300 = LINE ( 'NONE', #3193, #4616 ) ;
#1301 = VECTOR ( 'NONE', #4504, 1000.000000000000000 ) ;
#1302 = CARTESIAN_POINT ( 'NONE',  ( 1.084202172485504400E-016, 1.053589838486225200, -0.6999999999999999600 ) ) ;
#1303 = CARTESIAN_POINT ( 'NONE',  ( -0.5000000000000000000, 1.399999999999999900, 1.439999999999999500 ) ) ;
#1304 = VECTOR ( 'NONE', #4674, 1000.000000000000000 ) ;
#1305 = CARTESIAN_POINT ( 'NONE',  ( -1.833588469740022400, 0.0000000000000000000, 1.799999999999999200 ) ) ;
#1306 = ORIENTED_EDGE ( 'NONE', *, *, #387, .F. ) ;
#1307 = EDGE_CURVE ( 'NONE', #599, #3464, #4891, .T. ) ;
#1308 = DIRECTION ( 'NONE',  ( 0.0000000000000000000, 2.168404344971010400E-015, -1.000000000000000000 ) ) ;
#1309 = ADVANCED_FACE ( 'NONE', ( #1133, #4749, #3662, #2363, #5824, #4609, #3394, #2234 ), #854, .F. ) ;
#1310 = DIRECTION ( 'NONE',  ( -0.0000000000000000000, 1.000000000000000000, 0.0000000000000000000 ) ) ;
#1311 = ORIENTED_EDGE ( 'NONE', *, *, #3849, .T. ) ;
#1312 = CARTESIAN_POINT ( 'NONE',  ( -0.09153230173120338600, 1.389999999999999700, 1.749939877224013300 ) ) ;
#1313 = EDGE_CURVE ( 'NONE', #5515, #631, #4465, .T. ) ;
#1314 = ORIENTED_EDGE ( 'NONE', *, *, #2723, .T. ) ;
#1315 = DIRECTION ( 'NONE',  ( -1.668003342285389600E-016, 0.0000000000000000000, -1.000000000000000000 ) ) ;
#1316 = VECTOR ( 'NONE', #700, 1000.000000000000000 ) ;
#1317 = PLANE ( 'NONE',  #497 ) ;
#1318 = ORIENTED_EDGE ( 'NONE', *, *, #3638, .F. ) ;
#1319 = AXIS2_PLACEMENT_3D ( 'NONE', #865, #4052, #1369 ) ;
#1320 = CARTESIAN_POINT ( 'NONE',  ( -0.8335884697400232100, 0.2000000000000000100, -0.6999999999999998400 ) ) ;
#1321 = DIRECTION ( 'NONE',  ( -1.000000000000000000, -1.807003620809174600E-016, 0.0000000000000000000 ) ) ;
#1322 = ORIENTED_EDGE ( 'NONE', *, *, #2264, .F. ) ;
#1323 = CARTESIAN_POINT ( 'NONE',  ( -0.08746007831894447900, 1.389999999999999700, 1.658573904098990000 ) ) ;
#1324 = DIRECTION ( 'NONE',  ( 0.0000000000000000000, 1.000000000000000000, 0.0000000000000000000 ) ) ;
#1325 = EDGE_LOOP ( 'NONE', ( #4692, #2182, #3703, #1998 ) ) ;
#1326 = EDGE_CURVE ( 'NONE', #3635, #2435, #5672, .T. ) ;
#1327 = ORIENTED_EDGE ( 'NONE', *, *, #2854, .T. ) ;
#1328 = EDGE_CURVE ( 'NONE', #289, #4879, #2084, .T. ) ;
#1329 = CARTESIAN_POINT ( 'NONE',  ( -4.333588469740026200, -8.384496800554570300E-015, 1.449999999999986600 ) ) ;
#1330 = CARTESIAN_POINT ( 'NONE',  ( -0.1315404067427621800, 1.389999999999999500, 1.617547225935069800 ) ) ;
#1331 = LINE ( 'NONE', #5251, #3840 ) ;
#1332 = CARTESIAN_POINT ( 'NONE',  ( -0.2779090626464663600, 1.399999999999999900, 1.716410849005628500 ) ) ;
#1333 = CARTESIAN_POINT ( 'NONE',  ( -0.08403712635964975800, 1.390000000000000300, 1.735163893612979200 ) ) ;
#1334 = DIRECTION ( 'NONE',  ( 0.8660254037844388200, 0.0000000000000000000, -0.4999999999999997800 ) ) ;
#1335 = VECTOR ( 'NONE', #5175, 1000.000000000000000 ) ;
#1336 = CARTESIAN_POINT ( 'NONE',  ( -0.1592553573655436100, 1.400000000000000100, 1.788274705895909900 ) ) ;
#1337 = CARTESIAN_POINT ( 'NONE',  ( -0.1560502291604153900, 1.399999999999999900, 1.824172141793345400 ) ) ;
#1338 = CARTESIAN_POINT ( 'NONE',  ( -0.1315404067427621800, 1.399999999999999500, 1.617547225935069800 ) ) ;
#1339 = ADVANCED_FACE ( 'NONE', ( #3261 ), #1021, .F. ) ;
#1340 = ORIENTED_EDGE ( 'NONE', *, *, #2854, .F. ) ;
#1341 = ORIENTED_EDGE ( 'NONE', *, *, #2275, .T. ) ;
#1342 = LINE ( 'NONE', #4761, #3699 ) ;
#1343 = EDGE_CURVE ( 'NONE', #891, #1138, #5530, .T. ) ;
#1344 = ORIENTED_EDGE ( 'NONE', *, *, #3415, .F. ) ;
#1345 = CARTESIAN_POINT ( 'NONE',  ( -3.633588469740027400, 0.9999999999999995600, 1.539999999999993600 ) ) ;
#1346 = VERTEX_POINT ( 'NONE', #185 ) ;
#1347 = ORIENTED_EDGE ( 'NONE', *, *, #1240, .T. ) ;
#1348 = LINE ( 'NONE', #2720, #4805 ) ;
#1349 = EDGE_CURVE ( 'NONE', #5286, #4009, #4166, .T. ) ;
#1350 = PLANE ( 'NONE',  #1610 ) ;
#1351 = VECTOR ( 'NONE', #3503, 1000.000000000000000 ) ;
#1352 = DIRECTION ( 'NONE',  ( 3.614007241618349300E-016, 0.0000000000000000000, 1.000000000000000000 ) ) ;
#1353 = CARTESIAN_POINT ( 'NONE',  ( -0.08741351865578224400, 1.399999999999999900, 1.742734208755814200 ) ) ;
#1354 = ORIENTED_EDGE ( 'NONE', *, *, #1140, .T. ) ;
#1355 = CARTESIAN_POINT ( 'NONE',  ( -0.2158861507998909900, 1.399999999999999900, 1.769823283708104900 ) ) ;
#1356 = VECTOR ( 'NONE', #2673, 1000.000000000000000 ) ;
#1357 = CARTESIAN_POINT ( 'NONE',  ( -0.8335884697400231000, 0.8535898384862253800, -0.5000000000000000000 ) ) ;
#1358 = LINE ( 'NONE', #4706, #1191 ) ;
#1359 = CARTESIAN_POINT ( 'NONE',  ( -0.8335884697400232100, 0.7599999999999999000, -0.6999999999999999600 ) ) ;
#1360 = DIRECTION ( 'NONE',  ( -1.000000000000000000, 0.0000000000000000000, 5.421010862427526100E-016 ) ) ;
#1361 = ORIENTED_EDGE ( 'NONE', *, *, #5782, .T. ) ;
#1362 = DIRECTION ( 'NONE',  ( 0.0000000000000000000, 0.0000000000000000000, 1.000000000000000000 ) ) ;
#1363 = LINE ( 'NONE', #2332, #4665 ) ;
#1364 = DIRECTION ( 'NONE',  ( -0.0000000000000000000, 1.000000000000000000, 0.0000000000000000000 ) ) ;
#1365 = EDGE_CURVE ( 'NONE', #4930, #3560, #5386, .T. ) ;
#1366 = ORIENTED_EDGE ( 'NONE', *, *, #3726, .F. ) ;
#1367 = ORIENTED_EDGE ( 'NONE', *, *, #4762, .F. ) ;
#1368 = VECTOR ( 'NONE', #3557, 1000.000000000000000 ) ;
#1369 = DIRECTION ( 'NONE',  ( 0.0000000000000000000, 0.0000000000000000000, 1.000000000000000000 ) ) ;
#1370 = DIRECTION ( 'NONE',  ( 8.673617379884035500E-017, -0.0000000000000000000, -1.000000000000000000 ) ) ;
#1371 = ADVANCED_FACE ( 'NONE', ( #1944 ), #2126, .T. ) ;
#1372 = DIRECTION ( 'NONE',  ( 0.0000000000000000000, -0.5000000000000006700, -0.8660254037844383700 ) ) ;
#1373 = VECTOR ( 'NONE', #5113, 1000.000000000000000 ) ;
#1374 = CARTESIAN_POINT ( 'NONE',  ( -0.08741351865578224400, 1.389999999999999500, 1.742734208755814200 ) ) ;
#1375 = DIRECTION ( 'NONE',  ( 0.0000000000000000000, -2.168404344971010400E-015, 1.000000000000000000 ) ) ;
#1376 = VECTOR ( 'NONE', #582, 1000.000000000000000 ) ;
#1377 = CALENDAR_DATE ( 2017, 3, 4 ) ;
#1378 = CARTESIAN_POINT ( 'NONE',  ( -0.8335884697400228700, 1.053589838486225200, 1.599999999999999200 ) ) ;
#1379 = DIRECTION ( 'NONE',  ( 0.0000000000000000000, -1.000000000000000000, 0.0000000000000000000 ) ) ;
#1380 = CARTESIAN_POINT ( 'NONE',  ( -0.05000000000000034300, -0.05000000000000000300, 0.6999999999999998400 ) ) ;
#1381 = VECTOR ( 'NONE', #4797, 1000.000000000000000 ) ;
#1382 = ORIENTED_EDGE ( 'NONE', *, *, #5034, .T. ) ;
#1383 = AXIS2_PLACEMENT_3D ( 'NONE', #5228, #2527, #5696 ) ;
#1384 = ORIENTED_EDGE ( 'NONE', *, *, #670, .F. ) ;
#1385 = VECTOR ( 'NONE', #2320, 1000.000000000000000 ) ;
#1386 = ORIENTED_EDGE ( 'NONE', *, *, #2952, .T. ) ;
#1387 = CARTESIAN_POINT ( 'NONE',  ( -4.333588469740023500, 1.399999999999999700, -1.450000000000000800 ) ) ;
#1388 = ORIENTED_EDGE ( 'NONE', *, *, #3613, .T. ) ;
#1389 = CARTESIAN_POINT ( 'NONE',  ( -1.833588469740023300, 0.7299999999999999800, 0.4999999999999998900 ) ) ;
#1390 = AXIS2_PLACEMENT_3D ( 'NONE', #4369, #4305, #4802 ) ;
#1391 = VECTOR ( 'NONE', #5801, 1000.000000000000100 ) ;
#1392 = DIRECTION ( 'NONE',  ( -1.000000000000000000, 0.0000000000000000000, -0.0000000000000000000 ) ) ;
#1393 = ORIENTED_EDGE ( 'NONE', *, *, #2497, .F. ) ;
#1394 = PLANE ( 'NONE',  #3575 ) ;
#1395 = ORIENTED_EDGE ( 'NONE', *, *, #3723, .F. ) ;
#1396 = CARTESIAN_POINT ( 'NONE',  ( -2.153588469740023400, 0.4993335800641836600, 1.279999999999997800 ) ) ;
#1397 = VERTEX_POINT ( 'NONE', #2684 ) ;
#1398 = AXIS2_PLACEMENT_3D ( 'NONE', #3102, #353, #3541 ) ;
#1399 = CARTESIAN_POINT ( 'NONE',  ( -1.833588469740023300, 0.7299999999999999800, -0.6799999999999998300 ) ) ;
#1400 = CARTESIAN_POINT ( 'NONE',  ( -3.833588469740023100, 0.2000000000000000100, -0.5000000000000007800 ) ) ;
#1401 = CARTESIAN_POINT ( 'NONE',  ( -3.633588469740023800, 1.199999999999999700, -1.565000000000000200 ) ) ;
#1402 = ORIENTED_EDGE ( 'NONE', *, *, #518, .F. ) ;
#1403 = DIRECTION ( 'NONE',  ( 0.0000000000000000000, 0.0000000000000000000, 1.000000000000000000 ) ) ;
#1404 = CARTESIAN_POINT ( 'NONE',  ( -0.8335884697400231000, 1.399999999999999900, 0.5000000000000000000 ) ) ;
#1405 = ADVANCED_FACE ( 'NONE', ( #5241 ), #3061, .F. ) ;
#1406 = ORIENTED_EDGE ( 'NONE', *, *, #3352, .F. ) ;
#1407 = EDGE_CURVE ( 'NONE', #4110, #1028, #1814, .T. ) ;
#1408 = VECTOR ( 'NONE', #4988, 1000.000000000000000 ) ;
#1409 = EDGE_CURVE ( 'NONE', #2486, #3119, #4024, .T. ) ;
#1410 = VERTEX_POINT ( 'NONE', #893 ) ;
#1411 = ORIENTED_EDGE ( 'NONE', *, *, #5342, .F. ) ;
#1412 = ORIENTED_EDGE ( 'NONE', *, *, #145, .T. ) ;
#1413 = VECTOR ( 'NONE', #4901, 1000.000000000000000 ) ;
#1414 = CARTESIAN_POINT ( 'NONE',  ( -1.883588469740023100, 0.7299999999999999800, -0.6799999999999998300 ) ) ;
#1415 = CARTESIAN_POINT ( 'NONE',  ( -0.2046212383125537700, 1.400000000000000100, 1.815188031865742700 ) ) ;
#1416 = AXIS2_PLACEMENT_3D ( 'NONE', #5011, #4102, #1421 ) ;
#1417 = CARTESIAN_POINT ( 'NONE',  ( -4.033588469740023700, -0.0000000000000000000, -1.600000000000001200 ) ) ;
#1418 = ORIENTED_EDGE ( 'NONE', *, *, #3035, .F. ) ;
#1419 = DIRECTION ( 'NONE',  ( 0.0000000000000000000, -1.000000000000000000, -3.252606517456512100E-015 ) ) ;
#1420 = LINE ( 'NONE', #5073, #3644 ) ;
#1421 = DIRECTION ( 'NONE',  ( 1.000000000000000000, 0.0000000000000000000, 8.673617379884035500E-017 ) ) ;
#1422 = ORIENTED_EDGE ( 'NONE', *, *, #909, .F. ) ;
#1423 = VECTOR ( 'NONE', #64, 1000.000000000000100 ) ;
#1424 = VECTOR ( 'NONE', #5276, 1000.000000000000000 ) ;
#1425 = EDGE_CURVE ( 'NONE', #5552, #467, #2840, .T. ) ;
#1426 = CARTESIAN_POINT ( 'NONE',  ( -0.1635955021795502100, 1.399999999999999900, 1.788107269343070000 ) ) ;
#1427 = ORIENTED_EDGE ( 'NONE', *, *, #651, .F. ) ;
#1428 = DIRECTION ( 'NONE',  ( 0.0000000000000000000, 0.0000000000000000000, -1.000000000000000000 ) ) ;
#1429 = ORIENTED_EDGE ( 'NONE', *, *, #328, .F. ) ;
#1430 = EDGE_CURVE ( 'NONE', #1236, #1639, #679, .T. ) ;
#1431 = LINE ( 'NONE', #3414, #2482 ) ;
#1432 = CARTESIAN_POINT ( 'NONE',  ( -0.08403712635964975800, 1.400000000000000600, 1.735163893612979200 ) ) ;
#1433 = AXIS2_PLACEMENT_3D ( 'NONE', #2118, #5248, #2548 ) ;
#1434 = VERTEX_POINT ( 'NONE', #1806 ) ;
#1435 = ORIENTED_EDGE ( 'NONE', *, *, #3865, .T. ) ;
#1436 = CARTESIAN_POINT ( 'NONE',  ( -4.033588469740023700, -0.05000000000000000300, 1.599999999999999400 ) ) ;
#1437 = LINE ( 'NONE', #1404, #1283 ) ;
#1438 = ADVANCED_FACE ( 'NONE', ( #1508 ), #2298, .T. ) ;
#1439 = CARTESIAN_POINT ( 'NONE',  ( -0.04189088842660859700, 1.399999999999999700, 1.740896400192586200 ) ) ;
#1440 = ORIENTED_EDGE ( 'NONE', *, *, #1874, .F. ) ;
#1441 = CARTESIAN_POINT ( 'NONE',  ( -0.06407571285359615900, 1.390000000000000100, 1.782336135785786100 ) ) ;
#1442 = LINE ( 'NONE', #5716, #171 ) ;
#1443 = EDGE_CURVE ( 'NONE', #885, #261, #240, .T. ) ;
#1444 = EDGE_CURVE ( 'NONE', #5217, #1924, #3876, .T. ) ;
#1445 = VECTOR ( 'NONE', #2534, 1000.000000000000000 ) ;
#1446 = ORIENTED_EDGE ( 'NONE', *, *, #3612, .T. ) ;
#1447 = ORIENTED_EDGE ( 'NONE', *, *, #4269, .T. ) ;
#1448 = DIRECTION ( 'NONE',  ( 0.0000000000000000000, 0.0000000000000000000, -1.000000000000000000 ) ) ;
#1449 = LINE ( 'NONE', #4496, #179 ) ;
#1450 = EDGE_LOOP ( 'NONE', ( #1116, #3112, #3591, #2824 ) ) ;
#1451 = LINE ( 'NONE', #3579, #4905 ) ;
#1452 = ORIENTED_EDGE ( 'NONE', *, *, #3241, .F. ) ;
#1453 = VECTOR ( 'NONE', #3738, 1000.000000000000000 ) ;
#1454 = DIRECTION ( 'NONE',  ( 0.0000000000000000000, -1.000000000000000000, 0.0000000000000000000 ) ) ;
#1455 = APPLICATION_PROTOCOL_DEFINITION ( 'international standard', 'config_control_design', 1994, #4130 ) ;
#1456 = ORIENTED_EDGE ( 'NONE', *, *, #82, .T. ) ;
#1457 = CARTESIAN_POINT ( 'NONE',  ( -1.833588469740023300, 0.7800000000000000300, -0.5199999999999999100 ) ) ;
#1458 = CARTESIAN_POINT ( 'NONE',  ( -0.1520929913320053200, 1.399999999999999900, 1.824053295271688100 ) ) ;
#1459 = DIRECTION ( 'NONE',  ( -0.0000000000000000000, 1.000000000000000000, -0.0000000000000000000 ) ) ;
#1460 = DIRECTION ( 'NONE',  ( -0.0000000000000000000, -1.000000000000000000, -0.0000000000000000000 ) ) ;
#1461 = FACE_OUTER_BOUND ( 'NONE', #3384, .T. ) ;
#1462 = EDGE_CURVE ( 'NONE', #3853, #5170, #4961, .T. ) ;
#1463 = ORIENTED_EDGE ( 'NONE', *, *, #655, .T. ) ;
#1464 = ADVANCED_FACE ( 'NONE', ( #2564 ), #4029, .F. ) ;
#1465 = ORIENTED_EDGE ( 'NONE', *, *, #5761, .T. ) ;
#1466 = CARTESIAN_POINT ( 'NONE',  ( -0.1657108954345351500, 1.390000000000000100, 1.573124011031979300 ) ) ;
#1467 = ORIENTED_EDGE ( 'NONE', *, *, #4328, .T. ) ;
#1468 = ORIENTED_EDGE ( 'NONE', *, *, #4250, .T. ) ;
#1469 = DIRECTION ( 'NONE',  ( 1.000000000000000000, 0.0000000000000000000, -0.0000000000000000000 ) ) ;
#1470 = APPROVAL_ROLE ( '' ) ;
#1471 = LINE ( 'NONE', #5393, #2525 ) ;
#1472 = CARTESIAN_POINT ( 'NONE',  ( -0.5335884697400231600, 1.399999999999999900, -0.2999999999999999300 ) ) ;
#1473 = CARTESIAN_POINT ( 'NONE',  ( -3.633588469740025600, 1.199999999999999700, -3.278929603698681100E-015 ) ) ;
#1474 = ORIENTED_EDGE ( 'NONE', *, *, #4574, .T. ) ;
#1475 = VECTOR ( 'NONE', #4508, 1000.000000000000000 ) ;
#1476 = ORIENTED_EDGE ( 'NONE', *, *, #2645, .T. ) ;
#1477 = CARTESIAN_POINT ( 'NONE',  ( -0.04223238811121862700, 1.390000000000000300, 1.664872557402648600 ) ) ;
#1478 = ORIENTED_EDGE ( 'NONE', *, *, #69, .F. ) ;
#1479 = AXIS2_PLACEMENT_3D ( 'NONE', #5777, #197, #234 ) ;
#1480 = ORIENTED_EDGE ( 'NONE', *, *, #5596, .T. ) ;
#1481 = VECTOR ( 'NONE', #632, 1000.000000000000100 ) ;
#1482 = DIRECTION ( 'NONE',  ( 0.7071067811865468000, 0.0000000000000000000, -0.7071067811865483500 ) ) ;
#1483 = CARTESIAN_POINT ( 'NONE',  ( -0.08403712635964975800, 1.390000000000000100, 1.735163893612979200 ) ) ;
#1484 = VERTEX_POINT ( 'NONE', #4976 ) ;
#1485 = ORIENTED_EDGE ( 'NONE', *, *, #2357, .T. ) ;
#1486 = LINE ( 'NONE', #4845, #4940 ) ;
#1487 = VECTOR ( 'NONE', #786, 1000.000000000000000 ) ;
#1488 = ADVANCED_FACE ( 'NONE', ( #4820 ), #5392, .F. ) ;
#1489 = DIRECTION ( 'NONE',  ( 1.000000000000000000, 1.807003620809174600E-016, 0.0000000000000000000 ) ) ;
#1490 = ORIENTED_EDGE ( 'NONE', *, *, #4678, .T. ) ;
#1491 = CARTESIAN_POINT ( 'NONE',  ( -1.084202172485504400E-016, 1.399999999999999900, 1.940000000000000200 ) ) ;
#1492 = EDGE_LOOP ( 'NONE', ( #1070, #1837, #5404, #4243, #5814, #2420, #4596 ) ) ;
#1493 = DIRECTION ( 'NONE',  ( 1.668003342285389800E-016, -3.252606517456512100E-015, 1.000000000000000000 ) ) ;
#1494 = LINE ( 'NONE', #2250, #1356 ) ;
#1495 = DIRECTION ( 'NONE',  ( -1.668003342285389600E-016, -0.0000000000000000000, -1.000000000000000000 ) ) ;
#1496 = FACE_OUTER_BOUND ( 'NONE', #641, .T. ) ;
#1497 = PLANE ( 'NONE',  #4501 ) ;
#1498 = ORIENTED_EDGE ( 'NONE', *, *, #3907, .F. ) ;
#1499 = ORIENTED_EDGE ( 'NONE', *, *, #4540, .F. ) ;
#1500 = FACE_OUTER_BOUND ( 'NONE', #2779, .T. ) ;
#1501 = AXIS2_PLACEMENT_3D ( 'NONE', #4521, #3060, #3019 ) ;
#1502 = CARTESIAN_POINT ( 'NONE',  ( -3.433588469740023600, 1.053589838486225200, 1.599999999999999000 ) ) ;
#1503 = CARTESIAN_POINT ( 'NONE',  ( -3.633588469740025600, 0.9999999999999995600, -3.278929603698681100E-015 ) ) ;
#1504 = EDGE_CURVE ( 'NONE', #3464, #3714, #3600, .T. ) ;
#1505 = EDGE_LOOP ( 'NONE', ( #3592, #2204, #699, #592 ) ) ;
#1506 = ORIENTED_EDGE ( 'NONE', *, *, #1118, .T. ) ;
#1507 = DIRECTION ( 'NONE',  ( -0.7071067811865483500, 0.0000000000000000000, -0.7071067811865468000 ) ) ;
#1508 = FACE_OUTER_BOUND ( 'NONE', #996, .T. ) ;
#1509 = ORIENTED_EDGE ( 'NONE', *, *, #1672, .F. ) ;
#1510 = CARTESIAN_POINT ( 'NONE',  ( -1.833588469740024200, 0.2000000000000000100, -1.600000000000001000 ) ) ;
#1511 = LINE ( 'NONE', #5131, #4824 ) ;
#1512 = PLANE ( 'NONE',  #2735 ) ;
#1513 = DIRECTION ( 'NONE',  ( -0.0000000000000000000, 1.000000000000000000, -0.0000000000000000000 ) ) ;
#1514 = DIRECTION ( 'NONE',  ( 0.0000000000000000000, -0.0000000000000000000, 1.000000000000000000 ) ) ;
#1515 = LINE ( 'NONE', #2432, #1376 ) ;
#1516 = ORIENTED_EDGE ( 'NONE', *, *, #4748, .F. ) ;
#1517 = DATE_AND_TIME ( #2712, #3885 ) ;
#1518 = DIRECTION ( 'NONE',  ( -4.743384504624085800E-016, 0.0000000000000000000, 1.000000000000000000 ) ) ;
#1519 = EDGE_CURVE ( 'NONE', #657, #1174, #2423, .T. ) ;
#1520 = DIRECTION ( 'NONE',  ( -0.0000000000000000000, 0.0000000000000000000, -1.000000000000000000 ) ) ;
#1521 = DIRECTION ( 'NONE',  ( 0.4472135954999587000, -0.7745966692414826300, 0.4472135954999584800 ) ) ;
#1522 = EDGE_CURVE ( 'NONE', #5719, #473, #1207, .T. ) ;
#1523 = ORIENTED_EDGE ( 'NONE', *, *, #5524, .T. ) ;
#1524 = VECTOR ( 'NONE', #3421, 1000.000000000000000 ) ;
#1525 = CARTESIAN_POINT ( 'NONE',  ( -0.07452431429085881700, 1.390000000000000100, 1.611525023633701800 ) ) ;
#1526 = EDGE_CURVE ( 'NONE', #2503, #3037, #96, .T. ) ;
#1527 = ORIENTED_EDGE ( 'NONE', *, *, #2661, .F. ) ;
#1528 = VERTEX_POINT ( 'NONE', #3176 ) ;
#1529 = ADVANCED_FACE ( 'NONE', ( #1056 ), #3083, .T. ) ;
#1530 = CARTESIAN_POINT ( 'NONE',  ( -0.1592553573655436100, 1.400000000000000100, 1.788274705895909900 ) ) ;
#1531 = ORIENTED_EDGE ( 'NONE', *, *, #2206, .T. ) ;
#1532 = CARTESIAN_POINT ( 'NONE',  ( -1.626303258728256700E-016, 0.9499999999999999600, -2.100000000000000100 ) ) ;
#1533 = LINE ( 'NONE', #5901, #1686 ) ;
#1534 = CARTESIAN_POINT ( 'NONE',  ( -0.08138850935944776100, 1.400000000000000100, 1.727250129884159800 ) ) ;
#1535 = ORIENTED_EDGE ( 'NONE', *, *, #5084, .F. ) ;
#1536 = AXIS2_PLACEMENT_3D ( 'NONE', #3684, #5072, #2388 ) ;
#1537 = ORIENTED_EDGE ( 'NONE', *, *, #5596, .F. ) ;
#1538 = DIRECTION ( 'NONE',  ( -0.0000000000000000000, -1.000000000000000000, -0.0000000000000000000 ) ) ;
#1539 = DIRECTION ( 'NONE',  ( -0.0000000000000000000, 1.000000000000000000, -0.0000000000000000000 ) ) ;
#1540 = LINE ( 'NONE', #5337, #1391 ) ;
#1541 = ORIENTED_EDGE ( 'NONE', *, *, #2663, .T. ) ;
#1542 = DIRECTION ( 'NONE',  ( -1.000000000000000000, -0.0000000000000000000, 3.614007241618349300E-016 ) ) ;
#1543 = CARTESIAN_POINT ( 'NONE',  ( -0.5000000000000000000, 1.389999999999999900, 1.940000000000000200 ) ) ;
#1544 = EDGE_CURVE ( 'NONE', #2582, #1684, #5746, .T. ) ;
#1545 = CARTESIAN_POINT ( 'NONE',  ( -4.333588469740023500, 1.399999999999999900, -1.000000000000000700 ) ) ;
#1546 = EDGE_CURVE ( 'NONE', #657, #3137, #4539, .T. ) ;
#1547 = ADVANCED_FACE ( 'NONE', ( #2304 ), #2017, .T. ) ;
#1548 = CARTESIAN_POINT ( 'NONE',  ( -1.883588469740023100, 0.1999999999999999800, 0.5199999999999999100 ) ) ;
#1549 = DIRECTION ( 'NONE',  ( 0.0000000000000000000, -1.000000000000000000, 0.0000000000000000000 ) ) ;
#1550 = CARTESIAN_POINT ( 'NONE',  ( -0.1592553573655436100, 1.389999999999999900, 1.788274705895909900 ) ) ;
#1551 = DIRECTION ( 'NONE',  ( 0.0000000000000000000, 0.0000000000000000000, -1.000000000000000000 ) ) ;
#1552 = FACE_OUTER_BOUND ( 'NONE', #3548, .T. ) ;
#1553 = ORIENTED_EDGE ( 'NONE', *, *, #696, .F. ) ;
#1554 = EDGE_LOOP ( 'NONE', ( #385, #5821, #3878, #3129 ) ) ;
#1555 = DIRECTION ( 'NONE',  ( -1.000000000000000000, -0.0000000000000000000, 1.668003342285389800E-016 ) ) ;
#1556 = ORIENTED_EDGE ( 'NONE', *, *, #2780, .T. ) ;
#1557 = CARTESIAN_POINT ( 'NONE',  ( -0.5000000000000000000, 1.389999999999999900, 1.439999999999999500 ) ) ;
#1558 = EDGE_CURVE ( 'NONE', #3824, #1654, #3322, .T. ) ;
#1559 = FACE_OUTER_BOUND ( 'NONE', #1184, .T. ) ;
#1560 = CARTESIAN_POINT ( 'NONE',  ( -3.733588469740023500, -0.05000000000000000300, -1.600000000000000800 ) ) ;
#1561 = EDGE_CURVE ( 'NONE', #3544, #5407, #5599, .T. ) ;
#1562 = PLANE ( 'NONE',  #5045 ) ;
#1563 = DIRECTION ( 'NONE',  ( 0.0000000000000000000, -1.000000000000000000, -0.0000000000000000000 ) ) ;
#1564 = DIRECTION ( 'NONE',  ( -1.445602896647341500E-015, 0.0000000000000000000, 1.000000000000000000 ) ) ;
#1565 = VERTEX_POINT ( 'NONE', #3498 ) ;
#1566 = FACE_OUTER_BOUND ( 'NONE', #3049, .T. ) ;
#1567 = ORIENTED_EDGE ( 'NONE', *, *, #3527, .F. ) ;
#1568 = DIRECTION ( 'NONE',  ( 0.0000000000000000000, -0.0000000000000000000, -1.000000000000000000 ) ) ;
#1569 = ORIENTED_EDGE ( 'NONE', *, *, #3210, .F. ) ;
#1570 = DIRECTION ( 'NONE',  ( 0.0000000000000000000, -0.0000000000000000000, -1.000000000000000000 ) ) ;
#1571 = CARTESIAN_POINT ( 'NONE',  ( -1.383588469740023100, 0.2000000000000000100, -1.300000000000001400 ) ) ;
#1572 = LINE ( 'NONE', #4133, #2615 ) ;
#1573 = CARTESIAN_POINT ( 'NONE',  ( -1.343274304430319700, 1.053589838486225400, -1.300000000000001400 ) ) ;
#1574 = LINE ( 'NONE', #1646, #302 ) ;
#1575 = VERTEX_POINT ( 'NONE', #304 ) ;
#1576 = CARTESIAN_POINT ( 'NONE',  ( -1.833588469740022000, 1.053589838486225200, 1.299999999999999600 ) ) ;
#1577 = DIRECTION ( 'NONE',  ( 1.000000000000000000, 0.0000000000000000000, -2.161062960310393800E-016 ) ) ;
#1578 = LINE ( 'NONE', #2990, #4738 ) ;
#1579 = AXIS2_PLACEMENT_3D ( 'NONE', #5158, #2463, #2025 ) ;
#1580 = DIRECTION ( 'NONE',  ( -0.0000000000000000000, 0.0000000000000000000, 1.000000000000000000 ) ) ;
#1581 = ORIENTED_EDGE ( 'NONE', *, *, #2449, .F. ) ;
#1582 = EDGE_LOOP ( 'NONE', ( #232, #5776, #2763, #3763 ) ) ;
#1583 = EDGE_CURVE ( 'NONE', #4561, #1054, #3192, .T. ) ;
#1584 = LINE ( 'NONE', #5582, #5033 ) ;
#1585 = CARTESIAN_POINT ( 'NONE',  ( -4.033588469740023700, -0.05000000000000000300, 1.599999999999999400 ) ) ;
#1586 = CARTESIAN_POINT ( 'NONE',  ( -0.2172769299793475300, 1.389999999999999900, 1.809016905368675100 ) ) ;
#1587 = ORIENTED_EDGE ( 'NONE', *, *, #5254, .T. ) ;
#1588 = EDGE_LOOP ( 'NONE', ( #3861, #5434, #672 ) ) ;
#1589 = FACE_OUTER_BOUND ( 'NONE', #5331, .T. ) ;
#1590 = DIRECTION ( 'NONE',  ( 0.0000000000000000000, -0.0000000000000000000, 1.000000000000000000 ) ) ;
#1591 = CARTESIAN_POINT ( 'NONE',  ( -0.5000000000000000000, 1.389999999999999900, 1.439999999999999500 ) ) ;
#1592 = LINE ( 'NONE', #2907, #2777 ) ;
#1593 = ORIENTED_EDGE ( 'NONE', *, *, #1409, .T. ) ;
#1594 = CARTESIAN_POINT ( 'NONE',  ( -0.08138850935944776100, 1.389999999999999700, 1.727250129884159800 ) ) ;
#1595 = PRODUCT_DEFINITION_FORMATION_WITH_SPECIFIED_SOURCE ( 'ANY', '', #1136, .NOT_KNOWN. ) ;
#1596 = ORIENTED_EDGE ( 'NONE', *, *, #1949, .T. ) ;
#1597 = DIRECTION ( 'NONE',  ( 8.673617379884035500E-017, -0.0000000000000000000, 1.000000000000000000 ) ) ;
#1598 = LINE ( 'NONE', #1345, #3814 ) ;
#1599 = ORIENTED_EDGE ( 'NONE', *, *, #1546, .T. ) ;
#1600 = LINE ( 'NONE', #3563, #181 ) ;
#1601 = ORIENTED_EDGE ( 'NONE', *, *, #5636, .F. ) ;
#1602 = CARTESIAN_POINT ( 'NONE',  ( -0.8335884697400231000, 1.053589838486225200, 0.2999999999999977700 ) ) ;
#1603 = CARTESIAN_POINT ( 'NONE',  ( -0.07955324368345186000, 1.399999999999999900, 1.718977586445143300 ) ) ;
#1604 = ORIENTED_EDGE ( 'NONE', *, *, #3136, .F. ) ;
#1605 = CARTESIAN_POINT ( 'NONE',  ( -3.633588469740023800, 1.399999999999999900, -2.099999999999999200 ) ) ;
#1606 = LINE ( 'NONE', #5116, #5053 ) ;
#1607 = ORIENTED_EDGE ( 'NONE', *, *, #4704, .T. ) ;
#1608 = CARTESIAN_POINT ( 'NONE',  ( -0.05081658485013145600, 1.400000000000000400, 1.762872838031803900 ) ) ;
#1609 = EDGE_CURVE ( 'NONE', #3348, #1254, #4381, .T. ) ;
#1610 = AXIS2_PLACEMENT_3D ( 'NONE', #1260, #5692, #4838 ) ;
#1611 = CARTESIAN_POINT ( 'NONE',  ( -0.03723854482741578700, 1.399999999999999900, 1.698872587175241300 ) ) ;
#1612 = VERTEX_POINT ( 'NONE', #326 ) ;
#1613 = VECTOR ( 'NONE', #3834, 1000.000000000000000 ) ;
#1614 = VERTEX_POINT ( 'NONE', #129 ) ;
#1615 = ORIENTED_EDGE ( 'NONE', *, *, #4480, .F. ) ;
#1616 = AXIS2_PLACEMENT_3D ( 'NONE', #1225, #4373, #1707 ) ;
#1617 = CARTESIAN_POINT ( 'NONE',  ( -1.233588469740022800, 1.053589838486225400, 1.409685834690295600 ) ) ;
#1618 = DIRECTION ( 'NONE',  ( 0.0000000000000000000, 0.0000000000000000000, 1.000000000000000000 ) ) ;
#1619 = ADVANCED_FACE ( 'NONE', ( #4230 ), #4393, .F. ) ;
#1620 = CARTESIAN_POINT ( 'NONE',  ( -1.233588469740023200, 0.2000000000000000100, -1.300000000000001400 ) ) ;
#1621 = PERSON ( 'UNSPECIFIED', 'UNSPECIFIED', 'UNSPECIFIED', ('UNSPECIFIED'), ('UNSPECIFIED'), ('UNSPECIFIED') ) ;
#1622 = CARTESIAN_POINT ( 'NONE',  ( -1.433588469740022500, 1.399999999999999900, 1.800000000000000000 ) ) ;
#1623 = EDGE_CURVE ( 'NONE', #375, #2651, #745, .T. ) ;
#1624 = FACE_OUTER_BOUND ( 'NONE', #5684, .T. ) ;
#1625 = DIRECTION ( 'NONE',  ( 1.000000000000000000, -0.0000000000000000000, -0.0000000000000000000 ) ) ;
#1626 = CARTESIAN_POINT ( 'NONE',  ( -0.1007812428245586000, 1.390000000000000100, 1.811231025096188500 ) ) ;
#1627 = DIRECTION ( 'NONE',  ( -0.0000000000000000000, -0.0000000000000000000, -1.000000000000000000 ) ) ;
#1628 = EDGE_CURVE ( 'NONE', #5443, #526, #1877, .T. ) ;
#1629 = VECTOR ( 'NONE', #3258, 1000.000000000000000 ) ;
#1630 = AXIS2_PLACEMENT_3D ( 'NONE', #5388, #5851, #3138 ) ;
#1631 = CARTESIAN_POINT ( 'NONE',  ( -0.4063707419809282100, 1.399999999999999900, 1.829300346921550700 ) ) ;
#1632 = DIRECTION ( 'NONE',  ( -1.000000000000000000, 0.0000000000000000000, -0.0000000000000000000 ) ) ;
#1633 = ORIENTED_EDGE ( 'NONE', *, *, #1609, .T. ) ;
#1634 = ORIENTED_EDGE ( 'NONE', *, *, #3989, .F. ) ;
#1635 = CARTESIAN_POINT ( 'NONE',  ( -0.3500000000000001400, 0.9499999999999999600, -2.100000000000000100 ) ) ;
#1636 = VECTOR ( 'NONE', #1978, 1000.000000000000000 ) ;
#1637 = CARTESIAN_POINT ( 'NONE',  ( -0.1080978077511446600, 1.399999999999999900, 1.769068888867823700 ) ) ;
#1638 = EDGE_CURVE ( 'NONE', #5568, #1853, #2013, .T. ) ;
#1639 = VERTEX_POINT ( 'NONE', #4239 ) ;
#1640 = CARTESIAN_POINT ( 'NONE',  ( -0.5500000000000010400, 0.0000000000000000000, 2.100000000000000100 ) ) ;
#1641 = EDGE_CURVE ( 'NONE', #3619, #5615, #3046, .T. ) ;
#1642 = CARTESIAN_POINT ( 'NONE',  ( -0.07955324368345186000, 1.389999999999999500, 1.718977586445143300 ) ) ;
#1643 = ORIENTED_EDGE ( 'NONE', *, *, #4269, .F. ) ;
#1644 = CARTESIAN_POINT ( 'NONE',  ( -3.433588469740024100, -0.0000000000000000000, -1.600000000000001000 ) ) ;
#1645 = FACE_OUTER_BOUND ( 'NONE', #3029, .T. ) ;
#1646 = CARTESIAN_POINT ( 'NONE',  ( -0.8335884697400231000, 0.7599999999999999000, -0.6999999999999999600 ) ) ;
#1647 = FACE_OUTER_BOUND ( 'NONE', #3269, .T. ) ;
#1648 = EDGE_CURVE ( 'NONE', #3936, #314, #5315, .T. ) ;
#1649 = CARTESIAN_POINT ( 'NONE',  ( -3.633588469740023800, 1.199999999999999700, -2.099999999999999200 ) ) ;
#1650 = CARTESIAN_POINT ( 'NONE',  ( -3.633588469740023800, 0.9999999999999995600, 1.565000000000000200 ) ) ;
#1651 = EDGE_LOOP ( 'NONE', ( #4037, #5060, #3801, #2816, #2884 ) ) ;
#1652 = LINE ( 'NONE', #5825, #228 ) ;
#1653 = VECTOR ( 'NONE', #2872, 1000.000000000000000 ) ;
#1654 = VERTEX_POINT ( 'NONE', #1940 ) ;
#1655 = AXIS2_PLACEMENT_3D ( 'NONE', #5791, #3069, #313 ) ;
#1656 = ADVANCED_FACE ( 'NONE', ( #2768 ), #5570, .F. ) ;
#1657 = PLANE ( 'NONE',  #3542 ) ;
#1658 = ORIENTED_EDGE ( 'NONE', *, *, #3829, .F. ) ;
#1659 = ORIENTED_EDGE ( 'NONE', *, *, #2959, .F. ) ;
#1660 = LINE ( 'NONE', #2031, #4956 ) ;
#1661 = ORIENTED_EDGE ( 'NONE', *, *, #3627, .F. ) ;
#1662 = ORIENTED_EDGE ( 'NONE', *, *, #1842, .T. ) ;
#1663 = ORIENTED_EDGE ( 'NONE', *, *, #866, .F. ) ;
#1664 = PLANE ( 'NONE',  #2225 ) ;
#1665 = AXIS2_PLACEMENT_3D ( 'NONE', #1112, #1597, #4737 ) ;
#1666 = VECTOR ( 'NONE', #1729, 1000.000000000000000 ) ;
#1667 = EDGE_CURVE ( 'NONE', #4833, #4953, #5168, .T. ) ;
#1668 = CARTESIAN_POINT ( 'NONE',  ( -1.383588469740022700, 0.2000000000000000900, 1.449999999999999500 ) ) ;
#1669 = CARTESIAN_POINT ( 'NONE',  ( -4.333588469740024400, 0.9999999999999995600, -3.924837280924088800E-015 ) ) ;
#1670 = VERTEX_POINT ( 'NONE', #2387 ) ;
#1671 = DIRECTION ( 'NONE',  ( -7.381802025433233100E-016, 0.5999999999999997600, 0.8000000000000001600 ) ) ;
#1672 = EDGE_CURVE ( 'NONE', #960, #922, #2904, .T. ) ;
#1673 = PLANE ( 'NONE',  #645 ) ;
#1674 = PLANE ( 'NONE',  #3962 ) ;
#1675 = LINE ( 'NONE', #4339, #3881 ) ;
#1676 = CARTESIAN_POINT ( 'NONE',  ( -0.6335884697400224800, 1.399999999999999900, 1.939999999999998800 ) ) ;
#1677 = LINE ( 'NONE', #1038, #5109 ) ;
#1678 = ORIENTED_EDGE ( 'NONE', *, *, #4026, .F. ) ;
#1679 = EDGE_LOOP ( 'NONE', ( #3180, #1075, #3925, #1499 ) ) ;
#1680 = PERSON_AND_ORGANIZATION ( #1621, #4038 ) ;
#1681 = CARTESIAN_POINT ( 'NONE',  ( -1.833588469740023300, 0.7599999999999999000, 0.4999999999999998900 ) ) ;
#1682 = ORIENTED_EDGE ( 'NONE', *, *, #35, .T. ) ;
#1683 = EDGE_CURVE ( 'NONE', #884, #4492, #1584, .T. ) ;
#1684 = VERTEX_POINT ( 'NONE', #581 ) ;
#1685 = CARTESIAN_POINT ( 'NONE',  ( -1.833588469740022400, 1.399999999999999900, 1.599999999999999000 ) ) ;
#1686 = VECTOR ( 'NONE', #4550, 1000.000000000000000 ) ;
#1687 = CARTESIAN_POINT ( 'NONE',  ( -0.07955324368345186000, 1.399999999999999700, 1.718977586445143300 ) ) ;
#1688 = VERTEX_POINT ( 'NONE', #109 ) ;
#1689 = ADVANCED_FACE ( 'NONE', ( #4889 ), #569, .F. ) ;
#1690 = DIRECTION ( 'NONE',  ( -0.0000000000000000000, 1.000000000000000000, -0.0000000000000000000 ) ) ;
#1691 = VERTEX_POINT ( 'NONE', #4582 ) ;
#1692 = DIRECTION ( 'NONE',  ( -1.000000000000000000, 0.0000000000000000000, 3.614007241618349300E-016 ) ) ;
#1693 = ORIENTED_EDGE ( 'NONE', *, *, #3746, .F. ) ;
#1694 = DIRECTION ( 'NONE',  ( -0.0000000000000000000, -0.0000000000000000000, 1.000000000000000000 ) ) ;
#1695 = LINE ( 'NONE', #303, #3754 ) ;
#1696 = CARTESIAN_POINT ( 'NONE',  ( -0.07816561377579997500, 1.399999999999999900, 1.701495859742063500 ) ) ;
#1697 = DIRECTION ( 'NONE',  ( -8.673617379884035500E-017, 0.0000000000000000000, -1.000000000000000000 ) ) ;
#1698 = DIRECTION ( 'NONE',  ( -1.000000000000000000, -0.0000000000000000000, 1.668003342285389800E-016 ) ) ;
#1699 = PLANE ( 'NONE',  #2687 ) ;
#1700 = B_SPLINE_CURVE_WITH_KNOTS ( 'NONE', 3,
 ( #450, #3202, #921, #4095, #1415, #4568, #1886, #5023, #2337, #5479, #2769, #6, #3216, #475, #3649 ),
 .UNSPECIFIED., .F., .F.,
 ( 4, 1, 1, 1, 1, 1, 1, 1, 1, 1, 1, 1, 4 ),
 ( 0.0000000000000000000, 0.09870219630615242900, 0.1956723088106641900, 0.2924224265079540300, 0.3913425437998248600, 0.4444624406718922800, 0.5042287754493157700, 0.5703523379946782200, 0.6425457530977477500, 0.7222875053440187500, 0.8079211226827121000, 0.9004695379850155000, 1.000000000000000000 ),
 .UNSPECIFIED. ) ;
#1701 = AXIS2_PLACEMENT_3D ( 'NONE', #3408, #667, #3845 ) ;
#1702 = DIRECTION ( 'NONE',  ( -1.000000000000000000, 0.0000000000000000000, 0.0000000000000000000 ) ) ;
#1703 = CARTESIAN_POINT ( 'NONE',  ( -4.333588469740023500, 0.2000000000000000100, 1.299999999999999800 ) ) ;
#1704 = LINE ( 'NONE', #3409, #1408 ) ;
#1705 = CARTESIAN_POINT ( 'NONE',  ( -3.633588469740023800, 1.952080447824565000, 1.840000000000000100 ) ) ;
#1706 = CARTESIAN_POINT ( 'NONE',  ( -5.898059818321144100E-017, 0.7800000000000000300, 0.6800000000000000500 ) ) ;
#1707 = DIRECTION ( 'NONE',  ( 1.355252715606880800E-016, -1.000000000000000000, 0.0000000000000000000 ) ) ;
#1708 = ORIENTED_EDGE ( 'NONE', *, *, #4361, .F. ) ;
#1709 = CARTESIAN_POINT ( 'NONE',  ( -1.773588469740023300, 1.157512886940357700, -1.360000000000001200 ) ) ;
#1710 = CARTESIAN_POINT ( 'NONE',  ( -0.1086953068308881000, 1.400000000000000400, 1.631657564563290500 ) ) ;
#1711 = CARTESIAN_POINT ( 'NONE',  ( -1.626303258728256700E-016, 1.399999999999999900, 1.940000000000000200 ) ) ;
#1712 = ORIENTED_EDGE ( 'NONE', *, *, #1628, .F. ) ;
#1713 = CARTESIAN_POINT ( 'NONE',  ( -3.433588469740023600, 0.2000000000000000100, 1.299999999999999600 ) ) ;
#1714 = ADVANCED_FACE ( 'NONE', ( #315 ), #4209, .F. ) ;
#1715 = CARTESIAN_POINT ( 'NONE',  ( -4.333588469740023500, 0.1499999999999999700, -1.939999999999999500 ) ) ;
#1716 = ORIENTED_EDGE ( 'NONE', *, *, #351, .T. ) ;
#1717 = CARTESIAN_POINT ( 'NONE',  ( -3.633588469740023800, 0.0000000000000000000, -1.540000000000000000 ) ) ;
#1718 = FACE_OUTER_BOUND ( 'NONE', #5413, .T. ) ;
#1719 = ORIENTED_EDGE ( 'NONE', *, *, #1935, .F. ) ;
#1720 = ORIENTED_EDGE ( 'NONE', *, *, #145, .F. ) ;
#1721 = DIRECTION ( 'NONE',  ( 1.000000000000000000, 0.0000000000000000000, 0.0000000000000000000 ) ) ;
#1722 = LINE ( 'NONE', #5497, #3933 ) ;
#1723 = CARTESIAN_POINT ( 'NONE',  ( -1.249016032893674600, 1.080311161705326700, -1.372440402490386200 ) ) ;
#1724 = FACE_OUTER_BOUND ( 'NONE', #3677, .T. ) ;
#1725 = CARTESIAN_POINT ( 'NONE',  ( -3.433588469740024100, 1.053589838486225200, -1.800000000000000700 ) ) ;
#1726 = EDGE_CURVE ( 'NONE', #3081, #913, #166, .T. ) ;
#1727 = CARTESIAN_POINT ( 'NONE',  ( -4.173588469740022500, 0.1499999999999999700, 1.939999999999999500 ) ) ;
#1728 = EDGE_CURVE ( 'NONE', #5608, #2021, #1437, .T. ) ;
#1729 = DIRECTION ( 'NONE',  ( 0.0000000000000000000, -1.000000000000000000, -3.252606517456515700E-015 ) ) ;
#1730 = ORIENTED_EDGE ( 'NONE', *, *, #270, .F. ) ;
#1731 = ORIENTED_EDGE ( 'NONE', *, *, #5338, .F. ) ;
#1732 = CARTESIAN_POINT ( 'NONE',  ( -0.07953067990648415900, 1.390000000000000600, 1.683205539918705600 ) ) ;
#1733 = VECTOR ( 'NONE', #1209, 1000.000000000000000 ) ;
#1734 = PLANE ( 'NONE',  #4589 ) ;
#1735 = CARTESIAN_POINT ( 'NONE',  ( -0.1600000000000004200, 0.9499999999999999600, 1.940000000000000200 ) ) ;
#1736 = VERTEX_POINT ( 'NONE', #2289 ) ;
#1737 = EDGE_LOOP ( 'NONE', ( #759, #2111, #4989, #966, #4689, #5687, #4673, #1852, #1340, #2077, #1601, #4283, #1569, #397, #1967, #3005 ) ) ;
#1738 = VECTOR ( 'NONE', #5164, 1000.000000000000000 ) ;
#1739 = CARTESIAN_POINT ( 'NONE',  ( -3.433588469740024100, -0.0000000000000000000, -1.600000000000001000 ) ) ;
#1740 = ORIENTED_EDGE ( 'NONE', *, *, #2024, .F. ) ;
#1741 = VERTEX_POINT ( 'NONE', #945 ) ;
#1742 = CARTESIAN_POINT ( 'NONE',  ( 3.252606517456513300E-016, 1.053589838486223900, 0.5000000000000003300 ) ) ;
#1743 = FACE_OUTER_BOUND ( 'NONE', #1053, .T. ) ;
#1744 = ORIENTED_EDGE ( 'NONE', *, *, #4235, .T. ) ;
#1745 = DIRECTION ( 'NONE',  ( -1.000000000000000000, -1.301042606982613200E-014, 0.0000000000000000000 ) ) ;
#1746 = VECTOR ( 'NONE', #125, 1000.000000000000000 ) ;
#1747 = ORIENTED_EDGE ( 'NONE', *, *, #1193, .T. ) ;
#1748 = ORIENTED_EDGE ( 'NONE', *, *, #1914, .T. ) ;
#1749 = CARTESIAN_POINT ( 'NONE',  ( -4.033588469740023700, -0.0000000000000000000, -1.800000000000001200 ) ) ;
#1750 = EDGE_CURVE ( 'NONE', #5423, #5622, #3659, .T. ) ;
#1751 = ADVANCED_FACE ( 'NONE', ( #2488 ), #2775, .T. ) ;
#1752 = ORIENTED_EDGE ( 'NONE', *, *, #3440, .T. ) ;
#1753 = EDGE_CURVE ( 'NONE', #4090, #1688, #2360, .T. ) ;
#1754 = DIRECTION ( 'NONE',  ( -0.4472135954999579300, -0.7745966692414814100, -0.4472135954999613100 ) ) ;
#1755 = FACE_OUTER_BOUND ( 'NONE', #386, .T. ) ;
#1756 = VECTOR ( 'NONE', #4906, 1000.000000000000000 ) ;
#1757 = CARTESIAN_POINT ( 'NONE',  ( -0.4000000000000003600, -0.05000000000000000300, 0.5000000000000000000 ) ) ;
#1758 = CARTESIAN_POINT ( 'NONE',  ( -1.626303258728256700E-016, 1.389999999999999900, 1.940000000000000200 ) ) ;
#1759 = AXIS2_PLACEMENT_3D ( 'NONE', #5204, #3404, #663 ) ;
#1760 = CARTESIAN_POINT ( 'NONE',  ( -3.433588469740024100, 0.0000000000000000000, -1.800000000000000700 ) ) ;
#1761 = CARTESIAN_POINT ( 'NONE',  ( -1.833588469740023300, 0.7299999999999999800, 0.4999999999999998900 ) ) ;
#1762 = VECTOR ( 'NONE', #1975, 1000.000000000000000 ) ;
#1763 = EDGE_LOOP ( 'NONE', ( #3584, #583, #2480, #1011 ) ) ;
#1764 = VERTEX_POINT ( 'NONE', #2810 ) ;
#1765 = ORIENTED_EDGE ( 'NONE', *, *, #4678, .F. ) ;
#1766 = CONICAL_SURFACE ( 'NONE', #1579, 0.02999999999999986000, 0.7853981633974479500 ) ;
#1767 = ORIENTED_EDGE ( 'NONE', *, *, #3265, .F. ) ;
#1768 = EDGE_CURVE ( 'NONE', #4758, #4695, #1130, .T. ) ;
#1769 = ORIENTED_EDGE ( 'NONE', *, *, #3496, .F. ) ;
#1770 = EDGE_CURVE ( 'NONE', #2, #2676, #5818, .T. ) ;
#1771 = DIRECTION ( 'NONE',  ( 0.0000000000000000000, -1.000000000000000000, -0.0000000000000000000 ) ) ;
#1772 = ORIENTED_EDGE ( 'NONE', *, *, #5446, .T. ) ;
#1773 = CARTESIAN_POINT ( 'NONE',  ( -0.05000000000000037100, -0.05000000000000000300, 0.5000000000000000000 ) ) ;
#1774 = CARTESIAN_POINT ( 'NONE',  ( -3.633588469740025600, -0.1919999999999988100, -0.2560000000000018400 ) ) ;
#1775 = CARTESIAN_POINT ( 'NONE',  ( -4.283588469740023700, 1.149999999999999700, 1.565000000000000200 ) ) ;
#1776 = CARTESIAN_POINT ( 'NONE',  ( -0.1592553573655436100, 1.390000000000000300, 1.788274705895909900 ) ) ;
#1777 = PLANE ( 'NONE',  #1398 ) ;
#1778 = DIRECTION ( 'NONE',  ( -1.000000000000000000, -0.0000000000000000000, -9.227252531791543900E-016 ) ) ;
#1779 = CARTESIAN_POINT ( 'NONE',  ( -3.433588469740024100, 0.2000000000000000100, -1.600000000000001000 ) ) ;
#1780 = LINE ( 'NONE', #3422, #501 ) ;
#1781 = ADVANCED_FACE ( 'NONE', ( #3387 ), #3253, .T. ) ;
#1782 = AXIS2_PLACEMENT_3D ( 'NONE', #1378, #5435, #2733 ) ;
#1783 = VECTOR ( 'NONE', #5099, 1000.000000000000000 ) ;
#1784 = EDGE_CURVE ( 'NONE', #164, #366, #968, .T. ) ;
#1785 = CARTESIAN_POINT ( 'NONE',  ( -3.633588469740023800, 0.0000000000000000000, -1.450000000000000200 ) ) ;
#1786 = CARTESIAN_POINT ( 'NONE',  ( -0.09153230173120338600, 1.399999999999999900, 1.749939877224013300 ) ) ;
#1787 = DIRECTION ( 'NONE',  ( -0.0000000000000000000, -0.0000000000000000000, 1.000000000000000000 ) ) ;
#1788 = CARTESIAN_POINT ( 'NONE',  ( -0.07840095965502143200, 1.400000000000000800, 1.710369127753218500 ) ) ;
#1789 = ORIENTED_EDGE ( 'NONE', *, *, #1307, .T. ) ;
#1790 = CARTESIAN_POINT ( 'NONE',  ( -4.173588469740011900, 1.399999999999999900, 0.4999999999999724700 ) ) ;
#1791 = LINE ( 'NONE', #5173, #3856 ) ;
#1792 = DIRECTION ( 'NONE',  ( 0.0000000000000000000, 1.000000000000000000, 0.0000000000000000000 ) ) ;
#1793 = CARTESIAN_POINT ( 'NONE',  ( -0.1511462272231659000, 1.389999999999999900, 1.788061075273685900 ) ) ;
#1794 = DIRECTION ( 'NONE',  ( 0.0000000000000000000, -1.000000000000000000, 0.0000000000000000000 ) ) ;
#1795 = ORIENTED_EDGE ( 'NONE', *, *, #3459, .T. ) ;
#1796 = CARTESIAN_POINT ( 'NONE',  ( -0.8335884697400228700, 0.2000000000000000100, 1.599999999999999200 ) ) ;
#1797 = VERTEX_POINT ( 'NONE', #4943 ) ;
#1798 = LINE ( 'NONE', #5713, #2821 ) ;
#1799 = FACE_OUTER_BOUND ( 'NONE', #5027, .T. ) ;
#1800 = CARTESIAN_POINT ( 'NONE',  ( -0.09170125565835789100, 1.389999999999999500, 1.651214670381042900 ) ) ;
#1801 = FACE_OUTER_BOUND ( 'NONE', #2761, .T. ) ;
#1802 = FACE_OUTER_BOUND ( 'NONE', #2891, .T. ) ;
#1803 = VERTEX_POINT ( 'NONE', #3280 ) ;
#1804 = CARTESIAN_POINT ( 'NONE',  ( -3.633588469740027400, -8.384496800554570300E-015, 1.449999999999987300 ) ) ;
#1805 = ORIENTED_EDGE ( 'NONE', *, *, #3865, .F. ) ;
#1806 = CARTESIAN_POINT ( 'NONE',  ( -0.5235884697400231500, 1.389999999999999900, -1.317500000000001200 ) ) ;
#1807 = CARTESIAN_POINT ( 'NONE',  ( -0.07816561377579997500, 1.399999999999999900, 1.701495859742063500 ) ) ;
#1808 = VECTOR ( 'NONE', #5521, 1000.000000000000000 ) ;
#1809 = ADVANCED_FACE ( 'NONE', ( #24 ), #2422, .T. ) ;
#1810 = DIRECTION ( 'NONE',  ( -9.056783560160114900E-016, 0.0000000000000000000, 1.000000000000000000 ) ) ;
#1811 = ORIENTED_EDGE ( 'NONE', *, *, #4363, .T. ) ;
#1812 = ORIENTED_EDGE ( 'NONE', *, *, #4332, .F. ) ;
#1813 = CARTESIAN_POINT ( 'NONE',  ( -0.07955324368345186000, 1.389999999999999700, 1.718977586445143300 ) ) ;
#1814 = LINE ( 'NONE', #810, #535 ) ;
#1815 = CARTESIAN_POINT ( 'NONE',  ( -1.833588469740023300, 0.7599999999999999000, -0.6999999999999998400 ) ) ;
#1816 = LINE ( 'NONE', #799, #4027 ) ;
#1817 = EDGE_LOOP ( 'NONE', ( #5191, #3779, #5381, #4057 ) ) ;
#1818 = CARTESIAN_POINT ( 'NONE',  ( -0.2995598445450307600, 1.390000000000000100, 1.743242654613858400 ) ) ;
#1819 = CARTESIAN_POINT ( 'NONE',  ( -0.1404571079767629200, 1.400000000000000100, 1.614418485207394200 ) ) ;
#1820 = AXIS2_PLACEMENT_3D ( 'NONE', #1380, #2737, #5902 ) ;
#1821 = LINE ( 'NONE', #4242, #401 ) ;
#1822 = LINE ( 'NONE', #1502, #403 ) ;
#1823 = ORIENTED_EDGE ( 'NONE', *, *, #4452, .T. ) ;
#1824 = ORIENTED_EDGE ( 'NONE', *, *, #3159, .F. ) ;
#1825 = DIRECTION ( 'NONE',  ( -1.000000000000000000, -0.0000000000000000000, -9.227252531791543900E-016 ) ) ;
#1826 = VECTOR ( 'NONE', #2051, 1000.000000000000100 ) ;
#1827 = DIRECTION ( 'NONE',  ( -0.0000000000000000000, -0.0000000000000000000, -1.000000000000000000 ) ) ;
#1828 = ORIENTED_EDGE ( 'NONE', *, *, #1874, .T. ) ;
#1829 = EDGE_CURVE ( 'NONE', #1434, #3022, #4459, .T. ) ;
#1830 = CARTESIAN_POINT ( 'NONE',  ( -0.1973755979411797300, 1.400000000000000100, 1.780453317085704900 ) ) ;
#1831 = CARTESIAN_POINT ( 'NONE',  ( -0.05000000000000016200, -0.0000000000000000000, -0.5000000000000000000 ) ) ;
#1832 = LINE ( 'NONE', #855, #416 ) ;
#1833 = ORIENTED_EDGE ( 'NONE', *, *, #159, .T. ) ;
#1834 = CARTESIAN_POINT ( 'NONE',  ( -1.833588469740022700, 0.0000000000000000000, 1.799999999999999200 ) ) ;
#1835 = CARTESIAN_POINT ( 'NONE',  ( -0.8335884697400231000, -0.0000000000000000000, -0.2999999999999999900 ) ) ;
#1836 = CARTESIAN_POINT ( 'NONE',  ( -0.1560502291604153900, 1.390000000000000100, 1.824172141793345400 ) ) ;
#1837 = ORIENTED_EDGE ( 'NONE', *, *, #892, .T. ) ;
#1838 = LINE ( 'NONE', #2588, #4333 ) ;
#1839 = ADVANCED_FACE ( 'NONE', ( #2079 ), #907, .F. ) ;
#1840 = VERTEX_POINT ( 'NONE', #3672 ) ;
#1841 = EDGE_CURVE ( 'NONE', #3480, #695, #3116, .T. ) ;
#1842 = EDGE_CURVE ( 'NONE', #2109, #2162, #1939, .T. ) ;
#1843 = PLANE ( 'NONE',  #2523 ) ;
#1844 = DIRECTION ( 'NONE',  ( 0.0000000000000000000, 0.0000000000000000000, 1.000000000000000000 ) ) ;
#1845 = CARTESIAN_POINT ( 'NONE',  ( -0.09646066305838473000, 1.399999999999999700, 1.756750869805159700 ) ) ;
#1846 = CARTESIAN_POINT ( 'NONE',  ( -0.07840095965502143200, 1.390000000000000300, 1.710369127753218500 ) ) ;
#1847 = CARTESIAN_POINT ( 'NONE',  ( -0.03713997275015895600, 1.399999999999999900, 1.703338808460012300 ) ) ;
#1848 = CARTESIAN_POINT ( 'NONE',  ( -3.433588469740024100, 1.053589838486225200, -1.600000000000001000 ) ) ;
#1849 = VECTOR ( 'NONE', #1810, 1000.000000000000000 ) ;
#1850 = DIRECTION ( 'NONE',  ( -0.0000000000000000000, -0.0000000000000000000, 1.000000000000000000 ) ) ;
#1851 = CARTESIAN_POINT ( 'NONE',  ( 1.084202172485504400E-016, 1.053589838486225200, -0.6999999999999999600 ) ) ;
#1852 = ORIENTED_EDGE ( 'NONE', *, *, #691, .F. ) ;
#1853 = VERTEX_POINT ( 'NONE', #820 ) ;
#1854 = EDGE_CURVE ( 'NONE', #164, #3333, #2974, .T. ) ;
#1855 = DIRECTION ( 'NONE',  ( -1.000000000000000000, 0.0000000000000000000, 0.0000000000000000000 ) ) ;
#1856 = ORIENTED_EDGE ( 'NONE', *, *, #267, .T. ) ;
#1857 = EDGE_CURVE ( 'NONE', #3937, #4561, #4161, .T. ) ;
#1858 = PLANE ( 'NONE',  #3196 ) ;
#1859 = LINE ( 'NONE', #1869, #2888 ) ;
#1860 = ADVANCED_FACE ( 'NONE', ( #528 ), #4535, .F. ) ;
#1861 = DIRECTION ( 'NONE',  ( 1.000000000000000000, 0.0000000000000000000, 0.0000000000000000000 ) ) ;
#1862 = EDGE_LOOP ( 'NONE', ( #3807, #2514, #4150, #1347 ) ) ;
#1863 = ORIENTED_EDGE ( 'NONE', *, *, #3310, .F. ) ;
#1864 = VECTOR ( 'NONE', #5024, 1000.000000000000000 ) ;
#1865 = DIRECTION ( 'NONE',  ( 0.0000000000000000000, -0.0000000000000000000, 1.000000000000000000 ) ) ;
#1866 = LINE ( 'NONE', #5679, #4222 ) ;
#1867 = DIRECTION ( 'NONE',  ( 1.000000000000000000, 0.0000000000000000000, 0.0000000000000000000 ) ) ;
#1868 = EDGE_LOOP ( 'NONE', ( #60, #3450, #4777, #4357 ) ) ;
#1869 = CARTESIAN_POINT ( 'NONE',  ( -3.633588469740023800, 0.9999999999999995600, -1.840000000000000100 ) ) ;
#1870 = ORIENTED_EDGE ( 'NONE', *, *, #1544, .F. ) ;
#1871 = DIRECTION ( 'NONE',  ( -1.000000000000000000, 0.0000000000000000000, 0.0000000000000000000 ) ) ;
#1872 = VECTOR ( 'NONE', #2995, 1000.000000000000000 ) ;
#1873 = CARTESIAN_POINT ( 'NONE',  ( -0.5500000000000001600, 0.05000000000000000300, 1.939999999999999500 ) ) ;
#1874 = EDGE_CURVE ( 'NONE', #5250, #4869, #5382, .T. ) ;
#1875 = EDGE_CURVE ( 'NONE', #3605, #1853, #4019, .T. ) ;
#1876 = EDGE_LOOP ( 'NONE', ( #2677, #1712, #3172, #4997, #5724, #5584, #3133, #1074, #735, #5827, #3740, #1904, #4158, #1341, #3062, #3588, #56, #3355, #262, #5114, #1531, #999, #3506, #4088, #4278 ) ) ;
#1877 = LINE ( 'NONE', #2452, #607 ) ;
#1878 = CARTESIAN_POINT ( 'NONE',  ( -0.8335884697400231000, 1.399999999999999900, -0.5000000000000000000 ) ) ;
#1879 = DIRECTION ( 'NONE',  ( -1.000000000000000000, 0.0000000000000000000, 2.161062960310394100E-016 ) ) ;
#1880 = ORIENTED_EDGE ( 'NONE', *, *, #773, .T. ) ;
#1881 = EDGE_LOOP ( 'NONE', ( #1452, #1129, #3145, #5147 ) ) ;
#1882 = CYLINDRICAL_SURFACE ( 'NONE', #4186, 0.04999999999999969700 ) ;
#1883 = VECTOR ( 'NONE', #558, 1000.000000000000000 ) ;
#1884 = ORIENTED_EDGE ( 'NONE', *, *, #910, .T. ) ;
#1885 = DIRECTION ( 'NONE',  ( 0.7071067811865474600, 0.0000000000000000000, -0.7071067811865474600 ) ) ;
#1886 = CARTESIAN_POINT ( 'NONE',  ( -0.2274750435515795800, 1.400000000000000100, 1.802791483190197000 ) ) ;
#1887 = ORIENTED_EDGE ( 'NONE', *, *, #3336, .F. ) ;
#1888 = CARTESIAN_POINT ( 'NONE',  ( -1.833588469740022400, 1.053589838486225200, 1.799999999999999200 ) ) ;
#1889 = FACE_OUTER_BOUND ( 'NONE', #4543, .T. ) ;
#1890 = ORIENTED_EDGE ( 'NONE', *, *, #3833, .T. ) ;
#1891 = CARTESIAN_POINT ( 'NONE',  ( -1.863588469740023100, 0.2000000000000000100, 0.6999999999999998400 ) ) ;
#1892 = AXIS2_PLACEMENT_3D ( 'NONE', #1084, #1563, #4707 ) ;
#1893 = VERTEX_POINT ( 'NONE', #1571 ) ;
#1894 = EDGE_CURVE ( 'NONE', #432, #4995, #3873, .T. ) ;
#1895 = LINE ( 'NONE', #1959, #5334 ) ;
#1896 = VERTEX_POINT ( 'NONE', #1715 ) ;
#1897 = ORIENTED_EDGE ( 'NONE', *, *, #3035, .T. ) ;
#1898 = ADVANCED_FACE ( 'NONE', ( #1500 ), #3796, .T. ) ;
#1899 = DIRECTION ( 'NONE',  ( -0.0000000000000000000, 1.000000000000000000, -0.0000000000000000000 ) ) ;
#1900 = VERTEX_POINT ( 'NONE', #5188 ) ;
#1901 = LINE ( 'NONE', #2494, #5193 ) ;
#1902 = ORIENTED_EDGE ( 'NONE', *, *, #1854, .T. ) ;
#1903 = DIRECTION ( 'NONE',  ( 1.355252715606880800E-016, -1.000000000000000000, 0.0000000000000000000 ) ) ;
#1904 = ORIENTED_EDGE ( 'NONE', *, *, #5895, .T. ) ;
#1905 = DIRECTION ( 'NONE',  ( 1.000000000000000000, 0.0000000000000000000, 0.0000000000000000000 ) ) ;
#1906 =( NAMED_UNIT ( * ) PLANE_ANGLE_UNIT ( ) SI_UNIT ( $, .RADIAN. ) );
#1907 = APPROVAL ( #5512, 'UNSPECIFIED' ) ;
#1908 = DIRECTION ( 'NONE',  ( -1.000000000000000000, -0.0000000000000000000, -9.227252531791543900E-016 ) ) ;
#1909 = CARTESIAN_POINT ( 'NONE',  ( -0.05081658485013145600, 1.400000000000000400, 1.762872838031803900 ) ) ;
#1910 = VERTEX_POINT ( 'NONE', #92 ) ;
#1911 = CARTESIAN_POINT ( 'NONE',  ( -0.08138499261573928200, 1.390000000000000100, 1.798692120111319500 ) ) ;
#1912 = DIRECTION ( 'NONE',  ( -0.0000000000000000000, -0.0000000000000000000, -1.000000000000000000 ) ) ;
#1913 = VECTOR ( 'NONE', #2316, 1000.000000000000100 ) ;
#1914 = EDGE_CURVE ( 'NONE', #5239, #598, #1660, .T. ) ;
#1915 = CARTESIAN_POINT ( 'NONE',  ( -4.333588469740023500, 1.149999999999999900, -1.565000000000000200 ) ) ;
#1916 = UNCERTAINTY_MEASURE_WITH_UNIT (LENGTH_MEASURE( 1.000000000000000100E-005 ), #4583, 'distance_accuracy_value', 'NONE');
#1917 = LINE ( 'NONE', #1980, #4138 ) ;
#1918 = PLANE ( 'NONE',  #3843 ) ;
#1919 = APPROVAL_ROLE ( '' ) ;
#1920 = ADVANCED_FACE ( 'NONE', ( #235 ), #2268, .T. ) ;
#1921 = DIRECTION ( 'NONE',  ( 0.0000000000000000000, 0.0000000000000000000, 1.000000000000000000 ) ) ;
#1922 = CARTESIAN_POINT ( 'NONE',  ( -0.5335884697400231600, 1.399999999999999900, 0.3000000000000000400 ) ) ;
#1923 = VERTEX_POINT ( 'NONE', #196 ) ;
#1924 = VERTEX_POINT ( 'NONE', #1681 ) ;
#1925 = LINE ( 'NONE', #1557, #2950 ) ;
#1926 = CARTESIAN_POINT ( 'NONE',  ( -3.808588469740024500, 1.703108891324553800, -1.300000000000000900 ) ) ;
#1927 = EDGE_LOOP ( 'NONE', ( #4370, #837, #1932, #3797 ) ) ;
#1928 = VERTEX_POINT ( 'NONE', #1739 ) ;
#1929 = VECTOR ( 'NONE', #220, 1000.000000000000000 ) ;
#1930 = VECTOR ( 'NONE', #2688, 1000.000000000000000 ) ;
#1931 = EDGE_CURVE ( 'NONE', #3236, #1236, #5094, .T. ) ;
#1932 = ORIENTED_EDGE ( 'NONE', *, *, #4794, .T. ) ;
#1933 = CARTESIAN_POINT ( 'NONE',  ( -0.1427209619669872800, 1.389999999999999900, 1.575735792691687300 ) ) ;
#1934 = ORIENTED_EDGE ( 'NONE', *, *, #3158, .F. ) ;
#1935 = EDGE_CURVE ( 'NONE', #4484, #5689, #2559, .T. ) ;
#1936 = VECTOR ( 'NONE', #4850, 1000.000000000000000 ) ;
#1937 = VECTOR ( 'NONE', #5078, 1000.000000000000000 ) ;
#1938 = VERTEX_POINT ( 'NONE', #2156 ) ;
#1939 = LINE ( 'NONE', #459, #4297 ) ;
#1940 = CARTESIAN_POINT ( 'NONE',  ( -3.633588469740023800, 1.200000000000000000, -1.840000000000000100 ) ) ;
#1941 = PLANE ( 'NONE',  #1536 ) ;
#1942 = CARTESIAN_POINT ( 'NONE',  ( -3.433588469740024100, 0.1999999999999998700, 1.599999999999999000 ) ) ;
#1943 = PLANE ( 'NONE',  #2036 ) ;
#1944 = FACE_OUTER_BOUND ( 'NONE', #563, .T. ) ;
#1945 = EDGE_CURVE ( 'NONE', #2887, #3314, #3716, .T. ) ;
#1946 = EDGE_CURVE ( 'NONE', #3381, #3251, #2835, .T. ) ;
#1947 = VECTOR ( 'NONE', #2611, 1000.000000000000000 ) ;
#1948 = ORIENTED_EDGE ( 'NONE', *, *, #72, .F. ) ;
#1949 = EDGE_CURVE ( 'NONE', #1254, #1910, #1363, .T. ) ;
#1950 = ADVANCED_FACE ( 'NONE', ( #2299 ), #2323, .T. ) ;
#1951 = VECTOR ( 'NONE', #3474, 1000.000000000000000 ) ;
#1952 = CARTESIAN_POINT ( 'NONE',  ( -0.03743236215948216000, 1.390000000000000100, 1.690090880246441800 ) ) ;
#1953 = VECTOR ( 'NONE', #4127, 1000.000000000000000 ) ;
#1954 = ORIENTED_EDGE ( 'NONE', *, *, #1086, .F. ) ;
#1955 = VERTEX_POINT ( 'NONE', #5304 ) ;
#1956 = DIRECTION ( 'NONE',  ( 0.7071067811865483500, 0.0000000000000000000, 0.7071067811865468000 ) ) ;
#1957 = VERTEX_POINT ( 'NONE', #3901 ) ;
#1958 = LINE ( 'NONE', #156, #5543 ) ;
#1959 = CARTESIAN_POINT ( 'NONE',  ( -4.333588469740023500, 1.399999999999999900, -1.939999999999999500 ) ) ;
#1960 = ORIENTED_EDGE ( 'NONE', *, *, #4872, .F. ) ;
#1961 = CARTESIAN_POINT ( 'NONE',  ( -0.5000000000000000000, 1.399999999999999900, 1.940000000000000200 ) ) ;
#1962 = CARTESIAN_POINT ( 'NONE',  ( -0.3500000000000000300, 0.1500000000000000200, 0.8500000000000003100 ) ) ;
#1963 = ORIENTED_EDGE ( 'NONE', *, *, #5363, .F. ) ;
#1964 = CARTESIAN_POINT ( 'NONE',  ( -3.433588469740024100, 1.053589838486225200, 1.599999999999999000 ) ) ;
#1965 = VECTOR ( 'NONE', #5805, 1000.000000000000000 ) ;
#1966 = DIRECTION ( 'NONE',  ( 0.0000000000000000000, 0.0000000000000000000, -1.000000000000000000 ) ) ;
#1967 = ORIENTED_EDGE ( 'NONE', *, *, #747, .F. ) ;
#1968 = EDGE_CURVE ( 'NONE', #806, #5019, #5740, .T. ) ;
#1969 = VERTEX_POINT ( 'NONE', #4087 ) ;
#1970 = DIRECTION ( 'NONE',  ( -0.0000000000000000000, 1.000000000000000000, -0.0000000000000000000 ) ) ;
#1971 = EDGE_CURVE ( 'NONE', #4307, #628, #4533, .T. ) ;
#1972 = FACE_OUTER_BOUND ( 'NONE', #1868, .T. ) ;
#1973 = DIRECTION ( 'NONE',  ( -1.000000000000000000, 0.0000000000000000000, -9.227252531791543900E-016 ) ) ;
#1974 = CARTESIAN_POINT ( 'NONE',  ( -0.07824505431470418800, 1.400000000000000100, 1.704491013916759700 ) ) ;
#1975 = DIRECTION ( 'NONE',  ( -3.614007241618351500E-015, -0.0000000000000000000, -1.000000000000000000 ) ) ;
#1976 = ADVANCED_FACE ( 'NONE', ( #3458 ), #5591, .T. ) ;
#1977 = DIRECTION ( 'NONE',  ( 1.000000000000000000, 0.0000000000000000000, 9.227252531791543900E-016 ) ) ;
#1978 = DIRECTION ( 'NONE',  ( 5.434070136096066600E-016, 0.8000000000000001600, -0.5999999999999997600 ) ) ;
#1979 = EDGE_CURVE ( 'NONE', #885, #3544, #1202, .T. ) ;
#1980 = CARTESIAN_POINT ( 'NONE',  ( -3.633588469740025600, 0.9999999999999995600, -3.278929603698681100E-015 ) ) ;
#1981 = CARTESIAN_POINT ( 'NONE',  ( -0.5235884697400230400, 1.399999999999999900, -1.317500000000001000 ) ) ;
#1982 = VECTOR ( 'NONE', #1052, 1000.000000000000000 ) ;
#1983 = DIRECTION ( 'NONE',  ( 0.0000000000000000000, 0.0000000000000000000, -1.000000000000000000 ) ) ;
#1984 = DIRECTION ( 'NONE',  ( -1.000000000000000000, 0.0000000000000000000, 0.0000000000000000000 ) ) ;
#1985 = ORIENTED_EDGE ( 'NONE', *, *, #123, .F. ) ;
#1986 = DIRECTION ( 'NONE',  ( -0.0000000000000000000, -1.000000000000000000, -0.0000000000000000000 ) ) ;
#1987 = ORIENTED_EDGE ( 'NONE', *, *, #2187, .T. ) ;
#1988 = DIRECTION ( 'NONE',  ( -0.0000000000000000000, -1.000000000000000000, -0.0000000000000000000 ) ) ;
#1989 = DIRECTION ( 'NONE',  ( 9.227252531791543900E-016, 0.0000000000000000000, -1.000000000000000000 ) ) ;
#1990 = ORIENTED_EDGE ( 'NONE', *, *, #1115, .F. ) ;
#1991 = LINE ( 'NONE', #51, #3111 ) ;
#1992 = VECTOR ( 'NONE', #4987, 1000.000000000000000 ) ;
#1993 = AXIS2_PLACEMENT_3D ( 'NONE', #1668, #4799, #2120 ) ;
#1994 = ADVANCED_FACE ( 'NONE', ( #4374 ), #4338, .T. ) ;
#1995 = PLANE ( 'NONE',  #3915 ) ;
#1996 = ORIENTED_EDGE ( 'NONE', *, *, #2474, .T. ) ;
#1997 = CARTESIAN_POINT ( 'NONE',  ( -0.3335884697400230400, 1.399999999999999900, 0.5000000000000016700 ) ) ;
#1998 = ORIENTED_EDGE ( 'NONE', *, *, #346, .T. ) ;
#1999 = PLANE ( 'NONE',  #1501 ) ;
#2000 = VECTOR ( 'NONE', #2305, 1000.000000000000000 ) ;
#2001 = CARTESIAN_POINT ( 'NONE',  ( -0.5235884697400231500, 1.389999999999999900, -1.317500000000001200 ) ) ;
#2002 = LINE ( 'NONE', #4285, #3034 ) ;
#2003 = CARTESIAN_POINT ( 'NONE',  ( -0.8335884697400231000, 0.1999999999999998700, -0.2999999999999999900 ) ) ;
#2004 = EDGE_LOOP ( 'NONE', ( #4036, #1253, #5905, #5093 ) ) ;
#2005 = VECTOR ( 'NONE', #5630, 1000.000000000000000 ) ;
#2006 = AXIS2_PLACEMENT_3D ( 'NONE', #3220, #269, #2135 ) ;
#2007 = DIRECTION ( 'NONE',  ( 0.0000000000000000000, -1.000000000000000000, 0.0000000000000000000 ) ) ;
#2008 = DIRECTION ( 'NONE',  ( 9.056783560160114900E-016, 1.334402673828316000E-015, -1.000000000000000000 ) ) ;
#2009 = CARTESIAN_POINT ( 'NONE',  ( -4.333588469740023500, 1.399999999999999900, -1.300000000000000700 ) ) ;
#2010 = ORIENTED_EDGE ( 'NONE', *, *, #5869, .T. ) ;
#2011 = ORIENTED_EDGE ( 'NONE', *, *, #2754, .T. ) ;
#2012 = DIRECTION ( 'NONE',  ( -1.000000000000000000, -0.0000000000000000000, 1.668003342285389800E-016 ) ) ;
#2013 = LINE ( 'NONE', #2469, #4094 ) ;
#2014 = EDGE_LOOP ( 'NONE', ( #3521, #4401, #3643, #2158 ) ) ;
#2015 = CARTESIAN_POINT ( 'NONE',  ( -4.033588469740023700, -0.05000000000000000300, 1.799999999999999600 ) ) ;
#2016 = CARTESIAN_POINT ( 'NONE',  ( -0.5335884697400231600, 1.053589838486225200, -0.2999999999999999300 ) ) ;
#2017 = PLANE ( 'NONE',  #5919 ) ;
#2018 = LINE ( 'NONE', #5534, #755 ) ;
#2019 = LINE ( 'NONE', #4686, #3055 ) ;
#2020 = ORIENTED_EDGE ( 'NONE', *, *, #72, .T. ) ;
#2021 = VERTEX_POINT ( 'NONE', #5130 ) ;
#2022 = LOCAL_TIME ( 9, 59, 41.00000000000000000, #3201 ) ;
#2023 = DIRECTION ( 'NONE',  ( 0.0000000000000000000, -1.000000000000000000, -0.0000000000000000000 ) ) ;
#2024 = EDGE_CURVE ( 'NONE', #5745, #3605, #895, .T. ) ;
#2025 = DIRECTION ( 'NONE',  ( 1.000000000000000000, 0.0000000000000000000, 0.0000000000000000000 ) ) ;
#2026 = PLANE ( 'NONE',  #3900 ) ;
#2027 = EDGE_CURVE ( 'NONE', #4598, #3348, #2160, .T. ) ;
#2028 = VECTOR ( 'NONE', #5311, 1000.000000000000000 ) ;
#2029 = ORIENTED_EDGE ( 'NONE', *, *, #3053, .F. ) ;
#2030 = ORIENTED_EDGE ( 'NONE', *, *, #4614, .T. ) ;
#2031 = CARTESIAN_POINT ( 'NONE',  ( -4.033588469740023700, -0.0000000000000000000, -1.800000000000001200 ) ) ;
#2032 = VERTEX_POINT ( 'NONE', #5664 ) ;
#2033 = CARTESIAN_POINT ( 'NONE',  ( -4.333588469740023500, 0.9999999999999995600, -1.840000000000000100 ) ) ;
#2034 = LINE ( 'NONE', #5553, #485 ) ;
#2035 = ORIENTED_EDGE ( 'NONE', *, *, #3336, .T. ) ;
#2036 = AXIS2_PLACEMENT_3D ( 'NONE', #5540, #2828, #68 ) ;
#2037 = ORIENTED_EDGE ( 'NONE', *, *, #4874, .F. ) ;
#2038 = CARTESIAN_POINT ( 'NONE',  ( -4.333588469740023500, 1.199999999999999700, -1.865000000000000900 ) ) ;
#2039 = VECTOR ( 'NONE', #1983, 1000.000000000000000 ) ;
#2040 = ORIENTED_EDGE ( 'NONE', *, *, #1343, .F. ) ;
#2041 = DIRECTION ( 'NONE',  ( -1.000000000000000000, -0.0000000000000000000, -9.227252531791543900E-016 ) ) ;
#2042 = ORIENTED_EDGE ( 'NONE', *, *, #3965, .F. ) ;
#2043 = DIRECTION ( 'NONE',  ( 0.0000000000000000000, 0.0000000000000000000, -1.000000000000000000 ) ) ;
#2044 = EDGE_CURVE ( 'NONE', #271, #546, #3188, .T. ) ;
#2045 = CARTESIAN_POINT ( 'NONE',  ( -0.2358714669709788500, 1.389999999999999500, 1.797181482322351500 ) ) ;
#2046 = CARTESIAN_POINT ( 'NONE',  ( -0.05806271574537642100, 1.389999999999999900, 1.631119507440900400 ) ) ;
#2047 = EDGE_CURVE ( 'NONE', #1764, #5659, #5451, .T. ) ;
#2048 = CARTESIAN_POINT ( 'NONE',  ( -0.8335884697400229900, 0.7599999999999999000, 0.6999999999999999600 ) ) ;
#2049 = CARTESIAN_POINT ( 'NONE',  ( -0.5235884697400231500, 1.389999999999999900, -0.8825000000000011700 ) ) ;
#2050 = LINE ( 'NONE', #2509, #4271 ) ;
#2051 = DIRECTION ( 'NONE',  ( -5.434070136096073500E-016, 0.7999999999999994900, 0.6000000000000006400 ) ) ;
#2052 = DIRECTION ( 'NONE',  ( -9.227252531791541900E-016, -8.673617379884144300E-015, 1.000000000000000000 ) ) ;
#2053 = EDGE_CURVE ( 'NONE', #1210, #537, #4226, .T. ) ;
#2054 = FACE_OUTER_BOUND ( 'NONE', #5384, .T. ) ;
#2055 = PLANE ( 'NONE',  #108 ) ;
#2056 = EDGE_CURVE ( 'NONE', #5622, #2109, #5308, .T. ) ;
#2057 = CARTESIAN_POINT ( 'NONE',  ( -0.8335884697400232100, 1.053589838486225200, -1.600000000000001400 ) ) ;
#2058 = CARTESIAN_POINT ( 'NONE',  ( -0.05696487498249134400, 1.399999999999999500, 1.772864043123957100 ) ) ;
#2059 = ORIENTED_EDGE ( 'NONE', *, *, #5365, .F. ) ;
#2060 = ORIENTED_EDGE ( 'NONE', *, *, #2604, .F. ) ;
#2061 = CARTESIAN_POINT ( 'NONE',  ( -0.03713997275015895600, 1.399999999999999900, 1.703338808460012300 ) ) ;
#2062 = LINE ( 'NONE', #3743, #5505 ) ;
#2063 = VERTEX_POINT ( 'NONE', #2049 ) ;
#2064 = AXIS2_PLACEMENT_3D ( 'NONE', #2595, #4220, #4316 ) ;
#2065 = ADVANCED_FACE ( 'NONE', ( #457 ), #2066, .T. ) ;
#2066 = PLANE ( 'NONE',  #2946 ) ;
#2067 = ORIENTED_EDGE ( 'NONE', *, *, #3746, .T. ) ;
#2068 = VECTOR ( 'NONE', #5133, 1000.000000000000000 ) ;
#2069 = DIRECTION ( 'NONE',  ( 0.0000000000000000000, 0.0000000000000000000, 1.000000000000000000 ) ) ;
#2070 = VECTOR ( 'NONE', #2226, 1000.000000000000000 ) ;
#2071 = ORIENTED_EDGE ( 'NONE', *, *, #3118, .T. ) ;
#2072 = ORIENTED_EDGE ( 'NONE', *, *, #3569, .T. ) ;
#2073 = DIRECTION ( 'NONE',  ( 0.0000000000000000000, -1.000000000000000000, 0.0000000000000000000 ) ) ;
#2074 = LINE ( 'NONE', #2177, #1936 ) ;
#2075 = CARTESIAN_POINT ( 'NONE',  ( -0.8335884697400231000, 0.2000000000000000100, 0.6999999999999999600 ) ) ;
#2076 = ORIENTED_EDGE ( 'NONE', *, *, #482, .F. ) ;
#2077 = ORIENTED_EDGE ( 'NONE', *, *, #2952, .F. ) ;
#2078 = EDGE_CURVE ( 'NONE', #1174, #4022, #5162, .T. ) ;
#2079 = FACE_OUTER_BOUND ( 'NONE', #2470, .T. ) ;
#2080 = DIRECTION ( 'NONE',  ( -0.0000000000000000000, 1.000000000000000000, -0.0000000000000000000 ) ) ;
#2081 = DIRECTION ( 'NONE',  ( -1.000000000000000000, 0.0000000000000000000, 0.0000000000000000000 ) ) ;
#2082 = CARTESIAN_POINT ( 'NONE',  ( -0.1110244658624456200, 1.389999999999999900, 1.816052474225466500 ) ) ;
#2083 = EDGE_LOOP ( 'NONE', ( #3785, #1678, #827, #5738 ) ) ;
#2084 = LINE ( 'NONE', #898, #4303 ) ;
#2085 = LINE ( 'NONE', #3974, #5389 ) ;
#2086 = EDGE_LOOP ( 'NONE', ( #2317, #4041, #519, #4839 ) ) ;
#2087 = VERTEX_POINT ( 'NONE', #2970 ) ;
#2088 = CARTESIAN_POINT ( 'NONE',  ( -4.283588469740023700, 1.149999999999999700, -3.278929603698681100E-015 ) ) ;
#2089 = LINE ( 'NONE', #2597, #685 ) ;
#2090 = CARTESIAN_POINT ( 'NONE',  ( -1.277522452562040800, 1.129685728912818200, 1.343933982822017400 ) ) ;
#2091 = VECTOR ( 'NONE', #2782, 1000.000000000000000 ) ;
#2092 = ORIENTED_EDGE ( 'NONE', *, *, #591, .F. ) ;
#2093 = VECTOR ( 'NONE', #2748, 1000.000000000000000 ) ;
#2094 = B_SPLINE_CURVE_WITH_KNOTS ( 'NONE', 3,
 ( #2973, #2585, #2504, #3712, #3050, #2159, #3285, #3297, #3346, #3761, #3821, #4296, #4318, #4410, #4646 ),
 .UNSPECIFIED., .F., .F.,
 ( 4, 1, 1, 1, 1, 1, 1, 1, 1, 1, 1, 1, 4 ),
 ( 0.0000000000000000000, 0.1107941734871624300, 0.2128129326077747300, 0.3060779098917661400, 0.3906174580602145300, 0.4672327266979069400, 0.5344506183816978300, 0.5938668014988506300, 0.6448329686326040900, 0.7362206188001783100, 0.8250374016667816300, 0.9119923130965327300, 1.000000000000000000 ),
 .UNSPECIFIED. ) ;
#2095 = CARTESIAN_POINT ( 'NONE',  ( -0.08741351865578224400, 1.399999999999999700, 1.742734208755814200 ) ) ;
#2096 = DIRECTION ( 'NONE',  ( -0.0000000000000000000, -0.0000000000000000000, 1.000000000000000000 ) ) ;
#2097 = ADVANCED_FACE ( 'NONE', ( #3938 ), #1657, .F. ) ;
#2098 = CARTESIAN_POINT ( 'NONE',  ( -0.4000000000000001300, -0.05000000000000000300, -0.5000000000000002200 ) ) ;
#2099 = CARTESIAN_POINT ( 'NONE',  ( -0.07824505431470418800, 1.389999999999999700, 1.704491013916759700 ) ) ;
#2100 = ORIENTED_EDGE ( 'NONE', *, *, #5580, .F. ) ;
#2101 = DIRECTION ( 'NONE',  ( 1.668003342285389600E-016, 0.0000000000000000000, 1.000000000000000000 ) ) ;
#2102 = DIRECTION ( 'NONE',  ( 0.0000000000000000000, 0.0000000000000000000, 1.000000000000000000 ) ) ;
#2103 = LINE ( 'NONE', #4244, #3271 ) ;
#2104 = ORIENTED_EDGE ( 'NONE', *, *, #3426, .T. ) ;
#2105 = CARTESIAN_POINT ( 'NONE',  ( -1.233588469740022800, 1.399999999999999900, 1.299999999999999600 ) ) ;
#2106 = EDGE_LOOP ( 'NONE', ( #5807, #2596, #1593, #5167 ) ) ;
#2107 = AXIS2_PLACEMENT_3D ( 'NONE', #131, #1551, #1632 ) ;
#2108 = DIRECTION ( 'NONE',  ( -0.0000000000000000000, -1.000000000000000000, -0.0000000000000000000 ) ) ;
#2109 = VERTEX_POINT ( 'NONE', #4383 ) ;
#2110 = LINE ( 'NONE', #1757, #52 ) ;
#2111 = ORIENTED_EDGE ( 'NONE', *, *, #5254, .F. ) ;
#2112 = ORIENTED_EDGE ( 'NONE', *, *, #2739, .T. ) ;
#2113 = DIRECTION ( 'NONE',  ( 0.0000000000000000000, 1.000000000000000000, -0.0000000000000000000 ) ) ;
#2114 = ORIENTED_EDGE ( 'NONE', *, *, #2975, .T. ) ;
#2115 = DIRECTION ( 'NONE',  ( 0.7071067811865474600, 0.0000000000000000000, -0.7071067811865474600 ) ) ;
#2116 = LINE ( 'NONE', #692, #849 ) ;
#2117 = ORIENTED_EDGE ( 'NONE', *, *, #2725, .T. ) ;
#2118 = CARTESIAN_POINT ( 'NONE',  ( -4.173588469740022500, 1.199999999999997100, 1.939999999999999500 ) ) ;
#2119 = DIRECTION ( 'NONE',  ( -9.227252531791539900E-016, 0.0000000000000000000, 1.000000000000000000 ) ) ;
#2120 = DIRECTION ( 'NONE',  ( 0.0000000000000000000, 0.0000000000000000000, 1.000000000000000000 ) ) ;
#2121 = CARTESIAN_POINT ( 'NONE',  ( -0.8335884697400231000, 0.7800000000000000300, -0.5200000000000000200 ) ) ;
#2122 = DIRECTION ( 'NONE',  ( 1.000000000000000000, 0.0000000000000000000, -8.673617379884035500E-017 ) ) ;
#2123 = AXIS2_PLACEMENT_3D ( 'NONE', #3288, #3383, #3483 ) ;
#2124 = VECTOR ( 'NONE', #215, 1000.000000000000100 ) ;
#2125 = DIRECTION ( 'NONE',  ( 9.227252531791539900E-016, 0.0000000000000000000, 1.000000000000000000 ) ) ;
#2126 = B_SPLINE_SURFACE_WITH_KNOTS ( 'NONE', 3, 1, ( 
 ( #350, #412 ),
 ( #586, #608 ),
 ( #616, #627 ),
 ( #635, #694 ),
 ( #712, #751 ),
 ( #778, #896 ),
 ( #918, #935 ),
 ( #953, #974 ),
 ( #1003, #1043 ),
 ( #1068, #1078 ),
 ( #1173, #1196 ),
 ( #1247, #1312 ),
 ( #1353, #1374 ),
 ( #1432, #1483 ),
 ( #1534, #1594 ),
 ( #1603, #1642 ),
 ( #1788, #1846 ),
 ( #1974, #2099 ),
 ( #2140, #2191 ) ),
 .UNSPECIFIED., .F., .F., .F.,
 ( 4, 1, 1, 1, 1, 1, 1, 1, 1, 1, 1, 1, 1, 1, 1, 1, 4 ),
 ( 2, 2 ),
 ( 0.0000000000000000000, 0.06196903919174876600, 0.1221290764323361800, 0.1809991241916588400, 0.2401624165448506500, 0.2998647227478911100, 0.3599512670925816800, 0.4217417893803274100, 0.4865456790123973100, 0.5515084714935625200, 0.6149949372340041100, 0.6772396658274378900, 0.7397146797414256800, 0.8030385380943935200, 0.8664872928331481800, 0.9319694797733317800, 1.000000000000000000 ),
 ( 0.0000000000000000000, 1.000000000000000000 ),
 .UNSPECIFIED. ) ;
#2127 = FACE_OUTER_BOUND ( 'NONE', #917, .T. ) ;
#2128 = ADVANCED_FACE ( 'NONE', ( #310 ), #293, .T. ) ;
#2129 = AXIS2_PLACEMENT_3D ( 'NONE', #5560, #87, #3291 ) ;
#2130 = DIRECTION ( 'NONE',  ( 0.0000000000000000000, -1.000000000000000000, 0.0000000000000000000 ) ) ;
#2131 = CARTESIAN_POINT ( 'NONE',  ( -4.333588469740023500, 0.0000000000000000000, -1.000000000000000700 ) ) ;
#2132 = ORIENTED_EDGE ( 'NONE', *, *, #594, .T. ) ;
#2133 = ORIENTED_EDGE ( 'NONE', *, *, #5098, .T. ) ;
#2134 = DIRECTION ( 'NONE',  ( -1.445602896647341500E-015, 0.0000000000000000000, 1.000000000000000000 ) ) ;
#2135 = DIRECTION ( 'NONE',  ( 0.0000000000000000000, 0.0000000000000000000, 1.000000000000000000 ) ) ;
#2136 = DIRECTION ( 'NONE',  ( 0.0000000000000000000, -1.000000000000000000, 0.0000000000000000000 ) ) ;
#2137 = EDGE_CURVE ( 'NONE', #128, #5568, #2764, .T. ) ;
#2138 = ORIENTED_EDGE ( 'NONE', *, *, #3426, .F. ) ;
#2139 = EDGE_CURVE ( 'NONE', #4724, #2745, #3794, .T. ) ;
#2140 = CARTESIAN_POINT ( 'NONE',  ( -0.07816561377579997500, 1.400000000000000100, 1.701495859742063500 ) ) ;
#2141 = ORIENTED_EDGE ( 'NONE', *, *, #17, .T. ) ;
#2142 = CARTESIAN_POINT ( 'NONE',  ( -1.633588469740022300, 1.399999999999999900, 1.799999999999999200 ) ) ;
#2143 = VERTEX_POINT ( 'NONE', #3392 ) ;
#2144 = CIRCLE ( 'NONE', #451, 0.1599999999999999800 ) ;
#2145 = CARTESIAN_POINT ( 'NONE',  ( -0.4473963830065692500, 1.399999999999999900, 1.557505475126679000 ) ) ;
#2146 = VECTOR ( 'NONE', #4964, 1000.000000000000000 ) ;
#2147 = CARTESIAN_POINT ( 'NONE',  ( -3.733588469740024300, 0.0000000000000000000, 1.799999999999999600 ) ) ;
#2148 = DIRECTION ( 'NONE',  ( -1.668003342285389600E-016, 0.0000000000000000000, -1.000000000000000000 ) ) ;
#2149 = PLANE ( 'NONE',  #5132 ) ;
#2150 = EDGE_LOOP ( 'NONE', ( #1440, #4406, #1314, #4945 ) ) ;
#2151 = ORIENTED_EDGE ( 'NONE', *, *, #280, .F. ) ;
#2152 = DIRECTION ( 'NONE',  ( 0.0000000000000000000, 0.7071067811865474600, -0.7071067811865474600 ) ) ;
#2153 = VECTOR ( 'NONE', #3185, 1000.000000000000000 ) ;
#2154 = VECTOR ( 'NONE', #4270, 1000.000000000000000 ) ;
#2155 = AXIS2_PLACEMENT_3D ( 'NONE', #1009, #4172, #1489 ) ;
#2156 = CARTESIAN_POINT ( 'NONE',  ( -1.626303258728256700E-016, 0.9499999999999999600, 1.940000000000000200 ) ) ;
#2157 = VERTEX_POINT ( 'NONE', #192 ) ;
#2158 = ORIENTED_EDGE ( 'NONE', *, *, #3424, .F. ) ;
#2159 = CARTESIAN_POINT ( 'NONE',  ( -0.2395479292345282800, 1.390000000000000300, 1.751354838621555800 ) ) ;
#2160 = LINE ( 'NONE', #5108, #2005 ) ;
#2161 = DIRECTION ( 'NONE',  ( 0.0000000000000000000, -1.000000000000000000, 0.0000000000000000000 ) ) ;
#2162 = VERTEX_POINT ( 'NONE', #1145 ) ;
#2163 = CARTESIAN_POINT ( 'NONE',  ( -4.333588469740025300, 1.199999999999998200, 1.299999999999994700 ) ) ;
#2164 = VECTOR ( 'NONE', #5291, 1000.000000000000000 ) ;
#2165 = VERTEX_POINT ( 'NONE', #3837 ) ;
#2166 = EDGE_CURVE ( 'NONE', #2745, #375, #157, .T. ) ;
#2167 = CARTESIAN_POINT ( 'NONE',  ( -3.433588469740024100, 1.053589838486225200, -1.300000000000000900 ) ) ;
#2168 = ADVANCED_FACE ( 'NONE', ( #5028 ), #2520, .T. ) ;
#2169 = VERTEX_POINT ( 'NONE', #207 ) ;
#2170 = CARTESIAN_POINT ( 'NONE',  ( -3.433588469740023600, 1.053589838486225200, 1.599999999999999000 ) ) ;
#2171 = EDGE_CURVE ( 'NONE', #5082, #1691, #1431, .T. ) ;
#2172 = EDGE_LOOP ( 'NONE', ( #5803, #5361, #3380, #2685, #1367, #3679, #3970 ) ) ;
#2173 = CARTESIAN_POINT ( 'NONE',  ( -1.277522452562040800, 1.129685728912818200, 1.343933982822017400 ) ) ;
#2174 = CARTESIAN_POINT ( 'NONE',  ( -0.1233544819881953100, 1.400000000000000600, 1.621636292013739900 ) ) ;
#2175 = VECTOR ( 'NONE', #5283, 1000.000000000000000 ) ;
#2176 = CARTESIAN_POINT ( 'NONE',  ( -0.5000000000000000000, 0.1499999999999999900, 0.8500000000000003100 ) ) ;
#2177 = CARTESIAN_POINT ( 'NONE',  ( -3.683588469740026300, 0.1499999999999999900, 2.100000000000000100 ) ) ;
#2178 = VECTOR ( 'NONE', #4640, 1000.000000000000000 ) ;
#2179 = ORIENTED_EDGE ( 'NONE', *, *, #3354, .T. ) ;
#2180 = ORIENTED_EDGE ( 'NONE', *, *, #5338, .T. ) ;
#2181 = CALENDAR_DATE ( 2017, 3, 4 ) ;
#2182 = ORIENTED_EDGE ( 'NONE', *, *, #1365, .T. ) ;
#2183 = CARTESIAN_POINT ( 'NONE',  ( -0.5235884697400231500, 1.389999999999999900, -0.8825000000000011700 ) ) ;
#2184 = LINE ( 'NONE', #4836, #5612 ) ;
#2185 = ORIENTED_EDGE ( 'NONE', *, *, #5174, .T. ) ;
#2186 = EDGE_CURVE ( 'NONE', #298, #2419, #2621, .T. ) ;
#2187 = EDGE_CURVE ( 'NONE', #1614, #598, #1578, .T. ) ;
#2188 = LINE ( 'NONE', #3230, #4560 ) ;
#2189 = DIRECTION ( 'NONE',  ( -1.000000000000000000, 0.0000000000000000000, 0.0000000000000000000 ) ) ;
#2190 = ORIENTED_EDGE ( 'NONE', *, *, #594, .F. ) ;
#2191 = CARTESIAN_POINT ( 'NONE',  ( -0.07816561377579997500, 1.389999999999999700, 1.701495859742063500 ) ) ;
#2192 = B_SPLINE_CURVE_WITH_KNOTS ( 'NONE', 3,
 ( #3745, #3685, #3331, #3786, #3804, #3831, #3847, #3869, #3908, #3924, #3969, #3988, #4032, #4056, #4079, #4100, #4135, #4175, #4207 ),
 .UNSPECIFIED., .F., .F.,
 ( 4, 1, 1, 1, 1, 1, 1, 1, 1, 1, 1, 1, 1, 1, 1, 1, 4 ),
 ( 0.0000000000000000000, 0.06879851674524019300, 0.1351184559300879800, 0.1990010113675045600, 0.2619337007769909100, 0.3235312844431781400, 0.3854347205665484300, 0.4472155159851221600, 0.5100181032833267500, 0.5725109099917945500, 0.6333640222588508000, 0.6932167277430219000, 0.7525553881310319500, 0.8125582265741705400, 0.8732608589653621000, 0.9355427078252674900, 1.000000000000000000 ),
 .UNSPECIFIED. ) ;
#2193 = CARTESIAN_POINT ( 'NONE',  ( -0.08146607111171071100, 1.389999999999999000, 1.674600734091715100 ) ) ;
#2194 = CARTESIAN_POINT ( 'NONE',  ( -3.733588469740024300, 0.0000000000000000000, 1.599999999999999400 ) ) ;
#2195 = LINE ( 'NONE', #578, #3487 ) ;
#2196 = DIRECTION ( 'NONE',  ( -1.000000000000000000, -1.807003620809174600E-016, 0.0000000000000000000 ) ) ;
#2197 = DIRECTION ( 'NONE',  ( -0.0000000000000000000, -0.0000000000000000000, -1.000000000000000000 ) ) ;
#2198 = AXIS2_PLACEMENT_3D ( 'NONE', #550, #4193, #3695 ) ;
#2199 = EDGE_LOOP ( 'NONE', ( #2999, #2851, #2570, #189 ) ) ;
#2200 = DIRECTION ( 'NONE',  ( 0.0000000000000000000, 0.0000000000000000000, 1.000000000000000000 ) ) ;
#2201 = ORIENTED_EDGE ( 'NONE', *, *, #5174, .F. ) ;
#2202 = ADVANCED_FACE ( 'NONE', ( #21 ), #3875, .T. ) ;
#2203 = DIRECTION ( 'NONE',  ( 0.0000000000000000000, -1.000000000000000000, 0.0000000000000000000 ) ) ;
#2204 = ORIENTED_EDGE ( 'NONE', *, *, #2222, .F. ) ;
#2205 = CARTESIAN_POINT ( 'NONE',  ( -0.3500000000000001400, 0.9499999999999999600, -0.8500000000000003100 ) ) ;
#2206 = EDGE_CURVE ( 'NONE', #5341, #509, #2354, .T. ) ;
#2207 = VECTOR ( 'NONE', #2239, 1000.000000000000000 ) ;
#2208 = DIRECTION ( 'NONE',  ( 0.0000000000000000000, 0.0000000000000000000, -1.000000000000000000 ) ) ;
#2209 = VECTOR ( 'NONE', #830, 1000.000000000000000 ) ;
#2210 = CARTESIAN_POINT ( 'NONE',  ( -4.033588469740023700, -0.05000000000000000300, 1.799999999999999600 ) ) ;
#2211 = DIRECTION ( 'NONE',  ( 0.0000000000000000000, 1.000000000000000000, 0.0000000000000000000 ) ) ;
#2212 = CC_DESIGN_APPROVAL ( #1907, ( #1595 ) ) ;
#2213 = VERTEX_POINT ( 'NONE', #5237 ) ;
#2214 = VECTOR ( 'NONE', #4194, 1000.000000000000200 ) ;
#2215 = ORIENTED_EDGE ( 'NONE', *, *, #4213, .F. ) ;
#2216 = CARTESIAN_POINT ( 'NONE',  ( -1.883588469740023100, 0.7800000000000000300, -0.4999999999999998900 ) ) ;
#2217 = LINE ( 'NONE', #1050, #4446 ) ;
#2218 = CARTESIAN_POINT ( 'NONE',  ( -3.433588469740023600, 0.2000000000000000100, 1.299999999999999600 ) ) ;
#2219 = VECTOR ( 'NONE', #3971, 1000.000000000000100 ) ;
#2220 = CARTESIAN_POINT ( 'NONE',  ( -0.5500000000000000400, 0.0000000000000000000, -0.8500000000000003100 ) ) ;
#2221 = ADVANCED_FACE ( 'NONE', ( #1279 ), #5261, .T. ) ;
#2222 = EDGE_CURVE ( 'NONE', #972, #3251, #3382, .T. ) ;
#2223 = VERTEX_POINT ( 'NONE', #3897 ) ;
#2224 = ORIENTED_EDGE ( 'NONE', *, *, #2291, .T. ) ;
#2225 = AXIS2_PLACEMENT_3D ( 'NONE', #4005, #5836, #4431 ) ;
#2226 = DIRECTION ( 'NONE',  ( 1.000000000000000000, 0.0000000000000000000, 0.0000000000000000000 ) ) ;
#2227 = VECTOR ( 'NONE', #2152, 1000.000000000000100 ) ;
#2228 = DIRECTION ( 'NONE',  ( 1.000000000000000000, 0.0000000000000000000, 0.0000000000000000000 ) ) ;
#2229 = CARTESIAN_POINT ( 'NONE',  ( -1.626303258728256700E-016, 0.9499999999999999600, 0.8500000000000003100 ) ) ;
#2230 = CARTESIAN_POINT ( 'NONE',  ( -1.883588469740023100, 0.2000000000000000100, -0.6799999999999998300 ) ) ;
#2231 = ORIENTED_EDGE ( 'NONE', *, *, #3052, .F. ) ;
#2232 = VECTOR ( 'NONE', #5558, 1000.000000000000000 ) ;
#2233 = ORIENTED_EDGE ( 'NONE', *, *, #3227, .T. ) ;
#2234 = FACE_OUTER_BOUND ( 'NONE', #1737, .T. ) ;
#2235 = DIRECTION ( 'NONE',  ( 0.0000000000000000000, 1.845450506358316300E-015, -1.000000000000000000 ) ) ;
#2236 = LINE ( 'NONE', #734, #5826 ) ;
#2237 = VERTEX_POINT ( 'NONE', #717 ) ;
#2238 = DIRECTION ( 'NONE',  ( -0.0000000000000000000, -1.000000000000000000, -0.0000000000000000000 ) ) ;
#2239 = DIRECTION ( 'NONE',  ( 9.056783560160114900E-016, 0.0000000000000000000, -1.000000000000000000 ) ) ;
#2240 = EDGE_CURVE ( 'NONE', #3281, #1254, #5813, .T. ) ;
#2241 = DIRECTION ( 'NONE',  ( -0.0000000000000000000, -0.0000000000000000000, 1.000000000000000000 ) ) ;
#2242 = LINE ( 'NONE', #2033, #4474 ) ;
#2243 = EDGE_CURVE ( 'NONE', #2503, #2555, #964, .T. ) ;
#2244 = CARTESIAN_POINT ( 'NONE',  ( -3.633588469740023800, 1.099999999999999900, -1.450000000000000200 ) ) ;
#2245 = FACE_OUTER_BOUND ( 'NONE', #1227, .T. ) ;
#2246 = ORIENTED_EDGE ( 'NONE', *, *, #808, .F. ) ;
#2247 = VECTOR ( 'NONE', #2734, 1000.000000000000000 ) ;
#2248 = CARTESIAN_POINT ( 'NONE',  ( -0.1356315501128991200, 1.389999999999999900, 1.784914216996998300 ) ) ;
#2249 = DIRECTION ( 'NONE',  ( -1.000000000000000000, -0.0000000000000000000, -0.0000000000000000000 ) ) ;
#2250 = CARTESIAN_POINT ( 'NONE',  ( -0.8335884697400232100, 1.399999999999999900, -0.6999999999999999600 ) ) ;
#2251 = DIRECTION ( 'NONE',  ( -1.000000000000000000, 0.0000000000000000000, 0.0000000000000000000 ) ) ;
#2252 = VECTOR ( 'NONE', #2455, 1000.000000000000000 ) ;
#2253 = CARTESIAN_POINT ( 'NONE',  ( -0.09667739225646888900, 1.390000000000000100, 1.644247936370059900 ) ) ;
#2254 = CARTESIAN_POINT ( 'NONE',  ( -4.333588469740023500, 0.0000000000000000000, -1.865000000000000900 ) ) ;
#2255 = ADVANCED_FACE ( 'NONE', ( #4451 ), #736, .F. ) ;
#2256 = ORIENTED_EDGE ( 'NONE', *, *, #5258, .T. ) ;
#2257 = LINE ( 'NONE', #2576, #1002 ) ;
#2258 = ORIENTED_EDGE ( 'NONE', *, *, #3141, .F. ) ;
#2259 = EDGE_CURVE ( 'NONE', #513, #3680, #1125, .T. ) ;
#2260 = ORIENTED_EDGE ( 'NONE', *, *, #2626, .T. ) ;
#2261 = EDGE_CURVE ( 'NONE', #1565, #4586, #812, .T. ) ;
#2262 = DIRECTION ( 'NONE',  ( 5.237005019550221500E-030, -1.000000000000000000, -5.782411586589396700E-015 ) ) ;
#2263 = ORIENTED_EDGE ( 'NONE', *, *, #1425, .T. ) ;
#2264 = EDGE_CURVE ( 'NONE', #217, #5646, #2074, .T. ) ;
#2265 = CIRCLE ( 'NONE', #1383, 0.05000000000000002400 ) ;
#2266 = CARTESIAN_POINT ( 'NONE',  ( -1.863588469740023100, 0.7299999999999999800, 0.6999999999999998400 ) ) ;
#2267 = CARTESIAN_POINT ( 'NONE',  ( -0.07824505431470418800, 1.389999999999999900, 1.704491013916759700 ) ) ;
#2268 = B_SPLINE_SURFACE_WITH_KNOTS ( 'NONE', 3, 1, ( 
 ( #130, #2583 ),
 ( #231, #256 ),
 ( #278, #294 ),
 ( #318, #464 ),
 ( #566, #585 ),
 ( #603, #681 ),
 ( #719, #739 ),
 ( #764, #788 ),
 ( #933, #1040 ),
 ( #1064, #1092 ),
 ( #1127, #1150 ),
 ( #1165, #1183 ),
 ( #1252, #1277 ),
 ( #1426, #5266 ),
 ( #1530, #1550 ) ),
 .UNSPECIFIED., .F., .F., .F.,
 ( 4, 1, 1, 1, 1, 1, 1, 1, 1, 1, 1, 1, 4 ),
 ( 2, 2 ),
 ( 0.0000000000000000000, 0.1107941734871624300, 0.2128129326077747300, 0.3060779098917661400, 0.3906174580602145300, 0.4672327266979069400, 0.5344506183816978300, 0.5938668014988506300, 0.6448329686326040900, 0.7362206188001783100, 0.8250374016667816300, 0.9119923130965327300, 1.000000000000000000 ),
 ( 0.0000000000000000000, 1.000000000000000000 ),
 .UNSPECIFIED. ) ;
#2269 = AXIS2_PLACEMENT_3D ( 'NONE', #2210, #5348, #2635 ) ;
#2270 = VECTOR ( 'NONE', #4325, 1000.000000000000100 ) ;
#2271 = CARTESIAN_POINT ( 'NONE',  ( -0.1498885135527905900, 1.399999999999999900, 1.611744067743366800 ) ) ;
#2272 = DIRECTION ( 'NONE',  ( -0.0000000000000000000, -1.000000000000000000, -0.0000000000000000000 ) ) ;
#2273 = EDGE_CURVE ( 'NONE', #2401, #1938, #3110, .T. ) ;
#2274 = LINE ( 'NONE', #5340, #1022 ) ;
#2275 = EDGE_CURVE ( 'NONE', #599, #960, #5518, .T. ) ;
#2276 = CARTESIAN_POINT ( 'NONE',  ( -0.8335884697400228700, 1.053589838486225200, 1.599999999999999200 ) ) ;
#2277 = CARTESIAN_POINT ( 'NONE',  ( -0.07452431429085881700, 1.400000000000000400, 1.611525023633701800 ) ) ;
#2278 = ADVANCED_FACE ( 'NONE', ( #1801 ), #757, .F. ) ;
#2279 = ORIENTED_EDGE ( 'NONE', *, *, #5893, .T. ) ;
#2280 = CARTESIAN_POINT ( 'NONE',  ( -0.1722238736379884400, 1.399999999999999700, 1.787774399165798200 ) ) ;
#2281 = CARTESIAN_POINT ( 'NONE',  ( -1.084202172485504400E-016, 1.399999999999999900, -1.940000000000000200 ) ) ;
#2282 = ORIENTED_EDGE ( 'NONE', *, *, #791, .F. ) ;
#2283 = CARTESIAN_POINT ( 'NONE',  ( -0.8335884697400229900, 0.7799999999999999200, 0.6800000000000000500 ) ) ;
#2284 = DIRECTION ( 'NONE',  ( -0.0000000000000000000, -0.0000000000000000000, -1.000000000000000000 ) ) ;
#2285 = EDGE_LOOP ( 'NONE', ( #1954, #3420, #3097, #844 ) ) ;
#2286 = FACE_OUTER_BOUND ( 'NONE', #5609, .T. ) ;
#2287 = FACE_OUTER_BOUND ( 'NONE', #841, .T. ) ;
#2288 = DIRECTION ( 'NONE',  ( -1.000000000000000000, -0.0000000000000000000, -9.227252531791543900E-016 ) ) ;
#2289 = CARTESIAN_POINT ( 'NONE',  ( -0.1560502291604153900, 1.399999999999999900, 1.824172141793345400 ) ) ;
#2290 = ORIENTED_EDGE ( 'NONE', *, *, #3459, .F. ) ;
#2291 = EDGE_CURVE ( 'NONE', #323, #2419, #2968, .T. ) ;
#2292 = ORIENTED_EDGE ( 'NONE', *, *, #2259, .T. ) ;
#2293 = FACE_OUTER_BOUND ( 'NONE', #3194, .T. ) ;
#2294 = FACE_OUTER_BOUND ( 'NONE', #988, .T. ) ;
#2295 = ORIENTED_EDGE ( 'NONE', *, *, #5065, .F. ) ;
#2296 = PLANE ( 'NONE',  #3125 ) ;
#2297 = ORIENTED_EDGE ( 'NONE', *, *, #3829, .T. ) ;
#2298 = PLANE ( 'NONE',  #2875 ) ;
#2299 = FACE_OUTER_BOUND ( 'NONE', #3324, .T. ) ;
#2300 = AXIS2_PLACEMENT_3D ( 'NONE', #869, #2785, #4167 ) ;
#2301 = ORIENTED_EDGE ( 'NONE', *, *, #5815, .F. ) ;
#2302 = ORIENTED_EDGE ( 'NONE', *, *, #1287, .F. ) ;
#2303 = CARTESIAN_POINT ( 'NONE',  ( -4.333588469740023500, 0.0000000000000000000, -1.850000000000000300 ) ) ;
#2304 = FACE_OUTER_BOUND ( 'NONE', #1679, .T. ) ;
#2305 = DIRECTION ( 'NONE',  ( 9.056783560160114900E-016, 2.891205793294679800E-015, -1.000000000000000000 ) ) ;
#2306 = CARTESIAN_POINT ( 'NONE',  ( -4.333588469740026200, 0.1499999999999999900, -1.850000000000000300 ) ) ;
#2307 = VERTEX_POINT ( 'NONE', #5324 ) ;
#2308 = VERTEX_POINT ( 'NONE', #1760 ) ;
#2309 = PLANE ( 'NONE',  #134 ) ;
#2310 = ADVANCED_FACE ( 'NONE', ( #522 ), #4886, .F. ) ;
#2311 = LINE ( 'NONE', #2183, #2175 ) ;
#2312 = LINE ( 'NONE', #5171, #2178 ) ;
#2313 = VERTEX_POINT ( 'NONE', #3087 ) ;
#2314 = PERSON_AND_ORGANIZATION ( #1621, #4038 ) ;
#2315 = LINE ( 'NONE', #5752, #5765 ) ;
#2316 = DIRECTION ( 'NONE',  ( -0.4472135954999588700, -0.7745966692414824100, -0.4472135954999585900 ) ) ;
#2317 = ORIENTED_EDGE ( 'NONE', *, *, #2240, .T. ) ;
#2318 = VERTEX_POINT ( 'NONE', #1271 ) ;
#2319 = LINE ( 'NONE', #4567, #1081 ) ;
#2320 = DIRECTION ( 'NONE',  ( -0.0000000000000000000, -1.000000000000000000, -0.0000000000000000000 ) ) ;
#2321 = DIRECTION ( 'NONE',  ( 1.355252715606880800E-016, -1.000000000000000000, 0.0000000000000000000 ) ) ;
#2322 = ORIENTED_EDGE ( 'NONE', *, *, #3339, .T. ) ;
#2323 = B_SPLINE_SURFACE_WITH_KNOTS ( 'NONE', 3, 1, ( 
 ( #2484, #2618 ),
 ( #2877, #2892 ),
 ( #2912, #2933 ),
 ( #2947, #3011 ),
 ( #3026, #3048 ),
 ( #3209, #3318 ),
 ( #4868, #4730 ),
 ( #4293, #3344 ),
 ( #3360, #3396 ),
 ( #3435, #3473 ),
 ( #3505, #3641 ),
 ( #5643, #4830 ),
 ( #3731, #3759 ),
 ( #3777, #3819 ),
 ( #5925, #2502 ) ),
 .UNSPECIFIED., .F., .F., .F.,
 ( 4, 1, 1, 1, 1, 1, 1, 1, 1, 1, 1, 1, 4 ),
 ( 2, 2 ),
 ( 0.0000000000000000000, 0.09870219630615242900, 0.1956723088106641900, 0.2924224265079540300, 0.3913425437998248600, 0.4444624406718922800, 0.5042287754493157700, 0.5703523379946782200, 0.6425457530977477500, 0.7222875053440187500, 0.8079211226827121000, 0.9004695379850155000, 1.000000000000000000 ),
 ( 0.0000000000000000000, 1.000000000000000000 ),
 .UNSPECIFIED. ) ;
#2324 = ORIENTED_EDGE ( 'NONE', *, *, #2644, .T. ) ;
#2325 = AXIS2_PLACEMENT_3D ( 'NONE', #840, #4015, #1334 ) ;
#2326 = PLANE ( 'NONE',  #255 ) ;
#2327 = DIRECTION ( 'NONE',  ( -0.0000000000000000000, -0.0000000000000000000, -1.000000000000000000 ) ) ;
#2328 = CARTESIAN_POINT ( 'NONE',  ( -0.03713997275015895600, 1.389999999999999700, 1.703338808460012300 ) ) ;
#2329 = LINE ( 'NONE', #4661, #927 ) ;
#2330 = DIRECTION ( 'NONE',  ( 1.000000000000000000, 0.0000000000000000000, -9.227252531791541900E-016 ) ) ;
#2331 = EDGE_LOOP ( 'NONE', ( #5081, #4769, #253, #23 ) ) ;
#2332 = CARTESIAN_POINT ( 'NONE',  ( -4.033588469740023700, 0.0000000000000000000, 1.799999999999999600 ) ) ;
#2333 = EDGE_CURVE ( 'NONE', #4295, #657, #664, .T. ) ;
#2334 = EDGE_CURVE ( 'NONE', #4437, #4695, #4012, .T. ) ;
#2335 = CARTESIAN_POINT ( 'NONE',  ( -6.071532165918824800E-017, 0.2000000000000000100, -0.7000000000000000700 ) ) ;
#2336 = CARTESIAN_POINT ( 'NONE',  ( -0.5335884697400231600, 1.053589838486225200, -0.2999999999999999300 ) ) ;
#2337 = CARTESIAN_POINT ( 'NONE',  ( -0.2449120919297671500, 1.399999999999999900, 1.790614075348431000 ) ) ;
#2338 = VECTOR ( 'NONE', #3057, 1000.000000000000000 ) ;
#2339 = ADVANCED_FACE ( 'NONE', ( #3866 ), #4425, .F. ) ;
#2340 = CARTESIAN_POINT ( 'NONE',  ( -3.633588469740027400, 0.0000000000000000000, 1.539999999999993600 ) ) ;
#2341 = DIRECTION ( 'NONE',  ( 0.0000000000000000000, 0.0000000000000000000, 1.000000000000000000 ) ) ;
#2342 = VECTOR ( 'NONE', #411, 1000.000000000000000 ) ;
#2343 = EDGE_CURVE ( 'NONE', #3936, #164, #2689, .T. ) ;
#2344 = CARTESIAN_POINT ( 'NONE',  ( -1.383588469740022700, 1.399999999999999900, 1.449999999999999500 ) ) ;
#2345 = ORIENTED_EDGE ( 'NONE', *, *, #5580, .T. ) ;
#2346 = EDGE_CURVE ( 'NONE', #4314, #128, #1652, .T. ) ;
#2347 = LINE ( 'NONE', #1026, #2214 ) ;
#2348 = ORIENTED_EDGE ( 'NONE', *, *, #3927, .F. ) ;
#2349 = LINE ( 'NONE', #5120, #3787 ) ;
#2350 = DIRECTION ( 'NONE',  ( 1.668003342285389800E-016, -3.252606517456515700E-015, 1.000000000000000000 ) ) ;
#2351 = FACE_OUTER_BOUND ( 'NONE', #4092, .T. ) ;
#2352 = DIRECTION ( 'NONE',  ( 0.0000000000000000000, -0.0000000000000000000, -1.000000000000000000 ) ) ;
#2353 = CARTESIAN_POINT ( 'NONE',  ( -0.06407571285359615900, 1.400000000000000100, 1.782336135785786100 ) ) ;
#2354 = LINE ( 'NONE', #1676, #3518 ) ;
#2355 = CARTESIAN_POINT ( 'NONE',  ( -0.1007812428245586000, 1.390000000000000300, 1.811231025096188500 ) ) ;
#2356 = EDGE_CURVE ( 'NONE', #5833, #2165, #2827, .T. ) ;
#2357 = EDGE_CURVE ( 'NONE', #2362, #5868, #1494, .T. ) ;
#2358 = ORIENTED_EDGE ( 'NONE', *, *, #2532, .T. ) ;
#2359 = EDGE_LOOP ( 'NONE', ( #5583, #5190, #3549, #2976 ) ) ;
#2360 = LINE ( 'NONE', #4472, #3524 ) ;
#2361 = ADVANCED_FACE ( 'NONE', ( #4947 ), #5378, .T. ) ;
#2362 = VERTEX_POINT ( 'NONE', #1320 ) ;
#2363 = FACE_BOUND ( 'NONE', #4048, .T. ) ;
#2364 = AXIS2_PLACEMENT_3D ( 'NONE', #4668, #4791, #5014 ) ;
#2365 = LINE ( 'NONE', #4376, #4468 ) ;
#2366 = ORIENTED_EDGE ( 'NONE', *, *, #3117, .F. ) ;
#2367 = ORIENTED_EDGE ( 'NONE', *, *, #5447, .T. ) ;
#2368 = DATE_TIME_ROLE ( 'creation_date' ) ;
#2369 = LINE ( 'NONE', #2894, #3131 ) ;
#2370 = DIRECTION ( 'NONE',  ( -1.000000000000000000, 0.0000000000000000000, -0.0000000000000000000 ) ) ;
#2371 = VECTOR ( 'NONE', #1855, 1000.000000000000000 ) ;
#2372 = VECTOR ( 'NONE', #2321, 1000.000000000000000 ) ;
#2373 = DIRECTION ( 'NONE',  ( -0.5000000000000010000, 0.8660254037844380400, 1.204669080539452100E-016 ) ) ;
#2374 = AXIS2_PLACEMENT_3D ( 'NONE', #3215, #474, #3647 ) ;
#2375 = CARTESIAN_POINT ( 'NONE',  ( -4.333588469740023500, 1.399999999999999900, 1.000000000000000700 ) ) ;
#2376 = ORIENTED_EDGE ( 'NONE', *, *, #2629, .T. ) ;
#2377 = EDGE_CURVE ( 'NONE', #2313, #1741, #4810, .T. ) ;
#2378 = LINE ( 'NONE', #588, #4482 ) ;
#2379 = CARTESIAN_POINT ( 'NONE',  ( -0.1173612986251281300, 1.390000000000000100, 1.583173421278586400 ) ) ;
#2380 = EDGE_LOOP ( 'NONE', ( #1061, #4621, #4981, #4662 ) ) ;
#2381 = DIRECTION ( 'NONE',  ( -1.000000000000000000, 0.0000000000000000000, 0.0000000000000000000 ) ) ;
#2382 = LINE ( 'NONE', #4400, #3279 ) ;
#2383 = VERTEX_POINT ( 'NONE', #1815 ) ;
#2384 = ORIENTED_EDGE ( 'NONE', *, *, #149, .T. ) ;
#2385 = DIRECTION ( 'NONE',  ( 3.614007241618351500E-015, 0.0000000000000000000, 1.000000000000000000 ) ) ;
#2386 = ADVANCED_FACE ( 'NONE', ( #2411 ), #5403, .T. ) ;
#2387 = CARTESIAN_POINT ( 'NONE',  ( -0.8335884697400231000, 1.053589838486225200, -0.2999999999999999900 ) ) ;
#2388 = DIRECTION ( 'NONE',  ( 0.0000000000000000000, -0.0000000000000000000, -1.000000000000000000 ) ) ;
#2389 = DIRECTION ( 'NONE',  ( 1.000000000000000000, 0.0000000000000000000, 7.589415207398534200E-015 ) ) ;
#2390 = PLANE ( 'NONE',  #2617 ) ;
#2391 = LINE ( 'NONE', #4391, #2270 ) ;
#2392 = CARTESIAN_POINT ( 'NONE',  ( -0.03713997275015895600, 1.389999999999999700, 1.703338808460012300 ) ) ;
#2393 = AXIS2_PLACEMENT_3D ( 'NONE', #4351, #946, #5209 ) ;
#2394 = CARTESIAN_POINT ( 'NONE',  ( -1.306028872230408100, 1.080311161705326300, -1.315427563153652300 ) ) ;
#2395 = LINE ( 'NONE', #5573, #3290 ) ;
#2396 = DIRECTION ( 'NONE',  ( -0.0000000000000000000, -1.000000000000000000, -0.0000000000000000000 ) ) ;
#2397 = B_SPLINE_SURFACE_WITH_KNOTS ( 'NONE', 3, 1, ( 
 ( #4722, #4259 ),
 ( #5182, #2478 ),
 ( #5639, #2927 ),
 ( #168, #3371 ),
 ( #639, #3811 ),
 ( #1122, #4273 ),
 ( #1608, #4746 ),
 ( #2058, #5199 ),
 ( #2496, #5657 ),
 ( #2943, #191 ),
 ( #3389, #652 ),
 ( #3835, #1144 ),
 ( #4287, #1626 ),
 ( #4770, #2082 ),
 ( #5211, #2518 ),
 ( #5681, #2964 ),
 ( #204, #3413 ),
 ( #677, #3852 ),
 ( #1162, #4311 ) ),
 .UNSPECIFIED., .F., .F., .F.,
 ( 4, 1, 1, 1, 1, 1, 1, 1, 1, 1, 1, 1, 1, 1, 1, 1, 4 ),
 ( 2, 2 ),
 ( 0.0000000000000000000, 0.06947546024967067600, 0.1365167976177984200, 0.2007888236092603700, 0.2638296728558255400, 0.3257350229654192900, 0.3872906922152906700, 0.4495092187626025800, 0.5129678195454413500, 0.5762752154930611500, 0.6375801002639240900, 0.6979026059171018500, 0.7571720884269851300, 0.8165985284886551100, 0.8766531708928193600, 0.9372896424102400400, 1.000000000000000000 ),
 ( 0.0000000000000000000, 1.000000000000000000 ),
 .UNSPECIFIED. ) ;
#2398 = AXIS2_PLACEMENT_3D ( 'NONE', #4077, #3203, #454 ) ;
#2399 = CARTESIAN_POINT ( 'NONE',  ( -0.3500000000000000300, 0.1500000000000000200, -2.100000000000000100 ) ) ;
#2400 = EDGE_LOOP ( 'NONE', ( #5220, #3295, #2833, #3904, #3860, #5371, #2742, #1599, #5455 ) ) ;
#2401 = VERTEX_POINT ( 'NONE', #3126 ) ;
#2402 = DIRECTION ( 'NONE',  ( 0.0000000000000000000, 1.000000000000000000, 0.0000000000000000000 ) ) ;
#2403 = CARTESIAN_POINT ( 'NONE',  ( -0.4000000000000001300, -0.05000000000000000300, -0.5000000000000002200 ) ) ;
#2404 = ORIENTED_EDGE ( 'NONE', *, *, #5895, .F. ) ;
#2405 = PLANE ( 'NONE',  #2129 ) ;
#2406 = ORIENTED_EDGE ( 'NONE', *, *, #5674, .F. ) ;
#2407 = LINE ( 'NONE', #3189, #1185 ) ;
#2408 = VECTOR ( 'NONE', #4467, 1000.000000000000000 ) ;
#2409 = ADVANCED_FACE ( 'NONE', ( #1189 ), #858, .T. ) ;
#2410 = ORIENTED_EDGE ( 'NONE', *, *, #3675, .T. ) ;
#2411 = FACE_OUTER_BOUND ( 'NONE', #4835, .T. ) ;
#2412 = CARTESIAN_POINT ( 'NONE',  ( -1.277522452562041200, 1.129685728912818200, -1.343933982822019400 ) ) ;
#2413 = VECTOR ( 'NONE', #4254, 1000.000000000000000 ) ;
#2414 = ORIENTED_EDGE ( 'NONE', *, *, #3141, .T. ) ;
#2415 = ORIENTED_EDGE ( 'NONE', *, *, #5575, .F. ) ;
#2416 = VECTOR ( 'NONE', #2433, 1000.000000000000000 ) ;
#2417 = CARTESIAN_POINT ( 'NONE',  ( -0.05000000000000037100, -0.05000000000000000300, 0.5000000000000000000 ) ) ;
#2418 = PLANE ( 'NONE',  #732 ) ;
#2419 = VERTEX_POINT ( 'NONE', #4937 ) ;
#2420 = ORIENTED_EDGE ( 'NONE', *, *, #2078, .T. ) ;
#2421 = CARTESIAN_POINT ( 'NONE',  ( 3.252606517456513300E-016, 0.8535898384862235000, 0.6999999999999995100 ) ) ;
#2422 = PLANE ( 'NONE',  #4885 ) ;
#2423 = LINE ( 'NONE', #4914, #5892 ) ;
#2424 = EDGE_CURVE ( 'NONE', #3576, #1896, #5879, .T. ) ;
#2425 = CARTESIAN_POINT ( 'NONE',  ( -1.173588469740022500, 0.9496667900320926400, 1.539999999999999100 ) ) ;
#2426 = CARTESIAN_POINT ( 'NONE',  ( -0.8335884697400228700, 1.053589838486225200, 1.599999999999999200 ) ) ;
#2427 = EDGE_CURVE ( 'NONE', #1575, #5468, #3589, .T. ) ;
#2428 = ORIENTED_EDGE ( 'NONE', *, *, #5867, .T. ) ;
#2429 = ORIENTED_EDGE ( 'NONE', *, *, #5502, .F. ) ;
#2430 = ADVANCED_FACE ( 'NONE', ( #2293 ), #3603, .F. ) ;
#2431 = LINE ( 'NONE', #2131, #5751 ) ;
#2432 = CARTESIAN_POINT ( 'NONE',  ( -3.633588469740024300, 1.399999999999999900, 1.939999999999999500 ) ) ;
#2433 = DIRECTION ( 'NONE',  ( 0.0000000000000000000, -1.000000000000000000, 0.0000000000000000000 ) ) ;
#2434 = LINE ( 'NONE', #5163, #3470 ) ;
#2435 = VERTEX_POINT ( 'NONE', #1834 ) ;
#2436 = COORDINATED_UNIVERSAL_TIME_OFFSET ( 5, 0, .BEHIND. ) ;
#2437 = VERTEX_POINT ( 'NONE', #4529 ) ;
#2438 = LINE ( 'NONE', #1214, #4688 ) ;
#2439 = ORIENTED_EDGE ( 'NONE', *, *, #5446, .F. ) ;
#2440 = DIRECTION ( 'NONE',  ( 0.8660254037844379300, -0.5000000000000012200, -1.444533268016496500E-016 ) ) ;
#2441 = ORIENTED_EDGE ( 'NONE', *, *, #4794, .F. ) ;
#2442 = DIRECTION ( 'NONE',  ( -0.8660254037844383700, 0.0000000000000000000, -0.5000000000000004400 ) ) ;
#2443 = LINE ( 'NONE', #4129, #4405 ) ;
#2444 = ORIENTED_EDGE ( 'NONE', *, *, #463, .T. ) ;
#2445 = EDGE_CURVE ( 'NONE', #3493, #3154, #4525, .T. ) ;
#2446 = CARTESIAN_POINT ( 'NONE',  ( -0.5335884697400231600, 1.053589838486225200, 0.3000000000000000400 ) ) ;
#2447 = EDGE_LOOP ( 'NONE', ( #2201, #3449, #2117, #2345 ) ) ;
#2448 = DIRECTION ( 'NONE',  ( 0.0000000000000000000, -1.000000000000000000, 0.0000000000000000000 ) ) ;
#2449 = EDGE_CURVE ( 'NONE', #5690, #4724, #3307, .T. ) ;
#2450 = VECTOR ( 'NONE', #1308, 1000.000000000000000 ) ;
#2451 = ORIENTED_EDGE ( 'NONE', *, *, #3907, .T. ) ;
#2452 = CARTESIAN_POINT ( 'NONE',  ( -3.633588469740025600, 1.399999999999999700, -1.410765860339039000E-015 ) ) ;
#2453 = CARTESIAN_POINT ( 'NONE',  ( -0.8335884697400232100, 1.399999999999999900, -0.6999999999999998400 ) ) ;
#2454 = ORIENTED_EDGE ( 'NONE', *, *, #4495, .T. ) ;
#2455 = DIRECTION ( 'NONE',  ( -1.000000000000000000, -0.0000000000000000000, -0.0000000000000000000 ) ) ;
#2456 = CARTESIAN_POINT ( 'NONE',  ( -0.6335884697400224800, 1.399999999999999900, 1.939999999999998800 ) ) ;
#2457 = CARTESIAN_POINT ( 'NONE',  ( -4.173588469740022500, 1.199999999999996600, 2.099999999999993400 ) ) ;
#2458 = EDGE_CURVE ( 'NONE', #4951, #1044, #1041, .T. ) ;
#2459 = CARTESIAN_POINT ( 'NONE',  ( -0.4473963830065692500, 1.399999999999999900, 1.557505475126679000 ) ) ;
#2460 = EDGE_CURVE ( 'NONE', #1528, #4140, #886, .T. ) ;
#2461 = PLANE ( 'NONE',  #4427 ) ;
#2462 = FACE_OUTER_BOUND ( 'NONE', #443, .T. ) ;
#2463 = DIRECTION ( 'NONE',  ( 0.0000000000000000000, 0.0000000000000000000, 1.000000000000000000 ) ) ;
#2464 = DIRECTION ( 'NONE',  ( -1.668003342285389600E-016, 3.252606517456515700E-015, -1.000000000000000000 ) ) ;
#2465 = ORIENTED_EDGE ( 'NONE', *, *, #1083, .T. ) ;
#2466 = PRODUCT_DEFINITION_SHAPE ( 'NONE', 'NONE',  #8 ) ;
#2467 = ORIENTED_EDGE ( 'NONE', *, *, #3675, .F. ) ;
#2468 = VECTOR ( 'NONE', #142, 1000.000000000000000 ) ;
#2469 = CARTESIAN_POINT ( 'NONE',  ( -0.4063707419809282100, 1.389999999999999900, 1.643162526408730200 ) ) ;
#2470 = EDGE_LOOP ( 'NONE', ( #2414, #3919, #507, #1795 ) ) ;
#2471 = LINE ( 'NONE', #1491, #1113 ) ;
#2472 = CARTESIAN_POINT ( 'NONE',  ( -1.863588469740023100, 0.7299999999999999800, 0.6999999999999998400 ) ) ;
#2473 = VECTOR ( 'NONE', #5555, 1000.000000000000000 ) ;
#2474 = EDGE_CURVE ( 'NONE', #1684, #4362, #84, .T. ) ;
#2475 = CARTESIAN_POINT ( 'NONE',  ( -0.1704733060834922900, 1.399999999999999900, 1.572890090511294100 ) ) ;
#2476 = LINE ( 'NONE', #5294, #1274 ) ;
#2477 = CARTESIAN_POINT ( 'NONE',  ( -0.2545666447725047900, 1.389999999999999900, 1.782993675581267000 ) ) ;
#2478 = CARTESIAN_POINT ( 'NONE',  ( -0.03724265348677929100, 1.389999999999999700, 1.707724874069994000 ) ) ;
#2479 = ORIENTED_EDGE ( 'NONE', *, *, #2908, .T. ) ;
#2480 = ORIENTED_EDGE ( 'NONE', *, *, #1623, .F. ) ;
#2481 = CARTESIAN_POINT ( 'NONE',  ( -0.05165541844648642600, 1.389999999999999700, 1.641839722667651300 ) ) ;
#2482 = VECTOR ( 'NONE', #2108, 1000.000000000000000 ) ;
#2483 = CARTESIAN_POINT ( 'NONE',  ( -1.084202172485504400E-016, 0.8535898384862253800, -0.4999999999999997800 ) ) ;
#2484 = CARTESIAN_POINT ( 'NONE',  ( -0.1560502291604153900, 1.399999999999999900, 1.824172141793345400 ) ) ;
#2485 = ORIENTED_EDGE ( 'NONE', *, *, #5198, .T. ) ;
#2486 = VERTEX_POINT ( 'NONE', #5921 ) ;
#2487 = CARTESIAN_POINT ( 'NONE',  ( -3.633588469740023800, 1.200000000000000000, 1.840000000000000100 ) ) ;
#2488 = FACE_OUTER_BOUND ( 'NONE', #4687, .T. ) ;
#2489 = CC_DESIGN_PERSON_AND_ORGANIZATION_ASSIGNMENT ( #2314, #45, ( #1595 ) ) ;
#2490 = LINE ( 'NONE', #3147, #1291 ) ;
#2491 = VECTOR ( 'NONE', #5718, 1000.000000000000100 ) ;
#2492 = ORIENTED_EDGE ( 'NONE', *, *, #3527, .T. ) ;
#2493 = ORIENTED_EDGE ( 'NONE', *, *, #1504, .F. ) ;
#2494 = CARTESIAN_POINT ( 'NONE',  ( -0.5000000000000000000, 1.399999999999999900, 1.439999999999999500 ) ) ;
#2495 = LINE ( 'NONE', #544, #1299 ) ;
#2496 = CARTESIAN_POINT ( 'NONE',  ( -0.06407571285359615900, 1.400000000000000100, 1.782336135785786100 ) ) ;
#2497 = EDGE_CURVE ( 'NONE', #1654, #1803, #3182, .T. ) ;
#2498 = DIRECTION ( 'NONE',  ( -0.7297249646783446900, 0.0000000000000000000, -0.6837407958614057900 ) ) ;
#2499 = LINE ( 'NONE', #5036, #4313 ) ;
#2500 = ORIENTED_EDGE ( 'NONE', *, *, #4064, .T. ) ;
#2501 = LINE ( 'NONE', #2281, #3539 ) ;
#2502 = CARTESIAN_POINT ( 'NONE',  ( -0.2995598445450307600, 1.389999999999999700, 1.743242654613858400 ) ) ;
#2503 = VERTEX_POINT ( 'NONE', #2749 ) ;
#2504 = CARTESIAN_POINT ( 'NONE',  ( -0.2703364257972971600, 1.390000000000000100, 1.723666017156627600 ) ) ;
#2505 = LINE ( 'NONE', #2867, #1304 ) ;
#2506 = VERTEX_POINT ( 'NONE', #4097 ) ;
#2507 = ORIENTED_EDGE ( 'NONE', *, *, #5673, .T. ) ;
#2508 = LINE ( 'NONE', #4334, #3678 ) ;
#2509 = CARTESIAN_POINT ( 'NONE',  ( -0.05000000000000034300, -0.05000000000000000300, 0.6999999999999998400 ) ) ;
#2510 = ORIENTED_EDGE ( 'NONE', *, *, #5867, .F. ) ;
#2511 = CARTESIAN_POINT ( 'NONE',  ( -0.8335884697400231000, 0.7800000000000000300, 0.2999999999999977700 ) ) ;
#2512 = VERTEX_POINT ( 'NONE', #5460 ) ;
#2513 = CARTESIAN_POINT ( 'NONE',  ( -1.233588469740023200, 0.2000000000000000100, -1.450000000000001500 ) ) ;
#2514 = ORIENTED_EDGE ( 'NONE', *, *, #5161, .F. ) ;
#2515 = DIRECTION ( 'NONE',  ( -0.0000000000000000000, 0.0000000000000000000, -1.000000000000000000 ) ) ;
#2516 = EDGE_CURVE ( 'NONE', #2506, #2887, #737, .T. ) ;
#2517 = CARTESIAN_POINT ( 'NONE',  ( 1.084202172485504400E-016, 1.053589838486225200, -0.5000000000000001100 ) ) ;
#2518 = CARTESIAN_POINT ( 'NONE',  ( -0.1217525833953246300, 1.389999999999999500, 1.819601747247080500 ) ) ;
#2519 = EDGE_LOOP ( 'NONE', ( #5489, #4992, #1153, #1249 ) ) ;
#2520 = PLANE ( 'NONE',  #4775 ) ;
#2521 = EDGE_CURVE ( 'NONE', #1181, #1484, #5585, .T. ) ;
#2522 = ADVANCED_FACE ( 'NONE', ( #4085 ), #2326, .F. ) ;
#2523 = AXIS2_PLACEMENT_3D ( 'NONE', #4974, #5429, #2726 ) ;
#2524 = DIRECTION ( 'NONE',  ( -1.000000000000000000, -0.0000000000000000000, -0.0000000000000000000 ) ) ;
#2525 = VECTOR ( 'NONE', #2119, 1000.000000000000000 ) ;
#2526 = CARTESIAN_POINT ( 'NONE',  ( -3.733588469740023500, 0.0000000000000000000, -1.800000000000000500 ) ) ;
#2527 = DIRECTION ( 'NONE',  ( -0.0000000000000000000, -0.0000000000000000000, 1.000000000000000000 ) ) ;
#2528 = EDGE_CURVE ( 'NONE', #2143, #5250, #2893, .T. ) ;
#2529 = LINE ( 'NONE', #5736, #70 ) ;
#2530 = EDGE_CURVE ( 'NONE', #5326, #4670, #3032, .T. ) ;
#2531 = DIRECTION ( 'NONE',  ( -0.7071067811865474600, -0.0000000000000000000, -0.7071067811865474600 ) ) ;
#2532 = EDGE_CURVE ( 'NONE', #1612, #2503, #1722, .T. ) ;
#2533 = DIRECTION ( 'NONE',  ( -7.228014483236698500E-016, 0.0000000000000000000, -1.000000000000000000 ) ) ;
#2534 = DIRECTION ( 'NONE',  ( 9.056783560160114900E-016, 0.0000000000000000000, -1.000000000000000000 ) ) ;
#2535 = ORIENTED_EDGE ( 'NONE', *, *, #2905, .T. ) ;
#2536 = VERTEX_POINT ( 'NONE', #2792 ) ;
#2537 = CARTESIAN_POINT ( 'NONE',  ( -1.233588469740022800, 0.2000000000000000100, 1.299999999999999600 ) ) ;
#2538 = FACE_OUTER_BOUND ( 'NONE', #4234, .T. ) ;
#2539 = EDGE_LOOP ( 'NONE', ( #3338, #5476, #2348, #2638 ) ) ;
#2540 = VERTEX_POINT ( 'NONE', #493 ) ;
#2541 = ORIENTED_EDGE ( 'NONE', *, *, #2047, .T. ) ;
#2542 = LINE ( 'NONE', #4045, #2681 ) ;
#2543 = DIRECTION ( 'NONE',  ( 0.0000000000000000000, 0.0000000000000000000, -1.000000000000000000 ) ) ;
#2544 = MANIFOLD_SOLID_BREP ( 'Fillet4', #5462 ) ;
#2545 = FACE_OUTER_BOUND ( 'NONE', #112, .T. ) ;
#2546 = ORIENTED_EDGE ( 'NONE', *, *, #4679, .F. ) ;
#2547 = ORIENTED_EDGE ( 'NONE', *, *, #5594, .T. ) ;
#2548 = DIRECTION ( 'NONE',  ( 0.0000000000000000000, 1.355252715606879000E-015, -1.000000000000000000 ) ) ;
#2549 = VECTOR ( 'NONE', #4016, 1000.000000000000000 ) ;
#2550 = DIRECTION ( 'NONE',  ( -0.0000000000000000000, 1.000000000000000000, -0.0000000000000000000 ) ) ;
#2551 = VECTOR ( 'NONE', #4208, 1000.000000000000000 ) ;
#2552 = EDGE_CURVE ( 'NONE', #4009, #5576, #2757, .T. ) ;
#2553 = CARTESIAN_POINT ( 'NONE',  ( -4.033588469740023700, -0.05000000000000000300, -1.600000000000001200 ) ) ;
#2554 = ADVANCED_FACE ( 'NONE', ( #5020 ), #959, .T. ) ;
#2555 = VERTEX_POINT ( 'NONE', #1457 ) ;
#2556 = EDGE_LOOP ( 'NONE', ( #934, #2949, #5578, #76 ) ) ;
#2557 = EDGE_CURVE ( 'NONE', #1484, #2157, #1572, .T. ) ;
#2558 = CARTESIAN_POINT ( 'NONE',  ( -1.833588469740022400, 1.053589838486225200, 1.799999999999999200 ) ) ;
#2559 = LINE ( 'NONE', #1878, #89 ) ;
#2560 = CARTESIAN_POINT ( 'NONE',  ( -0.4000000000000001300, -0.0000000000000000000, -0.5000000000000002200 ) ) ;
#2561 = CARTESIAN_POINT ( 'NONE',  ( -3.683588469740026300, 0.1499999999999999900, -1.850000000000000300 ) ) ;
#2562 = VERTEX_POINT ( 'NONE', #5514 ) ;
#2563 = ORIENTED_EDGE ( 'NONE', *, *, #5699, .T. ) ;
#2564 = FACE_OUTER_BOUND ( 'NONE', #5744, .T. ) ;
#2565 = EDGE_LOOP ( 'NONE', ( #28, #5694, #1411, #3657 ) ) ;
#2566 = VECTOR ( 'NONE', #5750, 1000.000000000000000 ) ;
#2567 = EDGE_CURVE ( 'NONE', #818, #4995, #300, .T. ) ;
#2568 = DIRECTION ( 'NONE',  ( 1.000000000000000000, -0.0000000000000000000, 8.673617379884035500E-017 ) ) ;
#2569 = LINE ( 'NONE', #3756, #3732 ) ;
#2570 = ORIENTED_EDGE ( 'NONE', *, *, #1027, .T. ) ;
#2571 = LOCAL_TIME ( 9, 59, 41.00000000000000000, #3734 ) ;
#2572 = CARTESIAN_POINT ( 'NONE',  ( -0.1600000000000003900, 0.9499999999999999600, -2.100000000000000100 ) ) ;
#2573 = CARTESIAN_POINT ( 'NONE',  ( -0.8335884697400232100, 1.399999999999999900, -1.600000000000001400 ) ) ;
#2574 = LINE ( 'NONE', #4323, #1381 ) ;
#2575 = VERTEX_POINT ( 'NONE', #984 ) ;
#2576 = CARTESIAN_POINT ( 'NONE',  ( -1.233588469740022800, 1.053589838486225200, 1.299999999999999600 ) ) ;
#2577 = AXIS2_PLACEMENT_3D ( 'NONE', #1389, #1370, #3984 ) ;
#2578 = DIRECTION ( 'NONE',  ( -0.0000000000000000000, -0.0000000000000000000, 1.000000000000000000 ) ) ;
#2579 = ORIENTED_EDGE ( 'NONE', *, *, #267, .F. ) ;
#2580 = LINE ( 'NONE', #1396, #4837 ) ;
#2581 = ADVANCED_FACE ( 'NONE', ( #4875 ), #1941, .F. ) ;
#2582 = VERTEX_POINT ( 'NONE', #47 ) ;
#2583 = CARTESIAN_POINT ( 'NONE',  ( -0.2818515112116974400, 1.389999999999999700, 1.712633680254884000 ) ) ;
#2584 = ORIENTED_EDGE ( 'NONE', *, *, #3927, .T. ) ;
#2585 = CARTESIAN_POINT ( 'NONE',  ( -0.2779090626464663600, 1.389999999999999900, 1.716410849005628500 ) ) ;
#2586 = LINE ( 'NONE', #1774, #118 ) ;
#2587 = CARTESIAN_POINT ( 'NONE',  ( -1.633588469740023600, 1.399999999999999900, -1.500000000000001300 ) ) ;
#2588 = CARTESIAN_POINT ( 'NONE',  ( -0.05000000000000016200, -0.05000000000000000300, -0.5000000000000000000 ) ) ;
#2589 = CARTESIAN_POINT ( 'NONE',  ( -3.733588469740024300, -0.05000000000000000300, 1.799999999999999600 ) ) ;
#2590 = ORIENTED_EDGE ( 'NONE', *, *, #1180, .T. ) ;
#2591 = DIRECTION ( 'NONE',  ( 0.7296913851534246900, 0.0000000000000000000, 0.6837766319733926700 ) ) ;
#2592 = AXIS2_PLACEMENT_3D ( 'NONE', #325, #345, #265 ) ;
#2593 = CARTESIAN_POINT ( 'NONE',  ( -0.1404571079767629200, 1.400000000000000100, 1.614418485207394200 ) ) ;
#2594 = VECTOR ( 'NONE', #4763, 1000.000000000000000 ) ;
#2595 = CARTESIAN_POINT ( 'NONE',  ( -1.383588469740023100, 1.399999999999999900, -1.450000000000001500 ) ) ;
#2596 = ORIENTED_EDGE ( 'NONE', *, *, #4109, .T. ) ;
#2597 = CARTESIAN_POINT ( 'NONE',  ( -1.883588469740023100, 0.1999999999999999800, -0.6799999999999998300 ) ) ;
#2598 = ORIENTED_EDGE ( 'NONE', *, *, #4157, .F. ) ;
#2599 = VECTOR ( 'NONE', #508, 1000.000000000000000 ) ;
#2600 = DIRECTION ( 'NONE',  ( 0.8660254037844387100, -0.0000000000000000000, -0.4999999999999997200 ) ) ;
#2601 = DIRECTION ( 'NONE',  ( -0.0000000000000000000, -0.5000000000000010000, 0.8660254037844380400 ) ) ;
#2602 = EDGE_CURVE ( 'NONE', #4362, #4910, #595, .T. ) ;
#2603 = ADVANCED_FACE ( 'NONE', ( #1273 ), #5537, .T. ) ;
#2604 = EDGE_CURVE ( 'NONE', #4705, #3245, #15, .T. ) ;
#2605 = EDGE_LOOP ( 'NONE', ( #1880, #2493, #329, #93 ) ) ;
#2606 = CARTESIAN_POINT ( 'NONE',  ( -0.08411945144442084500, 1.390000000000000100, 1.666392824887187300 ) ) ;
#2607 = DIRECTION ( 'NONE',  ( -0.0000000000000000000, -1.000000000000000000, -0.0000000000000000000 ) ) ;
#2608 = LINE ( 'NONE', #4151, #11 ) ;
#2609 = DIRECTION ( 'NONE',  ( -0.0000000000000000000, -0.0000000000000000000, 1.000000000000000000 ) ) ;
#2610 = CARTESIAN_POINT ( 'NONE',  ( -3.633588469740027400, 0.0000000000000000000, 1.539999999999993600 ) ) ;
#2611 = DIRECTION ( 'NONE',  ( -0.0000000000000000000, 1.000000000000000000, -0.0000000000000000000 ) ) ;
#2612 = ORIENTED_EDGE ( 'NONE', *, *, #5618, .T. ) ;
#2613 = ORIENTED_EDGE ( 'NONE', *, *, #3158, .T. ) ;
#2614 = CARTESIAN_POINT ( 'NONE',  ( -1.233588469740022600, 1.399999999999999900, 1.599999999999999400 ) ) ;
#2615 = VECTOR ( 'NONE', #3256, 1000.000000000000000 ) ;
#2616 = LINE ( 'NONE', #1200, #1424 ) ;
#2617 = AXIS2_PLACEMENT_3D ( 'NONE', #5102, #2402, #5557 ) ;
#2618 = CARTESIAN_POINT ( 'NONE',  ( -0.1560502291604153900, 1.389999999999999700, 1.824172141793345400 ) ) ;
#2619 = ORIENTED_EDGE ( 'NONE', *, *, #1519, .F. ) ;
#2620 = ORIENTED_EDGE ( 'NONE', *, *, #2343, .F. ) ;
#2621 = LINE ( 'NONE', #2537, #3654 ) ;
#2622 = DIRECTION ( 'NONE',  ( -1.000000000000000000, 0.0000000000000000000, 1.355252715606881800E-016 ) ) ;
#2623 = ORIENTED_EDGE ( 'NONE', *, *, #1841, .T. ) ;
#2624 = DIRECTION ( 'NONE',  ( -0.4472135954999585400, -0.7745966692414824100, 0.4472135954999589800 ) ) ;
#2625 = VECTOR ( 'NONE', #4448, 1000.000000000000000 ) ;
#2626 = EDGE_CURVE ( 'NONE', #811, #3281, #3645, .T. ) ;
#2627 = PLANE ( 'NONE',  #5309 ) ;
#2628 = ORIENTED_EDGE ( 'NONE', *, *, #4252, .T. ) ;
#2629 = EDGE_CURVE ( 'NONE', #1639, #2826, #4731, .T. ) ;
#2630 = VERTEX_POINT ( 'NONE', #551 ) ;
#2631 = CARTESIAN_POINT ( 'NONE',  ( -0.5935884697400235500, 0.9496667900320920900, 0.2399999999999991000 ) ) ;
#2632 = PLANE ( 'NONE',  #5500 ) ;
#2633 = VECTOR ( 'NONE', #1101, 1000.000000000000000 ) ;
#2634 = CARTESIAN_POINT ( 'NONE',  ( -0.5500000000000000400, 0.04999999999999999600, -0.8500000000000003100 ) ) ;
#2635 = DIRECTION ( 'NONE',  ( -1.000000000000000000, 0.0000000000000000000, -0.0000000000000000000 ) ) ;
#2636 = DIRECTION ( 'NONE',  ( 0.0000000000000000000, 0.0000000000000000000, 1.000000000000000000 ) ) ;
#2637 = FACE_OUTER_BOUND ( 'NONE', #4834, .T. ) ;
#2638 = ORIENTED_EDGE ( 'NONE', *, *, #1829, .T. ) ;
#2639 = ORIENTED_EDGE ( 'NONE', *, *, #242, .T. ) ;
#2640 = ADVANCED_FACE ( 'NONE', ( #5809 ), #1512, .T. ) ;
#2641 = FACE_OUTER_BOUND ( 'NONE', #1492, .T. ) ;
#2642 = ORIENTED_EDGE ( 'NONE', *, *, #5157, .F. ) ;
#2643 = FACE_OUTER_BOUND ( 'NONE', #4218, .T. ) ;
#2644 = EDGE_CURVE ( 'NONE', #5230, #4758, #2349, .T. ) ;
#2645 = EDGE_CURVE ( 'NONE', #5423, #5350, #3377, .T. ) ;
#2646 = ORIENTED_EDGE ( 'NONE', *, *, #1638, .T. ) ;
#2647 = PLANE ( 'NONE',  #5663 ) ;
#2648 = DIRECTION ( 'NONE',  ( 9.227252531791543900E-016, 0.0000000000000000000, -1.000000000000000000 ) ) ;
#2649 = VECTOR ( 'NONE', #3327, 1000.000000000000000 ) ;
#2650 = CARTESIAN_POINT ( 'NONE',  ( -3.633588469740027400, 1.199999999999996600, 2.099999999999993900 ) ) ;
#2651 = VERTEX_POINT ( 'NONE', #3304 ) ;
#2652 = CARTESIAN_POINT ( 'NONE',  ( -0.2995598445450307600, 1.399999999999999900, 1.743242654613858400 ) ) ;
#2653 = LINE ( 'NONE', #2517, #340 ) ;
#2654 = CARTESIAN_POINT ( 'NONE',  ( -0.1565257530895818900, 1.389999999999999900, 1.788202795956167700 ) ) ;
#2655 = DIRECTION ( 'NONE',  ( 1.000000000000000000, -0.0000000000000000000, 3.097720492815727700E-016 ) ) ;
#2656 = ORIENTED_EDGE ( 'NONE', *, *, #1829, .F. ) ;
#2657 = DIRECTION ( 'NONE',  ( 0.0000000000000000000, -0.0000000000000000000, 1.000000000000000000 ) ) ;
#2658 = DIRECTION ( 'NONE',  ( 3.614007241618351500E-015, 0.0000000000000000000, 1.000000000000000000 ) ) ;
#2659 = ORIENTED_EDGE ( 'NONE', *, *, #2139, .T. ) ;
#2660 = AXIS2_PLACEMENT_3D ( 'NONE', #2805, #44, #3252 ) ;
#2661 = EDGE_CURVE ( 'NONE', #1893, #4979, #2217, .T. ) ;
#2662 = PLANE ( 'NONE',  #975 ) ;
#2663 = EDGE_CURVE ( 'NONE', #1688, #3171, #4591, .T. ) ;
#2664 = CARTESIAN_POINT ( 'NONE',  ( -1.883588469740023100, 0.7800000000000000300, -0.5199999999999999100 ) ) ;
#2665 = DIRECTION ( 'NONE',  ( 1.564911040351206900E-016, -0.5000000000000014400, -0.8660254037844379300 ) ) ;
#2666 = LINE ( 'NONE', #1773, #3987 ) ;
#2667 = ADVANCED_FACE ( 'NONE', ( #5508 ), #3742, .F. ) ;
#2668 = CARTESIAN_POINT ( 'NONE',  ( 1.084202172485504400E-016, 1.053589838486225200, -0.6999999999999999600 ) ) ;
#2669 = DIRECTION ( 'NONE',  ( 0.0000000000000000000, 0.0000000000000000000, -1.000000000000000000 ) ) ;
#2670 = CARTESIAN_POINT ( 'NONE',  ( -0.1212542833827904700, 1.389999999999999900, 1.778560867163472100 ) ) ;
#2671 = CARTESIAN_POINT ( 'NONE',  ( -0.1600000000000004200, 0.9499999999999999600, -1.940000000000000200 ) ) ;
#2672 = VECTOR ( 'NONE', #3668, 1000.000000000000000 ) ;
#2673 = DIRECTION ( 'NONE',  ( 0.0000000000000000000, 1.000000000000000000, 0.0000000000000000000 ) ) ;
#2674 = CARTESIAN_POINT ( 'NONE',  ( -0.3500000000000000300, 0.1500000000000000200, 2.100000000000000100 ) ) ;
#2675 = CARTESIAN_POINT ( 'NONE',  ( -0.1023499163442813800, 1.389999999999999900, 1.637686497446544600 ) ) ;
#2676 = VERTEX_POINT ( 'NONE', #2513 ) ;
#2677 = ORIENTED_EDGE ( 'NONE', *, *, #5238, .T. ) ;
#2678 = VECTOR ( 'NONE', #5649, 1000.000000000000000 ) ;
#2679 = VERTEX_POINT ( 'NONE', #3848 ) ;
#2680 = ORIENTED_EDGE ( 'NONE', *, *, #4288, .T. ) ;
#2681 = VECTOR ( 'NONE', #2288, 1000.000000000000000 ) ;
#2682 = DIRECTION ( 'NONE',  ( -1.000000000000000000, 0.0000000000000000000, -9.227252531791543900E-016 ) ) ;
#2683 = FACE_OUTER_BOUND ( 'NONE', #2519, .T. ) ;
#2684 = CARTESIAN_POINT ( 'NONE',  ( -3.633588469740027400, 1.099999999999999900, 1.449999999999993500 ) ) ;
#2685 = ORIENTED_EDGE ( 'NONE', *, *, #1326, .F. ) ;
#2686 = ORIENTED_EDGE ( 'NONE', *, *, #619, .T. ) ;
#2687 = AXIS2_PLACEMENT_3D ( 'NONE', #1717, #1989, #1973 ) ;
#2688 = DIRECTION ( 'NONE',  ( -0.0000000000000000000, -1.000000000000000000, -0.0000000000000000000 ) ) ;
#2689 = LINE ( 'NONE', #3543, #5089 ) ;
#2690 =( BOUNDED_CURVE ( )  B_SPLINE_CURVE ( 3, ( #2173, #4846, #5764, #3040 ),
 .UNSPECIFIED., .F., .F. ) 
 B_SPLINE_CURVE_WITH_KNOTS ( ( 4, 4 ),
 ( 5.497787143782138000, 6.283185307179586200 ),
 .UNSPECIFIED. ) 
 CURVE ( )  GEOMETRIC_REPRESENTATION_ITEM ( )  RATIONAL_B_SPLINE_CURVE ( ( 1.000000000000000000, 0.9492530216741911200, 0.9492530216741911200, 1.000000000000000000 ) ) 
 REPRESENTATION_ITEM ( '' )  );
#2691 = LINE ( 'NONE', #2421, #5091 ) ;
#2692 = CARTESIAN_POINT ( 'NONE',  ( -1.833588469740024200, 1.053589838486225200, -1.600000000000001000 ) ) ;
#2693 = DIRECTION ( 'NONE',  ( 0.0000000000000000000, -1.000000000000000000, 0.0000000000000000000 ) ) ;
#2694 = VERTEX_POINT ( 'NONE', #673 ) ;
#2695 = VECTOR ( 'NONE', #5775, 1000.000000000000000 ) ;
#2696 = CARTESIAN_POINT ( 'NONE',  ( -0.1599686211578302000, 1.399999999999999700, 1.609801301200728000 ) ) ;
#2697 = AXIS2_PLACEMENT_3D ( 'NONE', #3257, #985, #477 ) ;
#2698 = CARTESIAN_POINT ( 'NONE',  ( 0.0000000000000000000, 0.0000000000000000000, 0.8500000000000003100 ) ) ;
#2699 = ADVANCED_FACE ( 'NONE', ( #4284 ), #1995, .T. ) ;
#2700 = ORIENTED_EDGE ( 'NONE', *, *, #5924, .T. ) ;
#2701 = VECTOR ( 'NONE', #1844, 1000.000000000000000 ) ;
#2702 = DIRECTION ( 'NONE',  ( -1.000000000000000000, 0.0000000000000000000, 0.0000000000000000000 ) ) ;
#2703 = ORIENTED_EDGE ( 'NONE', *, *, #3512, .F. ) ;
#2704 = DIRECTION ( 'NONE',  ( 0.0000000000000000000, 1.000000000000000000, 0.0000000000000000000 ) ) ;
#2705 = AXIS2_PLACEMENT_3D ( 'NONE', #4228, #4345, #4394 ) ;
#2706 = FACE_OUTER_BOUND ( 'NONE', #1505, .T. ) ;
#2707 = CARTESIAN_POINT ( 'NONE',  ( -0.1592553573655436100, 1.400000000000000100, 1.788274705895909900 ) ) ;
#2708 = FACE_OUTER_BOUND ( 'NONE', #3325, .T. ) ;
#2709 = EDGE_LOOP ( 'NONE', ( #704, #299, #2384, #3476 ) ) ;
#2710 = CARTESIAN_POINT ( 'NONE',  ( -4.173588469740022500, 0.0000000000000000000, 1.939999999999999500 ) ) ;
#2711 = ORIENTED_EDGE ( 'NONE', *, *, #3095, .T. ) ;
#2712 = CALENDAR_DATE ( 2017, 3, 4 ) ;
#2713 = PLANE ( 'NONE',  #1132 ) ;
#2714 = AXIS2_PLACEMENT_3D ( 'NONE', #3724, #1984, #5126 ) ;
#2715 = DIRECTION ( 'NONE',  ( 1.179456474371823300E-016, -0.7071067811865485700, 0.7071067811865465700 ) ) ;
#2716 = CARTESIAN_POINT ( 'NONE',  ( -1.883588469740023100, 0.7299999999999999800, 0.5199999999999999100 ) ) ;
#2717 = DIRECTION ( 'NONE',  ( 9.056783560160114900E-016, 0.0000000000000000000, -1.000000000000000000 ) ) ;
#2718 = CIRCLE ( 'NONE', #1433, 0.1600000000000002000 ) ;
#2719 = ORIENTED_EDGE ( 'NONE', *, *, #54, .T. ) ;
#2720 = CARTESIAN_POINT ( 'NONE',  ( -0.8335884697400231000, 1.053589838486225200, 0.2999999999999977700 ) ) ;
#2721 = VECTOR ( 'NONE', #3162, 1000.000000000000000 ) ;
#2722 = VERTEX_POINT ( 'NONE', #5231 ) ;
#2723 = EDGE_CURVE ( 'NONE', #2143, #4625, #807, .T. ) ;
#2724 = ORIENTED_EDGE ( 'NONE', *, *, #4641, .F. ) ;
#2725 = EDGE_CURVE ( 'NONE', #3605, #5385, #3243, .T. ) ;
#2726 = DIRECTION ( 'NONE',  ( 0.0000000000000000000, 0.0000000000000000000, -1.000000000000000000 ) ) ;
#2727 = CARTESIAN_POINT ( 'NONE',  ( -4.333588469740023500, 1.952080447824565000, 1.840000000000000100 ) ) ;
#2728 = DIRECTION ( 'NONE',  ( 0.0000000000000000000, -0.0000000000000000000, 1.000000000000000000 ) ) ;
#2729 = LINE ( 'NONE', #774, #562 ) ;
#2730 = ADVANCED_FACE ( 'NONE', ( #5652 ), #3872, .T. ) ;
#2731 = ORIENTED_EDGE ( 'NONE', *, *, #5313, .F. ) ;
#2732 = CARTESIAN_POINT ( 'NONE',  ( -1.833588469740023100, 1.053589838486225200, -1.300000000000001200 ) ) ;
#2733 = DIRECTION ( 'NONE',  ( 1.000000000000000000, 0.0000000000000000000, -5.421010862427526100E-016 ) ) ;
#2734 = DIRECTION ( 'NONE',  ( 1.000000000000000000, 0.0000000000000000000, 0.0000000000000000000 ) ) ;
#2735 = AXIS2_PLACEMENT_3D ( 'NONE', #80, #4652, #1977 ) ;
#2736 = CARTESIAN_POINT ( 'NONE',  ( -0.5000000000000000000, 0.1499999999999999900, 0.8500000000000003100 ) ) ;
#2737 = DIRECTION ( 'NONE',  ( 3.097720492815727200E-016, 0.0000000000000000000, -1.000000000000000000 ) ) ;
#2738 = DIRECTION ( 'NONE',  ( 5.421010862427529100E-016, 0.0000000000000000000, -1.000000000000000000 ) ) ;
#2739 = EDGE_CURVE ( 'NONE', #2555, #5040, #4145, .T. ) ;
#2740 = VECTOR ( 'NONE', #3166, 1000.000000000000000 ) ;
#2741 = DIRECTION ( 'NONE',  ( 6.133173666733505200E-017, -0.7071067811865464600, -0.7071067811865485700 ) ) ;
#2742 = ORIENTED_EDGE ( 'NONE', *, *, #2333, .T. ) ;
#2743 = EDGE_CURVE ( 'NONE', #4753, #1928, #659, .T. ) ;
#2744 = DIRECTION ( 'NONE',  ( -0.0000000000000000000, 1.000000000000000000, 0.0000000000000000000 ) ) ;
#2745 = VERTEX_POINT ( 'NONE', #247 ) ;
#2746 = FACE_BOUND ( 'NONE', #4485, .T. ) ;
#2747 = DIRECTION ( 'NONE',  ( -0.4472135954999585900, -0.7745966692414825200, -0.4472135954999585900 ) ) ;
#2748 = DIRECTION ( 'NONE',  ( 0.0000000000000000000, -1.000000000000000000, 0.0000000000000000000 ) ) ;
#2749 = CARTESIAN_POINT ( 'NONE',  ( -1.833588469740023300, 0.7599999999999999000, -0.4999999999999998900 ) ) ;
#2750 = EDGE_LOOP ( 'NONE', ( #2492, #2711, #1468, #5603 ) ) ;
#2751 = VECTOR ( 'NONE', #903, 1000.000000000000000 ) ;
#2752 = PLANE ( 'NONE',  #1416 ) ;
#2753 = ORIENTED_EDGE ( 'NONE', *, *, #2053, .T. ) ;
#2754 = EDGE_CURVE ( 'NONE', #3515, #1255, #1798, .T. ) ;
#2755 = ORIENTED_EDGE ( 'NONE', *, *, #518, .T. ) ;
#2756 = EDGE_CURVE ( 'NONE', #34, #3464, #5221, .T. ) ;
#2757 = LINE ( 'NONE', #940, #5155 ) ;
#2758 = CIRCLE ( 'NONE', #338, 0.04999999999999969700 ) ;
#2759 = DIRECTION ( 'NONE',  ( 0.0000000000000000000, -0.0000000000000000000, -1.000000000000000000 ) ) ;
#2760 = ORIENTED_EDGE ( 'NONE', *, *, #5707, .F. ) ;
#2761 = EDGE_LOOP ( 'NONE', ( #2755, #634, #176, #5240 ) ) ;
#2762 = DIRECTION ( 'NONE',  ( -0.0000000000000000000, 0.0000000000000000000, 1.000000000000000000 ) ) ;
#2763 = ORIENTED_EDGE ( 'NONE', *, *, #561, .F. ) ;
#2764 = LINE ( 'NONE', #3418, #2900 ) ;
#2765 = AXIS2_PLACEMENT_3D ( 'NONE', #5095, #4215, #3727 ) ;
#2766 = ORIENTED_EDGE ( 'NONE', *, *, #5786, .T. ) ;
#2767 = DIRECTION ( 'NONE',  ( 0.0000000000000000000, 0.0000000000000000000, 1.000000000000000000 ) ) ;
#2768 = FACE_OUTER_BOUND ( 'NONE', #4599, .T. ) ;
#2769 = CARTESIAN_POINT ( 'NONE',  ( -0.2649107482123400600, 1.400000000000000100, 1.774477918764039800 ) ) ;
#2770 = DIRECTION ( 'NONE',  ( 0.0000000000000000000, -1.000000000000000000, 0.0000000000000000000 ) ) ;
#2771 = ORIENTED_EDGE ( 'NONE', *, *, #2357, .F. ) ;
#2772 =( BOUNDED_CURVE ( )  B_SPLINE_CURVE ( 3, ( #4300, #1617, #4780, #2090 ),
 .UNSPECIFIED., .F., .F. ) 
 B_SPLINE_CURVE_WITH_KNOTS ( ( 4, 4 ),
 ( 7.228014483236699500E-016, 0.7853981633974477200 ),
 .UNSPECIFIED. ) 
 CURVE ( )  GEOMETRIC_REPRESENTATION_ITEM ( )  RATIONAL_B_SPLINE_CURVE ( ( 1.000000000000000000, 0.9492530216741912300, 0.9492530216741912300, 1.000000000000000000 ) ) 
 REPRESENTATION_ITEM ( '' )  );
#2773 = DIRECTION ( 'NONE',  ( -1.000000000000000000, -0.0000000000000000000, 1.668003342285389800E-016 ) ) ;
#2774 = AXIS2_PLACEMENT_3D ( 'NONE', #5680, #2963, #203 ) ;
#2775 = PLANE ( 'NONE',  #3953 ) ;
#2776 = LINE ( 'NONE', #2830, #321 ) ;
#2777 = VECTOR ( 'NONE', #4233, 1000.000000000000100 ) ;
#2778 = ORIENTED_EDGE ( 'NONE', *, *, #2137, .F. ) ;
#2779 = EDGE_LOOP ( 'NONE', ( #3709, #1386, #587, #5312 ) ) ;
#2780 = EDGE_CURVE ( 'NONE', #314, #3333, #2958, .T. ) ;
#2781 = VERTEX_POINT ( 'NONE', #2142 ) ;
#2782 = DIRECTION ( 'NONE',  ( -0.0000000000000000000, -1.000000000000000000, -0.0000000000000000000 ) ) ;
#2783 = VECTOR ( 'NONE', #3571, 1000.000000000000000 ) ;
#2784 = LINE ( 'NONE', #4466, #5187 ) ;
#2785 = DIRECTION ( 'NONE',  ( -8.673617379884035500E-017, 0.0000000000000000000, -1.000000000000000000 ) ) ;
#2786 = VERTEX_POINT ( 'NONE', #5739 ) ;
#2787 = LINE ( 'NONE', #3301, #1453 ) ;
#2788 = DIRECTION ( 'NONE',  ( 0.0000000000000000000, -1.000000000000000000, 0.0000000000000000000 ) ) ;
#2789 = ORIENTED_EDGE ( 'NONE', *, *, #440, .F. ) ;
#2790 = ADVANCED_FACE ( 'NONE', ( #1645 ), #3465, .F. ) ;
#2791 = CC_DESIGN_PERSON_AND_ORGANIZATION_ASSIGNMENT ( #1066, #3254, ( #1595 ) ) ;
#2792 = CARTESIAN_POINT ( 'NONE',  ( -0.05000000000000007200, -0.05000000000000000300, -0.6999999999999998400 ) ) ;
#2793 = CARTESIAN_POINT ( 'NONE',  ( -0.08138499261573928200, 1.400000000000000100, 1.798692120111319500 ) ) ;
#2794 = ORIENTED_EDGE ( 'NONE', *, *, #301, .T. ) ;
#2795 = CARTESIAN_POINT ( 'NONE',  ( -0.1217525833953246300, 1.389999999999999700, 1.819601747247080500 ) ) ;
#2796 = LINE ( 'NONE', #5656, #1613 ) ;
#2797 = DIRECTION ( 'NONE',  ( -1.000000000000000000, -0.0000000000000000000, -9.227252531791543900E-016 ) ) ;
#2798 = EDGE_LOOP ( 'NONE', ( #3471, #3208, #1282, #393 ) ) ;
#2799 = ORIENTED_EDGE ( 'NONE', *, *, #579, .T. ) ;
#2800 = EDGE_CURVE ( 'NONE', #5019, #1575, #376, .T. ) ;
#2801 = CARTESIAN_POINT ( 'NONE',  ( -1.433588469740022500, 1.399999999999999900, 1.939999999999997500 ) ) ;
#2802 = AXIS2_PLACEMENT_3D ( 'NONE', #113, #279, #296 ) ;
#2803 = ORIENTED_EDGE ( 'NONE', *, *, #4841, .T. ) ;
#2804 = CARTESIAN_POINT ( 'NONE',  ( -0.1704733060834922900, 1.399999999999999900, 1.608787526408730100 ) ) ;
#2805 = CARTESIAN_POINT ( 'NONE',  ( -1.833588469740023300, 0.7299999999999999800, 0.6999999999999998400 ) ) ;
#2806 = APPROVAL_ROLE ( '' ) ;
#2807 = VECTOR ( 'NONE', #2624, 1000.000000000000100 ) ;
#2808 = AXIS2_PLACEMENT_3D ( 'NONE', #4396, #2607, #5321 ) ;
#2809 = DIRECTION ( 'NONE',  ( 0.0000000000000000000, -1.000000000000000000, 0.0000000000000000000 ) ) ;
#2810 = CARTESIAN_POINT ( 'NONE',  ( -3.833588469740023100, 0.2000000000000000100, 0.4999999999999992800 ) ) ;
#2811 = FACE_OUTER_BOUND ( 'NONE', #3259, .T. ) ;
#2812 = EDGE_CURVE ( 'NONE', #271, #628, #1486, .T. ) ;
#2813 = ADVANCED_FACE ( 'NONE', ( #221 ), #316, .T. ) ;
#2814 = CARTESIAN_POINT ( 'NONE',  ( -0.09456576304179753500, 1.390000000000000100, 1.595151434349177900 ) ) ;
#2815 = VERTEX_POINT ( 'NONE', #2170 ) ;
#2816 = ORIENTED_EDGE ( 'NONE', *, *, #3159, .T. ) ;
#2817 = EDGE_CURVE ( 'NONE', #4299, #50, #2542, .T. ) ;
#2818 = LINE ( 'NONE', #3330, #1636 ) ;
#2819 = ORIENTED_EDGE ( 'NONE', *, *, #4638, .T. ) ;
#2820 = ORIENTED_EDGE ( 'NONE', *, *, #1784, .T. ) ;
#2821 = VECTOR ( 'NONE', #4347, 1000.000000000000000 ) ;
#2822 = CARTESIAN_POINT ( 'NONE',  ( -1.833588469740022000, 0.2000000000000000100, 1.299999999999999600 ) ) ;
#2823 = VECTOR ( 'NONE', #3071, 1000.000000000000000 ) ;
#2824 = ORIENTED_EDGE ( 'NONE', *, *, #5470, .T. ) ;
#2825 = PLANE ( 'NONE',  #3880 ) ;
#2826 = VERTEX_POINT ( 'NONE', #5426 ) ;
#2827 = LINE ( 'NONE', #355, #3711 ) ;
#2828 = DIRECTION ( 'NONE',  ( 6.195440985631456300E-016, 0.0000000000000000000, -1.000000000000000000 ) ) ;
#2829 = FACE_OUTER_BOUND ( 'NONE', #3823, .T. ) ;
#2830 = CARTESIAN_POINT ( 'NONE',  ( -1.833588469740023100, -0.0000000000000000000, -1.600000000000001000 ) ) ;
#2831 = EDGE_CURVE ( 'NONE', #266, #5615, #3706, .T. ) ;
#2832 = EDGE_CURVE ( 'NONE', #1955, #1028, #1348, .T. ) ;
#2833 = ORIENTED_EDGE ( 'NONE', *, *, #159, .F. ) ;
#2834 = EDGE_CURVE ( 'NONE', #4648, #5646, #77, .T. ) ;
#2835 = LINE ( 'NONE', #2453, #3594 ) ;
#2836 = B_SPLINE_CURVE_WITH_KNOTS ( 'NONE', 3,
 ( #970, #1466, #4615, #1933, #5068, #2379, #5525, #2814, #57, #3267, #520, #3687, #998, #4163, #1477, #4629, #1952, #5087, #2392 ),
 .UNSPECIFIED., .F., .F.,
 ( 4, 1, 1, 1, 1, 1, 1, 1, 1, 1, 1, 1, 1, 1, 1, 1, 4 ),
 ( 0.0000000000000000000, 0.06879851674524019300, 0.1351184559300879800, 0.1990010113675045600, 0.2619337007769909100, 0.3235312844431781400, 0.3854347205665484300, 0.4472155159851221600, 0.5100181032833267500, 0.5725109099917945500, 0.6333640222588508000, 0.6932167277430219000, 0.7525553881310319500, 0.8125582265741705400, 0.8732608589653621000, 0.9355427078252674900, 1.000000000000000000 ),
 .UNSPECIFIED. ) ;
#2837 = DIRECTION ( 'NONE',  ( 0.0000000000000000000, 0.0000000000000000000, -1.000000000000000000 ) ) ;
#2838 = VERTEX_POINT ( 'NONE', #4534 ) ;
#2839 = CARTESIAN_POINT ( 'NONE',  ( -4.333588469740023500, 0.0000000000000000000, 1.850000000000000300 ) ) ;
#2840 = LINE ( 'NONE', #344, #5103 ) ;
#2841 = AXIS2_PLACEMENT_3D ( 'NONE', #2229, #5358, #2657 ) ;
#2842 = LINE ( 'NONE', #333, #1756 ) ;
#2843 = ORIENTED_EDGE ( 'NONE', *, *, #3170, .T. ) ;
#2844 = CARTESIAN_POINT ( 'NONE',  ( -4.173588469740022500, 0.1499999999999999900, -2.100000000000000100 ) ) ;
#2845 = ADVANCED_FACE ( 'NONE', ( #4649 ), #2309, .F. ) ;
#2846 = LINE ( 'NONE', #4187, #4171 ) ;
#2847 = DIRECTION ( 'NONE',  ( 1.000000000000000000, 0.0000000000000000000, 0.0000000000000000000 ) ) ;
#2848 = DIRECTION ( 'NONE',  ( 0.0000000000000000000, 1.000000000000000000, 0.0000000000000000000 ) ) ;
#2849 = VECTOR ( 'NONE', #4185, 1000.000000000000000 ) ;
#2850 = ORIENTED_EDGE ( 'NONE', *, *, #3211, .F. ) ;
#2851 = ORIENTED_EDGE ( 'NONE', *, *, #469, .T. ) ;
#2852 = PERSON_AND_ORGANIZATION ( #1621, #4038 ) ;
#2853 = DIRECTION ( 'NONE',  ( -0.7071067811865471300, 0.0000000000000000000, 0.7071067811865479100 ) ) ;
#2854 = EDGE_CURVE ( 'NONE', #1346, #217, #2407, .T. ) ;
#2855 = PLANE ( 'NONE',  #2714 ) ;
#2856 = EDGE_CURVE ( 'NONE', #1123, #2435, #3445, .T. ) ;
#2857 = LINE ( 'NONE', #4756, #3140 ) ;
#2858 = ORIENTED_EDGE ( 'NONE', *, *, #2346, .F. ) ;
#2859 = EDGE_LOOP ( 'NONE', ( #702, #4462, #3956, #1327 ) ) ;
#2860 = DIRECTION ( 'NONE',  ( 1.000000000000000000, 0.0000000000000000000, 2.161062960310394100E-016 ) ) ;
#2861 = CARTESIAN_POINT ( 'NONE',  ( -0.1704733060834922900, 1.399999999999999900, 1.572890090511294100 ) ) ;
#2862 = ORIENTED_EDGE ( 'NONE', *, *, #2356, .F. ) ;
#2863 = CARTESIAN_POINT ( 'NONE',  ( -4.033588469740023700, -0.05000000000000000300, -1.600000000000001200 ) ) ;
#2864 = FACE_OUTER_BOUND ( 'NONE', #3103, .T. ) ;
#2865 = ORIENTED_EDGE ( 'NONE', *, *, #4232, .T. ) ;
#2866 = ORIENTED_EDGE ( 'NONE', *, *, #1726, .T. ) ;
#2867 = CARTESIAN_POINT ( 'NONE',  ( -1.833588469740022400, 1.053589838486225200, 1.599999999999999000 ) ) ;
#2868 = LINE ( 'NONE', #4392, #423 ) ;
#2869 = ADVANCED_FACE ( 'NONE', ( #4517 ), #879, .T. ) ;
#2870 = DIRECTION ( 'NONE',  ( 1.000000000000000000, 0.0000000000000000000, -0.0000000000000000000 ) ) ;
#2871 = EDGE_CURVE ( 'NONE', #1896, #4739, #2144, .T. ) ;
#2872 = DIRECTION ( 'NONE',  ( -0.0000000000000000000, -1.000000000000000000, -0.0000000000000000000 ) ) ;
#2873 = PLANE ( 'NONE',  #3298 ) ;
#2874 = ADVANCED_FACE ( 'NONE', ( #2286 ), #2752, .F. ) ;
#2875 = AXIS2_PLACEMENT_3D ( 'NONE', #1785, #2648, #2682 ) ;
#2876 = DIRECTION ( 'NONE',  ( -0.0000000000000000000, -1.000000000000000000, -0.0000000000000000000 ) ) ;
#2877 = CARTESIAN_POINT ( 'NONE',  ( -0.1616214102546812100, 1.399999999999999900, 1.823978626038319100 ) ) ;
#2878 = CARTESIAN_POINT ( 'NONE',  ( -4.333588469740023500, 1.149999999999999900, 1.840000000000000100 ) ) ;
#2879 = LINE ( 'NONE', #2668, #5428 ) ;
#2880 = PLANE ( 'NONE',  #5079 ) ;
#2881 = ORIENTED_EDGE ( 'NONE', *, *, #2552, .T. ) ;
#2882 = AXIS2_PLACEMENT_3D ( 'NONE', #2553, #241, #3441 ) ;
#2883 = DIRECTION ( 'NONE',  ( -0.7071067811865471300, 0.0000000000000000000, 0.7071067811865479100 ) ) ;
#2884 = ORIENTED_EDGE ( 'NONE', *, *, #4955, .F. ) ;
#2885 = DIRECTION ( 'NONE',  ( -1.807003620809174600E-016, 1.000000000000000000, 0.0000000000000000000 ) ) ;
#2886 = DIRECTION ( 'NONE',  ( 0.0000000000000000000, 0.0000000000000000000, -1.000000000000000000 ) ) ;
#2887 = VERTEX_POINT ( 'NONE', #5029 ) ;
#2888 = VECTOR ( 'NONE', #2327, 1000.000000000000000 ) ;
#2889 = ORIENTED_EDGE ( 'NONE', *, *, #1683, .F. ) ;
#2890 = CARTESIAN_POINT ( 'NONE',  ( -4.283588469740023700, 1.199999999999999700, 1.565000000000000200 ) ) ;
#2891 = EDGE_LOOP ( 'NONE', ( #1556, #4795, #2620, #1229 ) ) ;
#2892 = CARTESIAN_POINT ( 'NONE',  ( -0.1616214102546812100, 1.389999999999999700, 1.823978626038319100 ) ) ;
#2893 = LINE ( 'NONE', #4584, #5301 ) ;
#2894 = CARTESIAN_POINT ( 'NONE',  ( -3.433588469740024100, 1.053589838486225200, -1.600000000000001000 ) ) ;
#2895 = LINE ( 'NONE', #5232, #3184 ) ;
#2896 = AXIS2_PLACEMENT_3D ( 'NONE', #2692, #3150, #396 ) ;
#2897 = ORIENTED_EDGE ( 'NONE', *, *, #949, .T. ) ;
#2898 = PLANE ( 'NONE',  #1012 ) ;
#2899 = DIRECTION ( 'NONE',  ( 1.668003342285389600E-016, 0.0000000000000000000, 1.000000000000000000 ) ) ;
#2900 = VECTOR ( 'NONE', #2498, 1000.000000000000000 ) ;
#2901 = VERTEX_POINT ( 'NONE', #1891 ) ;
#2902 = ORIENTED_EDGE ( 'NONE', *, *, #149, .F. ) ;
#2903 = DIRECTION ( 'NONE',  ( -6.133173666733505200E-017, 0.7071067811865464600, -0.7071067811865485700 ) ) ;
#2904 = LINE ( 'NONE', #530, #3799 ) ;
#2905 = EDGE_CURVE ( 'NONE', #1797, #379, #3700, .T. ) ;
#2906 = CARTESIAN_POINT ( 'NONE',  ( -0.1616214102546812100, 1.389999999999999900, 1.823978626038319100 ) ) ;
#2907 = CARTESIAN_POINT ( 'NONE',  ( -1.863588469740023100, 0.7299999999999999800, -0.4999999999999998900 ) ) ;
#2908 = EDGE_CURVE ( 'NONE', #467, #33, #4358, .T. ) ;
#2909 = EDGE_LOOP ( 'NONE', ( #1716, #5032, #851, #548 ) ) ;
#2910 = VECTOR ( 'NONE', #4659, 1000.000000000000000 ) ;
#2911 = DIRECTION ( 'NONE',  ( 1.000000000000000000, 0.0000000000000000000, 8.673617379884035500E-017 ) ) ;
#2912 = CARTESIAN_POINT ( 'NONE',  ( -0.1726660061027410200, 1.399999999999999500, 1.823594990455784900 ) ) ;
#2913 = LINE ( 'NONE', #1545, #1746 ) ;
#2914 = VERTEX_POINT ( 'NONE', #5922 ) ;
#2915 = ORIENTED_EDGE ( 'NONE', *, *, #4660, .F. ) ;
#2916 = CARTESIAN_POINT ( 'NONE',  ( -0.4000000000000003600, -0.05000000000000000300, 0.5000000000000000000 ) ) ;
#2917 = ORIENTED_EDGE ( 'NONE', *, *, #4025, .F. ) ;
#2918 = DIRECTION ( 'NONE',  ( 1.000000000000000000, 0.0000000000000000000, 0.0000000000000000000 ) ) ;
#2919 = VECTOR ( 'NONE', #5834, 999.9999999999998900 ) ;
#2920 = DIRECTION ( 'NONE',  ( 1.000000000000000000, 0.0000000000000000000, 0.0000000000000000000 ) ) ;
#2921 = CARTESIAN_POINT ( 'NONE',  ( -1.084202172485504400E-016, 0.8535898384862241600, 0.4999999999999995600 ) ) ;
#2922 = LINE ( 'NONE', #3715, #3966 ) ;
#2923 = EDGE_LOOP ( 'NONE', ( #4935, #3661, #4522, #5533 ) ) ;
#2924 = EDGE_CURVE ( 'NONE', #4022, #3597, #5579, .T. ) ;
#2925 = CARTESIAN_POINT ( 'NONE',  ( -0.2759381534007296900, 1.389999999999999900, 1.764989671523281600 ) ) ;
#2926 = ORIENTED_EDGE ( 'NONE', *, *, #4748, .T. ) ;
#2927 = CARTESIAN_POINT ( 'NONE',  ( -0.03744441746632071900, 1.389999999999999500, 1.716343336316440900 ) ) ;
#2928 = CARTESIAN_POINT ( 'NONE',  ( -0.04626993729857429400, 1.389999999999999500, 1.653047532113084400 ) ) ;
#2929 = EDGE_CURVE ( 'NONE', #4625, #4299, #3175, .T. ) ;
#2930 = ORIENTED_EDGE ( 'NONE', *, *, #866, .T. ) ;
#2931 = LINE ( 'NONE', #1121, #4122 ) ;
#2932 = ORIENTED_EDGE ( 'NONE', *, *, #4762, .T. ) ;
#2933 = CARTESIAN_POINT ( 'NONE',  ( -0.1726660061027410200, 1.389999999999999200, 1.823594990455784900 ) ) ;
#2934 = ORIENTED_EDGE ( 'NONE', *, *, #1407, .T. ) ;
#2935 = EDGE_LOOP ( 'NONE', ( #3270, #2584, #4404 ) ) ;
#2936 = CARTESIAN_POINT ( 'NONE',  ( -3.433588469740024100, 1.053589838486225200, -1.800000000000000700 ) ) ;
#2937 = CARTESIAN_POINT ( 'NONE',  ( -3.633588469740025600, 1.099999999999999900, -3.278929603698681100E-015 ) ) ;
#2938 = PLANE ( 'NONE',  #1048 ) ;
#2939 = EDGE_CURVE ( 'NONE', #343, #4705, #1991, .T. ) ;
#2940 = EDGE_CURVE ( 'NONE', #1397, #1181, #4292, .T. ) ;
#2941 = VECTOR ( 'NONE', #3160, 1000.000000000000000 ) ;
#2942 = DIRECTION ( 'NONE',  ( -1.000000000000000000, -0.0000000000000000000, -0.0000000000000000000 ) ) ;
#2943 = CARTESIAN_POINT ( 'NONE',  ( -0.07244757724769790300, 1.399999999999999700, 1.790862625341461700 ) ) ;
#2944 = CARTESIAN_POINT ( 'NONE',  ( -0.5500000000000001600, 0.0000000000000000000, 1.939999999999999500 ) ) ;
#2945 = LINE ( 'NONE', #3718, #1629 ) ;
#2946 = AXIS2_PLACEMENT_3D ( 'NONE', #5686, #2203, #2759 ) ;
#2947 = CARTESIAN_POINT ( 'NONE',  ( -0.1888962761312194500, 1.399999999999999700, 1.820313347419509200 ) ) ;
#2948 = ORIENTED_EDGE ( 'NONE', *, *, #579, .F. ) ;
#2949 = ORIENTED_EDGE ( 'NONE', *, *, #1979, .F. ) ;
#2950 = VECTOR ( 'NONE', #4702, 1000.000000000000000 ) ;
#2951 = AXIS2_PLACEMENT_3D ( 'NONE', #448, #5494, #2788 ) ;
#2952 = EDGE_CURVE ( 'NONE', #883, #1346, #813, .T. ) ;
#2953 = DIRECTION ( 'NONE',  ( 1.668003342285389600E-016, 0.0000000000000000000, 1.000000000000000000 ) ) ;
#2954 = EDGE_LOOP ( 'NONE', ( #5749, #135, #2465, #1516 ) ) ;
#2955 = ADVANCED_FACE ( 'NONE', ( #1802 ), #1943, .F. ) ;
#2956 = ORIENTED_EDGE ( 'NONE', *, *, #362, .T. ) ;
#2957 = DIRECTION ( 'NONE',  ( 0.0000000000000000000, 0.0000000000000000000, -1.000000000000000000 ) ) ;
#2958 = LINE ( 'NONE', #3444, #5083 ) ;
#2959 = EDGE_CURVE ( 'NONE', #5170, #53, #5375, .T. ) ;
#2960 = CARTESIAN_POINT ( 'NONE',  ( -0.5000000000000000000, 0.1499999999999999900, -2.100000000000000100 ) ) ;
#2961 = VECTOR ( 'NONE', #4463, 1000.000000000000000 ) ;
#2962 = CARTESIAN_POINT ( 'NONE',  ( -0.5000000000000000000, 0.04999999999999999600, -0.8500000000000003100 ) ) ;
#2963 = DIRECTION ( 'NONE',  ( -3.097720492815728200E-016, 0.0000000000000000000, 1.000000000000000000 ) ) ;
#2964 = CARTESIAN_POINT ( 'NONE',  ( -0.1328094065715128800, 1.389999999999999700, 1.822296399593294400 ) ) ;
#2965 = ORIENTED_EDGE ( 'NONE', *, *, #909, .T. ) ;
#2966 = ORIENTED_EDGE ( 'NONE', *, *, #2427, .T. ) ;
#2967 = CARTESIAN_POINT ( 'NONE',  ( 0.0000000000000000000, 1.053589838486225200, 0.0000000000000000000 ) ) ;
#2968 = LINE ( 'NONE', #2614, #5373 ) ;
#2969 = LINE ( 'NONE', #4179, #4014 ) ;
#2970 = CARTESIAN_POINT ( 'NONE',  ( -4.333588469740023500, 0.2000000000000000100, -1.000000000000000700 ) ) ;
#2971 = ORIENTED_EDGE ( 'NONE', *, *, #4993, .F. ) ;
#2972 = ORIENTED_EDGE ( 'NONE', *, *, #4575, .T. ) ;
#2973 = CARTESIAN_POINT ( 'NONE',  ( -0.2818515112116973800, 1.389999999999999900, 1.712633680254884000 ) ) ;
#2974 = LINE ( 'NONE', #5865, #1808 ) ;
#2975 = EDGE_CURVE ( 'NONE', #5608, #467, #2969, .T. ) ;
#2976 = ORIENTED_EDGE ( 'NONE', *, *, #3117, .T. ) ;
#2977 = CARTESIAN_POINT ( 'NONE',  ( -4.033588469740023700, -0.05000000000000000300, -1.800000000000001200 ) ) ;
#2978 = ORIENTED_EDGE ( 'NONE', *, *, #5064, .T. ) ;
#2979 = CARTESIAN_POINT ( 'NONE',  ( -1.233588469740022800, 1.053589838486225200, 1.449999999999999300 ) ) ;
#2980 = VECTOR ( 'NONE', #286, 1000.000000000000000 ) ;
#2981 = DIRECTION ( 'NONE',  ( 0.0000000000000000000, -1.000000000000000000, 0.0000000000000000000 ) ) ;
#2982 = VECTOR ( 'NONE', #5346, 1000.000000000000100 ) ;
#2983 = ORIENTED_EDGE ( 'NONE', *, *, #1326, .T. ) ;
#2984 = DIRECTION ( 'NONE',  ( -1.000000000000000000, 0.0000000000000000000, 0.0000000000000000000 ) ) ;
#2985 = CARTESIAN_POINT ( 'NONE',  ( -3.833588469740023100, 0.0000000000000000000, -0.5000000000000007800 ) ) ;
#2986 = DIRECTION ( 'NONE',  ( -4.743384504624085800E-016, -0.0000000000000000000, 1.000000000000000000 ) ) ;
#2987 = CARTESIAN_POINT ( 'NONE',  ( -0.2995598445450307600, 1.399999999999999900, 1.743242654613858400 ) ) ;
#2988 = VECTOR ( 'NONE', #5548, 1000.000000000000000 ) ;
#2989 = DIRECTION ( 'NONE',  ( -1.000000000000000000, 0.0000000000000000000, 0.0000000000000000000 ) ) ;
#2990 = CARTESIAN_POINT ( 'NONE',  ( -3.733588469740023500, -0.05000000000000000300, -1.800000000000000700 ) ) ;
#2991 = CYLINDRICAL_SURFACE ( 'NONE', #4315, 0.1499999999999999700 ) ;
#2992 = ORIENTED_EDGE ( 'NONE', *, *, #3612, .F. ) ;
#2993 = ORIENTED_EDGE ( 'NONE', *, *, #3016, .F. ) ;
#2994 = ADVANCED_FACE ( 'NONE', ( #2829 ), #2390, .T. ) ;
#2995 = DIRECTION ( 'NONE',  ( 0.0000000000000000000, 0.0000000000000000000, 1.000000000000000000 ) ) ;
#2996 = ORIENTED_EDGE ( 'NONE', *, *, #5924, .F. ) ;
#2997 = CARTESIAN_POINT ( 'NONE',  ( -1.433588469740023400, 1.399999999999999900, -1.500000000000001600 ) ) ;
#2998 = FACE_OUTER_BOUND ( 'NONE', #3960, .T. ) ;
#2999 = ORIENTED_EDGE ( 'NONE', *, *, #3688, .T. ) ;
#3000 = AXIS2_PLACEMENT_3D ( 'NONE', #1922, #2370, #5516 ) ;
#3001 = FACE_OUTER_BOUND ( 'NONE', #5332, .T. ) ;
#3002 = EDGE_LOOP ( 'NONE', ( #3622, #3530, #760, #618 ) ) ;
#3003 = CARTESIAN_POINT ( 'NONE',  ( -3.633588469740025600, 1.099999999999999900, -3.278929603698681100E-015 ) ) ;
#3004 = DIRECTION ( 'NONE',  ( -1.000000000000000000, -1.807003620809174600E-016, 0.0000000000000000000 ) ) ;
#3005 = ORIENTED_EDGE ( 'NONE', *, *, #4540, .T. ) ;
#3006 = DIRECTION ( 'NONE',  ( 1.000000000000000000, 0.0000000000000000000, -0.0000000000000000000 ) ) ;
#3007 = LINE ( 'NONE', #746, #5268 ) ;
#3008 = DIRECTION ( 'NONE',  ( 5.421010862427529100E-016, 0.0000000000000000000, -1.000000000000000000 ) ) ;
#3009 = CARTESIAN_POINT ( 'NONE',  ( -1.863588469740023100, 0.2000000000000000100, -0.4999999999999998900 ) ) ;
#3010 = CARTESIAN_POINT ( 'NONE',  ( -0.6335884697400231400, 0.7800000000000000300, 0.6999999999999999600 ) ) ;
#3011 = CARTESIAN_POINT ( 'NONE',  ( -0.1888962761312194500, 1.389999999999999500, 1.820313347419509200 ) ) ;
#3012 = DIRECTION ( 'NONE',  ( 0.0000000000000000000, -1.000000000000000000, 0.0000000000000000000 ) ) ;
#3013 = CARTESIAN_POINT ( 'NONE',  ( -3.633588469740026500, 0.0000000000000000000, 1.299999999999995400 ) ) ;
#3014 = CARTESIAN_POINT ( 'NONE',  ( -4.333588469740026200, 1.199999999999997100, 1.864999999999994700 ) ) ;
#3015 = CARTESIAN_POINT ( 'NONE',  ( -4.333588469740023500, 0.0000000000000000000, 1.000000000000000700 ) ) ;
#3016 = EDGE_CURVE ( 'NONE', #3480, #2815, #5227, .T. ) ;
#3017 = LINE ( 'NONE', #1669, #1849 ) ;
#3018 = ADVANCED_FACE ( 'NONE', ( #3868 ), #553, .F. ) ;
#3019 = DIRECTION ( 'NONE',  ( -1.000000000000000000, 0.0000000000000000000, 0.0000000000000000000 ) ) ;
#3020 = EDGE_CURVE ( 'NONE', #3119, #3363, #2691, .T. ) ;
#3021 = CARTESIAN_POINT ( 'NONE',  ( -0.5000000000000000000, 0.1499999999999999900, -2.100000000000000100 ) ) ;
#3022 = VERTEX_POINT ( 'NONE', #1981 ) ;
#3023 = CARTESIAN_POINT ( 'NONE',  ( -0.07953067990648415900, 1.400000000000000800, 1.683205539918705600 ) ) ;
#3024 = DIRECTION ( 'NONE',  ( 1.000000000000000000, 0.0000000000000000000, 0.0000000000000000000 ) ) ;
#3025 = ORIENTED_EDGE ( 'NONE', *, *, #3940, .T. ) ;
#3026 = CARTESIAN_POINT ( 'NONE',  ( -0.2046212383125537700, 1.400000000000000100, 1.815188031865742700 ) ) ;
#3027 = ORIENTED_EDGE ( 'NONE', *, *, #18, .T. ) ;
#3028 = LINE ( 'NONE', #1851, #1992 ) ;
#3029 = EDGE_LOOP ( 'NONE', ( #3629, #2541, #5076, #4326 ) ) ;
#3030 = ORIENTED_EDGE ( 'NONE', *, *, #5352, .F. ) ;
#3031 = CARTESIAN_POINT ( 'NONE',  ( -0.8335884697400231000, 0.7800000000000000300, -0.5200000000000000200 ) ) ;
#3032 = LINE ( 'NONE', #5482, #447 ) ;
#3033 = CARTESIAN_POINT ( 'NONE',  ( -0.1468674190937924500, 1.399999999999999900, -1.100000000000001000 ) ) ;
#3034 = VECTOR ( 'NONE', #2515, 1000.000000000000000 ) ;
#3035 = EDGE_CURVE ( 'NONE', #4965, #2401, #382, .T. ) ;
#3036 = DIRECTION ( 'NONE',  ( 0.6837766319733927800, 0.0000000000000000000, -0.7296913851534246900 ) ) ;
#3037 = VERTEX_POINT ( 'NONE', #4637 ) ;
#3038 = CARTESIAN_POINT ( 'NONE',  ( -0.07816561377579997500, 1.389999999999999700, 1.701495859742063500 ) ) ;
#3039 = EDGE_CURVE ( 'NONE', #3937, #883, #229, .T. ) ;
#3040 = CARTESIAN_POINT ( 'NONE',  ( -1.383588469740022700, 1.053589838486225200, 1.299999999999999600 ) ) ;
#3041 = VECTOR ( 'NONE', #5281, 1000.000000000000000 ) ;
#3042 = CARTESIAN_POINT ( 'NONE',  ( -0.1599686211578302000, 1.399999999999999700, 1.609801301200728000 ) ) ;
#3043 = DIRECTION ( 'NONE',  ( -0.0000000000000000000, -1.000000000000000000, -0.0000000000000000000 ) ) ;
#3044 = VERTEX_POINT ( 'NONE', #3747 ) ;
#3045 = EDGE_LOOP ( 'NONE', ( #4767, #1693, #4808, #2132 ) ) ;
#3046 = LINE ( 'NONE', #1063, #462 ) ;
#3047 = ADVANCED_FACE ( 'NONE', ( #1496 ), #4683, .F. ) ;
#3048 = CARTESIAN_POINT ( 'NONE',  ( -0.2046212383125537700, 1.389999999999999900, 1.815188031865742700 ) ) ;
#3049 = EDGE_LOOP ( 'NONE', ( #219, #5572, #929, #752 ) ) ;
#3050 = CARTESIAN_POINT ( 'NONE',  ( -0.2490295627926443500, 1.389999999999999700, 1.743150931822692800 ) ) ;
#3051 = VECTOR ( 'NONE', #3065, 1000.000000000000000 ) ;
#3052 = EDGE_CURVE ( 'NONE', #4379, #5250, #86, .T. ) ;
#3053 = EDGE_CURVE ( 'NONE', #3236, #1151, #3713, .T. ) ;
#3054 = CARTESIAN_POINT ( 'NONE',  ( -0.8335884697400231000, 1.053589838486225200, -0.2999999999999999900 ) ) ;
#3055 = VECTOR ( 'NONE', #3772, 1000.000000000000000 ) ;
#3056 = ORIENTED_EDGE ( 'NONE', *, *, #2567, .F. ) ;
#3057 = DIRECTION ( 'NONE',  ( 1.734723475976807100E-014, -1.000000000000000000, 0.0000000000000000000 ) ) ;
#3058 = DIRECTION ( 'NONE',  ( 0.0000000000000000000, 1.000000000000000000, 0.0000000000000000000 ) ) ;
#3059 = CARTESIAN_POINT ( 'NONE',  ( -3.633588469740023800, 1.199999999999999700, -1.840000000000000100 ) ) ;
#3060 = DIRECTION ( 'NONE',  ( -0.0000000000000000000, -0.5000000000000014400, -0.8660254037844379300 ) ) ;
#3061 = PLANE ( 'NONE',  #2300 ) ;
#3062 = ORIENTED_EDGE ( 'NONE', *, *, #1672, .T. ) ;
#3063 = DIRECTION ( 'NONE',  ( -0.0000000000000000000, 1.000000000000000000, -0.0000000000000000000 ) ) ;
#3064 = VECTOR ( 'NONE', #3509, 1000.000000000000000 ) ;
#3065 = DIRECTION ( 'NONE',  ( -1.000000000000000000, 0.0000000000000000000, -1.807003620809174600E-016 ) ) ;
#3066 = DIRECTION ( 'NONE',  ( -1.000000000000000000, 0.0000000000000000000, -9.227252531791543900E-016 ) ) ;
#3067 = ORIENTED_EDGE ( 'NONE', *, *, #3809, .F. ) ;
#3068 = CARTESIAN_POINT ( 'NONE',  ( -0.03713997275015895600, 1.399999999999999900, 1.703338808460012300 ) ) ;
#3069 = DIRECTION ( 'NONE',  ( 1.000000000000000000, 0.0000000000000000000, -0.0000000000000000000 ) ) ;
#3070 = ORIENTED_EDGE ( 'NONE', *, *, #576, .T. ) ;
#3071 = DIRECTION ( 'NONE',  ( 0.0000000000000000000, -1.000000000000000000, 0.0000000000000000000 ) ) ;
#3072 = LINE ( 'NONE', #504, #626 ) ;
#3073 = VERTEX_POINT ( 'NONE', #5598 ) ;
#3074 = CARTESIAN_POINT ( 'NONE',  ( -3.433588469740024100, 1.053589838486225200, -1.300000000000000900 ) ) ;
#3075 = ORIENTED_EDGE ( 'NONE', *, *, #248, .T. ) ;
#3076 = FACE_OUTER_BOUND ( 'NONE', #2004, .T. ) ;
#3077 = ORIENTED_EDGE ( 'NONE', *, *, #2445, .F. ) ;
#3078 = EDGE_LOOP ( 'NONE', ( #3114, #4248, #4852, #2404 ) ) ;
#3079 = CARTESIAN_POINT ( 'NONE',  ( -0.07816561377579997500, 1.399999999999999900, 1.701495859742063500 ) ) ;
#3080 = EDGE_CURVE ( 'NONE', #1044, #3493, #1358, .T. ) ;
#3081 = VERTEX_POINT ( 'NONE', #3769 ) ;
#3082 = CARTESIAN_POINT ( 'NONE',  ( -3.633588469740027400, -8.384496800554570300E-015, 1.449999999999987300 ) ) ;
#3083 = PLANE ( 'NONE',  #5299 ) ;
#3084 = ADVANCED_FACE ( 'NONE', ( #4811 ), #2461, .T. ) ;
#3085 = DIRECTION ( 'NONE',  ( -1.000000000000000000, 0.0000000000000000000, 0.0000000000000000000 ) ) ;
#3086 = DIRECTION ( 'NONE',  ( -1.000000000000000000, -0.0000000000000000000, -0.0000000000000000000 ) ) ;
#3087 = CARTESIAN_POINT ( 'NONE',  ( -0.1592553573655436100, 1.400000000000000100, 1.788274705895909900 ) ) ;
#3088 = LINE ( 'NONE', #2276, #1913 ) ;
#3089 = SECURITY_CLASSIFICATION ( '', '', #505 ) ;
#3090 = VECTOR ( 'NONE', #1871, 1000.000000000000000 ) ;
#3091 = DIRECTION ( 'NONE',  ( 1.000000000000000000, -0.0000000000000000000, 0.0000000000000000000 ) ) ;
#3092 = CARTESIAN_POINT ( 'NONE',  ( -4.173588469740022500, 1.399999999999999900, 2.099999999999999600 ) ) ;
#3093 = DIRECTION ( 'NONE',  ( 0.7297249646783445800, 0.0000000000000000000, 0.6837407958614057900 ) ) ;
#3094 = CARTESIAN_POINT ( 'NONE',  ( -3.433588469740023600, 1.399999999999999900, 1.299999999999999600 ) ) ;
#3095 = EDGE_CURVE ( 'NONE', #1614, #2679, #3453, .T. ) ;
#3096 = ORIENTED_EDGE ( 'NONE', *, *, #500, .F. ) ;
#3097 = ORIENTED_EDGE ( 'NONE', *, *, #3415, .T. ) ;
#3098 = CARTESIAN_POINT ( 'NONE',  ( -3.733588469740024300, -0.05000000000000000300, 1.799999999999999600 ) ) ;
#3099 = LINE ( 'NONE', #119, #5804 ) ;
#3100 = CARTESIAN_POINT ( 'NONE',  ( -1.383588469740022700, 1.399999999999999900, 1.299999999999999600 ) ) ;
#3101 = CARTESIAN_POINT ( 'NONE',  ( -0.1600000000000004200, 1.399999999999999900, 1.940000000000000200 ) ) ;
#3102 = CARTESIAN_POINT ( 'NONE',  ( -1.833588469740022000, 1.053589838486225200, 1.299999999999999600 ) ) ;
#3103 = EDGE_LOOP ( 'NONE', ( #1211, #4548, #490, #5086, #721, #1178, #2297, #2324, #5219, #3320, #4714, #1828, #2547, #1490 ) ) ;
#3104 = DIRECTION ( 'NONE',  ( 1.445602896647341500E-015, 0.0000000000000000000, -1.000000000000000000 ) ) ;
#3105 = ORIENTED_EDGE ( 'NONE', *, *, #4137, .T. ) ;
#3106 = VECTOR ( 'NONE', #2984, 1000.000000000000000 ) ;
#3107 = VECTOR ( 'NONE', #3991, 1000.000000000000000 ) ;
#3108 = AXIS2_PLACEMENT_3D ( 'NONE', #309, #5787, #1265 ) ;
#3109 = ADVANCED_FACE ( 'NONE', ( #2294 ), #1562, .F. ) ;
#3110 = CIRCLE ( 'NONE', #373, 0.1600000000000002000 ) ;
#3111 = VECTOR ( 'NONE', #4608, 1000.000000000000000 ) ;
#3112 = ORIENTED_EDGE ( 'NONE', *, *, #2458, .T. ) ;
#3113 = CARTESIAN_POINT ( 'NONE',  ( -3.633588469740023800, 1.952080447824565000, -1.840000000000000100 ) ) ;
#3114 = ORIENTED_EDGE ( 'NONE', *, *, #1519, .T. ) ;
#3115 = CARTESIAN_POINT ( 'NONE',  ( -4.333588469740026200, 0.1499999999999999900, -1.850000000000000300 ) ) ;
#3116 = LINE ( 'NONE', #928, #675 ) ;
#3117 = EDGE_CURVE ( 'NONE', #5255, #5576, #5881, .T. ) ;
#3118 = EDGE_CURVE ( 'NONE', #1670, #5689, #5734, .T. ) ;
#3119 = VERTEX_POINT ( 'NONE', #2921 ) ;
#3120 = ORIENTED_EDGE ( 'NONE', *, *, #2832, .T. ) ;
#3121 = B_SPLINE_CURVE_WITH_KNOTS ( 'NONE', 3,
 ( #4483, #4341, #4302, #4545, #4798, #4898, #5205, #5270, #5351, #5450, #5817, #4458, #239, #1330, #388, #5733, #5416, #5709, #5368 ),
 .UNSPECIFIED., .F., .F.,
 ( 4, 1, 1, 1, 1, 1, 1, 1, 1, 1, 1, 1, 1, 1, 1, 1, 4 ),
 ( 0.0000000000000000000, 0.06445080403950483000, 0.1265707373889677600, 0.1869223403502073600, 0.2459238291492363800, 0.3040981291842940700, 0.3617809244373666500, 0.4205767070796507800, 0.4802722948734338700, 0.5402235719851369300, 0.6006579291413455300, 0.6619161520107284000, 0.7244346368652704300, 0.7888525350546830000, 0.8562867039586418100, 0.9263381618443968800, 1.000000000000000000 ),
 .UNSPECIFIED. ) ;
#3122 = CARTESIAN_POINT ( 'NONE',  ( -0.1080978077511446600, 1.389999999999999900, 1.769068888867823700 ) ) ;
#3123 = VECTOR ( 'NONE', #143, 1000.000000000000000 ) ;
#3124 = DIRECTION ( 'NONE',  ( 0.0000000000000000000, 0.0000000000000000000, -1.000000000000000000 ) ) ;
#3125 = AXIS2_PLACEMENT_3D ( 'NONE', #427, #2741, #5916 ) ;
#3126 = CARTESIAN_POINT ( 'NONE',  ( -0.1600000000000004200, 0.9499999999999999600, 2.100000000000000100 ) ) ;
#3127 = CARTESIAN_POINT ( 'NONE',  ( -4.333588469740023500, 1.149999999999999900, 1.565000000000000200 ) ) ;
#3128 = LINE ( 'NONE', #4884, #2982 ) ;
#3129 = ORIENTED_EDGE ( 'NONE', *, *, #5035, .F. ) ;
#3130 = CARTESIAN_POINT ( 'NONE',  ( -0.1086953068308881000, 1.390000000000000100, 1.631657564563290500 ) ) ;
#3131 = VECTOR ( 'NONE', #3437, 1000.000000000000000 ) ;
#3132 = LINE ( 'NONE', #2801, #5398 ) ;
#3133 = ORIENTED_EDGE ( 'NONE', *, *, #4235, .F. ) ;
#3134 = VERTEX_POINT ( 'NONE', #5635 ) ;
#3135 = EDGE_CURVE ( 'NONE', #4930, #1924, #1042, .T. ) ;
#3136 = EDGE_CURVE ( 'NONE', #772, #1082, #887, .T. ) ;
#3137 = VERTEX_POINT ( 'NONE', #1605 ) ;
#3138 = DIRECTION ( 'NONE',  ( 1.668003342285389600E-016, 0.0000000000000000000, 1.000000000000000000 ) ) ;
#3139 = CARTESIAN_POINT ( 'NONE',  ( -4.283588469740023700, 1.199999999999999700, -1.565000000000000200 ) ) ;
#3140 = VECTOR ( 'NONE', #2073, 1000.000000000000000 ) ;
#3141 = EDGE_CURVE ( 'NONE', #1910, #811, #4366, .T. ) ;
#3142 = EDGE_LOOP ( 'NONE', ( #4729, #1096, #3356, #4143, #1509 ) ) ;
#3143 = ADVANCED_FACE ( 'NONE', ( #4527 ), #597, .T. ) ;
#3144 = CARTESIAN_POINT ( 'NONE',  ( -3.633588469740023800, 0.9999999999999995600, -1.840000000000000100 ) ) ;
#3145 = ORIENTED_EDGE ( 'NONE', *, *, #55, .T. ) ;
#3146 = CARTESIAN_POINT ( 'NONE',  ( -0.2592772583228618600, 1.399999999999999700, 1.733923365018547000 ) ) ;
#3147 = CARTESIAN_POINT ( 'NONE',  ( -3.683588469740026300, 0.1499999999999999900, 1.850000000000000300 ) ) ;
#3148 = LINE ( 'NONE', #5823, #554 ) ;
#3149 = DIRECTION ( 'NONE',  ( -0.0000000000000000000, 1.000000000000000000, 0.0000000000000000000 ) ) ;
#3150 = DIRECTION ( 'NONE',  ( 0.8660254037844380400, -0.5000000000000010000, -3.129822080702416000E-015 ) ) ;
#3151 = VERTEX_POINT ( 'NONE', #1622 ) ;
#3152 = CARTESIAN_POINT ( 'NONE',  ( -0.8335884697400228700, 1.399999999999999900, 1.599999999999999200 ) ) ;
#3153 = CARTESIAN_POINT ( 'NONE',  ( -3.633588469740025600, 1.199999999999999700, -3.278929603698681100E-015 ) ) ;
#3154 = VERTEX_POINT ( 'NONE', #4765 ) ;
#3155 = CARTESIAN_POINT ( 'NONE',  ( -0.1669135870580006600, 1.399999999999999900, 1.609131063929386500 ) ) ;
#3156 = VECTOR ( 'NONE', #3463, 1000.000000000000000 ) ;
#3157 = ORIENTED_EDGE ( 'NONE', *, *, #4720, .T. ) ;
#3158 = EDGE_CURVE ( 'NONE', #1163, #3073, #2002, .T. ) ;
#3159 = EDGE_CURVE ( 'NONE', #628, #5186, #1866, .T. ) ;
#3160 = DIRECTION ( 'NONE',  ( 1.000000000000000000, 0.0000000000000000000, 0.0000000000000000000 ) ) ;
#3161 = PLANE ( 'NONE',  #4298 ) ;
#3162 = DIRECTION ( 'NONE',  ( -1.000000000000000000, 0.0000000000000000000, -8.673617379884035500E-017 ) ) ;
#3163 = DIRECTION ( 'NONE',  ( -0.0000000000000000000, -0.0000000000000000000, 1.000000000000000000 ) ) ;
#3164 = LINE ( 'NONE', #5838, #1982 ) ;
#3165 = PLANE ( 'NONE',  #1168 ) ;
#3166 = DIRECTION ( 'NONE',  ( -1.000000000000000000, 0.0000000000000000000, 0.0000000000000000000 ) ) ;
#3167 = VERTEX_POINT ( 'NONE', #5208 ) ;
#3168 = DIRECTION ( 'NONE',  ( 0.0000000000000000000, 0.0000000000000000000, -1.000000000000000000 ) ) ;
#3169 = ADVANCED_FACE ( 'NONE', ( #5445 ), #674, .F. ) ;
#3170 = EDGE_CURVE ( 'NONE', #2901, #2786, #2895, .T. ) ;
#3171 = VERTEX_POINT ( 'NONE', #4786 ) ;
#3172 = ORIENTED_EDGE ( 'NONE', *, *, #5355, .T. ) ;
#3173 = CARTESIAN_POINT ( 'NONE',  ( -4.173588469740022500, 1.399999999999999900, 1.799999999999999200 ) ) ;
#3174 = ORIENTED_EDGE ( 'NONE', *, *, #3354, .F. ) ;
#3175 = LINE ( 'NONE', #4136, #5520 ) ;
#3176 = CARTESIAN_POINT ( 'NONE',  ( -4.333588469740023500, 0.9999999999999995600, -1.565000000000000200 ) ) ;
#3177 = CARTESIAN_POINT ( 'NONE',  ( -1.833588469740023100, 1.053589838486225200, -1.800000000000000700 ) ) ;
#3178 = LINE ( 'NONE', #1835, #731 ) ;
#3179 = CARTESIAN_POINT ( 'NONE',  ( -1.883588469740023100, 0.7299999999999999800, -0.6999999999999998400 ) ) ;
#3180 = ORIENTED_EDGE ( 'NONE', *, *, #556, .F. ) ;
#3181 = ORIENTED_EDGE ( 'NONE', *, *, #4211, .T. ) ;
#3182 = LINE ( 'NONE', #452, #5444 ) ;
#3183 = CARTESIAN_POINT ( 'NONE',  ( -0.1468674190937924500, 1.389999999999999900, -1.100000000000001000 ) ) ;
#3184 = VECTOR ( 'NONE', #2531, 1000.000000000000100 ) ;
#3185 = DIRECTION ( 'NONE',  ( 0.0000000000000000000, -1.000000000000000000, 0.0000000000000000000 ) ) ;
#3186 = ORIENTED_EDGE ( 'NONE', *, *, #4642, .T. ) ;
#3187 = DIRECTION ( 'NONE',  ( 0.0000000000000000000, -0.0000000000000000000, -1.000000000000000000 ) ) ;
#3188 = LINE ( 'NONE', #4408, #3041 ) ;
#3189 = CARTESIAN_POINT ( 'NONE',  ( -3.683588469740026300, 0.0000000000000000000, 1.850000000000000300 ) ) ;
#3190 = VERTEX_POINT ( 'NONE', #5701 ) ;
#3191 = ORIENTED_EDGE ( 'NONE', *, *, #4896, .F. ) ;
#3192 = CIRCLE ( 'NONE', #292, 0.1599999999999999800 ) ;
#3193 = CARTESIAN_POINT ( 'NONE',  ( -3.433588469740024100, 1.053589838486225200, 1.599999999999999000 ) ) ;
#3194 = EDGE_LOOP ( 'NONE', ( #5899, #1406, #3313, #2507 ) ) ;
#3195 = DIRECTION ( 'NONE',  ( 0.0000000000000000000, 1.000000000000000000, 0.0000000000000000000 ) ) ;
#3196 = AXIS2_PLACEMENT_3D ( 'NONE', #894, #2744, #2728 ) ;
#3197 = LINE ( 'NONE', #3200, #4103 ) ;
#3198 = FACE_BOUND ( 'NONE', #5676, .T. ) ;
#3199 = ORIENTED_EDGE ( 'NONE', *, *, #5253, .F. ) ;
#3200 = CARTESIAN_POINT ( 'NONE',  ( -3.833588469740023100, 0.2000000000000000100, 0.4999999999999992800 ) ) ;
#3201 = COORDINATED_UNIVERSAL_TIME_OFFSET ( 5, 0, .BEHIND. ) ;
#3202 = CARTESIAN_POINT ( 'NONE',  ( -0.1616214102546812100, 1.399999999999999900, 1.823978626038319100 ) ) ;
#3203 = DIRECTION ( 'NONE',  ( 2.409338161078899700E-016, 0.0000000000000000000, 1.000000000000000000 ) ) ;
#3204 = CARTESIAN_POINT ( 'NONE',  ( -4.333588469740023500, 1.952080447824565000, -1.840000000000000100 ) ) ;
#3205 = VECTOR ( 'NONE', #4455, 1000.000000000000000 ) ;
#3206 = ORIENTED_EDGE ( 'NONE', *, *, #862, .T. ) ;
#3207 = LINE ( 'NONE', #5071, #5478 ) ;
#3208 = ORIENTED_EDGE ( 'NONE', *, *, #2171, .F. ) ;
#3209 = CARTESIAN_POINT ( 'NONE',  ( -0.2172769299793475300, 1.399999999999999900, 1.809016905368675100 ) ) ;
#3210 = EDGE_CURVE ( 'NONE', #1957, #5659, #4086, .T. ) ;
#3211 = EDGE_CURVE ( 'NONE', #3245, #3073, #449, .T. ) ;
#3212 = CARTESIAN_POINT ( 'NONE',  ( -1.626303258728256700E-016, 1.389999999999999900, 1.439999999999999500 ) ) ;
#3213 = LINE ( 'NONE', #1142, #488 ) ;
#3214 = ORIENTED_EDGE ( 'NONE', *, *, #469, .F. ) ;
#3215 = CARTESIAN_POINT ( 'NONE',  ( -1.883588469740023100, 0.7800000000000000300, 0.4999999999999998900 ) ) ;
#3216 = CARTESIAN_POINT ( 'NONE',  ( -0.2875349270944498300, 1.400000000000000100, 1.754461273577978800 ) ) ;
#3217 = AXIS2_PLACEMENT_3D ( 'NONE', #1030, #4196, #1518 ) ;
#3218 = CARTESIAN_POINT ( 'NONE',  ( -1.863588469740023100, 0.7800000000000000300, -0.4999999999999998900 ) ) ;
#3219 = PLANE ( 'NONE',  #3000 ) ;
#3220 = CARTESIAN_POINT ( 'NONE',  ( -3.433588469740024100, 1.053589838486225200, -1.300000000000000900 ) ) ;
#3221 = VERTEX_POINT ( 'NONE', #1176 ) ;
#3222 = CARTESIAN_POINT ( 'NONE',  ( -0.03917710652543261700, 1.390000000000000100, 1.728921852253914500 ) ) ;
#3223 = DIRECTION ( 'NONE',  ( 0.0000000000000000000, 0.0000000000000000000, 1.000000000000000000 ) ) ;
#3224 = EDGE_CURVE ( 'NONE', #2383, #5868, #1574, .T. ) ;
#3225 = FACE_BOUND ( 'NONE', #2106, .T. ) ;
#3226 = ADVANCED_FACE ( 'NONE', ( #1724 ), #1673, .F. ) ;
#3227 = EDGE_CURVE ( 'NONE', #473, #5326, #2758, .T. ) ;
#3228 = FACE_OUTER_BOUND ( 'NONE', #2709, .T. ) ;
#3229 = AXIS2_PLACEMENT_3D ( 'NONE', #1685, #4818, #2134 ) ;
#3230 = CARTESIAN_POINT ( 'NONE',  ( -1.833588469740023100, 1.053589838486225200, -1.600000000000001000 ) ) ;
#3231 = DIRECTION ( 'NONE',  ( 1.000000000000000000, 0.0000000000000000000, 0.0000000000000000000 ) ) ;
#3232 = DIRECTION ( 'NONE',  ( 0.0000000000000000000, 0.0000000000000000000, -1.000000000000000000 ) ) ;
#3233 = CARTESIAN_POINT ( 'NONE',  ( -0.1007812428245586000, 1.400000000000000400, 1.811231025096188500 ) ) ;
#3234 = ORIENTED_EDGE ( 'NONE', *, *, #4863, .T. ) ;
#3235 = CARTESIAN_POINT ( 'NONE',  ( -0.8335884697400231000, 0.1999999999999998700, 0.3000000000000000400 ) ) ;
#3236 = VERTEX_POINT ( 'NONE', #3891 ) ;
#3237 = FACE_OUTER_BOUND ( 'NONE', #936, .T. ) ;
#3238 = CARTESIAN_POINT ( 'NONE',  ( -0.1443093849722630300, 1.390000000000000100, 1.823819532586219400 ) ) ;
#3239 = EDGE_CURVE ( 'NONE', #1923, #1210, #2616, .T. ) ;
#3240 = ORIENTED_EDGE ( 'NONE', *, *, #4872, .T. ) ;
#3241 = EDGE_CURVE ( 'NONE', #772, #4833, #5022, .T. ) ;
#3242 = ORIENTED_EDGE ( 'NONE', *, *, #4723, .F. ) ;
#3243 = LINE ( 'NONE', #3427, #3106 ) ;
#3244 = CYLINDRICAL_SURFACE ( 'NONE', #3683, 0.04999999999999991300 ) ;
#3245 = VERTEX_POINT ( 'NONE', #3021 ) ;
#3246 = CARTESIAN_POINT ( 'NONE',  ( -4.173588469740022500, 1.399999999999999900, -1.939999999999999500 ) ) ;
#3247 = ORIENTED_EDGE ( 'NONE', *, *, #1195, .F. ) ;
#3248 = VECTOR ( 'NONE', #4378, 1000.000000000000000 ) ;
#3249 = AXIS2_PLACEMENT_3D ( 'NONE', #4290, #1627, #4771 ) ;
#3250 = VERTEX_POINT ( 'NONE', #272 ) ;
#3251 = VERTEX_POINT ( 'NONE', #730 ) ;
#3252 = DIRECTION ( 'NONE',  ( -1.000000000000000000, 0.0000000000000000000, 0.0000000000000000000 ) ) ;
#3253 = CYLINDRICAL_SURFACE ( 'NONE', #4581, 0.04999999999999991300 ) ;
#3254 = PERSON_AND_ORGANIZATION_ROLE ( 'design_supplier' ) ;
#3255 = ADVANCED_FACE ( 'NONE', ( #3648 ), #3911, .F. ) ;
#3256 = DIRECTION ( 'NONE',  ( -9.056783560160114900E-016, 0.0000000000000000000, 1.000000000000000000 ) ) ;
#3257 = CARTESIAN_POINT ( 'NONE',  ( -1.833588469740023300, 0.7299999999999999800, 0.6999999999999998400 ) ) ;
#3258 = DIRECTION ( 'NONE',  ( 5.425358542256703500E-031, 1.000000000000000000, 3.252606517456512100E-015 ) ) ;
#3259 = EDGE_LOOP ( 'NONE', ( #2992, #2926, #930, #4321 ) ) ;
#3260 = DIRECTION ( 'NONE',  ( 1.000000000000000000, 0.0000000000000000000, 0.0000000000000000000 ) ) ;
#3261 = FACE_OUTER_BOUND ( 'NONE', #3955, .T. ) ;
#3262 = EDGE_CURVE ( 'NONE', #2169, #2838, #2690, .T. ) ;
#3263 = FACE_OUTER_BOUND ( 'NONE', #2750, .T. ) ;
#3264 = EDGE_LOOP ( 'NONE', ( #1744, #472, #3067, #4612 ) ) ;
#3265 = EDGE_CURVE ( 'NONE', #526, #1684, #2476, .T. ) ;
#3266 = FACE_OUTER_BOUND ( 'NONE', #4454, .T. ) ;
#3267 = CARTESIAN_POINT ( 'NONE',  ( -0.07452431429085881700, 1.390000000000000300, 1.611525023633701800 ) ) ;
#3268 = VECTOR ( 'NONE', #3642, 1000.000000000000000 ) ;
#3269 = EDGE_LOOP ( 'NONE', ( #1435, #4105, #3399, #2934 ) ) ;
#3270 = ORIENTED_EDGE ( 'NONE', *, *, #4932, .T. ) ;
#3271 = VECTOR ( 'NONE', #137, 1000.000000000000000 ) ;
#3272 = CARTESIAN_POINT ( 'NONE',  ( -0.3500000000000000300, 0.1500000000000000200, -2.100000000000000100 ) ) ;
#3273 = ORIENTED_EDGE ( 'NONE', *, *, #5695, .F. ) ;
#3274 = CARTESIAN_POINT ( 'NONE',  ( -3.808588469740024500, 1.703108891324554000, 1.299999999999999600 ) ) ;
#3275 = CARTESIAN_POINT ( 'NONE',  ( -3.633588469740024700, 0.0000000000000000000, -1.300000000000000300 ) ) ;
#3276 = EDGE_CURVE ( 'NONE', #432, #3941, #3789, .T. ) ;
#3277 = PLANE ( 'NONE',  #2123 ) ;
#3278 = CARTESIAN_POINT ( 'NONE',  ( -4.333588469740024400, 1.099999999999999900, -3.924837280924088800E-015 ) ) ;
#3279 = VECTOR ( 'NONE', #2196, 1000.000000000000000 ) ;
#3280 = CARTESIAN_POINT ( 'NONE',  ( -3.633588469740023800, 0.9999999999999995600, -1.840000000000000100 ) ) ;
#3281 = VERTEX_POINT ( 'NONE', #2194 ) ;
#3282 = CIRCLE ( 'NONE', #1993, 0.1499999999999999700 ) ;
#3283 = ADVANCED_FACE ( 'NONE', ( #2351 ), #5810, .T. ) ;
#3284 = CARTESIAN_POINT ( 'NONE',  ( -0.6335884697400228100, 1.399999999999999900, 0.4999999999999993300 ) ) ;
#3285 = CARTESIAN_POINT ( 'NONE',  ( -0.2308861096459869400, 1.389999999999999500, 1.758541835647472200 ) ) ;
#3286 = CARTESIAN_POINT ( 'NONE',  ( -4.333588469740023500, 1.099999999999999900, -1.540000000000000700 ) ) ;
#3287 = VECTOR ( 'NONE', #2953, 1000.000000000000000 ) ;
#3288 = CARTESIAN_POINT ( 'NONE',  ( -3.833588469740023100, 1.399999999999999900, -0.5000000000000007800 ) ) ;
#3289 = CARTESIAN_POINT ( 'NONE',  ( -1.833588469740022400, 1.053589838486225200, 1.799999999999999200 ) ) ;
#3290 = VECTOR ( 'NONE', #5651, 1000.000000000000000 ) ;
#3291 = DIRECTION ( 'NONE',  ( 0.0000000000000000000, -0.0000000000000000000, 1.000000000000000000 ) ) ;
#3292 = ORIENTED_EDGE ( 'NONE', *, *, #4844, .F. ) ;
#3293 = AXIS2_PLACEMENT_3D ( 'NONE', #348, #4878, #4966 ) ;
#3294 = CARTESIAN_POINT ( 'NONE',  ( -4.333588469740023500, 1.399999999999999900, 1.299999999999999800 ) ) ;
#3295 = ORIENTED_EDGE ( 'NONE', *, *, #2723, .F. ) ;
#3296 = CARTESIAN_POINT ( 'NONE',  ( -0.4473963830065692500, 1.399999999999999900, 1.557505475126679000 ) ) ;
#3297 = CARTESIAN_POINT ( 'NONE',  ( -0.2229762233893812800, 1.389999999999999700, 1.764688927663651000 ) ) ;
#3298 = AXIS2_PLACEMENT_3D ( 'NONE', #3751, #1059, #4212 ) ;
#3299 = ORIENTED_EDGE ( 'NONE', *, *, #4480, .T. ) ;
#3300 = VECTOR ( 'NONE', #2373, 1000.000000000000100 ) ;
#3301 = CARTESIAN_POINT ( 'NONE',  ( -3.433588469740024100, 1.399999999999999900, -1.300000000000000900 ) ) ;
#3302 = LINE ( 'NONE', #4938, #880 ) ;
#3303 = ADVANCED_FACE ( 'NONE', ( #3511 ), #3949, .T. ) ;
#3304 = CARTESIAN_POINT ( 'NONE',  ( -0.5000000000000000000, 0.04999999999999999600, 2.100000000000000100 ) ) ;
#3305 = ORIENTED_EDGE ( 'NONE', *, *, #384, .F. ) ;
#3306 = VERTEX_POINT ( 'NONE', #3500 ) ;
#3307 = LINE ( 'NONE', #2736, #2153 ) ;
#3308 = VECTOR ( 'NONE', #165, 1000.000000000000000 ) ;
#3309 = DIRECTION ( 'NONE',  ( 5.421010862427529100E-016, 0.0000000000000000000, -1.000000000000000000 ) ) ;
#3310 = EDGE_CURVE ( 'NONE', #891, #897, #16, .T. ) ;
#3311 = DIRECTION ( 'NONE',  ( 0.0000000000000000000, 0.0000000000000000000, 1.000000000000000000 ) ) ;
#3312 = EDGE_CURVE ( 'NONE', #3752, #5124, #4877, .T. ) ;
#3313 = ORIENTED_EDGE ( 'NONE', *, *, #4288, .F. ) ;
#3314 = VERTEX_POINT ( 'NONE', #3517 ) ;
#3315 = VECTOR ( 'NONE', #4264, 1000.000000000000000 ) ;
#3316 = DIRECTION ( 'NONE',  ( -0.0000000000000000000, 1.000000000000000000, -0.0000000000000000000 ) ) ;
#3317 = PLANE ( 'NONE',  #5551 ) ;
#3318 = CARTESIAN_POINT ( 'NONE',  ( -0.2172769299793475300, 1.389999999999999700, 1.809016905368675100 ) ) ;
#3319 = ORIENTED_EDGE ( 'NONE', *, *, #4128, .T. ) ;
#3320 = ORIENTED_EDGE ( 'NONE', *, *, #5796, .T. ) ;
#3321 = CARTESIAN_POINT ( 'NONE',  ( -1.833588469740022400, 0.0000000000000000000, 1.599999999999999000 ) ) ;
#3322 = LINE ( 'NONE', #3059, #901 ) ;
#3323 = AXIS2_PLACEMENT_3D ( 'NONE', #5677, #2957, #200 ) ;
#3324 = EDGE_LOOP ( 'NONE', ( #5347, #3736, #2700, #5624 ) ) ;
#3325 = EDGE_LOOP ( 'NONE', ( #5845, #180, #5327, #5715, #2917, #341 ) ) ;
#3326 = DIRECTION ( 'NONE',  ( -1.000000000000000000, 0.0000000000000000000, -1.807003620809174600E-016 ) ) ;
#3327 = DIRECTION ( 'NONE',  ( -0.0000000000000000000, -0.0000000000000000000, 1.000000000000000000 ) ) ;
#3328 = ADVANCED_FACE ( 'NONE', ( #957 ), #3244, .T. ) ;
#3329 = FACE_OUTER_BOUND ( 'NONE', #4595, .T. ) ;
#3330 = CARTESIAN_POINT ( 'NONE',  ( -4.333588469740024400, -0.1919999999999988100, -0.2560000000000025000 ) ) ;
#3331 = CARTESIAN_POINT ( 'NONE',  ( -0.1563576476635849500, 1.399999999999999900, 1.573583424709200700 ) ) ;
#3332 = LINE ( 'NONE', #4180, #5607 ) ;
#3333 = VERTEX_POINT ( 'NONE', #1289 ) ;
#3334 = LOCAL_TIME ( 9, 59, 41.00000000000000000, #4549 ) ;
#3335 = CARTESIAN_POINT ( 'NONE',  ( -4.333588469740024400, 0.9999999999999995600, -3.924837280924088800E-015 ) ) ;
#3336 = EDGE_CURVE ( 'NONE', #1151, #5737, #4447, .T. ) ;
#3337 = CARTESIAN_POINT ( 'NONE',  ( -4.333588469740023500, 0.9999999999999995600, 1.840000000000000100 ) ) ;
#3338 = ORIENTED_EDGE ( 'NONE', *, *, #227, .T. ) ;
#3339 = EDGE_CURVE ( 'NONE', #922, #1082, #5654, .T. ) ;
#3340 = CIRCLE ( 'NONE', #3519, 0.04999999999999969700 ) ;
#3341 = VERTEX_POINT ( 'NONE', #5822 ) ;
#3342 = DIRECTION ( 'NONE',  ( 0.7071067811865474600, 0.0000000000000000000, -0.7071067811865474600 ) ) ;
#3343 = CARTESIAN_POINT ( 'NONE',  ( -0.5500000000000001600, 0.05000000000000000300, 2.100000000000000100 ) ) ;
#3344 = CARTESIAN_POINT ( 'NONE',  ( -0.2358714669709788500, 1.389999999999999200, 1.797181482322351500 ) ) ;
#3345 = ORIENTED_EDGE ( 'NONE', *, *, #4575, .F. ) ;
#3346 = CARTESIAN_POINT ( 'NONE',  ( -0.2158861507998909900, 1.389999999999999900, 1.769823283708104900 ) ) ;
#3347 = FACE_OUTER_BOUND ( 'NONE', #4050, .T. ) ;
#3348 = VERTEX_POINT ( 'NONE', #3098 ) ;
#3349 = DIRECTION ( 'NONE',  ( -0.0000000000000000000, 1.000000000000000000, -0.0000000000000000000 ) ) ;
#3350 = LINE ( 'NONE', #2425, #5778 ) ;
#3351 = PLANE ( 'NONE',  #5728 ) ;
#3352 = EDGE_CURVE ( 'NONE', #3306, #5689, #4593, .T. ) ;
#3353 = ORIENTED_EDGE ( 'NONE', *, *, #4918, .T. ) ;
#3354 = EDGE_CURVE ( 'NONE', #5040, #4093, #809, .T. ) ;
#3355 = ORIENTED_EDGE ( 'NONE', *, *, #808, .T. ) ;
#3356 = ORIENTED_EDGE ( 'NONE', *, *, #4139, .F. ) ;
#3357 = VERTEX_POINT ( 'NONE', #2244 ) ;
#3358 = PLANE ( 'NONE',  #1182 ) ;
#3359 = AXIS2_PLACEMENT_3D ( 'NONE', #2375, #2330, #1298 ) ;
#3360 = CARTESIAN_POINT ( 'NONE',  ( -0.2449120919297671500, 1.399999999999999900, 1.790614075348431000 ) ) ;
#3361 = CARTESIAN_POINT ( 'NONE',  ( -0.4000000000000001900, 0.0000000000000000000, 0.5000000000000000000 ) ) ;
#3362 = FACE_BOUND ( 'NONE', #1089, .T. ) ;
#3363 = VERTEX_POINT ( 'NONE', #4919 ) ;
#3364 = AXIS2_PLACEMENT_3D ( 'NONE', #2105, #5235, #2533 ) ;
#3365 = CARTESIAN_POINT ( 'NONE',  ( -3.633588469740027400, -1.617629641348382700E-014, 1.864999999999984900 ) ) ;
#3366 = CIRCLE ( 'NONE', #4929, 0.1600000000000002000 ) ;
#3367 = DIRECTION ( 'NONE',  ( 0.0000000000000000000, -1.000000000000000000, 0.0000000000000000000 ) ) ;
#3368 = EDGE_CURVE ( 'NONE', #3752, #5341, #4147, .T. ) ;
#3369 = CARTESIAN_POINT ( 'NONE',  ( -3.733588469740023500, -0.0000000000000000000, -1.800000000000000700 ) ) ;
#3370 = CARTESIAN_POINT ( 'NONE',  ( -0.2954555672530589900, 1.390000000000000100, 1.747071730634626200 ) ) ;
#3371 = CARTESIAN_POINT ( 'NONE',  ( -0.03917710652543261700, 1.389999999999999900, 1.728921852253914500 ) ) ;
#3372 = ORIENTED_EDGE ( 'NONE', *, *, #1641, .T. ) ;
#3373 = CARTESIAN_POINT ( 'NONE',  ( -0.04223238811121862700, 1.390000000000000100, 1.664872557402648600 ) ) ;
#3374 = LINE ( 'NONE', #552, #5648 ) ;
#3375 = CARTESIAN_POINT ( 'NONE',  ( -0.6335884697400231400, 0.7599999999999999000, 0.5000000000000000000 ) ) ;
#3376 = CARTESIAN_POINT ( 'NONE',  ( -4.173588469740022500, 1.399999999999999900, 2.099999999999999600 ) ) ;
#3377 = LINE ( 'NONE', #99, #955 ) ;
#3378 = VECTOR ( 'NONE', #3063, 1000.000000000000000 ) ;
#3379 = CC_DESIGN_PERSON_AND_ORGANIZATION_ASSIGNMENT ( #5755, #3682, ( #3089 ) ) ;
#3380 = ORIENTED_EDGE ( 'NONE', *, *, #2856, .T. ) ;
#3381 = VERTEX_POINT ( 'NONE', #368 ) ;
#3382 = LINE ( 'NONE', #4355, #4597 ) ;
#3383 = DIRECTION ( 'NONE',  ( 1.000000000000000000, 0.0000000000000000000, 0.0000000000000000000 ) ) ;
#3384 = EDGE_LOOP ( 'NONE', ( #3075, #1366, #4476, #2794 ) ) ;
#3385 = EDGE_LOOP ( 'NONE', ( #1890, #954, #1427, #4470 ) ) ;
#3386 = DIRECTION ( 'NONE',  ( 0.0000000000000000000, 0.0000000000000000000, -1.000000000000000000 ) ) ;
#3387 = FACE_OUTER_BOUND ( 'NONE', #1325, .T. ) ;
#3388 = CARTESIAN_POINT ( 'NONE',  ( -3.433588469740024100, 1.053589838486225200, -1.800000000000000700 ) ) ;
#3389 = CARTESIAN_POINT ( 'NONE',  ( -0.08138499261573928200, 1.400000000000000100, 1.798692120111319500 ) ) ;
#3390 = EDGE_CURVE ( 'NONE', #358, #1288, #661, .T. ) ;
#3391 = AXIS2_PLACEMENT_3D ( 'NONE', #741, #765, #1000 ) ;
#3392 = CARTESIAN_POINT ( 'NONE',  ( -3.633588469740023800, 0.9999999999999995600, -1.865000000000000200 ) ) ;
#3393 = ORIENTED_EDGE ( 'NONE', *, *, #5157, .T. ) ;
#3394 = FACE_BOUND ( 'NONE', #4371, .T. ) ;
#3395 = ADVANCED_FACE ( 'NONE', ( #1799 ), #4006, .T. ) ;
#3396 = CARTESIAN_POINT ( 'NONE',  ( -0.2449120919297671500, 1.389999999999999700, 1.790614075348431000 ) ) ;
#3397 = VECTOR ( 'NONE', #5278, 1000.000000000000000 ) ;
#3398 = ORIENTED_EDGE ( 'NONE', *, *, #3224, .T. ) ;
#3399 = ORIENTED_EDGE ( 'NONE', *, *, #4109, .F. ) ;
#3400 = CARTESIAN_POINT ( 'NONE',  ( -0.8335884697400228700, 0.2000000000000000100, 1.599999999999999200 ) ) ;
#3401 = B_SPLINE_CURVE_WITH_KNOTS ( 'NONE', 3,
 ( #5026, #5483, #941, #4119, #1439, #4585, #1909, #5047, #2353, #5498, #2793, #27, #3233, #494, #3667, #961, #4134, #1458, #4606 ),
 .UNSPECIFIED., .F., .F.,
 ( 4, 1, 1, 1, 1, 1, 1, 1, 1, 1, 1, 1, 1, 1, 1, 1, 4 ),
 ( 0.0000000000000000000, 0.06947546024967067600, 0.1365167976177984200, 0.2007888236092603700, 0.2638296728558255400, 0.3257350229654192900, 0.3872906922152906700, 0.4495092187626025800, 0.5129678195454413500, 0.5762752154930611500, 0.6375801002639240900, 0.6979026059171018500, 0.7571720884269851300, 0.8165985284886551100, 0.8766531708928193600, 0.9372896424102400400, 1.000000000000000000 ),
 .UNSPECIFIED. ) ;
#3402 = AXIS2_PLACEMENT_3D ( 'NONE', #1761, #2636, #5349 ) ;
#3403 = LINE ( 'NONE', #1742, #983 ) ;
#3404 = DIRECTION ( 'NONE',  ( 1.000000000000000000, 0.0000000000000000000, -0.0000000000000000000 ) ) ;
#3405 = LINE ( 'NONE', #5015, #987 ) ;
#3406 = VERTEX_POINT ( 'NONE', #2266 ) ;
#3407 = CARTESIAN_POINT ( 'NONE',  ( -0.04999999999999969700, 0.0000000000000000000, 0.6999999999999998400 ) ) ;
#3408 = CARTESIAN_POINT ( 'NONE',  ( -0.4063707419809282100, 1.399999999999999900, 1.829300346921550700 ) ) ;
#3409 = CARTESIAN_POINT ( 'NONE',  ( -1.883588469740023100, 0.7800000000000000300, 0.5199999999999999100 ) ) ;
#3410 = FACE_OUTER_BOUND ( 'NONE', #5626, .T. ) ;
#3411 = ORIENTED_EDGE ( 'NONE', *, *, #2424, .T. ) ;
#3412 = ORIENTED_EDGE ( 'NONE', *, *, #4785, .F. ) ;
#3413 = CARTESIAN_POINT ( 'NONE',  ( -0.1443093849722630300, 1.389999999999999900, 1.823819532586219400 ) ) ;
#3414 = CARTESIAN_POINT ( 'NONE',  ( -0.07816561377579997500, 1.399999999999999900, 1.701495859742063500 ) ) ;
#3415 = EDGE_CURVE ( 'NONE', #3941, #2313, #5009, .T. ) ;
#3416 = LINE ( 'NONE', #4823, #5841 ) ;
#3417 = ORIENTED_EDGE ( 'NONE', *, *, #402, .F. ) ;
#3418 = CARTESIAN_POINT ( 'NONE',  ( -0.2995598445450307600, 1.389999999999999900, 1.743242654613858400 ) ) ;
#3419 = LINE ( 'NONE', #4327, #5554 ) ;
#3420 = ORIENTED_EDGE ( 'NONE', *, *, #4704, .F. ) ;
#3421 = DIRECTION ( 'NONE',  ( -0.0000000000000000000, 1.000000000000000000, -0.0000000000000000000 ) ) ;
#3422 = CARTESIAN_POINT ( 'NONE',  ( -1.863588469740023100, 0.7800000000000000300, -0.6999999999999998400 ) ) ;
#3423 = CARTESIAN_POINT ( 'NONE',  ( -0.05000000000000016200, -0.05000000000000000300, -0.5000000000000000000 ) ) ;
#3424 = EDGE_CURVE ( 'NONE', #1923, #1123, #5369, .T. ) ;
#3425 = ADVANCED_FACE ( 'NONE', ( #1647 ), #3161, .F. ) ;
#3426 = EDGE_CURVE ( 'NONE', #1955, #3508, #377, .T. ) ;
#3427 = CARTESIAN_POINT ( 'NONE',  ( -0.4063707419809282100, 1.399999999999999900, 1.829300346921550700 ) ) ;
#3428 = EDGE_CURVE ( 'NONE', #5646, #1054, #5222, .T. ) ;
#3429 = LINE ( 'NONE', #4497, #3566 ) ;
#3430 = DIRECTION ( 'NONE',  ( 0.0000000000000000000, 0.0000000000000000000, 1.000000000000000000 ) ) ;
#3431 = CARTESIAN_POINT ( 'NONE',  ( -0.8335884697400231000, 0.2000000000000000100, 0.5000000000000000000 ) ) ;
#3432 = DIRECTION ( 'NONE',  ( -0.0000000000000000000, 1.000000000000000000, -0.0000000000000000000 ) ) ;
#3433 = FACE_OUTER_BOUND ( 'NONE', #4957, .T. ) ;
#3434 = AXIS2_PLACEMENT_3D ( 'NONE', #5846, #374, #3564 ) ;
#3435 = CARTESIAN_POINT ( 'NONE',  ( -0.2545666447725047900, 1.399999999999999900, 1.782993675581267000 ) ) ;
#3436 = EDGE_LOOP ( 'NONE', ( #4000, #5056, #1643, #5812, #3692 ) ) ;
#3437 = DIRECTION ( 'NONE',  ( -0.0000000000000000000, -1.000000000000000000, -0.0000000000000000000 ) ) ;
#3438 = ORIENTED_EDGE ( 'NONE', *, *, #4010, .F. ) ;
#3439 = DIRECTION ( 'NONE',  ( -0.0000000000000000000, -1.000000000000000000, -0.0000000000000000000 ) ) ;
#3440 = EDGE_CURVE ( 'NONE', #5729, #1797, #516, .T. ) ;
#3441 = DIRECTION ( 'NONE',  ( -1.000000000000000000, 0.0000000000000000000, -1.445602896647336000E-015 ) ) ;
#3442 = ORIENTED_EDGE ( 'NONE', *, *, #3555, .F. ) ;
#3443 = VERTEX_POINT ( 'NONE', #1272 ) ;
#3444 = CARTESIAN_POINT ( 'NONE',  ( -0.05000000000000016200, -0.0000000000000000000, -0.5000000000000000000 ) ) ;
#3445 = LINE ( 'NONE', #906, #5725 ) ;
#3446 = EDGE_CURVE ( 'NONE', #2786, #2223, #4941, .T. ) ;
#3447 = FACE_OUTER_BOUND ( 'NONE', #2359, .T. ) ;
#3448 = CARTESIAN_POINT ( 'NONE',  ( -3.733588469740023500, -0.05000000000000000300, -1.800000000000000700 ) ) ;
#3449 = ORIENTED_EDGE ( 'NONE', *, *, #1875, .F. ) ;
#3450 = ORIENTED_EDGE ( 'NONE', *, *, #1240, .F. ) ;
#3451 = DIRECTION ( 'NONE',  ( 0.0000000000000000000, 0.0000000000000000000, 1.000000000000000000 ) ) ;
#3452 = VECTOR ( 'NONE', #5424, 1000.000000000000000 ) ;
#3453 = LINE ( 'NONE', #1100, #2413 ) ;
#3454 = ADVANCED_FACE ( 'NONE', ( #2683 ), #3586, .T. ) ;
#3455 = ORIENTED_EDGE ( 'NONE', *, *, #1945, .T. ) ;
#3456 = VERTEX_POINT ( 'NONE', #335 ) ;
#3457 = CARTESIAN_POINT ( 'NONE',  ( -4.173588469740022500, 1.399999999999999900, 1.800000000000001200 ) ) ;
#3458 = FACE_OUTER_BOUND ( 'NONE', #236, .T. ) ;
#3459 = EDGE_CURVE ( 'NONE', #3515, #1910, #79, .T. ) ;
#3460 = VERTEX_POINT ( 'NONE', #3522 ) ;
#3461 = EDGE_LOOP ( 'NONE', ( #787, #4653, #2598, #1478 ) ) ;
#3462 = VECTOR ( 'NONE', #4004, 1000.000000000000000 ) ;
#3463 = DIRECTION ( 'NONE',  ( 0.7296913851534246900, 0.0000000000000000000, 0.6837766319733926700 ) ) ;
#3464 = VERTEX_POINT ( 'NONE', #3977 ) ;
#3465 = PLANE ( 'NONE',  #5146 ) ;
#3466 = ORIENTED_EDGE ( 'NONE', *, *, #992, .F. ) ;
#3467 = CARTESIAN_POINT ( 'NONE',  ( -0.08411945144442084500, 1.400000000000000400, 1.666392824887187300 ) ) ;
#3468 = FACE_OUTER_BOUND ( 'NONE', #604, .T. ) ;
#3469 = DIRECTION ( 'NONE',  ( -1.000000000000000000, -0.0000000000000000000, 1.668003342285389800E-016 ) ) ;
#3470 = VECTOR ( 'NONE', #5629, 1000.000000000000000 ) ;
#3471 = ORIENTED_EDGE ( 'NONE', *, *, #576, .F. ) ;
#3472 = APPROVAL_DATE_TIME ( #4682, #1907 ) ;
#3473 = CARTESIAN_POINT ( 'NONE',  ( -0.2545666447725047900, 1.389999999999999700, 1.782993675581267000 ) ) ;
#3474 = DIRECTION ( 'NONE',  ( 1.000000000000000000, -0.0000000000000000000, -5.421010862427526100E-016 ) ) ;
#3475 = LINE ( 'NONE', #4853, #1072 ) ;
#3476 = ORIENTED_EDGE ( 'NONE', *, *, #1558, .T. ) ;
#3477 = AXIS2_PLACEMENT_3D ( 'NONE', #3003, #2136, #5272 ) ;
#3478 = LINE ( 'NONE', #1436, #5772 ) ;
#3479 = CARTESIAN_POINT ( 'NONE',  ( -3.433588469740024100, 1.053589838486225200, -1.800000000000000700 ) ) ;
#3480 = VERTEX_POINT ( 'NONE', #1294 ) ;
#3481 = DIRECTION ( 'NONE',  ( 1.000000000000000000, 0.0000000000000000000, -2.409338161078898200E-016 ) ) ;
#3482 = ADVANCED_FACE ( 'NONE', ( #2545 ), #4908, .T. ) ;
#3483 = DIRECTION ( 'NONE',  ( 0.0000000000000000000, 0.0000000000000000000, -1.000000000000000000 ) ) ;
#3484 = ORIENTED_EDGE ( 'NONE', *, *, #4139, .T. ) ;
#3485 = CARTESIAN_POINT ( 'NONE',  ( -0.07824730703268904800, 1.399999999999999900, 1.698367750685176200 ) ) ;
#3486 = ORIENTED_EDGE ( 'NONE', *, *, #1949, .F. ) ;
#3487 = VECTOR ( 'NONE', #1058, 1000.000000000000000 ) ;
#3488 = CARTESIAN_POINT ( 'NONE',  ( -0.1704733060834922900, 1.399999999999999900, 1.608787526408730100 ) ) ;
#3489 = CARTESIAN_POINT ( 'NONE',  ( 0.0000000000000000000, -0.05000000000000000300, 0.0000000000000000000 ) ) ;
#3490 = DIRECTION ( 'NONE',  ( 1.000000000000000000, 0.0000000000000000000, -3.614007241618349300E-016 ) ) ;
#3491 = ORIENTED_EDGE ( 'NONE', *, *, #2817, .F. ) ;
#3492 = AXIS2_PLACEMENT_3D ( 'NONE', #4060, #1379, #4528 ) ;
#3493 = VERTEX_POINT ( 'NONE', #2230 ) ;
#3494 = CARTESIAN_POINT ( 'NONE',  ( -0.5235884697400231500, 1.399999999999999900, -1.317500000000001200 ) ) ;
#3495 = CARTESIAN_POINT ( 'NONE',  ( -0.08403712635964975800, 1.400000000000000400, 1.735163893612979200 ) ) ;
#3496 = EDGE_CURVE ( 'NONE', #3134, #3081, #4806, .T. ) ;
#3497 = LINE ( 'NONE', #4518, #1103 ) ;
#3498 = CARTESIAN_POINT ( 'NONE',  ( -0.3335884697400230400, 1.399999999999999900, -0.5000000000000002200 ) ) ;
#3499 = EDGE_CURVE ( 'NONE', #4090, #5780, #5085, .T. ) ;
#3500 = CARTESIAN_POINT ( 'NONE',  ( 1.084202172485504400E-016, 1.053589838486225200, -0.5000000000000001100 ) ) ;
#3501 = DIRECTION ( 'NONE',  ( -1.000000000000000000, 0.0000000000000000000, -9.056783560160114900E-016 ) ) ;
#3502 = LINE ( 'NONE', #1705, #2342 ) ;
#3503 = DIRECTION ( 'NONE',  ( -0.0000000000000000000, 1.000000000000000000, -0.0000000000000000000 ) ) ;
#3504 = ADVANCED_FACE ( 'NONE', ( #3447 ), #3545, .T. ) ;
#3505 = CARTESIAN_POINT ( 'NONE',  ( -0.2649107482123400600, 1.400000000000000100, 1.774477918764039800 ) ) ;
#3506 = ORIENTED_EDGE ( 'NONE', *, *, #5313, .T. ) ;
#3507 = LINE ( 'NONE', #3275, #4587 ) ;
#3508 = VERTEX_POINT ( 'NONE', #1796 ) ;
#3509 = DIRECTION ( 'NONE',  ( 0.0000000000000000000, -1.000000000000000000, 0.0000000000000000000 ) ) ;
#3510 = VECTOR ( 'NONE', #2847, 1000.000000000000000 ) ;
#3511 = FACE_OUTER_BOUND ( 'NONE', #3002, .T. ) ;
#3512 = EDGE_CURVE ( 'NONE', #3889, #4538, #4651, .T. ) ;
#3513 = DIRECTION ( 'NONE',  ( 9.227252531791541900E-016, 5.782411586589397500E-015, -1.000000000000000000 ) ) ;
#3514 = ORIENTED_EDGE ( 'NONE', *, *, #3499, .F. ) ;
#3515 = VERTEX_POINT ( 'NONE', #3565 ) ;
#3516 = EDGE_CURVE ( 'NONE', #4951, #2383, #5874, .T. ) ;
#3517 = CARTESIAN_POINT ( 'NONE',  ( -4.333588469740023500, 0.2000000000000000100, -1.300000000000000700 ) ) ;
#3518 = VECTOR ( 'NONE', #701, 1000.000000000000000 ) ;
#3519 = AXIS2_PLACEMENT_3D ( 'NONE', #1258, #4414, #1745 ) ;
#3520 = CARTESIAN_POINT ( 'NONE',  ( -3.633588469740025600, 1.399999999999999900, -3.278929603698681100E-015 ) ) ;
#3521 = ORIENTED_EDGE ( 'NONE', *, *, #360, .F. ) ;
#3522 = CARTESIAN_POINT ( 'NONE',  ( -0.5235884697400231500, 1.399999999999999900, -0.8825000000000011700 ) ) ;
#3523 = ORIENTED_EDGE ( 'NONE', *, *, #2975, .F. ) ;
#3524 = VECTOR ( 'NONE', #5907, 1000.000000000000000 ) ;
#3525 = VECTOR ( 'NONE', #4743, 1000.000000000000000 ) ;
#3526 = EDGE_CURVE ( 'NONE', #1736, #379, #5727, .T. ) ;
#3527 = EDGE_CURVE ( 'NONE', #1169, #1614, #3302, .T. ) ;
#3528 = CARTESIAN_POINT ( 'NONE',  ( -0.5335884697400231600, 1.053589838486225200, 0.3000000000000000400 ) ) ;
#3529 = VECTOR ( 'NONE', #2125, 1000.000000000000000 ) ;
#3530 = ORIENTED_EDGE ( 'NONE', *, *, #2739, .F. ) ;
#3531 = CARTESIAN_POINT ( 'NONE',  ( -1.833588469740024200, 1.053589838486225200, -1.600000000000001000 ) ) ;
#3532 = PLANE ( 'NONE',  #4399 ) ;
#3533 = CARTESIAN_POINT ( 'NONE',  ( 3.252606517456513300E-016, 1.053589838486223500, 0.7000000000000001800 ) ) ;
#3534 = ADVANCED_FACE ( 'NONE', ( #2287 ), #5862, .T. ) ;
#3535 = LINE ( 'NONE', #625, #1143 ) ;
#3536 = CARTESIAN_POINT ( 'NONE',  ( -0.8335884697400231000, 0.7800000000000000300, -0.2999999999999999900 ) ) ;
#3537 = LINE ( 'NONE', #3173, #2371 ) ;
#3538 = ORIENTED_EDGE ( 'NONE', *, *, #1583, .F. ) ;
#3539 = VECTOR ( 'NONE', #5882, 1000.000000000000000 ) ;
#3540 = DIRECTION ( 'NONE',  ( 0.0000000000000000000, 0.0000000000000000000, 1.000000000000000000 ) ) ;
#3541 = DIRECTION ( 'NONE',  ( 1.000000000000000000, -0.0000000000000000000, 0.0000000000000000000 ) ) ;
#3542 = AXIS2_PLACEMENT_3D ( 'NONE', #3376, #3859, #3877 ) ;
#3543 = CARTESIAN_POINT ( 'NONE',  ( -0.05000000000000016200, -0.05000000000000000300, -0.5000000000000000000 ) ) ;
#3544 = VERTEX_POINT ( 'NONE', #3127 ) ;
#3545 = PLANE ( 'NONE',  #5848 ) ;
#3546 = LINE ( 'NONE', #3765, #4620 ) ;
#3547 = CARTESIAN_POINT ( 'NONE',  ( -4.333588469740026200, 0.1499999999999999900, 1.850000000000000300 ) ) ;
#3548 = EDGE_LOOP ( 'NONE', ( #1463, #2295, #3636, #3997, #2282, #3412 ) ) ;
#3549 = ORIENTED_EDGE ( 'NONE', *, *, #5363, .T. ) ;
#3550 = VECTOR ( 'NONE', #4807, 1000.000000000000000 ) ;
#3551 = ORIENTED_EDGE ( 'NONE', *, *, #4361, .T. ) ;
#3552 = EDGE_CURVE ( 'NONE', #4093, #4951, #4359, .T. ) ;
#3553 = ORIENTED_EDGE ( 'NONE', *, *, #2661, .T. ) ;
#3554 = DIRECTION ( 'NONE',  ( 0.0000000000000000000, 0.0000000000000000000, 1.000000000000000000 ) ) ;
#3555 = EDGE_CURVE ( 'NONE', #33, #4512, #3178, .T. ) ;
#3556 = ORIENTED_EDGE ( 'NONE', *, *, #4874, .T. ) ;
#3557 = DIRECTION ( 'NONE',  ( 5.237005019550221500E-030, -1.000000000000000000, -5.782411586589396700E-015 ) ) ;
#3558 = DIRECTION ( 'NONE',  ( 1.000000000000000000, 0.0000000000000000000, -0.0000000000000000000 ) ) ;
#3559 = CARTESIAN_POINT ( 'NONE',  ( -1.233588469740023200, 1.053589838486225200, -1.450000000000001500 ) ) ;
#3560 = VERTEX_POINT ( 'NONE', #2716 ) ;
#3561 = DIRECTION ( 'NONE',  ( -0.0000000000000000000, 0.0000000000000000000, 1.000000000000000000 ) ) ;
#3562 = CARTESIAN_POINT ( 'NONE',  ( -0.09646066305838473000, 1.389999999999999700, 1.756750869805159700 ) ) ;
#3563 = CARTESIAN_POINT ( 'NONE',  ( 1.084202172485504400E-016, 0.8535898384862253800, -0.6999999999999999600 ) ) ;
#3564 = DIRECTION ( 'NONE',  ( -1.355252715606880800E-016, 1.000000000000000000, 0.0000000000000000000 ) ) ;
#3565 = CARTESIAN_POINT ( 'NONE',  ( -4.033588469740023700, -0.05000000000000000300, 1.799999999999999600 ) ) ;
#3566 = VECTOR ( 'NONE', #429, 1000.000000000000000 ) ;
#3567 = CARTESIAN_POINT ( 'NONE',  ( -0.1156816802189011100, 1.389999999999999500, 1.626249121893602400 ) ) ;
#3568 = ADVANCED_FACE ( 'NONE', ( #4216 ), #3165, .F. ) ;
#3569 = EDGE_CURVE ( 'NONE', #4118, #972, #3028, .T. ) ;
#3570 = FACE_OUTER_BOUND ( 'NONE', #3142, .T. ) ;
#3571 = DIRECTION ( 'NONE',  ( 1.000000000000000000, -0.0000000000000000000, -8.673617379884035500E-017 ) ) ;
#3572 = ADVANCED_BREP_SHAPE_REPRESENTATION ( 'ACH, Connector, Female, 2 Pin', ( #2544, #359, #1280, #5328 ), #3778 ) ;
#3573 = CARTESIAN_POINT ( 'NONE',  ( -0.5000000000000000000, 0.1499999999999999900, -0.8500000000000003100 ) ) ;
#3574 = ORIENTED_EDGE ( 'NONE', *, *, #3016, .T. ) ;
#3575 = AXIS2_PLACEMENT_3D ( 'NONE', #2732, #5788, #4600 ) ;
#3576 = VERTEX_POINT ( 'NONE', #2306 ) ;
#3577 = CARTESIAN_POINT ( 'NONE',  ( -0.2395479292345282800, 1.400000000000000400, 1.751354838621555800 ) ) ;
#3578 = CARTESIAN_POINT ( 'NONE',  ( -0.05000000000000037100, 0.0000000000000000000, 0.5000000000000000000 ) ) ;
#3579 = CARTESIAN_POINT ( 'NONE',  ( -0.4473963830065692500, 1.399999999999999900, 1.829300346921550700 ) ) ;
#3580 = ORIENTED_EDGE ( 'NONE', *, *, #5757, .T. ) ;
#3581 = DIRECTION ( 'NONE',  ( -0.0000000000000000000, 1.000000000000000000, 0.0000000000000000000 ) ) ;
#3582 = ORIENTED_EDGE ( 'NONE', *, *, #1750, .T. ) ;
#3583 = CARTESIAN_POINT ( 'NONE',  ( -0.5500000000000000400, 0.0000000000000000000, -0.8500000000000003100 ) ) ;
#3584 = ORIENTED_EDGE ( 'NONE', *, *, #2139, .F. ) ;
#3585 = VECTOR ( 'NONE', #3168, 1000.000000000000000 ) ;
#3586 = CONICAL_SURFACE ( 'NONE', #3402, 0.02999999999999986000, 0.7853981633974479500 ) ;
#3587 = CARTESIAN_POINT ( 'NONE',  ( -0.1704733060834922900, 1.399999999999999900, 1.608787526408730100 ) ) ;
#3588 = ORIENTED_EDGE ( 'NONE', *, *, #5391, .T. ) ;
#3589 = LINE ( 'NONE', #2283, #4656 ) ;
#3590 = VECTOR ( 'NONE', #1080, 1000.000000000000000 ) ;
#3591 = ORIENTED_EDGE ( 'NONE', *, *, #186, .F. ) ;
#3592 = ORIENTED_EDGE ( 'NONE', *, *, #1946, .T. ) ;
#3593 = DIRECTION ( 'NONE',  ( -1.000000000000000000, 0.0000000000000000000, 0.0000000000000000000 ) ) ;
#3594 = VECTOR ( 'NONE', #2130, 1000.000000000000000 ) ;
#3595 = ADVANCED_FACE ( 'NONE', ( #5581 ), #419, .F. ) ;
#3596 = CARTESIAN_POINT ( 'NONE',  ( -3.683588469740026300, 0.0000000000000000000, 2.099999999999999600 ) ) ;
#3597 = VERTEX_POINT ( 'NONE', #4530 ) ;
#3598 = VERTEX_POINT ( 'NONE', #436 ) ;
#3599 = CARTESIAN_POINT ( 'NONE',  ( -4.333588469740023500, 1.399999999999999900, -1.939999999999999500 ) ) ;
#3600 = LINE ( 'NONE', #3531, #3722 ) ;
#3601 = CARTESIAN_POINT ( 'NONE',  ( -0.5235884697400231500, 1.389999999999999900, -0.8825000000000011700 ) ) ;
#3602 = AXIS2_PLACEMENT_3D ( 'NONE', #4353, #1697, #4825 ) ;
#3603 = PLANE ( 'NONE',  #5264 ) ;
#3604 = DIRECTION ( 'NONE',  ( -1.000000000000000000, 0.0000000000000000000, -0.0000000000000000000 ) ) ;
#3605 = VERTEX_POINT ( 'NONE', #3624 ) ;
#3606 = PLANE ( 'NONE',  #4007 ) ;
#3607 = DIRECTION ( 'NONE',  ( 0.0000000000000000000, 0.0000000000000000000, 1.000000000000000000 ) ) ;
#3608 = FACE_OUTER_BOUND ( 'NONE', #5104, .T. ) ;
#3609 = FACE_OUTER_BOUND ( 'NONE', #2380, .T. ) ;
#3610 = ORIENTED_EDGE ( 'NONE', *, *, #3265, .T. ) ;
#3611 = APPROVAL_PERSON_ORGANIZATION ( #4828, #1907, #2806 ) ;
#3612 = EDGE_CURVE ( 'NONE', #2437, #1764, #4080, .T. ) ;
#3613 = EDGE_CURVE ( 'NONE', #4140, #1803, #1859, .T. ) ;
#3614 = CARTESIAN_POINT ( 'NONE',  ( -3.633588469740023800, 0.9999999999999995600, 1.565000000000000200 ) ) ;
#3615 = LINE ( 'NONE', #5731, #1226 ) ;
#3616 = CARTESIAN_POINT ( 'NONE',  ( -3.633588469740023800, 1.399999999999999900, -1.800000000000000700 ) ) ;
#3617 = ORIENTED_EDGE ( 'NONE', *, *, #441, .F. ) ;
#3618 = CARTESIAN_POINT ( 'NONE',  ( -0.5235884697400231500, 1.399999999999999900, -0.8825000000000011700 ) ) ;
#3619 = VERTEX_POINT ( 'NONE', #5006 ) ;
#3620 = ORIENTED_EDGE ( 'NONE', *, *, #1313, .F. ) ;
#3621 = LINE ( 'NONE', #1414, #4694 ) ;
#3622 = ORIENTED_EDGE ( 'NONE', *, *, #281, .F. ) ;
#3623 = DIRECTION ( 'NONE',  ( 1.000000000000000000, -0.0000000000000000000, -0.0000000000000000000 ) ) ;
#3624 = CARTESIAN_POINT ( 'NONE',  ( -0.4063707419809282100, 1.399999999999999900, 1.829300346921550700 ) ) ;
#3625 = VECTOR ( 'NONE', #2241, 1000.000000000000000 ) ;
#3626 = ADVANCED_FACE ( 'NONE', ( #1718 ), #5461, .T. ) ;
#3627 = EDGE_CURVE ( 'NONE', #1093, #4492, #5148, .T. ) ;
#3628 = CARTESIAN_POINT ( 'NONE',  ( -0.1704733060834922900, 1.399999999999999900, 1.572890090511294100 ) ) ;
#3629 = ORIENTED_EDGE ( 'NONE', *, *, #1193, .F. ) ;
#3630 = EDGE_CURVE ( 'NONE', #1928, #2308, #5440, .T. ) ;
#3631 = DIRECTION ( 'NONE',  ( 0.0000000000000000000, 0.0000000000000000000, 1.000000000000000000 ) ) ;
#3632 = VECTOR ( 'NONE', #1827, 1000.000000000000000 ) ;
#3633 = DIRECTION ( 'NONE',  ( -0.0000000000000000000, -1.000000000000000000, -0.0000000000000000000 ) ) ;
#3634 = CARTESIAN_POINT ( 'NONE',  ( -3.433588469740024100, -0.0000000000000000000, -1.600000000000001000 ) ) ;
#3635 = VERTEX_POINT ( 'NONE', #4098 ) ;
#3636 = ORIENTED_EDGE ( 'NONE', *, *, #5287, .F. ) ;
#3637 = DIRECTION ( 'NONE',  ( 0.0000000000000000000, -1.000000000000000000, 0.0000000000000000000 ) ) ;
#3638 = EDGE_CURVE ( 'NONE', #2630, #636, #444, .T. ) ;
#3639 = LINE ( 'NONE', #160, #2468 ) ;
#3640 = EDGE_CURVE ( 'NONE', #5729, #1736, #3401, .T. ) ;
#3641 = CARTESIAN_POINT ( 'NONE',  ( -0.2649107482123400600, 1.389999999999999900, 1.774477918764039800 ) ) ;
#3642 = DIRECTION ( 'NONE',  ( 1.000000000000000000, 0.0000000000000000000, -8.673617379884035500E-017 ) ) ;
#3643 = ORIENTED_EDGE ( 'NONE', *, *, #1016, .T. ) ;
#3644 = VECTOR ( 'NONE', #2389, 1000.000000000000000 ) ;
#3645 = LINE ( 'NONE', #531, #3510 ) ;
#3646 = CARTESIAN_POINT ( 'NONE',  ( 1.084202172485504400E-016, 1.053589838486225200, -0.6999999999999999600 ) ) ;
#3647 = DIRECTION ( 'NONE',  ( 0.0000000000000000000, 0.0000000000000000000, -1.000000000000000000 ) ) ;
#3648 = FACE_OUTER_BOUND ( 'NONE', #5773, .T. ) ;
#3649 = CARTESIAN_POINT ( 'NONE',  ( -0.2995598445450307600, 1.399999999999999900, 1.743242654613858400 ) ) ;
#3650 = ADVANCED_FACE ( 'NONE', ( #1566 ), #3219, .T. ) ;
#3651 = DIRECTION ( 'NONE',  ( 0.0000000000000000000, -1.000000000000000000, 0.0000000000000000000 ) ) ;
#3652 = EDGE_LOOP ( 'NONE', ( #3963, #5025, #5721, #2279 ) ) ;
#3653 = ORIENTED_EDGE ( 'NONE', *, *, #3726, .T. ) ;
#3654 = VECTOR ( 'NONE', #4788, 1000.000000000000000 ) ;
#3655 = CARTESIAN_POINT ( 'NONE',  ( -0.04569836457669964500, 1.390000000000000100, 1.752243573509374900 ) ) ;
#3656 = DIRECTION ( 'NONE',  ( 0.0000000000000000000, -0.0000000000000000000, 1.000000000000000000 ) ) ;
#3657 = ORIENTED_EDGE ( 'NONE', *, *, #4782, .T. ) ;
#3658 = EDGE_CURVE ( 'NONE', #610, #1969, #3783, .T. ) ;
#3659 = LINE ( 'NONE', #4123, #4742 ) ;
#3660 = CARTESIAN_POINT ( 'NONE',  ( -0.5499999999999999300, 0.0000000000000000000, -2.100000000000000100 ) ) ;
#3661 = ORIENTED_EDGE ( 'NONE', *, *, #2800, .F. ) ;
#3662 = FACE_BOUND ( 'NONE', #4907, .T. ) ;
#3663 = VECTOR ( 'NONE', #2989, 1000.000000000000000 ) ;
#3664 = ORIENTED_EDGE ( 'NONE', *, *, #3923, .T. ) ;
#3665 = MECHANICAL_CONTEXT ( 'NONE', #5495, 'mechanical' ) ;
#3666 = CC_DESIGN_DATE_AND_TIME_ASSIGNMENT ( #914, #981, ( #3089 ) ) ;
#3667 = CARTESIAN_POINT ( 'NONE',  ( -0.1217525833953246300, 1.399999999999999700, 1.819601747247080500 ) ) ;
#3668 = DIRECTION ( 'NONE',  ( -0.0000000000000000000, -0.0000000000000000000, 1.000000000000000000 ) ) ;
#3669 = VECTOR ( 'NONE', #4515, 1000.000000000000000 ) ;
#3670 = LINE ( 'NONE', #5422, #4759 ) ;
#3671 = CARTESIAN_POINT ( 'NONE',  ( -0.1560502291604153900, 1.390000000000000100, 1.824172141793345400 ) ) ;
#3672 = CARTESIAN_POINT ( 'NONE',  ( -4.333588469740023500, 0.9999999999999995600, -1.840000000000000100 ) ) ;
#3673 = FACE_OUTER_BOUND ( 'NONE', #2014, .T. ) ;
#3674 = ADVANCED_FACE ( 'NONE', ( #297 ), #1266, .T. ) ;
#3675 = EDGE_CURVE ( 'NONE', #3598, #5124, #1420, .T. ) ;
#3676 = CARTESIAN_POINT ( 'NONE',  ( -0.6335884697400231400, 1.399999999999999900, -1.800000000000001600 ) ) ;
#3677 = EDGE_LOOP ( 'NONE', ( #2799, #324, #1720, #2983 ) ) ;
#3678 = VECTOR ( 'NONE', #3430, 1000.000000000000000 ) ;
#3679 = ORIENTED_EDGE ( 'NONE', *, *, #2356, .T. ) ;
#3680 = VERTEX_POINT ( 'NONE', #1942 ) ;
#3681 = CARTESIAN_POINT ( 'NONE',  ( -3.683588469740026300, 0.1499999999999999900, 1.850000000000000300 ) ) ;
#3682 = PERSON_AND_ORGANIZATION_ROLE ( 'classification_officer' ) ;
#3683 = AXIS2_PLACEMENT_3D ( 'NONE', #797, #4881, #3085 ) ;
#3684 = CARTESIAN_POINT ( 'NONE',  ( 0.0000000000000000000, 0.7800000000000000300, 0.0000000000000000000 ) ) ;
#3685 = CARTESIAN_POINT ( 'NONE',  ( -0.1657108954345351500, 1.400000000000000100, 1.573124011031979300 ) ) ;
#3686 = CARTESIAN_POINT ( 'NONE',  ( -4.333588469740023500, 0.0000000000000000000, 1.850000000000000300 ) ) ;
#3687 = CARTESIAN_POINT ( 'NONE',  ( -0.05806271574537642100, 1.390000000000000100, 1.631119507440900400 ) ) ;
#3688 = EDGE_CURVE ( 'NONE', #2223, #3560, #2608, .T. ) ;
#3689 = CARTESIAN_POINT ( 'NONE',  ( -3.433588469740024100, 0.2000000000000000100, -1.300000000000000900 ) ) ;
#3690 = VECTOR ( 'NONE', #4420, 1000.000000000000000 ) ;
#3691 = AXIS2_PLACEMENT_3D ( 'NONE', #4111, #1428, #4578 ) ;
#3692 = ORIENTED_EDGE ( 'NONE', *, *, #2273, .F. ) ;
#3693 = CARTESIAN_POINT ( 'NONE',  ( -0.1044610063437980100, 1.400000000000000100, 1.635747472678406300 ) ) ;
#3694 = ADVANCED_FACE ( 'NONE', ( #4871 ), #2825, .T. ) ;
#3695 = DIRECTION ( 'NONE',  ( 0.0000000000000000000, -0.0000000000000000000, 1.000000000000000000 ) ) ;
#3696 = DIRECTION ( 'NONE',  ( -1.807003620809174600E-016, 0.0000000000000000000, 1.000000000000000000 ) ) ;
#3697 = ORIENTED_EDGE ( 'NONE', *, *, #4157, .T. ) ;
#3698 = EDGE_LOOP ( 'NONE', ( #826, #1985, #2029, #1045 ) ) ;
#3699 = VECTOR ( 'NONE', #1618, 1000.000000000000000 ) ;
#3700 = B_SPLINE_CURVE_WITH_KNOTS ( 'NONE', 3,
 ( #2328, #4572, #12, #3222, #480, #3655, #944, #4121, #1441, #4588, #1911, #5051, #2355, #5499, #2795, #29, #3238, #496, #3671 ),
 .UNSPECIFIED., .F., .F.,
 ( 4, 1, 1, 1, 1, 1, 1, 1, 1, 1, 1, 1, 1, 1, 1, 1, 4 ),
 ( 0.0000000000000000000, 0.06947546024967067600, 0.1365167976177984200, 0.2007888236092603700, 0.2638296728558255400, 0.3257350229654192900, 0.3872906922152906700, 0.4495092187626025800, 0.5129678195454413500, 0.5762752154930611500, 0.6375801002639240900, 0.6979026059171018500, 0.7571720884269851300, 0.8165985284886551100, 0.8766531708928193600, 0.9372896424102400400, 1.000000000000000000 ),
 .UNSPECIFIED. ) ;
#3701 = DIRECTION ( 'NONE',  ( -0.0000000000000000000, 1.000000000000000000, -0.0000000000000000000 ) ) ;
#3702 = EDGE_CURVE ( 'NONE', #2745, #5423, #150, .T. ) ;
#3703 = ORIENTED_EDGE ( 'NONE', *, *, #3688, .F. ) ;
#3704 = EDGE_CURVE ( 'NONE', #2213, #20, #2471, .T. ) ;
#3705 = ORIENTED_EDGE ( 'NONE', *, *, #1328, .F. ) ;
#3706 = LINE ( 'NONE', #4967, #3585 ) ;
#3707 = VECTOR ( 'NONE', #2211, 1000.000000000000000 ) ;
#3708 = EDGE_CURVE ( 'NONE', #2506, #3597, #3507, .T. ) ;
#3709 = ORIENTED_EDGE ( 'NONE', *, *, #3039, .T. ) ;
#3710 = EDGE_LOOP ( 'NONE', ( #4985, #40, #1322, #4260, #5877, #5779, #2703, #997, #499, #1418, #5179, #2579, #4994 ) ) ;
#3711 = VECTOR ( 'NONE', #3104, 1000.000000000000000 ) ;
#3712 = CARTESIAN_POINT ( 'NONE',  ( -0.2592772583228618600, 1.389999999999999700, 1.733923365018547000 ) ) ;
#3713 = LINE ( 'NONE', #1055, #3590 ) ;
#3714 = VERTEX_POINT ( 'NONE', #3717 ) ;
#3715 = CARTESIAN_POINT ( 'NONE',  ( -0.2818515112116974400, 1.399999999999999900, 1.712633680254884000 ) ) ;
#3716 = LINE ( 'NONE', #2009, #2416 ) ;
#3717 = CARTESIAN_POINT ( 'NONE',  ( -1.833588469740024200, 1.053589838486225200, -1.600000000000001000 ) ) ;
#3718 = CARTESIAN_POINT ( 'NONE',  ( -0.8335884697400229900, 1.399999999999998600, 0.7000000000000014000 ) ) ;
#3719 = ORIENTED_EDGE ( 'NONE', *, *, #3702, .T. ) ;
#3720 = ORIENTED_EDGE ( 'NONE', *, *, #2259, .F. ) ;
#3721 = CARTESIAN_POINT ( 'NONE',  ( -0.5235884697400231500, 1.389999999999999900, -1.317500000000001200 ) ) ;
#3722 = VECTOR ( 'NONE', #5852, 1000.000000000000000 ) ;
#3723 = EDGE_CURVE ( 'NONE', #3221, #2165, #2347, .T. ) ;
#3724 = CARTESIAN_POINT ( 'NONE',  ( -3.633588469740023800, 1.952080447824565000, 1.840000000000000100 ) ) ;
#3725 = EDGE_LOOP ( 'NONE', ( #5140, #3096, #1344, #3741, #4569, #5730, #1740, #2439, #2996, #163, #5049, #1963 ) ) ;
#3726 = EDGE_CURVE ( 'NONE', #2536, #2722, #3374, .T. ) ;
#3727 = DIRECTION ( 'NONE',  ( 0.0000000000000000000, -0.0000000000000000000, -1.000000000000000000 ) ) ;
#3728 = ADVANCED_FACE ( 'NONE', ( #3237 ), #5556, .F. ) ;
#3729 = VECTOR ( 'NONE', #4632, 1000.000000000000000 ) ;
#3730 = DIRECTION ( 'NONE',  ( -1.000000000000000000, 0.0000000000000000000, 2.409338161078897700E-016 ) ) ;
#3731 = CARTESIAN_POINT ( 'NONE',  ( -0.2875349270944498300, 1.400000000000000100, 1.754461273577978800 ) ) ;
#3732 = VECTOR ( 'NONE', #111, 1000.000000000000000 ) ;
#3733 = ORIENTED_EDGE ( 'NONE', *, *, #1971, .F. ) ;
#3734 = COORDINATED_UNIVERSAL_TIME_OFFSET ( 5, 0, .BEHIND. ) ;
#3735 = DIRECTION ( 'NONE',  ( -1.000000000000000000, 0.0000000000000000000, 5.421010862427526100E-016 ) ) ;
#3736 = ORIENTED_EDGE ( 'NONE', *, *, #3526, .F. ) ;
#3737 = LINE ( 'NONE', #237, #259 ) ;
#3738 = DIRECTION ( 'NONE',  ( 0.0000000000000000000, -1.000000000000000000, 0.0000000000000000000 ) ) ;
#3739 = DIRECTION ( 'NONE',  ( -0.0000000000000000000, 1.000000000000000000, 0.0000000000000000000 ) ) ;
#3740 = ORIENTED_EDGE ( 'NONE', *, *, #1546, .F. ) ;
#3741 = ORIENTED_EDGE ( 'NONE', *, *, #3276, .F. ) ;
#3742 = PLANE ( 'NONE',  #3323 ) ;
#3743 = CARTESIAN_POINT ( 'NONE',  ( -0.4000000000000003600, -0.05000000000000000300, 0.6999999999999997300 ) ) ;
#3744 = EDGE_CURVE ( 'NONE', #3167, #4379, #4439, .T. ) ;
#3745 = CARTESIAN_POINT ( 'NONE',  ( -0.1704733060834922900, 1.399999999999999900, 1.572890090511294100 ) ) ;
#3746 = EDGE_CURVE ( 'NONE', #1288, #994, #2062, .T. ) ;
#3747 = CARTESIAN_POINT ( 'NONE',  ( -4.333588469740023500, 1.199999999999999700, -1.939999999999999700 ) ) ;
#3748 = VECTOR ( 'NONE', #899, 1000.000000000000000 ) ;
#3749 = CARTESIAN_POINT ( 'NONE',  ( -3.433588469740024100, 1.053589838486225200, -1.600000000000001000 ) ) ;
#3750 = ORIENTED_EDGE ( 'NONE', *, *, #3496, .T. ) ;
#3751 = CARTESIAN_POINT ( 'NONE',  ( -3.633588469740023800, 1.952080447824565000, 1.840000000000000100 ) ) ;
#3752 = VERTEX_POINT ( 'NONE', #1997 ) ;
#3753 = DIRECTION ( 'NONE',  ( 0.0000000000000000000, 0.0000000000000000000, -1.000000000000000000 ) ) ;
#3754 = VECTOR ( 'NONE', #3058, 1000.000000000000000 ) ;
#3755 = ADVANCED_FACE ( 'NONE', ( #4280 ), #5134, .F. ) ;
#3756 = CARTESIAN_POINT ( 'NONE',  ( -4.173588469740022500, 1.399999999999999900, -1.800000000000001600 ) ) ;
#3757 = AXIS2_PLACEMENT_3D ( 'NONE', #4430, #4481, #4897 ) ;
#3758 = DIRECTION ( 'NONE',  ( 0.0000000000000000000, 0.0000000000000000000, 1.000000000000000000 ) ) ;
#3759 = CARTESIAN_POINT ( 'NONE',  ( -0.2875349270944498300, 1.389999999999999900, 1.754461273577978800 ) ) ;
#3760 = ORIENTED_EDGE ( 'NONE', *, *, #17, .F. ) ;
#3761 = CARTESIAN_POINT ( 'NONE',  ( -0.2075570299796049000, 1.390000000000000600, 1.775264631188011400 ) ) ;
#3762 = CARTESIAN_POINT ( 'NONE',  ( -0.06573396313350378400, 1.399999999999999500, 1.620979868989527600 ) ) ;
#3763 = ORIENTED_EDGE ( 'NONE', *, *, #4955, .T. ) ;
#3764 = DIRECTION ( 'NONE',  ( -1.000000000000000000, 0.0000000000000000000, 0.0000000000000000000 ) ) ;
#3765 = CARTESIAN_POINT ( 'NONE',  ( -4.333588469740023500, 1.952080447824565000, 1.565000000000000200 ) ) ;
#3766 = DIRECTION ( 'NONE',  ( -0.0000000000000000000, 0.0000000000000000000, -1.000000000000000000 ) ) ;
#3767 = CARTESIAN_POINT ( 'NONE',  ( -0.8335884697400231000, 1.399999999999999900, 0.2999999999999977700 ) ) ;
#3768 = CARTESIAN_POINT ( 'NONE',  ( -0.5000000000000000000, 0.1499999999999999900, -0.8500000000000003100 ) ) ;
#3769 = CARTESIAN_POINT ( 'NONE',  ( -3.433588469740024100, 0.1999999999999998700, -1.600000000000001000 ) ) ;
#3770 = LINE ( 'NONE', #4532, #2594 ) ;
#3771 = PLANE ( 'NONE',  #1892 ) ;
#3772 = DIRECTION ( 'NONE',  ( -0.0000000000000000000, -1.000000000000000000, -0.0000000000000000000 ) ) ;
#3773 = ORIENTED_EDGE ( 'NONE', *, *, #4010, .T. ) ;
#3774 = ORIENTED_EDGE ( 'NONE', *, *, #2780, .F. ) ;
#3775 = AXIS2_PLACEMENT_3D ( 'NONE', #665, #3593, #3842 ) ;
#3776 = VECTOR ( 'NONE', #398, 1000.000000000000000 ) ;
#3777 = CARTESIAN_POINT ( 'NONE',  ( -0.2954555672530589900, 1.400000000000000100, 1.747071730634626200 ) ) ;
#3778 =( GEOMETRIC_REPRESENTATION_CONTEXT ( 3 ) GLOBAL_UNCERTAINTY_ASSIGNED_CONTEXT ( ( #1916 ) ) GLOBAL_UNIT_ASSIGNED_CONTEXT ( ( #4583, #1906, #5044 ) ) REPRESENTATION_CONTEXT ( 'NONE', 'WORKASPACE' ) );
#3779 = ORIENTED_EDGE ( 'NONE', *, *, #4782, .F. ) ;
#3780 = ORIENTED_EDGE ( 'NONE', *, *, #540, .F. ) ;
#3781 = DIRECTION ( 'NONE',  ( -5.425358542256709600E-031, -1.000000000000000000, -3.252606517456515700E-015 ) ) ;
#3782 = PLANE ( 'NONE',  #5693 ) ;
#3783 = LINE ( 'NONE', #48, #3929 ) ;
#3784 = EDGE_LOOP ( 'NONE', ( #5183, #3514, #5828, #1541 ) ) ;
#3785 = ORIENTED_EDGE ( 'NONE', *, *, #1462, .T. ) ;
#3786 = CARTESIAN_POINT ( 'NONE',  ( -0.1427209619669872800, 1.399999999999999900, 1.575735792691687300 ) ) ;
#3787 = VECTOR ( 'NONE', #1025, 1000.000000000000000 ) ;
#3788 = CARTESIAN_POINT ( 'NONE',  ( -0.8335884697400231000, 1.053589838486225200, -0.2999999999999999900 ) ) ;
#3789 = LINE ( 'NONE', #2145, #4733 ) ;
#3790 = EDGE_CURVE ( 'NONE', #5659, #3998, #3099, .T. ) ;
#3791 = CARTESIAN_POINT ( 'NONE',  ( -0.1726660061027410200, 1.389999999999999500, 1.823594990455784900 ) ) ;
#3792 = EDGE_CURVE ( 'NONE', #3598, #467, #804, .T. ) ;
#3793 = EDGE_LOOP ( 'NONE', ( #4489, #2862, #5037, #438 ) ) ;
#3794 = CIRCLE ( 'NONE', #3249, 0.05000000000000002400 ) ;
#3795 = CARTESIAN_POINT ( 'NONE',  ( -0.5500000000000000400, 0.04999999999999999600, -2.100000000000000100 ) ) ;
#3796 = PLANE ( 'NONE',  #801 ) ;
#3797 = ORIENTED_EDGE ( 'NONE', *, *, #4174, .T. ) ;
#3798 = ORIENTED_EDGE ( 'NONE', *, *, #2056, .F. ) ;
#3799 = VECTOR ( 'NONE', #3753, 1000.000000000000000 ) ;
#3800 = AXIS2_PLACEMENT_3D ( 'NONE', #2001, #5135, #2442 ) ;
#3801 = ORIENTED_EDGE ( 'NONE', *, *, #2812, .T. ) ;
#3802 = PLANE ( 'NONE',  #1665 ) ;
#3803 = LINE ( 'NONE', #3100, #2633 ) ;
#3804 = CARTESIAN_POINT ( 'NONE',  ( -0.1296849256019812500, 1.399999999999999700, 1.578812710670445700 ) ) ;
#3805 = VECTOR ( 'NONE', #147, 1000.000000000000000 ) ;
#3806 = ORIENTED_EDGE ( 'NONE', *, *, #1409, .F. ) ;
#3807 = ORIENTED_EDGE ( 'NONE', *, *, #5084, .T. ) ;
#3808 = DIRECTION ( 'NONE',  ( -1.000000000000000000, 0.0000000000000000000, 0.0000000000000000000 ) ) ;
#3809 = EDGE_CURVE ( 'NONE', #5269, #3236, #1925, .T. ) ;
#3810 = CARTESIAN_POINT ( 'NONE',  ( -0.5335884697400231600, 1.399999999999999900, -0.2999999999999999300 ) ) ;
#3811 = CARTESIAN_POINT ( 'NONE',  ( -0.04189088842660859700, 1.389999999999999500, 1.740896400192586200 ) ) ;
#3812 = CARTESIAN_POINT ( 'NONE',  ( -0.03923527700808091700, 1.389999999999999200, 1.677201764529246100 ) ) ;
#3813 = EDGE_CURVE ( 'NONE', #560, #2237, #656, .T. ) ;
#3814 = VECTOR ( 'NONE', #1825, 1000.000000000000000 ) ;
#3815 = ORIENTED_EDGE ( 'NONE', *, *, #441, .T. ) ;
#3816 = FACE_OUTER_BOUND ( 'NONE', #2605, .T. ) ;
#3817 = DIRECTION ( 'NONE',  ( 0.0000000000000000000, 0.0000000000000000000, -1.000000000000000000 ) ) ;
#3818 = AXIS2_PLACEMENT_3D ( 'NONE', #5288, #1241, #4388 ) ;
#3819 = CARTESIAN_POINT ( 'NONE',  ( -0.2954555672530589900, 1.389999999999999900, 1.747071730634626200 ) ) ;
#3820 = VERTEX_POINT ( 'NONE', #2457 ) ;
#3821 = CARTESIAN_POINT ( 'NONE',  ( -0.1973755979411797300, 1.390000000000000100, 1.780453317085704900 ) ) ;
#3822 = VECTOR ( 'NONE', #1538, 1000.000000000000000 ) ;
#3823 = EDGE_LOOP ( 'NONE', ( #2179, #4258, #2256, #2112 ) ) ;
#3824 = VERTEX_POINT ( 'NONE', #140 ) ;
#3825 = DIRECTION ( 'NONE',  ( -1.000000000000000000, 0.0000000000000000000, -0.0000000000000000000 ) ) ;
#3826 = VECTOR ( 'NONE', #2081, 1000.000000000000000 ) ;
#3827 = CARTESIAN_POINT ( 'NONE',  ( -1.093588469740024700, 0.6032566285183163000, -1.339999999999999900 ) ) ;
#3828 = DIRECTION ( 'NONE',  ( 0.0000000000000000000, -1.000000000000000000, 0.0000000000000000000 ) ) ;
#3829 = EDGE_CURVE ( 'NONE', #2887, #5230, #2818, .T. ) ;
#3830 = ADVANCED_FACE ( 'NONE', ( #3999 ), #3351, .F. ) ;
#3831 = CARTESIAN_POINT ( 'NONE',  ( -0.1173612986251281300, 1.400000000000000100, 1.583173421278586400 ) ) ;
#3832 = EDGE_LOOP ( 'NONE', ( #4078, #923, #1388, #1393 ) ) ;
#3833 = EDGE_CURVE ( 'NONE', #2308, #2237, #4142, .T. ) ;
#3834 = DIRECTION ( 'NONE',  ( -1.000000000000000000, -0.0000000000000000000, -1.445602896647335800E-015 ) ) ;
#3835 = CARTESIAN_POINT ( 'NONE',  ( -0.09092646731427089800, 1.399999999999999700, 1.805446663556379100 ) ) ;
#3836 = ORIENTED_EDGE ( 'NONE', *, *, #2812, .F. ) ;
#3837 = CARTESIAN_POINT ( 'NONE',  ( -1.833588469740022000, 1.053589838486225200, 1.299999999999999600 ) ) ;
#3838 = CARTESIAN_POINT ( 'NONE',  ( -0.1704733060834922900, 1.389999999999999700, 1.572890090511294100 ) ) ;
#3839 = PLANE ( 'NONE',  #5526 ) ;
#3840 = VECTOR ( 'NONE', #5671, 1000.000000000000000 ) ;
#3841 = CARTESIAN_POINT ( 'NONE',  ( -1.833588469740023300, 0.7800000000000000300, -0.6799999999999999400 ) ) ;
#3842 = DIRECTION ( 'NONE',  ( 0.0000000000000000000, 0.0000000000000000000, 1.000000000000000000 ) ) ;
#3843 = AXIS2_PLACEMENT_3D ( 'NONE', #980, #4146, #1469 ) ;
#3844 = EDGE_CURVE ( 'NONE', #2582, #610, #1791, .T. ) ;
#3845 = DIRECTION ( 'NONE',  ( 1.000000000000000000, 0.0000000000000000000, -0.0000000000000000000 ) ) ;
#3846 = LINE ( 'NONE', #4435, #3690 ) ;
#3847 = CARTESIAN_POINT ( 'NONE',  ( -0.1056028649728270200, 1.399999999999999200, 1.588558517808942500 ) ) ;
#3848 = CARTESIAN_POINT ( 'NONE',  ( -3.733588469740023500, -0.05000000000000000300, -1.600000000000000800 ) ) ;
#3849 = EDGE_CURVE ( 'NONE', #3406, #2223, #5077, .T. ) ;
#3850 = CARTESIAN_POINT ( 'NONE',  ( -1.883588469740023100, 0.7800000000000000300, -0.6799999999999998300 ) ) ;
#3851 = CARTESIAN_POINT ( 'NONE',  ( -4.333588469740023500, 1.952080447824565000, -1.565000000000000200 ) ) ;
#3852 = CARTESIAN_POINT ( 'NONE',  ( -0.1520929913320053200, 1.389999999999999700, 1.824053295271688100 ) ) ;
#3853 = VERTEX_POINT ( 'NONE', #1114 ) ;
#3854 = ORIENTED_EDGE ( 'NONE', *, *, #362, .F. ) ;
#3855 = DIRECTION ( 'NONE',  ( 0.0000000000000000000, -0.0000000000000000000, -1.000000000000000000 ) ) ;
#3856 = VECTOR ( 'NONE', #2041, 1000.000000000000000 ) ;
#3857 = ORIENTED_EDGE ( 'NONE', *, *, #5757, .F. ) ;
#3858 = ADVANCED_FACE ( 'NONE', ( #214 ), #4267, .F. ) ;
#3859 = DIRECTION ( 'NONE',  ( 2.161062960310393800E-016, 0.0000000000000000000, -1.000000000000000000 ) ) ;
#3860 = ORIENTED_EDGE ( 'NONE', *, *, #559, .F. ) ;
#3861 = ORIENTED_EDGE ( 'NONE', *, *, #4107, .F. ) ;
#3862 = VECTOR ( 'NONE', #4372, 1000.000000000000000 ) ;
#3863 = VECTOR ( 'NONE', #414, 1000.000000000000000 ) ;
#3864 = ORIENTED_EDGE ( 'NONE', *, *, #227, .F. ) ;
#3865 = EDGE_CURVE ( 'NONE', #1028, #4509, #5216, .T. ) ;
#3866 = FACE_OUTER_BOUND ( 'NONE', #3436, .T. ) ;
#3867 = CARTESIAN_POINT ( 'NONE',  ( -0.4473963830065692500, 1.399999999999999900, 1.829300346921550700 ) ) ;
#3868 = FACE_OUTER_BOUND ( 'NONE', #5528, .T. ) ;
#3869 = CARTESIAN_POINT ( 'NONE',  ( -0.09456576304179753500, 1.400000000000000100, 1.595151434349177900 ) ) ;
#3870 = ORIENTED_EDGE ( 'NONE', *, *, #5547, .F. ) ;
#3871 = ORIENTED_EDGE ( 'NONE', *, *, #4723, .T. ) ;
#3872 = PLANE ( 'NONE',  #4552 ) ;
#3873 = LINE ( 'NONE', #3296, #2695 ) ;
#3874 = CARTESIAN_POINT ( 'NONE',  ( -3.833588469740023100, 0.0000000000000000000, 0.4999999999999992800 ) ) ;
#3875 = PLANE ( 'NONE',  #5377 ) ;
#3876 = CIRCLE ( 'NONE', #2577, 0.02999999999999986000 ) ;
#3877 = DIRECTION ( 'NONE',  ( -1.000000000000000000, 0.0000000000000000000, -2.161062960310393800E-016 ) ) ;
#3878 = ORIENTED_EDGE ( 'NONE', *, *, #3135, .F. ) ;
#3879 = DIRECTION ( 'NONE',  ( 0.0000000000000000000, 0.0000000000000000000, -1.000000000000000000 ) ) ;
#3880 = AXIS2_PLACEMENT_3D ( 'NONE', #1472, #3696, #1010 ) ;
#3881 = VECTOR ( 'NONE', #4619, 1000.000000000000000 ) ;
#3882 = DIRECTION ( 'NONE',  ( -1.000000000000000000, -0.0000000000000000000, 0.0000000000000000000 ) ) ;
#3883 = LINE ( 'NONE', #4200, #4969 ) ;
#3884 = ORIENTED_EDGE ( 'NONE', *, *, #387, .T. ) ;
#3885 = LOCAL_TIME ( 9, 59, 41.00000000000000000, #5112 ) ;
#3886 = DIRECTION ( 'NONE',  ( 0.0000000000000000000, 0.0000000000000000000, 1.000000000000000000 ) ) ;
#3887 = ADVANCED_FACE ( 'NONE', ( #2538 ), #2938, .T. ) ;
#3888 = CARTESIAN_POINT ( 'NONE',  ( -0.1173612986251281300, 1.400000000000000100, 1.583173421278586400 ) ) ;
#3889 = VERTEX_POINT ( 'NONE', #647 ) ;
#3890 = CARTESIAN_POINT ( 'NONE',  ( -1.833588469740023100, 1.053589838486225200, -1.300000000000001200 ) ) ;
#3891 = CARTESIAN_POINT ( 'NONE',  ( -0.5000000000000000000, 1.389999999999999900, 1.439999999999999500 ) ) ;
#3892 = VECTOR ( 'NONE', #2568, 1000.000000000000000 ) ;
#3893 = CARTESIAN_POINT ( 'NONE',  ( -0.5335884697400231600, 1.053589838486225200, -0.2999999999999999300 ) ) ;
#3894 = AXIS2_PLACEMENT_3D ( 'NONE', #5425, #5433, #5453 ) ;
#3895 = DIRECTION ( 'NONE',  ( 0.0000000000000000000, 0.0000000000000000000, 1.000000000000000000 ) ) ;
#3896 = ORIENTED_EDGE ( 'NONE', *, *, #5839, .T. ) ;
#3897 = CARTESIAN_POINT ( 'NONE',  ( -1.883588469740023100, 0.7299999999999999800, 0.6799999999999998300 ) ) ;
#3898 = LINE ( 'NONE', #5857, #2721 ) ;
#3899 = ORIENTED_EDGE ( 'NONE', *, *, #832, .F. ) ;
#3900 = AXIS2_PLACEMENT_3D ( 'NONE', #5159, #2464, #5625 ) ;
#3901 = CARTESIAN_POINT ( 'NONE',  ( -3.833588469740023100, 0.0000000000000000000, -0.5000000000000007800 ) ) ;
#3902 = DIRECTION ( 'NONE',  ( 1.000000000000000000, 0.0000000000000000000, 0.0000000000000000000 ) ) ;
#3903 = LINE ( 'NONE', #1725, #273 ) ;
#3904 = ORIENTED_EDGE ( 'NONE', *, *, #4918, .F. ) ;
#3905 = CARTESIAN_POINT ( 'NONE',  ( -1.833588469740023300, 0.7800000000000000300, 0.6799999999999998300 ) ) ;
#3906 = DIRECTION ( 'NONE',  ( -0.0000000000000000000, -0.0000000000000000000, -1.000000000000000000 ) ) ;
#3907 = EDGE_CURVE ( 'NONE', #4910, #2815, #1342, .T. ) ;
#3908 = CARTESIAN_POINT ( 'NONE',  ( -0.08414045090396347900, 1.399999999999999700, 1.602811620596579000 ) ) ;
#3909 = EDGE_CURVE ( 'NONE', #5914, #1575, #860, .T. ) ;
#3910 = DIRECTION ( 'NONE',  ( 0.7071067811865479100, -0.0000000000000000000, 0.7071067811865472400 ) ) ;
#3911 = PLANE ( 'NONE',  #1616 ) ;
#3912 = CARTESIAN_POINT ( 'NONE',  ( -0.09170125565835789100, 1.399999999999999700, 1.651214670381042900 ) ) ;
#3913 = DIRECTION ( 'NONE',  ( 8.673617379884035500E-017, 0.0000000000000000000, -1.000000000000000000 ) ) ;
#3914 = LINE ( 'NONE', #4917, #4857 ) ;
#3915 = AXIS2_PLACEMENT_3D ( 'NONE', #1157, #4784, #2101 ) ;
#3916 = ADVANCED_FACE ( 'NONE', ( #4628 ), #183, .T. ) ;
#3917 = CARTESIAN_POINT ( 'NONE',  ( -4.333588469740026200, -1.617629641348382700E-014, 1.864999999999984200 ) ) ;
#3918 = CARTESIAN_POINT ( 'NONE',  ( 1.084202172485504400E-016, 1.053589838486225200, -0.6999999999999999600 ) ) ;
#3919 = ORIENTED_EDGE ( 'NONE', *, *, #5488, .F. ) ;
#3920 = LINE ( 'NONE', #3573, #2599 ) ;
#3921 = PLANE ( 'NONE',  #3818 ) ;
#3922 = CARTESIAN_POINT ( 'NONE',  ( -4.173588469740022500, 0.0000000000000000000, 2.099999999999999600 ) ) ;
#3923 = EDGE_CURVE ( 'NONE', #226, #1163, #2265, .T. ) ;
#3924 = CARTESIAN_POINT ( 'NONE',  ( -0.07452431429085881700, 1.400000000000000400, 1.611525023633701800 ) ) ;
#3925 = ORIENTED_EDGE ( 'NONE', *, *, #1753, .F. ) ;
#3926 = CARTESIAN_POINT ( 'NONE',  ( -0.07840773910050027900, 1.399999999999999700, 1.692224660992755400 ) ) ;
#3927 = EDGE_CURVE ( 'NONE', #1434, #2063, #5702, .T. ) ;
#3928 = DIRECTION ( 'NONE',  ( 0.0000000000000000000, 0.0000000000000000000, -1.000000000000000000 ) ) ;
#3929 = VECTOR ( 'NONE', #2809, 1000.000000000000000 ) ;
#3930 = DIRECTION ( 'NONE',  ( 7.228014483236698500E-016, 0.0000000000000000000, 1.000000000000000000 ) ) ;
#3931 = DIRECTION ( 'NONE',  ( 0.0000000000000000000, -0.0000000000000000000, -1.000000000000000000 ) ) ;
#3932 = ORIENTED_EDGE ( 'NONE', *, *, #245, .T. ) ;
#3933 = VECTOR ( 'NONE', #26, 1000.000000000000000 ) ;
#3934 = VECTOR ( 'NONE', #697, 1000.000000000000000 ) ;
#3935 = DIRECTION ( 'NONE',  ( 0.0000000000000000000, 0.7071067811865474600, -0.7071067811865474600 ) ) ;
#3936 = VERTEX_POINT ( 'NONE', #3423 ) ;
#3937 = VERTEX_POINT ( 'NONE', #216 ) ;
#3938 = FACE_OUTER_BOUND ( 'NONE', #3710, .T. ) ;
#3939 = EDGE_CURVE ( 'NONE', #537, #298, #3282, .T. ) ;
#3940 = EDGE_CURVE ( 'NONE', #4295, #3357, #2116, .T. ) ;
#3941 = VERTEX_POINT ( 'NONE', #5252 ) ;
#3942 = EDGE_LOOP ( 'NONE', ( #1079, #2302, #1429, #3871, #4514, #3523, #136, #5762, #4224, #2966, #3932, #2151, #2138, #3120 ) ) ;
#3943 = VECTOR ( 'NONE', #1024, 1000.000000000000000 ) ;
#3944 = DIRECTION ( 'NONE',  ( -1.000000000000000000, -0.0000000000000000000, -9.227252531791543900E-016 ) ) ;
#3945 = ADVANCED_FACE ( 'NONE', ( #1007 ), #5710, .F. ) ;
#3946 = CARTESIAN_POINT ( 'NONE',  ( -0.8335884697400231000, 0.2000000000000000100, -0.2999999999999999900 ) ) ;
#3947 = EDGE_LOOP ( 'NONE', ( #5472, #1523, #2104, #1422 ) ) ;
#3948 = ORIENTED_EDGE ( 'NONE', *, *, #3792, .F. ) ;
#3949 = PLANE ( 'NONE',  #3108 ) ;
#3950 = CARTESIAN_POINT ( 'NONE',  ( -4.173588469740022500, 1.399999999999999900, 1.939999999999999500 ) ) ;
#3951 = LINE ( 'NONE', #3369, #2910 ) ;
#3952 = CARTESIAN_POINT ( 'NONE',  ( -0.4063707419809282100, 1.399999999999999900, 1.643162526408730200 ) ) ;
#3953 = AXIS2_PLACEMENT_3D ( 'NONE', #2698, #2341, #4558 ) ;
#3954 = VECTOR ( 'NONE', #1564, 1000.000000000000000 ) ;
#3955 = EDGE_LOOP ( 'NONE', ( #2263, #2479, #5614, #4566 ) ) ;
#3956 = ORIENTED_EDGE ( 'NONE', *, *, #1259, .F. ) ;
#3957 = CARTESIAN_POINT ( 'NONE',  ( -1.833588469740023300, 0.7599999999999999000, 0.6999999999999998400 ) ) ;
#3958 = EDGE_LOOP ( 'NONE', ( #2948, #81, #4350, #1948 ) ) ;
#3959 = VECTOR ( 'NONE', #2262, 1000.000000000000000 ) ;
#3960 = EDGE_LOOP ( 'NONE', ( #5896, #5527, #225, #3398, #2771 ) ) ;
#3961 = FACE_OUTER_BOUND ( 'NONE', #5589, .T. ) ;
#3962 = AXIS2_PLACEMENT_3D ( 'NONE', #3448, #714, #3895 ) ;
#3963 = ORIENTED_EDGE ( 'NONE', *, *, #4160, .T. ) ;
#3964 = CARTESIAN_POINT ( 'NONE',  ( -3.633588469740025600, 1.200000000000000600, -1.064388996068700700E-015 ) ) ;
#3965 = EDGE_CURVE ( 'NONE', #1565, #3752, #3419, .T. ) ;
#3966 = VECTOR ( 'NONE', #1023, 1000.000000000000000 ) ;
#3967 = DIRECTION ( 'NONE',  ( 0.0000000000000000000, 0.0000000000000000000, 1.000000000000000000 ) ) ;
#3968 = ORIENTED_EDGE ( 'NONE', *, *, #1857, .T. ) ;
#3969 = CARTESIAN_POINT ( 'NONE',  ( -0.06573396313350378400, 1.399999999999999500, 1.620979868989527600 ) ) ;
#3970 = ORIENTED_EDGE ( 'NONE', *, *, #1115, .T. ) ;
#3971 = DIRECTION ( 'NONE',  ( 0.4472135954999584800, -0.7745966692414824100, 0.4472135954999590400 ) ) ;
#3972 = LINE ( 'NONE', #4768, #3826 ) ;
#3973 = CARTESIAN_POINT ( 'NONE',  ( -4.033588469740023700, -0.05000000000000000300, -1.800000000000001200 ) ) ;
#3974 = CARTESIAN_POINT ( 'NONE',  ( -1.833588469740023300, 0.7800000000000000300, 0.0000000000000000000 ) ) ;
#3975 = ORIENTED_EDGE ( 'NONE', *, *, #910, .F. ) ;
#3976 = DIRECTION ( 'NONE',  ( 9.056783560160114900E-016, 0.0000000000000000000, -1.000000000000000000 ) ) ;
#3977 = CARTESIAN_POINT ( 'NONE',  ( -1.833588469740023100, 1.053589838486225200, -1.300000000000001200 ) ) ;
#3978 = ORIENTED_EDGE ( 'NONE', *, *, #4932, .F. ) ;
#3979 = CARTESIAN_POINT ( 'NONE',  ( -4.033588469740023700, -0.05000000000000000300, 1.799999999999999600 ) ) ;
#3980 = ADVANCED_FACE ( 'NONE', ( #1972 ), #1192, .F. ) ;
#3981 = APPROVAL ( #4148, 'UNSPECIFIED' ) ;
#3982 = EDGE_LOOP ( 'NONE', ( #542, #767, #4282, #5245, #3538 ) ) ;
#3983 = PLANE ( 'NONE',  #354 ) ;
#3984 = DIRECTION ( 'NONE',  ( 1.000000000000000000, 0.0000000000000000000, 0.0000000000000000000 ) ) ;
#3985 = CARTESIAN_POINT ( 'NONE',  ( -0.1592553573655436100, 1.400000000000000100, 1.788274705895909900 ) ) ;
#3986 = CARTESIAN_POINT ( 'NONE',  ( 3.252606517456513300E-016, 1.053589838486223500, 0.7000000000000001800 ) ) ;
#3987 = VECTOR ( 'NONE', #1242, 1000.000000000000000 ) ;
#3988 = CARTESIAN_POINT ( 'NONE',  ( -0.05806271574537642100, 1.400000000000000100, 1.631119507440900400 ) ) ;
#3989 = EDGE_CURVE ( 'NONE', #4995, #3190, #5417, .T. ) ;
#3990 = AXIS2_PLACEMENT_3D ( 'NONE', #1166, #1482, #1507 ) ;
#3991 = DIRECTION ( 'NONE',  ( -1.000000000000000000, -0.0000000000000000000, 1.668003342285389800E-016 ) ) ;
#3992 = CARTESIAN_POINT ( 'NONE',  ( 0.0000000000000000000, 0.2000000000000000100, 0.0000000000000000000 ) ) ;
#3993 = LINE ( 'NONE', #3179, #503 ) ;
#3994 = CARTESIAN_POINT ( 'NONE',  ( -0.08746007831894447900, 1.399999999999999900, 1.658573904098990000 ) ) ;
#3995 = AXIS2_PLACEMENT_3D ( 'NONE', #4011, #5840, #2669 ) ;
#3996 = CARTESIAN_POINT ( 'NONE',  ( -3.633588469740025600, 1.199999999999999700, -3.278929603698681100E-015 ) ) ;
#3997 = ORIENTED_EDGE ( 'NONE', *, *, #3118, .F. ) ;
#3998 = VERTEX_POINT ( 'NONE', #3015 ) ;
#3999 = FACE_OUTER_BOUND ( 'NONE', #349, .T. ) ;
#4000 = ORIENTED_EDGE ( 'NONE', *, *, #4855, .T. ) ;
#4001 = CARTESIAN_POINT ( 'NONE',  ( -0.6335884697400231400, 0.2000000000000000100, -0.5000000000000000000 ) ) ;
#4002 = ORIENTED_EDGE ( 'NONE', *, *, #5238, .F. ) ;
#4003 = VECTOR ( 'NONE', #1692, 1000.000000000000000 ) ;
#4004 = DIRECTION ( 'NONE',  ( 0.0000000000000000000, -0.0000000000000000000, 1.000000000000000000 ) ) ;
#4005 = CARTESIAN_POINT ( 'NONE',  ( -1.863588469740023100, 0.7800000000000000300, 0.6999999999999998400 ) ) ;
#4006 = CYLINDRICAL_SURFACE ( 'NONE', #3995, 0.1600000000000002000 ) ;
#4007 = AXIS2_PLACEMENT_3D ( 'NONE', #4860, #4843, #4655 ) ;
#4008 = ADVANCED_FACE ( 'NONE', ( #4191 ), #4343, .F. ) ;
#4009 = VERTEX_POINT ( 'NONE', #4840 ) ;
#4010 = EDGE_CURVE ( 'NONE', #2536, #3936, #1838, .T. ) ;
#4011 = CARTESIAN_POINT ( 'NONE',  ( -0.1600000000000004200, 1.399999999999999900, -1.940000000000000200 ) ) ;
#4012 = LINE ( 'NONE', #1293, #381 ) ;
#4013 = CARTESIAN_POINT ( 'NONE',  ( -0.08741351865578224400, 1.389999999999999700, 1.742734208755814200 ) ) ;
#4014 = VECTOR ( 'NONE', #1495, 1000.000000000000000 ) ;
#4015 = DIRECTION ( 'NONE',  ( 0.4999999999999997800, 0.0000000000000000000, 0.8660254037844388200 ) ) ;
#4016 = DIRECTION ( 'NONE',  ( -0.0000000000000000000, -1.000000000000000000, -0.0000000000000000000 ) ) ;
#4017 = EDGE_LOOP ( 'NONE', ( #5542, #5224, #4141, #722 ) ) ;
#4018 = DIRECTION ( 'NONE',  ( -0.0000000000000000000, -1.000000000000000000, -0.0000000000000000000 ) ) ;
#4019 = LINE ( 'NONE', #1631, #389 ) ;
#4020 = CARTESIAN_POINT ( 'NONE',  ( -0.1233544819881953100, 1.390000000000000300, 1.621636292013739900 ) ) ;
#4021 = CARTESIAN_POINT ( 'NONE',  ( -1.233588469740023200, 1.399999999999999900, -1.450000000000001500 ) ) ;
#4022 = VERTEX_POINT ( 'NONE', #2167 ) ;
#4023 = ORIENTED_EDGE ( 'NONE', *, *, #4330, .F. ) ;
#4024 = LINE ( 'NONE', #833, #1666 ) ;
#4025 = EDGE_CURVE ( 'NONE', #1969, #513, #707, .T. ) ;
#4026 = EDGE_CURVE ( 'NONE', #1397, #5170, #3007, .T. ) ;
#4027 = VECTOR ( 'NONE', #2655, 1000.000000000000000 ) ;
#4028 = EDGE_LOOP ( 'NONE', ( #1731, #2366, #2639, #1752 ) ) ;
#4029 = PLANE ( 'NONE',  #3757 ) ;
#4030 = CARTESIAN_POINT ( 'NONE',  ( -0.1020246336210324400, 1.400000000000000100, 1.763197053736206100 ) ) ;
#4031 = EDGE_CURVE ( 'NONE', #526, #2815, #2868, .T. ) ;
#4032 = CARTESIAN_POINT ( 'NONE',  ( -0.05165541844648642600, 1.399999999999999900, 1.641839722667651300 ) ) ;
#4033 = VECTOR ( 'NONE', #5069, 1000.000000000000000 ) ;
#4034 = CARTESIAN_POINT ( 'NONE',  ( -0.2229762233893812800, 1.399999999999999700, 1.764688927663651000 ) ) ;
#4035 = CYLINDRICAL_SURFACE ( 'NONE', #4633, 0.1599999999999999800 ) ;
#4036 = ORIENTED_EDGE ( 'NONE', *, *, #4252, .F. ) ;
#4037 = ORIENTED_EDGE ( 'NONE', *, *, #4051, .F. ) ;
#4038 = ORGANIZATION ( 'UNSPECIFIED', 'UNSPECIFIED', '' ) ;
#4039 = AXIS2_PLACEMENT_3D ( 'NONE', #4490, #2693, #5861 ) ;
#4040 = DIRECTION ( 'NONE',  ( -5.421010862427526100E-016, 0.0000000000000000000, -1.000000000000000000 ) ) ;
#4041 = ORIENTED_EDGE ( 'NONE', *, *, #1609, .F. ) ;
#4042 = CARTESIAN_POINT ( 'NONE',  ( -0.8335884697400231000, 0.0000000000000000000, 0.3000000000000000400 ) ) ;
#4043 = FACE_OUTER_BOUND ( 'NONE', #3385, .T. ) ;
#4044 = ORIENTED_EDGE ( 'NONE', *, *, #5212, .T. ) ;
#4045 = CARTESIAN_POINT ( 'NONE',  ( -3.633588469740023800, 1.199999999999999700, -2.099999999999999200 ) ) ;
#4046 = ADVANCED_FACE ( 'NONE', ( #5127 ), #5290, .F. ) ;
#4047 = EDGE_LOOP ( 'NONE', ( #624, #623, #1198, #4469, #3411 ) ) ;
#4048 = EDGE_LOOP ( 'NONE', ( #3774, #525, #5306, #1812 ) ) ;
#4049 = LINE ( 'NONE', #3578, #5262 ) ;
#4050 = EDGE_LOOP ( 'NONE', ( #5767, #5678, #5480, #3214 ) ) ;
#4051 = EDGE_CURVE ( 'NONE', #546, #3820, #2729, .T. ) ;
#4052 = DIRECTION ( 'NONE',  ( 0.0000000000000000000, 1.000000000000000000, 0.0000000000000000000 ) ) ;
#4053 = EDGE_CURVE ( 'NONE', #4247, #2308, #3903, .T. ) ;
#4054 = CARTESIAN_POINT ( 'NONE',  ( -0.1565257530895818900, 1.399999999999999900, 1.788202795956167700 ) ) ;
#4055 = VECTOR ( 'NONE', #3481, 1000.000000000000000 ) ;
#4056 = CARTESIAN_POINT ( 'NONE',  ( -0.04626993729857429400, 1.399999999999999700, 1.653047532113084400 ) ) ;
#4057 = ORIENTED_EDGE ( 'NONE', *, *, #4973, .T. ) ;
#4058 = DIRECTION ( 'NONE',  ( 3.616905694837806700E-031, 1.000000000000000000, 2.168404344971010400E-015 ) ) ;
#4059 = DIRECTION ( 'NONE',  ( 9.227252531791541900E-016, 0.0000000000000000000, -1.000000000000000000 ) ) ;
#4060 = CARTESIAN_POINT ( 'NONE',  ( -1.626303258728256700E-016, 0.9499999999999999600, -0.8500000000000003100 ) ) ;
#4061 = ORIENTED_EDGE ( 'NONE', *, *, #4660, .T. ) ;
#4062 = DIRECTION ( 'NONE',  ( 1.000000000000000000, 0.0000000000000000000, -1.668003342285389800E-016 ) ) ;
#4063 = DIRECTION ( 'NONE',  ( -0.0000000000000000000, -0.0000000000000000000, 1.000000000000000000 ) ) ;
#4064 = EDGE_CURVE ( 'NONE', #4299, #3137, #1695, .T. ) ;
#4065 = EDGE_CURVE ( 'NONE', #3460, #631, #1540, .T. ) ;
#4066 = FACE_OUTER_BOUND ( 'NONE', #4017, .T. ) ;
#4067 = CARTESIAN_POINT ( 'NONE',  ( -1.863588469740023100, 0.7299999999999999800, 0.4999999999999998900 ) ) ;
#4068 = ORIENTED_EDGE ( 'NONE', *, *, #384, .T. ) ;
#4069 = ADVANCED_FACE ( 'NONE', ( #4990 ), #2627, .F. ) ;
#4070 = PLANE ( 'NONE',  #1390 ) ;
#4071 = ORIENTED_EDGE ( 'NONE', *, *, #708, .F. ) ;
#4072 = AXIS2_PLACEMENT_3D ( 'NONE', #1262, #4419, #775 ) ;
#4073 = CARTESIAN_POINT ( 'NONE',  ( -4.283588469740023700, 1.149999999999999700, -3.278929603698681100E-015 ) ) ;
#4074 = CARTESIAN_POINT ( 'NONE',  ( -4.333588469740026200, 0.1499999999999999700, 1.939999999999999500 ) ) ;
#4075 = DIRECTION ( 'NONE',  ( -0.0000000000000000000, 0.0000000000000000000, 1.000000000000000000 ) ) ;
#4076 = CARTESIAN_POINT ( 'NONE',  ( -3.633588469740023800, 0.9999999999999995600, -1.565000000000000200 ) ) ;
#4077 = CARTESIAN_POINT ( 'NONE',  ( -4.333588469740023500, 1.399999999999999900, -1.300000000000000700 ) ) ;
#4078 = ORIENTED_EDGE ( 'NONE', *, *, #1558, .F. ) ;
#4079 = CARTESIAN_POINT ( 'NONE',  ( -0.04223238811121862700, 1.400000000000000400, 1.664872557402648600 ) ) ;
#4080 = LINE ( 'NONE', #1400, #589 ) ;
#4081 = DIRECTION ( 'NONE',  ( 1.000000000000000000, 0.0000000000000000000, 0.0000000000000000000 ) ) ;
#4082 = AXIS2_PLACEMENT_3D ( 'NONE', #5735, #1220, #4367 ) ;
#4083 = EDGE_LOOP ( 'NONE', ( #1029, #3968, #4178, #1824, #3733, #1306, #1535, #1659, #4864, #3191, #5487, #2510, #5454, #4380 ) ) ;
#4084 = ORIENTED_EDGE ( 'NONE', *, *, #360, .T. ) ;
#4085 = FACE_OUTER_BOUND ( 'NONE', #555, .T. ) ;
#4086 = LINE ( 'NONE', #2985, #5302 ) ;
#4087 = CARTESIAN_POINT ( 'NONE',  ( -4.333588469740023500, 0.2000000000000000100, 1.299999999999999800 ) ) ;
#4088 = ORIENTED_EDGE ( 'NONE', *, *, #5013, .T. ) ;
#4089 = ORIENTED_EDGE ( 'NONE', *, *, #2939, .T. ) ;
#4090 = VERTEX_POINT ( 'NONE', #1284 ) ;
#4091 = VECTOR ( 'NONE', #153, 1000.000000000000000 ) ;
#4092 = EDGE_LOOP ( 'NONE', ( #1897, #42, #2059, #3273, #4888 ) ) ;
#4093 = VERTEX_POINT ( 'NONE', #1261 ) ;
#4094 = VECTOR ( 'NONE', #3758, 1000.000000000000000 ) ;
#4095 = CARTESIAN_POINT ( 'NONE',  ( -0.1888962761312194500, 1.399999999999999700, 1.820313347419509200 ) ) ;
#4096 = AXIS2_PLACEMENT_3D ( 'NONE', #3601, #902, #4075 ) ;
#4097 = CARTESIAN_POINT ( 'NONE',  ( -3.633588469740024700, 1.199999999999999700, -1.300000000000000300 ) ) ;
#4098 = CARTESIAN_POINT ( 'NONE',  ( -1.833588469740022400, 1.053589838486225200, 1.799999999999999200 ) ) ;
#4099 = ORIENTED_EDGE ( 'NONE', *, *, #4631, .F. ) ;
#4100 = CARTESIAN_POINT ( 'NONE',  ( -0.03923527700808091700, 1.399999999999999500, 1.677201764529246100 ) ) ;
#4101 = ORIENTED_EDGE ( 'NONE', *, *, #4453, .F. ) ;
#4102 = DIRECTION ( 'NONE',  ( -8.673617379884035500E-017, 0.0000000000000000000, 1.000000000000000000 ) ) ;
#4103 = VECTOR ( 'NONE', #2853, 1000.000000000000100 ) ;
#4104 = FACE_OUTER_BOUND ( 'NONE', #977, .T. ) ;
#4105 = ORIENTED_EDGE ( 'NONE', *, *, #862, .F. ) ;
#4106 = ORIENTED_EDGE ( 'NONE', *, *, #2449, .T. ) ;
#4107 = EDGE_CURVE ( 'NONE', #2506, #4295, #2586, .T. ) ;
#4108 = ADVANCED_FACE ( 'NONE', ( #1237 ), #4899, .T. ) ;
#4109 = EDGE_CURVE ( 'NONE', #4110, #2486, #5918, .T. ) ;
#4110 = VERTEX_POINT ( 'NONE', #3533 ) ;
#4111 = CARTESIAN_POINT ( 'NONE',  ( -3.633588469740023800, 1.952080447824565000, -1.565000000000000200 ) ) ;
#4112 = FACE_OUTER_BOUND ( 'NONE', #1651, .T. ) ;
#4113 = ORIENTED_EDGE ( 'NONE', *, *, #2530, .F. ) ;
#4114 = ORIENTED_EDGE ( 'NONE', *, *, #1106, .T. ) ;
#4115 = CARTESIAN_POINT ( 'NONE',  ( -0.09456576304179753500, 1.389999999999999900, 1.595151434349177900 ) ) ;
#4116 = FACE_OUTER_BOUND ( 'NONE', #3725, .T. ) ;
#4117 = ORIENTED_EDGE ( 'NONE', *, *, #2929, .T. ) ;
#4118 = VERTEX_POINT ( 'NONE', #347 ) ;
#4119 = CARTESIAN_POINT ( 'NONE',  ( -0.03917710652543261700, 1.400000000000000100, 1.728921852253914500 ) ) ;
#4120 = DIRECTION ( 'NONE',  ( -1.668003342285389600E-016, 0.0000000000000000000, -1.000000000000000000 ) ) ;
#4121 = CARTESIAN_POINT ( 'NONE',  ( -0.05696487498249134400, 1.389999999999999500, 1.772864043123957100 ) ) ;
#4122 = VECTOR ( 'NONE', #4745, 1000.000000000000100 ) ;
#4123 = CARTESIAN_POINT ( 'NONE',  ( -1.084202172485504400E-016, 0.0000000000000000000, 1.940000000000000200 ) ) ;
#4124 = ORIENTED_EDGE ( 'NONE', *, *, #5911, .T. ) ;
#4125 = ORIENTED_EDGE ( 'NONE', *, *, #5285, .F. ) ;
#4126 = EDGE_CURVE ( 'NONE', #5292, #226, #4847, .T. ) ;
#4127 = DIRECTION ( 'NONE',  ( -1.668003342285389600E-016, 0.0000000000000000000, -1.000000000000000000 ) ) ;
#4128 = EDGE_CURVE ( 'NONE', #3171, #4739, #4700, .T. ) ;
#4129 = CARTESIAN_POINT ( 'NONE',  ( -0.3500000000000000300, 0.1500000000000000200, -0.8500000000000003100 ) ) ;
#4130 = APPLICATION_CONTEXT ( 'configuration controlled 3d designs of mechanical parts and assemblies' ) ;
#4131 = LINE ( 'NONE', #2664, #133 ) ;
#4132 = ADVANCED_FACE ( 'NONE', ( #4565 ), #4460, .F. ) ;
#4133 = CARTESIAN_POINT ( 'NONE',  ( -3.633588469740025600, 0.9999999999999995600, -3.278929603698681100E-015 ) ) ;
#4134 = CARTESIAN_POINT ( 'NONE',  ( -0.1443093849722630300, 1.400000000000000100, 1.823819532586219400 ) ) ;
#4135 = CARTESIAN_POINT ( 'NONE',  ( -0.03743236215948216000, 1.400000000000000100, 1.690090880246441800 ) ) ;
#4136 = CARTESIAN_POINT ( 'NONE',  ( -3.633588469740025600, 1.199999999999999700, -3.278929603698681100E-015 ) ) ;
#4137 = EDGE_CURVE ( 'NONE', #3151, #323, #3350, .T. ) ;
#4138 = VECTOR ( 'NONE', #2717, 1000.000000000000000 ) ;
#4139 = EDGE_CURVE ( 'NONE', #1082, #2, #2329, .T. ) ;
#4140 = VERTEX_POINT ( 'NONE', #5125 ) ;
#4141 = ORIENTED_EDGE ( 'NONE', *, *, #4363, .F. ) ;
#4142 = LINE ( 'NONE', #5634, #369 ) ;
#4143 = ORIENTED_EDGE ( 'NONE', *, *, #3339, .F. ) ;
#4144 = ORIENTED_EDGE ( 'NONE', *, *, #779, .T. ) ;
#4145 = LINE ( 'NONE', #2121, #5367 ) ;
#4146 = DIRECTION ( 'NONE',  ( 0.0000000000000000000, 0.0000000000000000000, 1.000000000000000000 ) ) ;
#4147 = LINE ( 'NONE', #1790, #2961 ) ;
#4148 = APPROVAL_STATUS ( 'not_yet_approved' ) ;
#4149 = DIRECTION ( 'NONE',  ( 0.0000000000000000000, 0.0000000000000000000, -1.000000000000000000 ) ) ;
#4150 = ORIENTED_EDGE ( 'NONE', *, *, #2521, .F. ) ;
#4151 = CARTESIAN_POINT ( 'NONE',  ( -1.883588469740023100, 0.7299999999999999800, 0.4999999999999998900 ) ) ;
#4152 = ORIENTED_EDGE ( 'NONE', *, *, #2460, .T. ) ;
#4153 = CARTESIAN_POINT ( 'NONE',  ( -4.283588469740023700, 1.199999999999999700, -1.565000000000000200 ) ) ;
#4154 = VECTOR ( 'NONE', #3490, 1000.000000000000000 ) ;
#4155 = B_SPLINE_CURVE_WITH_KNOTS ( 'NONE', 3,
 ( #3985, #4054, #4854, #4915, #4781, #4876, #5314, #5289, #1637, #4030, #1845, #1786, #2095, #3495, #5335, #1687, #5781, #5873, #1807 ),
 .UNSPECIFIED., .F., .F.,
 ( 4, 1, 1, 1, 1, 1, 1, 1, 1, 1, 1, 1, 1, 1, 1, 1, 4 ),
 ( 0.0000000000000000000, 0.06196903919174876600, 0.1221290764323361800, 0.1809991241916588400, 0.2401624165448506500, 0.2998647227478911100, 0.3599512670925816800, 0.4217417893803274100, 0.4865456790123973100, 0.5515084714935625200, 0.6149949372340041100, 0.6772396658274378900, 0.7397146797414256800, 0.8030385380943935200, 0.8664872928331481800, 0.9319694797733317800, 1.000000000000000000 ),
 .UNSPECIFIED. ) ;
#4156 = VECTOR ( 'NONE', #3260, 1000.000000000000000 ) ;
#4157 = EDGE_CURVE ( 'NONE', #994, #897, #2195, .T. ) ;
#4158 = ORIENTED_EDGE ( 'NONE', *, *, #4664, .T. ) ;
#4159 = ORIENTED_EDGE ( 'NONE', *, *, #5176, .F. ) ;
#4160 = EDGE_CURVE ( 'NONE', #1174, #4247, #4411, .T. ) ;
#4161 = LINE ( 'NONE', #3547, #5523 ) ;
#4162 = ADVANCED_FACE ( 'NONE', ( #5485 ), #4685, .F. ) ;
#4163 = CARTESIAN_POINT ( 'NONE',  ( -0.04626993729857429400, 1.389999999999999700, 1.653047532113084400 ) ) ;
#4164 = ORIENTED_EDGE ( 'NONE', *, *, #463, .F. ) ;
#4165 = ORIENTED_EDGE ( 'NONE', *, *, #2334, .F. ) ;
#4166 = LINE ( 'NONE', #2804, #2980 ) ;
#4167 = DIRECTION ( 'NONE',  ( -1.000000000000000000, 0.0000000000000000000, 8.673617379884035500E-017 ) ) ;
#4168 = FACE_OUTER_BOUND ( 'NONE', #4294, .T. ) ;
#4169 = EDGE_LOOP ( 'NONE', ( #4672, #3417, #334, #5883 ) ) ;
#4170 = DIRECTION ( 'NONE',  ( 1.000000000000000000, -9.774205570502156600E-013, 0.0000000000000000000 ) ) ;
#4171 = VECTOR ( 'NONE', #4201, 1000.000000000000000 ) ;
#4172 = DIRECTION ( 'NONE',  ( 1.807003620809174600E-016, -1.000000000000000000, 0.0000000000000000000 ) ) ;
#4173 = CARTESIAN_POINT ( 'NONE',  ( -0.5000000000000000000, 0.0000000000000000000, 0.8500000000000003100 ) ) ;
#4174 = EDGE_CURVE ( 'NONE', #3341, #261, #781, .T. ) ;
#4175 = CARTESIAN_POINT ( 'NONE',  ( -0.03723854482741578700, 1.399999999999999900, 1.698872587175241300 ) ) ;
#4176 = VECTOR ( 'NONE', #2860, 1000.000000000000000 ) ;
#4177 = ORIENTED_EDGE ( 'NONE', *, *, #2171, .T. ) ;
#4178 = ORIENTED_EDGE ( 'NONE', *, *, #5275, .F. ) ;
#4179 = CARTESIAN_POINT ( 'NONE',  ( -0.8335884697400231000, 0.2000000000000000100, 0.2999999999999977700 ) ) ;
#4180 = CARTESIAN_POINT ( 'NONE',  ( -0.05000000000000037100, -0.05000000000000000300, 0.5000000000000000000 ) ) ;
#4181 = ORIENTED_EDGE ( 'NONE', *, *, #4107, .T. ) ;
#4182 = LINE ( 'NONE', #5192, #1826 ) ;
#4183 = ORIENTED_EDGE ( 'NONE', *, *, #5869, .F. ) ;
#4184 = EDGE_LOOP ( 'NONE', ( #2778, #2858, #1772, #2485 ) ) ;
#4185 = DIRECTION ( 'NONE',  ( -0.0000000000000000000, 1.000000000000000000, 3.252606517456512100E-015 ) ) ;
#4186 = AXIS2_PLACEMENT_3D ( 'NONE', #4073, #1267, #1057 ) ;
#4187 = CARTESIAN_POINT ( 'NONE',  ( -0.5335884697400231600, 1.399999999999999900, 0.3000000000000000400 ) ) ;
#4188 = FACE_OUTER_BOUND ( 'NONE', #4450, .T. ) ;
#4189 = ORIENTED_EDGE ( 'NONE', *, *, #2516, .F. ) ;
#4190 = ORIENTED_EDGE ( 'NONE', *, *, #969, .T. ) ;
#4191 = FACE_OUTER_BOUND ( 'NONE', #1927, .T. ) ;
#4192 = ADVANCED_FACE ( 'NONE', ( #3076 ), #3771, .T. ) ;
#4193 = DIRECTION ( 'NONE',  ( -0.8660254037844380400, -0.5000000000000010000, 0.0000000000000000000 ) ) ;
#4194 = DIRECTION ( 'NONE',  ( -0.4472135954999585900, -0.7745966692414825200, -0.4472135954999585900 ) ) ;
#4195 = ORIENTED_EDGE ( 'NONE', *, *, #2645, .F. ) ;
#4196 = DIRECTION ( 'NONE',  ( -1.000000000000000000, 0.0000000000000000000, -4.743384504624085800E-016 ) ) ;
#4197 = CARTESIAN_POINT ( 'NONE',  ( -3.633588469740027400, 1.099999999999999900, 1.539999999999993600 ) ) ;
#4198 = CARTESIAN_POINT ( 'NONE',  ( -1.353588469740023600, 1.261435935394490600, -1.420000000000001700 ) ) ;
#4199 = AXIS2_PLACEMENT_3D ( 'NONE', #420, #986, #456 ) ;
#4200 = CARTESIAN_POINT ( 'NONE',  ( -1.626303258728256700E-016, 1.399999999999999900, 1.940000000000000200 ) ) ;
#4201 = DIRECTION ( 'NONE',  ( 0.0000000000000000000, -1.000000000000000000, 0.0000000000000000000 ) ) ;
#4202 = VECTOR ( 'NONE', #1787, 1000.000000000000000 ) ;
#4203 = CARTESIAN_POINT ( 'NONE',  ( -4.333588469740023500, 1.099999999999999900, -1.450000000000000800 ) ) ;
#4204 = ORIENTED_EDGE ( 'NONE', *, *, #2275, .F. ) ;
#4205 = ADVANCED_FACE ( 'NONE', ( #4261 ), #1766, .T. ) ;
#4206 = ORIENTED_EDGE ( 'NONE', *, *, #5365, .T. ) ;
#4207 = CARTESIAN_POINT ( 'NONE',  ( -0.03713997275015895600, 1.399999999999999900, 1.703338808460012300 ) ) ;
#4208 = DIRECTION ( 'NONE',  ( 1.734723475976807100E-014, -1.000000000000000000, 0.0000000000000000000 ) ) ;
#4209 = PLANE ( 'NONE',  #3359 ) ;
#4210 = CARTESIAN_POINT ( 'NONE',  ( -3.633588469740027400, 1.099999999999999900, 1.539999999999993600 ) ) ;
#4211 = EDGE_CURVE ( 'NONE', #379, #128, #283, .T. ) ;
#4212 = DIRECTION ( 'NONE',  ( -1.000000000000000000, 0.0000000000000000000, -0.0000000000000000000 ) ) ;
#4213 = EDGE_CURVE ( 'NONE', #4586, #4214, #630, .T. ) ;
#4214 = VERTEX_POINT ( 'NONE', #5623 ) ;
#4215 = DIRECTION ( 'NONE',  ( 0.0000000000000000000, -1.000000000000000000, 0.0000000000000000000 ) ) ;
#4216 = FACE_OUTER_BOUND ( 'NONE', #2086, .T. ) ;
#4217 = CARTESIAN_POINT ( 'NONE',  ( 1.084202172485504400E-016, 0.8535898384862253800, -0.6999999999999999600 ) ) ;
#4218 = EDGE_LOOP ( 'NONE', ( #1015, #3620, #5891, #4114 ) ) ;
#4219 = DIRECTION ( 'NONE',  ( -2.161062960310393800E-016, -0.0000000000000000000, 1.000000000000000000 ) ) ;
#4220 = DIRECTION ( 'NONE',  ( 0.0000000000000000000, -1.000000000000000000, 0.0000000000000000000 ) ) ;
#4221 = VECTOR ( 'NONE', #2770, 1000.000000000000000 ) ;
#4222 = VECTOR ( 'NONE', #201, 1000.000000000000000 ) ;
#4223 = ORIENTED_EDGE ( 'NONE', *, *, #2186, .F. ) ;
#4224 = ORIENTED_EDGE ( 'NONE', *, *, #3909, .T. ) ;
#4225 = DIRECTION ( 'NONE',  ( -1.000000000000000000, 0.0000000000000000000, -0.0000000000000000000 ) ) ;
#4226 = LINE ( 'NONE', #5564, #4091 ) ;
#4227 = DIRECTION ( 'NONE',  ( 0.0000000000000000000, -1.000000000000000000, 0.0000000000000000000 ) ) ;
#4228 = CARTESIAN_POINT ( 'NONE',  ( -1.233588469740022800, 1.053589838486225200, 1.299999999999999600 ) ) ;
#4229 = ORIENTED_EDGE ( 'NONE', *, *, #2056, .T. ) ;
#4230 = FACE_OUTER_BOUND ( 'NONE', #889, .T. ) ;
#4231 = CARTESIAN_POINT ( 'NONE',  ( -0.5000000000000000000, 1.399999999999999900, 1.439999999999999500 ) ) ;
#4232 = EDGE_CURVE ( 'NONE', #5650, #3154, #2931, .T. ) ;
#4233 = DIRECTION ( 'NONE',  ( -0.7071067811865474600, 0.0000000000000000000, -0.7071067811865474600 ) ) ;
#4234 = EDGE_LOOP ( 'NONE', ( #2011, #2030, #460, #5666 ) ) ;
#4235 = EDGE_CURVE ( 'NONE', #2213, #1236, #1901, .T. ) ;
#4236 = ORIENTED_EDGE ( 'NONE', *, *, #4638, .F. ) ;
#4237 = LINE ( 'NONE', #4920, #614 ) ;
#4238 = DIRECTION ( 'NONE',  ( 0.0000000000000000000, -1.000000000000000000, 0.0000000000000000000 ) ) ;
#4239 = CARTESIAN_POINT ( 'NONE',  ( -0.5000000000000000000, 1.399999999999999900, 1.940000000000000200 ) ) ;
#4240 = VECTOR ( 'NONE', #2448, 1000.000000000000000 ) ;
#4241 = APPROVAL_DATE_TIME ( #5469, #3981 ) ;
#4242 = CARTESIAN_POINT ( 'NONE',  ( -4.333588469740023500, 0.2000000000000000100, -1.300000000000000700 ) ) ;
#4243 = ORIENTED_EDGE ( 'NONE', *, *, #4053, .F. ) ;
#4244 = CARTESIAN_POINT ( 'NONE',  ( -0.6335884697400231400, 0.7599999999999999000, 0.6999999999999999600 ) ) ;
#4245 = CIRCLE ( 'NONE', #4443, 0.1499999999999999700 ) ;
#4246 = DIRECTION ( 'NONE',  ( 2.161062960310393800E-016, -0.0000000000000000000, 1.000000000000000000 ) ) ;
#4247 = VERTEX_POINT ( 'NONE', #3388 ) ;
#4248 = ORIENTED_EDGE ( 'NONE', *, *, #5893, .F. ) ;
#4249 = CARTESIAN_POINT ( 'NONE',  ( -0.5000000000000000000, 1.389999999999999900, 1.940000000000000200 ) ) ;
#4250 = EDGE_CURVE ( 'NONE', #2679, #884, #2796, .T. ) ;
#4251 = CARTESIAN_POINT ( 'NONE',  ( -4.333588469740023500, 0.2000000000000000100, 1.000000000000000700 ) ) ;
#4252 = EDGE_CURVE ( 'NONE', #261, #266, #3213, .T. ) ;
#4253 = ORIENTED_EDGE ( 'NONE', *, *, #4495, .F. ) ;
#4254 = DIRECTION ( 'NONE',  ( 0.0000000000000000000, 0.0000000000000000000, 1.000000000000000000 ) ) ;
#4255 = FACE_OUTER_BOUND ( 'NONE', #5007, .T. ) ;
#4256 = ORIENTED_EDGE ( 'NONE', *, *, #5660, .T. ) ;
#4257 = CARTESIAN_POINT ( 'NONE',  ( -0.2046212383125537700, 1.390000000000000100, 1.815188031865742700 ) ) ;
#4258 = ORIENTED_EDGE ( 'NONE', *, *, #3552, .T. ) ;
#4259 = CARTESIAN_POINT ( 'NONE',  ( -0.03713997275015895600, 1.389999999999999700, 1.703338808460012300 ) ) ;
#4260 = ORIENTED_EDGE ( 'NONE', *, *, #691, .T. ) ;
#4261 = FACE_OUTER_BOUND ( 'NONE', #803, .T. ) ;
#4262 = ORIENTED_EDGE ( 'NONE', *, *, #4950, .T. ) ;
#4263 = DIRECTION ( 'NONE',  ( 1.000000000000000000, 0.0000000000000000000, 0.0000000000000000000 ) ) ;
#4264 = DIRECTION ( 'NONE',  ( -7.855507529325377100E-030, 1.000000000000000000, 8.673617379884144300E-015 ) ) ;
#4265 = DIRECTION ( 'NONE',  ( -1.000000000000000000, -0.0000000000000000000, 2.409338161078899700E-016 ) ) ;
#4266 = AXIS2_PLACEMENT_3D ( 'NONE', #3101, #352, #3540 ) ;
#4267 = PLANE ( 'NONE',  #424 ) ;
#4268 = PLANE ( 'NONE',  #2705 ) ;
#4269 = EDGE_CURVE ( 'NONE', #5350, #289, #3972, .T. ) ;
#4270 = DIRECTION ( 'NONE',  ( -1.000000000000000000, 0.0000000000000000000, 0.0000000000000000000 ) ) ;
#4271 = VECTOR ( 'NONE', #2550, 1000.000000000000000 ) ;
#4272 = DIRECTION ( 'NONE',  ( 0.0000000000000000000, -1.000000000000000000, 0.0000000000000000000 ) ) ;
#4273 = CARTESIAN_POINT ( 'NONE',  ( -0.04569836457669964500, 1.389999999999999900, 1.752243573509374900 ) ) ;
#4274 = CARTESIAN_POINT ( 'NONE',  ( -0.03743236215948216000, 1.389999999999999900, 1.690090880246441800 ) ) ;
#4275 = LINE ( 'NONE', #1401, #648 ) ;
#4276 = ADVANCED_FACE ( 'NONE', ( #1461 ), #190, .F. ) ;
#4277 = CC_DESIGN_APPROVAL ( #3981, ( #3089 ) ) ;
#4278 = ORIENTED_EDGE ( 'NONE', *, *, #5562, .T. ) ;
#4279 = CARTESIAN_POINT ( 'NONE',  ( -1.833588469740023300, 0.7800000000000000300, 0.5200000000000000200 ) ) ;
#4280 = FACE_OUTER_BOUND ( 'NONE', #468, .T. ) ;
#4281 = CARTESIAN_POINT ( 'NONE',  ( -0.6335884697400229200, 1.399999999999999900, -0.5000000000000002200 ) ) ;
#4282 = ORIENTED_EDGE ( 'NONE', *, *, #2834, .T. ) ;
#4283 = ORIENTED_EDGE ( 'NONE', *, *, #3790, .F. ) ;
#4284 = FACE_OUTER_BOUND ( 'NONE', #3942, .T. ) ;
#4285 = CARTESIAN_POINT ( 'NONE',  ( -0.5000000000000000000, 0.04999999999999999600, -2.100000000000000100 ) ) ;
#4286 = VECTOR ( 'NONE', #835, 1000.000000000000000 ) ;
#4287 = CARTESIAN_POINT ( 'NONE',  ( -0.1007812428245586000, 1.400000000000000400, 1.811231025096188500 ) ) ;
#4288 = EDGE_CURVE ( 'NONE', #5464, #3306, #2653, .T. ) ;
#4289 = ORIENTED_EDGE ( 'NONE', *, *, #559, .T. ) ;
#4290 = CARTESIAN_POINT ( 'NONE',  ( -0.5500000000000001600, 0.05000000000000000300, 0.8500000000000003100 ) ) ;
#4291 = VECTOR ( 'NONE', #5300, 1000.000000000000100 ) ;
#4292 = LINE ( 'NONE', #511, #666 ) ;
#4293 = CARTESIAN_POINT ( 'NONE',  ( -0.2358714669709788500, 1.399999999999999500, 1.797181482322351500 ) ) ;
#4294 = EDGE_LOOP ( 'NONE', ( #83, #4630, #727, #1934 ) ) ;
#4295 = VERTEX_POINT ( 'NONE', #5210 ) ;
#4296 = CARTESIAN_POINT ( 'NONE',  ( -0.1849959414335349000, 1.389999999999999900, 1.785013641069229700 ) ) ;
#4297 = VECTOR ( 'NONE', #1912, 1000.000000000000000 ) ;
#4298 = AXIS2_PLACEMENT_3D ( 'NONE', #871, #4058, #1375 ) ;
#4299 = VERTEX_POINT ( 'NONE', #1649 ) ;
#4300 = CARTESIAN_POINT ( 'NONE',  ( -1.233588469740022800, 1.053589838486225200, 1.449999999999999300 ) ) ;
#4301 = ORIENTED_EDGE ( 'NONE', *, *, #4614, .F. ) ;
#4302 = CARTESIAN_POINT ( 'NONE',  ( -0.07840773910050027900, 1.389999999999999700, 1.692224660992755400 ) ) ;
#4303 = VECTOR ( 'NONE', #1903, 1000.000000000000000 ) ;
#4304 = ADVANCED_FACE ( 'NONE', ( #4912 ), #4309, .T. ) ;
#4305 = DIRECTION ( 'NONE',  ( 0.8660254037844380400, -0.5000000000000012200, -1.444533268016496700E-016 ) ) ;
#4306 = LINE ( 'NONE', #4865, #5532 ) ;
#4307 = VERTEX_POINT ( 'NONE', #1160 ) ;
#4308 = DIRECTION ( 'NONE',  ( 0.0000000000000000000, -1.000000000000000000, 0.0000000000000000000 ) ) ;
#4309 = PLANE ( 'NONE',  #3364 ) ;
#4310 = CYLINDRICAL_SURFACE ( 'NONE', #5214, 0.04999999999999969700 ) ;
#4311 = CARTESIAN_POINT ( 'NONE',  ( -0.1560502291604153900, 1.389999999999999700, 1.824172141793345400 ) ) ;
#4312 = EDGE_CURVE ( 'NONE', #5326, #1528, #194, .T. ) ;
#4313 = VECTOR ( 'NONE', #1899, 1000.000000000000000 ) ;
#4314 = VERTEX_POINT ( 'NONE', #2987 ) ;
#4315 = AXIS2_PLACEMENT_3D ( 'NONE', #2344, #950, #1448 ) ;
#4316 = DIRECTION ( 'NONE',  ( 0.0000000000000000000, 0.0000000000000000000, -1.000000000000000000 ) ) ;
#4317 = ORIENTED_EDGE ( 'NONE', *, *, #4137, .F. ) ;
#4318 = CARTESIAN_POINT ( 'NONE',  ( -0.1722238736379884400, 1.389999999999999700, 1.787774399165798200 ) ) ;
#4319 = FACE_OUTER_BOUND ( 'NONE', #1817, .T. ) ;
#4320 = ORIENTED_EDGE ( 'NONE', *, *, #4949, .F. ) ;
#4321 = ORIENTED_EDGE ( 'NONE', *, *, #2047, .F. ) ;
#4322 = EDGE_LOOP ( 'NONE', ( #2141, #2613, #2850, #979 ) ) ;
#4323 = CARTESIAN_POINT ( 'NONE',  ( 3.252606517456513300E-016, 0.8535898384862241600, 0.4999999999999996700 ) ) ;
#4324 = CYLINDRICAL_SURFACE ( 'NONE', #5194, 0.1600000000000002000 ) ;
#4325 = DIRECTION ( 'NONE',  ( -0.4472135954999574300, -0.7745966692414832900, 0.4472135954999585400 ) ) ;
#4326 = ORIENTED_EDGE ( 'NONE', *, *, #4564, .F. ) ;
#4327 = CARTESIAN_POINT ( 'NONE',  ( -0.3335884697400230400, 1.399999999999999900, 1.939999999999999500 ) ) ;
#4328 = EDGE_CURVE ( 'NONE', #3314, #2087, #2508, .T. ) ;
#4329 = ORIENTED_EDGE ( 'NONE', *, *, #5547, .T. ) ;
#4330 = EDGE_CURVE ( 'NONE', #1654, #5719, #5059, .T. ) ;
#4331 = DIRECTION ( 'NONE',  ( 1.000000000000000000, 0.0000000000000000000, -8.673617379884035500E-017 ) ) ;
#4332 = EDGE_CURVE ( 'NONE', #3333, #2307, #4773, .T. ) ;
#4333 = VECTOR ( 'NONE', #5756, 1000.000000000000000 ) ;
#4334 = CARTESIAN_POINT ( 'NONE',  ( -4.333588469740023500, 0.2000000000000000100, -1.300000000000000700 ) ) ;
#4335 = CARTESIAN_POINT ( 'NONE',  ( -4.333588469740023500, 0.0000000000000000000, 1.000000000000000700 ) ) ;
#4336 = DIRECTION ( 'NONE',  ( 0.0000000000000000000, 0.0000000000000000000, -1.000000000000000000 ) ) ;
#4337 = ADVANCED_FACE ( 'NONE', ( #4624 ), #1674, .F. ) ;
#4338 = PLANE ( 'NONE',  #2364 ) ;
#4339 = CARTESIAN_POINT ( 'NONE',  ( -4.173588469740022500, 1.399999999999999900, -2.099999999999999600 ) ) ;
#4340 = PLANE ( 'NONE',  #3229 ) ;
#4341 = CARTESIAN_POINT ( 'NONE',  ( -0.07824730703268904800, 1.389999999999999900, 1.698367750685176200 ) ) ;
#4342 = EDGE_CURVE ( 'NONE', #2362, #4833, #3416, .T. ) ;
#4343 = PLANE ( 'NONE',  #4082 ) ;
#4344 = FACE_OUTER_BOUND ( 'NONE', #5399, .T. ) ;
#4345 = DIRECTION ( 'NONE',  ( -0.8660254037844380400, -0.5000000000000011100, 6.259644161404828500E-016 ) ) ;
#4346 = ORIENTED_EDGE ( 'NONE', *, *, #2474, .F. ) ;
#4347 = DIRECTION ( 'NONE',  ( 0.0000000000000000000, 0.0000000000000000000, -1.000000000000000000 ) ) ;
#4348 = EDGE_CURVE ( 'NONE', #5082, #5286, #4457, .T. ) ;
#4349 = CARTESIAN_POINT ( 'NONE',  ( -4.283588469740023700, 1.149999999999999700, -1.565000000000000200 ) ) ;
#4350 = ORIENTED_EDGE ( 'NONE', *, *, #1016, .F. ) ;
#4351 = CARTESIAN_POINT ( 'NONE',  ( -4.283588469740023700, 1.149999999999999700, -1.840000000000000100 ) ) ;
#4352 = CARTESIAN_POINT ( 'NONE',  ( -0.07824730703268904800, 1.399999999999999900, 1.698367750685176200 ) ) ;
#4353 = CARTESIAN_POINT ( 'NONE',  ( -1.833588469740023300, 0.7299999999999999800, -0.6999999999999998400 ) ) ;
#4354 = ORIENTED_EDGE ( 'NONE', *, *, #3262, .F. ) ;
#4355 = CARTESIAN_POINT ( 'NONE',  ( 1.084202172485504400E-016, 0.8535898384862253800, -0.6999999999999999600 ) ) ;
#4356 = ORIENTED_EDGE ( 'NONE', *, *, #1914, .F. ) ;
#4357 = ORIENTED_EDGE ( 'NONE', *, *, #4026, .T. ) ;
#4358 = LINE ( 'NONE', #965, #1034 ) ;
#4359 = LINE ( 'NONE', #4507, #2146 ) ;
#4360 = ORIENTED_EDGE ( 'NONE', *, *, #2377, .F. ) ;
#4361 = EDGE_CURVE ( 'NONE', #600, #323, #2257, .T. ) ;
#4362 = VERTEX_POINT ( 'NONE', #1204 ) ;
#4363 = EDGE_CURVE ( 'NONE', #4879, #5690, #2382, .T. ) ;
#4364 = VECTOR ( 'NONE', #3623, 1000.000000000000000 ) ;
#4365 = DIRECTION ( 'NONE',  ( 0.0000000000000000000, 0.0000000000000000000, -1.000000000000000000 ) ) ;
#4366 = LINE ( 'NONE', #5653, #738 ) ;
#4367 = DIRECTION ( 'NONE',  ( 0.0000000000000000000, 0.0000000000000000000, -1.000000000000000000 ) ) ;
#4368 = ADVANCED_FACE ( 'NONE', ( #4487 ), #1734, .F. ) ;
#4369 = CARTESIAN_POINT ( 'NONE',  ( -0.8335884697400231000, 1.053589838486225200, -0.2999999999999999900 ) ) ;
#4370 = ORIENTED_EDGE ( 'NONE', *, *, #1443, .F. ) ;
#4371 = EDGE_LOOP ( 'NONE', ( #4356, #1402, #1661, #4873 ) ) ;
#4372 = DIRECTION ( 'NONE',  ( 1.000000000000000000, 0.0000000000000000000, 8.673617379884035500E-017 ) ) ;
#4373 = DIRECTION ( 'NONE',  ( -1.000000000000000000, -1.355252715606880800E-016, 0.0000000000000000000 ) ) ;
#4374 = FACE_OUTER_BOUND ( 'NONE', #2400, .T. ) ;
#4375 = CARTESIAN_POINT ( 'NONE',  ( -0.1023499163442813800, 1.400000000000000100, 1.637686497446544600 ) ) ;
#4376 = CARTESIAN_POINT ( 'NONE',  ( -3.633588469740023800, 1.099999999999999900, -1.450000000000000200 ) ) ;
#4377 = AXIS2_PLACEMENT_3D ( 'NONE', #4927, #5430, #5816 ) ;
#4378 = DIRECTION ( 'NONE',  ( 0.0000000000000000000, 0.0000000000000000000, 1.000000000000000000 ) ) ;
#4379 = VERTEX_POINT ( 'NONE', #5717 ) ;
#4380 = ORIENTED_EDGE ( 'NONE', *, *, #5636, .T. ) ;
#4381 = LINE ( 'NONE', #2589, #5458 ) ;
#4382 = ORIENTED_EDGE ( 'NONE', *, *, #3053, .T. ) ;
#4383 = CARTESIAN_POINT ( 'NONE',  ( -1.626303258728256700E-016, 0.9499999999999999600, -0.8500000000000003100 ) ) ;
#4384 = ORIENTED_EDGE ( 'NONE', *, *, #346, .F. ) ;
#4385 = ORIENTED_EDGE ( 'NONE', *, *, #2940, .T. ) ;
#4386 = CARTESIAN_POINT ( 'NONE',  ( 1.084202172485504400E-016, 0.8535898384862253800, -0.6999999999999999600 ) ) ;
#4387 = FACE_OUTER_BOUND ( 'NONE', #2556, .T. ) ;
#4388 = DIRECTION ( 'NONE',  ( 0.0000000000000000000, 0.0000000000000000000, 1.000000000000000000 ) ) ;
#4389 = LINE ( 'NONE', #2426, #1883 ) ;
#4390 = APPROVAL_PERSON_ORGANIZATION ( #5610, #3981, #1470 ) ;
#4391 = CARTESIAN_POINT ( 'NONE',  ( -1.833588469740024200, 1.053589838486225200, -1.600000000000001000 ) ) ;
#4392 = CARTESIAN_POINT ( 'NONE',  ( -3.373588469740023600, 0.9496667900320927600, 1.539999999999998900 ) ) ;
#4393 = PLANE ( 'NONE',  #1250 ) ;
#4394 = DIRECTION ( 'NONE',  ( 7.228014483236698500E-016, -0.0000000000000000000, 1.000000000000000000 ) ) ;
#4395 = CARTESIAN_POINT ( 'NONE',  ( -0.07953067990648415900, 1.400000000000000800, 1.683205539918705600 ) ) ;
#4396 = CARTESIAN_POINT ( 'NONE',  ( -0.1600000000000004200, 1.399999999999999900, 1.940000000000000200 ) ) ;
#4397 = LINE ( 'NONE', #3054, #2028 ) ;
#4398 = ORIENTED_EDGE ( 'NONE', *, *, #2871, .F. ) ;
#4399 = AXIS2_PLACEMENT_3D ( 'NONE', #3867, #4954, #3967 ) ;
#4400 = CARTESIAN_POINT ( 'NONE',  ( -0.3500000000000000300, 0.1500000000000000200, 0.8500000000000003100 ) ) ;
#4401 = ORIENTED_EDGE ( 'NONE', *, *, #5253, .T. ) ;
#4402 = CARTESIAN_POINT ( 'NONE',  ( -3.633588469740025600, 0.0000000000000000000, -3.278929603698681100E-015 ) ) ;
#4403 = CARTESIAN_POINT ( 'NONE',  ( -4.173588469740023400, 1.399999999999999900, -1.500000000000000900 ) ) ;
#4404 = ORIENTED_EDGE ( 'NONE', *, *, #5058, .T. ) ;
#4405 = VECTOR ( 'NONE', #4601, 1000.000000000000000 ) ;
#4406 = ORIENTED_EDGE ( 'NONE', *, *, #2528, .F. ) ;
#4407 = ADVANCED_FACE ( 'NONE', ( #5691 ), #4324, .T. ) ;
#4408 = CARTESIAN_POINT ( 'NONE',  ( -3.633588469740025600, 1.200000000000000600, -1.064388996068700700E-015 ) ) ;
#4409 = ORIENTED_EDGE ( 'NONE', *, *, #971, .F. ) ;
#4410 = CARTESIAN_POINT ( 'NONE',  ( -0.1635955021795502100, 1.389999999999999900, 1.788107269343070000 ) ) ;
#4411 = LINE ( 'NONE', #3749, #2039 ) ;
#4412 = EDGE_LOOP ( 'NONE', ( #2076, #3899, #4626, #4089 ) ) ;
#4413 = ORIENTED_EDGE ( 'NONE', *, *, #5136, .T. ) ;
#4414 = DIRECTION ( 'NONE',  ( -0.0000000000000000000, -0.0000000000000000000, 1.000000000000000000 ) ) ;
#4415 = ORIENTED_EDGE ( 'NONE', *, *, #1224, .T. ) ;
#4416 = CARTESIAN_POINT ( 'NONE',  ( -0.8335884697400232100, 1.053589838486225200, -1.600000000000001400 ) ) ;
#4417 = DIRECTION ( 'NONE',  ( -0.0000000000000000000, -1.000000000000000000, -0.0000000000000000000 ) ) ;
#4418 = EDGE_CURVE ( 'NONE', #1288, #891, #2110, .T. ) ;
#4419 = DIRECTION ( 'NONE',  ( 8.673617379884035500E-017, -0.0000000000000000000, 1.000000000000000000 ) ) ;
#4420 = DIRECTION ( 'NONE',  ( 1.000000000000000000, -0.0000000000000000000, 3.097720492815727700E-016 ) ) ;
#4421 = EDGE_CURVE ( 'NONE', #2109, #5074, #5549, .T. ) ;
#4422 = ORIENTED_EDGE ( 'NONE', *, *, #1522, .F. ) ;
#4423 = CARTESIAN_POINT ( 'NONE',  ( -0.4000000000000003600, -0.05000000000000000300, 0.5000000000000000000 ) ) ;
#4424 = DIRECTION ( 'NONE',  ( -0.0000000000000000000, -0.0000000000000000000, -1.000000000000000000 ) ) ;
#4425 = PLANE ( 'NONE',  #2841 ) ;
#4426 = VECTOR ( 'NONE', #3439, 1000.000000000000000 ) ;
#4427 = AXIS2_PLACEMENT_3D ( 'NONE', #5619, #2903, #144 ) ;
#4428 = VECTOR ( 'NONE', #1459, 1000.000000000000000 ) ;
#4429 = CARTESIAN_POINT ( 'NONE',  ( -1.383588469740023100, 0.2000000000000000900, -1.450000000000001500 ) ) ;
#4430 = CARTESIAN_POINT ( 'NONE',  ( -3.633588469740025600, -0.1919999999999994200, 0.2559999999999955600 ) ) ;
#4431 = DIRECTION ( 'NONE',  ( 0.0000000000000000000, -1.000000000000000000, 0.0000000000000000000 ) ) ;
#4432 = EDGE_CURVE ( 'NONE', #4648, #3937, #846, .T. ) ;
#4433 = DIRECTION ( 'NONE',  ( 5.434070136096066600E-016, 0.8000000000000001600, -0.5999999999999997600 ) ) ;
#4434 = ADVANCED_FACE ( 'NONE', ( #3001 ), #2632, .F. ) ;
#4435 = CARTESIAN_POINT ( 'NONE',  ( -0.05000000000000007200, -0.0000000000000000000, -0.6999999999999998400 ) ) ;
#4436 = ORIENTED_EDGE ( 'NONE', *, *, #2905, .F. ) ;
#4437 = VERTEX_POINT ( 'NONE', #798 ) ;
#4438 = EDGE_CURVE ( 'NONE', #4965, #2826, #703, .T. ) ;
#4439 = LINE ( 'NONE', #572, #952 ) ;
#4440 = DIRECTION ( 'NONE',  ( 1.000000000000000000, 0.0000000000000000000, 1.445602896647336000E-015 ) ) ;
#4441 = CARTESIAN_POINT ( 'NONE',  ( -3.683588469740026300, 0.0000000000000000000, -2.100000000000000100 ) ) ;
#4442 = ORIENTED_EDGE ( 'NONE', *, *, #5352, .T. ) ;
#4443 = AXIS2_PLACEMENT_3D ( 'NONE', #4429, #1771, #4892 ) ;
#4444 = DIRECTION ( 'NONE',  ( -0.0000000000000000000, -1.000000000000000000, -0.0000000000000000000 ) ) ;
#4445 = CARTESIAN_POINT ( 'NONE',  ( -1.833588469740024200, 1.399999999999999900, -1.600000000000001000 ) ) ;
#4446 = VECTOR ( 'NONE', #1542, 1000.000000000000000 ) ;
#4447 = LINE ( 'NONE', #5343, #2070 ) ;
#4448 = DIRECTION ( 'NONE',  ( -0.0000000000000000000, -0.0000000000000000000, 1.000000000000000000 ) ) ;
#4449 = EDGE_LOOP ( 'NONE', ( #4320, #4125, #5305, #4796, #4354 ) ) ;
#4450 = EDGE_LOOP ( 'NONE', ( #410, #2444, #2642, #2865, #3077, #5054, #5195, #5400, #5550, #4068, #5284, #3553, #3157, #3750, #2866, #4190, #1467, #4413, #1446, #1747, #2428, #5225, #2292, #4084, #75, #2753, #5878, #5890, #2965, #5588, #5669, #2843, #151, #484, #4253, #2114 ) ) ;
#4451 = FACE_OUTER_BOUND ( 'NONE', #5475, .T. ) ;
#4452 = EDGE_CURVE ( 'NONE', #4557, #878, #3148, .T. ) ;
#4453 = EDGE_CURVE ( 'NONE', #1741, #1691, #5509, .T. ) ;
#4454 = EDGE_LOOP ( 'NONE', ( #1154, #4113, #5506, #4422 ) ) ;
#4455 = DIRECTION ( 'NONE',  ( -0.0000000000000000000, -0.0000000000000000000, -1.000000000000000000 ) ) ;
#4456 = ORIENTED_EDGE ( 'NONE', *, *, #640, .F. ) ;
#4457 = B_SPLINE_CURVE_WITH_KNOTS ( 'NONE', 3,
 ( #1696, #4352, #5741, #3023, #274, #3467, #733, #3912, #1228, #4375, #1710, #4848, #2174, #5296, #2593, #5768, #3042, #290, #3488 ),
 .UNSPECIFIED., .F., .F.,
 ( 4, 1, 1, 1, 1, 1, 1, 1, 1, 1, 1, 1, 1, 1, 1, 1, 4 ),
 ( 0.0000000000000000000, 0.06445080403950483000, 0.1265707373889677600, 0.1869223403502073600, 0.2459238291492363800, 0.3040981291842940700, 0.3617809244373666500, 0.4205767070796507800, 0.4802722948734338700, 0.5402235719851369300, 0.6006579291413455300, 0.6619161520107284000, 0.7244346368652704300, 0.7888525350546830000, 0.8562867039586418100, 0.9263381618443968800, 1.000000000000000000 ),
 .UNSPECIFIED. ) ;
#4458 = CARTESIAN_POINT ( 'NONE',  ( -0.1156816802189011100, 1.389999999999999700, 1.626249121893602400 ) ) ;
#4459 = LINE ( 'NONE', #3721, #819 ) ;
#4460 = PLANE ( 'NONE',  #613 ) ;
#4461 = CARTESIAN_POINT ( 'NONE',  ( -4.333588469740023500, 0.9999999999999995600, 1.840000000000000100 ) ) ;
#4462 = ORIENTED_EDGE ( 'NONE', *, *, #2834, .F. ) ;
#4463 = DIRECTION ( 'NONE',  ( -1.000000000000000000, 0.0000000000000000000, -7.589415207398534200E-015 ) ) ;
#4464 = DIRECTION ( 'NONE',  ( 1.355252715606881500E-016, 0.0000000000000000000, 1.000000000000000000 ) ) ;
#4465 = LINE ( 'NONE', #3183, #973 ) ;
#4466 = CARTESIAN_POINT ( 'NONE',  ( -4.333588469740023500, 0.0000000000000000000, -1.540000000000000700 ) ) ;
#4467 = DIRECTION ( 'NONE',  ( -0.0000000000000000000, -0.0000000000000000000, -1.000000000000000000 ) ) ;
#4468 = VECTOR ( 'NONE', #4849, 1000.000000000000000 ) ;
#4469 = ORIENTED_EDGE ( 'NONE', *, *, #4975, .T. ) ;
#4470 = ORIENTED_EDGE ( 'NONE', *, *, #4053, .T. ) ;
#4471 = CARTESIAN_POINT ( 'NONE',  ( -0.09170125565835789100, 1.399999999999999700, 1.651214670381042900 ) ) ;
#4472 = CARTESIAN_POINT ( 'NONE',  ( -3.683588469740026300, 0.1499999999999999900, -1.850000000000000300 ) ) ;
#4473 = ADVANCED_FACE ( 'NONE', ( #4188 ), #1317, .T. ) ;
#4474 = VECTOR ( 'NONE', #2069, 1000.000000000000000 ) ;
#4475 = LINE ( 'NONE', #2335, #3268 ) ;
#4476 = ORIENTED_EDGE ( 'NONE', *, *, #5786, .F. ) ;
#4477 = LINE ( 'NONE', #5003, #2372 ) ;
#4478 = AXIS2_PLACEMENT_3D ( 'NONE', #3693, #1006, #4170 ) ;
#4479 = EDGE_CURVE ( 'NONE', #2562, #590, #4049, .T. ) ;
#4480 = EDGE_CURVE ( 'NONE', #4512, #4214, #1832, .T. ) ;
#4481 = DIRECTION ( 'NONE',  ( -7.381802025433229200E-016, -0.6000000000000006400, 0.7999999999999994900 ) ) ;
#4482 = VECTOR ( 'NONE', #4698, 1000.000000000000000 ) ;
#4483 = CARTESIAN_POINT ( 'NONE',  ( -0.07816561377579997500, 1.389999999999999700, 1.701495859742063500 ) ) ;
#4484 = VERTEX_POINT ( 'NONE', #1357 ) ;
#4485 = EDGE_LOOP ( 'NONE', ( #3070, #2881, #2180, #2535, #3181, #904, #2646, #2185, #521, #1128, #822, #4617 ) ) ;
#4486 = CARTESIAN_POINT ( 'NONE',  ( -0.2818515112116974400, 1.399999999999999900, 1.712633680254884000 ) ) ;
#4487 = FACE_OUTER_BOUND ( 'NONE', #1862, .T. ) ;
#4488 = CARTESIAN_POINT ( 'NONE',  ( -0.08138850935944776100, 1.389999999999999900, 1.727250129884159800 ) ) ;
#4489 = ORIENTED_EDGE ( 'NONE', *, *, #3723, .T. ) ;
#4490 = CARTESIAN_POINT ( 'NONE',  ( 0.0000000000000000000, -0.05000000000000000300, 0.0000000000000000000 ) ) ;
#4491 = DIRECTION ( 'NONE',  ( 0.0000000000000000000, -0.7071067811865493500, -0.7071067811865455700 ) ) ;
#4492 = VERTEX_POINT ( 'NONE', #4960 ) ;
#4493 = CARTESIAN_POINT ( 'NONE',  ( -0.1315404067427621800, 1.389999999999999200, 1.617547225935069800 ) ) ;
#4494 = VECTOR ( 'NONE', #2096, 1000.000000000000000 ) ;
#4495 = EDGE_CURVE ( 'NONE', #5608, #2914, #3898, .T. ) ;
#4496 = CARTESIAN_POINT ( 'NONE',  ( -0.4063707419809282100, 1.389999999999999900, 1.829300346921550700 ) ) ;
#4497 = CARTESIAN_POINT ( 'NONE',  ( -1.833588469740023100, 1.053589838486225200, -1.600000000000001000 ) ) ;
#4498 = VECTOR ( 'NONE', #95, 1000.000000000000100 ) ;
#4499 = ADVANCED_FACE ( 'NONE', ( #2864 ), #2713, .F. ) ;
#4500 = CARTESIAN_POINT ( 'NONE',  ( -0.8335884697400229900, 1.399999999999999900, 0.6999999999999999600 ) ) ;
#4501 = AXIS2_PLACEMENT_3D ( 'NONE', #1141, #512, #1203 ) ;
#4502 = CARTESIAN_POINT ( 'NONE',  ( -0.2075570299796049000, 1.400000000000000600, 1.775264631188011400 ) ) ;
#4503 = DIRECTION ( 'NONE',  ( 1.000000000000000000, 0.0000000000000000000, 0.0000000000000000000 ) ) ;
#4504 = DIRECTION ( 'NONE',  ( 0.0000000000000000000, 0.0000000000000000000, 1.000000000000000000 ) ) ;
#4505 = LINE ( 'NONE', #218, #5566 ) ;
#4506 = CARTESIAN_POINT ( 'NONE',  ( 1.084202172485504400E-016, 1.053589838486225200, -0.5000000000000001100 ) ) ;
#4507 = CARTESIAN_POINT ( 'NONE',  ( -1.833588469740023300, 0.7800000000000000300, -0.6799999999999999400 ) ) ;
#4508 = DIRECTION ( 'NONE',  ( 0.0000000000000000000, -1.000000000000000000, 0.0000000000000000000 ) ) ;
#4509 = VERTEX_POINT ( 'NONE', #5421 ) ;
#4510 = AXIS2_PLACEMENT_3D ( 'NONE', #2417, #5571, #2870 ) ;
#4511 = CARTESIAN_POINT ( 'NONE',  ( -0.08414045090396347900, 1.399999999999999700, 1.602811620596579000 ) ) ;
#4512 = VERTEX_POINT ( 'NONE', #4526 ) ;
#4513 = ORIENTED_EDGE ( 'NONE', *, *, #3095, .F. ) ;
#4514 = ORIENTED_EDGE ( 'NONE', *, *, #3792, .T. ) ;
#4515 = DIRECTION ( 'NONE',  ( -0.0000000000000000000, -1.000000000000000000, -0.0000000000000000000 ) ) ;
#4516 = ORIENTED_EDGE ( 'NONE', *, *, #483, .T. ) ;
#4517 = FACE_OUTER_BOUND ( 'NONE', #1763, .T. ) ;
#4518 = CARTESIAN_POINT ( 'NONE',  ( -3.633588469740024700, 1.399999999999999700, -1.450000000000000200 ) ) ;
#4519 = VECTOR ( 'NONE', #4491, 1000.000000000000100 ) ;
#4520 = AXIS2_PLACEMENT_3D ( 'NONE', #5595, #5760, #5784 ) ;
#4521 = CARTESIAN_POINT ( 'NONE',  ( -0.8335884697400232100, 1.053589838486225200, -1.600000000000001400 ) ) ;
#4522 = ORIENTED_EDGE ( 'NONE', *, *, #1968, .F. ) ;
#4523 = ORIENTED_EDGE ( 'NONE', *, *, #3368, .F. ) ;
#4524 = CARTESIAN_POINT ( 'NONE',  ( -4.333588469740026200, 0.1499999999999999900, 2.100000000000000100 ) ) ;
#4525 = LINE ( 'NONE', #4986, #5732 ) ;
#4526 = CARTESIAN_POINT ( 'NONE',  ( -0.8335884697400231000, 0.0000000000000000000, -0.2999999999999999300 ) ) ;
#4527 = FACE_OUTER_BOUND ( 'NONE', #847, .T. ) ;
#4528 = DIRECTION ( 'NONE',  ( 0.0000000000000000000, -0.0000000000000000000, -1.000000000000000000 ) ) ;
#4529 = CARTESIAN_POINT ( 'NONE',  ( -3.833588469740023100, 0.2000000000000000100, -0.5000000000000007800 ) ) ;
#4530 = CARTESIAN_POINT ( 'NONE',  ( -3.633588469740024700, 1.399999999999999900, -1.300000000000000300 ) ) ;
#4531 = ORIENTED_EDGE ( 'NONE', *, *, #5674, .T. ) ;
#4532 = CARTESIAN_POINT ( 'NONE',  ( -0.8335884697400232100, 0.7800000000000000300, -0.6799999999999999400 ) ) ;
#4533 = LINE ( 'NONE', #3917, #3315 ) ;
#4534 = CARTESIAN_POINT ( 'NONE',  ( -1.383588469740022700, 1.053589838486225200, 1.299999999999999600 ) ) ;
#4535 = PLANE ( 'NONE',  #172 ) ;
#4536 = ADVANCED_FACE ( 'NONE', ( #4982 ), #4983, .F. ) ;
#4537 = EDGE_LOOP ( 'NONE', ( #1662, #4183, #4697, #5151, #3854, #4206, #4663, #4195, #3582, #4229 ) ) ;
#4538 = VERTEX_POINT ( 'NONE', #5880 ) ;
#4539 = LINE ( 'NONE', #725, #2164 ) ;
#4540 = EDGE_CURVE ( 'NONE', #406, #4090, #5123, .T. ) ;
#4541 = EDGE_CURVE ( 'NONE', #2021, #5914, #1533, .T. ) ;
#4542 = CARTESIAN_POINT ( 'NONE',  ( -4.033588469740023700, -0.0000000000000000000, -1.800000000000001200 ) ) ;
#4543 = EDGE_LOOP ( 'NONE', ( #4654, #744, #238, #2686 ) ) ;
#4544 = ORIENTED_EDGE ( 'NONE', *, *, #864, .F. ) ;
#4545 = CARTESIAN_POINT ( 'NONE',  ( -0.07953067990648415900, 1.390000000000000800, 1.683205539918705600 ) ) ;
#4546 = VECTOR ( 'NONE', #5145, 1000.000000000000000 ) ;
#4547 = VECTOR ( 'NONE', #2911, 1000.000000000000000 ) ;
#4548 = ORIENTED_EDGE ( 'NONE', *, *, #556, .T. ) ;
#4549 = COORDINATED_UNIVERSAL_TIME_OFFSET ( 5, 0, .BEHIND. ) ;
#4550 = DIRECTION ( 'NONE',  ( 1.179456474371826500E-016, 0.7071067811865465700, 0.7071067811865484600 ) ) ;
#4551 = CARTESIAN_POINT ( 'NONE',  ( 0.0000000000000000000, 0.0000000000000000000, 0.0000000000000000000 ) ) ;
#4552 = AXIS2_PLACEMENT_3D ( 'NONE', #1175, #1671, #4804 ) ;
#4553 = DIRECTION ( 'NONE',  ( 0.0000000000000000000, 0.0000000000000000000, 1.000000000000000000 ) ) ;
#4554 = DIRECTION ( 'NONE',  ( 0.0000000000000000000, 0.0000000000000000000, 1.000000000000000000 ) ) ;
#4555 = DIRECTION ( 'NONE',  ( 0.0000000000000000000, 1.000000000000000000, 0.0000000000000000000 ) ) ;
#4556 = FACE_OUTER_BOUND ( 'NONE', #3698, .T. ) ;
#4557 = VERTEX_POINT ( 'NONE', #5001 ) ;
#4558 = DIRECTION ( 'NONE',  ( 1.000000000000000000, 0.0000000000000000000, -0.0000000000000000000 ) ) ;
#4559 = ORIENTED_EDGE ( 'NONE', *, *, #2078, .F. ) ;
#4560 = VECTOR ( 'NONE', #956, 1000.000000000000000 ) ;
#4561 = VERTEX_POINT ( 'NONE', #4074 ) ;
#4562 = EDGE_CURVE ( 'NONE', #2781, #5833, #2580, .T. ) ;
#4563 = CARTESIAN_POINT ( 'NONE',  ( -3.833588469740023100, 1.399999999999999900, 0.4999999999999992800 ) ) ;
#4564 = EDGE_CURVE ( 'NONE', #461, #3998, #264, .T. ) ;
#4565 = FACE_OUTER_BOUND ( 'NONE', #426, .T. ) ;
#4566 = ORIENTED_EDGE ( 'NONE', *, *, #5561, .F. ) ;
#4567 = CARTESIAN_POINT ( 'NONE',  ( -0.5335884697400231600, -0.0000000000000000000, -0.2999999999999999900 ) ) ;
#4568 = CARTESIAN_POINT ( 'NONE',  ( -0.2172769299793475300, 1.399999999999999900, 1.809016905368675100 ) ) ;
#4569 = ORIENTED_EDGE ( 'NONE', *, *, #5855, .F. ) ;
#4570 = DIRECTION ( 'NONE',  ( -1.000000000000000000, -0.0000000000000000000, -1.445602896647335800E-015 ) ) ;
#4571 = CARTESIAN_POINT ( 'NONE',  ( -3.633588469740023800, 1.199999999999999700, -1.865000000000000200 ) ) ;
#4572 = CARTESIAN_POINT ( 'NONE',  ( -0.03724265348677929100, 1.389999999999999900, 1.707724874069994000 ) ) ;
#4573 = CARTESIAN_POINT ( 'NONE',  ( -4.510281037539700300E-017, 0.7800000000000000300, 0.5200000000000001300 ) ) ;
#4574 = EDGE_CURVE ( 'NONE', #5407, #4557, #114, .T. ) ;
#4575 = EDGE_CURVE ( 'NONE', #1044, #2540, #3621, .T. ) ;
#4576 = CARTESIAN_POINT ( 'NONE',  ( -0.1657108954345351500, 1.400000000000000100, 1.573124011031979300 ) ) ;
#4577 = LINE ( 'NONE', #3115, #2338 ) ;
#4578 = DIRECTION ( 'NONE',  ( -1.000000000000000000, 0.0000000000000000000, -0.0000000000000000000 ) ) ;
#4579 = ORIENTED_EDGE ( 'NONE', *, *, #351, .F. ) ;
#4580 = LINE ( 'NONE', #1543, #4428 ) ;
#4581 = AXIS2_PLACEMENT_3D ( 'NONE', #1013, #3223, #575 ) ;
#4582 = CARTESIAN_POINT ( 'NONE',  ( -0.07816561377579997500, 1.389999999999999700, 1.701495859742063500 ) ) ;
#4583 =( LENGTH_UNIT ( ) NAMED_UNIT ( * ) SI_UNIT ( .MILLI., .METRE. ) );
#4584 = CARTESIAN_POINT ( 'NONE',  ( -3.633588469740023800, 0.9999999999999995600, -1.865000000000000200 ) ) ;
#4585 = CARTESIAN_POINT ( 'NONE',  ( -0.04569836457669964500, 1.400000000000000100, 1.752243573509374900 ) ) ;
#4586 = VERTEX_POINT ( 'NONE', #2336 ) ;
#4587 = VECTOR ( 'NONE', #2848, 1000.000000000000000 ) ;
#4588 = CARTESIAN_POINT ( 'NONE',  ( -0.07244757724769790300, 1.389999999999999700, 1.790862625341461700 ) ) ;
#4589 = AXIS2_PLACEMENT_3D ( 'NONE', #2610, #5789, #3066 ) ;
#4590 = ORIENTED_EDGE ( 'NONE', *, *, #5594, .F. ) ;
#4591 = LINE ( 'NONE', #4677, #2068 ) ;
#4592 = EDGE_CURVE ( 'NONE', #4214, #5319, #2319, .T. ) ;
#4593 = LINE ( 'NONE', #4902, #3107 ) ;
#4594 = ADVANCED_FACE ( 'NONE', ( #5913 ), #5021, .F. ) ;
#4595 = EDGE_LOOP ( 'NONE', ( #5111, #2930, #2429, #4204, #1789 ) ) ;
#4596 = ORIENTED_EDGE ( 'NONE', *, *, #4744, .T. ) ;
#4597 = VECTOR ( 'NONE', #1698, 1000.000000000000000 ) ;
#4598 = VERTEX_POINT ( 'NONE', #5 ) ;
#4599 = EDGE_LOOP ( 'NONE', ( #94, #4346, #1767, #455, #1498 ) ) ;
#4600 = DIRECTION ( 'NONE',  ( -1.000000000000000000, 0.0000000000000000000, 3.614007241618349300E-016 ) ) ;
#4601 = DIRECTION ( 'NONE',  ( -1.000000000000000000, -1.807003620809174600E-016, -0.0000000000000000000 ) ) ;
#4602 = VECTOR ( 'NONE', #5889, 1000.000000000000000 ) ;
#4603 = APPROVAL_STATUS ( 'not_yet_approved' ) ;
#4604 = CC_DESIGN_SECURITY_CLASSIFICATION ( #3089, ( #1595 ) ) ;
#4605 = CARTESIAN_POINT ( 'NONE',  ( -0.8335884697400232100, 1.399999999999999900, -1.600000000000001400 ) ) ;
#4606 = CARTESIAN_POINT ( 'NONE',  ( -0.1560502291604153900, 1.399999999999999900, 1.824172141793345400 ) ) ;
#4607 = ORIENTED_EDGE ( 'NONE', *, *, #1526, .F. ) ;
#4608 = DIRECTION ( 'NONE',  ( -0.0000000000000000000, -0.0000000000000000000, -1.000000000000000000 ) ) ;
#4609 = FACE_BOUND ( 'NONE', #3461, .T. ) ;
#4610 = LINE ( 'NONE', #1205, #3397 ) ;
#4611 = EDGE_LOOP ( 'NONE', ( #5390, #3610, #193, #4385, #74, #1095, #2612, #565, #1856 ) ) ;
#4612 = ORIENTED_EDGE ( 'NONE', *, *, #993, .T. ) ;
#4613 = LINE ( 'NONE', #1532, #37 ) ;
#4614 = EDGE_CURVE ( 'NONE', #1255, #4598, #3478, .T. ) ;
#4615 = CARTESIAN_POINT ( 'NONE',  ( -0.1563576476635849500, 1.389999999999999900, 1.573583424709200700 ) ) ;
#4616 = VECTOR ( 'NONE', #5448, 1000.000000000000000 ) ;
#4617 = ORIENTED_EDGE ( 'NONE', *, *, #4453, .T. ) ;
#4618 = LINE ( 'NONE', #4984, #2247 ) ;
#4619 = DIRECTION ( 'NONE',  ( -0.0000000000000000000, -1.000000000000000000, -0.0000000000000000000 ) ) ;
#4620 = VECTOR ( 'NONE', #138, 1000.000000000000000 ) ;
#4621 = ORIENTED_EDGE ( 'NONE', *, *, #3390, .T. ) ;
#4622 = ORIENTED_EDGE ( 'NONE', *, *, #4592, .F. ) ;
#4623 = ADVANCED_FACE ( 'NONE', ( #3347 ), #5043, .F. ) ;
#4624 = FACE_OUTER_BOUND ( 'NONE', #5617, .T. ) ;
#4625 = VERTEX_POINT ( 'NONE', #937 ) ;
#4626 = ORIENTED_EDGE ( 'NONE', *, *, #5910, .T. ) ;
#4627 = AXIS2_PLACEMENT_3D ( 'NONE', #306, #1493, #1419 ) ;
#4628 = FACE_OUTER_BOUND ( 'NONE', #2447, .T. ) ;
#4629 = CARTESIAN_POINT ( 'NONE',  ( -0.03923527700808091700, 1.389999999999999500, 1.677201764529246100 ) ) ;
#4630 = ORIENTED_EDGE ( 'NONE', *, *, #4126, .F. ) ;
#4631 = EDGE_CURVE ( 'NONE', #560, #3714, #2188, .T. ) ;
#4632 = DIRECTION ( 'NONE',  ( -0.0000000000000000000, 1.000000000000000000, -0.0000000000000000000 ) ) ;
#4633 = AXIS2_PLACEMENT_3D ( 'NONE', #3246, #502, #2837 ) ;
#4634 = LINE ( 'NONE', #58, #4498 ) ;
#4635 = DIRECTION ( 'NONE',  ( 1.000000000000000000, 0.0000000000000000000, 0.0000000000000000000 ) ) ;
#4636 = CARTESIAN_POINT ( 'NONE',  ( -3.633588469740027400, 1.199999999999997100, 1.864999999999995300 ) ) ;
#4637 = CARTESIAN_POINT ( 'NONE',  ( -1.863588469740023100, 0.7299999999999999800, -0.4999999999999998900 ) ) ;
#4638 = EDGE_CURVE ( 'NONE', #343, #445, #2443, .T. ) ;
#4639 = VECTOR ( 'NONE', #4703, 1000.000000000000000 ) ;
#4640 = DIRECTION ( 'NONE',  ( -0.0000000000000000000, 1.000000000000000000, -0.0000000000000000000 ) ) ;
#4641 = EDGE_CURVE ( 'NONE', #806, #3406, #920, .T. ) ;
#4642 = EDGE_CURVE ( 'NONE', #3037, #5650, #5620, .T. ) ;
#4643 = ADVANCED_FACE ( 'NONE', ( #4255 ), #1918, .F. ) ;
#4644 = PLANE ( 'NONE',  #4936 ) ;
#4645 = ORIENTED_EDGE ( 'NONE', *, *, #4562, .T. ) ;
#4646 = CARTESIAN_POINT ( 'NONE',  ( -0.1592553573655436100, 1.390000000000000300, 1.788274705895909900 ) ) ;
#4647 = AXIS2_PLACEMENT_3D ( 'NONE', #3152, #4040, #1360 ) ;
#4648 = VERTEX_POINT ( 'NONE', #3681 ) ;
#4649 = FACE_OUTER_BOUND ( 'NONE', #5052, .T. ) ;
#4650 = CARTESIAN_POINT ( 'NONE',  ( -0.5000000000000000000, 0.04999999999999999600, 0.8500000000000003100 ) ) ;
#4651 = LINE ( 'NONE', #2674, #1035 ) ;
#4652 = DIRECTION ( 'NONE',  ( -9.227252531791543900E-016, 0.0000000000000000000, 1.000000000000000000 ) ) ;
#4653 = ORIENTED_EDGE ( 'NONE', *, *, #5782, .F. ) ;
#4654 = ORIENTED_EDGE ( 'NONE', *, *, #186, .T. ) ;
#4655 = DIRECTION ( 'NONE',  ( 0.0000000000000000000, -0.0000000000000000000, 1.000000000000000000 ) ) ;
#4656 = VECTOR ( 'NONE', #2715, 1000.000000000000000 ) ;
#4657 = VECTOR ( 'NONE', #5180, 1000.000000000000000 ) ;
#4658 = DIRECTION ( 'NONE',  ( 0.0000000000000000000, 1.000000000000000000, 0.0000000000000000000 ) ) ;
#4659 = DIRECTION ( 'NONE',  ( 0.0000000000000000000, 0.0000000000000000000, 1.000000000000000000 ) ) ;
#4660 = EDGE_CURVE ( 'NONE', #3406, #2901, #3207, .T. ) ;
#4661 = CARTESIAN_POINT ( 'NONE',  ( -1.233588469740023200, 1.053589838486225200, -1.300000000000001400 ) ) ;
#4662 = ORIENTED_EDGE ( 'NONE', *, *, #1343, .T. ) ;
#4663 = ORIENTED_EDGE ( 'NONE', *, *, #4764, .F. ) ;
#4664 = EDGE_CURVE ( 'NONE', #3250, #599, #3072, .T. ) ;
#4665 = VECTOR ( 'NONE', #2524, 1000.000000000000000 ) ;
#4666 = ADVANCED_FACE ( 'NONE', ( #4116 ), #61, .F. ) ;
#4667 = CARTESIAN_POINT ( 'NONE',  ( -0.8335884697400232100, 0.2000000000000000100, -0.5000000000000000000 ) ) ;
#4668 = CARTESIAN_POINT ( 'NONE',  ( -3.633588469740025600, 0.0000000000000000000, -3.278929603698681100E-015 ) ) ;
#4669 = ORIENTED_EDGE ( 'NONE', *, *, #931, .F. ) ;
#4670 = VERTEX_POINT ( 'NONE', #527 ) ;
#4671 = VECTOR ( 'NONE', #1285, 1000.000000000000100 ) ;
#4672 = ORIENTED_EDGE ( 'NONE', *, *, #5287, .T. ) ;
#4673 = ORIENTED_EDGE ( 'NONE', *, *, #2166, .T. ) ;
#4674 = DIRECTION ( 'NONE',  ( 0.0000000000000000000, 0.0000000000000000000, 1.000000000000000000 ) ) ;
#4675 = CARTESIAN_POINT ( 'NONE',  ( -0.4473963830065692500, 1.399999999999999900, 1.557505475126679000 ) ) ;
#4676 = LINE ( 'NONE', #4712, #4546 ) ;
#4677 = CARTESIAN_POINT ( 'NONE',  ( -3.683588469740026300, 0.1499999999999999900, -1.850000000000000300 ) ) ;
#4678 = EDGE_CURVE ( 'NONE', #3044, #1896, #1895, .T. ) ;
#4679 = EDGE_CURVE ( 'NONE', #2630, #3137, #2034, .T. ) ;
#4680 = FACE_OUTER_BOUND ( 'NONE', #1876, .T. ) ;
#4681 = ORIENTED_EDGE ( 'NONE', *, *, #5524, .F. ) ;
#4682 = DATE_AND_TIME ( #5900, #1217 ) ;
#4683 = PLANE ( 'NONE',  #3800 ) ;
#4684 = DIRECTION ( 'NONE',  ( -1.000000000000000000, 0.0000000000000000000, -8.673617379884035500E-017 ) ) ;
#4685 = PLANE ( 'NONE',  #1256 ) ;
#4686 = CARTESIAN_POINT ( 'NONE',  ( -0.8335884697400231000, 1.053589838486225200, -0.2999999999999999900 ) ) ;
#4687 = EDGE_LOOP ( 'NONE', ( #1476, #1447, #5522, #1811, #4106, #2659, #3719 ) ) ;
#4688 = VECTOR ( 'NONE', #1702, 1000.000000000000000 ) ;
#4689 = ORIENTED_EDGE ( 'NONE', *, *, #1750, .F. ) ;
#4690 = CARTESIAN_POINT ( 'NONE',  ( 0.0000000000000000000, -0.05000000000000000300, 0.0000000000000000000 ) ) ;
#4691 = CARTESIAN_POINT ( 'NONE',  ( -0.1657108954345351500, 1.389999999999999900, 1.573124011031979300 ) ) ;
#4692 = ORIENTED_EDGE ( 'NONE', *, *, #5761, .F. ) ;
#4693 = PLANE ( 'NONE',  #206 ) ;
#4694 = VECTOR ( 'NONE', #1885, 1000.000000000000100 ) ;
#4695 = VERTEX_POINT ( 'NONE', #3286 ) ;
#4696 = ORIENTED_EDGE ( 'NONE', *, *, #3446, .F. ) ;
#4697 = ORIENTED_EDGE ( 'NONE', *, *, #3704, .F. ) ;
#4698 = DIRECTION ( 'NONE',  ( -0.0000000000000000000, -0.0000000000000000000, -1.000000000000000000 ) ) ;
#4699 = CARTESIAN_POINT ( 'NONE',  ( 3.252606517456513300E-016, 0.8535898384862235000, 0.6999999999999995100 ) ) ;
#4700 = LINE ( 'NONE', #5370, #1088 ) ;
#4701 = AXIS2_PLACEMENT_3D ( 'NONE', #5316, #2601, #5783 ) ;
#4702 = DIRECTION ( 'NONE',  ( -1.000000000000000000, -0.0000000000000000000, -0.0000000000000000000 ) ) ;
#4703 = DIRECTION ( 'NONE',  ( 1.179456474371826500E-016, -0.7071067811865465700, 0.7071067811865484600 ) ) ;
#4704 = EDGE_CURVE ( 'NONE', #3941, #3190, #2922, .T. ) ;
#4705 = VERTEX_POINT ( 'NONE', #3272 ) ;
#4706 = CARTESIAN_POINT ( 'NONE',  ( -1.883588469740023100, 0.7800000000000000300, -0.6799999999999998300 ) ) ;
#4707 = DIRECTION ( 'NONE',  ( 0.0000000000000000000, 0.0000000000000000000, -1.000000000000000000 ) ) ;
#4708 = ORIENTED_EDGE ( 'NONE', *, *, #969, .F. ) ;
#4709 = CARTESIAN_POINT ( 'NONE',  ( -0.4473963830065692500, 1.399999999999999900, 1.829300346921550700 ) ) ;
#4710 = CARTESIAN_POINT ( 'NONE',  ( -3.633588469740027400, 1.399999999999997000, 2.099999999999993900 ) ) ;
#4711 = CARTESIAN_POINT ( 'NONE',  ( -4.333588469740023500, 1.149999999999999700, 1.565000000000000200 ) ) ;
#4712 = CARTESIAN_POINT ( 'NONE',  ( -0.3500000000000001400, 0.9499999999999999600, 2.100000000000000100 ) ) ;
#4713 = LINE ( 'NONE', #1749, #3632 ) ;
#4714 = ORIENTED_EDGE ( 'NONE', *, *, #3052, .T. ) ;
#4715 = CARTESIAN_POINT ( 'NONE',  ( -0.8335884697400232100, 0.2000000000000000100, -1.600000000000001400 ) ) ;
#4716 = DIRECTION ( 'NONE',  ( 1.000000000000000000, 0.0000000000000000000, 0.0000000000000000000 ) ) ;
#4717 = LINE ( 'NONE', #573, #2209 ) ;
#4718 = DIRECTION ( 'NONE',  ( 1.000000000000000000, 0.0000000000000000000, 0.0000000000000000000 ) ) ;
#4719 = CARTESIAN_POINT ( 'NONE',  ( -0.4000000000000003600, -0.05000000000000000300, 0.6999999999999997300 ) ) ;
#4720 = EDGE_CURVE ( 'NONE', #4979, #3134, #5189, .T. ) ;
#4721 = CARTESIAN_POINT ( 'NONE',  ( -0.2274750435515795800, 1.390000000000000100, 1.802791483190197000 ) ) ;
#4722 = CARTESIAN_POINT ( 'NONE',  ( -0.03713997275015895600, 1.399999999999999900, 1.703338808460012300 ) ) ;
#4723 = EDGE_CURVE ( 'NONE', #4509, #3598, #1606, .T. ) ;
#4724 = VERTEX_POINT ( 'NONE', #4650 ) ;
#4725 = CARTESIAN_POINT ( 'NONE',  ( -0.05806271574537642100, 1.400000000000000100, 1.631119507440900400 ) ) ;
#4726 = VECTOR ( 'NONE', #532, 1000.000000000000000 ) ;
#4727 = EDGE_LOOP ( 'NONE', ( #1037, #4681, #4317, #4669 ) ) ;
#4728 = DIRECTION ( 'NONE',  ( 1.000000000000000000, 0.0000000000000000000, -0.0000000000000000000 ) ) ;
#4729 = ORIENTED_EDGE ( 'NONE', *, *, #5502, .T. ) ;
#4730 = CARTESIAN_POINT ( 'NONE',  ( -0.2274750435515795800, 1.389999999999999900, 1.802791483190197000 ) ) ;
#4731 = LINE ( 'NONE', #1961, #1119 ) ;
#4732 = DIRECTION ( 'NONE',  ( -1.668003342285389800E-016, 0.0000000000000000000, -1.000000000000000000 ) ) ;
#4733 = VECTOR ( 'NONE', #2591, 1000.000000000000000 ) ;
#4734 = AXIS2_PLACEMENT_3D ( 'NONE', #649, #187, #3808 ) ;
#4735 = ORIENTED_EDGE ( 'NONE', *, *, #5575, .T. ) ;
#4736 = ORIENTED_EDGE ( 'NONE', *, *, #2528, .T. ) ;
#4737 = DIRECTION ( 'NONE',  ( 1.000000000000000000, 0.0000000000000000000, -8.673617379884035500E-017 ) ) ;
#4738 = VECTOR ( 'NONE', #3432, 1000.000000000000000 ) ;
#4739 = VERTEX_POINT ( 'NONE', #2844 ) ;
#4740 = ORIENTED_EDGE ( 'NONE', *, *, #1504, .T. ) ;
#4741 = DIRECTION ( 'NONE',  ( 0.0000000000000000000, -0.7071067811865456900, -0.7071067811865493500 ) ) ;
#4742 = VECTOR ( 'NONE', #1966, 1000.000000000000000 ) ;
#4743 = DIRECTION ( 'NONE',  ( -0.4472135954999572600, -0.7745966692414831800, 0.4472135954999589800 ) ) ;
#4744 = EDGE_CURVE ( 'NONE', #4022, #913, #2787, .T. ) ;
#4745 = DIRECTION ( 'NONE',  ( -0.7071067811865474600, -0.0000000000000000000, -0.7071067811865474600 ) ) ;
#4746 = CARTESIAN_POINT ( 'NONE',  ( -0.05081658485013145600, 1.390000000000000100, 1.762872838031803900 ) ) ;
#4747 = CARTESIAN_POINT ( 'NONE',  ( -0.03723854482741578700, 1.389999999999999700, 1.698872587175241300 ) ) ;
#4748 = EDGE_CURVE ( 'NONE', #2437, #1957, #336, .T. ) ;
#4749 = FACE_BOUND ( 'NONE', #3958, .T. ) ;
#4750 = AXIS2_PLACEMENT_3D ( 'NONE', #5333, #2622, #5799 ) ;
#4751 = DIRECTION ( 'NONE',  ( 0.0000000000000000000, -0.0000000000000000000, -1.000000000000000000 ) ) ;
#4752 = FACE_OUTER_BOUND ( 'NONE', #2859, .T. ) ;
#4753 = VERTEX_POINT ( 'NONE', #568 ) ;
#4754 = DIRECTION ( 'NONE',  ( -1.000000000000000000, 0.0000000000000000000, 1.668003342285389800E-016 ) ) ;
#4755 = FACE_OUTER_BOUND ( 'NONE', #2331, .T. ) ;
#4756 = CARTESIAN_POINT ( 'NONE',  ( -3.633588469740023800, 0.0000000000000000000, -1.540000000000000000 ) ) ;
#4757 = FACE_OUTER_BOUND ( 'NONE', #2923, .T. ) ;
#4758 = VERTEX_POINT ( 'NONE', #4203 ) ;
#4759 = VECTOR ( 'NONE', #3163, 1000.000000000000000 ) ;
#4760 = PLANE ( 'NONE',  #3775 ) ;
#4761 = CARTESIAN_POINT ( 'NONE',  ( -3.433588469740023600, 1.053589838486225200, 1.299999999999999600 ) ) ;
#4762 = EDGE_CURVE ( 'NONE', #5833, #3635, #2505, .T. ) ;
#4763 = DIRECTION ( 'NONE',  ( 1.179456474371823300E-016, 0.7071067811865485700, 0.7071067811865465700 ) ) ;
#4764 = EDGE_CURVE ( 'NONE', #5350, #1938, #4909, .T. ) ;
#4765 = CARTESIAN_POINT ( 'NONE',  ( -1.883588469740023100, 0.2000000000000000100, -0.5199999999999999100 ) ) ;
#4766 = LINE ( 'NONE', #2456, #1152 ) ;
#4767 = ORIENTED_EDGE ( 'NONE', *, *, #69, .T. ) ;
#4768 = CARTESIAN_POINT ( 'NONE',  ( -1.626303258728256700E-016, 0.9499999999999999600, 0.8500000000000003100 ) ) ;
#4769 = ORIENTED_EDGE ( 'NONE', *, *, #5198, .F. ) ;
#4770 = CARTESIAN_POINT ( 'NONE',  ( -0.1110244658624456200, 1.400000000000000100, 1.816052474225466500 ) ) ;
#4771 = DIRECTION ( 'NONE',  ( 1.000000000000000000, 0.0000000000000000000, 0.0000000000000000000 ) ) ;
#4772 = EDGE_LOOP ( 'NONE', ( #5885, #257, #5915, #446 ) ) ;
#4773 = LINE ( 'NONE', #2560, #1155 ) ;
#4774 = ORIENTED_EDGE ( 'NONE', *, *, #3312, .F. ) ;
#4775 = AXIS2_PLACEMENT_3D ( 'NONE', #2967, #678, #3855 ) ;
#4776 = ADVANCED_FACE ( 'NONE', ( #3673 ), #2880, .F. ) ;
#4777 = ORIENTED_EDGE ( 'NONE', *, *, #2940, .F. ) ;
#4778 = CARTESIAN_POINT ( 'NONE',  ( -1.626303258728256700E-016, 1.389999999999999900, 1.439999999999999500 ) ) ;
#4779 = ORIENTED_EDGE ( 'NONE', *, *, #4896, .T. ) ;
#4780 = CARTESIAN_POINT ( 'NONE',  ( -1.249016032893673500, 1.080311161705326500, 1.372440402490384000 ) ) ;
#4781 = CARTESIAN_POINT ( 'NONE',  ( -0.1356315501128991200, 1.399999999999999900, 1.784914216996998300 ) ) ;
#4782 = EDGE_CURVE ( 'NONE', #3363, #1900, #188, .T. ) ;
#4783 = CARTESIAN_POINT ( 'NONE',  ( -0.5235884697400231500, 1.389999999999999900, -0.8825000000000011700 ) ) ;
#4784 = DIRECTION ( 'NONE',  ( -1.000000000000000000, 0.0000000000000000000, 1.668003342285389600E-016 ) ) ;
#4785 = EDGE_CURVE ( 'NONE', #5336, #689, #4766, .T. ) ;
#4786 = CARTESIAN_POINT ( 'NONE',  ( -3.683588469740026300, 0.1499999999999999900, -2.100000000000000100 ) ) ;
#4787 = LINE ( 'NONE', #5800, #1167 ) ;
#4788 = DIRECTION ( 'NONE',  ( 7.228014483236698500E-016, 0.0000000000000000000, 1.000000000000000000 ) ) ;
#4789 =( BOUNDED_CURVE ( )  B_SPLINE_CURVE ( 3, ( #684, #1573, #2394, #2412 ),
 .UNSPECIFIED., .F., .F. ) 
 B_SPLINE_CURVE_WITH_KNOTS ( ( 4, 4 ),
 ( 0.0000000000000000000, 0.7853981633974472800 ),
 .UNSPECIFIED. ) 
 CURVE ( )  GEOMETRIC_REPRESENTATION_ITEM ( )  RATIONAL_B_SPLINE_CURVE ( ( 1.000000000000000000, 0.9492530216741912300, 0.9492530216741912300, 1.000000000000000000 ) ) 
 REPRESENTATION_ITEM ( '' )  );
#4790 = LINE ( 'NONE', #5000, #4639 ) ;
#4791 = DIRECTION ( 'NONE',  ( -1.000000000000000000, 0.0000000000000000000, -9.056783560160114900E-016 ) ) ;
#4792 = CARTESIAN_POINT ( 'NONE',  ( -3.633588469740027400, 1.399999999999997900, 1.449999999999995300 ) ) ;
#4793 = ORIENTED_EDGE ( 'NONE', *, *, #1195, .T. ) ;
#4794 = EDGE_CURVE ( 'NONE', #3544, #3341, #3546, .T. ) ;
#4795 = ORIENTED_EDGE ( 'NONE', *, *, #1854, .F. ) ;
#4796 = ORIENTED_EDGE ( 'NONE', *, *, #1238, .F. ) ;
#4797 = DIRECTION ( 'NONE',  ( -1.000000000000000000, -0.0000000000000000000, 1.668003342285389800E-016 ) ) ;
#4798 = CARTESIAN_POINT ( 'NONE',  ( -0.08146607111171071100, 1.389999999999999200, 1.674600734091715100 ) ) ;
#4799 = DIRECTION ( 'NONE',  ( 0.0000000000000000000, -1.000000000000000000, -0.0000000000000000000 ) ) ;
#4800 = ORIENTED_EDGE ( 'NONE', *, *, #1544, .T. ) ;
#4801 = ADVANCED_FACE ( 'NONE', ( #3410 ), #3782, .F. ) ;
#4802 = DIRECTION ( 'NONE',  ( -1.668003342285389600E-016, 0.0000000000000000000, -1.000000000000000000 ) ) ;
#4803 = ORIENTED_EDGE ( 'NONE', *, *, #1014, .F. ) ;
#4804 = DIRECTION ( 'NONE',  ( 0.0000000000000000000, -0.8000000000000001600, 0.5999999999999997600 ) ) ;
#4805 = VECTOR ( 'NONE', #881, 1000.000000000000000 ) ;
#4806 = LINE ( 'NONE', #1779, #1186 ) ;
#4807 = DIRECTION ( 'NONE',  ( -1.000000000000000000, 0.0000000000000000000, 0.0000000000000000000 ) ) ;
#4808 = ORIENTED_EDGE ( 'NONE', *, *, #3390, .F. ) ;
#4809 = EDGE_LOOP ( 'NONE', ( #4398, #1765, #4887, #5215 ) ) ;
#4810 = LINE ( 'NONE', #1336, #2549 ) ;
#4811 = FACE_OUTER_BOUND ( 'NONE', #789, .T. ) ;
#4812 = CARTESIAN_POINT ( 'NONE',  ( 0.0000000000000000000, 0.0000000000000000000, 1.850000000000000300 ) ) ;
#4813 = EDGE_LOOP ( 'NONE', ( #405, #3247, #1060, #2246 ) ) ;
#4814 = ORIENTED_EDGE ( 'NONE', *, *, #2497, .T. ) ;
#4815 = DIRECTION ( 'NONE',  ( 1.000000000000000000, -0.0000000000000000000, -0.0000000000000000000 ) ) ;
#4816 = VECTOR ( 'NONE', #210, 1000.000000000000000 ) ;
#4817 = ORIENTED_EDGE ( 'NONE', *, *, #3312, .T. ) ;
#4818 = DIRECTION ( 'NONE',  ( -1.000000000000000000, 0.0000000000000000000, -1.445602896647341500E-015 ) ) ;
#4819 = ORIENTED_EDGE ( 'NONE', *, *, #5285, .T. ) ;
#4820 = FACE_OUTER_BOUND ( 'NONE', #5016, .T. ) ;
#4821 = PLANE ( 'NONE',  #3293 ) ;
#4822 = DIRECTION ( 'NONE',  ( -1.000000000000000000, -1.301042606982613200E-014, 0.0000000000000000000 ) ) ;
#4823 = CARTESIAN_POINT ( 'NONE',  ( -0.8335884697400231000, 0.2000000000000000100, -0.2999999999999999900 ) ) ;
#4824 = VECTOR ( 'NONE', #4815, 1000.000000000000000 ) ;
#4825 = DIRECTION ( 'NONE',  ( 1.000000000000000000, 0.0000000000000000000, 0.0000000000000000000 ) ) ;
#4826 = CIRCLE ( 'NONE', #5860, 0.05000000000000002400 ) ;
#4827 = ORIENTED_EDGE ( 'NONE', *, *, #2626, .F. ) ;
#4828 = PERSON_AND_ORGANIZATION ( #1621, #4038 ) ;
#4829 = ADVANCED_FACE ( 'NONE', ( #995 ), #612, .F. ) ;
#4830 = CARTESIAN_POINT ( 'NONE',  ( -0.2759381534007296900, 1.389999999999999700, 1.764989671523281600 ) ) ;
#4831 = CARTESIAN_POINT ( 'NONE',  ( -3.733588469740023500, 0.0000000000000000000, -1.600000000000000500 ) ) ;
#4832 = LINE ( 'NONE', #3013, #5904 ) ;
#4833 = VERTEX_POINT ( 'NONE', #4715 ) ;
#4834 = EDGE_LOOP ( 'NONE', ( #4436, #5298, #5129, #103 ) ) ;
#4835 = EDGE_LOOP ( 'NONE', ( #195, #2820, #2766, #3773 ) ) ;
#4836 = CARTESIAN_POINT ( 'NONE',  ( -0.1468674190937924500, 1.389999999999999900, -1.100000000000001000 ) ) ;
#4837 = VECTOR ( 'NONE', #2747, 1000.000000000000200 ) ;
#4838 = DIRECTION ( 'NONE',  ( 0.0000000000000000000, -0.0000000000000000000, -1.000000000000000000 ) ) ;
#4839 = ORIENTED_EDGE ( 'NONE', *, *, #5707, .T. ) ;
#4840 = CARTESIAN_POINT ( 'NONE',  ( -0.1704733060834922900, 1.389999999999999900, 1.608787526408730100 ) ) ;
#4841 = EDGE_CURVE ( 'NONE', #445, #3245, #2378, .T. ) ;
#4842 = DIRECTION ( 'NONE',  ( 0.0000000000000000000, 0.0000000000000000000, -1.000000000000000000 ) ) ;
#4843 = DIRECTION ( 'NONE',  ( 0.0000000000000000000, 1.000000000000000000, 0.0000000000000000000 ) ) ;
#4844 = EDGE_CURVE ( 'NONE', #3348, #3515, #5688, .T. ) ;
#4845 = CARTESIAN_POINT ( 'NONE',  ( -3.633588469740027400, 1.199999999999997100, 1.864999999999995300 ) ) ;
#4846 = CARTESIAN_POINT ( 'NONE',  ( -1.306028872230407600, 1.080311161705326700, 1.315427563153650500 ) ) ;
#4847 = LINE ( 'NONE', #2220, #3625 ) ;
#4848 = CARTESIAN_POINT ( 'NONE',  ( -0.1156816802189011100, 1.399999999999999700, 1.626249121893602400 ) ) ;
#4849 = DIRECTION ( 'NONE',  ( -1.000000000000000000, -0.0000000000000000000, -9.227252531791543900E-016 ) ) ;
#4850 = DIRECTION ( 'NONE',  ( -0.0000000000000000000, 1.000000000000000000, -0.0000000000000000000 ) ) ;
#4851 = ORIENTED_EDGE ( 'NONE', *, *, #482, .T. ) ;
#4852 = ORIENTED_EDGE ( 'NONE', *, *, #773, .F. ) ;
#4853 = CARTESIAN_POINT ( 'NONE',  ( -0.5000000000000000000, 0.0000000000000000000, -0.8500000000000003100 ) ) ;
#4854 = CARTESIAN_POINT ( 'NONE',  ( -0.1511462272231659000, 1.399999999999999900, 1.788061075273685900 ) ) ;
#4855 = EDGE_CURVE ( 'NONE', #2401, #2512, #5835, .T. ) ;
#4856 = DIRECTION ( 'NONE',  ( 0.4472135954999586500, -0.7745966692414825200, -0.4472135954999586500 ) ) ;
#4857 = VECTOR ( 'NONE', #5438, 1000.000000000000000 ) ;
#4858 = CARTESIAN_POINT ( 'NONE',  ( -0.06573396313350378400, 1.389999999999999200, 1.620979868989527600 ) ) ;
#4859 = ADVANCED_FACE ( 'NONE', ( #4319 ), #2898, .F. ) ;
#4860 = CARTESIAN_POINT ( 'NONE',  ( 0.0000000000000000000, 1.389999999999999900, 0.0000000000000000000 ) ) ;
#4861 = ORIENTED_EDGE ( 'NONE', *, *, #3744, .F. ) ;
#4862 = CARTESIAN_POINT ( 'NONE',  ( -0.08146607111171071100, 1.399999999999999200, 1.674600734091715100 ) ) ;
#4863 = EDGE_CURVE ( 'NONE', #5468, #806, #2103, .T. ) ;
#4864 = ORIENTED_EDGE ( 'NONE', *, *, #1462, .F. ) ;
#4865 = CARTESIAN_POINT ( 'NONE',  ( -0.5000000000000000000, 0.04999999999999999600, 0.8500000000000003100 ) ) ;
#4866 = FACE_OUTER_BOUND ( 'NONE', #2565, .T. ) ;
#4867 = DIRECTION ( 'NONE',  ( 0.0000000000000000000, 1.000000000000000000, 0.0000000000000000000 ) ) ;
#4868 = CARTESIAN_POINT ( 'NONE',  ( -0.2274750435515795800, 1.400000000000000100, 1.802791483190197000 ) ) ;
#4869 = VERTEX_POINT ( 'NONE', #2038 ) ;
#4870 = CARTESIAN_POINT ( 'NONE',  ( -3.633588469740023800, 1.199999999999999700, 1.840000000000000100 ) ) ;
#4871 = FACE_OUTER_BOUND ( 'NONE', #170, .T. ) ;
#4872 = EDGE_CURVE ( 'NONE', #2165, #2838, #698, .T. ) ;
#4873 = ORIENTED_EDGE ( 'NONE', *, *, #1219, .F. ) ;
#4874 = EDGE_CURVE ( 'NONE', #1893, #34, #1958, .T. ) ;
#4875 = FACE_OUTER_BOUND ( 'NONE', #13, .T. ) ;
#4876 = CARTESIAN_POINT ( 'NONE',  ( -0.1283427030218365900, 1.399999999999999900, 1.782028250113323800 ) ) ;
#4877 = LINE ( 'NONE', #2631, #1120 ) ;
#4878 = DIRECTION ( 'NONE',  ( -0.8660254037844380400, -0.5000000000000010000, 0.0000000000000000000 ) ) ;
#4879 = VERTEX_POINT ( 'NONE', #5633 ) ;
#4880 = ORIENTED_EDGE ( 'NONE', *, *, #1102, .T. ) ;
#4881 = DIRECTION ( 'NONE',  ( 0.0000000000000000000, 0.0000000000000000000, -1.000000000000000000 ) ) ;
#4882 = VECTOR ( 'NONE', #5682, 1000.000000000000000 ) ;
#4883 = CARTESIAN_POINT ( 'NONE',  ( -4.333588469740026200, 0.1499999999999999900, 1.850000000000000300 ) ) ;
#4884 = CARTESIAN_POINT ( 'NONE',  ( -1.233588469740022800, 1.053589838486225200, 1.299999999999999600 ) ) ;
#4885 = AXIS2_PLACEMENT_3D ( 'NONE', #3996, #1364, #3656 ) ;
#4886 = PLANE ( 'NONE',  #2269 ) ;
#4887 = ORIENTED_EDGE ( 'NONE', *, *, #82, .F. ) ;
#4888 = ORIENTED_EDGE ( 'NONE', *, *, #4438, .F. ) ;
#4889 = FACE_OUTER_BOUND ( 'NONE', #2935, .T. ) ;
#4890 = ADVANCED_FACE ( 'NONE', ( #2998 ), #3802, .F. ) ;
#4891 = LINE ( 'NONE', #1709, #3525 ) ;
#4892 = DIRECTION ( 'NONE',  ( 0.0000000000000000000, 0.0000000000000000000, 1.000000000000000000 ) ) ;
#4893 = LINE ( 'NONE', #5236, #1445 ) ;
#4894 = ORIENTED_EDGE ( 'NONE', *, *, #3613, .F. ) ;
#4895 = ORIENTED_EDGE ( 'NONE', *, *, #5391, .F. ) ;
#4896 = EDGE_CURVE ( 'NONE', #610, #3853, #4182, .T. ) ;
#4897 = DIRECTION ( 'NONE',  ( 0.0000000000000000000, -0.7999999999999994900, -0.6000000000000006400 ) ) ;
#4898 = CARTESIAN_POINT ( 'NONE',  ( -0.08411945144442084500, 1.390000000000000300, 1.666392824887187300 ) ) ;
#4899 = PLANE ( 'NONE',  #5923 ) ;
#4900 = DIRECTION ( 'NONE',  ( 0.0000000000000000000, 0.0000000000000000000, 1.000000000000000000 ) ) ;
#4901 = DIRECTION ( 'NONE',  ( 0.0000000000000000000, -1.000000000000000000, 0.0000000000000000000 ) ) ;
#4902 = CARTESIAN_POINT ( 'NONE',  ( 1.084202172485504400E-016, 1.053589838486225200, -0.5000000000000001100 ) ) ;
#4903 = VECTOR ( 'NONE', #890, 1000.000000000000000 ) ;
#4904 = ORIENTED_EDGE ( 'NONE', *, *, #3211, .T. ) ;
#4905 = VECTOR ( 'NONE', #4934, 1000.000000000000000 ) ;
#4906 = DIRECTION ( 'NONE',  ( 1.000000000000000000, -0.0000000000000000000, -0.0000000000000000000 ) ) ;
#4907 = EDGE_LOOP ( 'NONE', ( #1615, #3442, #2301, #4622 ) ) ;
#4908 = PLANE ( 'NONE',  #5223 ) ;
#4909 = LINE ( 'NONE', #5590, #2649 ) ;
#4910 = VERTEX_POINT ( 'NONE', #5647 ) ;
#4911 = PRODUCT_RELATED_PRODUCT_CATEGORY ( 'detail', '', ( #1136 ) ) ;
#4912 = FACE_OUTER_BOUND ( 'NONE', #874, .T. ) ;
#4913 = DIRECTION ( 'NONE',  ( 1.702843785709075900E-030, -1.000000000000000000, -1.845450506358316300E-015 ) ) ;
#4914 = CARTESIAN_POINT ( 'NONE',  ( -3.433588469740024100, 1.053589838486225200, -1.600000000000001000 ) ) ;
#4915 = CARTESIAN_POINT ( 'NONE',  ( -0.1432641821885920500, 1.399999999999999900, 1.786786630021773800 ) ) ;
#4916 = ADVANCED_FACE ( 'NONE', ( #4043 ), #178, .F. ) ;
#4917 = CARTESIAN_POINT ( 'NONE',  ( -0.3500000000000001400, 0.9499999999999999600, -2.100000000000000100 ) ) ;
#4918 = EDGE_CURVE ( 'NONE', #4437, #3167, #2857, .T. ) ;
#4919 = CARTESIAN_POINT ( 'NONE',  ( 3.252606517456513300E-016, 0.8535898384862235000, 0.6999999999999995100 ) ) ;
#4920 = CARTESIAN_POINT ( 'NONE',  ( -1.863588469740023100, 0.7800000000000000300, 0.4999999999999998900 ) ) ;
#4921 = CARTESIAN_POINT ( 'NONE',  ( -0.1432641821885920500, 1.389999999999999900, 1.786786630021773800 ) ) ;
#4922 = CARTESIAN_POINT ( 'NONE',  ( -0.1704733060834922900, 1.399999999999999900, 1.608787526408730100 ) ) ;
#4923 = VECTOR ( 'NONE', #771, 1000.000000000000000 ) ;
#4924 = CARTESIAN_POINT ( 'NONE',  ( -0.09667739225646888900, 1.400000000000000400, 1.644247936370059900 ) ) ;
#4925 = LINE ( 'NONE', #4571, #5070 ) ;
#4926 = PLANE ( 'NONE',  #1630 ) ;
#4927 = CARTESIAN_POINT ( 'NONE',  ( -3.633588469740023800, 1.952080447824565000, 1.565000000000000200 ) ) ;
#4928 = CARTESIAN_POINT ( 'NONE',  ( -4.033588469740023700, -0.05000000000000000300, -1.800000000000001200 ) ) ;
#4929 = AXIS2_PLACEMENT_3D ( 'NONE', #1194, #1310, #1362 ) ;
#4930 = VERTEX_POINT ( 'NONE', #4279 ) ;
#4931 = ORIENTED_EDGE ( 'NONE', *, *, #2053, .F. ) ;
#4932 = EDGE_CURVE ( 'NONE', #5515, #1434, #5257, .T. ) ;
#4933 = CARTESIAN_POINT ( 'NONE',  ( -0.07840095965502143200, 1.390000000000000600, 1.710369127753218500 ) ) ;
#4934 = DIRECTION ( 'NONE',  ( 0.0000000000000000000, 0.0000000000000000000, -1.000000000000000000 ) ) ;
#4935 = ORIENTED_EDGE ( 'NONE', *, *, #2427, .F. ) ;
#4936 = AXIS2_PLACEMENT_3D ( 'NONE', #3294, #564, #3730 ) ;
#4937 = CARTESIAN_POINT ( 'NONE',  ( -1.233588469740022600, 0.2000000000000000100, 1.599999999999999400 ) ) ;
#4938 = CARTESIAN_POINT ( 'NONE',  ( -4.033588469740023700, -0.05000000000000000300, -1.800000000000001200 ) ) ;
#4939 = ORIENTED_EDGE ( 'NONE', *, *, #5080, .F. ) ;
#4940 = VECTOR ( 'NONE', #1199, 1000.000000000000000 ) ;
#4941 = LINE ( 'NONE', #288, #3707 ) ;
#4942 = CARTESIAN_POINT ( 'NONE',  ( -0.1404571079767629200, 1.389999999999999900, 1.614418485207394200 ) ) ;
#4943 = CARTESIAN_POINT ( 'NONE',  ( -0.03713997275015895600, 1.389999999999999700, 1.703338808460012300 ) ) ;
#4944 = ADVANCED_FACE ( 'NONE', ( #547 ), #198, .T. ) ;
#4945 = ORIENTED_EDGE ( 'NONE', *, *, #270, .T. ) ;
#4946 = ORIENTED_EDGE ( 'NONE', *, *, #3627, .T. ) ;
#4947 = FACE_OUTER_BOUND ( 'NONE', #4412, .T. ) ;
#4948 = VECTOR ( 'NONE', #596, 1000.000000000000000 ) ;
#4949 = EDGE_CURVE ( 'NONE', #600, #2169, #2772, .T. ) ;
#4950 = EDGE_CURVE ( 'NONE', #1169, #5239, #408, .T. ) ;
#4951 = VERTEX_POINT ( 'NONE', #3841 ) ;
#4952 = CARTESIAN_POINT ( 'NONE',  ( -4.333588469740026200, 1.099999999999999900, 1.449999999999993100 ) ) ;
#4953 = VERTEX_POINT ( 'NONE', #213 ) ;
#4954 = DIRECTION ( 'NONE',  ( -1.000000000000000000, 0.0000000000000000000, 0.0000000000000000000 ) ) ;
#4955 = EDGE_CURVE ( 'NONE', #3820, #5186, #2718, .T. ) ;
#4956 = VECTOR ( 'NONE', #173, 1000.000000000000000 ) ;
#4957 = EDGE_LOOP ( 'NONE', ( #1382, #4800, #1996 ) ) ;
#4958 = CARTESIAN_POINT ( 'NONE',  ( -0.1849959414335349000, 1.399999999999999900, 1.785013641069229700 ) ) ;
#4959 = ORIENTED_EDGE ( 'NONE', *, *, #3080, .F. ) ;
#4960 = CARTESIAN_POINT ( 'NONE',  ( -4.033588469740023700, 0.0000000000000000000, -1.600000000000001600 ) ) ;
#4961 = LINE ( 'NONE', #1329, #1368 ) ;
#4962 = AXIS2_PLACEMENT_3D ( 'NONE', #1399, #4553, #1867 ) ;
#4963 = CARTESIAN_POINT ( 'NONE',  ( -4.333588469740026200, 0.1499999999999999900, -1.850000000000000300 ) ) ;
#4964 = DIRECTION ( 'NONE',  ( -1.000000000000000000, 0.0000000000000000000, 8.673617379884035500E-017 ) ) ;
#4965 = VERTEX_POINT ( 'NONE', #686 ) ;
#4966 = DIRECTION ( 'NONE',  ( 0.0000000000000000000, 0.0000000000000000000, 1.000000000000000000 ) ) ;
#4967 = CARTESIAN_POINT ( 'NONE',  ( -3.633588469740023800, 0.9999999999999995600, 1.840000000000000100 ) ) ;
#4968 = LINE ( 'NONE', #4792, #1373 ) ;
#4969 = VECTOR ( 'NONE', #1986, 1000.000000000000000 ) ;
#4970 = EDGE_LOOP ( 'NONE', ( #967, #3186, #3393, #2971, #2358 ) ) ;
#4971 = VERTEX_POINT ( 'NONE', #1635 ) ;
#4972 = PERSON_AND_ORGANIZATION ( #1621, #4038 ) ;
#4973 = EDGE_CURVE ( 'NONE', #3119, #3456, #2574, .T. ) ;
#4974 = CARTESIAN_POINT ( 'NONE',  ( -3.433588469740024100, 1.399999999999999900, -1.300000000000000900 ) ) ;
#4975 = EDGE_CURVE ( 'NONE', #1688, #3576, #3737, .T. ) ;
#4976 = CARTESIAN_POINT ( 'NONE',  ( -3.633588469740027400, 0.9999999999999995600, 1.539999999999993600 ) ) ;
#4977 = FACE_OUTER_BOUND ( 'NONE', #2172, .T. ) ;
#4978 = DIRECTION ( 'NONE',  ( -1.000000000000000000, -0.0000000000000000000, -9.227252531791543900E-016 ) ) ;
#4979 = VERTEX_POINT ( 'NONE', #5708 ) ;
#4980 = ADVANCED_FACE ( 'NONE', ( #4977 ), #4340, .T. ) ;
#4981 = ORIENTED_EDGE ( 'NONE', *, *, #4418, .T. ) ;
#4982 = FACE_OUTER_BOUND ( 'NONE', #4727, .T. ) ;
#4983 = PLANE ( 'NONE',  #1782 ) ;
#4984 = CARTESIAN_POINT ( 'NONE',  ( -4.173588469740022500, 1.399999999999999900, -1.800000000000000700 ) ) ;
#4985 = ORIENTED_EDGE ( 'NONE', *, *, #561, .T. ) ;
#4986 = CARTESIAN_POINT ( 'NONE',  ( -1.883588469740023100, 0.2000000000000000100, -0.4999999999999998900 ) ) ;
#4987 = DIRECTION ( 'NONE',  ( 0.0000000000000000000, -1.000000000000000000, 0.0000000000000000000 ) ) ;
#4988 = DIRECTION ( 'NONE',  ( 0.0000000000000000000, -1.000000000000000000, 0.0000000000000000000 ) ) ;
#4989 = ORIENTED_EDGE ( 'NONE', *, *, #4126, .T. ) ;
#4990 = FACE_OUTER_BOUND ( 'NONE', #2083, .T. ) ;
#4991 = EDGE_CURVE ( 'NONE', #2901, #175, #106, .T. ) ;
#4992 = ORIENTED_EDGE ( 'NONE', *, *, #1444, .F. ) ;
#4993 = EDGE_CURVE ( 'NONE', #1612, #5366, #3615, .T. ) ;
#4994 = ORIENTED_EDGE ( 'NONE', *, *, #4051, .T. ) ;
#4995 = VERTEX_POINT ( 'NONE', #723 ) ;
#4996 = CARTESIAN_POINT ( 'NONE',  ( -4.333588469740023500, 0.9999999999999995600, -1.865000000000000900 ) ) ;
#4997 = ORIENTED_EDGE ( 'NONE', *, *, #4438, .T. ) ;
#4998 = CARTESIAN_POINT ( 'NONE',  ( -0.1056028649728270200, 1.389999999999999000, 1.588558517808942500 ) ) ;
#4999 = DIRECTION ( 'NONE',  ( -9.056783560160114900E-016, 0.0000000000000000000, 1.000000000000000000 ) ) ;
#5000 = CARTESIAN_POINT ( 'NONE',  ( -0.8335884697400231000, 0.7800000000000000300, -0.5200000000000000200 ) ) ;
#5001 = CARTESIAN_POINT ( 'NONE',  ( -4.283588469740023700, 1.199999999999999700, 1.840000000000000100 ) ) ;
#5002 = CARTESIAN_POINT ( 'NONE',  ( -0.1173612986251281300, 1.389999999999999900, 1.583173421278586400 ) ) ;
#5003 = CARTESIAN_POINT ( 'NONE',  ( -0.3500000000000001400, 0.9499999999999999600, -0.8500000000000003100 ) ) ;
#5004 = VECTOR ( 'NONE', #4120, 1000.000000000000000 ) ;
#5005 = CARTESIAN_POINT ( 'NONE',  ( -3.633588469740025600, 1.400000000000001900, 7.687585069138757200E-016 ) ) ;
#5006 = CARTESIAN_POINT ( 'NONE',  ( -3.633588469740023800, 1.200000000000000000, 1.565000000000000200 ) ) ;
#5007 = EDGE_LOOP ( 'NONE', ( #1769, #4144, #1187, #97 ) ) ;
#5008 = CARTESIAN_POINT ( 'NONE',  ( -1.233588469740022800, 0.2000000000000000100, 1.449999999999999300 ) ) ;
#5009 = B_SPLINE_CURVE_WITH_KNOTS ( 'NONE', 3,
 ( #4486, #1332, #5856, #3146, #392, #3577, #853, #4034, #1355, #4502, #1830, #4958, #2280, #5420, #2707 ),
 .UNSPECIFIED., .F., .F.,
 ( 4, 1, 1, 1, 1, 1, 1, 1, 1, 1, 1, 1, 4 ),
 ( 0.0000000000000000000, 0.1107941734871624300, 0.2128129326077747300, 0.3060779098917661400, 0.3906174580602145300, 0.4672327266979069400, 0.5344506183816978300, 0.5938668014988506300, 0.6448329686326040900, 0.7362206188001783100, 0.8250374016667816300, 0.9119923130965327300, 1.000000000000000000 ),
 .UNSPECIFIED. ) ;
#5010 = ORIENTED_EDGE ( 'NONE', *, *, #1444, .T. ) ;
#5011 = CARTESIAN_POINT ( 'NONE',  ( -0.6335884697400231400, 0.7800000000000000300, 0.5000000000000000000 ) ) ;
#5012 = LINE ( 'NONE', #3204, #291 ) ;
#5013 = EDGE_CURVE ( 'NONE', #1410, #3221, #2438, .T. ) ;
#5014 = DIRECTION ( 'NONE',  ( -9.056783560160114900E-016, 0.0000000000000000000, 1.000000000000000000 ) ) ;
#5015 = CARTESIAN_POINT ( 'NONE',  ( -1.833588469740023300, 0.7800000000000000300, -0.4999999999999998900 ) ) ;
#5016 = EDGE_LOOP ( 'NONE', ( #2441, #5658, #1537, #3372, #4044 ) ) ;
#5017 = DESIGN_CONTEXT ( 'detailed design', #4130, 'design' ) ;
#5018 = VECTOR ( 'NONE', #9, 1000.000000000000000 ) ;
#5019 = VERTEX_POINT ( 'NONE', #3905 ) ;
#5020 = FACE_OUTER_BOUND ( 'NONE', #1881, .T. ) ;
#5021 = PLANE ( 'NONE',  #2374 ) ;
#5022 = LINE ( 'NONE', #2573, #5156 ) ;
#5023 = CARTESIAN_POINT ( 'NONE',  ( -0.2358714669709788500, 1.399999999999999500, 1.797181482322351500 ) ) ;
#5024 = DIRECTION ( 'NONE',  ( -1.000000000000000000, -0.0000000000000000000, -9.227252531791543900E-016 ) ) ;
#5025 = ORIENTED_EDGE ( 'NONE', *, *, #651, .T. ) ;
#5026 = CARTESIAN_POINT ( 'NONE',  ( -0.03713997275015895600, 1.399999999999999900, 1.703338808460012300 ) ) ;
#5027 = EDGE_LOOP ( 'NONE', ( #287, #1318, #4159, #2010 ) ) ;
#5028 = FACE_OUTER_BOUND ( 'NONE', #5263, .T. ) ;
#5029 = CARTESIAN_POINT ( 'NONE',  ( -4.333588469740023500, 1.199999999999999700, -1.300000000000000700 ) ) ;
#5030 = DIRECTION ( 'NONE',  ( -6.133173666733487900E-017, -0.7071067811865484600, 0.7071067811865465700 ) ) ;
#5031 = ORIENTED_EDGE ( 'NONE', *, *, #1201, .T. ) ;
#5032 = ORIENTED_EDGE ( 'NONE', *, *, #5673, .F. ) ;
#5033 = VECTOR ( 'NONE', #3316, 1000.000000000000000 ) ;
#5034 = EDGE_CURVE ( 'NONE', #4362, #2582, #4832, .T. ) ;
#5035 = EDGE_CURVE ( 'NONE', #5914, #4930, #2315, .T. ) ;
#5036 = CARTESIAN_POINT ( 'NONE',  ( -1.233588469740022800, 1.399999999999999900, 1.449999999999999300 ) ) ;
#5037 = ORIENTED_EDGE ( 'NONE', *, *, #4562, .F. ) ;
#5038 = VECTOR ( 'NONE', #1159, 1000.000000000000000 ) ;
#5039 = LINE ( 'NONE', #4335, #3529 ) ;
#5040 = VERTEX_POINT ( 'NONE', #3031 ) ;
#5041 = CARTESIAN_POINT ( 'NONE',  ( -3.433588469740024100, 1.053589838486225200, -1.600000000000001000 ) ) ;
#5042 = ORIENTED_EDGE ( 'NONE', *, *, #1728, .F. ) ;
#5043 = PLANE ( 'NONE',  #2951 ) ;
#5044 =( NAMED_UNIT ( * ) SI_UNIT ( $, .STERADIAN. ) SOLID_ANGLE_UNIT ( ) );
#5045 = AXIS2_PLACEMENT_3D ( 'NONE', #620, #4718, #2043 ) ;
#5046 = ADVANCED_FACE ( 'NONE', ( #4556 ), #3921, .F. ) ;
#5047 = CARTESIAN_POINT ( 'NONE',  ( -0.05696487498249134400, 1.399999999999999500, 1.772864043123957100 ) ) ;
#5048 = LINE ( 'NONE', #5414, #3669 ) ;
#5049 = ORIENTED_EDGE ( 'NONE', *, *, #242, .F. ) ;
#5050 = VECTOR ( 'NONE', #2249, 1000.000000000000000 ) ;
#5051 = CARTESIAN_POINT ( 'NONE',  ( -0.09092646731427089800, 1.389999999999999700, 1.805446663556379100 ) ) ;
#5052 = EDGE_LOOP ( 'NONE', ( #658, #533, #246, #1902 ) ) ;
#5053 = VECTOR ( 'NONE', #5567, 1000.000000000000000 ) ;
#5054 = ORIENTED_EDGE ( 'NONE', *, *, #888, .T. ) ;
#5055 = EDGE_CURVE ( 'NONE', #226, #5622, #3475, .T. ) ;
#5056 = ORIENTED_EDGE ( 'NONE', *, *, #5875, .F. ) ;
#5057 = CARTESIAN_POINT ( 'NONE',  ( -0.5335884697400231600, 0.0000000000000000000, 0.3000000000000000400 ) ) ;
#5058 = EDGE_CURVE ( 'NONE', #2063, #5515, #2184, .T. ) ;
#5059 = LINE ( 'NONE', #5703, #3550 ) ;
#5060 = ORIENTED_EDGE ( 'NONE', *, *, #2044, .F. ) ;
#5061 = PERSON_AND_ORGANIZATION_ROLE ( 'creator' ) ;
#5062 = DIRECTION ( 'NONE',  ( 1.000000000000000000, 0.0000000000000000000, -0.0000000000000000000 ) ) ;
#5063 = CARTESIAN_POINT ( 'NONE',  ( -1.277522452562041200, 1.129685728912818200, -1.343933982822019400 ) ) ;
#5064 = EDGE_CURVE ( 'NONE', #4557, #885, #3340, .T. ) ;
#5065 = EDGE_CURVE ( 'NONE', #3381, #772, #4397, .T. ) ;
#5066 = FACE_OUTER_BOUND ( 'NONE', #1588, .T. ) ;
#5067 = ADVANCED_FACE ( 'NONE', ( #5474 ), #769, .F. ) ;
#5068 = CARTESIAN_POINT ( 'NONE',  ( -0.1296849256019812500, 1.389999999999999700, 1.578812710670445700 ) ) ;
#5069 = DIRECTION ( 'NONE',  ( 0.0000000000000000000, 0.0000000000000000000, -1.000000000000000000 ) ) ;
#5070 = VECTOR ( 'NONE', #5463, 1000.000000000000000 ) ;
#5071 = CARTESIAN_POINT ( 'NONE',  ( -1.863588469740023100, 0.7800000000000000300, 0.6999999999999998400 ) ) ;
#5072 = DIRECTION ( 'NONE',  ( 0.0000000000000000000, -1.000000000000000000, 0.0000000000000000000 ) ) ;
#5073 = CARTESIAN_POINT ( 'NONE',  ( -0.8335884697400231000, 1.053589838486225200, 0.2999999999999977700 ) ) ;
#5074 = VERTEX_POINT ( 'NONE', #2205 ) ;
#5075 = PLANE ( 'NONE',  #3894 ) ;
#5076 = ORIENTED_EDGE ( 'NONE', *, *, #3790, .T. ) ;
#5077 = LINE ( 'NONE', #2472, #1481 ) ;
#5078 = DIRECTION ( 'NONE',  ( -9.056783560160114900E-016, 0.0000000000000000000, 1.000000000000000000 ) ) ;
#5079 = AXIS2_PLACEMENT_3D ( 'NONE', #117, #1073, #4225 ) ;
#5080 = EDGE_CURVE ( 'NONE', #2676, #1893, #4245, .T. ) ;
#5081 = ORIENTED_EDGE ( 'NONE', *, *, #1638, .F. ) ;
#5082 = VERTEX_POINT ( 'NONE', #3079 ) ;
#5083 = VECTOR ( 'NONE', #5274, 1000.000000000000000 ) ;
#5084 = EDGE_CURVE ( 'NONE', #53, #2575, #916, .T. ) ;
#5085 = LINE ( 'NONE', #356, #2408 ) ;
#5086 = ORIENTED_EDGE ( 'NONE', *, *, #5559, .F. ) ;
#5087 = CARTESIAN_POINT ( 'NONE',  ( -0.03723854482741578700, 1.389999999999999900, 1.698872587175241300 ) ) ;
#5088 = EDGE_LOOP ( 'NONE', ( #2258, #3486, #671, #4827 ) ) ;
#5089 = VECTOR ( 'NONE', #815, 1000.000000000000000 ) ;
#5090 = CARTESIAN_POINT ( 'NONE',  ( -0.4000000000000001900, 0.0000000000000000000, 0.6999999999999998400 ) ) ;
#5091 = VECTOR ( 'NONE', #5574, 1000.000000000000000 ) ;
#5092 = ORIENTED_EDGE ( 'NONE', *, *, #619, .F. ) ;
#5093 = ORIENTED_EDGE ( 'NONE', *, *, #2831, .F. ) ;
#5094 = LINE ( 'NONE', #1591, #4816 ) ;
#5095 = CARTESIAN_POINT ( 'NONE',  ( 0.0000000000000000000, 1.389999999999999900, 0.0000000000000000000 ) ) ;
#5096 = ADVANCED_FACE ( 'NONE', ( #1889 ), #2647, .F. ) ;
#5097 = DIRECTION ( 'NONE',  ( 0.0000000000000000000, 0.0000000000000000000, -1.000000000000000000 ) ) ;
#5098 = EDGE_CURVE ( 'NONE', #3306, #4118, #5330, .T. ) ;
#5099 = DIRECTION ( 'NONE',  ( -0.0000000000000000000, -0.0000000000000000000, 1.000000000000000000 ) ) ;
#5100 = ORIENTED_EDGE ( 'NONE', *, *, #2644, .F. ) ;
#5101 = ORIENTED_EDGE ( 'NONE', *, *, #864, .T. ) ;
#5102 = CARTESIAN_POINT ( 'NONE',  ( 0.0000000000000000000, 0.7800000000000000300, 0.0000000000000000000 ) ) ;
#5103 = VECTOR ( 'NONE', #828, 1000.000000000000000 ) ;
#5104 = EDGE_LOOP ( 'NONE', ( #3240, #5310, #4931, #1990 ) ) ;
#5105 = LINE ( 'NONE', #4778, #3729 ) ;
#5106 = DIRECTION ( 'NONE',  ( 1.000000000000000000, 0.0000000000000000000, 0.0000000000000000000 ) ) ;
#5107 = AXIS2_PLACEMENT_3D ( 'NONE', #415, #3561, #5477 ) ;
#5108 = CARTESIAN_POINT ( 'NONE',  ( -3.733588469740024300, -0.05000000000000000300, 1.799999999999999600 ) ) ;
#5109 = VECTOR ( 'NONE', #5563, 1000.000000000000000 ) ;
#5110 = ORIENTED_EDGE ( 'NONE', *, *, #4421, .T. ) ;
#5111 = ORIENTED_EDGE ( 'NONE', *, *, #2756, .F. ) ;
#5112 = COORDINATED_UNIVERSAL_TIME_OFFSET ( 5, 0, .BEHIND. ) ;
#5113 = DIRECTION ( 'NONE',  ( -1.000000000000000000, -0.0000000000000000000, -9.227252531791543900E-016 ) ) ;
#5114 = ORIENTED_EDGE ( 'NONE', *, *, #3368, .T. ) ;
#5115 = VECTOR ( 'NONE', #5670, 1000.000000000000000 ) ;
#5116 = CARTESIAN_POINT ( 'NONE',  ( -0.8335884697400231000, 1.053589838486225200, 0.2999999999999977700 ) ) ;
#5117 = ORIENTED_EDGE ( 'NONE', *, *, #3638, .T. ) ;
#5118 = AXIS2_PLACEMENT_3D ( 'NONE', #100, #2440, #5593 ) ;
#5119 = ADVANCED_FACE ( 'NONE', ( #4112 ), #3983, .F. ) ;
#5120 = CARTESIAN_POINT ( 'NONE',  ( -4.333588469740023500, 0.0000000000000000000, -1.450000000000000800 ) ) ;
#5121 = DIRECTION ( 'NONE',  ( -1.000000000000000000, -0.0000000000000000000, -9.227252531791543900E-016 ) ) ;
#5122 = CARTESIAN_POINT ( 'NONE',  ( -0.1600000000000003900, 1.399999999999999900, 2.100000000000000100 ) ) ;
#5123 = LINE ( 'NONE', #2303, #3748 ) ;
#5124 = VERTEX_POINT ( 'NONE', #3528 ) ;
#5125 = CARTESIAN_POINT ( 'NONE',  ( -3.633588469740023800, 0.9999999999999995600, -1.565000000000000200 ) ) ;
#5126 = DIRECTION ( 'NONE',  ( 0.0000000000000000000, 0.0000000000000000000, 1.000000000000000000 ) ) ;
#5127 = FACE_OUTER_BOUND ( 'NONE', #5665, .T. ) ;
#5128 = ADVANCED_FACE ( 'NONE', ( #478 ), #2662, .F. ) ;
#5129 = ORIENTED_EDGE ( 'NONE', *, *, #3640, .T. ) ;
#5130 = CARTESIAN_POINT ( 'NONE',  ( -0.8335884697400231000, 0.7599999999999999000, 0.5000000000000000000 ) ) ;
#5131 = CARTESIAN_POINT ( 'NONE',  ( -1.833588469740022400, 0.0000000000000000000, 1.599999999999999000 ) ) ;
#5132 = AXIS2_PLACEMENT_3D ( 'NONE', #5742, #3024, #275 ) ;
#5133 = DIRECTION ( 'NONE',  ( -0.0000000000000000000, -0.0000000000000000000, -1.000000000000000000 ) ) ;
#5134 = PLANE ( 'NONE',  #5118 ) ;
#5135 = DIRECTION ( 'NONE',  ( 0.5000000000000004400, 0.0000000000000000000, -0.8660254037844383700 ) ) ;
#5136 = EDGE_CURVE ( 'NONE', #2087, #2437, #622, .T. ) ;
#5137 = LINE ( 'NONE', #3144, #2740 ) ;
#5138 = CARTESIAN_POINT ( 'NONE',  ( -0.8335884697400231000, 1.399999999999999900, -0.2999999999999999900 ) ) ;
#5139 = EDGE_CURVE ( 'NONE', #1684, #1397, #766, .T. ) ;
#5140 = ORIENTED_EDGE ( 'NONE', *, *, #4348, .F. ) ;
#5141 = CARTESIAN_POINT ( 'NONE',  ( -3.433588469740024100, 0.2000000000000000100, -1.300000000000000900 ) ) ;
#5142 = ADVANCED_FACE ( 'NONE', ( #1755 ), #4926, .T. ) ;
#5143 = DIRECTION ( 'NONE',  ( 0.0000000000000000000, -0.0000000000000000000, -1.000000000000000000 ) ) ;
#5144 = EDGE_LOOP ( 'NONE', ( #3466, #2719, #802, #5412 ) ) ;
#5145 = DIRECTION ( 'NONE',  ( 1.355252715606880800E-016, -1.000000000000000000, 0.0000000000000000000 ) ) ;
#5146 = AXIS2_PLACEMENT_3D ( 'NONE', #728, #3910, #1223 ) ;
#5147 = ORIENTED_EDGE ( 'NONE', *, *, #1667, .F. ) ;
#5148 = LINE ( 'NONE', #1417, #5295 ) ;
#5149 = CARTESIAN_POINT ( 'NONE',  ( -3.633588469740025600, -0.1919999999999994200, 0.2559999999999955600 ) ) ;
#5150 = CARTESIAN_POINT ( 'NONE',  ( -0.09456576304179753500, 1.400000000000000100, 1.595151434349177900 ) ) ;
#5151 = ORIENTED_EDGE ( 'NONE', *, *, #993, .F. ) ;
#5152 = CARTESIAN_POINT ( 'NONE',  ( -1.833588469740023100, 1.053589838486225200, -1.800000000000000700 ) ) ;
#5153 = ORIENTED_EDGE ( 'NONE', *, *, #2557, .F. ) ;
#5154 = CARTESIAN_POINT ( 'NONE',  ( -0.8335884697400231000, 0.2000000000000000100, 0.2999999999999977700 ) ) ;
#5155 = VECTOR ( 'NONE', #3232, 1000.000000000000000 ) ;
#5156 = VECTOR ( 'NONE', #713, 1000.000000000000000 ) ;
#5157 = EDGE_CURVE ( 'NONE', #5650, #5366, #5185, .T. ) ;
#5158 = CARTESIAN_POINT ( 'NONE',  ( -1.833588469740023300, 0.7299999999999999800, -0.6999999999999998400 ) ) ;
#5159 = CARTESIAN_POINT ( 'NONE',  ( 3.252606517456513300E-016, 1.053589838486223900, 0.5000000000000003300 ) ) ;
#5160 = EDGE_LOOP ( 'NONE', ( #912, #2190, #1384, #816 ) ) ;
#5161 = EDGE_CURVE ( 'NONE', #1484, #2575, #1598, .T. ) ;
#5162 = LINE ( 'NONE', #3074, #1872 ) ;
#5163 = CARTESIAN_POINT ( 'NONE',  ( -0.2995598445450307600, 1.399999999999999900, 1.743242654613858400 ) ) ;
#5164 = DIRECTION ( 'NONE',  ( -0.0000000000000000000, 1.000000000000000000, -0.0000000000000000000 ) ) ;
#5165 = CARTESIAN_POINT ( 'NONE',  ( -0.1563576476635849500, 1.399999999999999900, 1.573583424709200700 ) ) ;
#5166 = ORIENTED_EDGE ( 'NONE', *, *, #540, .T. ) ;
#5167 = ORIENTED_EDGE ( 'NONE', *, *, #3020, .T. ) ;
#5168 = LINE ( 'NONE', #1008, #3943 ) ;
#5169 = ORIENTED_EDGE ( 'NONE', *, *, #1968, .T. ) ;
#5170 = VERTEX_POINT ( 'NONE', #4952 ) ;
#5171 = CARTESIAN_POINT ( 'NONE',  ( -4.033588469740023700, -0.05000000000000000300, 1.599999999999999400 ) ) ;
#5172 = LINE ( 'NONE', #4197, #5038 ) ;
#5173 = CARTESIAN_POINT ( 'NONE',  ( -3.633588469740026500, 1.199999999999998200, 1.299999999999995400 ) ) ;
#5174 = EDGE_CURVE ( 'NONE', #1853, #818, #1449, .T. ) ;
#5175 = DIRECTION ( 'NONE',  ( -1.668003342285389600E-016, -0.0000000000000000000, -1.000000000000000000 ) ) ;
#5176 = EDGE_CURVE ( 'NONE', #20, #2630, #330, .T. ) ;
#5177 = LINE ( 'NONE', #4709, #3805 ) ;
#5178 = EDGE_LOOP ( 'NONE', ( #1682, #2563, #1581, #4256 ) ) ;
#5179 = ORIENTED_EDGE ( 'NONE', *, *, #5355, .F. ) ;
#5180 = DIRECTION ( 'NONE',  ( -0.0000000000000000000, -1.000000000000000000, -0.0000000000000000000 ) ) ;
#5181 = CARTESIAN_POINT ( 'NONE',  ( -0.2449120919297671500, 1.389999999999999900, 1.790614075348431000 ) ) ;
#5182 = CARTESIAN_POINT ( 'NONE',  ( -0.03724265348677929100, 1.399999999999999900, 1.707724874069994000 ) ) ;
#5183 = ORIENTED_EDGE ( 'NONE', *, *, #38, .F. ) ;
#5184 = CARTESIAN_POINT ( 'NONE',  ( -0.05165541844648642600, 1.399999999999999900, 1.641839722667651300 ) ) ;
#5185 = LINE ( 'NONE', #4001, #2783 ) ;
#5186 = VERTEX_POINT ( 'NONE', #5870 ) ;
#5187 = VECTOR ( 'NONE', #1794, 1000.000000000000000 ) ;
#5188 = CARTESIAN_POINT ( 'NONE',  ( -0.8335884697400231000, 0.8535898384862235000, 0.6999999999999996200 ) ) ;
#5189 = LINE ( 'NONE', #1510, #1762 ) ;
#5190 = ORIENTED_EDGE ( 'NONE', *, *, #1349, .F. ) ;
#5191 = ORIENTED_EDGE ( 'NONE', *, *, #1287, .T. ) ;
#5192 = CARTESIAN_POINT ( 'NONE',  ( -4.333588469740024400, -0.1919999999999994200, 0.2559999999999949000 ) ) ;
#5193 = VECTOR ( 'NONE', #2942, 1000.000000000000000 ) ;
#5194 = AXIS2_PLACEMENT_3D ( 'NONE', #3950, #312, #782 ) ;
#5195 = ORIENTED_EDGE ( 'NONE', *, *, #5271, .T. ) ;
#5196 = DIRECTION ( 'NONE',  ( 0.0000000000000000000, -1.000000000000000000, -8.673617379884144300E-015 ) ) ;
#5197 = CARTESIAN_POINT ( 'NONE',  ( -0.1296849256019812500, 1.389999999999999500, 1.578812710670445700 ) ) ;
#5198 = EDGE_CURVE ( 'NONE', #5745, #5568, #5048, .T. ) ;
#5199 = CARTESIAN_POINT ( 'NONE',  ( -0.05696487498249134400, 1.389999999999999200, 1.772864043123957100 ) ) ;
#5200 = CARTESIAN_POINT ( 'NONE',  ( -0.03713997275015895600, 1.389999999999999700, 1.703338808460012300 ) ) ;
#5201 = CARTESIAN_POINT ( 'NONE',  ( -0.1563576476635849500, 1.389999999999999700, 1.573583424709200700 ) ) ;
#5202 = LINE ( 'NONE', #4928, #357 ) ;
#5203 = CLOSED_SHELL ( 'NONE', ( #5128, #5452, #3109, #5273, #795, #110, #882 ) ) ;
#5204 = CARTESIAN_POINT ( 'NONE',  ( -0.5000000000000000000, 0.1499999999999999900, -0.8500000000000003100 ) ) ;
#5205 = CARTESIAN_POINT ( 'NONE',  ( -0.08746007831894447900, 1.389999999999999900, 1.658573904098990000 ) ) ;
#5206 = FACE_OUTER_BOUND ( 'NONE', #5909, .T. ) ;
#5207 = ADVANCED_FACE ( 'NONE', ( #2641 ), #1843, .T. ) ;
#5208 = CARTESIAN_POINT ( 'NONE',  ( -3.633588469740023800, 0.9999999999999995600, -1.540000000000000000 ) ) ;
#5209 = DIRECTION ( 'NONE',  ( 1.000000000000000000, 0.0000000000000000000, 0.0000000000000000000 ) ) ;
#5210 = CARTESIAN_POINT ( 'NONE',  ( -3.633588469740024300, 1.399999999999999900, -1.450000000000000400 ) ) ;
#5211 = CARTESIAN_POINT ( 'NONE',  ( -0.1217525833953246300, 1.399999999999999700, 1.819601747247080500 ) ) ;
#5212 = EDGE_CURVE ( 'NONE', #5615, #3341, #39, .T. ) ;
#5213 = ORIENTED_EDGE ( 'NONE', *, *, #5035, .T. ) ;
#5214 = AXIS2_PLACEMENT_3D ( 'NONE', #2088, #2543, #2381 ) ;
#5215 = ORIENTED_EDGE ( 'NONE', *, *, #971, .T. ) ;
#5216 = LINE ( 'NONE', #1602, #2678 ) ;
#5217 = VERTEX_POINT ( 'NONE', #4067 ) ;
#5218 = CARTESIAN_POINT ( 'NONE',  ( -0.4063707419809282100, 1.399999999999999900, 1.643162526408730200 ) ) ;
#5219 = ORIENTED_EDGE ( 'NONE', *, *, #1768, .T. ) ;
#5220 = ORIENTED_EDGE ( 'NONE', *, *, #2929, .F. ) ;
#5221 = LINE ( 'NONE', #3890, #4003 ) ;
#5222 = LINE ( 'NONE', #4524, #3863 ) ;
#5223 = AXIS2_PLACEMENT_3D ( 'NONE', #4445, #5359, #2658 ) ;
#5224 = ORIENTED_EDGE ( 'NONE', *, *, #5660, .F. ) ;
#5225 = ORIENTED_EDGE ( 'NONE', *, *, #4025, .T. ) ;
#5226 = VECTOR ( 'NONE', #3976, 1000.000000000000000 ) ;
#5227 = LINE ( 'NONE', #1964, #523 ) ;
#5228 = CARTESIAN_POINT ( 'NONE',  ( -0.5500000000000000400, 0.04999999999999999600, -0.8500000000000003100 ) ) ;
#5229 = ORIENTED_EDGE ( 'NONE', *, *, #126, .F. ) ;
#5230 = VERTEX_POINT ( 'NONE', #1387 ) ;
#5231 = CARTESIAN_POINT ( 'NONE',  ( -0.05000000000000017600, 0.0000000000000000000, -0.6999999999999998400 ) ) ;
#5232 = CARTESIAN_POINT ( 'NONE',  ( -1.863588469740023100, 0.1999999999999999800, 0.6999999999999998400 ) ) ;
#5233 = VECTOR ( 'NONE', #4658, 1000.000000000000000 ) ;
#5234 = AXIS2_PLACEMENT_3D ( 'NONE', #437, #693, #749 ) ;
#5235 = DIRECTION ( 'NONE',  ( 1.000000000000000000, 0.0000000000000000000, -7.228014483236698500E-016 ) ) ;
#5236 = CARTESIAN_POINT ( 'NONE',  ( -4.333588469740024400, 1.199999999999999700, -3.924837280924088800E-015 ) ) ;
#5237 = CARTESIAN_POINT ( 'NONE',  ( -1.626303258728256700E-016, 1.399999999999999900, 1.439999999999999500 ) ) ;
#5238 = EDGE_CURVE ( 'NONE', #2781, #526, #3537, .T. ) ;
#5239 = VERTEX_POINT ( 'NONE', #4542 ) ;
#5240 = ORIENTED_EDGE ( 'NONE', *, *, #1683, .T. ) ;
#5241 = FACE_OUTER_BOUND ( 'NONE', #4970, .T. ) ;
#5242 = ADVANCED_FACE ( 'NONE', ( #4757 ), #2296, .F. ) ;
#5243 = DIRECTION ( 'NONE',  ( 0.0000000000000000000, 0.0000000000000000000, 1.000000000000000000 ) ) ;
#5244 = CYLINDRICAL_SURFACE ( 'NONE', #1069, 0.05000000000000002400 ) ;
#5245 = ORIENTED_EDGE ( 'NONE', *, *, #3428, .T. ) ;
#5246 = PLANE ( 'NONE',  #834 ) ;
#5247 = FACE_OUTER_BOUND ( 'NONE', #5481, .T. ) ;
#5248 = DIRECTION ( 'NONE',  ( 1.702843785709075900E-030, -1.000000000000000000, -1.845450506358316300E-015 ) ) ;
#5249 = LINE ( 'NONE', #5546, #2849 ) ;
#5250 = VERTEX_POINT ( 'NONE', #4996 ) ;
#5251 = CARTESIAN_POINT ( 'NONE',  ( -3.633588469740023800, 1.952080447824565000, -1.565000000000000200 ) ) ;
#5252 = CARTESIAN_POINT ( 'NONE',  ( -0.2818515112116974400, 1.399999999999999900, 1.712633680254884000 ) ) ;
#5253 = EDGE_CURVE ( 'NONE', #3680, #3443, #1300, .T. ) ;
#5254 = EDGE_CURVE ( 'NONE', #5292, #5780, #5830, .T. ) ;
#5255 = VERTEX_POINT ( 'NONE', #3628 ) ;
#5256 = DIRECTION ( 'NONE',  ( -1.000000000000000000, -0.0000000000000000000, -0.0000000000000000000 ) ) ;
#5257 = LINE ( 'NONE', #1131, #5115 ) ;
#5258 = EDGE_CURVE ( 'NONE', #4951, #2555, #3405, .T. ) ;
#5259 = ORIENTED_EDGE ( 'NONE', *, *, #2924, .F. ) ;
#5260 = CARTESIAN_POINT ( 'NONE',  ( -0.8335884697400231000, 1.053589838486225200, 0.2999999999999977700 ) ) ;
#5261 = PLANE ( 'NONE',  #59 ) ;
#5262 = VECTOR ( 'NONE', #4464, 1000.000000000000000 ) ;
#5263 = EDGE_LOOP ( 'NONE', ( #2932, #1412, #3574, #4442 ) ) ;
#5264 = AXIS2_PLACEMENT_3D ( 'NONE', #4506, #876, #4062 ) ;
#5265 = ORIENTED_EDGE ( 'NONE', *, *, #2756, .T. ) ;
#5266 = CARTESIAN_POINT ( 'NONE',  ( -0.1635955021795502100, 1.389999999999999700, 1.788107269343070000 ) ) ;
#5267 = CARTESIAN_POINT ( 'NONE',  ( -3.633588469740025600, 1.099999999999999900, -3.278929603698681100E-015 ) ) ;
#5268 = VECTOR ( 'NONE', #1243, 1000.000000000000000 ) ;
#5269 = VERTEX_POINT ( 'NONE', #3212 ) ;
#5270 = CARTESIAN_POINT ( 'NONE',  ( -0.09170125565835789100, 1.389999999999999700, 1.651214670381042900 ) ) ;
#5271 = EDGE_CURVE ( 'NONE', #2318, #2362, #4475, .T. ) ;
#5272 = DIRECTION ( 'NONE',  ( 0.0000000000000000000, -0.0000000000000000000, -1.000000000000000000 ) ) ;
#5273 = ADVANCED_FACE ( 'NONE', ( #2245 ), #466, .F. ) ;
#5274 = DIRECTION ( 'NONE',  ( -1.000000000000000000, 0.0000000000000000000, -6.195440985631455300E-016 ) ) ;
#5275 = EDGE_CURVE ( 'NONE', #5186, #4561, #836, .T. ) ;
#5276 = DIRECTION ( 'NONE',  ( 1.445602896647341700E-015, 0.0000000000000000000, -1.000000000000000000 ) ) ;
#5277 = PLANE ( 'NONE',  #5720 ) ;
#5278 = DIRECTION ( 'NONE',  ( -0.0000000000000000000, -0.0000000000000000000, 1.000000000000000000 ) ) ;
#5279 = CARTESIAN_POINT ( 'NONE',  ( -0.6535884697400236000, 0.8457437415779597300, -0.1799999999999993800 ) ) ;
#5280 = FACE_OUTER_BOUND ( 'NONE', #557, .T. ) ;
#5281 = DIRECTION ( 'NONE',  ( -9.056783560160114900E-016, -1.845450506358316300E-015, 1.000000000000000000 ) ) ;
#5282 = ORIENTED_EDGE ( 'NONE', *, *, #2939, .F. ) ;
#5283 = DIRECTION ( 'NONE',  ( -0.0000000000000000000, 1.000000000000000000, -0.0000000000000000000 ) ) ;
#5284 = ORIENTED_EDGE ( 'NONE', *, *, #5080, .T. ) ;
#5285 = EDGE_CURVE ( 'NONE', #298, #600, #2499, .T. ) ;
#5286 = VERTEX_POINT ( 'NONE', #19 ) ;
#5287 = EDGE_CURVE ( 'NONE', #5689, #3381, #5683, .T. ) ;
#5288 = CARTESIAN_POINT ( 'NONE',  ( -0.5000000000000000000, 1.389999999999999900, 1.439999999999999500 ) ) ;
#5289 = CARTESIAN_POINT ( 'NONE',  ( -0.1145818012594860700, 1.399999999999999900, 1.774131029755084700 ) ) ;
#5290 = PLANE ( 'NONE',  #4701 ) ;
#5291 = DIRECTION ( 'NONE',  ( 9.056783560160114900E-016, 0.0000000000000000000, -1.000000000000000000 ) ) ;
#5292 = VERTEX_POINT ( 'NONE', #3660 ) ;
#5293 = EDGE_LOOP ( 'NONE', ( #5871, #155, #5110, #1233, #5364 ) ) ;
#5294 = CARTESIAN_POINT ( 'NONE',  ( -3.633588469740023800, 1.399999999999999900, 1.939999999999999500 ) ) ;
#5295 = VECTOR ( 'NONE', #4570, 1000.000000000000000 ) ;
#5296 = CARTESIAN_POINT ( 'NONE',  ( -0.1315404067427621800, 1.399999999999999500, 1.617547225935069800 ) ) ;
#5297 = CARTESIAN_POINT ( 'NONE',  ( -0.8335884697400231000, 1.053589838486225200, -0.4999999999999994400 ) ) ;
#5298 = ORIENTED_EDGE ( 'NONE', *, *, #3440, .F. ) ;
#5299 = AXIS2_PLACEMENT_3D ( 'NONE', #4675, #3036, #5758 ) ;
#5300 = DIRECTION ( 'NONE',  ( -0.4472135954999584800, -0.7745966692414824100, 0.4472135954999589800 ) ) ;
#5301 = VECTOR ( 'NONE', #1908, 1000.000000000000000 ) ;
#5302 = VECTOR ( 'NONE', #2102, 1000.000000000000000 ) ;
#5303 = ADVANCED_FACE ( 'NONE', ( #5538 ), #2991, .T. ) ;
#5304 = CARTESIAN_POINT ( 'NONE',  ( -0.8335884697400228700, 1.053589838486225200, 1.599999999999999200 ) ) ;
#5305 = ORIENTED_EDGE ( 'NONE', *, *, #3939, .F. ) ;
#5306 = ORIENTED_EDGE ( 'NONE', *, *, #248, .F. ) ;
#5307 = CARTESIAN_POINT ( 'NONE',  ( -1.833588469740022000, 1.399999999999999900, 1.299999999999999600 ) ) ;
#5308 = LINE ( 'NONE', #706, #1733 ) ;
#5309 = AXIS2_PLACEMENT_3D ( 'NONE', #3082, #3513, #793 ) ;
#5310 = ORIENTED_EDGE ( 'NONE', *, *, #1238, .T. ) ;
#5311 = DIRECTION ( 'NONE',  ( -1.668003342285389600E-016, 0.0000000000000000000, -1.000000000000000000 ) ) ;
#5312 = ORIENTED_EDGE ( 'NONE', *, *, #4432, .T. ) ;
#5313 = EDGE_CURVE ( 'NONE', #3151, #1410, #3132, .T. ) ;
#5314 = CARTESIAN_POINT ( 'NONE',  ( -0.1212542833827904700, 1.399999999999999900, 1.778560867163472100 ) ) ;
#5315 = LINE ( 'NONE', #584, #1738 ) ;
#5316 = CARTESIAN_POINT ( 'NONE',  ( -3.433588469740023600, 1.053589838486225200, 1.599999999999999000 ) ) ;
#5317 = DIRECTION ( 'NONE',  ( 1.000000000000000000, 0.0000000000000000000, 0.0000000000000000000 ) ) ;
#5318 = CARTESIAN_POINT ( 'NONE',  ( -0.3500000000000001400, 0.9499999999999999600, 0.8500000000000003100 ) ) ;
#5319 = VERTEX_POINT ( 'NONE', #5057 ) ;
#5320 = CARTESIAN_POINT ( 'NONE',  ( -0.08411945144442084500, 1.400000000000000400, 1.666392824887187300 ) ) ;
#5321 = DIRECTION ( 'NONE',  ( 0.0000000000000000000, 0.0000000000000000000, -1.000000000000000000 ) ) ;
#5322 = LINE ( 'NONE', #1831, #470 ) ;
#5323 = CARTESIAN_POINT ( 'NONE',  ( -4.283588469740023700, 1.199999999999999700, -1.840000000000000100 ) ) ;
#5324 = CARTESIAN_POINT ( 'NONE',  ( -0.3999999999999997400, 0.0000000000000000000, -0.6999999999999997300 ) ) ;
#5325 = LINE ( 'NONE', #5138, #4240 ) ;
#5326 = VERTEX_POINT ( 'NONE', #1915 ) ;
#5327 = ORIENTED_EDGE ( 'NONE', *, *, #2602, .T. ) ;
#5328 = AXIS2_PLACEMENT_3D ( 'NONE', #4551, #3631, #3231 ) ;
#5329 = CARTESIAN_POINT ( 'NONE',  ( -0.1427209619669872800, 1.399999999999999900, 1.575735792691687300 ) ) ;
#5330 = LINE ( 'NONE', #1302, #3205 ) ;
#5331 = EDGE_LOOP ( 'NONE', ( #2260, #2760, #4301, #1296 ) ) ;
#5332 = EDGE_LOOP ( 'NONE', ( #1748, #1031, #1567, #4262 ) ) ;
#5333 = CARTESIAN_POINT ( 'NONE',  ( -0.05000000000000037100, -0.05000000000000000300, 0.5000000000000000000 ) ) ;
#5334 = VECTOR ( 'NONE', #2396, 1000.000000000000000 ) ;
#5335 = CARTESIAN_POINT ( 'NONE',  ( -0.08138850935944776100, 1.399999999999999900, 1.727250129884159800 ) ) ;
#5336 = VERTEX_POINT ( 'NONE', #3676 ) ;
#5337 = CARTESIAN_POINT ( 'NONE',  ( -0.1468674190937924500, 1.399999999999999900, -1.100000000000001000 ) ) ;
#5338 = EDGE_CURVE ( 'NONE', #5576, #1797, #2836, .T. ) ;
#5339 = ADVANCED_FACE ( 'NONE', ( #541 ), #4035, .T. ) ;
#5340 = CARTESIAN_POINT ( 'NONE',  ( -0.4000000000000000200, -0.05000000000000000300, -0.6999999999999999600 ) ) ;
#5341 = VERTEX_POINT ( 'NONE', #3284 ) ;
#5342 = EDGE_CURVE ( 'NONE', #3363, #4110, #5249, .T. ) ;
#5343 = CARTESIAN_POINT ( 'NONE',  ( -0.5000000000000000000, 1.389999999999999900, 1.940000000000000200 ) ) ;
#5344 = VECTOR ( 'NONE', #4272, 1000.000000000000000 ) ;
#5345 = CARTESIAN_POINT ( 'NONE',  ( -1.626303258728256700E-016, 0.9499999999999999600, -0.8500000000000003100 ) ) ;
#5346 = DIRECTION ( 'NONE',  ( 0.4472135954999584300, -0.7745966692414826300, -0.4472135954999587000 ) ) ;
#5347 = ORIENTED_EDGE ( 'NONE', *, *, #4211, .F. ) ;
#5348 = DIRECTION ( 'NONE',  ( 0.0000000000000000000, 0.0000000000000000000, -1.000000000000000000 ) ) ;
#5349 = DIRECTION ( 'NONE',  ( 1.000000000000000000, 0.0000000000000000000, 0.0000000000000000000 ) ) ;
#5350 = VERTEX_POINT ( 'NONE', #1019 ) ;
#5351 = CARTESIAN_POINT ( 'NONE',  ( -0.09667739225646888900, 1.390000000000000300, 1.644247936370059900 ) ) ;
#5352 = EDGE_CURVE ( 'NONE', #2815, #5833, #1822, .T. ) ;
#5353 = LINE ( 'NONE', #3479, #2941 ) ;
#5354 = PLANE ( 'NONE',  #4520 ) ;
#5355 = EDGE_CURVE ( 'NONE', #5443, #4965, #687, .T. ) ;
#5356 = CARTESIAN_POINT ( 'NONE',  ( -1.153588469740022900, 0.9150257738807151500, -1.520000000000001100 ) ) ;
#5357 = LINE ( 'NONE', #1962, #1783 ) ;
#5358 = DIRECTION ( 'NONE',  ( 0.0000000000000000000, 1.000000000000000000, 0.0000000000000000000 ) ) ;
#5359 = DIRECTION ( 'NONE',  ( -1.000000000000000000, 0.0000000000000000000, 3.614007241618351500E-015 ) ) ;
#5360 = ADVANCED_FACE ( 'NONE', ( #2708 ), #4644, .T. ) ;
#5361 = ORIENTED_EDGE ( 'NONE', *, *, #3424, .T. ) ;
#5362 = VECTOR ( 'NONE', #4227, 1000.000000000000000 ) ;
#5363 = EDGE_CURVE ( 'NONE', #5286, #5255, #1677, .T. ) ;
#5364 = ORIENTED_EDGE ( 'NONE', *, *, #852, .F. ) ;
#5365 = EDGE_CURVE ( 'NONE', #5737, #1938, #3883, .T. ) ;
#5366 = VERTEX_POINT ( 'NONE', #4667 ) ;
#5367 = VECTOR ( 'NONE', #4331, 1000.000000000000000 ) ;
#5368 = CARTESIAN_POINT ( 'NONE',  ( -0.1704733060834922900, 1.389999999999999900, 1.608787526408730100 ) ) ;
#5369 = LINE ( 'NONE', #5397, #1930 ) ;
#5370 = CARTESIAN_POINT ( 'NONE',  ( -4.333588469740026200, 0.1499999999999999900, -2.100000000000000100 ) ) ;
#5371 = ORIENTED_EDGE ( 'NONE', *, *, #3940, .F. ) ;
#5372 = CARTESIAN_POINT ( 'NONE',  ( -0.05000000000000034300, -0.05000000000000000300, 0.6999999999999998400 ) ) ;
#5373 = VECTOR ( 'NONE', #785, 1000.000000000000000 ) ;
#5374 = CARTESIAN_POINT ( 'NONE',  ( -0.1283427030218365900, 1.389999999999999900, 1.782028250113323800 ) ) ;
#5375 = LINE ( 'NONE', #3278, #1937 ) ;
#5376 = PLANE ( 'NONE',  #2325 ) ;
#5377 = AXIS2_PLACEMENT_3D ( 'NONE', #1164, #1179, #4336 ) ;
#5378 = PLANE ( 'NONE',  #3434 ) ;
#5379 = ORIENTED_EDGE ( 'NONE', *, *, #5065, .T. ) ;
#5380 = DIRECTION ( 'NONE',  ( 0.0000000000000000000, 0.0000000000000000000, 1.000000000000000000 ) ) ;
#5381 = ORIENTED_EDGE ( 'NONE', *, *, #3020, .F. ) ;
#5382 = LINE ( 'NONE', #2254, #5233 ) ;
#5383 = CARTESIAN_POINT ( 'NONE',  ( -0.1023499163442813800, 1.400000000000000100, 1.637686497446544600 ) ) ;
#5384 = EDGE_LOOP ( 'NONE', ( #2322, #1604, #320, #4895 ) ) ;
#5385 = VERTEX_POINT ( 'NONE', #91 ) ;
#5386 = CIRCLE ( 'NONE', #716, 0.04999999999999991300 ) ;
#5387 = EDGE_CURVE ( 'NONE', #3597, #4295, #1515, .T. ) ;
#5388 = CARTESIAN_POINT ( 'NONE',  ( -0.8335884697400231000, 1.399999999999999900, -0.2999999999999999900 ) ) ;
#5389 = VECTOR ( 'NONE', #1292, 1000.000000000000000 ) ;
#5390 = ORIENTED_EDGE ( 'NONE', *, *, #1628, .T. ) ;
#5391 = EDGE_CURVE ( 'NONE', #922, #5336, #2569, .T. ) ;
#5392 = PLANE ( 'NONE',  #4377 ) ;
#5393 = CARTESIAN_POINT ( 'NONE',  ( -4.333588469740023500, 0.0000000000000000000, -1.939999999999999500 ) ) ;
#5394 = ADVANCED_FACE ( 'NONE', ( #3609 ), #3317, .T. ) ;
#5395 = DIRECTION ( 'NONE',  ( -0.0000000000000000000, 1.000000000000000000, -0.0000000000000000000 ) ) ;
#5396 = LINE ( 'NONE', #3400, #1951 ) ;
#5397 = CARTESIAN_POINT ( 'NONE',  ( -1.833588469740022400, 1.053589838486225200, 1.599999999999999000 ) ) ;
#5398 = VECTOR ( 'NONE', #5503, 1000.000000000000000 ) ;
#5399 = EDGE_LOOP ( 'NONE', ( #3948, #2410, #2897, #71, #5866 ) ) ;
#5400 = ORIENTED_EDGE ( 'NONE', *, *, #4342, .T. ) ;
#5401 = CARTESIAN_POINT ( 'NONE',  ( -0.07816561377579997500, 1.389999999999999700, 1.701495859742063500 ) ) ;
#5402 = DIRECTION ( 'NONE',  ( 0.0000000000000000000, 0.0000000000000000000, 1.000000000000000000 ) ) ;
#5403 = PLANE ( 'NONE',  #4039 ) ;
#5404 = ORIENTED_EDGE ( 'NONE', *, *, #3630, .T. ) ;
#5405 = DIRECTION ( 'NONE',  ( 1.000000000000000000, 0.0000000000000000000, 1.445602896647335800E-015 ) ) ;
#5406 = VECTOR ( 'NONE', #2918, 1000.000000000000000 ) ;
#5407 = VERTEX_POINT ( 'NONE', #2890 ) ;
#5408 = CARTESIAN_POINT ( 'NONE',  ( -0.1498885135527905900, 1.389999999999999700, 1.611744067743366800 ) ) ;
#5409 = ORIENTED_EDGE ( 'NONE', *, *, #4031, .F. ) ;
#5410 = EDGE_CURVE ( 'NONE', #2032, #2914, #102, .T. ) ;
#5411 = VECTOR ( 'NONE', #3086, 1000.000000000000000 ) ;
#5412 = ORIENTED_EDGE ( 'NONE', *, *, #1641, .F. ) ;
#5413 = EDGE_LOOP ( 'NONE', ( #5645, #662, #3455, #4708, #107, #260 ) ) ;
#5414 = CARTESIAN_POINT ( 'NONE',  ( -0.4063707419809282100, 1.399999999999999900, 1.643162526408730200 ) ) ;
#5415 = ORIENTED_EDGE ( 'NONE', *, *, #4065, .F. ) ;
#5416 = CARTESIAN_POINT ( 'NONE',  ( -0.1599686211578302000, 1.389999999999999700, 1.609801301200728000 ) ) ;
#5417 = LINE ( 'NONE', #268, #3156 ) ;
#5418 = CARTESIAN_POINT ( 'NONE',  ( -1.883588469740023100, 0.7299999999999999800, -0.5199999999999999100 ) ) ;
#5419 = ORIENTED_EDGE ( 'NONE', *, *, #1768, .F. ) ;
#5420 = CARTESIAN_POINT ( 'NONE',  ( -0.1635955021795502100, 1.399999999999999900, 1.788107269343070000 ) ) ;
#5421 = CARTESIAN_POINT ( 'NONE',  ( -0.8335884697400238700, 1.053589838486223900, 0.5000000000000004400 ) ) ;
#5422 = CARTESIAN_POINT ( 'NONE',  ( -0.3500000000000001400, 0.9499999999999999600, 0.8500000000000003100 ) ) ;
#5423 = VERTEX_POINT ( 'NONE', #602 ) ;
#5424 = DIRECTION ( 'NONE',  ( -0.0000000000000000000, -0.0000000000000000000, -1.000000000000000000 ) ) ;
#5425 = CARTESIAN_POINT ( 'NONE',  ( -3.633588469740025600, 0.0000000000000000000, -3.278929603698681100E-015 ) ) ;
#5426 = CARTESIAN_POINT ( 'NONE',  ( -1.626303258728256700E-016, 1.399999999999999900, 1.940000000000000200 ) ) ;
#5427 = ADVANCED_FACE ( 'NONE', ( #252 ), #1090, .F. ) ;
#5428 = VECTOR ( 'NONE', #2773, 1000.000000000000000 ) ;
#5429 = DIRECTION ( 'NONE',  ( 1.000000000000000000, 0.0000000000000000000, 0.0000000000000000000 ) ) ;
#5430 = DIRECTION ( 'NONE',  ( 0.0000000000000000000, -0.0000000000000000000, 1.000000000000000000 ) ) ;
#5431 = ORIENTED_EDGE ( 'NONE', *, *, #2333, .F. ) ;
#5432 = AXIS2_PLACEMENT_3D ( 'NONE', #1098, #1286, #1245 ) ;
#5433 = DIRECTION ( 'NONE',  ( -1.000000000000000000, 0.0000000000000000000, -9.056783560160114900E-016 ) ) ;
#5434 = ORIENTED_EDGE ( 'NONE', *, *, #3708, .T. ) ;
#5435 = DIRECTION ( 'NONE',  ( 4.694733121053622800E-016, -0.5000000000000012200, 0.8660254037844379300 ) ) ;
#5436 = DIRECTION ( 'NONE',  ( -1.000000000000000000, 0.0000000000000000000, 0.0000000000000000000 ) ) ;
#5437 = ORIENTED_EDGE ( 'NONE', *, *, #2243, .T. ) ;
#5438 = DIRECTION ( 'NONE',  ( 1.355252715606880800E-016, -1.000000000000000000, 0.0000000000000000000 ) ) ;
#5439 = CARTESIAN_POINT ( 'NONE',  ( -0.08414045090396347900, 1.389999999999999500, 1.602811620596579000 ) ) ;
#5440 = LINE ( 'NONE', #3634, #2751 ) ;
#5441 = DIRECTION ( 'NONE',  ( 1.000000000000000000, 0.0000000000000000000, 5.421010862427529100E-016 ) ) ;
#5442 = ORIENTED_EDGE ( 'NONE', *, *, #1443, .T. ) ;
#5443 = VERTEX_POINT ( 'NONE', #4710 ) ;
#5444 = VECTOR ( 'NONE', #3633, 1000.000000000000000 ) ;
#5445 = FACE_OUTER_BOUND ( 'NONE', #367, .T. ) ;
#5446 = EDGE_CURVE ( 'NONE', #4314, #5745, #2434, .T. ) ;
#5447 = EDGE_CURVE ( 'NONE', #3073, #5292, #4826, .T. ) ;
#5448 = DIRECTION ( 'NONE',  ( -0.0000000000000000000, -1.000000000000000000, -0.0000000000000000000 ) ) ;
#5449 = ORIENTED_EDGE ( 'NONE', *, *, #3813, .T. ) ;
#5450 = CARTESIAN_POINT ( 'NONE',  ( -0.1023499163442813800, 1.390000000000000100, 1.637686497446544600 ) ) ;
#5451 = LINE ( 'NONE', #4563, #601 ) ;
#5452 = ADVANCED_FACE ( 'NONE', ( #5898 ), #3358, .F. ) ;
#5453 = DIRECTION ( 'NONE',  ( -9.056783560160114900E-016, 0.0000000000000000000, 1.000000000000000000 ) ) ;
#5454 = ORIENTED_EDGE ( 'NONE', *, *, #4564, .T. ) ;
#5455 = ORIENTED_EDGE ( 'NONE', *, *, #4064, .F. ) ;
#5456 = CARTESIAN_POINT ( 'NONE',  ( -0.05000000000000037100, -0.05000000000000000300, 0.5000000000000000000 ) ) ;
#5457 = CARTESIAN_POINT ( 'NONE',  ( -4.283588469740023700, 1.199999999999999700, 1.840000000000000100 ) ) ;
#5458 = VECTOR ( 'NONE', #1539, 1000.000000000000000 ) ;
#5459 = CARTESIAN_POINT ( 'NONE',  ( -0.8335884697400231000, 0.7800000000000000300, 0.5200000000000001300 ) ) ;
#5460 = CARTESIAN_POINT ( 'NONE',  ( -0.3500000000000001400, 0.9499999999999999600, 2.100000000000000100 ) ) ;
#5461 = PLANE ( 'NONE',  #2398 ) ;
#5462 = CLOSED_SHELL ( 'NONE', ( #5545, #5513, #1488, #4008, #4192, #3534, #1171 ) ) ;
#5463 = DIRECTION ( 'NONE',  ( -1.000000000000000000, -0.0000000000000000000, -9.227252531791543900E-016 ) ) ;
#5464 = VERTEX_POINT ( 'NONE', #2483 ) ;
#5465 = LINE ( 'NONE', #3893, #3051 ) ;
#5466 = FACE_OUTER_BOUND ( 'NONE', #5144, .T. ) ;
#5467 = ORIENTED_EDGE ( 'NONE', *, *, #500, .T. ) ;
#5468 = VERTEX_POINT ( 'NONE', #2048 ) ;
#5469 = DATE_AND_TIME ( #761, #2022 ) ;
#5470 = EDGE_CURVE ( 'NONE', #308, #2555, #5753, .T. ) ;
#5471 = CARTESIAN_POINT ( 'NONE',  ( -0.1427209619669872800, 1.389999999999999700, 1.575735792691687300 ) ) ;
#5472 = ORIENTED_EDGE ( 'NONE', *, *, #2291, .F. ) ;
#5473 = EDGE_CURVE ( 'NONE', #1924, #2021, #1065, .T. ) ;
#5474 = FACE_OUTER_BOUND ( 'NONE', #5160, .T. ) ;
#5475 = EDGE_LOOP ( 'NONE', ( #46, #4061, #453, #1111, #3234 ) ) ;
#5476 = ORIENTED_EDGE ( 'NONE', *, *, #1106, .F. ) ;
#5477 = DIRECTION ( 'NONE',  ( 1.000000000000000000, 0.0000000000000000000, 0.0000000000000000000 ) ) ;
#5478 = VECTOR ( 'NONE', #5535, 1000.000000000000000 ) ;
#5479 = CARTESIAN_POINT ( 'NONE',  ( -0.2545666447725047900, 1.399999999999999900, 1.782993675581267000 ) ) ;
#5480 = ORIENTED_EDGE ( 'NONE', *, *, #5410, .F. ) ;
#5481 = EDGE_LOOP ( 'NONE', ( #3798, #5602, #3664, #3760, #4236, #729, #199 ) ) ;
#5482 = CARTESIAN_POINT ( 'NONE',  ( -4.333588469740023500, 1.149999999999999700, -1.840000000000000100 ) ) ;
#5483 = CARTESIAN_POINT ( 'NONE',  ( -0.03724265348677929100, 1.399999999999999900, 1.707724874069994000 ) ) ;
#5484 = CARTESIAN_POINT ( 'NONE',  ( -1.233588469740022600, 1.053589838486225200, 1.599999999999999400 ) ) ;
#5485 = FACE_OUTER_BOUND ( 'NONE', #5700, .T. ) ;
#5486 = CARTESIAN_POINT ( 'NONE',  ( -4.333588469740024400, 1.099999999999999900, -3.924837280924088800E-015 ) ) ;
#5487 = ORIENTED_EDGE ( 'NONE', *, *, #3658, .T. ) ;
#5488 = EDGE_CURVE ( 'NONE', #1255, #811, #2312, .T. ) ;
#5489 = ORIENTED_EDGE ( 'NONE', *, *, #3135, .T. ) ;
#5490 = EDGE_CURVE ( 'NONE', #1138, #2562, #3332, .T. ) ;
#5491 = ADVANCED_FACE ( 'NONE', ( #3198, #4680 ), #2405, .T. ) ;
#5492 = CARTESIAN_POINT ( 'NONE',  ( -4.333588469740023500, 1.399999999999999900, 1.939999999999999500 ) ) ;
#5493 = AXIS2_PLACEMENT_3D ( 'NONE', #3979, #498, #481 ) ;
#5494 = DIRECTION ( 'NONE',  ( 0.7071067811865475700, 0.0000000000000000000, 0.7071067811865475700 ) ) ;
#5495 = APPLICATION_CONTEXT ( 'configuration controlled 3d designs of mechanical parts and assemblies' ) ;
#5496 = VECTOR ( 'NONE', #2189, 1000.000000000000000 ) ;
#5497 = CARTESIAN_POINT ( 'NONE',  ( -1.833588469740023300, 0.7599999999999999000, -0.4999999999999998900 ) ) ;
#5498 = CARTESIAN_POINT ( 'NONE',  ( -0.07244757724769790300, 1.399999999999999700, 1.790862625341461700 ) ) ;
#5499 = CARTESIAN_POINT ( 'NONE',  ( -0.1110244658624456200, 1.390000000000000100, 1.816052474225466500 ) ) ;
#5500 = AXIS2_PLACEMENT_3D ( 'NONE', #3973, #1290, #4440 ) ;
#5501 = VECTOR ( 'NONE', #1690, 1000.000000000000000 ) ;
#5502 = EDGE_CURVE ( 'NONE', #960, #10, #758, .T. ) ;
#5503 = DIRECTION ( 'NONE',  ( -7.228014483236698500E-016, 0.0000000000000000000, -1.000000000000000000 ) ) ;
#5504 = ORIENTED_EDGE ( 'NONE', *, *, #5387, .F. ) ;
#5505 = VECTOR ( 'NONE', #1051, 1000.000000000000000 ) ;
#5506 = ORIENTED_EDGE ( 'NONE', *, *, #3227, .F. ) ;
#5507 = ORIENTED_EDGE ( 'NONE', *, *, #3809, .T. ) ;
#5508 = FACE_OUTER_BOUND ( 'NONE', #3264, .T. ) ;
#5509 = B_SPLINE_CURVE_WITH_KNOTS ( 'NONE', 3,
 ( #1776, #2654, #1793, #4921, #2248, #5374, #2670, #5842, #3122, #370, #3562, #839, #4013, #1333, #4488, #1813, #4933, #2267, #5401 ),
 .UNSPECIFIED., .F., .F.,
 ( 4, 1, 1, 1, 1, 1, 1, 1, 1, 1, 1, 1, 1, 1, 1, 1, 4 ),
 ( 0.0000000000000000000, 0.06196903919174876600, 0.1221290764323361800, 0.1809991241916588400, 0.2401624165448506500, 0.2998647227478911100, 0.3599512670925816800, 0.4217417893803274100, 0.4865456790123973100, 0.5515084714935625200, 0.6149949372340041100, 0.6772396658274378900, 0.7397146797414256800, 0.8030385380943935200, 0.8664872928331481800, 0.9319694797733317800, 1.000000000000000000 ),
 .UNSPECIFIED. ) ;
#5510 = CARTESIAN_POINT ( 'NONE',  ( -1.863588469740023100, 0.7800000000000000300, -0.4999999999999998900 ) ) ;
#5511 = VECTOR ( 'NONE', #1315, 1000.000000000000000 ) ;
#5512 = APPROVAL_STATUS ( 'not_yet_approved' ) ;
#5513 = ADVANCED_FACE ( 'NONE', ( #5466 ), #2855, .F. ) ;
#5514 = CARTESIAN_POINT ( 'NONE',  ( -0.05000000000000037100, 0.0000000000000000000, 0.5000000000000000000 ) ) ;
#5515 = VERTEX_POINT ( 'NONE', #1032 ) ;
#5516 = DIRECTION ( 'NONE',  ( -0.0000000000000000000, 0.0000000000000000000, 1.000000000000000000 ) ) ;
#5517 = CARTESIAN_POINT ( 'NONE',  ( -0.05000000000000016200, -0.0000000000000000000, -0.5000000000000000000 ) ) ;
#5518 = LINE ( 'NONE', #4403, #4154 ) ;
#5519 = DIRECTION ( 'NONE',  ( 9.056783560160114900E-016, 0.0000000000000000000, -1.000000000000000000 ) ) ;
#5520 = VECTOR ( 'NONE', #5519, 1000.000000000000000 ) ;
#5521 = DIRECTION ( 'NONE',  ( -0.0000000000000000000, 1.000000000000000000, -0.0000000000000000000 ) ) ;
#5522 = ORIENTED_EDGE ( 'NONE', *, *, #1328, .T. ) ;
#5523 = VECTOR ( 'NONE', #534, 1000.000000000000000 ) ;
#5524 = EDGE_CURVE ( 'NONE', #323, #1955, #4389, .T. ) ;
#5525 = CARTESIAN_POINT ( 'NONE',  ( -0.1056028649728270200, 1.389999999999999200, 1.588558517808942500 ) ) ;
#5526 = AXIS2_PLACEMENT_3D ( 'NONE', #5529, #3879, #3902 ) ;
#5527 = ORIENTED_EDGE ( 'NONE', *, *, #640, .T. ) ;
#5528 = EDGE_LOOP ( 'NONE', ( #5031, #139, #3438, #3653 ) ) ;
#5529 = CARTESIAN_POINT ( 'NONE',  ( 0.0000000000000000000, 0.0000000000000000000, -0.8500000000000003100 ) ) ;
#5530 = LINE ( 'NONE', #162, #3123 ) ;
#5531 = DIRECTION ( 'NONE',  ( -1.000000000000000000, -0.0000000000000000000, 1.668003342285389800E-016 ) ) ;
#5532 = VECTOR ( 'NONE', #2197, 1000.000000000000000 ) ;
#5533 = ORIENTED_EDGE ( 'NONE', *, *, #4863, .F. ) ;
#5534 = CARTESIAN_POINT ( 'NONE',  ( -3.633588469740027400, 0.9999999999999995600, 1.864999999999993600 ) ) ;
#5535 = DIRECTION ( 'NONE',  ( 0.0000000000000000000, -1.000000000000000000, 0.0000000000000000000 ) ) ;
#5536 = LINE ( 'NONE', #3494, #2988 ) ;
#5537 = PLANE ( 'NONE',  #2155 ) ;
#5538 = FACE_OUTER_BOUND ( 'NONE', #4449, .T. ) ;
#5539 = ORIENTED_EDGE ( 'NONE', *, *, #5473, .T. ) ;
#5540 = CARTESIAN_POINT ( 'NONE',  ( -0.05000000000000016200, -0.05000000000000000300, -0.5000000000000000000 ) ) ;
#5541 = DIRECTION ( 'NONE',  ( 0.0000000000000000000, -0.0000000000000000000, 1.000000000000000000 ) ) ;
#5542 = ORIENTED_EDGE ( 'NONE', *, *, #3512, .T. ) ;
#5543 = VECTOR ( 'NONE', #3349, 1000.000000000000000 ) ;
#5544 = ORIENTED_EDGE ( 'NONE', *, *, #1894, .T. ) ;
#5545 = ADVANCED_FACE ( 'NONE', ( #617 ), #2873, .F. ) ;
#5546 = CARTESIAN_POINT ( 'NONE',  ( 3.252606517456513300E-016, 1.053589838486223500, 0.7000000000000001800 ) ) ;
#5547 = EDGE_CURVE ( 'NONE', #1670, #5552, #5325, .T. ) ;
#5548 = DIRECTION ( 'NONE',  ( -0.8660254037844383700, -0.0000000000000000000, -0.5000000000000004400 ) ) ;
#5549 = LINE ( 'NONE', #5345, #1965 ) ;
#5550 = ORIENTED_EDGE ( 'NONE', *, *, #1667, .T. ) ;
#5551 = AXIS2_PLACEMENT_3D ( 'NONE', #4690, #2007, #5143 ) ;
#5552 = VERTEX_POINT ( 'NONE', #2003 ) ;
#5553 = CARTESIAN_POINT ( 'NONE',  ( -0.1600000000000004500, 1.399999999999999900, -2.100000000000000100 ) ) ;
#5554 = VECTOR ( 'NONE', #3886, 1000.000000000000000 ) ;
#5555 = DIRECTION ( 'NONE',  ( -1.000000000000000000, -1.807003620809174600E-016, -0.0000000000000000000 ) ) ;
#5556 = PLANE ( 'NONE',  #4510 ) ;
#5557 = DIRECTION ( 'NONE',  ( 0.0000000000000000000, -0.0000000000000000000, 1.000000000000000000 ) ) ;
#5558 = DIRECTION ( 'NONE',  ( 0.0000000000000000000, -1.000000000000000000, 0.0000000000000000000 ) ) ;
#5559 = EDGE_CURVE ( 'NONE', #2087, #2694, #2913, .T. ) ;
#5560 = CARTESIAN_POINT ( 'NONE',  ( -4.173588469740022500, 1.399999999999999900, 1.939999999999999500 ) ) ;
#5561 = EDGE_CURVE ( 'NONE', #5552, #4512, #2019, .T. ) ;
#5562 = EDGE_CURVE ( 'NONE', #3221, #2781, #471, .T. ) ;
#5563 = DIRECTION ( 'NONE',  ( 0.0000000000000000000, 0.0000000000000000000, -1.000000000000000000 ) ) ;
#5564 = CARTESIAN_POINT ( 'NONE',  ( -1.833588469740022000, 0.2000000000000000100, 1.299999999999999600 ) ) ;
#5565 = CARTESIAN_POINT ( 'NONE',  ( -1.433588469740023400, 1.399999999999999900, -1.800000000000001600 ) ) ;
#5566 = VECTOR ( 'NONE', #5863, 1000.000000000000000 ) ;
#5567 = DIRECTION ( 'NONE',  ( -1.668003342285389600E-016, 0.0000000000000000000, -1.000000000000000000 ) ) ;
#5568 = VERTEX_POINT ( 'NONE', #5601 ) ;
#5569 = ADVANCED_FACE ( 'NONE', ( #4104 ), #2026, .F. ) ;
#5570 = PLANE ( 'NONE',  #2198 ) ;
#5571 = DIRECTION ( 'NONE',  ( 0.0000000000000000000, 0.0000000000000000000, 1.000000000000000000 ) ) ;
#5572 = ORIENTED_EDGE ( 'NONE', *, *, #750, .T. ) ;
#5573 = CARTESIAN_POINT ( 'NONE',  ( -0.8335884697400231000, 1.399999999999999200, 0.5000000000000016700 ) ) ;
#5574 = DIRECTION ( 'NONE',  ( -0.0000000000000000000, -3.252606517456515700E-015, 1.000000000000000000 ) ) ;
#5575 = EDGE_CURVE ( 'NONE', #3037, #308, #1592, .T. ) ;
#5576 = VERTEX_POINT ( 'NONE', #621 ) ;
#5577 = DIRECTION ( 'NONE',  ( 0.4472135954999583200, -0.7745966692414824100, -0.4472135954999591500 ) ) ;
#5578 = ORIENTED_EDGE ( 'NONE', *, *, #5064, .F. ) ;
#5579 = LINE ( 'NONE', #1926, #3300 ) ;
#5580 = EDGE_CURVE ( 'NONE', #5385, #818, #5177, .T. ) ;
#5581 = FACE_OUTER_BOUND ( 'NONE', #3045, .T. ) ;
#5582 = CARTESIAN_POINT ( 'NONE',  ( -4.033588469740023700, -0.05000000000000000300, -1.600000000000001200 ) ) ;
#5583 = ORIENTED_EDGE ( 'NONE', *, *, #2552, .F. ) ;
#5584 = ORIENTED_EDGE ( 'NONE', *, *, #1430, .F. ) ;
#5585 = LINE ( 'NONE', #2340, #4221 ) ;
#5586 = PLANE ( 'NONE',  #1479 ) ;
#5587 = VECTOR ( 'NONE', #4741, 1000.000000000000100 ) ;
#5588 = ORIENTED_EDGE ( 'NONE', *, *, #280, .T. ) ;
#5589 = EDGE_LOOP ( 'NONE', ( #3580, #319, #1960, #1395, #1269 ) ) ;
#5590 = CARTESIAN_POINT ( 'NONE',  ( -1.626303258728256700E-016, 0.9499999999999999600, 0.8500000000000003100 ) ) ;
#5591 = CYLINDRICAL_SURFACE ( 'NONE', #2064, 0.1499999999999999700 ) ;
#5592 = ADVANCED_FACE ( 'NONE', ( #2637 ), #2397, .T. ) ;
#5593 = DIRECTION ( 'NONE',  ( -1.668003342285389600E-016, 0.0000000000000000000, -1.000000000000000000 ) ) ;
#5594 = EDGE_CURVE ( 'NONE', #4869, #3044, #4893, .T. ) ;
#5595 = CARTESIAN_POINT ( 'NONE',  ( -0.8335884697400231000, 1.053589838486225200, 0.2999999999999977700 ) ) ;
#5596 = EDGE_CURVE ( 'NONE', #3619, #5407, #174, .T. ) ;
#5597 = EDGE_LOOP ( 'NONE', ( #5419, #2406, #4289, #1 ) ) ;
#5598 = CARTESIAN_POINT ( 'NONE',  ( -0.5000000000000000000, 0.04999999999999999600, -2.100000000000000100 ) ) ;
#5599 = CIRCLE ( 'NONE', #5605, 0.04999999999999969700 ) ;
#5600 = DIRECTION ( 'NONE',  ( 0.8660254037844380400, -0.5000000000000010000, 0.0000000000000000000 ) ) ;
#5601 = CARTESIAN_POINT ( 'NONE',  ( -0.4063707419809281500, 1.389999999999999900, 1.643162526408730200 ) ) ;
#5602 = ORIENTED_EDGE ( 'NONE', *, *, #5055, .F. ) ;
#5603 = ORIENTED_EDGE ( 'NONE', *, *, #668, .T. ) ;
#5604 = VECTOR ( 'NONE', #3012, 1000.000000000000000 ) ;
#5605 = AXIS2_PLACEMENT_3D ( 'NONE', #1775, #3766, #748 ) ;
#5606 = DIRECTION ( 'NONE',  ( -1.000000000000000000, 9.486769009248159900E-016, 0.0000000000000000000 ) ) ;
#5607 = VECTOR ( 'NONE', #1970, 1000.000000000000000 ) ;
#5608 = VERTEX_POINT ( 'NONE', #3431 ) ;
#5609 = EDGE_LOOP ( 'NONE', ( #2454, #2590, #5010, #5539, #5042 ) ) ;
#5610 = PERSON_AND_ORGANIZATION ( #1621, #4038 ) ;
#5611 = DIRECTION ( 'NONE',  ( -0.0000000000000000000, 1.000000000000000000, 0.0000000000000000000 ) ) ;
#5612 = VECTOR ( 'NONE', #2600, 1000.000000000000100 ) ;
#5613 = CARTESIAN_POINT ( 'NONE',  ( -0.1600000000000004500, 1.399999999999999900, -2.100000000000000100 ) ) ;
#5614 = ORIENTED_EDGE ( 'NONE', *, *, #3555, .T. ) ;
#5615 = VERTEX_POINT ( 'NONE', #1650 ) ;
#5616 = DIRECTION ( 'NONE',  ( -0.0000000000000000000, -1.000000000000000000, -0.0000000000000000000 ) ) ;
#5617 = EDGE_LOOP ( 'NONE', ( #421, #5229, #4513, #1987 ) ) ;
#5618 = EDGE_CURVE ( 'NONE', #2157, #271, #322, .T. ) ;
#5619 = CARTESIAN_POINT ( 'NONE',  ( -5.898059818321144100E-017, 0.7800000000000000300, -0.6800000000000000500 ) ) ;
#5620 = LINE ( 'NONE', #5510, #770 ) ;
#5621 = DIRECTION ( 'NONE',  ( -0.0000000000000000000, 1.000000000000000000, 0.0000000000000000000 ) ) ;
#5622 = VERTEX_POINT ( 'NONE', #224 ) ;
#5623 = CARTESIAN_POINT ( 'NONE',  ( -0.5335884697400231600, -0.0000000000000000000, -0.2999999999999999900 ) ) ;
#5624 = ORIENTED_EDGE ( 'NONE', *, *, #2346, .T. ) ;
#5625 = DIRECTION ( 'NONE',  ( 0.0000000000000000000, 1.000000000000000000, 3.252606517456515700E-015 ) ) ;
#5626 = EDGE_LOOP ( 'NONE', ( #1147, #3319, #4409, #3491, #2500, #2546, #5117, #5771, #4851, #307, #4904, #2367, #1587 ) ) ;
#5627 = AXIS2_PLACEMENT_3D ( 'NONE', #724, #829, #4999 ) ;
#5628 = VECTOR ( 'NONE', #124, 1000.000000000000000 ) ;
#5629 = DIRECTION ( 'NONE',  ( -0.7297249646783446900, 0.0000000000000000000, -0.6837407958614057900 ) ) ;
#5630 = DIRECTION ( 'NONE',  ( -0.0000000000000000000, -0.0000000000000000000, 1.000000000000000000 ) ) ;
#5631 = DIRECTION ( 'NONE',  ( 0.0000000000000000000, -0.0000000000000000000, 1.000000000000000000 ) ) ;
#5632 = CC_DESIGN_PERSON_AND_ORGANIZATION_ASSIGNMENT ( #2852, #958, ( #1136 ) ) ;
#5633 = CARTESIAN_POINT ( 'NONE',  ( -0.3500000000000000300, 0.1500000000000000200, 0.8500000000000003100 ) ) ;
#5634 = CARTESIAN_POINT ( 'NONE',  ( -3.433588469740024100, -0.0000000000000000000, -1.800000000000000700 ) ) ;
#5635 = CARTESIAN_POINT ( 'NONE',  ( -1.833588469740023100, 0.1999999999999998700, -1.600000000000001000 ) ) ;
#5636 = EDGE_CURVE ( 'NONE', #3998, #883, #5039, .T. ) ;
#5637 = LINE ( 'NONE', #3092, #4426 ) ;
#5638 = CARTESIAN_POINT ( 'NONE',  ( -0.2649107482123400600, 1.390000000000000100, 1.774477918764039800 ) ) ;
#5639 = CARTESIAN_POINT ( 'NONE',  ( -0.03744441746632071900, 1.399999999999999700, 1.716343336316440900 ) ) ;
#5640 = EDGE_CURVE ( 'NONE', #5341, #3598, #1295, .T. ) ;
#5641 = CARTESIAN_POINT ( 'NONE',  ( -0.04626993729857429400, 1.399999999999999700, 1.653047532113084400 ) ) ;
#5642 = FACE_OUTER_BOUND ( 'NONE', #3078, .T. ) ;
#5643 = CARTESIAN_POINT ( 'NONE',  ( -0.2759381534007296900, 1.399999999999999900, 1.764989671523281600 ) ) ;
#5644 = CARTESIAN_POINT ( 'NONE',  ( -1.233588469740023200, 1.053589838486225200, -1.600000000000001400 ) ) ;
#5645 = ORIENTED_EDGE ( 'NONE', *, *, #3708, .F. ) ;
#5646 = VERTEX_POINT ( 'NONE', #250 ) ;
#5647 = CARTESIAN_POINT ( 'NONE',  ( -3.433588469740023600, 1.053589838486225200, 1.299999999999999600 ) ) ;
#5648 = VECTOR ( 'NONE', #1513, 1000.000000000000000 ) ;
#5649 = DIRECTION ( 'NONE',  ( -1.668003342285389600E-016, 0.0000000000000000000, -1.000000000000000000 ) ) ;
#5650 = VERTEX_POINT ( 'NONE', #3009 ) ;
#5651 = DIRECTION ( 'NONE',  ( -5.425358542256708700E-031, -1.000000000000000000, -3.252606517456515700E-015 ) ) ;
#5652 = FACE_OUTER_BOUND ( 'NONE', #22, .T. ) ;
#5653 = CARTESIAN_POINT ( 'NONE',  ( -4.033588469740023700, 0.0000000000000000000, 1.799999999999999600 ) ) ;
#5654 = LINE ( 'NONE', #5356, #2219 ) ;
#5655 = EDGE_CURVE ( 'NONE', #2540, #2383, #1137, .T. ) ;
#5656 = CARTESIAN_POINT ( 'NONE',  ( -4.033588469740023700, -0.05000000000000000300, -1.600000000000001200 ) ) ;
#5657 = CARTESIAN_POINT ( 'NONE',  ( -0.06407571285359615900, 1.389999999999999900, 1.782336135785786100 ) ) ;
#5658 = ORIENTED_EDGE ( 'NONE', *, *, #1561, .T. ) ;
#5659 = VERTEX_POINT ( 'NONE', #3874 ) ;
#5660 = EDGE_CURVE ( 'NONE', #5690, #4538, #4610, .T. ) ;
#5661 = VECTOR ( 'NONE', #2578, 1000.000000000000000 ) ;
#5662 = ADVANCED_FACE ( 'NONE', ( #4752 ), #2149, .F. ) ;
#5663 = AXIS2_PLACEMENT_3D ( 'NONE', #2216, #3091, #342 ) ;
#5664 = CARTESIAN_POINT ( 'NONE',  ( -1.883588469740023100, 0.2000000000000000100, 0.5199999999999999100 ) ) ;
#5665 = EDGE_LOOP ( 'NONE', ( #4645, #3030, #5409, #4002 ) ) ;
#5666 = ORIENTED_EDGE ( 'NONE', *, *, #4844, .T. ) ;
#5667 = CARTESIAN_POINT ( 'NONE',  ( -0.8335884697400229900, 1.053589838486225200, 0.7000000000000009500 ) ) ;
#5668 = VECTOR ( 'NONE', #3309, 1000.000000000000000 ) ;
#5669 = ORIENTED_EDGE ( 'NONE', *, *, #4991, .F. ) ;
#5670 = DIRECTION ( 'NONE',  ( -0.8660254037844383700, -0.0000000000000000000, -0.5000000000000004400 ) ) ;
#5671 = DIRECTION ( 'NONE',  ( -0.0000000000000000000, -1.000000000000000000, -0.0000000000000000000 ) ) ;
#5672 = LINE ( 'NONE', #3289, #823 ) ;
#5673 = EDGE_CURVE ( 'NONE', #5464, #4484, #2236, .T. ) ;
#5674 = EDGE_CURVE ( 'NONE', #3357, #4758, #2365, .T. ) ;
#5675 = LINE ( 'NONE', #1711, #825 ) ;
#5676 = EDGE_LOOP ( 'NONE', ( #3975, #5415, #3864 ) ) ;
#5677 = CARTESIAN_POINT ( 'NONE',  ( -0.5000000000000000000, 1.389999999999999900, 1.439999999999999500 ) ) ;
#5678 = ORIENTED_EDGE ( 'NONE', *, *, #1180, .F. ) ;
#5679 = CARTESIAN_POINT ( 'NONE',  ( -4.333588469740024400, 1.200000000000000600, -1.710296673294108000E-015 ) ) ;
#5680 = CARTESIAN_POINT ( 'NONE',  ( -0.05000000000000007200, -0.05000000000000000300, -0.6999999999999998400 ) ) ;
#5681 = CARTESIAN_POINT ( 'NONE',  ( -0.1328094065715128800, 1.399999999999999900, 1.822296399593294400 ) ) ;
#5682 = DIRECTION ( 'NONE',  ( 0.0000000000000000000, -0.0000000000000000000, 1.000000000000000000 ) ) ;
#5683 = LINE ( 'NONE', #487, #1953 ) ;
#5684 = EDGE_LOOP ( 'NONE', ( #3056, #2100, #743, #5544 ) ) ;
#5685 = LINE ( 'NONE', #873, #2093 ) ;
#5686 = CARTESIAN_POINT ( 'NONE',  ( 0.0000000000000000000, 1.053589838486225200, 0.0000000000000000000 ) ) ;
#5687 = ORIENTED_EDGE ( 'NONE', *, *, #3702, .F. ) ;
#5688 = LINE ( 'NONE', #2015, #2252 ) ;
#5689 = VERTEX_POINT ( 'NONE', #5297 ) ;
#5690 = VERTEX_POINT ( 'NONE', #2176 ) ;
#5691 = FACE_OUTER_BOUND ( 'NONE', #1582, .T. ) ;
#5692 = DIRECTION ( 'NONE',  ( 0.0000000000000000000, -1.000000000000000000, 0.0000000000000000000 ) ) ;
#5693 = AXIS2_PLACEMENT_3D ( 'NONE', #5613, #4246, #1577 ) ;
#5694 = ORIENTED_EDGE ( 'NONE', *, *, #1407, .F. ) ;
#5695 = EDGE_CURVE ( 'NONE', #2826, #5737, #5675, .T. ) ;
#5696 = DIRECTION ( 'NONE',  ( -1.000000000000000000, 0.0000000000000000000, 0.0000000000000000000 ) ) ;
#5697 = ADVANCED_FACE ( 'NONE', ( #3263 ), #715, .T. ) ;
#5698 = CARTESIAN_POINT ( 'NONE',  ( -3.633588469740023800, 0.0000000000000000000, -1.865000000000000200 ) ) ;
#5699 = EDGE_CURVE ( 'NONE', #2651, #4724, #4306, .T. ) ;
#5700 = EDGE_LOOP ( 'NONE', ( #1231, #754, #4774, #2042 ) ) ;
#5701 = CARTESIAN_POINT ( 'NONE',  ( -0.2818515112116973800, 1.389999999999999900, 1.712633680254884000 ) ) ;
#5702 = LINE ( 'NONE', #4783, #4494 ) ;
#5703 = CARTESIAN_POINT ( 'NONE',  ( -3.633588469740023800, 1.199999999999999700, -1.840000000000000100 ) ) ;
#5704 = CARTESIAN_POINT ( 'NONE',  ( -3.633588469740027400, -1.617629641348382700E-014, 1.864999999999984900 ) ) ;
#5705 = CARTESIAN_POINT ( 'NONE',  ( -1.883588469740023100, 0.7299999999999999800, -0.6799999999999998300 ) ) ;
#5706 = LINE ( 'NONE', #5853, #2124 ) ;
#5707 = EDGE_CURVE ( 'NONE', #4598, #3281, #976, .T. ) ;
#5708 = CARTESIAN_POINT ( 'NONE',  ( -1.833588469740023100, 0.2000000000000000100, -1.300000000000001200 ) ) ;
#5709 = CARTESIAN_POINT ( 'NONE',  ( -0.1669135870580006600, 1.389999999999999900, 1.609131063929386500 ) ) ;
#5710 = PLANE ( 'NONE',  #2882 ) ;
#5711 = LINE ( 'NONE', #1077, #863 ) ;
#5712 = CARTESIAN_POINT ( 'NONE',  ( -0.3500000000000000300, 0.1500000000000000200, -0.8500000000000003100 ) ) ;
#5713 = CARTESIAN_POINT ( 'NONE',  ( -4.033588469740023700, -0.05000000000000000300, 1.799999999999999600 ) ) ;
#5714 = DIRECTION ( 'NONE',  ( 0.0000000000000000000, -0.0000000000000000000, 1.000000000000000000 ) ) ;
#5715 = ORIENTED_EDGE ( 'NONE', *, *, #440, .T. ) ;
#5716 = CARTESIAN_POINT ( 'NONE',  ( -0.8335884697400231000, 0.8535898384862247200, 0.2999999999999959400 ) ) ;
#5717 = CARTESIAN_POINT ( 'NONE',  ( -4.333588469740023500, 0.9999999999999995600, -1.540000000000000700 ) ) ;
#5718 = DIRECTION ( 'NONE',  ( -0.4472135954999582600, -0.7745966692414811800, -0.4472135954999612600 ) ) ;
#5719 = VERTEX_POINT ( 'NONE', #5323 ) ;
#5720 = AXIS2_PLACEMENT_3D ( 'NONE', #3646, #5621, #991 ) ;
#5721 = ORIENTED_EDGE ( 'NONE', *, *, #4631, .T. ) ;
#5722 = ORIENTED_EDGE ( 'NONE', *, *, #4973, .F. ) ;
#5723 = ADVANCED_FACE ( 'NONE', ( #682 ), #5790, .T. ) ;
#5724 = ORIENTED_EDGE ( 'NONE', *, *, #2629, .F. ) ;
#5725 = VECTOR ( 'NONE', #1403, 1000.000000000000000 ) ;
#5726 = CARTESIAN_POINT ( 'NONE',  ( -1.883588469740023100, 0.2000000000000000100, 0.4999999999999998900 ) ) ;
#5727 = LINE ( 'NONE', #1337, #222 ) ;
#5728 = AXIS2_PLACEMENT_3D ( 'NONE', #4249, #1580, #4716 ) ;
#5729 = VERTEX_POINT ( 'NONE', #3068 ) ;
#5730 = ORIENTED_EDGE ( 'NONE', *, *, #2725, .F. ) ;
#5731 = CARTESIAN_POINT ( 'NONE',  ( -0.8335884697400231000, 1.399999999999999900, -0.5000000000000000000 ) ) ;
#5732 = VECTOR ( 'NONE', #1850, 1000.000000000000000 ) ;
#5733 = CARTESIAN_POINT ( 'NONE',  ( -0.1498885135527905900, 1.389999999999999900, 1.611744067743366800 ) ) ;
#5734 = LINE ( 'NONE', #3788, #3308 ) ;
#5735 = CARTESIAN_POINT ( 'NONE',  ( -4.333588469740023500, 1.952080447824565000, 1.840000000000000100 ) ) ;
#5736 = CARTESIAN_POINT ( 'NONE',  ( -3.633588469740027400, 0.0000000000000000000, 2.099999999999993900 ) ) ;
#5737 = VERTEX_POINT ( 'NONE', #1758 ) ;
#5738 = ORIENTED_EDGE ( 'NONE', *, *, #1014, .T. ) ;
#5739 = CARTESIAN_POINT ( 'NONE',  ( -1.883588469740023100, 0.2000000000000000100, 0.6799999999999998300 ) ) ;
#5740 = LINE ( 'NONE', #3957, #1047 ) ;
#5741 = CARTESIAN_POINT ( 'NONE',  ( -0.07840773910050027900, 1.399999999999999700, 1.692224660992755400 ) ) ;
#5742 = CARTESIAN_POINT ( 'NONE',  ( -3.683588469740026300, 0.1499999999999999900, 1.850000000000000300 ) ) ;
#5743 = CARTESIAN_POINT ( 'NONE',  ( -1.833588469740023300, 0.7599999999999999000, -0.4999999999999998900 ) ) ;
#5744 = EDGE_LOOP ( 'NONE', ( #4779, #4803, #1870, #942 ) ) ;
#5745 = VERTEX_POINT ( 'NONE', #3952 ) ;
#5746 = LINE ( 'NONE', #5149, #4671 ) ;
#5747 = AXIS2_PLACEMENT_3D ( 'NONE', #3489, #756, #3931 ) ;
#5748 = DIRECTION ( 'NONE',  ( -0.0000000000000000000, -1.000000000000000000, -0.0000000000000000000 ) ) ;
#5749 = ORIENTED_EDGE ( 'NONE', *, *, #5136, .F. ) ;
#5750 = DIRECTION ( 'NONE',  ( 0.0000000000000000000, 0.0000000000000000000, 1.000000000000000000 ) ) ;
#5751 = VECTOR ( 'NONE', #1956, 999.9999999999998900 ) ;
#5752 = CARTESIAN_POINT ( 'NONE',  ( -4.510281037539700300E-017, 0.7800000000000000300, 0.5200000000000001300 ) ) ;
#5753 = CIRCLE ( 'NONE', #857, 0.04999999999999991300 ) ;
#5754 = EDGE_LOOP ( 'NONE', ( #1311, #4696, #654, #2915 ) ) ;
#5755 = PERSON_AND_ORGANIZATION ( #1621, #4038 ) ;
#5756 = DIRECTION ( 'NONE',  ( -4.743384504624085800E-016, -0.0000000000000000000, 1.000000000000000000 ) ) ;
#5757 = EDGE_CURVE ( 'NONE', #1410, #2169, #3128, .T. ) ;
#5758 = DIRECTION ( 'NONE',  ( -0.7296913851534246900, 0.0000000000000000000, -0.6837766319733927800 ) ) ;
#5759 = ADVANCED_FACE ( 'NONE', ( #4168 ), #5244, .T. ) ;
#5760 = DIRECTION ( 'NONE',  ( -6.572626369475070200E-015, -0.5000000000000010000, 0.8660254037844380400 ) ) ;
#5761 = EDGE_CURVE ( 'NONE', #4930, #5019, #2085, .T. ) ;
#5762 = ORIENTED_EDGE ( 'NONE', *, *, #4541, .T. ) ;
#5763 = CARTESIAN_POINT ( 'NONE',  ( -0.07816561377579997500, 1.399999999999999900, 1.701495859742063500 ) ) ;
#5764 = CARTESIAN_POINT ( 'NONE',  ( -1.343274304430319300, 1.053589838486225000, 1.299999999999999600 ) ) ;
#5765 = VECTOR ( 'NONE', #282, 1000.000000000000000 ) ;
#5766 = DIRECTION ( 'NONE',  ( -0.0000000000000000000, 1.000000000000000000, -0.0000000000000000000 ) ) ;
#5767 = ORIENTED_EDGE ( 'NONE', *, *, #790, .T. ) ;
#5768 = CARTESIAN_POINT ( 'NONE',  ( -0.1498885135527905900, 1.399999999999999900, 1.611744067743366800 ) ) ;
#5769 = ORIENTED_EDGE ( 'NONE', *, *, #5640, .T. ) ;
#5770 = CARTESIAN_POINT ( 'NONE',  ( -3.733588469740024300, -0.05000000000000000300, 1.599999999999999400 ) ) ;
#5771 = ORIENTED_EDGE ( 'NONE', *, *, #852, .T. ) ;
#5772 = VECTOR ( 'NONE', #1905, 1000.000000000000000 ) ;
#5773 = EDGE_LOOP ( 'NONE', ( #4880, #1091, #3705, #805 ) ) ;
#5774 = ORIENTED_EDGE ( 'NONE', *, *, #4250, .F. ) ;
#5775 = DIRECTION ( 'NONE',  ( -0.0000000000000000000, -1.000000000000000000, -0.0000000000000000000 ) ) ;
#5776 = ORIENTED_EDGE ( 'NONE', *, *, #1583, .T. ) ;
#5777 = CARTESIAN_POINT ( 'NONE',  ( -1.833588469740022400, 1.053589838486225200, 1.599999999999999000 ) ) ;
#5778 = VECTOR ( 'NONE', #5577, 1000.000000000000000 ) ;
#5779 = ORIENTED_EDGE ( 'NONE', *, *, #35, .F. ) ;
#5780 = VERTEX_POINT ( 'NONE', #4441 ) ;
#5781 = CARTESIAN_POINT ( 'NONE',  ( -0.07840095965502143200, 1.400000000000000600, 1.710369127753218500 ) ) ;
#5782 = EDGE_CURVE ( 'NONE', #897, #2562, #2842, .T. ) ;
#5783 = DIRECTION ( 'NONE',  ( 1.000000000000000000, -0.0000000000000000000, 0.0000000000000000000 ) ) ;
#5784 = DIRECTION ( 'NONE',  ( 1.000000000000000000, -0.0000000000000000000, 7.589415207398534200E-015 ) ) ;
#5785 = EDGE_LOOP ( 'NONE', ( #1634, #1216, #1005, #1607 ) ) ;
#5786 = EDGE_CURVE ( 'NONE', #366, #2536, #1816, .T. ) ;
#5787 = DIRECTION ( 'NONE',  ( 6.133173666733487900E-017, 0.7071067811865484600, 0.7071067811865465700 ) ) ;
#5788 = DIRECTION ( 'NONE',  ( -3.129822080702414200E-016, -0.5000000000000010000, -0.8660254037844380400 ) ) ;
#5789 = DIRECTION ( 'NONE',  ( 9.227252531791543900E-016, 0.0000000000000000000, -1.000000000000000000 ) ) ;
#5790 = PLANE ( 'NONE',  #435 ) ;
#5791 = CARTESIAN_POINT ( 'NONE',  ( -4.033588469740023700, -0.05000000000000000300, -1.800000000000001200 ) ) ;
#5792 = CARTESIAN_POINT ( 'NONE',  ( -0.8335884697400228700, 1.399999999999999900, 1.599999999999999200 ) ) ;
#5793 = FACE_OUTER_BOUND ( 'NONE', #3982, .T. ) ;
#5794 = ADVANCED_FACE ( 'NONE', ( #3961 ), #1777, .F. ) ;
#5795 = CARTESIAN_POINT ( 'NONE',  ( -0.1296849256019812500, 1.399999999999999700, 1.578812710670445700 ) ) ;
#5796 = EDGE_CURVE ( 'NONE', #4695, #4379, #2784, .T. ) ;
#5797 = LINE ( 'NONE', #796, #1108 ) ;
#5798 = EDGE_CURVE ( 'NONE', #636, #2162, #536, .T. ) ;
#5799 = DIRECTION ( 'NONE',  ( 1.355252715606881800E-016, 0.0000000000000000000, 1.000000000000000000 ) ) ;
#5800 = CARTESIAN_POINT ( 'NONE',  ( -0.5335884697400231600, 1.053589838486225200, 0.3000000000000000400 ) ) ;
#5801 = DIRECTION ( 'NONE',  ( 0.8660254037844387100, -0.0000000000000000000, -0.4999999999999997200 ) ) ;
#5802 = CARTESIAN_POINT ( 'NONE',  ( 0.0000000000000000000, 0.0000000000000000000, -1.850000000000000300 ) ) ;
#5803 = ORIENTED_EDGE ( 'NONE', *, *, #3239, .F. ) ;
#5804 = VECTOR ( 'NONE', #2883, 1000.000000000000100 ) ;
#5805 = DIRECTION ( 'NONE',  ( -1.000000000000000000, 0.0000000000000000000, 0.0000000000000000000 ) ) ;
#5806 = DIRECTION ( 'NONE',  ( 1.000000000000000000, 0.0000000000000000000, 0.0000000000000000000 ) ) ;
#5807 = ORIENTED_EDGE ( 'NONE', *, *, #5342, .T. ) ;
#5808 = CARTESIAN_POINT ( 'NONE',  ( -4.033588469740023700, -0.05000000000000000300, 1.799999999999999600 ) ) ;
#5809 = FACE_OUTER_BOUND ( 'NONE', #2150, .T. ) ;
#5810 = CYLINDRICAL_SURFACE ( 'NONE', #2808, 0.1600000000000002000 ) ;
#5811 = EDGE_LOOP ( 'NONE', ( #1596, #2290, #3292, #1633 ) ) ;
#5812 = ORIENTED_EDGE ( 'NONE', *, *, #4764, .T. ) ;
#5813 = LINE ( 'NONE', #1206, #5661 ) ;
#5814 = ORIENTED_EDGE ( 'NONE', *, *, #4160, .F. ) ;
#5815 = EDGE_CURVE ( 'NONE', #5319, #33, #479, .T. ) ;
#5816 = DIRECTION ( 'NONE',  ( 1.000000000000000000, 0.0000000000000000000, -0.0000000000000000000 ) ) ;
#5817 = CARTESIAN_POINT ( 'NONE',  ( -0.1086953068308881000, 1.390000000000000300, 1.631657564563290500 ) ) ;
#5818 = LINE ( 'NONE', #4021, #2232 ) ;
#5819 = DIRECTION ( 'NONE',  ( -0.6837407958614059000, 0.0000000000000000000, 0.7297249646783446900 ) ) ;
#5820 = ADVANCED_FACE ( 'NONE', ( #2643 ), #5376, .F. ) ;
#5821 = ORIENTED_EDGE ( 'NONE', *, *, #5473, .F. ) ;
#5822 = CARTESIAN_POINT ( 'NONE',  ( -4.333588469740023500, 0.9999999999999995600, 1.565000000000000200 ) ) ;
#5823 = CARTESIAN_POINT ( 'NONE',  ( -3.633588469740023800, 1.199999999999999700, 1.840000000000000100 ) ) ;
#5824 = FACE_BOUND ( 'NONE', #5088, .T. ) ;
#5825 = CARTESIAN_POINT ( 'NONE',  ( -0.2995598445450307600, 1.399999999999999900, 1.743242654613858400 ) ) ;
#5826 = VECTOR ( 'NONE', #3469, 1000.000000000000000 ) ;
#5827 = ORIENTED_EDGE ( 'NONE', *, *, #4679, .T. ) ;
#5828 = ORIENTED_EDGE ( 'NONE', *, *, #1753, .T. ) ;
#5829 = FACE_OUTER_BOUND ( 'NONE', #2954, .T. ) ;
#5830 = LINE ( 'NONE', #442, #1146 ) ;
#5831 = EDGE_LOOP ( 'NONE', ( #5169, #4384, #404, #2724 ) ) ;
#5832 = FACE_OUTER_BOUND ( 'NONE', #5293, .T. ) ;
#5833 = VERTEX_POINT ( 'NONE', #371 ) ;
#5834 = DIRECTION ( 'NONE',  ( 0.7071067811865483500, 0.0000000000000000000, 0.7071067811865468000 ) ) ;
#5835 = LINE ( 'NONE', #1071, #843 ) ;
#5836 = DIRECTION ( 'NONE',  ( 0.7071067811865475700, 0.0000000000000000000, -0.7071067811865475700 ) ) ;
#5837 = DIRECTION ( 'NONE',  ( -1.000000000000000000, -0.0000000000000000000, 0.0000000000000000000 ) ) ;
#5838 = CARTESIAN_POINT ( 'NONE',  ( -3.433588469740023600, 0.2000000000000000100, 1.599999999999999000 ) ) ;
#5839 = EDGE_CURVE ( 'NONE', #972, #5464, #1600, .T. ) ;
#5840 = DIRECTION ( 'NONE',  ( -0.0000000000000000000, -1.000000000000000000, -0.0000000000000000000 ) ) ;
#5841 = VECTOR ( 'NONE', #2148, 1000.000000000000000 ) ;
#5842 = CARTESIAN_POINT ( 'NONE',  ( -0.1145818012594860700, 1.389999999999999900, 1.774131029755084700 ) ) ;
#5843 = DIRECTION ( 'NONE',  ( 0.0000000000000000000, -1.000000000000000000, 0.0000000000000000000 ) ) ;
#5844 = ORIENTED_EDGE ( 'NONE', *, *, #1770, .T. ) ;
#5845 = ORIENTED_EDGE ( 'NONE', *, *, #3844, .F. ) ;
#5846 = CARTESIAN_POINT ( 'NONE',  ( -0.3500000000000001400, 0.9499999999999999600, -0.8500000000000003100 ) ) ;
#5847 = CARTESIAN_POINT ( 'NONE',  ( -0.1086953068308881000, 1.400000000000000400, 1.631657564563290500 ) ) ;
#5848 = AXIS2_PLACEMENT_3D ( 'NONE', #4922, #2251, #5380 ) ;
#5849 = ADVANCED_FACE ( 'NONE', ( #3816 ), #5858, .F. ) ;
#5850 = ORIENTED_EDGE ( 'NONE', *, *, #2800, .T. ) ;
#5851 = DIRECTION ( 'NONE',  ( -1.000000000000000000, 0.0000000000000000000, 1.668003342285389600E-016 ) ) ;
#5852 = DIRECTION ( 'NONE',  ( -3.614007241618351500E-015, 0.0000000000000000000, -1.000000000000000000 ) ) ;
#5853 = CARTESIAN_POINT ( 'NONE',  ( -0.8335884697400231000, 1.053589838486225200, -0.2999999999999999900 ) ) ;
#5854 = FACE_OUTER_BOUND ( 'NONE', #5754, .T. ) ;
#5855 = EDGE_CURVE ( 'NONE', #5385, #432, #1451, .T. ) ;
#5856 = CARTESIAN_POINT ( 'NONE',  ( -0.2703364257972971600, 1.400000000000000100, 1.723666017156627600 ) ) ;
#5857 = CARTESIAN_POINT ( 'NONE',  ( -0.6335884697400231400, 0.2000000000000000100, 0.5000000000000000000 ) ) ;
#5858 = PLANE ( 'NONE',  #2896 ) ;
#5859 = CIRCLE ( 'NONE', #4199, 0.04999999999999991300 ) ;
#5860 = AXIS2_PLACEMENT_3D ( 'NONE', #3795, #1107, #4263 ) ;
#5861 = DIRECTION ( 'NONE',  ( 0.0000000000000000000, 0.0000000000000000000, -1.000000000000000000 ) ) ;
#5862 = PLANE ( 'NONE',  #529 ) ;
#5863 = DIRECTION ( 'NONE',  ( 1.668003342285389800E-016, 0.0000000000000000000, 1.000000000000000000 ) ) ;
#5864 = CARTESIAN_POINT ( 'NONE',  ( -0.1599686211578302000, 1.389999999999999500, 1.609801301200728000 ) ) ;
#5865 = CARTESIAN_POINT ( 'NONE',  ( -0.4000000000000001300, -0.05000000000000000300, -0.5000000000000002200 ) ) ;
#5866 = ORIENTED_EDGE ( 'NONE', *, *, #2908, .F. ) ;
#5867 = EDGE_CURVE ( 'NONE', #461, #1969, #332, .T. ) ;
#5868 = VERTEX_POINT ( 'NONE', #1359 ) ;
#5869 = EDGE_CURVE ( 'NONE', #20, #2162, #2501, .T. ) ;
#5870 = CARTESIAN_POINT ( 'NONE',  ( -4.333588469740026200, 1.199999999999996800, 1.939999999999999300 ) ) ;
#5871 = ORIENTED_EDGE ( 'NONE', *, *, #5798, .T. ) ;
#5872 = VECTOR ( 'NONE', #4063, 1000.000000000000000 ) ;
#5873 = CARTESIAN_POINT ( 'NONE',  ( -0.07824505431470418800, 1.399999999999999900, 1.704491013916759700 ) ) ;
#5874 = LINE ( 'NONE', #842, #4519 ) ;
#5875 = EDGE_CURVE ( 'NONE', #289, #2512, #3670, .T. ) ;
#5876 = ADVANCED_FACE ( 'NONE', ( #5832 ), #417, .T. ) ;
#5877 = ORIENTED_EDGE ( 'NONE', *, *, #1623, .T. ) ;
#5878 = ORIENTED_EDGE ( 'NONE', *, *, #3939, .T. ) ;
#5879 = LINE ( 'NONE', #4963, #3452 ) ;
#5880 = CARTESIAN_POINT ( 'NONE',  ( -0.5000000000000000000, 0.1499999999999999900, 2.100000000000000100 ) ) ;
#5881 = LINE ( 'NONE', #2475, #4657 ) ;
#5882 = DIRECTION ( 'NONE',  ( -0.0000000000000000000, -1.000000000000000000, -0.0000000000000000000 ) ) ;
#5883 = ORIENTED_EDGE ( 'NONE', *, *, #3352, .T. ) ;
#5884 = CARTESIAN_POINT ( 'NONE',  ( -3.733588469740024300, -0.05000000000000000300, 1.799999999999999600 ) ) ;
#5885 = ORIENTED_EDGE ( 'NONE', *, *, #3833, .F. ) ;
#5886 = CARTESIAN_POINT ( 'NONE',  ( -3.633588469740023800, 0.9999999999999995600, 1.840000000000000100 ) ) ;
#5887 = VECTOR ( 'NONE', #4751, 1000.000000000000000 ) ;
#5888 = CARTESIAN_POINT ( 'NONE',  ( -0.4000000000000001300, -0.05000000000000000300, -0.5000000000000002200 ) ) ;
#5889 = DIRECTION ( 'NONE',  ( 9.056783560160114900E-016, 0.0000000000000000000, -1.000000000000000000 ) ) ;
#5890 = ORIENTED_EDGE ( 'NONE', *, *, #2186, .T. ) ;
#5891 = ORIENTED_EDGE ( 'NONE', *, *, #5058, .F. ) ;
#5892 = VECTOR ( 'NONE', #428, 1000.000000000000200 ) ;
#5893 = EDGE_CURVE ( 'NONE', #3714, #1174, #1148, .T. ) ;
#5894 = ORIENTED_EDGE ( 'NONE', *, *, #5161, .T. ) ;
#5895 = EDGE_CURVE ( 'NONE', #657, #3250, #4618, .T. ) ;
#5896 = ORIENTED_EDGE ( 'NONE', *, *, #5271, .F. ) ;
#5897 = FACE_OUTER_BOUND ( 'NONE', #3793, .T. ) ;
#5898 = FACE_OUTER_BOUND ( 'NONE', #331, .T. ) ;
#5899 = ORIENTED_EDGE ( 'NONE', *, *, #1935, .T. ) ;
#5900 = CALENDAR_DATE ( 2017, 3, 4 ) ;
#5901 = CARTESIAN_POINT ( 'NONE',  ( -0.8335884697400231000, 0.7800000000000001400, 0.5200000000000001300 ) ) ;
#5902 = DIRECTION ( 'NONE',  ( -1.000000000000000000, 0.0000000000000000000, -3.097720492815727200E-016 ) ) ;
#5903 = DIRECTION ( 'NONE',  ( 1.000000000000000000, 0.0000000000000000000, -3.614007241618349300E-016 ) ) ;
#5904 = VECTOR ( 'NONE', #2161, 1000.000000000000000 ) ;
#5905 = ORIENTED_EDGE ( 'NONE', *, *, #5212, .F. ) ;
#5906 = DIRECTION ( 'NONE',  ( -0.0000000000000000000, -0.0000000000000000000, 1.000000000000000000 ) ) ;
#5907 = DIRECTION ( 'NONE',  ( 0.0000000000000000000, 1.000000000000000000, 0.0000000000000000000 ) ) ;
#5908 = ADVANCED_FACE ( 'NONE', ( #989 ), #433, .F. ) ;
#5909 = EDGE_LOOP ( 'NONE', ( #1708, #73, #3857, #2731, #3105 ) ) ;
#5910 = EDGE_CURVE ( 'NONE', #5074, #343, #4477, .T. ) ;
#5911 = EDGE_CURVE ( 'NONE', #3464, #4979, #5685, .T. ) ;
#5912 = ORIENTED_EDGE ( 'NONE', *, *, #779, .F. ) ;
#5913 = FACE_OUTER_BOUND ( 'NONE', #2199, .T. ) ;
#5914 = VERTEX_POINT ( 'NONE', #5459 ) ;
#5915 = ORIENTED_EDGE ( 'NONE', *, *, #2743, .F. ) ;
#5916 = DIRECTION ( 'NONE',  ( 1.000000000000000000, 0.0000000000000000000, 8.673617379884035500E-017 ) ) ;
#5917 = CARTESIAN_POINT ( 'NONE',  ( -0.6335884697400225900, 1.399999999999999900, 1.799999999999999400 ) ) ;
#5918 = LINE ( 'NONE', #3986, #2450 ) ;
#5919 = AXIS2_PLACEMENT_3D ( 'NONE', #5802, #4842, #5317 ) ;
#5920 = CARTESIAN_POINT ( 'NONE',  ( -4.333588469740023500, 1.399999999999999900, 1.000000000000000700 ) ) ;
#5921 = CARTESIAN_POINT ( 'NONE',  ( 3.252606517456513300E-016, 1.053589838486223900, 0.5000000000000003300 ) ) ;
#5922 = CARTESIAN_POINT ( 'NONE',  ( -1.863588469740023100, 0.2000000000000000100, 0.4999999999999998900 ) ) ;
#5923 = AXIS2_PLACEMENT_3D ( 'NONE', #2652, #5819, #3093 ) ;
#5924 = EDGE_CURVE ( 'NONE', #1736, #4314, #1700, .T. ) ;
#5925 = CARTESIAN_POINT ( 'NONE',  ( -0.2995598445450307600, 1.399999999999999900, 1.743242654613858400 ) ) ;
#5926 = LINE ( 'NONE', #2937, #2207 ) ;
ENDSEC;
END-ISO-10303-21;
