ISO-10303-21;
HEADER;
FILE_DESCRIPTION((''),'2;1');
FILE_NAME('TSTPHW','2021-01-05T',('Administrator'),(''),
'CREO PARAMETRIC BY PTC INC, 2014500','CREO PARAMETRIC BY PTC INC, 2014500','');
FILE_SCHEMA(('CONFIG_CONTROL_DESIGN'));
ENDSEC;
DATA;
#1=CARTESIAN_POINT('',(2.9E0,0.E0,2.8E0));
#2=DIRECTION('',(0.E0,-1.E0,0.E0));
#3=DIRECTION('',(1.E0,0.E0,0.E0));
#4=AXIS2_PLACEMENT_3D('',#1,#2,#3);
#6=DIRECTION('',(0.E0,0.E0,-1.E0));
#7=VECTOR('',#6,2.05E0);
#8=CARTESIAN_POINT('',(3.1E0,0.E0,2.8E0));
#9=LINE('',#8,#7);
#10=DIRECTION('',(1.E0,0.E0,0.E0));
#11=VECTOR('',#10,6.2E0);
#12=CARTESIAN_POINT('',(-3.1E0,0.E0,7.5E-1));
#13=LINE('',#12,#11);
#14=DIRECTION('',(0.E0,0.E0,1.E0));
#15=VECTOR('',#14,2.05E0);
#16=CARTESIAN_POINT('',(-3.1E0,0.E0,7.5E-1));
#17=LINE('',#16,#15);
#18=CARTESIAN_POINT('',(-2.9E0,0.E0,2.8E0));
#19=DIRECTION('',(0.E0,-1.E0,0.E0));
#20=DIRECTION('',(0.E0,0.E0,1.E0));
#21=AXIS2_PLACEMENT_3D('',#18,#19,#20);
#23=DIRECTION('',(1.E0,0.E0,0.E0));
#24=VECTOR('',#23,5.8E0);
#25=CARTESIAN_POINT('',(-2.9E0,0.E0,3.E0));
#26=LINE('',#25,#24);
#27=CARTESIAN_POINT('',(2.9E0,1.8E0,2.8E0));
#28=DIRECTION('',(0.E0,-1.E0,0.E0));
#29=DIRECTION('',(1.E0,0.E0,0.E0));
#30=AXIS2_PLACEMENT_3D('',#27,#28,#29);
#32=DIRECTION('',(0.E0,0.E0,-1.E0));
#33=VECTOR('',#32,5.E-2);
#34=CARTESIAN_POINT('',(1.2E0,1.8E0,3.05E0));
#35=LINE('',#34,#33);
#36=DIRECTION('',(-1.E0,0.E0,0.E0));
#37=VECTOR('',#36,1.95E0);
#38=CARTESIAN_POINT('',(3.15E0,1.8E0,3.05E0));
#39=LINE('',#38,#37);
#40=DIRECTION('',(0.E0,0.E0,-1.E0));
#41=VECTOR('',#40,6.1E0);
#42=CARTESIAN_POINT('',(3.15E0,1.8E0,3.05E0));
#43=LINE('',#42,#41);
#44=DIRECTION('',(1.E0,0.E0,0.E0));
#45=VECTOR('',#44,1.95E0);
#46=CARTESIAN_POINT('',(1.2E0,1.8E0,-3.05E0));
#47=LINE('',#46,#45);
#48=DIRECTION('',(0.E0,0.E0,1.E0));
#49=VECTOR('',#48,5.E-2);
#50=CARTESIAN_POINT('',(1.2E0,1.8E0,-3.05E0));
#51=LINE('',#50,#49);
#52=DIRECTION('',(1.E0,0.E0,0.E0));
#53=VECTOR('',#52,1.7E0);
#54=CARTESIAN_POINT('',(1.2E0,1.8E0,3.E0));
#55=LINE('',#54,#53);
#56=DIRECTION('',(0.E0,-1.E0,0.E0));
#57=VECTOR('',#56,1.8E0);
#58=CARTESIAN_POINT('',(2.9E0,1.8E0,3.E0));
#59=LINE('',#58,#57);
#60=DIRECTION('',(0.E0,-1.E0,0.E0));
#61=VECTOR('',#60,1.8E0);
#62=CARTESIAN_POINT('',(-2.9E0,1.8E0,3.E0));
#63=LINE('',#62,#61);
#64=DIRECTION('',(1.E0,0.E0,0.E0));
#65=VECTOR('',#64,1.7E0);
#66=CARTESIAN_POINT('',(-2.9E0,1.8E0,3.E0));
#67=LINE('',#66,#65);
#68=DIRECTION('',(0.E0,-1.E0,0.E0));
#69=VECTOR('',#68,8.5E-1);
#70=CARTESIAN_POINT('',(-1.15E0,1.75E0,3.E0));
#71=LINE('',#70,#69);
#72=DIRECTION('',(1.E0,0.E0,0.E0));
#73=VECTOR('',#72,2.3E0);
#74=CARTESIAN_POINT('',(-1.15E0,9.E-1,3.E0));
#75=LINE('',#74,#73);
#76=DIRECTION('',(0.E0,-1.E0,0.E0));
#77=VECTOR('',#76,8.5E-1);
#78=CARTESIAN_POINT('',(1.15E0,1.75E0,3.E0));
#79=LINE('',#78,#77);
#80=DIRECTION('',(1.E0,0.E0,0.E0));
#81=VECTOR('',#80,2.3E0);
#82=CARTESIAN_POINT('',(-1.15E0,1.75E0,3.E0));
#83=LINE('',#82,#81);
#84=DIRECTION('',(0.E0,0.E0,-1.E0));
#85=VECTOR('',#84,5.E-2);
#86=CARTESIAN_POINT('',(-1.2E0,1.8E0,3.E0));
#87=LINE('',#86,#85);
#88=DIRECTION('',(1.E0,0.E0,0.E0));
#89=VECTOR('',#88,2.4E0);
#90=CARTESIAN_POINT('',(-1.2E0,1.8E0,2.95E0));
#91=LINE('',#90,#89);
#92=DIRECTION('',(0.E0,0.E0,-1.E0));
#93=VECTOR('',#92,5.E-2);
#94=CARTESIAN_POINT('',(1.2E0,1.8E0,3.E0));
#95=LINE('',#94,#93);
#96=DIRECTION('',(1.E0,0.E0,0.E0));
#97=VECTOR('',#96,2.4E0);
#98=CARTESIAN_POINT('',(-1.2E0,1.8E0,3.E0));
#99=LINE('',#98,#97);
#100=DIRECTION('',(0.E0,-1.E0,0.E0));
#101=VECTOR('',#100,1.5E-1);
#102=CARTESIAN_POINT('',(-1.2E0,1.95E0,2.95E0));
#103=LINE('',#102,#101);
#104=DIRECTION('',(0.E0,0.E0,1.E0));
#105=VECTOR('',#104,5.E-2);
#106=CARTESIAN_POINT('',(-1.2E0,1.8E0,-3.05E0));
#107=LINE('',#106,#105);
#108=DIRECTION('',(1.E0,0.E0,0.E0));
#109=VECTOR('',#108,1.95E0);
#110=CARTESIAN_POINT('',(-3.15E0,1.8E0,-3.05E0));
#111=LINE('',#110,#109);
#112=DIRECTION('',(0.E0,0.E0,1.E0));
#113=VECTOR('',#112,6.1E0);
#114=CARTESIAN_POINT('',(-3.15E0,1.8E0,-3.05E0));
#115=LINE('',#114,#113);
#116=DIRECTION('',(-1.E0,0.E0,0.E0));
#117=VECTOR('',#116,1.95E0);
#118=CARTESIAN_POINT('',(-1.2E0,1.8E0,3.05E0));
#119=LINE('',#118,#117);
#120=DIRECTION('',(0.E0,0.E0,-1.E0));
#121=VECTOR('',#120,5.E-2);
#122=CARTESIAN_POINT('',(-1.2E0,1.8E0,3.05E0));
#123=LINE('',#122,#121);
#124=DIRECTION('',(0.E0,-1.E0,0.E0));
#125=VECTOR('',#124,1.8E0);
#126=CARTESIAN_POINT('',(-3.1E0,1.8E0,2.8E0));
#127=LINE('',#126,#125);
#128=DIRECTION('',(0.E0,1.E0,0.E0));
#129=VECTOR('',#128,1.E-1);
#130=CARTESIAN_POINT('',(-3.1E0,0.E0,7.5E-1));
#131=LINE('',#130,#129);
#132=DIRECTION('',(0.E0,0.E0,1.E0));
#133=VECTOR('',#132,1.5E0);
#134=CARTESIAN_POINT('',(-3.1E0,1.E-1,-7.5E-1));
#135=LINE('',#134,#133);
#136=DIRECTION('',(0.E0,1.E0,0.E0));
#137=VECTOR('',#136,1.E-1);
#138=CARTESIAN_POINT('',(-3.1E0,0.E0,-7.5E-1));
#139=LINE('',#138,#137);
#140=DIRECTION('',(0.E0,-1.E0,0.E0));
#141=VECTOR('',#140,1.8E0);
#142=CARTESIAN_POINT('',(-3.1E0,1.8E0,-2.8E0));
#143=LINE('',#142,#141);
#144=DIRECTION('',(0.E0,0.E0,1.E0));
#145=VECTOR('',#144,5.6E0);
#146=CARTESIAN_POINT('',(-3.1E0,1.8E0,-2.8E0));
#147=LINE('',#146,#145);
#148=DIRECTION('',(0.E0,0.E0,-1.E0));
#149=VECTOR('',#148,7.499999999998E-1);
#150=CARTESIAN_POINT('',(-3.1E0,5.8E-1,2.624999999999E0));
#151=LINE('',#150,#149);
#152=DIRECTION('',(0.E0,1.E0,0.E0));
#153=VECTOR('',#152,3.E-1);
#154=CARTESIAN_POINT('',(-3.1E0,2.8E-1,1.875E0));
#155=LINE('',#154,#153);
#156=DIRECTION('',(0.E0,0.E0,-1.E0));
#157=VECTOR('',#156,7.499999999998E-1);
#158=CARTESIAN_POINT('',(-3.1E0,2.8E-1,2.624999999999E0));
#159=LINE('',#158,#157);
#160=DIRECTION('',(0.E0,1.E0,0.E0));
#161=VECTOR('',#160,3.E-1);
#162=CARTESIAN_POINT('',(-3.1E0,2.8E-1,2.624999999999E0));
#163=LINE('',#162,#161);
#164=DIRECTION('',(0.E0,0.E0,-1.E0));
#165=VECTOR('',#164,7.500000000008E-1);
#166=CARTESIAN_POINT('',(-3.1E0,5.8E-1,-1.875E0));
#167=LINE('',#166,#165);
#168=DIRECTION('',(0.E0,1.E0,0.E0));
#169=VECTOR('',#168,3.E-1);
#170=CARTESIAN_POINT('',(-3.1E0,2.8E-1,-2.625E0));
#171=LINE('',#170,#169);
#172=DIRECTION('',(0.E0,0.E0,-1.E0));
#173=VECTOR('',#172,7.500000000008E-1);
#174=CARTESIAN_POINT('',(-3.1E0,2.8E-1,-1.875E0));
#175=LINE('',#174,#173);
#176=DIRECTION('',(0.E0,-1.E0,0.E0));
#177=VECTOR('',#176,3.E-1);
#178=CARTESIAN_POINT('',(-3.1E0,5.8E-1,-1.875E0));
#179=LINE('',#178,#177);
#180=CARTESIAN_POINT('',(-2.9E0,1.8E0,2.8E0));
#181=DIRECTION('',(0.E0,-1.E0,0.E0));
#182=DIRECTION('',(0.E0,0.E0,1.E0));
#183=AXIS2_PLACEMENT_3D('',#180,#181,#182);
#185=DIRECTION('',(0.E0,-1.E0,0.E0));
#186=VECTOR('',#185,1.8E0);
#187=CARTESIAN_POINT('',(3.1E0,1.8E0,-2.8E0));
#188=LINE('',#187,#186);
#189=DIRECTION('',(0.E0,1.E0,0.E0));
#190=VECTOR('',#189,1.E-1);
#191=CARTESIAN_POINT('',(3.1E0,0.E0,-7.5E-1));
#192=LINE('',#191,#190);
#193=DIRECTION('',(0.E0,0.E0,1.E0));
#194=VECTOR('',#193,1.5E0);
#195=CARTESIAN_POINT('',(3.1E0,1.E-1,-7.5E-1));
#196=LINE('',#195,#194);
#197=DIRECTION('',(0.E0,1.E0,0.E0));
#198=VECTOR('',#197,1.E-1);
#199=CARTESIAN_POINT('',(3.1E0,0.E0,7.5E-1));
#200=LINE('',#199,#198);
#201=DIRECTION('',(0.E0,-1.E0,0.E0));
#202=VECTOR('',#201,1.8E0);
#203=CARTESIAN_POINT('',(3.1E0,1.8E0,2.8E0));
#204=LINE('',#203,#202);
#205=DIRECTION('',(0.E0,0.E0,-1.E0));
#206=VECTOR('',#205,5.6E0);
#207=CARTESIAN_POINT('',(3.1E0,1.8E0,2.8E0));
#208=LINE('',#207,#206);
#209=DIRECTION('',(0.E0,0.E0,-1.E0));
#210=VECTOR('',#209,7.499999999999E-1);
#211=CARTESIAN_POINT('',(3.1E0,5.8E-1,2.624999999999E0));
#212=LINE('',#211,#210);
#213=DIRECTION('',(0.E0,1.E0,0.E0));
#214=VECTOR('',#213,3.E-1);
#215=CARTESIAN_POINT('',(3.1E0,2.8E-1,2.624999999999E0));
#216=LINE('',#215,#214);
#217=DIRECTION('',(0.E0,0.E0,-1.E0));
#218=VECTOR('',#217,7.499999999999E-1);
#219=CARTESIAN_POINT('',(3.1E0,2.8E-1,2.624999999999E0));
#220=LINE('',#219,#218);
#221=DIRECTION('',(0.E0,1.E0,0.E0));
#222=VECTOR('',#221,3.E-1);
#223=CARTESIAN_POINT('',(3.1E0,2.8E-1,1.874999999999E0));
#224=LINE('',#223,#222);
#225=DIRECTION('',(0.E0,0.E0,-1.E0));
#226=VECTOR('',#225,7.500000000003E-1);
#227=CARTESIAN_POINT('',(3.1E0,5.8E-1,-1.875E0));
#228=LINE('',#227,#226);
#229=DIRECTION('',(0.E0,-1.E0,0.E0));
#230=VECTOR('',#229,3.E-1);
#231=CARTESIAN_POINT('',(3.1E0,5.8E-1,-1.875E0));
#232=LINE('',#231,#230);
#233=DIRECTION('',(0.E0,0.E0,-1.E0));
#234=VECTOR('',#233,7.500000000003E-1);
#235=CARTESIAN_POINT('',(3.1E0,2.8E-1,-1.875E0));
#236=LINE('',#235,#234);
#237=DIRECTION('',(0.E0,1.E0,0.E0));
#238=VECTOR('',#237,3.E-1);
#239=CARTESIAN_POINT('',(3.1E0,2.8E-1,-2.625000000001E0));
#240=LINE('',#239,#238);
#241=CARTESIAN_POINT('',(2.9E0,1.8E0,-2.8E0));
#242=DIRECTION('',(0.E0,-1.E0,0.E0));
#243=DIRECTION('',(0.E0,0.E0,-1.E0));
#244=AXIS2_PLACEMENT_3D('',#241,#242,#243);
#246=DIRECTION('',(-1.E0,0.E0,0.E0));
#247=VECTOR('',#246,1.7E0);
#248=CARTESIAN_POINT('',(-1.2E0,1.8E0,-3.E0));
#249=LINE('',#248,#247);
#250=DIRECTION('',(0.E0,-1.E0,0.E0));
#251=VECTOR('',#250,1.8E0);
#252=CARTESIAN_POINT('',(-2.9E0,1.8E0,-3.E0));
#253=LINE('',#252,#251);
#254=DIRECTION('',(0.E0,-1.E0,0.E0));
#255=VECTOR('',#254,1.8E0);
#256=CARTESIAN_POINT('',(2.9E0,1.8E0,-3.E0));
#257=LINE('',#256,#255);
#258=DIRECTION('',(-1.E0,0.E0,0.E0));
#259=VECTOR('',#258,1.7E0);
#260=CARTESIAN_POINT('',(2.9E0,1.8E0,-3.E0));
#261=LINE('',#260,#259);
#262=DIRECTION('',(0.E0,-1.E0,0.E0));
#263=VECTOR('',#262,8.5E-1);
#264=CARTESIAN_POINT('',(-1.15E0,1.75E0,-3.E0));
#265=LINE('',#264,#263);
#266=DIRECTION('',(1.E0,0.E0,0.E0));
#267=VECTOR('',#266,2.3E0);
#268=CARTESIAN_POINT('',(-1.15E0,1.75E0,-3.E0));
#269=LINE('',#268,#267);
#270=DIRECTION('',(0.E0,-1.E0,0.E0));
#271=VECTOR('',#270,8.5E-1);
#272=CARTESIAN_POINT('',(1.15E0,1.75E0,-3.E0));
#273=LINE('',#272,#271);
#274=DIRECTION('',(1.E0,0.E0,0.E0));
#275=VECTOR('',#274,2.3E0);
#276=CARTESIAN_POINT('',(-1.15E0,9.E-1,-3.E0));
#277=LINE('',#276,#275);
#278=DIRECTION('',(0.E0,0.E0,1.E0));
#279=VECTOR('',#278,5.E-2);
#280=CARTESIAN_POINT('',(-1.2E0,1.8E0,-3.E0));
#281=LINE('',#280,#279);
#282=DIRECTION('',(-1.E0,0.E0,0.E0));
#283=VECTOR('',#282,2.4E0);
#284=CARTESIAN_POINT('',(1.2E0,1.8E0,-3.E0));
#285=LINE('',#284,#283);
#286=DIRECTION('',(0.E0,0.E0,1.E0));
#287=VECTOR('',#286,5.E-2);
#288=CARTESIAN_POINT('',(1.2E0,1.8E0,-3.E0));
#289=LINE('',#288,#287);
#290=DIRECTION('',(-1.E0,0.E0,0.E0));
#291=VECTOR('',#290,2.4E0);
#292=CARTESIAN_POINT('',(1.2E0,1.8E0,-2.95E0));
#293=LINE('',#292,#291);
#294=DIRECTION('',(0.E0,-1.E0,0.E0));
#295=VECTOR('',#294,1.5E-1);
#296=CARTESIAN_POINT('',(-1.2E0,1.95E0,-3.05E0));
#297=LINE('',#296,#295);
#298=DIRECTION('',(0.E0,-1.E0,0.E0));
#299=VECTOR('',#298,1.5E-1);
#300=CARTESIAN_POINT('',(-1.2E0,1.95E0,-2.95E0));
#301=LINE('',#300,#299);
#302=DIRECTION('',(0.E0,-1.E0,0.E0));
#303=VECTOR('',#302,1.5E-1);
#304=CARTESIAN_POINT('',(1.2E0,1.95E0,-2.95E0));
#305=LINE('',#304,#303);
#306=DIRECTION('',(0.E0,-1.E0,0.E0));
#307=VECTOR('',#306,1.5E-1);
#308=CARTESIAN_POINT('',(1.2E0,1.95E0,-3.05E0));
#309=LINE('',#308,#307);
#310=CARTESIAN_POINT('',(1.2E0,1.8E0,-3.05E0));
#311=DIRECTION('',(-1.E0,0.E0,0.E0));
#312=DIRECTION('',(0.E0,1.E0,0.E0));
#313=AXIS2_PLACEMENT_3D('',#310,#311,#312);
#315=DIRECTION('',(1.E0,0.E0,0.E0));
#316=VECTOR('',#315,1.95E0);
#317=CARTESIAN_POINT('',(1.2E0,1.8E0,-3.2E0));
#318=LINE('',#317,#316);
#319=CARTESIAN_POINT('',(3.15E0,1.8E0,-3.05E0));
#320=DIRECTION('',(1.E0,0.E0,0.E0));
#321=DIRECTION('',(0.E0,0.E0,-1.E0));
#322=AXIS2_PLACEMENT_3D('',#319,#320,#321);
#324=DIRECTION('',(1.E0,0.E0,0.E0));
#325=VECTOR('',#324,1.95E0);
#326=CARTESIAN_POINT('',(1.2E0,1.95E0,-3.05E0));
#327=LINE('',#326,#325);
#328=DIRECTION('',(1.E0,0.E0,0.E0));
#329=VECTOR('',#328,2.4E0);
#330=CARTESIAN_POINT('',(-1.2E0,8.5E-1,-3.2E0));
#331=LINE('',#330,#329);
#332=DIRECTION('',(0.E0,-1.E0,0.E0));
#333=VECTOR('',#332,9.5E-1);
#334=CARTESIAN_POINT('',(-1.2E0,1.8E0,-3.2E0));
#335=LINE('',#334,#333);
#336=DIRECTION('',(0.E0,1.E0,0.E0));
#337=VECTOR('',#336,1.15E0);
#338=CARTESIAN_POINT('',(-3.15E0,6.5E-1,-3.2E0));
#339=LINE('',#338,#337);
#340=DIRECTION('',(-7.071067811865E-1,7.071067811865E-1,0.E0));
#341=VECTOR('',#340,7.071067811865E-1);
#342=CARTESIAN_POINT('',(-2.65E0,1.5E-1,-3.2E0));
#343=LINE('',#342,#341);
#344=DIRECTION('',(-1.E0,0.E0,0.E0));
#345=VECTOR('',#344,5.3E0);
#346=CARTESIAN_POINT('',(2.65E0,1.5E-1,-3.2E0));
#347=LINE('',#346,#345);
#348=DIRECTION('',(-7.071067811865E-1,-7.071067811865E-1,0.E0));
#349=VECTOR('',#348,7.071067811865E-1);
#350=CARTESIAN_POINT('',(3.15E0,6.5E-1,-3.2E0));
#351=LINE('',#350,#349);
#352=DIRECTION('',(0.E0,-1.E0,0.E0));
#353=VECTOR('',#352,1.15E0);
#354=CARTESIAN_POINT('',(3.15E0,1.8E0,-3.2E0));
#355=LINE('',#354,#353);
#356=DIRECTION('',(0.E0,-1.E0,0.E0));
#357=VECTOR('',#356,9.5E-1);
#358=CARTESIAN_POINT('',(1.2E0,1.8E0,-3.2E0));
#359=LINE('',#358,#357);
#360=DIRECTION('',(0.E0,0.E0,1.E0));
#361=VECTOR('',#360,1.5E-1);
#362=CARTESIAN_POINT('',(1.2E0,8.5E-1,-3.2E0));
#363=LINE('',#362,#361);
#364=DIRECTION('',(0.E0,0.E0,1.E0));
#365=VECTOR('',#364,1.5E-1);
#366=CARTESIAN_POINT('',(1.2E0,1.8E0,-3.2E0));
#367=LINE('',#366,#365);
#368=DIRECTION('',(1.E0,0.E0,0.E0));
#369=VECTOR('',#368,2.4E0);
#370=CARTESIAN_POINT('',(-1.2E0,8.5E-1,-3.05E0));
#371=LINE('',#370,#369);
#372=DIRECTION('',(0.E0,-1.E0,0.E0));
#373=VECTOR('',#372,9.5E-1);
#374=CARTESIAN_POINT('',(1.2E0,1.8E0,-3.05E0));
#375=LINE('',#374,#373);
#376=DIRECTION('',(0.E0,-1.E0,0.E0));
#377=VECTOR('',#376,1.15E0);
#378=CARTESIAN_POINT('',(3.15E0,1.8E0,-3.05E0));
#379=LINE('',#378,#377);
#380=DIRECTION('',(7.071067811865E-1,7.071067811865E-1,0.E0));
#381=VECTOR('',#380,7.071067811865E-1);
#382=CARTESIAN_POINT('',(2.65E0,1.5E-1,-3.05E0));
#383=LINE('',#382,#381);
#384=DIRECTION('',(-1.E0,0.E0,0.E0));
#385=VECTOR('',#384,5.3E0);
#386=CARTESIAN_POINT('',(2.65E0,1.5E-1,-3.05E0));
#387=LINE('',#386,#385);
#388=DIRECTION('',(7.071067811865E-1,-7.071067811865E-1,0.E0));
#389=VECTOR('',#388,7.071067811865E-1);
#390=CARTESIAN_POINT('',(-3.15E0,6.5E-1,-3.05E0));
#391=LINE('',#390,#389);
#392=DIRECTION('',(0.E0,1.E0,0.E0));
#393=VECTOR('',#392,1.15E0);
#394=CARTESIAN_POINT('',(-3.15E0,6.5E-1,-3.05E0));
#395=LINE('',#394,#393);
#396=DIRECTION('',(0.E0,-1.E0,0.E0));
#397=VECTOR('',#396,9.5E-1);
#398=CARTESIAN_POINT('',(-1.2E0,1.8E0,-3.05E0));
#399=LINE('',#398,#397);
#400=DIRECTION('',(0.E0,0.E0,-1.E0));
#401=VECTOR('',#400,1.5E-1);
#402=CARTESIAN_POINT('',(3.15E0,6.5E-1,-3.05E0));
#403=LINE('',#402,#401);
#404=DIRECTION('',(0.E0,0.E0,-1.E0));
#405=VECTOR('',#404,1.5E-1);
#406=CARTESIAN_POINT('',(-2.65E0,1.5E-1,-3.05E0));
#407=LINE('',#406,#405);
#408=DIRECTION('',(0.E0,0.E0,-1.E0));
#409=VECTOR('',#408,1.5E-1);
#410=CARTESIAN_POINT('',(2.65E0,1.5E-1,-3.05E0));
#411=LINE('',#410,#409);
#412=DIRECTION('',(0.E0,0.E0,-1.E0));
#413=VECTOR('',#412,1.5E-1);
#414=CARTESIAN_POINT('',(-3.15E0,6.5E-1,-3.05E0));
#415=LINE('',#414,#413);
#416=DIRECTION('',(0.E0,0.E0,1.E0));
#417=VECTOR('',#416,1.5E-1);
#418=CARTESIAN_POINT('',(-3.15E0,1.8E0,-3.2E0));
#419=LINE('',#418,#417);
#420=DIRECTION('',(0.E0,-1.E0,0.E0));
#421=VECTOR('',#420,1.5E-1);
#422=CARTESIAN_POINT('',(-3.15E0,1.95E0,-3.05E0));
#423=LINE('',#422,#421);
#424=CARTESIAN_POINT('',(-1.2E0,1.8E0,-3.05E0));
#425=DIRECTION('',(-1.E0,0.E0,0.E0));
#426=DIRECTION('',(0.E0,1.E0,0.E0));
#427=AXIS2_PLACEMENT_3D('',#424,#425,#426);
#429=DIRECTION('',(1.E0,0.E0,0.E0));
#430=VECTOR('',#429,1.95E0);
#431=CARTESIAN_POINT('',(-3.15E0,1.95E0,-3.05E0));
#432=LINE('',#431,#430);
#433=CARTESIAN_POINT('',(-3.15E0,1.8E0,-3.05E0));
#434=DIRECTION('',(1.E0,0.E0,0.E0));
#435=DIRECTION('',(0.E0,0.E0,-1.E0));
#436=AXIS2_PLACEMENT_3D('',#433,#434,#435);
#438=DIRECTION('',(1.E0,0.E0,0.E0));
#439=VECTOR('',#438,1.95E0);
#440=CARTESIAN_POINT('',(-3.15E0,1.8E0,-3.2E0));
#441=LINE('',#440,#439);
#442=DIRECTION('',(0.E0,0.E0,1.E0));
#443=VECTOR('',#442,1.5E-1);
#444=CARTESIAN_POINT('',(-1.2E0,1.8E0,-3.2E0));
#445=LINE('',#444,#443);
#446=DIRECTION('',(0.E0,0.E0,1.E0));
#447=VECTOR('',#446,1.5E-1);
#448=CARTESIAN_POINT('',(-1.2E0,8.5E-1,-3.2E0));
#449=LINE('',#448,#447);
#450=DIRECTION('',(0.E0,0.E0,-1.E0));
#451=VECTOR('',#450,1.E-1);
#452=CARTESIAN_POINT('',(-1.2E0,1.95E0,3.05E0));
#453=LINE('',#452,#451);
#454=DIRECTION('',(0.E0,0.E0,1.E0));
#455=VECTOR('',#454,6.1E0);
#456=CARTESIAN_POINT('',(-3.15E0,1.95E0,-3.05E0));
#457=LINE('',#456,#455);
#458=DIRECTION('',(0.E0,0.E0,1.E0));
#459=VECTOR('',#458,1.E-1);
#460=CARTESIAN_POINT('',(-1.2E0,1.95E0,-3.05E0));
#461=LINE('',#460,#459);
#462=DIRECTION('',(-1.E0,0.E0,0.E0));
#463=VECTOR('',#462,2.4E0);
#464=CARTESIAN_POINT('',(1.2E0,1.95E0,-2.95E0));
#465=LINE('',#464,#463);
#466=DIRECTION('',(0.E0,0.E0,1.E0));
#467=VECTOR('',#466,1.E-1);
#468=CARTESIAN_POINT('',(1.2E0,1.95E0,-3.05E0));
#469=LINE('',#468,#467);
#470=DIRECTION('',(0.E0,0.E0,-1.E0));
#471=VECTOR('',#470,6.1E0);
#472=CARTESIAN_POINT('',(3.15E0,1.95E0,3.05E0));
#473=LINE('',#472,#471);
#474=DIRECTION('',(0.E0,0.E0,-1.E0));
#475=VECTOR('',#474,1.E-1);
#476=CARTESIAN_POINT('',(1.2E0,1.95E0,3.05E0));
#477=LINE('',#476,#475);
#478=DIRECTION('',(1.E0,0.E0,0.E0));
#479=VECTOR('',#478,2.4E0);
#480=CARTESIAN_POINT('',(-1.2E0,1.95E0,2.95E0));
#481=LINE('',#480,#479);
#482=CARTESIAN_POINT('',(-1.2E0,1.8E0,3.05E0));
#483=DIRECTION('',(1.E0,0.E0,0.E0));
#484=DIRECTION('',(0.E0,1.E0,0.E0));
#485=AXIS2_PLACEMENT_3D('',#482,#483,#484);
#487=DIRECTION('',(-1.E0,0.E0,0.E0));
#488=VECTOR('',#487,1.95E0);
#489=CARTESIAN_POINT('',(-1.2E0,1.8E0,3.2E0));
#490=LINE('',#489,#488);
#491=CARTESIAN_POINT('',(-3.15E0,1.8E0,3.05E0));
#492=DIRECTION('',(-1.E0,0.E0,0.E0));
#493=DIRECTION('',(0.E0,0.E0,1.E0));
#494=AXIS2_PLACEMENT_3D('',#491,#492,#493);
#496=DIRECTION('',(-1.E0,0.E0,0.E0));
#497=VECTOR('',#496,1.95E0);
#498=CARTESIAN_POINT('',(-1.2E0,1.95E0,3.05E0));
#499=LINE('',#498,#497);
#500=DIRECTION('',(0.E0,-1.E0,0.E0));
#501=VECTOR('',#500,1.5E-1);
#502=CARTESIAN_POINT('',(-1.2E0,1.95E0,3.05E0));
#503=LINE('',#502,#501);
#504=DIRECTION('',(0.E0,0.E0,-1.E0));
#505=VECTOR('',#504,1.5E-1);
#506=CARTESIAN_POINT('',(-1.2E0,1.8E0,3.2E0));
#507=LINE('',#506,#505);
#508=DIRECTION('',(0.E0,-1.E0,0.E0));
#509=VECTOR('',#508,9.5E-1);
#510=CARTESIAN_POINT('',(-1.2E0,1.8E0,3.2E0));
#511=LINE('',#510,#509);
#512=DIRECTION('',(-1.E0,0.E0,0.E0));
#513=VECTOR('',#512,2.4E0);
#514=CARTESIAN_POINT('',(1.2E0,8.5E-1,3.2E0));
#515=LINE('',#514,#513);
#516=DIRECTION('',(0.E0,-1.E0,0.E0));
#517=VECTOR('',#516,9.5E-1);
#518=CARTESIAN_POINT('',(1.2E0,1.8E0,3.2E0));
#519=LINE('',#518,#517);
#520=DIRECTION('',(0.E0,1.E0,0.E0));
#521=VECTOR('',#520,1.15E0);
#522=CARTESIAN_POINT('',(3.15E0,6.5E-1,3.2E0));
#523=LINE('',#522,#521);
#524=DIRECTION('',(7.071067811865E-1,7.071067811865E-1,0.E0));
#525=VECTOR('',#524,7.071067811865E-1);
#526=CARTESIAN_POINT('',(2.65E0,1.5E-1,3.2E0));
#527=LINE('',#526,#525);
#528=DIRECTION('',(1.E0,0.E0,0.E0));
#529=VECTOR('',#528,5.3E0);
#530=CARTESIAN_POINT('',(-2.65E0,1.5E-1,3.2E0));
#531=LINE('',#530,#529);
#532=DIRECTION('',(7.071067811865E-1,-7.071067811865E-1,0.E0));
#533=VECTOR('',#532,7.071067811865E-1);
#534=CARTESIAN_POINT('',(-3.15E0,6.5E-1,3.2E0));
#535=LINE('',#534,#533);
#536=DIRECTION('',(0.E0,-1.E0,0.E0));
#537=VECTOR('',#536,1.15E0);
#538=CARTESIAN_POINT('',(-3.15E0,1.8E0,3.2E0));
#539=LINE('',#538,#537);
#540=DIRECTION('',(0.E0,0.E0,-1.E0));
#541=VECTOR('',#540,1.5E-1);
#542=CARTESIAN_POINT('',(-1.2E0,8.5E-1,3.2E0));
#543=LINE('',#542,#541);
#544=DIRECTION('',(0.E0,-1.E0,0.E0));
#545=VECTOR('',#544,9.5E-1);
#546=CARTESIAN_POINT('',(-1.2E0,1.8E0,3.05E0));
#547=LINE('',#546,#545);
#548=DIRECTION('',(0.E0,-1.E0,0.E0));
#549=VECTOR('',#548,1.15E0);
#550=CARTESIAN_POINT('',(-3.15E0,1.8E0,3.05E0));
#551=LINE('',#550,#549);
#552=DIRECTION('',(-7.071067811865E-1,7.071067811865E-1,0.E0));
#553=VECTOR('',#552,7.071067811865E-1);
#554=CARTESIAN_POINT('',(-2.65E0,1.5E-1,3.05E0));
#555=LINE('',#554,#553);
#556=DIRECTION('',(1.E0,0.E0,0.E0));
#557=VECTOR('',#556,5.3E0);
#558=CARTESIAN_POINT('',(-2.65E0,1.5E-1,3.05E0));
#559=LINE('',#558,#557);
#560=DIRECTION('',(-7.071067811865E-1,-7.071067811865E-1,0.E0));
#561=VECTOR('',#560,7.071067811865E-1);
#562=CARTESIAN_POINT('',(3.15E0,6.5E-1,3.05E0));
#563=LINE('',#562,#561);
#564=DIRECTION('',(0.E0,1.E0,0.E0));
#565=VECTOR('',#564,1.15E0);
#566=CARTESIAN_POINT('',(3.15E0,6.5E-1,3.05E0));
#567=LINE('',#566,#565);
#568=DIRECTION('',(0.E0,-1.E0,0.E0));
#569=VECTOR('',#568,9.5E-1);
#570=CARTESIAN_POINT('',(1.2E0,1.8E0,3.05E0));
#571=LINE('',#570,#569);
#572=DIRECTION('',(-1.E0,0.E0,0.E0));
#573=VECTOR('',#572,2.4E0);
#574=CARTESIAN_POINT('',(1.2E0,8.5E-1,3.05E0));
#575=LINE('',#574,#573);
#576=DIRECTION('',(0.E0,0.E0,1.E0));
#577=VECTOR('',#576,1.5E-1);
#578=CARTESIAN_POINT('',(-3.15E0,6.5E-1,3.05E0));
#579=LINE('',#578,#577);
#580=DIRECTION('',(0.E0,0.E0,1.E0));
#581=VECTOR('',#580,1.5E-1);
#582=CARTESIAN_POINT('',(-2.65E0,1.5E-1,3.05E0));
#583=LINE('',#582,#581);
#584=DIRECTION('',(0.E0,0.E0,1.E0));
#585=VECTOR('',#584,1.5E-1);
#586=CARTESIAN_POINT('',(2.65E0,1.5E-1,3.05E0));
#587=LINE('',#586,#585);
#588=DIRECTION('',(0.E0,0.E0,1.E0));
#589=VECTOR('',#588,1.5E-1);
#590=CARTESIAN_POINT('',(3.15E0,6.5E-1,3.05E0));
#591=LINE('',#590,#589);
#592=DIRECTION('',(0.E0,0.E0,-1.E0));
#593=VECTOR('',#592,1.5E-1);
#594=CARTESIAN_POINT('',(3.15E0,1.8E0,3.2E0));
#595=LINE('',#594,#593);
#596=DIRECTION('',(0.E0,-1.E0,0.E0));
#597=VECTOR('',#596,1.5E-1);
#598=CARTESIAN_POINT('',(3.15E0,1.95E0,3.05E0));
#599=LINE('',#598,#597);
#600=CARTESIAN_POINT('',(1.2E0,1.8E0,3.05E0));
#601=DIRECTION('',(1.E0,0.E0,0.E0));
#602=DIRECTION('',(0.E0,1.E0,0.E0));
#603=AXIS2_PLACEMENT_3D('',#600,#601,#602);
#605=DIRECTION('',(-1.E0,0.E0,0.E0));
#606=VECTOR('',#605,1.95E0);
#607=CARTESIAN_POINT('',(3.15E0,1.95E0,3.05E0));
#608=LINE('',#607,#606);
#609=CARTESIAN_POINT('',(3.15E0,1.8E0,3.05E0));
#610=DIRECTION('',(-1.E0,0.E0,0.E0));
#611=DIRECTION('',(0.E0,0.E0,1.E0));
#612=AXIS2_PLACEMENT_3D('',#609,#610,#611);
#614=DIRECTION('',(-1.E0,0.E0,0.E0));
#615=VECTOR('',#614,1.95E0);
#616=CARTESIAN_POINT('',(3.15E0,1.8E0,3.2E0));
#617=LINE('',#616,#615);
#618=DIRECTION('',(0.E0,0.E0,-1.E0));
#619=VECTOR('',#618,1.5E-1);
#620=CARTESIAN_POINT('',(1.2E0,1.8E0,3.2E0));
#621=LINE('',#620,#619);
#622=DIRECTION('',(0.E0,0.E0,-1.E0));
#623=VECTOR('',#622,1.5E-1);
#624=CARTESIAN_POINT('',(1.2E0,8.5E-1,3.2E0));
#625=LINE('',#624,#623);
#626=DIRECTION('',(0.E0,-1.E0,0.E0));
#627=VECTOR('',#626,1.5E-1);
#628=CARTESIAN_POINT('',(1.2E0,1.95E0,3.05E0));
#629=LINE('',#628,#627);
#630=DIRECTION('',(0.E0,-1.E0,0.E0));
#631=VECTOR('',#630,1.5E-1);
#632=CARTESIAN_POINT('',(1.2E0,1.95E0,2.95E0));
#633=LINE('',#632,#631);
#634=DIRECTION('',(0.E0,-1.E0,0.E0));
#635=VECTOR('',#634,1.5E-1);
#636=CARTESIAN_POINT('',(3.15E0,1.95E0,-3.05E0));
#637=LINE('',#636,#635);
#638=DIRECTION('',(0.E0,0.E0,1.E0));
#639=VECTOR('',#638,1.5E-1);
#640=CARTESIAN_POINT('',(3.15E0,1.8E0,-3.2E0));
#641=LINE('',#640,#639);
#642=DIRECTION('',(0.E0,0.E0,-1.E0));
#643=VECTOR('',#642,1.5E-1);
#644=CARTESIAN_POINT('',(-3.15E0,1.8E0,3.2E0));
#645=LINE('',#644,#643);
#646=DIRECTION('',(0.E0,-1.E0,0.E0));
#647=VECTOR('',#646,1.5E-1);
#648=CARTESIAN_POINT('',(-3.15E0,1.95E0,3.05E0));
#649=LINE('',#648,#647);
#650=CARTESIAN_POINT('',(0.E0,1.95E0,0.E0));
#651=DIRECTION('',(0.E0,1.E0,0.E0));
#652=DIRECTION('',(1.E0,0.E0,0.E0));
#653=AXIS2_PLACEMENT_3D('',#650,#651,#652);
#655=DIRECTION('',(-1.745240643728E-2,9.998476951564E-1,9.505579851472E-13));
#656=VECTOR('',#655,3.535443278010E-1);
#657=CARTESIAN_POINT('',(1.497381740261E0,1.95E0,0.E0));
#658=LINE('',#657,#656);
#659=CARTESIAN_POINT('',(0.E0,2.303490481287E0,0.E0));
#660=DIRECTION('',(0.E0,1.E0,0.E0));
#661=DIRECTION('',(1.E0,0.E0,0.E0));
#662=AXIS2_PLACEMENT_3D('',#659,#660,#661);
#664=CARTESIAN_POINT('',(0.E0,1.95E0,0.E0));
#665=DIRECTION('',(0.E0,1.E0,0.E0));
#666=DIRECTION('',(-1.E0,0.E0,0.E0));
#667=AXIS2_PLACEMENT_3D('',#664,#665,#666);
#669=DIRECTION('',(1.745240643728E-2,9.998476951564E-1,-9.498943587454E-13));
#670=VECTOR('',#669,3.535443278010E-1);
#671=CARTESIAN_POINT('',(-1.497381740261E0,1.95E0,0.E0));
#672=LINE('',#671,#670);
#673=CARTESIAN_POINT('',(0.E0,2.303490481287E0,0.E0));
#674=DIRECTION('',(0.E0,1.E0,0.E0));
#675=DIRECTION('',(-1.E0,0.E0,0.E0));
#676=AXIS2_PLACEMENT_3D('',#673,#674,#675);
#678=CARTESIAN_POINT('',(-1.291242001927E0,2.3E0,0.E0));
#679=DIRECTION('',(0.E0,0.E0,1.E0));
#680=DIRECTION('',(0.E0,1.E0,0.E0));
#681=AXIS2_PLACEMENT_3D('',#678,#679,#680);
#683=CARTESIAN_POINT('',(0.E0,2.5E0,0.E0));
#684=DIRECTION('',(0.E0,1.E0,0.E0));
#685=DIRECTION('',(1.E0,0.E0,0.E0));
#686=AXIS2_PLACEMENT_3D('',#683,#684,#685);
#688=CARTESIAN_POINT('',(0.E0,2.5E0,0.E0));
#689=DIRECTION('',(0.E0,1.E0,0.E0));
#690=DIRECTION('',(-1.E0,0.E0,0.E0));
#691=AXIS2_PLACEMENT_3D('',#688,#689,#690);
#693=CARTESIAN_POINT('',(1.291242001927E0,2.3E0,0.E0));
#694=DIRECTION('',(0.E0,0.E0,-1.E0));
#695=DIRECTION('',(0.E0,1.E0,0.E0));
#696=AXIS2_PLACEMENT_3D('',#693,#694,#695);
#698=CARTESIAN_POINT('',(-2.9E0,1.8E0,-2.8E0));
#699=DIRECTION('',(0.E0,-1.E0,0.E0));
#700=DIRECTION('',(-1.E0,0.E0,0.E0));
#701=AXIS2_PLACEMENT_3D('',#698,#699,#700);
#703=CARTESIAN_POINT('',(2.9E0,0.E0,-2.8E0));
#704=DIRECTION('',(0.E0,-1.E0,0.E0));
#705=DIRECTION('',(0.E0,0.E0,-1.E0));
#706=AXIS2_PLACEMENT_3D('',#703,#704,#705);
#708=DIRECTION('',(-1.E0,0.E0,0.E0));
#709=VECTOR('',#708,5.8E0);
#710=CARTESIAN_POINT('',(2.9E0,0.E0,-3.E0));
#711=LINE('',#710,#709);
#712=CARTESIAN_POINT('',(-2.9E0,0.E0,-2.8E0));
#713=DIRECTION('',(0.E0,-1.E0,0.E0));
#714=DIRECTION('',(-1.E0,0.E0,0.E0));
#715=AXIS2_PLACEMENT_3D('',#712,#713,#714);
#717=DIRECTION('',(0.E0,0.E0,1.E0));
#718=VECTOR('',#717,2.05E0);
#719=CARTESIAN_POINT('',(-3.1E0,0.E0,-2.8E0));
#720=LINE('',#719,#718);
#721=DIRECTION('',(1.E0,0.E0,0.E0));
#722=VECTOR('',#721,6.2E0);
#723=CARTESIAN_POINT('',(-3.1E0,0.E0,-7.5E-1));
#724=LINE('',#723,#722);
#725=DIRECTION('',(0.E0,0.E0,-1.E0));
#726=VECTOR('',#725,2.05E0);
#727=CARTESIAN_POINT('',(3.1E0,0.E0,-7.5E-1));
#728=LINE('',#727,#726);
#729=DIRECTION('',(-1.E0,0.E0,0.E0));
#730=VECTOR('',#729,6.2E0);
#731=CARTESIAN_POINT('',(3.1E0,1.E-1,7.5E-1));
#732=LINE('',#731,#730);
#733=DIRECTION('',(1.E0,0.E0,0.E0));
#734=VECTOR('',#733,6.2E0);
#735=CARTESIAN_POINT('',(-3.1E0,1.E-1,-7.5E-1));
#736=LINE('',#735,#734);
#737=DIRECTION('',(0.E0,0.E0,-1.E0));
#738=VECTOR('',#737,3.E-1);
#739=CARTESIAN_POINT('',(-1.15E0,9.E-1,-3.E0));
#740=LINE('',#739,#738);
#741=DIRECTION('',(0.E0,1.E0,0.E0));
#742=VECTOR('',#741,2.5E-1);
#743=CARTESIAN_POINT('',(-1.15E0,9.E-1,-3.3E0));
#744=LINE('',#743,#742);
#745=DIRECTION('',(0.E0,8.944271909999E-1,4.472135955E-1));
#746=VECTOR('',#745,6.708203932499E-1);
#747=CARTESIAN_POINT('',(-1.15E0,1.15E0,-3.3E0));
#748=LINE('',#747,#746);
#749=DIRECTION('',(0.E0,8.944271909999E-1,4.472135955E-1));
#750=VECTOR('',#749,6.708203932499E-1);
#751=CARTESIAN_POINT('',(1.15E0,1.15E0,-3.3E0));
#752=LINE('',#751,#750);
#753=DIRECTION('',(0.E0,1.E0,0.E0));
#754=VECTOR('',#753,2.5E-1);
#755=CARTESIAN_POINT('',(1.15E0,9.E-1,-3.3E0));
#756=LINE('',#755,#754);
#757=DIRECTION('',(0.E0,0.E0,-1.E0));
#758=VECTOR('',#757,3.E-1);
#759=CARTESIAN_POINT('',(1.15E0,9.E-1,-3.E0));
#760=LINE('',#759,#758);
#761=DIRECTION('',(1.E0,0.E0,0.E0));
#762=VECTOR('',#761,2.3E0);
#763=CARTESIAN_POINT('',(-1.15E0,1.15E0,-3.3E0));
#764=LINE('',#763,#762);
#765=DIRECTION('',(1.E0,0.E0,0.E0));
#766=VECTOR('',#765,2.3E0);
#767=CARTESIAN_POINT('',(-1.15E0,9.E-1,-3.3E0));
#768=LINE('',#767,#766);
#769=DIRECTION('',(1.E0,0.E0,7.305488751596E-14));
#770=VECTOR('',#769,1.306951298733E-1);
#771=CARTESIAN_POINT('',(3.1E0,2.8E-1,1.874999999999E0));
#772=LINE('',#771,#770);
#773=DIRECTION('',(1.E0,0.E0,7.305488751596E-14));
#774=VECTOR('',#773,1.306951298733E-1);
#775=CARTESIAN_POINT('',(3.1E0,5.8E-1,1.874999999999E0));
#776=LINE('',#775,#774);
#777=DIRECTION('',(1.E0,0.E0,7.475383838845E-14));
#778=VECTOR('',#777,1.306951298732E-1);
#779=CARTESIAN_POINT('',(3.1E0,5.8E-1,2.624999999999E0));
#780=LINE('',#779,#778);
#781=DIRECTION('',(0.E0,-1.E0,0.E0));
#782=VECTOR('',#781,3.E-1);
#783=CARTESIAN_POINT('',(3.230695129873E0,5.8E-1,2.624999999999E0));
#784=LINE('',#783,#782);
#785=DIRECTION('',(1.E0,0.E0,7.475383838845E-14));
#786=VECTOR('',#785,1.306951298732E-1);
#787=CARTESIAN_POINT('',(3.1E0,2.8E-1,2.624999999999E0));
#788=LINE('',#787,#786);
#789=CARTESIAN_POINT('',(3.230695129873E0,2.6E-1,2.624999999999E0));
#790=DIRECTION('',(7.579122514776E-14,0.E0,-1.E0));
#791=DIRECTION('',(0.E0,1.E0,0.E0));
#792=AXIS2_PLACEMENT_3D('',#789,#790,#791);
#794=DIRECTION('',(-9.853080203996E-1,-1.707867235359E-1,-7.253457094218E-14));
#795=VECTOR('',#794,3.E-1);
#796=CARTESIAN_POINT('',(3.545993696401E0,3.146517515315E-1,2.624999999999E0));
#797=LINE('',#796,#795);
#798=CARTESIAN_POINT('',(3.230695129873E0,2.6E-1,2.624999999999E0));
#799=DIRECTION('',(7.579122514776E-14,0.E0,-1.E0));
#800=DIRECTION('',(0.E0,1.E0,0.E0));
#801=AXIS2_PLACEMENT_3D('',#798,#799,#800);
#803=DIRECTION('',(7.579122514776E-14,0.E0,-1.E0));
#804=VECTOR('',#803,7.499999999999E-1);
#805=CARTESIAN_POINT('',(3.230695129873E0,5.8E-1,2.624999999999E0));
#806=LINE('',#805,#804);
#807=CARTESIAN_POINT('',(3.230695129873E0,2.6E-1,1.874999999999E0));
#808=DIRECTION('',(7.579122514776E-14,0.E0,-1.E0));
#809=DIRECTION('',(0.E0,1.E0,0.E0));
#810=AXIS2_PLACEMENT_3D('',#807,#808,#809);
#812=DIRECTION('',(0.E0,-1.E0,0.E0));
#813=VECTOR('',#812,3.E-1);
#814=CARTESIAN_POINT('',(3.230695129873E0,5.8E-1,1.874999999999E0));
#815=LINE('',#814,#813);
#816=CARTESIAN_POINT('',(3.230695129873E0,2.6E-1,1.874999999999E0));
#817=DIRECTION('',(7.579122514776E-14,0.E0,-1.E0));
#818=DIRECTION('',(0.E0,1.E0,0.E0));
#819=AXIS2_PLACEMENT_3D('',#816,#817,#818);
#821=DIRECTION('',(7.579122514776E-14,0.E0,-1.E0));
#822=VECTOR('',#821,7.499999999999E-1);
#823=CARTESIAN_POINT('',(3.230695129873E0,2.8E-1,2.624999999999E0));
#824=LINE('',#823,#822);
#825=DIRECTION('',(7.638334409422E-14,0.E0,-1.E0));
#826=VECTOR('',#825,7.499999999999E-1);
#827=CARTESIAN_POINT('',(3.250401290281E0,2.634157344707E-1,2.624999999999E0));
#828=LINE('',#827,#826);
#829=DIRECTION('',(1.707867235359E-1,-9.853080203996E-1,2.421834782019E-14));
#830=VECTOR('',#829,1.833689123417E-2);
#831=CARTESIAN_POINT('',(3.545993696401E0,3.146517515315E-1,2.624999999999E0));
#832=LINE('',#831,#830);
#833=DIRECTION('',(-9.853080203996E-1,-1.707867235359E-1,-7.401486830834E-14));
#834=VECTOR('',#833,3.E-1);
#835=CARTESIAN_POINT('',(3.549125393975E0,2.965842655293E-1,2.624999999999E0));
#836=LINE('',#835,#834);
#837=DIRECTION('',(1.707867235359E-1,-9.853080203996E-1,2.421834782019E-14));
#838=VECTOR('',#837,1.833689123417E-2);
#839=CARTESIAN_POINT('',(3.250401290281E0,2.634157344707E-1,2.624999999999E0));
#840=LINE('',#839,#838);
#841=DIRECTION('',(7.579122514776E-14,0.E0,-1.E0));
#842=VECTOR('',#841,7.499999999999E-1);
#843=CARTESIAN_POINT('',(3.545993696401E0,3.146517515315E-1,2.624999999999E0));
#844=LINE('',#843,#842);
#845=DIRECTION('',(1.707867235359E-1,-9.853080203996E-1,1.210917391010E-14));
#846=VECTOR('',#845,1.833689123416E-2);
#847=CARTESIAN_POINT('',(3.545993696401E0,3.146517515315E-1,1.874999999999E0));
#848=LINE('',#847,#846);
#849=DIRECTION('',(-9.853080203996E-1,-1.707867235359E-1,-7.549516567451E-14));
#850=VECTOR('',#849,3.E-1);
#851=CARTESIAN_POINT('',(3.545993696401E0,3.146517515315E-1,1.874999999999E0));
#852=LINE('',#851,#850);
#853=DIRECTION('',(1.707867235359E-1,-9.853080203996E-1,1.210917391010E-14));
#854=VECTOR('',#853,1.833689123417E-2);
#855=CARTESIAN_POINT('',(3.250401290281E0,2.634157344707E-1,1.874999999999E0));
#856=LINE('',#855,#854);
#857=CARTESIAN_POINT('',(3.568831554383E0,3.E-1,1.874999999999E0));
#858=DIRECTION('',(-7.579122514776E-14,0.E0,1.E0));
#859=DIRECTION('',(-9.853080203996E-1,-1.707867235359E-1,-7.771561172376E-14));
#860=AXIS2_PLACEMENT_3D('',#857,#858,#859);
#862=DIRECTION('',(-9.853080203996E-1,-1.707867235359E-1,-7.549516567451E-14));
#863=VECTOR('',#862,3.E-1);
#864=CARTESIAN_POINT('',(3.549125393975E0,2.965842655293E-1,1.874999999999E0));
#865=LINE('',#864,#863);
#866=CARTESIAN_POINT('',(3.568831554383E0,3.E-1,1.874999999999E0));
#867=DIRECTION('',(-7.579122514776E-14,0.E0,1.E0));
#868=DIRECTION('',(-9.853080203996E-1,-1.707867235359E-1,-7.494005416220E-14));
#869=AXIS2_PLACEMENT_3D('',#866,#867,#868);
#871=DIRECTION('',(7.579122514776E-14,0.E0,-1.E0));
#872=VECTOR('',#871,7.499999999999E-1);
#873=CARTESIAN_POINT('',(3.549125393975E0,2.965842655293E-1,2.624999999999E0));
#874=LINE('',#873,#872);
#875=CARTESIAN_POINT('',(3.568831554383E0,3.E-1,2.624999999999E0));
#876=DIRECTION('',(-7.579122514776E-14,0.E0,1.E0));
#877=DIRECTION('',(-9.853080203996E-1,-1.707867235359E-1,-6.661338147751E-14));
#878=AXIS2_PLACEMENT_3D('',#875,#876,#877);
#880=DIRECTION('',(0.E0,-1.E0,0.E0));
#881=VECTOR('',#880,3.E-1);
#882=CARTESIAN_POINT('',(3.568831554383E0,2.8E-1,2.624999999999E0));
#883=LINE('',#882,#881);
#884=CARTESIAN_POINT('',(3.568831554383E0,3.E-1,2.624999999999E0));
#885=DIRECTION('',(-7.579122514776E-14,0.E0,1.E0));
#886=DIRECTION('',(-9.853080203996E-1,-1.707867235359E-1,-7.494005416220E-14));
#887=AXIS2_PLACEMENT_3D('',#884,#885,#886);
#889=DIRECTION('',(1.E0,0.E0,7.458144742658E-14));
#890=VECTOR('',#889,6.311684456171E-1);
#891=CARTESIAN_POINT('',(3.568831554383E0,2.8E-1,2.624999999999E0));
#892=LINE('',#891,#890);
#893=DIRECTION('',(0.E0,-1.E0,0.E0));
#894=VECTOR('',#893,3.E-1);
#895=CARTESIAN_POINT('',(4.2E0,2.8E-1,2.624999999999E0));
#896=LINE('',#895,#894);
#897=DIRECTION('',(1.E0,0.E0,7.458144742658E-14));
#898=VECTOR('',#897,6.311684456171E-1);
#899=CARTESIAN_POINT('',(3.568831554383E0,-2.E-2,2.624999999999E0));
#900=LINE('',#899,#898);
#901=DIRECTION('',(7.579122514776E-14,0.E0,-1.E0));
#902=VECTOR('',#901,7.499999999999E-1);
#903=CARTESIAN_POINT('',(3.568831554383E0,2.8E-1,2.624999999999E0));
#904=LINE('',#903,#902);
#905=DIRECTION('',(1.E0,0.E0,7.458144742658E-14));
#906=VECTOR('',#905,6.311684456171E-1);
#907=CARTESIAN_POINT('',(3.568831554383E0,2.8E-1,1.874999999999E0));
#908=LINE('',#907,#906);
#909=DIRECTION('',(0.E0,-1.E0,0.E0));
#910=VECTOR('',#909,3.E-1);
#911=CARTESIAN_POINT('',(3.568831554383E0,2.8E-1,1.874999999999E0));
#912=LINE('',#911,#910);
#913=DIRECTION('',(1.E0,0.E0,7.458144742658E-14));
#914=VECTOR('',#913,6.311684456171E-1);
#915=CARTESIAN_POINT('',(3.568831554383E0,-2.E-2,1.874999999999E0));
#916=LINE('',#915,#914);
#917=DIRECTION('',(7.579122514776E-14,0.E0,-1.E0));
#918=VECTOR('',#917,7.499999999999E-1);
#919=CARTESIAN_POINT('',(3.568831554383E0,-2.E-2,2.624999999999E0));
#920=LINE('',#919,#918);
#921=DIRECTION('',(7.579122514776E-14,0.E0,-1.E0));
#922=VECTOR('',#921,7.499999999999E-1);
#923=CARTESIAN_POINT('',(4.2E0,2.8E-1,2.624999999999E0));
#924=LINE('',#923,#922);
#925=DIRECTION('',(0.E0,-1.E0,0.E0));
#926=VECTOR('',#925,3.E-1);
#927=CARTESIAN_POINT('',(4.2E0,2.8E-1,1.875E0));
#928=LINE('',#927,#926);
#929=DIRECTION('',(7.579122514776E-14,0.E0,-1.E0));
#930=VECTOR('',#929,7.499999999999E-1);
#931=CARTESIAN_POINT('',(4.2E0,-2.E-2,2.624999999999E0));
#932=LINE('',#931,#930);
#933=DIRECTION('',(7.579122514776E-14,0.E0,-1.E0));
#934=VECTOR('',#933,7.499999999999E-1);
#935=CARTESIAN_POINT('',(3.253532987855E0,2.453482484685E-1,2.624999999999E0));
#936=LINE('',#935,#934);
#937=DIRECTION('',(1.E0,0.E0,0.E0));
#938=VECTOR('',#937,1.306951298733E-1);
#939=CARTESIAN_POINT('',(3.1E0,2.8E-1,-2.625000000001E0));
#940=LINE('',#939,#938);
#941=DIRECTION('',(1.E0,0.E0,0.E0));
#942=VECTOR('',#941,1.306951298733E-1);
#943=CARTESIAN_POINT('',(3.1E0,5.8E-1,-2.625000000001E0));
#944=LINE('',#943,#942);
#945=DIRECTION('',(1.E0,0.E0,-6.456013315364E-14));
#946=VECTOR('',#945,1.306951298733E-1);
#947=CARTESIAN_POINT('',(3.1E0,5.8E-1,-1.875E0));
#948=LINE('',#947,#946);
#949=DIRECTION('',(0.E0,-1.E0,0.E0));
#950=VECTOR('',#949,3.E-1);
#951=CARTESIAN_POINT('',(3.230695129873E0,5.8E-1,-1.875E0));
#952=LINE('',#951,#950);
#953=DIRECTION('',(1.E0,0.E0,-6.795803489856E-14));
#954=VECTOR('',#953,1.306951298733E-1);
#955=CARTESIAN_POINT('',(3.1E0,2.8E-1,-1.875E0));
#956=LINE('',#955,#954);
#957=CARTESIAN_POINT('',(3.230695129873E0,2.6E-1,-1.875E0));
#958=DIRECTION('',(0.E0,0.E0,-1.E0));
#959=DIRECTION('',(0.E0,1.E0,0.E0));
#960=AXIS2_PLACEMENT_3D('',#957,#958,#959);
#962=DIRECTION('',(-9.853080203996E-1,-1.707867235359E-1,0.E0));
#963=VECTOR('',#962,3.E-1);
#964=CARTESIAN_POINT('',(3.545993696401E0,3.146517515315E-1,-1.875E0));
#965=LINE('',#964,#963);
#966=CARTESIAN_POINT('',(3.230695129873E0,2.6E-1,-1.875E0));
#967=DIRECTION('',(0.E0,0.E0,-1.E0));
#968=DIRECTION('',(0.E0,1.E0,0.E0));
#969=AXIS2_PLACEMENT_3D('',#966,#967,#968);
#971=DIRECTION('',(0.E0,0.E0,1.E0));
#972=VECTOR('',#971,7.500000000003E-1);
#973=CARTESIAN_POINT('',(3.230695129873E0,5.8E-1,-2.625000000001E0));
#974=LINE('',#973,#972);
#975=CARTESIAN_POINT('',(3.230695129873E0,2.6E-1,-2.625000000001E0));
#976=DIRECTION('',(0.E0,0.E0,-1.E0));
#977=DIRECTION('',(0.E0,1.E0,0.E0));
#978=AXIS2_PLACEMENT_3D('',#975,#976,#977);
#980=DIRECTION('',(0.E0,-1.E0,0.E0));
#981=VECTOR('',#980,3.E-1);
#982=CARTESIAN_POINT('',(3.230695129873E0,5.8E-1,-2.625000000001E0));
#983=LINE('',#982,#981);
#984=CARTESIAN_POINT('',(3.230695129873E0,2.6E-1,-2.625000000001E0));
#985=DIRECTION('',(0.E0,0.E0,-1.E0));
#986=DIRECTION('',(0.E0,1.E0,0.E0));
#987=AXIS2_PLACEMENT_3D('',#984,#985,#986);
#989=DIRECTION('',(0.E0,0.E0,1.E0));
#990=VECTOR('',#989,7.500000000003E-1);
#991=CARTESIAN_POINT('',(3.230695129873E0,2.8E-1,-2.625000000001E0));
#992=LINE('',#991,#990);
#993=DIRECTION('',(0.E0,0.E0,1.E0));
#994=VECTOR('',#993,7.500000000003E-1);
#995=CARTESIAN_POINT('',(3.250401290281E0,2.634157344707E-1,-2.625000000001E0));
#996=LINE('',#995,#994);
#997=DIRECTION('',(1.707867235359E-1,-9.853080203996E-1,0.E0));
#998=VECTOR('',#997,1.833689123417E-2);
#999=CARTESIAN_POINT('',(3.545993696401E0,3.146517515315E-1,-2.625000000001E0));
#1000=LINE('',#999,#998);
#1001=DIRECTION('',(-9.853080203996E-1,-1.707867235359E-1,0.E0));
#1002=VECTOR('',#1001,3.E-1);
#1003=CARTESIAN_POINT('',(3.545993696401E0,3.146517515315E-1,
-2.625000000001E0));
#1004=LINE('',#1003,#1002);
#1005=DIRECTION('',(1.707867235359E-1,-9.853080203996E-1,0.E0));
#1006=VECTOR('',#1005,1.833689123416E-2);
#1007=CARTESIAN_POINT('',(3.250401290281E0,2.634157344707E-1,
-2.625000000001E0));
#1008=LINE('',#1007,#1006);
#1009=DIRECTION('',(0.E0,0.E0,1.E0));
#1010=VECTOR('',#1009,7.500000000003E-1);
#1011=CARTESIAN_POINT('',(3.545993696401E0,3.146517515315E-1,
-2.625000000001E0));
#1012=LINE('',#1011,#1010);
#1013=DIRECTION('',(0.E0,0.E0,1.E0));
#1014=VECTOR('',#1013,7.500000000003E-1);
#1015=CARTESIAN_POINT('',(3.549125393975E0,2.965842655293E-1,
-2.625000000001E0));
#1016=LINE('',#1015,#1014);
#1017=CARTESIAN_POINT('',(3.568831554383E0,3.E-1,-2.625000000001E0));
#1018=DIRECTION('',(0.E0,0.E0,1.E0));
#1019=DIRECTION('',(-9.853080203996E-1,-1.707867235359E-1,0.E0));
#1020=AXIS2_PLACEMENT_3D('',#1017,#1018,#1019);
#1022=DIRECTION('',(-9.853080203996E-1,-1.707867235359E-1,0.E0));
#1023=VECTOR('',#1022,3.E-1);
#1024=CARTESIAN_POINT('',(3.549125393975E0,2.965842655293E-1,
-2.625000000001E0));
#1025=LINE('',#1024,#1023);
#1026=CARTESIAN_POINT('',(3.568831554383E0,3.E-1,-2.625000000001E0));
#1027=DIRECTION('',(0.E0,0.E0,1.E0));
#1028=DIRECTION('',(-9.853080203996E-1,-1.707867235359E-1,0.E0));
#1029=AXIS2_PLACEMENT_3D('',#1026,#1027,#1028);
#1031=DIRECTION('',(0.E0,0.E0,1.E0));
#1032=VECTOR('',#1031,7.500000000003E-1);
#1033=CARTESIAN_POINT('',(3.253532987855E0,2.453482484685E-1,
-2.625000000001E0));
#1034=LINE('',#1033,#1032);
#1035=CARTESIAN_POINT('',(3.568831554383E0,3.E-1,-1.875E0));
#1036=DIRECTION('',(0.E0,0.E0,1.E0));
#1037=DIRECTION('',(-9.853080203996E-1,-1.707867235359E-1,0.E0));
#1038=AXIS2_PLACEMENT_3D('',#1035,#1036,#1037);
#1040=DIRECTION('',(0.E0,-1.E0,0.E0));
#1041=VECTOR('',#1040,3.E-1);
#1042=CARTESIAN_POINT('',(3.568831554383E0,2.8E-1,-1.875E0));
#1043=LINE('',#1042,#1041);
#1044=CARTESIAN_POINT('',(3.568831554383E0,3.E-1,-1.875E0));
#1045=DIRECTION('',(0.E0,0.E0,1.E0));
#1046=DIRECTION('',(-9.853080203996E-1,-1.707867235359E-1,0.E0));
#1047=AXIS2_PLACEMENT_3D('',#1044,#1045,#1046);
#1049=DIRECTION('',(1.E0,0.E0,0.E0));
#1050=VECTOR('',#1049,6.311684456171E-1);
#1051=CARTESIAN_POINT('',(3.568831554383E0,2.8E-1,-1.875E0));
#1052=LINE('',#1051,#1050);
#1053=DIRECTION('',(0.E0,-1.E0,0.E0));
#1054=VECTOR('',#1053,3.E-1);
#1055=CARTESIAN_POINT('',(4.2E0,2.8E-1,-1.875E0));
#1056=LINE('',#1055,#1054);
#1057=DIRECTION('',(1.E0,0.E0,0.E0));
#1058=VECTOR('',#1057,6.311684456171E-1);
#1059=CARTESIAN_POINT('',(3.568831554383E0,-2.E-2,-1.875E0));
#1060=LINE('',#1059,#1058);
#1061=DIRECTION('',(0.E0,0.E0,1.E0));
#1062=VECTOR('',#1061,7.500000000003E-1);
#1063=CARTESIAN_POINT('',(3.568831554383E0,2.8E-1,-2.625000000001E0));
#1064=LINE('',#1063,#1062);
#1065=DIRECTION('',(1.E0,0.E0,0.E0));
#1066=VECTOR('',#1065,6.311684456171E-1);
#1067=CARTESIAN_POINT('',(3.568831554383E0,2.8E-1,-2.625000000001E0));
#1068=LINE('',#1067,#1066);
#1069=DIRECTION('',(0.E0,-1.E0,0.E0));
#1070=VECTOR('',#1069,3.E-1);
#1071=CARTESIAN_POINT('',(3.568831554383E0,2.8E-1,-2.625000000001E0));
#1072=LINE('',#1071,#1070);
#1073=DIRECTION('',(1.E0,0.E0,0.E0));
#1074=VECTOR('',#1073,6.311684456171E-1);
#1075=CARTESIAN_POINT('',(3.568831554383E0,-2.E-2,-2.625000000001E0));
#1076=LINE('',#1075,#1074);
#1077=DIRECTION('',(0.E0,0.E0,1.E0));
#1078=VECTOR('',#1077,7.500000000003E-1);
#1079=CARTESIAN_POINT('',(3.568831554383E0,-2.E-2,-2.625000000001E0));
#1080=LINE('',#1079,#1078);
#1081=DIRECTION('',(0.E0,0.E0,1.E0));
#1082=VECTOR('',#1081,7.500000000003E-1);
#1083=CARTESIAN_POINT('',(4.2E0,2.8E-1,-2.625000000001E0));
#1084=LINE('',#1083,#1082);
#1085=DIRECTION('',(0.E0,-1.E0,0.E0));
#1086=VECTOR('',#1085,3.E-1);
#1087=CARTESIAN_POINT('',(4.2E0,2.8E-1,-2.625000000001E0));
#1088=LINE('',#1087,#1086);
#1089=DIRECTION('',(0.E0,0.E0,1.E0));
#1090=VECTOR('',#1089,7.500000000003E-1);
#1091=CARTESIAN_POINT('',(4.2E0,-2.E-2,-2.625000000001E0));
#1092=LINE('',#1091,#1090);
#1093=DIRECTION('',(1.707867235359E-1,-9.853080203996E-1,0.E0));
#1094=VECTOR('',#1093,1.833689123417E-2);
#1095=CARTESIAN_POINT('',(3.545993696401E0,3.146517515315E-1,-1.875E0));
#1096=LINE('',#1095,#1094);
#1097=DIRECTION('',(-9.853080203996E-1,-1.707867235359E-1,0.E0));
#1098=VECTOR('',#1097,3.E-1);
#1099=CARTESIAN_POINT('',(3.549125393975E0,2.965842655293E-1,-1.875E0));
#1100=LINE('',#1099,#1098);
#1101=DIRECTION('',(1.707867235359E-1,-9.853080203996E-1,0.E0));
#1102=VECTOR('',#1101,1.833689123417E-2);
#1103=CARTESIAN_POINT('',(3.250401290281E0,2.634157344707E-1,-1.875E0));
#1104=LINE('',#1103,#1102);
#1105=DIRECTION('',(-1.E0,0.E0,0.E0));
#1106=VECTOR('',#1105,1.306951298733E-1);
#1107=CARTESIAN_POINT('',(-3.1E0,2.8E-1,2.624999999999E0));
#1108=LINE('',#1107,#1106);
#1109=DIRECTION('',(-1.E0,0.E0,0.E0));
#1110=VECTOR('',#1109,1.306951298733E-1);
#1111=CARTESIAN_POINT('',(-3.1E0,5.8E-1,2.624999999999E0));
#1112=LINE('',#1111,#1110);
#1113=DIRECTION('',(-1.E0,0.E0,0.E0));
#1114=VECTOR('',#1113,1.306951298733E-1);
#1115=CARTESIAN_POINT('',(-3.1E0,5.8E-1,1.875E0));
#1116=LINE('',#1115,#1114);
#1117=DIRECTION('',(0.E0,-1.E0,0.E0));
#1118=VECTOR('',#1117,3.E-1);
#1119=CARTESIAN_POINT('',(-3.230695129873E0,5.8E-1,1.875E0));
#1120=LINE('',#1119,#1118);
#1121=DIRECTION('',(-1.E0,0.E0,0.E0));
#1122=VECTOR('',#1121,1.306951298733E-1);
#1123=CARTESIAN_POINT('',(-3.1E0,2.8E-1,1.875E0));
#1124=LINE('',#1123,#1122);
#1125=CARTESIAN_POINT('',(-3.230695129873E0,2.6E-1,1.875E0));
#1126=DIRECTION('',(0.E0,0.E0,1.E0));
#1127=DIRECTION('',(0.E0,1.E0,0.E0));
#1128=AXIS2_PLACEMENT_3D('',#1125,#1126,#1127);
#1130=DIRECTION('',(9.853080203996E-1,-1.707867235359E-1,0.E0));
#1131=VECTOR('',#1130,3.E-1);
#1132=CARTESIAN_POINT('',(-3.545993696401E0,3.146517515315E-1,1.875E0));
#1133=LINE('',#1132,#1131);
#1134=CARTESIAN_POINT('',(-3.230695129873E0,2.6E-1,1.875E0));
#1135=DIRECTION('',(0.E0,0.E0,1.E0));
#1136=DIRECTION('',(0.E0,1.E0,0.E0));
#1137=AXIS2_PLACEMENT_3D('',#1134,#1135,#1136);
#1139=DIRECTION('',(0.E0,0.E0,-1.E0));
#1140=VECTOR('',#1139,7.499999999998E-1);
#1141=CARTESIAN_POINT('',(-3.230695129873E0,5.8E-1,2.624999999999E0));
#1142=LINE('',#1141,#1140);
#1143=CARTESIAN_POINT('',(-3.230695129873E0,2.6E-1,2.624999999999E0));
#1144=DIRECTION('',(0.E0,0.E0,1.E0));
#1145=DIRECTION('',(0.E0,1.E0,0.E0));
#1146=AXIS2_PLACEMENT_3D('',#1143,#1144,#1145);
#1148=DIRECTION('',(0.E0,-1.E0,0.E0));
#1149=VECTOR('',#1148,3.E-1);
#1150=CARTESIAN_POINT('',(-3.230695129873E0,5.8E-1,2.624999999999E0));
#1151=LINE('',#1150,#1149);
#1152=CARTESIAN_POINT('',(-3.230695129873E0,2.6E-1,2.624999999999E0));
#1153=DIRECTION('',(0.E0,0.E0,1.E0));
#1154=DIRECTION('',(0.E0,1.E0,0.E0));
#1155=AXIS2_PLACEMENT_3D('',#1152,#1153,#1154);
#1157=DIRECTION('',(0.E0,0.E0,-1.E0));
#1158=VECTOR('',#1157,7.499999999998E-1);
#1159=CARTESIAN_POINT('',(-3.230695129873E0,2.8E-1,2.624999999999E0));
#1160=LINE('',#1159,#1158);
#1161=DIRECTION('',(0.E0,0.E0,-1.E0));
#1162=VECTOR('',#1161,7.499999999998E-1);
#1163=CARTESIAN_POINT('',(-3.250401290281E0,2.634157344707E-1,
2.624999999999E0));
#1164=LINE('',#1163,#1162);
#1165=DIRECTION('',(-1.707867235359E-1,-9.853080203996E-1,0.E0));
#1166=VECTOR('',#1165,1.833689123417E-2);
#1167=CARTESIAN_POINT('',(-3.545993696401E0,3.146517515315E-1,
2.624999999999E0));
#1168=LINE('',#1167,#1166);
#1169=DIRECTION('',(9.853080203996E-1,-1.707867235359E-1,0.E0));
#1170=VECTOR('',#1169,3.E-1);
#1171=CARTESIAN_POINT('',(-3.545993696401E0,3.146517515315E-1,
2.624999999999E0));
#1172=LINE('',#1171,#1170);
#1173=DIRECTION('',(-1.707867235359E-1,-9.853080203996E-1,0.E0));
#1174=VECTOR('',#1173,1.833689123416E-2);
#1175=CARTESIAN_POINT('',(-3.250401290281E0,2.634157344707E-1,
2.624999999999E0));
#1176=LINE('',#1175,#1174);
#1177=DIRECTION('',(0.E0,0.E0,-1.E0));
#1178=VECTOR('',#1177,7.499999999998E-1);
#1179=CARTESIAN_POINT('',(-3.545993696401E0,3.146517515315E-1,
2.624999999999E0));
#1180=LINE('',#1179,#1178);
#1181=DIRECTION('',(0.E0,0.E0,-1.E0));
#1182=VECTOR('',#1181,7.499999999998E-1);
#1183=CARTESIAN_POINT('',(-3.549125393975E0,2.965842655293E-1,
2.624999999999E0));
#1184=LINE('',#1183,#1182);
#1185=CARTESIAN_POINT('',(-3.568831554383E0,3.E-1,2.624999999999E0));
#1186=DIRECTION('',(0.E0,0.E0,-1.E0));
#1187=DIRECTION('',(9.853080203996E-1,-1.707867235359E-1,0.E0));
#1188=AXIS2_PLACEMENT_3D('',#1185,#1186,#1187);
#1190=DIRECTION('',(9.853080203996E-1,-1.707867235359E-1,0.E0));
#1191=VECTOR('',#1190,3.E-1);
#1192=CARTESIAN_POINT('',(-3.549125393975E0,2.965842655293E-1,
2.624999999999E0));
#1193=LINE('',#1192,#1191);
#1194=CARTESIAN_POINT('',(-3.568831554383E0,3.E-1,2.624999999999E0));
#1195=DIRECTION('',(0.E0,0.E0,-1.E0));
#1196=DIRECTION('',(9.853080203996E-1,-1.707867235359E-1,0.E0));
#1197=AXIS2_PLACEMENT_3D('',#1194,#1195,#1196);
#1199=DIRECTION('',(0.E0,0.E0,-1.E0));
#1200=VECTOR('',#1199,7.499999999998E-1);
#1201=CARTESIAN_POINT('',(-3.253532987855E0,2.453482484685E-1,
2.624999999999E0));
#1202=LINE('',#1201,#1200);
#1203=CARTESIAN_POINT('',(-3.568831554383E0,3.E-1,1.875E0));
#1204=DIRECTION('',(0.E0,0.E0,-1.E0));
#1205=DIRECTION('',(9.853080203996E-1,-1.707867235359E-1,0.E0));
#1206=AXIS2_PLACEMENT_3D('',#1203,#1204,#1205);
#1208=DIRECTION('',(0.E0,-1.E0,0.E0));
#1209=VECTOR('',#1208,3.E-1);
#1210=CARTESIAN_POINT('',(-3.568831554383E0,2.8E-1,1.875E0));
#1211=LINE('',#1210,#1209);
#1212=CARTESIAN_POINT('',(-3.568831554383E0,3.E-1,1.875E0));
#1213=DIRECTION('',(0.E0,0.E0,-1.E0));
#1214=DIRECTION('',(9.853080203996E-1,-1.707867235359E-1,0.E0));
#1215=AXIS2_PLACEMENT_3D('',#1212,#1213,#1214);
#1217=DIRECTION('',(-1.E0,0.E0,0.E0));
#1218=VECTOR('',#1217,6.311684456171E-1);
#1219=CARTESIAN_POINT('',(-3.568831554383E0,2.8E-1,1.875E0));
#1220=LINE('',#1219,#1218);
#1221=DIRECTION('',(0.E0,-1.E0,0.E0));
#1222=VECTOR('',#1221,3.E-1);
#1223=CARTESIAN_POINT('',(-4.2E0,2.8E-1,1.875E0));
#1224=LINE('',#1223,#1222);
#1225=DIRECTION('',(-1.E0,0.E0,0.E0));
#1226=VECTOR('',#1225,6.311684456171E-1);
#1227=CARTESIAN_POINT('',(-3.568831554383E0,-2.E-2,1.875E0));
#1228=LINE('',#1227,#1226);
#1229=DIRECTION('',(0.E0,0.E0,-1.E0));
#1230=VECTOR('',#1229,7.499999999998E-1);
#1231=CARTESIAN_POINT('',(-3.568831554383E0,2.8E-1,2.624999999999E0));
#1232=LINE('',#1231,#1230);
#1233=DIRECTION('',(-1.E0,0.E0,0.E0));
#1234=VECTOR('',#1233,6.311684456171E-1);
#1235=CARTESIAN_POINT('',(-3.568831554383E0,2.8E-1,2.624999999999E0));
#1236=LINE('',#1235,#1234);
#1237=DIRECTION('',(0.E0,-1.E0,0.E0));
#1238=VECTOR('',#1237,3.E-1);
#1239=CARTESIAN_POINT('',(-3.568831554383E0,2.8E-1,2.624999999999E0));
#1240=LINE('',#1239,#1238);
#1241=DIRECTION('',(-1.E0,0.E0,0.E0));
#1242=VECTOR('',#1241,6.311684456171E-1);
#1243=CARTESIAN_POINT('',(-3.568831554383E0,-2.E-2,2.624999999999E0));
#1244=LINE('',#1243,#1242);
#1245=DIRECTION('',(0.E0,0.E0,-1.E0));
#1246=VECTOR('',#1245,7.499999999998E-1);
#1247=CARTESIAN_POINT('',(-3.568831554383E0,-2.E-2,2.624999999999E0));
#1248=LINE('',#1247,#1246);
#1249=DIRECTION('',(0.E0,0.E0,-1.E0));
#1250=VECTOR('',#1249,7.499999999998E-1);
#1251=CARTESIAN_POINT('',(-4.2E0,2.8E-1,2.624999999999E0));
#1252=LINE('',#1251,#1250);
#1253=DIRECTION('',(0.E0,-1.E0,0.E0));
#1254=VECTOR('',#1253,3.E-1);
#1255=CARTESIAN_POINT('',(-4.2E0,2.8E-1,2.624999999999E0));
#1256=LINE('',#1255,#1254);
#1257=DIRECTION('',(0.E0,0.E0,-1.E0));
#1258=VECTOR('',#1257,7.499999999998E-1);
#1259=CARTESIAN_POINT('',(-4.2E0,-2.E-2,2.624999999999E0));
#1260=LINE('',#1259,#1258);
#1261=DIRECTION('',(-1.707867235359E-1,-9.853080203996E-1,0.E0));
#1262=VECTOR('',#1261,1.833689123417E-2);
#1263=CARTESIAN_POINT('',(-3.545993696401E0,3.146517515315E-1,1.875E0));
#1264=LINE('',#1263,#1262);
#1265=DIRECTION('',(9.853080203996E-1,-1.707867235359E-1,0.E0));
#1266=VECTOR('',#1265,3.E-1);
#1267=CARTESIAN_POINT('',(-3.549125393975E0,2.965842655293E-1,1.875E0));
#1268=LINE('',#1267,#1266);
#1269=DIRECTION('',(-1.707867235359E-1,-9.853080203996E-1,0.E0));
#1270=VECTOR('',#1269,1.833689123417E-2);
#1271=CARTESIAN_POINT('',(-3.250401290281E0,2.634157344707E-1,1.875E0));
#1272=LINE('',#1271,#1270);
#1273=DIRECTION('',(-1.E0,0.E0,4.094471602639E-13));
#1274=VECTOR('',#1273,1.306951298733E-1);
#1275=CARTESIAN_POINT('',(-3.1E0,2.8E-1,-1.875E0));
#1276=LINE('',#1275,#1274);
#1277=DIRECTION('',(-1.E0,0.E0,4.094471602639E-13));
#1278=VECTOR('',#1277,1.306951298733E-1);
#1279=CARTESIAN_POINT('',(-3.1E0,5.8E-1,-1.875E0));
#1280=LINE('',#1279,#1278);
#1281=DIRECTION('',(-1.E0,0.E0,0.E0));
#1282=VECTOR('',#1281,1.306951298733E-1);
#1283=CARTESIAN_POINT('',(-3.1E0,5.8E-1,-2.625E0));
#1284=LINE('',#1283,#1282);
#1285=DIRECTION('',(0.E0,-1.E0,0.E0));
#1286=VECTOR('',#1285,3.E-1);
#1287=CARTESIAN_POINT('',(-3.230695129873E0,5.8E-1,-2.625E0));
#1288=LINE('',#1287,#1286);
#1289=DIRECTION('',(-1.E0,0.E0,0.E0));
#1290=VECTOR('',#1289,1.306951298733E-1);
#1291=CARTESIAN_POINT('',(-3.1E0,2.8E-1,-2.625E0));
#1292=LINE('',#1291,#1290);
#1293=CARTESIAN_POINT('',(-3.230695129873E0,2.6E-1,-2.625E0));
#1294=DIRECTION('',(0.E0,0.E0,1.E0));
#1295=DIRECTION('',(0.E0,1.E0,0.E0));
#1296=AXIS2_PLACEMENT_3D('',#1293,#1294,#1295);
#1298=DIRECTION('',(9.853080203996E-1,-1.707867235359E-1,0.E0));
#1299=VECTOR('',#1298,3.E-1);
#1300=CARTESIAN_POINT('',(-3.545993696401E0,3.146517515315E-1,-2.625E0));
#1301=LINE('',#1300,#1299);
#1302=CARTESIAN_POINT('',(-3.230695129873E0,2.6E-1,-2.625E0));
#1303=DIRECTION('',(0.E0,0.E0,1.E0));
#1304=DIRECTION('',(0.E0,1.E0,0.E0));
#1305=AXIS2_PLACEMENT_3D('',#1302,#1303,#1304);
#1307=DIRECTION('',(0.E0,0.E0,1.E0));
#1308=VECTOR('',#1307,7.500000000009E-1);
#1309=CARTESIAN_POINT('',(-3.230695129873E0,5.8E-1,-2.625E0));
#1310=LINE('',#1309,#1308);
#1311=CARTESIAN_POINT('',(-3.230695129873E0,2.6E-1,-1.875E0));
#1312=DIRECTION('',(0.E0,0.E0,1.E0));
#1313=DIRECTION('',(0.E0,1.E0,0.E0));
#1314=AXIS2_PLACEMENT_3D('',#1311,#1312,#1313);
#1316=DIRECTION('',(0.E0,-1.E0,0.E0));
#1317=VECTOR('',#1316,3.E-1);
#1318=CARTESIAN_POINT('',(-3.230695129873E0,5.8E-1,-1.875E0));
#1319=LINE('',#1318,#1317);
#1320=CARTESIAN_POINT('',(-3.230695129873E0,2.6E-1,-1.875E0));
#1321=DIRECTION('',(0.E0,0.E0,1.E0));
#1322=DIRECTION('',(0.E0,1.E0,0.E0));
#1323=AXIS2_PLACEMENT_3D('',#1320,#1321,#1322);
#1325=DIRECTION('',(0.E0,0.E0,1.E0));
#1326=VECTOR('',#1325,7.500000000009E-1);
#1327=CARTESIAN_POINT('',(-3.230695129873E0,2.8E-1,-2.625E0));
#1328=LINE('',#1327,#1326);
#1329=DIRECTION('',(0.E0,0.E0,1.E0));
#1330=VECTOR('',#1329,7.500000000009E-1);
#1331=CARTESIAN_POINT('',(-3.250401290281E0,2.634157344707E-1,-2.625E0));
#1332=LINE('',#1331,#1330);
#1333=DIRECTION('',(-1.707867235359E-1,-9.853080203996E-1,0.E0));
#1334=VECTOR('',#1333,1.833689123417E-2);
#1335=CARTESIAN_POINT('',(-3.545993696401E0,3.146517515315E-1,-2.625E0));
#1336=LINE('',#1335,#1334);
#1337=DIRECTION('',(9.853080203996E-1,-1.707867235359E-1,0.E0));
#1338=VECTOR('',#1337,3.E-1);
#1339=CARTESIAN_POINT('',(-3.549125393975E0,2.965842655293E-1,-2.625E0));
#1340=LINE('',#1339,#1338);
#1341=DIRECTION('',(-1.707867235359E-1,-9.853080203996E-1,0.E0));
#1342=VECTOR('',#1341,1.833689123417E-2);
#1343=CARTESIAN_POINT('',(-3.250401290281E0,2.634157344707E-1,-2.625E0));
#1344=LINE('',#1343,#1342);
#1345=DIRECTION('',(0.E0,0.E0,1.E0));
#1346=VECTOR('',#1345,7.500000000009E-1);
#1347=CARTESIAN_POINT('',(-3.545993696401E0,3.146517515315E-1,-2.625E0));
#1348=LINE('',#1347,#1346);
#1349=DIRECTION('',(-1.707867235359E-1,-9.853080203996E-1,0.E0));
#1350=VECTOR('',#1349,1.833689123416E-2);
#1351=CARTESIAN_POINT('',(-3.545993696401E0,3.146517515315E-1,-1.875E0));
#1352=LINE('',#1351,#1350);
#1353=DIRECTION('',(9.853080203996E-1,-1.707867235359E-1,0.E0));
#1354=VECTOR('',#1353,3.E-1);
#1355=CARTESIAN_POINT('',(-3.545993696401E0,3.146517515315E-1,-1.875E0));
#1356=LINE('',#1355,#1354);
#1357=DIRECTION('',(-1.707867235359E-1,-9.853080203996E-1,0.E0));
#1358=VECTOR('',#1357,1.833689123417E-2);
#1359=CARTESIAN_POINT('',(-3.250401290281E0,2.634157344707E-1,-1.875E0));
#1360=LINE('',#1359,#1358);
#1361=CARTESIAN_POINT('',(-3.568831554383E0,3.E-1,-1.875E0));
#1362=DIRECTION('',(0.E0,0.E0,-1.E0));
#1363=DIRECTION('',(9.853080203996E-1,-1.707867235359E-1,0.E0));
#1364=AXIS2_PLACEMENT_3D('',#1361,#1362,#1363);
#1366=DIRECTION('',(9.853080203996E-1,-1.707867235359E-1,0.E0));
#1367=VECTOR('',#1366,3.E-1);
#1368=CARTESIAN_POINT('',(-3.549125393975E0,2.965842655293E-1,-1.875E0));
#1369=LINE('',#1368,#1367);
#1370=CARTESIAN_POINT('',(-3.568831554383E0,3.E-1,-1.875E0));
#1371=DIRECTION('',(0.E0,0.E0,-1.E0));
#1372=DIRECTION('',(9.853080203996E-1,-1.707867235359E-1,0.E0));
#1373=AXIS2_PLACEMENT_3D('',#1370,#1371,#1372);
#1375=DIRECTION('',(0.E0,0.E0,1.E0));
#1376=VECTOR('',#1375,7.500000000009E-1);
#1377=CARTESIAN_POINT('',(-3.549125393975E0,2.965842655293E-1,-2.625E0));
#1378=LINE('',#1377,#1376);
#1379=CARTESIAN_POINT('',(-3.568831554383E0,3.E-1,-2.625E0));
#1380=DIRECTION('',(0.E0,0.E0,-1.E0));
#1381=DIRECTION('',(9.853080203996E-1,-1.707867235359E-1,0.E0));
#1382=AXIS2_PLACEMENT_3D('',#1379,#1380,#1381);
#1384=DIRECTION('',(0.E0,-1.E0,0.E0));
#1385=VECTOR('',#1384,3.E-1);
#1386=CARTESIAN_POINT('',(-3.568831554383E0,2.8E-1,-2.625E0));
#1387=LINE('',#1386,#1385);
#1388=CARTESIAN_POINT('',(-3.568831554383E0,3.E-1,-2.625E0));
#1389=DIRECTION('',(0.E0,0.E0,-1.E0));
#1390=DIRECTION('',(9.853080203996E-1,-1.707867235359E-1,0.E0));
#1391=AXIS2_PLACEMENT_3D('',#1388,#1389,#1390);
#1393=DIRECTION('',(-1.E0,0.E0,0.E0));
#1394=VECTOR('',#1393,6.311684456171E-1);
#1395=CARTESIAN_POINT('',(-3.568831554383E0,2.8E-1,-2.625E0));
#1396=LINE('',#1395,#1394);
#1397=DIRECTION('',(0.E0,-1.E0,0.E0));
#1398=VECTOR('',#1397,3.E-1);
#1399=CARTESIAN_POINT('',(-4.2E0,2.8E-1,-2.625E0));
#1400=LINE('',#1399,#1398);
#1401=DIRECTION('',(-1.E0,0.E0,0.E0));
#1402=VECTOR('',#1401,6.311684456171E-1);
#1403=CARTESIAN_POINT('',(-3.568831554383E0,-2.E-2,-2.625E0));
#1404=LINE('',#1403,#1402);
#1405=DIRECTION('',(0.E0,0.E0,1.E0));
#1406=VECTOR('',#1405,7.500000000009E-1);
#1407=CARTESIAN_POINT('',(-3.568831554383E0,2.8E-1,-2.625E0));
#1408=LINE('',#1407,#1406);
#1409=DIRECTION('',(-1.E0,0.E0,0.E0));
#1410=VECTOR('',#1409,6.311684456171E-1);
#1411=CARTESIAN_POINT('',(-3.568831554383E0,2.8E-1,-1.875E0));
#1412=LINE('',#1411,#1410);
#1413=DIRECTION('',(0.E0,-1.E0,0.E0));
#1414=VECTOR('',#1413,3.E-1);
#1415=CARTESIAN_POINT('',(-3.568831554383E0,2.8E-1,-1.875E0));
#1416=LINE('',#1415,#1414);
#1417=DIRECTION('',(-1.E0,0.E0,0.E0));
#1418=VECTOR('',#1417,6.311684456171E-1);
#1419=CARTESIAN_POINT('',(-3.568831554383E0,-2.E-2,-1.875E0));
#1420=LINE('',#1419,#1418);
#1421=DIRECTION('',(0.E0,0.E0,1.E0));
#1422=VECTOR('',#1421,7.500000000009E-1);
#1423=CARTESIAN_POINT('',(-3.568831554383E0,-2.E-2,-2.625E0));
#1424=LINE('',#1423,#1422);
#1425=DIRECTION('',(0.E0,0.E0,1.E0));
#1426=VECTOR('',#1425,7.500000000009E-1);
#1427=CARTESIAN_POINT('',(-4.2E0,2.8E-1,-2.625E0));
#1428=LINE('',#1427,#1426);
#1429=DIRECTION('',(0.E0,-1.E0,0.E0));
#1430=VECTOR('',#1429,3.E-1);
#1431=CARTESIAN_POINT('',(-4.2E0,2.8E-1,-1.875E0));
#1432=LINE('',#1431,#1430);
#1433=DIRECTION('',(0.E0,0.E0,1.E0));
#1434=VECTOR('',#1433,7.500000000009E-1);
#1435=CARTESIAN_POINT('',(-4.2E0,-2.E-2,-2.625E0));
#1436=LINE('',#1435,#1434);
#1437=DIRECTION('',(0.E0,0.E0,1.E0));
#1438=VECTOR('',#1437,7.500000000009E-1);
#1439=CARTESIAN_POINT('',(-3.253532987855E0,2.453482484685E-1,-2.625E0));
#1440=LINE('',#1439,#1438);
#1441=DIRECTION('',(0.E0,-8.944271909999E-1,4.472135955E-1));
#1442=VECTOR('',#1441,6.708203932499E-1);
#1443=CARTESIAN_POINT('',(-1.15E0,1.75E0,3.E0));
#1444=LINE('',#1443,#1442);
#1445=DIRECTION('',(0.E0,-1.E0,0.E0));
#1446=VECTOR('',#1445,2.5E-1);
#1447=CARTESIAN_POINT('',(-1.15E0,1.15E0,3.3E0));
#1448=LINE('',#1447,#1446);
#1449=DIRECTION('',(0.E0,0.E0,-1.E0));
#1450=VECTOR('',#1449,3.E-1);
#1451=CARTESIAN_POINT('',(-1.15E0,9.E-1,3.3E0));
#1452=LINE('',#1451,#1450);
#1453=DIRECTION('',(0.E0,0.E0,-1.E0));
#1454=VECTOR('',#1453,3.E-1);
#1455=CARTESIAN_POINT('',(1.15E0,9.E-1,3.3E0));
#1456=LINE('',#1455,#1454);
#1457=DIRECTION('',(0.E0,-1.E0,0.E0));
#1458=VECTOR('',#1457,2.5E-1);
#1459=CARTESIAN_POINT('',(1.15E0,1.15E0,3.3E0));
#1460=LINE('',#1459,#1458);
#1461=DIRECTION('',(0.E0,-8.944271909999E-1,4.472135955E-1));
#1462=VECTOR('',#1461,6.708203932499E-1);
#1463=CARTESIAN_POINT('',(1.15E0,1.75E0,3.E0));
#1464=LINE('',#1463,#1462);
#1465=DIRECTION('',(1.E0,0.E0,0.E0));
#1466=VECTOR('',#1465,2.3E0);
#1467=CARTESIAN_POINT('',(-1.15E0,9.E-1,3.3E0));
#1468=LINE('',#1467,#1466);
#1469=DIRECTION('',(1.E0,0.E0,0.E0));
#1470=VECTOR('',#1469,2.3E0);
#1471=CARTESIAN_POINT('',(-1.15E0,1.15E0,3.3E0));
#1472=LINE('',#1471,#1470);
#1473=CARTESIAN_POINT('',(-1.15E0,9.E-1,-3.3E0));
#1474=CARTESIAN_POINT('',(-1.15E0,1.15E0,-3.3E0));
#1475=VERTEX_POINT('',#1473);
#1476=VERTEX_POINT('',#1474);
#1477=CARTESIAN_POINT('',(-1.15E0,1.15E0,3.3E0));
#1478=CARTESIAN_POINT('',(-1.15E0,9.E-1,3.3E0));
#1479=VERTEX_POINT('',#1477);
#1480=VERTEX_POINT('',#1478);
#1481=CARTESIAN_POINT('',(1.15E0,9.E-1,-3.3E0));
#1482=CARTESIAN_POINT('',(1.15E0,1.15E0,-3.3E0));
#1483=VERTEX_POINT('',#1481);
#1484=VERTEX_POINT('',#1482);
#1485=CARTESIAN_POINT('',(1.15E0,1.15E0,3.3E0));
#1486=CARTESIAN_POINT('',(1.15E0,9.E-1,3.3E0));
#1487=VERTEX_POINT('',#1485);
#1488=VERTEX_POINT('',#1486);
#1489=CARTESIAN_POINT('',(-1.15E0,1.75E0,3.E0));
#1490=CARTESIAN_POINT('',(-1.15E0,9.E-1,3.E0));
#1491=VERTEX_POINT('',#1489);
#1492=VERTEX_POINT('',#1490);
#1493=CARTESIAN_POINT('',(1.15E0,1.75E0,3.E0));
#1494=CARTESIAN_POINT('',(1.15E0,9.E-1,3.E0));
#1495=VERTEX_POINT('',#1493);
#1496=VERTEX_POINT('',#1494);
#1497=CARTESIAN_POINT('',(-1.15E0,1.75E0,-3.E0));
#1498=CARTESIAN_POINT('',(-1.15E0,9.E-1,-3.E0));
#1499=VERTEX_POINT('',#1497);
#1500=VERTEX_POINT('',#1498);
#1501=CARTESIAN_POINT('',(1.15E0,1.75E0,-3.E0));
#1502=CARTESIAN_POINT('',(1.15E0,9.E-1,-3.E0));
#1503=VERTEX_POINT('',#1501);
#1504=VERTEX_POINT('',#1502);
#1505=CARTESIAN_POINT('',(-3.1E0,0.E0,-7.5E-1));
#1506=CARTESIAN_POINT('',(3.1E0,0.E0,-7.5E-1));
#1507=VERTEX_POINT('',#1505);
#1508=VERTEX_POINT('',#1506);
#1509=CARTESIAN_POINT('',(-3.1E0,0.E0,7.5E-1));
#1510=CARTESIAN_POINT('',(3.1E0,0.E0,7.5E-1));
#1511=VERTEX_POINT('',#1509);
#1512=VERTEX_POINT('',#1510);
#1513=CARTESIAN_POINT('',(-3.1E0,1.E-1,-7.5E-1));
#1514=CARTESIAN_POINT('',(-3.1E0,1.E-1,7.5E-1));
#1515=VERTEX_POINT('',#1513);
#1516=VERTEX_POINT('',#1514);
#1517=CARTESIAN_POINT('',(3.1E0,1.E-1,-7.5E-1));
#1518=CARTESIAN_POINT('',(3.1E0,1.E-1,7.5E-1));
#1519=VERTEX_POINT('',#1517);
#1520=VERTEX_POINT('',#1518);
#1521=CARTESIAN_POINT('',(3.1E0,0.E0,2.8E0));
#1522=CARTESIAN_POINT('',(2.9E0,0.E0,3.E0));
#1523=VERTEX_POINT('',#1521);
#1524=VERTEX_POINT('',#1522);
#1525=CARTESIAN_POINT('',(2.9E0,0.E0,-3.E0));
#1526=CARTESIAN_POINT('',(3.1E0,0.E0,-2.8E0));
#1527=VERTEX_POINT('',#1525);
#1528=VERTEX_POINT('',#1526);
#1529=CARTESIAN_POINT('',(-3.1E0,0.E0,-2.8E0));
#1530=CARTESIAN_POINT('',(-2.9E0,0.E0,-3.E0));
#1531=VERTEX_POINT('',#1529);
#1532=VERTEX_POINT('',#1530);
#1533=CARTESIAN_POINT('',(-2.9E0,0.E0,3.E0));
#1534=CARTESIAN_POINT('',(-3.1E0,0.E0,2.8E0));
#1535=VERTEX_POINT('',#1533);
#1536=VERTEX_POINT('',#1534);
#1537=CARTESIAN_POINT('',(-3.230695129873E0,5.8E-1,2.624999999999E0));
#1538=CARTESIAN_POINT('',(-3.545993696401E0,3.146517515315E-1,
2.624999999999E0));
#1539=VERTEX_POINT('',#1537);
#1540=VERTEX_POINT('',#1538);
#1541=CARTESIAN_POINT('',(-3.549125393975E0,2.965842655293E-1,
2.624999999999E0));
#1542=VERTEX_POINT('',#1541);
#1543=CARTESIAN_POINT('',(-3.568831554383E0,2.8E-1,2.624999999999E0));
#1544=VERTEX_POINT('',#1543);
#1545=CARTESIAN_POINT('',(-4.2E0,2.8E-1,2.624999999999E0));
#1546=VERTEX_POINT('',#1545);
#1547=CARTESIAN_POINT('',(-3.230695129873E0,5.8E-1,1.875E0));
#1548=CARTESIAN_POINT('',(-3.545993696401E0,3.146517515315E-1,1.875E0));
#1549=VERTEX_POINT('',#1547);
#1550=VERTEX_POINT('',#1548);
#1551=CARTESIAN_POINT('',(-3.549125393975E0,2.965842655293E-1,1.875E0));
#1552=VERTEX_POINT('',#1551);
#1553=CARTESIAN_POINT('',(-3.568831554383E0,2.8E-1,1.875E0));
#1554=VERTEX_POINT('',#1553);
#1555=CARTESIAN_POINT('',(-4.2E0,2.8E-1,1.875E0));
#1556=VERTEX_POINT('',#1555);
#1557=CARTESIAN_POINT('',(-3.230695129873E0,2.8E-1,2.624999999999E0));
#1558=CARTESIAN_POINT('',(-3.250401290281E0,2.634157344707E-1,
2.624999999999E0));
#1559=VERTEX_POINT('',#1557);
#1560=VERTEX_POINT('',#1558);
#1561=CARTESIAN_POINT('',(-3.253532987855E0,2.453482484685E-1,
2.624999999999E0));
#1562=VERTEX_POINT('',#1561);
#1563=CARTESIAN_POINT('',(-3.568831554383E0,-2.E-2,2.624999999999E0));
#1564=VERTEX_POINT('',#1563);
#1565=CARTESIAN_POINT('',(-4.2E0,-2.E-2,2.624999999999E0));
#1566=VERTEX_POINT('',#1565);
#1567=CARTESIAN_POINT('',(-3.230695129873E0,2.8E-1,1.875E0));
#1568=CARTESIAN_POINT('',(-3.250401290281E0,2.634157344707E-1,1.875E0));
#1569=VERTEX_POINT('',#1567);
#1570=VERTEX_POINT('',#1568);
#1571=CARTESIAN_POINT('',(-3.253532987855E0,2.453482484685E-1,1.875E0));
#1572=VERTEX_POINT('',#1571);
#1573=CARTESIAN_POINT('',(-3.568831554383E0,-2.E-2,1.875E0));
#1574=VERTEX_POINT('',#1573);
#1575=CARTESIAN_POINT('',(-4.2E0,-2.E-2,1.875E0));
#1576=VERTEX_POINT('',#1575);
#1577=CARTESIAN_POINT('',(-3.230695129873E0,5.8E-1,-2.625E0));
#1578=CARTESIAN_POINT('',(-3.545993696401E0,3.146517515315E-1,-2.625E0));
#1579=VERTEX_POINT('',#1577);
#1580=VERTEX_POINT('',#1578);
#1581=CARTESIAN_POINT('',(-3.549125393975E0,2.965842655293E-1,-2.625E0));
#1582=VERTEX_POINT('',#1581);
#1583=CARTESIAN_POINT('',(-3.568831554383E0,2.8E-1,-2.625E0));
#1584=VERTEX_POINT('',#1583);
#1585=CARTESIAN_POINT('',(-4.2E0,2.8E-1,-2.625E0));
#1586=VERTEX_POINT('',#1585);
#1587=CARTESIAN_POINT('',(-3.230695129873E0,5.8E-1,-1.875E0));
#1588=CARTESIAN_POINT('',(-3.545993696401E0,3.146517515315E-1,-1.875E0));
#1589=VERTEX_POINT('',#1587);
#1590=VERTEX_POINT('',#1588);
#1591=CARTESIAN_POINT('',(-3.549125393975E0,2.965842655293E-1,-1.875E0));
#1592=VERTEX_POINT('',#1591);
#1593=CARTESIAN_POINT('',(-3.568831554383E0,2.8E-1,-1.875E0));
#1594=VERTEX_POINT('',#1593);
#1595=CARTESIAN_POINT('',(-4.2E0,2.8E-1,-1.875E0));
#1596=VERTEX_POINT('',#1595);
#1597=CARTESIAN_POINT('',(-3.230695129873E0,2.8E-1,-2.625E0));
#1598=CARTESIAN_POINT('',(-3.250401290281E0,2.634157344707E-1,-2.625E0));
#1599=VERTEX_POINT('',#1597);
#1600=VERTEX_POINT('',#1598);
#1601=CARTESIAN_POINT('',(-3.253532987855E0,2.453482484685E-1,-2.625E0));
#1602=VERTEX_POINT('',#1601);
#1603=CARTESIAN_POINT('',(-3.568831554383E0,-2.E-2,-2.625E0));
#1604=VERTEX_POINT('',#1603);
#1605=CARTESIAN_POINT('',(-4.2E0,-2.E-2,-2.625E0));
#1606=VERTEX_POINT('',#1605);
#1607=CARTESIAN_POINT('',(-3.230695129873E0,2.8E-1,-1.875E0));
#1608=CARTESIAN_POINT('',(-3.250401290281E0,2.634157344707E-1,-1.875E0));
#1609=VERTEX_POINT('',#1607);
#1610=VERTEX_POINT('',#1608);
#1611=CARTESIAN_POINT('',(-3.253532987855E0,2.453482484685E-1,-1.875E0));
#1612=VERTEX_POINT('',#1611);
#1613=CARTESIAN_POINT('',(-3.568831554383E0,-2.E-2,-1.875E0));
#1614=VERTEX_POINT('',#1613);
#1615=CARTESIAN_POINT('',(-4.2E0,-2.E-2,-1.875E0));
#1616=VERTEX_POINT('',#1615);
#1617=CARTESIAN_POINT('',(3.230695129873E0,5.8E-1,2.624999999999E0));
#1618=CARTESIAN_POINT('',(3.545993696401E0,3.146517515315E-1,2.624999999999E0));
#1619=VERTEX_POINT('',#1617);
#1620=VERTEX_POINT('',#1618);
#1621=CARTESIAN_POINT('',(3.549125393975E0,2.965842655293E-1,2.624999999999E0));
#1622=VERTEX_POINT('',#1621);
#1623=CARTESIAN_POINT('',(3.568831554383E0,2.8E-1,2.624999999999E0));
#1624=VERTEX_POINT('',#1623);
#1625=CARTESIAN_POINT('',(4.2E0,2.8E-1,2.624999999999E0));
#1626=VERTEX_POINT('',#1625);
#1627=CARTESIAN_POINT('',(3.230695129873E0,5.8E-1,1.874999999999E0));
#1628=CARTESIAN_POINT('',(3.545993696401E0,3.146517515315E-1,1.874999999999E0));
#1629=VERTEX_POINT('',#1627);
#1630=VERTEX_POINT('',#1628);
#1631=CARTESIAN_POINT('',(3.549125393975E0,2.965842655293E-1,1.874999999999E0));
#1632=VERTEX_POINT('',#1631);
#1633=CARTESIAN_POINT('',(3.568831554383E0,2.8E-1,1.874999999999E0));
#1634=VERTEX_POINT('',#1633);
#1635=CARTESIAN_POINT('',(4.2E0,2.8E-1,1.875E0));
#1636=VERTEX_POINT('',#1635);
#1637=CARTESIAN_POINT('',(3.230695129873E0,2.8E-1,2.624999999999E0));
#1638=CARTESIAN_POINT('',(3.250401290281E0,2.634157344707E-1,2.624999999999E0));
#1639=VERTEX_POINT('',#1637);
#1640=VERTEX_POINT('',#1638);
#1641=CARTESIAN_POINT('',(3.253532987855E0,2.453482484685E-1,2.624999999999E0));
#1642=VERTEX_POINT('',#1641);
#1643=CARTESIAN_POINT('',(3.568831554383E0,-2.E-2,2.624999999999E0));
#1644=VERTEX_POINT('',#1643);
#1645=CARTESIAN_POINT('',(4.2E0,-2.E-2,2.624999999999E0));
#1646=VERTEX_POINT('',#1645);
#1647=CARTESIAN_POINT('',(3.230695129873E0,2.8E-1,1.874999999999E0));
#1648=CARTESIAN_POINT('',(3.250401290281E0,2.634157344707E-1,1.874999999999E0));
#1649=VERTEX_POINT('',#1647);
#1650=VERTEX_POINT('',#1648);
#1651=CARTESIAN_POINT('',(3.253532987855E0,2.453482484685E-1,1.874999999999E0));
#1652=VERTEX_POINT('',#1651);
#1653=CARTESIAN_POINT('',(3.568831554383E0,-2.E-2,1.874999999999E0));
#1654=VERTEX_POINT('',#1653);
#1655=CARTESIAN_POINT('',(4.2E0,-2.E-2,1.875E0));
#1656=VERTEX_POINT('',#1655);
#1657=CARTESIAN_POINT('',(3.230695129873E0,5.8E-1,-2.625000000001E0));
#1658=CARTESIAN_POINT('',(3.545993696401E0,3.146517515315E-1,
-2.625000000001E0));
#1659=VERTEX_POINT('',#1657);
#1660=VERTEX_POINT('',#1658);
#1661=CARTESIAN_POINT('',(3.549125393975E0,2.965842655293E-1,
-2.625000000001E0));
#1662=VERTEX_POINT('',#1661);
#1663=CARTESIAN_POINT('',(3.568831554383E0,2.8E-1,-2.625000000001E0));
#1664=VERTEX_POINT('',#1663);
#1665=CARTESIAN_POINT('',(4.2E0,2.8E-1,-2.625000000001E0));
#1666=VERTEX_POINT('',#1665);
#1667=CARTESIAN_POINT('',(3.230695129873E0,5.8E-1,-1.875E0));
#1668=CARTESIAN_POINT('',(3.545993696401E0,3.146517515315E-1,-1.875E0));
#1669=VERTEX_POINT('',#1667);
#1670=VERTEX_POINT('',#1668);
#1671=CARTESIAN_POINT('',(3.549125393975E0,2.965842655293E-1,-1.875E0));
#1672=VERTEX_POINT('',#1671);
#1673=CARTESIAN_POINT('',(3.568831554383E0,2.8E-1,-1.875E0));
#1674=VERTEX_POINT('',#1673);
#1675=CARTESIAN_POINT('',(4.2E0,2.8E-1,-1.875E0));
#1676=VERTEX_POINT('',#1675);
#1677=CARTESIAN_POINT('',(3.230695129873E0,2.8E-1,-2.625000000001E0));
#1678=CARTESIAN_POINT('',(3.250401290281E0,2.634157344707E-1,
-2.625000000001E0));
#1679=VERTEX_POINT('',#1677);
#1680=VERTEX_POINT('',#1678);
#1681=CARTESIAN_POINT('',(3.253532987855E0,2.453482484685E-1,
-2.625000000001E0));
#1682=VERTEX_POINT('',#1681);
#1683=CARTESIAN_POINT('',(3.568831554383E0,-2.E-2,-2.625000000001E0));
#1684=VERTEX_POINT('',#1683);
#1685=CARTESIAN_POINT('',(4.2E0,-2.E-2,-2.625000000001E0));
#1686=VERTEX_POINT('',#1685);
#1687=CARTESIAN_POINT('',(3.230695129873E0,2.8E-1,-1.875E0));
#1688=CARTESIAN_POINT('',(3.250401290281E0,2.634157344707E-1,-1.875E0));
#1689=VERTEX_POINT('',#1687);
#1690=VERTEX_POINT('',#1688);
#1691=CARTESIAN_POINT('',(3.253532987855E0,2.453482484685E-1,-1.875E0));
#1692=VERTEX_POINT('',#1691);
#1693=CARTESIAN_POINT('',(3.568831554383E0,-2.E-2,-1.875E0));
#1694=VERTEX_POINT('',#1693);
#1695=CARTESIAN_POINT('',(4.2E0,-2.E-2,-1.875E0));
#1696=VERTEX_POINT('',#1695);
#1697=CARTESIAN_POINT('',(-3.1E0,5.8E-1,2.624999999999E0));
#1698=CARTESIAN_POINT('',(-3.1E0,5.8E-1,1.875E0));
#1699=VERTEX_POINT('',#1697);
#1700=VERTEX_POINT('',#1698);
#1701=CARTESIAN_POINT('',(-3.1E0,5.8E-1,-1.875E0));
#1702=CARTESIAN_POINT('',(-3.1E0,5.8E-1,-2.625E0));
#1703=VERTEX_POINT('',#1701);
#1704=VERTEX_POINT('',#1702);
#1705=CARTESIAN_POINT('',(-3.1E0,2.8E-1,2.624999999999E0));
#1706=CARTESIAN_POINT('',(-3.1E0,2.8E-1,1.875E0));
#1707=VERTEX_POINT('',#1705);
#1708=VERTEX_POINT('',#1706);
#1709=CARTESIAN_POINT('',(-3.1E0,2.8E-1,-1.875E0));
#1710=CARTESIAN_POINT('',(-3.1E0,2.8E-1,-2.625E0));
#1711=VERTEX_POINT('',#1709);
#1712=VERTEX_POINT('',#1710);
#1713=CARTESIAN_POINT('',(3.1E0,5.8E-1,2.624999999999E0));
#1714=CARTESIAN_POINT('',(3.1E0,5.8E-1,1.874999999999E0));
#1715=VERTEX_POINT('',#1713);
#1716=VERTEX_POINT('',#1714);
#1717=CARTESIAN_POINT('',(3.1E0,5.8E-1,-1.875E0));
#1718=CARTESIAN_POINT('',(3.1E0,5.8E-1,-2.625000000001E0));
#1719=VERTEX_POINT('',#1717);
#1720=VERTEX_POINT('',#1718);
#1721=CARTESIAN_POINT('',(3.1E0,2.8E-1,2.624999999999E0));
#1722=CARTESIAN_POINT('',(3.1E0,2.8E-1,1.874999999999E0));
#1723=VERTEX_POINT('',#1721);
#1724=VERTEX_POINT('',#1722);
#1725=CARTESIAN_POINT('',(3.1E0,2.8E-1,-1.875E0));
#1726=CARTESIAN_POINT('',(3.1E0,2.8E-1,-2.625000000001E0));
#1727=VERTEX_POINT('',#1725);
#1728=VERTEX_POINT('',#1726);
#1729=CARTESIAN_POINT('',(1.291242001927E0,2.5E0,0.E0));
#1730=CARTESIAN_POINT('',(-1.291242001927E0,2.5E0,0.E0));
#1731=VERTEX_POINT('',#1729);
#1732=VERTEX_POINT('',#1730);
#1733=CARTESIAN_POINT('',(1.491211540958E0,2.303490481287E0,0.E0));
#1734=CARTESIAN_POINT('',(-1.491211540958E0,2.303490481287E0,0.E0));
#1735=VERTEX_POINT('',#1733);
#1736=VERTEX_POINT('',#1734);
#1737=CARTESIAN_POINT('',(-3.15E0,1.95E0,-3.05E0));
#1738=CARTESIAN_POINT('',(-3.15E0,1.95E0,3.05E0));
#1739=VERTEX_POINT('',#1737);
#1740=VERTEX_POINT('',#1738);
#1741=CARTESIAN_POINT('',(3.15E0,1.95E0,3.05E0));
#1742=CARTESIAN_POINT('',(3.15E0,1.95E0,-3.05E0));
#1743=VERTEX_POINT('',#1741);
#1744=VERTEX_POINT('',#1742);
#1745=CARTESIAN_POINT('',(-3.15E0,1.8E0,-3.05E0));
#1746=CARTESIAN_POINT('',(-3.15E0,1.8E0,3.05E0));
#1747=VERTEX_POINT('',#1745);
#1748=VERTEX_POINT('',#1746);
#1749=CARTESIAN_POINT('',(3.15E0,1.8E0,3.05E0));
#1750=CARTESIAN_POINT('',(3.15E0,1.8E0,-3.05E0));
#1751=VERTEX_POINT('',#1749);
#1752=VERTEX_POINT('',#1750);
#1753=CARTESIAN_POINT('',(-2.65E0,1.5E-1,-3.2E0));
#1754=CARTESIAN_POINT('',(-3.15E0,6.5E-1,-3.2E0));
#1755=VERTEX_POINT('',#1753);
#1756=VERTEX_POINT('',#1754);
#1757=CARTESIAN_POINT('',(-3.15E0,6.5E-1,-3.05E0));
#1758=VERTEX_POINT('',#1757);
#1759=CARTESIAN_POINT('',(-2.65E0,1.5E-1,-3.05E0));
#1760=VERTEX_POINT('',#1759);
#1761=CARTESIAN_POINT('',(3.15E0,6.5E-1,-3.2E0));
#1762=CARTESIAN_POINT('',(2.65E0,1.5E-1,-3.2E0));
#1763=VERTEX_POINT('',#1761);
#1764=VERTEX_POINT('',#1762);
#1765=CARTESIAN_POINT('',(2.65E0,1.5E-1,-3.05E0));
#1766=VERTEX_POINT('',#1765);
#1767=CARTESIAN_POINT('',(3.15E0,6.5E-1,-3.05E0));
#1768=VERTEX_POINT('',#1767);
#1769=CARTESIAN_POINT('',(-3.15E0,6.5E-1,3.2E0));
#1770=CARTESIAN_POINT('',(-2.65E0,1.5E-1,3.2E0));
#1771=VERTEX_POINT('',#1769);
#1772=VERTEX_POINT('',#1770);
#1773=CARTESIAN_POINT('',(-2.65E0,1.5E-1,3.05E0));
#1774=VERTEX_POINT('',#1773);
#1775=CARTESIAN_POINT('',(-3.15E0,6.5E-1,3.05E0));
#1776=VERTEX_POINT('',#1775);
#1777=CARTESIAN_POINT('',(2.65E0,1.5E-1,3.2E0));
#1778=CARTESIAN_POINT('',(3.15E0,6.5E-1,3.2E0));
#1779=VERTEX_POINT('',#1777);
#1780=VERTEX_POINT('',#1778);
#1781=CARTESIAN_POINT('',(3.15E0,6.5E-1,3.05E0));
#1782=VERTEX_POINT('',#1781);
#1783=CARTESIAN_POINT('',(2.65E0,1.5E-1,3.05E0));
#1784=VERTEX_POINT('',#1783);
#1785=CARTESIAN_POINT('',(3.15E0,1.8E0,-3.2E0));
#1786=VERTEX_POINT('',#1785);
#1787=CARTESIAN_POINT('',(-3.15E0,1.8E0,-3.2E0));
#1788=VERTEX_POINT('',#1787);
#1789=CARTESIAN_POINT('',(-3.15E0,1.8E0,3.2E0));
#1790=VERTEX_POINT('',#1789);
#1791=CARTESIAN_POINT('',(3.15E0,1.8E0,3.2E0));
#1792=VERTEX_POINT('',#1791);
#1793=CARTESIAN_POINT('',(-1.2E0,1.95E0,3.05E0));
#1794=CARTESIAN_POINT('',(-1.2E0,1.95E0,2.95E0));
#1795=VERTEX_POINT('',#1793);
#1796=VERTEX_POINT('',#1794);
#1797=CARTESIAN_POINT('',(1.2E0,1.95E0,2.95E0));
#1798=VERTEX_POINT('',#1797);
#1799=CARTESIAN_POINT('',(1.2E0,1.95E0,3.05E0));
#1800=VERTEX_POINT('',#1799);
#1801=CARTESIAN_POINT('',(1.2E0,1.95E0,-3.05E0));
#1802=CARTESIAN_POINT('',(1.2E0,1.95E0,-2.95E0));
#1803=VERTEX_POINT('',#1801);
#1804=VERTEX_POINT('',#1802);
#1805=CARTESIAN_POINT('',(-1.2E0,1.95E0,-2.95E0));
#1806=VERTEX_POINT('',#1805);
#1807=CARTESIAN_POINT('',(-1.2E0,1.95E0,-3.05E0));
#1808=VERTEX_POINT('',#1807);
#1809=CARTESIAN_POINT('',(-1.2E0,8.5E-1,-3.2E0));
#1810=CARTESIAN_POINT('',(1.2E0,8.5E-1,-3.2E0));
#1811=VERTEX_POINT('',#1809);
#1812=VERTEX_POINT('',#1810);
#1813=CARTESIAN_POINT('',(1.2E0,1.8E0,-3.2E0));
#1814=VERTEX_POINT('',#1813);
#1815=CARTESIAN_POINT('',(-1.2E0,1.8E0,-3.2E0));
#1816=VERTEX_POINT('',#1815);
#1817=CARTESIAN_POINT('',(-1.2E0,1.8E0,3.2E0));
#1818=CARTESIAN_POINT('',(-1.2E0,8.5E-1,3.2E0));
#1819=VERTEX_POINT('',#1817);
#1820=VERTEX_POINT('',#1818);
#1821=CARTESIAN_POINT('',(1.2E0,1.8E0,3.2E0));
#1822=CARTESIAN_POINT('',(1.2E0,8.5E-1,3.2E0));
#1823=VERTEX_POINT('',#1821);
#1824=VERTEX_POINT('',#1822);
#1825=CARTESIAN_POINT('',(-1.2E0,8.5E-1,-3.05E0));
#1826=CARTESIAN_POINT('',(1.2E0,8.5E-1,-3.05E0));
#1827=VERTEX_POINT('',#1825);
#1828=VERTEX_POINT('',#1826);
#1829=CARTESIAN_POINT('',(1.2E0,1.8E0,-3.05E0));
#1830=VERTEX_POINT('',#1829);
#1831=CARTESIAN_POINT('',(-1.2E0,1.8E0,-3.05E0));
#1832=VERTEX_POINT('',#1831);
#1833=CARTESIAN_POINT('',(-1.2E0,1.8E0,3.05E0));
#1834=CARTESIAN_POINT('',(-1.2E0,8.5E-1,3.05E0));
#1835=VERTEX_POINT('',#1833);
#1836=VERTEX_POINT('',#1834);
#1837=CARTESIAN_POINT('',(1.2E0,1.8E0,3.05E0));
#1838=CARTESIAN_POINT('',(1.2E0,8.5E-1,3.05E0));
#1839=VERTEX_POINT('',#1837);
#1840=VERTEX_POINT('',#1838);
#1841=CARTESIAN_POINT('',(-1.2E0,1.8E0,3.E0));
#1842=CARTESIAN_POINT('',(-1.2E0,1.8E0,2.95E0));
#1843=VERTEX_POINT('',#1841);
#1844=VERTEX_POINT('',#1842);
#1845=CARTESIAN_POINT('',(-1.2E0,1.8E0,-3.E0));
#1846=CARTESIAN_POINT('',(-1.2E0,1.8E0,-2.95E0));
#1847=VERTEX_POINT('',#1845);
#1848=VERTEX_POINT('',#1846);
#1849=CARTESIAN_POINT('',(1.2E0,1.8E0,-2.95E0));
#1850=VERTEX_POINT('',#1849);
#1851=CARTESIAN_POINT('',(1.2E0,1.8E0,-3.E0));
#1852=VERTEX_POINT('',#1851);
#1853=CARTESIAN_POINT('',(1.2E0,1.8E0,3.E0));
#1854=CARTESIAN_POINT('',(1.2E0,1.8E0,2.95E0));
#1855=VERTEX_POINT('',#1853);
#1856=VERTEX_POINT('',#1854);
#1857=CARTESIAN_POINT('',(-3.1E0,1.8E0,-2.8E0));
#1858=CARTESIAN_POINT('',(-3.1E0,1.8E0,2.8E0));
#1859=VERTEX_POINT('',#1857);
#1860=VERTEX_POINT('',#1858);
#1861=CARTESIAN_POINT('',(-2.9E0,1.8E0,3.E0));
#1862=VERTEX_POINT('',#1861);
#1863=CARTESIAN_POINT('',(2.9E0,1.8E0,3.E0));
#1864=VERTEX_POINT('',#1863);
#1865=CARTESIAN_POINT('',(3.1E0,1.8E0,2.8E0));
#1866=CARTESIAN_POINT('',(3.1E0,1.8E0,-2.8E0));
#1867=VERTEX_POINT('',#1865);
#1868=VERTEX_POINT('',#1866);
#1869=CARTESIAN_POINT('',(2.9E0,1.8E0,-3.E0));
#1870=VERTEX_POINT('',#1869);
#1871=CARTESIAN_POINT('',(-2.9E0,1.8E0,-3.E0));
#1872=VERTEX_POINT('',#1871);
#1873=CARTESIAN_POINT('',(1.497381740261E0,1.95E0,0.E0));
#1874=CARTESIAN_POINT('',(-1.497381740261E0,1.95E0,0.E0));
#1875=VERTEX_POINT('',#1873);
#1876=VERTEX_POINT('',#1874);
#1877=CARTESIAN_POINT('',(0.E0,0.E0,0.E0));
#1878=DIRECTION('',(0.E0,1.E0,0.E0));
#1879=DIRECTION('',(1.E0,0.E0,0.E0));
#1880=AXIS2_PLACEMENT_3D('',#1877,#1878,#1879);
#1881=PLANE('',#1880);
#1883=ORIENTED_EDGE('',*,*,#1882,.F.);
#1885=ORIENTED_EDGE('',*,*,#1884,.T.);
#1887=ORIENTED_EDGE('',*,*,#1886,.F.);
#1889=ORIENTED_EDGE('',*,*,#1888,.T.);
#1891=ORIENTED_EDGE('',*,*,#1890,.F.);
#1893=ORIENTED_EDGE('',*,*,#1892,.T.);
#1894=EDGE_LOOP('',(#1883,#1885,#1887,#1889,#1891,#1893));
#1895=FACE_OUTER_BOUND('',#1894,.F.);
#1896=ADVANCED_FACE('',(#1895),#1881,.F.);
#1897=CARTESIAN_POINT('',(2.9E0,4.14648E0,2.8E0));
#1898=DIRECTION('',(0.E0,-1.E0,0.E0));
#1899=DIRECTION('',(1.E0,0.E0,0.E0));
#1900=AXIS2_PLACEMENT_3D('',#1897,#1898,#1899);
#1901=CYLINDRICAL_SURFACE('',#1900,2.E-1);
#1903=ORIENTED_EDGE('',*,*,#1902,.F.);
#1905=ORIENTED_EDGE('',*,*,#1904,.T.);
#1906=ORIENTED_EDGE('',*,*,#1882,.T.);
#1908=ORIENTED_EDGE('',*,*,#1907,.F.);
#1909=EDGE_LOOP('',(#1903,#1905,#1906,#1908));
#1910=FACE_OUTER_BOUND('',#1909,.F.);
#1911=ADVANCED_FACE('',(#1910),#1901,.T.);
#1912=CARTESIAN_POINT('',(0.E0,1.8E0,0.E0));
#1913=DIRECTION('',(0.E0,1.E0,0.E0));
#1914=DIRECTION('',(1.E0,0.E0,0.E0));
#1915=AXIS2_PLACEMENT_3D('',#1912,#1913,#1914);
#1916=PLANE('',#1915);
#1918=ORIENTED_EDGE('',*,*,#1917,.F.);
#1920=ORIENTED_EDGE('',*,*,#1919,.F.);
#1922=ORIENTED_EDGE('',*,*,#1921,.F.);
#1924=ORIENTED_EDGE('',*,*,#1923,.T.);
#1926=ORIENTED_EDGE('',*,*,#1925,.F.);
#1928=ORIENTED_EDGE('',*,*,#1927,.T.);
#1930=ORIENTED_EDGE('',*,*,#1929,.F.);
#1932=ORIENTED_EDGE('',*,*,#1931,.T.);
#1934=ORIENTED_EDGE('',*,*,#1933,.F.);
#1935=ORIENTED_EDGE('',*,*,#1902,.T.);
#1936=EDGE_LOOP('',(#1918,#1920,#1922,#1924,#1926,#1928,#1930,#1932,#1934,
#1935));
#1937=FACE_OUTER_BOUND('',#1936,.F.);
#1938=ADVANCED_FACE('',(#1937),#1916,.F.);
#1939=CARTESIAN_POINT('',(-3.1E0,0.E0,3.E0));
#1940=DIRECTION('',(0.E0,0.E0,1.E0));
#1941=DIRECTION('',(1.E0,0.E0,0.E0));
#1942=AXIS2_PLACEMENT_3D('',#1939,#1940,#1941);
#1943=PLANE('',#1942);
#1945=ORIENTED_EDGE('',*,*,#1944,.T.);
#1946=ORIENTED_EDGE('',*,*,#1917,.T.);
#1947=ORIENTED_EDGE('',*,*,#1907,.T.);
#1948=ORIENTED_EDGE('',*,*,#1892,.F.);
#1950=ORIENTED_EDGE('',*,*,#1949,.F.);
#1952=ORIENTED_EDGE('',*,*,#1951,.T.);
#1953=EDGE_LOOP('',(#1945,#1946,#1947,#1948,#1950,#1952));
#1954=FACE_OUTER_BOUND('',#1953,.F.);
#1956=ORIENTED_EDGE('',*,*,#1955,.T.);
#1958=ORIENTED_EDGE('',*,*,#1957,.T.);
#1960=ORIENTED_EDGE('',*,*,#1959,.F.);
#1962=ORIENTED_EDGE('',*,*,#1961,.F.);
#1963=EDGE_LOOP('',(#1956,#1958,#1960,#1962));
#1964=FACE_BOUND('',#1963,.F.);
#1965=ADVANCED_FACE('',(#1954,#1964),#1943,.T.);
#1966=CARTESIAN_POINT('',(0.E0,1.8E0,0.E0));
#1967=DIRECTION('',(0.E0,1.E0,0.E0));
#1968=DIRECTION('',(1.E0,0.E0,0.E0));
#1969=AXIS2_PLACEMENT_3D('',#1966,#1967,#1968);
#1970=PLANE('',#1969);
#1972=ORIENTED_EDGE('',*,*,#1971,.T.);
#1974=ORIENTED_EDGE('',*,*,#1973,.T.);
#1976=ORIENTED_EDGE('',*,*,#1975,.F.);
#1977=ORIENTED_EDGE('',*,*,#1944,.F.);
#1978=EDGE_LOOP('',(#1972,#1974,#1976,#1977));
#1979=FACE_OUTER_BOUND('',#1978,.F.);
#1980=ADVANCED_FACE('',(#1979),#1970,.T.);
#1981=CARTESIAN_POINT('',(-1.2E0,1.875E0,3.E0));
#1982=DIRECTION('',(1.E0,0.E0,0.E0));
#1983=DIRECTION('',(0.E0,0.E0,-1.E0));
#1984=AXIS2_PLACEMENT_3D('',#1981,#1982,#1983);
#1985=PLANE('',#1984);
#1986=ORIENTED_EDGE('',*,*,#1971,.F.);
#1988=ORIENTED_EDGE('',*,*,#1987,.F.);
#1990=ORIENTED_EDGE('',*,*,#1989,.F.);
#1992=ORIENTED_EDGE('',*,*,#1991,.T.);
#1994=ORIENTED_EDGE('',*,*,#1993,.T.);
#1995=EDGE_LOOP('',(#1986,#1988,#1990,#1992,#1994));
#1996=FACE_OUTER_BOUND('',#1995,.F.);
#1997=ADVANCED_FACE('',(#1996),#1985,.T.);
#1998=CARTESIAN_POINT('',(0.E0,1.8E0,0.E0));
#1999=DIRECTION('',(0.E0,1.E0,0.E0));
#2000=DIRECTION('',(1.E0,0.E0,0.E0));
#2001=AXIS2_PLACEMENT_3D('',#1998,#1999,#2000);
#2002=PLANE('',#2001);
#2004=ORIENTED_EDGE('',*,*,#2003,.F.);
#2006=ORIENTED_EDGE('',*,*,#2005,.T.);
#2008=ORIENTED_EDGE('',*,*,#2007,.F.);
#2010=ORIENTED_EDGE('',*,*,#2009,.F.);
#2012=ORIENTED_EDGE('',*,*,#2011,.F.);
#2014=ORIENTED_EDGE('',*,*,#2013,.T.);
#2016=ORIENTED_EDGE('',*,*,#2015,.F.);
#2017=ORIENTED_EDGE('',*,*,#1987,.T.);
#2018=ORIENTED_EDGE('',*,*,#1951,.F.);
#2020=ORIENTED_EDGE('',*,*,#2019,.T.);
#2021=EDGE_LOOP('',(#2004,#2006,#2008,#2010,#2012,#2014,#2016,#2017,#2018,
#2020));
#2022=FACE_OUTER_BOUND('',#2021,.F.);
#2023=ADVANCED_FACE('',(#2022),#2002,.F.);
#2024=CARTESIAN_POINT('',(-3.1E0,0.E0,-3.E0));
#2025=DIRECTION('',(-1.E0,0.E0,0.E0));
#2026=DIRECTION('',(0.E0,0.E0,1.E0));
#2027=AXIS2_PLACEMENT_3D('',#2024,#2025,#2026);
#2028=PLANE('',#2027);
#2030=ORIENTED_EDGE('',*,*,#2029,.T.);
#2031=ORIENTED_EDGE('',*,*,#1888,.F.);
#2033=ORIENTED_EDGE('',*,*,#2032,.T.);
#2035=ORIENTED_EDGE('',*,*,#2034,.F.);
#2037=ORIENTED_EDGE('',*,*,#2036,.F.);
#2039=ORIENTED_EDGE('',*,*,#2038,.F.);
#2041=ORIENTED_EDGE('',*,*,#2040,.F.);
#2042=ORIENTED_EDGE('',*,*,#2003,.T.);
#2043=EDGE_LOOP('',(#2030,#2031,#2033,#2035,#2037,#2039,#2041,#2042));
#2044=FACE_OUTER_BOUND('',#2043,.F.);
#2046=ORIENTED_EDGE('',*,*,#2045,.T.);
#2048=ORIENTED_EDGE('',*,*,#2047,.F.);
#2050=ORIENTED_EDGE('',*,*,#2049,.F.);
#2052=ORIENTED_EDGE('',*,*,#2051,.T.);
#2053=EDGE_LOOP('',(#2046,#2048,#2050,#2052));
#2054=FACE_BOUND('',#2053,.F.);
#2056=ORIENTED_EDGE('',*,*,#2055,.T.);
#2058=ORIENTED_EDGE('',*,*,#2057,.F.);
#2060=ORIENTED_EDGE('',*,*,#2059,.F.);
#2062=ORIENTED_EDGE('',*,*,#2061,.F.);
#2063=EDGE_LOOP('',(#2056,#2058,#2060,#2062));
#2064=FACE_BOUND('',#2063,.F.);
#2065=ADVANCED_FACE('',(#2044,#2054,#2064),#2028,.T.);
#2066=CARTESIAN_POINT('',(-2.9E0,4.14648E0,2.8E0));
#2067=DIRECTION('',(0.E0,-1.E0,0.E0));
#2068=DIRECTION('',(0.E0,0.E0,1.E0));
#2069=AXIS2_PLACEMENT_3D('',#2066,#2067,#2068);
#2070=CYLINDRICAL_SURFACE('',#2069,2.E-1);
#2071=ORIENTED_EDGE('',*,*,#2019,.F.);
#2072=ORIENTED_EDGE('',*,*,#1949,.T.);
#2073=ORIENTED_EDGE('',*,*,#1890,.T.);
#2074=ORIENTED_EDGE('',*,*,#2029,.F.);
#2075=EDGE_LOOP('',(#2071,#2072,#2073,#2074));
#2076=FACE_OUTER_BOUND('',#2075,.F.);
#2077=ADVANCED_FACE('',(#2076),#2070,.T.);
#2078=CARTESIAN_POINT('',(3.1E0,0.E0,7.5E-1));
#2079=DIRECTION('',(0.E0,0.E0,1.E0));
#2080=DIRECTION('',(-1.E0,0.E0,0.E0));
#2081=AXIS2_PLACEMENT_3D('',#2078,#2079,#2080);
#2082=PLANE('',#2081);
#2083=ORIENTED_EDGE('',*,*,#1886,.T.);
#2085=ORIENTED_EDGE('',*,*,#2084,.T.);
#2087=ORIENTED_EDGE('',*,*,#2086,.T.);
#2088=ORIENTED_EDGE('',*,*,#2032,.F.);
#2089=EDGE_LOOP('',(#2083,#2085,#2087,#2088));
#2090=FACE_OUTER_BOUND('',#2089,.F.);
#2091=ADVANCED_FACE('',(#2090),#2082,.F.);
#2092=CARTESIAN_POINT('',(3.1E0,0.E0,3.E0));
#2093=DIRECTION('',(1.E0,0.E0,0.E0));
#2094=DIRECTION('',(0.E0,0.E0,-1.E0));
#2095=AXIS2_PLACEMENT_3D('',#2092,#2093,#2094);
#2096=PLANE('',#2095);
#2098=ORIENTED_EDGE('',*,*,#2097,.T.);
#2100=ORIENTED_EDGE('',*,*,#2099,.F.);
#2102=ORIENTED_EDGE('',*,*,#2101,.T.);
#2104=ORIENTED_EDGE('',*,*,#2103,.T.);
#2105=ORIENTED_EDGE('',*,*,#2084,.F.);
#2106=ORIENTED_EDGE('',*,*,#1884,.F.);
#2107=ORIENTED_EDGE('',*,*,#1904,.F.);
#2108=ORIENTED_EDGE('',*,*,#1933,.T.);
#2109=EDGE_LOOP('',(#2098,#2100,#2102,#2104,#2105,#2106,#2107,#2108));
#2110=FACE_OUTER_BOUND('',#2109,.F.);
#2112=ORIENTED_EDGE('',*,*,#2111,.F.);
#2114=ORIENTED_EDGE('',*,*,#2113,.F.);
#2116=ORIENTED_EDGE('',*,*,#2115,.T.);
#2118=ORIENTED_EDGE('',*,*,#2117,.T.);
#2119=EDGE_LOOP('',(#2112,#2114,#2116,#2118));
#2120=FACE_BOUND('',#2119,.F.);
#2122=ORIENTED_EDGE('',*,*,#2121,.F.);
#2124=ORIENTED_EDGE('',*,*,#2123,.T.);
#2126=ORIENTED_EDGE('',*,*,#2125,.T.);
#2128=ORIENTED_EDGE('',*,*,#2127,.T.);
#2129=EDGE_LOOP('',(#2122,#2124,#2126,#2128));
#2130=FACE_BOUND('',#2129,.F.);
#2131=ADVANCED_FACE('',(#2110,#2120,#2130),#2096,.T.);
#2132=CARTESIAN_POINT('',(2.9E0,4.14648E0,-2.8E0));
#2133=DIRECTION('',(0.E0,-1.E0,0.E0));
#2134=DIRECTION('',(0.E0,0.E0,-1.E0));
#2135=AXIS2_PLACEMENT_3D('',#2132,#2133,#2134);
#2136=CYLINDRICAL_SURFACE('',#2135,2.E-1);
#2137=ORIENTED_EDGE('',*,*,#1931,.F.);
#2139=ORIENTED_EDGE('',*,*,#2138,.T.);
#2141=ORIENTED_EDGE('',*,*,#2140,.T.);
#2142=ORIENTED_EDGE('',*,*,#2097,.F.);
#2143=EDGE_LOOP('',(#2137,#2139,#2141,#2142));
#2144=FACE_OUTER_BOUND('',#2143,.F.);
#2145=ADVANCED_FACE('',(#2144),#2136,.T.);
#2146=CARTESIAN_POINT('',(3.1E0,0.E0,-3.E0));
#2147=DIRECTION('',(0.E0,0.E0,-1.E0));
#2148=DIRECTION('',(-1.E0,0.E0,0.E0));
#2149=AXIS2_PLACEMENT_3D('',#2146,#2147,#2148);
#2150=PLANE('',#2149);
#2152=ORIENTED_EDGE('',*,*,#2151,.T.);
#2153=ORIENTED_EDGE('',*,*,#2007,.T.);
#2155=ORIENTED_EDGE('',*,*,#2154,.T.);
#2157=ORIENTED_EDGE('',*,*,#2156,.F.);
#2158=ORIENTED_EDGE('',*,*,#2138,.F.);
#2159=ORIENTED_EDGE('',*,*,#1929,.T.);
#2160=EDGE_LOOP('',(#2152,#2153,#2155,#2157,#2158,#2159));
#2161=FACE_OUTER_BOUND('',#2160,.F.);
#2163=ORIENTED_EDGE('',*,*,#2162,.F.);
#2165=ORIENTED_EDGE('',*,*,#2164,.T.);
#2167=ORIENTED_EDGE('',*,*,#2166,.T.);
#2169=ORIENTED_EDGE('',*,*,#2168,.F.);
#2170=EDGE_LOOP('',(#2163,#2165,#2167,#2169));
#2171=FACE_BOUND('',#2170,.F.);
#2172=ADVANCED_FACE('',(#2161,#2171),#2150,.T.);
#2173=CARTESIAN_POINT('',(0.E0,1.8E0,0.E0));
#2174=DIRECTION('',(0.E0,1.E0,0.E0));
#2175=DIRECTION('',(1.E0,0.E0,0.E0));
#2176=AXIS2_PLACEMENT_3D('',#2173,#2174,#2175);
#2177=PLANE('',#2176);
#2179=ORIENTED_EDGE('',*,*,#2178,.F.);
#2180=ORIENTED_EDGE('',*,*,#2151,.F.);
#2182=ORIENTED_EDGE('',*,*,#2181,.T.);
#2184=ORIENTED_EDGE('',*,*,#2183,.T.);
#2185=EDGE_LOOP('',(#2179,#2180,#2182,#2184));
#2186=FACE_OUTER_BOUND('',#2185,.F.);
#2187=ADVANCED_FACE('',(#2186),#2177,.T.);
#2188=CARTESIAN_POINT('',(-1.2E0,1.875E0,-3.E0));
#2189=DIRECTION('',(-1.E0,0.E0,0.E0));
#2190=DIRECTION('',(0.E0,0.E0,1.E0));
#2191=AXIS2_PLACEMENT_3D('',#2188,#2189,#2190);
#2192=PLANE('',#2191);
#2193=ORIENTED_EDGE('',*,*,#2178,.T.);
#2195=ORIENTED_EDGE('',*,*,#2194,.F.);
#2197=ORIENTED_EDGE('',*,*,#2196,.F.);
#2199=ORIENTED_EDGE('',*,*,#2198,.T.);
#2200=ORIENTED_EDGE('',*,*,#2009,.T.);
#2201=EDGE_LOOP('',(#2193,#2195,#2197,#2199,#2200));
#2202=FACE_OUTER_BOUND('',#2201,.F.);
#2203=ADVANCED_FACE('',(#2202),#2192,.F.);
#2204=CARTESIAN_POINT('',(0.E0,1.875E0,-2.95E0));
#2205=DIRECTION('',(0.E0,0.E0,-1.E0));
#2206=DIRECTION('',(-1.E0,0.E0,0.E0));
#2207=AXIS2_PLACEMENT_3D('',#2204,#2205,#2206);
#2208=PLANE('',#2207);
#2209=ORIENTED_EDGE('',*,*,#2183,.F.);
#2211=ORIENTED_EDGE('',*,*,#2210,.F.);
#2213=ORIENTED_EDGE('',*,*,#2212,.T.);
#2214=ORIENTED_EDGE('',*,*,#2194,.T.);
#2215=EDGE_LOOP('',(#2209,#2211,#2213,#2214));
#2216=FACE_OUTER_BOUND('',#2215,.F.);
#2217=ADVANCED_FACE('',(#2216),#2208,.T.);
#2218=CARTESIAN_POINT('',(1.2E0,1.875E0,-3.E0));
#2219=DIRECTION('',(-1.E0,0.E0,0.E0));
#2220=DIRECTION('',(0.E0,0.E0,1.E0));
#2221=AXIS2_PLACEMENT_3D('',#2218,#2219,#2220);
#2222=PLANE('',#2221);
#2223=ORIENTED_EDGE('',*,*,#2181,.F.);
#2224=ORIENTED_EDGE('',*,*,#1927,.F.);
#2226=ORIENTED_EDGE('',*,*,#2225,.F.);
#2228=ORIENTED_EDGE('',*,*,#2227,.T.);
#2229=ORIENTED_EDGE('',*,*,#2210,.T.);
#2230=EDGE_LOOP('',(#2223,#2224,#2226,#2228,#2229));
#2231=FACE_OUTER_BOUND('',#2230,.F.);
#2232=ADVANCED_FACE('',(#2231),#2222,.T.);
#2233=CARTESIAN_POINT('',(1.2E0,1.875E0,-3.0875E0));
#2234=DIRECTION('',(1.E0,0.E0,0.E0));
#2235=DIRECTION('',(0.E0,0.E0,-1.E0));
#2236=AXIS2_PLACEMENT_3D('',#2233,#2234,#2235);
#2237=PLANE('',#2236);
#2239=ORIENTED_EDGE('',*,*,#2238,.F.);
#2240=ORIENTED_EDGE('',*,*,#2225,.T.);
#2242=ORIENTED_EDGE('',*,*,#2241,.F.);
#2243=EDGE_LOOP('',(#2239,#2240,#2242));
#2244=FACE_OUTER_BOUND('',#2243,.F.);
#2245=ADVANCED_FACE('',(#2244),#2237,.F.);
#2246=CARTESIAN_POINT('',(-3.15E0,1.8E0,-3.05E0));
#2247=DIRECTION('',(1.E0,0.E0,0.E0));
#2248=DIRECTION('',(0.E0,0.E0,-1.E0));
#2249=AXIS2_PLACEMENT_3D('',#2246,#2247,#2248);
#2250=CYLINDRICAL_SURFACE('',#2249,1.5E-1);
#2251=ORIENTED_EDGE('',*,*,#2238,.T.);
#2253=ORIENTED_EDGE('',*,*,#2252,.T.);
#2255=ORIENTED_EDGE('',*,*,#2254,.T.);
#2257=ORIENTED_EDGE('',*,*,#2256,.F.);
#2258=EDGE_LOOP('',(#2251,#2253,#2255,#2257));
#2259=FACE_OUTER_BOUND('',#2258,.F.);
#2260=ADVANCED_FACE('',(#2259),#2250,.T.);
#2261=CARTESIAN_POINT('',(1.65312E0,1.95E0,-3.2E0));
#2262=DIRECTION('',(0.E0,0.E0,-1.E0));
#2263=DIRECTION('',(1.E0,0.E0,0.E0));
#2264=AXIS2_PLACEMENT_3D('',#2261,#2262,#2263);
#2265=PLANE('',#2264);
#2267=ORIENTED_EDGE('',*,*,#2266,.F.);
#2269=ORIENTED_EDGE('',*,*,#2268,.F.);
#2271=ORIENTED_EDGE('',*,*,#2270,.F.);
#2273=ORIENTED_EDGE('',*,*,#2272,.F.);
#2275=ORIENTED_EDGE('',*,*,#2274,.F.);
#2277=ORIENTED_EDGE('',*,*,#2276,.F.);
#2279=ORIENTED_EDGE('',*,*,#2278,.F.);
#2281=ORIENTED_EDGE('',*,*,#2280,.F.);
#2282=ORIENTED_EDGE('',*,*,#2252,.F.);
#2284=ORIENTED_EDGE('',*,*,#2283,.T.);
#2285=EDGE_LOOP('',(#2267,#2269,#2271,#2273,#2275,#2277,#2279,#2281,#2282,
#2284));
#2286=FACE_OUTER_BOUND('',#2285,.F.);
#2287=ADVANCED_FACE('',(#2286),#2265,.T.);
#2288=CARTESIAN_POINT('',(0.E0,8.5E-1,-3.125E0));
#2289=DIRECTION('',(0.E0,1.E0,0.E0));
#2290=DIRECTION('',(1.E0,0.E0,0.E0));
#2291=AXIS2_PLACEMENT_3D('',#2288,#2289,#2290);
#2292=PLANE('',#2291);
#2293=ORIENTED_EDGE('',*,*,#2266,.T.);
#2295=ORIENTED_EDGE('',*,*,#2294,.T.);
#2297=ORIENTED_EDGE('',*,*,#2296,.F.);
#2299=ORIENTED_EDGE('',*,*,#2298,.F.);
#2300=EDGE_LOOP('',(#2293,#2295,#2297,#2299));
#2301=FACE_OUTER_BOUND('',#2300,.F.);
#2302=ADVANCED_FACE('',(#2301),#2292,.T.);
#2303=CARTESIAN_POINT('',(1.2E0,1.325E0,-3.125E0));
#2304=DIRECTION('',(1.E0,0.E0,0.E0));
#2305=DIRECTION('',(0.E0,-1.E0,0.E0));
#2306=AXIS2_PLACEMENT_3D('',#2303,#2304,#2305);
#2307=PLANE('',#2306);
#2308=ORIENTED_EDGE('',*,*,#2283,.F.);
#2309=ORIENTED_EDGE('',*,*,#2241,.T.);
#2311=ORIENTED_EDGE('',*,*,#2310,.T.);
#2312=ORIENTED_EDGE('',*,*,#2294,.F.);
#2313=EDGE_LOOP('',(#2308,#2309,#2311,#2312));
#2314=FACE_OUTER_BOUND('',#2313,.F.);
#2315=ADVANCED_FACE('',(#2314),#2307,.F.);
#2316=CARTESIAN_POINT('',(1.65312E0,1.95E0,-3.05E0));
#2317=DIRECTION('',(0.E0,0.E0,-1.E0));
#2318=DIRECTION('',(1.E0,0.E0,0.E0));
#2319=AXIS2_PLACEMENT_3D('',#2316,#2317,#2318);
#2320=PLANE('',#2319);
#2321=ORIENTED_EDGE('',*,*,#2296,.T.);
#2322=ORIENTED_EDGE('',*,*,#2310,.F.);
#2323=ORIENTED_EDGE('',*,*,#1925,.T.);
#2325=ORIENTED_EDGE('',*,*,#2324,.T.);
#2327=ORIENTED_EDGE('',*,*,#2326,.F.);
#2329=ORIENTED_EDGE('',*,*,#2328,.T.);
#2331=ORIENTED_EDGE('',*,*,#2330,.F.);
#2333=ORIENTED_EDGE('',*,*,#2332,.T.);
#2334=ORIENTED_EDGE('',*,*,#2011,.T.);
#2336=ORIENTED_EDGE('',*,*,#2335,.T.);
#2337=EDGE_LOOP('',(#2321,#2322,#2323,#2325,#2327,#2329,#2331,#2333,#2334,
#2336));
#2338=FACE_OUTER_BOUND('',#2337,.F.);
#2339=ADVANCED_FACE('',(#2338),#2320,.F.);
#2340=CARTESIAN_POINT('',(3.15E0,9.75E-1,-3.125E0));
#2341=DIRECTION('',(1.E0,0.E0,0.E0));
#2342=DIRECTION('',(0.E0,-1.E0,0.E0));
#2343=AXIS2_PLACEMENT_3D('',#2340,#2341,#2342);
#2344=PLANE('',#2343);
#2346=ORIENTED_EDGE('',*,*,#2345,.F.);
#2347=ORIENTED_EDGE('',*,*,#2324,.F.);
#2349=ORIENTED_EDGE('',*,*,#2348,.F.);
#2350=ORIENTED_EDGE('',*,*,#2280,.T.);
#2351=EDGE_LOOP('',(#2346,#2347,#2349,#2350));
#2352=FACE_OUTER_BOUND('',#2351,.F.);
#2353=ADVANCED_FACE('',(#2352),#2344,.T.);
#2354=CARTESIAN_POINT('',(2.9E0,4.E-1,-3.125E0));
#2355=DIRECTION('',(7.071067811865E-1,-7.071067811865E-1,0.E0));
#2356=DIRECTION('',(-7.071067811865E-1,-7.071067811865E-1,0.E0));
#2357=AXIS2_PLACEMENT_3D('',#2354,#2355,#2356);
#2358=PLANE('',#2357);
#2359=ORIENTED_EDGE('',*,*,#2278,.T.);
#2361=ORIENTED_EDGE('',*,*,#2360,.F.);
#2362=ORIENTED_EDGE('',*,*,#2326,.T.);
#2363=ORIENTED_EDGE('',*,*,#2345,.T.);
#2364=EDGE_LOOP('',(#2359,#2361,#2362,#2363));
#2365=FACE_OUTER_BOUND('',#2364,.F.);
#2366=ADVANCED_FACE('',(#2365),#2358,.T.);
#2367=CARTESIAN_POINT('',(0.E0,1.5E-1,-3.125E0));
#2368=DIRECTION('',(0.E0,-1.E0,0.E0));
#2369=DIRECTION('',(-1.E0,0.E0,0.E0));
#2370=AXIS2_PLACEMENT_3D('',#2367,#2368,#2369);
#2371=PLANE('',#2370);
#2373=ORIENTED_EDGE('',*,*,#2372,.F.);
#2374=ORIENTED_EDGE('',*,*,#2328,.F.);
#2375=ORIENTED_EDGE('',*,*,#2360,.T.);
#2376=ORIENTED_EDGE('',*,*,#2276,.T.);
#2377=EDGE_LOOP('',(#2373,#2374,#2375,#2376));
#2378=FACE_OUTER_BOUND('',#2377,.F.);
#2379=ADVANCED_FACE('',(#2378),#2371,.T.);
#2380=CARTESIAN_POINT('',(-2.9E0,4.E-1,-3.125E0));
#2381=DIRECTION('',(-7.071067811865E-1,-7.071067811865E-1,0.E0));
#2382=DIRECTION('',(-7.071067811865E-1,7.071067811865E-1,0.E0));
#2383=AXIS2_PLACEMENT_3D('',#2380,#2381,#2382);
#2384=PLANE('',#2383);
#2385=ORIENTED_EDGE('',*,*,#2274,.T.);
#2387=ORIENTED_EDGE('',*,*,#2386,.F.);
#2388=ORIENTED_EDGE('',*,*,#2330,.T.);
#2389=ORIENTED_EDGE('',*,*,#2372,.T.);
#2390=EDGE_LOOP('',(#2385,#2387,#2388,#2389));
#2391=FACE_OUTER_BOUND('',#2390,.F.);
#2392=ADVANCED_FACE('',(#2391),#2384,.T.);
#2393=CARTESIAN_POINT('',(-3.15E0,9.75E-1,-3.125E0));
#2394=DIRECTION('',(-1.E0,0.E0,0.E0));
#2395=DIRECTION('',(0.E0,1.E0,0.E0));
#2396=AXIS2_PLACEMENT_3D('',#2393,#2394,#2395);
#2397=PLANE('',#2396);
#2398=ORIENTED_EDGE('',*,*,#2386,.T.);
#2399=ORIENTED_EDGE('',*,*,#2272,.T.);
#2401=ORIENTED_EDGE('',*,*,#2400,.T.);
#2402=ORIENTED_EDGE('',*,*,#2332,.F.);
#2403=EDGE_LOOP('',(#2398,#2399,#2401,#2402));
#2404=FACE_OUTER_BOUND('',#2403,.F.);
#2405=ADVANCED_FACE('',(#2404),#2397,.T.);
#2406=CARTESIAN_POINT('',(-3.15E0,1.875E0,-3.0875E0));
#2407=DIRECTION('',(-1.E0,0.E0,0.E0));
#2408=DIRECTION('',(0.E0,0.E0,1.E0));
#2409=AXIS2_PLACEMENT_3D('',#2406,#2407,#2408);
#2410=PLANE('',#2409);
#2412=ORIENTED_EDGE('',*,*,#2411,.T.);
#2414=ORIENTED_EDGE('',*,*,#2413,.T.);
#2415=ORIENTED_EDGE('',*,*,#2400,.F.);
#2416=EDGE_LOOP('',(#2412,#2414,#2415));
#2417=FACE_OUTER_BOUND('',#2416,.F.);
#2418=ADVANCED_FACE('',(#2417),#2410,.T.);
#2419=CARTESIAN_POINT('',(-3.15E0,1.8E0,-3.05E0));
#2420=DIRECTION('',(1.E0,0.E0,0.E0));
#2421=DIRECTION('',(0.E0,0.E0,-1.E0));
#2422=AXIS2_PLACEMENT_3D('',#2419,#2420,#2421);
#2423=CYLINDRICAL_SURFACE('',#2422,1.5E-1);
#2425=ORIENTED_EDGE('',*,*,#2424,.F.);
#2427=ORIENTED_EDGE('',*,*,#2426,.F.);
#2428=ORIENTED_EDGE('',*,*,#2411,.F.);
#2429=ORIENTED_EDGE('',*,*,#2270,.T.);
#2430=EDGE_LOOP('',(#2425,#2427,#2428,#2429));
#2431=FACE_OUTER_BOUND('',#2430,.F.);
#2432=ADVANCED_FACE('',(#2431),#2423,.T.);
#2433=CARTESIAN_POINT('',(-1.2E0,1.875E0,-3.0875E0));
#2434=DIRECTION('',(1.E0,0.E0,0.E0));
#2435=DIRECTION('',(0.E0,0.E0,-1.E0));
#2436=AXIS2_PLACEMENT_3D('',#2433,#2434,#2435);
#2437=PLANE('',#2436);
#2438=ORIENTED_EDGE('',*,*,#2424,.T.);
#2440=ORIENTED_EDGE('',*,*,#2439,.T.);
#2441=ORIENTED_EDGE('',*,*,#2198,.F.);
#2442=EDGE_LOOP('',(#2438,#2440,#2441));
#2443=FACE_OUTER_BOUND('',#2442,.F.);
#2444=ADVANCED_FACE('',(#2443),#2437,.T.);
#2445=CARTESIAN_POINT('',(-1.2E0,1.325E0,-3.125E0));
#2446=DIRECTION('',(1.E0,0.E0,0.E0));
#2447=DIRECTION('',(0.E0,-1.E0,0.E0));
#2448=AXIS2_PLACEMENT_3D('',#2445,#2446,#2447);
#2449=PLANE('',#2448);
#2450=ORIENTED_EDGE('',*,*,#2268,.T.);
#2451=ORIENTED_EDGE('',*,*,#2298,.T.);
#2452=ORIENTED_EDGE('',*,*,#2335,.F.);
#2453=ORIENTED_EDGE('',*,*,#2439,.F.);
#2454=EDGE_LOOP('',(#2450,#2451,#2452,#2453));
#2455=FACE_OUTER_BOUND('',#2454,.F.);
#2456=ADVANCED_FACE('',(#2455),#2449,.T.);
#2457=CARTESIAN_POINT('',(0.E0,1.95E0,0.E0));
#2458=DIRECTION('',(0.E0,1.E0,0.E0));
#2459=DIRECTION('',(1.E0,0.E0,0.E0));
#2460=AXIS2_PLACEMENT_3D('',#2457,#2458,#2459);
#2461=PLANE('',#2460);
#2462=ORIENTED_EDGE('',*,*,#1991,.F.);
#2464=ORIENTED_EDGE('',*,*,#2463,.T.);
#2466=ORIENTED_EDGE('',*,*,#2465,.F.);
#2467=ORIENTED_EDGE('',*,*,#2426,.T.);
#2468=ORIENTED_EDGE('',*,*,#2196,.T.);
#2469=ORIENTED_EDGE('',*,*,#2212,.F.);
#2470=ORIENTED_EDGE('',*,*,#2227,.F.);
#2471=ORIENTED_EDGE('',*,*,#2256,.T.);
#2473=ORIENTED_EDGE('',*,*,#2472,.F.);
#2475=ORIENTED_EDGE('',*,*,#2474,.T.);
#2477=ORIENTED_EDGE('',*,*,#2476,.T.);
#2479=ORIENTED_EDGE('',*,*,#2478,.F.);
#2480=EDGE_LOOP('',(#2462,#2464,#2466,#2467,#2468,#2469,#2470,#2471,#2473,#2475,
#2477,#2479));
#2481=FACE_OUTER_BOUND('',#2480,.F.);
#2483=ORIENTED_EDGE('',*,*,#2482,.T.);
#2485=ORIENTED_EDGE('',*,*,#2484,.T.);
#2486=EDGE_LOOP('',(#2483,#2485));
#2487=FACE_BOUND('',#2486,.F.);
#2488=ADVANCED_FACE('',(#2481,#2487),#2461,.T.);
#2489=CARTESIAN_POINT('',(3.15E0,1.8E0,3.05E0));
#2490=DIRECTION('',(-1.E0,0.E0,0.E0));
#2491=DIRECTION('',(0.E0,0.E0,1.E0));
#2492=AXIS2_PLACEMENT_3D('',#2489,#2490,#2491);
#2493=CYLINDRICAL_SURFACE('',#2492,1.5E-1);
#2495=ORIENTED_EDGE('',*,*,#2494,.T.);
#2497=ORIENTED_EDGE('',*,*,#2496,.T.);
#2499=ORIENTED_EDGE('',*,*,#2498,.T.);
#2500=ORIENTED_EDGE('',*,*,#2463,.F.);
#2501=EDGE_LOOP('',(#2495,#2497,#2499,#2500));
#2502=FACE_OUTER_BOUND('',#2501,.F.);
#2503=ADVANCED_FACE('',(#2502),#2493,.T.);
#2504=CARTESIAN_POINT('',(-1.2E0,1.875E0,3.0875E0));
#2505=DIRECTION('',(-1.E0,0.E0,0.E0));
#2506=DIRECTION('',(0.E0,0.E0,1.E0));
#2507=AXIS2_PLACEMENT_3D('',#2504,#2505,#2506);
#2508=PLANE('',#2507);
#2509=ORIENTED_EDGE('',*,*,#2494,.F.);
#2510=ORIENTED_EDGE('',*,*,#1989,.T.);
#2512=ORIENTED_EDGE('',*,*,#2511,.F.);
#2513=EDGE_LOOP('',(#2509,#2510,#2512));
#2514=FACE_OUTER_BOUND('',#2513,.F.);
#2515=ADVANCED_FACE('',(#2514),#2508,.F.);
#2516=CARTESIAN_POINT('',(-1.2E0,1.325E0,3.125E0));
#2517=DIRECTION('',(-1.E0,0.E0,0.E0));
#2518=DIRECTION('',(0.E0,-1.E0,0.E0));
#2519=AXIS2_PLACEMENT_3D('',#2516,#2517,#2518);
#2520=PLANE('',#2519);
#2522=ORIENTED_EDGE('',*,*,#2521,.F.);
#2523=ORIENTED_EDGE('',*,*,#2511,.T.);
#2525=ORIENTED_EDGE('',*,*,#2524,.T.);
#2527=ORIENTED_EDGE('',*,*,#2526,.F.);
#2528=EDGE_LOOP('',(#2522,#2523,#2525,#2527));
#2529=FACE_OUTER_BOUND('',#2528,.F.);
#2530=ADVANCED_FACE('',(#2529),#2520,.F.);
#2531=CARTESIAN_POINT('',(-1.65312E0,1.95E0,3.2E0));
#2532=DIRECTION('',(0.E0,0.E0,1.E0));
#2533=DIRECTION('',(-1.E0,0.E0,0.E0));
#2534=AXIS2_PLACEMENT_3D('',#2531,#2532,#2533);
#2535=PLANE('',#2534);
#2536=ORIENTED_EDGE('',*,*,#2521,.T.);
#2538=ORIENTED_EDGE('',*,*,#2537,.F.);
#2540=ORIENTED_EDGE('',*,*,#2539,.F.);
#2542=ORIENTED_EDGE('',*,*,#2541,.F.);
#2544=ORIENTED_EDGE('',*,*,#2543,.F.);
#2546=ORIENTED_EDGE('',*,*,#2545,.F.);
#2548=ORIENTED_EDGE('',*,*,#2547,.F.);
#2550=ORIENTED_EDGE('',*,*,#2549,.F.);
#2552=ORIENTED_EDGE('',*,*,#2551,.F.);
#2553=ORIENTED_EDGE('',*,*,#2496,.F.);
#2554=EDGE_LOOP('',(#2536,#2538,#2540,#2542,#2544,#2546,#2548,#2550,#2552,
#2553));
#2555=FACE_OUTER_BOUND('',#2554,.F.);
#2556=ADVANCED_FACE('',(#2555),#2535,.T.);
#2557=CARTESIAN_POINT('',(0.E0,8.5E-1,3.125E0));
#2558=DIRECTION('',(0.E0,1.E0,0.E0));
#2559=DIRECTION('',(-1.E0,0.E0,0.E0));
#2560=AXIS2_PLACEMENT_3D('',#2557,#2558,#2559);
#2561=PLANE('',#2560);
#2562=ORIENTED_EDGE('',*,*,#2537,.T.);
#2563=ORIENTED_EDGE('',*,*,#2526,.T.);
#2565=ORIENTED_EDGE('',*,*,#2564,.F.);
#2567=ORIENTED_EDGE('',*,*,#2566,.F.);
#2568=EDGE_LOOP('',(#2562,#2563,#2565,#2567));
#2569=FACE_OUTER_BOUND('',#2568,.F.);
#2570=ADVANCED_FACE('',(#2569),#2561,.T.);
#2571=CARTESIAN_POINT('',(-1.65312E0,1.95E0,3.05E0));
#2572=DIRECTION('',(0.E0,0.E0,1.E0));
#2573=DIRECTION('',(-1.E0,0.E0,0.E0));
#2574=AXIS2_PLACEMENT_3D('',#2571,#2572,#2573);
#2575=PLANE('',#2574);
#2576=ORIENTED_EDGE('',*,*,#2524,.F.);
#2577=ORIENTED_EDGE('',*,*,#2015,.T.);
#2579=ORIENTED_EDGE('',*,*,#2578,.T.);
#2581=ORIENTED_EDGE('',*,*,#2580,.F.);
#2583=ORIENTED_EDGE('',*,*,#2582,.T.);
#2585=ORIENTED_EDGE('',*,*,#2584,.F.);
#2587=ORIENTED_EDGE('',*,*,#2586,.T.);
#2588=ORIENTED_EDGE('',*,*,#1921,.T.);
#2590=ORIENTED_EDGE('',*,*,#2589,.T.);
#2591=ORIENTED_EDGE('',*,*,#2564,.T.);
#2592=EDGE_LOOP('',(#2576,#2577,#2579,#2581,#2583,#2585,#2587,#2588,#2590,
#2591));
#2593=FACE_OUTER_BOUND('',#2592,.F.);
#2594=ADVANCED_FACE('',(#2593),#2575,.F.);
#2595=CARTESIAN_POINT('',(-3.15E0,9.75E-1,3.125E0));
#2596=DIRECTION('',(-1.E0,0.E0,0.E0));
#2597=DIRECTION('',(0.E0,-1.E0,0.E0));
#2598=AXIS2_PLACEMENT_3D('',#2595,#2596,#2597);
#2599=PLANE('',#2598);
#2601=ORIENTED_EDGE('',*,*,#2600,.F.);
#2602=ORIENTED_EDGE('',*,*,#2578,.F.);
#2604=ORIENTED_EDGE('',*,*,#2603,.F.);
#2605=ORIENTED_EDGE('',*,*,#2551,.T.);
#2606=EDGE_LOOP('',(#2601,#2602,#2604,#2605));
#2607=FACE_OUTER_BOUND('',#2606,.F.);
#2608=ADVANCED_FACE('',(#2607),#2599,.T.);
#2609=CARTESIAN_POINT('',(-2.9E0,4.E-1,3.125E0));
#2610=DIRECTION('',(-7.071067811865E-1,-7.071067811865E-1,0.E0));
#2611=DIRECTION('',(7.071067811865E-1,-7.071067811865E-1,0.E0));
#2612=AXIS2_PLACEMENT_3D('',#2609,#2610,#2611);
#2613=PLANE('',#2612);
#2614=ORIENTED_EDGE('',*,*,#2549,.T.);
#2616=ORIENTED_EDGE('',*,*,#2615,.F.);
#2617=ORIENTED_EDGE('',*,*,#2580,.T.);
#2618=ORIENTED_EDGE('',*,*,#2600,.T.);
#2619=EDGE_LOOP('',(#2614,#2616,#2617,#2618));
#2620=FACE_OUTER_BOUND('',#2619,.F.);
#2621=ADVANCED_FACE('',(#2620),#2613,.T.);
#2622=CARTESIAN_POINT('',(0.E0,1.5E-1,3.125E0));
#2623=DIRECTION('',(0.E0,-1.E0,0.E0));
#2624=DIRECTION('',(1.E0,0.E0,0.E0));
#2625=AXIS2_PLACEMENT_3D('',#2622,#2623,#2624);
#2626=PLANE('',#2625);
#2627=ORIENTED_EDGE('',*,*,#2615,.T.);
#2628=ORIENTED_EDGE('',*,*,#2547,.T.);
#2630=ORIENTED_EDGE('',*,*,#2629,.F.);
#2631=ORIENTED_EDGE('',*,*,#2582,.F.);
#2632=EDGE_LOOP('',(#2627,#2628,#2630,#2631));
#2633=FACE_OUTER_BOUND('',#2632,.F.);
#2634=ADVANCED_FACE('',(#2633),#2626,.T.);
#2635=CARTESIAN_POINT('',(2.9E0,4.E-1,3.125E0));
#2636=DIRECTION('',(7.071067811865E-1,-7.071067811865E-1,0.E0));
#2637=DIRECTION('',(7.071067811865E-1,7.071067811865E-1,0.E0));
#2638=AXIS2_PLACEMENT_3D('',#2635,#2636,#2637);
#2639=PLANE('',#2638);
#2640=ORIENTED_EDGE('',*,*,#2545,.T.);
#2642=ORIENTED_EDGE('',*,*,#2641,.F.);
#2643=ORIENTED_EDGE('',*,*,#2584,.T.);
#2644=ORIENTED_EDGE('',*,*,#2629,.T.);
#2645=EDGE_LOOP('',(#2640,#2642,#2643,#2644));
#2646=FACE_OUTER_BOUND('',#2645,.F.);
#2647=ADVANCED_FACE('',(#2646),#2639,.T.);
#2648=CARTESIAN_POINT('',(3.15E0,9.75E-1,3.125E0));
#2649=DIRECTION('',(1.E0,0.E0,0.E0));
#2650=DIRECTION('',(0.E0,1.E0,0.E0));
#2651=AXIS2_PLACEMENT_3D('',#2648,#2649,#2650);
#2652=PLANE('',#2651);
#2653=ORIENTED_EDGE('',*,*,#2641,.T.);
#2654=ORIENTED_EDGE('',*,*,#2543,.T.);
#2656=ORIENTED_EDGE('',*,*,#2655,.T.);
#2657=ORIENTED_EDGE('',*,*,#2586,.F.);
#2658=EDGE_LOOP('',(#2653,#2654,#2656,#2657));
#2659=FACE_OUTER_BOUND('',#2658,.F.);
#2660=ADVANCED_FACE('',(#2659),#2652,.T.);
#2661=CARTESIAN_POINT('',(3.15E0,1.875E0,3.0875E0));
#2662=DIRECTION('',(1.E0,0.E0,0.E0));
#2663=DIRECTION('',(0.E0,0.E0,-1.E0));
#2664=AXIS2_PLACEMENT_3D('',#2661,#2662,#2663);
#2665=PLANE('',#2664);
#2667=ORIENTED_EDGE('',*,*,#2666,.T.);
#2669=ORIENTED_EDGE('',*,*,#2668,.T.);
#2670=ORIENTED_EDGE('',*,*,#2655,.F.);
#2671=EDGE_LOOP('',(#2667,#2669,#2670));
#2672=FACE_OUTER_BOUND('',#2671,.F.);
#2673=ADVANCED_FACE('',(#2672),#2665,.T.);
#2674=CARTESIAN_POINT('',(3.15E0,1.8E0,3.05E0));
#2675=DIRECTION('',(-1.E0,0.E0,0.E0));
#2676=DIRECTION('',(0.E0,0.E0,1.E0));
#2677=AXIS2_PLACEMENT_3D('',#2674,#2675,#2676);
#2678=CYLINDRICAL_SURFACE('',#2677,1.5E-1);
#2680=ORIENTED_EDGE('',*,*,#2679,.F.);
#2681=ORIENTED_EDGE('',*,*,#2474,.F.);
#2682=ORIENTED_EDGE('',*,*,#2666,.F.);
#2683=ORIENTED_EDGE('',*,*,#2541,.T.);
#2684=EDGE_LOOP('',(#2680,#2681,#2682,#2683));
#2685=FACE_OUTER_BOUND('',#2684,.F.);
#2686=ADVANCED_FACE('',(#2685),#2678,.T.);
#2687=CARTESIAN_POINT('',(1.2E0,1.875E0,3.0875E0));
#2688=DIRECTION('',(-1.E0,0.E0,0.E0));
#2689=DIRECTION('',(0.E0,0.E0,1.E0));
#2690=AXIS2_PLACEMENT_3D('',#2687,#2688,#2689);
#2691=PLANE('',#2690);
#2692=ORIENTED_EDGE('',*,*,#2679,.T.);
#2694=ORIENTED_EDGE('',*,*,#2693,.T.);
#2696=ORIENTED_EDGE('',*,*,#2695,.F.);
#2697=EDGE_LOOP('',(#2692,#2694,#2696));
#2698=FACE_OUTER_BOUND('',#2697,.F.);
#2699=ADVANCED_FACE('',(#2698),#2691,.T.);
#2700=CARTESIAN_POINT('',(1.2E0,1.325E0,3.125E0));
#2701=DIRECTION('',(-1.E0,0.E0,0.E0));
#2702=DIRECTION('',(0.E0,-1.E0,0.E0));
#2703=AXIS2_PLACEMENT_3D('',#2700,#2701,#2702);
#2704=PLANE('',#2703);
#2705=ORIENTED_EDGE('',*,*,#2539,.T.);
#2706=ORIENTED_EDGE('',*,*,#2566,.T.);
#2707=ORIENTED_EDGE('',*,*,#2589,.F.);
#2708=ORIENTED_EDGE('',*,*,#2693,.F.);
#2709=EDGE_LOOP('',(#2705,#2706,#2707,#2708));
#2710=FACE_OUTER_BOUND('',#2709,.F.);
#2711=ADVANCED_FACE('',(#2710),#2704,.T.);
#2712=CARTESIAN_POINT('',(1.2E0,1.875E0,3.E0));
#2713=DIRECTION('',(1.E0,0.E0,0.E0));
#2714=DIRECTION('',(0.E0,0.E0,-1.E0));
#2715=AXIS2_PLACEMENT_3D('',#2712,#2713,#2714);
#2716=PLANE('',#2715);
#2717=ORIENTED_EDGE('',*,*,#1975,.T.);
#2719=ORIENTED_EDGE('',*,*,#2718,.F.);
#2720=ORIENTED_EDGE('',*,*,#2476,.F.);
#2721=ORIENTED_EDGE('',*,*,#2695,.T.);
#2722=ORIENTED_EDGE('',*,*,#1919,.T.);
#2723=EDGE_LOOP('',(#2717,#2719,#2720,#2721,#2722));
#2724=FACE_OUTER_BOUND('',#2723,.F.);
#2725=ADVANCED_FACE('',(#2724),#2716,.F.);
#2726=CARTESIAN_POINT('',(0.E0,1.875E0,2.95E0));
#2727=DIRECTION('',(0.E0,0.E0,1.E0));
#2728=DIRECTION('',(1.E0,0.E0,0.E0));
#2729=AXIS2_PLACEMENT_3D('',#2726,#2727,#2728);
#2730=PLANE('',#2729);
#2731=ORIENTED_EDGE('',*,*,#1973,.F.);
#2732=ORIENTED_EDGE('',*,*,#1993,.F.);
#2733=ORIENTED_EDGE('',*,*,#2478,.T.);
#2734=ORIENTED_EDGE('',*,*,#2718,.T.);
#2735=EDGE_LOOP('',(#2731,#2732,#2733,#2734));
#2736=FACE_OUTER_BOUND('',#2735,.F.);
#2737=ADVANCED_FACE('',(#2736),#2730,.T.);
#2738=CARTESIAN_POINT('',(3.15E0,1.875E0,0.E0));
#2739=DIRECTION('',(1.E0,0.E0,0.E0));
#2740=DIRECTION('',(0.E0,0.E0,-1.E0));
#2741=AXIS2_PLACEMENT_3D('',#2738,#2739,#2740);
#2742=PLANE('',#2741);
#2743=ORIENTED_EDGE('',*,*,#2472,.T.);
#2745=ORIENTED_EDGE('',*,*,#2744,.T.);
#2746=ORIENTED_EDGE('',*,*,#1923,.F.);
#2747=ORIENTED_EDGE('',*,*,#2668,.F.);
#2748=EDGE_LOOP('',(#2743,#2745,#2746,#2747));
#2749=FACE_OUTER_BOUND('',#2748,.F.);
#2750=ADVANCED_FACE('',(#2749),#2742,.T.);
#2751=CARTESIAN_POINT('',(3.15E0,1.875E0,-3.0875E0));
#2752=DIRECTION('',(-1.E0,0.E0,0.E0));
#2753=DIRECTION('',(0.E0,0.E0,1.E0));
#2754=AXIS2_PLACEMENT_3D('',#2751,#2752,#2753);
#2755=PLANE('',#2754);
#2756=ORIENTED_EDGE('',*,*,#2254,.F.);
#2757=ORIENTED_EDGE('',*,*,#2348,.T.);
#2758=ORIENTED_EDGE('',*,*,#2744,.F.);
#2759=EDGE_LOOP('',(#2756,#2757,#2758));
#2760=FACE_OUTER_BOUND('',#2759,.F.);
#2761=ADVANCED_FACE('',(#2760),#2755,.F.);
#2762=CARTESIAN_POINT('',(-3.15E0,1.875E0,3.0875E0));
#2763=DIRECTION('',(1.E0,0.E0,0.E0));
#2764=DIRECTION('',(0.E0,0.E0,-1.E0));
#2765=AXIS2_PLACEMENT_3D('',#2762,#2763,#2764);
#2766=PLANE('',#2765);
#2767=ORIENTED_EDGE('',*,*,#2498,.F.);
#2768=ORIENTED_EDGE('',*,*,#2603,.T.);
#2770=ORIENTED_EDGE('',*,*,#2769,.F.);
#2771=EDGE_LOOP('',(#2767,#2768,#2770));
#2772=FACE_OUTER_BOUND('',#2771,.F.);
#2773=ADVANCED_FACE('',(#2772),#2766,.F.);
#2774=CARTESIAN_POINT('',(-3.15E0,1.875E0,0.E0));
#2775=DIRECTION('',(-1.E0,0.E0,0.E0));
#2776=DIRECTION('',(0.E0,0.E0,1.E0));
#2777=AXIS2_PLACEMENT_3D('',#2774,#2775,#2776);
#2778=PLANE('',#2777);
#2779=ORIENTED_EDGE('',*,*,#2465,.T.);
#2780=ORIENTED_EDGE('',*,*,#2769,.T.);
#2781=ORIENTED_EDGE('',*,*,#2013,.F.);
#2782=ORIENTED_EDGE('',*,*,#2413,.F.);
#2783=EDGE_LOOP('',(#2779,#2780,#2781,#2782));
#2784=FACE_OUTER_BOUND('',#2783,.F.);
#2785=ADVANCED_FACE('',(#2784),#2778,.T.);
#2786=CARTESIAN_POINT('',(0.E0,2.126745240644E0,0.E0));
#2787=DIRECTION('',(0.E0,-1.E0,0.E0));
#2788=DIRECTION('',(-1.E0,0.E0,0.E0));
#2789=AXIS2_PLACEMENT_3D('',#2786,#2787,#2788);
#2790=CONICAL_SURFACE('',#2789,1.494296640610E0,1.E0);
#2791=ORIENTED_EDGE('',*,*,#2482,.F.);
#2793=ORIENTED_EDGE('',*,*,#2792,.T.);
#2795=ORIENTED_EDGE('',*,*,#2794,.T.);
#2797=ORIENTED_EDGE('',*,*,#2796,.F.);
#2798=EDGE_LOOP('',(#2791,#2793,#2795,#2797));
#2799=FACE_OUTER_BOUND('',#2798,.F.);
#2800=ADVANCED_FACE('',(#2799),#2790,.T.);
#2801=CARTESIAN_POINT('',(0.E0,2.126745240644E0,0.E0));
#2802=DIRECTION('',(0.E0,-1.E0,0.E0));
#2803=DIRECTION('',(-1.E0,0.E0,0.E0));
#2804=AXIS2_PLACEMENT_3D('',#2801,#2802,#2803);
#2805=CONICAL_SURFACE('',#2804,1.494296640610E0,1.E0);
#2806=ORIENTED_EDGE('',*,*,#2484,.F.);
#2807=ORIENTED_EDGE('',*,*,#2796,.T.);
#2809=ORIENTED_EDGE('',*,*,#2808,.T.);
#2810=ORIENTED_EDGE('',*,*,#2792,.F.);
#2811=EDGE_LOOP('',(#2806,#2807,#2809,#2810));
#2812=FACE_OUTER_BOUND('',#2811,.F.);
#2813=ADVANCED_FACE('',(#2812),#2805,.T.);
#2814=CARTESIAN_POINT('',(0.E0,2.3E0,0.E0));
#2815=DIRECTION('',(0.E0,1.E0,0.E0));
#2816=DIRECTION('',(-9.999754842850E-1,0.E0,-7.002201721317E-3));
#2817=AXIS2_PLACEMENT_3D('',#2814,#2815,#2816);
#2818=TOROIDAL_SURFACE('',#2817,1.291242001927E0,2.E-1);
#2820=ORIENTED_EDGE('',*,*,#2819,.T.);
#2822=ORIENTED_EDGE('',*,*,#2821,.T.);
#2823=ORIENTED_EDGE('',*,*,#2808,.F.);
#2825=ORIENTED_EDGE('',*,*,#2824,.F.);
#2826=EDGE_LOOP('',(#2820,#2822,#2823,#2825));
#2827=FACE_OUTER_BOUND('',#2826,.F.);
#2828=ADVANCED_FACE('',(#2827),#2818,.T.);
#2829=CARTESIAN_POINT('',(0.E0,2.5E0,0.E0));
#2830=DIRECTION('',(0.E0,1.E0,0.E0));
#2831=DIRECTION('',(1.E0,0.E0,0.E0));
#2832=AXIS2_PLACEMENT_3D('',#2829,#2830,#2831);
#2833=PLANE('',#2832);
#2835=ORIENTED_EDGE('',*,*,#2834,.F.);
#2836=ORIENTED_EDGE('',*,*,#2819,.F.);
#2837=EDGE_LOOP('',(#2835,#2836));
#2838=FACE_OUTER_BOUND('',#2837,.F.);
#2839=ADVANCED_FACE('',(#2838),#2833,.T.);
#2840=CARTESIAN_POINT('',(0.E0,2.3E0,0.E0));
#2841=DIRECTION('',(0.E0,1.E0,0.E0));
#2842=DIRECTION('',(9.999754842850E-1,0.E0,7.002201721317E-3));
#2843=AXIS2_PLACEMENT_3D('',#2840,#2841,#2842);
#2844=TOROIDAL_SURFACE('',#2843,1.291242001927E0,2.E-1);
#2845=ORIENTED_EDGE('',*,*,#2834,.T.);
#2846=ORIENTED_EDGE('',*,*,#2824,.T.);
#2847=ORIENTED_EDGE('',*,*,#2794,.F.);
#2848=ORIENTED_EDGE('',*,*,#2821,.F.);
#2849=EDGE_LOOP('',(#2845,#2846,#2847,#2848));
#2850=FACE_OUTER_BOUND('',#2849,.F.);
#2851=ADVANCED_FACE('',(#2850),#2844,.T.);
#2852=CARTESIAN_POINT('',(-2.9E0,4.14648E0,-2.8E0));
#2853=DIRECTION('',(0.E0,-1.E0,0.E0));
#2854=DIRECTION('',(-1.E0,0.E0,0.E0));
#2855=AXIS2_PLACEMENT_3D('',#2852,#2853,#2854);
#2856=CYLINDRICAL_SURFACE('',#2855,2.E-1);
#2857=ORIENTED_EDGE('',*,*,#2005,.F.);
#2858=ORIENTED_EDGE('',*,*,#2040,.T.);
#2860=ORIENTED_EDGE('',*,*,#2859,.T.);
#2861=ORIENTED_EDGE('',*,*,#2154,.F.);
#2862=EDGE_LOOP('',(#2857,#2858,#2860,#2861));
#2863=FACE_OUTER_BOUND('',#2862,.F.);
#2864=ADVANCED_FACE('',(#2863),#2856,.T.);
#2865=CARTESIAN_POINT('',(0.E0,0.E0,0.E0));
#2866=DIRECTION('',(0.E0,1.E0,0.E0));
#2867=DIRECTION('',(1.E0,0.E0,0.E0));
#2868=AXIS2_PLACEMENT_3D('',#2865,#2866,#2867);
#2869=PLANE('',#2868);
#2870=ORIENTED_EDGE('',*,*,#2140,.F.);
#2871=ORIENTED_EDGE('',*,*,#2156,.T.);
#2872=ORIENTED_EDGE('',*,*,#2859,.F.);
#2873=ORIENTED_EDGE('',*,*,#2038,.T.);
#2875=ORIENTED_EDGE('',*,*,#2874,.T.);
#2876=ORIENTED_EDGE('',*,*,#2099,.T.);
#2877=EDGE_LOOP('',(#2870,#2871,#2872,#2873,#2875,#2876));
#2878=FACE_OUTER_BOUND('',#2877,.F.);
#2879=ADVANCED_FACE('',(#2878),#2869,.F.);
#2880=CARTESIAN_POINT('',(-3.1E0,0.E0,-7.5E-1));
#2881=DIRECTION('',(0.E0,0.E0,-1.E0));
#2882=DIRECTION('',(1.E0,0.E0,0.E0));
#2883=AXIS2_PLACEMENT_3D('',#2880,#2881,#2882);
#2884=PLANE('',#2883);
#2885=ORIENTED_EDGE('',*,*,#2874,.F.);
#2886=ORIENTED_EDGE('',*,*,#2036,.T.);
#2888=ORIENTED_EDGE('',*,*,#2887,.T.);
#2889=ORIENTED_EDGE('',*,*,#2101,.F.);
#2890=EDGE_LOOP('',(#2885,#2886,#2888,#2889));
#2891=FACE_OUTER_BOUND('',#2890,.F.);
#2892=ADVANCED_FACE('',(#2891),#2884,.F.);
#2893=CARTESIAN_POINT('',(0.E0,1.E-1,0.E0));
#2894=DIRECTION('',(0.E0,-1.E0,0.E0));
#2895=DIRECTION('',(1.E0,0.E0,0.E0));
#2896=AXIS2_PLACEMENT_3D('',#2893,#2894,#2895);
#2897=PLANE('',#2896);
#2898=ORIENTED_EDGE('',*,*,#2034,.T.);
#2899=ORIENTED_EDGE('',*,*,#2086,.F.);
#2900=ORIENTED_EDGE('',*,*,#2103,.F.);
#2901=ORIENTED_EDGE('',*,*,#2887,.F.);
#2902=EDGE_LOOP('',(#2898,#2899,#2900,#2901));
#2903=FACE_OUTER_BOUND('',#2902,.F.);
#2904=ADVANCED_FACE('',(#2903),#2897,.T.);
#2905=CARTESIAN_POINT('',(-1.15E0,0.E0,0.E0));
#2906=DIRECTION('',(1.E0,0.E0,0.E0));
#2907=DIRECTION('',(0.E0,-1.E0,0.E0));
#2908=AXIS2_PLACEMENT_3D('',#2905,#2906,#2907);
#2909=PLANE('',#2908);
#2910=ORIENTED_EDGE('',*,*,#2162,.T.);
#2912=ORIENTED_EDGE('',*,*,#2911,.T.);
#2914=ORIENTED_EDGE('',*,*,#2913,.T.);
#2916=ORIENTED_EDGE('',*,*,#2915,.T.);
#2917=EDGE_LOOP('',(#2910,#2912,#2914,#2916));
#2918=FACE_OUTER_BOUND('',#2917,.F.);
#2919=ADVANCED_FACE('',(#2918),#2909,.F.);
#2920=CARTESIAN_POINT('',(-1.15E0,9.E-1,-3.E0));
#2921=DIRECTION('',(0.E0,-1.E0,0.E0));
#2922=DIRECTION('',(0.E0,0.E0,-1.E0));
#2923=AXIS2_PLACEMENT_3D('',#2920,#2921,#2922);
#2924=PLANE('',#2923);
#2925=ORIENTED_EDGE('',*,*,#2168,.T.);
#2927=ORIENTED_EDGE('',*,*,#2926,.T.);
#2929=ORIENTED_EDGE('',*,*,#2928,.F.);
#2930=ORIENTED_EDGE('',*,*,#2911,.F.);
#2931=EDGE_LOOP('',(#2925,#2927,#2929,#2930));
#2932=FACE_OUTER_BOUND('',#2931,.F.);
#2933=ADVANCED_FACE('',(#2932),#2924,.T.);
#2934=CARTESIAN_POINT('',(1.15E0,0.E0,0.E0));
#2935=DIRECTION('',(1.E0,0.E0,0.E0));
#2936=DIRECTION('',(0.E0,-1.E0,0.E0));
#2937=AXIS2_PLACEMENT_3D('',#2934,#2935,#2936);
#2938=PLANE('',#2937);
#2939=ORIENTED_EDGE('',*,*,#2166,.F.);
#2941=ORIENTED_EDGE('',*,*,#2940,.F.);
#2943=ORIENTED_EDGE('',*,*,#2942,.F.);
#2944=ORIENTED_EDGE('',*,*,#2926,.F.);
#2945=EDGE_LOOP('',(#2939,#2941,#2943,#2944));
#2946=FACE_OUTER_BOUND('',#2945,.F.);
#2947=ADVANCED_FACE('',(#2946),#2938,.T.);
#2948=CARTESIAN_POINT('',(-1.15E0,1.15E0,-3.3E0));
#2949=DIRECTION('',(0.E0,4.472135955E-1,-8.944271909999E-1));
#2950=DIRECTION('',(0.E0,8.944271909999E-1,4.472135955E-1));
#2951=AXIS2_PLACEMENT_3D('',#2948,#2949,#2950);
#2952=PLANE('',#2951);
#2953=ORIENTED_EDGE('',*,*,#2164,.F.);
#2954=ORIENTED_EDGE('',*,*,#2915,.F.);
#2956=ORIENTED_EDGE('',*,*,#2955,.T.);
#2957=ORIENTED_EDGE('',*,*,#2940,.T.);
#2958=EDGE_LOOP('',(#2953,#2954,#2956,#2957));
#2959=FACE_OUTER_BOUND('',#2958,.F.);
#2960=ADVANCED_FACE('',(#2959),#2952,.T.);
#2961=CARTESIAN_POINT('',(-1.15E0,9.E-1,-3.3E0));
#2962=DIRECTION('',(0.E0,0.E0,-1.E0));
#2963=DIRECTION('',(0.E0,1.E0,0.E0));
#2964=AXIS2_PLACEMENT_3D('',#2961,#2962,#2963);
#2965=PLANE('',#2964);
#2966=ORIENTED_EDGE('',*,*,#2913,.F.);
#2967=ORIENTED_EDGE('',*,*,#2928,.T.);
#2968=ORIENTED_EDGE('',*,*,#2942,.T.);
#2969=ORIENTED_EDGE('',*,*,#2955,.F.);
#2970=EDGE_LOOP('',(#2966,#2967,#2968,#2969));
#2971=FACE_OUTER_BOUND('',#2970,.F.);
#2972=ADVANCED_FACE('',(#2971),#2965,.T.);
#2973=CARTESIAN_POINT('',(3.1E0,5.8E-1,2.624999999999E0));
#2974=DIRECTION('',(0.E0,1.E0,0.E0));
#2975=DIRECTION('',(1.E0,0.E0,7.579122514776E-14));
#2976=AXIS2_PLACEMENT_3D('',#2973,#2974,#2975);
#2977=PLANE('',#2976);
#2978=ORIENTED_EDGE('',*,*,#2111,.T.);
#2980=ORIENTED_EDGE('',*,*,#2979,.T.);
#2982=ORIENTED_EDGE('',*,*,#2981,.F.);
#2984=ORIENTED_EDGE('',*,*,#2983,.F.);
#2985=EDGE_LOOP('',(#2978,#2980,#2982,#2984));
#2986=FACE_OUTER_BOUND('',#2985,.F.);
#2987=ADVANCED_FACE('',(#2986),#2977,.T.);
#2988=CARTESIAN_POINT('',(3.165347564937E0,4.3E-1,1.874999999999E0));
#2989=DIRECTION('',(-7.645278926086E-14,0.E0,1.E0));
#2990=DIRECTION('',(1.E0,0.E0,7.645278926086E-14));
#2991=AXIS2_PLACEMENT_3D('',#2988,#2989,#2990);
#2992=PLANE('',#2991);
#2993=ORIENTED_EDGE('',*,*,#2117,.F.);
#2995=ORIENTED_EDGE('',*,*,#2994,.T.);
#2997=ORIENTED_EDGE('',*,*,#2996,.F.);
#2998=ORIENTED_EDGE('',*,*,#2979,.F.);
#2999=EDGE_LOOP('',(#2993,#2995,#2997,#2998));
#3000=FACE_OUTER_BOUND('',#2999,.F.);
#3001=ADVANCED_FACE('',(#3000),#2992,.F.);
#3002=CARTESIAN_POINT('',(3.1E0,2.8E-1,2.624999999999E0));
#3003=DIRECTION('',(0.E0,1.E0,0.E0));
#3004=DIRECTION('',(1.E0,0.E0,7.579122514776E-14));
#3005=AXIS2_PLACEMENT_3D('',#3002,#3003,#3004);
#3006=PLANE('',#3005);
#3007=ORIENTED_EDGE('',*,*,#2115,.F.);
#3009=ORIENTED_EDGE('',*,*,#3008,.T.);
#3011=ORIENTED_EDGE('',*,*,#3010,.T.);
#3012=ORIENTED_EDGE('',*,*,#2994,.F.);
#3013=EDGE_LOOP('',(#3007,#3009,#3011,#3012));
#3014=FACE_OUTER_BOUND('',#3013,.F.);
#3015=ADVANCED_FACE('',(#3014),#3006,.F.);
#3016=CARTESIAN_POINT('',(3.165347564937E0,4.3E-1,2.624999999999E0));
#3017=DIRECTION('',(-7.475383838840E-14,0.E0,1.E0));
#3018=DIRECTION('',(1.E0,0.E0,7.475383838840E-14));
#3019=AXIS2_PLACEMENT_3D('',#3016,#3017,#3018);
#3020=PLANE('',#3019);
#3021=ORIENTED_EDGE('',*,*,#2113,.T.);
#3022=ORIENTED_EDGE('',*,*,#2983,.T.);
#3024=ORIENTED_EDGE('',*,*,#3023,.T.);
#3025=ORIENTED_EDGE('',*,*,#3008,.F.);
#3026=EDGE_LOOP('',(#3021,#3022,#3024,#3025));
#3027=FACE_OUTER_BOUND('',#3026,.F.);
#3028=ADVANCED_FACE('',(#3027),#3020,.T.);
#3029=CARTESIAN_POINT('',(3.340158054395E0,3.900687055179E-1,2.624999999999E0));
#3030=DIRECTION('',(-7.579122514776E-14,0.E0,1.E0));
#3031=DIRECTION('',(1.E0,0.E0,7.579122514776E-14));
#3032=AXIS2_PLACEMENT_3D('',#3029,#3030,#3031);
#3033=PLANE('',#3032);
#3035=ORIENTED_EDGE('',*,*,#3034,.T.);
#3037=ORIENTED_EDGE('',*,*,#3036,.T.);
#3039=ORIENTED_EDGE('',*,*,#3038,.F.);
#3040=ORIENTED_EDGE('',*,*,#3023,.F.);
#3041=EDGE_LOOP('',(#3035,#3037,#3039,#3040));
#3042=FACE_OUTER_BOUND('',#3041,.F.);
#3043=ADVANCED_FACE('',(#3042),#3033,.T.);
#3044=CARTESIAN_POINT('',(3.230695129873E0,2.6E-1,2.624999999999E0));
#3045=DIRECTION('',(7.579122514776E-14,0.E0,-1.E0));
#3046=DIRECTION('',(-1.E0,0.E0,-7.579122514776E-14));
#3047=AXIS2_PLACEMENT_3D('',#3044,#3045,#3046);
#3048=CYLINDRICAL_SURFACE('',#3047,3.2E-1);
#3049=ORIENTED_EDGE('',*,*,#3034,.F.);
#3050=ORIENTED_EDGE('',*,*,#2981,.T.);
#3052=ORIENTED_EDGE('',*,*,#3051,.T.);
#3054=ORIENTED_EDGE('',*,*,#3053,.F.);
#3055=EDGE_LOOP('',(#3049,#3050,#3052,#3054));
#3056=FACE_OUTER_BOUND('',#3055,.F.);
#3057=ADVANCED_FACE('',(#3056),#3048,.T.);
#3058=CARTESIAN_POINT('',(3.340158054395E0,3.900687055179E-1,1.874999999999E0));
#3059=DIRECTION('',(-7.579122514776E-14,0.E0,1.E0));
#3060=DIRECTION('',(1.E0,0.E0,7.579122514776E-14));
#3061=AXIS2_PLACEMENT_3D('',#3058,#3059,#3060);
#3062=PLANE('',#3061);
#3063=ORIENTED_EDGE('',*,*,#3051,.F.);
#3064=ORIENTED_EDGE('',*,*,#2996,.T.);
#3066=ORIENTED_EDGE('',*,*,#3065,.T.);
#3068=ORIENTED_EDGE('',*,*,#3067,.F.);
#3069=EDGE_LOOP('',(#3063,#3064,#3066,#3068));
#3070=FACE_OUTER_BOUND('',#3069,.F.);
#3071=ADVANCED_FACE('',(#3070),#3062,.F.);
#3072=CARTESIAN_POINT('',(3.230695129873E0,2.6E-1,2.624999999999E0));
#3073=DIRECTION('',(7.579122514776E-14,0.E0,-1.E0));
#3074=DIRECTION('',(-1.E0,0.E0,-7.579122514776E-14));
#3075=AXIS2_PLACEMENT_3D('',#3072,#3073,#3074);
#3076=CYLINDRICAL_SURFACE('',#3075,2.E-2);
#3077=ORIENTED_EDGE('',*,*,#3038,.T.);
#3079=ORIENTED_EDGE('',*,*,#3078,.T.);
#3080=ORIENTED_EDGE('',*,*,#3065,.F.);
#3081=ORIENTED_EDGE('',*,*,#3010,.F.);
#3082=EDGE_LOOP('',(#3077,#3079,#3080,#3081));
#3083=FACE_OUTER_BOUND('',#3082,.F.);
#3084=ADVANCED_FACE('',(#3083),#3076,.F.);
#3085=CARTESIAN_POINT('',(3.250401290281E0,2.634157344707E-1,2.624999999999E0));
#3086=DIRECTION('',(9.853080203996E-1,1.707867235359E-1,7.467770201400E-14));
#3087=DIRECTION('',(1.707867235359E-1,-9.853080203996E-1,1.294413501576E-14));
#3088=AXIS2_PLACEMENT_3D('',#3085,#3086,#3087);
#3089=PLANE('',#3088);
#3091=ORIENTED_EDGE('',*,*,#3090,.T.);
#3093=ORIENTED_EDGE('',*,*,#3092,.T.);
#3095=ORIENTED_EDGE('',*,*,#3094,.F.);
#3096=ORIENTED_EDGE('',*,*,#3078,.F.);
#3097=EDGE_LOOP('',(#3091,#3093,#3095,#3096));
#3098=FACE_OUTER_BOUND('',#3097,.F.);
#3099=ADVANCED_FACE('',(#3098),#3089,.F.);
#3100=CARTESIAN_POINT('',(3.399763342128E0,2.8E-1,2.624999999999E0));
#3101=DIRECTION('',(-7.706361564670E-14,1.122177549674E-14,1.E0));
#3102=DIRECTION('',(1.707867235359E-1,-9.853080203996E-1,2.421834782019E-14));
#3103=AXIS2_PLACEMENT_3D('',#3100,#3101,#3102);
#3104=PLANE('',#3103);
#3106=ORIENTED_EDGE('',*,*,#3105,.T.);
#3108=ORIENTED_EDGE('',*,*,#3107,.T.);
#3109=ORIENTED_EDGE('',*,*,#3090,.F.);
#3110=ORIENTED_EDGE('',*,*,#3036,.F.);
#3111=EDGE_LOOP('',(#3106,#3108,#3109,#3110));
#3112=FACE_OUTER_BOUND('',#3111,.F.);
#3113=ADVANCED_FACE('',(#3112),#3104,.T.);
#3114=CARTESIAN_POINT('',(3.545993696401E0,3.146517515315E-1,2.624999999999E0));
#3115=DIRECTION('',(9.853080203996E-1,1.707867235359E-1,7.467770201400E-14));
#3116=DIRECTION('',(1.707867235359E-1,-9.853080203996E-1,1.294413501576E-14));
#3117=AXIS2_PLACEMENT_3D('',#3114,#3115,#3116);
#3118=PLANE('',#3117);
#3119=ORIENTED_EDGE('',*,*,#3105,.F.);
#3120=ORIENTED_EDGE('',*,*,#3053,.T.);
#3122=ORIENTED_EDGE('',*,*,#3121,.T.);
#3124=ORIENTED_EDGE('',*,*,#3123,.F.);
#3125=EDGE_LOOP('',(#3119,#3120,#3122,#3124));
#3126=FACE_OUTER_BOUND('',#3125,.F.);
#3127=ADVANCED_FACE('',(#3126),#3118,.T.);
#3128=CARTESIAN_POINT('',(3.399763342128E0,2.8E-1,1.874999999999E0));
#3129=DIRECTION('',(-7.499552950987E-14,0.E0,1.E0));
#3130=DIRECTION('',(1.707867235359E-1,-9.853080203996E-1,1.210917391010E-14));
#3131=AXIS2_PLACEMENT_3D('',#3128,#3129,#3130);
#3132=PLANE('',#3131);
#3133=ORIENTED_EDGE('',*,*,#3121,.F.);
#3134=ORIENTED_EDGE('',*,*,#3067,.T.);
#3135=ORIENTED_EDGE('',*,*,#3094,.T.);
#3137=ORIENTED_EDGE('',*,*,#3136,.F.);
#3138=EDGE_LOOP('',(#3133,#3134,#3135,#3137));
#3139=FACE_OUTER_BOUND('',#3138,.F.);
#3140=ADVANCED_FACE('',(#3139),#3132,.F.);
#3141=CARTESIAN_POINT('',(3.459368629861E0,1.699312944821E-1,1.874999999999E0));
#3142=DIRECTION('',(-7.586740421511E-14,0.E0,1.E0));
#3143=DIRECTION('',(1.707867235359E-1,-9.853080203996E-1,1.294413501576E-14));
#3144=AXIS2_PLACEMENT_3D('',#3141,#3142,#3143);
#3145=PLANE('',#3144);
#3147=ORIENTED_EDGE('',*,*,#3146,.F.);
#3148=ORIENTED_EDGE('',*,*,#3136,.T.);
#3150=ORIENTED_EDGE('',*,*,#3149,.T.);
#3152=ORIENTED_EDGE('',*,*,#3151,.F.);
#3153=EDGE_LOOP('',(#3147,#3148,#3150,#3152));
#3154=FACE_OUTER_BOUND('',#3153,.F.);
#3155=ADVANCED_FACE('',(#3154),#3145,.F.);
#3156=CARTESIAN_POINT('',(3.568831554383E0,3.E-1,2.624999999999E0));
#3157=DIRECTION('',(7.579122514776E-14,0.E0,-1.E0));
#3158=DIRECTION('',(-1.E0,0.E0,-7.579122514776E-14));
#3159=AXIS2_PLACEMENT_3D('',#3156,#3157,#3158);
#3160=CYLINDRICAL_SURFACE('',#3159,2.E-2);
#3162=ORIENTED_EDGE('',*,*,#3161,.F.);
#3163=ORIENTED_EDGE('',*,*,#3123,.T.);
#3164=ORIENTED_EDGE('',*,*,#3146,.T.);
#3166=ORIENTED_EDGE('',*,*,#3165,.F.);
#3167=EDGE_LOOP('',(#3162,#3163,#3164,#3166));
#3168=FACE_OUTER_BOUND('',#3167,.F.);
#3169=ADVANCED_FACE('',(#3168),#3160,.F.);
#3170=CARTESIAN_POINT('',(3.459368629861E0,1.699312944821E-1,2.624999999999E0));
#3171=DIRECTION('',(-7.659667864884E-14,0.E0,1.E0));
#3172=DIRECTION('',(1.707867235359E-1,-9.853080203996E-1,1.294413501576E-14));
#3173=AXIS2_PLACEMENT_3D('',#3170,#3171,#3172);
#3174=PLANE('',#3173);
#3175=ORIENTED_EDGE('',*,*,#3161,.T.);
#3177=ORIENTED_EDGE('',*,*,#3176,.T.);
#3179=ORIENTED_EDGE('',*,*,#3178,.F.);
#3180=ORIENTED_EDGE('',*,*,#3107,.F.);
#3181=EDGE_LOOP('',(#3175,#3177,#3179,#3180));
#3182=FACE_OUTER_BOUND('',#3181,.F.);
#3183=ADVANCED_FACE('',(#3182),#3174,.T.);
#3184=CARTESIAN_POINT('',(3.884415777191E0,1.3E-1,2.624999999999E0));
#3185=DIRECTION('',(-7.598864454784E-14,0.E0,1.E0));
#3186=DIRECTION('',(1.E0,0.E0,7.598864454784E-14));
#3187=AXIS2_PLACEMENT_3D('',#3184,#3185,#3186);
#3188=PLANE('',#3187);
#3190=ORIENTED_EDGE('',*,*,#3189,.T.);
#3192=ORIENTED_EDGE('',*,*,#3191,.T.);
#3194=ORIENTED_EDGE('',*,*,#3193,.F.);
#3195=ORIENTED_EDGE('',*,*,#3176,.F.);
#3196=EDGE_LOOP('',(#3190,#3192,#3194,#3195));
#3197=FACE_OUTER_BOUND('',#3196,.F.);
#3198=ADVANCED_FACE('',(#3197),#3188,.T.);
#3199=CARTESIAN_POINT('',(3.568831554383E0,2.8E-1,2.624999999999E0));
#3200=DIRECTION('',(0.E0,1.E0,0.E0));
#3201=DIRECTION('',(1.E0,0.E0,7.579122514776E-14));
#3202=AXIS2_PLACEMENT_3D('',#3199,#3200,#3201);
#3203=PLANE('',#3202);
#3204=ORIENTED_EDGE('',*,*,#3189,.F.);
#3205=ORIENTED_EDGE('',*,*,#3165,.T.);
#3207=ORIENTED_EDGE('',*,*,#3206,.T.);
#3209=ORIENTED_EDGE('',*,*,#3208,.F.);
#3210=EDGE_LOOP('',(#3204,#3205,#3207,#3209));
#3211=FACE_OUTER_BOUND('',#3210,.F.);
#3212=ADVANCED_FACE('',(#3211),#3203,.T.);
#3213=CARTESIAN_POINT('',(3.884415777191E0,1.3E-1,1.874999999999E0));
#3214=DIRECTION('',(-7.563684526752E-14,0.E0,1.E0));
#3215=DIRECTION('',(1.E0,0.E0,7.563684526752E-14));
#3216=AXIS2_PLACEMENT_3D('',#3213,#3214,#3215);
#3217=PLANE('',#3216);
#3218=ORIENTED_EDGE('',*,*,#3206,.F.);
#3219=ORIENTED_EDGE('',*,*,#3151,.T.);
#3221=ORIENTED_EDGE('',*,*,#3220,.T.);
#3223=ORIENTED_EDGE('',*,*,#3222,.F.);
#3224=EDGE_LOOP('',(#3218,#3219,#3221,#3223));
#3225=FACE_OUTER_BOUND('',#3224,.F.);
#3226=ADVANCED_FACE('',(#3225),#3217,.F.);
#3227=CARTESIAN_POINT('',(3.568831554383E0,-2.E-2,2.624999999999E0));
#3228=DIRECTION('',(0.E0,1.E0,0.E0));
#3229=DIRECTION('',(1.E0,0.E0,7.579122514776E-14));
#3230=AXIS2_PLACEMENT_3D('',#3227,#3228,#3229);
#3231=PLANE('',#3230);
#3232=ORIENTED_EDGE('',*,*,#3193,.T.);
#3234=ORIENTED_EDGE('',*,*,#3233,.T.);
#3235=ORIENTED_EDGE('',*,*,#3220,.F.);
#3237=ORIENTED_EDGE('',*,*,#3236,.F.);
#3238=EDGE_LOOP('',(#3232,#3234,#3235,#3237));
#3239=FACE_OUTER_BOUND('',#3238,.F.);
#3240=ADVANCED_FACE('',(#3239),#3231,.F.);
#3241=CARTESIAN_POINT('',(4.2E0,1.3E-1,2.249999999999E0));
#3242=DIRECTION('',(1.E0,0.E0,7.579122514776E-14));
#3243=DIRECTION('',(7.579122514776E-14,0.E0,-1.E0));
#3244=AXIS2_PLACEMENT_3D('',#3241,#3242,#3243);
#3245=PLANE('',#3244);
#3246=ORIENTED_EDGE('',*,*,#3208,.T.);
#3247=ORIENTED_EDGE('',*,*,#3222,.T.);
#3248=ORIENTED_EDGE('',*,*,#3233,.F.);
#3249=ORIENTED_EDGE('',*,*,#3191,.F.);
#3250=EDGE_LOOP('',(#3246,#3247,#3248,#3249));
#3251=FACE_OUTER_BOUND('',#3250,.F.);
#3252=ADVANCED_FACE('',(#3251),#3245,.T.);
#3253=CARTESIAN_POINT('',(3.568831554383E0,3.E-1,2.624999999999E0));
#3254=DIRECTION('',(7.579122514776E-14,0.E0,-1.E0));
#3255=DIRECTION('',(-1.E0,0.E0,-7.579122514776E-14));
#3256=AXIS2_PLACEMENT_3D('',#3253,#3254,#3255);
#3257=CYLINDRICAL_SURFACE('',#3256,3.2E-1);
#3258=ORIENTED_EDGE('',*,*,#3178,.T.);
#3259=ORIENTED_EDGE('',*,*,#3236,.T.);
#3260=ORIENTED_EDGE('',*,*,#3149,.F.);
#3261=ORIENTED_EDGE('',*,*,#3092,.F.);
#3262=EDGE_LOOP('',(#3258,#3259,#3260,#3261));
#3263=FACE_OUTER_BOUND('',#3262,.F.);
#3264=ADVANCED_FACE('',(#3263),#3257,.T.);
#3265=CARTESIAN_POINT('',(3.1E0,5.8E-1,-2.625000000001E0));
#3266=DIRECTION('',(0.E0,-1.E0,0.E0));
#3267=DIRECTION('',(1.E0,0.E0,0.E0));
#3268=AXIS2_PLACEMENT_3D('',#3265,#3266,#3267);
#3269=PLANE('',#3268);
#3270=ORIENTED_EDGE('',*,*,#2121,.T.);
#3272=ORIENTED_EDGE('',*,*,#3271,.T.);
#3274=ORIENTED_EDGE('',*,*,#3273,.T.);
#3276=ORIENTED_EDGE('',*,*,#3275,.F.);
#3277=EDGE_LOOP('',(#3270,#3272,#3274,#3276));
#3278=FACE_OUTER_BOUND('',#3277,.F.);
#3279=ADVANCED_FACE('',(#3278),#3269,.F.);
#3280=CARTESIAN_POINT('',(3.165347564937E0,4.3E-1,-2.625000000001E0));
#3281=DIRECTION('',(0.E0,0.E0,1.E0));
#3282=DIRECTION('',(1.E0,0.E0,0.E0));
#3283=AXIS2_PLACEMENT_3D('',#3280,#3281,#3282);
#3284=PLANE('',#3283);
#3285=ORIENTED_EDGE('',*,*,#2127,.F.);
#3287=ORIENTED_EDGE('',*,*,#3286,.T.);
#3289=ORIENTED_EDGE('',*,*,#3288,.F.);
#3290=ORIENTED_EDGE('',*,*,#3271,.F.);
#3291=EDGE_LOOP('',(#3285,#3287,#3289,#3290));
#3292=FACE_OUTER_BOUND('',#3291,.F.);
#3293=ADVANCED_FACE('',(#3292),#3284,.F.);
#3294=CARTESIAN_POINT('',(3.1E0,2.8E-1,-2.625000000001E0));
#3295=DIRECTION('',(0.E0,-1.E0,0.E0));
#3296=DIRECTION('',(1.E0,0.E0,0.E0));
#3297=AXIS2_PLACEMENT_3D('',#3294,#3295,#3296);
#3298=PLANE('',#3297);
#3299=ORIENTED_EDGE('',*,*,#2125,.F.);
#3301=ORIENTED_EDGE('',*,*,#3300,.T.);
#3303=ORIENTED_EDGE('',*,*,#3302,.F.);
#3304=ORIENTED_EDGE('',*,*,#3286,.F.);
#3305=EDGE_LOOP('',(#3299,#3301,#3303,#3304));
#3306=FACE_OUTER_BOUND('',#3305,.F.);
#3307=ADVANCED_FACE('',(#3306),#3298,.T.);
#3308=CARTESIAN_POINT('',(3.165347564937E0,4.3E-1,-1.875E0));
#3309=DIRECTION('',(0.E0,0.E0,1.E0));
#3310=DIRECTION('',(1.E0,0.E0,0.E0));
#3311=AXIS2_PLACEMENT_3D('',#3308,#3309,#3310);
#3312=PLANE('',#3311);
#3313=ORIENTED_EDGE('',*,*,#2123,.F.);
#3314=ORIENTED_EDGE('',*,*,#3275,.T.);
#3316=ORIENTED_EDGE('',*,*,#3315,.T.);
#3317=ORIENTED_EDGE('',*,*,#3300,.F.);
#3318=EDGE_LOOP('',(#3313,#3314,#3316,#3317));
#3319=FACE_OUTER_BOUND('',#3318,.F.);
#3320=ADVANCED_FACE('',(#3319),#3312,.T.);
#3321=CARTESIAN_POINT('',(3.340158054395E0,3.900687055179E-1,-1.875E0));
#3322=DIRECTION('',(0.E0,0.E0,1.E0));
#3323=DIRECTION('',(1.E0,0.E0,0.E0));
#3324=AXIS2_PLACEMENT_3D('',#3321,#3322,#3323);
#3325=PLANE('',#3324);
#3327=ORIENTED_EDGE('',*,*,#3326,.T.);
#3329=ORIENTED_EDGE('',*,*,#3328,.T.);
#3331=ORIENTED_EDGE('',*,*,#3330,.F.);
#3332=ORIENTED_EDGE('',*,*,#3315,.F.);
#3333=EDGE_LOOP('',(#3327,#3329,#3331,#3332));
#3334=FACE_OUTER_BOUND('',#3333,.F.);
#3335=ADVANCED_FACE('',(#3334),#3325,.T.);
#3336=CARTESIAN_POINT('',(3.230695129873E0,2.6E-1,-2.625000000001E0));
#3337=DIRECTION('',(0.E0,0.E0,1.E0));
#3338=DIRECTION('',(1.E0,0.E0,0.E0));
#3339=AXIS2_PLACEMENT_3D('',#3336,#3337,#3338);
#3340=CYLINDRICAL_SURFACE('',#3339,3.2E-1);
#3342=ORIENTED_EDGE('',*,*,#3341,.T.);
#3344=ORIENTED_EDGE('',*,*,#3343,.T.);
#3345=ORIENTED_EDGE('',*,*,#3326,.F.);
#3346=ORIENTED_EDGE('',*,*,#3273,.F.);
#3347=EDGE_LOOP('',(#3342,#3344,#3345,#3346));
#3348=FACE_OUTER_BOUND('',#3347,.F.);
#3349=ADVANCED_FACE('',(#3348),#3340,.T.);
#3350=CARTESIAN_POINT('',(3.340158054395E0,3.900687055179E-1,
-2.625000000001E0));
#3351=DIRECTION('',(0.E0,0.E0,1.E0));
#3352=DIRECTION('',(1.E0,0.E0,0.E0));
#3353=AXIS2_PLACEMENT_3D('',#3350,#3351,#3352);
#3354=PLANE('',#3353);
#3355=ORIENTED_EDGE('',*,*,#3341,.F.);
#3356=ORIENTED_EDGE('',*,*,#3288,.T.);
#3358=ORIENTED_EDGE('',*,*,#3357,.T.);
#3360=ORIENTED_EDGE('',*,*,#3359,.F.);
#3361=EDGE_LOOP('',(#3355,#3356,#3358,#3360));
#3362=FACE_OUTER_BOUND('',#3361,.F.);
#3363=ADVANCED_FACE('',(#3362),#3354,.F.);
#3364=CARTESIAN_POINT('',(3.230695129873E0,2.6E-1,-2.625000000001E0));
#3365=DIRECTION('',(0.E0,0.E0,1.E0));
#3366=DIRECTION('',(1.E0,0.E0,0.E0));
#3367=AXIS2_PLACEMENT_3D('',#3364,#3365,#3366);
#3368=CYLINDRICAL_SURFACE('',#3367,2.E-2);
#3369=ORIENTED_EDGE('',*,*,#3357,.F.);
#3370=ORIENTED_EDGE('',*,*,#3302,.T.);
#3371=ORIENTED_EDGE('',*,*,#3330,.T.);
#3373=ORIENTED_EDGE('',*,*,#3372,.F.);
#3374=EDGE_LOOP('',(#3369,#3370,#3371,#3373));
#3375=FACE_OUTER_BOUND('',#3374,.F.);
#3376=ADVANCED_FACE('',(#3375),#3368,.F.);
#3377=CARTESIAN_POINT('',(3.250401290281E0,2.634157344707E-1,
-2.625000000001E0));
#3378=DIRECTION('',(-9.853080203996E-1,-1.707867235359E-1,0.E0));
#3379=DIRECTION('',(1.707867235359E-1,-9.853080203996E-1,0.E0));
#3380=AXIS2_PLACEMENT_3D('',#3377,#3378,#3379);
#3381=PLANE('',#3380);
#3383=ORIENTED_EDGE('',*,*,#3382,.F.);
#3384=ORIENTED_EDGE('',*,*,#3372,.T.);
#3386=ORIENTED_EDGE('',*,*,#3385,.T.);
#3388=ORIENTED_EDGE('',*,*,#3387,.F.);
#3389=EDGE_LOOP('',(#3383,#3384,#3386,#3388));
#3390=FACE_OUTER_BOUND('',#3389,.F.);
#3391=ADVANCED_FACE('',(#3390),#3381,.T.);
#3392=CARTESIAN_POINT('',(3.399763342128E0,2.8E-1,-2.625000000001E0));
#3393=DIRECTION('',(0.E0,0.E0,1.E0));
#3394=DIRECTION('',(1.707867235359E-1,-9.853080203996E-1,0.E0));
#3395=AXIS2_PLACEMENT_3D('',#3392,#3393,#3394);
#3396=PLANE('',#3395);
#3398=ORIENTED_EDGE('',*,*,#3397,.F.);
#3399=ORIENTED_EDGE('',*,*,#3359,.T.);
#3400=ORIENTED_EDGE('',*,*,#3382,.T.);
#3402=ORIENTED_EDGE('',*,*,#3401,.F.);
#3403=EDGE_LOOP('',(#3398,#3399,#3400,#3402));
#3404=FACE_OUTER_BOUND('',#3403,.F.);
#3405=ADVANCED_FACE('',(#3404),#3396,.F.);
#3406=CARTESIAN_POINT('',(3.545993696401E0,3.146517515315E-1,
-2.625000000001E0));
#3407=DIRECTION('',(-9.853080203996E-1,-1.707867235359E-1,0.E0));
#3408=DIRECTION('',(1.707867235359E-1,-9.853080203996E-1,0.E0));
#3409=AXIS2_PLACEMENT_3D('',#3406,#3407,#3408);
#3410=PLANE('',#3409);
#3411=ORIENTED_EDGE('',*,*,#3397,.T.);
#3413=ORIENTED_EDGE('',*,*,#3412,.T.);
#3415=ORIENTED_EDGE('',*,*,#3414,.F.);
#3416=ORIENTED_EDGE('',*,*,#3343,.F.);
#3417=EDGE_LOOP('',(#3411,#3413,#3415,#3416));
#3418=FACE_OUTER_BOUND('',#3417,.F.);
#3419=ADVANCED_FACE('',(#3418),#3410,.F.);
#3420=CARTESIAN_POINT('',(3.568831554383E0,3.E-1,-2.625000000001E0));
#3421=DIRECTION('',(0.E0,0.E0,1.E0));
#3422=DIRECTION('',(1.E0,0.E0,0.E0));
#3423=AXIS2_PLACEMENT_3D('',#3420,#3421,#3422);
#3424=CYLINDRICAL_SURFACE('',#3423,2.E-2);
#3426=ORIENTED_EDGE('',*,*,#3425,.T.);
#3428=ORIENTED_EDGE('',*,*,#3427,.T.);
#3430=ORIENTED_EDGE('',*,*,#3429,.F.);
#3431=ORIENTED_EDGE('',*,*,#3412,.F.);
#3432=EDGE_LOOP('',(#3426,#3428,#3430,#3431));
#3433=FACE_OUTER_BOUND('',#3432,.F.);
#3434=ADVANCED_FACE('',(#3433),#3424,.F.);
#3435=CARTESIAN_POINT('',(3.459368629861E0,1.699312944821E-1,
-2.625000000001E0));
#3436=DIRECTION('',(0.E0,0.E0,1.E0));
#3437=DIRECTION('',(1.707867235359E-1,-9.853080203996E-1,0.E0));
#3438=AXIS2_PLACEMENT_3D('',#3435,#3436,#3437);
#3439=PLANE('',#3438);
#3440=ORIENTED_EDGE('',*,*,#3425,.F.);
#3441=ORIENTED_EDGE('',*,*,#3401,.T.);
#3443=ORIENTED_EDGE('',*,*,#3442,.T.);
#3445=ORIENTED_EDGE('',*,*,#3444,.F.);
#3446=EDGE_LOOP('',(#3440,#3441,#3443,#3445));
#3447=FACE_OUTER_BOUND('',#3446,.F.);
#3448=ADVANCED_FACE('',(#3447),#3439,.F.);
#3449=CARTESIAN_POINT('',(3.568831554383E0,3.E-1,-2.625000000001E0));
#3450=DIRECTION('',(0.E0,0.E0,1.E0));
#3451=DIRECTION('',(1.E0,0.E0,0.E0));
#3452=AXIS2_PLACEMENT_3D('',#3449,#3450,#3451);
#3453=CYLINDRICAL_SURFACE('',#3452,3.2E-1);
#3454=ORIENTED_EDGE('',*,*,#3442,.F.);
#3455=ORIENTED_EDGE('',*,*,#3387,.T.);
#3457=ORIENTED_EDGE('',*,*,#3456,.T.);
#3459=ORIENTED_EDGE('',*,*,#3458,.F.);
#3460=EDGE_LOOP('',(#3454,#3455,#3457,#3459));
#3461=FACE_OUTER_BOUND('',#3460,.F.);
#3462=ADVANCED_FACE('',(#3461),#3453,.T.);
#3463=CARTESIAN_POINT('',(3.459368629861E0,1.699312944821E-1,-1.875E0));
#3464=DIRECTION('',(0.E0,0.E0,1.E0));
#3465=DIRECTION('',(1.707867235359E-1,-9.853080203996E-1,0.E0));
#3466=AXIS2_PLACEMENT_3D('',#3463,#3464,#3465);
#3467=PLANE('',#3466);
#3468=ORIENTED_EDGE('',*,*,#3429,.T.);
#3470=ORIENTED_EDGE('',*,*,#3469,.T.);
#3471=ORIENTED_EDGE('',*,*,#3456,.F.);
#3473=ORIENTED_EDGE('',*,*,#3472,.F.);
#3474=EDGE_LOOP('',(#3468,#3470,#3471,#3473));
#3475=FACE_OUTER_BOUND('',#3474,.F.);
#3476=ADVANCED_FACE('',(#3475),#3467,.T.);
#3477=CARTESIAN_POINT('',(3.884415777191E0,1.3E-1,-1.875E0));
#3478=DIRECTION('',(0.E0,0.E0,1.E0));
#3479=DIRECTION('',(1.E0,0.E0,0.E0));
#3480=AXIS2_PLACEMENT_3D('',#3477,#3478,#3479);
#3481=PLANE('',#3480);
#3483=ORIENTED_EDGE('',*,*,#3482,.T.);
#3485=ORIENTED_EDGE('',*,*,#3484,.T.);
#3487=ORIENTED_EDGE('',*,*,#3486,.F.);
#3488=ORIENTED_EDGE('',*,*,#3469,.F.);
#3489=EDGE_LOOP('',(#3483,#3485,#3487,#3488));
#3490=FACE_OUTER_BOUND('',#3489,.F.);
#3491=ADVANCED_FACE('',(#3490),#3481,.T.);
#3492=CARTESIAN_POINT('',(3.568831554383E0,2.8E-1,-2.625000000001E0));
#3493=DIRECTION('',(0.E0,-1.E0,0.E0));
#3494=DIRECTION('',(1.E0,0.E0,0.E0));
#3495=AXIS2_PLACEMENT_3D('',#3492,#3493,#3494);
#3496=PLANE('',#3495);
#3498=ORIENTED_EDGE('',*,*,#3497,.T.);
#3500=ORIENTED_EDGE('',*,*,#3499,.T.);
#3501=ORIENTED_EDGE('',*,*,#3482,.F.);
#3502=ORIENTED_EDGE('',*,*,#3427,.F.);
#3503=EDGE_LOOP('',(#3498,#3500,#3501,#3502));
#3504=FACE_OUTER_BOUND('',#3503,.F.);
#3505=ADVANCED_FACE('',(#3504),#3496,.F.);
#3506=CARTESIAN_POINT('',(3.884415777191E0,1.3E-1,-2.625000000001E0));
#3507=DIRECTION('',(0.E0,0.E0,1.E0));
#3508=DIRECTION('',(1.E0,0.E0,0.E0));
#3509=AXIS2_PLACEMENT_3D('',#3506,#3507,#3508);
#3510=PLANE('',#3509);
#3511=ORIENTED_EDGE('',*,*,#3497,.F.);
#3512=ORIENTED_EDGE('',*,*,#3444,.T.);
#3514=ORIENTED_EDGE('',*,*,#3513,.T.);
#3516=ORIENTED_EDGE('',*,*,#3515,.F.);
#3517=EDGE_LOOP('',(#3511,#3512,#3514,#3516));
#3518=FACE_OUTER_BOUND('',#3517,.F.);
#3519=ADVANCED_FACE('',(#3518),#3510,.F.);
#3520=CARTESIAN_POINT('',(3.568831554383E0,-2.E-2,-2.625000000001E0));
#3521=DIRECTION('',(0.E0,-1.E0,0.E0));
#3522=DIRECTION('',(1.E0,0.E0,0.E0));
#3523=AXIS2_PLACEMENT_3D('',#3520,#3521,#3522);
#3524=PLANE('',#3523);
#3525=ORIENTED_EDGE('',*,*,#3513,.F.);
#3526=ORIENTED_EDGE('',*,*,#3458,.T.);
#3527=ORIENTED_EDGE('',*,*,#3486,.T.);
#3529=ORIENTED_EDGE('',*,*,#3528,.F.);
#3530=EDGE_LOOP('',(#3525,#3526,#3527,#3529));
#3531=FACE_OUTER_BOUND('',#3530,.F.);
#3532=ADVANCED_FACE('',(#3531),#3524,.T.);
#3533=CARTESIAN_POINT('',(4.2E0,1.3E-1,-2.250000000001E0));
#3534=DIRECTION('',(-1.E0,0.E0,0.E0));
#3535=DIRECTION('',(0.E0,0.E0,1.E0));
#3536=AXIS2_PLACEMENT_3D('',#3533,#3534,#3535);
#3537=PLANE('',#3536);
#3538=ORIENTED_EDGE('',*,*,#3499,.F.);
#3539=ORIENTED_EDGE('',*,*,#3515,.T.);
#3540=ORIENTED_EDGE('',*,*,#3528,.T.);
#3541=ORIENTED_EDGE('',*,*,#3484,.F.);
#3542=EDGE_LOOP('',(#3538,#3539,#3540,#3541));
#3543=FACE_OUTER_BOUND('',#3542,.F.);
#3544=ADVANCED_FACE('',(#3543),#3537,.F.);
#3545=CARTESIAN_POINT('',(3.399763342128E0,2.8E-1,-1.875E0));
#3546=DIRECTION('',(0.E0,0.E0,1.E0));
#3547=DIRECTION('',(1.707867235359E-1,-9.853080203996E-1,0.E0));
#3548=AXIS2_PLACEMENT_3D('',#3545,#3546,#3547);
#3549=PLANE('',#3548);
#3550=ORIENTED_EDGE('',*,*,#3414,.T.);
#3551=ORIENTED_EDGE('',*,*,#3472,.T.);
#3552=ORIENTED_EDGE('',*,*,#3385,.F.);
#3553=ORIENTED_EDGE('',*,*,#3328,.F.);
#3554=EDGE_LOOP('',(#3550,#3551,#3552,#3553));
#3555=FACE_OUTER_BOUND('',#3554,.F.);
#3556=ADVANCED_FACE('',(#3555),#3549,.T.);
#3557=CARTESIAN_POINT('',(-3.1E0,5.8E-1,2.624999999999E0));
#3558=DIRECTION('',(0.E0,-1.E0,0.E0));
#3559=DIRECTION('',(-1.E0,0.E0,0.E0));
#3560=AXIS2_PLACEMENT_3D('',#3557,#3558,#3559);
#3561=PLANE('',#3560);
#3562=ORIENTED_EDGE('',*,*,#2045,.F.);
#3564=ORIENTED_EDGE('',*,*,#3563,.T.);
#3566=ORIENTED_EDGE('',*,*,#3565,.T.);
#3568=ORIENTED_EDGE('',*,*,#3567,.F.);
#3569=EDGE_LOOP('',(#3562,#3564,#3566,#3568));
#3570=FACE_OUTER_BOUND('',#3569,.F.);
#3571=ADVANCED_FACE('',(#3570),#3561,.F.);
#3572=CARTESIAN_POINT('',(-3.165347564937E0,4.3E-1,2.624999999999E0));
#3573=DIRECTION('',(0.E0,0.E0,-1.E0));
#3574=DIRECTION('',(-1.E0,0.E0,0.E0));
#3575=AXIS2_PLACEMENT_3D('',#3572,#3573,#3574);
#3576=PLANE('',#3575);
#3577=ORIENTED_EDGE('',*,*,#2051,.F.);
#3579=ORIENTED_EDGE('',*,*,#3578,.T.);
#3581=ORIENTED_EDGE('',*,*,#3580,.F.);
#3582=ORIENTED_EDGE('',*,*,#3563,.F.);
#3583=EDGE_LOOP('',(#3577,#3579,#3581,#3582));
#3584=FACE_OUTER_BOUND('',#3583,.F.);
#3585=ADVANCED_FACE('',(#3584),#3576,.F.);
#3586=CARTESIAN_POINT('',(-3.1E0,2.8E-1,2.624999999999E0));
#3587=DIRECTION('',(0.E0,-1.E0,0.E0));
#3588=DIRECTION('',(-1.E0,0.E0,0.E0));
#3589=AXIS2_PLACEMENT_3D('',#3586,#3587,#3588);
#3590=PLANE('',#3589);
#3591=ORIENTED_EDGE('',*,*,#2049,.T.);
#3593=ORIENTED_EDGE('',*,*,#3592,.T.);
#3595=ORIENTED_EDGE('',*,*,#3594,.F.);
#3596=ORIENTED_EDGE('',*,*,#3578,.F.);
#3597=EDGE_LOOP('',(#3591,#3593,#3595,#3596));
#3598=FACE_OUTER_BOUND('',#3597,.F.);
#3599=ADVANCED_FACE('',(#3598),#3590,.T.);
#3600=CARTESIAN_POINT('',(-3.165347564937E0,4.3E-1,1.875E0));
#3601=DIRECTION('',(0.E0,0.E0,-1.E0));
#3602=DIRECTION('',(-1.E0,0.E0,0.E0));
#3603=AXIS2_PLACEMENT_3D('',#3600,#3601,#3602);
#3604=PLANE('',#3603);
#3605=ORIENTED_EDGE('',*,*,#2047,.T.);
#3606=ORIENTED_EDGE('',*,*,#3567,.T.);
#3608=ORIENTED_EDGE('',*,*,#3607,.T.);
#3609=ORIENTED_EDGE('',*,*,#3592,.F.);
#3610=EDGE_LOOP('',(#3605,#3606,#3608,#3609));
#3611=FACE_OUTER_BOUND('',#3610,.F.);
#3612=ADVANCED_FACE('',(#3611),#3604,.T.);
#3613=CARTESIAN_POINT('',(-3.340158054395E0,3.900687055179E-1,1.875E0));
#3614=DIRECTION('',(0.E0,0.E0,-1.E0));
#3615=DIRECTION('',(-1.E0,0.E0,0.E0));
#3616=AXIS2_PLACEMENT_3D('',#3613,#3614,#3615);
#3617=PLANE('',#3616);
#3619=ORIENTED_EDGE('',*,*,#3618,.T.);
#3621=ORIENTED_EDGE('',*,*,#3620,.T.);
#3623=ORIENTED_EDGE('',*,*,#3622,.F.);
#3624=ORIENTED_EDGE('',*,*,#3607,.F.);
#3625=EDGE_LOOP('',(#3619,#3621,#3623,#3624));
#3626=FACE_OUTER_BOUND('',#3625,.F.);
#3627=ADVANCED_FACE('',(#3626),#3617,.T.);
#3628=CARTESIAN_POINT('',(-3.230695129873E0,2.6E-1,2.624999999999E0));
#3629=DIRECTION('',(0.E0,0.E0,-1.E0));
#3630=DIRECTION('',(-1.E0,0.E0,0.E0));
#3631=AXIS2_PLACEMENT_3D('',#3628,#3629,#3630);
#3632=CYLINDRICAL_SURFACE('',#3631,3.2E-1);
#3634=ORIENTED_EDGE('',*,*,#3633,.T.);
#3636=ORIENTED_EDGE('',*,*,#3635,.T.);
#3637=ORIENTED_EDGE('',*,*,#3618,.F.);
#3638=ORIENTED_EDGE('',*,*,#3565,.F.);
#3639=EDGE_LOOP('',(#3634,#3636,#3637,#3638));
#3640=FACE_OUTER_BOUND('',#3639,.F.);
#3641=ADVANCED_FACE('',(#3640),#3632,.T.);
#3642=CARTESIAN_POINT('',(-3.340158054395E0,3.900687055179E-1,
2.624999999999E0));
#3643=DIRECTION('',(0.E0,0.E0,-1.E0));
#3644=DIRECTION('',(-1.E0,0.E0,0.E0));
#3645=AXIS2_PLACEMENT_3D('',#3642,#3643,#3644);
#3646=PLANE('',#3645);
#3647=ORIENTED_EDGE('',*,*,#3633,.F.);
#3648=ORIENTED_EDGE('',*,*,#3580,.T.);
#3650=ORIENTED_EDGE('',*,*,#3649,.T.);
#3652=ORIENTED_EDGE('',*,*,#3651,.F.);
#3653=EDGE_LOOP('',(#3647,#3648,#3650,#3652));
#3654=FACE_OUTER_BOUND('',#3653,.F.);
#3655=ADVANCED_FACE('',(#3654),#3646,.F.);
#3656=CARTESIAN_POINT('',(-3.230695129873E0,2.6E-1,2.624999999999E0));
#3657=DIRECTION('',(0.E0,0.E0,-1.E0));
#3658=DIRECTION('',(-1.E0,0.E0,0.E0));
#3659=AXIS2_PLACEMENT_3D('',#3656,#3657,#3658);
#3660=CYLINDRICAL_SURFACE('',#3659,2.E-2);
#3661=ORIENTED_EDGE('',*,*,#3649,.F.);
#3662=ORIENTED_EDGE('',*,*,#3594,.T.);
#3663=ORIENTED_EDGE('',*,*,#3622,.T.);
#3665=ORIENTED_EDGE('',*,*,#3664,.F.);
#3666=EDGE_LOOP('',(#3661,#3662,#3663,#3665));
#3667=FACE_OUTER_BOUND('',#3666,.F.);
#3668=ADVANCED_FACE('',(#3667),#3660,.F.);
#3669=CARTESIAN_POINT('',(-3.250401290281E0,2.634157344707E-1,
2.624999999999E0));
#3670=DIRECTION('',(9.853080203996E-1,-1.707867235359E-1,0.E0));
#3671=DIRECTION('',(-1.707867235359E-1,-9.853080203996E-1,0.E0));
#3672=AXIS2_PLACEMENT_3D('',#3669,#3670,#3671);
#3673=PLANE('',#3672);
#3675=ORIENTED_EDGE('',*,*,#3674,.F.);
#3676=ORIENTED_EDGE('',*,*,#3664,.T.);
#3678=ORIENTED_EDGE('',*,*,#3677,.T.);
#3680=ORIENTED_EDGE('',*,*,#3679,.F.);
#3681=EDGE_LOOP('',(#3675,#3676,#3678,#3680));
#3682=FACE_OUTER_BOUND('',#3681,.F.);
#3683=ADVANCED_FACE('',(#3682),#3673,.T.);
#3684=CARTESIAN_POINT('',(-3.399763342128E0,2.8E-1,2.624999999999E0));
#3685=DIRECTION('',(0.E0,0.E0,-1.E0));
#3686=DIRECTION('',(-1.707867235359E-1,-9.853080203996E-1,0.E0));
#3687=AXIS2_PLACEMENT_3D('',#3684,#3685,#3686);
#3688=PLANE('',#3687);
#3690=ORIENTED_EDGE('',*,*,#3689,.F.);
#3691=ORIENTED_EDGE('',*,*,#3651,.T.);
#3692=ORIENTED_EDGE('',*,*,#3674,.T.);
#3694=ORIENTED_EDGE('',*,*,#3693,.F.);
#3695=EDGE_LOOP('',(#3690,#3691,#3692,#3694));
#3696=FACE_OUTER_BOUND('',#3695,.F.);
#3697=ADVANCED_FACE('',(#3696),#3688,.F.);
#3698=CARTESIAN_POINT('',(-3.545993696401E0,3.146517515315E-1,
2.624999999999E0));
#3699=DIRECTION('',(9.853080203996E-1,-1.707867235359E-1,0.E0));
#3700=DIRECTION('',(-1.707867235359E-1,-9.853080203996E-1,0.E0));
#3701=AXIS2_PLACEMENT_3D('',#3698,#3699,#3700);
#3702=PLANE('',#3701);
#3703=ORIENTED_EDGE('',*,*,#3689,.T.);
#3705=ORIENTED_EDGE('',*,*,#3704,.T.);
#3707=ORIENTED_EDGE('',*,*,#3706,.F.);
#3708=ORIENTED_EDGE('',*,*,#3635,.F.);
#3709=EDGE_LOOP('',(#3703,#3705,#3707,#3708));
#3710=FACE_OUTER_BOUND('',#3709,.F.);
#3711=ADVANCED_FACE('',(#3710),#3702,.F.);
#3712=CARTESIAN_POINT('',(-3.568831554383E0,3.E-1,2.624999999999E0));
#3713=DIRECTION('',(0.E0,0.E0,-1.E0));
#3714=DIRECTION('',(-1.E0,0.E0,0.E0));
#3715=AXIS2_PLACEMENT_3D('',#3712,#3713,#3714);
#3716=CYLINDRICAL_SURFACE('',#3715,2.E-2);
#3718=ORIENTED_EDGE('',*,*,#3717,.T.);
#3720=ORIENTED_EDGE('',*,*,#3719,.T.);
#3722=ORIENTED_EDGE('',*,*,#3721,.F.);
#3723=ORIENTED_EDGE('',*,*,#3704,.F.);
#3724=EDGE_LOOP('',(#3718,#3720,#3722,#3723));
#3725=FACE_OUTER_BOUND('',#3724,.F.);
#3726=ADVANCED_FACE('',(#3725),#3716,.F.);
#3727=CARTESIAN_POINT('',(-3.459368629861E0,1.699312944821E-1,
2.624999999999E0));
#3728=DIRECTION('',(0.E0,0.E0,-1.E0));
#3729=DIRECTION('',(-1.707867235359E-1,-9.853080203996E-1,0.E0));
#3730=AXIS2_PLACEMENT_3D('',#3727,#3728,#3729);
#3731=PLANE('',#3730);
#3732=ORIENTED_EDGE('',*,*,#3717,.F.);
#3733=ORIENTED_EDGE('',*,*,#3693,.T.);
#3735=ORIENTED_EDGE('',*,*,#3734,.T.);
#3737=ORIENTED_EDGE('',*,*,#3736,.F.);
#3738=EDGE_LOOP('',(#3732,#3733,#3735,#3737));
#3739=FACE_OUTER_BOUND('',#3738,.F.);
#3740=ADVANCED_FACE('',(#3739),#3731,.F.);
#3741=CARTESIAN_POINT('',(-3.568831554383E0,3.E-1,2.624999999999E0));
#3742=DIRECTION('',(0.E0,0.E0,-1.E0));
#3743=DIRECTION('',(-1.E0,0.E0,0.E0));
#3744=AXIS2_PLACEMENT_3D('',#3741,#3742,#3743);
#3745=CYLINDRICAL_SURFACE('',#3744,3.2E-1);
#3746=ORIENTED_EDGE('',*,*,#3734,.F.);
#3747=ORIENTED_EDGE('',*,*,#3679,.T.);
#3749=ORIENTED_EDGE('',*,*,#3748,.T.);
#3751=ORIENTED_EDGE('',*,*,#3750,.F.);
#3752=EDGE_LOOP('',(#3746,#3747,#3749,#3751));
#3753=FACE_OUTER_BOUND('',#3752,.F.);
#3754=ADVANCED_FACE('',(#3753),#3745,.T.);
#3755=CARTESIAN_POINT('',(-3.459368629861E0,1.699312944821E-1,1.875E0));
#3756=DIRECTION('',(0.E0,0.E0,-1.E0));
#3757=DIRECTION('',(-1.707867235359E-1,-9.853080203996E-1,0.E0));
#3758=AXIS2_PLACEMENT_3D('',#3755,#3756,#3757);
#3759=PLANE('',#3758);
#3760=ORIENTED_EDGE('',*,*,#3721,.T.);
#3762=ORIENTED_EDGE('',*,*,#3761,.T.);
#3763=ORIENTED_EDGE('',*,*,#3748,.F.);
#3765=ORIENTED_EDGE('',*,*,#3764,.F.);
#3766=EDGE_LOOP('',(#3760,#3762,#3763,#3765));
#3767=FACE_OUTER_BOUND('',#3766,.F.);
#3768=ADVANCED_FACE('',(#3767),#3759,.T.);
#3769=CARTESIAN_POINT('',(-3.884415777191E0,1.3E-1,1.875E0));
#3770=DIRECTION('',(0.E0,0.E0,-1.E0));
#3771=DIRECTION('',(-1.E0,0.E0,0.E0));
#3772=AXIS2_PLACEMENT_3D('',#3769,#3770,#3771);
#3773=PLANE('',#3772);
#3775=ORIENTED_EDGE('',*,*,#3774,.T.);
#3777=ORIENTED_EDGE('',*,*,#3776,.T.);
#3779=ORIENTED_EDGE('',*,*,#3778,.F.);
#3780=ORIENTED_EDGE('',*,*,#3761,.F.);
#3781=EDGE_LOOP('',(#3775,#3777,#3779,#3780));
#3782=FACE_OUTER_BOUND('',#3781,.F.);
#3783=ADVANCED_FACE('',(#3782),#3773,.T.);
#3784=CARTESIAN_POINT('',(-3.568831554383E0,2.8E-1,2.624999999999E0));
#3785=DIRECTION('',(0.E0,-1.E0,0.E0));
#3786=DIRECTION('',(-1.E0,0.E0,0.E0));
#3787=AXIS2_PLACEMENT_3D('',#3784,#3785,#3786);
#3788=PLANE('',#3787);
#3790=ORIENTED_EDGE('',*,*,#3789,.T.);
#3792=ORIENTED_EDGE('',*,*,#3791,.T.);
#3793=ORIENTED_EDGE('',*,*,#3774,.F.);
#3794=ORIENTED_EDGE('',*,*,#3719,.F.);
#3795=EDGE_LOOP('',(#3790,#3792,#3793,#3794));
#3796=FACE_OUTER_BOUND('',#3795,.F.);
#3797=ADVANCED_FACE('',(#3796),#3788,.F.);
#3798=CARTESIAN_POINT('',(-3.884415777191E0,1.3E-1,2.624999999999E0));
#3799=DIRECTION('',(0.E0,0.E0,-1.E0));
#3800=DIRECTION('',(-1.E0,0.E0,0.E0));
#3801=AXIS2_PLACEMENT_3D('',#3798,#3799,#3800);
#3802=PLANE('',#3801);
#3803=ORIENTED_EDGE('',*,*,#3789,.F.);
#3804=ORIENTED_EDGE('',*,*,#3736,.T.);
#3806=ORIENTED_EDGE('',*,*,#3805,.T.);
#3808=ORIENTED_EDGE('',*,*,#3807,.F.);
#3809=EDGE_LOOP('',(#3803,#3804,#3806,#3808));
#3810=FACE_OUTER_BOUND('',#3809,.F.);
#3811=ADVANCED_FACE('',(#3810),#3802,.F.);
#3812=CARTESIAN_POINT('',(-3.568831554383E0,-2.E-2,2.624999999999E0));
#3813=DIRECTION('',(0.E0,-1.E0,0.E0));
#3814=DIRECTION('',(-1.E0,0.E0,0.E0));
#3815=AXIS2_PLACEMENT_3D('',#3812,#3813,#3814);
#3816=PLANE('',#3815);
#3817=ORIENTED_EDGE('',*,*,#3805,.F.);
#3818=ORIENTED_EDGE('',*,*,#3750,.T.);
#3819=ORIENTED_EDGE('',*,*,#3778,.T.);
#3821=ORIENTED_EDGE('',*,*,#3820,.F.);
#3822=EDGE_LOOP('',(#3817,#3818,#3819,#3821));
#3823=FACE_OUTER_BOUND('',#3822,.F.);
#3824=ADVANCED_FACE('',(#3823),#3816,.T.);
#3825=CARTESIAN_POINT('',(-4.2E0,1.3E-1,2.249999999999E0));
#3826=DIRECTION('',(1.E0,0.E0,0.E0));
#3827=DIRECTION('',(0.E0,0.E0,-1.E0));
#3828=AXIS2_PLACEMENT_3D('',#3825,#3826,#3827);
#3829=PLANE('',#3828);
#3830=ORIENTED_EDGE('',*,*,#3791,.F.);
#3831=ORIENTED_EDGE('',*,*,#3807,.T.);
#3832=ORIENTED_EDGE('',*,*,#3820,.T.);
#3833=ORIENTED_EDGE('',*,*,#3776,.F.);
#3834=EDGE_LOOP('',(#3830,#3831,#3832,#3833));
#3835=FACE_OUTER_BOUND('',#3834,.F.);
#3836=ADVANCED_FACE('',(#3835),#3829,.F.);
#3837=CARTESIAN_POINT('',(-3.399763342128E0,2.8E-1,1.875E0));
#3838=DIRECTION('',(0.E0,0.E0,-1.E0));
#3839=DIRECTION('',(-1.707867235359E-1,-9.853080203996E-1,0.E0));
#3840=AXIS2_PLACEMENT_3D('',#3837,#3838,#3839);
#3841=PLANE('',#3840);
#3842=ORIENTED_EDGE('',*,*,#3706,.T.);
#3843=ORIENTED_EDGE('',*,*,#3764,.T.);
#3844=ORIENTED_EDGE('',*,*,#3677,.F.);
#3845=ORIENTED_EDGE('',*,*,#3620,.F.);
#3846=EDGE_LOOP('',(#3842,#3843,#3844,#3845));
#3847=FACE_OUTER_BOUND('',#3846,.F.);
#3848=ADVANCED_FACE('',(#3847),#3841,.T.);
#3849=CARTESIAN_POINT('',(-3.1E0,5.8E-1,-2.625E0));
#3850=DIRECTION('',(0.E0,1.E0,0.E0));
#3851=DIRECTION('',(-1.E0,0.E0,0.E0));
#3852=AXIS2_PLACEMENT_3D('',#3849,#3850,#3851);
#3853=PLANE('',#3852);
#3854=ORIENTED_EDGE('',*,*,#2055,.F.);
#3856=ORIENTED_EDGE('',*,*,#3855,.T.);
#3858=ORIENTED_EDGE('',*,*,#3857,.F.);
#3860=ORIENTED_EDGE('',*,*,#3859,.F.);
#3861=EDGE_LOOP('',(#3854,#3856,#3858,#3860));
#3862=FACE_OUTER_BOUND('',#3861,.F.);
#3863=ADVANCED_FACE('',(#3862),#3853,.T.);
#3864=CARTESIAN_POINT('',(-3.165347564937E0,4.3E-1,-1.875E0));
#3865=DIRECTION('',(0.E0,0.E0,-1.E0));
#3866=DIRECTION('',(-1.E0,0.E0,0.E0));
#3867=AXIS2_PLACEMENT_3D('',#3864,#3865,#3866);
#3868=PLANE('',#3867);
#3869=ORIENTED_EDGE('',*,*,#2061,.T.);
#3871=ORIENTED_EDGE('',*,*,#3870,.T.);
#3873=ORIENTED_EDGE('',*,*,#3872,.F.);
#3874=ORIENTED_EDGE('',*,*,#3855,.F.);
#3875=EDGE_LOOP('',(#3869,#3871,#3873,#3874));
#3876=FACE_OUTER_BOUND('',#3875,.F.);
#3877=ADVANCED_FACE('',(#3876),#3868,.F.);
#3878=CARTESIAN_POINT('',(-3.1E0,2.8E-1,-2.625E0));
#3879=DIRECTION('',(0.E0,1.E0,0.E0));
#3880=DIRECTION('',(-1.E0,0.E0,0.E0));
#3881=AXIS2_PLACEMENT_3D('',#3878,#3879,#3880);
#3882=PLANE('',#3881);
#3883=ORIENTED_EDGE('',*,*,#2059,.T.);
#3885=ORIENTED_EDGE('',*,*,#3884,.T.);
#3887=ORIENTED_EDGE('',*,*,#3886,.T.);
#3888=ORIENTED_EDGE('',*,*,#3870,.F.);
#3889=EDGE_LOOP('',(#3883,#3885,#3887,#3888));
#3890=FACE_OUTER_BOUND('',#3889,.F.);
#3891=ADVANCED_FACE('',(#3890),#3882,.F.);
#3892=CARTESIAN_POINT('',(-3.165347564937E0,4.3E-1,-2.625E0));
#3893=DIRECTION('',(0.E0,0.E0,-1.E0));
#3894=DIRECTION('',(-1.E0,0.E0,0.E0));
#3895=AXIS2_PLACEMENT_3D('',#3892,#3893,#3894);
#3896=PLANE('',#3895);
#3897=ORIENTED_EDGE('',*,*,#2057,.T.);
#3898=ORIENTED_EDGE('',*,*,#3859,.T.);
#3900=ORIENTED_EDGE('',*,*,#3899,.T.);
#3901=ORIENTED_EDGE('',*,*,#3884,.F.);
#3902=EDGE_LOOP('',(#3897,#3898,#3900,#3901));
#3903=FACE_OUTER_BOUND('',#3902,.F.);
#3904=ADVANCED_FACE('',(#3903),#3896,.T.);
#3905=CARTESIAN_POINT('',(-3.340158054395E0,3.900687055179E-1,-2.625E0));
#3906=DIRECTION('',(0.E0,0.E0,-1.E0));
#3907=DIRECTION('',(-1.E0,0.E0,0.E0));
#3908=AXIS2_PLACEMENT_3D('',#3905,#3906,#3907);
#3909=PLANE('',#3908);
#3911=ORIENTED_EDGE('',*,*,#3910,.T.);
#3913=ORIENTED_EDGE('',*,*,#3912,.T.);
#3915=ORIENTED_EDGE('',*,*,#3914,.F.);
#3916=ORIENTED_EDGE('',*,*,#3899,.F.);
#3917=EDGE_LOOP('',(#3911,#3913,#3915,#3916));
#3918=FACE_OUTER_BOUND('',#3917,.F.);
#3919=ADVANCED_FACE('',(#3918),#3909,.T.);
#3920=CARTESIAN_POINT('',(-3.230695129873E0,2.6E-1,-2.625E0));
#3921=DIRECTION('',(0.E0,0.E0,1.E0));
#3922=DIRECTION('',(1.E0,0.E0,0.E0));
#3923=AXIS2_PLACEMENT_3D('',#3920,#3921,#3922);
#3924=CYLINDRICAL_SURFACE('',#3923,3.2E-1);
#3925=ORIENTED_EDGE('',*,*,#3910,.F.);
#3926=ORIENTED_EDGE('',*,*,#3857,.T.);
#3928=ORIENTED_EDGE('',*,*,#3927,.T.);
#3930=ORIENTED_EDGE('',*,*,#3929,.F.);
#3931=EDGE_LOOP('',(#3925,#3926,#3928,#3930));
#3932=FACE_OUTER_BOUND('',#3931,.F.);
#3933=ADVANCED_FACE('',(#3932),#3924,.T.);
#3934=CARTESIAN_POINT('',(-3.340158054395E0,3.900687055179E-1,-1.875E0));
#3935=DIRECTION('',(0.E0,0.E0,-1.E0));
#3936=DIRECTION('',(-1.E0,0.E0,0.E0));
#3937=AXIS2_PLACEMENT_3D('',#3934,#3935,#3936);
#3938=PLANE('',#3937);
#3939=ORIENTED_EDGE('',*,*,#3927,.F.);
#3940=ORIENTED_EDGE('',*,*,#3872,.T.);
#3942=ORIENTED_EDGE('',*,*,#3941,.T.);
#3944=ORIENTED_EDGE('',*,*,#3943,.F.);
#3945=EDGE_LOOP('',(#3939,#3940,#3942,#3944));
#3946=FACE_OUTER_BOUND('',#3945,.F.);
#3947=ADVANCED_FACE('',(#3946),#3938,.F.);
#3948=CARTESIAN_POINT('',(-3.230695129873E0,2.6E-1,-2.625E0));
#3949=DIRECTION('',(0.E0,0.E0,1.E0));
#3950=DIRECTION('',(1.E0,0.E0,0.E0));
#3951=AXIS2_PLACEMENT_3D('',#3948,#3949,#3950);
#3952=CYLINDRICAL_SURFACE('',#3951,2.E-2);
#3953=ORIENTED_EDGE('',*,*,#3914,.T.);
#3955=ORIENTED_EDGE('',*,*,#3954,.T.);
#3956=ORIENTED_EDGE('',*,*,#3941,.F.);
#3957=ORIENTED_EDGE('',*,*,#3886,.F.);
#3958=EDGE_LOOP('',(#3953,#3955,#3956,#3957));
#3959=FACE_OUTER_BOUND('',#3958,.F.);
#3960=ADVANCED_FACE('',(#3959),#3952,.F.);
#3961=CARTESIAN_POINT('',(-3.250401290281E0,2.634157344707E-1,-2.625E0));
#3962=DIRECTION('',(-9.853080203996E-1,1.707867235359E-1,0.E0));
#3963=DIRECTION('',(-1.707867235359E-1,-9.853080203996E-1,0.E0));
#3964=AXIS2_PLACEMENT_3D('',#3961,#3962,#3963);
#3965=PLANE('',#3964);
#3967=ORIENTED_EDGE('',*,*,#3966,.T.);
#3969=ORIENTED_EDGE('',*,*,#3968,.T.);
#3971=ORIENTED_EDGE('',*,*,#3970,.F.);
#3972=ORIENTED_EDGE('',*,*,#3954,.F.);
#3973=EDGE_LOOP('',(#3967,#3969,#3971,#3972));
#3974=FACE_OUTER_BOUND('',#3973,.F.);
#3975=ADVANCED_FACE('',(#3974),#3965,.F.);
#3976=CARTESIAN_POINT('',(-3.399763342128E0,2.8E-1,-2.625E0));
#3977=DIRECTION('',(0.E0,0.E0,-1.E0));
#3978=DIRECTION('',(-1.707867235359E-1,-9.853080203996E-1,0.E0));
#3979=AXIS2_PLACEMENT_3D('',#3976,#3977,#3978);
#3980=PLANE('',#3979);
#3982=ORIENTED_EDGE('',*,*,#3981,.T.);
#3984=ORIENTED_EDGE('',*,*,#3983,.T.);
#3985=ORIENTED_EDGE('',*,*,#3966,.F.);
#3986=ORIENTED_EDGE('',*,*,#3912,.F.);
#3987=EDGE_LOOP('',(#3982,#3984,#3985,#3986));
#3988=FACE_OUTER_BOUND('',#3987,.F.);
#3989=ADVANCED_FACE('',(#3988),#3980,.T.);
#3990=CARTESIAN_POINT('',(-3.545993696401E0,3.146517515315E-1,-2.625E0));
#3991=DIRECTION('',(-9.853080203996E-1,1.707867235359E-1,0.E0));
#3992=DIRECTION('',(-1.707867235359E-1,-9.853080203996E-1,0.E0));
#3993=AXIS2_PLACEMENT_3D('',#3990,#3991,#3992);
#3994=PLANE('',#3993);
#3995=ORIENTED_EDGE('',*,*,#3981,.F.);
#3996=ORIENTED_EDGE('',*,*,#3929,.T.);
#3998=ORIENTED_EDGE('',*,*,#3997,.T.);
#4000=ORIENTED_EDGE('',*,*,#3999,.F.);
#4001=EDGE_LOOP('',(#3995,#3996,#3998,#4000));
#4002=FACE_OUTER_BOUND('',#4001,.F.);
#4003=ADVANCED_FACE('',(#4002),#3994,.T.);
#4004=CARTESIAN_POINT('',(-3.399763342128E0,2.8E-1,-1.875E0));
#4005=DIRECTION('',(0.E0,0.E0,-1.E0));
#4006=DIRECTION('',(-1.707867235359E-1,-9.853080203996E-1,0.E0));
#4007=AXIS2_PLACEMENT_3D('',#4004,#4005,#4006);
#4008=PLANE('',#4007);
#4009=ORIENTED_EDGE('',*,*,#3997,.F.);
#4010=ORIENTED_EDGE('',*,*,#3943,.T.);
#4011=ORIENTED_EDGE('',*,*,#3970,.T.);
#4013=ORIENTED_EDGE('',*,*,#4012,.F.);
#4014=EDGE_LOOP('',(#4009,#4010,#4011,#4013));
#4015=FACE_OUTER_BOUND('',#4014,.F.);
#4016=ADVANCED_FACE('',(#4015),#4008,.F.);
#4017=CARTESIAN_POINT('',(-3.459368629861E0,1.699312944821E-1,-1.875E0));
#4018=DIRECTION('',(0.E0,0.E0,-1.E0));
#4019=DIRECTION('',(-1.707867235359E-1,-9.853080203996E-1,0.E0));
#4020=AXIS2_PLACEMENT_3D('',#4017,#4018,#4019);
#4021=PLANE('',#4020);
#4023=ORIENTED_EDGE('',*,*,#4022,.F.);
#4024=ORIENTED_EDGE('',*,*,#4012,.T.);
#4026=ORIENTED_EDGE('',*,*,#4025,.T.);
#4028=ORIENTED_EDGE('',*,*,#4027,.F.);
#4029=EDGE_LOOP('',(#4023,#4024,#4026,#4028));
#4030=FACE_OUTER_BOUND('',#4029,.F.);
#4031=ADVANCED_FACE('',(#4030),#4021,.F.);
#4032=CARTESIAN_POINT('',(-3.568831554383E0,3.E-1,-2.625E0));
#4033=DIRECTION('',(0.E0,0.E0,1.E0));
#4034=DIRECTION('',(1.E0,0.E0,0.E0));
#4035=AXIS2_PLACEMENT_3D('',#4032,#4033,#4034);
#4036=CYLINDRICAL_SURFACE('',#4035,2.E-2);
#4038=ORIENTED_EDGE('',*,*,#4037,.F.);
#4039=ORIENTED_EDGE('',*,*,#3999,.T.);
#4040=ORIENTED_EDGE('',*,*,#4022,.T.);
#4042=ORIENTED_EDGE('',*,*,#4041,.F.);
#4043=EDGE_LOOP('',(#4038,#4039,#4040,#4042));
#4044=FACE_OUTER_BOUND('',#4043,.F.);
#4045=ADVANCED_FACE('',(#4044),#4036,.F.);
#4046=CARTESIAN_POINT('',(-3.459368629861E0,1.699312944821E-1,-2.625E0));
#4047=DIRECTION('',(0.E0,0.E0,-1.E0));
#4048=DIRECTION('',(-1.707867235359E-1,-9.853080203996E-1,0.E0));
#4049=AXIS2_PLACEMENT_3D('',#4046,#4047,#4048);
#4050=PLANE('',#4049);
#4051=ORIENTED_EDGE('',*,*,#4037,.T.);
#4053=ORIENTED_EDGE('',*,*,#4052,.T.);
#4055=ORIENTED_EDGE('',*,*,#4054,.F.);
#4056=ORIENTED_EDGE('',*,*,#3983,.F.);
#4057=EDGE_LOOP('',(#4051,#4053,#4055,#4056));
#4058=FACE_OUTER_BOUND('',#4057,.F.);
#4059=ADVANCED_FACE('',(#4058),#4050,.T.);
#4060=CARTESIAN_POINT('',(-3.884415777191E0,1.3E-1,-2.625E0));
#4061=DIRECTION('',(0.E0,0.E0,-1.E0));
#4062=DIRECTION('',(-1.E0,0.E0,0.E0));
#4063=AXIS2_PLACEMENT_3D('',#4060,#4061,#4062);
#4064=PLANE('',#4063);
#4066=ORIENTED_EDGE('',*,*,#4065,.T.);
#4068=ORIENTED_EDGE('',*,*,#4067,.T.);
#4070=ORIENTED_EDGE('',*,*,#4069,.F.);
#4071=ORIENTED_EDGE('',*,*,#4052,.F.);
#4072=EDGE_LOOP('',(#4066,#4068,#4070,#4071));
#4073=FACE_OUTER_BOUND('',#4072,.F.);
#4074=ADVANCED_FACE('',(#4073),#4064,.T.);
#4075=CARTESIAN_POINT('',(-3.568831554383E0,2.8E-1,-2.625E0));
#4076=DIRECTION('',(0.E0,1.E0,0.E0));
#4077=DIRECTION('',(-1.E0,0.E0,0.E0));
#4078=AXIS2_PLACEMENT_3D('',#4075,#4076,#4077);
#4079=PLANE('',#4078);
#4080=ORIENTED_EDGE('',*,*,#4065,.F.);
#4081=ORIENTED_EDGE('',*,*,#4041,.T.);
#4083=ORIENTED_EDGE('',*,*,#4082,.T.);
#4085=ORIENTED_EDGE('',*,*,#4084,.F.);
#4086=EDGE_LOOP('',(#4080,#4081,#4083,#4085));
#4087=FACE_OUTER_BOUND('',#4086,.F.);
#4088=ADVANCED_FACE('',(#4087),#4079,.T.);
#4089=CARTESIAN_POINT('',(-3.884415777191E0,1.3E-1,-1.875E0));
#4090=DIRECTION('',(0.E0,0.E0,-1.E0));
#4091=DIRECTION('',(-1.E0,0.E0,0.E0));
#4092=AXIS2_PLACEMENT_3D('',#4089,#4090,#4091);
#4093=PLANE('',#4092);
#4094=ORIENTED_EDGE('',*,*,#4082,.F.);
#4095=ORIENTED_EDGE('',*,*,#4027,.T.);
#4097=ORIENTED_EDGE('',*,*,#4096,.T.);
#4099=ORIENTED_EDGE('',*,*,#4098,.F.);
#4100=EDGE_LOOP('',(#4094,#4095,#4097,#4099));
#4101=FACE_OUTER_BOUND('',#4100,.F.);
#4102=ADVANCED_FACE('',(#4101),#4093,.F.);
#4103=CARTESIAN_POINT('',(-3.568831554383E0,-2.E-2,-2.625E0));
#4104=DIRECTION('',(0.E0,1.E0,0.E0));
#4105=DIRECTION('',(-1.E0,0.E0,0.E0));
#4106=AXIS2_PLACEMENT_3D('',#4103,#4104,#4105);
#4107=PLANE('',#4106);
#4108=ORIENTED_EDGE('',*,*,#4069,.T.);
#4110=ORIENTED_EDGE('',*,*,#4109,.T.);
#4111=ORIENTED_EDGE('',*,*,#4096,.F.);
#4113=ORIENTED_EDGE('',*,*,#4112,.F.);
#4114=EDGE_LOOP('',(#4108,#4110,#4111,#4113));
#4115=FACE_OUTER_BOUND('',#4114,.F.);
#4116=ADVANCED_FACE('',(#4115),#4107,.F.);
#4117=CARTESIAN_POINT('',(-4.2E0,1.3E-1,-2.25E0));
#4118=DIRECTION('',(-1.E0,0.E0,0.E0));
#4119=DIRECTION('',(0.E0,0.E0,1.E0));
#4120=AXIS2_PLACEMENT_3D('',#4117,#4118,#4119);
#4121=PLANE('',#4120);
#4122=ORIENTED_EDGE('',*,*,#4084,.T.);
#4123=ORIENTED_EDGE('',*,*,#4098,.T.);
#4124=ORIENTED_EDGE('',*,*,#4109,.F.);
#4125=ORIENTED_EDGE('',*,*,#4067,.F.);
#4126=EDGE_LOOP('',(#4122,#4123,#4124,#4125));
#4127=FACE_OUTER_BOUND('',#4126,.F.);
#4128=ADVANCED_FACE('',(#4127),#4121,.T.);
#4129=CARTESIAN_POINT('',(-3.568831554383E0,3.E-1,-2.625E0));
#4130=DIRECTION('',(0.E0,0.E0,1.E0));
#4131=DIRECTION('',(1.E0,0.E0,0.E0));
#4132=AXIS2_PLACEMENT_3D('',#4129,#4130,#4131);
#4133=CYLINDRICAL_SURFACE('',#4132,3.2E-1);
#4134=ORIENTED_EDGE('',*,*,#4054,.T.);
#4135=ORIENTED_EDGE('',*,*,#4112,.T.);
#4136=ORIENTED_EDGE('',*,*,#4025,.F.);
#4137=ORIENTED_EDGE('',*,*,#3968,.F.);
#4138=EDGE_LOOP('',(#4134,#4135,#4136,#4137));
#4139=FACE_OUTER_BOUND('',#4138,.F.);
#4140=ADVANCED_FACE('',(#4139),#4133,.T.);
#4141=CARTESIAN_POINT('',(-1.15E0,0.E0,0.E0));
#4142=DIRECTION('',(1.E0,0.E0,0.E0));
#4143=DIRECTION('',(0.E0,-1.E0,0.E0));
#4144=AXIS2_PLACEMENT_3D('',#4141,#4142,#4143);
#4145=PLANE('',#4144);
#4146=ORIENTED_EDGE('',*,*,#1955,.F.);
#4148=ORIENTED_EDGE('',*,*,#4147,.T.);
#4150=ORIENTED_EDGE('',*,*,#4149,.T.);
#4152=ORIENTED_EDGE('',*,*,#4151,.T.);
#4153=EDGE_LOOP('',(#4146,#4148,#4150,#4152));
#4154=FACE_OUTER_BOUND('',#4153,.F.);
#4155=ADVANCED_FACE('',(#4154),#4145,.F.);
#4156=CARTESIAN_POINT('',(-1.15E0,1.75E0,3.E0));
#4157=DIRECTION('',(0.E0,4.472135955E-1,8.944271909999E-1));
#4158=DIRECTION('',(0.E0,-8.944271909999E-1,4.472135955E-1));
#4159=AXIS2_PLACEMENT_3D('',#4156,#4157,#4158);
#4160=PLANE('',#4159);
#4161=ORIENTED_EDGE('',*,*,#1961,.T.);
#4163=ORIENTED_EDGE('',*,*,#4162,.T.);
#4165=ORIENTED_EDGE('',*,*,#4164,.F.);
#4166=ORIENTED_EDGE('',*,*,#4147,.F.);
#4167=EDGE_LOOP('',(#4161,#4163,#4165,#4166));
#4168=FACE_OUTER_BOUND('',#4167,.F.);
#4169=ADVANCED_FACE('',(#4168),#4160,.T.);
#4170=CARTESIAN_POINT('',(1.15E0,0.E0,0.E0));
#4171=DIRECTION('',(1.E0,0.E0,0.E0));
#4172=DIRECTION('',(0.E0,-1.E0,0.E0));
#4173=AXIS2_PLACEMENT_3D('',#4170,#4171,#4172);
#4174=PLANE('',#4173);
#4175=ORIENTED_EDGE('',*,*,#1959,.T.);
#4177=ORIENTED_EDGE('',*,*,#4176,.F.);
#4179=ORIENTED_EDGE('',*,*,#4178,.F.);
#4180=ORIENTED_EDGE('',*,*,#4162,.F.);
#4181=EDGE_LOOP('',(#4175,#4177,#4179,#4180));
#4182=FACE_OUTER_BOUND('',#4181,.F.);
#4183=ADVANCED_FACE('',(#4182),#4174,.T.);
#4184=CARTESIAN_POINT('',(-1.15E0,9.E-1,3.3E0));
#4185=DIRECTION('',(0.E0,-1.E0,0.E0));
#4186=DIRECTION('',(0.E0,0.E0,-1.E0));
#4187=AXIS2_PLACEMENT_3D('',#4184,#4185,#4186);
#4188=PLANE('',#4187);
#4189=ORIENTED_EDGE('',*,*,#1957,.F.);
#4190=ORIENTED_EDGE('',*,*,#4151,.F.);
#4192=ORIENTED_EDGE('',*,*,#4191,.T.);
#4193=ORIENTED_EDGE('',*,*,#4176,.T.);
#4194=EDGE_LOOP('',(#4189,#4190,#4192,#4193));
#4195=FACE_OUTER_BOUND('',#4194,.F.);
#4196=ADVANCED_FACE('',(#4195),#4188,.T.);
#4197=CARTESIAN_POINT('',(-1.15E0,1.15E0,3.3E0));
#4198=DIRECTION('',(0.E0,0.E0,1.E0));
#4199=DIRECTION('',(0.E0,-1.E0,0.E0));
#4200=AXIS2_PLACEMENT_3D('',#4197,#4198,#4199);
#4201=PLANE('',#4200);
#4202=ORIENTED_EDGE('',*,*,#4149,.F.);
#4203=ORIENTED_EDGE('',*,*,#4164,.T.);
#4204=ORIENTED_EDGE('',*,*,#4178,.T.);
#4205=ORIENTED_EDGE('',*,*,#4191,.F.);
#4206=EDGE_LOOP('',(#4202,#4203,#4204,#4205));
#4207=FACE_OUTER_BOUND('',#4206,.F.);
#4208=ADVANCED_FACE('',(#4207),#4201,.T.);
#4209=CLOSED_SHELL('',(#1896,#1911,#1938,#1965,#1980,#1997,#2023,#2065,#2077,
#2091,#2131,#2145,#2172,#2187,#2203,#2217,#2232,#2245,#2260,#2287,#2302,#2315,
#2339,#2353,#2366,#2379,#2392,#2405,#2418,#2432,#2444,#2456,#2488,#2503,#2515,
#2530,#2556,#2570,#2594,#2608,#2621,#2634,#2647,#2660,#2673,#2686,#2699,#2711,
#2725,#2737,#2750,#2761,#2773,#2785,#2800,#2813,#2828,#2839,#2851,#2864,#2879,
#2892,#2904,#2919,#2933,#2947,#2960,#2972,#2987,#3001,#3015,#3028,#3043,#3057,
#3071,#3084,#3099,#3113,#3127,#3140,#3155,#3169,#3183,#3198,#3212,#3226,#3240,
#3252,#3264,#3279,#3293,#3307,#3320,#3335,#3349,#3363,#3376,#3391,#3405,#3419,
#3434,#3448,#3462,#3476,#3491,#3505,#3519,#3532,#3544,#3556,#3571,#3585,#3599,
#3612,#3627,#3641,#3655,#3668,#3683,#3697,#3711,#3726,#3740,#3754,#3768,#3783,
#3797,#3811,#3824,#3836,#3848,#3863,#3877,#3891,#3904,#3919,#3933,#3947,#3960,
#3975,#3989,#4003,#4016,#4031,#4045,#4059,#4074,#4088,#4102,#4116,#4128,#4140,
#4155,#4169,#4183,#4196,#4208));
#4210=MANIFOLD_SOLID_BREP('',#4209);
#4212=DIMENSIONAL_EXPONENTS(0.E0,0.E0,0.E0,0.E0,0.E0,0.E0,0.E0);
#4214=PLANE_ANGLE_MEASURE_WITH_UNIT(PLANE_ANGLE_MEASURE(1.745329251994E-2),
#4213);
#4215=(CONVERSION_BASED_UNIT('DEGREE',#4214)NAMED_UNIT(*)PLANE_ANGLE_UNIT());
#4217=UNCERTAINTY_MEASURE_WITH_UNIT(LENGTH_MEASURE(6.802852157298E-4),#4211,
'closure',
'Maximum model space distance between geometric entities at asserted connectivities');
#4218=(GEOMETRIC_REPRESENTATION_CONTEXT(3)GLOBAL_UNCERTAINTY_ASSIGNED_CONTEXT((
#4217))GLOBAL_UNIT_ASSIGNED_CONTEXT((#4211,#4215,#4216))REPRESENTATION_CONTEXT(
'ID1','3'));
#4220=APPLICATION_CONTEXT(
'CONFIGURATION CONTROLLED 3D DESIGNS OF MECHANICAL PARTS AND ASSEMBLIES');
#4221=APPLICATION_PROTOCOL_DEFINITION('international standard',
'config_control_design',1994,#4220);
#4222=DESIGN_CONTEXT('',#4220,'design');
#4223=MECHANICAL_CONTEXT('',#4220,'mechanical');
#4224=PRODUCT('TSTPHW','TSTPHW','NOT SPECIFIED',(#4223));
#4225=PRODUCT_DEFINITION_FORMATION_WITH_SPECIFIED_SOURCE('1','LAST_VERSION',
#4224,.MADE.);
#4229=PRODUCT_CATEGORY('part','');
#4230=PRODUCT_RELATED_PRODUCT_CATEGORY('detail','',(#4224));
#4231=PRODUCT_CATEGORY_RELATIONSHIP('','',#4229,#4230);
#4232=SECURITY_CLASSIFICATION_LEVEL('unclassified');
#4233=SECURITY_CLASSIFICATION('','',#4232);
#4234=CC_DESIGN_SECURITY_CLASSIFICATION(#4233,(#4225));
#4235=APPROVAL_STATUS('approved');
#4236=APPROVAL(#4235,'');
#4237=CC_DESIGN_APPROVAL(#4236,(#4233,#4225,#4226));
#4238=CALENDAR_DATE(121,5,1);
#4239=COORDINATED_UNIVERSAL_TIME_OFFSET(8,0,.AHEAD.);
#4240=LOCAL_TIME(16,55,5.9E1,#4239);
#4241=DATE_AND_TIME(#4238,#4240);
#4242=APPROVAL_DATE_TIME(#4241,#4236);
#4243=DATE_TIME_ROLE('creation_date');
#4244=CC_DESIGN_DATE_AND_TIME_ASSIGNMENT(#4241,#4243,(#4226));
#4245=DATE_TIME_ROLE('classification_date');
#4246=CC_DESIGN_DATE_AND_TIME_ASSIGNMENT(#4241,#4245,(#4233));
#4247=PERSON('UNSPECIFIED','UNSPECIFIED',$,$,$,$);
#4248=ORGANIZATION('UNSPECIFIED','UNSPECIFIED','UNSPECIFIED');
#4249=PERSON_AND_ORGANIZATION(#4247,#4248);
#4250=APPROVAL_ROLE('approver');
#4251=APPROVAL_PERSON_ORGANIZATION(#4249,#4236,#4250);
#4252=PERSON_AND_ORGANIZATION_ROLE('creator');
#4253=CC_DESIGN_PERSON_AND_ORGANIZATION_ASSIGNMENT(#4249,#4252,(#4225,#4226));
#4254=PERSON_AND_ORGANIZATION_ROLE('design_supplier');
#4255=CC_DESIGN_PERSON_AND_ORGANIZATION_ASSIGNMENT(#4249,#4254,(#4225));
#4256=PERSON_AND_ORGANIZATION_ROLE('classification_officer');
#4257=CC_DESIGN_PERSON_AND_ORGANIZATION_ASSIGNMENT(#4249,#4256,(#4233));
#4258=PERSON_AND_ORGANIZATION_ROLE('design_owner');
#4259=CC_DESIGN_PERSON_AND_ORGANIZATION_ASSIGNMENT(#4249,#4258,(#4224));
#5=CIRCLE('',#4,2.E-1);
#22=CIRCLE('',#21,2.E-1);
#31=CIRCLE('',#30,2.E-1);
#184=CIRCLE('',#183,2.E-1);
#245=CIRCLE('',#244,2.E-1);
#314=CIRCLE('',#313,1.5E-1);
#323=CIRCLE('',#322,1.5E-1);
#428=CIRCLE('',#427,1.5E-1);
#437=CIRCLE('',#436,1.5E-1);
#486=CIRCLE('',#485,1.5E-1);
#495=CIRCLE('',#494,1.5E-1);
#604=CIRCLE('',#603,1.5E-1);
#613=CIRCLE('',#612,1.5E-1);
#654=CIRCLE('',#653,1.497381740261E0);
#663=CIRCLE('',#662,1.491211540958E0);
#668=CIRCLE('',#667,1.497381740261E0);
#677=CIRCLE('',#676,1.491211540958E0);
#682=CIRCLE('',#681,2.E-1);
#687=CIRCLE('',#686,1.291242001927E0);
#692=CIRCLE('',#691,1.291242001927E0);
#697=CIRCLE('',#696,2.E-1);
#702=CIRCLE('',#701,2.E-1);
#707=CIRCLE('',#706,2.E-1);
#716=CIRCLE('',#715,2.E-1);
#793=CIRCLE('',#792,3.2E-1);
#802=CIRCLE('',#801,2.E-2);
#811=CIRCLE('',#810,3.2E-1);
#820=CIRCLE('',#819,2.E-2);
#861=CIRCLE('',#860,2.E-2);
#870=CIRCLE('',#869,3.2E-1);
#879=CIRCLE('',#878,2.E-2);
#888=CIRCLE('',#887,3.2E-1);
#961=CIRCLE('',#960,3.2E-1);
#970=CIRCLE('',#969,2.E-2);
#979=CIRCLE('',#978,3.2E-1);
#988=CIRCLE('',#987,2.E-2);
#1021=CIRCLE('',#1020,2.E-2);
#1030=CIRCLE('',#1029,3.2E-1);
#1039=CIRCLE('',#1038,2.E-2);
#1048=CIRCLE('',#1047,3.2E-1);
#1129=CIRCLE('',#1128,3.2E-1);
#1138=CIRCLE('',#1137,2.E-2);
#1147=CIRCLE('',#1146,3.2E-1);
#1156=CIRCLE('',#1155,2.E-2);
#1189=CIRCLE('',#1188,2.E-2);
#1198=CIRCLE('',#1197,3.2E-1);
#1207=CIRCLE('',#1206,2.E-2);
#1216=CIRCLE('',#1215,3.2E-1);
#1297=CIRCLE('',#1296,3.2E-1);
#1306=CIRCLE('',#1305,2.E-2);
#1315=CIRCLE('',#1314,3.2E-1);
#1324=CIRCLE('',#1323,2.E-2);
#1365=CIRCLE('',#1364,2.E-2);
#1374=CIRCLE('',#1373,3.2E-1);
#1383=CIRCLE('',#1382,2.E-2);
#1392=CIRCLE('',#1391,3.2E-1);
#1882=EDGE_CURVE('',#1523,#1524,#5,.T.);
#1884=EDGE_CURVE('',#1523,#1512,#9,.T.);
#1886=EDGE_CURVE('',#1511,#1512,#13,.T.);
#1888=EDGE_CURVE('',#1511,#1536,#17,.T.);
#1890=EDGE_CURVE('',#1535,#1536,#22,.T.);
#1892=EDGE_CURVE('',#1535,#1524,#26,.T.);
#1902=EDGE_CURVE('',#1867,#1864,#31,.T.);
#1904=EDGE_CURVE('',#1867,#1523,#204,.T.);
#1907=EDGE_CURVE('',#1864,#1524,#59,.T.);
#1917=EDGE_CURVE('',#1855,#1864,#55,.T.);
#1919=EDGE_CURVE('',#1839,#1855,#35,.T.);
#1921=EDGE_CURVE('',#1751,#1839,#39,.T.);
#1923=EDGE_CURVE('',#1751,#1752,#43,.T.);
#1925=EDGE_CURVE('',#1830,#1752,#47,.T.);
#1927=EDGE_CURVE('',#1830,#1852,#51,.T.);
#1929=EDGE_CURVE('',#1870,#1852,#261,.T.);
#1931=EDGE_CURVE('',#1870,#1868,#245,.T.);
#1933=EDGE_CURVE('',#1867,#1868,#208,.T.);
#1944=EDGE_CURVE('',#1843,#1855,#99,.T.);
#1949=EDGE_CURVE('',#1862,#1535,#63,.T.);
#1951=EDGE_CURVE('',#1862,#1843,#67,.T.);
#1955=EDGE_CURVE('',#1491,#1492,#71,.T.);
#1957=EDGE_CURVE('',#1492,#1496,#75,.T.);
#1959=EDGE_CURVE('',#1495,#1496,#79,.T.);
#1961=EDGE_CURVE('',#1491,#1495,#83,.T.);
#1971=EDGE_CURVE('',#1843,#1844,#87,.T.);
#1973=EDGE_CURVE('',#1844,#1856,#91,.T.);
#1975=EDGE_CURVE('',#1855,#1856,#95,.T.);
#1987=EDGE_CURVE('',#1835,#1843,#123,.T.);
#1989=EDGE_CURVE('',#1795,#1835,#503,.T.);
#1991=EDGE_CURVE('',#1795,#1796,#453,.T.);
#1993=EDGE_CURVE('',#1796,#1844,#103,.T.);
#2003=EDGE_CURVE('',#1859,#1860,#147,.T.);
#2005=EDGE_CURVE('',#1859,#1872,#702,.T.);
#2007=EDGE_CURVE('',#1847,#1872,#249,.T.);
#2009=EDGE_CURVE('',#1832,#1847,#107,.T.);
#2011=EDGE_CURVE('',#1747,#1832,#111,.T.);
#2013=EDGE_CURVE('',#1747,#1748,#115,.T.);
#2015=EDGE_CURVE('',#1835,#1748,#119,.T.);
#2019=EDGE_CURVE('',#1862,#1860,#184,.T.);
#2029=EDGE_CURVE('',#1860,#1536,#127,.T.);
#2032=EDGE_CURVE('',#1511,#1516,#131,.T.);
#2034=EDGE_CURVE('',#1515,#1516,#135,.T.);
#2036=EDGE_CURVE('',#1507,#1515,#139,.T.);
#2038=EDGE_CURVE('',#1531,#1507,#720,.T.);
#2040=EDGE_CURVE('',#1859,#1531,#143,.T.);
#2045=EDGE_CURVE('',#1699,#1700,#151,.T.);
#2047=EDGE_CURVE('',#1708,#1700,#155,.T.);
#2049=EDGE_CURVE('',#1707,#1708,#159,.T.);
#2051=EDGE_CURVE('',#1707,#1699,#163,.T.);
#2055=EDGE_CURVE('',#1703,#1704,#167,.T.);
#2057=EDGE_CURVE('',#1712,#1704,#171,.T.);
#2059=EDGE_CURVE('',#1711,#1712,#175,.T.);
#2061=EDGE_CURVE('',#1703,#1711,#179,.T.);
#2084=EDGE_CURVE('',#1512,#1520,#200,.T.);
#2086=EDGE_CURVE('',#1520,#1516,#732,.T.);
#2097=EDGE_CURVE('',#1868,#1528,#188,.T.);
#2099=EDGE_CURVE('',#1508,#1528,#728,.T.);
#2101=EDGE_CURVE('',#1508,#1519,#192,.T.);
#2103=EDGE_CURVE('',#1519,#1520,#196,.T.);
#2111=EDGE_CURVE('',#1715,#1716,#212,.T.);
#2113=EDGE_CURVE('',#1723,#1715,#216,.T.);
#2115=EDGE_CURVE('',#1723,#1724,#220,.T.);
#2117=EDGE_CURVE('',#1724,#1716,#224,.T.);
#2121=EDGE_CURVE('',#1719,#1720,#228,.T.);
#2123=EDGE_CURVE('',#1719,#1727,#232,.T.);
#2125=EDGE_CURVE('',#1727,#1728,#236,.T.);
#2127=EDGE_CURVE('',#1728,#1720,#240,.T.);
#2138=EDGE_CURVE('',#1870,#1527,#257,.T.);
#2140=EDGE_CURVE('',#1527,#1528,#707,.T.);
#2151=EDGE_CURVE('',#1852,#1847,#285,.T.);
#2154=EDGE_CURVE('',#1872,#1532,#253,.T.);
#2156=EDGE_CURVE('',#1527,#1532,#711,.T.);
#2162=EDGE_CURVE('',#1499,#1500,#265,.T.);
#2164=EDGE_CURVE('',#1499,#1503,#269,.T.);
#2166=EDGE_CURVE('',#1503,#1504,#273,.T.);
#2168=EDGE_CURVE('',#1500,#1504,#277,.T.);
#2178=EDGE_CURVE('',#1847,#1848,#281,.T.);
#2181=EDGE_CURVE('',#1852,#1850,#289,.T.);
#2183=EDGE_CURVE('',#1850,#1848,#293,.T.);
#2194=EDGE_CURVE('',#1806,#1848,#301,.T.);
#2196=EDGE_CURVE('',#1808,#1806,#461,.T.);
#2198=EDGE_CURVE('',#1808,#1832,#297,.T.);
#2210=EDGE_CURVE('',#1804,#1850,#305,.T.);
#2212=EDGE_CURVE('',#1804,#1806,#465,.T.);
#2225=EDGE_CURVE('',#1803,#1830,#309,.T.);
#2227=EDGE_CURVE('',#1803,#1804,#469,.T.);
#2238=EDGE_CURVE('',#1803,#1814,#314,.T.);
#2241=EDGE_CURVE('',#1814,#1830,#367,.T.);
#2252=EDGE_CURVE('',#1814,#1786,#318,.T.);
#2254=EDGE_CURVE('',#1786,#1744,#323,.T.);
#2256=EDGE_CURVE('',#1803,#1744,#327,.T.);
#2266=EDGE_CURVE('',#1811,#1812,#331,.T.);
#2268=EDGE_CURVE('',#1816,#1811,#335,.T.);
#2270=EDGE_CURVE('',#1788,#1816,#441,.T.);
#2272=EDGE_CURVE('',#1756,#1788,#339,.T.);
#2274=EDGE_CURVE('',#1755,#1756,#343,.T.);
#2276=EDGE_CURVE('',#1764,#1755,#347,.T.);
#2278=EDGE_CURVE('',#1763,#1764,#351,.T.);
#2280=EDGE_CURVE('',#1786,#1763,#355,.T.);
#2283=EDGE_CURVE('',#1814,#1812,#359,.T.);
#2294=EDGE_CURVE('',#1812,#1828,#363,.T.);
#2296=EDGE_CURVE('',#1827,#1828,#371,.T.);
#2298=EDGE_CURVE('',#1811,#1827,#449,.T.);
#2310=EDGE_CURVE('',#1830,#1828,#375,.T.);
#2324=EDGE_CURVE('',#1752,#1768,#379,.T.);
#2326=EDGE_CURVE('',#1766,#1768,#383,.T.);
#2328=EDGE_CURVE('',#1766,#1760,#387,.T.);
#2330=EDGE_CURVE('',#1758,#1760,#391,.T.);
#2332=EDGE_CURVE('',#1758,#1747,#395,.T.);
#2335=EDGE_CURVE('',#1832,#1827,#399,.T.);
#2345=EDGE_CURVE('',#1768,#1763,#403,.T.);
#2348=EDGE_CURVE('',#1786,#1752,#641,.T.);
#2360=EDGE_CURVE('',#1766,#1764,#411,.T.);
#2372=EDGE_CURVE('',#1760,#1755,#407,.T.);
#2386=EDGE_CURVE('',#1758,#1756,#415,.T.);
#2400=EDGE_CURVE('',#1788,#1747,#419,.T.);
#2411=EDGE_CURVE('',#1788,#1739,#437,.T.);
#2413=EDGE_CURVE('',#1739,#1747,#423,.T.);
#2424=EDGE_CURVE('',#1808,#1816,#428,.T.);
#2426=EDGE_CURVE('',#1739,#1808,#432,.T.);
#2439=EDGE_CURVE('',#1816,#1832,#445,.T.);
#2463=EDGE_CURVE('',#1795,#1740,#499,.T.);
#2465=EDGE_CURVE('',#1739,#1740,#457,.T.);
#2472=EDGE_CURVE('',#1743,#1744,#473,.T.);
#2474=EDGE_CURVE('',#1743,#1800,#608,.T.);
#2476=EDGE_CURVE('',#1800,#1798,#477,.T.);
#2478=EDGE_CURVE('',#1796,#1798,#481,.T.);
#2482=EDGE_CURVE('',#1875,#1876,#654,.T.);
#2484=EDGE_CURVE('',#1876,#1875,#668,.T.);
#2494=EDGE_CURVE('',#1795,#1819,#486,.T.);
#2496=EDGE_CURVE('',#1819,#1790,#490,.T.);
#2498=EDGE_CURVE('',#1790,#1740,#495,.T.);
#2511=EDGE_CURVE('',#1819,#1835,#507,.T.);
#2521=EDGE_CURVE('',#1819,#1820,#511,.T.);
#2524=EDGE_CURVE('',#1835,#1836,#547,.T.);
#2526=EDGE_CURVE('',#1820,#1836,#543,.T.);
#2537=EDGE_CURVE('',#1824,#1820,#515,.T.);
#2539=EDGE_CURVE('',#1823,#1824,#519,.T.);
#2541=EDGE_CURVE('',#1792,#1823,#617,.T.);
#2543=EDGE_CURVE('',#1780,#1792,#523,.T.);
#2545=EDGE_CURVE('',#1779,#1780,#527,.T.);
#2547=EDGE_CURVE('',#1772,#1779,#531,.T.);
#2549=EDGE_CURVE('',#1771,#1772,#535,.T.);
#2551=EDGE_CURVE('',#1790,#1771,#539,.T.);
#2564=EDGE_CURVE('',#1840,#1836,#575,.T.);
#2566=EDGE_CURVE('',#1824,#1840,#625,.T.);
#2578=EDGE_CURVE('',#1748,#1776,#551,.T.);
#2580=EDGE_CURVE('',#1774,#1776,#555,.T.);
#2582=EDGE_CURVE('',#1774,#1784,#559,.T.);
#2584=EDGE_CURVE('',#1782,#1784,#563,.T.);
#2586=EDGE_CURVE('',#1782,#1751,#567,.T.);
#2589=EDGE_CURVE('',#1839,#1840,#571,.T.);
#2600=EDGE_CURVE('',#1776,#1771,#579,.T.);
#2603=EDGE_CURVE('',#1790,#1748,#645,.T.);
#2615=EDGE_CURVE('',#1774,#1772,#583,.T.);
#2629=EDGE_CURVE('',#1784,#1779,#587,.T.);
#2641=EDGE_CURVE('',#1782,#1780,#591,.T.);
#2655=EDGE_CURVE('',#1792,#1751,#595,.T.);
#2666=EDGE_CURVE('',#1792,#1743,#613,.T.);
#2668=EDGE_CURVE('',#1743,#1751,#599,.T.);
#2679=EDGE_CURVE('',#1800,#1823,#604,.T.);
#2693=EDGE_CURVE('',#1823,#1839,#621,.T.);
#2695=EDGE_CURVE('',#1800,#1839,#629,.T.);
#2718=EDGE_CURVE('',#1798,#1856,#633,.T.);
#2744=EDGE_CURVE('',#1744,#1752,#637,.T.);
#2769=EDGE_CURVE('',#1740,#1748,#649,.T.);
#2792=EDGE_CURVE('',#1875,#1735,#658,.T.);
#2794=EDGE_CURVE('',#1735,#1736,#663,.T.);
#2796=EDGE_CURVE('',#1876,#1736,#672,.T.);
#2808=EDGE_CURVE('',#1736,#1735,#677,.T.);
#2819=EDGE_CURVE('',#1732,#1731,#692,.T.);
#2821=EDGE_CURVE('',#1731,#1735,#697,.T.);
#2824=EDGE_CURVE('',#1732,#1736,#682,.T.);
#2834=EDGE_CURVE('',#1731,#1732,#687,.T.);
#2859=EDGE_CURVE('',#1531,#1532,#716,.T.);
#2874=EDGE_CURVE('',#1507,#1508,#724,.T.);
#2887=EDGE_CURVE('',#1515,#1519,#736,.T.);
#2911=EDGE_CURVE('',#1500,#1475,#740,.T.);
#2913=EDGE_CURVE('',#1475,#1476,#744,.T.);
#2915=EDGE_CURVE('',#1476,#1499,#748,.T.);
#2926=EDGE_CURVE('',#1504,#1483,#760,.T.);
#2928=EDGE_CURVE('',#1475,#1483,#768,.T.);
#2940=EDGE_CURVE('',#1484,#1503,#752,.T.);
#2942=EDGE_CURVE('',#1483,#1484,#756,.T.);
#2955=EDGE_CURVE('',#1476,#1484,#764,.T.);
#2979=EDGE_CURVE('',#1716,#1629,#776,.T.);
#2981=EDGE_CURVE('',#1619,#1629,#806,.T.);
#2983=EDGE_CURVE('',#1715,#1619,#780,.T.);
#2994=EDGE_CURVE('',#1724,#1649,#772,.T.);
#2996=EDGE_CURVE('',#1629,#1649,#815,.T.);
#3008=EDGE_CURVE('',#1723,#1639,#788,.T.);
#3010=EDGE_CURVE('',#1639,#1649,#824,.T.);
#3023=EDGE_CURVE('',#1619,#1639,#784,.T.);
#3034=EDGE_CURVE('',#1619,#1620,#793,.T.);
#3036=EDGE_CURVE('',#1620,#1640,#797,.T.);
#3038=EDGE_CURVE('',#1639,#1640,#802,.T.);
#3051=EDGE_CURVE('',#1629,#1630,#811,.T.);
#3053=EDGE_CURVE('',#1620,#1630,#844,.T.);
#3065=EDGE_CURVE('',#1649,#1650,#820,.T.);
#3067=EDGE_CURVE('',#1630,#1650,#852,.T.);
#3078=EDGE_CURVE('',#1640,#1650,#828,.T.);
#3090=EDGE_CURVE('',#1640,#1642,#840,.T.);
#3092=EDGE_CURVE('',#1642,#1652,#936,.T.);
#3094=EDGE_CURVE('',#1650,#1652,#856,.T.);
#3105=EDGE_CURVE('',#1620,#1622,#832,.T.);
#3107=EDGE_CURVE('',#1622,#1642,#836,.T.);
#3121=EDGE_CURVE('',#1630,#1632,#848,.T.);
#3123=EDGE_CURVE('',#1622,#1632,#874,.T.);
#3136=EDGE_CURVE('',#1632,#1652,#865,.T.);
#3146=EDGE_CURVE('',#1632,#1634,#861,.T.);
#3149=EDGE_CURVE('',#1652,#1654,#870,.T.);
#3151=EDGE_CURVE('',#1634,#1654,#912,.T.);
#3161=EDGE_CURVE('',#1622,#1624,#879,.T.);
#3165=EDGE_CURVE('',#1624,#1634,#904,.T.);
#3176=EDGE_CURVE('',#1624,#1644,#883,.T.);
#3178=EDGE_CURVE('',#1642,#1644,#888,.T.);
#3189=EDGE_CURVE('',#1624,#1626,#892,.T.);
#3191=EDGE_CURVE('',#1626,#1646,#896,.T.);
#3193=EDGE_CURVE('',#1644,#1646,#900,.T.);
#3206=EDGE_CURVE('',#1634,#1636,#908,.T.);
#3208=EDGE_CURVE('',#1626,#1636,#924,.T.);
#3220=EDGE_CURVE('',#1654,#1656,#916,.T.);
#3222=EDGE_CURVE('',#1636,#1656,#928,.T.);
#3233=EDGE_CURVE('',#1646,#1656,#932,.T.);
#3236=EDGE_CURVE('',#1644,#1654,#920,.T.);
#3271=EDGE_CURVE('',#1720,#1659,#944,.T.);
#3273=EDGE_CURVE('',#1659,#1669,#974,.T.);
#3275=EDGE_CURVE('',#1719,#1669,#948,.T.);
#3286=EDGE_CURVE('',#1728,#1679,#940,.T.);
#3288=EDGE_CURVE('',#1659,#1679,#983,.T.);
#3300=EDGE_CURVE('',#1727,#1689,#956,.T.);
#3302=EDGE_CURVE('',#1679,#1689,#992,.T.);
#3315=EDGE_CURVE('',#1669,#1689,#952,.T.);
#3326=EDGE_CURVE('',#1669,#1670,#961,.T.);
#3328=EDGE_CURVE('',#1670,#1690,#965,.T.);
#3330=EDGE_CURVE('',#1689,#1690,#970,.T.);
#3341=EDGE_CURVE('',#1659,#1660,#979,.T.);
#3343=EDGE_CURVE('',#1660,#1670,#1012,.T.);
#3357=EDGE_CURVE('',#1679,#1680,#988,.T.);
#3359=EDGE_CURVE('',#1660,#1680,#1004,.T.);
#3372=EDGE_CURVE('',#1680,#1690,#996,.T.);
#3382=EDGE_CURVE('',#1680,#1682,#1008,.T.);
#3385=EDGE_CURVE('',#1690,#1692,#1104,.T.);
#3387=EDGE_CURVE('',#1682,#1692,#1034,.T.);
#3397=EDGE_CURVE('',#1660,#1662,#1000,.T.);
#3401=EDGE_CURVE('',#1662,#1682,#1025,.T.);
#3412=EDGE_CURVE('',#1662,#1672,#1016,.T.);
#3414=EDGE_CURVE('',#1670,#1672,#1096,.T.);
#3425=EDGE_CURVE('',#1662,#1664,#1021,.T.);
#3427=EDGE_CURVE('',#1664,#1674,#1064,.T.);
#3429=EDGE_CURVE('',#1672,#1674,#1039,.T.);
#3442=EDGE_CURVE('',#1682,#1684,#1030,.T.);
#3444=EDGE_CURVE('',#1664,#1684,#1072,.T.);
#3456=EDGE_CURVE('',#1692,#1694,#1048,.T.);
#3458=EDGE_CURVE('',#1684,#1694,#1080,.T.);
#3469=EDGE_CURVE('',#1674,#1694,#1043,.T.);
#3472=EDGE_CURVE('',#1672,#1692,#1100,.T.);
#3482=EDGE_CURVE('',#1674,#1676,#1052,.T.);
#3484=EDGE_CURVE('',#1676,#1696,#1056,.T.);
#3486=EDGE_CURVE('',#1694,#1696,#1060,.T.);
#3497=EDGE_CURVE('',#1664,#1666,#1068,.T.);
#3499=EDGE_CURVE('',#1666,#1676,#1084,.T.);
#3513=EDGE_CURVE('',#1684,#1686,#1076,.T.);
#3515=EDGE_CURVE('',#1666,#1686,#1088,.T.);
#3528=EDGE_CURVE('',#1686,#1696,#1092,.T.);
#3563=EDGE_CURVE('',#1699,#1539,#1112,.T.);
#3565=EDGE_CURVE('',#1539,#1549,#1142,.T.);
#3567=EDGE_CURVE('',#1700,#1549,#1116,.T.);
#3578=EDGE_CURVE('',#1707,#1559,#1108,.T.);
#3580=EDGE_CURVE('',#1539,#1559,#1151,.T.);
#3592=EDGE_CURVE('',#1708,#1569,#1124,.T.);
#3594=EDGE_CURVE('',#1559,#1569,#1160,.T.);
#3607=EDGE_CURVE('',#1549,#1569,#1120,.T.);
#3618=EDGE_CURVE('',#1549,#1550,#1129,.T.);
#3620=EDGE_CURVE('',#1550,#1570,#1133,.T.);
#3622=EDGE_CURVE('',#1569,#1570,#1138,.T.);
#3633=EDGE_CURVE('',#1539,#1540,#1147,.T.);
#3635=EDGE_CURVE('',#1540,#1550,#1180,.T.);
#3649=EDGE_CURVE('',#1559,#1560,#1156,.T.);
#3651=EDGE_CURVE('',#1540,#1560,#1172,.T.);
#3664=EDGE_CURVE('',#1560,#1570,#1164,.T.);
#3674=EDGE_CURVE('',#1560,#1562,#1176,.T.);
#3677=EDGE_CURVE('',#1570,#1572,#1272,.T.);
#3679=EDGE_CURVE('',#1562,#1572,#1202,.T.);
#3689=EDGE_CURVE('',#1540,#1542,#1168,.T.);
#3693=EDGE_CURVE('',#1542,#1562,#1193,.T.);
#3704=EDGE_CURVE('',#1542,#1552,#1184,.T.);
#3706=EDGE_CURVE('',#1550,#1552,#1264,.T.);
#3717=EDGE_CURVE('',#1542,#1544,#1189,.T.);
#3719=EDGE_CURVE('',#1544,#1554,#1232,.T.);
#3721=EDGE_CURVE('',#1552,#1554,#1207,.T.);
#3734=EDGE_CURVE('',#1562,#1564,#1198,.T.);
#3736=EDGE_CURVE('',#1544,#1564,#1240,.T.);
#3748=EDGE_CURVE('',#1572,#1574,#1216,.T.);
#3750=EDGE_CURVE('',#1564,#1574,#1248,.T.);
#3761=EDGE_CURVE('',#1554,#1574,#1211,.T.);
#3764=EDGE_CURVE('',#1552,#1572,#1268,.T.);
#3774=EDGE_CURVE('',#1554,#1556,#1220,.T.);
#3776=EDGE_CURVE('',#1556,#1576,#1224,.T.);
#3778=EDGE_CURVE('',#1574,#1576,#1228,.T.);
#3789=EDGE_CURVE('',#1544,#1546,#1236,.T.);
#3791=EDGE_CURVE('',#1546,#1556,#1252,.T.);
#3805=EDGE_CURVE('',#1564,#1566,#1244,.T.);
#3807=EDGE_CURVE('',#1546,#1566,#1256,.T.);
#3820=EDGE_CURVE('',#1566,#1576,#1260,.T.);
#3855=EDGE_CURVE('',#1703,#1589,#1280,.T.);
#3857=EDGE_CURVE('',#1579,#1589,#1310,.T.);
#3859=EDGE_CURVE('',#1704,#1579,#1284,.T.);
#3870=EDGE_CURVE('',#1711,#1609,#1276,.T.);
#3872=EDGE_CURVE('',#1589,#1609,#1319,.T.);
#3884=EDGE_CURVE('',#1712,#1599,#1292,.T.);
#3886=EDGE_CURVE('',#1599,#1609,#1328,.T.);
#3899=EDGE_CURVE('',#1579,#1599,#1288,.T.);
#3910=EDGE_CURVE('',#1579,#1580,#1297,.T.);
#3912=EDGE_CURVE('',#1580,#1600,#1301,.T.);
#3914=EDGE_CURVE('',#1599,#1600,#1306,.T.);
#3927=EDGE_CURVE('',#1589,#1590,#1315,.T.);
#3929=EDGE_CURVE('',#1580,#1590,#1348,.T.);
#3941=EDGE_CURVE('',#1609,#1610,#1324,.T.);
#3943=EDGE_CURVE('',#1590,#1610,#1356,.T.);
#3954=EDGE_CURVE('',#1600,#1610,#1332,.T.);
#3966=EDGE_CURVE('',#1600,#1602,#1344,.T.);
#3968=EDGE_CURVE('',#1602,#1612,#1440,.T.);
#3970=EDGE_CURVE('',#1610,#1612,#1360,.T.);
#3981=EDGE_CURVE('',#1580,#1582,#1336,.T.);
#3983=EDGE_CURVE('',#1582,#1602,#1340,.T.);
#3997=EDGE_CURVE('',#1590,#1592,#1352,.T.);
#3999=EDGE_CURVE('',#1582,#1592,#1378,.T.);
#4012=EDGE_CURVE('',#1592,#1612,#1369,.T.);
#4022=EDGE_CURVE('',#1592,#1594,#1365,.T.);
#4025=EDGE_CURVE('',#1612,#1614,#1374,.T.);
#4027=EDGE_CURVE('',#1594,#1614,#1416,.T.);
#4037=EDGE_CURVE('',#1582,#1584,#1383,.T.);
#4041=EDGE_CURVE('',#1584,#1594,#1408,.T.);
#4052=EDGE_CURVE('',#1584,#1604,#1387,.T.);
#4054=EDGE_CURVE('',#1602,#1604,#1392,.T.);
#4065=EDGE_CURVE('',#1584,#1586,#1396,.T.);
#4067=EDGE_CURVE('',#1586,#1606,#1400,.T.);
#4069=EDGE_CURVE('',#1604,#1606,#1404,.T.);
#4082=EDGE_CURVE('',#1594,#1596,#1412,.T.);
#4084=EDGE_CURVE('',#1586,#1596,#1428,.T.);
#4096=EDGE_CURVE('',#1614,#1616,#1420,.T.);
#4098=EDGE_CURVE('',#1596,#1616,#1432,.T.);
#4109=EDGE_CURVE('',#1606,#1616,#1436,.T.);
#4112=EDGE_CURVE('',#1604,#1614,#1424,.T.);
#4147=EDGE_CURVE('',#1491,#1479,#1444,.T.);
#4149=EDGE_CURVE('',#1479,#1480,#1448,.T.);
#4151=EDGE_CURVE('',#1480,#1492,#1452,.T.);
#4162=EDGE_CURVE('',#1495,#1487,#1464,.T.);
#4164=EDGE_CURVE('',#1479,#1487,#1472,.T.);
#4176=EDGE_CURVE('',#1488,#1496,#1456,.T.);
#4178=EDGE_CURVE('',#1487,#1488,#1460,.T.);
#4191=EDGE_CURVE('',#1480,#1488,#1468,.T.);
#4211=(LENGTH_UNIT()NAMED_UNIT(*)SI_UNIT(.MILLI.,.METRE.));
#4213=(NAMED_UNIT(*)PLANE_ANGLE_UNIT()SI_UNIT($,.RADIAN.));
#4216=(NAMED_UNIT(*)SI_UNIT($,.STERADIAN.)SOLID_ANGLE_UNIT());
#4219=ADVANCED_BREP_SHAPE_REPRESENTATION('',(#4210),#4218);
#4226=PRODUCT_DEFINITION('design','',#4225,#4222);
#4227=PRODUCT_DEFINITION_SHAPE('','SHAPE FOR TSTPHW.',#4226);
#4228=SHAPE_DEFINITION_REPRESENTATION(#4227,#4219);
ENDSEC;
END-ISO-10303-21;
