ISO-10303-21;
HEADER;
FILE_DESCRIPTION (( 'STEP AP214' ),
    '1' );
FILE_NAME ('155124M173200.STEP',
    '2021-08-24T12:56:24',
    ( '' ),
    ( '' ),
    'SwSTEP 2.0',
    'SolidWorks 2018',
    '' );
FILE_SCHEMA (( 'AUTOMOTIVE_DESIGN' ));
ENDSEC;

DATA;
#1 = ORIENTED_EDGE ( 'NONE', *, *, #8194, .T. ) ;
#2 = ORIENTED_EDGE ( 'NONE', *, *, #329, .F. ) ;
#3 = EDGE_CURVE ( 'NONE', #4654, #2170, #10143, .T. ) ;
#4 = DIRECTION ( 'NONE',  ( 4.179009298818627440E-17, -0.0000000000000000000, 1.000000000000000000 ) ) ;
#5 = CARTESIAN_POINT ( 'NONE',  ( -1.547025723808735931, -0.0000000000000000000, -0.1167021724064566529 ) ) ;
#6 = DIRECTION ( 'NONE',  ( -0.0000000000000000000, -1.000000000000000000, -0.0000000000000000000 ) ) ;
#7 = ORIENTED_EDGE ( 'NONE', *, *, #10325, .F. ) ;
#8 = CARTESIAN_POINT ( 'NONE',  ( 1.600000000000000311, 0.5000000000000000000, -0.1999000000000000221 ) ) ;
#9 = CARTESIAN_POINT ( 'NONE',  ( -0.1004848928301857874, 0.1000000000000000056, 0.4999999999999997780 ) ) ;
#10 =( NAMED_UNIT ( * ) PLANE_ANGLE_UNIT ( ) SI_UNIT ( $, .RADIAN. ) );
#11 = EDGE_CURVE ( 'NONE', #12489, #6859, #2575, .T. ) ;
#12 =( LENGTH_UNIT ( ) NAMED_UNIT ( * ) SI_UNIT ( .MILLI., .METRE. ) );
#13 = ORIENTED_EDGE ( 'NONE', *, *, #9421, .F. ) ;
#14 = ORIENTED_EDGE ( 'NONE', *, *, #6729, .T. ) ;
#15 = DIRECTION ( 'NONE',  ( 1.000000000000000000, 0.0000000000000000000, -0.0000000000000000000 ) ) ;
#16 = EDGE_CURVE ( 'NONE', #9469, #9511, #4933, .T. ) ;
#17 = MECHANICAL_DESIGN_GEOMETRIC_PRESENTATION_REPRESENTATION (  '', ( #11486 ), #677 ) ;
#18 = SURFACE_STYLE_USAGE ( .BOTH. , #5950 ) ;
#19 = COLOUR_RGB ( '',0.9686274509803921573, 0.8784313725490195957, 0.5999999999999999778 ) ;
#20 = CARTESIAN_POINT ( 'NONE',  ( -1.086202172406457001, 0.0000000000000000000, 0.1015999999999997599 ) ) ;
#21 = PRESENTATION_STYLE_ASSIGNMENT (( #7830 ) ) ;
#22 = EDGE_LOOP ( 'NONE', ( #4168, #2458, #3198, #1713 ) ) ;
#23 = DIRECTION ( 'NONE',  ( 0.0000000000000000000, -1.000000000000000000, 0.0000000000000000000 ) ) ;
#24 = LINE ( 'NONE', #3757, #4041 ) ;
#25 = PLANE ( 'NONE',  #9493 ) ;
#26 = DIRECTION ( 'NONE',  ( 1.000000000000000000, 0.0000000000000000000, 0.0000000000000000000 ) ) ;
#27 = VERTEX_POINT ( 'NONE', #9846 ) ;
#28 = CARTESIAN_POINT ( 'NONE',  ( -1.103100000000000414, 0.09999999999999999167, 0.4718000000000000527 ) ) ;
#29 = ADVANCED_FACE ( 'NONE', ( #7249 ), #4942, .T. ) ;
#30 = ORIENTED_EDGE ( 'NONE', *, *, #11473, .F. ) ;
#31 = LINE ( 'NONE', #12441, #10185 ) ;
#32 = AXIS2_PLACEMENT_3D ( 'NONE', #10371, #11337, #4491 ) ;
#33 = COLOUR_RGB ( '',0.9686274509803921573, 0.8784313725490195957, 0.5999999999999999778 ) ;
#34 = ORIENTED_EDGE ( 'NONE', *, *, #11236, .T. ) ;
#35 = VERTEX_POINT ( 'NONE', #4989 ) ;
#36 =( GEOMETRIC_REPRESENTATION_CONTEXT ( 3 ) GLOBAL_UNCERTAINTY_ASSIGNED_CONTEXT ( ( #10065 ) ) GLOBAL_UNIT_ASSIGNED_CONTEXT ( ( #3680, #10556, #4669 ) ) REPRESENTATION_CONTEXT ( 'NONE', 'WORKASPACE' ) );
#37 = DIRECTION ( 'NONE',  ( -0.0000000000000000000, -1.000000000000000000, -0.0000000000000000000 ) ) ;
#38 =( LENGTH_UNIT ( ) NAMED_UNIT ( * ) SI_UNIT ( .MILLI., .METRE. ) );
#39 = EDGE_CURVE ( 'NONE', #8121, #7110, #11547, .T. ) ;
#40 = ORIENTED_EDGE ( 'NONE', *, *, #5164, .F. ) ;
#41 = EDGE_LOOP ( 'NONE', ( #11703, #5639, #11523, #12651 ) ) ;
#42 = CARTESIAN_POINT ( 'NONE',  ( -1.571800000000000308, 0.09999999999999999167, 0.1016000000000000236 ) ) ;
#43 = DIRECTION ( 'NONE',  ( 0.0000000000000000000, 0.0000000000000000000, -1.000000000000000000 ) ) ;
#44 = CARTESIAN_POINT ( 'NONE',  ( 0.3325300686216491330, 0.1000000000000000056, -0.08669782759354358048 ) ) ;
#45 = DIRECTION ( 'NONE',  ( 1.000000000000000000, -0.0000000000000000000, -0.0000000000000000000 ) ) ;
#46 = LINE ( 'NONE', #11399, #5000 ) ;
#47 = STYLED_ITEM ( 'NONE', ( #2279 ), #3926 ) ;
#48 = SURFACE_SIDE_STYLE ('',( #9367 ) ) ;
#49 = EDGE_CURVE ( 'NONE', #2467, #5677, #6325, .T. ) ;
#50 =( GEOMETRIC_REPRESENTATION_CONTEXT ( 3 ) GLOBAL_UNCERTAINTY_ASSIGNED_CONTEXT ( ( #11415 ) ) GLOBAL_UNIT_ASSIGNED_CONTEXT ( ( #1665, #8585, #2633 ) ) REPRESENTATION_CONTEXT ( 'NONE', 'WORKASPACE' ) );
#51 = AXIS2_PLACEMENT_3D ( 'NONE', #12410, #6531, #598 ) ;
#52 = FILL_AREA_STYLE_COLOUR ( '', #10559 ) ;
#53 = VECTOR ( 'NONE', #10694, 1000.000000000000000 ) ;
#54 = MECHANICAL_DESIGN_GEOMETRIC_PRESENTATION_REPRESENTATION (  '', ( #11533 ), #725 ) ;
#55 = DIRECTION ( 'NONE',  ( 0.0000000000000000000, 0.0000000000000000000, -1.000000000000000000 ) ) ;
#56 = CARTESIAN_POINT ( 'NONE',  ( 1.299900000000000277, 0.5000000000000000000, 0.5000000000000002220 ) ) ;
#57 = EDGE_LOOP ( 'NONE', ( #8947, #1656, #1691, #148 ) ) ;
#58 = ORIENTED_EDGE ( 'NONE', *, *, #10426, .T. ) ;
#59 = CARTESIAN_POINT ( 'NONE',  ( -1.099400000000000377, 0.09999999999999999167, -0.4012999999999999901 ) ) ;
#60 = LINE ( 'NONE', #875, #5012 ) ;
#61 = DIRECTION ( 'NONE',  ( 0.0000000000000000000, 0.0000000000000000000, -1.000000000000000000 ) ) ;
#62 = CYLINDRICAL_SURFACE ( 'NONE', #6942, 0.3000999999999999779 ) ;
#63 = PLANE ( 'NONE',  #4880 ) ;
#64 = FILL_AREA_STYLE_COLOUR ( '', #6086 ) ;
#65 = LINE ( 'NONE', #11092, #5021 ) ;
#66 = VERTEX_POINT ( 'NONE', #11881 ) ;
#67 =( GEOMETRIC_REPRESENTATION_CONTEXT ( 3 ) GLOBAL_UNCERTAINTY_ASSIGNED_CONTEXT ( ( #7396 ) ) GLOBAL_UNIT_ASSIGNED_CONTEXT ( ( #10140, #4260, #11139 ) ) REPRESENTATION_CONTEXT ( 'NONE', 'WORKASPACE' ) );
#68 = LINE ( 'NONE', #2210, #2355 ) ;
#69 = VERTEX_POINT ( 'NONE', #3943 ) ;
#70 = AXIS2_PLACEMENT_3D ( 'NONE', #1984, #8906, #2953 ) ;
#71 = FILL_AREA_STYLE_COLOUR ( '', #7843 ) ;
#72 = ORIENTED_EDGE ( 'NONE', *, *, #673, .F. ) ;
#73 = CARTESIAN_POINT ( 'NONE',  ( 0.6454278962151924759, 0.1000000000000000056, 0.4826978275935432383 ) ) ;
#74 =( LENGTH_UNIT ( ) NAMED_UNIT ( * ) SI_UNIT ( .MILLI., .METRE. ) );
#75 = AXIS2_PLACEMENT_3D ( 'NONE', #6520, #3559, #2543 ) ;
#76 = ORIENTED_EDGE ( 'NONE', *, *, #6630, .T. ) ;
#77 = FILL_AREA_STYLE ('',( #5974 ) ) ;
#78 = CYLINDRICAL_SURFACE ( 'NONE', #5867, 0.01500217240645653274 ) ;
#79 = CYLINDRICAL_SURFACE ( 'NONE', #7664, 0.01500217240645647723 ) ;
#80 = ORIENTED_EDGE ( 'NONE', *, *, #11189, .T. ) ;
#81 = SURFACE_SIDE_STYLE ('',( #423 ) ) ;
#82 = DIRECTION ( 'NONE',  ( -1.000000000000000000, 0.0000000000000000000, -0.0000000000000000000 ) ) ;
#83 = VERTEX_POINT ( 'NONE', #1992 ) ;
#84 = FILL_AREA_STYLE ('',( #4023 ) ) ;
#85 = EDGE_CURVE ( 'NONE', #5130, #5321, #8960, .T. ) ;
#86 = CARTESIAN_POINT ( 'NONE',  ( 1.071200000000000374, 0.1000000000000000056, 0.1166021724064566778 ) ) ;
#87 = EDGE_LOOP ( 'NONE', ( #7896, #10142, #7293, #3367 ) ) ;
#88 = PLANE ( 'NONE',  #1508 ) ;
#89 = CIRCLE ( 'NONE', #1783, 0.01500217240645658652 ) ;
#90 = EDGE_CURVE ( 'NONE', #3352, #3188, #2280, .T. ) ;
#91 = VERTEX_POINT ( 'NONE', #7468 ) ;
#92 = STYLED_ITEM ( 'NONE', ( #8277 ), #5563 ) ;
#93 = ADVANCED_FACE ( 'NONE', ( #3359 ), #10925, .T. ) ;
#94 = PLANE ( 'NONE',  #5851 ) ;
#95 = MANIFOLD_SOLID_BREP ( 'Combine6', #12069 ) ;
#96 = LINE ( 'NONE', #8198, #2687 ) ;
#97 = DIRECTION ( 'NONE',  ( 0.0000000000000000000, 0.0000000000000000000, -1.000000000000000000 ) ) ;
#98 = EDGE_CURVE ( 'NONE', #7556, #3868, #11234, .T. ) ;
#99 = ORIENTED_EDGE ( 'NONE', *, *, #3506, .F. ) ;
#100 = CARTESIAN_POINT ( 'NONE',  ( -1.562027896215192557, 0.1000000000000000056, -0.1167021724064567501 ) ) ;
#101 = UNCERTAINTY_MEASURE_WITH_UNIT (LENGTH_MEASURE( 1.000000000000000082E-05 ), #5298, 'distance_accuracy_value', 'NONE');
#102 = DIRECTION ( 'NONE',  ( 0.0000000000000000000, 1.000000000000000000, 0.0000000000000000000 ) ) ;
#103 = CIRCLE ( 'NONE', #4268, 1.104999999999999982 ) ;
#104 = CARTESIAN_POINT ( 'NONE',  ( -0.4691278962151925191, 0.1000000000000000056, 0.4800999999999999157 ) ) ;
#105 = ORIENTED_EDGE ( 'NONE', *, *, #3329, .F. ) ;
#106 = VECTOR ( 'NONE', #2559, 1000.000000000000000 ) ;
#107 =( NAMED_UNIT ( * ) PLANE_ANGLE_UNIT ( ) SI_UNIT ( $, .RADIAN. ) );
#108 = CARTESIAN_POINT ( 'NONE',  ( -0.1774300686216492007, 0.1000000000000000056, 0.4976999999999999202 ) ) ;
#109 = STYLED_ITEM ( 'NONE', ( #1770 ), #2434 ) ;
#110 = CARTESIAN_POINT ( 'NONE',  ( 1.600000000000000311, 0.0000000000000000000, 0.05229999999999978416 ) ) ;
#111 = CARTESIAN_POINT ( 'NONE',  ( 1.086202172406457001, 0.0000000000000000000, 0.4567978275935434818 ) ) ;
#112 = VERTEX_POINT ( 'NONE', #3567 ) ;
#113 =( NAMED_UNIT ( * ) PLANE_ANGLE_UNIT ( ) SI_UNIT ( $, .RADIAN. ) );
#114 = DIRECTION ( 'NONE',  ( 0.0000000000000000000, 0.0000000000000000000, -1.000000000000000000 ) ) ;
#115 = CARTESIAN_POINT ( 'NONE',  ( -1.571800000000000308, 0.09999999999999999167, 0.1016000000000000236 ) ) ;
#116 = ORIENTED_EDGE ( 'NONE', *, *, #6305, .T. ) ;
#117 = LINE ( 'NONE', #10139, #7698 ) ;
#118 = VECTOR ( 'NONE', #5286, 1000.000000000000000 ) ;
#119 = AXIS2_PLACEMENT_3D ( 'NONE', #7939, #37, #8942 ) ;
#120 = EDGE_CURVE ( 'NONE', #10377, #3444, #7403, .T. ) ;
#121 = STYLED_ITEM ( 'NONE', ( #7729 ), #1252 ) ;
#122 = ORIENTED_EDGE ( 'NONE', *, *, #10146, .F. ) ;
#123 = DIRECTION ( 'NONE',  ( 0.0000000000000000000, 0.0000000000000000000, -1.000000000000000000 ) ) ;
#124 = DIRECTION ( 'NONE',  ( 0.0000000000000000000, -1.000000000000000000, 0.0000000000000000000 ) ) ;
#125 = CIRCLE ( 'NONE', #9376, 0.01500217240645658652 ) ;
#126 = DIRECTION ( 'NONE',  ( 0.0000000000000000000, 0.0000000000000000000, -1.000000000000000000 ) ) ;
#127 = AXIS2_PLACEMENT_3D ( 'NONE', #4436, #11323, #5418 ) ;
#128 = DIRECTION ( 'NONE',  ( 0.0000000000000000000, -1.000000000000000000, 0.0000000000000000000 ) ) ;
#129 = ORIENTED_EDGE ( 'NONE', *, *, #2833, .F. ) ;
#130 = VECTOR ( 'NONE', #2999, 1000.000000000000000 ) ;
#131 = SURFACE_SIDE_STYLE ('',( #7059 ) ) ;
#132 = ORIENTED_EDGE ( 'NONE', *, *, #4831, .F. ) ;
#133 = CARTESIAN_POINT ( 'NONE',  ( 1.600030214339628554, 0.1000000000000000056, -0.04990000000000015257 ) ) ;
#134 = ORIENTED_EDGE ( 'NONE', *, *, #9915, .F. ) ;
#135 = PRESENTATION_STYLE_ASSIGNMENT (( #11559 ) ) ;
#136 = ORIENTED_EDGE ( 'NONE', *, *, #5618, .F. ) ;
#137 = COLOUR_RGB ( '',0.9686274509803921573, 0.8784313725490195957, 0.5999999999999999778 ) ;
#138 = STYLED_ITEM ( 'NONE', ( #10784 ), #7421 ) ;
#139 = CARTESIAN_POINT ( 'NONE',  ( 0.1624278962151925743, 0.1000000000000000056, -0.4849978275935435956 ) ) ;
#140 = DIRECTION ( 'NONE',  ( 0.7071067811865365815, 0.0000000000000000000, -0.7071067811865584529 ) ) ;
#141 = ORIENTED_EDGE ( 'NONE', *, *, #5317, .T. ) ;
#142 = DIRECTION ( 'NONE',  ( -0.0000000000000000000, -1.000000000000000000, -0.0000000000000000000 ) ) ;
#143 = STYLED_ITEM ( 'NONE', ( #4922 ), #261 ) ;
#144 = ADVANCED_FACE ( 'NONE', ( #2134 ), #5552, .F. ) ;
#145 = VECTOR ( 'NONE', #7268, 1000.000000000000000 ) ;
#146 = SURFACE_SIDE_STYLE ('',( #7865 ) ) ;
#147 = ORIENTED_EDGE ( 'NONE', *, *, #890, .T. ) ;
#148 = ORIENTED_EDGE ( 'NONE', *, *, #9845, .T. ) ;
#149 = ORIENTED_EDGE ( 'NONE', *, *, #3473, .F. ) ;
#150 = EDGE_CURVE ( 'NONE', #8366, #5121, #6483, .T. ) ;
#151 = DIRECTION ( 'NONE',  ( -0.0000000000000000000, -1.000000000000000000, -0.0000000000000000000 ) ) ;
#152 = VECTOR ( 'NONE', #9603, 1000.000000000000000 ) ;
#153 = AXIS2_PLACEMENT_3D ( 'NONE', #10861, #4987, #11879 ) ;
#154 = ORIENTED_EDGE ( 'NONE', *, *, #4923, .T. ) ;
#155 = AXIS2_PLACEMENT_3D ( 'NONE', #10517, #4640, #11536 ) ;
#156 = EDGE_LOOP ( 'NONE', ( #2278, #2029, #10932, #12762 ) ) ;
#157 = EDGE_CURVE ( 'NONE', #5551, #7501, #1216, .T. ) ;
#158 = DIRECTION ( 'NONE',  ( -4.843431639425979442E-16, 0.0000000000000000000, -1.000000000000000000 ) ) ;
#159 = SURFACE_STYLE_USAGE ( .BOTH. , #6097 ) ;
#160 = VERTEX_POINT ( 'NONE', #10363 ) ;
#161 = ORIENTED_EDGE ( 'NONE', *, *, #2840, .F. ) ;
#162 = ORIENTED_EDGE ( 'NONE', *, *, #4979, .T. ) ;
#163 = FACE_OUTER_BOUND ( 'NONE', #4790, .T. ) ;
#164 = EDGE_CURVE ( 'NONE', #2045, #3166, #3843, .T. ) ;
#165 = COLOUR_RGB ( '',0.9686274509803921573, 0.8784313725490195957, 0.5999999999999999778 ) ;
#166 = CARTESIAN_POINT ( 'NONE',  ( -0.3766000000000001569, 0.1000000000000000056, -0.04990000000000019420 ) ) ;
#167 = CARTESIAN_POINT ( 'NONE',  ( 1.584125920840706137, 0.1000000000000000056, 0.2113361407954842952 ) ) ;
#168 = DIRECTION ( 'NONE',  ( 0.0000000000000000000, -1.000000000000000000, 0.0000000000000000000 ) ) ;
#169 = ORIENTED_EDGE ( 'NONE', *, *, #12095, .T. ) ;
#170 = LINE ( 'NONE', #10651, #7766 ) ;
#171 = ORIENTED_EDGE ( 'NONE', *, *, #7448, .F. ) ;
#172 = CARTESIAN_POINT ( 'NONE',  ( 1.577030068621648740, 0.0000000000000000000, -0.1857361597196678926 ) ) ;
#173 = VECTOR ( 'NONE', #2281, 1000.000000000000000 ) ;
#174 = CARTESIAN_POINT ( 'NONE',  ( 0.4691278962151925191, 0.1000000000000000056, 0.4870999999999999219 ) ) ;
#175 = ORIENTED_EDGE ( 'NONE', *, *, #6476, .F. ) ;
#176 = CARTESIAN_POINT ( 'NONE',  ( 1.600030214339628554, 0.1000000000000000056, -0.04990000000000015257 ) ) ;
#177 = FILL_AREA_STYLE_COLOUR ( '', #12460 ) ;
#178 = LINE ( 'NONE', #9972, #5134 ) ;
#179 = DIRECTION ( 'NONE',  ( -0.0000000000000000000, 0.0000000000000000000, -1.000000000000000000 ) ) ;
#180 = EDGE_CURVE ( 'NONE', #11045, #8836, #6157, .T. ) ;
#181 = CARTESIAN_POINT ( 'NONE',  ( 0.3175278962151924511, 0.1000000000000000056, 0.4870999999999998109 ) ) ;
#182 = ORIENTED_EDGE ( 'NONE', *, *, #11006, .T. ) ;
#183 = CARTESIAN_POINT ( 'NONE',  ( 1.086202172406457001, 0.1000000000000000056, 0.4718000000000000527 ) ) ;
#184 = ORIENTED_EDGE ( 'NONE', *, *, #1511, .T. ) ;
#186 = VERTEX_POINT ( 'NONE', #2512 ) ;
#185 = FILL_AREA_STYLE ('',( #11004 ) ) ;
#187 = DIRECTION ( 'NONE',  ( 0.0000000000000000000, -1.000000000000000000, 0.0000000000000000000 ) ) ;
#188 = LINE ( 'NONE', #3002, #10359 ) ;
#189 = CYLINDRICAL_SURFACE ( 'NONE', #2671, 0.01500217240645655876 ) ;
#190 = EDGE_CURVE ( 'NONE', #5199, #12072, #5857, .T. ) ;
#191 = EDGE_CURVE ( 'NONE', #11899, #9401, #11384, .T. ) ;
#192 = DIRECTION ( 'NONE',  ( -0.0000000000000000000, -1.000000000000000000, -0.0000000000000000000 ) ) ;
#193 = DIRECTION ( 'NONE',  ( 3.141067797710766260E-15, -0.0000000000000000000, 1.000000000000000000 ) ) ;
#194 = ORIENTED_EDGE ( 'NONE', *, *, #11746, .F. ) ;
#195 = ADVANCED_FACE ( 'NONE', ( #585 ), #12591, .F. ) ;
#196 = PRESENTATION_STYLE_ASSIGNMENT (( #12498 ) ) ;
#197 = ORIENTED_EDGE ( 'NONE', *, *, #8445, .F. ) ;
#198 = CYLINDRICAL_SURFACE ( 'NONE', #11101, 0.01500217240645658652 ) ;
#199 = EDGE_CURVE ( 'NONE', #393, #8253, #8154, .T. ) ;
#200 = AXIS2_PLACEMENT_3D ( 'NONE', #12054, #1228, #8089 ) ;
#202 = CARTESIAN_POINT ( 'NONE',  ( -1.086202172406457001, 0.1000000000000000056, 0.1015999999999997322 ) ) ;
#201 = DIRECTION ( 'NONE',  ( 0.0000000000000000000, 0.0000000000000000000, 1.000000000000000000 ) ) ;
#203 = ORIENTED_EDGE ( 'NONE', *, *, #4305, .T. ) ;
#204 =( GEOMETRIC_REPRESENTATION_CONTEXT ( 3 ) GLOBAL_UNCERTAINTY_ASSIGNED_CONTEXT ( ( #4906 ) ) GLOBAL_UNIT_ASSIGNED_CONTEXT ( ( #7651, #1722, #8648 ) ) REPRESENTATION_CONTEXT ( 'NONE', 'WORKASPACE' ) );
#205 = AXIS2_PLACEMENT_3D ( 'NONE', #4594, #11482, #5585 ) ;
#206 = DIRECTION ( 'NONE',  ( 0.0000000000000000000, 1.000000000000000000, 0.0000000000000000000 ) ) ;
#207 = PRESENTATION_STYLE_ASSIGNMENT (( #12658 ) ) ;
#208 = EDGE_LOOP ( 'NONE', ( #12485, #2946, #4013, #4704 ) ) ;
#209 = EDGE_CURVE ( 'NONE', #601, #11810, #911, .T. ) ;
#210 = FILL_AREA_STYLE_COLOUR ( '', #5472 ) ;
#211 = DIRECTION ( 'NONE',  ( -0.0000000000000000000, 1.000000000000000000, -0.0000000000000000000 ) ) ;
#212 = ORIENTED_EDGE ( 'NONE', *, *, #7168, .F. ) ;
#213 =( NAMED_UNIT ( * ) PLANE_ANGLE_UNIT ( ) SI_UNIT ( $, .RADIAN. ) );
#214 = SURFACE_STYLE_FILL_AREA ( #77 ) ;
#215 = DIRECTION ( 'NONE',  ( 1.000000000000000000, 0.0000000000000000000, 0.0000000000000000000 ) ) ;
#216 = ORIENTED_EDGE ( 'NONE', *, *, #4506, .F. ) ;
#217 = DIRECTION ( 'NONE',  ( -0.0000000000000000000, -0.0000000000000000000, -1.000000000000000000 ) ) ;
#218 = ORIENTED_EDGE ( 'NONE', *, *, #5526, .T. ) ;
#219 = FACE_OUTER_BOUND ( 'NONE', #514, .T. ) ;
#220 = CARTESIAN_POINT ( 'NONE',  ( -0.6454278962151924759, 0.1000000000000000056, 0.1143021724064565564 ) ) ;
#221 = ORIENTED_EDGE ( 'NONE', *, *, #4223, .F. ) ;
#222 = LINE ( 'NONE', #9848, #7499 ) ;
#223 = FILL_AREA_STYLE ('',( #10051 ) ) ;
#224 = AXIS2_PLACEMENT_3D ( 'NONE', #4636, #7583, #8626 ) ;
#225 = ORIENTED_EDGE ( 'NONE', *, *, #10325, .T. ) ;
#226 = EDGE_CURVE ( 'NONE', #3444, #10842, #2885, .T. ) ;
#227 = CIRCLE ( 'NONE', #9395, 0.01500217240645653274 ) ;
#228 = MECHANICAL_DESIGN_GEOMETRIC_PRESENTATION_REPRESENTATION (  '', ( #11042 ), #913 ) ;
#229 = PRESENTATION_LAYER_ASSIGNMENT (  '', '', ( #914 ) ) ;
#230 = DIRECTION ( 'NONE',  ( 0.0000000000000000000, 0.0000000000000000000, 1.000000000000000000 ) ) ;
#231 = VERTEX_POINT ( 'NONE', #11648 ) ;
#232 = CARTESIAN_POINT ( 'NONE',  ( -1.099400000000000377, 0.09999999999999999167, -0.3025999999999999801 ) ) ;
#233 = ORIENTED_EDGE ( 'NONE', *, *, #1051, .T. ) ;
#234 = CARTESIAN_POINT ( 'NONE',  ( 0.3325300686216491330, 0.1000000000000000056, 0.08429782759354335908 ) ) ;
#235 = FACE_OUTER_BOUND ( 'NONE', #712, .T. ) ;
#236 = ORIENTED_EDGE ( 'NONE', *, *, #8917, .F. ) ;
#237 = PRESENTATION_STYLE_ASSIGNMENT (( #7252 ) ) ;
#238 = CARTESIAN_POINT ( 'NONE',  ( 1.099400000000000377, 0.09999999999999999167, -0.4012999999999999901 ) ) ;
#239 = EDGE_CURVE ( 'NONE', #6153, #3247, #5527, .T. ) ;
#240 = CARTESIAN_POINT ( 'NONE',  ( -0.1774300686216492007, 0.1000000000000000056, 0.4976999999999999202 ) ) ;
#241 = CARTESIAN_POINT ( 'NONE',  ( -0.6304257238087360715, 0.0000000000000000000, 0.4826978275935433493 ) ) ;
#242 = ORIENTED_EDGE ( 'NONE', *, *, #9347, .T. ) ;
#243 = FILL_AREA_STYLE ('',( #2185 ) ) ;
#244 = VECTOR ( 'NONE', #7899, 1000.000000000000000 ) ;
#245 = EDGE_CURVE ( 'NONE', #9015, #7991, #7863, .T. ) ;
#246 = MECHANICAL_DESIGN_GEOMETRIC_PRESENTATION_REPRESENTATION (  '', ( #11747 ), #938 ) ;
#247 = VECTOR ( 'NONE', #1316, 1000.000000000000000 ) ;
#248 =( NAMED_UNIT ( * ) PLANE_ANGLE_UNIT ( ) SI_UNIT ( $, .RADIAN. ) );
#249 = SURFACE_STYLE_USAGE ( .BOTH. , #6186 ) ;
#250 = CARTESIAN_POINT ( 'NONE',  ( 0.1774300686216492007, 0.1000000000000000056, -0.5000000000000002220 ) ) ;
#251 = ORIENTED_EDGE ( 'NONE', *, *, #7659, .T. ) ;
#252 = DIRECTION ( 'NONE',  ( -0.0000000000000000000, -1.000000000000000000, -0.0000000000000000000 ) ) ;
#253 = DIRECTION ( 'NONE',  ( 0.0000000000000000000, 0.0000000000000000000, -1.000000000000000000 ) ) ;
#254 =( NAMED_UNIT ( * ) SI_UNIT ( $, .STERADIAN. ) SOLID_ANGLE_UNIT ( ) );
#255 = AXIS2_PLACEMENT_3D ( 'NONE', #5261, #12166, #11161 ) ;
#256 = VERTEX_POINT ( 'NONE', #12023 ) ;
#257 = STYLED_ITEM ( 'NONE', ( #511 ), #2629 ) ;
#258 = LINE ( 'NONE', #1399, #7858 ) ;
#259 = CARTESIAN_POINT ( 'NONE',  ( 1.600000000000000311, 0.5000000000000000000, -0.04990000000000018032 ) ) ;
#260 = VERTEX_POINT ( 'NONE', #5124 ) ;
#261 = ADVANCED_FACE ( 'NONE', ( #5211 ), #2773, .T. ) ;
#262 = VECTOR ( 'NONE', #8696, 1000.000000000000000 ) ;
#263 = COLOUR_RGB ( '',0.9686274509803921573, 0.8784313725490195957, 0.5999999999999999778 ) ;
#264 = EDGE_CURVE ( 'NONE', #6067, #7818, #10444, .T. ) ;
#265 = DIRECTION ( 'NONE',  ( -0.7071067811865456854, 0.0000000000000000000, 0.7071067811865493491 ) ) ;
#266 = DIRECTION ( 'NONE',  ( 0.0000000000000000000, 0.0000000000000000000, -1.000000000000000000 ) ) ;
#267 = CARTESIAN_POINT ( 'NONE',  ( -0.4585278962151925208, 0.1000000000000000056, 0.4694999999999999174 ) ) ;
#268 = UNCERTAINTY_MEASURE_WITH_UNIT (LENGTH_MEASURE( 1.000000000000000082E-05 ), #516, 'distance_accuracy_value', 'NONE');
#269 = VECTOR ( 'NONE', #5050, 1000.000000000000000 ) ;
#270 = DIRECTION ( 'NONE',  ( 0.0000000000000000000, -1.000000000000000000, 0.0000000000000000000 ) ) ;
#271 = VECTOR ( 'NONE', #8504, 1000.000000000000000 ) ;
#272 = ORIENTED_EDGE ( 'NONE', *, *, #6252, .T. ) ;
#273 =( GEOMETRIC_REPRESENTATION_CONTEXT ( 3 ) GLOBAL_UNCERTAINTY_ASSIGNED_CONTEXT ( ( #10789 ) ) GLOBAL_UNIT_ASSIGNED_CONTEXT ( ( #5567, #12465, #6587 ) ) REPRESENTATION_CONTEXT ( 'NONE', 'WORKASPACE' ) );
#274 = ORIENTED_EDGE ( 'NONE', *, *, #7535, .F. ) ;
#275 = ORIENTED_EDGE ( 'NONE', *, *, #5764, .T. ) ;
#276 = EDGE_CURVE ( 'NONE', #7734, #3358, #11861, .T. ) ;
#277 = AXIS2_PLACEMENT_3D ( 'NONE', #7382, #1451, #8356 ) ;
#278 =( GEOMETRIC_REPRESENTATION_CONTEXT ( 3 ) GLOBAL_UNCERTAINTY_ASSIGNED_CONTEXT ( ( #4310 ) ) GLOBAL_UNIT_ASSIGNED_CONTEXT ( ( #5179, #12077, #6181 ) ) REPRESENTATION_CONTEXT ( 'NONE', 'WORKASPACE' ) );
#279 = ORIENTED_EDGE ( 'NONE', *, *, #2706, .F. ) ;
#280 = DIRECTION ( 'NONE',  ( 1.000000000000000000, 0.0000000000000000000, -0.0000000000000000000 ) ) ;
#281 = PRESENTATION_LAYER_ASSIGNMENT (  '', '', ( #979 ) ) ;
#282 = DIRECTION ( 'NONE',  ( 0.0000000000000000000, -1.000000000000000000, 0.0000000000000000000 ) ) ;
#283 = CARTESIAN_POINT ( 'NONE',  ( -1.021700000000000497, 0.1000000000000000056, 0.4999999999999997780 ) ) ;
#284 = CARTESIAN_POINT ( 'NONE',  ( -0.3281278962151925049, 0.1000000000000000056, 0.4694999999999999174 ) ) ;
#285 = VECTOR ( 'NONE', #3858, 1000.000000000000000 ) ;
#286 = UNCERTAINTY_MEASURE_WITH_UNIT (LENGTH_MEASURE( 1.000000000000000082E-05 ), #9994, 'distance_accuracy_value', 'NONE');
#287 = PRESENTATION_STYLE_ASSIGNMENT (( #6463 ) ) ;
#289 = DIRECTION ( 'NONE',  ( 0.0000000000000000000, 0.0000000000000000000, 1.000000000000000000 ) ) ;
#288 = CARTESIAN_POINT ( 'NONE',  ( 0.3069278962151925083, 0.1000000000000000056, 0.4976999999999998092 ) ) ;
#290 = ORIENTED_EDGE ( 'NONE', *, *, #1550, .F. ) ;
#291 = ORIENTED_EDGE ( 'NONE', *, *, #11436, .F. ) ;
#292 = VERTEX_POINT ( 'NONE', #6165 ) ;
#293 = CARTESIAN_POINT ( 'NONE',  ( 0.3281278962151924494, 0.1000000000000000056, 0.4694999999999998064 ) ) ;
#294 = DIRECTION ( 'NONE',  ( -1.000000000000000000, 0.0000000000000000000, -2.321156620588232821E-16 ) ) ;
#295 = ORIENTED_EDGE ( 'NONE', *, *, #2883, .T. ) ;
#296 = PRESENTATION_LAYER_ASSIGNMENT (  '', '', ( #12457 ) ) ;
#297 = CARTESIAN_POINT ( 'NONE',  ( -0.4797278962151925175, 0.1000000000000000056, 0.4976999999999999202 ) ) ;
#298 = AXIS2_PLACEMENT_3D ( 'NONE', #1891, #8822, #2866 ) ;
#299 = DIRECTION ( 'NONE',  ( 1.000000000000000000, -0.0000000000000000000, 0.0000000000000000000 ) ) ;
#300 =( LENGTH_UNIT ( ) NAMED_UNIT ( * ) SI_UNIT ( .MILLI., .METRE. ) );
#301 = AXIS2_PLACEMENT_3D ( 'NONE', #8910, #2957, #9880 ) ;
#302 = ORIENTED_EDGE ( 'NONE', *, *, #6900, .T. ) ;
#303 = ORIENTED_EDGE ( 'NONE', *, *, #157, .F. ) ;
#304 = DIRECTION ( 'NONE',  ( -0.0000000000000000000, 1.000000000000000000, -0.0000000000000000000 ) ) ;
#305 =( NAMED_UNIT ( * ) PLANE_ANGLE_UNIT ( ) SI_UNIT ( $, .RADIAN. ) );
#306 = VERTEX_POINT ( 'NONE', #4213 ) ;
#307 = DIRECTION ( 'NONE',  ( -0.0000000000000000000, 1.000000000000000000, -0.0000000000000000000 ) ) ;
#308 = LINE ( 'NONE', #9564, #10487 ) ;
#309 = FILL_AREA_STYLE ('',( #3281 ) ) ;
#310 = EDGE_CURVE ( 'NONE', #12527, #11730, #1350, .T. ) ;
#311 = DIRECTION ( 'NONE',  ( 0.0000000000000000000, 0.0000000000000000000, -1.000000000000000000 ) ) ;
#312 = ORIENTED_EDGE ( 'NONE', *, *, #3338, .F. ) ;
#313 = EDGE_CURVE ( 'NONE', #7576, #2178, #3997, .T. ) ;
#314 = AXIS2_PLACEMENT_3D ( 'NONE', #6581, #5562, #12497 ) ;
#315 = EDGE_LOOP ( 'NONE', ( #7590, #6877, #1405, #11233 ) ) ;
#316 = VECTOR ( 'NONE', #11845, 1000.000000000000114 ) ;
#317 = LINE ( 'NONE', #2400, #7917 ) ;
#318 = VERTEX_POINT ( 'NONE', #1276 ) ;
#319 = VERTEX_POINT ( 'NONE', #2256 ) ;
#320 = EDGE_CURVE ( 'NONE', #6678, #12661, #1067, .T. ) ;
#321 = SURFACE_SIDE_STYLE ('',( #5189 ) ) ;
#322 = SURFACE_STYLE_FILL_AREA ( #12593 ) ;
#323 = SURFACE_STYLE_USAGE ( .BOTH. , #6259 ) ;
#324 = CARTESIAN_POINT ( 'NONE',  ( -0.1004848928301857874, 0.1000000000000000056, 0.4999999999999997780 ) ) ;
#325 = DIRECTION ( 'NONE',  ( 1.000000000000000000, 0.0000000000000000000, -0.0000000000000000000 ) ) ;
#326 = ADVANCED_FACE ( 'NONE', ( #6315 ), #11136, .T. ) ;
#327 = CARTESIAN_POINT ( 'NONE',  ( -0.3352278962151925557, 0.1000000000000000056, -0.4849978275935435956 ) ) ;
#328 = VERTEX_POINT ( 'NONE', #9175 ) ;
#329 = EDGE_CURVE ( 'NONE', #3974, #6532, #117, .T. ) ;
#330 = CIRCLE ( 'NONE', #2468, 0.01500217240645655876 ) ;
#331 = ORIENTED_EDGE ( 'NONE', *, *, #2146, .T. ) ;
#332 = AXIS2_PLACEMENT_3D ( 'NONE', #1018, #10824, #55 ) ;
#333 = PRESENTATION_STYLE_ASSIGNMENT (( #1231 ) ) ;
#334 = DIRECTION ( 'NONE',  ( 0.0000000000000000000, 0.0000000000000000000, 1.000000000000000000 ) ) ;
#335 = DIRECTION ( 'NONE',  ( 1.000000000000000000, 0.0000000000000000000, -0.0000000000000000000 ) ) ;
#336 = CARTESIAN_POINT ( 'NONE',  ( 1.099400000000000377, 0.1000000000000000056, -0.4012999999999999901 ) ) ;
#337 = DIRECTION ( 'NONE',  ( 0.0000000000000000000, -1.000000000000000000, 0.0000000000000000000 ) ) ;
#338 = DIRECTION ( 'NONE',  ( -0.0000000000000000000, -1.000000000000000000, -0.0000000000000000000 ) ) ;
#339 = FACE_OUTER_BOUND ( 'NONE', #6707, .T. ) ;
#340 = VERTEX_POINT ( 'NONE', #6643 ) ;
#341 = PRESENTATION_STYLE_ASSIGNMENT (( #10391 ) ) ;
#342 = EDGE_LOOP ( 'NONE', ( #10669, #3310, #6898, #12715 ) ) ;
#343 = LINE ( 'NONE', #11521, #10520 ) ;
#344 = VECTOR ( 'NONE', #8698, 1000.000000000000000 ) ;
#345 = CARTESIAN_POINT ( 'NONE',  ( -1.589400000000000368, 0.09999999999999999167, 0.1968000000000001137 ) ) ;
#346 = VECTOR ( 'NONE', #12466, 1000.000000000000000 ) ;
#347 = STYLED_ITEM ( 'NONE', ( #5374 ), #12232 ) ;
#348 = EDGE_CURVE ( 'NONE', #3644, #6403, #5355, .T. ) ;
#349 = CARTESIAN_POINT ( 'NONE',  ( 1.600000000000000311, 0.0000000000000000000, -0.1999000000000000221 ) ) ;
#350 =( NAMED_UNIT ( * ) SI_UNIT ( $, .STERADIAN. ) SOLID_ANGLE_UNIT ( ) );
#351 = STYLED_ITEM ( 'NONE', ( #1737 ), #3231 ) ;
#352 = LINE ( 'NONE', #3197, #2659 ) ;
#353 = ORIENTED_EDGE ( 'NONE', *, *, #12643, .F. ) ;
#354 = EDGE_CURVE ( 'NONE', #7205, #11398, #5072, .T. ) ;
#355 = VECTOR ( 'NONE', #4167, 1000.000000000000000 ) ;
#356 = FACE_OUTER_BOUND ( 'NONE', #577, .T. ) ;
#357 = ORIENTED_EDGE ( 'NONE', *, *, #90, .F. ) ;
#358 = EDGE_LOOP ( 'NONE', ( #10884, #9248, #8997, #5090, #1661 ) ) ;
#359 = DIRECTION ( 'NONE',  ( 0.0000000000000000000, -1.000000000000000000, 0.0000000000000000000 ) ) ;
#360 = CARTESIAN_POINT ( 'NONE',  ( -0.7009000000000003006, 0.1000000000000000056, 0.4999999999999997780 ) ) ;
#361 = ORIENTED_EDGE ( 'NONE', *, *, #9684, .T. ) ;
#362 = PLANE ( 'NONE',  #4447 ) ;
#363 = LINE ( 'NONE', #6076, #7966 ) ;
#364 = DIRECTION ( 'NONE',  ( 1.000000000000000000, -0.0000000000000000000, 4.843431639425975498E-16 ) ) ;
#365 = ORIENTED_EDGE ( 'NONE', *, *, #6884, .T. ) ;
#366 = COLOUR_RGB ( '',0.9686274509803921573, 0.8784313725490195957, 0.5999999999999999778 ) ;
#367 = ORIENTED_EDGE ( 'NONE', *, *, #1820, .F. ) ;
#368 = AXIS2_PLACEMENT_3D ( 'NONE', #935, #7842, #1906 ) ;
#369 = VECTOR ( 'NONE', #1677, 1000.000000000000000 ) ;
#370 = CIRCLE ( 'NONE', #7020, 0.01500217240645655876 ) ;
#371 = ORIENTED_EDGE ( 'NONE', *, *, #10187, .T. ) ;
#372 =( GEOMETRIC_REPRESENTATION_CONTEXT ( 3 ) GLOBAL_UNCERTAINTY_ASSIGNED_CONTEXT ( ( #7006 ) ) GLOBAL_UNIT_ASSIGNED_CONTEXT ( ( #2042, #8966, #3015 ) ) REPRESENTATION_CONTEXT ( 'NONE', 'WORKASPACE' ) );
#373 = ORIENTED_EDGE ( 'NONE', *, *, #4976, .T. ) ;
#374 = VECTOR ( 'NONE', #5993, 1000.000000000000114 ) ;
#375 = ORIENTED_EDGE ( 'NONE', *, *, #2339, .F. ) ;
#376 = CARTESIAN_POINT ( 'NONE',  ( 1.310900000000000176, 0.1000000000000000056, 0.5000000000000002220 ) ) ;
#377 = VECTOR ( 'NONE', #526, 1000.000000000000000 ) ;
#378 = ORIENTED_EDGE ( 'NONE', *, *, #12175, .T. ) ;
#379 = DIRECTION ( 'NONE',  ( 0.7071067811865474617, 0.0000000000000000000, -0.7071067811865474617 ) ) ;
#380 = SURFACE_STYLE_USAGE ( .BOTH. , #6323 ) ;
#381 = EDGE_LOOP ( 'NONE', ( #7752, #6317, #8979, #10746 ) ) ;
#382 = FILL_AREA_STYLE_COLOUR ( '', #10045 ) ;
#383 = LINE ( 'NONE', #288, #2381 ) ;
#384 = DIRECTION ( 'NONE',  ( -0.0000000000000000000, 1.000000000000000000, -0.0000000000000000000 ) ) ;
#385 = CARTESIAN_POINT ( 'NONE',  ( 1.600000000000000311, 0.0000000000000000000, 0.5000000000000000000 ) ) ;
#386 = UNCERTAINTY_MEASURE_WITH_UNIT (LENGTH_MEASURE( 1.000000000000000082E-05 ), #8617, 'distance_accuracy_value', 'NONE');
#387 = ORIENTED_EDGE ( 'NONE', *, *, #4387, .F. ) ;
#388 = FILL_AREA_STYLE ('',( #6331 ) ) ;
#389 = EDGE_CURVE ( 'NONE', #11565, #3850, #12615, .T. ) ;
#390 = ADVANCED_FACE ( 'NONE', ( #9988 ), #11566, .F. ) ;
#391 = CARTESIAN_POINT ( 'NONE',  ( 1.099400000000000377, 0.5000000000000000000, -0.4012999999999999901 ) ) ;
#392 = VECTOR ( 'NONE', #7422, 1000.000000000000000 ) ;
#393 = VERTEX_POINT ( 'NONE', #8619 ) ;
#394 = STYLED_ITEM ( 'NONE', ( #6989 ), #4820 ) ;
#395 = DIRECTION ( 'NONE',  ( 0.0000000000000000000, 1.000000000000000000, 0.0000000000000000000 ) ) ;
#396 = CIRCLE ( 'NONE', #7872, 0.01500217240645658652 ) ;
#397 = CARTESIAN_POINT ( 'NONE',  ( 0.4691278962151925191, 0.0000000000000000000, 0.4870999999999999219 ) ) ;
#398 = DIRECTION ( 'NONE',  ( 0.0000000000000000000, 0.0000000000000000000, 1.000000000000000000 ) ) ;
#399 = EDGE_CURVE ( 'NONE', #5677, #5273, #2120, .T. ) ;
#400 = DIRECTION ( 'NONE',  ( -0.7071067811865475727, 0.0000000000000000000, 0.7071067811865475727 ) ) ;
#401 = COLOUR_RGB ( '',0.0000000000000000000, 0.7529411764705882248, 0.0000000000000000000 ) ;
#402 = EDGE_LOOP ( 'NONE', ( #1238, #4514, #5542, #6256, #9060, #10959, #1525, #7679, #3387, #10210, #3823, #4445, #1029, #275, #2748, #9981, #7416, #8110, #8279, #7596 ) ) ;
#403 = DIRECTION ( 'NONE',  ( 1.000000000000000000, 0.0000000000000000000, -9.098841772336316914E-17 ) ) ;
#404 = ORIENTED_EDGE ( 'NONE', *, *, #1820, .T. ) ;
#405 = DIRECTION ( 'NONE',  ( 0.0000000000000000000, -1.000000000000000000, 0.0000000000000000000 ) ) ;
#406 = EDGE_CURVE ( 'NONE', #5470, #2765, #2712, .T. ) ;
#407 = DIRECTION ( 'NONE',  ( -0.0000000000000000000, 0.0000000000000000000, 1.000000000000000000 ) ) ;
#408 = EDGE_LOOP ( 'NONE', ( #10909, #5714, #6112, #1330 ) ) ;
#409 = CARTESIAN_POINT ( 'NONE',  ( -0.6454278962151924759, 0.1000000000000000056, 0.4826978275935432383 ) ) ;
#410 = PLANE ( 'NONE',  #12264 ) ;
#411 = AXIS2_PLACEMENT_3D ( 'NONE', #11067, #5184, #12085 ) ;
#412 = CIRCLE ( 'NONE', #12628, 0.01500217240645655876 ) ;
#414 = SURFACE_SIDE_STYLE ('',( #8572 ) ) ;
#413 = DIRECTION ( 'NONE',  ( -0.0000000000000000000, -1.000000000000000000, -0.0000000000000000000 ) ) ;
#415 = ORIENTED_EDGE ( 'NONE', *, *, #9308, .F. ) ;
#416 = VECTOR ( 'NONE', #266, 1000.000000000000000 ) ;
#417 = CARTESIAN_POINT ( 'NONE',  ( 0.1624278962151925743, 0.0000000000000000000, -0.4849978275935435956 ) ) ;
#418 = DIRECTION ( 'NONE',  ( -0.0000000000000000000, -1.000000000000000000, -0.0000000000000000000 ) ) ;
#419 = CARTESIAN_POINT ( 'NONE',  ( -0.3766000000000001569, -0.0000000000000000000, -0.04990000000000019420 ) ) ;
#420 = CARTESIAN_POINT ( 'NONE',  ( -1.086202172406457001, 0.1000000000000000056, 0.1166021724064562892 ) ) ;
#421 = DIRECTION ( 'NONE',  ( 0.0000000000000000000, 1.000000000000000000, 0.0000000000000000000 ) ) ;
#422 = ORIENTED_EDGE ( 'NONE', *, *, #6028, .F. ) ;
#423 = SURFACE_STYLE_FILL_AREA ( #6020 ) ;
#424 = MECHANICAL_DESIGN_GEOMETRIC_PRESENTATION_REPRESENTATION (  '', ( #11938 ), #1122 ) ;
#425 = UNCERTAINTY_MEASURE_WITH_UNIT (LENGTH_MEASURE( 1.000000000000000082E-05 ), #11745, 'distance_accuracy_value', 'NONE');
#426 = DIRECTION ( 'NONE',  ( 0.0000000000000000000, 0.0000000000000000000, -1.000000000000000000 ) ) ;
#427 = DIRECTION ( 'NONE',  ( -0.0000000000000000000, 1.000000000000000000, -0.0000000000000000000 ) ) ;
#428 = CARTESIAN_POINT ( 'NONE',  ( 1.577030068621648740, 0.1000000000000000056, -0.2007383321261244635 ) ) ;
#429 = COLOUR_RGB ( '',0.9686274509803921573, 0.8784313725490195957, 0.5999999999999999778 ) ;
#430 = CARTESIAN_POINT ( 'NONE',  ( 1.373961839504919347, 0.09999999999999999167, 0.3026000000000000911 ) ) ;
#431 = EDGE_CURVE ( 'NONE', #1389, #2510, #12301, .T. ) ;
#432 = FACE_OUTER_BOUND ( 'NONE', #10396, .T. ) ;
#433 = ORIENTED_EDGE ( 'NONE', *, *, #6807, .F. ) ;
#434 = UNCERTAINTY_MEASURE_WITH_UNIT (LENGTH_MEASURE( 1.000000000000000082E-05 ), #7786, 'distance_accuracy_value', 'NONE');
#435 = SURFACE_STYLE_FILL_AREA ( #11511 ) ;
#436 = FILL_AREA_STYLE_COLOUR ( '', #2266 ) ;
#437 = CARTESIAN_POINT ( 'NONE',  ( -1.562027896215192557, 0.1000000000000000056, -0.1167021724064567501 ) ) ;
#438 = ORIENTED_EDGE ( 'NONE', *, *, #11143, .F. ) ;
#439 = SURFACE_SIDE_STYLE ('',( #11313 ) ) ;
#440 = SURFACE_STYLE_FILL_AREA ( #3428 ) ;
#441 = CARTESIAN_POINT ( 'NONE',  ( -1.568300000000000249, 0.0000000000000000000, 0.1166021724064562892 ) ) ;
#442 = ADVANCED_FACE ( 'NONE', ( #12005 ), #11765, .T. ) ;
#443 = EDGE_CURVE ( 'NONE', #4078, #69, #1571, .T. ) ;
#444 = AXIS2_PLACEMENT_3D ( 'NONE', #10381, #4502, #11393 ) ;
#445 = CYLINDRICAL_SURFACE ( 'NONE', #1443, 0.01500217240645653274 ) ;
#446 = STYLED_ITEM ( 'NONE', ( #9695 ), #9325 ) ;
#447 = DIRECTION ( 'NONE',  ( -0.0000000000000000000, -1.000000000000000000, -0.0000000000000000000 ) ) ;
#448 = DIRECTION ( 'NONE',  ( -0.0000000000000000000, -1.000000000000000000, -0.0000000000000000000 ) ) ;
#449 = MECHANICAL_DESIGN_GEOMETRIC_PRESENTATION_REPRESENTATION (  '', ( #11962 ), #1146 ) ;
#450 = ORIENTED_EDGE ( 'NONE', *, *, #9496, .T. ) ;
#451 = MECHANICAL_DESIGN_GEOMETRIC_PRESENTATION_REPRESENTATION (  '', ( #11963 ), #1147 ) ;
#452 = DIRECTION ( 'NONE',  ( -1.000000000000000000, 0.0000000000000000000, 0.0000000000000000000 ) ) ;
#453 = VERTEX_POINT ( 'NONE', #702 ) ;
#454 = CARTESIAN_POINT ( 'NONE',  ( 1.373961839504919347, 0.1000000000000000056, 0.3026000000000000911 ) ) ;
#455 = ORIENTED_EDGE ( 'NONE', *, *, #8524, .T. ) ;
#456 = ADVANCED_FACE ( 'NONE', ( #4202 ), #5614, .T. ) ;
#457 = COLOUR_RGB ( '',1.000000000000000000, 1.000000000000000000, 1.000000000000000000 ) ;
#458 = ORIENTED_EDGE ( 'NONE', *, *, #2833, .T. ) ;
#459 = ORIENTED_EDGE ( 'NONE', *, *, #8120, .T. ) ;
#460 = COLOUR_RGB ( '',0.0000000000000000000, 0.7529411764705882248, 0.0000000000000000000 ) ;
#461 = DIRECTION ( 'NONE',  ( 1.000000000000000000, 0.0000000000000000000, -1.171755763104686462E-17 ) ) ;
#462 = ORIENTED_EDGE ( 'NONE', *, *, #3237, .F. ) ;
#463 = ORIENTED_EDGE ( 'NONE', *, *, #1528, .T. ) ;
#464 = DIRECTION ( 'NONE',  ( 0.0000000000000000000, 0.0000000000000000000, -1.000000000000000000 ) ) ;
#465 = ORIENTED_EDGE ( 'NONE', *, *, #11743, .F. ) ;
#466 = CARTESIAN_POINT ( 'NONE',  ( 0.4797278962151925175, 0.0000000000000000000, 0.4976999999999999202 ) ) ;
#467 =( GEOMETRIC_REPRESENTATION_CONTEXT ( 3 ) GLOBAL_UNCERTAINTY_ASSIGNED_CONTEXT ( ( #488 ) ) GLOBAL_UNIT_ASSIGNED_CONTEXT ( ( #6478, #538, #7458 ) ) REPRESENTATION_CONTEXT ( 'NONE', 'WORKASPACE' ) );
#468 = CARTESIAN_POINT ( 'NONE',  ( -1.082627896215192509, 0.1000000000000000056, -0.4567978275935435928 ) ) ;
#469 = VERTEX_POINT ( 'NONE', #9618 ) ;
#470 = DIRECTION ( 'NONE',  ( 0.0000000000000000000, 0.0000000000000000000, 1.000000000000000000 ) ) ;
#471 = SURFACE_STYLE_FILL_AREA ( #12500 ) ;
#472 = AXIS2_PLACEMENT_3D ( 'NONE', #2224, #6216, #5243 ) ;
#473 = EDGE_LOOP ( 'NONE', ( #6225, #2020, #10496, #5623 ) ) ;
#474 = STYLED_ITEM ( 'NONE', ( #7437 ), #4415 ) ;
#475 = DIRECTION ( 'NONE',  ( 0.0000000000000000000, -1.000000000000000000, 0.0000000000000000000 ) ) ;
#476 = SURFACE_STYLE_USAGE ( .BOTH. , #6422 ) ;
#477 = SURFACE_STYLE_FILL_AREA ( #4425 ) ;
#478 = FILL_AREA_STYLE_COLOUR ( '', #3124 ) ;
#479 = ORIENTED_EDGE ( 'NONE', *, *, #1141, .T. ) ;
#480 = SURFACE_STYLE_USAGE ( .BOTH. , #6425 ) ;
#481 = ORIENTED_EDGE ( 'NONE', *, *, #7697, .F. ) ;
#482 = VECTOR ( 'NONE', #1740, 1000.000000000000114 ) ;
#483 = ORIENTED_EDGE ( 'NONE', *, *, #6928, .T. ) ;
#484 = LINE ( 'NONE', #1298, #173 ) ;
#485 = ORIENTED_EDGE ( 'NONE', *, *, #1818, .T. ) ;
#486 = FILL_AREA_STYLE ('',( #6848 ) ) ;
#487 = EDGE_CURVE ( 'NONE', #4643, #1595, #650, .T. ) ;
#488 = UNCERTAINTY_MEASURE_WITH_UNIT (LENGTH_MEASURE( 1.000000000000000082E-05 ), #6478, 'distance_accuracy_value', 'NONE');
#489 = CYLINDRICAL_SURFACE ( 'NONE', #2351, 0.2009999999999999010 ) ;
#490 = EDGE_CURVE ( 'NONE', #11640, #8464, #8211, .T. ) ;
#491 =( LENGTH_UNIT ( ) NAMED_UNIT ( * ) SI_UNIT ( .MILLI., .METRE. ) );
#492 = STYLED_ITEM ( 'NONE', ( #11674 ), #5663 ) ;
#493 = CARTESIAN_POINT ( 'NONE',  ( -0.3352278962151924446, -0.0000000000000000000, -0.2153021724064569098 ) ) ;
#494 =( NAMED_UNIT ( * ) SI_UNIT ( $, .STERADIAN. ) SOLID_ANGLE_UNIT ( ) );
#495 = VERTEX_POINT ( 'NONE', #11607 ) ;
#496 = CARTESIAN_POINT ( 'NONE',  ( 0.3175278962151924511, 0.0000000000000000000, 0.4870999999999998109 ) ) ;
#497 = CARTESIAN_POINT ( 'NONE',  ( -0.1004848928301857874, 0.0000000000000000000, 0.4999999999999997780 ) ) ;
#498 = ORIENTED_EDGE ( 'NONE', *, *, #1654, .F. ) ;
#499 = PLANE ( 'NONE',  #5406 ) ;
#500 = EDGE_LOOP ( 'NONE', ( #9743, #10974, #5989, #10351, #5647, #1303 ) ) ;
#501 = COLOUR_RGB ( '',0.9686274509803921573, 0.8784313725490195957, 0.5999999999999999778 ) ;
#503 = DIRECTION ( 'NONE',  ( 0.0000000000000000000, 0.0000000000000000000, 1.000000000000000000 ) ) ;
#502 = FILL_AREA_STYLE_COLOUR ( '', #8755 ) ;
#504 = STYLED_ITEM ( 'NONE', ( #11476 ), #2506 ) ;
#505 = UNCERTAINTY_MEASURE_WITH_UNIT (LENGTH_MEASURE( 1.000000000000000082E-05 ), #9823, 'distance_accuracy_value', 'NONE');
#506 = CARTESIAN_POINT ( 'NONE',  ( -0.1774300686216492284, -0.0000000000000000000, -0.5000000000000001110 ) ) ;
#507 = CARTESIAN_POINT ( 'NONE',  ( 1.099400000000000377, 0.09999999999999999167, 0.3025999999999999801 ) ) ;
#508 = ORIENTED_EDGE ( 'NONE', *, *, #3736, .F. ) ;
#509 = ADVANCED_FACE ( 'NONE', ( #2942 ), #7921, .T. ) ;
#510 = FILL_AREA_STYLE_COLOUR ( '', #5303 ) ;
#511 = PRESENTATION_STYLE_ASSIGNMENT (( #6468 ) ) ;
#512 = CYLINDRICAL_SURFACE ( 'NONE', #7101, 0.2891000000000000791 ) ;
#513 = DIRECTION ( 'NONE',  ( -0.0000000000000000000, -0.0000000000000000000, 1.000000000000000000 ) ) ;
#514 = EDGE_LOOP ( 'NONE', ( #8333, #5503, #821, #11487 ) ) ;
#515 = VECTOR ( 'NONE', #5392, 1000.000000000000000 ) ;
#516 =( LENGTH_UNIT ( ) NAMED_UNIT ( * ) SI_UNIT ( .MILLI., .METRE. ) );
#517 = DIRECTION ( 'NONE',  ( 1.000000000000000000, 0.0000000000000000000, 0.0000000000000000000 ) ) ;
#518 = ORIENTED_EDGE ( 'NONE', *, *, #490, .F. ) ;
#519 = ORIENTED_EDGE ( 'NONE', *, *, #4934, .F. ) ;
#520 =( LENGTH_UNIT ( ) NAMED_UNIT ( * ) SI_UNIT ( .MILLI., .METRE. ) );
#521 = CARTESIAN_POINT ( 'NONE',  ( 1.600000000000000311, 0.1000000000000000056, -0.5000000000000000000 ) ) ;
#522 = SURFACE_STYLE_FILL_AREA ( #10664 ) ;
#523 = ORIENTED_EDGE ( 'NONE', *, *, #7968, .F. ) ;
#524 = PLANE ( 'NONE',  #6344 ) ;
#525 = ADVANCED_FACE ( 'NONE', ( #10823 ), #2734, .T. ) ;
#526 = DIRECTION ( 'NONE',  ( -0.0000000000000000000, -0.0000000000000000000, -1.000000000000000000 ) ) ;
#527 = FACE_OUTER_BOUND ( 'NONE', #2018, .T. ) ;
#528 = VECTOR ( 'NONE', #7945, 1000.000000000000000 ) ;
#529 = VECTOR ( 'NONE', #12128, 1000.000000000000000 ) ;
#530 = EDGE_CURVE ( 'NONE', #3148, #8392, #7004, .T. ) ;
#531 = AXIS2_PLACEMENT_3D ( 'NONE', #972, #6850, #2915 ) ;
#532 = VERTEX_POINT ( 'NONE', #7833 ) ;
#533 = ORIENTED_EDGE ( 'NONE', *, *, #1130, .T. ) ;
#534 = PLANE ( 'NONE',  #973 ) ;
#535 = VECTOR ( 'NONE', #2150, 1000.000000000000000 ) ;
#536 = ORIENTED_EDGE ( 'NONE', *, *, #6504, .T. ) ;
#537 = PRESENTATION_LAYER_ASSIGNMENT (  '', '', ( #12683 ) ) ;
#538 =( NAMED_UNIT ( * ) PLANE_ANGLE_UNIT ( ) SI_UNIT ( $, .RADIAN. ) );
#539 = FACE_OUTER_BOUND ( 'NONE', #10367, .T. ) ;
#540 = CARTESIAN_POINT ( 'NONE',  ( 0.4797278962151925175, 0.1000000000000000056, 0.4976999999999999202 ) ) ;
#541 = ORIENTED_EDGE ( 'NONE', *, *, #10767, .T. ) ;
#542 = PRESENTATION_STYLE_ASSIGNMENT (( #9107 ) ) ;
#543 = ADVANCED_FACE ( 'NONE', ( #4351 ), #924, .F. ) ;
#544 = CARTESIAN_POINT ( 'NONE',  ( 0.7009302143396288765, 0.1000000000000000056, 0.4999999999999993339 ) ) ;
#545 = ORIENTED_EDGE ( 'NONE', *, *, #4194, .T. ) ;
#546 = DIRECTION ( 'NONE',  ( 0.0000000000000000000, 0.0000000000000000000, -1.000000000000000000 ) ) ;
#547 = VECTOR ( 'NONE', #9625, 1000.000000000000000 ) ;
#548 = DIRECTION ( 'NONE',  ( 0.0000000000000000000, 0.0000000000000000000, 1.000000000000000000 ) ) ;
#549 = CARTESIAN_POINT ( 'NONE',  ( -0.3175278962151925066, 0.1000000000000000056, 0.4870999999999999219 ) ) ;
#550 = AXIS2_PLACEMENT_3D ( 'NONE', #645, #9527, #3570 ) ;
#551 = ORIENTED_EDGE ( 'NONE', *, *, #7457, .F. ) ;
#553 =( NAMED_UNIT ( * ) SI_UNIT ( $, .STERADIAN. ) SOLID_ANGLE_UNIT ( ) );
#552 =( LENGTH_UNIT ( ) NAMED_UNIT ( * ) SI_UNIT ( .MILLI., .METRE. ) );
#554 = CIRCLE ( 'NONE', #3646, 0.01500217240645653274 ) ;
#555 = COLOUR_RGB ( '',0.9686274509803921573, 0.8784313725490195957, 0.5999999999999999778 ) ;
#556 = MECHANICAL_DESIGN_GEOMETRIC_PRESENTATION_REPRESENTATION (  '', ( #12052 ), #1226 ) ;
#557 = DIRECTION ( 'NONE',  ( 0.0000000000000000000, 0.0000000000000000000, -1.000000000000000000 ) ) ;
#558 = AXIS2_PLACEMENT_3D ( 'NONE', #8610, #2652, #9572 ) ;
#559 = ORIENTED_EDGE ( 'NONE', *, *, #1177, .T. ) ;
#560 = VECTOR ( 'NONE', #8809, 1000.000000000000000 ) ;
#561 = DIRECTION ( 'NONE',  ( 1.000000000000000000, 0.0000000000000000000, 4.179009298818627440E-17 ) ) ;
#562 = DIRECTION ( 'NONE',  ( -7.556514767313164730E-17, 0.0000000000000000000, -1.000000000000000000 ) ) ;
#563 = DIRECTION ( 'NONE',  ( -0.0000000000000000000, 0.0000000000000000000, 1.000000000000000000 ) ) ;
#564 = CARTESIAN_POINT ( 'NONE',  ( 0.1005151071698142246, 0.1000000000000000056, -0.4976000000000002643 ) ) ;
#565 = VECTOR ( 'NONE', #6027, 1000.000000000000000 ) ;
#566 = DIRECTION ( 'NONE',  ( 0.0000000000000000000, 0.0000000000000000000, -1.000000000000000000 ) ) ;
#567 = CARTESIAN_POINT ( 'NONE',  ( 1.097630068621648913, 0.1000000000000000056, -0.4718000000000002192 ) ) ;
#568 = LINE ( 'NONE', #11755, #1199 ) ;
#569 = CARTESIAN_POINT ( 'NONE',  ( -1.071200000000000374, 0.0000000000000000000, 0.4567978275935431487 ) ) ;
#570 = COLOUR_RGB ( '',0.9686274509803921573, 0.8784313725490195957, 0.5999999999999999778 ) ;
#571 = FILL_AREA_STYLE ('',( #12390 ) ) ;
#572 = EDGE_CURVE ( 'NONE', #9550, #3884, #9591, .T. ) ;
#573 = EDGE_LOOP ( 'NONE', ( #2514, #856, #1735, #7890 ) ) ;
#574 = DIRECTION ( 'NONE',  ( 0.0000000000000000000, -1.000000000000000000, 0.0000000000000000000 ) ) ;
#575 = EDGE_CURVE ( 'NONE', #8477, #3358, #11923, .T. ) ;
#576 = AXIS2_PLACEMENT_3D ( 'NONE', #10833, #4954, #11851 ) ;
#577 = EDGE_LOOP ( 'NONE', ( #10017, #9369, #6806, #2220 ) ) ;
#578 = CARTESIAN_POINT ( 'NONE',  ( 0.6304257238087359605, 0.1000000000000000056, 0.09929999999999988836 ) ) ;
#579 = EDGE_CURVE ( 'NONE', #2154, #8091, #1718, .T. ) ;
#580 = PRESENTATION_STYLE_ASSIGNMENT (( #9051 ) ) ;
#581 = DIRECTION ( 'NONE',  ( 0.0000000000000000000, 0.0000000000000000000, -1.000000000000000000 ) ) ;
#582 = ORIENTED_EDGE ( 'NONE', *, *, #4988, .F. ) ;
#583 = CARTESIAN_POINT ( 'NONE',  ( -0.3175278962151925066, 0.1000000000000000056, 0.08429782759354324806 ) ) ;
#584 = ADVANCED_FACE ( 'NONE', ( #6696 ), #6380, .T. ) ;
#585 = FACE_OUTER_BOUND ( 'NONE', #11890, .T. ) ;
#586 = VECTOR ( 'NONE', #6096, 1000.000000000000000 ) ;
#587 =( NAMED_UNIT ( * ) PLANE_ANGLE_UNIT ( ) SI_UNIT ( $, .RADIAN. ) );
#588 = EDGE_CURVE ( 'NONE', #12194, #10864, #9004, .T. ) ;
#589 = FILL_AREA_STYLE ('',( #11413 ) ) ;
#590 = DIRECTION ( 'NONE',  ( 1.000000000000000000, 0.0000000000000000000, -0.0000000000000000000 ) ) ;
#591 =( NAMED_UNIT ( * ) SI_UNIT ( $, .STERADIAN. ) SOLID_ANGLE_UNIT ( ) );
#592 = DIRECTION ( 'NONE',  ( -0.0000000000000000000, -1.000000000000000000, -0.0000000000000000000 ) ) ;
#593 = CIRCLE ( 'NONE', #12252, 0.2891000000000000236 ) ;
#594 = CIRCLE ( 'NONE', #51, 0.3000999999999999779 ) ;
#595 = ORIENTED_EDGE ( 'NONE', *, *, #12717, .F. ) ;
#596 = VERTEX_POINT ( 'NONE', #5938 ) ;
#597 = VECTOR ( 'NONE', #5848, 1000.000000000000000 ) ;
#598 = DIRECTION ( 'NONE',  ( 0.0000000000000000000, 0.0000000000000000000, 1.000000000000000000 ) ) ;
#599 = ORIENTED_EDGE ( 'NONE', *, *, #4176, .F. ) ;
#600 = VECTOR ( 'NONE', #5655, 1000.000000000000000 ) ;
#601 = VERTEX_POINT ( 'NONE', #1986 ) ;
#602 = DIRECTION ( 'NONE',  ( -0.7071067811865474617, 0.0000000000000000000, -0.7071067811865474617 ) ) ;
#603 = DIRECTION ( 'NONE',  ( 0.0000000000000000000, -1.000000000000000000, 0.0000000000000000000 ) ) ;
#604 = CARTESIAN_POINT ( 'NONE',  ( 1.099400000000000377, 0.09999999999999999167, -0.3025999999999999801 ) ) ;
#605 = VERTEX_POINT ( 'NONE', #8 ) ;
#606 = SURFACE_STYLE_USAGE ( .BOTH. , #6541 ) ;
#607 = CARTESIAN_POINT ( 'NONE',  ( -1.600000000000000311, 0.5000000000000000000, 0.2990000000000000990 ) ) ;
#608 = AXIS2_PLACEMENT_3D ( 'NONE', #10230, #11238, #5338 ) ;
#609 = FACE_OUTER_BOUND ( 'NONE', #342, .T. ) ;
#610 = CARTESIAN_POINT ( 'NONE',  ( 0.3325300686216492441, 0.0000000000000000000, -0.1017000000000001098 ) ) ;
#611 = FACE_OUTER_BOUND ( 'NONE', #8813, .T. ) ;
#612 = ADVANCED_FACE ( 'NONE', ( #3737 ), #11280, .F. ) ;
#613 = ORIENTED_EDGE ( 'NONE', *, *, #12079, .T. ) ;
#614 = EDGE_CURVE ( 'NONE', #4128, #5427, #1127, .T. ) ;
#615 = DIRECTION ( 'NONE',  ( 0.0000000000000000000, 0.0000000000000000000, 1.000000000000000000 ) ) ;
#616 = COLOUR_RGB ( '',0.9686274509803921573, 0.8784313725490195957, 0.5999999999999999778 ) ;
#617 = CARTESIAN_POINT ( 'NONE',  ( 1.600000000000000311, 0.5000000000000000000, 0.2990000000000000990 ) ) ;
#618 = VERTEX_POINT ( 'NONE', #8274 ) ;
#619 = CARTESIAN_POINT ( 'NONE',  ( -0.3325300686216490220, 0.1000000000000000056, -0.08669782759354358048 ) ) ;
#620 = CARTESIAN_POINT ( 'NONE',  ( 0.1774300686216490897, 0.1000000000000000056, -0.4849978275935437066 ) ) ;
#621 = VERTEX_POINT ( 'NONE', #3337 ) ;
#622 = AXIS2_PLACEMENT_3D ( 'NONE', #6955, #1039, #7936 ) ;
#623 = ORIENTED_EDGE ( 'NONE', *, *, #10389, .F. ) ;
#624 = FACE_OUTER_BOUND ( 'NONE', #8682, .T. ) ;
#625 = EDGE_CURVE ( 'NONE', #4128, #10946, #11600, .T. ) ;
#626 =( NAMED_UNIT ( * ) PLANE_ANGLE_UNIT ( ) SI_UNIT ( $, .RADIAN. ) );
#627 = CARTESIAN_POINT ( 'NONE',  ( -1.599999999999999867, 0.09999999999999999167, 0.5000000000000000000 ) ) ;
#628 = SURFACE_SIDE_STYLE ('',( #4688 ) ) ;
#629 = ORIENTED_EDGE ( 'NONE', *, *, #5363, .F. ) ;
#630 = ORIENTED_EDGE ( 'NONE', *, *, #10822, .F. ) ;
#631 = DIRECTION ( 'NONE',  ( 0.0000000000000000000, -1.000000000000000000, 0.0000000000000000000 ) ) ;
#632 = CARTESIAN_POINT ( 'NONE',  ( -1.599999999999999867, 0.09999999999999999167, 0.5000000000000000000 ) ) ;
#633 = MECHANICAL_DESIGN_GEOMETRIC_PRESENTATION_REPRESENTATION (  '', ( #11445 ), #1287 ) ;
#634 = VERTEX_POINT ( 'NONE', #5329 ) ;
#635 = FACE_OUTER_BOUND ( 'NONE', #8168, .T. ) ;
#636 = DIRECTION ( 'NONE',  ( 0.0000000000000000000, 0.0000000000000000000, -1.000000000000000000 ) ) ;
#637 = LINE ( 'NONE', #12446, #2927 ) ;
#638 = PRESENTATION_LAYER_ASSIGNMENT (  '', '', ( #12768 ) ) ;
#639 = CARTESIAN_POINT ( 'NONE',  ( 0.6304257238087359605, 0.0000000000000000000, 0.09929999999999988836 ) ) ;
#640 = CARTESIAN_POINT ( 'NONE',  ( -0.4691278962151925191, 0.1000000000000000056, 0.4870999999999999219 ) ) ;
#641 = SURFACE_SIDE_STYLE ('',( #6026 ) ) ;
#642 =( LENGTH_UNIT ( ) NAMED_UNIT ( * ) SI_UNIT ( .MILLI., .METRE. ) );
#643 = EDGE_CURVE ( 'NONE', #3941, #3868, #6074, .T. ) ;
#644 = ORIENTED_EDGE ( 'NONE', *, *, #6433, .T. ) ;
#645 = CARTESIAN_POINT ( 'NONE',  ( -1.285174339670224430, 0.1000000000000000056, -0.4868021724064567901 ) ) ;
#646 = ORIENTED_EDGE ( 'NONE', *, *, #11949, .T. ) ;
#647 = LINE ( 'NONE', #6947, #316 ) ;
#648 = ORIENTED_EDGE ( 'NONE', *, *, #4176, .T. ) ;
#649 = ORIENTED_EDGE ( 'NONE', *, *, #1599, .T. ) ;
#650 = LINE ( 'NONE', #3713, #3249 ) ;
#651 = CARTESIAN_POINT ( 'NONE',  ( -1.582400000000000251, 0.09999999999999999167, 0.1968000000000001137 ) ) ;
#652 = FILL_AREA_STYLE_COLOUR ( '', #10257 ) ;
#653 = AXIS2_PLACEMENT_3D ( 'NONE', #108, #7037, #1113 ) ;
#654 = ADVANCED_FACE ( 'NONE', ( #8359 ), #6347, .F. ) ;
#655 = EDGE_CURVE ( 'NONE', #2572, #7652, #800, .T. ) ;
#656 = CARTESIAN_POINT ( 'NONE',  ( -1.067625723808735883, -0.0000000000000000000, -0.2003000000000002001 ) ) ;
#657 = AXIS2_PLACEMENT_3D ( 'NONE', #12739, #2899, #9824 ) ;
#658 =( GEOMETRIC_REPRESENTATION_CONTEXT ( 3 ) GLOBAL_UNCERTAINTY_ASSIGNED_CONTEXT ( ( #5685 ) ) GLOBAL_UNIT_ASSIGNED_CONTEXT ( ( #7859, #1926, #8850 ) ) REPRESENTATION_CONTEXT ( 'NONE', 'WORKASPACE' ) );
#659 = EDGE_LOOP ( 'NONE', ( #840, #7855, #7893, #8978 ) ) ;
#660 = CARTESIAN_POINT ( 'NONE',  ( -0.3325300686216491330, 0.0000000000000000000, 0.09929999999999988836 ) ) ;
#662 =( NAMED_UNIT ( * ) SI_UNIT ( $, .STERADIAN. ) SOLID_ANGLE_UNIT ( ) );
#661 = VECTOR ( 'NONE', #10125, 1000.000000000000000 ) ;
#663 = ORIENTED_EDGE ( 'NONE', *, *, #1903, .T. ) ;
#664 = DIRECTION ( 'NONE',  ( 0.0000000000000000000, 0.0000000000000000000, -1.000000000000000000 ) ) ;
#665 = EDGE_CURVE ( 'NONE', #865, #6492, #8693, .T. ) ;
#666 =( NAMED_UNIT ( * ) PLANE_ANGLE_UNIT ( ) SI_UNIT ( $, .RADIAN. ) );
#667 = LINE ( 'NONE', #12092, #8220 ) ;
#668 = VECTOR ( 'NONE', #12109, 1000.000000000000000 ) ;
#669 = EDGE_CURVE ( 'NONE', #9323, #676, #5748, .T. ) ;
#670 = VECTOR ( 'NONE', #7674, 1000.000000000000000 ) ;
#671 = CARTESIAN_POINT ( 'NONE',  ( 0.3281278962151924494, 0.1000000000000000056, 0.4694999999999998064 ) ) ;
#672 = VERTEX_POINT ( 'NONE', #8351 ) ;
#673 = EDGE_CURVE ( 'NONE', #9799, #3214, #5416, .T. ) ;
#674 = DIRECTION ( 'NONE',  ( 0.0000000000000000000, 0.0000000000000000000, 1.000000000000000000 ) ) ;
#675 = VECTOR ( 'NONE', #3555, 1000.000000000000000 ) ;
#676 = VERTEX_POINT ( 'NONE', #3423 ) ;
#677 =( GEOMETRIC_REPRESENTATION_CONTEXT ( 3 ) GLOBAL_UNCERTAINTY_ASSIGNED_CONTEXT ( ( #3074 ) ) GLOBAL_UNIT_ASSIGNED_CONTEXT ( ( #10738, #4850, #11748 ) ) REPRESENTATION_CONTEXT ( 'NONE', 'WORKASPACE' ) );
#678 = VECTOR ( 'NONE', #12430, 1000.000000000000000 ) ;
#679 = FACE_OUTER_BOUND ( 'NONE', #1604, .T. ) ;
#680 = VECTOR ( 'NONE', #2479, 1000.000000000000000 ) ;
#681 = DIRECTION ( 'NONE',  ( -0.0000000000000000000, -1.000000000000000000, -0.0000000000000000000 ) ) ;
#682 = ADVANCED_FACE ( 'NONE', ( #1415 ), #5410, .T. ) ;
#683 = SURFACE_SIDE_STYLE ('',( #1475 ) ) ;
#684 = DIRECTION ( 'NONE',  ( 0.0000000000000000000, -1.000000000000000000, 0.0000000000000000000 ) ) ;
#685 = SURFACE_STYLE_USAGE ( .BOTH. , #6616 ) ;
#686 = DIRECTION ( 'NONE',  ( 0.0000000000000000000, 1.000000000000000000, 0.0000000000000000000 ) ) ;
#687 = LINE ( 'NONE', #12289, #10535 ) ;
#688 = PRESENTATION_STYLE_ASSIGNMENT (( #4649 ) ) ;
#689 = AXIS2_PLACEMENT_3D ( 'NONE', #3541, #5528, #12423 ) ;
#690 = ORIENTED_EDGE ( 'NONE', *, *, #157, .T. ) ;
#691 = ORIENTED_EDGE ( 'NONE', *, *, #1608, .F. ) ;
#692 = PLANE ( 'NONE',  #739 ) ;
#693 = ORIENTED_EDGE ( 'NONE', *, *, #3845, .F. ) ;
#694 = CARTESIAN_POINT ( 'NONE',  ( -1.562027896215192557, 0.0000000000000000000, -0.1857361597196679204 ) ) ;
#695 = LINE ( 'NONE', #100, #10867 ) ;
#696 = SURFACE_SIDE_STYLE ('',( #2739 ) ) ;
#697 =( NAMED_UNIT ( * ) PLANE_ANGLE_UNIT ( ) SI_UNIT ( $, .RADIAN. ) );
#698 = VERTEX_POINT ( 'NONE', #441 ) ;
#699 = SURFACE_STYLE_USAGE ( .BOTH. , #6632 ) ;
#700 = PRESENTATION_STYLE_ASSIGNMENT (( #18 ) ) ;
#701 = ORIENTED_EDGE ( 'NONE', *, *, #5618, .T. ) ;
#702 = CARTESIAN_POINT ( 'NONE',  ( 0.3352278962151925557, 0.0000000000000000000, -0.4849978275935435956 ) ) ;
#703 = EDGE_CURVE ( 'NONE', #9118, #5158, #4499, .T. ) ;
#704 = CARTESIAN_POINT ( 'NONE',  ( -1.600000000000000311, 0.5000000000000000000, 0.2074000000000001120 ) ) ;
#705 = VECTOR ( 'NONE', #8601, 1000.000000000000000 ) ;
#706 =( NAMED_UNIT ( * ) PLANE_ANGLE_UNIT ( ) SI_UNIT ( $, .RADIAN. ) );
#707 = LINE ( 'NONE', #8435, #10554 ) ;
#708 = ORIENTED_EDGE ( 'NONE', *, *, #3273, .T. ) ;
#709 = FILL_AREA_STYLE ('',( #4628 ) ) ;
#710 = ORIENTED_EDGE ( 'NONE', *, *, #9255, .F. ) ;
#711 = LINE ( 'NONE', #3987, #5644 ) ;
#712 = EDGE_LOOP ( 'NONE', ( #8096, #2470, #8062, #9413 ) ) ;
#713 = ORIENTED_EDGE ( 'NONE', *, *, #11706, .F. ) ;
#714 = CARTESIAN_POINT ( 'NONE',  ( -1.021700000000000497, 0.1000000000000000056, 0.4999999999999997780 ) ) ;
#715 = PRESENTATION_LAYER_ASSIGNMENT (  '', '', ( #47 ) ) ;
#716 = ORIENTED_EDGE ( 'NONE', *, *, #6618, .F. ) ;
#717 = ORIENTED_EDGE ( 'NONE', *, *, #7060, .T. ) ;
#718 = DIRECTION ( 'NONE',  ( 0.0000000000000000000, -1.000000000000000000, 0.0000000000000000000 ) ) ;
#719 = CYLINDRICAL_SURFACE ( 'NONE', #12398, 0.01500217240645655876 ) ;
#720 = LINE ( 'NONE', #1982, #10889 ) ;
#721 = EDGE_CURVE ( 'NONE', #3819, #4868, #1875, .T. ) ;
#722 = AXIS2_PLACEMENT_3D ( 'NONE', #1542, #7432, #8459 ) ;
#723 = DIRECTION ( 'NONE',  ( 0.0000000000000000000, 1.000000000000000000, 0.0000000000000000000 ) ) ;
#724 = SURFACE_SIDE_STYLE ('',( #9904 ) ) ;
#725 =( GEOMETRIC_REPRESENTATION_CONTEXT ( 3 ) GLOBAL_UNCERTAINTY_ASSIGNED_CONTEXT ( ( #4484 ) ) GLOBAL_UNIT_ASSIGNED_CONTEXT ( ( #11612, #5710, #12596 ) ) REPRESENTATION_CONTEXT ( 'NONE', 'WORKASPACE' ) );
#726 =( NAMED_UNIT ( * ) PLANE_ANGLE_UNIT ( ) SI_UNIT ( $, .RADIAN. ) );
#727 = VERTEX_POINT ( 'NONE', #4464 ) ;
#728 = CYLINDRICAL_SURFACE ( 'NONE', #8611, 0.3000999999999999779 ) ;
#729 = ADVANCED_FACE ( 'NONE', ( #6838 ), #1527, .T. ) ;
#730 = LINE ( 'NONE', #493, #3014 ) ;
#731 =( LENGTH_UNIT ( ) NAMED_UNIT ( * ) SI_UNIT ( .MILLI., .METRE. ) );
#732 = CARTESIAN_POINT ( 'NONE',  ( -1.071200000000000374, 0.1000000000000000056, 0.1166021724064564002 ) ) ;
#733 = VECTOR ( 'NONE', #1503, 1000.000000000000000 ) ;
#734 = PRESENTATION_STYLE_ASSIGNMENT (( #5569 ) ) ;
#735 = FACE_OUTER_BOUND ( 'NONE', #10965, .T. ) ;
#736 = ORIENTED_EDGE ( 'NONE', *, *, #6844, .T. ) ;
#737 = FILL_AREA_STYLE ('',( #10443 ) ) ;
#738 = FACE_OUTER_BOUND ( 'NONE', #4862, .T. ) ;
#739 = AXIS2_PLACEMENT_3D ( 'NONE', #1676, #8600, #2642 ) ;
#740 =( NAMED_UNIT ( * ) PLANE_ANGLE_UNIT ( ) SI_UNIT ( $, .RADIAN. ) );
#741 = ORIENTED_EDGE ( 'NONE', *, *, #4545, .F. ) ;
#742 = FILL_AREA_STYLE_COLOUR ( '', #10295 ) ;
#743 = FILL_AREA_STYLE_COLOUR ( '', #11991 ) ;
#744 = SURFACE_STYLE_USAGE ( .BOTH. , #6672 ) ;
#745 = CARTESIAN_POINT ( 'NONE',  ( -0.1774300686216491452, 0.1000000000000000056, -0.4849978275935435956 ) ) ;
#746 = ADVANCED_FACE ( 'NONE', ( #1560 ), #8199, .T. ) ;
#747 = FILL_AREA_STYLE_COLOUR ( '', #4084 ) ;
#748 = CARTESIAN_POINT ( 'NONE',  ( -1.316595130599349295, 0.09999999999999999167, -0.4012999999999999901 ) ) ;
#749 = ORIENTED_EDGE ( 'NONE', *, *, #6063, .T. ) ;
#750 = COLOUR_RGB ( '',0.8941176470588234615, 0.9137254901960784048, 0.9294117647058823817 ) ;
#751 = EDGE_CURVE ( 'NONE', #7652, #1873, #10807, .T. ) ;
#752 = EDGE_CURVE ( 'NONE', #11398, #4766, #637, .T. ) ;
#753 = AXIS2_PLACEMENT_3D ( 'NONE', #4886, #4, #6931 ) ;
#754 = VERTEX_POINT ( 'NONE', #4558 ) ;
#755 = COLOUR_RGB ( '',1.000000000000000000, 1.000000000000000000, 1.000000000000000000 ) ;
#756 = CARTESIAN_POINT ( 'NONE',  ( 1.600000000000000311, 0.09999999999999999167, 0.5000000000000000000 ) ) ;
#757 = EDGE_CURVE ( 'NONE', #4186, #4738, #5570, .T. ) ;
#758 = CARTESIAN_POINT ( 'NONE',  ( 0.3352278962151924446, 0.1000000000000000056, -0.2153021724064569098 ) ) ;
#759 = LINE ( 'NONE', #12618, #10929 ) ;
#760 = CARTESIAN_POINT ( 'NONE',  ( 0.7009302143396288765, 0.1000000000000000056, 0.4999999999999993339 ) ) ;
#761 = VERTEX_POINT ( 'NONE', #11508 ) ;
#762 = VECTOR ( 'NONE', #10421, 1000.000000000000000 ) ;
#763 = PRESENTATION_LAYER_ASSIGNMENT (  '', '', ( #109 ) ) ;
#764 = PLANE ( 'NONE',  #1050 ) ;
#765 = VERTEX_POINT ( 'NONE', #6621 ) ;
#766 = ORIENTED_EDGE ( 'NONE', *, *, #10103, .T. ) ;
#767 = PLANE ( 'NONE',  #7171 ) ;
#768 = CARTESIAN_POINT ( 'NONE',  ( 0.3202257238087360403, 0.0000000000000000000, -0.4849978275935437066 ) ) ;
#769 = CYLINDRICAL_SURFACE ( 'NONE', #1932, 0.01500217240645653274 ) ;
#770 = LINE ( 'NONE', #10162, #5390 ) ;
#771 = DIRECTION ( 'NONE',  ( 0.0000000000000000000, -1.000000000000000000, 0.0000000000000000000 ) ) ;
#772 = ORIENTED_EDGE ( 'NONE', *, *, #11095, .T. ) ;
#773 = EDGE_LOOP ( 'NONE', ( #11172, #9892, #9170, #6369 ) ) ;
#774 = PLANE ( 'NONE',  #8958 ) ;
#775 = DIRECTION ( 'NONE',  ( -1.000000000000000000, 0.0000000000000000000, -0.0000000000000000000 ) ) ;
#776 = ADVANCED_FACE ( 'NONE', ( #5252 ), #692, .F. ) ;
#777 = FILL_AREA_STYLE_COLOUR ( '', #2169 ) ;
#778 = STYLED_ITEM ( 'NONE', ( #2569 ), #12367 ) ;
#779 = VECTOR ( 'NONE', #45, 1000.000000000000000 ) ;
#780 = CARTESIAN_POINT ( 'NONE',  ( -1.600000000000000311, 0.09999999999999999167, -0.5000000000000000000 ) ) ;
#781 = ORIENTED_EDGE ( 'NONE', *, *, #10150, .F. ) ;
#782 = CARTESIAN_POINT ( 'NONE',  ( -1.097630068621648913, -0.0000000000000000000, -0.4718000000000002192 ) ) ;
#783 = EDGE_CURVE ( 'NONE', #495, #6968, #308, .T. ) ;
#784 = DIRECTION ( 'NONE',  ( 0.0000000000000000000, 0.0000000000000000000, -1.000000000000000000 ) ) ;
#785 = ORIENTED_EDGE ( 'NONE', *, *, #1353, .F. ) ;
#786 = AXIS2_PLACEMENT_3D ( 'NONE', #4282, #11158, #5257 ) ;
#787 = LINE ( 'NONE', #1889, #5734 ) ;
#788 = DIRECTION ( 'NONE',  ( -0.0000000000000000000, -1.000000000000000000, -0.0000000000000000000 ) ) ;
#789 = CARTESIAN_POINT ( 'NONE',  ( 1.577030068621648740, 0.0000000000000000000, -0.1857361597196678926 ) ) ;
#790 = SURFACE_SIDE_STYLE ('',( #4437 ) ) ;
#791 = AXIS2_PLACEMENT_3D ( 'NONE', #7346, #4391, #11285 ) ;
#792 = VERTEX_POINT ( 'NONE', #5652 ) ;
#793 = ORIENTED_EDGE ( 'NONE', *, *, #7383, .T. ) ;
#794 = ORIENTED_EDGE ( 'NONE', *, *, #8594, .T. ) ;
#795 = DIRECTION ( 'NONE',  ( -0.7071067811865475727, 0.0000000000000000000, 0.7071067811865475727 ) ) ;
#796 = ORIENTED_EDGE ( 'NONE', *, *, #10393, .T. ) ;
#797 = CYLINDRICAL_SURFACE ( 'NONE', #2007, 0.01500217240645655876 ) ;
#798 = ORIENTED_EDGE ( 'NONE', *, *, #4299, .T. ) ;
#799 = VERTEX_POINT ( 'NONE', #4657 ) ;
#800 = CIRCLE ( 'NONE', #12461, 0.2010000000000000120 ) ;
#801 = VERTEX_POINT ( 'NONE', #12535 ) ;
#802 = DIRECTION ( 'NONE',  ( 0.0000000000000000000, 0.0000000000000000000, 1.000000000000000000 ) ) ;
#803 = FILL_AREA_STYLE ('',( #2710 ) ) ;
#804 =( NAMED_UNIT ( * ) SI_UNIT ( $, .STERADIAN. ) SOLID_ANGLE_UNIT ( ) );
#805 = AXIS2_PLACEMENT_3D ( 'NONE', #9194, #7259, #7224 ) ;
#806 = ADVANCED_FACE ( 'NONE', ( #5913 ), #11552, .T. ) ;
#807 = ORIENTED_EDGE ( 'NONE', *, *, #3415, .F. ) ;
#808 = VECTOR ( 'NONE', #7713, 1000.000000000000000 ) ;
#809 = ORIENTED_EDGE ( 'NONE', *, *, #917, .F. ) ;
#810 = UNCERTAINTY_MEASURE_WITH_UNIT (LENGTH_MEASURE( 1.000000000000000082E-05 ), #6944, 'distance_accuracy_value', 'NONE');
#811 = VECTOR ( 'NONE', #5188, 1000.000000000000000 ) ;
#812 = AXIS2_PLACEMENT_3D ( 'NONE', #12163, #6279, #335 ) ;
#813 = ORIENTED_EDGE ( 'NONE', *, *, #12782, .T. ) ;
#814 =( NAMED_UNIT ( * ) PLANE_ANGLE_UNIT ( ) SI_UNIT ( $, .RADIAN. ) );
#815 = CARTESIAN_POINT ( 'NONE',  ( -1.553297827593543845, 0.1000000000000000056, 0.1015999999999996489 ) ) ;
#816 = CARTESIAN_POINT ( 'NONE',  ( -1.571800000000000308, 0.09999999999999999167, 0.1862000000000001432 ) ) ;
#817 = DIRECTION ( 'NONE',  ( 0.0000000000000000000, -1.000000000000000000, 0.0000000000000000000 ) ) ;
#818 = PRESENTATION_LAYER_ASSIGNMENT (  '', '', ( #143 ) ) ;
#819 =( LENGTH_UNIT ( ) NAMED_UNIT ( * ) SI_UNIT ( .MILLI., .METRE. ) );
#820 = CARTESIAN_POINT ( 'NONE',  ( -1.399000000000000243, 0.09999999999999999167, -0.5000000000000002220 ) ) ;
#821 = ORIENTED_EDGE ( 'NONE', *, *, #10435, .T. ) ;
#822 = SURFACE_STYLE_USAGE ( .BOTH. , #6757 ) ;
#823 =( NAMED_UNIT ( * ) SI_UNIT ( $, .STERADIAN. ) SOLID_ANGLE_UNIT ( ) );
#825 = ORIENTED_EDGE ( 'NONE', *, *, #4251, .F. ) ;
#824 = CARTESIAN_POINT ( 'NONE',  ( -1.600000000000000311, 0.0000000000000000000, 0.4999999999999995559 ) ) ;
#826 = EDGE_CURVE ( 'NONE', #3600, #10382, #2612, .T. ) ;
#827 = CIRCLE ( 'NONE', #6668, 0.01500217240645658652 ) ;
#828 = CARTESIAN_POINT ( 'NONE',  ( 1.097630068621648913, 0.1000000000000000056, -0.4567978275935437038 ) ) ;
#829 = AXIS2_PLACEMENT_3D ( 'NONE', #6853, #9802, #3898 ) ;
#830 = AXIS2_PLACEMENT_3D ( 'NONE', #1662, #8577, #2628 ) ;
#831 = DIRECTION ( 'NONE',  ( 0.0000000000000000000, 0.0000000000000000000, 1.000000000000000000 ) ) ;
#832 = CARTESIAN_POINT ( 'NONE',  ( -1.086202172406457001, 0.0000000000000000000, 0.4717999999999998306 ) ) ;
#833 = CARTESIAN_POINT ( 'NONE',  ( -1.067625723808735883, -0.0000000000000000000, -0.2003000000000002001 ) ) ;
#834 = DIRECTION ( 'NONE',  ( 0.0000000000000000000, -1.000000000000000000, 0.0000000000000000000 ) ) ;
#835 = EDGE_CURVE ( 'NONE', #4716, #8026, #9283, .T. ) ;
#836 = DIRECTION ( 'NONE',  ( 0.0000000000000000000, 0.0000000000000000000, -1.000000000000000000 ) ) ;
#837 = ORIENTED_EDGE ( 'NONE', *, *, #7088, .T. ) ;
#838 = LINE ( 'NONE', #1470, #3442 ) ;
#839 = DIRECTION ( 'NONE',  ( -1.000000000000000000, 0.0000000000000000000, 0.0000000000000000000 ) ) ;
#840 = ORIENTED_EDGE ( 'NONE', *, *, #7535, .T. ) ;
#841 = VECTOR ( 'NONE', #10206, 1000.000000000000000 ) ;
#842 = CARTESIAN_POINT ( 'NONE',  ( 1.562027896215192557, 0.1000000000000000056, -0.1167021724064567917 ) ) ;
#843 = EDGE_CURVE ( 'NONE', #10491, #8589, #24, .T. ) ;
#844 = CARTESIAN_POINT ( 'NONE',  ( 1.099400000000000377, 0.5000000000000000000, -0.3025999999999999801 ) ) ;
#845 = DIRECTION ( 'NONE',  ( 0.0000000000000000000, 0.0000000000000000000, 1.000000000000000000 ) ) ;
#846 = VECTOR ( 'NONE', #8122, 1000.000000000000000 ) ;
#847 = CARTESIAN_POINT ( 'NONE',  ( 0.0000000000000000000, 0.1000000000000000056, 0.0000000000000000000 ) ) ;
#848 = ORIENTED_EDGE ( 'NONE', *, *, #7623, .F. ) ;
#849 = DIRECTION ( 'NONE',  ( -1.000000000000000000, -0.0000000000000000000, -0.0000000000000000000 ) ) ;
#850 = ADVANCED_FACE ( 'NONE', ( #11909 ), #6362, .F. ) ;
#851 = AXIS2_PLACEMENT_3D ( 'NONE', #8420, #10315, #7473 ) ;
#852 = LINE ( 'NONE', #167, #5796 ) ;
#853 = FACE_OUTER_BOUND ( 'NONE', #5115, .T. ) ;
#854 = LINE ( 'NONE', #11119, #529 ) ;
#855 = SURFACE_STYLE_FILL_AREA ( #1494 ) ;
#856 = ORIENTED_EDGE ( 'NONE', *, *, #1570, .F. ) ;
#857 =( NAMED_UNIT ( * ) PLANE_ANGLE_UNIT ( ) SI_UNIT ( $, .RADIAN. ) );
#858 = ORIENTED_EDGE ( 'NONE', *, *, #3517, .F. ) ;
#859 = CARTESIAN_POINT ( 'NONE',  ( 0.1624278962151925743, 0.0000000000000000000, -0.4849978275935435956 ) ) ;
#860 = LINE ( 'NONE', #3129, #8111 ) ;
#861 = UNCERTAINTY_MEASURE_WITH_UNIT (LENGTH_MEASURE( 1.000000000000000082E-05 ), #2720, 'distance_accuracy_value', 'NONE');
#862 = CARTESIAN_POINT ( 'NONE',  ( -1.097630068621648913, 0.1000000000000000056, -0.4718000000000002192 ) ) ;
#863 = ORIENTED_EDGE ( 'NONE', *, *, #8787, .T. ) ;
#864 = CYLINDRICAL_SURFACE ( 'NONE', #9074, 0.01500217240645647723 ) ;
#865 = VERTEX_POINT ( 'NONE', #6713 ) ;
#866 = CARTESIAN_POINT ( 'NONE',  ( 0.3502300686216489600, 0.1000000000000000056, -0.2153021724064567988 ) ) ;
#867 = CIRCLE ( 'NONE', #8034, 0.01500217240645653274 ) ;
#868 = STYLED_ITEM ( 'NONE', ( #9424 ), #11737 ) ;
#869 = EDGE_CURVE ( 'NONE', #12501, #11081, #6682, .T. ) ;
#870 = DIRECTION ( 'NONE',  ( 0.0000000000000000000, -1.000000000000000000, 0.0000000000000000000 ) ) ;
#871 = VERTEX_POINT ( 'NONE', #9700 ) ;
#872 = LINE ( 'NONE', #12554, #5822 ) ;
#873 = CARTESIAN_POINT ( 'NONE',  ( 1.600000000000000311, 0.09999999999999999167, 0.5000000000000000000 ) ) ;
#874 = CARTESIAN_POINT ( 'NONE',  ( -0.3202257238087360403, 0.1000000000000000056, -0.4849978275935437066 ) ) ;
#875 = CARTESIAN_POINT ( 'NONE',  ( -1.600000000000000311, 0.09999999999999999167, 0.2990000000000000990 ) ) ;
#876 = SURFACE_STYLE_USAGE ( .BOTH. , #6797 ) ;
#877 = EDGE_CURVE ( 'NONE', #10077, #10564, #1398, .T. ) ;
#878 = ORIENTED_EDGE ( 'NONE', *, *, #12504, .T. ) ;
#879 = PLANE ( 'NONE',  #11524 ) ;
#880 = ADVANCED_FACE ( 'NONE', ( #1112 ), #4788, .F. ) ;
#881 =( NAMED_UNIT ( * ) SI_UNIT ( $, .STERADIAN. ) SOLID_ANGLE_UNIT ( ) );
#882 = DIRECTION ( 'NONE',  ( -1.000000000000000000, 0.0000000000000000000, -0.0000000000000000000 ) ) ;
#883 = LINE ( 'NONE', #3902, #6133 ) ;
#884 = CARTESIAN_POINT ( 'NONE',  ( -0.3175278962151925066, 0.1000000000000000056, 0.4800999999999999157 ) ) ;
#885 = CARTESIAN_POINT ( 'NONE',  ( -0.6454278962151924759, 0.1000000000000000056, 0.4826978275935432383 ) ) ;
#886 = EDGE_CURVE ( 'NONE', #5425, #4883, #8676, .T. ) ;
#887 = ORIENTED_EDGE ( 'NONE', *, *, #11041, .F. ) ;
#888 = FACE_OUTER_BOUND ( 'NONE', #7503, .T. ) ;
#889 = EDGE_LOOP ( 'NONE', ( #2145, #5480, #3011, #4978 ) ) ;
#890 = EDGE_CURVE ( 'NONE', #1624, #8395, #11586, .T. ) ;
#891 = PRESENTATION_LAYER_ASSIGNMENT (  '', '', ( #11707 ) ) ;
#892 = ORIENTED_EDGE ( 'NONE', *, *, #2573, .T. ) ;
#893 = CARTESIAN_POINT ( 'NONE',  ( -0.4691278962151925191, 0.0000000000000000000, 0.4870999999999999219 ) ) ;
#894 = LINE ( 'NONE', #6822, #8451 ) ;
#895 = LINE ( 'NONE', #3407, #8452 ) ;
#896 = CARTESIAN_POINT ( 'NONE',  ( -0.3202257238087359292, 0.1000000000000000056, -0.5000000000000002220 ) ) ;
#897 = CARTESIAN_POINT ( 'NONE',  ( 1.600000000000000311, 0.5000000000000000000, 0.1999000000000000221 ) ) ;
#898 = CARTESIAN_POINT ( 'NONE',  ( 1.600000000000000311, 0.09999999999999999167, 0.1999000000000000221 ) ) ;
#899 = EDGE_CURVE ( 'NONE', #4551, #6678, #6057, .T. ) ;
#900 = ORIENTED_EDGE ( 'NONE', *, *, #12478, .T. ) ;
#901 = LINE ( 'NONE', #544, #11052 ) ;
#902 = ORIENTED_EDGE ( 'NONE', *, *, #2196, .F. ) ;
#903 = CARTESIAN_POINT ( 'NONE',  ( 1.086202172406457001, 0.1000000000000000056, 0.1166021724064565668 ) ) ;
#904 =( NAMED_UNIT ( * ) PLANE_ANGLE_UNIT ( ) SI_UNIT ( $, .RADIAN. ) );
#905 = VECTOR ( 'NONE', #142, 1000.000000000000000 ) ;
#906 = PLANE ( 'NONE',  #2609 ) ;
#907 = ORIENTED_EDGE ( 'NONE', *, *, #8346, .F. ) ;
#908 = AXIS2_PLACEMENT_3D ( 'NONE', #10569, #6608, #11575 ) ;
#909 = EDGE_CURVE ( 'NONE', #1461, #9130, #787, .T. ) ;
#910 = CARTESIAN_POINT ( 'NONE',  ( -1.600000000000000311, 0.0000000000000000000, 0.2108999999999995878 ) ) ;
#911 = LINE ( 'NONE', #5701, #262 ) ;
#912 = LINE ( 'NONE', #2111, #3190 ) ;
#913 =( GEOMETRIC_REPRESENTATION_CONTEXT ( 3 ) GLOBAL_UNCERTAINTY_ASSIGNED_CONTEXT ( ( #11882 ) ) GLOBAL_UNIT_ASSIGNED_CONTEXT ( ( #5640, #12529, #6663 ) ) REPRESENTATION_CONTEXT ( 'NONE', 'WORKASPACE' ) );
#914 = STYLED_ITEM ( 'NONE', ( #1106 ), #4534 ) ;
#915 = DIRECTION ( 'NONE',  ( -0.0000000000000000000, -1.000000000000000000, -0.0000000000000000000 ) ) ;
#916 = UNCERTAINTY_MEASURE_WITH_UNIT (LENGTH_MEASURE( 1.000000000000000082E-05 ), #6526, 'distance_accuracy_value', 'NONE');
#917 = EDGE_CURVE ( 'NONE', #4914, #9118, #8343, .T. ) ;
#918 = CARTESIAN_POINT ( 'NONE',  ( 1.021730214339628739, 0.1000000000000000056, 0.4999999999999993339 ) ) ;
#919 = FACE_OUTER_BOUND ( 'NONE', #10765, .T. ) ;
#920 = ADVANCED_FACE ( 'NONE', ( #11266 ), #2864, .T. ) ;
#921 = DIRECTION ( 'NONE',  ( 0.0000000000000000000, 0.0000000000000000000, 1.000000000000000000 ) ) ;
#922 = SURFACE_SIDE_STYLE ('',( #7589 ) ) ;
#923 = EDGE_LOOP ( 'NONE', ( #7538, #4953, #6051, #559 ) ) ;
#924 = PLANE ( 'NONE',  #11814 ) ;
#925 =( LENGTH_UNIT ( ) NAMED_UNIT ( * ) SI_UNIT ( .MILLI., .METRE. ) );
#926 = VECTOR ( 'NONE', #7788, 1000.000000000000000 ) ;
#927 = ORIENTED_EDGE ( 'NONE', *, *, #4212, .F. ) ;
#928 = DIRECTION ( 'NONE',  ( -0.7071067811865474617, -0.0000000000000000000, -0.7071067811865474617 ) ) ;
#929 = LINE ( 'NONE', #12589, #3533 ) ;
#930 = ORIENTED_EDGE ( 'NONE', *, *, #3296, .T. ) ;
#931 = CARTESIAN_POINT ( 'NONE',  ( -1.316595130599349295, 0.09999999999999999167, -0.4012999999999999901 ) ) ;
#932 = ORIENTED_EDGE ( 'NONE', *, *, #10803, .T. ) ;
#933 = ORIENTED_EDGE ( 'NONE', *, *, #2814, .F. ) ;
#934 = EDGE_CURVE ( 'NONE', #328, #6532, #2162, .T. ) ;
#935 = CARTESIAN_POINT ( 'NONE',  ( 0.3069278962151925083, 0.1000000000000000056, 0.4976999999999998092 ) ) ;
#937 = ORIENTED_EDGE ( 'NONE', *, *, #3078, .T. ) ;
#936 = EDGE_CURVE ( 'NONE', #1907, #10555, #9738, .T. ) ;
#938 =( GEOMETRIC_REPRESENTATION_CONTEXT ( 3 ) GLOBAL_UNCERTAINTY_ASSIGNED_CONTEXT ( ( #9974 ) ) GLOBAL_UNIT_ASSIGNED_CONTEXT ( ( #12316, #6444, #494 ) ) REPRESENTATION_CONTEXT ( 'NONE', 'WORKASPACE' ) );
#939 = DIRECTION ( 'NONE',  ( -0.0000000000000000000, 0.0000000000000000000, -1.000000000000000000 ) ) ;
#940 = CYLINDRICAL_SURFACE ( 'NONE', #6769, 0.01500217240645655876 ) ;
#941 = EDGE_LOOP ( 'NONE', ( #1806, #12031, #7495, #7675 ) ) ;
#942 = DIRECTION ( 'NONE',  ( 0.0000000000000000000, 0.0000000000000000000, -1.000000000000000000 ) ) ;
#943 = EDGE_LOOP ( 'NONE', ( #11956, #11279, #7956, #8348 ) ) ;
#944 = ORIENTED_EDGE ( 'NONE', *, *, #11014, .F. ) ;
#945 = FILL_AREA_STYLE_COLOUR ( '', #11047 ) ;
#946 = DIRECTION ( 'NONE',  ( -4.843431639425975498E-16, -0.0000000000000000000, 1.000000000000000000 ) ) ;
#947 = LINE ( 'NONE', #1139, #5895 ) ;
#948 = ADVANCED_FACE ( 'NONE', ( #1861 ), #6826, .F. ) ;
#949 = AXIS2_PLACEMENT_3D ( 'NONE', #6284, #9249, #3316 ) ;
#950 = LINE ( 'NONE', #6564, #8505 ) ;
#951 = DIRECTION ( 'NONE',  ( -0.0000000000000000000, 1.000000000000000000, -0.0000000000000000000 ) ) ;
#952 = AXIS2_PLACEMENT_3D ( 'NONE', #5272, #12177, #6294 ) ;
#953 = CARTESIAN_POINT ( 'NONE',  ( 1.583302172406456876, 0.0000000000000000000, 0.1963566009016785296 ) ) ;
#954 = SURFACE_STYLE_USAGE ( .BOTH. , #6875 ) ;
#955 = VERTEX_POINT ( 'NONE', #12401 ) ;
#956 = ORIENTED_EDGE ( 'NONE', *, *, #11310, .F. ) ;
#957 = CARTESIAN_POINT ( 'NONE',  ( 0.1005151071698142801, 0.09999999999999999167, 0.5000000000000000000 ) ) ;
#958 = VECTOR ( 'NONE', #2888, 1000.000000000000000 ) ;
#959 = ORIENTED_EDGE ( 'NONE', *, *, #6129, .F. ) ;
#960 = FACE_OUTER_BOUND ( 'NONE', #11793, .T. ) ;
#961 = EDGE_CURVE ( 'NONE', #984, #5809, #9426, .T. ) ;
#962 = ORIENTED_EDGE ( 'NONE', *, *, #11351, .T. ) ;
#963 = SURFACE_STYLE_USAGE ( .BOTH. , #6883 ) ;
#964 = DIRECTION ( 'NONE',  ( -1.000000000000000000, 0.0000000000000000000, -0.0000000000000000000 ) ) ;
#965 = PLANE ( 'NONE',  #753 ) ;
#966 = CARTESIAN_POINT ( 'NONE',  ( 0.3175278962151924511, 0.0000000000000000000, 0.4800999999999998047 ) ) ;
#967 = ORIENTED_EDGE ( 'NONE', *, *, #226, .T. ) ;
#968 = CARTESIAN_POINT ( 'NONE',  ( -1.296800000000000397, 0.5000000000000000000, 0.4823999999999999955 ) ) ;
#969 =( LENGTH_UNIT ( ) NAMED_UNIT ( * ) SI_UNIT ( .MILLI., .METRE. ) );
#970 = ORIENTED_EDGE ( 'NONE', *, *, #4896, .F. ) ;
#971 = EDGE_CURVE ( 'NONE', #7010, #318, #7133, .T. ) ;
#972 = CARTESIAN_POINT ( 'NONE',  ( 1.099400000000000377, 0.09999999999999999167, 0.4012999999999999901 ) ) ;
#973 = AXIS2_PLACEMENT_3D ( 'NONE', #3509, #10387, #4510 ) ;
#974 = AXIS2_PLACEMENT_3D ( 'NONE', #10156, #4277, #11152 ) ;
#975 = ORIENTED_EDGE ( 'NONE', *, *, #11783, .T. ) ;
#976 = ORIENTED_EDGE ( 'NONE', *, *, #8032, .T. ) ;
#977 = DIRECTION ( 'NONE',  ( -0.0000000000000000000, 1.000000000000000000, -0.0000000000000000000 ) ) ;
#978 = DIRECTION ( 'NONE',  ( -1.000000000000000000, -0.0000000000000000000, -0.0000000000000000000 ) ) ;
#979 = STYLED_ITEM ( 'NONE', ( #6563 ), #3717 ) ;
#980 = DIRECTION ( 'NONE',  ( 0.0000000000000000000, 0.0000000000000000000, -1.000000000000000000 ) ) ;
#981 = ORIENTED_EDGE ( 'NONE', *, *, #6439, .F. ) ;
#982 = SURFACE_SIDE_STYLE ('',( #1566 ) ) ;
#983 = LINE ( 'NONE', #3182, #8538 ) ;
#984 = VERTEX_POINT ( 'NONE', #8489 ) ;
#985 = CARTESIAN_POINT ( 'NONE',  ( 1.600000000000000311, 0.0000000000000000000, 0.2108999999999999764 ) ) ;
#986 = CARTESIAN_POINT ( 'NONE',  ( 1.584125920840706137, 0.1000000000000000056, 0.2113361407954842952 ) ) ;
#987 = SURFACE_STYLE_USAGE ( .BOTH. , #6913 ) ;
#988 = CIRCLE ( 'NONE', #3930, 0.01500217240645655876 ) ;
#989 = CIRCLE ( 'NONE', #5253, 0.2891000000000000236 ) ;
#990 = MECHANICAL_DESIGN_GEOMETRIC_PRESENTATION_REPRESENTATION (  '', ( #12457 ), #1632 ) ;
#991 = AXIS2_PLACEMENT_3D ( 'NONE', #873, #10717, #4836 ) ;
#992 = DIRECTION ( 'NONE',  ( 1.000000000000000000, 0.0000000000000000000, -1.107775638063495441E-17 ) ) ;
#993 = CARTESIAN_POINT ( 'NONE',  ( 1.316595130599349295, 0.09999999999999999167, 0.4012999999999999901 ) ) ;
#994 = AXIS2_PLACEMENT_3D ( 'NONE', #3933, #4929, #5897 ) ;
#995 = ORIENTED_EDGE ( 'NONE', *, *, #2627, .T. ) ;
#996 = ORIENTED_EDGE ( 'NONE', *, *, #5973, .T. ) ;
#997 = LINE ( 'NONE', #4588, #11149 ) ;
#998 = FILL_AREA_STYLE ('',( #5924 ) ) ;
#999 = FILL_AREA_STYLE ('',( #11823 ) ) ;
#1000 = DIRECTION ( 'NONE',  ( 0.0000000000000000000, 0.0000000000000000000, -1.000000000000000000 ) ) ;
#1001 = EDGE_CURVE ( 'NONE', #7798, #8437, #4177, .T. ) ;
#1002 = DIRECTION ( 'NONE',  ( -1.000000000000000000, 0.0000000000000000000, 0.0000000000000000000 ) ) ;
#1003 = VECTOR ( 'NONE', #7308, 1000.000000000000000 ) ;
#1004 = EDGE_CURVE ( 'NONE', #4685, #7991, #12348, .T. ) ;
#1005 =( NAMED_UNIT ( * ) PLANE_ANGLE_UNIT ( ) SI_UNIT ( $, .RADIAN. ) );
#1006 = PRESENTATION_LAYER_ASSIGNMENT (  '', '', ( #11832 ) ) ;
#1007 = ADVANCED_FACE ( 'NONE', ( #11740 ), #9471, .T. ) ;
#1008 = LINE ( 'NONE', #5301, #3285 ) ;
#1009 = DIRECTION ( 'NONE',  ( -1.000000000000000000, -0.0000000000000000000, -4.179009298818627440E-17 ) ) ;
#1010 = COLOUR_RGB ( '',0.8941176470588234615, 0.9137254901960784048, 0.9294117647058823817 ) ;
#1011 = ORIENTED_EDGE ( 'NONE', *, *, #7950, .F. ) ;
#1012 = DIRECTION ( 'NONE',  ( -0.0000000000000000000, -1.000000000000000000, -0.0000000000000000000 ) ) ;
#1013 = ORIENTED_EDGE ( 'NONE', *, *, #3262, .F. ) ;
#1014 = VECTOR ( 'NONE', #6316, 1000.000000000000114 ) ;
#1015 = EDGE_CURVE ( 'NONE', #12342, #2361, #6515, .T. ) ;
#1016 =( NAMED_UNIT ( * ) SI_UNIT ( $, .STERADIAN. ) SOLID_ANGLE_UNIT ( ) );
#1017 = ORIENTED_EDGE ( 'NONE', *, *, #10062, .F. ) ;
#1018 = CARTESIAN_POINT ( 'NONE',  ( 1.067625723808735883, 0.1000000000000000056, -0.2153021724064567433 ) ) ;
#1019 = LINE ( 'NONE', #1103, #5971 ) ;
#1020 = ORIENTED_EDGE ( 'NONE', *, *, #7888, .T. ) ;
#1021 =( NAMED_UNIT ( * ) PLANE_ANGLE_UNIT ( ) SI_UNIT ( $, .RADIAN. ) );
#1023 = LINE ( 'NONE', #3903, #11171 ) ;
#1022 = DIRECTION ( 'NONE',  ( 0.0000000000000000000, 1.000000000000000000, 0.0000000000000000000 ) ) ;
#1024 = VERTEX_POINT ( 'NONE', #5589 ) ;
#1026 = CARTESIAN_POINT ( 'NONE',  ( 1.099400000000000377, 0.5000000000000000000, -0.3025999999999999801 ) ) ;
#1025 = VECTOR ( 'NONE', #8508, 1000.000000000000000 ) ;
#1027 = EDGE_CURVE ( 'NONE', #6171, #12044, #6193, .T. ) ;
#1028 = LINE ( 'NONE', #6382, #11178 ) ;
#1029 = ORIENTED_EDGE ( 'NONE', *, *, #11030, .F. ) ;
#1030 = CARTESIAN_POINT ( 'NONE',  ( 1.296184350947589881, 0.1000000000000000056, 0.4868021724064565681 ) ) ;
#1031 = DIRECTION ( 'NONE',  ( 1.000000000000000000, 0.0000000000000000000, 0.0000000000000000000 ) ) ;
#1032 = ORIENTED_EDGE ( 'NONE', *, *, #5664, .T. ) ;
#1033 = AXIS2_PLACEMENT_3D ( 'NONE', #10947, #4077, #3047 ) ;
#1034 = FACE_OUTER_BOUND ( 'NONE', #11716, .T. ) ;
#1035 = DIRECTION ( 'NONE',  ( -1.000000000000000000, 0.0000000000000000000, -7.556514767313164730E-17 ) ) ;
#1036 = ORIENTED_EDGE ( 'NONE', *, *, #6214, .T. ) ;
#1037 = FILL_AREA_STYLE_COLOUR ( '', #2130 ) ;
#1038 = ORIENTED_EDGE ( 'NONE', *, *, #3071, .T. ) ;
#1039 = DIRECTION ( 'NONE',  ( 0.0000000000000000000, -1.000000000000000000, 0.0000000000000000000 ) ) ;
#1040 = ORIENTED_EDGE ( 'NONE', *, *, #1171, .T. ) ;
#1041 = COLOUR_RGB ( '',0.9686274509803921573, 0.8784313725490195957, 0.5999999999999999778 ) ;
#1042 = FACE_OUTER_BOUND ( 'NONE', #10643, .T. ) ;
#1043 = FILL_AREA_STYLE_COLOUR ( '', #6106 ) ;
#1044 = CARTESIAN_POINT ( 'NONE',  ( 1.553297827593543845, 0.1000000000000000056, 0.1166021724064565668 ) ) ;
#1045 =( NAMED_UNIT ( * ) SI_UNIT ( $, .STERADIAN. ) SOLID_ANGLE_UNIT ( ) );
#1046 = ORIENTED_EDGE ( 'NONE', *, *, #1912, .T. ) ;
#1047 = VECTOR ( 'NONE', #10329, 1000.000000000000000 ) ;
#1048 = CARTESIAN_POINT ( 'NONE',  ( -0.7009000000000003006, 0.0000000000000000000, 0.4999999999999997780 ) ) ;
#1049 = LINE ( 'NONE', #2714, #10897 ) ;
#1050 = AXIS2_PLACEMENT_3D ( 'NONE', #4743, #11635, #5736 ) ;
#1051 = EDGE_CURVE ( 'NONE', #10692, #7100, #1245, .T. ) ;
#1052 = CIRCLE ( 'NONE', #4548, 0.3001000000000000334 ) ;
#1053 = LINE ( 'NONE', #4540, #6004 ) ;
#1054 = CARTESIAN_POINT ( 'NONE',  ( -0.7009000000000000785, 0.0000000000000000000, 0.05229999999999980498 ) ) ;
#1055 = FILL_AREA_STYLE_COLOUR ( '', #3008 ) ;
#1056 = PRESENTATION_LAYER_ASSIGNMENT (  '', '', ( #351 ) ) ;
#1057 = DIRECTION ( 'NONE',  ( 0.0000000000000000000, 0.0000000000000000000, -1.000000000000000000 ) ) ;
#1058 = CARTESIAN_POINT ( 'NONE',  ( -1.099400000000000377, 0.5000000000000000000, -0.3025999999999999801 ) ) ;
#1059 = EDGE_CURVE ( 'NONE', #1497, #12004, #950, .T. ) ;
#1060 =( LENGTH_UNIT ( ) NAMED_UNIT ( * ) SI_UNIT ( .MILLI., .METRE. ) );
#1061 = DIRECTION ( 'NONE',  ( 0.0000000000000000000, -1.000000000000000000, 0.0000000000000000000 ) ) ;
#1062 = VERTEX_POINT ( 'NONE', #8581 ) ;
#1063 = VECTOR ( 'NONE', #5630, 1000.000000000000000 ) ;
#1064 = VECTOR ( 'NONE', #11080, 1000.000000000000114 ) ;
#1065 = EDGE_LOOP ( 'NONE', ( #4054, #1760, #6365, #4199 ) ) ;
#1066 = PLANE ( 'NONE',  #6356 ) ;
#1067 = LINE ( 'NONE', #7207, #11221 ) ;
#1068 = DIRECTION ( 'NONE',  ( -0.0000000000000000000, -0.0000000000000000000, 1.000000000000000000 ) ) ;
#1069 = SURFACE_SIDE_STYLE ('',( #9307 ) ) ;
#1070 = PRESENTATION_LAYER_ASSIGNMENT (  '', '', ( #12524 ) ) ;
#1071 = PRESENTATION_LAYER_ASSIGNMENT (  '', '', ( #1707 ) ) ;
#1072 = FILL_AREA_STYLE_COLOUR ( '', #3710 ) ;
#1073 = CARTESIAN_POINT ( 'NONE',  ( -0.4585278962151925208, 0.0000000000000000000, 0.4694999999999999174 ) ) ;
#1074 = ORIENTED_EDGE ( 'NONE', *, *, #6981, .F. ) ;
#1075 = SURFACE_SIDE_STYLE ('',( #7397 ) ) ;
#1076 = LINE ( 'NONE', #3911, #6022 ) ;
#1077 = AXIS2_PLACEMENT_3D ( 'NONE', #2039, #8963, #3010 ) ;
#1078 = ORIENTED_EDGE ( 'NONE', *, *, #5488, .T. ) ;
#1079 = ADVANCED_FACE ( 'NONE', ( #5901 ), #10523, .T. ) ;
#1080 = COLOUR_RGB ( '',0.8941176470588234615, 0.9137254901960784048, 0.9294117647058823817 ) ;
#1081 = CARTESIAN_POINT ( 'NONE',  ( 0.6304257238087359605, 0.1000000000000000056, 0.09929999999999988836 ) ) ;
#1082 =( NAMED_UNIT ( * ) SI_UNIT ( $, .STERADIAN. ) SOLID_ANGLE_UNIT ( ) );
#1083 = LINE ( 'NONE', #12659, #8647 ) ;
#1084 = UNCERTAINTY_MEASURE_WITH_UNIT (LENGTH_MEASURE( 1.000000000000000082E-05 ), #3145, 'distance_accuracy_value', 'NONE');
#1085 = EDGE_CURVE ( 'NONE', #10320, #2521, #2302, .T. ) ;
#1086 = SURFACE_STYLE_USAGE ( .BOTH. , #7007 ) ;
#1087 = STYLED_ITEM ( 'NONE', ( #9355 ), #8583 ) ;
#1088 = AXIS2_PLACEMENT_3D ( 'NONE', #10967, #5051, #5086 ) ;
#1089 = ORIENTED_EDGE ( 'NONE', *, *, #9620, .T. ) ;
#1090 = FACE_OUTER_BOUND ( 'NONE', #4316, .T. ) ;
#1091 = ORIENTED_EDGE ( 'NONE', *, *, #354, .F. ) ;
#1092 = EDGE_CURVE ( 'NONE', #5681, #10547, #10166, .T. ) ;
#1093 =( LENGTH_UNIT ( ) NAMED_UNIT ( * ) SI_UNIT ( .MILLI., .METRE. ) );
#1094 = UNCERTAINTY_MEASURE_WITH_UNIT (LENGTH_MEASURE( 1.000000000000000082E-05 ), #4778, 'distance_accuracy_value', 'NONE');
#1095 = SURFACE_STYLE_USAGE ( .BOTH. , #7018 ) ;
#1096 = CARTESIAN_POINT ( 'NONE',  ( -1.099400000000000377, 0.1000000000000000056, -0.4012999999999999901 ) ) ;
#1097 = LINE ( 'NONE', #4389, #11251 ) ;
#1098 = DIRECTION ( 'NONE',  ( -1.000000000000000000, 0.0000000000000000000, 0.0000000000000000000 ) ) ;
#1099 = LINE ( 'NONE', #8167, #10943 ) ;
#1100 = CARTESIAN_POINT ( 'NONE',  ( 1.021730214339628739, 0.1000000000000000056, 0.4999999999999993339 ) ) ;
#1101 = EDGE_CURVE ( 'NONE', #7798, #11761, #12493, .T. ) ;
#1102 = EDGE_LOOP ( 'NONE', ( #2119, #5066, #5092, #3142, #8602, #7912, #4417, #154 ) ) ;
#1103 = CARTESIAN_POINT ( 'NONE',  ( 0.1774300686216492007, 0.0000000000000000000, 0.4976999999999998092 ) ) ;
#1104 = ORIENTED_EDGE ( 'NONE', *, *, #7515, .F. ) ;
#1105 = AXIS2_PLACEMENT_3D ( 'NONE', #4279, #11155, #5255 ) ;
#1106 = PRESENTATION_STYLE_ASSIGNMENT (( #11929 ) ) ;
#1107 = CARTESIAN_POINT ( 'NONE',  ( 1.099999999999999423, 0.5000000000000000000, 0.5000000000000000000 ) ) ;
#1108 = LINE ( 'NONE', #9919, #5729 ) ;
#1109 = VERTEX_POINT ( 'NONE', #9641 ) ;
#1110 = UNCERTAINTY_MEASURE_WITH_UNIT (LENGTH_MEASURE( 1.000000000000000082E-05 ), #74, 'distance_accuracy_value', 'NONE');
#1111 = ORIENTED_EDGE ( 'NONE', *, *, #8188, .T. ) ;
#1112 = FACE_OUTER_BOUND ( 'NONE', #1489, .T. ) ;
#1113 = DIRECTION ( 'NONE',  ( 1.000000000000000000, 0.0000000000000000000, -0.0000000000000000000 ) ) ;
#1114 = CARTESIAN_POINT ( 'NONE',  ( -1.310900000000000176, 0.1000000000000000056, 0.4999999999999997780 ) ) ;
#1115 = VERTEX_POINT ( 'NONE', #1664 ) ;
#1116 = ORIENTED_EDGE ( 'NONE', *, *, #10138, .T. ) ;
#1117 = VERTEX_POINT ( 'NONE', #760 ) ;
#1118 = CARTESIAN_POINT ( 'NONE',  ( 1.099400000000000377, 0.09999999999999999167, 0.4012999999999999901 ) ) ;
#1119 = ORIENTED_EDGE ( 'NONE', *, *, #12175, .F. ) ;
#1120 = COLOUR_RGB ( '',0.9686274509803921573, 0.8784313725490195957, 0.5999999999999999778 ) ;
#1121 = VERTEX_POINT ( 'NONE', #8672 ) ;
#1122 =( GEOMETRIC_REPRESENTATION_CONTEXT ( 3 ) GLOBAL_UNCERTAINTY_ASSIGNED_CONTEXT ( ( #434 ) ) GLOBAL_UNIT_ASSIGNED_CONTEXT ( ( #7786, #1853, #8785 ) ) REPRESENTATION_CONTEXT ( 'NONE', 'WORKASPACE' ) );
#1123 = VECTOR ( 'NONE', #7565, 1000.000000000000000 ) ;
#1124 = ORIENTED_EDGE ( 'NONE', *, *, #3379, .F. ) ;
#1125 = DIRECTION ( 'NONE',  ( 0.0000000000000000000, 0.0000000000000000000, 1.000000000000000000 ) ) ;
#1126 = PLANE ( 'NONE',  #1441 ) ;
#1127 = LINE ( 'NONE', #6302, #2038 ) ;
#1128 = ORIENTED_EDGE ( 'NONE', *, *, #8358, .F. ) ;
#1129 = CARTESIAN_POINT ( 'NONE',  ( -0.1624278962151925743, 0.1000000000000000056, 0.4826978275935432383 ) ) ;
#1130 = EDGE_CURVE ( 'NONE', #1675, #3640, #2008, .T. ) ;
#1131 = ORIENTED_EDGE ( 'NONE', *, *, #3373, .F. ) ;
#1132 = LINE ( 'NONE', #1569, #6078 ) ;
#1133 = VECTOR ( 'NONE', #11033, 1000.000000000000000 ) ;
#1134 = ORIENTED_EDGE ( 'NONE', *, *, #2958, .T. ) ;
#1135 = CARTESIAN_POINT ( 'NONE',  ( -0.3069278962151925083, 0.1000000000000000056, 0.4976999999999999202 ) ) ;
#1136 = PLANE ( 'NONE',  #3957 ) ;
#1137 = FACE_OUTER_BOUND ( 'NONE', #5572, .T. ) ;
#1138 = CARTESIAN_POINT ( 'NONE',  ( 0.3069278962151925083, 0.1000000000000000056, 0.4976999999999998092 ) ) ;
#1139 = CARTESIAN_POINT ( 'NONE',  ( -1.600000000000000311, 0.1000000000000000056, 0.2108999999999995878 ) ) ;
#1140 = ADVANCED_FACE ( 'NONE', ( #9562 ), #3378, .T. ) ;
#1141 = EDGE_CURVE ( 'NONE', #3801, #11899, #6045, .T. ) ;
#1142 = AXIS2_PLACEMENT_3D ( 'NONE', #9374, #3454, #10332 ) ;
#1143 = PRESENTATION_LAYER_ASSIGNMENT (  '', '', ( #446 ) ) ;
#1144 =( LENGTH_UNIT ( ) NAMED_UNIT ( * ) SI_UNIT ( .MILLI., .METRE. ) );
#1145 = VECTOR ( 'NONE', #11891, 1000.000000000000000 ) ;
#1146 =( GEOMETRIC_REPRESENTATION_CONTEXT ( 3 ) GLOBAL_UNCERTAINTY_ASSIGNED_CONTEXT ( ( #11771 ) ) GLOBAL_UNIT_ASSIGNED_CONTEXT ( ( #10369, #4489, #11383 ) ) REPRESENTATION_CONTEXT ( 'NONE', 'WORKASPACE' ) );
#1147 =( GEOMETRIC_REPRESENTATION_CONTEXT ( 3 ) GLOBAL_UNCERTAINTY_ASSIGNED_CONTEXT ( ( #11204 ) ) GLOBAL_UNIT_ASSIGNED_CONTEXT ( ( #6556, #626, #7539 ) ) REPRESENTATION_CONTEXT ( 'NONE', 'WORKASPACE' ) );
#1148 = CARTESIAN_POINT ( 'NONE',  ( 1.071200000000000374, 0.1000000000000000056, 0.1166021724064566778 ) ) ;
#1149 = ORIENTED_EDGE ( 'NONE', *, *, #934, .T. ) ;
#1150 = ORIENTED_EDGE ( 'NONE', *, *, #5448, .F. ) ;
#1151 = LINE ( 'NONE', #3897, #3114 ) ;
#1152 = CARTESIAN_POINT ( 'NONE',  ( 1.097630068621648913, 0.1000000000000000056, -0.4718000000000002192 ) ) ;
#1153 = SURFACE_STYLE_FILL_AREA ( #2109 ) ;
#1154 = PLANE ( 'NONE',  #5686 ) ;
#1155 = CARTESIAN_POINT ( 'NONE',  ( 1.568300000000000249, 0.0000000000000000000, 0.1166021724064566778 ) ) ;
#1156 = CARTESIAN_POINT ( 'NONE',  ( -1.600000000000000311, 0.0000000000000000000, 0.05229999999999981192 ) ) ;
#1157 = COLOUR_RGB ( '',0.9686274509803921573, 0.8784313725490195957, 0.5999999999999999778 ) ;
#1158 = ORIENTED_EDGE ( 'NONE', *, *, #3085, .F. ) ;
#1159 = STYLED_ITEM ( 'NONE', ( #341 ), #10588 ) ;
#1160 = VECTOR ( 'NONE', #5395, 1000.000000000000000 ) ;
#1161 = ORIENTED_EDGE ( 'NONE', *, *, #1962, .T. ) ;
#1162 = CIRCLE ( 'NONE', #6517, 0.01500217240645655876 ) ;
#1163 = PRESENTATION_LAYER_ASSIGNMENT (  '', '', ( #11982 ) ) ;
#1164 = AXIS2_PLACEMENT_3D ( 'NONE', #5679, #10609, #4776 ) ;
#1165 = CARTESIAN_POINT ( 'NONE',  ( 0.3175278962151926176, 0.0000000000000000000, -0.08669782759354346946 ) ) ;
#1166 =( LENGTH_UNIT ( ) NAMED_UNIT ( * ) SI_UNIT ( .MILLI., .METRE. ) );
#1167 = CARTESIAN_POINT ( 'NONE',  ( -0.4797278962151925175, 0.1000000000000000056, 0.4976999999999999202 ) ) ;
#1168 = LINE ( 'NONE', #1152, #4710 ) ;
#1169 = VECTOR ( 'NONE', #10269, 1000.000000000000000 ) ;
#1170 = VERTEX_POINT ( 'NONE', #10078 ) ;
#1171 = EDGE_CURVE ( 'NONE', #340, #6519, #8666, .T. ) ;
#1172 = UNCERTAINTY_MEASURE_WITH_UNIT (LENGTH_MEASURE( 1.000000000000000082E-05 ), #8642, 'distance_accuracy_value', 'NONE');
#1173 = CARTESIAN_POINT ( 'NONE',  ( -1.316595130599349295, 0.5000000000000000000, -0.4012999999999999901 ) ) ;
#1174 = EDGE_LOOP ( 'NONE', ( #11813, #7493, #9296, #6662 ) ) ;
#1175 = CARTESIAN_POINT ( 'NONE',  ( -0.3502300686216490710, 0.1000000000000000056, -0.2003000000000002556 ) ) ;
#1176 =( NAMED_UNIT ( * ) PLANE_ANGLE_UNIT ( ) SI_UNIT ( $, .RADIAN. ) );
#1177 = EDGE_CURVE ( 'NONE', #2937, #4685, #1099, .T. ) ;
#1178 = ORIENTED_EDGE ( 'NONE', *, *, #10504, .T. ) ;
#1179 = AXIS2_PLACEMENT_3D ( 'NONE', #5168, #12074, #6172 ) ;
#1180 = PRESENTATION_STYLE_ASSIGNMENT (( #10601 ) ) ;
#1181 = CIRCLE ( 'NONE', #5420, 0.01500217240645655876 ) ;
#1183 = DIRECTION ( 'NONE',  ( 0.0000000000000000000, 1.000000000000000000, -0.0000000000000000000 ) ) ;
#1182 = CARTESIAN_POINT ( 'NONE',  ( 1.316595130599349295, 0.09999999999999999167, -0.4012999999999999901 ) ) ;
#1184 = ORIENTED_EDGE ( 'NONE', *, *, #9668, .T. ) ;
#1185 = CARTESIAN_POINT ( 'NONE',  ( 0.3202257238087360403, 0.1000000000000000056, -0.4849978275935437066 ) ) ;
#1186 = CARTESIAN_POINT ( 'NONE',  ( 1.584125920840706137, 0.09999999999999999167, 0.2113361407954842952 ) ) ;
#1187 = ORIENTED_EDGE ( 'NONE', *, *, #3036, .T. ) ;
#1188 = DIRECTION ( 'NONE',  ( 0.0000000000000000000, 0.0000000000000000000, -1.000000000000000000 ) ) ;
#1189 = AXIS2_PLACEMENT_3D ( 'NONE', #8171, #2244, #9165 ) ;
#1190 = DIRECTION ( 'NONE',  ( -1.000000000000000000, 0.0000000000000000000, -1.107775638063495903E-17 ) ) ;
#1191 = AXIS2_PLACEMENT_3D ( 'NONE', #5083, #11984, #6084 ) ;
#1192 = DIRECTION ( 'NONE',  ( 0.0000000000000000000, -1.000000000000000000, 0.0000000000000000000 ) ) ;
#1193 = ORIENTED_EDGE ( 'NONE', *, *, #3063, .T. ) ;
#1194 = ORIENTED_EDGE ( 'NONE', *, *, #2075, .T. ) ;
#1195 = ADVANCED_FACE ( 'NONE', ( #8330 ), #445, .F. ) ;
#1196 = PLANE ( 'NONE',  #6494 ) ;
#1197 = ORIENTED_EDGE ( 'NONE', *, *, #7566, .T. ) ;
#1198 = FILL_AREA_STYLE_COLOUR ( '', #4003 ) ;
#1199 = VECTOR ( 'NONE', #6866, 1000.000000000000000 ) ;
#1200 = LINE ( 'NONE', #12170, #8779 ) ;
#1201 = SURFACE_SIDE_STYLE ('',( #12199 ) ) ;
#1202 = SURFACE_STYLE_USAGE ( .BOTH. , #7129 ) ;
#1203 = VERTEX_POINT ( 'NONE', #6232 ) ;
#1204 = CIRCLE ( 'NONE', #5120, 0.01500217240645655876 ) ;
#1205 = AXIS2_PLACEMENT_3D ( 'NONE', #6338, #395, #7328 ) ;
#1206 = EDGE_CURVE ( 'NONE', #11831, #11124, #5719, .T. ) ;
#1207 = STYLED_ITEM ( 'NONE', ( #11684 ), #1487 ) ;
#1208 = ORIENTED_EDGE ( 'NONE', *, *, #4616, .F. ) ;
#1209 = PLANE ( 'NONE',  #1179 ) ;
#1210 = PRESENTATION_STYLE_ASSIGNMENT (( #5276 ) ) ;
#1211 = FACE_OUTER_BOUND ( 'NONE', #2181, .T. ) ;
#1212 = DIRECTION ( 'NONE',  ( 0.0000000000000000000, -0.0000000000000000000, -1.000000000000000000 ) ) ;
#1213 = MECHANICAL_DESIGN_GEOMETRIC_PRESENTATION_REPRESENTATION (  '', ( #12683 ), #1865 ) ;
#1214 = VERTEX_POINT ( 'NONE', #2276 ) ;
#1215 = DIRECTION ( 'NONE',  ( 0.0000000000000000000, -1.000000000000000000, 0.0000000000000000000 ) ) ;
#1216 = LINE ( 'NONE', #2471, #8798 ) ;
#1217 = VECTOR ( 'NONE', #8955, 1000.000000000000000 ) ;
#1218 = DIRECTION ( 'NONE',  ( 0.0000000000000000000, -1.000000000000000000, 0.0000000000000000000 ) ) ;
#1219 = FILL_AREA_STYLE_COLOUR ( '', #6740 ) ;
#1220 = FILL_AREA_STYLE ('',( #210 ) ) ;
#1221 = ORIENTED_EDGE ( 'NONE', *, *, #4677, .T. ) ;
#1222 = STYLED_ITEM ( 'NONE', ( #3630 ), #10212 ) ;
#1223 = LINE ( 'NONE', #3853, #11070 ) ;
#1224 = ORIENTED_EDGE ( 'NONE', *, *, #11567, .T. ) ;
#1225 = CARTESIAN_POINT ( 'NONE',  ( -1.296184350947589881, 0.1000000000000000056, 0.4717999999999997196 ) ) ;
#1226 =( GEOMETRIC_REPRESENTATION_CONTEXT ( 3 ) GLOBAL_UNCERTAINTY_ASSIGNED_CONTEXT ( ( #10587 ) ) GLOBAL_UNIT_ASSIGNED_CONTEXT ( ( #1678, #8604, #2646 ) ) REPRESENTATION_CONTEXT ( 'NONE', 'WORKASPACE' ) );
#1227 = ORIENTED_EDGE ( 'NONE', *, *, #6630, .F. ) ;
#1228 = DIRECTION ( 'NONE',  ( -0.0000000000000000000, -1.000000000000000000, -0.0000000000000000000 ) ) ;
#1229 = AXIS2_PLACEMENT_3D ( 'NONE', #12600, #4720, #4617 ) ;
#1230 = EDGE_LOOP ( 'NONE', ( #5894, #5538, #9287, #1032 ) ) ;
#1231 = SURFACE_STYLE_USAGE ( .BOTH. , #7155 ) ;
#1232 = VECTOR ( 'NONE', #12453, 1000.000000000000000 ) ;
#1233 = FACE_OUTER_BOUND ( 'NONE', #6402, .T. ) ;
#1234 = PLANE ( 'NONE',  #8462 ) ;
#1235 = ORIENTED_EDGE ( 'NONE', *, *, #190, .F. ) ;
#1236 = CARTESIAN_POINT ( 'NONE',  ( 1.067625723808735883, 0.1000000000000000056, -0.2003000000000001724 ) ) ;
#1237 = DIRECTION ( 'NONE',  ( -0.0000000000000000000, -1.000000000000000000, -0.0000000000000000000 ) ) ;
#1238 = ORIENTED_EDGE ( 'NONE', *, *, #3709, .F. ) ;
#1239 = UNCERTAINTY_MEASURE_WITH_UNIT (LENGTH_MEASURE( 1.000000000000000082E-05 ), #2719, 'distance_accuracy_value', 'NONE');
#1240 = EDGE_LOOP ( 'NONE', ( #373, #12495, #4133, #6438, #663, #6681, #4985, #2666 ) ) ;
#1241 = EDGE_CURVE ( 'NONE', #8687, #6036, #3061, .T. ) ;
#1242 = DIRECTION ( 'NONE',  ( 0.0000000000000000000, 0.0000000000000000000, -1.000000000000000000 ) ) ;
#1243 = EDGE_CURVE ( 'NONE', #10564, #11485, #770, .T. ) ;
#1244 = AXIS2_PLACEMENT_3D ( 'NONE', #5863, #12733, #11799 ) ;
#1245 = LINE ( 'NONE', #6611, #8829 ) ;
#1246 = EDGE_CURVE ( 'NONE', #1872, #5574, #11254, .T. ) ;
#1247 = PLANE ( 'NONE',  #5137 ) ;
#1248 = DIRECTION ( 'NONE',  ( -9.098841772336316914E-17, 0.0000000000000000000, -1.000000000000000000 ) ) ;
#1249 = DIRECTION ( 'NONE',  ( 0.0000000000000000000, 0.0000000000000000000, -1.000000000000000000 ) ) ;
#1250 = SURFACE_STYLE_USAGE ( .BOTH. , #7173 ) ;
#1251 = EDGE_LOOP ( 'NONE', ( #7512, #9430, #8065, #8275 ) ) ;
#1252 = ADVANCED_FACE ( 'NONE', ( #8035 ), #8243, .T. ) ;
#1253 = VECTOR ( 'NONE', #3869, 1000.000000000000000 ) ;
#1254 = ORIENTED_EDGE ( 'NONE', *, *, #12299, .F. ) ;
#1255 = UNCERTAINTY_MEASURE_WITH_UNIT (LENGTH_MEASURE( 1.000000000000000082E-05 ), #7313, 'distance_accuracy_value', 'NONE');
#1256 = VERTEX_POINT ( 'NONE', #8202 ) ;
#1257 = CARTESIAN_POINT ( 'NONE',  ( 1.067625723808735883, 0.0000000000000000000, -0.2003000000000001724 ) ) ;
#1258 = EDGE_CURVE ( 'NONE', #8596, #5425, #12037, .T. ) ;
#1259 =( NAMED_UNIT ( * ) PLANE_ANGLE_UNIT ( ) SI_UNIT ( $, .RADIAN. ) );
#1260 = DIRECTION ( 'NONE',  ( -1.000000000000000000, -0.0000000000000000000, -0.0000000000000000000 ) ) ;
#1261 = DIRECTION ( 'NONE',  ( 0.0000000000000000000, 0.0000000000000000000, -1.000000000000000000 ) ) ;
#1262 = ORIENTED_EDGE ( 'NONE', *, *, #2916, .F. ) ;
#1263 = ORIENTED_EDGE ( 'NONE', *, *, #209, .T. ) ;
#1264 = COLOUR_RGB ( '',0.9686274509803921573, 0.8784313725490195957, 0.5999999999999999778 ) ;
#1265 = VERTEX_POINT ( 'NONE', #10243 ) ;
#1266 = DIRECTION ( 'NONE',  ( 0.0000000000000000000, -1.000000000000000000, 0.0000000000000000000 ) ) ;
#1267 = CARTESIAN_POINT ( 'NONE',  ( -1.600000000000000311, 0.09999999999999999167, 0.2074000000000001120 ) ) ;
#1268 = AXIS2_PLACEMENT_3D ( 'NONE', #1493, #8405, #2463 ) ;
#1269 = FILL_AREA_STYLE_COLOUR ( '', #7334 ) ;
#1270 = ORIENTED_EDGE ( 'NONE', *, *, #98, .T. ) ;
#1271 = EDGE_CURVE ( 'NONE', #12120, #3944, #1843, .T. ) ;
#1272 = PLANE ( 'NONE',  #12026 ) ;
#1273 = CIRCLE ( 'NONE', #3975, 0.01500217240645655876 ) ;
#1274 = ORIENTED_EDGE ( 'NONE', *, *, #16, .F. ) ;
#1275 = DIRECTION ( 'NONE',  ( 0.7071067811865475727, -0.0000000000000000000, 0.7071067811865475727 ) ) ;
#1276 = CARTESIAN_POINT ( 'NONE',  ( 1.021730214339628739, 0.0000000000000000000, 0.4999999999999993339 ) ) ;
#1277 = LINE ( 'NONE', #4047, #8861 ) ;
#1278 = PLANE ( 'NONE',  #2050 ) ;
#1279 = VECTOR ( 'NONE', #192, 1000.000000000000000 ) ;
#1280 = VECTOR ( 'NONE', #10727, 1000.000000000000000 ) ;
#1281 = EDGE_CURVE ( 'NONE', #1710, #8026, #1530, .T. ) ;
#1282 = CARTESIAN_POINT ( 'NONE',  ( 0.6454278962151925869, 0.1000000000000000056, 0.1143021724064565564 ) ) ;
#1283 = ORIENTED_EDGE ( 'NONE', *, *, #9266, .T. ) ;
#1284 = CARTESIAN_POINT ( 'NONE',  ( -1.286200000000000454, 0.5000000000000000000, 0.4718000000000000527 ) ) ;
#1285 = SURFACE_STYLE_FILL_AREA ( #11356 ) ;
#1286 = ORIENTED_EDGE ( 'NONE', *, *, #12512, .T. ) ;
#1287 =( GEOMETRIC_REPRESENTATION_CONTEXT ( 3 ) GLOBAL_UNCERTAINTY_ASSIGNED_CONTEXT ( ( #4861 ) ) GLOBAL_UNIT_ASSIGNED_CONTEXT ( ( #2481, #9416, #3499 ) ) REPRESENTATION_CONTEXT ( 'NONE', 'WORKASPACE' ) );
#1289 = DIRECTION ( 'NONE',  ( -0.0000000000000000000, -0.0000000000000000000, 1.000000000000000000 ) ) ;
#1288 = DIRECTION ( 'NONE',  ( 0.0000000000000000000, 0.0000000000000000000, -1.000000000000000000 ) ) ;
#1290 = MECHANICAL_DESIGN_GEOMETRIC_PRESENTATION_REPRESENTATION (  '', ( #12768 ), #1957 ) ;
#1291 = ORIENTED_EDGE ( 'NONE', *, *, #3262, .T. ) ;
#1292 = EDGE_CURVE ( 'NONE', #6254, #4186, #9114, .T. ) ;
#1294 = LINE ( 'NONE', #11247, #6249 ) ;
#1293 = FILL_AREA_STYLE_COLOUR ( '', #4171 ) ;
#1295 = SURFACE_STYLE_FILL_AREA ( #8061 ) ;
#1296 = FILL_AREA_STYLE_COLOUR ( '', #8108 ) ;
#1297 = COLOUR_RGB ( '',0.9686274509803921573, 0.8784313725490195957, 0.5999999999999999778 ) ;
#1298 = CARTESIAN_POINT ( 'NONE',  ( 0.3069278962151925083, 0.1000000000000000056, 0.4976999999999998092 ) ) ;
#1299 = ORIENTED_EDGE ( 'NONE', *, *, #1292, .T. ) ;
#1300 = EDGE_LOOP ( 'NONE', ( #9724, #10647, #9241, #9274, #900, #541, #2635, #8675 ) ) ;
#1301 = VECTOR ( 'NONE', #12161, 1000.000000000000000 ) ;
#1302 =( NAMED_UNIT ( * ) SI_UNIT ( $, .STERADIAN. ) SOLID_ANGLE_UNIT ( ) );
#1303 = ORIENTED_EDGE ( 'NONE', *, *, #6566, .T. ) ;
#1304 = VECTOR ( 'NONE', #10914, 1000.000000000000000 ) ;
#1305 = PRESENTATION_LAYER_ASSIGNMENT (  '', '', ( #12781 ) ) ;
#1306 = ORIENTED_EDGE ( 'NONE', *, *, #11312, .F. ) ;
#1307 = EDGE_CURVE ( 'NONE', #11071, #10585, #6503, .T. ) ;
#1308 = ADVANCED_FACE ( 'NONE', ( #1233 ), #940, .F. ) ;
#1309 = ORIENTED_EDGE ( 'NONE', *, *, #721, .T. ) ;
#1310 = VECTOR ( 'NONE', #10622, 1000.000000000000000 ) ;
#1311 = LINE ( 'NONE', #12416, #9196 ) ;
#1312 = VECTOR ( 'NONE', #2446, 1000.000000000000000 ) ;
#1313 = ORIENTED_EDGE ( 'NONE', *, *, #8793, .T. ) ;
#1314 = PLANE ( 'NONE',  #10293 ) ;
#1315 = ORIENTED_EDGE ( 'NONE', *, *, #6837, .T. ) ;
#1316 = DIRECTION ( 'NONE',  ( 0.0000000000000000000, 1.000000000000000000, 0.0000000000000000000 ) ) ;
#1317 = LINE ( 'NONE', #3940, #6275 ) ;
#1318 = EDGE_CURVE ( 'NONE', #11815, #10108, #6178, .T. ) ;
#1319 = VERTEX_POINT ( 'NONE', #3398 ) ;
#1320 = CARTESIAN_POINT ( 'NONE',  ( -0.3175278962151925066, 0.0000000000000000000, 0.4870999999999999219 ) ) ;
#1321 = LINE ( 'NONE', #5356, #11500 ) ;
#1322 = ORIENTED_EDGE ( 'NONE', *, *, #7541, .F. ) ;
#1323 = LINE ( 'NONE', #9311, #3647 ) ;
#1324 = VECTOR ( 'NONE', #1851, 1000.000000000000000 ) ;
#1325 = FACE_OUTER_BOUND ( 'NONE', #11185, .T. ) ;
#1326 =( LENGTH_UNIT ( ) NAMED_UNIT ( * ) SI_UNIT ( .MILLI., .METRE. ) );
#1327 = EDGE_CURVE ( 'NONE', #10831, #3819, #3542, .T. ) ;
#1328 =( NAMED_UNIT ( * ) PLANE_ANGLE_UNIT ( ) SI_UNIT ( $, .RADIAN. ) );
#1329 = CARTESIAN_POINT ( 'NONE',  ( -1.296800000000000397, 0.09999999999999999167, 0.4823999999999999955 ) ) ;
#1330 = ORIENTED_EDGE ( 'NONE', *, *, #2777, .T. ) ;
#1331 = EDGE_CURVE ( 'NONE', #256, #12043, #11082, .T. ) ;
#1332 = ORIENTED_EDGE ( 'NONE', *, *, #5893, .T. ) ;
#1333 = FACE_OUTER_BOUND ( 'NONE', #5872, .T. ) ;
#1335 = CARTESIAN_POINT ( 'NONE',  ( -0.3175278962151925066, 0.1000000000000000056, 0.4800999999999999157 ) ) ;
#1334 = DIRECTION ( 'NONE',  ( -0.0000000000000000000, -0.0000000000000000000, -1.000000000000000000 ) ) ;
#1336 = FACE_OUTER_BOUND ( 'NONE', #4385, .T. ) ;
#1337 = CARTESIAN_POINT ( 'NONE',  ( 0.7009302143396286544, 0.0000000000000000000, 0.05229999999999977722 ) ) ;
#1338 = DIRECTION ( 'NONE',  ( -0.0000000000000000000, -1.000000000000000000, -0.0000000000000000000 ) ) ;
#1339 = CARTESIAN_POINT ( 'NONE',  ( 1.600000000000000311, 0.5000000000000000000, -0.5000000000000000000 ) ) ;
#1340 = CARTESIAN_POINT ( 'NONE',  ( 1.399000000000000243, 0.5000000000000000000, -0.5000000000000002220 ) ) ;
#1341 = STYLED_ITEM ( 'NONE', ( #10963 ), #11513 ) ;
#1342 = ORIENTED_EDGE ( 'NONE', *, *, #150, .F. ) ;
#1343 = PLANE ( 'NONE',  #9147 ) ;
#1344 = LINE ( 'NONE', #11267, #6307 ) ;
#1345 = CARTESIAN_POINT ( 'NONE',  ( 1.600000000000000311, 0.5000000000000000000, 0.5000000000000000000 ) ) ;
#1346 = CYLINDRICAL_SURFACE ( 'NONE', #200, 0.01500217240645653274 ) ;
#1347 = UNCERTAINTY_MEASURE_WITH_UNIT (LENGTH_MEASURE( 1.000000000000000082E-05 ), #8496, 'distance_accuracy_value', 'NONE');
#1348 = ORIENTED_EDGE ( 'NONE', *, *, #8310, .T. ) ;
#1349 = CARTESIAN_POINT ( 'NONE',  ( -0.1774300686216491452, -0.0000000000000000000, -0.4849978275935435956 ) ) ;
#1350 = LINE ( 'NONE', #8143, #11537 ) ;
#1351 = DIRECTION ( 'NONE',  ( -0.0000000000000000000, 1.000000000000000000, -0.0000000000000000000 ) ) ;
#1352 = COLOUR_RGB ( '',0.9686274509803921573, 0.8784313725490195957, 0.5999999999999999778 ) ;
#1353 = EDGE_CURVE ( 'NONE', #11682, #1890, #8816, .T. ) ;
#1354 = CARTESIAN_POINT ( 'NONE',  ( 1.067625723808735883, 0.1000000000000000056, -0.2003000000000002001 ) ) ;
#1355 = DIRECTION ( 'NONE',  ( 0.0000000000000000000, 1.000000000000000000, 0.0000000000000000000 ) ) ;
#1356 = ORIENTED_EDGE ( 'NONE', *, *, #10289, .F. ) ;
#1357 = PLANE ( 'NONE',  #8480 ) ;
#1358 = FACE_OUTER_BOUND ( 'NONE', #3271, .T. ) ;
#1359 = CIRCLE ( 'NONE', #11960, 0.2891000000000000791 ) ;
#1360 = DIRECTION ( 'NONE',  ( -0.0000000000000000000, 1.000000000000000000, -0.0000000000000000000 ) ) ;
#1361 = MECHANICAL_DESIGN_GEOMETRIC_PRESENTATION_REPRESENTATION (  '', ( #47 ), #2027 ) ;
#1362 = ORIENTED_EDGE ( 'NONE', *, *, #3291, .T. ) ;
#1363 = VECTOR ( 'NONE', #5931, 1000.000000000000114 ) ;
#1364 = EDGE_CURVE ( 'NONE', #5397, #4287, #3210, .T. ) ;
#1365 = STYLED_ITEM ( 'NONE', ( #5185 ), #1878 ) ;
#1366 = PRESENTATION_LAYER_ASSIGNMENT (  '', '', ( #12190 ) ) ;
#1367 = VERTEX_POINT ( 'NONE', #466 ) ;
#1368 = PLANE ( 'NONE',  #11060 ) ;
#1369 = STYLED_ITEM ( 'NONE', ( #5145 ), #3887 ) ;
#1370 = FILL_AREA_STYLE_COLOUR ( '', #8300 ) ;
#1371 = CARTESIAN_POINT ( 'NONE',  ( -0.6304257238087360715, 0.0000000000000000000, 0.4826978275935433493 ) ) ;
#1372 = FILL_AREA_STYLE ('',( #5290 ) ) ;
#1373 = ADVANCED_FACE ( 'NONE', ( #609 ), #4802, .T. ) ;
#1374 = PRESENTATION_STYLE_ASSIGNMENT (( #11468 ) ) ;
#1375 = ORIENTED_EDGE ( 'NONE', *, *, #9850, .F. ) ;
#1376 = CYLINDRICAL_SURFACE ( 'NONE', #8088, 0.3000999999999999779 ) ;
#1377 = ORIENTED_EDGE ( 'NONE', *, *, #11725, .F. ) ;
#1378 = ORIENTED_EDGE ( 'NONE', *, *, #3005, .T. ) ;
#1379 = CARTESIAN_POINT ( 'NONE',  ( -1.568300000000000249, 0.0000000000000000000, 0.1963566009016781411 ) ) ;
#1380 = DIRECTION ( 'NONE',  ( 1.000000000000000000, 0.0000000000000000000, 2.943037349164451228E-16 ) ) ;
#1381 = CARTESIAN_POINT ( 'NONE',  ( 1.577030068621648740, 0.1000000000000000056, -0.2007383321261244635 ) ) ;
#1382 = VECTOR ( 'NONE', #3347, 1000.000000000000000 ) ;
#1383 = AXIS2_PLACEMENT_3D ( 'NONE', #7290, #1360, #8271 ) ;
#1384 =( NAMED_UNIT ( * ) PLANE_ANGLE_UNIT ( ) SI_UNIT ( $, .RADIAN. ) );
#1385 = FILL_AREA_STYLE ('',( #382 ) ) ;
#1386 = AXIS2_PLACEMENT_3D ( 'NONE', #8992, #3040, #9957 ) ;
#1387 = SURFACE_STYLE_USAGE ( .BOTH. , #2371 ) ;
#1388 = DIRECTION ( 'NONE',  ( 0.0000000000000000000, -0.0000000000000000000, -1.000000000000000000 ) ) ;
#1389 = VERTEX_POINT ( 'NONE', #12677 ) ;
#1390 = ORIENTED_EDGE ( 'NONE', *, *, #4298, .F. ) ;
#1391 = SURFACE_STYLE_USAGE ( .BOTH. , #7322 ) ;
#1392 = FACE_OUTER_BOUND ( 'NONE', #4698, .T. ) ;
#1393 = DIRECTION ( 'NONE',  ( 0.0000000000000000000, 1.000000000000000000, -0.0000000000000000000 ) ) ;
#1394 = LINE ( 'NONE', #11828, #11262 ) ;
#1395 = ORIENTED_EDGE ( 'NONE', *, *, #3, .F. ) ;
#1396 = FILL_AREA_STYLE ('',( #3331 ) ) ;
#1397 = VERTEX_POINT ( 'NONE', #1814 ) ;
#1398 = CIRCLE ( 'NONE', #7907, 0.01500217240645653274 ) ;
#1399 = CARTESIAN_POINT ( 'NONE',  ( -1.285174339670224430, 0.1000000000000000056, -0.4718000000000002192 ) ) ;
#1400 = DIRECTION ( 'NONE',  ( 0.0000000000000000000, 0.0000000000000000000, 1.000000000000000000 ) ) ;
#1401 = EDGE_CURVE ( 'NONE', #8028, #2043, #8176, .T. ) ;
#1402 = FILL_AREA_STYLE ('',( #4381 ) ) ;
#1403 = EDGE_LOOP ( 'NONE', ( #9111, #4573, #12691, #1291 ) ) ;
#1404 = EDGE_CURVE ( 'NONE', #4868, #12471, #5546, .T. ) ;
#1405 = ORIENTED_EDGE ( 'NONE', *, *, #2701, .T. ) ;
#1406 = CARTESIAN_POINT ( 'NONE',  ( -0.4691278962151925191, 0.1000000000000000056, 0.4800999999999999157 ) ) ;
#1407 = PRESENTATION_LAYER_ASSIGNMENT (  '', '', ( #92 ) ) ;
#1408 = VERTEX_POINT ( 'NONE', #11739 ) ;
#1409 = ORIENTED_EDGE ( 'NONE', *, *, #3591, .F. ) ;
#1410 = VECTOR ( 'NONE', #6542, 1000.000000000000000 ) ;
#1411 = ORIENTED_EDGE ( 'NONE', *, *, #1258, .T. ) ;
#1412 = COLOUR_RGB ( '',0.8941176470588234615, 0.9137254901960784048, 0.9294117647058823817 ) ;
#1413 = EDGE_CURVE ( 'NONE', #8099, #3259, #10467, .T. ) ;
#1414 = DIRECTION ( 'NONE',  ( -0.0000000000000000000, -1.000000000000000000, -0.0000000000000000000 ) ) ;
#1415 = FACE_OUTER_BOUND ( 'NONE', #10419, .T. ) ;
#1416 = EDGE_LOOP ( 'NONE', ( #10055, #10561, #1017, #12105 ) ) ;
#1417 = CARTESIAN_POINT ( 'NONE',  ( 1.600000000000000311, 0.09999999999999999167, 0.2990000000000001545 ) ) ;
#1418 = DIRECTION ( 'NONE',  ( 4.843431639425975498E-16, 0.0000000000000000000, -1.000000000000000000 ) ) ;
#1420 =( LENGTH_UNIT ( ) NAMED_UNIT ( * ) SI_UNIT ( .MILLI., .METRE. ) );
#1419 = CARTESIAN_POINT ( 'NONE',  ( -1.299900000000000277, 0.5000000000000000000, -0.5000000000000002220 ) ) ;
#1421 = ORIENTED_EDGE ( 'NONE', *, *, #7490, .F. ) ;
#1422 = FACE_OUTER_BOUND ( 'NONE', #8632, .T. ) ;
#1423 = VERTEX_POINT ( 'NONE', #1901 ) ;
#1424 = MECHANICAL_DESIGN_GEOMETRIC_PRESENTATION_REPRESENTATION (  '', ( #109 ), #2085 ) ;
#1425 = LINE ( 'NONE', #9254, #3753 ) ;
#1426 = DIRECTION ( 'NONE',  ( -0.0000000000000000000, -1.000000000000000000, -0.0000000000000000000 ) ) ;
#1427 = DIRECTION ( 'NONE',  ( -0.0000000000000000000, -0.0000000000000000000, 1.000000000000000000 ) ) ;
#1428 = ADVANCED_FACE ( 'NONE', ( #2583 ), #9680, .T. ) ;
#1429 = CARTESIAN_POINT ( 'NONE',  ( 0.6304257238087359605, 0.1000000000000000056, 0.09929999999999991611 ) ) ;
#1430 = DIRECTION ( 'NONE',  ( -1.000000000000000000, -0.0000000000000000000, -0.0000000000000000000 ) ) ;
#1432 = CARTESIAN_POINT ( 'NONE',  ( 1.071200000000000374, 0.1000000000000000056, 0.4567978275935433707 ) ) ;
#1431 = LINE ( 'NONE', #2002, #11942 ) ;
#1433 = ORIENTED_EDGE ( 'NONE', *, *, #399, .F. ) ;
#1434 = UNCERTAINTY_MEASURE_WITH_UNIT (LENGTH_MEASURE( 1.000000000000000082E-05 ), #1093, 'distance_accuracy_value', 'NONE');
#1435 = ORIENTED_EDGE ( 'NONE', *, *, #11659, .T. ) ;
#1436 = ADVANCED_FACE ( 'NONE', ( #2114 ), #8865, .T. ) ;
#1437 = LINE ( 'NONE', #10683, #11628 ) ;
#1438 = FACE_OUTER_BOUND ( 'NONE', #7295, .T. ) ;
#1439 = DIRECTION ( 'NONE',  ( -0.0000000000000000000, -0.0000000000000000000, -1.000000000000000000 ) ) ;
#1440 = LINE ( 'NONE', #11561, #6723 ) ;
#1441 = AXIS2_PLACEMENT_3D ( 'NONE', #4058, #2097, #9021 ) ;
#1442 = EDGE_CURVE ( 'NONE', #7151, #2216, #4426, .T. ) ;
#1443 = AXIS2_PLACEMENT_3D ( 'NONE', #4195, #10123, #4236 ) ;
#1444 = SURFACE_SIDE_STYLE ('',( #7540 ) ) ;
#1445 = CARTESIAN_POINT ( 'NONE',  ( 0.7009302143396288765, 0.1000000000000000056, 0.4999999999999993339 ) ) ;
#1446 = STYLED_ITEM ( 'NONE', ( #6429 ), #3491 ) ;
#1447 =( LENGTH_UNIT ( ) NAMED_UNIT ( * ) SI_UNIT ( .MILLI., .METRE. ) );
#1448 = VECTOR ( 'NONE', #8221, 1000.000000000000000 ) ;
#1449 = ORIENTED_EDGE ( 'NONE', *, *, #9709, .T. ) ;
#1450 = ORIENTED_EDGE ( 'NONE', *, *, #2017, .T. ) ;
#1451 = DIRECTION ( 'NONE',  ( 0.0000000000000000000, -1.000000000000000000, 0.0000000000000000000 ) ) ;
#1452 = PLANE ( 'NONE',  #5789 ) ;
#1453 = CARTESIAN_POINT ( 'NONE',  ( -1.099400000000000377, 0.5000000000000000000, -0.3025999999999999801 ) ) ;
#1454 = CIRCLE ( 'NONE', #5292, 0.01500217240645655876 ) ;
#1455 = SURFACE_STYLE_FILL_AREA ( #998 ) ;
#1456 = AXIS2_PLACEMENT_3D ( 'NONE', #9281, #10234, #4357 ) ;
#1457 = DIRECTION ( 'NONE',  ( 1.000000000000000000, 0.0000000000000000000, 0.0000000000000000000 ) ) ;
#1458 = LINE ( 'NONE', #5373, #1169 ) ;
#1459 = ORIENTED_EDGE ( 'NONE', *, *, #8212, .T. ) ;
#1460 = PRESENTATION_LAYER_ASSIGNMENT (  '', '', ( #138 ) ) ;
#1461 = VERTEX_POINT ( 'NONE', #9842 ) ;
#1462 = MECHANICAL_DESIGN_GEOMETRIC_PRESENTATION_REPRESENTATION (  '', ( #143 ), #2131 ) ;
#1463 = DIRECTION ( 'NONE',  ( -0.0000000000000000000, -1.000000000000000000, -0.0000000000000000000 ) ) ;
#1464 = CARTESIAN_POINT ( 'NONE',  ( 1.600000000000000311, 0.1000000000000000056, -0.5000000000000000000 ) ) ;
#1465 = DIRECTION ( 'NONE',  ( -0.0000000000000000000, -1.000000000000000000, -0.0000000000000000000 ) ) ;
#1466 = ORIENTED_EDGE ( 'NONE', *, *, #3889, .F. ) ;
#1467 = LINE ( 'NONE', #6358, #2094 ) ;
#1468 = CARTESIAN_POINT ( 'NONE',  ( -0.1774300686216492007, 0.0000000000000000000, 0.4976999999999999202 ) ) ;
#1469 =( NAMED_UNIT ( * ) PLANE_ANGLE_UNIT ( ) SI_UNIT ( $, .RADIAN. ) );
#1470 = CARTESIAN_POINT ( 'NONE',  ( 0.1774300686216492007, 0.1000000000000000056, 0.4976999999999998092 ) ) ;
#1471 = ORIENTED_EDGE ( 'NONE', *, *, #7747, .F. ) ;
#1472 = CARTESIAN_POINT ( 'NONE',  ( -1.600000000000000311, 0.0000000000000000000, 0.2108999999999995878 ) ) ;
#1473 = EDGE_CURVE ( 'NONE', #469, #8392, #4747, .T. ) ;
#1474 =( NAMED_UNIT ( * ) PLANE_ANGLE_UNIT ( ) SI_UNIT ( $, .RADIAN. ) );
#1475 = SURFACE_STYLE_FILL_AREA ( #6613 ) ;
#1477 = ORIENTED_EDGE ( 'NONE', *, *, #4267, .F. ) ;
#1476 = EDGE_CURVE ( 'NONE', #4610, #1565, #7080, .T. ) ;
#1478 = STYLED_ITEM ( 'NONE', ( #5324 ), #8823 ) ;
#1479 = AXIS2_PLACEMENT_3D ( 'NONE', #12260, #6390, #4597 ) ;
#1480 = CYLINDRICAL_SURFACE ( 'NONE', #314, 0.3001000000000000334 ) ;
#1481 = SURFACE_STYLE_USAGE ( .BOTH. , #7414 ) ;
#1482 = DIRECTION ( 'NONE',  ( -0.0000000000000000000, -1.000000000000000000, -0.0000000000000000000 ) ) ;
#1483 = EDGE_CURVE ( 'NONE', #7556, #2319, #1803, .T. ) ;
#1484 = ORIENTED_EDGE ( 'NONE', *, *, #1767, .F. ) ;
#1485 = ORIENTED_EDGE ( 'NONE', *, *, #9997, .F. ) ;
#1486 =( NAMED_UNIT ( * ) SI_UNIT ( $, .STERADIAN. ) SOLID_ANGLE_UNIT ( ) );
#1487 = ADVANCED_FACE ( 'NONE', ( #1488 ), #8137, .F. ) ;
#1488 = FACE_OUTER_BOUND ( 'NONE', #5155, .T. ) ;
#1489 = EDGE_LOOP ( 'NONE', ( #3726, #7116, #12737, #10672 ) ) ;
#1490 = DIRECTION ( 'NONE',  ( 0.0000000000000000000, 0.0000000000000000000, -1.000000000000000000 ) ) ;
#1491 = EDGE_CURVE ( 'NONE', #3469, #9273, #5835, .T. ) ;
#1492 = CARTESIAN_POINT ( 'NONE',  ( -1.082627896215192509, 0.1000000000000000056, -0.2153021724064568543 ) ) ;
#1493 = CARTESIAN_POINT ( 'NONE',  ( -0.3325300686216490220, 0.1000000000000000056, 0.08429782759354335908 ) ) ;
#1494 = FILL_AREA_STYLE ('',( #9356 ) ) ;
#1495 = AXIS2_PLACEMENT_3D ( 'NONE', #4529, #11458, #5558 ) ;
#1496 = ADVANCED_FACE ( 'NONE', ( #3169 ), #94, .F. ) ;
#1497 = VERTEX_POINT ( 'NONE', #4027 ) ;
#1498 = VECTOR ( 'NONE', #452, 1000.000000000000000 ) ;
#1500 = DIRECTION ( 'NONE',  ( -0.0000000000000000000, -1.000000000000000000, -0.0000000000000000000 ) ) ;
#1499 = DIRECTION ( 'NONE',  ( 0.0000000000000000000, -1.000000000000000000, 0.0000000000000000000 ) ) ;
#1501 = ORIENTED_EDGE ( 'NONE', *, *, #5497, .T. ) ;
#1502 = LINE ( 'NONE', #2255, #6475 ) ;
#1503 = DIRECTION ( 'NONE',  ( -4.020095065059161301E-16, -0.0000000000000000000, 1.000000000000000000 ) ) ;
#1504 = DIRECTION ( 'NONE',  ( 0.0000000000000000000, 1.000000000000000000, -0.0000000000000000000 ) ) ;
#1505 = ORIENTED_EDGE ( 'NONE', *, *, #4901, .F. ) ;
#1506 = SURFACE_STYLE_USAGE ( .BOTH. , #7439 ) ;
#1507 = VECTOR ( 'NONE', #123, 1000.000000000000000 ) ;
#1508 = AXIS2_PLACEMENT_3D ( 'NONE', #5065, #11953, #6061 ) ;
#1509 =( NAMED_UNIT ( * ) SI_UNIT ( $, .STERADIAN. ) SOLID_ANGLE_UNIT ( ) );
#1510 = ADVANCED_FACE ( 'NONE', ( #2861 ), #9882, .F. ) ;
#1511 = EDGE_CURVE ( 'NONE', #6901, #5771, #10425, .T. ) ;
#1512 = FILL_AREA_STYLE_COLOUR ( '', #9171 ) ;
#1513 = SURFACE_SIDE_STYLE ('',( #12451 ) ) ;
#1514 =( NAMED_UNIT ( * ) SI_UNIT ( $, .STERADIAN. ) SOLID_ANGLE_UNIT ( ) );
#1515 = PLANE ( 'NONE',  #11904 ) ;
#1516 = DIRECTION ( 'NONE',  ( 0.0000000000000000000, 0.0000000000000000000, -1.000000000000000000 ) ) ;
#1517 = LINE ( 'NONE', #2553, #271 ) ;
#1518 = ORIENTED_EDGE ( 'NONE', *, *, #5132, .T. ) ;
#1519 = EDGE_CURVE ( 'NONE', #8060, #3073, #5507, .T. ) ;
#1520 = VECTOR ( 'NONE', #4760, 1000.000000000000000 ) ;
#1521 = ORIENTED_EDGE ( 'NONE', *, *, #5089, .T. ) ;
#1522 = CARTESIAN_POINT ( 'NONE',  ( -1.600000000000000311, 0.5000000000000000000, -0.5000000000000000000 ) ) ;
#1523 = VERTEX_POINT ( 'NONE', #3282 ) ;
#1524 = EDGE_CURVE ( 'NONE', #5730, #12071, #12745, .T. ) ;
#1525 = ORIENTED_EDGE ( 'NONE', *, *, #7413, .T. ) ;
#1526 = LINE ( 'NONE', #1627, #1232 ) ;
#1527 = PLANE ( 'NONE',  #11553 ) ;
#1528 = EDGE_CURVE ( 'NONE', #8764, #3101, #2544, .T. ) ;
#1529 = CARTESIAN_POINT ( 'NONE',  ( 1.082627896215192509, 0.0000000000000000000, -0.4567978275935435928 ) ) ;
#1530 = LINE ( 'NONE', #1381, #6812 ) ;
#1531 = MECHANICAL_DESIGN_GEOMETRIC_PRESENTATION_REPRESENTATION (  '', ( #11707 ), #2187 ) ;
#1532 = ORIENTED_EDGE ( 'NONE', *, *, #6981, .T. ) ;
#1533 = PLANE ( 'NONE',  #8918 ) ;
#1534 = ORIENTED_EDGE ( 'NONE', *, *, #11030, .T. ) ;
#1535 = AXIS2_PLACEMENT_3D ( 'NONE', #10783, #7846, #3954 ) ;
#1536 = DIRECTION ( 'NONE',  ( 0.0000000000000000000, -1.000000000000000000, 0.0000000000000000000 ) ) ;
#1537 = CARTESIAN_POINT ( 'NONE',  ( 1.553297827593543845, 0.0000000000000000000, 0.1016000000000000236 ) ) ;
#1538 = ORIENTED_EDGE ( 'NONE', *, *, #1974, .F. ) ;
#1539 = DIRECTION ( 'NONE',  ( -0.0000000000000000000, -1.000000000000000000, -0.0000000000000000000 ) ) ;
#1540 = EDGE_CURVE ( 'NONE', #12342, #6211, #7528, .T. ) ;
#1542 = CARTESIAN_POINT ( 'NONE',  ( -6.505213034913026604E-16, 0.3949999999999994071, 0.5000000000000000000 ) ) ;
#1541 =( NAMED_UNIT ( * ) SI_UNIT ( $, .STERADIAN. ) SOLID_ANGLE_UNIT ( ) );
#1543 = VECTOR ( 'NONE', #8448, 1000.000000000000000 ) ;
#1544 = CARTESIAN_POINT ( 'NONE',  ( -1.571800000000000308, 0.09999999999999999167, 0.1862000000000001432 ) ) ;
#1545 = CARTESIAN_POINT ( 'NONE',  ( -1.299900000000000277, 0.1000000000000000056, -0.5000000000000002220 ) ) ;
#1546 = ORIENTED_EDGE ( 'NONE', *, *, #12157, .T. ) ;
#1547 = CARTESIAN_POINT ( 'NONE',  ( 1.300163347198079355, 0.1000000000000000056, -0.4874305275949879501 ) ) ;
#1548 = AXIS2_PLACEMENT_3D ( 'NONE', #3789, #10654, #4777 ) ;
#1549 = ADVANCED_FACE ( 'NONE', ( #7845 ), #1357, .F. ) ;
#1550 = EDGE_CURVE ( 'NONE', #3403, #160, #9830, .T. ) ;
#1551 = VECTOR ( 'NONE', #5773, 1000.000000000000000 ) ;
#1552 = ORIENTED_EDGE ( 'NONE', *, *, #5488, .F. ) ;
#1553 = AXIS2_PLACEMENT_3D ( 'NONE', #3749, #10618, #4741 ) ;
#1554 = ORIENTED_EDGE ( 'NONE', *, *, #10733, .T. ) ;
#1555 = AXIS2_PLACEMENT_3D ( 'NONE', #6948, #9851, #6005 ) ;
#1556 = CARTESIAN_POINT ( 'NONE',  ( 0.4691278962151925191, 0.0000000000000000000, 0.4800999999999998047 ) ) ;
#1557 = FACE_OUTER_BOUND ( 'NONE', #7234, .T. ) ;
#1558 = DIRECTION ( 'NONE',  ( -1.000000000000000000, 0.0000000000000000000, -0.0000000000000000000 ) ) ;
#1559 = CARTESIAN_POINT ( 'NONE',  ( 0.1624278962151925743, 0.0000000000000000000, 0.4826978275935431273 ) ) ;
#1560 = FACE_OUTER_BOUND ( 'NONE', #41, .T. ) ;
#1561 = SURFACE_STYLE_USAGE ( .BOTH. , #7486 ) ;
#1562 = CARTESIAN_POINT ( 'NONE',  ( -1.600000000000000311, 0.09999999999999999167, -0.2990000000000001545 ) ) ;
#1563 = EDGE_CURVE ( 'NONE', #4386, #596, #12447, .T. ) ;
#1564 = CARTESIAN_POINT ( 'NONE',  ( -1.582400000000000251, 0.09999999999999999167, 0.1968000000000001137 ) ) ;
#1565 = VERTEX_POINT ( 'NONE', #7330 ) ;
#1566 = SURFACE_STYLE_FILL_AREA ( #6906 ) ;
#1567 = ORIENTED_EDGE ( 'NONE', *, *, #6765, .T. ) ;
#1568 = ORIENTED_EDGE ( 'NONE', *, *, #7071, .T. ) ;
#1569 = CARTESIAN_POINT ( 'NONE',  ( -1.600000000000000311, 0.09999999999999999167, -0.1999000000000000221 ) ) ;
#1570 = EDGE_CURVE ( 'NONE', #11528, #5470, #7223, .T. ) ;
#1571 = CIRCLE ( 'NONE', #558, 0.3001000000000000334 ) ;
#1572 = FILL_AREA_STYLE_COLOUR ( '', #10226 ) ;
#1573 = VECTOR ( 'NONE', #8284, 1000.000000000000000 ) ;
#1574 = EDGE_CURVE ( 'NONE', #9230, #3372, #1954, .T. ) ;
#1575 = DIRECTION ( 'NONE',  ( 0.0000000000000000000, 0.0000000000000000000, 1.000000000000000000 ) ) ;
#1576 = STYLED_ITEM ( 'NONE', ( #9658 ), #5841 ) ;
#1577 = DIRECTION ( 'NONE',  ( 0.0000000000000000000, -1.000000000000000000, 0.0000000000000000000 ) ) ;
#1578 = ADVANCED_FACE ( 'NONE', ( #4905 ), #9219, .T. ) ;
#1579 = ORIENTED_EDGE ( 'NONE', *, *, #11263, .T. ) ;
#1580 = ORIENTED_EDGE ( 'NONE', *, *, #10298, .F. ) ;
#1581 = SURFACE_STYLE_USAGE ( .BOTH. , #7511 ) ;
#1582 = CARTESIAN_POINT ( 'NONE',  ( -0.7009000000000000785, 0.1000000000000000056, 0.05229999999999980498 ) ) ;
#1583 = FILL_AREA_STYLE_COLOUR ( '', #755 ) ;
#1584 = CIRCLE ( 'NONE', #1941, 0.3000999999999999779 ) ;
#1585 = LINE ( 'NONE', #8070, #1279 ) ;
#1586 = LINE ( 'NONE', #12712, #1280 ) ;
#1588 = CARTESIAN_POINT ( 'NONE',  ( -1.103100000000000414, 0.5000000000000000000, 0.4718000000000000527 ) ) ;
#1587 = DIRECTION ( 'NONE',  ( -0.0000000000000000000, 1.000000000000000000, -0.0000000000000000000 ) ) ;
#1589 = PRESENTATION_LAYER_ASSIGNMENT (  '', '', ( #9122 ) ) ;
#1590 = PRESENTATION_LAYER_ASSIGNMENT (  '', '', ( #257 ) ) ;
#1591 = FACE_OUTER_BOUND ( 'NONE', #5482, .T. ) ;
#1592 = VERTEX_POINT ( 'NONE', #7375 ) ;
#1593 = PLANE ( 'NONE',  #4301 ) ;
#1594 = COLOUR_RGB ( '',0.8941176470588234615, 0.9137254901960784048, 0.9294117647058823817 ) ;
#1595 = VERTEX_POINT ( 'NONE', #1445 ) ;
#1596 =( NAMED_UNIT ( * ) PLANE_ANGLE_UNIT ( ) SI_UNIT ( $, .RADIAN. ) );
#1597 = CARTESIAN_POINT ( 'NONE',  ( -1.296800000000000397, 0.09999999999999999167, 0.4823999999999999955 ) ) ;
#1598 = LINE ( 'NONE', #7442, #4229 ) ;
#1599 = EDGE_CURVE ( 'NONE', #10159, #6956, #6610, .T. ) ;
#1600 = CARTESIAN_POINT ( 'NONE',  ( -0.3175278962151925066, 0.1000000000000000056, 0.4870999999999999219 ) ) ;
#1601 = DIRECTION ( 'NONE',  ( 0.0000000000000000000, 1.000000000000000000, 0.0000000000000000000 ) ) ;
#1602 = CARTESIAN_POINT ( 'NONE',  ( -1.600000000000000311, 0.5000000000000000000, 0.2990000000000000990 ) ) ;
#1603 = DIRECTION ( 'NONE',  ( 0.0000000000000000000, 0.0000000000000000000, 1.000000000000000000 ) ) ;
#1604 = EDGE_LOOP ( 'NONE', ( #3856, #353, #10958, #11440 ) ) ;
#1605 = VECTOR ( 'NONE', #8200, 1000.000000000000000 ) ;
#1606 = STYLED_ITEM ( 'NONE', ( #135 ), #12668 ) ;
#1607 = VECTOR ( 'NONE', #151, 1000.000000000000000 ) ;
#1608 = EDGE_CURVE ( 'NONE', #8382, #871, #9521, .T. ) ;
#1609 = EDGE_LOOP ( 'NONE', ( #5009, #8774, #9386, #5980 ) ) ;
#1610 = AXIS2_PLACEMENT_3D ( 'NONE', #12119, #6222, #289 ) ;
#1611 = ORIENTED_EDGE ( 'NONE', *, *, #5084, .F. ) ;
#1612 = FACE_OUTER_BOUND ( 'NONE', #8486, .T. ) ;
#1613 = ORIENTED_EDGE ( 'NONE', *, *, #6897, .F. ) ;
#1614 = DIRECTION ( 'NONE',  ( 0.0000000000000000000, -0.0000000000000000000, 1.000000000000000000 ) ) ;
#1615 = AXIS2_PLACEMENT_3D ( 'NONE', #11341, #475, #5438 ) ;
#1616 =( LENGTH_UNIT ( ) NAMED_UNIT ( * ) SI_UNIT ( .MILLI., .METRE. ) );
#1617 = ADVANCED_FACE ( 'NONE', ( #1333 ), #4421, .F. ) ;
#1618 = ORIENTED_EDGE ( 'NONE', *, *, #12645, .T. ) ;
#1619 = ORIENTED_EDGE ( 'NONE', *, *, #4411, .F. ) ;
#1620 = DIRECTION ( 'NONE',  ( 0.0000000000000000000, -1.000000000000000000, 0.0000000000000000000 ) ) ;
#1621 = CIRCLE ( 'NONE', #12693, 0.01500217240645647723 ) ;
#1622 = LINE ( 'NONE', #10418, #11490 ) ;
#1623 = DIRECTION ( 'NONE',  ( 0.0000000000000000000, 0.0000000000000000000, -1.000000000000000000 ) ) ;
#1624 = VERTEX_POINT ( 'NONE', #7415 ) ;
#1625 = CARTESIAN_POINT ( 'NONE',  ( -1.307400000000000118, 0.5000000000000000000, 0.5000000000000000000 ) ) ;
#1626 = ORIENTED_EDGE ( 'NONE', *, *, #5317, .F. ) ;
#1627 = CARTESIAN_POINT ( 'NONE',  ( -0.1774300686216492007, 0.1000000000000000056, 0.4976999999999999202 ) ) ;
#1628 = LINE ( 'NONE', #10821, #5982 ) ;
#1629 =( LENGTH_UNIT ( ) NAMED_UNIT ( * ) SI_UNIT ( .MILLI., .METRE. ) );
#1630 =( NAMED_UNIT ( * ) SI_UNIT ( $, .STERADIAN. ) SOLID_ANGLE_UNIT ( ) );
#1631 = CIRCLE ( 'NONE', #7337, 0.3000999999999999779 ) ;
#1632 =( GEOMETRIC_REPRESENTATION_CONTEXT ( 3 ) GLOBAL_UNCERTAINTY_ASSIGNED_CONTEXT ( ( #12292 ) ) GLOBAL_UNIT_ASSIGNED_CONTEXT ( ( #7992, #2059, #8980 ) ) REPRESENTATION_CONTEXT ( 'NONE', 'WORKASPACE' ) );
#1633 = ORIENTED_EDGE ( 'NONE', *, *, #1894, .F. ) ;
#1634 = DIRECTION ( 'NONE',  ( 0.0000000000000000000, -1.000000000000000000, 0.0000000000000000000 ) ) ;
#1635 = CIRCLE ( 'NONE', #8447, 0.01500217240645655876 ) ;
#1636 = LINE ( 'NONE', #11735, #1324 ) ;
#1637 = LINE ( 'NONE', #9076, #3969 ) ;
#1638 = DIRECTION ( 'NONE',  ( -1.000000000000000000, 0.0000000000000000000, -4.843431639425975498E-16 ) ) ;
#1639 = ORIENTED_EDGE ( 'NONE', *, *, #6765, .F. ) ;
#1640 = DIRECTION ( 'NONE',  ( -0.0000000000000000000, 1.000000000000000000, -0.0000000000000000000 ) ) ;
#1641 = DIRECTION ( 'NONE',  ( 0.0000000000000000000, -1.000000000000000000, 0.0000000000000000000 ) ) ;
#1642 = DIRECTION ( 'NONE',  ( 0.0000000000000000000, 1.000000000000000000, 0.0000000000000000000 ) ) ;
#1643 = CARTESIAN_POINT ( 'NONE',  ( 0.6304257238087359605, 0.0000000000000000000, 0.4976999999999999202 ) ) ;
#1644 = VECTOR ( 'NONE', #4457, 1000.000000000000000 ) ;
#1645 = DIRECTION ( 'NONE',  ( -1.107775638063495441E-17, 0.0000000000000000000, -1.000000000000000000 ) ) ;
#1646 = ADVANCED_FACE ( 'NONE', ( #8929 ), #3655, .F. ) ;
#1647 = CARTESIAN_POINT ( 'NONE',  ( -0.6304257238087360715, 0.1000000000000000056, 0.4826978275935433493 ) ) ;
#1648 = CIRCLE ( 'NONE', #1899, 0.2891000000000000236 ) ;
#1649 = CARTESIAN_POINT ( 'NONE',  ( -0.3352278962151924446, 0.1000000000000000056, -0.2153021724064569098 ) ) ;
#1650 = CARTESIAN_POINT ( 'NONE',  ( -0.3281278962151925049, 0.1000000000000000056, 0.4694999999999999174 ) ) ;
#1651 = DIRECTION ( 'NONE',  ( 1.000000000000000000, 0.0000000000000000000, -0.0000000000000000000 ) ) ;
#1652 = EDGE_CURVE ( 'NONE', #83, #11841, #4276, .T. ) ;
#1653 = FACE_OUTER_BOUND ( 'NONE', #10232, .T. ) ;
#1654 = EDGE_CURVE ( 'NONE', #11163, #10555, #11515, .T. ) ;
#1655 = MECHANICAL_DESIGN_GEOMETRIC_PRESENTATION_REPRESENTATION (  '', ( #11832 ), #2301 ) ;
#1656 = ORIENTED_EDGE ( 'NONE', *, *, #2865, .F. ) ;
#1657 = CARTESIAN_POINT ( 'NONE',  ( 1.399000000000000243, 0.0000000000000000000, -0.5000000000000002220 ) ) ;
#1658 = EDGE_CURVE ( 'NONE', #7047, #5382, #6293, .T. ) ;
#1659 = CARTESIAN_POINT ( 'NONE',  ( 1.067625723808735883, 0.0000000000000000000, -0.2003000000000002001 ) ) ;
#1660 = CARTESIAN_POINT ( 'NONE',  ( 1.071200000000000374, 0.1000000000000000056, 0.4567978275935433707 ) ) ;
#1661 = ORIENTED_EDGE ( 'NONE', *, *, #3517, .T. ) ;
#1662 = CARTESIAN_POINT ( 'NONE',  ( -1.600000000000000311, 0.5000000000000000000, -0.5000000000000000000 ) ) ;
#1663 = PRESENTATION_STYLE_ASSIGNMENT (( #9188 ) ) ;
#1664 = CARTESIAN_POINT ( 'NONE',  ( 0.3352278962151924446, 0.0000000000000000000, -0.2153021724064569098 ) ) ;
#1665 =( LENGTH_UNIT ( ) NAMED_UNIT ( * ) SI_UNIT ( .MILLI., .METRE. ) );
#1666 = ORIENTED_EDGE ( 'NONE', *, *, #8174, .F. ) ;
#1667 = DIRECTION ( 'NONE',  ( 0.0000000000000000000, -1.000000000000000000, 0.0000000000000000000 ) ) ;
#1668 = PRESENTATION_LAYER_ASSIGNMENT (  '', '', ( #12487 ) ) ;
#1669 =( NAMED_UNIT ( * ) PLANE_ANGLE_UNIT ( ) SI_UNIT ( $, .RADIAN. ) );
#1670 = FILL_AREA_STYLE ('',( #10490 ) ) ;
#1671 = SURFACE_STYLE_FILL_AREA ( #2173 ) ;
#1672 = CIRCLE ( 'NONE', #4030, 0.2891000000000000236 ) ;
#1673 = VERTEX_POINT ( 'NONE', #6474 ) ;
#1674 = SURFACE_STYLE_FILL_AREA ( #999 ) ;
#1675 = VERTEX_POINT ( 'NONE', #7456 ) ;
#1676 = CARTESIAN_POINT ( 'NONE',  ( -0.1774300686216492007, 0.1000000000000000056, 0.4976999999999999202 ) ) ;
#1677 = DIRECTION ( 'NONE',  ( 1.000000000000000000, 0.0000000000000000000, -0.0000000000000000000 ) ) ;
#1678 =( LENGTH_UNIT ( ) NAMED_UNIT ( * ) SI_UNIT ( .MILLI., .METRE. ) );
#1679 = ADVANCED_FACE ( 'NONE', ( #8609 ), #534, .F. ) ;
#1680 =( NAMED_UNIT ( * ) PLANE_ANGLE_UNIT ( ) SI_UNIT ( $, .RADIAN. ) );
#1681 = PRESENTATION_LAYER_ASSIGNMENT (  '', '', ( #347 ) ) ;
#1682 = FILL_AREA_STYLE_COLOUR ( '', #3051 ) ;
#1683 = LINE ( 'NONE', #1600, #6657 ) ;
#1684 = ORIENTED_EDGE ( 'NONE', *, *, #10333, .T. ) ;
#1685 = EDGE_CURVE ( 'NONE', #7585, #2232, #6001, .T. ) ;
#1686 = FACE_OUTER_BOUND ( 'NONE', #773, .T. ) ;
#1687 = AXIS2_PLACEMENT_3D ( 'NONE', #11359, #5459, #12358 ) ;
#1688 = ORIENTED_EDGE ( 'NONE', *, *, #10097, .F. ) ;
#1689 = CARTESIAN_POINT ( 'NONE',  ( 0.1005151071698142246, 0.0000000000000000000, -0.4976000000000002643 ) ) ;
#1690 = SURFACE_STYLE_USAGE ( .BOTH. , #7616 ) ;
#1691 = ORIENTED_EDGE ( 'NONE', *, *, #7707, .F. ) ;
#1692 = DIRECTION ( 'NONE',  ( -1.000000000000000000, -0.0000000000000000000, -0.0000000000000000000 ) ) ;
#1693 = MECHANICAL_DESIGN_GEOMETRIC_PRESENTATION_REPRESENTATION (  '', ( #351 ), #2336 ) ;
#1694 = VECTOR ( 'NONE', #9235, 1000.000000000000000 ) ;
#1695 = EDGE_CURVE ( 'NONE', #12278, #5080, #1049, .T. ) ;
#1696 = SURFACE_SIDE_STYLE ('',( #4728 ) ) ;
#1697 =( LENGTH_UNIT ( ) NAMED_UNIT ( * ) SI_UNIT ( .MILLI., .METRE. ) );
#1698 = EDGE_LOOP ( 'NONE', ( #5879, #6603, #12082, #1036 ) ) ;
#1699 = ORIENTED_EDGE ( 'NONE', *, *, #11141, .F. ) ;
#1700 =( NAMED_UNIT ( * ) SI_UNIT ( $, .STERADIAN. ) SOLID_ANGLE_UNIT ( ) );
#1701 = MECHANICAL_DESIGN_GEOMETRIC_PRESENTATION_REPRESENTATION (  '', ( #12524 ), #2348 ) ;
#1702 = ORIENTED_EDGE ( 'NONE', *, *, #6305, .F. ) ;
#1703 = COLOUR_RGB ( '',0.9686274509803921573, 0.8784313725490195957, 0.5999999999999999778 ) ;
#1704 = ADVANCED_FACE ( 'NONE', ( #8282 ), #2451, .T. ) ;
#1705 = CARTESIAN_POINT ( 'NONE',  ( -1.299900000000000277, -0.0000000000000000000, -0.5000000000000002220 ) ) ;
#1706 = ORIENTED_EDGE ( 'NONE', *, *, #90, .T. ) ;
#1707 = STYLED_ITEM ( 'NONE', ( #12684 ), #7280 ) ;
#1708 = CARTESIAN_POINT ( 'NONE',  ( -1.568300000000000249, 0.1000000000000000056, 0.1963566009016781411 ) ) ;
#1709 = AXIS2_PLACEMENT_3D ( 'NONE', #8922, #2960, #9885 ) ;
#1710 = VERTEX_POINT ( 'NONE', #3425 ) ;
#1711 = CARTESIAN_POINT ( 'NONE',  ( 1.600030214339628554, 0.1000000000000000056, -0.04990000000000015257 ) ) ;
#1712 = ORIENTED_EDGE ( 'NONE', *, *, #3283, .F. ) ;
#1713 = ORIENTED_EDGE ( 'NONE', *, *, #10370, .T. ) ;
#1714 = LINE ( 'NONE', #564, #4052 ) ;
#1715 = ORIENTED_EDGE ( 'NONE', *, *, #11901, .T. ) ;
#1716 = FACE_OUTER_BOUND ( 'NONE', #8759, .T. ) ;
#1717 = SURFACE_STYLE_USAGE ( .BOTH. , #7646 ) ;
#1718 = LINE ( 'NONE', #9839, #4059 ) ;
#1719 = VERTEX_POINT ( 'NONE', #5414 ) ;
#1720 = SURFACE_STYLE_USAGE ( .BOTH. , #7648 ) ;
#1721 = SURFACE_SIDE_STYLE ('',( #9360 ) ) ;
#1722 =( NAMED_UNIT ( * ) PLANE_ANGLE_UNIT ( ) SI_UNIT ( $, .RADIAN. ) );
#1723 = EDGE_CURVE ( 'NONE', #4791, #3569, #3328, .T. ) ;
#1724 = DIRECTION ( 'NONE',  ( 0.0000000000000000000, 0.0000000000000000000, -1.000000000000000000 ) ) ;
#1725 = DIRECTION ( 'NONE',  ( 0.0000000000000000000, 0.0000000000000000000, 1.000000000000000000 ) ) ;
#1726 = AXIS2_PLACEMENT_3D ( 'NONE', #3586, #7572, #1651 ) ;
#1727 = MECHANICAL_DESIGN_GEOMETRIC_PRESENTATION_REPRESENTATION (  '', ( #394 ), #2369 ) ;
#1728 = DIRECTION ( 'NONE',  ( 1.000000000000000000, 0.0000000000000000000, 0.0000000000000000000 ) ) ;
#1729 = ORIENTED_EDGE ( 'NONE', *, *, #625, .F. ) ;
#1730 = PLANE ( 'NONE',  #3344 ) ;
#1731 = LINE ( 'NONE', #56, #6706 ) ;
#1732 = ORIENTED_EDGE ( 'NONE', *, *, #11839, .F. ) ;
#1733 = DIRECTION ( 'NONE',  ( -0.0000000000000000000, -0.0000000000000000000, -1.000000000000000000 ) ) ;
#1734 = EDGE_CURVE ( 'NONE', #5550, #792, #730, .T. ) ;
#1735 = ORIENTED_EDGE ( 'NONE', *, *, #6476, .T. ) ;
#1736 = DIRECTION ( 'NONE',  ( -0.0000000000000000000, -1.000000000000000000, -0.0000000000000000000 ) ) ;
#1737 = PRESENTATION_STYLE_ASSIGNMENT (( #1391 ) ) ;
#1738 = VECTOR ( 'NONE', #7925, 1000.000000000000000 ) ;
#1739 = CARTESIAN_POINT ( 'NONE',  ( -0.6454278962151924759, 0.0000000000000000000, 0.4826978275935432383 ) ) ;
#1740 = DIRECTION ( 'NONE',  ( -0.7071067811865474617, -0.0000000000000000000, -0.7071067811865474617 ) ) ;
#1741 = EDGE_CURVE ( 'NONE', #9663, #7545, #10573, .T. ) ;
#1742 = VECTOR ( 'NONE', #1959, 1000.000000000000000 ) ;
#1743 = CARTESIAN_POINT ( 'NONE',  ( -1.582400000000000251, 0.5000000000000000000, 0.1968000000000001137 ) ) ;
#1744 = CARTESIAN_POINT ( 'NONE',  ( 1.086202172406457001, 0.1000000000000000056, 0.4718000000000000527 ) ) ;
#1745 = EDGE_LOOP ( 'NONE', ( #9125, #10336, #7985, #12389 ) ) ;
#1746 = DIRECTION ( 'NONE',  ( 5.601979127806940577E-17, 0.0000000000000000000, 1.000000000000000000 ) ) ;
#1747 = FILL_AREA_STYLE_COLOUR ( '', #12772 ) ;
#1748 = ORIENTED_EDGE ( 'NONE', *, *, #9721, .T. ) ;
#1749 = ADVANCED_FACE ( 'NONE', ( #7993 ), #10253, .T. ) ;
#1750 = FACE_OUTER_BOUND ( 'NONE', #9117, .T. ) ;
#1751 = LINE ( 'NONE', #5933, #6721 ) ;
#1752 = UNCERTAINTY_MEASURE_WITH_UNIT (LENGTH_MEASURE( 1.000000000000000082E-05 ), #10105, 'distance_accuracy_value', 'NONE');
#1753 = DIRECTION ( 'NONE',  ( 0.0000000000000000000, -1.000000000000000000, 0.0000000000000000000 ) ) ;
#1754 = SURFACE_SIDE_STYLE ('',( #7257 ) ) ;
#1755 = SURFACE_SIDE_STYLE ('',( #2357 ) ) ;
#1756 = DIRECTION ( 'NONE',  ( 0.0000000000000000000, 0.0000000000000000000, 1.000000000000000000 ) ) ;
#1757 = ORIENTED_EDGE ( 'NONE', *, *, #5497, .F. ) ;
#1758 = LINE ( 'NONE', #10423, #7043 ) ;
#1759 = VERTEX_POINT ( 'NONE', #7462 ) ;
#1760 = ORIENTED_EDGE ( 'NONE', *, *, #5268, .F. ) ;
#1761 = CARTESIAN_POINT ( 'NONE',  ( -1.067625723808735883, -0.0000000000000000000, -0.2003000000000002001 ) ) ;
#1762 = CIRCLE ( 'NONE', #4317, 0.2009999999999999010 ) ;
#1763 = CARTESIAN_POINT ( 'NONE',  ( -1.296800000000000397, 0.09999999999999999167, 0.4893999999999999462 ) ) ;
#1764 = SURFACE_SIDE_STYLE ('',( #4492 ) ) ;
#1765 = LINE ( 'NONE', #2041, #6742 ) ;
#1766 = DIRECTION ( 'NONE',  ( 0.0000000000000000000, 0.0000000000000000000, -1.000000000000000000 ) ) ;
#1767 = EDGE_CURVE ( 'NONE', #12540, #8528, #103, .T. ) ;
#1768 = CARTESIAN_POINT ( 'NONE',  ( 1.316595130599349295, 0.09999999999999999167, 0.4012999999999999901 ) ) ;
#1769 = ADVANCED_FACE ( 'NONE', ( #5340 ), #1533, .T. ) ;
#1770 = PRESENTATION_STYLE_ASSIGNMENT (( #2898 ) ) ;
#1771 = CYLINDRICAL_SURFACE ( 'NONE', #8124, 0.01500217240645653274 ) ;
#1772 = CARTESIAN_POINT ( 'NONE',  ( -0.4691278962151925191, 0.1000000000000000056, 0.4800999999999999157 ) ) ;
#1773 = ORIENTED_EDGE ( 'NONE', *, *, #1059, .F. ) ;
#1774 = DIRECTION ( 'NONE',  ( -0.0000000000000000000, -0.0000000000000000000, -1.000000000000000000 ) ) ;
#1775 = DIRECTION ( 'NONE',  ( 0.0000000000000000000, 0.0000000000000000000, -1.000000000000000000 ) ) ;
#1776 = FACE_OUTER_BOUND ( 'NONE', #8940, .T. ) ;
#1777 = ORIENTED_EDGE ( 'NONE', *, *, #11141, .T. ) ;
#1778 = DIRECTION ( 'NONE',  ( -4.843431639425975498E-16, -0.0000000000000000000, 1.000000000000000000 ) ) ;
#1779 = ORIENTED_EDGE ( 'NONE', *, *, #625, .T. ) ;
#1780 = CARTESIAN_POINT ( 'NONE',  ( -0.1774300686216492007, 0.1000000000000000056, 0.4976999999999999202 ) ) ;
#1781 = SURFACE_STYLE_FILL_AREA ( #8113 ) ;
#1782 = EDGE_CURVE ( 'NONE', #12689, #12343, #11989, .T. ) ;
#1783 = AXIS2_PLACEMENT_3D ( 'NONE', #6512, #574, #7488 ) ;
#1784 = LINE ( 'NONE', #11202, #6754 ) ;
#1785 = MECHANICAL_DESIGN_GEOMETRIC_PRESENTATION_REPRESENTATION (  '', ( #446 ), #2421 ) ;
#1786 = UNCERTAINTY_MEASURE_WITH_UNIT (LENGTH_MEASURE( 1.000000000000000082E-05 ), #8894, 'distance_accuracy_value', 'NONE');
#1787 = DIRECTION ( 'NONE',  ( 0.0000000000000000000, 1.000000000000000000, 0.0000000000000000000 ) ) ;
#1788 = SURFACE_SIDE_STYLE ('',( #11274 ) ) ;
#1789 = EDGE_LOOP ( 'NONE', ( #4809, #5732, #1040, #2797, #10882 ) ) ;
#1790 = VECTOR ( 'NONE', #11522, 1000.000000000000000 ) ;
#1791 = CARTESIAN_POINT ( 'NONE',  ( -1.547025723808735931, 0.1000000000000000056, -0.1167021724064566529 ) ) ;
#1792 = CARTESIAN_POINT ( 'NONE',  ( -0.3325300686216491330, 0.1000000000000000056, -0.1017000000000001098 ) ) ;
#1793 = FACE_OUTER_BOUND ( 'NONE', #11481, .T. ) ;
#1794 = EDGE_LOOP ( 'NONE', ( #12315, #485, #8702, #9856 ) ) ;
#1795 = UNCERTAINTY_MEASURE_WITH_UNIT (LENGTH_MEASURE( 1.000000000000000082E-05 ), #4474, 'distance_accuracy_value', 'NONE');
#1796 = COLOUR_RGB ( '',0.9686274509803921573, 0.8784313725490195957, 0.5999999999999999778 ) ;
#1797 = DIRECTION ( 'NONE',  ( -0.0000000000000000000, -1.000000000000000000, -0.0000000000000000000 ) ) ;
#1798 = CARTESIAN_POINT ( 'NONE',  ( -1.021700000000000497, 0.0000000000000000000, 0.4999999999999997780 ) ) ;
#1799 = LINE ( 'NONE', #5874, #560 ) ;
#1800 = ORIENTED_EDGE ( 'NONE', *, *, #8868, .T. ) ;
#1801 = PRESENTATION_LAYER_ASSIGNMENT (  '', '', ( #1159 ) ) ;
#1802 =( NAMED_UNIT ( * ) SI_UNIT ( $, .STERADIAN. ) SOLID_ANGLE_UNIT ( ) );
#1803 = CIRCLE ( 'NONE', #11352, 0.01500217240645653274 ) ;
#1804 = MECHANICAL_DESIGN_GEOMETRIC_PRESENTATION_REPRESENTATION (  '', ( #11982 ), #2436 ) ;
#1805 = MECHANICAL_DESIGN_GEOMETRIC_PRESENTATION_REPRESENTATION (  '', ( #474 ), #2437 ) ;
#1806 = ORIENTED_EDGE ( 'NONE', *, *, #1442, .T. ) ;
#1807 =( NAMED_UNIT ( * ) PLANE_ANGLE_UNIT ( ) SI_UNIT ( $, .RADIAN. ) );
#1808 = CARTESIAN_POINT ( 'NONE',  ( 1.600030214339628554, 0.1000000000000000056, 0.05229999999999978416 ) ) ;
#1809 = DIRECTION ( 'NONE',  ( 0.0000000000000000000, 0.0000000000000000000, 1.000000000000000000 ) ) ;
#1810 = ADVANCED_FACE ( 'NONE', ( #1793 ), #5549, .F. ) ;
#1811 = VECTOR ( 'NONE', #1736, 1000.000000000000000 ) ;
#1812 = DIRECTION ( 'NONE',  ( 0.0000000000000000000, 0.0000000000000000000, 1.000000000000000000 ) ) ;
#1813 = VECTOR ( 'NONE', #10308, 1000.000000000000000 ) ;
#1814 = CARTESIAN_POINT ( 'NONE',  ( 1.553297827593543845, 0.1000000000000000056, 0.1016000000000000236 ) ) ;
#1815 = PLANE ( 'NONE',  #10970 ) ;
#1816 = ORIENTED_EDGE ( 'NONE', *, *, #12357, .T. ) ;
#1817 = FACE_OUTER_BOUND ( 'NONE', #6598, .T. ) ;
#1818 = EDGE_CURVE ( 'NONE', #3247, #12343, #4112, .T. ) ;
#1819 = CARTESIAN_POINT ( 'NONE',  ( -1.589400000000000368, 0.09999999999999999167, 0.1968000000000001137 ) ) ;
#1820 = EDGE_CURVE ( 'NONE', #5787, #6210, #6761, .T. ) ;
#1821 = PRESENTATION_LAYER_ASSIGNMENT (  '', '', ( #492 ) ) ;
#1822 = ORIENTED_EDGE ( 'NONE', *, *, #8387, .T. ) ;
#1823 = CARTESIAN_POINT ( 'NONE',  ( -0.3766000000000001569, -0.0000000000000000000, -0.04990000000000019420 ) ) ;
#1824 = VECTOR ( 'NONE', #10900, 1000.000000000000000 ) ;
#1825 = DIRECTION ( 'NONE',  ( 1.000000000000000000, 0.0000000000000000000, -0.0000000000000000000 ) ) ;
#1826 = DIRECTION ( 'NONE',  ( -5.601979127806940577E-17, 0.0000000000000000000, -1.000000000000000000 ) ) ;
#1827 = DIRECTION ( 'NONE',  ( 0.0000000000000000000, -0.0000000000000000000, -1.000000000000000000 ) ) ;
#1828 = COLOUR_RGB ( '',0.9686274509803921573, 0.8784313725490195957, 0.5999999999999999778 ) ;
#1829 = DIRECTION ( 'NONE',  ( 0.0000000000000000000, -1.000000000000000000, 0.0000000000000000000 ) ) ;
#1830 = COLOUR_RGB ( '',1.000000000000000000, 1.000000000000000000, 1.000000000000000000 ) ;
#1831 = LINE ( 'NONE', #782, #9104 ) ;
#1832 = ADVANCED_FACE ( 'NONE', ( #11671 ), #5592, .T. ) ;
#1833 = ORIENTED_EDGE ( 'NONE', *, *, #8478, .T. ) ;
#1834 = SURFACE_SIDE_STYLE ('',( #11997 ) ) ;
#1835 = PRESENTATION_LAYER_ASSIGNMENT (  '', '', ( #504 ) ) ;
#1836 = DIRECTION ( 'NONE',  ( -0.0000000000000000000, -0.0000000000000000000, -1.000000000000000000 ) ) ;
#1837 = ORIENTED_EDGE ( 'NONE', *, *, #10060, .T. ) ;
#1838 = UNCERTAINTY_MEASURE_WITH_UNIT (LENGTH_MEASURE( 1.000000000000000082E-05 ), #10990, 'distance_accuracy_value', 'NONE');
#1839 = DIRECTION ( 'NONE',  ( 1.000000000000000000, -0.0000000000000000000, -0.0000000000000000000 ) ) ;
#1840 = ORIENTED_EDGE ( 'NONE', *, *, #961, .T. ) ;
#1841 = LINE ( 'NONE', #1582, #5717 ) ;
#1842 = PRODUCT ( '155124M173200', '155124M173200', '', ( #3936 ) ) ;
#1843 = LINE ( 'NONE', #9285, #11727 ) ;
#1844 = CIRCLE ( 'NONE', #1205, 0.3000999999999999779 ) ;
#1845 = ORIENTED_EDGE ( 'NONE', *, *, #1652, .F. ) ;
#1846 = VECTOR ( 'NONE', #1260, 1000.000000000000000 ) ;
#1847 = DIRECTION ( 'NONE',  ( 1.000000000000000000, 0.0000000000000000000, -0.0000000000000000000 ) ) ;
#1848 = ORIENTED_EDGE ( 'NONE', *, *, #10544, .T. ) ;
#1849 = ORIENTED_EDGE ( 'NONE', *, *, #614, .F. ) ;
#1850 = ORIENTED_EDGE ( 'NONE', *, *, #6300, .T. ) ;
#1851 = DIRECTION ( 'NONE',  ( 1.358513147160064791E-17, -0.0000000000000000000, -1.000000000000000000 ) ) ;
#1852 = CARTESIAN_POINT ( 'NONE',  ( 1.568300000000000249, 0.0000000000000000000, 0.1963566009016785296 ) ) ;
#1853 =( NAMED_UNIT ( * ) PLANE_ANGLE_UNIT ( ) SI_UNIT ( $, .RADIAN. ) );
#1854 = AXIS2_PLACEMENT_3D ( 'NONE', #9173, #2331, #9260 ) ;
#1855 = SURFACE_STYLE_FILL_AREA ( #11996 ) ;
#1856 = CARTESIAN_POINT ( 'NONE',  ( 1.562027896215192557, 0.1000000000000000056, -0.1167021724064567917 ) ) ;
#1857 = EDGE_CURVE ( 'NONE', #1719, #8973, #8126, .T. ) ;
#1858 = CARTESIAN_POINT ( 'NONE',  ( -1.100000000000000755, 0.5000000000000000000, 0.5000000000000000000 ) ) ;
#1859 = FILL_AREA_STYLE_COLOUR ( '', #7885 ) ;
#1860 = PRESENTATION_LAYER_ASSIGNMENT (  '', '', ( #1207 ) ) ;
#1861 = FACE_OUTER_BOUND ( 'NONE', #12477, .T. ) ;
#1862 = CARTESIAN_POINT ( 'NONE',  ( 1.600000000000000311, 0.1000000000000000056, 0.5000000000000000000 ) ) ;
#1863 = CARTESIAN_POINT ( 'NONE',  ( -1.100000000000000755, 0.5000000000000000000, -0.5000000000000000000 ) ) ;
#1864 = UNCERTAINTY_MEASURE_WITH_UNIT (LENGTH_MEASURE( 1.000000000000000082E-05 ), #520, 'distance_accuracy_value', 'NONE');
#1865 =( GEOMETRIC_REPRESENTATION_CONTEXT ( 3 ) GLOBAL_UNCERTAINTY_ASSIGNED_CONTEXT ( ( #3117 ) ) GLOBAL_UNIT_ASSIGNED_CONTEXT ( ( #11543, #5645, #12532 ) ) REPRESENTATION_CONTEXT ( 'NONE', 'WORKASPACE' ) );
#1866 = CARTESIAN_POINT ( 'NONE',  ( -1.583302172406456876, 0.1000000000000000056, 0.1963566009016781411 ) ) ;
#1867 = ORIENTED_EDGE ( 'NONE', *, *, #8873, .F. ) ;
#1868 = DIRECTION ( 'NONE',  ( 0.0000000000000000000, 1.000000000000000000, 0.0000000000000000000 ) ) ;
#1869 = DIRECTION ( 'NONE',  ( -0.0000000000000000000, 1.000000000000000000, -0.0000000000000000000 ) ) ;
#1870 = VERTEX_POINT ( 'NONE', #7633 ) ;
#1871 = LINE ( 'NONE', #5752, #11110 ) ;
#1872 = VERTEX_POINT ( 'NONE', #732 ) ;
#1873 = VERTEX_POINT ( 'NONE', #1705 ) ;
#1874 = SURFACE_STYLE_FILL_AREA ( #8890 ) ;
#1875 = LINE ( 'NONE', #540, #12064 ) ;
#1876 = DIRECTION ( 'NONE',  ( 0.0000000000000000000, -1.000000000000000000, 0.0000000000000000000 ) ) ;
#1877 = CARTESIAN_POINT ( 'NONE',  ( -0.4585278962151925208, 0.1000000000000000056, 0.4694999999999999174 ) ) ;
#1878 = ADVANCED_FACE ( 'NONE', ( #10411 ), #11491, .T. ) ;
#1879 = AXIS2_PLACEMENT_3D ( 'NONE', #1711, #5693, #12581 ) ;
#1880 = ORIENTED_EDGE ( 'NONE', *, *, #1782, .T. ) ;
#1881 = VECTOR ( 'NONE', #8801, 1000.000000000000000 ) ;
#1882 = ORIENTED_EDGE ( 'NONE', *, *, #10722, .F. ) ;
#1883 = ORIENTED_EDGE ( 'NONE', *, *, #9185, .F. ) ;
#1884 = PLANE ( 'NONE',  #4087 ) ;
#1885 = DIRECTION ( 'NONE',  ( 0.0000000000000000000, 0.0000000000000000000, 1.000000000000000000 ) ) ;
#1886 = PRESENTATION_LAYER_ASSIGNMENT (  '', '', ( #12700 ) ) ;
#1887 = CARTESIAN_POINT ( 'NONE',  ( 1.600000000000000311, 0.0000000000000000000, 0.2108999999999999764 ) ) ;
#1888 = ORIENTED_EDGE ( 'NONE', *, *, #4251, .T. ) ;
#1889 = CARTESIAN_POINT ( 'NONE',  ( 1.086202172406457001, 0.1000000000000000056, 0.1016000000000000097 ) ) ;
#1890 = VERTEX_POINT ( 'NONE', #10174 ) ;
#1891 = CARTESIAN_POINT ( 'NONE',  ( -1.296184350947589881, 0.0000000000000000000, 0.4868021724064562350 ) ) ;
#1892 = EDGE_LOOP ( 'NONE', ( #878, #11627, #7807, #9052 ) ) ;
#1893 = CARTESIAN_POINT ( 'NONE',  ( 0.3175278962151924511, 0.1000000000000000056, 0.4800999999999998047 ) ) ;
#1894 = EDGE_CURVE ( 'NONE', #1759, #8382, #9510, .T. ) ;
#1895 = CIRCLE ( 'NONE', #11940, 0.3000999999999999779 ) ;
#1896 =( LENGTH_UNIT ( ) NAMED_UNIT ( * ) SI_UNIT ( .MILLI., .METRE. ) );
#1897 = EDGE_CURVE ( 'NONE', #4318, #7229, #2850, .T. ) ;
#1898 = CARTESIAN_POINT ( 'NONE',  ( -1.103100000000000414, 0.09999999999999999167, 0.4718000000000000527 ) ) ;
#1899 = AXIS2_PLACEMENT_3D ( 'NONE', #5346, #12240, #6368 ) ;
#1900 = ADVANCED_FACE ( 'NONE', ( #235 ), #3327, .F. ) ;
#1901 = CARTESIAN_POINT ( 'NONE',  ( -1.547025723808735931, 0.0000000000000000000, -0.1017000000000000820 ) ) ;
#1902 = DIRECTION ( 'NONE',  ( -0.0000000000000000000, -0.0000000000000000000, -1.000000000000000000 ) ) ;
#1903 = EDGE_CURVE ( 'NONE', #2499, #5540, #1631, .T. ) ;
#1904 = SURFACE_STYLE_FILL_AREA ( #11534 ) ;
#1905 = CARTESIAN_POINT ( 'NONE',  ( -0.4691278962151925191, 0.0000000000000000000, 0.4870999999999999219 ) ) ;
#1906 = DIRECTION ( 'NONE',  ( 0.7071067811865456854, 0.0000000000000000000, -0.7071067811865493491 ) ) ;
#1907 = VERTEX_POINT ( 'NONE', #6334 ) ;
#1908 = EDGE_LOOP ( 'NONE', ( #2, #11257, #8443, #1149 ) ) ;
#1909 = CARTESIAN_POINT ( 'NONE',  ( 1.082627896215192509, 0.0000000000000000000, -0.4567978275935435928 ) ) ;
#1910 = SURFACE_STYLE_FILL_AREA ( #12542 ) ;
#1911 = DIRECTION ( 'NONE',  ( 0.0000000000000000000, -0.0000000000000000000, -1.000000000000000000 ) ) ;
#1912 = EDGE_CURVE ( 'NONE', #10382, #10518, #4261, .T. ) ;
#1913 = CARTESIAN_POINT ( 'NONE',  ( 1.600030214339628554, 0.1000000000000000056, -0.04990000000000015257 ) ) ;
#1914 = FILL_AREA_STYLE ('',( #945 ) ) ;
#1915 = ORIENTED_EDGE ( 'NONE', *, *, #11083, .T. ) ;
#1916 = DIRECTION ( 'NONE',  ( -0.7071067811865474617, 0.0000000000000000000, 0.7071067811865474617 ) ) ;
#1917 = VECTOR ( 'NONE', #8165, 1000.000000000000000 ) ;
#1918 = VECTOR ( 'NONE', #11947, 1000.000000000000000 ) ;
#1919 = VECTOR ( 'NONE', #421, 1000.000000000000000 ) ;
#1920 = SURFACE_STYLE_FILL_AREA ( #5553 ) ;
#1921 = ORIENTED_EDGE ( 'NONE', *, *, #8873, .T. ) ;
#1922 = CARTESIAN_POINT ( 'NONE',  ( 1.600000000000000311, 0.09999999999999999167, 0.1999000000000000221 ) ) ;
#1923 = ORIENTED_EDGE ( 'NONE', *, *, #1241, .F. ) ;
#1924 = DIRECTION ( 'NONE',  ( 0.0000000000000000000, 0.0000000000000000000, -1.000000000000000000 ) ) ;
#1925 = VECTOR ( 'NONE', #3304, 1000.000000000000000 ) ;
#1926 =( NAMED_UNIT ( * ) PLANE_ANGLE_UNIT ( ) SI_UNIT ( $, .RADIAN. ) );
#1927 = VERTEX_POINT ( 'NONE', #3366 ) ;
#1928 = ORIENTED_EDGE ( 'NONE', *, *, #8524, .F. ) ;
#1929 = CARTESIAN_POINT ( 'NONE',  ( -0.3069278962151925083, 0.1000000000000000056, 0.4976999999999999202 ) ) ;
#1930 = CIRCLE ( 'NONE', #10153, 0.01500217240645653274 ) ;
#1931 = EDGE_LOOP ( 'NONE', ( #967, #105, #11264, #7942 ) ) ;
#1932 = AXIS2_PLACEMENT_3D ( 'NONE', #12275, #10268, #11284 ) ;
#1933 = VECTOR ( 'NONE', #2595, 1000.000000000000000 ) ;
#1934 = EDGE_CURVE ( 'NONE', #1397, #7075, #6601, .T. ) ;
#1935 = VERTEX_POINT ( 'NONE', #391 ) ;
#1936 = VERTEX_POINT ( 'NONE', #430 ) ;
#1937 = LINE ( 'NONE', #12641, #7206 ) ;
#1938 = CARTESIAN_POINT ( 'NONE',  ( -1.286200000000000010, 0.09999999999999999167, 0.4717999999999996641 ) ) ;
#1939 = CARTESIAN_POINT ( 'NONE',  ( -1.097630068621648913, -0.0000000000000000000, -0.4567978275935437038 ) ) ;
#1940 = DIRECTION ( 'NONE',  ( 0.7071067811865456854, 0.0000000000000000000, -0.7071067811865493491 ) ) ;
#1941 = AXIS2_PLACEMENT_3D ( 'NONE', #10923, #5045, #11936 ) ;
#1942 = DIRECTION ( 'NONE',  ( 0.0000000000000000000, -1.000000000000000000, 0.0000000000000000000 ) ) ;
#1943 = EDGE_CURVE ( 'NONE', #761, #2621, #9204, .T. ) ;
#1944 = ORIENTED_EDGE ( 'NONE', *, *, #3642, .F. ) ;
#1945 =( NAMED_UNIT ( * ) SI_UNIT ( $, .STERADIAN. ) SOLID_ANGLE_UNIT ( ) );
#1946 = VECTOR ( 'NONE', #12667, 1000.000000000000000 ) ;
#1947 = VECTOR ( 'NONE', #5997, 1000.000000000000000 ) ;
#1948 = DIRECTION ( 'NONE',  ( -0.0000000000000000000, 1.000000000000000000, -0.0000000000000000000 ) ) ;
#1949 = CARTESIAN_POINT ( 'NONE',  ( 1.600000000000000311, 0.09999999999999999167, 0.5000000000000000000 ) ) ;
#1950 = CARTESIAN_POINT ( 'NONE',  ( 1.067625723808735883, 0.0000000000000000000, -0.2153021724064567433 ) ) ;
#1951 = ORIENTED_EDGE ( 'NONE', *, *, #10435, .F. ) ;
#1952 = DIRECTION ( 'NONE',  ( 1.000000000000000000, -0.0000000000000000000, -0.0000000000000000000 ) ) ;
#1953 = FILL_AREA_STYLE ('',( #11790 ) ) ;
#1954 = LINE ( 'NONE', #2373, #6927 ) ;
#1955 =( LENGTH_UNIT ( ) NAMED_UNIT ( * ) SI_UNIT ( .MILLI., .METRE. ) );
#1956 = CYLINDRICAL_SURFACE ( 'NONE', #1244, 0.01500217240645655876 ) ;
#1957 =( GEOMETRIC_REPRESENTATION_CONTEXT ( 3 ) GLOBAL_UNCERTAINTY_ASSIGNED_CONTEXT ( ( #286 ) ) GLOBAL_UNIT_ASSIGNED_CONTEXT ( ( #9994, #4101, #10978 ) ) REPRESENTATION_CONTEXT ( 'NONE', 'WORKASPACE' ) );
#1958 = DIRECTION ( 'NONE',  ( 0.0000000000000000000, 0.0000000000000000000, -1.000000000000000000 ) ) ;
#1959 = DIRECTION ( 'NONE',  ( 0.0000000000000000000, 0.0000000000000000000, -1.000000000000000000 ) ) ;
#1960 = CARTESIAN_POINT ( 'NONE',  ( 1.067625723808735883, 0.1000000000000000056, -0.2003000000000002001 ) ) ;
#1961 =( NAMED_UNIT ( * ) PLANE_ANGLE_UNIT ( ) SI_UNIT ( $, .RADIAN. ) );
#1962 = EDGE_CURVE ( 'NONE', #4931, #8099, #1321, .T. ) ;
#1963 = ORIENTED_EDGE ( 'NONE', *, *, #8377, .T. ) ;
#1964 = LINE ( 'NONE', #8540, #9526 ) ;
#1965 = DIRECTION ( 'NONE',  ( 0.0000000000000000000, 0.0000000000000000000, -1.000000000000000000 ) ) ;
#1966 = ADVANCED_FACE ( 'NONE', ( #12126 ), #11308, .F. ) ;
#1967 = CARTESIAN_POINT ( 'NONE',  ( -1.600000000000000311, -0.0000000000000000000, -0.04990000000000018032 ) ) ;
#1968 = VERTEX_POINT ( 'NONE', #4416 ) ;
#1969 = CARTESIAN_POINT ( 'NONE',  ( -1.296800000000000397, 0.09999999999999999167, 0.4893999999999999462 ) ) ;
#1970 = SURFACE_SIDE_STYLE ('',( #9703 ) ) ;
#1971 = DIRECTION ( 'NONE',  ( -0.0000000000000000000, -0.0000000000000000000, -1.000000000000000000 ) ) ;
#1972 = ORIENTED_EDGE ( 'NONE', *, *, #7715, .T. ) ;
#1973 = MECHANICAL_DESIGN_GEOMETRIC_PRESENTATION_REPRESENTATION (  '', ( #12781 ), #2601 ) ;
#1974 = EDGE_CURVE ( 'NONE', #3201, #4124, #10562, .T. ) ;
#1975 = SURFACE_STYLE_USAGE ( .BOTH. , #7903 ) ;
#1976 = LINE ( 'NONE', #3165, #11862 ) ;
#1977 = AXIS2_PLACEMENT_3D ( 'NONE', #1044, #11856, #7938 ) ;
#1978 = STYLED_ITEM ( 'NONE', ( #7757 ), #4737 ) ;
#1979 = ORIENTED_EDGE ( 'NONE', *, *, #4555, .F. ) ;
#1980 = EDGE_CURVE ( 'NONE', #8528, #8707, #7982, .T. ) ;
#1981 = SURFACE_STYLE_USAGE ( .BOTH. , #7909 ) ;
#1982 = CARTESIAN_POINT ( 'NONE',  ( -1.099400000000000377, 0.09999999999999999167, -0.3025999999999999801 ) ) ;
#1983 = CARTESIAN_POINT ( 'NONE',  ( -1.562027896215192557, 0.1000000000000000056, -0.1857361597196679204 ) ) ;
#1984 = CARTESIAN_POINT ( 'NONE',  ( -1.599999999999999867, 0.09999999999999999167, 0.5000000000000000000 ) ) ;
#1985 = CARTESIAN_POINT ( 'NONE',  ( 1.099400000000000377, 0.09999999999999999167, -0.4012999999999999901 ) ) ;
#1986 = CARTESIAN_POINT ( 'NONE',  ( 1.373961839504919347, 0.1000000000000000056, -0.3025999999999999801 ) ) ;
#1987 = ORIENTED_EDGE ( 'NONE', *, *, #8566, .T. ) ;
#1988 = LINE ( 'NONE', #6839, #6957 ) ;
#1989 = CARTESIAN_POINT ( 'NONE',  ( 0.1624278962151925743, 0.1000000000000000056, -0.4849978275935435956 ) ) ;
#1990 = ORIENTED_EDGE ( 'NONE', *, *, #10977, .F. ) ;
#1991 = EDGE_CURVE ( 'NONE', #11081, #5397, #5326, .T. ) ;
#1992 = CARTESIAN_POINT ( 'NONE',  ( -1.086202172406457001, 0.0000000000000000000, 0.4717999999999998306 ) ) ;
#1993 = DIRECTION ( 'NONE',  ( -0.0000000000000000000, 1.000000000000000000, -0.0000000000000000000 ) ) ;
#1994 = EDGE_CURVE ( 'NONE', #12414, #12335, #89, .T. ) ;
#1995 = COLOUR_RGB ( '',0.9686274509803921573, 0.8784313725490195957, 0.5999999999999999778 ) ;
#1996 = STYLED_ITEM ( 'NONE', ( #700 ), #6008 ) ;
#1997 = VECTOR ( 'NONE', #6543, 1000.000000000000000 ) ;
#1998 = EDGE_LOOP ( 'NONE', ( #9609, #4877, #3565, #5455 ) ) ;
#1999 = FACE_OUTER_BOUND ( 'NONE', #9405, .T. ) ;
#2000 = DIRECTION ( 'NONE',  ( 0.0000000000000000000, 0.0000000000000000000, -1.000000000000000000 ) ) ;
#2001 = EDGE_LOOP ( 'NONE', ( #11350, #6718, #10696, #4102 ) ) ;
#2002 = CARTESIAN_POINT ( 'NONE',  ( -1.399000000000000243, 0.0000000000000000000, -0.5000000000000002220 ) ) ;
#2003 = EDGE_LOOP ( 'NONE', ( #4775, #8368, #3745, #7555 ) ) ;
#2004 = CARTESIAN_POINT ( 'NONE',  ( 1.097630068621648913, 0.1000000000000000056, -0.4718000000000002192 ) ) ;
#2005 = PLANE ( 'NONE',  #2571 ) ;
#2006 = LINE ( 'NONE', #3252, #4631 ) ;
#2007 = AXIS2_PLACEMENT_3D ( 'NONE', #10466, #9497, #7527 ) ;
#2008 = LINE ( 'NONE', #4739, #7272 ) ;
#2009 = CARTESIAN_POINT ( 'NONE',  ( 0.3502300686216489600, 0.1000000000000000056, -0.2153021724064567988 ) ) ;
#2010 = CARTESIAN_POINT ( 'NONE',  ( -0.4797278962151925175, 0.1000000000000000056, 0.4976999999999999202 ) ) ;
#2011 = AXIS2_PLACEMENT_3D ( 'NONE', #5669, #12553, #6683 ) ;
#2012 = DIRECTION ( 'NONE',  ( 0.0000000000000000000, 0.0000000000000000000, -1.000000000000000000 ) ) ;
#2013 = ORIENTED_EDGE ( 'NONE', *, *, #2419, .F. ) ;
#2014 = EDGE_LOOP ( 'NONE', ( #10481, #11758, #11979, #8857 ) ) ;
#2015 = UNCERTAINTY_MEASURE_WITH_UNIT (LENGTH_MEASURE( 1.000000000000000082E-05 ), #1420, 'distance_accuracy_value', 'NONE');
#2016 = CARTESIAN_POINT ( 'NONE',  ( 0.4585278962151925208, 0.0000000000000000000, 0.4694999999999998064 ) ) ;
#2017 = EDGE_CURVE ( 'NONE', #1873, #11182, #10241, .T. ) ;
#2018 = EDGE_LOOP ( 'NONE', ( #7194, #9969, #11915, #12646, #551, #6089 ) ) ;
#2019 = VECTOR ( 'NONE', #9059, 1000.000000000000000 ) ;
#2020 = ORIENTED_EDGE ( 'NONE', *, *, #12674, .T. ) ;
#2021 = CARTESIAN_POINT ( 'NONE',  ( 0.4691278962151925191, 0.1000000000000000056, 0.4800999999999998047 ) ) ;
#2022 = FILL_AREA_STYLE ('',( #1055 ) ) ;
#2023 = DIRECTION ( 'NONE',  ( -1.171755763104686462E-17, 0.0000000000000000000, 1.000000000000000000 ) ) ;
#2024 = CARTESIAN_POINT ( 'NONE',  ( -1.285174339670224430, 0.1000000000000000056, -0.4718000000000002192 ) ) ;
#2025 = DIRECTION ( 'NONE',  ( -0.0000000000000000000, 1.000000000000000000, -0.0000000000000000000 ) ) ;
#2026 = ORIENTED_EDGE ( 'NONE', *, *, #4097, .T. ) ;
#2027 =( GEOMETRIC_REPRESENTATION_CONTEXT ( 3 ) GLOBAL_UNCERTAINTY_ASSIGNED_CONTEXT ( ( #7560 ) ) GLOBAL_UNIT_ASSIGNED_CONTEXT ( ( #969, #7873, #1945 ) ) REPRESENTATION_CONTEXT ( 'NONE', 'WORKASPACE' ) );
#2028 = ADVANCED_FACE ( 'NONE', ( #5044 ), #2488, .T. ) ;
#2029 = ORIENTED_EDGE ( 'NONE', *, *, #9197, .F. ) ;
#2030 = FACE_OUTER_BOUND ( 'NONE', #1698, .T. ) ;
#2031 = ORIENTED_EDGE ( 'NONE', *, *, #9073, .T. ) ;
#2032 =( NAMED_UNIT ( * ) SI_UNIT ( $, .STERADIAN. ) SOLID_ANGLE_UNIT ( ) );
#2033 = EDGE_CURVE ( 'NONE', #1319, #5193, #7666, .T. ) ;
#2034 = AXIS2_PLACEMENT_3D ( 'NONE', #3657, #10525, #4645 ) ;
#2035 = MECHANICAL_DESIGN_GEOMETRIC_PRESENTATION_REPRESENTATION (  '', ( #12190 ), #2667 ) ;
#2036 = ORIENTED_EDGE ( 'NONE', *, *, #10062, .T. ) ;
#2037 = VECTOR ( 'NONE', #8726, 1000.000000000000000 ) ;
#2038 = VECTOR ( 'NONE', #2338, 1000.000000000000114 ) ;
#2039 = CARTESIAN_POINT ( 'NONE',  ( 0.6304257238087360715, 0.1000000000000000056, 0.1143021724064564593 ) ) ;
#2040 = PRESENTATION_LAYER_ASSIGNMENT (  '', '', ( #11419 ) ) ;
#2041 = CARTESIAN_POINT ( 'NONE',  ( 1.285174339670224430, 0.1000000000000000056, -0.4718000000000002747 ) ) ;
#2042 =( LENGTH_UNIT ( ) NAMED_UNIT ( * ) SI_UNIT ( .MILLI., .METRE. ) );
#2043 = VERTEX_POINT ( 'NONE', #9422 ) ;
#2044 = UNCERTAINTY_MEASURE_WITH_UNIT (LENGTH_MEASURE( 1.000000000000000082E-05 ), #3827, 'distance_accuracy_value', 'NONE');
#2045 = VERTEX_POINT ( 'NONE', #1739 ) ;
#2046 =( LENGTH_UNIT ( ) NAMED_UNIT ( * ) SI_UNIT ( .MILLI., .METRE. ) );
#2047 = CYLINDRICAL_SURFACE ( 'NONE', #11186, 0.01500217240645647723 ) ;
#2048 = LINE ( 'NONE', #12191, #7309 ) ;
#2049 = DIRECTION ( 'NONE',  ( -0.0000000000000000000, -1.000000000000000000, -0.0000000000000000000 ) ) ;
#2050 = AXIS2_PLACEMENT_3D ( 'NONE', #12150, #6248, #311 ) ;
#2051 = AXIS2_PLACEMENT_3D ( 'NONE', #3003, #10904, #5019 ) ;
#2052 = PLANE ( 'NONE',  #1191 ) ;
#2053 = DIRECTION ( 'NONE',  ( -2.943037349164450241E-16, -0.0000000000000000000, 1.000000000000000000 ) ) ;
#2054 = VECTOR ( 'NONE', #9773, 1000.000000000000000 ) ;
#2055 = ORIENTED_EDGE ( 'NONE', *, *, #9734, .F. ) ;
#2056 = CYLINDRICAL_SURFACE ( 'NONE', #5117, 0.01500217240645655876 ) ;
#2057 = ORIENTED_EDGE ( 'NONE', *, *, #7995, .T. ) ;
#2058 = VECTOR ( 'NONE', #1733, 1000.000000000000000 ) ;
#2059 =( NAMED_UNIT ( * ) PLANE_ANGLE_UNIT ( ) SI_UNIT ( $, .RADIAN. ) );
#2060 = VECTOR ( 'NONE', #8824, 1000.000000000000114 ) ;
#2061 =( NAMED_UNIT ( * ) SI_UNIT ( $, .STERADIAN. ) SOLID_ANGLE_UNIT ( ) );
#2062 = CARTESIAN_POINT ( 'NONE',  ( -1.399000000000000243, 0.0000000000000000000, 0.5000000000000000000 ) ) ;
#2063 =( NAMED_UNIT ( * ) PLANE_ANGLE_UNIT ( ) SI_UNIT ( $, .RADIAN. ) );
#2064 = EDGE_CURVE ( 'NONE', #7017, #1115, #12579, .T. ) ;
#2065 = DIRECTION ( 'NONE',  ( 0.0000000000000000000, 1.000000000000000000, 0.0000000000000000000 ) ) ;
#2066 = SURFACE_SIDE_STYLE ('',( #3070 ) ) ;
#2067 = EDGE_CURVE ( 'NONE', #621, #4105, #9959, .T. ) ;
#2068 = ORIENTED_EDGE ( 'NONE', *, *, #5198, .F. ) ;
#2069 = MECHANICAL_DESIGN_GEOMETRIC_PRESENTATION_REPRESENTATION (  '', ( #92 ), #2704 ) ;
#2070 = ORIENTED_EDGE ( 'NONE', *, *, #5577, .F. ) ;
#2071 = SURFACE_STYLE_FILL_AREA ( #11129 ) ;
#2072 = ORIENTED_EDGE ( 'NONE', *, *, #1563, .F. ) ;
#2073 = CARTESIAN_POINT ( 'NONE',  ( -1.600000000000000311, 0.09999999999999999167, 0.05229999999999980498 ) ) ;
#2074 = ORIENTED_EDGE ( 'NONE', *, *, #2365, .F. ) ;
#2075 = EDGE_CURVE ( 'NONE', #8395, #7205, #2377, .T. ) ;
#2076 = CARTESIAN_POINT ( 'NONE',  ( 0.6304257238087360715, 0.0000000000000000000, 0.1143021724064564593 ) ) ;
#2078 = LINE ( 'NONE', #10869, #11968 ) ;
#2077 = DIRECTION ( 'NONE',  ( 4.843431639425979442E-16, -0.0000000000000000000, 1.000000000000000000 ) ) ;
#2079 = LINE ( 'NONE', #10713, #4394 ) ;
#2080 = LINE ( 'NONE', #8767, #12254 ) ;
#2081 = COLOUR_RGB ( '',0.9686274509803921573, 0.8784313725490195957, 0.5999999999999999778 ) ;
#2082 = ORIENTED_EDGE ( 'NONE', *, *, #2533, .T. ) ;
#2083 = CARTESIAN_POINT ( 'NONE',  ( 0.3352278962151924446, 0.1000000000000000056, -0.2153021724064569098 ) ) ;
#2084 = CARTESIAN_POINT ( 'NONE',  ( 0.6454278962151924759, 0.0000000000000000000, 0.4826978275935432383 ) ) ;
#2085 =( GEOMETRIC_REPRESENTATION_CONTEXT ( 3 ) GLOBAL_UNCERTAINTY_ASSIGNED_CONTEXT ( ( #505 ) ) GLOBAL_UNIT_ASSIGNED_CONTEXT ( ( #9823, #3916, #10796 ) ) REPRESENTATION_CONTEXT ( 'NONE', 'WORKASPACE' ) );
#2086 = ORIENTED_EDGE ( 'NONE', *, *, #3550, .T. ) ;
#2087 = ORIENTED_EDGE ( 'NONE', *, *, #3643, .T. ) ;
#2088 = VECTOR ( 'NONE', #12601, 1000.000000000000000 ) ;
#2089 = PLANE ( 'NONE',  #4589 ) ;
#2090 = ORIENTED_EDGE ( 'NONE', *, *, #1476, .T. ) ;
#2091 = ADVANCED_FACE ( 'NONE', ( #7066 ), #864, .F. ) ;
#2092 = VECTOR ( 'NONE', #10880, 1000.000000000000000 ) ;
#2093 = LINE ( 'NONE', #2062, #7365 ) ;
#2094 = VECTOR ( 'NONE', #413, 1000.000000000000000 ) ;
#2095 = SURFACE_SIDE_STYLE ('',( #4863 ) ) ;
#2096 = DIRECTION ( 'NONE',  ( 1.000000000000000000, 0.0000000000000000000, -0.0000000000000000000 ) ) ;
#2097 = DIRECTION ( 'NONE',  ( 0.0000000000000000000, -1.000000000000000000, 0.0000000000000000000 ) ) ;
#2098 = SURFACE_STYLE_USAGE ( .BOTH. , #8023 ) ;
#2099 = ORIENTED_EDGE ( 'NONE', *, *, #3899, .F. ) ;
#2100 = FACE_OUTER_BOUND ( 'NONE', #5097, .T. ) ;
#2101 = CARTESIAN_POINT ( 'NONE',  ( -1.311172388391701915, 0.09999999999999999167, 0.4874532564923810818 ) ) ;
#2102 = ORIENTED_EDGE ( 'NONE', *, *, #11525, .T. ) ;
#2103 = PRESENTATION_LAYER_ASSIGNMENT (  '', '', ( #778 ) ) ;
#2104 = EDGE_CURVE ( 'NONE', #3664, #7710, #6116, .T. ) ;
#2105 = PRESENTATION_LAYER_ASSIGNMENT (  '', '', ( #121 ) ) ;
#2106 = FACE_OUTER_BOUND ( 'NONE', #1794, .T. ) ;
#2107 = SURFACE_SIDE_STYLE ('',( #9659 ) ) ;
#2108 = UNCERTAINTY_MEASURE_WITH_UNIT (LENGTH_MEASURE( 1.000000000000000082E-05 ), #6599, 'distance_accuracy_value', 'NONE');
#2109 = FILL_AREA_STYLE ('',( #11951 ) ) ;
#2110 = PRESENTATION_LAYER_ASSIGNMENT (  '', '', ( #1446 ) ) ;
#2111 = CARTESIAN_POINT ( 'NONE',  ( -1.600000000000000311, 0.0000000000000000000, 0.05229999999999981192 ) ) ;
#2112 = DIRECTION ( 'NONE',  ( 1.000000000000000000, 0.0000000000000000000, 0.0000000000000000000 ) ) ;
#2113 = VECTOR ( 'NONE', #5781, 1000.000000000000000 ) ;
#2114 = FACE_OUTER_BOUND ( 'NONE', #12169, .T. ) ;
#2115 =( NAMED_UNIT ( * ) SI_UNIT ( $, .STERADIAN. ) SOLID_ANGLE_UNIT ( ) );
#2116 = ORIENTED_EDGE ( 'NONE', *, *, #9465, .T. ) ;
#2117 = VECTOR ( 'NONE', #10695, 1000.000000000000000 ) ;
#2118 = COLOUR_RGB ( '',0.9686274509803921573, 0.8784313725490195957, 0.5999999999999999778 ) ;
#2119 = ORIENTED_EDGE ( 'NONE', *, *, #1652, .T. ) ;
#2120 = LINE ( 'NONE', #4671, #9689 ) ;
#2121 = DIRECTION ( 'NONE',  ( 0.0000000000000000000, -1.000000000000000000, 0.0000000000000000000 ) ) ;
#2122 = SURFACE_SIDE_STYLE ('',( #2792 ) ) ;
#2123 = AXIS2_PLACEMENT_3D ( 'NONE', #5377, #12280, #6408 ) ;
#2124 = MECHANICAL_DESIGN_GEOMETRIC_PRESENTATION_REPRESENTATION (  '', ( #138 ), #2758 ) ;
#2125 = DIRECTION ( 'NONE',  ( 0.0000000000000000000, -1.000000000000000000, 0.0000000000000000000 ) ) ;
#2126 = PLANE ( 'NONE',  #4614 ) ;
#2127 = VERTEX_POINT ( 'NONE', #3820 ) ;
#2128 = LINE ( 'NONE', #183, #7395 ) ;
#2129 = SURFACE_SIDE_STYLE ('',( #8463 ) ) ;
#2130 = COLOUR_RGB ( '',0.9686274509803921573, 0.8784313725490195957, 0.5999999999999999778 ) ;
#2131 =( GEOMETRIC_REPRESENTATION_CONTEXT ( 3 ) GLOBAL_UNCERTAINTY_ASSIGNED_CONTEXT ( ( #4904 ) ) GLOBAL_UNIT_ASSIGNED_CONTEXT ( ( #8100, #2175, #9100 ) ) REPRESENTATION_CONTEXT ( 'NONE', 'WORKASPACE' ) );
#2132 = DIRECTION ( 'NONE',  ( 0.0000000000000000000, -1.000000000000000000, 0.0000000000000000000 ) ) ;
#2133 = EDGE_LOOP ( 'NONE', ( #2894, #6689, #5981, #14 ) ) ;
#2134 = FACE_OUTER_BOUND ( 'NONE', #5554, .T. ) ;
#2135 = FILL_AREA_STYLE ('',( #7082 ) ) ;
#2136 =( NAMED_UNIT ( * ) SI_UNIT ( $, .STERADIAN. ) SOLID_ANGLE_UNIT ( ) );
#2137 = ORIENTED_EDGE ( 'NONE', *, *, #3373, .T. ) ;
#2138 = LINE ( 'NONE', #12281, #12321 ) ;
#2139 = EDGE_CURVE ( 'NONE', #955, #3625, #8421, .T. ) ;
#2140 = SURFACE_SIDE_STYLE ('',( #1295 ) ) ;
#2141 = EDGE_CURVE ( 'NONE', #12211, #8481, #3467, .T. ) ;
#2142 = AXIS2_PLACEMENT_3D ( 'NONE', #1949, #977, #7878 ) ;
#2143 = STYLED_ITEM ( 'NONE', ( #3665 ), #5024 ) ;
#2144 = EDGE_LOOP ( 'NONE', ( #8901, #2922, #4198, #4405 ) ) ;
#2145 = ORIENTED_EDGE ( 'NONE', *, *, #8868, .F. ) ;
#2146 = EDGE_CURVE ( 'NONE', #6492, #2510, #11333, .T. ) ;
#2147 = DIRECTION ( 'NONE',  ( 0.0000000000000000000, -1.000000000000000000, 0.0000000000000000000 ) ) ;
#2148 = ORIENTED_EDGE ( 'NONE', *, *, #10058, .T. ) ;
#2149 = ADVANCED_FACE ( 'NONE', ( #539 ), #2836, .T. ) ;
#2150 = DIRECTION ( 'NONE',  ( -0.0000000000000000000, 0.0000000000000000000, 1.000000000000000000 ) ) ;
#2151 = ORIENTED_EDGE ( 'NONE', *, *, #1723, .F. ) ;
#2152 = CIRCLE ( 'NONE', #7035, 0.01500217240645647723 ) ;
#2153 = EDGE_CURVE ( 'NONE', #2321, #5907, #5484, .T. ) ;
#2154 = VERTEX_POINT ( 'NONE', #12719 ) ;
#2155 = ORIENTED_EDGE ( 'NONE', *, *, #6817, .F. ) ;
#2156 = FILL_AREA_STYLE ('',( #8079 ) ) ;
#2157 = ORIENTED_EDGE ( 'NONE', *, *, #2177, .T. ) ;
#2158 = CARTESIAN_POINT ( 'NONE',  ( 0.7009302143396288765, 0.1000000000000000056, 0.4999999999999993339 ) ) ;
#2159 = FACE_OUTER_BOUND ( 'NONE', #3083, .T. ) ;
#2160 = VECTOR ( 'NONE', #2112, 1000.000000000000000 ) ;
#2161 = CARTESIAN_POINT ( 'NONE',  ( -1.300163347198079355, -0.0000000000000000000, -0.4874305275949878946 ) ) ;
#2162 = LINE ( 'NONE', #7461, #4803 ) ;
#2163 = CARTESIAN_POINT ( 'NONE',  ( -1.021700000000000275, 0.1000000000000000056, 0.05229999999999980498 ) ) ;
#2164 = SURFACE_SIDE_STYLE ('',( #2267 ) ) ;
#2165 = VERTEX_POINT ( 'NONE', #4846 ) ;
#2166 = DIRECTION ( 'NONE',  ( 0.0000000000000000000, -1.000000000000000000, 0.0000000000000000000 ) ) ;
#2167 = EDGE_LOOP ( 'NONE', ( #1362, #1119, #7412, #1348 ) ) ;
#2168 = PRESENTATION_LAYER_ASSIGNMENT (  '', '', ( #868 ) ) ;
#2169 = COLOUR_RGB ( '',0.8941176470588234615, 0.9137254901960784048, 0.9294117647058823817 ) ;
#2170 = VERTEX_POINT ( 'NONE', #6857 ) ;
#2171 = CARTESIAN_POINT ( 'NONE',  ( 0.1005151071698142246, 0.0000000000000000000, -0.4976000000000002643 ) ) ;
#2172 = EDGE_CURVE ( 'NONE', #4851, #27, #10711, .T. ) ;
#2173 = FILL_AREA_STYLE ('',( #1198 ) ) ;
#2174 =( LENGTH_UNIT ( ) NAMED_UNIT ( * ) SI_UNIT ( .MILLI., .METRE. ) );
#2175 =( NAMED_UNIT ( * ) PLANE_ANGLE_UNIT ( ) SI_UNIT ( $, .RADIAN. ) );
#2176 = CARTESIAN_POINT ( 'NONE',  ( -0.3175278962151925066, 0.1000000000000000056, 0.08429782759354324806 ) ) ;
#2177 = EDGE_CURVE ( 'NONE', #792, #9469, #10392, .T. ) ;
#2178 = VERTEX_POINT ( 'NONE', #1905 ) ;
#2179 = VECTOR ( 'NONE', #5818, 1000.000000000000000 ) ;
#2180 = ORIENTED_EDGE ( 'NONE', *, *, #5994, .T. ) ;
#2181 = EDGE_LOOP ( 'NONE', ( #9791, #5539, #7915, #9259 ) ) ;
#2182 = SURFACE_SIDE_STYLE ('',( #1781 ) ) ;
#2183 = UNCERTAINTY_MEASURE_WITH_UNIT (LENGTH_MEASURE( 1.000000000000000082E-05 ), #12675, 'distance_accuracy_value', 'NONE');
#2184 = EDGE_CURVE ( 'NONE', #532, #1024, #5174, .T. ) ;
#2185 = FILL_AREA_STYLE_COLOUR ( '', #3551 ) ;
#2186 = EDGE_CURVE ( 'NONE', #4601, #3298, #7820, .T. ) ;
#2187 =( GEOMETRIC_REPRESENTATION_CONTEXT ( 3 ) GLOBAL_UNCERTAINTY_ASSIGNED_CONTEXT ( ( #11579 ) ) GLOBAL_UNIT_ASSIGNED_CONTEXT ( ( #300, #7235, #1302 ) ) REPRESENTATION_CONTEXT ( 'NONE', 'WORKASPACE' ) );
#2188 = FILL_AREA_STYLE_COLOUR ( '', #6606 ) ;
#2189 = COLOUR_RGB ( '',0.0000000000000000000, 0.7529411764705882248, 0.0000000000000000000 ) ;
#2190 = ORIENTED_EDGE ( 'NONE', *, *, #5545, .T. ) ;
#2191 = AXIS2_PLACEMENT_3D ( 'NONE', #9614, #3708, #10589 ) ;
#2192 = AXIS2_PLACEMENT_3D ( 'NONE', #627, #7543, #1614 ) ;
#2193 = CARTESIAN_POINT ( 'NONE',  ( -1.373961839504919347, 0.09999999999999999167, -0.3025999999999999801 ) ) ;
#2194 = ORIENTED_EDGE ( 'NONE', *, *, #3118, .T. ) ;
#2195 = EDGE_LOOP ( 'NONE', ( #7756, #1757, #12710, #2622 ) ) ;
#2196 = EDGE_CURVE ( 'NONE', #10816, #7047, #222, .T. ) ;
#2197 = SURFACE_STYLE_USAGE ( .BOTH. , #8125 ) ;
#2198 = CARTESIAN_POINT ( 'NONE',  ( 1.099400000000000377, 0.09999999999999999167, -0.4012999999999999901 ) ) ;
#2199 = CARTESIAN_POINT ( 'NONE',  ( 1.099400000000000377, 0.09999999999999999167, -0.3025999999999999801 ) ) ;
#2200 = DIRECTION ( 'NONE',  ( -1.000000000000000000, 0.0000000000000000000, 0.0000000000000000000 ) ) ;
#2201 =( NAMED_UNIT ( * ) PLANE_ANGLE_UNIT ( ) SI_UNIT ( $, .RADIAN. ) );
#2202 = VERTEX_POINT ( 'NONE', #4944 ) ;
#2203 = AXIS2_PLACEMENT_3D ( 'NONE', #12568, #3740, #10611 ) ;
#2204 = EDGE_CURVE ( 'NONE', #7834, #8145, #10087, .T. ) ;
#2205 = ADVANCED_FACE ( 'NONE', ( #4872 ), #8892, .F. ) ;
#2206 = PRESENTATION_STYLE_ASSIGNMENT (( #1561 ) ) ;
#2207 = ORIENTED_EDGE ( 'NONE', *, *, #4184, .F. ) ;
#2208 = AXIS2_PLACEMENT_3D ( 'NONE', #7685, #1753, #8677 ) ;
#2209 = MECHANICAL_DESIGN_GEOMETRIC_PRESENTATION_REPRESENTATION (  '', ( #914 ), #2863 ) ;
#2210 = CARTESIAN_POINT ( 'NONE',  ( -1.589400000000000368, 0.09999999999999999167, 0.1968000000000001137 ) ) ;
#2211 = CARTESIAN_POINT ( 'NONE',  ( 1.082627896215192509, 0.1000000000000000056, -0.4567978275935435928 ) ) ;
#2212 = EDGE_CURVE ( 'NONE', #3938, #8674, #11483, .T. ) ;
#2213 = EDGE_LOOP ( 'NONE', ( #12373, #7362, #1580, #4719 ) ) ;
#2214 = CARTESIAN_POINT ( 'NONE',  ( -1.067625723808735883, 0.1000000000000000056, -0.2153021724064567433 ) ) ;
#2215 = DIRECTION ( 'NONE',  ( -1.000000000000000000, 0.0000000000000000000, -0.0000000000000000000 ) ) ;
#2216 = VERTEX_POINT ( 'NONE', #7965 ) ;
#2217 = CIRCLE ( 'NONE', #8724, 0.3000999999999999779 ) ;
#2218 = LINE ( 'NONE', #549, #9798 ) ;
#2219 = ORIENTED_EDGE ( 'NONE', *, *, #9081, .T. ) ;
#2220 = ORIENTED_EDGE ( 'NONE', *, *, #10968, .T. ) ;
#2221 = FILL_AREA_STYLE ('',( #7134 ) ) ;
#2222 = EDGE_CURVE ( 'NONE', #3257, #3962, #6580, .T. ) ;
#2223 = EDGE_LOOP ( 'NONE', ( #11437, #5231, #1254, #9989 ) ) ;
#2224 = CARTESIAN_POINT ( 'NONE',  ( 1.600000000000000311, 0.09999999999999999167, 0.5000000000000000000 ) ) ;
#2225 =( NAMED_UNIT ( * ) PLANE_ANGLE_UNIT ( ) SI_UNIT ( $, .RADIAN. ) );
#2226 = COLOUR_RGB ( '',0.9686274509803921573, 0.8784313725490195957, 0.5999999999999999778 ) ;
#2227 = EDGE_CURVE ( 'NONE', #7818, #7185, #3620, .T. ) ;
#2228 = DIRECTION ( 'NONE',  ( -0.0000000000000000000, -1.000000000000000000, -0.0000000000000000000 ) ) ;
#2229 = EDGE_LOOP ( 'NONE', ( #536, #11658, #933, #8495 ) ) ;
#2230 = AXIS2_PLACEMENT_3D ( 'NONE', #6646, #718, #7621 ) ;
#2231 = VECTOR ( 'NONE', #839, 1000.000000000000000 ) ;
#2232 = VERTEX_POINT ( 'NONE', #11925 ) ;
#2233 = VECTOR ( 'NONE', #10534, 1000.000000000000000 ) ;
#2234 = DIRECTION ( 'NONE',  ( -0.0000000000000000000, 0.0000000000000000000, 1.000000000000000000 ) ) ;
#2235 = ORIENTED_EDGE ( 'NONE', *, *, #12395, .T. ) ;
#2236 = ORIENTED_EDGE ( 'NONE', *, *, #4545, .T. ) ;
#2237 = UNCERTAINTY_MEASURE_WITH_UNIT (LENGTH_MEASURE( 1.000000000000000082E-05 ), #10866, 'distance_accuracy_value', 'NONE');
#2238 = CARTESIAN_POINT ( 'NONE',  ( 1.296184350947589881, 0.1000000000000000056, 0.4868021724064565681 ) ) ;
#2239 = CARTESIAN_POINT ( 'NONE',  ( 1.021730214339628739, 0.0000000000000000000, 0.4999999999999993339 ) ) ;
#2240 = EDGE_LOOP ( 'NONE', ( #3598, #11318, #162, #7041 ) ) ;
#2241 = VECTOR ( 'NONE', #3809, 1000.000000000000114 ) ;
#2242 = MECHANICAL_DESIGN_GEOMETRIC_PRESENTATION_REPRESENTATION (  '', ( #9122 ), #2897 ) ;
#2243 = LINE ( 'NONE', #6985, #9514 ) ;
#2244 = DIRECTION ( 'NONE',  ( -0.0000000000000000000, 1.000000000000000000, -0.0000000000000000000 ) ) ;
#2245 = MECHANICAL_DESIGN_GEOMETRIC_PRESENTATION_REPRESENTATION (  '', ( #257 ), #2900 ) ;
#2246 = CARTESIAN_POINT ( 'NONE',  ( 0.6304257238087360715, 0.1000000000000000056, 0.1143021724064564593 ) ) ;
#2247 = ORIENTED_EDGE ( 'NONE', *, *, #8802, .T. ) ;
#2248 = CYLINDRICAL_SURFACE ( 'NONE', #1977, 0.01500217240645655876 ) ;
#2249 = CARTESIAN_POINT ( 'NONE',  ( 0.3766302143396287327, 0.0000000000000000000, 0.05229999999999979110 ) ) ;
#2250 = VECTOR ( 'NONE', #5277, 1000.000000000000000 ) ;
#2251 = EDGE_CURVE ( 'NONE', #12513, #12263, #1019, .T. ) ;
#2252 = CARTESIAN_POINT ( 'NONE',  ( -1.600000000000000311, 0.0000000000000000000, -0.2990000000000000435 ) ) ;
#2253 = CARTESIAN_POINT ( 'NONE',  ( -1.600000000000000311, 0.1000000000000000056, -0.5000000000000000000 ) ) ;
#2254 = LINE ( 'NONE', #11342, #4908 ) ;
#2255 = CARTESIAN_POINT ( 'NONE',  ( 1.099400000000000377, 0.09999999999999999167, 0.4012999999999999901 ) ) ;
#2256 = CARTESIAN_POINT ( 'NONE',  ( 0.4691278962151925191, 0.1000000000000000056, 0.4870999999999999219 ) ) ;
#2257 = FILL_AREA_STYLE ('',( #10102 ) ) ;
#2258 = VERTEX_POINT ( 'NONE', #8009 ) ;
#2259 = SURFACE_STYLE_FILL_AREA ( #10527 ) ;
#2260 = AXIS2_PLACEMENT_3D ( 'NONE', #7567, #1645, #8556 ) ;
#2261 = EDGE_CURVE ( 'NONE', #11003, #2736, #695, .T. ) ;
#2262 = AXIS2_PLACEMENT_3D ( 'NONE', #11361, #5461, #12362 ) ;
#2263 = AXIS2_PLACEMENT_3D ( 'NONE', #9116, #1218, #7178 ) ;
#2264 = ORIENTED_EDGE ( 'NONE', *, *, #6301, .T. ) ;
#2265 = CARTESIAN_POINT ( 'NONE',  ( 0.6454278962151925869, 0.1000000000000000056, 0.1143021724064565564 ) ) ;
#2266 = COLOUR_RGB ( '',0.9686274509803921573, 0.8784313725490195957, 0.5999999999999999778 ) ;
#2267 = SURFACE_STYLE_FILL_AREA ( #11975 ) ;
#2268 = MECHANICAL_DESIGN_GEOMETRIC_PRESENTATION_REPRESENTATION (  '', ( #979 ), #2920 ) ;
#2269 = SURFACE_SIDE_STYLE ('',( #4292 ) ) ;
#2270 = ORIENTED_EDGE ( 'NONE', *, *, #1980, .F. ) ;
#2271 = DIRECTION ( 'NONE',  ( -0.7071067811865475727, 0.0000000000000000000, 0.7071067811865475727 ) ) ;
#2272 = DIRECTION ( 'NONE',  ( 0.0000000000000000000, 0.0000000000000000000, -1.000000000000000000 ) ) ;
#2273 = ADVANCED_FACE ( 'NONE', ( #8255 ), #2987, .F. ) ;
#2274 = VERTEX_POINT ( 'NONE', #11964 ) ;
#2275 = PLANE ( 'NONE',  #812 ) ;
#2276 = CARTESIAN_POINT ( 'NONE',  ( -1.582400000000000251, 0.09999999999999999167, 0.1968000000000001137 ) ) ;
#2277 = DIRECTION ( 'NONE',  ( -0.0000000000000000000, 1.000000000000000000, -0.0000000000000000000 ) ) ;
#2278 = ORIENTED_EDGE ( 'NONE', *, *, #1241, .T. ) ;
#2279 = PRESENTATION_STYLE_ASSIGNMENT (( #6892 ) ) ;
#2280 = LINE ( 'NONE', #5468, #8639 ) ;
#2281 = DIRECTION ( 'NONE',  ( 0.0000000000000000000, -1.000000000000000000, 0.0000000000000000000 ) ) ;
#2282 = FACE_OUTER_BOUND ( 'NONE', #8341, .T. ) ;
#2283 = AXIS2_PLACEMENT_3D ( 'NONE', #3927, #10809, #4924 ) ;
#2284 = PLANE ( 'NONE',  #7811 ) ;
#2285 = ORIENTED_EDGE ( 'NONE', *, *, #9949, .T. ) ;
#2286 = DIRECTION ( 'NONE',  ( 0.0000000000000000000, 0.0000000000000000000, -1.000000000000000000 ) ) ;
#2287 = AXIS2_PLACEMENT_3D ( 'NONE', #4300, #5281, #12186 ) ;
#2288 = DIRECTION ( 'NONE',  ( -1.000000000000000000, 0.0000000000000000000, 0.0000000000000000000 ) ) ;
#2289 = VECTOR ( 'NONE', #9601, 1000.000000000000000 ) ;
#2290 = CARTESIAN_POINT ( 'NONE',  ( -1.599999999999999867, 0.0000000000000000000, 0.5000000000000000000 ) ) ;
#2291 = SURFACE_STYLE_USAGE ( .BOTH. , #8213 ) ;
#2292 = VERTEX_POINT ( 'NONE', #7073 ) ;
#2293 = VECTOR ( 'NONE', #3355, 1000.000000000000000 ) ;
#2294 = CARTESIAN_POINT ( 'NONE',  ( 0.3502300686216490710, 0.0000000000000000000, -0.2003000000000002556 ) ) ;
#2295 = ORIENTED_EDGE ( 'NONE', *, *, #2790, .T. ) ;
#2296 = ORIENTED_EDGE ( 'NONE', *, *, #11391, .T. ) ;
#2297 = EDGE_CURVE ( 'NONE', #6996, #5963, #6264, .T. ) ;
#2298 = CARTESIAN_POINT ( 'NONE',  ( -1.547025723808735931, 0.1000000000000000056, -0.1017000000000000820 ) ) ;
#2299 = EDGE_CURVE ( 'NONE', #6130, #5520, #3295, .T. ) ;
#2300 = VECTOR ( 'NONE', #7219, 1000.000000000000000 ) ;
#2301 =( GEOMETRIC_REPRESENTATION_CONTEXT ( 3 ) GLOBAL_UNCERTAINTY_ASSIGNED_CONTEXT ( ( #7038 ) ) GLOBAL_UNIT_ASSIGNED_CONTEXT ( ( #2691, #9611, #3707 ) ) REPRESENTATION_CONTEXT ( 'NONE', 'WORKASPACE' ) );
#2302 = LINE ( 'NONE', #5684, #7579 ) ;
#2303 = EDGE_CURVE ( 'NONE', #186, #7501, #363, .T. ) ;
#2304 =( NAMED_UNIT ( * ) SI_UNIT ( $, .STERADIAN. ) SOLID_ANGLE_UNIT ( ) );
#2305 = CARTESIAN_POINT ( 'NONE',  ( 1.577030068621648740, 0.1000000000000000056, -0.1857361597196678926 ) ) ;
#2306 = VERTEX_POINT ( 'NONE', #3093 ) ;
#2307 = ORIENTED_EDGE ( 'NONE', *, *, #7483, .T. ) ;
#2308 = CARTESIAN_POINT ( 'NONE',  ( 1.296184350947589881, 0.1000000000000000056, 0.4868021724064565681 ) ) ;
#2309 = CYLINDRICAL_SURFACE ( 'NONE', #10374, 0.01500217240645653274 ) ;
#2310 = ORIENTED_EDGE ( 'NONE', *, *, #2033, .T. ) ;
#2311 = LINE ( 'NONE', #1167, #12502 ) ;
#2312 = DIRECTION ( 'NONE',  ( 0.7071067811865474617, 0.0000000000000000000, 0.7071067811865474617 ) ) ;
#2313 = ORIENTED_EDGE ( 'NONE', *, *, #6550, .T. ) ;
#2314 = MECHANICAL_DESIGN_GEOMETRIC_PRESENTATION_REPRESENTATION (  '', ( #12487 ), #2973 ) ;
#2315 = ORIENTED_EDGE ( 'NONE', *, *, #3554, .F. ) ;
#2316 = CARTESIAN_POINT ( 'NONE',  ( 1.600000000000000311, 0.1000000000000000056, 0.2108999999999999764 ) ) ;
#2317 = FILL_AREA_STYLE ('',( #3266 ) ) ;
#2318 = DIRECTION ( 'NONE',  ( 0.0000000000000000000, -0.0000000000000000000, 1.000000000000000000 ) ) ;
#2319 = VERTEX_POINT ( 'NONE', #10004 ) ;
#2320 = LINE ( 'NONE', #12479, #4653 ) ;
#2321 = VERTEX_POINT ( 'NONE', #166 ) ;
#2322 = ORIENTED_EDGE ( 'NONE', *, *, #8818, .F. ) ;
#2323 = SURFACE_STYLE_USAGE ( .BOTH. , #8250 ) ;
#2324 = DIRECTION ( 'NONE',  ( 0.0000000000000000000, 0.0000000000000000000, -1.000000000000000000 ) ) ;
#2325 = DIRECTION ( 'NONE',  ( 0.0000000000000000000, 0.0000000000000000000, -1.000000000000000000 ) ) ;
#2326 = ADVANCED_FACE ( 'NONE', ( #10540 ), #11965, .T. ) ;
#2327 = MECHANICAL_DESIGN_GEOMETRIC_PRESENTATION_REPRESENTATION (  '', ( #347 ), #2991 ) ;
#2328 = DIRECTION ( 'NONE',  ( -1.000000000000000000, -0.0000000000000000000, -4.179009298818627440E-17 ) ) ;
#2329 = EDGE_LOOP ( 'NONE', ( #6730, #12407, #10769, #10493 ) ) ;
#2330 = EDGE_CURVE ( 'NONE', #4646, #727, #1762, .T. ) ;
#2331 = DIRECTION ( 'NONE',  ( 1.000000000000000000, -0.0000000000000000000, 2.943037349164451228E-16 ) ) ;
#2332 = AXIS2_PLACEMENT_3D ( 'NONE', #7549, #1620, #8534 ) ;
#2333 = ORIENTED_EDGE ( 'NONE', *, *, #10592, .F. ) ;
#2334 = DIRECTION ( 'NONE',  ( 1.000000000000000000, 0.0000000000000000000, 4.843431639425975498E-16 ) ) ;
#2335 = DIRECTION ( 'NONE',  ( 0.0000000000000000000, 0.0000000000000000000, -1.000000000000000000 ) ) ;
#2336 =( GEOMETRIC_REPRESENTATION_CONTEXT ( 3 ) GLOBAL_UNCERTAINTY_ASSIGNED_CONTEXT ( ( #3186 ) ) GLOBAL_UNIT_ASSIGNED_CONTEXT ( ( #8297, #2364, #9297 ) ) REPRESENTATION_CONTEXT ( 'NONE', 'WORKASPACE' ) );
#2337 = LINE ( 'NONE', #2538, #5280 ) ;
#2338 = DIRECTION ( 'NONE',  ( -0.7071067811865474617, 0.0000000000000000000, 0.7071067811865474617 ) ) ;
#2339 = EDGE_CURVE ( 'NONE', #4051, #5540, #7050, .T. ) ;
#2340 = VECTOR ( 'NONE', #5820, 1000.000000000000000 ) ;
#2341 = CARTESIAN_POINT ( 'NONE',  ( 0.4691278962151925191, 0.0000000000000000000, 0.4800999999999998047 ) ) ;
#2342 = DIRECTION ( 'NONE',  ( 0.0000000000000000000, 0.0000000000000000000, -1.000000000000000000 ) ) ;
#2343 = ORIENTED_EDGE ( 'NONE', *, *, #8397, .T. ) ;
#2344 = SURFACE_STYLE_USAGE ( .BOTH. , #8281 ) ;
#2345 = ORIENTED_EDGE ( 'NONE', *, *, #4138, .T. ) ;
#2346 = LINE ( 'NONE', #7784, #12544 ) ;
#2347 = VECTOR ( 'NONE', #3633, 1000.000000000000000 ) ;
#2348 =( GEOMETRIC_REPRESENTATION_CONTEXT ( 3 ) GLOBAL_UNCERTAINTY_ASSIGNED_CONTEXT ( ( #10944 ) ) GLOBAL_UNIT_ASSIGNED_CONTEXT ( ( #9849, #3947, #10825 ) ) REPRESENTATION_CONTEXT ( 'NONE', 'WORKASPACE' ) );
#2350 = DIRECTION ( 'NONE',  ( 0.0000000000000000000, -1.000000000000000000, 0.0000000000000000000 ) ) ;
#2349 = DIRECTION ( 'NONE',  ( 0.0000000000000000000, -1.000000000000000000, 0.0000000000000000000 ) ) ;
#2351 = AXIS2_PLACEMENT_3D ( 'NONE', #10870, #1022, #4037 ) ;
#2352 = AXIS2_PLACEMENT_3D ( 'NONE', #12365, #6487, #548 ) ;
#2353 = FACE_OUTER_BOUND ( 'NONE', #315, .T. ) ;
#2354 = ORIENTED_EDGE ( 'NONE', *, *, #3924, .T. ) ;
#2355 = VECTOR ( 'NONE', #9131, 1000.000000000000000 ) ;
#2356 = SURFACE_STYLE_USAGE ( .BOTH. , #8292 ) ;
#2357 = SURFACE_STYLE_FILL_AREA ( #7687 ) ;
#2358 = MANIFOLD_SOLID_BREP ( 'Combine4', #10144 ) ;
#2359 = ORIENTED_EDGE ( 'NONE', *, *, #665, .T. ) ;
#2360 = CARTESIAN_POINT ( 'NONE',  ( -1.568300000000000249, 0.1000000000000000056, 0.1166021724064562892 ) ) ;
#2361 = VERTEX_POINT ( 'NONE', #5183 ) ;
#2362 = CARTESIAN_POINT ( 'NONE',  ( 1.568300000000000249, 0.1000000000000000056, 0.1963566009016785296 ) ) ;
#2363 = UNCERTAINTY_MEASURE_WITH_UNIT (LENGTH_MEASURE( 1.000000000000000082E-05 ), #10160, 'distance_accuracy_value', 'NONE');
#2364 =( NAMED_UNIT ( * ) PLANE_ANGLE_UNIT ( ) SI_UNIT ( $, .RADIAN. ) );
#2365 = EDGE_CURVE ( 'NONE', #6831, #8060, #5792, .T. ) ;
#2366 = CARTESIAN_POINT ( 'NONE',  ( 1.553297827593543845, 0.1000000000000000056, 0.1016000000000000236 ) ) ;
#2367 = VECTOR ( 'NONE', #3802, 1000.000000000000000 ) ;
#2368 = PRESENTATION_LAYER_ASSIGNMENT (  '', '', ( #1087 ) ) ;
#2369 =( GEOMETRIC_REPRESENTATION_CONTEXT ( 3 ) GLOBAL_UNCERTAINTY_ASSIGNED_CONTEXT ( ( #10216 ) ) GLOBAL_UNIT_ASSIGNED_CONTEXT ( ( #2174, #9099, #3153 ) ) REPRESENTATION_CONTEXT ( 'NONE', 'WORKASPACE' ) );
#2370 = LINE ( 'NONE', #4826, #7349 ) ;
#2371 = SURFACE_SIDE_STYLE ('',( #6813 ) ) ;
#2372 = EDGE_LOOP ( 'NONE', ( #3638, #303, #1567, #1779 ) ) ;
#2373 = CARTESIAN_POINT ( 'NONE',  ( 1.600000000000000311, 0.09999999999999999167, 0.1999000000000000221 ) ) ;
#2374 = EDGE_CURVE ( 'NONE', #5193, #9090, #11002, .T. ) ;
#2375 = ORIENTED_EDGE ( 'NONE', *, *, #1271, .F. ) ;
#2376 = CARTESIAN_POINT ( 'NONE',  ( -1.307400000000000118, 0.5000000000000000000, 0.5000000000000000000 ) ) ;
#2377 = LINE ( 'NONE', #7709, #9655 ) ;
#2378 = DIRECTION ( 'NONE',  ( 0.0000000000000000000, 0.0000000000000000000, -1.000000000000000000 ) ) ;
#2379 = VERTEX_POINT ( 'NONE', #5215 ) ;
#2380 = LINE ( 'NONE', #2462, #5047 ) ;
#2381 = VECTOR ( 'NONE', #3255, 1000.000000000000000 ) ;
#2382 = CARTESIAN_POINT ( 'NONE',  ( 1.600000000000000311, 0.1000000000000000056, 0.2108999999999999764 ) ) ;
#2383 = EDGE_CURVE ( 'NONE', #7576, #4079, #8098, .T. ) ;
#2384 = CARTESIAN_POINT ( 'NONE',  ( -1.021700000000000275, 0.0000000000000000000, 0.05229999999999980498 ) ) ;
#2385 = VERTEX_POINT ( 'NONE', #9690 ) ;
#2386 = DIRECTION ( 'NONE',  ( 0.0000000000000000000, 0.0000000000000000000, -1.000000000000000000 ) ) ;
#2387 = VECTOR ( 'NONE', #10509, 1000.000000000000000 ) ;
#2388 = CARTESIAN_POINT ( 'NONE',  ( -1.311172388391701915, 0.0000000000000000000, 0.4874532564923810818 ) ) ;
#2389 = AXIS2_PLACEMENT_3D ( 'NONE', #3311, #10199, #4319 ) ;
#2390 = ADVANCED_FACE ( 'NONE', ( #8406 ), #11676, .T. ) ;
#2391 = ORIENTED_EDGE ( 'NONE', *, *, #1741, .T. ) ;
#2393 =( NAMED_UNIT ( * ) SI_UNIT ( $, .STERADIAN. ) SOLID_ANGLE_UNIT ( ) );
#2392 = CARTESIAN_POINT ( 'NONE',  ( 1.583302172406456876, 0.1000000000000000056, 0.1963566009016785296 ) ) ;
#2394 = UNCERTAINTY_MEASURE_WITH_UNIT (LENGTH_MEASURE( 1.000000000000000082E-05 ), #9916, 'distance_accuracy_value', 'NONE');
#2395 = SURFACE_SIDE_STYLE ('',( #8881 ) ) ;
#2396 = CARTESIAN_POINT ( 'NONE',  ( -1.086202172406457001, 0.1000000000000000056, 0.1166021724064562892 ) ) ;
#2397 = CARTESIAN_POINT ( 'NONE',  ( 1.547025723808735931, 0.1000000000000000056, -0.1017000000000001098 ) ) ;
#2398 = CARTESIAN_POINT ( 'NONE',  ( 1.099400000000000377, 0.09999999999999999167, 0.4012999999999999901 ) ) ;
#2399 = DIRECTION ( 'NONE',  ( 0.0000000000000000000, -1.000000000000000000, 0.0000000000000000000 ) ) ;
#2400 = CARTESIAN_POINT ( 'NONE',  ( -1.099400000000000377, 0.09999999999999999167, -0.4012999999999999901 ) ) ;
#2401 = STYLED_ITEM ( 'NONE', ( #21 ), #11609 ) ;
#2402 =( LENGTH_UNIT ( ) NAMED_UNIT ( * ) SI_UNIT ( .MILLI., .METRE. ) );
#2403 = ORIENTED_EDGE ( 'NONE', *, *, #3150, .F. ) ;
#2404 = EDGE_CURVE ( 'NONE', #1062, #8874, #2370, .T. ) ;
#2405 = CARTESIAN_POINT ( 'NONE',  ( -1.571800000000000308, 0.5000000000000000000, 0.1016000000000000236 ) ) ;
#2406 = LINE ( 'NONE', #10612, #4749 ) ;
#2407 = CARTESIAN_POINT ( 'NONE',  ( 1.071200000000000374, 0.1000000000000000056, 0.1166021724064566778 ) ) ;
#2408 = VECTOR ( 'NONE', #9166, 1000.000000000000000 ) ;
#2409 = VERTEX_POINT ( 'NONE', #5828 ) ;
#2410 = CARTESIAN_POINT ( 'NONE',  ( 0.3766302143396287327, 0.1000000000000000056, 0.05229999999999979110 ) ) ;
#2411 = VECTOR ( 'NONE', #7617, 1000.000000000000000 ) ;
#2412 = EDGE_CURVE ( 'NONE', #2413, #10309, #2080, .T. ) ;
#2413 = VERTEX_POINT ( 'NONE', #6827 ) ;
#2414 = CARTESIAN_POINT ( 'NONE',  ( -0.3352278962151924446, 0.1000000000000000056, -0.2153021724064569098 ) ) ;
#2415 = VECTOR ( 'NONE', #10834, 1000.000000000000000 ) ;
#2416 = EDGE_CURVE ( 'NONE', #8949, #4596, #9950, .T. ) ;
#2417 =( NAMED_UNIT ( * ) SI_UNIT ( $, .STERADIAN. ) SOLID_ANGLE_UNIT ( ) );
#2418 = ORIENTED_EDGE ( 'NONE', *, *, #5721, .F. ) ;
#2419 = EDGE_CURVE ( 'NONE', #2379, #5730, #4713, .T. ) ;
#2420 = AXIS2_PLACEMENT_3D ( 'NONE', #12526, #11568, #5673 ) ;
#2421 =( GEOMETRIC_REPRESENTATION_CONTEXT ( 3 ) GLOBAL_UNCERTAINTY_ASSIGNED_CONTEXT ( ( #5657 ) ) GLOBAL_UNIT_ASSIGNED_CONTEXT ( ( #2046, #8974, #3021 ) ) REPRESENTATION_CONTEXT ( 'NONE', 'WORKASPACE' ) );
#2422 = CARTESIAN_POINT ( 'NONE',  ( 1.099400000000000377, 0.09999999999999999167, 0.3025999999999999801 ) ) ;
#2423 = ORIENTED_EDGE ( 'NONE', *, *, #4148, .T. ) ;
#2424 = STYLED_ITEM ( 'NONE', ( #4090 ), #6703 ) ;
#2425 = AXIS2_PLACEMENT_3D ( 'NONE', #4634, #11529, #5624 ) ;
#2426 = CARTESIAN_POINT ( 'NONE',  ( 0.1005151071698142246, 0.1000000000000000056, -0.4976000000000002643 ) ) ;
#2427 = CARTESIAN_POINT ( 'NONE',  ( -0.6304257238087359605, 0.1000000000000000056, 0.4976999999999999202 ) ) ;
#2428 = EDGE_LOOP ( 'NONE', ( #5256, #11990, #10313, #2057 ) ) ;
#2429 = EDGE_LOOP ( 'NONE', ( #3293, #4239, #11281, #9303 ) ) ;
#2430 = FILL_AREA_STYLE_COLOUR ( '', #10096 ) ;
#2431 = CARTESIAN_POINT ( 'NONE',  ( 0.6454278962151925869, 0.0000000000000000000, 0.1143021724064565564 ) ) ;
#2432 = VERTEX_POINT ( 'NONE', #11719 ) ;
#2433 = MECHANICAL_DESIGN_GEOMETRIC_PRESENTATION_REPRESENTATION (  '', ( #1159 ), #3106 ) ;
#2434 = ADVANCED_FACE ( 'NONE', ( #7056 ), #1884, .T. ) ;
#2435 = DIRECTION ( 'NONE',  ( 0.0000000000000000000, -1.000000000000000000, 0.0000000000000000000 ) ) ;
#2436 =( GEOMETRIC_REPRESENTATION_CONTEXT ( 3 ) GLOBAL_UNCERTAINTY_ASSIGNED_CONTEXT ( ( #3652 ) ) GLOBAL_UNIT_ASSIGNED_CONTEXT ( ( #4353, #11237, #5336 ) ) REPRESENTATION_CONTEXT ( 'NONE', 'WORKASPACE' ) );
#2437 =( GEOMETRIC_REPRESENTATION_CONTEXT ( 3 ) GLOBAL_UNCERTAINTY_ASSIGNED_CONTEXT ( ( #2044 ) ) GLOBAL_UNIT_ASSIGNED_CONTEXT ( ( #3827, #10693, #4816 ) ) REPRESENTATION_CONTEXT ( 'NONE', 'WORKASPACE' ) );
#2438 = CARTESIAN_POINT ( 'NONE',  ( 1.600000000000000089, 0.0000000000000000000, -0.2990000000000000990 ) ) ;
#2439 = SURFACE_STYLE_USAGE ( .BOTH. , #8378 ) ;
#2440 = VECTOR ( 'NONE', #10039, 1000.000000000000000 ) ;
#2441 = ORIENTED_EDGE ( 'NONE', *, *, #2903, .F. ) ;
#2442 = DIRECTION ( 'NONE',  ( 0.0000000000000000000, -1.000000000000000000, 0.0000000000000000000 ) ) ;
#2443 = CARTESIAN_POINT ( 'NONE',  ( -1.300163347198079355, 0.1000000000000000056, -0.4874305275949878946 ) ) ;
#2444 = VERTEX_POINT ( 'NONE', #11808 ) ;
#2445 = VERTEX_POINT ( 'NONE', #1967 ) ;
#2446 = DIRECTION ( 'NONE',  ( -0.0000000000000000000, -0.0000000000000000000, -1.000000000000000000 ) ) ;
#2447 = ADVANCED_FACE ( 'NONE', ( #853 ), #2939, .F. ) ;
#2448 = VECTOR ( 'NONE', #2125, 1000.000000000000000 ) ;
#2449 = ORIENTED_EDGE ( 'NONE', *, *, #5023, .F. ) ;
#2450 =( NAMED_UNIT ( * ) PLANE_ANGLE_UNIT ( ) SI_UNIT ( $, .RADIAN. ) );
#2451 = PLANE ( 'NONE',  #2917 ) ;
#2452 = EDGE_CURVE ( 'NONE', #91, #5244, #8740, .T. ) ;
#2453 = DIRECTION ( 'NONE',  ( 0.0000000000000000000, -1.000000000000000000, 0.0000000000000000000 ) ) ;
#2454 = ORIENTED_EDGE ( 'NONE', *, *, #6936, .F. ) ;
#2455 = EDGE_CURVE ( 'NONE', #4825, #672, #9644, .T. ) ;
#2456 = MECHANICAL_DESIGN_GEOMETRIC_PRESENTATION_REPRESENTATION (  '', ( #492 ), #3123 ) ;
#2457 = LINE ( 'NONE', #11667, #7751 ) ;
#2458 = ORIENTED_EDGE ( 'NONE', *, *, #11827, .F. ) ;
#2459 = ORIENTED_EDGE ( 'NONE', *, *, #5912, .T. ) ;
#2460 = ADVANCED_FACE ( 'NONE', ( #5798 ), #12408, .F. ) ;
#2461 = DIRECTION ( 'NONE',  ( -0.0000000000000000000, -1.000000000000000000, -0.0000000000000000000 ) ) ;
#2462 = CARTESIAN_POINT ( 'NONE',  ( 0.4585278962151925208, 0.1000000000000000056, 0.4694999999999998064 ) ) ;
#2463 = DIRECTION ( 'NONE',  ( 0.0000000000000000000, 0.0000000000000000000, 1.000000000000000000 ) ) ;
#2464 = SURFACE_STYLE_USAGE ( .BOTH. , #8407 ) ;
#2465 = ORIENTED_EDGE ( 'NONE', *, *, #8212, .F. ) ;
#2466 = LINE ( 'NONE', #8756, #10335 ) ;
#2467 = VERTEX_POINT ( 'NONE', #1081 ) ;
#2468 = AXIS2_PLACEMENT_3D ( 'NONE', #6288, #337, #7273 ) ;
#2469 = PRESENTATION_STYLE_ASSIGNMENT (( #2356 ) ) ;
#2470 = ORIENTED_EDGE ( 'NONE', *, *, #2104, .F. ) ;
#2471 = CARTESIAN_POINT ( 'NONE',  ( -0.3281278962151925049, 0.1000000000000000056, 0.4694999999999999174 ) ) ;
#2472 = MECHANICAL_DESIGN_GEOMETRIC_PRESENTATION_REPRESENTATION (  '', ( #504 ), #3143 ) ;
#2473 = CARTESIAN_POINT ( 'NONE',  ( 1.600000000000000311, 0.5000000000000000000, -0.5000000000000000000 ) ) ;
#2474 = COLOUR_RGB ( '',0.9686274509803921573, 0.8784313725490195957, 0.5999999999999999778 ) ;
#2475 = CARTESIAN_POINT ( 'NONE',  ( 1.099400000000000377, 0.5000000000000000000, -0.4012999999999999901 ) ) ;
#2476 = FILL_AREA_STYLE ('',( #510 ) ) ;
#2477 =( NAMED_UNIT ( * ) PLANE_ANGLE_UNIT ( ) SI_UNIT ( $, .RADIAN. ) );
#2478 = EDGE_CURVE ( 'NONE', #8730, #605, #2217, .T. ) ;
#2479 = DIRECTION ( 'NONE',  ( -4.020095065059161301E-16, 0.0000000000000000000, -1.000000000000000000 ) ) ;
#2481 =( LENGTH_UNIT ( ) NAMED_UNIT ( * ) SI_UNIT ( .MILLI., .METRE. ) );
#2480 = LINE ( 'NONE', #7077, #4833 ) ;
#2482 = ORIENTED_EDGE ( 'NONE', *, *, #11694, .F. ) ;
#2483 = DIRECTION ( 'NONE',  ( 0.0000000000000000000, 0.0000000000000000000, 1.000000000000000000 ) ) ;
#2484 = CARTESIAN_POINT ( 'NONE',  ( -0.1774300686216492284, 0.1000000000000000056, -0.5000000000000001110 ) ) ;
#2485 = VERTEX_POINT ( 'NONE', #7988 ) ;
#2486 = ORIENTED_EDGE ( 'NONE', *, *, #5214, .T. ) ;
#2487 = FACE_OUTER_BOUND ( 'NONE', #1908, .T. ) ;
#2488 = PLANE ( 'NONE',  #4428 ) ;
#2489 = COLOUR_RGB ( '',1.000000000000000000, 1.000000000000000000, 1.000000000000000000 ) ;
#2490 = STYLED_ITEM ( 'NONE', ( #4166 ), #12503 ) ;
#2491 = EDGE_CURVE ( 'NONE', #260, #3406, #10079, .T. ) ;
#2492 = MECHANICAL_DESIGN_GEOMETRIC_PRESENTATION_REPRESENTATION (  '', ( #1207 ), #3160 ) ;
#2493 = DIRECTION ( 'NONE',  ( 0.0000000000000000000, -1.000000000000000000, 0.0000000000000000000 ) ) ;
#2494 = DIRECTION ( 'NONE',  ( 0.0000000000000000000, 0.0000000000000000000, -1.000000000000000000 ) ) ;
#2495 = AXIS2_PLACEMENT_3D ( 'NONE', #4695, #11590, #5688 ) ;
#2496 = FACE_OUTER_BOUND ( 'NONE', #889, .T. ) ;
#2497 = ORIENTED_EDGE ( 'NONE', *, *, #9871, .T. ) ;
#2498 = ADVANCED_FACE ( 'NONE', ( #7491 ), #2052, .F. ) ;
#2499 = VERTEX_POINT ( 'NONE', #7001 ) ;
#2500 = SURFACE_STYLE_FILL_AREA ( #11300 ) ;
#2501 = DIRECTION ( 'NONE',  ( 0.0000000000000000000, -1.000000000000000000, 0.0000000000000000000 ) ) ;
#2502 = ORIENTED_EDGE ( 'NONE', *, *, #10150, .T. ) ;
#2503 = CARTESIAN_POINT ( 'NONE',  ( 0.3281278962151924494, 0.0000000000000000000, 0.4694999999999998064 ) ) ;
#2504 = CARTESIAN_POINT ( 'NONE',  ( -1.577030068621648962, -0.0000000000000000000, -0.1857361597196679204 ) ) ;
#2505 = ORIENTED_EDGE ( 'NONE', *, *, #10906, .F. ) ;
#2506 = ADVANCED_FACE ( 'NONE', ( #8882 ), #6047, .T. ) ;
#2507 = ORIENTED_EDGE ( 'NONE', *, *, #9110, .F. ) ;
#2508 = PRESENTATION_LAYER_ASSIGNMENT (  '', '', ( #1222 ) ) ;
#2509 = CARTESIAN_POINT ( 'NONE',  ( -1.600000000000000311, 0.0000000000000000000, 0.4999999999999995559 ) ) ;
#2510 = VERTEX_POINT ( 'NONE', #1165 ) ;
#2511 = STYLED_ITEM ( 'NONE', ( #12030 ), #7611 ) ;
#2512 = CARTESIAN_POINT ( 'NONE',  ( -0.3175278962151925066, 0.0000000000000000000, 0.4800999999999999157 ) ) ;
#2513 = ORIENTED_EDGE ( 'NONE', *, *, #6420, .T. ) ;
#2514 = ORIENTED_EDGE ( 'NONE', *, *, #406, .F. ) ;
#2515 = MECHANICAL_DESIGN_GEOMETRIC_PRESENTATION_REPRESENTATION (  '', ( #12700 ), #3187 ) ;
#2516 = CARTESIAN_POINT ( 'NONE',  ( 0.6304257238087359605, 0.0000000000000000000, 0.09929999999999988836 ) ) ;
#2517 = VECTOR ( 'NONE', #1952, 1000.000000000000000 ) ;
#2518 = CARTESIAN_POINT ( 'NONE',  ( 0.1005151071698142246, 0.1000000000000000056, -0.4976000000000002643 ) ) ;
#2519 = CARTESIAN_POINT ( 'NONE',  ( 0.3202257238087359292, 0.1000000000000000056, -0.5000000000000002220 ) ) ;
#2520 = DIRECTION ( 'NONE',  ( -0.0000000000000000000, -1.000000000000000000, -0.0000000000000000000 ) ) ;
#2521 = VERTEX_POINT ( 'NONE', #7121 ) ;
#2522 = CARTESIAN_POINT ( 'NONE',  ( -1.296800000000000397, 0.09999999999999999167, 0.4823999999999999955 ) ) ;
#2523 = LINE ( 'NONE', #10646, #10091 ) ;
#2524 = VECTOR ( 'NONE', #10413, 1000.000000000000000 ) ;
#2525 = DIRECTION ( 'NONE',  ( 0.0000000000000000000, -1.000000000000000000, 0.0000000000000000000 ) ) ;
#2526 = ADVANCED_FACE ( 'NONE', ( #7957 ), #1196, .T. ) ;
#2527 = SURFACE_STYLE_FILL_AREA ( #10365 ) ;
#2528 = CARTESIAN_POINT ( 'NONE',  ( -1.582400000000000251, 0.09999999999999999167, 0.1968000000000001137 ) ) ;
#2529 = ORIENTED_EDGE ( 'NONE', *, *, #5619, .F. ) ;
#2530 =( NAMED_UNIT ( * ) PLANE_ANGLE_UNIT ( ) SI_UNIT ( $, .RADIAN. ) );
#2531 = DIRECTION ( 'NONE',  ( 0.0000000000000000000, 0.0000000000000000000, 1.000000000000000000 ) ) ;
#2532 = ORIENTED_EDGE ( 'NONE', *, *, #4724, .F. ) ;
#2533 = EDGE_CURVE ( 'NONE', #4721, #12259, #5302, .T. ) ;
#2534 = UNCERTAINTY_MEASURE_WITH_UNIT (LENGTH_MEASURE( 1.000000000000000082E-05 ), #12467, 'distance_accuracy_value', 'NONE');
#2535 = EDGE_CURVE ( 'NONE', #2765, #3148, #2661, .T. ) ;
#2536 = ORIENTED_EDGE ( 'NONE', *, *, #3990, .F. ) ;
#2537 = AXIS2_PLACEMENT_3D ( 'NONE', #1960, #6951, #1035 ) ;
#2538 = CARTESIAN_POINT ( 'NONE',  ( -1.086202172406457001, 0.1000000000000000056, 0.1015999999999997322 ) ) ;
#2539 = EDGE_CURVE ( 'NONE', #10699, #12241, #10533, .T. ) ;
#2540 = CARTESIAN_POINT ( 'NONE',  ( 0.4691278962151925191, 0.0000000000000000000, 0.4870999999999999219 ) ) ;
#2541 = ORIENTED_EDGE ( 'NONE', *, *, #7214, .F. ) ;
#2542 = LINE ( 'NONE', #6922, #12743 ) ;
#2543 = DIRECTION ( 'NONE',  ( 0.0000000000000000000, 0.0000000000000000000, -1.000000000000000000 ) ) ;
#2544 = LINE ( 'NONE', #10181, #10739 ) ;
#2545 = CARTESIAN_POINT ( 'NONE',  ( 1.021730214339628739, 0.0000000000000000000, 0.4999999999999993339 ) ) ;
#2546 = DIRECTION ( 'NONE',  ( 0.0000000000000000000, 0.0000000000000000000, 1.000000000000000000 ) ) ;
#2547 = EDGE_CURVE ( 'NONE', #4626, #3664, #68, .T. ) ;
#2548 =( NAMED_UNIT ( * ) PLANE_ANGLE_UNIT ( ) SI_UNIT ( $, .RADIAN. ) );
#2549 = UNCERTAINTY_MEASURE_WITH_UNIT (LENGTH_MEASURE( 1.000000000000000082E-05 ), #2402, 'distance_accuracy_value', 'NONE');
#2550 = DIRECTION ( 'NONE',  ( -0.0000000000000000000, -1.000000000000000000, -0.0000000000000000000 ) ) ;
#2551 = ORIENTED_EDGE ( 'NONE', *, *, #3206, .F. ) ;
#2552 = EDGE_LOOP ( 'NONE', ( #11130, #6961, #10225, #233 ) ) ;
#2553 = CARTESIAN_POINT ( 'NONE',  ( -0.3766000000000001569, 0.1000000000000000056, -0.04990000000000019420 ) ) ;
#2554 = ORIENTED_EDGE ( 'NONE', *, *, #9481, .F. ) ;
#2555 = VECTOR ( 'NONE', #8304, 1000.000000000000000 ) ;
#2556 = CARTESIAN_POINT ( 'NONE',  ( 1.310900000000000176, 0.1000000000000000056, 0.5000000000000000000 ) ) ;
#2557 = ORIENTED_EDGE ( 'NONE', *, *, #10306, .T. ) ;
#2558 = CARTESIAN_POINT ( 'NONE',  ( -0.6454278962151924759, 0.1000000000000000056, 0.4826978275935432383 ) ) ;
#2559 = DIRECTION ( 'NONE',  ( -0.0000000000000000000, 1.000000000000000000, -0.0000000000000000000 ) ) ;
#2560 = ADVANCED_FACE ( 'NONE', ( #12560 ), #1234, .T. ) ;
#2561 = VECTOR ( 'NONE', #9704, 1000.000000000000000 ) ;
#2562 = PRESENTATION_LAYER_ASSIGNMENT (  '', '', ( #12746 ) ) ;
#2563 = UNCERTAINTY_MEASURE_WITH_UNIT (LENGTH_MEASURE( 1.000000000000000082E-05 ), #8000, 'distance_accuracy_value', 'NONE');
#2564 = DIRECTION ( 'NONE',  ( 0.0000000000000000000, -1.000000000000000000, 0.0000000000000000000 ) ) ;
#2565 = EDGE_CURVE ( 'NONE', #8728, #2726, #9937, .T. ) ;
#2566 = PRESENTATION_LAYER_ASSIGNMENT (  '', '', ( #10893 ) ) ;
#2567 = DIRECTION ( 'NONE',  ( -0.0000000000000000000, -1.000000000000000000, -0.0000000000000000000 ) ) ;
#2568 = CARTESIAN_POINT ( 'NONE',  ( -1.103100000000000414, 0.09999999999999999167, 0.4718000000000000527 ) ) ;
#2569 = PRESENTATION_STYLE_ASSIGNMENT (( #7085 ) ) ;
#2570 = VECTOR ( 'NONE', #7677, 1000.000000000000000 ) ;
#2571 = AXIS2_PLACEMENT_3D ( 'NONE', #10885, #5001, #11895 ) ;
#2572 = VERTEX_POINT ( 'NONE', #2252 ) ;
#2573 = EDGE_CURVE ( 'NONE', #984, #10386, #7640, .T. ) ;
#2574 = ORIENTED_EDGE ( 'NONE', *, *, #5448, .T. ) ;
#2575 = CIRCLE ( 'NONE', #9900, 0.01500217240645655876 ) ;
#2576 = DIRECTION ( 'NONE',  ( -1.000000000000000000, 0.0000000000000000000, -4.843431639425975498E-16 ) ) ;
#2577 = VERTEX_POINT ( 'NONE', #9172 ) ;
#2578 = DIRECTION ( 'NONE',  ( 0.7071067811865365815, 0.0000000000000000000, -0.7071067811865584529 ) ) ;
#2579 =( NAMED_UNIT ( * ) SI_UNIT ( $, .STERADIAN. ) SOLID_ANGLE_UNIT ( ) );
#2580 =( LENGTH_UNIT ( ) NAMED_UNIT ( * ) SI_UNIT ( .MILLI., .METRE. ) );
#2581 = LINE ( 'NONE', #4648, #10152 ) ;
#2582 = DIRECTION ( 'NONE',  ( 0.0000000000000000000, 1.000000000000000000, 0.0000000000000000000 ) ) ;
#2583 = FACE_OUTER_BOUND ( 'NONE', #8187, .T. ) ;
#2584 = ADVANCED_FACE ( 'NONE', ( #4699 ), #8180, .T. ) ;
#2585 = ORIENTED_EDGE ( 'NONE', *, *, #1364, .T. ) ;
#2586 = CARTESIAN_POINT ( 'NONE',  ( 1.600000000000000311, 0.09999999999999999167, 0.2990000000000000990 ) ) ;
#2587 = VERTEX_POINT ( 'NONE', #11174 ) ;
#2588 = DIRECTION ( 'NONE',  ( 0.7071067811865365815, 0.0000000000000000000, -0.7071067811865584529 ) ) ;
#2589 = CARTESIAN_POINT ( 'NONE',  ( 0.3281278962151924494, 0.1000000000000000056, 0.4694999999999998064 ) ) ;
#2590 = ORIENTED_EDGE ( 'NONE', *, *, #6855, .T. ) ;
#2591 =( NAMED_UNIT ( * ) SI_UNIT ( $, .STERADIAN. ) SOLID_ANGLE_UNIT ( ) );
#2592 = CARTESIAN_POINT ( 'NONE',  ( -0.7009000000000000785, 0.1000000000000000056, 0.05229999999999980498 ) ) ;
#2593 = EDGE_CURVE ( 'NONE', #4865, #10323, #5025, .T. ) ;
#2594 = EDGE_LOOP ( 'NONE', ( #6357, #5609, #6773, #7402 ) ) ;
#2595 = DIRECTION ( 'NONE',  ( -0.0000000000000000000, 1.000000000000000000, -0.0000000000000000000 ) ) ;
#2596 = DIRECTION ( 'NONE',  ( 0.7071067811865475727, -0.0000000000000000000, 0.7071067811865475727 ) ) ;
#2597 = ORIENTED_EDGE ( 'NONE', *, *, #7157, .T. ) ;
#2598 = VERTEX_POINT ( 'NONE', #12143 ) ;
#2599 = FILL_AREA_STYLE_COLOUR ( '', #137 ) ;
#2600 = FILL_AREA_STYLE ('',( #652 ) ) ;
#2601 =( GEOMETRIC_REPRESENTATION_CONTEXT ( 3 ) GLOBAL_UNCERTAINTY_ASSIGNED_CONTEXT ( ( #1838 ) ) GLOBAL_UNIT_ASSIGNED_CONTEXT ( ( #10990, #5113, #12011 ) ) REPRESENTATION_CONTEXT ( 'NONE', 'WORKASPACE' ) );
#2602 = DIRECTION ( 'NONE',  ( 0.0000000000000000000, -1.000000000000000000, 0.0000000000000000000 ) ) ;
#2603 = EDGE_CURVE ( 'NONE', #10177, #3068, #6415, .T. ) ;
#2604 = FACE_OUTER_BOUND ( 'NONE', #11244, .T. ) ;
#2605 = CARTESIAN_POINT ( 'NONE',  ( -1.399000000000000021, 0.09999999999999999167, 0.5000000000000000000 ) ) ;
#2606 =( LENGTH_UNIT ( ) NAMED_UNIT ( * ) SI_UNIT ( .MILLI., .METRE. ) );
#2607 = AXIS2_PLACEMENT_3D ( 'NONE', #8941, #6959, #10891 ) ;
#2608 = ORIENTED_EDGE ( 'NONE', *, *, #1404, .T. ) ;
#2609 = AXIS2_PLACEMENT_3D ( 'NONE', #9826, #4920, #11812 ) ;
#2610 = DIRECTION ( 'NONE',  ( -0.0000000000000000000, -1.000000000000000000, -0.0000000000000000000 ) ) ;
#2611 = DIRECTION ( 'NONE',  ( 0.0000000000000000000, 0.0000000000000000000, -1.000000000000000000 ) ) ;
#2612 = CIRCLE ( 'NONE', #5234, 0.01500217240645655876 ) ;
#2613 = DIRECTION ( 'NONE',  ( 0.0000000000000000000, -1.000000000000000000, 0.0000000000000000000 ) ) ;
#2614 = CARTESIAN_POINT ( 'NONE',  ( 1.562027896215192335, 0.1000000000000000056, -0.1857361597196678649 ) ) ;
#2615 = EDGE_CURVE ( 'NONE', #5022, #1592, #8729, .T. ) ;
#2616 = DIRECTION ( 'NONE',  ( -0.0000000000000000000, 1.000000000000000000, 0.0000000000000000000 ) ) ;
#2617 = VERTEX_POINT ( 'NONE', #12297 ) ;
#2618 = ORIENTED_EDGE ( 'NONE', *, *, #6188, .T. ) ;
#2619 = COLOUR_RGB ( '',0.9686274509803921573, 0.8784313725490195957, 0.5999999999999999778 ) ;
#2620 = VECTOR ( 'NONE', #5436, 1000.000000000000000 ) ;
#2621 = VERTEX_POINT ( 'NONE', #6423 ) ;
#2622 = ORIENTED_EDGE ( 'NONE', *, *, #11312, .T. ) ;
#2623 = CARTESIAN_POINT ( 'NONE',  ( 1.099400000000000377, 0.09999999999999999167, 0.3025999999999999801 ) ) ;
#2624 = EDGE_CURVE ( 'NONE', #9137, #3884, #3779, .T. ) ;
#2625 = DIRECTION ( 'NONE',  ( 1.000000000000000000, -0.0000000000000000000, 7.556514767313163497E-17 ) ) ;
#2626 = DIRECTION ( 'NONE',  ( 0.0000000000000000000, -1.000000000000000000, 0.0000000000000000000 ) ) ;
#2627 = EDGE_CURVE ( 'NONE', #7886, #1927, #838, .T. ) ;
#2628 = DIRECTION ( 'NONE',  ( 0.0000000000000000000, 0.0000000000000000000, -1.000000000000000000 ) ) ;
#2629 = ADVANCED_FACE ( 'NONE', ( #10995 ), #9783, .F. ) ;
#2630 = AXIS2_PLACEMENT_3D ( 'NONE', #12723, #6858, #939 ) ;
#2631 = DIRECTION ( 'NONE',  ( 1.000000000000000000, 0.0000000000000000000, 0.0000000000000000000 ) ) ;
#2632 = ORIENTED_EDGE ( 'NONE', *, *, #3415, .T. ) ;
#2633 =( NAMED_UNIT ( * ) SI_UNIT ( $, .STERADIAN. ) SOLID_ANGLE_UNIT ( ) );
#2634 = PRESENTATION_STYLE_ASSIGNMENT (( #2323 ) ) ;
#2635 = ORIENTED_EDGE ( 'NONE', *, *, #6383, .T. ) ;
#2636 = FILL_AREA_STYLE_COLOUR ( '', #6933 ) ;
#2637 = CARTESIAN_POINT ( 'NONE',  ( -1.577030068621648962, -0.0000000000000000000, -0.1857361597196679204 ) ) ;
#2638 = CIRCLE ( 'NONE', #10610, 0.01500217240645653274 ) ;
#2639 = CARTESIAN_POINT ( 'NONE',  ( -0.4797278962151925175, 0.0000000000000000000, 0.4976999999999999202 ) ) ;
#2640 = MECHANICAL_DESIGN_GEOMETRIC_PRESENTATION_REPRESENTATION (  '', ( #1341 ), #3319 ) ;
#2641 = AXIS2_PLACEMENT_3D ( 'NONE', #2741, #9675, #3773 ) ;
#2642 = DIRECTION ( 'NONE',  ( 1.000000000000000000, 0.0000000000000000000, -0.0000000000000000000 ) ) ;
#2643 = CIRCLE ( 'NONE', #2858, 0.01500217240645647723 ) ;
#2644 = DIRECTION ( 'NONE',  ( 0.0000000000000000000, -1.000000000000000000, 0.0000000000000000000 ) ) ;
#2645 = EDGE_LOOP ( 'NONE', ( #129, #6907, #3532, #116 ) ) ;
#2646 =( NAMED_UNIT ( * ) SI_UNIT ( $, .STERADIAN. ) SOLID_ANGLE_UNIT ( ) );
#2647 = CARTESIAN_POINT ( 'NONE',  ( 1.373961839504919347, 0.5000000000000000000, 0.3026000000000000911 ) ) ;
#2648 = VERTEX_POINT ( 'NONE', #4500 ) ;
#2649 = CARTESIAN_POINT ( 'NONE',  ( -0.3281278962151925049, 0.1000000000000000056, 0.4694999999999999174 ) ) ;
#2650 = CIRCLE ( 'NONE', #5512, 0.01500217240645655876 ) ;
#2651 = CIRCLE ( 'NONE', #6261, 0.01500217240645653274 ) ;
#2652 = DIRECTION ( 'NONE',  ( 0.0000000000000000000, -1.000000000000000000, 0.0000000000000000000 ) ) ;
#2653 = EDGE_CURVE ( 'NONE', #2996, #9577, #4849, .T. ) ;
#2654 = DIRECTION ( 'NONE',  ( 0.0000000000000000000, -1.000000000000000000, 0.0000000000000000000 ) ) ;
#2655 = ADVANCED_FACE ( 'NONE', ( #7477 ), #6509, .F. ) ;
#2656 = DIRECTION ( 'NONE',  ( 0.0000000000000000000, -1.000000000000000000, 0.0000000000000000000 ) ) ;
#2657 = SURFACE_SIDE_STYLE ('',( #2966 ) ) ;
#2658 =( NAMED_UNIT ( * ) PLANE_ANGLE_UNIT ( ) SI_UNIT ( $, .RADIAN. ) );
#2659 = VECTOR ( 'NONE', #9135, 1000.000000000000000 ) ;
#2660 = ORIENTED_EDGE ( 'NONE', *, *, #8112, .F. ) ;
#2661 = LINE ( 'NONE', #2171, #10223 ) ;
#2662 =( LENGTH_UNIT ( ) NAMED_UNIT ( * ) SI_UNIT ( .MILLI., .METRE. ) );
#2663 = PRESENTATION_STYLE_ASSIGNMENT (( #3492 ) ) ;
#2664 = EDGE_CURVE ( 'NONE', #10007, #8264, #6242, .T. ) ;
#2665 = PRESENTATION_LAYER_ASSIGNMENT (  '', '', ( #1365 ) ) ;
#2666 = ORIENTED_EDGE ( 'NONE', *, *, #2212, .T. ) ;
#2667 =( GEOMETRIC_REPRESENTATION_CONTEXT ( 3 ) GLOBAL_UNCERTAINTY_ASSIGNED_CONTEXT ( ( #10211 ) ) GLOBAL_UNIT_ASSIGNED_CONTEXT ( ( #12613, #6741, #804 ) ) REPRESENTATION_CONTEXT ( 'NONE', 'WORKASPACE' ) );
#2668 = EDGE_LOOP ( 'NONE', ( #2513, #99, #12204, #1187 ) ) ;
#2669 = MECHANICAL_DESIGN_GEOMETRIC_PRESENTATION_REPRESENTATION (  '', ( #11419 ), #3343 ) ;
#2670 =( NAMED_UNIT ( * ) SI_UNIT ( $, .STERADIAN. ) SOLID_ANGLE_UNIT ( ) );
#2671 = AXIS2_PLACEMENT_3D ( 'NONE', #12552, #6680, #784 ) ;
#2672 = UNCERTAINTY_MEASURE_WITH_UNIT (LENGTH_MEASURE( 1.000000000000000082E-05 ), #5492, 'distance_accuracy_value', 'NONE');
#2673 = SURFACE_STYLE_FILL_AREA ( #2156 ) ;
#2674 = DIRECTION ( 'NONE',  ( 0.0000000000000000000, -1.000000000000000000, 0.0000000000000000000 ) ) ;
#2675 = ORIENTED_EDGE ( 'NONE', *, *, #11525, .F. ) ;
#2676 = CARTESIAN_POINT ( 'NONE',  ( 0.0000000000000000000, 0.0000000000000000000, 0.0000000000000000000 ) ) ;
#2677 = LINE ( 'NONE', #2724, #7657 ) ;
#2678 = FILL_AREA_STYLE ('',( #4565 ) ) ;
#2679 = LINE ( 'NONE', #3253, #2994 ) ;
#2680 = ORIENTED_EDGE ( 'NONE', *, *, #1857, .T. ) ;
#2681 = CARTESIAN_POINT ( 'NONE',  ( -1.296800000000000397, 0.5000000000000000000, 0.4893999999999999462 ) ) ;
#2682 = ORIENTED_EDGE ( 'NONE', *, *, #1767, .T. ) ;
#2683 = VECTOR ( 'NONE', #11222, 1000.000000000000000 ) ;
#2684 = VERTEX_POINT ( 'NONE', #11389 ) ;
#2685 = STYLED_ITEM ( 'NONE', ( #3439 ), #10519 ) ;
#2686 = ORIENTED_EDGE ( 'NONE', *, *, #3046, .F. ) ;
#2687 = VECTOR ( 'NONE', #9115, 1000.000000000000000 ) ;
#2688 =( NAMED_UNIT ( * ) PLANE_ANGLE_UNIT ( ) SI_UNIT ( $, .RADIAN. ) );
#2689 = ORIENTED_EDGE ( 'NONE', *, *, #10472, .T. ) ;
#2690 =( NAMED_UNIT ( * ) PLANE_ANGLE_UNIT ( ) SI_UNIT ( $, .RADIAN. ) );
#2691 =( LENGTH_UNIT ( ) NAMED_UNIT ( * ) SI_UNIT ( .MILLI., .METRE. ) );
#2692 = ADVANCED_FACE ( 'NONE', ( #3601 ), #5949, .T. ) ;
#2693 = CARTESIAN_POINT ( 'NONE',  ( 1.082627896215192509, 0.1000000000000000056, -0.4567978275935435928 ) ) ;
#2694 = COLOUR_RGB ( '',1.000000000000000000, 1.000000000000000000, 1.000000000000000000 ) ;
#2695 = EDGE_LOOP ( 'NONE', ( #10074, #6114, #7058, #8268, #3870, #7158, #8172, #8886, #11668, #793, #4161, #9819, #5142, #6572 ) ) ;
#2696 = CARTESIAN_POINT ( 'NONE',  ( 0.3325300686216491330, 0.1000000000000000056, -0.08669782759354358048 ) ) ;
#2697 = PLANE ( 'NONE',  #8909 ) ;
#2698 = DIRECTION ( 'NONE',  ( 0.0000000000000000000, 1.000000000000000000, -0.0000000000000000000 ) ) ;
#2699 = FACE_OUTER_BOUND ( 'NONE', #6131, .T. ) ;
#2700 = CARTESIAN_POINT ( 'NONE',  ( 0.1005151071698142246, 0.0000000000000000000, -0.4976000000000002643 ) ) ;
#2701 = EDGE_CURVE ( 'NONE', #5905, #2409, #997, .T. ) ;
#2702 = CARTESIAN_POINT ( 'NONE',  ( 1.568300000000000249, 0.1000000000000000056, 0.1166021724064566778 ) ) ;
#2703 = EDGE_CURVE ( 'NONE', #9358, #4124, #8876, .T. ) ;
#2704 =( GEOMETRIC_REPRESENTATION_CONTEXT ( 3 ) GLOBAL_UNCERTAINTY_ASSIGNED_CONTEXT ( ( #2394 ) ) GLOBAL_UNIT_ASSIGNED_CONTEXT ( ( #9916, #4022, #10901 ) ) REPRESENTATION_CONTEXT ( 'NONE', 'WORKASPACE' ) );
#2705 = ORIENTED_EDGE ( 'NONE', *, *, #8607, .T. ) ;
#2706 = EDGE_CURVE ( 'NONE', #3101, #1497, #8553, .T. ) ;
#2707 = CARTESIAN_POINT ( 'NONE',  ( 1.296184350947589881, 0.1000000000000000056, 0.4868021724064565681 ) ) ;
#2708 = PLANE ( 'NONE',  #2203 ) ;
#2709 = ORIENTED_EDGE ( 'NONE', *, *, #2624, .T. ) ;
#2710 = FILL_AREA_STYLE_COLOUR ( '', #9983 ) ;
#2711 = CARTESIAN_POINT ( 'NONE',  ( -0.1774300686216492007, 0.0000000000000000000, 0.4976999999999999202 ) ) ;
#2712 = LINE ( 'NONE', #2700, #4758 ) ;
#2713 = LINE ( 'NONE', #12155, #118 ) ;
#2714 = CARTESIAN_POINT ( 'NONE',  ( -1.071200000000000374, 0.1000000000000000056, 0.4567978275935431487 ) ) ;
#2715 = ADVANCED_FACE ( 'NONE', ( #10845 ), #12468, .F. ) ;
#2716 = UNCERTAINTY_MEASURE_WITH_UNIT (LENGTH_MEASURE( 1.000000000000000082E-05 ), #2732, 'distance_accuracy_value', 'NONE');
#2717 = ORIENTED_EDGE ( 'NONE', *, *, #3775, .T. ) ;
#2718 = FILL_AREA_STYLE_COLOUR ( '', #401 ) ;
#2719 =( LENGTH_UNIT ( ) NAMED_UNIT ( * ) SI_UNIT ( .MILLI., .METRE. ) );
#2720 =( LENGTH_UNIT ( ) NAMED_UNIT ( * ) SI_UNIT ( .MILLI., .METRE. ) );
#2721 = CIRCLE ( 'NONE', #11349, 0.2009999999999997899 ) ;
#2722 = DIRECTION ( 'NONE',  ( 0.0000000000000000000, 0.0000000000000000000, 1.000000000000000000 ) ) ;
#2723 = EDGE_LOOP ( 'NONE', ( #6459, #7094, #3635, #2896, #5394, #12604, #10010, #10706 ) ) ;
#2724 = CARTESIAN_POINT ( 'NONE',  ( -1.067625723808735883, 0.1000000000000000056, -0.2003000000000002001 ) ) ;
#2725 = FACE_OUTER_BOUND ( 'NONE', #2428, .T. ) ;
#2726 = VERTEX_POINT ( 'NONE', #7571 ) ;
#2727 = DIRECTION ( 'NONE',  ( -0.0000000000000000000, 1.000000000000000000, -0.0000000000000000000 ) ) ;
#2728 = DIRECTION ( 'NONE',  ( 0.0000000000000000000, -1.000000000000000000, 0.0000000000000000000 ) ) ;
#2729 = CARTESIAN_POINT ( 'NONE',  ( -1.399000000000000243, -0.0000000000000000000, -0.5000000000000002220 ) ) ;
#2730 = FILL_AREA_STYLE_COLOUR ( '', #9066 ) ;
#2731 = CARTESIAN_POINT ( 'NONE',  ( 0.6304257238087359605, 0.1000000000000000056, 0.09929999999999991611 ) ) ;
#2732 =( LENGTH_UNIT ( ) NAMED_UNIT ( * ) SI_UNIT ( .MILLI., .METRE. ) );
#2733 = MECHANICAL_DESIGN_GEOMETRIC_PRESENTATION_REPRESENTATION (  '', ( #778 ), #3412 ) ;
#2734 = PLANE ( 'NONE',  #10459 ) ;
#2735 = SURFACE_STYLE_FILL_AREA ( #10551 ) ;
#2736 = VERTEX_POINT ( 'NONE', #5616 ) ;
#2737 = EDGE_CURVE ( 'NONE', #5648, #2521, #343, .T. ) ;
#2738 = CARTESIAN_POINT ( 'NONE',  ( -1.571800000000000308, 0.5000000000000000000, 0.1862000000000001432 ) ) ;
#2739 = SURFACE_STYLE_FILL_AREA ( #6625 ) ;
#2740 = MECHANICAL_DESIGN_GEOMETRIC_PRESENTATION_REPRESENTATION (  '', ( #121 ), #3416 ) ;
#2741 = CARTESIAN_POINT ( 'NONE',  ( -1.067625723808735883, -0.0000000000000000000, -0.2153021724064567433 ) ) ;
#2742 = SURFACE_SIDE_STYLE ('',( #10716 ) ) ;
#2743 = EDGE_LOOP ( 'NONE', ( #8427, #5275, #1111, #11227, #11258, #251, #12722, #12218, #8045, #11597, #9330, #11269, #9143 ) ) ;
#2744 = MECHANICAL_DESIGN_GEOMETRIC_PRESENTATION_REPRESENTATION (  '', ( #1446 ), #3421 ) ;
#2745 = FILL_AREA_STYLE_COLOUR ( '', #4723 ) ;
#2746 = SURFACE_STYLE_FILL_AREA ( #2317 ) ;
#2747 =( LENGTH_UNIT ( ) NAMED_UNIT ( * ) SI_UNIT ( .MILLI., .METRE. ) );
#2748 = ORIENTED_EDGE ( 'NONE', *, *, #7208, .T. ) ;
#2749 = DIRECTION ( 'NONE',  ( -0.0000000000000000000, -0.0000000000000000000, -1.000000000000000000 ) ) ;
#2750 = EDGE_LOOP ( 'NONE', ( #6814, #5119, #3681, #3706 ) ) ;
#2751 = ORIENTED_EDGE ( 'NONE', *, *, #8532, .T. ) ;
#2752 = DIRECTION ( 'NONE',  ( 0.0000000000000000000, 0.0000000000000000000, -1.000000000000000000 ) ) ;
#2753 = DIRECTION ( 'NONE',  ( 1.000000000000000000, 0.0000000000000000000, -0.0000000000000000000 ) ) ;
#2754 = ADVANCED_FACE ( 'NONE', ( #7944 ), #7615, .T. ) ;
#2755 = LINE ( 'NONE', #8012, #2448 ) ;
#2756 = EDGE_LOOP ( 'NONE', ( #2660, #10641, #3573, #1262, #10469, #2315, #11672, #12657, #11945, #3133, #9346, #10237, #4250, #7126, #6465 ) ) ;
#2757 = ORIENTED_EDGE ( 'NONE', *, *, #1246, .F. ) ;
#2758 =( GEOMETRIC_REPRESENTATION_CONTEXT ( 3 ) GLOBAL_UNCERTAINTY_ASSIGNED_CONTEXT ( ( #101 ) ) GLOBAL_UNIT_ASSIGNED_CONTEXT ( ( #5298, #12205, #6321 ) ) REPRESENTATION_CONTEXT ( 'NONE', 'WORKASPACE' ) );
#2759 = FILL_AREA_STYLE_COLOUR ( '', #2817 ) ;
#2760 = DIRECTION ( 'NONE',  ( -1.000000000000000000, -0.0000000000000000000, 0.0000000000000000000 ) ) ;
#2761 = CARTESIAN_POINT ( 'NONE',  ( 1.584125920840706137, 0.0000000000000000000, 0.2113361407954842952 ) ) ;
#2762 = DIRECTION ( 'NONE',  ( -0.0000000000000000000, -1.000000000000000000, -0.0000000000000000000 ) ) ;
#2763 = UNCERTAINTY_MEASURE_WITH_UNIT (LENGTH_MEASURE( 1.000000000000000082E-05 ), #1447, 'distance_accuracy_value', 'NONE');
#2764 = CARTESIAN_POINT ( 'NONE',  ( -1.582400000000000251, 0.09999999999999999167, 0.1968000000000001137 ) ) ;
#2765 = VERTEX_POINT ( 'NONE', #1689 ) ;
#2766 = ORIENTED_EDGE ( 'NONE', *, *, #3709, .T. ) ;
#2767 = DIRECTION ( 'NONE',  ( 0.0000000000000000000, 0.0000000000000000000, -1.000000000000000000 ) ) ;
#2768 = ORIENTED_EDGE ( 'NONE', *, *, #2859, .F. ) ;
#2769 = ORIENTED_EDGE ( 'NONE', *, *, #9910, .F. ) ;
#2770 = VECTOR ( 'NONE', #1971, 1000.000000000000000 ) ;
#2771 = VECTOR ( 'NONE', #10301, 1000.000000000000000 ) ;
#2772 = DIRECTION ( 'NONE',  ( 1.000000000000000000, 0.0000000000000000000, 1.171755763104686462E-17 ) ) ;
#2773 = PLANE ( 'NONE',  #4122 ) ;
#2774 = DIRECTION ( 'NONE',  ( -0.0000000000000000000, -0.0000000000000000000, 1.000000000000000000 ) ) ;
#2775 = EDGE_CURVE ( 'NONE', #6283, #8973, #12233, .T. ) ;
#2776 = PLANE ( 'NONE',  #7081 ) ;
#2777 = EDGE_CURVE ( 'NONE', #10829, #9550, #4690, .T. ) ;
#2778 = AXIS2_PLACEMENT_3D ( 'NONE', #8867, #1012, #11786 ) ;
#2779 = PRESENTATION_LAYER_ASSIGNMENT (  '', '', ( #2143 ) ) ;
#2780 = CARTESIAN_POINT ( 'NONE',  ( -1.600000000000000311, 0.1000000000000000056, 0.4999999999999995559 ) ) ;
#2781 = ADVANCED_FACE ( 'NONE', ( #9615 ), #11616, .F. ) ;
#2782 = ORIENTED_EDGE ( 'NONE', *, *, #7934, .T. ) ;
#2783 = VECTOR ( 'NONE', #11622, 1000.000000000000000 ) ;
#2784 = CARTESIAN_POINT ( 'NONE',  ( -0.3325300686216491330, 0.0000000000000000000, 0.09929999999999988836 ) ) ;
#2785 = ORIENTED_EDGE ( 'NONE', *, *, #7247, .F. ) ;
#2786 = LINE ( 'NONE', #8247, #7768 ) ;
#2787 = ORIENTED_EDGE ( 'NONE', *, *, #9176, .T. ) ;
#2788 = CARTESIAN_POINT ( 'NONE',  ( -1.399000000000000243, 0.0000000000000000000, 0.4999999999999995559 ) ) ;
#2789 = CARTESIAN_POINT ( 'NONE',  ( 1.547025723808735931, 0.0000000000000000000, -0.1017000000000001098 ) ) ;
#2790 = EDGE_CURVE ( 'NONE', #7584, #7185, #7030, .T. ) ;
#2791 = LINE ( 'NONE', #3595, #11620 ) ;
#2792 = SURFACE_STYLE_FILL_AREA ( #8043 ) ;
#2793 = DIRECTION ( 'NONE',  ( 4.020095065059161301E-16, 0.0000000000000000000, 1.000000000000000000 ) ) ;
#2794 = DIRECTION ( 'NONE',  ( -0.0000000000000000000, 1.000000000000000000, -0.0000000000000000000 ) ) ;
#2795 = CARTESIAN_POINT ( 'NONE',  ( -0.3202257238087359292, 0.1000000000000000056, -0.5000000000000002220 ) ) ;
#2796 = EDGE_CURVE ( 'NONE', #8516, #9568, #9318, .T. ) ;
#2797 = ORIENTED_EDGE ( 'NONE', *, *, #4493, .T. ) ;
#2798 = SURFACE_SIDE_STYLE ('',( #5118 ) ) ;
#2799 = ORIENTED_EDGE ( 'NONE', *, *, #11993, .T. ) ;
#2800 = CARTESIAN_POINT ( 'NONE',  ( -1.582400000000000251, 0.09999999999999999167, 0.1968000000000001137 ) ) ;
#2801 = ORIENTED_EDGE ( 'NONE', *, *, #98, .F. ) ;
#2802 = AXIS2_PLACEMENT_3D ( 'NONE', #6579, #2596, #9531 ) ;
#2803 = PRESENTATION_STYLE_ASSIGNMENT (( #11837 ) ) ;
#2804 = COLOUR_RGB ( '',0.0000000000000000000, 0.7529411764705882248, 0.0000000000000000000 ) ;
#2805 = LINE ( 'NONE', #6766, #7787 ) ;
#2806 = CARTESIAN_POINT ( 'NONE',  ( 1.600030214339628554, 0.1000000000000000056, 0.05229999999999978416 ) ) ;
#2807 =( LENGTH_UNIT ( ) NAMED_UNIT ( * ) SI_UNIT ( .MILLI., .METRE. ) );
#2808 = CARTESIAN_POINT ( 'NONE',  ( 1.568300000000000249, 0.0000000000000000000, 0.1963566009016785296 ) ) ;
#2809 = ORIENTED_EDGE ( 'NONE', *, *, #4875, .T. ) ;
#2810 = FACE_OUTER_BOUND ( 'NONE', #2144, .T. ) ;
#2811 = ORIENTED_EDGE ( 'NONE', *, *, #2184, .T. ) ;
#2812 = LINE ( 'NONE', #3405, #515 ) ;
#2813 = MECHANICAL_DESIGN_GEOMETRIC_PRESENTATION_REPRESENTATION (  '', ( #868 ), #3493 ) ;
#2814 = EDGE_CURVE ( 'NONE', #871, #3440, #11946, .T. ) ;
#2815 = ORIENTED_EDGE ( 'NONE', *, *, #10370, .F. ) ;
#2816 = DIRECTION ( 'NONE',  ( -1.000000000000000000, -0.0000000000000000000, -4.179009298818627440E-17 ) ) ;
#2817 = COLOUR_RGB ( '',0.0000000000000000000, 0.7529411764705882248, 0.0000000000000000000 ) ;
#2818 = CARTESIAN_POINT ( 'NONE',  ( -0.3202257238087360403, 0.1000000000000000056, -0.4849978275935437066 ) ) ;
#2819 = VERTEX_POINT ( 'NONE', #4764 ) ;
#2820 = ADVANCED_FACE ( 'NONE', ( #1750 ), #6405, .F. ) ;
#2821 = EDGE_LOOP ( 'NONE', ( #7160, #2375, #5627, #9182, #481, #1845, #2768, #1356, #1390, #5843, #5486, #4994, #785, #11920, #2072 ) ) ;
#2822 = SURFACE_SIDE_STYLE ('',( #322 ) ) ;
#2823 = VECTOR ( 'NONE', #6964, 1000.000000000000114 ) ;
#2824 = EDGE_CURVE ( 'NONE', #10355, #10537, #1437, .T. ) ;
#2825 = DIRECTION ( 'NONE',  ( 1.000000000000000000, 0.0000000000000000000, -3.141067797710766655E-15 ) ) ;
#2826 = DIRECTION ( 'NONE',  ( 0.0000000000000000000, -0.0000000000000000000, 1.000000000000000000 ) ) ;
#2827 = CARTESIAN_POINT ( 'NONE',  ( -1.296800000000000397, 0.5000000000000000000, 0.4893999999999999462 ) ) ;
#2828 = VERTEX_POINT ( 'NONE', #2788 ) ;
#2829 = DIRECTION ( 'NONE',  ( -0.0000000000000000000, 1.000000000000000000, -0.0000000000000000000 ) ) ;
#2830 = CARTESIAN_POINT ( 'NONE',  ( 0.3325300686216492441, 0.1000000000000000056, -0.1017000000000001098 ) ) ;
#2831 = ORIENTED_EDGE ( 'NONE', *, *, #2184, .F. ) ;
#2832 = VECTOR ( 'NONE', #7145, 1000.000000000000000 ) ;
#2833 = EDGE_CURVE ( 'NONE', #10583, #11699, #4080, .T. ) ;
#2834 = ORIENTED_EDGE ( 'NONE', *, *, #7289, .T. ) ;
#2835 = CARTESIAN_POINT ( 'NONE',  ( 0.3325300686216491330, 0.0000000000000000000, -0.08669782759354358048 ) ) ;
#2836 = CYLINDRICAL_SURFACE ( 'NONE', #7228, 0.01500217240645655876 ) ;
#2837 = FILL_AREA_STYLE_COLOUR ( '', #1796 ) ;
#2838 = ORIENTED_EDGE ( 'NONE', *, *, #5836, .F. ) ;
#2839 = FILL_AREA_STYLE ('',( #11704 ) ) ;
#2840 = EDGE_CURVE ( 'NONE', #8967, #4051, #3766, .T. ) ;
#2841 = STYLED_ITEM ( 'NONE', ( #9685 ), #9474 ) ;
#2842 = DIRECTION ( 'NONE',  ( 0.0000000000000000000, 1.000000000000000000, 0.0000000000000000000 ) ) ;
#2843 = AXIS2_PLACEMENT_3D ( 'NONE', #9707, #3811, #10673 ) ;
#2844 = CARTESIAN_POINT ( 'NONE',  ( -1.399000000000000243, 0.0000000000000000000, -0.5000000000000002220 ) ) ;
#2845 = STYLED_ITEM ( 'NONE', ( #7294 ), #4355 ) ;
#2846 = CARTESIAN_POINT ( 'NONE',  ( -1.097630068621648913, 0.1000000000000000056, -0.4718000000000002192 ) ) ;
#2847 = EDGE_LOOP ( 'NONE', ( #10984, #8895, #4971, #4225 ) ) ;
#2848 = PRESENTATION_STYLE_ASSIGNMENT (( #9676 ) ) ;
#2849 = EDGE_CURVE ( 'NONE', #1203, #186, #9027, .T. ) ;
#2850 = LINE ( 'NONE', #12174, #6914 ) ;
#2851 = EDGE_LOOP ( 'NONE', ( #12718, #11010, #11932, #5236 ) ) ;
#2852 = ADVANCED_FACE ( 'NONE', ( #8720 ), #4843, .T. ) ;
#2853 = LINE ( 'NONE', #2265, #8131 ) ;
#2854 = CARTESIAN_POINT ( 'NONE',  ( -0.3325300686216491330, 0.1000000000000000056, -0.1017000000000001098 ) ) ;
#2855 = CARTESIAN_POINT ( 'NONE',  ( 0.4797278962151925175, 0.1000000000000000056, 0.4976999999999999202 ) ) ;
#2856 = ORIENTED_EDGE ( 'NONE', *, *, #4731, .T. ) ;
#2857 = VECTOR ( 'NONE', #3971, 1000.000000000000000 ) ;
#2858 = AXIS2_PLACEMENT_3D ( 'NONE', #12652, #6777, #845 ) ;
#2859 = EDGE_CURVE ( 'NONE', #5080, #83, #827, .T. ) ;
#2860 = CARTESIAN_POINT ( 'NONE',  ( 1.600000000000000311, 0.0000000000000000000, -0.1999000000000000221 ) ) ;
#2861 = FACE_OUTER_BOUND ( 'NONE', #9215, .T. ) ;
#2862 = AXIS2_PLACEMENT_3D ( 'NONE', #3660, #684, #7634 ) ;
#2863 =( GEOMETRIC_REPRESENTATION_CONTEXT ( 3 ) GLOBAL_UNCERTAINTY_ASSIGNED_CONTEXT ( ( #7996 ) ) GLOBAL_UNIT_ASSIGNED_CONTEXT ( ( #6038, #107, #7036 ) ) REPRESENTATION_CONTEXT ( 'NONE', 'WORKASPACE' ) );
#2864 = PLANE ( 'NONE',  #1687 ) ;
#2865 = EDGE_CURVE ( 'NONE', #8654, #12263, #10987, .T. ) ;
#2866 = DIRECTION ( 'NONE',  ( 0.0000000000000000000, 0.0000000000000000000, 1.000000000000000000 ) ) ;
#2867 = PLANE ( 'NONE',  #10907 ) ;
#2868 = DIRECTION ( 'NONE',  ( -0.7071067811865474617, -0.0000000000000000000, 0.7071067811865474617 ) ) ;
#2869 = ORIENTED_EDGE ( 'NONE', *, *, #4179, .T. ) ;
#2870 =( NAMED_UNIT ( * ) SI_UNIT ( $, .STERADIAN. ) SOLID_ANGLE_UNIT ( ) );
#2871 = DIRECTION ( 'NONE',  ( -1.000000000000000000, 0.0000000000000000000, 0.0000000000000000000 ) ) ;
#2872 =( NAMED_UNIT ( * ) PLANE_ANGLE_UNIT ( ) SI_UNIT ( $, .RADIAN. ) );
#2873 = SURFACE_SIDE_STYLE ('',( #12783 ) ) ;
#2874 = DIRECTION ( 'NONE',  ( 0.0000000000000000000, -1.000000000000000000, 0.0000000000000000000 ) ) ;
#2875 = PLANE ( 'NONE',  #829 ) ;
#2876 = ORIENTED_EDGE ( 'NONE', *, *, #3456, .T. ) ;
#2877 = LINE ( 'NONE', #11226, #4140 ) ;
#2878 = EDGE_CURVE ( 'NONE', #8105, #3098, #1151, .T. ) ;
#2879 = FILL_AREA_STYLE ('',( #9804 ) ) ;
#2880 = DIRECTION ( 'NONE',  ( -0.0000000000000000000, 1.000000000000000000, -0.0000000000000000000 ) ) ;
#2881 = EDGE_LOOP ( 'NONE', ( #981, #7960, #5791, #175 ) ) ;
#2882 = DIRECTION ( 'NONE',  ( 1.000000000000000000, 0.0000000000000000000, 0.0000000000000000000 ) ) ;
#2883 = EDGE_CURVE ( 'NONE', #5809, #8342, #3433, .T. ) ;
#2884 = AXIS2_PLACEMENT_3D ( 'NONE', #10305, #8357, #1490 ) ;
#2885 = CIRCLE ( 'NONE', #10957, 0.2891000000000000236 ) ;
#2886 = VECTOR ( 'NONE', #8073, 1000.000000000000000 ) ;
#2887 = CARTESIAN_POINT ( 'NONE',  ( 1.553297827593543845, 0.1000000000000000056, 0.1016000000000000236 ) ) ;
#2888 = DIRECTION ( 'NONE',  ( 1.000000000000000000, -0.0000000000000000000, 1.107775638063495749E-17 ) ) ;
#2889 = DIRECTION ( 'NONE',  ( 0.0000000000000000000, 0.0000000000000000000, 1.000000000000000000 ) ) ;
#2890 = SURFACE_STYLE_USAGE ( .BOTH. , #8840 ) ;
#2891 = VECTOR ( 'NONE', #7990, 1000.000000000000000 ) ;
#2892 = DIRECTION ( 'NONE',  ( 0.0000000000000000000, -1.000000000000000000, 0.0000000000000000000 ) ) ;
#2893 = PRESENTATION_STYLE_ASSIGNMENT (( #5726 ) ) ;
#2894 = ORIENTED_EDGE ( 'NONE', *, *, #7578, .F. ) ;
#2895 = EDGE_LOOP ( 'NONE', ( #7983, #3686, #8685, #12324 ) ) ;
#2896 = ORIENTED_EDGE ( 'NONE', *, *, #7753, .T. ) ;
#2897 =( GEOMETRIC_REPRESENTATION_CONTEXT ( 3 ) GLOBAL_UNCERTAINTY_ASSIGNED_CONTEXT ( ( #10048 ) ) GLOBAL_UNIT_ASSIGNED_CONTEXT ( ( #9288, #3360, #10246 ) ) REPRESENTATION_CONTEXT ( 'NONE', 'WORKASPACE' ) );
#2898 = SURFACE_STYLE_USAGE ( .BOTH. , #8847 ) ;
#2899 = DIRECTION ( 'NONE',  ( 0.7071067811865493491, -0.0000000000000000000, 0.7071067811865456854 ) ) ;
#2900 =( GEOMETRIC_REPRESENTATION_CONTEXT ( 3 ) GLOBAL_UNCERTAINTY_ASSIGNED_CONTEXT ( ( #1864 ) ) GLOBAL_UNIT_ASSIGNED_CONTEXT ( ( #520, #7444, #1514 ) ) REPRESENTATION_CONTEXT ( 'NONE', 'WORKASPACE' ) );
#2901 = ORIENTED_EDGE ( 'NONE', *, *, #530, .F. ) ;
#2902 = DIRECTION ( 'NONE',  ( 0.7071067811865474617, 0.0000000000000000000, 0.7071067811865474617 ) ) ;
#2903 = EDGE_CURVE ( 'NONE', #6062, #8589, #5779, .T. ) ;
#2904 = COLOUR_RGB ( '',0.9686274509803921573, 0.8784313725490195957, 0.5999999999999999778 ) ;
#2905 = ORIENTED_EDGE ( 'NONE', *, *, #11001, .T. ) ;
#2906 = EDGE_LOOP ( 'NONE', ( #8204, #9554, #8795, #1501 ) ) ;
#2907 = EDGE_LOOP ( 'NONE', ( #12664, #1074, #1104, #2869 ) ) ;
#2908 = DIRECTION ( 'NONE',  ( 0.0000000000000000000, 0.0000000000000000000, -1.000000000000000000 ) ) ;
#2909 = CARTESIAN_POINT ( 'NONE',  ( 1.600000000000000311, 0.09999999999999999167, 0.5000000000000000000 ) ) ;
#2910 = AXIS2_PLACEMENT_3D ( 'NONE', #8612, #2654, #9574 ) ;
#2911 = ORIENTED_EDGE ( 'NONE', *, *, #12102, .T. ) ;
#2912 = DIRECTION ( 'NONE',  ( 0.0000000000000000000, 0.0000000000000000000, 1.000000000000000000 ) ) ;
#2913 = ADVANCED_FACE ( 'NONE', ( #5447 ), #12084, .T. ) ;
#2914 = EDGE_CURVE ( 'NONE', #8719, #5853, #1895, .T. ) ;
#2915 = DIRECTION ( 'NONE',  ( 1.000000000000000000, 0.0000000000000000000, -0.0000000000000000000 ) ) ;
#2916 = EDGE_CURVE ( 'NONE', #6849, #2598, #9777, .T. ) ;
#2917 = AXIS2_PLACEMENT_3D ( 'NONE', #2422, #10303, #4431 ) ;
#2918 = FILL_AREA_STYLE_COLOUR ( '', #501 ) ;
#2919 = DIRECTION ( 'NONE',  ( 0.0000000000000000000, 0.0000000000000000000, -1.000000000000000000 ) ) ;
#2920 =( GEOMETRIC_REPRESENTATION_CONTEXT ( 3 ) GLOBAL_UNCERTAINTY_ASSIGNED_CONTEXT ( ( #9088 ) ) GLOBAL_UNIT_ASSIGNED_CONTEXT ( ( #11387, #5489, #12386 ) ) REPRESENTATION_CONTEXT ( 'NONE', 'WORKASPACE' ) );
#2921 = ORIENTED_EDGE ( 'NONE', *, *, #4131, .T. ) ;
#2922 = ORIENTED_EDGE ( 'NONE', *, *, #8712, .F. ) ;
#2923 = SURFACE_STYLE_USAGE ( .BOTH. , #8871 ) ;
#2924 = DIRECTION ( 'NONE',  ( 0.0000000000000000000, 0.0000000000000000000, 1.000000000000000000 ) ) ;
#2925 = ORIENTED_EDGE ( 'NONE', *, *, #4131, .F. ) ;
#2926 =( NAMED_UNIT ( * ) SI_UNIT ( $, .STERADIAN. ) SOLID_ANGLE_UNIT ( ) );
#2927 = VECTOR ( 'NONE', #631, 1000.000000000000000 ) ;
#2928 = DIRECTION ( 'NONE',  ( -0.0000000000000000000, -1.000000000000000000, -0.0000000000000000000 ) ) ;
#2929 = CARTESIAN_POINT ( 'NONE',  ( 1.296184350947589881, 0.0000000000000000000, 0.4718000000000000527 ) ) ;
#2930 = VERTEX_POINT ( 'NONE', #2931 ) ;
#2931 = CARTESIAN_POINT ( 'NONE',  ( -1.099400000000000377, 0.5000000000000000000, -0.3025999999999999801 ) ) ;
#2932 = STYLED_ITEM ( 'NONE', ( #9180 ), #10395 ) ;
#2933 = ORIENTED_EDGE ( 'NONE', *, *, #8186, .T. ) ;
#2934 = LINE ( 'NONE', #3596, #4982 ) ;
#2935 = LINE ( 'NONE', #10321, #2620 ) ;
#2936 = AXIS2_PLACEMENT_3D ( 'NONE', #10759, #6885, #964 ) ;
#2937 = VERTEX_POINT ( 'NONE', #1989 ) ;
#2938 = ORIENTED_EDGE ( 'NONE', *, *, #6936, .T. ) ;
#2939 = PLANE ( 'NONE',  #5381 ) ;
#2940 = DIRECTION ( 'NONE',  ( 0.0000000000000000000, 0.0000000000000000000, -1.000000000000000000 ) ) ;
#2941 =( LENGTH_UNIT ( ) NAMED_UNIT ( * ) SI_UNIT ( .MILLI., .METRE. ) );
#2942 = FACE_OUTER_BOUND ( 'NONE', #6670, .T. ) ;
#2943 = CARTESIAN_POINT ( 'NONE',  ( -1.086202172406457001, 0.1000000000000000056, 0.4567978275935432597 ) ) ;
#2944 = AXIS2_PLACEMENT_3D ( 'NONE', #1406, #8309, #2378 ) ;
#2945 =( NAMED_UNIT ( * ) PLANE_ANGLE_UNIT ( ) SI_UNIT ( $, .RADIAN. ) );
#2946 = ORIENTED_EDGE ( 'NONE', *, *, #10103, .F. ) ;
#2947 = FACE_OUTER_BOUND ( 'NONE', #2133, .T. ) ;
#2948 = ORIENTED_EDGE ( 'NONE', *, *, #12095, .F. ) ;
#2949 =( NAMED_UNIT ( * ) PLANE_ANGLE_UNIT ( ) SI_UNIT ( $, .RADIAN. ) );
#2950 = DIRECTION ( 'NONE',  ( 0.0000000000000000000, 1.000000000000000000, 0.0000000000000000000 ) ) ;
#2951 = EDGE_CURVE ( 'NONE', #1927, #5442, #7164, .T. ) ;
#2952 = SURFACE_STYLE_FILL_AREA ( #223 ) ;
#2953 = DIRECTION ( 'NONE',  ( 0.0000000000000000000, -0.0000000000000000000, 1.000000000000000000 ) ) ;
#2954 = PRESENTATION_STYLE_ASSIGNMENT (( #323 ) ) ;
#2955 = PLANE ( 'NONE',  #9697 ) ;
#2956 = EDGE_CURVE ( 'NONE', #9358, #4601, #9463, .T. ) ;
#2957 = DIRECTION ( 'NONE',  ( 0.0000000000000000000, -1.000000000000000000, 0.0000000000000000000 ) ) ;
#2958 = EDGE_CURVE ( 'NONE', #4656, #4716, #4522, .T. ) ;
#2959 = CIRCLE ( 'NONE', #1548, 0.01500217240645653274 ) ;
#2960 = DIRECTION ( 'NONE',  ( -0.0000000000000000000, 0.0000000000000000000, -1.000000000000000000 ) ) ;
#2961 = FILL_AREA_STYLE ('',( #5945 ) ) ;
#2962 = CARTESIAN_POINT ( 'NONE',  ( -1.086202172406457001, 0.1000000000000000056, 0.4567978275935432597 ) ) ;
#2963 = ORIENTED_EDGE ( 'NONE', *, *, #7541, .T. ) ;
#2964 = SURFACE_STYLE_FILL_AREA ( #9429 ) ;
#2965 = ORIENTED_EDGE ( 'NONE', *, *, #4547, .F. ) ;
#2966 = SURFACE_STYLE_FILL_AREA ( #8616 ) ;
#2967 = CARTESIAN_POINT ( 'NONE',  ( -1.103100000000000414, 0.09999999999999999167, 0.4718000000000000527 ) ) ;
#2968 = LINE ( 'NONE', #3888, #2060 ) ;
#2969 = DIRECTION ( 'NONE',  ( 1.000000000000000000, -0.0000000000000000000, 2.321156620588232328E-16 ) ) ;
#2970 = LINE ( 'NONE', #10429, #10522 ) ;
#2971 = CARTESIAN_POINT ( 'NONE',  ( -0.3502300686216490710, 0.0000000000000000000, -0.2003000000000002556 ) ) ;
#2972 = SURFACE_SIDE_STYLE ('',( #10173 ) ) ;
#2973 =( GEOMETRIC_REPRESENTATION_CONTEXT ( 3 ) GLOBAL_UNCERTAINTY_ASSIGNED_CONTEXT ( ( #12749 ) ) GLOBAL_UNIT_ASSIGNED_CONTEXT ( ( #10037, #4149, #11028 ) ) REPRESENTATION_CONTEXT ( 'NONE', 'WORKASPACE' ) );
#2974 = CARTESIAN_POINT ( 'NONE',  ( 0.4691278962151925191, 0.1000000000000000056, 0.4800999999999998047 ) ) ;
#2975 = CARTESIAN_POINT ( 'NONE',  ( -1.296800000000000397, 0.09999999999999999167, 0.4823999999999999955 ) ) ;
#2976 = LINE ( 'NONE', #7130, #5620 ) ;
#2977 = ORIENTED_EDGE ( 'NONE', *, *, #3963, .T. ) ;
#2978 = ADVANCED_FACE ( 'NONE', ( #9157 ), #2005, .F. ) ;
#2979 = VECTOR ( 'NONE', #1465, 1000.000000000000000 ) ;
#2980 = ORIENTED_EDGE ( 'NONE', *, *, #6855, .F. ) ;
#2981 = SURFACE_SIDE_STYLE ('',( #11007 ) ) ;
#2982 = CARTESIAN_POINT ( 'NONE',  ( -0.3175278962151925066, 0.1000000000000000056, 0.4870999999999999219 ) ) ;
#2983 = VERTEX_POINT ( 'NONE', #4006 ) ;
#2984 = CARTESIAN_POINT ( 'NONE',  ( 1.600000000000000311, 0.5000000000000000000, -0.5000000000000000000 ) ) ;
#2985 = CARTESIAN_POINT ( 'NONE',  ( -0.4797278962151925175, 0.0000000000000000000, 0.4976999999999999202 ) ) ;
#2986 = EDGE_LOOP ( 'NONE', ( #7450, #8817, #9747, #5687 ) ) ;
#2987 = CYLINDRICAL_SURFACE ( 'NONE', #1033, 0.01500217240645655876 ) ;
#2988 = ORIENTED_EDGE ( 'NONE', *, *, #1401, .F. ) ;
#2989 = SURFACE_STYLE_FILL_AREA ( #11843 ) ;
#2990 = ORIENTED_EDGE ( 'NONE', *, *, #4138, .F. ) ;
#2991 =( GEOMETRIC_REPRESENTATION_CONTEXT ( 3 ) GLOBAL_UNCERTAINTY_ASSIGNED_CONTEXT ( ( #11754 ) ) GLOBAL_UNIT_ASSIGNED_CONTEXT ( ( #6829, #904, #7817 ) ) REPRESENTATION_CONTEXT ( 'NONE', 'WORKASPACE' ) );
#2992 = LINE ( 'NONE', #7606, #705 ) ;
#2993 = EDGE_CURVE ( 'NONE', #9462, #2127, #6551, .T. ) ;
#2994 = VECTOR ( 'NONE', #325, 1000.000000000000000 ) ;
#2995 = AXIS2_PLACEMENT_3D ( 'NONE', #11406, #6485, #10400 ) ;
#2996 = VERTEX_POINT ( 'NONE', #9902 ) ;
#2997 = ORIENTED_EDGE ( 'NONE', *, *, #8962, .T. ) ;
#2998 = FACE_OUTER_BOUND ( 'NONE', #9813, .T. ) ;
#2999 = DIRECTION ( 'NONE',  ( 1.000000000000000000, 0.0000000000000000000, -7.556514767313163497E-17 ) ) ;
#3000 = SURFACE_STYLE_USAGE ( .BOTH. , #8951 ) ;
#3001 = ORIENTED_EDGE ( 'NONE', *, *, #8664, .T. ) ;
#3002 = CARTESIAN_POINT ( 'NONE',  ( -1.082627896215192509, 0.1000000000000000056, -0.4567978275935435928 ) ) ;
#3003 = CARTESIAN_POINT ( 'NONE',  ( 1.600000000000000311, 0.09999999999999999167, 0.5000000000000000000 ) ) ;
#3004 = EDGE_LOOP ( 'NONE', ( #9696, #6273, #8169, #450 ) ) ;
#3005 = EDGE_CURVE ( 'NONE', #8366, #11501, #1584, .T. ) ;
#3006 = ORIENTED_EDGE ( 'NONE', *, *, #752, .F. ) ;
#3007 = DIRECTION ( 'NONE',  ( 0.0000000000000000000, 0.0000000000000000000, -1.000000000000000000 ) ) ;
#3008 = COLOUR_RGB ( '',0.0000000000000000000, 0.7529411764705882248, 0.0000000000000000000 ) ;
#3009 = SURFACE_SIDE_STYLE ('',( #8591 ) ) ;
#3010 = DIRECTION ( 'NONE',  ( 0.0000000000000000000, 0.0000000000000000000, 1.000000000000000000 ) ) ;
#3011 = ORIENTED_EDGE ( 'NONE', *, *, #12124, .T. ) ;
#3012 = DIRECTION ( 'NONE',  ( 0.0000000000000000000, 0.0000000000000000000, 1.000000000000000000 ) ) ;
#3013 = CARTESIAN_POINT ( 'NONE',  ( -0.3502300686216489600, 0.1000000000000000056, -0.2153021724064567988 ) ) ;
#3014 = VECTOR ( 'NONE', #11320, 1000.000000000000000 ) ;
#3015 =( NAMED_UNIT ( * ) SI_UNIT ( $, .STERADIAN. ) SOLID_ANGLE_UNIT ( ) );
#3016 = VERTEX_POINT ( 'NONE', #3025 ) ;
#3017 = FACE_OUTER_BOUND ( 'NONE', #500, .T. ) ;
#3018 = MECHANICAL_DESIGN_GEOMETRIC_PRESENTATION_REPRESENTATION (  '', ( #1707 ), #3698 ) ;
#3019 = CARTESIAN_POINT ( 'NONE',  ( -1.582400000000000251, 0.5000000000000000000, 0.1968000000000001137 ) ) ;
#3020 = FILL_AREA_STYLE ('',( #64 ) ) ;
#3021 =( NAMED_UNIT ( * ) SI_UNIT ( $, .STERADIAN. ) SOLID_ANGLE_UNIT ( ) );
#3022 = PRESENTATION_LAYER_ASSIGNMENT (  '', '', ( #3702 ) ) ;
#3023 = SURFACE_STYLE_FILL_AREA ( #11634 ) ;
#3024 = ORIENTED_EDGE ( 'NONE', *, *, #11687, .T. ) ;
#3025 = CARTESIAN_POINT ( 'NONE',  ( 1.299900000000000277, 0.09999999999999999167, 0.5000000000000002220 ) ) ;
#3026 = FILL_AREA_STYLE_COLOUR ( '', #9794 ) ;
#3027 = ORIENTED_EDGE ( 'NONE', *, *, #1281, .F. ) ;
#3028 = CARTESIAN_POINT ( 'NONE',  ( -1.600000000000000311, -0.0000000000000000000, -0.5000000000000000000 ) ) ;
#3029 = CARTESIAN_POINT ( 'NONE',  ( 1.577030068621648740, 0.0000000000000000000, -0.2007383321261244635 ) ) ;
#3030 = DIRECTION ( 'NONE',  ( -1.000000000000000000, 0.0000000000000000000, -0.0000000000000000000 ) ) ;
#3031 = ORIENTED_EDGE ( 'NONE', *, *, #8441, .F. ) ;
#3032 = EDGE_CURVE ( 'NONE', #765, #319, #1277, .T. ) ;
#3033 = FACE_OUTER_BOUND ( 'NONE', #8251, .T. ) ;
#3034 = MECHANICAL_DESIGN_GEOMETRIC_PRESENTATION_REPRESENTATION (  '', ( #1087 ), #3714 ) ;
#3035 = ORIENTED_EDGE ( 'NONE', *, *, #11993, .F. ) ;
#3036 = EDGE_CURVE ( 'NONE', #9001, #12704, #11453, .T. ) ;
#3037 = CARTESIAN_POINT ( 'NONE',  ( 0.7009302143396286544, 0.1000000000000000056, 0.05229999999999977722 ) ) ;
#3038 = DIRECTION ( 'NONE',  ( 0.0000000000000000000, -1.000000000000000000, 0.0000000000000000000 ) ) ;
#3039 = LINE ( 'NONE', #9132, #8015 ) ;
#3040 = DIRECTION ( 'NONE',  ( -0.0000000000000000000, 1.000000000000000000, -0.0000000000000000000 ) ) ;
#3041 =( LENGTH_UNIT ( ) NAMED_UNIT ( * ) SI_UNIT ( .MILLI., .METRE. ) );
#3042 = ORIENTED_EDGE ( 'NONE', *, *, #4194, .F. ) ;
#3043 = ADVANCED_FACE ( 'NONE', ( #3912 ), #2089, .T. ) ;
#3044 = VECTOR ( 'NONE', #7951, 1000.000000000000000 ) ;
#3045 = DIRECTION ( 'NONE',  ( -0.0000000000000000000, -1.000000000000000000, -0.0000000000000000000 ) ) ;
#3046 = EDGE_CURVE ( 'NONE', #6011, #12482, #8543, .T. ) ;
#3047 = DIRECTION ( 'NONE',  ( 0.0000000000000000000, 0.0000000000000000000, -1.000000000000000000 ) ) ;
#3048 = VECTOR ( 'NONE', #9741, 1000.000000000000000 ) ;
#3049 = AXIS2_PLACEMENT_3D ( 'NONE', #9203, #6277, #334 ) ;
#3050 = DIRECTION ( 'NONE',  ( 0.0000000000000000000, 0.0000000000000000000, 1.000000000000000000 ) ) ;
#3051 = COLOUR_RGB ( '',0.9686274509803921573, 0.8784313725490195957, 0.5999999999999999778 ) ;
#3052 = ORIENTED_EDGE ( 'NONE', *, *, #8003, .T. ) ;
#3053 = VECTOR ( 'NONE', #8511, 1000.000000000000000 ) ;
#3054 = DIRECTION ( 'NONE',  ( 4.020095065059161301E-16, 0.0000000000000000000, -1.000000000000000000 ) ) ;
#3055 = CARTESIAN_POINT ( 'NONE',  ( 0.3325300686216492441, 0.1000000000000000056, 0.09929999999999988836 ) ) ;
#3056 = ORIENTED_EDGE ( 'NONE', *, *, #5721, .T. ) ;
#3057 = DIRECTION ( 'NONE',  ( 0.0000000000000000000, -1.000000000000000000, 0.0000000000000000000 ) ) ;
#3058 = DIRECTION ( 'NONE',  ( -1.000000000000000000, 0.0000000000000000000, 0.0000000000000000000 ) ) ;
#3059 = VECTOR ( 'NONE', #11322, 1000.000000000000000 ) ;
#3060 = AXIS2_PLACEMENT_3D ( 'NONE', #9756, #3849, #10720 ) ;
#3061 = CIRCLE ( 'NONE', #786, 0.01500217240645647723 ) ;
#3062 =( LENGTH_UNIT ( ) NAMED_UNIT ( * ) SI_UNIT ( .MILLI., .METRE. ) );
#3063 = EDGE_CURVE ( 'NONE', #5963, #9130, #988, .T. ) ;
#3064 = CARTESIAN_POINT ( 'NONE',  ( 0.4797278962151925175, 0.0000000000000000000, 0.4976999999999999202 ) ) ;
#3065 =( NAMED_UNIT ( * ) PLANE_ANGLE_UNIT ( ) SI_UNIT ( $, .RADIAN. ) );
#3066 = EDGE_LOOP ( 'NONE', ( #4348, #2074, #2236, #1546 ) ) ;
#3067 = EDGE_LOOP ( 'NONE', ( #11916, #5378, #1972, #10126 ) ) ;
#3068 = VERTEX_POINT ( 'NONE', #10961 ) ;
#3069 = CARTESIAN_POINT ( 'NONE',  ( 0.1624278962151925743, 0.1000000000000000056, -0.4849978275935435956 ) ) ;
#3070 = SURFACE_STYLE_FILL_AREA ( #8001 ) ;
#3071 = EDGE_CURVE ( 'NONE', #3760, #8355, #5934, .T. ) ;
#3072 = VERTEX_POINT ( 'NONE', #110 ) ;
#3073 = VERTEX_POINT ( 'NONE', #1156 ) ;
#3074 = UNCERTAINTY_MEASURE_WITH_UNIT (LENGTH_MEASURE( 1.000000000000000082E-05 ), #10738, 'distance_accuracy_value', 'NONE');
#3075 = EDGE_LOOP ( 'NONE', ( #2557, #8147, #8185, #4033 ) ) ;
#3076 = SURFACE_STYLE_FILL_AREA ( #12748 ) ;
#3077 =( LENGTH_UNIT ( ) NAMED_UNIT ( * ) SI_UNIT ( .MILLI., .METRE. ) );
#3078 = EDGE_CURVE ( 'NONE', #10057, #2385, #3261, .T. ) ;
#3079 = SURFACE_STYLE_USAGE ( .BOTH. , #9033 ) ;
#3080 = VERTEX_POINT ( 'NONE', #4125 ) ;
#3081 = CARTESIAN_POINT ( 'NONE',  ( 1.600000000000000311, 0.5000000000000000000, -0.2990000000000000990 ) ) ;
#3082 = ORIENTED_EDGE ( 'NONE', *, *, #10722, .T. ) ;
#3083 = EDGE_LOOP ( 'NONE', ( #10186, #12122, #8832, #12676 ) ) ;
#3084 = ORIENTED_EDGE ( 'NONE', *, *, #7496, .F. ) ;
#3085 = EDGE_CURVE ( 'NONE', #6311, #10532, #10835, .T. ) ;
#3086 = VECTOR ( 'NONE', #3626, 1000.000000000000000 ) ;
#3087 = STYLED_ITEM ( 'NONE', ( #580 ), #9385 ) ;
#3088 = ORIENTED_EDGE ( 'NONE', *, *, #7448, .T. ) ;
#3089 = CARTESIAN_POINT ( 'NONE',  ( -1.310900000000000176, 0.1000000000000000056, 0.4999999999999997780 ) ) ;
#3090 = VECTOR ( 'NONE', #3377, 1000.000000000000000 ) ;
#3091 = AXIS2_PLACEMENT_3D ( 'NONE', #12378, #6502, #563 ) ;
#3092 = AXIS2_PLACEMENT_3D ( 'NONE', #8531, #2576, #9515 ) ;
#3093 = CARTESIAN_POINT ( 'NONE',  ( 1.299900000000000277, 0.5000000000000000000, -0.5000000000000002220 ) ) ;
#3094 = CARTESIAN_POINT ( 'NONE',  ( 1.578123678570672039, 0.09999999999999999167, -0.2006984187132973552 ) ) ;
#3095 =( LENGTH_UNIT ( ) NAMED_UNIT ( * ) SI_UNIT ( .MILLI., .METRE. ) );
#3096 = ORIENTED_EDGE ( 'NONE', *, *, #6134, .T. ) ;
#3097 = FACE_OUTER_BOUND ( 'NONE', #7815, .T. ) ;
#3098 = VERTEX_POINT ( 'NONE', #3105 ) ;
#3099 = CYLINDRICAL_SURFACE ( 'NONE', #11074, 0.3000999999999999779 ) ;
#3100 = CARTESIAN_POINT ( 'NONE',  ( 1.299900000000000277, 0.5000000000000000000, -0.5000000000000002220 ) ) ;
#3101 = VERTEX_POINT ( 'NONE', #6117 ) ;
#3102 = FILL_AREA_STYLE ('',( #6081 ) ) ;
#3103 =( LENGTH_UNIT ( ) NAMED_UNIT ( * ) SI_UNIT ( .MILLI., .METRE. ) );
#3104 = LINE ( 'NONE', #6035, #10343 ) ;
#3105 = CARTESIAN_POINT ( 'NONE',  ( -1.571800000000000308, 0.5000000000000000000, 0.1016000000000000236 ) ) ;
#3106 =( GEOMETRIC_REPRESENTATION_CONTEXT ( 3 ) GLOBAL_UNCERTAINTY_ASSIGNED_CONTEXT ( ( #10991 ) ) GLOBAL_UNIT_ASSIGNED_CONTEXT ( ( #4512, #11402, #5502 ) ) REPRESENTATION_CONTEXT ( 'NONE', 'WORKASPACE' ) );
#3107 = ADVANCED_FACE ( 'NONE', ( #11138 ), #2047, .F. ) ;
#3108 = SURFACE_STYLE_USAGE ( .BOTH. , #9057 ) ;
#3109 = DIRECTION ( 'NONE',  ( 0.0000000000000000000, 0.0000000000000000000, -1.000000000000000000 ) ) ;
#3110 = ORIENTED_EDGE ( 'NONE', *, *, #1491, .F. ) ;
#3111 = CARTESIAN_POINT ( 'NONE',  ( 0.3325300686216492441, 0.1000000000000000056, -0.1017000000000001098 ) ) ;
#3112 = ORIENTED_EDGE ( 'NONE', *, *, #8409, .T. ) ;
#3113 = ORIENTED_EDGE ( 'NONE', *, *, #10072, .F. ) ;
#3114 = VECTOR ( 'NONE', #7839, 1000.000000000000000 ) ;
#3115 =( LENGTH_UNIT ( ) NAMED_UNIT ( * ) SI_UNIT ( .MILLI., .METRE. ) );
#3116 = DIRECTION ( 'NONE',  ( 0.0000000000000000000, -1.000000000000000000, 0.0000000000000000000 ) ) ;
#3117 = UNCERTAINTY_MEASURE_WITH_UNIT (LENGTH_MEASURE( 1.000000000000000082E-05 ), #11543, 'distance_accuracy_value', 'NONE');
#3118 = EDGE_CURVE ( 'NONE', #10962, #761, #667, .T. ) ;
#3119 = DIRECTION ( 'NONE',  ( 0.0000000000000000000, 1.000000000000000000, 0.0000000000000000000 ) ) ;
#3120 = CARTESIAN_POINT ( 'NONE',  ( 1.067625723808735883, 0.1000000000000000056, -0.2003000000000002001 ) ) ;
#3121 = EDGE_CURVE ( 'NONE', #10033, #6283, #4672, .T. ) ;
#3122 = ORIENTED_EDGE ( 'NONE', *, *, #5464, .F. ) ;
#3123 =( GEOMETRIC_REPRESENTATION_CONTEXT ( 3 ) GLOBAL_UNCERTAINTY_ASSIGNED_CONTEXT ( ( #1752 ) ) GLOBAL_UNIT_ASSIGNED_CONTEXT ( ( #10105, #4217, #11099 ) ) REPRESENTATION_CONTEXT ( 'NONE', 'WORKASPACE' ) );
#3124 = COLOUR_RGB ( '',0.9686274509803921573, 0.8784313725490195957, 0.5999999999999999778 ) ;
#3125 = LINE ( 'NONE', #7564, #8394 ) ;
#3126 = ORIENTED_EDGE ( 'NONE', *, *, #180, .F. ) ;
#3127 = VECTOR ( 'NONE', #9293, 1000.000000000000000 ) ;
#3129 = CARTESIAN_POINT ( 'NONE',  ( -1.099400000000000377, 0.09999999999999999167, -0.3025999999999999801 ) ) ;
#3128 = CARTESIAN_POINT ( 'NONE',  ( -0.1004848928301857736, -0.0000000000000000000, -0.4976000000000002643 ) ) ;
#3130 = ORIENTED_EDGE ( 'NONE', *, *, #7096, .T. ) ;
#3131 = SURFACE_STYLE_USAGE ( .BOTH. , #9080 ) ;
#3132 = VECTOR ( 'NONE', #10117, 1000.000000000000000 ) ;
#3133 = ORIENTED_EDGE ( 'NONE', *, *, #2491, .F. ) ;
#3135 = PRESENTATION_STYLE_ASSIGNMENT (( #2197 ) ) ;
#3134 = CARTESIAN_POINT ( 'NONE',  ( 1.099400000000000377, 0.5000000000000000000, -0.3025999999999999801 ) ) ;
#3136 = LINE ( 'NONE', #2016, #2823 ) ;
#3137 = PRESENTATION_STYLE_ASSIGNMENT (( #9907 ) ) ;
#3138 = SURFACE_STYLE_FILL_AREA ( #10163 ) ;
#3139 = CARTESIAN_POINT ( 'NONE',  ( 1.562027896215192557, 0.1000000000000000056, -0.1167021724064567917 ) ) ;
#3140 = AXIS2_PLACEMENT_3D ( 'NONE', #12134, #299, #7233 ) ;
#3141 = EDGE_LOOP ( 'NONE', ( #3984, #2441, #7083, #4458 ) ) ;
#3142 = ORIENTED_EDGE ( 'NONE', *, *, #9423, .T. ) ;
#3143 =( GEOMETRIC_REPRESENTATION_CONTEXT ( 3 ) GLOBAL_UNCERTAINTY_ASSIGNED_CONTEXT ( ( #6477 ) ) GLOBAL_UNIT_ASSIGNED_CONTEXT ( ( #10014, #4127, #11000 ) ) REPRESENTATION_CONTEXT ( 'NONE', 'WORKASPACE' ) );
#3144 = SURFACE_STYLE_FILL_AREA ( #10071 ) ;
#3145 =( LENGTH_UNIT ( ) NAMED_UNIT ( * ) SI_UNIT ( .MILLI., .METRE. ) );
#3146 = ORIENTED_EDGE ( 'NONE', *, *, #12555, .T. ) ;
#3147 = VECTOR ( 'NONE', #7794, 1000.000000000000000 ) ;
#3148 = VERTEX_POINT ( 'NONE', #8173 ) ;
#3149 = COLOUR_RGB ( '',1.000000000000000000, 1.000000000000000000, 1.000000000000000000 ) ;
#3150 = EDGE_CURVE ( 'NONE', #754, #7827, #7019, .T. ) ;
#3151 = DIRECTION ( 'NONE',  ( 0.0000000000000000000, -1.000000000000000000, 0.0000000000000000000 ) ) ;
#3152 = SURFACE_STYLE_USAGE ( .BOTH. , #9098 ) ;
#3153 =( NAMED_UNIT ( * ) SI_UNIT ( $, .STERADIAN. ) SOLID_ANGLE_UNIT ( ) );
#3154 = EDGE_LOOP ( 'NONE', ( #1299, #132, #3748, #9300 ) ) ;
#3155 = CIRCLE ( 'NONE', #5057, 0.01500217240645655876 ) ;
#3156 = DIRECTION ( 'NONE',  ( -1.000000000000000000, 0.0000000000000000000, -0.0000000000000000000 ) ) ;
#3157 = PRESENTATION_LAYER_ASSIGNMENT (  '', '', ( #2490 ) ) ;
#3158 = VERTEX_POINT ( 'NONE', #4246 ) ;
#3159 = EDGE_CURVE ( 'NONE', #2485, #2165, #7307, .T. ) ;
#3160 =( GEOMETRIC_REPRESENTATION_CONTEXT ( 3 ) GLOBAL_UNCERTAINTY_ASSIGNED_CONTEXT ( ( #3175 ) ) GLOBAL_UNIT_ASSIGNED_CONTEXT ( ( #1060, #7959, #2032 ) ) REPRESENTATION_CONTEXT ( 'NONE', 'WORKASPACE' ) );
#3161 = VECTOR ( 'NONE', #2882, 1000.000000000000000 ) ;
#3162 =( LENGTH_UNIT ( ) NAMED_UNIT ( * ) SI_UNIT ( .MILLI., .METRE. ) );
#3163 = CARTESIAN_POINT ( 'NONE',  ( 0.6304257238087360715, 0.0000000000000000000, 0.1143021724064564593 ) ) ;
#3164 = STYLED_ITEM ( 'NONE', ( #4701 ), #3560 ) ;
#3165 = CARTESIAN_POINT ( 'NONE',  ( 0.3175278962151924511, 0.1000000000000000056, 0.4870999999999998109 ) ) ;
#3166 = VERTEX_POINT ( 'NONE', #12137 ) ;
#3167 = FACE_OUTER_BOUND ( 'NONE', #6999, .T. ) ;
#3168 = ADVANCED_FACE ( 'NONE', ( #12221 ), #6239, .F. ) ;
#3169 = FACE_OUTER_BOUND ( 'NONE', #7424, .T. ) ;
#3171 = FILL_AREA_STYLE_COLOUR ( '', #5481 ) ;
#3170 = CARTESIAN_POINT ( 'NONE',  ( -1.600000000000000311, 0.0000000000000000000, 0.4999999999999995559 ) ) ;
#3172 = PRESENTATION_STYLE_ASSIGNMENT (( #2890 ) ) ;
#3173 = SURFACE_STYLE_FILL_AREA ( #12295 ) ;
#3174 = DIRECTION ( 'NONE',  ( -0.0000000000000000000, -1.000000000000000000, 0.0000000000000000000 ) ) ;
#3175 = UNCERTAINTY_MEASURE_WITH_UNIT (LENGTH_MEASURE( 1.000000000000000082E-05 ), #1060, 'distance_accuracy_value', 'NONE');
#3176 =( NAMED_UNIT ( * ) PLANE_ANGLE_UNIT ( ) SI_UNIT ( $, .RADIAN. ) );
#3177 = ORIENTED_EDGE ( 'NONE', *, *, #7796, .F. ) ;
#3178 = DIRECTION ( 'NONE',  ( -1.000000000000000000, -0.0000000000000000000, -0.0000000000000000000 ) ) ;
#3179 = MECHANICAL_DESIGN_GEOMETRIC_PRESENTATION_REPRESENTATION (  '', ( #1222 ), #3875 ) ;
#3180 = DIRECTION ( 'NONE',  ( -0.0000000000000000000, 1.000000000000000000, -0.0000000000000000000 ) ) ;
#3181 = AXIS2_PLACEMENT_3D ( 'NONE', #10541, #4659, #11555 ) ;
#3182 = CARTESIAN_POINT ( 'NONE',  ( 0.1005151071698142246, 0.1000000000000000056, 0.4999999999999997780 ) ) ;
#3183 = ORIENTED_EDGE ( 'NONE', *, *, #3496, .T. ) ;
#3184 = CARTESIAN_POINT ( 'NONE',  ( -1.296800000000000397, 0.5000000000000000000, 0.4823999999999999955 ) ) ;
#3185 = COLOUR_RGB ( '',0.9686274509803921573, 0.8784313725490195957, 0.5999999999999999778 ) ;
#3186 = UNCERTAINTY_MEASURE_WITH_UNIT (LENGTH_MEASURE( 1.000000000000000082E-05 ), #8297, 'distance_accuracy_value', 'NONE');
#3187 =( GEOMETRIC_REPRESENTATION_CONTEXT ( 3 ) GLOBAL_UNCERTAINTY_ASSIGNED_CONTEXT ( ( #10299 ) ) GLOBAL_UNIT_ASSIGNED_CONTEXT ( ( #5661, #12547, #6676 ) ) REPRESENTATION_CONTEXT ( 'NONE', 'WORKASPACE' ) );
#3188 = VERTEX_POINT ( 'NONE', #4290 ) ;
#3189 = VECTOR ( 'NONE', #10416, 1000.000000000000000 ) ;
#3190 = VECTOR ( 'NONE', #9995, 1000.000000000000000 ) ;
#3191 = CARTESIAN_POINT ( 'NONE',  ( 1.600000000000000311, 0.5000000000000000000, 0.5000000000000000000 ) ) ;
#3192 = CARTESIAN_POINT ( 'NONE',  ( 0.7009302143396288765, 0.1000000000000000056, 0.4999999999999993339 ) ) ;
#3193 = CYLINDRICAL_SURFACE ( 'NONE', #119, 0.01500217240645655876 ) ;
#3194 = DIRECTION ( 'NONE',  ( 0.0000000000000000000, 0.0000000000000000000, 1.000000000000000000 ) ) ;
#3195 = SURFACE_STYLE_FILL_AREA ( #4736 ) ;
#3196 = EDGE_CURVE ( 'NONE', #5423, #7980, #9306, .T. ) ;
#3197 = CARTESIAN_POINT ( 'NONE',  ( 0.4797278962151925175, 0.0000000000000000000, 0.4976999999999999202 ) ) ;
#3198 = ORIENTED_EDGE ( 'NONE', *, *, #1331, .T. ) ;
#3199 = EDGE_CURVE ( 'NONE', #9511, #2258, #6709, .T. ) ;
#3200 = AXIS2_PLACEMENT_3D ( 'NONE', #3396, #10281, #4403 ) ;
#3201 = VERTEX_POINT ( 'NONE', #12171 ) ;
#3202 = SHAPE_DEFINITION_REPRESENTATION ( #3568, #3926 ) ;
#3203 = ORIENTED_EDGE ( 'NONE', *, *, #10256, .F. ) ;
#3204 = COLOUR_RGB ( '',0.0000000000000000000, 0.7529411764705882248, 0.0000000000000000000 ) ;
#3205 = EDGE_LOOP ( 'NONE', ( #1816, #12046, #10480, #10868 ) ) ;
#3206 = EDGE_CURVE ( 'NONE', #4533, #5126, #11618, .T. ) ;
#3207 = SURFACE_STYLE_USAGE ( .BOTH. , #9144 ) ;
#3208 = DIRECTION ( 'NONE',  ( 0.0000000000000000000, -1.000000000000000000, 0.0000000000000000000 ) ) ;
#3209 = ORIENTED_EDGE ( 'NONE', *, *, #12357, .F. ) ;
#3210 = LINE ( 'NONE', #833, #10780 ) ;
#3211 = CYLINDRICAL_SURFACE ( 'NONE', #6513, 0.3000999999999999779 ) ;
#3213 = CARTESIAN_POINT ( 'NONE',  ( -1.571800000000000308, 0.5000000000000000000, 0.1862000000000001432 ) ) ;
#3212 = CARTESIAN_POINT ( 'NONE',  ( 0.3175278962151924511, 0.1000000000000000056, 0.4870999999999998109 ) ) ;
#3214 = VERTEX_POINT ( 'NONE', #4328 ) ;
#3215 = FACE_OUTER_BOUND ( 'NONE', #8578, .T. ) ;
#3216 = EDGE_CURVE ( 'NONE', #11036, #601, #1425, .T. ) ;
#3217 = EDGE_LOOP ( 'NONE', ( #10407, #12353, #809, #11190 ) ) ;
#3218 = ORIENTED_EDGE ( 'NONE', *, *, #4605, .T. ) ;
#3219 = PLANE ( 'NONE',  #9647 ) ;
#3220 = ORIENTED_EDGE ( 'NONE', *, *, #12754, .F. ) ;
#3221 = DIRECTION ( 'NONE',  ( 0.0000000000000000000, 0.0000000000000000000, -1.000000000000000000 ) ) ;
#3222 = CIRCLE ( 'NONE', #4830, 0.01500217240645655876 ) ;
#3223 = CARTESIAN_POINT ( 'NONE',  ( -1.086202172406457001, 0.1000000000000000056, 0.4717999999999998306 ) ) ;
#3224 = CARTESIAN_POINT ( 'NONE',  ( -0.3352278962151924446, -0.0000000000000000000, -0.2153021724064569098 ) ) ;
#3225 = COLOUR_RGB ( '',0.0000000000000000000, 0.7529411764705882248, 0.0000000000000000000 ) ;
#3226 = CARTESIAN_POINT ( 'NONE',  ( -0.3766000000000001569, 0.1000000000000000056, 0.05229999999999981886 ) ) ;
#3227 = DIRECTION ( 'NONE',  ( 0.0000000000000000000, -1.000000000000000000, 0.0000000000000000000 ) ) ;
#3228 = ORIENTED_EDGE ( 'NONE', *, *, #5893, .F. ) ;
#3229 = ORIENTED_EDGE ( 'NONE', *, *, #2412, .T. ) ;
#3230 = DIRECTION ( 'NONE',  ( -0.0000000000000000000, 1.000000000000000000, -0.0000000000000000000 ) ) ;
#3231 = ADVANCED_FACE ( 'NONE', ( #1137 ), #11219, .F. ) ;
#3232 = ORIENTED_EDGE ( 'NONE', *, *, #7265, .T. ) ;
#3233 = MECHANICAL_DESIGN_GEOMETRIC_PRESENTATION_REPRESENTATION (  '', ( #12746 ), #3923 ) ;
#3234 = ORIENTED_EDGE ( 'NONE', *, *, #2297, .T. ) ;
#3235 = LINE ( 'NONE', #11943, #9436 ) ;
#3236 = CARTESIAN_POINT ( 'NONE',  ( 1.285174339670224430, 0.1000000000000000056, -0.4868021724064567901 ) ) ;
#3237 = EDGE_CURVE ( 'NONE', #5442, #160, #5429, .T. ) ;
#3238 = MECHANICAL_DESIGN_GEOMETRIC_PRESENTATION_REPRESENTATION (  '', ( #10893 ), #3925 ) ;
#3239 = VECTOR ( 'NONE', #8487, 1000.000000000000000 ) ;
#3240 = CARTESIAN_POINT ( 'NONE',  ( 0.4797278962151925175, 0.1000000000000000056, 0.4976999999999999202 ) ) ;
#3241 = SURFACE_STYLE_USAGE ( .BOTH. , #9177 ) ;
#3242 = ORIENTED_EDGE ( 'NONE', *, *, #9176, .F. ) ;
#3243 = EDGE_CURVE ( 'NONE', #5412, #3644, #3955, .T. ) ;
#3244 = ORIENTED_EDGE ( 'NONE', *, *, #10504, .F. ) ;
#3245 = LINE ( 'NONE', #8930, #7916 ) ;
#3246 = ORIENTED_EDGE ( 'NONE', *, *, #5576, .T. ) ;
#3247 = VERTEX_POINT ( 'NONE', #428 ) ;
#3248 = CARTESIAN_POINT ( 'NONE',  ( -1.600000000000000311, 0.1000000000000000056, 0.05229999999999981192 ) ) ;
#3249 = VECTOR ( 'NONE', #3676, 1000.000000000000000 ) ;
#3250 = PLANE ( 'NONE',  #10526 ) ;
#3251 =( LENGTH_UNIT ( ) NAMED_UNIT ( * ) SI_UNIT ( .MILLI., .METRE. ) );
#3252 = CARTESIAN_POINT ( 'NONE',  ( -0.1624278962151926298, 0.1000000000000000056, -0.4849978275935434846 ) ) ;
#3253 = CARTESIAN_POINT ( 'NONE',  ( 0.1005151071698142246, 0.0000000000000000000, -0.4976000000000002643 ) ) ;
#3254 = AXIS2_PLACEMENT_3D ( 'NONE', #4498, #11388, #5490 ) ;
#3256 = PLANE ( 'NONE',  #4270 ) ;
#3255 = DIRECTION ( 'NONE',  ( -0.0000000000000000000, -1.000000000000000000, -0.0000000000000000000 ) ) ;
#3257 = VERTEX_POINT ( 'NONE', #2410 ) ;
#3258 = LINE ( 'NONE', #3226, #8216 ) ;
#3259 = VERTEX_POINT ( 'NONE', #4414 ) ;
#3260 = AXIS2_PLACEMENT_3D ( 'NONE', #3163, #10064, #4180 ) ;
#3261 = CIRCLE ( 'NONE', #5935, 0.2891000000000000791 ) ;
#3262 = EDGE_CURVE ( 'NONE', #9568, #3101, #1028, .T. ) ;
#3263 = CARTESIAN_POINT ( 'NONE',  ( 0.4691278962151925191, 0.0000000000000000000, 0.4800999999999998047 ) ) ;
#3264 = VECTOR ( 'NONE', #6215, 1000.000000000000114 ) ;
#3265 = SURFACE_STYLE_USAGE ( .BOTH. , #9205 ) ;
#3266 = FILL_AREA_STYLE_COLOUR ( '', #10302 ) ;
#3267 = PLANE ( 'NONE',  #11759 ) ;
#3268 = FILL_AREA_STYLE_COLOUR ( '', #7928 ) ;
#3270 = CARTESIAN_POINT ( 'NONE',  ( -0.3202257238087359292, -0.0000000000000000000, -0.5000000000000002220 ) ) ;
#3269 = LINE ( 'NONE', #5680, #5284 ) ;
#3271 = EDGE_LOOP ( 'NONE', ( #8461, #5887, #9567, #4123 ) ) ;
#3272 = ORIENTED_EDGE ( 'NONE', *, *, #6869, .F. ) ;
#3273 = EDGE_CURVE ( 'NONE', #9420, #11563, #6272, .T. ) ;
#3274 = PRESENTATION_STYLE_ASSIGNMENT (( #9578 ) ) ;
#3275 = LINE ( 'NONE', #6719, #10847 ) ;
#3276 = DIRECTION ( 'NONE',  ( 0.0000000000000000000, -0.0000000000000000000, -1.000000000000000000 ) ) ;
#3277 = STYLED_ITEM ( 'NONE', ( #4578 ), #8449 ) ;
#3278 = PRESENTATION_LAYER_ASSIGNMENT (  '', '', ( #1978 ) ) ;
#3279 =( NAMED_UNIT ( * ) PLANE_ANGLE_UNIT ( ) SI_UNIT ( $, .RADIAN. ) );
#3280 = DIRECTION ( 'NONE',  ( -0.0000000000000000000, -1.000000000000000000, -0.0000000000000000000 ) ) ;
#3281 = FILL_AREA_STYLE_COLOUR ( '', #3838 ) ;
#3282 = CARTESIAN_POINT ( 'NONE',  ( 0.6304257238087359605, 0.0000000000000000000, 0.4976999999999999202 ) ) ;
#3283 = EDGE_CURVE ( 'NONE', #9354, #10277, #8586, .T. ) ;
#3284 = PRESENTATION_STYLE_ASSIGNMENT (( #9321 ) ) ;
#3285 = VECTOR ( 'NONE', #8328, 1000.000000000000000 ) ;
#3286 = SURFACE_STYLE_FILL_AREA ( #1670 ) ;
#3287 = ORIENTED_EDGE ( 'NONE', *, *, #8712, .T. ) ;
#3288 = ORIENTED_EDGE ( 'NONE', *, *, #10024, .T. ) ;
#3289 = PRESENTATION_STYLE_ASSIGNMENT (( #7350 ) ) ;
#3290 = CARTESIAN_POINT ( 'NONE',  ( -1.599999999999999867, 0.0000000000000000000, 0.5000000000000000000 ) ) ;
#3291 = EDGE_CURVE ( 'NONE', #10878, #260, #3634, .T. ) ;
#3292 = DIRECTION ( 'NONE',  ( 0.0000000000000000000, -1.000000000000000000, 0.0000000000000000000 ) ) ;
#3293 = ORIENTED_EDGE ( 'NONE', *, *, #3580, .F. ) ;
#3294 = DIRECTION ( 'NONE',  ( 0.0000000000000000000, 0.0000000000000000000, -1.000000000000000000 ) ) ;
#3295 = CIRCLE ( 'NONE', #11850, 0.01500217240645653274 ) ;
#3296 = EDGE_CURVE ( 'NONE', #5158, #3778, #5979, .T. ) ;
#3297 = DIRECTION ( 'NONE',  ( 0.0000000000000000000, -1.000000000000000000, 0.0000000000000000000 ) ) ;
#3298 = VERTEX_POINT ( 'NONE', #5443 ) ;
#3299 = PRESENTATION_LAYER_ASSIGNMENT (  '', '', ( #1996 ) ) ;
#3300 = ADVANCED_FACE ( 'NONE', ( #5638 ), #524, .F. ) ;
#3301 = LINE ( 'NONE', #9809, #5633 ) ;
#3302 = ORIENTED_EDGE ( 'NONE', *, *, #10358, .F. ) ;
#3304 = DIRECTION ( 'NONE',  ( -0.0000000000000000000, -1.000000000000000000, -0.0000000000000000000 ) ) ;
#3303 = CARTESIAN_POINT ( 'NONE',  ( 0.1005151071698142246, 0.1000000000000000056, 0.4999999999999997780 ) ) ;
#3305 = LINE ( 'NONE', #12462, #5978 ) ;
#3306 = VECTOR ( 'NONE', #11304, 1000.000000000000000 ) ;
#3307 = VERTEX_POINT ( 'NONE', #11346 ) ;
#3308 = VERTEX_POINT ( 'NONE', #9150 ) ;
#3309 = LINE ( 'NONE', #6980, #374 ) ;
#3310 = ORIENTED_EDGE ( 'NONE', *, *, #5132, .F. ) ;
#3311 = CARTESIAN_POINT ( 'NONE',  ( -0.6304257238087360715, 0.0000000000000000000, 0.1143021724064564593 ) ) ;
#3312 = VERTEX_POINT ( 'NONE', #12344 ) ;
#3313 = SURFACE_STYLE_USAGE ( .BOTH. , #9246 ) ;
#3314 = CARTESIAN_POINT ( 'NONE',  ( -0.3175278962151925066, 0.1000000000000000056, 0.4870999999999999219 ) ) ;
#3315 = ORIENTED_EDGE ( 'NONE', *, *, #1476, .F. ) ;
#3316 = DIRECTION ( 'NONE',  ( 0.0000000000000000000, 0.0000000000000000000, 1.000000000000000000 ) ) ;
#3317 = SURFACE_STYLE_FILL_AREA ( #4432 ) ;
#3318 = SURFACE_STYLE_FILL_AREA ( #2022 ) ;
#3319 =( GEOMETRIC_REPRESENTATION_CONTEXT ( 3 ) GLOBAL_UNCERTAINTY_ASSIGNED_CONTEXT ( ( #5059 ) ) GLOBAL_UNIT_ASSIGNED_CONTEXT ( ( #7610, #1680, #8608 ) ) REPRESENTATION_CONTEXT ( 'NONE', 'WORKASPACE' ) );
#3320 =( NAMED_UNIT ( * ) PLANE_ANGLE_UNIT ( ) SI_UNIT ( $, .RADIAN. ) );
#3322 = AXIS2_PLACEMENT_3D ( 'NONE', #12508, #5712, #12598 ) ;
#3321 = CARTESIAN_POINT ( 'NONE',  ( -1.577030068621648962, 0.0000000000000000000, -0.2007383321261244913 ) ) ;
#3323 = SURFACE_SIDE_STYLE ('',( #12296 ) ) ;
#3324 = ORIENTED_EDGE ( 'NONE', *, *, #12472, .T. ) ;
#3325 = COLOUR_RGB ( '',0.9686274509803921573, 0.8784313725490195957, 0.5999999999999999778 ) ;
#3326 = DIRECTION ( 'NONE',  ( 0.0000000000000000000, -1.000000000000000000, 0.0000000000000000000 ) ) ;
#3327 = PLANE ( 'NONE',  #8004 ) ;
#3328 = LINE ( 'NONE', #6443, #392 ) ;
#3329 = EDGE_CURVE ( 'NONE', #1265, #10842, #8263, .T. ) ;
#3330 = CARTESIAN_POINT ( 'NONE',  ( 1.600030214339628554, 0.1000000000000000056, 0.05229999999999978416 ) ) ;
#3331 = FILL_AREA_STYLE_COLOUR ( '', #7120 ) ;
#3332 = VECTOR ( 'NONE', #8423, 1000.000000000000000 ) ;
#3333 = SURFACE_STYLE_FILL_AREA ( #4586 ) ;
#3334 = CARTESIAN_POINT ( 'NONE',  ( -0.3175278962151925066, 0.1000000000000000056, 0.4800999999999999157 ) ) ;
#3335 = SURFACE_STYLE_USAGE ( .BOTH. , #9267 ) ;
#3336 = LINE ( 'NONE', #1708, #10905 ) ;
#3337 = CARTESIAN_POINT ( 'NONE',  ( 1.568300000000000249, 0.1000000000000000056, 0.1166021724064566778 ) ) ;
#3338 = EDGE_CURVE ( 'NONE', #11591, #8949, #707, .T. ) ;
#3339 = MECHANICAL_DESIGN_GEOMETRIC_PRESENTATION_REPRESENTATION (  '', ( #1365 ), #4029 ) ;
#3340 = ORIENTED_EDGE ( 'NONE', *, *, #2383, .F. ) ;
#3341 = COLOUR_RGB ( '',0.9686274509803921573, 0.8784313725490195957, 0.5999999999999999778 ) ;
#3342 = SURFACE_STYLE_FILL_AREA ( #5227 ) ;
#3343 =( GEOMETRIC_REPRESENTATION_CONTEXT ( 3 ) GLOBAL_UNCERTAINTY_ASSIGNED_CONTEXT ( ( #3544 ) ) GLOBAL_UNIT_ASSIGNED_CONTEXT ( ( #5258, #12164, #6282 ) ) REPRESENTATION_CONTEXT ( 'NONE', 'WORKASPACE' ) );
#3344 = AXIS2_PLACEMENT_3D ( 'NONE', #10636, #5756, #12638 ) ;
#3345 = SURFACE_SIDE_STYLE ('',( #10272 ) ) ;
#3346 = VERTEX_POINT ( 'NONE', #7221 ) ;
#3347 = DIRECTION ( 'NONE',  ( 0.0000000000000000000, 0.0000000000000000000, 1.000000000000000000 ) ) ;
#3348 =( NAMED_UNIT ( * ) PLANE_ANGLE_UNIT ( ) SI_UNIT ( $, .RADIAN. ) );
#3349 = UNCERTAINTY_MEASURE_WITH_UNIT (LENGTH_MEASURE( 1.000000000000000082E-05 ), #3103, 'distance_accuracy_value', 'NONE');
#3351 = CARTESIAN_POINT ( 'NONE',  ( 1.547025723808735931, 0.1000000000000000056, -0.1167021724064566529 ) ) ;
#3350 = CARTESIAN_POINT ( 'NONE',  ( -1.299900000000000277, -0.0000000000000000000, -0.5000000000000002220 ) ) ;
#3352 = VERTEX_POINT ( 'NONE', #284 ) ;
#3353 = UNCERTAINTY_MEASURE_WITH_UNIT (LENGTH_MEASURE( 1.000000000000000082E-05 ), #5682, 'distance_accuracy_value', 'NONE');
#3354 = FACE_OUTER_BOUND ( 'NONE', #11375, .T. ) ;
#3355 = DIRECTION ( 'NONE',  ( -0.0000000000000000000, -1.000000000000000000, -0.0000000000000000000 ) ) ;
#3356 = PRESENTATION_LAYER_ASSIGNMENT (  '', '', ( #2685 ) ) ;
#3357 = CARTESIAN_POINT ( 'NONE',  ( 1.600000000000000311, 0.09999999999999999167, 0.2990000000000001545 ) ) ;
#3358 = VERTEX_POINT ( 'NONE', #1284 ) ;
#3359 = FACE_OUTER_BOUND ( 'NONE', #5988, .T. ) ;
#3360 =( NAMED_UNIT ( * ) PLANE_ANGLE_UNIT ( ) SI_UNIT ( $, .RADIAN. ) );
#3361 = STYLED_ITEM ( 'NONE', ( #5529 ), #7937 ) ;
#3362 = DIRECTION ( 'NONE',  ( -0.0000000000000000000, -0.0000000000000000000, -1.000000000000000000 ) ) ;
#3363 = CARTESIAN_POINT ( 'NONE',  ( -1.097630068621648913, 0.1000000000000000056, -0.4567978275935437038 ) ) ;
#3364 = VECTOR ( 'NONE', #6923, 1000.000000000000000 ) ;
#3365 = ADVANCED_FACE ( 'NONE', ( #5320 ), #79, .T. ) ;
#3366 = CARTESIAN_POINT ( 'NONE',  ( 0.1774300686216490897, 0.1000000000000000056, 0.4976999999999998092 ) ) ;
#3367 = ORIENTED_EDGE ( 'NONE', *, *, #1934, .T. ) ;
#3368 = UNCERTAINTY_MEASURE_WITH_UNIT (LENGTH_MEASURE( 1.000000000000000082E-05 ), #38, 'distance_accuracy_value', 'NONE');
#3369 = FACE_OUTER_BOUND ( 'NONE', #10390, .T. ) ;
#3370 = DIRECTION ( 'NONE',  ( -0.0000000000000000000, 1.000000000000000000, -0.0000000000000000000 ) ) ;
#3371 = EDGE_LOOP ( 'NONE', ( #10894, #10183, #6762, #7742 ) ) ;
#3372 = VERTEX_POINT ( 'NONE', #10151 ) ;
#3373 = EDGE_CURVE ( 'NONE', #10972, #3644, #7976, .T. ) ;
#3374 = DIRECTION ( 'NONE',  ( 0.0000000000000000000, 0.0000000000000000000, 1.000000000000000000 ) ) ;
#3375 = EDGE_CURVE ( 'NONE', #9772, #3625, #2679, .T. ) ;
#3376 = LINE ( 'NONE', #1453, #7269 ) ;
#3377 = DIRECTION ( 'NONE',  ( -0.0000000000000000000, -1.000000000000000000, -0.0000000000000000000 ) ) ;
#3378 = CYLINDRICAL_SURFACE ( 'NONE', #12258, 0.01500217240645650499 ) ;
#3379 = EDGE_CURVE ( 'NONE', #7861, #1872, #370, .T. ) ;
#3380 = DIRECTION ( 'NONE',  ( -0.0000000000000000000, -1.000000000000000000, -0.0000000000000000000 ) ) ;
#3381 = CARTESIAN_POINT ( 'NONE',  ( 0.4691278962151925191, 0.1000000000000000056, 0.4870999999999999219 ) ) ;
#3382 = VERTEX_POINT ( 'NONE', #7256 ) ;
#3383 = DIRECTION ( 'NONE',  ( -1.000000000000000000, -0.0000000000000000000, -0.0000000000000000000 ) ) ;
#3384 = ORIENTED_EDGE ( 'NONE', *, *, #12555, .F. ) ;
#3385 = PLANE ( 'NONE',  #791 ) ;
#3386 = LINE ( 'NONE', #1058, #779 ) ;
#3387 = ORIENTED_EDGE ( 'NONE', *, *, #3550, .F. ) ;
#3389 = DIRECTION ( 'NONE',  ( 0.0000000000000000000, 0.0000000000000000000, -1.000000000000000000 ) ) ;
#3388 = DIRECTION ( 'NONE',  ( 0.0000000000000000000, 0.0000000000000000000, -1.000000000000000000 ) ) ;
#3390 = ORIENTED_EDGE ( 'NONE', *, *, #1027, .T. ) ;
#3391 = VECTOR ( 'NONE', #2816, 1000.000000000000000 ) ;
#3392 =( LENGTH_UNIT ( ) NAMED_UNIT ( * ) SI_UNIT ( .MILLI., .METRE. ) );
#3393 = ORIENTED_EDGE ( 'NONE', *, *, #7210, .T. ) ;
#3394 = ORIENTED_EDGE ( 'NONE', *, *, #8664, .F. ) ;
#3395 = DIRECTION ( 'NONE',  ( 0.0000000000000000000, 0.0000000000000000000, -1.000000000000000000 ) ) ;
#3396 = CARTESIAN_POINT ( 'NONE',  ( 0.3502300686216489600, 0.1000000000000000056, -0.2153021724064567988 ) ) ;
#3397 = ORIENTED_EDGE ( 'NONE', *, *, #6399, .T. ) ;
#3398 = CARTESIAN_POINT ( 'NONE',  ( -1.296184350947589881, 0.1000000000000000056, 0.4717999999999997196 ) ) ;
#3399 = PRESENTATION_STYLE_ASSIGNMENT (( #8715 ) ) ;
#3400 = ORIENTED_EDGE ( 'NONE', *, *, #7135, .F. ) ;
#3401 = SURFACE_SIDE_STYLE ('',( #6534 ) ) ;
#3402 = LINE ( 'NONE', #2605, #3086 ) ;
#3403 = VERTEX_POINT ( 'NONE', #4275 ) ;
#3404 =( NAMED_UNIT ( * ) SI_UNIT ( $, .STERADIAN. ) SOLID_ANGLE_UNIT ( ) );
#3405 = CARTESIAN_POINT ( 'NONE',  ( 1.097630068621648913, 0.1000000000000000056, -0.4718000000000002192 ) ) ;
#3406 = VERTEX_POINT ( 'NONE', #6265 ) ;
#3407 = CARTESIAN_POINT ( 'NONE',  ( 1.099400000000000377, 0.09999999999999999167, -0.4012999999999999901 ) ) ;
#3408 = VECTOR ( 'NONE', #11232, 1000.000000000000000 ) ;
#3409 = EDGE_LOOP ( 'NONE', ( #6561, #3727, #5692, #2235 ) ) ;
#3410 = DIRECTION ( 'NONE',  ( -0.0000000000000000000, 1.000000000000000000, -0.0000000000000000000 ) ) ;
#3411 = DIRECTION ( 'NONE',  ( -0.0000000000000000000, 1.000000000000000000, -0.0000000000000000000 ) ) ;
#3412 =( GEOMETRIC_REPRESENTATION_CONTEXT ( 3 ) GLOBAL_UNCERTAINTY_ASSIGNED_CONTEXT ( ( #7179 ) ) GLOBAL_UNIT_ASSIGNED_CONTEXT ( ( #1166, #8057, #2136 ) ) REPRESENTATION_CONTEXT ( 'NONE', 'WORKASPACE' ) );
#3413 = VERTEX_POINT ( 'NONE', #11198 ) ;
#3414 = FACE_OUTER_BOUND ( 'NONE', #3617, .T. ) ;
#3415 = EDGE_CURVE ( 'NONE', #3569, #1214, #7352, .T. ) ;
#3416 =( GEOMETRIC_REPRESENTATION_CONTEXT ( 3 ) GLOBAL_UNCERTAINTY_ASSIGNED_CONTEXT ( ( #4807 ) ) GLOBAL_UNIT_ASSIGNED_CONTEXT ( ( #10202, #4321, #11210 ) ) REPRESENTATION_CONTEXT ( 'NONE', 'WORKASPACE' ) );
#3417 = LINE ( 'NONE', #3224, #8367 ) ;
#3418 = ORIENTED_EDGE ( 'NONE', *, *, #757, .F. ) ;
#3419 = CARTESIAN_POINT ( 'NONE',  ( -1.582400000000000251, 0.5000000000000000000, 0.1968000000000001137 ) ) ;
#3420 = DIRECTION ( 'NONE',  ( -0.0000000000000000000, -1.000000000000000000, -0.0000000000000000000 ) ) ;
#3421 =( GEOMETRIC_REPRESENTATION_CONTEXT ( 3 ) GLOBAL_UNCERTAINTY_ASSIGNED_CONTEXT ( ( #7746 ) ) GLOBAL_UNIT_ASSIGNED_CONTEXT ( ( #9392, #3478, #10356 ) ) REPRESENTATION_CONTEXT ( 'NONE', 'WORKASPACE' ) );
#3422 = CARTESIAN_POINT ( 'NONE',  ( 1.082627896215192509, 0.0000000000000000000, -0.4567978275935435928 ) ) ;
#3423 = CARTESIAN_POINT ( 'NONE',  ( 0.3325300686216492441, 0.0000000000000000000, 0.09929999999999988836 ) ) ;
#3424 = ADVANCED_FACE ( 'NONE', ( #9951 ), #3793, .F. ) ;
#3425 = CARTESIAN_POINT ( 'NONE',  ( 1.577030068621648740, 0.1000000000000000056, -0.2007383321261244635 ) ) ;
#3426 = FILL_AREA_STYLE_COLOUR ( '', #1041 ) ;
#3427 = PRESENTATION_STYLE_ASSIGNMENT (( #4043 ) ) ;
#3428 = FILL_AREA_STYLE ('',( #7426 ) ) ;
#3429 = EDGE_LOOP ( 'NONE', ( #8753, #2948, #8986, #9906 ) ) ;
#3430 = CARTESIAN_POINT ( 'NONE',  ( -1.571800000000000308, 0.09999999999999999167, 0.1016000000000000236 ) ) ;
#3431 = ORIENTED_EDGE ( 'NONE', *, *, #5089, .F. ) ;
#3432 = ADVANCED_FACE ( 'NONE', ( #11657 ), #410, .F. ) ;
#3433 = CIRCLE ( 'NONE', #7989, 0.01500217240645653274 ) ;
#3434 = AXIS2_PLACEMENT_3D ( 'NONE', #11326, #5421, #12322 ) ;
#3435 = CARTESIAN_POINT ( 'NONE',  ( 1.553297827593543845, 0.1000000000000000056, 0.1166021724064565668 ) ) ;
#3436 = UNCERTAINTY_MEASURE_WITH_UNIT (LENGTH_MEASURE( 1.000000000000000082E-05 ), #4513, 'distance_accuracy_value', 'NONE');
#3437 = AXIS2_PLACEMENT_3D ( 'NONE', #2214, #9134, #3194 ) ;
#3438 = DIRECTION ( 'NONE',  ( 0.0000000000000000000, -1.000000000000000000, 0.0000000000000000000 ) ) ;
#3439 = PRESENTATION_STYLE_ASSIGNMENT (( #3335 ) ) ;
#3440 = VERTEX_POINT ( 'NONE', #12229 ) ;
#3441 = PLANE ( 'NONE',  #3091 ) ;
#3442 = VECTOR ( 'NONE', #9372, 1000.000000000000000 ) ;
#3443 = DIRECTION ( 'NONE',  ( -1.000000000000000000, 0.0000000000000000000, 0.0000000000000000000 ) ) ;
#3444 = VERTEX_POINT ( 'NONE', #2388 ) ;
#3445 = LINE ( 'NONE', #7317, #3127 ) ;
#3446 = PLANE ( 'NONE',  #9790 ) ;
#3447 = ADVANCED_FACE ( 'NONE', ( #8743 ), #3385, .F. ) ;
#3448 =( NAMED_UNIT ( * ) PLANE_ANGLE_UNIT ( ) SI_UNIT ( $, .RADIAN. ) );
#3449 = DIRECTION ( 'NONE',  ( -0.7071067811865475727, 0.0000000000000000000, 0.7071067811865475727 ) ) ;
#3450 = CARTESIAN_POINT ( 'NONE',  ( -1.296800000000000397, 0.5000000000000000000, 0.4823999999999999955 ) ) ;
#3451 = ORIENTED_EDGE ( 'NONE', *, *, #4923, .F. ) ;
#3452 = CARTESIAN_POINT ( 'NONE',  ( -0.3325300686216491330, 0.1000000000000000056, 0.09929999999999988836 ) ) ;
#3453 = EDGE_CURVE ( 'NONE', #9187, #8055, #1458, .T. ) ;
#3454 = DIRECTION ( 'NONE',  ( 1.000000000000000000, -0.0000000000000000000, 0.0000000000000000000 ) ) ;
#3455 = VECTOR ( 'NONE', #12006, 1000.000000000000000 ) ;
#3456 = EDGE_CURVE ( 'NONE', #4232, #8687, #11328, .T. ) ;
#3457 = PRESENTATION_LAYER_ASSIGNMENT (  '', '', ( #1478 ) ) ;
#3458 = MECHANICAL_DESIGN_GEOMETRIC_PRESENTATION_REPRESENTATION (  '', ( #2143 ), #4136 ) ;
#3459 = VECTOR ( 'NONE', #992, 1000.000000000000000 ) ;
#3460 = CIRCLE ( 'NONE', #12083, 0.01500217240645653274 ) ;
#3461 = COLOUR_RGB ( '',0.9686274509803921573, 0.8784313725490195957, 0.5999999999999999778 ) ;
#3462 = EDGE_LOOP ( 'NONE', ( #12245, #5043, #9448, #12371 ) ) ;
#3463 = ORIENTED_EDGE ( 'NONE', *, *, #3783, .T. ) ;
#3464 = EDGE_CURVE ( 'NONE', #1024, #5359, #9048, .T. ) ;
#3465 = ORIENTED_EDGE ( 'NONE', *, *, #5278, .F. ) ;
#3466 = CARTESIAN_POINT ( 'NONE',  ( 1.099400000000000377, 0.09999999999999999167, 0.4012999999999999901 ) ) ;
#3467 = LINE ( 'NONE', #4808, #11018 ) ;
#3468 = DIRECTION ( 'NONE',  ( 7.592683202195574598E-16, 0.0000000000000000000, -1.000000000000000000 ) ) ;
#3469 = VERTEX_POINT ( 'NONE', #8361 ) ;
#3470 = COLOUR_RGB ( '',0.9686274509803921573, 0.8784313725490195957, 0.5999999999999999778 ) ;
#3471 = CIRCLE ( 'NONE', #8713, 0.01500217240645653274 ) ;
#3472 = CARTESIAN_POINT ( 'NONE',  ( -0.3175278962151925066, 0.0000000000000000000, -0.08669782759354346946 ) ) ;
#3473 = EDGE_CURVE ( 'NONE', #2232, #8248, #11009, .T. ) ;
#3474 = CARTESIAN_POINT ( 'NONE',  ( -0.3325300686216491330, 0.1000000000000000056, -0.1017000000000001098 ) ) ;
#3475 = EDGE_LOOP ( 'NONE', ( #3841, #9379, #4174, #2597 ) ) ;
#3476 = SURFACE_SIDE_STYLE ('',( #440 ) ) ;
#3477 = LINE ( 'NONE', #748, #547 ) ;
#3478 =( NAMED_UNIT ( * ) PLANE_ANGLE_UNIT ( ) SI_UNIT ( $, .RADIAN. ) );
#3479 = STYLED_ITEM ( 'NONE', ( #5318 ), #6501 ) ;
#3480 = ORIENTED_EDGE ( 'NONE', *, *, #5836, .T. ) ;
#3481 = ORIENTED_EDGE ( 'NONE', *, *, #10341, .T. ) ;
#3483 = CARTESIAN_POINT ( 'NONE',  ( -1.311172388391701915, 0.0000000000000000000, 0.4874532564923810818 ) ) ;
#3482 = CARTESIAN_POINT ( 'NONE',  ( -1.584125920840706137, 0.0000000000000000000, 0.2113361407954839344 ) ) ;
#3484 = LINE ( 'NONE', #9807, #3161 ) ;
#3485 = DIRECTION ( 'NONE',  ( 0.0000000000000000000, 0.0000000000000000000, 1.000000000000000000 ) ) ;
#3486 = CLOSED_SHELL ( 'NONE', ( #5778, #9639, #1878, #4415, #7410, #11714, #5631, #11382, #11609, #1966, #5841, #5702, #8488, #3365, #1549, #850, #11538, #9859, #5196, #10262, #1679, #9412, #11324, #4564, #6845, #6119, #8363, #12420, #6824, #4693, #2978, #6241, #11805, #12058, #4477, #12481, #12314, #8722, #11937, #3300, #509, #8697, #11469, #12756, #4661, #7482, #9737, #12735, #6726, #93, #11443, #12573, #10888, #1308, #7400, #612, #3855, #2149, #11340, #9337, #584, #11199, #8425, #7718, #1646, #7875, #5247, #6437, #1749, #7471, #2852, #12636, #2820, #746, #11876, #2273, #8352, #2692, #10428, #8789, #7095, #10270, #7550, #948, #4164, #6449, #654, #4859, #2715, #8976, #9217, #10318, #776, #3581, #10747, #1195, #5460, #2781, #6066, #5315, #7460, #1810, #3656, #10815, #10090, #12448, #6628, #6464, #3432, #7524, #10718, #8653, #12355, #6977, #10154, #12288, #3168, #5533, #8436, #12694, #3623, #3447, #8119, #2526, #1496, #880, #8551, #4106, #7849, #11260, #5731, #5506, #4049, #8762, #4291, #1007, #5365, #1900, #9569, #195, #543, #2447, #10678, #1617, #9978, #9776, #390 ) ) ;
#3487 = CIRCLE ( 'NONE', #10134, 0.01500217240645655876 ) ;
#3488 = PLANE ( 'NONE',  #9400 ) ;
#3489 = DIRECTION ( 'NONE',  ( -0.0000000000000000000, -0.0000000000000000000, -1.000000000000000000 ) ) ;
#3490 = ORIENTED_EDGE ( 'NONE', *, *, #7091, .T. ) ;
#3491 = ADVANCED_FACE ( 'NONE', ( #5802 ), #499, .T. ) ;
#3492 = SURFACE_STYLE_USAGE ( .BOTH. , #9407 ) ;
#3493 =( GEOMETRIC_REPRESENTATION_CONTEXT ( 3 ) GLOBAL_UNCERTAINTY_ASSIGNED_CONTEXT ( ( #6409 ) ) GLOBAL_UNIT_ASSIGNED_CONTEXT ( ( #7093, #1176, #8075 ) ) REPRESENTATION_CONTEXT ( 'NONE', 'WORKASPACE' ) );
#3494 = DIRECTION ( 'NONE',  ( -1.000000000000000000, 0.0000000000000000000, 0.0000000000000000000 ) ) ;
#3495 = ORIENTED_EDGE ( 'NONE', *, *, #2196, .T. ) ;
#3496 = EDGE_CURVE ( 'NONE', #10801, #8529, #7492, .T. ) ;
#3497 = FILL_AREA_STYLE ('',( #1512 ) ) ;
#3498 = VECTOR ( 'NONE', #5823, 1000.000000000000000 ) ;
#3499 =( NAMED_UNIT ( * ) SI_UNIT ( $, .STERADIAN. ) SOLID_ANGLE_UNIT ( ) );
#3500 = VECTOR ( 'NONE', #12248, 1000.000000000000000 ) ;
#3501 = CARTESIAN_POINT ( 'NONE',  ( 0.1624278962151925743, 0.1000000000000000056, 0.4826978275935431273 ) ) ;
#3502 = FILL_AREA_STYLE_COLOUR ( '', #3325 ) ;
#3503 = ADVANCED_FACE ( 'NONE', ( #10081 ), #12319, .T. ) ;
#3504 = VERTEX_POINT ( 'NONE', #8456 ) ;
#3505 = CIRCLE ( 'NONE', #7118, 0.01500217240645655876 ) ;
#3506 = EDGE_CURVE ( 'NONE', #6584, #10491, #2218, .T. ) ;
#3507 = VERTEX_POINT ( 'NONE', #5516 ) ;
#3508 = DIRECTION ( 'NONE',  ( -0.0000000000000000000, 1.000000000000000000, -0.0000000000000000000 ) ) ;
#3509 = CARTESIAN_POINT ( 'NONE',  ( 0.3352278962151924446, 0.1000000000000000056, -0.2153021724064569098 ) ) ;
#3510 = CYLINDRICAL_SURFACE ( 'NONE', #5100, 0.2891000000000000236 ) ;
#3511 = EDGE_CURVE ( 'NONE', #799, #1907, #12412, .T. ) ;
#3512 = SURFACE_SIDE_STYLE ('',( #2964 ) ) ;
#3513 = EDGE_LOOP ( 'NONE', ( #2990, #1702, #8550, #8350 ) ) ;
#3514 = SURFACE_SIDE_STYLE ('',( #8058 ) ) ;
#3515 = VECTOR ( 'NONE', #557, 1000.000000000000000 ) ;
#3516 = VECTOR ( 'NONE', #128, 1000.000000000000000 ) ;
#3517 = EDGE_CURVE ( 'NONE', #3016, #12241, #7191, .T. ) ;
#3518 = AXIS2_PLACEMENT_3D ( 'NONE', #1345, #8252, #2324 ) ;
#3519 = ADVANCED_FACE ( 'NONE', ( #4864 ), #11452, .T. ) ;
#3520 = CARTESIAN_POINT ( 'NONE',  ( -6.505213034913026604E-16, 0.3949999999999994071, 0.5000000000000000000 ) ) ;
#3521 = AXIS2_PLACEMENT_3D ( 'NONE', #9667, #5751, #12634 ) ;
#3522 = PRESENTATION_LAYER_ASSIGNMENT (  '', '', ( #2845 ) ) ;
#3523 = DIRECTION ( 'NONE',  ( -1.000000000000000000, -0.0000000000000000000, -0.0000000000000000000 ) ) ;
#3524 = CARTESIAN_POINT ( 'NONE',  ( -0.3325300686216491330, 0.1000000000000000056, 0.09929999999999988836 ) ) ;
#3525 = DIRECTION ( 'NONE',  ( 0.0000000000000000000, 0.0000000000000000000, 1.000000000000000000 ) ) ;
#3526 = FACE_OUTER_BOUND ( 'NONE', #2014, .T. ) ;
#3527 = EDGE_CURVE ( 'NONE', #4561, #10320, #11162, .T. ) ;
#3528 = ORIENTED_EDGE ( 'NONE', *, *, #10187, .F. ) ;
#3529 = LINE ( 'NONE', #10726, #597 ) ;
#3531 = DIRECTION ( 'NONE',  ( -4.020095065059161301E-16, -0.0000000000000000000, 1.000000000000000000 ) ) ;
#3530 = DIRECTION ( 'NONE',  ( 0.0000000000000000000, 0.0000000000000000000, 1.000000000000000000 ) ) ;
#3532 = ORIENTED_EDGE ( 'NONE', *, *, #11743, .T. ) ;
#3533 = VECTOR ( 'NONE', #5698, 1000.000000000000000 ) ;
#3534 = DIRECTION ( 'NONE',  ( 0.0000000000000000000, 1.000000000000000000, 0.0000000000000000000 ) ) ;
#3535 = ORIENTED_EDGE ( 'NONE', *, *, #3085, .T. ) ;
#3536 = ORIENTED_EDGE ( 'NONE', *, *, #12709, .T. ) ;
#3537 = ORIENTED_EDGE ( 'NONE', *, *, #7279, .F. ) ;
#3538 = PRESENTATION_STYLE_ASSIGNMENT (( #685 ) ) ;
#3539 = EDGE_CURVE ( 'NONE', #6472, #10801, #3612, .T. ) ;
#3540 = MANIFOLD_SOLID_BREP ( 'Combine5', #9811 ) ;
#3541 = CARTESIAN_POINT ( 'NONE',  ( -1.086202172406457001, 0.1000000000000000056, 0.4717999999999998306 ) ) ;
#3542 = CIRCLE ( 'NONE', #6094, 0.01500217240645653274 ) ;
#3543 = STYLED_ITEM ( 'NONE', ( #10579 ), #8298 ) ;
#3544 = UNCERTAINTY_MEASURE_WITH_UNIT (LENGTH_MEASURE( 1.000000000000000082E-05 ), #5258, 'distance_accuracy_value', 'NONE');
#3545 = ORIENTED_EDGE ( 'NONE', *, *, #9421, .T. ) ;
#3546 = CARTESIAN_POINT ( 'NONE',  ( 1.600000000000000311, 0.09999999999999999167, 0.5000000000000000000 ) ) ;
#3547 = DIRECTION ( 'NONE',  ( -0.7071067811865493491, 0.0000000000000000000, -0.7071067811865456854 ) ) ;
#3548 = ORIENTED_EDGE ( 'NONE', *, *, #7336, .T. ) ;
#3549 = ORIENTED_EDGE ( 'NONE', *, *, #9949, .F. ) ;
#3550 = EDGE_CURVE ( 'NONE', #2587, #8855, #7642, .T. ) ;
#3551 = COLOUR_RGB ( '',0.9686274509803921573, 0.8784313725490195957, 0.5999999999999999778 ) ;
#3552 = VERTEX_POINT ( 'NONE', #8592 ) ;
#3553 = VECTOR ( 'NONE', #681, 1000.000000000000000 ) ;
#3554 = EDGE_CURVE ( 'NONE', #7075, #3507, #12562, .T. ) ;
#3555 = DIRECTION ( 'NONE',  ( -1.000000000000000000, 0.0000000000000000000, 0.0000000000000000000 ) ) ;
#3556 = ORIENTED_EDGE ( 'NONE', *, *, #11611, .F. ) ;
#3557 = ORIENTED_EDGE ( 'NONE', *, *, #6972, .F. ) ;
#3558 = EDGE_CURVE ( 'NONE', #6956, #2216, #5962, .T. ) ;
#3559 = DIRECTION ( 'NONE',  ( -0.0000000000000000000, -1.000000000000000000, -0.0000000000000000000 ) ) ;
#3560 = ADVANCED_FACE ( 'NONE', ( #8568 ), #767, .F. ) ;
#3561 = PRESENTATION_LAYER_ASSIGNMENT (  '', '', ( #1576 ) ) ;
#3562 = SURFACE_STYLE_FILL_AREA ( #10786 ) ;
#3563 = VERTEX_POINT ( 'NONE', #11498 ) ;
#3564 = CIRCLE ( 'NONE', #11253, 0.01500217240645655876 ) ;
#3565 = ORIENTED_EDGE ( 'NONE', *, *, #3032, .T. ) ;
#3566 = CARTESIAN_POINT ( 'NONE',  ( 1.097630068621648913, 0.0000000000000000000, -0.4718000000000002192 ) ) ;
#3567 = CARTESIAN_POINT ( 'NONE',  ( -0.3352278962151924446, -0.0000000000000000000, -0.2153021724064569098 ) ) ;
#3568 = PRODUCT_DEFINITION_SHAPE ( 'NONE', 'NONE',  #4675 ) ;
#3569 = VERTEX_POINT ( 'NONE', #816 ) ;
#3570 = DIRECTION ( 'NONE',  ( 0.0000000000000000000, 0.0000000000000000000, -1.000000000000000000 ) ) ;
#3571 = ORIENTED_EDGE ( 'NONE', *, *, #11569, .T. ) ;
#3572 = ORIENTED_EDGE ( 'NONE', *, *, #12478, .F. ) ;
#3573 = ORIENTED_EDGE ( 'NONE', *, *, #10793, .F. ) ;
#3574 = PRESENTATION_LAYER_ASSIGNMENT (  '', '', ( #4242 ) ) ;
#3575 = DIRECTION ( 'NONE',  ( 0.0000000000000000000, -1.000000000000000000, 0.0000000000000000000 ) ) ;
#3576 = DIRECTION ( 'NONE',  ( -1.000000000000000000, 0.0000000000000000000, 0.0000000000000000000 ) ) ;
#3577 = PLANE ( 'NONE',  #8527 ) ;
#3578 = DIRECTION ( 'NONE',  ( -0.0000000000000000000, -1.000000000000000000, -0.0000000000000000000 ) ) ;
#3579 = DIRECTION ( 'NONE',  ( 1.000000000000000000, 0.0000000000000000000, 0.0000000000000000000 ) ) ;
#3580 = EDGE_CURVE ( 'NONE', #7333, #4766, #3782, .T. ) ;
#3581 = ADVANCED_FACE ( 'NONE', ( #11319 ), #6102, .F. ) ;
#3582 = ORIENTED_EDGE ( 'NONE', *, *, #6207, .F. ) ;
#3584 = FILL_AREA_STYLE_COLOUR ( '', #8286 ) ;
#3583 = CIRCLE ( 'NONE', #5267, 0.01500217240645650499 ) ;
#3585 = ORIENTED_EDGE ( 'NONE', *, *, #10977, .T. ) ;
#3586 = CARTESIAN_POINT ( 'NONE',  ( -1.099400000000000377, 0.09999999999999999167, -0.3025999999999999801 ) ) ;
#3587 = VECTOR ( 'NONE', #2049, 1000.000000000000000 ) ;
#3588 = VECTOR ( 'NONE', #5169, 1000.000000000000000 ) ;
#3589 = PRESENTATION_STYLE_ASSIGNMENT (( #1481 ) ) ;
#3590 = AXIS2_PLACEMENT_3D ( 'NONE', #3631, #2610, #8517 ) ;
#3591 = EDGE_CURVE ( 'NONE', #5088, #6254, #11643, .T. ) ;
#3592 = EDGE_CURVE ( 'NONE', #5166, #10518, #8731, .T. ) ;
#3593 = STYLED_ITEM ( 'NONE', ( #7678 ), #1769 ) ;
#3594 = AXIS2_PLACEMENT_3D ( 'NONE', #11243, #5342, #12236 ) ;
#3595 = CARTESIAN_POINT ( 'NONE',  ( -0.1624278962151926298, 0.1000000000000000056, -0.4849978275935434846 ) ) ;
#3596 = CARTESIAN_POINT ( 'NONE',  ( 0.3325300686216492441, 0.0000000000000000000, -0.1017000000000001098 ) ) ;
#3597 = CARTESIAN_POINT ( 'NONE',  ( 1.562027896215192557, 0.1000000000000000056, -0.1167021724064567917 ) ) ;
#3598 = ORIENTED_EDGE ( 'NONE', *, *, #10058, .F. ) ;
#3599 =( NAMED_UNIT ( * ) SI_UNIT ( $, .STERADIAN. ) SOLID_ANGLE_UNIT ( ) );
#3600 = VERTEX_POINT ( 'NONE', #3321 ) ;
#3601 = FACE_OUTER_BOUND ( 'NONE', #9286, .T. ) ;
#3602 = DIRECTION ( 'NONE',  ( 0.0000000000000000000, -1.000000000000000000, 0.0000000000000000000 ) ) ;
#3603 = FILL_AREA_STYLE_COLOUR ( '', #6450 ) ;
#3604 = DIRECTION ( 'NONE',  ( 0.0000000000000000000, 0.0000000000000000000, 1.000000000000000000 ) ) ;
#3605 = DIRECTION ( 'NONE',  ( 0.0000000000000000000, -1.000000000000000000, 0.0000000000000000000 ) ) ;
#3606 = CARTESIAN_POINT ( 'NONE',  ( -6.505213034913026604E-16, 0.3949999999999994071, -0.5000000000000000000 ) ) ;
#3607 = DIRECTION ( 'NONE',  ( 1.000000000000000000, 0.0000000000000000000, 4.179009298818627440E-17 ) ) ;
#3608 = LINE ( 'NONE', #12203, #1003 ) ;
#3609 = AXIS2_PLACEMENT_3D ( 'NONE', #9947, #4062, #10930 ) ;
#3610 = CARTESIAN_POINT ( 'NONE',  ( 1.316595130599349295, 0.09999999999999999167, 0.4012999999999999901 ) ) ;
#3611 = LINE ( 'NONE', #7361, #5961 ) ;
#3612 = CIRCLE ( 'NONE', #12033, 0.01500217240645655876 ) ;
#3613 = ORIENTED_EDGE ( 'NONE', *, *, #655, .F. ) ;
#3614 = STYLED_ITEM ( 'NONE', ( #6647 ), #7743 ) ;
#3615 = ORIENTED_EDGE ( 'NONE', *, *, #7906, .F. ) ;
#3616 = LINE ( 'NONE', #4313, #1014 ) ;
#3617 = EDGE_LOOP ( 'NONE', ( #7465, #5325, #11168, #9487 ) ) ;
#3618 = STYLED_ITEM ( 'NONE', ( #10328 ), #682 ) ;
#3619 = PLANE ( 'NONE',  #4151 ) ;
#3620 = LINE ( 'NONE', #5031, #11169 ) ;
#3621 = CARTESIAN_POINT ( 'NONE',  ( -1.296800000000000397, 0.5000000000000000000, 0.4893999999999999462 ) ) ;
#3622 = SURFACE_STYLE_USAGE ( .BOTH. , #9534 ) ;
#3623 = ADVANCED_FACE ( 'NONE', ( #10998 ), #1343, .F. ) ;
#3624 = CARTESIAN_POINT ( 'NONE',  ( -0.3502300686216489600, -0.0000000000000000000, -0.2153021724064567988 ) ) ;
#3625 = VERTEX_POINT ( 'NONE', #5309 ) ;
#3626 = DIRECTION ( 'NONE',  ( 1.000000000000000000, 0.0000000000000000000, 0.0000000000000000000 ) ) ;
#3627 = LINE ( 'NONE', #1909, #6267 ) ;
#3628 = EDGE_LOOP ( 'NONE', ( #11336, #5594, #11585, #12517 ) ) ;
#3629 =( NAMED_UNIT ( * ) SI_UNIT ( $, .STERADIAN. ) SOLID_ANGLE_UNIT ( ) );
#3630 = PRESENTATION_STYLE_ASSIGNMENT (( #6753 ) ) ;
#3631 = CARTESIAN_POINT ( 'NONE',  ( -1.600000000000000311, 0.1000000000000000056, -0.5000000000000000000 ) ) ;
#3632 = LINE ( 'NONE', #2556, #8584 ) ;
#3633 = DIRECTION ( 'NONE',  ( 0.0000000000000000000, -1.000000000000000000, 0.0000000000000000000 ) ) ;
#3634 = LINE ( 'NONE', #8335, #3306 ) ;
#3635 = ORIENTED_EDGE ( 'NONE', *, *, #7496, .T. ) ;
#3636 = DIRECTION ( 'NONE',  ( 0.0000000000000000000, -0.0000000000000000000, 1.000000000000000000 ) ) ;
#3637 = CARTESIAN_POINT ( 'NONE',  ( -0.1004848928301857736, 0.1000000000000000056, -0.4976000000000002643 ) ) ;
#3638 = ORIENTED_EDGE ( 'NONE', *, *, #8186, .F. ) ;
#3639 = VECTOR ( 'NONE', #1902, 1000.000000000000000 ) ;
#3640 = VERTEX_POINT ( 'NONE', #8294 ) ;
#3641 = CARTESIAN_POINT ( 'NONE',  ( 1.099400000000000377, 0.09999999999999999167, -0.4012999999999999901 ) ) ;
#3642 = EDGE_CURVE ( 'NONE', #2202, #7834, #3445, .T. ) ;
#3643 = EDGE_CURVE ( 'NONE', #9986, #8967, #1162, .T. ) ;
#3644 = VERTEX_POINT ( 'NONE', #4369 ) ;
#3645 = ORIENTED_EDGE ( 'NONE', *, *, #1292, .F. ) ;
#3646 = AXIS2_PLACEMENT_3D ( 'NONE', #9666, #3762, #10631 ) ;
#3647 = VECTOR ( 'NONE', #1414, 1000.000000000000000 ) ;
#3648 = VECTOR ( 'NONE', #2950, 1000.000000000000000 ) ;
#3649 = PLANE ( 'NONE',  #5105 ) ;
#3650 = EDGE_CURVE ( 'NONE', #11288, #7556, #10689, .T. ) ;
#3651 = FILL_AREA_STYLE_COLOUR ( '', #9466 ) ;
#3652 = UNCERTAINTY_MEASURE_WITH_UNIT (LENGTH_MEASURE( 1.000000000000000082E-05 ), #4353, 'distance_accuracy_value', 'NONE');
#3653 = ORIENTED_EDGE ( 'NONE', *, *, #9963, .T. ) ;
#3654 = SURFACE_STYLE_FILL_AREA ( #10379 ) ;
#3655 = CYLINDRICAL_SURFACE ( 'NONE', #12437, 0.01500217240645655876 ) ;
#3656 = ADVANCED_FACE ( 'NONE', ( #8396 ), #198, .F. ) ;
#3657 = CARTESIAN_POINT ( 'NONE',  ( -0.6304257238087359605, 0.1000000000000000056, 0.09929999999999991611 ) ) ;
#3658 = LINE ( 'NONE', #12328, #5666 ) ;
#3659 = LINE ( 'NONE', #617, #6297 ) ;
#3660 = CARTESIAN_POINT ( 'NONE',  ( -1.577030068621648962, 0.1000000000000000056, -0.1857361597196679204 ) ) ;
#3661 = STYLED_ITEM ( 'NONE', ( #9636 ), #2358 ) ;
#3662 = DIRECTION ( 'NONE',  ( 0.0000000000000000000, 0.0000000000000000000, 1.000000000000000000 ) ) ;
#3663 = DIRECTION ( 'NONE',  ( 0.0000000000000000000, -1.000000000000000000, 0.0000000000000000000 ) ) ;
#3664 = VERTEX_POINT ( 'NONE', #9333 ) ;
#3665 = PRESENTATION_STYLE_ASSIGNMENT (( #11578 ) ) ;
#3666 = DIRECTION ( 'NONE',  ( 0.0000000000000000000, 0.0000000000000000000, -1.000000000000000000 ) ) ;
#3667 = FACE_OUTER_BOUND ( 'NONE', #5032, .T. ) ;
#3668 = CARTESIAN_POINT ( 'NONE',  ( -0.6304257238087360715, 0.1000000000000000056, 0.4826978275935433493 ) ) ;
#3669 = ORIENTED_EDGE ( 'NONE', *, *, #10358, .T. ) ;
#3670 = PLANE ( 'NONE',  #7193 ) ;
#3671 = CARTESIAN_POINT ( 'NONE',  ( 0.3175278962151926176, 0.0000000000000000000, 0.08429782759354324806 ) ) ;
#3672 = FILL_AREA_STYLE_COLOUR ( '', #6880 ) ;
#3673 = MECHANICAL_DESIGN_GEOMETRIC_PRESENTATION_REPRESENTATION (  '', ( #1478 ), #4329 ) ;
#3674 = PRESENTATION_STYLE_ASSIGNMENT (( #8735 ) ) ;
#3675 = DIRECTION ( 'NONE',  ( -1.000000000000000000, 0.0000000000000000000, 4.843431639425979442E-16 ) ) ;
#3676 = DIRECTION ( 'NONE',  ( -1.000000000000000000, 0.0000000000000000000, 0.0000000000000000000 ) ) ;
#3677 = EDGE_CURVE ( 'NONE', #3298, #11330, #5788, .T. ) ;
#3678 = CARTESIAN_POINT ( 'NONE',  ( 0.6304257238087359605, 0.1000000000000000056, 0.4976999999999999202 ) ) ;
#3679 = STYLED_ITEM ( 'NONE', ( #11421 ), #1079 ) ;
#3680 =( LENGTH_UNIT ( ) NAMED_UNIT ( * ) SI_UNIT ( .MILLI., .METRE. ) );
#3681 = ORIENTED_EDGE ( 'NONE', *, *, #2416, .T. ) ;
#3682 = DIRECTION ( 'NONE',  ( -0.0000000000000000000, 1.000000000000000000, -0.0000000000000000000 ) ) ;
#3683 = LINE ( 'NONE', #1877, #11230 ) ;
#3684 = AXIS2_PLACEMENT_3D ( 'NONE', #9336, #3410, #10288 ) ;
#3685 = EDGE_CURVE ( 'NONE', #5199, #8081, #2812, .T. ) ;
#3686 = ORIENTED_EDGE ( 'NONE', *, *, #2653, .F. ) ;
#3687 = VECTOR ( 'NONE', #5995, 1000.000000000000114 ) ;
#3688 =( NAMED_UNIT ( * ) SI_UNIT ( $, .STERADIAN. ) SOLID_ANGLE_UNIT ( ) );
#3689 = VERTEX_POINT ( 'NONE', #7406 ) ;
#3690 = CARTESIAN_POINT ( 'NONE',  ( -0.6454278962151924759, 0.1000000000000000056, 0.4826978275935432383 ) ) ;
#3691 = CARTESIAN_POINT ( 'NONE',  ( 1.316595130599349295, 0.5000000000000000000, 0.4012999999999999901 ) ) ;
#3692 = VECTOR ( 'NONE', #1797, 1000.000000000000000 ) ;
#3693 = ADVANCED_FACE ( 'NONE', ( #5156 ), #11795, .F. ) ;
#3694 = DIRECTION ( 'NONE',  ( 0.0000000000000000000, -0.0000000000000000000, -1.000000000000000000 ) ) ;
#3695 = AXIS2_PLACEMENT_3D ( 'NONE', #2962, #9889, #3994 ) ;
#3696 = VERTEX_POINT ( 'NONE', #6466 ) ;
#3697 = VECTOR ( 'NONE', #6458, 1000.000000000000000 ) ;
#3698 =( GEOMETRIC_REPRESENTATION_CONTEXT ( 3 ) GLOBAL_UNCERTAINTY_ASSIGNED_CONTEXT ( ( #4686 ) ) GLOBAL_UNIT_ASSIGNED_CONTEXT ( ( #3095, #10006, #4113 ) ) REPRESENTATION_CONTEXT ( 'NONE', 'WORKASPACE' ) );
#3699 = DIRECTION ( 'NONE',  ( -1.000000000000000000, -0.0000000000000000000, -0.0000000000000000000 ) ) ;
#3700 = ORIENTED_EDGE ( 'NONE', *, *, #49, .F. ) ;
#3701 = CARTESIAN_POINT ( 'NONE',  ( -1.067625723808735883, 0.1000000000000000056, -0.2003000000000002001 ) ) ;
#3702 = STYLED_ITEM ( 'NONE', ( #10000 ), #144 ) ;
#3703 = VECTOR ( 'NONE', #6352, 1000.000000000000000 ) ;
#3704 = CARTESIAN_POINT ( 'NONE',  ( -1.562027896215192557, 0.1000000000000000056, -0.1167021724064567501 ) ) ;
#3705 = ORIENTED_EDGE ( 'NONE', *, *, #11746, .T. ) ;
#3706 = ORIENTED_EDGE ( 'NONE', *, *, #8029, .T. ) ;
#3707 =( NAMED_UNIT ( * ) SI_UNIT ( $, .STERADIAN. ) SOLID_ANGLE_UNIT ( ) );
#3708 = DIRECTION ( 'NONE',  ( 2.321156620588232821E-16, 0.0000000000000000000, -1.000000000000000000 ) ) ;
#3709 = EDGE_CURVE ( 'NONE', #9808, #10057, #1598, .T. ) ;
#3710 = COLOUR_RGB ( '',0.9686274509803921573, 0.8784313725490195957, 0.5999999999999999778 ) ;
#3711 = DIRECTION ( 'NONE',  ( 0.0000000000000000000, 1.000000000000000000, -0.0000000000000000000 ) ) ;
#3712 = VECTOR ( 'NONE', #7868, 1000.000000000000000 ) ;
#3713 = CARTESIAN_POINT ( 'NONE',  ( 1.021730214339628739, 0.1000000000000000056, 0.4999999999999993339 ) ) ;
#3714 =( GEOMETRIC_REPRESENTATION_CONTEXT ( 3 ) GLOBAL_UNCERTAINTY_ASSIGNED_CONTEXT ( ( #386 ) ) GLOBAL_UNIT_ASSIGNED_CONTEXT ( ( #8617, #2658, #9579 ) ) REPRESENTATION_CONTEXT ( 'NONE', 'WORKASPACE' ) );
#3715 = ORIENTED_EDGE ( 'NONE', *, *, #1001, .F. ) ;
#3716 = CARTESIAN_POINT ( 'NONE',  ( 1.021730214339628739, 0.1000000000000000056, 0.4999999999999993339 ) ) ;
#3717 = ADVANCED_FACE ( 'NONE', ( #6881 ), #9414, .T. ) ;
#3718 = FILL_AREA_STYLE ('',( #747 ) ) ;
#3719 = ORIENTED_EDGE ( 'NONE', *, *, #12773, .T. ) ;
#3720 = VECTOR ( 'NONE', #3806, 1000.000000000000000 ) ;
#3721 = CARTESIAN_POINT ( 'NONE',  ( 0.3175278962151924511, 0.0000000000000000000, 0.4800999999999998047 ) ) ;
#3722 = EDGE_CURVE ( 'NONE', #12563, #634, #8239, .T. ) ;
#3723 = CARTESIAN_POINT ( 'NONE',  ( 0.3175278962151926176, 0.1000000000000000056, -0.08669782759354346946 ) ) ;
#3724 = ORIENTED_EDGE ( 'NONE', *, *, #239, .F. ) ;
#3725 = DIRECTION ( 'NONE',  ( -0.0000000000000000000, 1.000000000000000000, -0.0000000000000000000 ) ) ;
#3726 = ORIENTED_EDGE ( 'NONE', *, *, #11014, .T. ) ;
#3727 = ORIENTED_EDGE ( 'NONE', *, *, #3511, .F. ) ;
#3728 = EDGE_LOOP ( 'NONE', ( #848, #5154, #8595, #9546 ) ) ;
#3729 = SURFACE_SIDE_STYLE ('',( #8754 ) ) ;
#3730 = CIRCLE ( 'NONE', #6185, 0.01500217240645653274 ) ;
#3731 = ORIENTED_EDGE ( 'NONE', *, *, #7835, .T. ) ;
#3732 = FACE_OUTER_BOUND ( 'NONE', #2907, .T. ) ;
#3733 = ORIENTED_EDGE ( 'NONE', *, *, #10849, .T. ) ;
#3734 = PRESENTATION_STYLE_ASSIGNMENT (( #954 ) ) ;
#3735 = DIRECTION ( 'NONE',  ( 0.0000000000000000000, -1.000000000000000000, 0.0000000000000000000 ) ) ;
#3736 = EDGE_CURVE ( 'NONE', #2726, #5246, #10848, .T. ) ;
#3737 = FACE_OUTER_BOUND ( 'NONE', #10068, .T. ) ;
#3738 = ORIENTED_EDGE ( 'NONE', *, *, #3822, .T. ) ;
#3739 = DIRECTION ( 'NONE',  ( 0.0000000000000000000, 0.0000000000000000000, -1.000000000000000000 ) ) ;
#3740 = DIRECTION ( 'NONE',  ( 1.000000000000000000, -0.0000000000000000000, 0.0000000000000000000 ) ) ;
#3741 = UNCERTAINTY_MEASURE_WITH_UNIT (LENGTH_MEASURE( 1.000000000000000082E-05 ), #8903, 'distance_accuracy_value', 'NONE');
#3742 = CARTESIAN_POINT ( 'NONE',  ( 1.099400000000000377, 0.5000000000000000000, 0.4012999999999999901 ) ) ;
#3743 = AXIS2_PLACEMENT_3D ( 'NONE', #5344, #12238, #6364 ) ;
#3744 = DIRECTION ( 'NONE',  ( 0.0000000000000000000, -1.000000000000000000, 0.0000000000000000000 ) ) ;
#3745 = ORIENTED_EDGE ( 'NONE', *, *, #7051, .T. ) ;
#3746 = CIRCLE ( 'NONE', #2425, 0.3001000000000000334 ) ;
#3747 = LINE ( 'NONE', #6107, #1133 ) ;
#3748 = ORIENTED_EDGE ( 'NONE', *, *, #10933, .F. ) ;
#3749 = CARTESIAN_POINT ( 'NONE',  ( -6.505213034913026604E-16, 0.3949999999999994071, -0.5000000000000000000 ) ) ;
#3750 =( NAMED_UNIT ( * ) SI_UNIT ( $, .STERADIAN. ) SOLID_ANGLE_UNIT ( ) );
#3751 =( NAMED_UNIT ( * ) SI_UNIT ( $, .STERADIAN. ) SOLID_ANGLE_UNIT ( ) );
#3752 = PLANE ( 'NONE',  #10135 ) ;
#3753 = VECTOR ( 'NONE', #5313, 1000.000000000000000 ) ;
#3754 = DIRECTION ( 'NONE',  ( 0.0000000000000000000, -1.000000000000000000, 0.0000000000000000000 ) ) ;
#3755 = PRESENTATION_LAYER_ASSIGNMENT (  '', '', ( #2401 ) ) ;
#3756 = EDGE_CURVE ( 'NONE', #11718, #596, #2970, .T. ) ;
#3757 = CARTESIAN_POINT ( 'NONE',  ( -0.3175278962151925066, 0.0000000000000000000, 0.4870999999999999219 ) ) ;
#3758 = SURFACE_STYLE_FILL_AREA ( #3020 ) ;
#3759 = CARTESIAN_POINT ( 'NONE',  ( -1.097630068621648913, 0.1000000000000000056, -0.4567978275935437038 ) ) ;
#3760 = VERTEX_POINT ( 'NONE', #7532 ) ;
#3761 = DIRECTION ( 'NONE',  ( -0.0000000000000000000, 1.000000000000000000, -0.0000000000000000000 ) ) ;
#3762 = DIRECTION ( 'NONE',  ( 0.0000000000000000000, -1.000000000000000000, 0.0000000000000000000 ) ) ;
#3763 = VERTEX_POINT ( 'NONE', #8520 ) ;
#3764 = ADVANCED_FACE ( 'NONE', ( #5613 ), #62, .T. ) ;
#3765 = DIRECTION ( 'NONE',  ( 0.0000000000000000000, 0.0000000000000000000, -1.000000000000000000 ) ) ;
#3766 = CIRCLE ( 'NONE', #5310, 0.3000999999999999779 ) ;
#3767 = LINE ( 'NONE', #10902, #4082 ) ;
#3768 =( NAMED_UNIT ( * ) SI_UNIT ( $, .STERADIAN. ) SOLID_ANGLE_UNIT ( ) );
#3769 = PRESENTATION_STYLE_ASSIGNMENT (( #4714 ) ) ;
#3770 = FILL_AREA_STYLE_COLOUR ( '', #10498 ) ;
#3771 = EDGE_CURVE ( 'NONE', #8509, #10829, #7947, .T. ) ;
#3772 = DIRECTION ( 'NONE',  ( 0.0000000000000000000, -1.000000000000000000, 0.0000000000000000000 ) ) ;
#3773 = DIRECTION ( 'NONE',  ( 0.0000000000000000000, 0.0000000000000000000, 1.000000000000000000 ) ) ;
#3774 =( LENGTH_UNIT ( ) NAMED_UNIT ( * ) SI_UNIT ( .MILLI., .METRE. ) );
#3775 = EDGE_CURVE ( 'NONE', #12035, #8670, #2651, .T. ) ;
#3776 = FILL_AREA_STYLE ('',( #2745 ) ) ;
#3777 = FACE_OUTER_BOUND ( 'NONE', #10316, .T. ) ;
#3778 = VERTEX_POINT ( 'NONE', #660 ) ;
#3779 = LINE ( 'NONE', #7409, #8393 ) ;
#3780 = DIRECTION ( 'NONE',  ( 0.0000000000000000000, 0.0000000000000000000, 1.000000000000000000 ) ) ;
#3781 = ORIENTED_EDGE ( 'NONE', *, *, #1685, .F. ) ;
#3782 = LINE ( 'NONE', #1798, #6418 ) ;
#3783 = EDGE_CURVE ( 'NONE', #7452, #10583, #5013, .T. ) ;
#3784 = AXIS2_PLACEMENT_3D ( 'NONE', #9627, #3725, #10599 ) ;
#3785 = PRESENTATION_LAYER_ASSIGNMENT (  '', '', ( #3087 ) ) ;
#3786 = DIRECTION ( 'NONE',  ( 1.000000000000000000, 0.0000000000000000000, 0.0000000000000000000 ) ) ;
#3787 = PRESENTATION_LAYER_ASSIGNMENT (  '', '', ( #2424 ) ) ;
#3788 =( NAMED_UNIT ( * ) SI_UNIT ( $, .STERADIAN. ) SOLID_ANGLE_UNIT ( ) );
#3789 = CARTESIAN_POINT ( 'NONE',  ( -0.3325300686216490220, 0.0000000000000000000, 0.08429782759354335908 ) ) ;
#3790 = SURFACE_SIDE_STYLE ('',( #12294 ) ) ;
#3791 = CIRCLE ( 'NONE', #7971, 0.3000999999999999779 ) ;
#3792 = ADVANCED_FACE ( 'NONE', ( #7631 ), #4624, .F. ) ;
#3793 = CYLINDRICAL_SURFACE ( 'NONE', #11619, 0.01500217240645653274 ) ;
#3794 = ORIENTED_EDGE ( 'NONE', *, *, #643, .F. ) ;
#3795 = DIRECTION ( 'NONE',  ( -0.7071067811865474617, 0.0000000000000000000, 0.7071067811865474617 ) ) ;
#3796 = CARTESIAN_POINT ( 'NONE',  ( 1.296184350947589881, 0.1000000000000000056, 0.4718000000000000527 ) ) ;
#3797 = DIRECTION ( 'NONE',  ( 0.0000000000000000000, -1.000000000000000000, 0.0000000000000000000 ) ) ;
#3798 = DIRECTION ( 'NONE',  ( -1.000000000000000000, 0.0000000000000000000, 0.0000000000000000000 ) ) ;
#3799 = ORIENTED_EDGE ( 'NONE', *, *, #10592, .T. ) ;
#3800 = PRESENTATION_LAYER_ASSIGNMENT (  '', '', ( #4443 ) ) ;
#3801 = VERTEX_POINT ( 'NONE', #4667 ) ;
#3802 = DIRECTION ( 'NONE',  ( 1.000000000000000000, -0.0000000000000000000, 2.321156620588232328E-16 ) ) ;
#3803 = VECTOR ( 'NONE', #4632, 1000.000000000000000 ) ;
#3804 = CIRCLE ( 'NONE', #3434, 0.01500217240645658652 ) ;
#3805 = AXIS2_PLACEMENT_3D ( 'NONE', #12730, #6862, #942 ) ;
#3806 = DIRECTION ( 'NONE',  ( 0.0000000000000000000, 0.0000000000000000000, 1.000000000000000000 ) ) ;
#3807 = ORIENTED_EDGE ( 'NONE', *, *, #8917, .T. ) ;
#3808 = DIRECTION ( 'NONE',  ( 0.0000000000000000000, 0.0000000000000000000, 1.000000000000000000 ) ) ;
#3809 = DIRECTION ( 'NONE',  ( -0.7071067811865457964, -0.0000000000000000000, 0.7071067811865492381 ) ) ;
#3810 = CARTESIAN_POINT ( 'NONE',  ( 1.577030068621648740, 0.1000000000000000056, -0.1857361597196678926 ) ) ;
#3811 = DIRECTION ( 'NONE',  ( 0.0000000000000000000, -1.000000000000000000, 0.0000000000000000000 ) ) ;
#3812 = DIRECTION ( 'NONE',  ( -0.0000000000000000000, 1.000000000000000000, -0.0000000000000000000 ) ) ;
#3813 = PRESENTATION_STYLE_ASSIGNMENT (( #7591 ) ) ;
#3814 = ORIENTED_EDGE ( 'NONE', *, *, #12566, .T. ) ;
#3815 = DIRECTION ( 'NONE',  ( -0.0000000000000000000, 1.000000000000000000, -0.0000000000000000000 ) ) ;
#3816 = COLOUR_RGB ( '',0.9686274509803921573, 0.8784313725490195957, 0.5999999999999999778 ) ;
#3817 = DIRECTION ( 'NONE',  ( -1.000000000000000000, 0.0000000000000000000, 1.107775638063495441E-17 ) ) ;
#3818 = EDGE_CURVE ( 'NONE', #8248, #11565, #1440, .T. ) ;
#3819 = VERTEX_POINT ( 'NONE', #3678 ) ;
#3820 = CARTESIAN_POINT ( 'NONE',  ( 1.099400000000000377, 0.5000000000000000000, 0.4012999999999999901 ) ) ;
#3821 = CARTESIAN_POINT ( 'NONE',  ( -1.562027896215192557, -0.0000000000000000000, -0.1167021724064567501 ) ) ;
#3822 = EDGE_CURVE ( 'NONE', #3372, #10101, #6407, .T. ) ;
#3823 = ORIENTED_EDGE ( 'NONE', *, *, #5565, .T. ) ;
#3824 = ORIENTED_EDGE ( 'NONE', *, *, #3032, .F. ) ;
#3825 = VECTOR ( 'NONE', #4817, 1000.000000000000000 ) ;
#3826 = LINE ( 'NONE', #11256, #3500 ) ;
#3827 =( LENGTH_UNIT ( ) NAMED_UNIT ( * ) SI_UNIT ( .MILLI., .METRE. ) );
#3828 = CARTESIAN_POINT ( 'NONE',  ( 0.4691278962151925191, 0.1000000000000000056, 0.4800999999999998047 ) ) ;
#3829 = CARTESIAN_POINT ( 'NONE',  ( -1.099400000000000377, 0.09999999999999999167, -0.4012999999999999901 ) ) ;
#3830 = CARTESIAN_POINT ( 'NONE',  ( 1.300163347198079355, 0.1000000000000000056, -0.4874305275949879501 ) ) ;
#3831 = ADVANCED_FACE ( 'NONE', ( #9030 ), #189, .T. ) ;
#3832 = ORIENTED_EDGE ( 'NONE', *, *, #8468, .F. ) ;
#3833 = FACE_OUTER_BOUND ( 'NONE', #9613, .T. ) ;
#3834 = STYLED_ITEM ( 'NONE', ( #2634 ), #11128 ) ;
#3835 = DIRECTION ( 'NONE',  ( 0.0000000000000000000, 0.0000000000000000000, -1.000000000000000000 ) ) ;
#3836 = VERTEX_POINT ( 'NONE', #8704 ) ;
#3837 =( NAMED_UNIT ( * ) SI_UNIT ( $, .STERADIAN. ) SOLID_ANGLE_UNIT ( ) );
#3838 = COLOUR_RGB ( '',0.0000000000000000000, 0.7529411764705882248, 0.0000000000000000000 ) ;
#3839 = FACE_OUTER_BOUND ( 'NONE', #1403, .T. ) ;
#3840 = DIRECTION ( 'NONE',  ( -0.0000000000000000000, -1.000000000000000000, -0.0000000000000000000 ) ) ;
#3841 = ORIENTED_EDGE ( 'NONE', *, *, #4592, .F. ) ;
#3842 = DIRECTION ( 'NONE',  ( 0.0000000000000000000, 0.0000000000000000000, -1.000000000000000000 ) ) ;
#3843 = LINE ( 'NONE', #5479, #3515 ) ;
#3844 = CIRCLE ( 'NONE', #1386, 0.01500217240645653274 ) ;
#3845 = EDGE_CURVE ( 'NONE', #5427, #2577, #5449, .T. ) ;
#3846 = DIRECTION ( 'NONE',  ( 0.0000000000000000000, 1.000000000000000000, 0.0000000000000000000 ) ) ;
#3847 = DIRECTION ( 'NONE',  ( 0.0000000000000000000, 0.0000000000000000000, -1.000000000000000000 ) ) ;
#3848 = CARTESIAN_POINT ( 'NONE',  ( 0.3175278962151924511, 0.1000000000000000056, 0.4870999999999998109 ) ) ;
#3849 = DIRECTION ( 'NONE',  ( 1.000000000000000000, 0.0000000000000000000, -0.0000000000000000000 ) ) ;
#3850 = VERTEX_POINT ( 'NONE', #9673 ) ;
#3851 = MECHANICAL_DESIGN_GEOMETRIC_PRESENTATION_REPRESENTATION (  '', ( #2490 ), #4503 ) ;
#3852 =( LENGTH_UNIT ( ) NAMED_UNIT ( * ) SI_UNIT ( .MILLI., .METRE. ) );
#3853 = CARTESIAN_POINT ( 'NONE',  ( -1.097630068621648913, 0.1000000000000000056, -0.4718000000000002192 ) ) ;
#3854 = VECTOR ( 'NONE', #10635, 1000.000000000000000 ) ;
#3855 = ADVANCED_FACE ( 'NONE', ( #10676 ), #1730, .F. ) ;
#3856 = ORIENTED_EDGE ( 'NONE', *, *, #8618, .T. ) ;
#3857 = EDGE_CURVE ( 'NONE', #12178, #11435, #2805, .T. ) ;
#3858 = DIRECTION ( 'NONE',  ( 0.0000000000000000000, 0.0000000000000000000, -1.000000000000000000 ) ) ;
#3859 = DIRECTION ( 'NONE',  ( 1.000000000000000000, 0.0000000000000000000, -0.0000000000000000000 ) ) ;
#3860 = ORIENTED_EDGE ( 'NONE', *, *, #11574, .F. ) ;
#3861 = PRESENTATION_LAYER_ASSIGNMENT (  '', '', ( #3164 ) ) ;
#3862 = DIRECTION ( 'NONE',  ( 0.0000000000000000000, 0.0000000000000000000, -1.000000000000000000 ) ) ;
#3863 = FILL_AREA_STYLE ('',( #2837 ) ) ;
#3864 = ORIENTED_EDGE ( 'NONE', *, *, #2706, .T. ) ;
#3865 = SURFACE_STYLE_FILL_AREA ( #12488 ) ;
#3866 = SURFACE_STYLE_USAGE ( .BOTH. , #9770 ) ;
#3867 = VECTOR ( 'NONE', #6370, 1000.000000000000000 ) ;
#3868 = VERTEX_POINT ( 'NONE', #2784 ) ;
#3869 = DIRECTION ( 'NONE',  ( -1.000000000000000000, -0.0000000000000000000, -0.0000000000000000000 ) ) ;
#3870 = ORIENTED_EDGE ( 'NONE', *, *, #10227, .T. ) ;
#3871 = CARTESIAN_POINT ( 'NONE',  ( 0.3175278962151926176, 0.0000000000000000000, 0.08429782759354324806 ) ) ;
#3872 = ORIENTED_EDGE ( 'NONE', *, *, #10132, .T. ) ;
#3873 = CARTESIAN_POINT ( 'NONE',  ( -1.584125920840706137, 0.09999999999999999167, 0.2113361407954839344 ) ) ;
#3874 = DIRECTION ( 'NONE',  ( 0.0000000000000000000, -1.000000000000000000, 0.0000000000000000000 ) ) ;
#3875 =( GEOMETRIC_REPRESENTATION_CONTEXT ( 3 ) GLOBAL_UNCERTAINTY_ASSIGNED_CONTEXT ( ( #4093 ) ) GLOBAL_UNIT_ASSIGNED_CONTEXT ( ( #819, #7728, #1802 ) ) REPRESENTATION_CONTEXT ( 'NONE', 'WORKASPACE' ) );
#3876 = VECTOR ( 'NONE', #3602, 1000.000000000000000 ) ;
#3877 = PRESENTATION_LAYER_ASSIGNMENT (  '', '', ( #2511 ) ) ;
#3878 = FILL_AREA_STYLE_COLOUR ( '', #12574 ) ;
#3879 = PLANE ( 'NONE',  #12141 ) ;
#3880 = DIRECTION ( 'NONE',  ( 1.000000000000000000, 0.0000000000000000000, 0.0000000000000000000 ) ) ;
#3881 = CARTESIAN_POINT ( 'NONE',  ( 1.600000000000000311, 0.09999999999999999167, 0.5000000000000000000 ) ) ;
#3882 = VERTEX_POINT ( 'NONE', #2738 ) ;
#3883 = CIRCLE ( 'NONE', #3805, 0.01500217240645655876 ) ;
#3884 = VERTEX_POINT ( 'NONE', #832 ) ;
#3885 = ORIENTED_EDGE ( 'NONE', *, *, #3118, .F. ) ;
#3886 = DIRECTION ( 'NONE',  ( -0.0000000000000000000, 0.0000000000000000000, 1.000000000000000000 ) ) ;
#3887 = ADVANCED_FACE ( 'NONE', ( #12692 ), #9712, .F. ) ;
#3888 = CARTESIAN_POINT ( 'NONE',  ( -0.3175278962151925066, 0.0000000000000000000, 0.4800999999999999157 ) ) ;
#3889 = EDGE_CURVE ( 'NONE', #11859, #5896, #11780, .T. ) ;
#3890 = CARTESIAN_POINT ( 'NONE',  ( 1.600000000000000311, 0.5000000000000000000, 0.2990000000000000990 ) ) ;
#3891 = EDGE_CURVE ( 'NONE', #9398, #2828, #6871, .T. ) ;
#3892 = ORIENTED_EDGE ( 'NONE', *, *, #10389, .T. ) ;
#3893 = ORIENTED_EDGE ( 'NONE', *, *, #11706, .T. ) ;
#3894 =( LENGTH_UNIT ( ) NAMED_UNIT ( * ) SI_UNIT ( .MILLI., .METRE. ) );
#3895 = LINE ( 'NONE', #1429, #9141 ) ;
#3896 = ORIENTED_EDGE ( 'NONE', *, *, #3963, .F. ) ;
#3897 = CARTESIAN_POINT ( 'NONE',  ( -1.571800000000000308, 0.5000000000000000000, 0.1016000000000000236 ) ) ;
#3898 = DIRECTION ( 'NONE',  ( -1.000000000000000000, 0.0000000000000000000, -9.098841772336320612E-17 ) ) ;
#3899 = EDGE_CURVE ( 'NONE', #5677, #10077, #1586, .T. ) ;
#3900 = DIRECTION ( 'NONE',  ( 1.000000000000000000, 0.0000000000000000000, 7.592683202195574598E-16 ) ) ;
#3901 = CARTESIAN_POINT ( 'NONE',  ( 1.600000000000000311, 0.0000000000000000000, 0.5000000000000000000 ) ) ;
#3902 = CARTESIAN_POINT ( 'NONE',  ( 1.099400000000000377, 0.09999999999999999167, 0.3025999999999999801 ) ) ;
#3903 = CARTESIAN_POINT ( 'NONE',  ( -1.086202172406457001, 0.1000000000000000056, 0.4717999999999998306 ) ) ;
#3904 = EDGE_LOOP ( 'NONE', ( #1158, #623, #10455, #2618 ) ) ;
#3905 = EDGE_CURVE ( 'NONE', #3882, #4383, #3914, .T. ) ;
#3906 = VECTOR ( 'NONE', #217, 1000.000000000000000 ) ;
#3907 = ORIENTED_EDGE ( 'NONE', *, *, #9308, .T. ) ;
#3908 = PLANE ( 'NONE',  #9097 ) ;
#3909 = CARTESIAN_POINT ( 'NONE',  ( 0.6454278962151924759, 0.1000000000000000056, 0.4826978275935432383 ) ) ;
#3910 =( NAMED_UNIT ( * ) PLANE_ANGLE_UNIT ( ) SI_UNIT ( $, .RADIAN. ) );
#3911 = CARTESIAN_POINT ( 'NONE',  ( -0.7009000000000003006, 0.0000000000000000000, 0.4999999999999997780 ) ) ;
#3912 = FACE_OUTER_BOUND ( 'NONE', #2847, .T. ) ;
#3913 = FACE_OUTER_BOUND ( 'NONE', #6430, .T. ) ;
#3914 = LINE ( 'NONE', #3419, #8863 ) ;
#3915 = ADVANCED_FACE ( 'NONE', ( #9159 ), #6431, .T. ) ;
#3916 =( NAMED_UNIT ( * ) PLANE_ANGLE_UNIT ( ) SI_UNIT ( $, .RADIAN. ) );
#3917 = DIRECTION ( 'NONE',  ( 0.0000000000000000000, -1.000000000000000000, 0.0000000000000000000 ) ) ;
#3918 = CARTESIAN_POINT ( 'NONE',  ( -1.099400000000000377, 0.5000000000000000000, -0.4012999999999999901 ) ) ;
#3919 = ORIENTED_EDGE ( 'NONE', *, *, #11998, .T. ) ;
#3920 = VECTOR ( 'NONE', #12311, 1000.000000000000114 ) ;
#3921 = ORIENTED_EDGE ( 'NONE', *, *, #1483, .F. ) ;
#3922 = CARTESIAN_POINT ( 'NONE',  ( -0.7009000000000000785, 0.0000000000000000000, 0.05229999999999980498 ) ) ;
#3923 =( GEOMETRIC_REPRESENTATION_CONTEXT ( 3 ) GLOBAL_UNCERTAINTY_ASSIGNED_CONTEXT ( ( #1795 ) ) GLOBAL_UNIT_ASSIGNED_CONTEXT ( ( #4474, #11366, #5466 ) ) REPRESENTATION_CONTEXT ( 'NONE', 'WORKASPACE' ) );
#3924 = EDGE_CURVE ( 'NONE', #8145, #3312, #7935, .T. ) ;
#3925 =( GEOMETRIC_REPRESENTATION_CONTEXT ( 3 ) GLOBAL_UNCERTAINTY_ASSIGNED_CONTEXT ( ( #1172 ) ) GLOBAL_UNIT_ASSIGNED_CONTEXT ( ( #8642, #2688, #9606 ) ) REPRESENTATION_CONTEXT ( 'NONE', 'WORKASPACE' ) );
#3926 = ADVANCED_BREP_SHAPE_REPRESENTATION ( '155124M173200', ( #11549, #9269, #8313, #10582, #6998, #4678, #2358, #3540, #95, #4025 ), #9545 ) ;
#3927 = CARTESIAN_POINT ( 'NONE',  ( 1.086202172406457001, 0.0000000000000000000, 0.4567978275935434818 ) ) ;
#3928 = ORIENTED_EDGE ( 'NONE', *, *, #7906, .T. ) ;
#3929 = DIRECTION ( 'NONE',  ( -0.7071067811865474617, -0.0000000000000000000, -0.7071067811865474617 ) ) ;
#3930 = AXIS2_PLACEMENT_3D ( 'NONE', #8052, #2132, #9053 ) ;
#3931 = DIRECTION ( 'NONE',  ( 0.0000000000000000000, -0.0000000000000000000, -1.000000000000000000 ) ) ;
#3932 = VECTOR ( 'NONE', #7266, 1000.000000000000000 ) ;
#3933 = CARTESIAN_POINT ( 'NONE',  ( 1.583302172406456876, 0.1000000000000000056, 0.1963566009016785296 ) ) ;
#3934 = VECTOR ( 'NONE', #10969, 1000.000000000000000 ) ;
#3935 = EDGE_CURVE ( 'NONE', #5291, #112, #2638, .T. ) ;
#3936 = PRODUCT_CONTEXT ( 'NONE', #11782, 'mechanical' ) ;
#3937 = CARTESIAN_POINT ( 'NONE',  ( -0.7009000000000000785, 0.1000000000000000056, 0.05229999999999980498 ) ) ;
#3938 = VERTEX_POINT ( 'NONE', #7455 ) ;
#3939 = CARTESIAN_POINT ( 'NONE',  ( -0.3202257238087360403, 0.1000000000000000056, -0.4849978275935437066 ) ) ;
#3940 = CARTESIAN_POINT ( 'NONE',  ( 1.099400000000000377, 0.5000000000000000000, 0.3025999999999999801 ) ) ;
#3941 = VERTEX_POINT ( 'NONE', #6473 ) ;
#3942 = LINE ( 'NONE', #5213, #1301 ) ;
#3943 = CARTESIAN_POINT ( 'NONE',  ( 1.299900000000000277, 0.0000000000000000000, -0.5000000000000002220 ) ) ;
#3944 = VERTEX_POINT ( 'NONE', #4509 ) ;
#3945 = DIRECTION ( 'NONE',  ( -1.000000000000000000, 0.0000000000000000000, 0.0000000000000000000 ) ) ;
#3946 = VECTOR ( 'NONE', #3945, 1000.000000000000000 ) ;
#3947 =( NAMED_UNIT ( * ) PLANE_ANGLE_UNIT ( ) SI_UNIT ( $, .RADIAN. ) );
#3948 = EDGE_LOOP ( 'NONE', ( #4553, #7369, #9284, #10013, #10724, #9628, #5163, #10497, #3244, #7260 ) ) ;
#3949 = DIRECTION ( 'NONE',  ( 0.0000000000000000000, -1.000000000000000000, 0.0000000000000000000 ) ) ;
#3950 = EDGE_LOOP ( 'NONE', ( #7089, #7128, #2921, #11170 ) ) ;
#3951 = LINE ( 'NONE', #7690, #9193 ) ;
#3952 = STYLED_ITEM ( 'NONE', ( #734 ), #9595 ) ;
#3954 = DIRECTION ( 'NONE',  ( 0.0000000000000000000, 0.0000000000000000000, -1.000000000000000000 ) ) ;
#3953 = CYLINDRICAL_SURFACE ( 'NONE', #851, 0.2890999999999999681 ) ;
#3955 = CIRCLE ( 'NONE', #3684, 0.01500217240645653274 ) ;
#3956 = ORIENTED_EDGE ( 'NONE', *, *, #8445, .T. ) ;
#3957 = AXIS2_PLACEMENT_3D ( 'NONE', #11994, #6095, #158 ) ;
#3958 = CARTESIAN_POINT ( 'NONE',  ( 0.6304257238087360715, 0.1000000000000000056, 0.4826978275935433493 ) ) ;
#3959 = CARTESIAN_POINT ( 'NONE',  ( 1.600000000000000311, 0.09999999999999999167, -0.04990000000000018032 ) ) ;
#3960 = ORIENTED_EDGE ( 'NONE', *, *, #12543, .F. ) ;
#3961 = LINE ( 'NONE', #10774, #3639 ) ;
#3962 = VERTEX_POINT ( 'NONE', #8439 ) ;
#3963 = EDGE_CURVE ( 'NONE', #7861, #11394, #46, .T. ) ;
#3964 = VECTOR ( 'NONE', #12250, 1000.000000000000000 ) ;
#3965 = DIRECTION ( 'NONE',  ( -0.0000000000000000000, 1.000000000000000000, -0.0000000000000000000 ) ) ;
#3966 = EDGE_LOOP ( 'NONE', ( #12455, #1928, #4222, #4091 ) ) ;
#3967 = LINE ( 'NONE', #2382, #8915 ) ;
#3968 = FACE_OUTER_BOUND ( 'NONE', #1251, .T. ) ;
#3969 = VECTOR ( 'NONE', #10035, 1000.000000000000000 ) ;
#3970 = DIRECTION ( 'NONE',  ( 0.7071067811865456854, 0.0000000000000000000, -0.7071067811865493491 ) ) ;
#3971 = DIRECTION ( 'NONE',  ( -0.0000000000000000000, -1.000000000000000000, -0.0000000000000000000 ) ) ;
#3972 =( NAMED_UNIT ( * ) SI_UNIT ( $, .STERADIAN. ) SOLID_ANGLE_UNIT ( ) );
#3973 = DIRECTION ( 'NONE',  ( 0.0000000000000000000, -1.000000000000000000, 0.0000000000000000000 ) ) ;
#3974 = VERTEX_POINT ( 'NONE', #12394 ) ;
#3975 = AXIS2_PLACEMENT_3D ( 'NONE', #4157, #11035, #5148 ) ;
#3976 = EDGE_CURVE ( 'NONE', #9858, #6403, #10201, .T. ) ;
#3977 = VECTOR ( 'NONE', #6392, 1000.000000000000000 ) ;
#3978 = PRESENTATION_LAYER_ASSIGNMENT (  '', '', ( #3277 ) ) ;
#3979 = MECHANICAL_DESIGN_GEOMETRIC_PRESENTATION_REPRESENTATION (  '', ( #1978 ), #4619 ) ;
#3980 = VECTOR ( 'NONE', #7358, 1000.000000000000000 ) ;
#3981 = EDGE_CURVE ( 'NONE', #8874, #8995, #2337, .T. ) ;
#3982 = CARTESIAN_POINT ( 'NONE',  ( 0.3766302143396287327, 0.0000000000000000000, -0.04990000000000016644 ) ) ;
#3983 = DIRECTION ( 'NONE',  ( 0.0000000000000000000, 0.0000000000000000000, -1.000000000000000000 ) ) ;
#3984 = ORIENTED_EDGE ( 'NONE', *, *, #843, .T. ) ;
#3985 = ADVANCED_FACE ( 'NONE', ( #7620 ), #4552, .T. ) ;
#3986 = DIRECTION ( 'NONE',  ( 0.0000000000000000000, -1.000000000000000000, 0.0000000000000000000 ) ) ;
#3987 = CARTESIAN_POINT ( 'NONE',  ( -1.086202172406457001, 0.1000000000000000056, 0.4717999999999998306 ) ) ;
#3988 = ORIENTED_EDGE ( 'NONE', *, *, #10719, .T. ) ;
#3989 = CIRCLE ( 'NONE', #830, 0.3000999999999999779 ) ;
#3990 = EDGE_CURVE ( 'NONE', #1870, #3696, #2791, .T. ) ;
#3991 = LINE ( 'NONE', #10085, #6622 ) ;
#3992 = EDGE_LOOP ( 'NONE', ( #7665, #1883, #4821, #6182, #7142, #3035, #5724, #4911, #4559, #6876, #6734, #6071 ) ) ;
#3993 = SURFACE_STYLE_USAGE ( .BOTH. , #9887 ) ;
#3994 = DIRECTION ( 'NONE',  ( 0.0000000000000000000, 0.0000000000000000000, -1.000000000000000000 ) ) ;
#3995 = EDGE_CURVE ( 'NONE', #1890, #698, #9011, .T. ) ;
#3996 = MECHANICAL_DESIGN_GEOMETRIC_PRESENTATION_REPRESENTATION (  '', ( #1996 ), #4641 ) ;
#3997 = LINE ( 'NONE', #11091, #9237 ) ;
#3998 = VECTOR ( 'NONE', #282, 1000.000000000000000 ) ;
#3999 = PLANE ( 'NONE',  #2192 ) ;
#4000 =( LENGTH_UNIT ( ) NAMED_UNIT ( * ) SI_UNIT ( .MILLI., .METRE. ) );
#4001 = CARTESIAN_POINT ( 'NONE',  ( -0.3325300686216491330, 0.1000000000000000056, -0.1017000000000001098 ) ) ;
#4002 = ORIENTED_EDGE ( 'NONE', *, *, #2222, .F. ) ;
#4003 = COLOUR_RGB ( '',0.9686274509803921573, 0.8784313725490195957, 0.5999999999999999778 ) ;
#4004 = CARTESIAN_POINT ( 'NONE',  ( 1.600000000000000311, 0.0000000000000000000, 0.5000000000000000000 ) ) ;
#4005 = CIRCLE ( 'NONE', #8005, 0.01500217240645653274 ) ;
#4006 = CARTESIAN_POINT ( 'NONE',  ( -1.097630068621648913, 0.1000000000000000056, -0.4718000000000002747 ) ) ;
#4007 = VERTEX_POINT ( 'NONE', #7581 ) ;
#4008 = LINE ( 'NONE', #5888, #1363 ) ;
#4009 =( LENGTH_UNIT ( ) NAMED_UNIT ( * ) SI_UNIT ( .MILLI., .METRE. ) );
#4010 = PLANE ( 'NONE',  #2607 ) ;
#4011 = AXIS2_PLACEMENT_3D ( 'NONE', #6770, #834, #7745 ) ;
#4012 = DIRECTION ( 'NONE',  ( 0.0000000000000000000, 0.0000000000000000000, 1.000000000000000000 ) ) ;
#4013 = ORIENTED_EDGE ( 'NONE', *, *, #4169, .F. ) ;
#4014 = CARTESIAN_POINT ( 'NONE',  ( -0.6454278962151924759, 0.0000000000000000000, 0.1143021724064565564 ) ) ;
#4015 = PLANE ( 'NONE',  #3609 ) ;
#4016 = EDGE_CURVE ( 'NONE', #7427, #10864, #11289, .T. ) ;
#4017 = COLOUR_RGB ( '',0.0000000000000000000, 0.7529411764705882248, 0.0000000000000000000 ) ;
#4018 = ORIENTED_EDGE ( 'NONE', *, *, #9185, .T. ) ;
#4019 = CIRCLE ( 'NONE', #6110, 0.01500217240645655876 ) ;
#4020 = ORIENTED_EDGE ( 'NONE', *, *, #9081, .F. ) ;
#4021 = ORIENTED_EDGE ( 'NONE', *, *, #12594, .F. ) ;
#4022 =( NAMED_UNIT ( * ) PLANE_ANGLE_UNIT ( ) SI_UNIT ( $, .RADIAN. ) );
#4023 = FILL_AREA_STYLE_COLOUR ( '', #9029 ) ;
#4024 = PLANE ( 'NONE',  #2051 ) ;
#4025 = AXIS2_PLACEMENT_3D ( 'NONE', #8828, #2912, #9841 ) ;
#4026 = LINE ( 'NONE', #12195, #1382 ) ;
#4027 = CARTESIAN_POINT ( 'NONE',  ( 1.086202172406457001, 0.0000000000000000000, 0.1016000000000000097 ) ) ;
#4028 = EDGE_CURVE ( 'NONE', #12706, #10507, #3746, .T. ) ;
#4029 =( GEOMETRIC_REPRESENTATION_CONTEXT ( 3 ) GLOBAL_UNCERTAINTY_ASSIGNED_CONTEXT ( ( #9133 ) ) GLOBAL_UNIT_ASSIGNED_CONTEXT ( ( #6243, #305, #7237 ) ) REPRESENTATION_CONTEXT ( 'NONE', 'WORKASPACE' ) );
#4030 = AXIS2_PLACEMENT_3D ( 'NONE', #7763, #1829, #8761 ) ;
#4031 =( LENGTH_UNIT ( ) NAMED_UNIT ( * ) SI_UNIT ( .MILLI., .METRE. ) );
#4032 = PRESENTATION_LAYER_ASSIGNMENT (  '', '', ( #1369 ) ) ;
#4033 = ORIENTED_EDGE ( 'NONE', *, *, #909, .T. ) ;
#4034 = ORIENTED_EDGE ( 'NONE', *, *, #9041, .T. ) ;
#4035 = DIRECTION ( 'NONE',  ( 0.0000000000000000000, 0.0000000000000000000, -1.000000000000000000 ) ) ;
#4036 = SURFACE_STYLE_FILL_AREA ( #4042 ) ;
#4037 = DIRECTION ( 'NONE',  ( 0.0000000000000000000, 0.0000000000000000000, 1.000000000000000000 ) ) ;
#4038 = VECTOR ( 'NONE', #6, 1000.000000000000000 ) ;
#4039 = EDGE_LOOP ( 'NONE', ( #7029, #8408, #1777, #2680 ) ) ;
#4040 = ORIENTED_EDGE ( 'NONE', *, *, #3159, .F. ) ;
#4041 = VECTOR ( 'NONE', #10625, 1000.000000000000000 ) ;
#4042 = FILL_AREA_STYLE ('',( #1072 ) ) ;
#4043 = SURFACE_STYLE_USAGE ( .BOTH. , #9933 ) ;
#4044 = CARTESIAN_POINT ( 'NONE',  ( -0.3325300686216490220, 0.1000000000000000056, -0.08669782759354358048 ) ) ;
#4045 = ORIENTED_EDGE ( 'NONE', *, *, #2067, .T. ) ;
#4046 = EDGE_LOOP ( 'NONE', ( #7407, #10976, #9010, #10141 ) ) ;
#4047 = CARTESIAN_POINT ( 'NONE',  ( 0.4691278962151925191, 0.1000000000000000056, 0.4870999999999999219 ) ) ;
#4048 = MECHANICAL_DESIGN_GEOMETRIC_PRESENTATION_REPRESENTATION (  '', ( #2685 ), #4697 ) ;
#4049 = ADVANCED_FACE ( 'NONE', ( #3414 ), #3649, .F. ) ;
#4050 = VERTEX_POINT ( 'NONE', #1657 ) ;
#4051 = VERTEX_POINT ( 'NONE', #7622 ) ;
#4052 = VECTOR ( 'NONE', #12380, 1000.000000000000000 ) ;
#4053 = AXIS2_PLACEMENT_3D ( 'NONE', #86, #11952, #6059 ) ;
#4054 = ORIENTED_EDGE ( 'NONE', *, *, #12435, .F. ) ;
#4055 = CIRCLE ( 'NONE', #10805, 0.3001000000000000334 ) ;
#4056 = DIRECTION ( 'NONE',  ( 0.0000000000000000000, 1.000000000000000000, 0.0000000000000000000 ) ) ;
#4057 = DIRECTION ( 'NONE',  ( 0.0000000000000000000, 0.0000000000000000000, -1.000000000000000000 ) ) ;
#4058 = CARTESIAN_POINT ( 'NONE',  ( 0.0000000000000000000, 0.1000000000000000056, 0.0000000000000000000 ) ) ;
#4059 = VECTOR ( 'NONE', #10813, 1000.000000000000000 ) ;
#4060 = ORIENTED_EDGE ( 'NONE', *, *, #6093, .F. ) ;
#4061 = FILL_AREA_STYLE_COLOUR ( '', #5910 ) ;
#4062 = DIRECTION ( 'NONE',  ( -1.000000000000000000, 0.0000000000000000000, -0.0000000000000000000 ) ) ;
#4063 = ORIENTED_EDGE ( 'NONE', *, *, #2615, .F. ) ;
#4064 = UNCERTAINTY_MEASURE_WITH_UNIT (LENGTH_MEASURE( 1.000000000000000082E-05 ), #3162, 'distance_accuracy_value', 'NONE');
#4065 = LINE ( 'NONE', #11212, #11614 ) ;
#4066 = ORIENTED_EDGE ( 'NONE', *, *, #8651, .F. ) ;
#4067 = DIRECTION ( 'NONE',  ( 1.000000000000000000, 0.0000000000000000000, -4.179009298818627440E-17 ) ) ;
#4068 = VECTOR ( 'NONE', #5266, 1000.000000000000000 ) ;
#4069 = CARTESIAN_POINT ( 'NONE',  ( 0.1005151071698142246, 0.1000000000000000056, 0.4999999999999997780 ) ) ;
#4070 = PRESENTATION_STYLE_ASSIGNMENT (( #7972 ) ) ;
#4071 =( NAMED_UNIT ( * ) SI_UNIT ( $, .STERADIAN. ) SOLID_ANGLE_UNIT ( ) );
#4072 = EDGE_CURVE ( 'NONE', #3778, #8339, #10973, .T. ) ;
#4073 = AXIS2_PLACEMENT_3D ( 'NONE', #5063, #11950, #6058 ) ;
#4074 = CARTESIAN_POINT ( 'NONE',  ( -0.3766000000000001569, 0.0000000000000000000, 0.05229999999999981886 ) ) ;
#4075 = EDGE_CURVE ( 'NONE', #12538, #2499, #1132, .T. ) ;
#4076 = LINE ( 'NONE', #8934, #1145 ) ;
#4077 = DIRECTION ( 'NONE',  ( -0.0000000000000000000, -1.000000000000000000, -0.0000000000000000000 ) ) ;
#4078 = VERTEX_POINT ( 'NONE', #5678 ) ;
#4079 = VERTEX_POINT ( 'NONE', #6695 ) ;
#4080 = LINE ( 'NONE', #8746, #11306 ) ;
#4081 = PLANE ( 'NONE',  #8630 ) ;
#4082 = VECTOR ( 'NONE', #5018, 1000.000000000000000 ) ;
#4083 = DIRECTION ( 'NONE',  ( -0.0000000000000000000, -1.000000000000000000, -0.0000000000000000000 ) ) ;
#4084 = COLOUR_RGB ( '',0.9686274509803921573, 0.8784313725490195957, 0.5999999999999999778 ) ;
#4085 = CARTESIAN_POINT ( 'NONE',  ( -0.1774300686216492007, 0.1000000000000000056, 0.4976999999999999202 ) ) ;
#4086 = CARTESIAN_POINT ( 'NONE',  ( -1.562027896215192557, 0.1000000000000000056, -0.1167021724064567501 ) ) ;
#4087 = AXIS2_PLACEMENT_3D ( 'NONE', #5920, #12777, #6921 ) ;
#4088 = CARTESIAN_POINT ( 'NONE',  ( -1.103100000000000414, 0.1000000000000000056, 0.4717999999999998306 ) ) ;
#4089 = EDGE_LOOP ( 'NONE', ( #4021, #10018, #7218, #7780 ) ) ;
#4090 = PRESENTATION_STYLE_ASSIGNMENT (( #606 ) ) ;
#4091 = ORIENTED_EDGE ( 'NONE', *, *, #12067, .T. ) ;
#4092 =( NAMED_UNIT ( * ) SI_UNIT ( $, .STERADIAN. ) SOLID_ANGLE_UNIT ( ) );
#4093 = UNCERTAINTY_MEASURE_WITH_UNIT (LENGTH_MEASURE( 1.000000000000000082E-05 ), #819, 'distance_accuracy_value', 'NONE');
#4094 = LINE ( 'NONE', #7031, #9045 ) ;
#4095 = PRESENTATION_LAYER_ASSIGNMENT (  '', '', ( #4759 ) ) ;
#4096 = PRESENTATION_STYLE_ASSIGNMENT (( #1975 ) ) ;
#4097 = EDGE_CURVE ( 'NONE', #1367, #10600, #8365, .T. ) ;
#4098 = UNCERTAINTY_MEASURE_WITH_UNIT (LENGTH_MEASURE( 1.000000000000000082E-05 ), #8153, 'distance_accuracy_value', 'NONE');
#4099 = EDGE_LOOP ( 'NONE', ( #9587, #7338, #2502, #9763 ) ) ;
#4100 =( NAMED_UNIT ( * ) SI_UNIT ( $, .STERADIAN. ) SOLID_ANGLE_UNIT ( ) );
#4101 =( NAMED_UNIT ( * ) PLANE_ANGLE_UNIT ( ) SI_UNIT ( $, .RADIAN. ) );
#4102 = ORIENTED_EDGE ( 'NONE', *, *, #4016, .T. ) ;
#4103 = CARTESIAN_POINT ( 'NONE',  ( -0.6304257238087359605, 0.0000000000000000000, 0.4976999999999999202 ) ) ;
#4104 = PLANE ( 'NONE',  #5487 ) ;
#4105 = VERTEX_POINT ( 'NONE', #7672 ) ;
#4106 = ADVANCED_FACE ( 'NONE', ( #3097 ), #9633, .F. ) ;
#4107 = CIRCLE ( 'NONE', #11632, 0.01500217240645655876 ) ;
#4108 = DIRECTION ( 'NONE',  ( 1.000000000000000000, 0.0000000000000000000, 2.461298915971632658E-15 ) ) ;
#4109 = EDGE_LOOP ( 'NONE', ( #9541, #12196, #3832, #6118 ) ) ;
#4110 = CARTESIAN_POINT ( 'NONE',  ( 1.296184350947589881, 0.0000000000000000000, 0.4868021724064565681 ) ) ;
#4111 = DIRECTION ( 'NONE',  ( 0.0000000000000000000, -1.000000000000000000, 0.0000000000000000000 ) ) ;
#4112 = LINE ( 'NONE', #8536, #9357 ) ;
#4113 =( NAMED_UNIT ( * ) SI_UNIT ( $, .STERADIAN. ) SOLID_ANGLE_UNIT ( ) );
#4114 = ORIENTED_EDGE ( 'NONE', *, *, #9583, .F. ) ;
#4115 = AXIS2_PLACEMENT_3D ( 'NONE', #11286, #7391, #1457 ) ;
#4116 = DIRECTION ( 'NONE',  ( 1.000000000000000000, 0.0000000000000000000, 0.0000000000000000000 ) ) ;
#4117 = CIRCLE ( 'NONE', #12473, 0.01500217240645653274 ) ;
#4118 = AXIS2_PLACEMENT_3D ( 'NONE', #2396, #9322, #3395 ) ;
#4119 = DIRECTION ( 'NONE',  ( -1.000000000000000000, 0.0000000000000000000, 0.0000000000000000000 ) ) ;
#4120 = SURFACE_STYLE_USAGE ( .BOTH. , #10008 ) ;
#4121 =( NAMED_UNIT ( * ) SI_UNIT ( $, .STERADIAN. ) SOLID_ANGLE_UNIT ( ) );
#4122 = AXIS2_PLACEMENT_3D ( 'NONE', #4175, #11050, #5161 ) ;
#4123 = ORIENTED_EDGE ( 'NONE', *, *, #11276, .T. ) ;
#4124 = VERTEX_POINT ( 'NONE', #5720 ) ;
#4125 = CARTESIAN_POINT ( 'NONE',  ( 1.099400000000000377, 0.5000000000000000000, 0.3025999999999999801 ) ) ;
#4126 = COLOUR_RGB ( '',0.9686274509803921573, 0.8784313725490195957, 0.5999999999999999778 ) ;
#4127 =( NAMED_UNIT ( * ) PLANE_ANGLE_UNIT ( ) SI_UNIT ( $, .RADIAN. ) );
#4128 = VERTEX_POINT ( 'NONE', #12605 ) ;
#4129 = DIRECTION ( 'NONE',  ( -0.7071067811865474617, 0.0000000000000000000, -0.7071067811865474617 ) ) ;
#4130 = DIRECTION ( 'NONE',  ( -1.000000000000000000, -0.0000000000000000000, -0.0000000000000000000 ) ) ;
#4131 = EDGE_CURVE ( 'NONE', #8181, #8573, #5424, .T. ) ;
#4132 =( NAMED_UNIT ( * ) SI_UNIT ( $, .STERADIAN. ) SOLID_ANGLE_UNIT ( ) );
#4133 = ORIENTED_EDGE ( 'NONE', *, *, #2330, .T. ) ;
#4134 = LINE ( 'NONE', #5372, #1498 ) ;
#4135 = EDGE_CURVE ( 'NONE', #10057, #4851, #8063, .T. ) ;
#4136 =( GEOMETRIC_REPRESENTATION_CONTEXT ( 3 ) GLOBAL_UNCERTAINTY_ASSIGNED_CONTEXT ( ( #3353 ) ) GLOBAL_UNIT_ASSIGNED_CONTEXT ( ( #5682, #12569, #6702 ) ) REPRESENTATION_CONTEXT ( 'NONE', 'WORKASPACE' ) );
#4137 = EDGE_LOOP ( 'NONE', ( #7721, #4289, #12459, #9875 ) ) ;
#4138 = EDGE_CURVE ( 'NONE', #11699, #8694, #10660, .T. ) ;
#4139 = CARTESIAN_POINT ( 'NONE',  ( 0.3202257238087359292, 0.0000000000000000000, -0.5000000000000002220 ) ) ;
#4140 = VECTOR ( 'NONE', #5322, 1000.000000000000000 ) ;
#4141 = UNCERTAINTY_MEASURE_WITH_UNIT (LENGTH_MEASURE( 1.000000000000000082E-05 ), #10918, 'distance_accuracy_value', 'NONE');
#4142 = SURFACE_SIDE_STYLE ('',( #8155 ) ) ;
#4143 = DIRECTION ( 'NONE',  ( -1.000000000000000000, 0.0000000000000000000, -7.556514767313164730E-17 ) ) ;
#4144 = ORIENTED_EDGE ( 'NONE', *, *, #5619, .T. ) ;
#4145 = FACE_OUTER_BOUND ( 'NONE', #4399, .T. ) ;
#4147 = DIRECTION ( 'NONE',  ( -0.0000000000000000000, 1.000000000000000000, -0.0000000000000000000 ) ) ;
#4146 = PLANE ( 'NONE',  #7681 ) ;
#4148 = EDGE_CURVE ( 'NONE', #2572, #727, #170, .T. ) ;
#4149 =( NAMED_UNIT ( * ) PLANE_ANGLE_UNIT ( ) SI_UNIT ( $, .RADIAN. ) );
#4150 = FACE_OUTER_BOUND ( 'NONE', #9435, .T. ) ;
#4151 = AXIS2_PLACEMENT_3D ( 'NONE', #6538, #1638, #5606 ) ;
#4152 = CARTESIAN_POINT ( 'NONE',  ( 0.7009302143396286544, 0.1000000000000000056, 0.05229999999999977722 ) ) ;
#4153 = EDGE_LOOP ( 'NONE', ( #1020, #8234, #3126, #10034 ) ) ;
#4154 = CIRCLE ( 'NONE', #8223, 0.01500217240645647723 ) ;
#4155 = ORIENTED_EDGE ( 'NONE', *, *, #4841, .T. ) ;
#4156 = CARTESIAN_POINT ( 'NONE',  ( -1.600000000000000311, 0.09999999999999999167, 0.2074000000000001120 ) ) ;
#4157 = CARTESIAN_POINT ( 'NONE',  ( 1.067625723808735883, 0.1000000000000000056, -0.2153021724064567433 ) ) ;
#4158 = EDGE_LOOP ( 'NONE', ( #1837, #12716, #10250, #9582 ) ) ;
#4159 =( NAMED_UNIT ( * ) SI_UNIT ( $, .STERADIAN. ) SOLID_ANGLE_UNIT ( ) );
#4160 = UNCERTAINTY_MEASURE_WITH_UNIT (LENGTH_MEASURE( 1.000000000000000082E-05 ), #9221, 'distance_accuracy_value', 'NONE');
#4161 = ORIENTED_EDGE ( 'NONE', *, *, #6348, .T. ) ;
#4162 = DIRECTION ( 'NONE',  ( 0.0000000000000000000, -1.000000000000000000, 0.0000000000000000000 ) ) ;
#4163 = VECTOR ( 'NONE', #10448, 1000.000000000000000 ) ;
#4164 = ADVANCED_FACE ( 'NONE', ( #5127 ), #9682, .F. ) ;
#4165 = VECTOR ( 'NONE', #1338, 1000.000000000000000 ) ;
#4166 = PRESENTATION_STYLE_ASSIGNMENT (( #1387 ) ) ;
#4167 = DIRECTION ( 'NONE',  ( 0.0000000000000000000, -1.000000000000000000, 0.0000000000000000000 ) ) ;
#4168 = ORIENTED_EDGE ( 'NONE', *, *, #5054, .F. ) ;
#4169 = EDGE_CURVE ( 'NONE', #5814, #12706, #2466, .T. ) ;
#4170 =( NAMED_UNIT ( * ) PLANE_ANGLE_UNIT ( ) SI_UNIT ( $, .RADIAN. ) );
#4171 = COLOUR_RGB ( '',1.000000000000000000, 1.000000000000000000, 1.000000000000000000 ) ;
#4172 = CARTESIAN_POINT ( 'NONE',  ( -1.097630068621648913, 0.1000000000000000056, -0.4718000000000002192 ) ) ;
#4173 = EDGE_LOOP ( 'NONE', ( #5498, #825, #4858, #863 ) ) ;
#4174 = ORIENTED_EDGE ( 'NONE', *, *, #3464, .T. ) ;
#4175 = CARTESIAN_POINT ( 'NONE',  ( 0.3281278962151924494, 0.1000000000000000056, 0.4694999999999998064 ) ) ;
#4176 = EDGE_CURVE ( 'NONE', #2432, #11900, #5755, .T. ) ;
#4177 = LINE ( 'NONE', #4562, #9123 ) ;
#4178 =( NAMED_UNIT ( * ) SI_UNIT ( $, .STERADIAN. ) SOLID_ANGLE_UNIT ( ) );
#4179 = EDGE_CURVE ( 'NONE', #11188, #4883, #12673, .T. ) ;
#4180 = DIRECTION ( 'NONE',  ( 0.0000000000000000000, 0.0000000000000000000, 1.000000000000000000 ) ) ;
#4181 = CARTESIAN_POINT ( 'NONE',  ( -1.547025723808735931, -0.0000000000000000000, -0.1167021724064566529 ) ) ;
#4182 = ORIENTED_EDGE ( 'NONE', *, *, #8358, .T. ) ;
#4183 = ORIENTED_EDGE ( 'NONE', *, *, #3677, .T. ) ;
#4184 = EDGE_CURVE ( 'NONE', #7710, #2165, #10042, .T. ) ;
#4185 = AXIS2_PLACEMENT_3D ( 'NONE', #2246, #3227, #2286 ) ;
#4186 = VERTEX_POINT ( 'NONE', #893 ) ;
#4187 = CYLINDRICAL_SURFACE ( 'NONE', #6636, 0.01500217240645658652 ) ;
#4189 = SURFACE_SIDE_STYLE ('',( #3144 ) ) ;
#4188 = DIRECTION ( 'NONE',  ( 0.0000000000000000000, 0.0000000000000000000, 1.000000000000000000 ) ) ;
#4190 = COLOUR_RGB ( '',0.9686274509803921573, 0.8784313725490195957, 0.5999999999999999778 ) ;
#4191 = AXIS2_PLACEMENT_3D ( 'NONE', #5795, #12669, #6795 ) ;
#4192 = MECHANICAL_DESIGN_GEOMETRIC_PRESENTATION_REPRESENTATION (  '', ( #2845 ), #4856 ) ;
#4193 = CARTESIAN_POINT ( 'NONE',  ( -0.4691278962151925191, 0.1000000000000000056, 0.4870999999999999219 ) ) ;
#4194 = EDGE_CURVE ( 'NONE', #9401, #11288, #4505, .T. ) ;
#4195 = CARTESIAN_POINT ( 'NONE',  ( -0.1774300686216491452, 0.1000000000000000056, -0.4849978275935435956 ) ) ;
#4196 = ORIENTED_EDGE ( 'NONE', *, *, #12073, .T. ) ;
#4197 = VECTOR ( 'NONE', #1911, 1000.000000000000000 ) ;
#4198 = ORIENTED_EDGE ( 'NONE', *, *, #11516, .T. ) ;
#4199 = ORIENTED_EDGE ( 'NONE', *, *, #7011, .T. ) ;
#4200 = DIRECTION ( 'NONE',  ( 0.0000000000000000000, -1.000000000000000000, 0.0000000000000000000 ) ) ;
#4201 = FILL_AREA_STYLE_COLOUR ( '', #8624 ) ;
#4202 = FACE_OUTER_BOUND ( 'NONE', #3067, .T. ) ;
#4203 = LINE ( 'NONE', #7108, #6856 ) ;
#4204 = DIRECTION ( 'NONE',  ( 0.0000000000000000000, 0.0000000000000000000, -1.000000000000000000 ) ) ;
#4205 = AXIS2_PLACEMENT_3D ( 'NONE', #7805, #1876, #8803 ) ;
#4206 = EDGE_CURVE ( 'NONE', #7479, #2617, #12372, .T. ) ;
#4207 = PRESENTATION_LAYER_ASSIGNMENT (  '', '', ( #3543 ) ) ;
#4208 = DIRECTION ( 'NONE',  ( 0.0000000000000000000, 0.0000000000000000000, -1.000000000000000000 ) ) ;
#4209 = ORIENTED_EDGE ( 'NONE', *, *, #11725, .T. ) ;
#4210 = ORIENTED_EDGE ( 'NONE', *, *, #5994, .F. ) ;
#4211 = DIRECTION ( 'NONE',  ( -4.843431639425979442E-16, 0.0000000000000000000, -1.000000000000000000 ) ) ;
#4212 = EDGE_CURVE ( 'NONE', #6966, #6594, #4822, .T. ) ;
#4213 = CARTESIAN_POINT ( 'NONE',  ( -0.4797278962151925175, 0.1000000000000000056, 0.4976999999999999202 ) ) ;
#4214 = VECTOR ( 'NONE', #11854, 1000.000000000000000 ) ;
#4215 = LINE ( 'NONE', #7092, #9158 ) ;
#4216 = VECTOR ( 'NONE', #11738, 1000.000000000000000 ) ;
#4217 =( NAMED_UNIT ( * ) PLANE_ANGLE_UNIT ( ) SI_UNIT ( $, .RADIAN. ) );
#4218 = EDGE_CURVE ( 'NONE', #8836, #2413, #12070, .T. ) ;
#4219 = LINE ( 'NONE', #1660, #12090 ) ;
#4220 = DIRECTION ( 'NONE',  ( -1.000000000000000000, 0.0000000000000000000, 4.179009298818627440E-17 ) ) ;
#4221 = DIRECTION ( 'NONE',  ( 0.0000000000000000000, -1.000000000000000000, 0.0000000000000000000 ) ) ;
#4222 = ORIENTED_EDGE ( 'NONE', *, *, #8390, .F. ) ;
#4223 = EDGE_CURVE ( 'NONE', #12263, #9577, #7150, .T. ) ;
#4224 = DIRECTION ( 'NONE',  ( -0.0000000000000000000, -1.000000000000000000, -0.0000000000000000000 ) ) ;
#4225 = ORIENTED_EDGE ( 'NONE', *, *, #4815, .T. ) ;
#4226 = MECHANICAL_DESIGN_GEOMETRIC_PRESENTATION_REPRESENTATION (  '', ( #1576 ), #4902 ) ;
#4227 = ADVANCED_FACE ( 'NONE', ( #6847 ), #5575, .T. ) ;
#4228 = PRESENTATION_STYLE_ASSIGNMENT (( #744 ) ) ;
#4229 = VECTOR ( 'NONE', #517, 1000.000000000000000 ) ;
#4230 = CARTESIAN_POINT ( 'NONE',  ( 1.299900000000000277, 0.09999999999999999167, 0.5000000000000002220 ) ) ;
#4231 = CARTESIAN_POINT ( 'NONE',  ( -1.311172388391701915, 0.1000000000000000056, 0.4874532564923810818 ) ) ;
#4232 = VERTEX_POINT ( 'NONE', #4948 ) ;
#4233 = CARTESIAN_POINT ( 'NONE',  ( -1.577030068621648962, 0.1000000000000000056, -0.1857361597196679204 ) ) ;
#4235 = FACE_OUTER_BOUND ( 'NONE', #12061, .T. ) ;
#4234 = FILL_AREA_STYLE ('',( #1293 ) ) ;
#4236 = DIRECTION ( 'NONE',  ( 0.0000000000000000000, 0.0000000000000000000, -1.000000000000000000 ) ) ;
#4237 = VECTOR ( 'NONE', #6926, 1000.000000000000114 ) ;
#4238 = STYLED_ITEM ( 'NONE', ( #11760 ), #11392 ) ;
#4239 = ORIENTED_EDGE ( 'NONE', *, *, #8387, .F. ) ;
#4240 = DIRECTION ( 'NONE',  ( -0.0000000000000000000, 0.0000000000000000000, 1.000000000000000000 ) ) ;
#4241 = ORIENTED_EDGE ( 'NONE', *, *, #2664, .F. ) ;
#4242 = STYLED_ITEM ( 'NONE', ( #2206 ), #2655 ) ;
#4243 = CIRCLE ( 'NONE', #974, 0.01500217240645658652 ) ;
#4244 = DIRECTION ( 'NONE',  ( -0.0000000000000000000, 1.000000000000000000, -0.0000000000000000000 ) ) ;
#4245 = EDGE_LOOP ( 'NONE', ( #10536, #8400, #2787, #8364 ) ) ;
#4246 = CARTESIAN_POINT ( 'NONE',  ( 1.099400000000000377, 0.09999999999999999167, -0.3025999999999999801 ) ) ;
#4247 = ORIENTED_EDGE ( 'NONE', *, *, #703, .T. ) ;
#4248 = ORIENTED_EDGE ( 'NONE', *, *, #12470, .F. ) ;
#4249 = VECTOR ( 'NONE', #6667, 1000.000000000000000 ) ;
#4250 = ORIENTED_EDGE ( 'NONE', *, *, #2172, .F. ) ;
#4251 = EDGE_CURVE ( 'NONE', #8091, #12004, #8205, .T. ) ;
#4252 = DIRECTION ( 'NONE',  ( 0.0000000000000000000, 0.0000000000000000000, 1.000000000000000000 ) ) ;
#4253 = CARTESIAN_POINT ( 'NONE',  ( -1.097630068621648913, -0.0000000000000000000, -0.4567978275935437038 ) ) ;
#4254 = ORIENTED_EDGE ( 'NONE', *, *, #9465, .F. ) ;
#4255 = CARTESIAN_POINT ( 'NONE',  ( 1.099400000000000377, 0.09999999999999999167, -0.4012999999999999901 ) ) ;
#4256 = ORIENTED_EDGE ( 'NONE', *, *, #4677, .F. ) ;
#4257 = CARTESIAN_POINT ( 'NONE',  ( -1.599999999999999867, 0.09999999999999999167, 0.5000000000000000000 ) ) ;
#4258 = VECTOR ( 'NONE', #7840, 1000.000000000000000 ) ;
#4259 = FILL_AREA_STYLE_COLOUR ( '', #8631 ) ;
#4260 =( NAMED_UNIT ( * ) PLANE_ANGLE_UNIT ( ) SI_UNIT ( $, .RADIAN. ) );
#4261 = CIRCLE ( 'NONE', #8665, 0.3000999999999999779 ) ;
#4262 = PRESENTATION_LAYER_ASSIGNMENT (  '', '', ( #1606 ) ) ;
#4263 = ORIENTED_EDGE ( 'NONE', *, *, #4976, .F. ) ;
#4264 = EDGE_CURVE ( 'NONE', #4652, #7063, #647, .T. ) ;
#4265 = LINE ( 'NONE', #6306, #9512 ) ;
#4266 = CYLINDRICAL_SURFACE ( 'NONE', #10222, 0.01500217240645653274 ) ;
#4267 = EDGE_CURVE ( 'NONE', #2445, #5907, #3245, .T. ) ;
#4268 = AXIS2_PLACEMENT_3D ( 'NONE', #3520, #10404, #4515 ) ;
#4269 = FACE_OUTER_BOUND ( 'NONE', #12760, .T. ) ;
#4270 = AXIS2_PLACEMENT_3D ( 'NONE', #1335, #8241, #2312 ) ;
#4271 = DIRECTION ( 'NONE',  ( 0.0000000000000000000, -1.000000000000000000, 0.0000000000000000000 ) ) ;
#4272 = AXIS2_PLACEMENT_3D ( 'NONE', #12428, #6545, #615 ) ;
#4273 =( NAMED_UNIT ( * ) SI_UNIT ( $, .STERADIAN. ) SOLID_ANGLE_UNIT ( ) );
#4274 = VERTEX_POINT ( 'NONE', #1026 ) ;
#4275 = CARTESIAN_POINT ( 'NONE',  ( 0.1774300686216490897, 0.0000000000000000000, 0.4976999999999998092 ) ) ;
#4276 = LINE ( 'NONE', #10340, #1644 ) ;
#4277 = DIRECTION ( 'NONE',  ( 0.0000000000000000000, -1.000000000000000000, 0.0000000000000000000 ) ) ;
#4278 = LINE ( 'NONE', #2974, #12145 ) ;
#4279 = CARTESIAN_POINT ( 'NONE',  ( 1.553297827593543845, 0.0000000000000000000, 0.1166021724064565668 ) ) ;
#4280 = VECTOR ( 'NONE', #1667, 1000.000000000000000 ) ;
#4281 =( NAMED_UNIT ( * ) PLANE_ANGLE_UNIT ( ) SI_UNIT ( $, .RADIAN. ) );
#4282 = CARTESIAN_POINT ( 'NONE',  ( 1.285174339670224430, 0.0000000000000000000, -0.4868021724064567901 ) ) ;
#4283 = PRESENTATION_LAYER_ASSIGNMENT (  '', '', ( #2932 ) ) ;
#4284 = SURFACE_SIDE_STYLE ('',( #3138 ) ) ;
#4285 = DIRECTION ( 'NONE',  ( 0.0000000000000000000, 0.0000000000000000000, -1.000000000000000000 ) ) ;
#4286 = PRESENTATION_LAYER_ASSIGNMENT (  '', '', ( #3614 ) ) ;
#4287 = VERTEX_POINT ( 'NONE', #2971 ) ;
#4288 = PRESENTATION_LAYER_ASSIGNMENT (  '', '', ( #3618 ) ) ;
#4289 = ORIENTED_EDGE ( 'NONE', *, *, #669, .F. ) ;
#4290 = CARTESIAN_POINT ( 'NONE',  ( -0.3281278962151925049, 0.0000000000000000000, 0.4694999999999999174 ) ) ;
#4291 = ADVANCED_FACE ( 'NONE', ( #10494 ), #3999, .T. ) ;
#4292 = SURFACE_STYLE_FILL_AREA ( #8190 ) ;
#4293 = DIRECTION ( 'NONE',  ( -0.7071067811865474617, 0.0000000000000000000, -0.7071067811865474617 ) ) ;
#4294 = ORIENTED_EDGE ( 'NONE', *, *, #4936, .F. ) ;
#4295 = DIRECTION ( 'NONE',  ( 1.000000000000000000, -0.0000000000000000000, -0.0000000000000000000 ) ) ;
#4296 = VECTOR ( 'NONE', #6124, 1000.000000000000000 ) ;
#4297 = LINE ( 'NONE', #4779, #6954 ) ;
#4298 = EDGE_CURVE ( 'NONE', #11394, #5574, #5260, .T. ) ;
#4299 = EDGE_CURVE ( 'NONE', #4318, #8028, #31, .T. ) ;
#4300 = CARTESIAN_POINT ( 'NONE',  ( -1.553297827593543845, 0.1000000000000000056, 0.1166021724064561782 ) ) ;
#4301 = AXIS2_PLACEMENT_3D ( 'NONE', #11604, #5699, #12590 ) ;
#4302 = EDGE_LOOP ( 'NONE', ( #3393, #3896, #6846, #10782, #4183, #122, #149, #1963 ) ) ;
#4303 = FACE_OUTER_BOUND ( 'NONE', #3075, .T. ) ;
#4304 = ORIENTED_EDGE ( 'NONE', *, *, #703, .F. ) ;
#4305 = EDGE_CURVE ( 'NONE', #3563, #6492, #2934, .T. ) ;
#4306 = DIRECTION ( 'NONE',  ( 0.0000000000000000000, -0.0000000000000000000, -1.000000000000000000 ) ) ;
#4307 = CARTESIAN_POINT ( 'NONE',  ( -0.3202257238087359292, -0.0000000000000000000, -0.5000000000000002220 ) ) ;
#4308 = CARTESIAN_POINT ( 'NONE',  ( -0.4585278962151925208, 0.1000000000000000056, 0.4694999999999999174 ) ) ;
#4309 = CARTESIAN_POINT ( 'NONE',  ( -1.582400000000000251, 0.09999999999999999167, 0.1968000000000001137 ) ) ;
#4310 = UNCERTAINTY_MEASURE_WITH_UNIT (LENGTH_MEASURE( 1.000000000000000082E-05 ), #5179, 'distance_accuracy_value', 'NONE');
#4311 = SURFACE_STYLE_FILL_AREA ( #10468 ) ;
#4313 = CARTESIAN_POINT ( 'NONE',  ( 0.3069278962151925083, 0.1000000000000000056, 0.4976999999999998092 ) ) ;
#4312 = CARTESIAN_POINT ( 'NONE',  ( 0.4691278962151925191, 0.1000000000000000056, 0.4800999999999998047 ) ) ;
#4314 = ORIENTED_EDGE ( 'NONE', *, *, #8651, .T. ) ;
#4315 = CYLINDRICAL_SURFACE ( 'NONE', #6781, 0.01500217240645655876 ) ;
#4316 = EDGE_LOOP ( 'NONE', ( #7139, #5757, #3315, #5140 ) ) ;
#4317 = AXIS2_PLACEMENT_3D ( 'NONE', #9119, #3174, #10073 ) ;
#4318 = VERTEX_POINT ( 'NONE', #8574 ) ;
#4319 = DIRECTION ( 'NONE',  ( 0.0000000000000000000, 0.0000000000000000000, -1.000000000000000000 ) ) ;
#4320 = SURFACE_SIDE_STYLE ('',( #8494 ) ) ;
#4321 =( NAMED_UNIT ( * ) PLANE_ANGLE_UNIT ( ) SI_UNIT ( $, .RADIAN. ) );
#4322 = LINE ( 'NONE', #10149, #1694 ) ;
#4323 = CARTESIAN_POINT ( 'NONE',  ( 1.316595130599349295, 0.09999999999999999167, -0.4012999999999999901 ) ) ;
#4324 = DIRECTION ( 'NONE',  ( -1.000000000000000000, -0.0000000000000000000, -0.0000000000000000000 ) ) ;
#4325 =( LENGTH_UNIT ( ) NAMED_UNIT ( * ) SI_UNIT ( .MILLI., .METRE. ) );
#4326 = ORIENTED_EDGE ( 'NONE', *, *, #9058, .T. ) ;
#4327 = ORIENTED_EDGE ( 'NONE', *, *, #10345, .F. ) ;
#4328 = CARTESIAN_POINT ( 'NONE',  ( -1.307400000000000118, 0.09999999999999999167, 0.5000000000000000000 ) ) ;
#4329 =( GEOMETRIC_REPRESENTATION_CONTEXT ( 3 ) GLOBAL_UNCERTAINTY_ASSIGNED_CONTEXT ( ( #8643 ) ) GLOBAL_UNIT_ASSIGNED_CONTEXT ( ( #4031, #10908, #5028 ) ) REPRESENTATION_CONTEXT ( 'NONE', 'WORKASPACE' ) );
#4330 = DIRECTION ( 'NONE',  ( -1.000000000000000000, 0.0000000000000000000, -0.0000000000000000000 ) ) ;
#4331 = AXIS2_PLACEMENT_3D ( 'NONE', #953, #7857, #1924 ) ;
#4332 = ORIENTED_EDGE ( 'NONE', *, *, #276, .F. ) ;
#4333 = VECTOR ( 'NONE', #6087, 1000.000000000000000 ) ;
#4334 = UNCERTAINTY_MEASURE_WITH_UNIT (LENGTH_MEASURE( 1.000000000000000082E-05 ), #2747, 'distance_accuracy_value', 'NONE');
#4335 = EDGE_CURVE ( 'NONE', #4890, #12489, #7600, .T. ) ;
#4336 = VERTEX_POINT ( 'NONE', #671 ) ;
#4337 = AXIS2_PLACEMENT_3D ( 'NONE', #632, #2582, #9522 ) ;
#4338 = CARTESIAN_POINT ( 'NONE',  ( -1.086202172406457001, 0.1000000000000000056, 0.4717999999999998306 ) ) ;
#4339 = CARTESIAN_POINT ( 'NONE',  ( -1.600000000000000311, 0.0000000000000000000, 0.2990000000000000990 ) ) ;
#4340 = AXIS2_PLACEMENT_3D ( 'NONE', #10251, #4373, #11259 ) ;
#4341 =( NAMED_UNIT ( * ) PLANE_ANGLE_UNIT ( ) SI_UNIT ( $, .RADIAN. ) );
#4342 = ORIENTED_EDGE ( 'NONE', *, *, #2533, .F. ) ;
#4343 = CARTESIAN_POINT ( 'NONE',  ( -0.6304257238087359605, 0.0000000000000000000, 0.09929999999999991611 ) ) ;
#4344 = EDGE_CURVE ( 'NONE', #5273, #10960, #2320, .T. ) ;
#4345 = ORIENTED_EDGE ( 'NONE', *, *, #239, .T. ) ;
#4346 = ORIENTED_EDGE ( 'NONE', *, *, #6439, .T. ) ;
#4347 = LINE ( 'NONE', #2522, #9000 ) ;
#4348 = ORIENTED_EDGE ( 'NONE', *, *, #1519, .F. ) ;
#4349 = LINE ( 'NONE', #8812, #11598 ) ;
#4350 = DIRECTION ( 'NONE',  ( -0.0000000000000000000, 1.000000000000000000, -0.0000000000000000000 ) ) ;
#4351 = FACE_OUTER_BOUND ( 'NONE', #3462, .T. ) ;
#4352 = ORIENTED_EDGE ( 'NONE', *, *, #3905, .F. ) ;
#4353 =( LENGTH_UNIT ( ) NAMED_UNIT ( * ) SI_UNIT ( .MILLI., .METRE. ) );
#4354 = PLANE ( 'NONE',  #608 ) ;
#4355 = ADVANCED_FACE ( 'NONE', ( #2030 ), #9551, .T. ) ;
#4356 = AXIS2_PLACEMENT_3D ( 'NONE', #11842, #5946, #15 ) ;
#4358 = FILL_AREA_STYLE_COLOUR ( '', #5967 ) ;
#4357 = DIRECTION ( 'NONE',  ( 1.000000000000000000, 0.0000000000000000000, -0.0000000000000000000 ) ) ;
#4359 = ORIENTED_EDGE ( 'NONE', *, *, #9266, .F. ) ;
#4360 = LINE ( 'NONE', #2199, #811 ) ;
#4361 = ORIENTED_EDGE ( 'NONE', *, *, #12225, .F. ) ;
#4362 = ORIENTED_EDGE ( 'NONE', *, *, #5973, .F. ) ;
#4363 = VECTOR ( 'NONE', #11127, 1000.000000000000000 ) ;
#4364 = AXIS2_PLACEMENT_3D ( 'NONE', #7964, #9441, #4476 ) ;
#4365 = FILL_AREA_STYLE_COLOUR ( '', #8565 ) ;
#4366 = LINE ( 'NONE', #6946, #1738 ) ;
#4367 = DIRECTION ( 'NONE',  ( 0.0000000000000000000, -1.000000000000000000, 0.0000000000000000000 ) ) ;
#4368 = DIRECTION ( 'NONE',  ( 0.0000000000000000000, 0.0000000000000000000, -1.000000000000000000 ) ) ;
#4369 = CARTESIAN_POINT ( 'NONE',  ( 0.3325300686216492441, 0.0000000000000000000, 0.09929999999999988836 ) ) ;
#4371 = CARTESIAN_POINT ( 'NONE',  ( -1.296800000000000397, 0.09999999999999999167, 0.4893999999999999462 ) ) ;
#4370 = CIRCLE ( 'NONE', #7523, 0.3001000000000000334 ) ;
#4372 = ORIENTED_EDGE ( 'NONE', *, *, #751, .T. ) ;
#4373 = DIRECTION ( 'NONE',  ( 0.0000000000000000000, -1.000000000000000000, 0.0000000000000000000 ) ) ;
#4374 = ORIENTED_EDGE ( 'NONE', *, *, #12427, .F. ) ;
#4375 = EDGE_CURVE ( 'NONE', #9874, #469, #6373, .T. ) ;
#4376 = VECTOR ( 'NONE', #10595, 1000.000000000000000 ) ;
#4377 = VECTOR ( 'NONE', #6887, 1000.000000000000000 ) ;
#4378 = DIRECTION ( 'NONE',  ( 0.0000000000000000000, -1.000000000000000000, 0.0000000000000000000 ) ) ;
#4379 = AXIS2_PLACEMENT_3D ( 'NONE', #4172, #11049, #5159 ) ;
#4380 = EDGE_CURVE ( 'NONE', #10507, #11357, #3730, .T. ) ;
#4381 = FILL_AREA_STYLE_COLOUR ( '', #7797 ) ;
#4382 = CARTESIAN_POINT ( 'NONE',  ( -1.399000000000000021, 0.09999999999999999167, 0.5000000000000000000 ) ) ;
#4383 = VERTEX_POINT ( 'NONE', #1743 ) ;
#4384 = LINE ( 'NONE', #7476, #9631 ) ;
#4385 = EDGE_LOOP ( 'NONE', ( #11817, #7905, #9782, #378 ) ) ;
#4386 = VERTEX_POINT ( 'NONE', #7673 ) ;
#4387 = EDGE_CURVE ( 'NONE', #11750, #532, #6068, .T. ) ;
#4388 = CARTESIAN_POINT ( 'NONE',  ( 1.285174339670224430, 0.1000000000000000056, -0.4718000000000002747 ) ) ;
#4389 = CARTESIAN_POINT ( 'NONE',  ( -1.589400000000000368, 0.09999999999999999167, 0.1968000000000001137 ) ) ;
#4390 = SURFACE_STYLE_FILL_AREA ( #12081 ) ;
#4391 = DIRECTION ( 'NONE',  ( 1.000000000000000000, 0.0000000000000000000, 0.0000000000000000000 ) ) ;
#4392 = STYLED_ITEM ( 'NONE', ( #3284 ), #6314 ) ;
#4393 = VECTOR ( 'NONE', #4946, 1000.000000000000000 ) ;
#4394 = VECTOR ( 'NONE', #9784, 1000.000000000000000 ) ;
#4395 = SURFACE_STYLE_FILL_AREA ( #5873 ) ;
#4396 = CIRCLE ( 'NONE', #7470, 0.01500217240645653274 ) ;
#4397 = ORIENTED_EDGE ( 'NONE', *, *, #8793, .F. ) ;
#4398 = CYLINDRICAL_SURFACE ( 'NONE', #6333, 0.01500217240645653274 ) ;
#4399 = EDGE_LOOP ( 'NONE', ( #5821, #2766, #937, #9208 ) ) ;
#4400 =( NAMED_UNIT ( * ) SI_UNIT ( $, .STERADIAN. ) SOLID_ANGLE_UNIT ( ) );
#4401 = PRESENTATION_STYLE_ASSIGNMENT (( #4770 ) ) ;
#4402 = DIRECTION ( 'NONE',  ( -0.0000000000000000000, -1.000000000000000000, -0.0000000000000000000 ) ) ;
#4403 = DIRECTION ( 'NONE',  ( 0.0000000000000000000, 0.0000000000000000000, -1.000000000000000000 ) ) ;
#4404 = ADVANCED_FACE ( 'NONE', ( #8686 ), #12663, .F. ) ;
#4405 = ORIENTED_EDGE ( 'NONE', *, *, #11827, .T. ) ;
#4406 =( LENGTH_UNIT ( ) NAMED_UNIT ( * ) SI_UNIT ( .MILLI., .METRE. ) );
#4407 = COLOUR_RGB ( '',0.9686274509803921573, 0.8784313725490195957, 0.5999999999999999778 ) ;
#4408 = MECHANICAL_DESIGN_GEOMETRIC_PRESENTATION_REPRESENTATION (  '', ( #2401 ), #5082 ) ;
#4409 = VECTOR ( 'NONE', #5295, 1000.000000000000000 ) ;
#4410 = CARTESIAN_POINT ( 'NONE',  ( -1.600000000000000311, 0.09999999999999999167, -0.5000000000000000000 ) ) ;
#4411 = EDGE_CURVE ( 'NONE', #8573, #5308, #2457, .T. ) ;
#4412 = ORIENTED_EDGE ( 'NONE', *, *, #9345, .F. ) ;
#4413 = SURFACE_STYLE_FILL_AREA ( #709 ) ;
#4414 = CARTESIAN_POINT ( 'NONE',  ( 0.4585278962151925208, 0.0000000000000000000, 0.4694999999999998064 ) ) ;
#4415 = ADVANCED_FACE ( 'NONE', ( #10319 ), #7760, .T. ) ;
#4416 = CARTESIAN_POINT ( 'NONE',  ( 0.3352278962151925557, 0.0000000000000000000, -0.4849978275935435956 ) ) ;
#4417 = ORIENTED_EDGE ( 'NONE', *, *, #6900, .F. ) ;
#4418 = EDGE_CURVE ( 'NONE', #3440, #8500, #9127, .T. ) ;
#4419 = VECTOR ( 'NONE', #8797, 1000.000000000000000 ) ;
#4420 = DIRECTION ( 'NONE',  ( -0.7071067811865457964, -0.0000000000000000000, 0.7071067811865492381 ) ) ;
#4421 = PLANE ( 'NONE',  #11096 ) ;
#4422 = EDGE_CURVE ( 'NONE', #7691, #6187, #6521, .T. ) ;
#4423 = DIRECTION ( 'NONE',  ( 1.000000000000000000, 0.0000000000000000000, 0.0000000000000000000 ) ) ;
#4424 = VECTOR ( 'NONE', #9648, 1000.000000000000000 ) ;
#4425 = FILL_AREA_STYLE ('',( #9348 ) ) ;
#4426 = LINE ( 'NONE', #4935, #12290 ) ;
#4427 = EDGE_CURVE ( 'NONE', #8152, #799, #3883, .T. ) ;
#4428 = AXIS2_PLACEMENT_3D ( 'NONE', #1564, #12557, #6685 ) ;
#4429 = AXIS2_PLACEMENT_3D ( 'NONE', #4044, #6993, #10921 ) ;
#4430 = ORIENTED_EDGE ( 'NONE', *, *, #10477, .T. ) ;
#4431 = DIRECTION ( 'NONE',  ( -1.000000000000000000, 0.0000000000000000000, -0.0000000000000000000 ) ) ;
#4432 = FILL_AREA_STYLE ('',( #3426 ) ) ;
#4433 = MECHANICAL_DESIGN_GEOMETRIC_PRESENTATION_REPRESENTATION (  '', ( #2424 ), #5103 ) ;
#4434 = AXIS2_PLACEMENT_3D ( 'NONE', #10566, #4680, #11573 ) ;
#4435 = CARTESIAN_POINT ( 'NONE',  ( 0.3202257238087359292, 0.1000000000000000056, -0.5000000000000002220 ) ) ;
#4436 = CARTESIAN_POINT ( 'NONE',  ( 0.3202257238087360403, 0.1000000000000000056, -0.4849978275935437066 ) ) ;
#4437 = SURFACE_STYLE_FILL_AREA ( #6728 ) ;
#4438 = LINE ( 'NONE', #8314, #6778 ) ;
#4439 = DIRECTION ( 'NONE',  ( 0.0000000000000000000, 0.0000000000000000000, -1.000000000000000000 ) ) ;
#4440 = ORIENTED_EDGE ( 'NONE', *, *, #85, .F. ) ;
#4441 = VECTOR ( 'NONE', #4211, 1000.000000000000000 ) ;
#4442 = CARTESIAN_POINT ( 'NONE',  ( 1.600000000000000311, 0.09999999999999999167, 0.5000000000000000000 ) ) ;
#4443 = STYLED_ITEM ( 'NONE', ( #12230 ), #10615 ) ;
#4444 = DIRECTION ( 'NONE',  ( -0.7071067811865474617, -0.0000000000000000000, 0.7071067811865474617 ) ) ;
#4445 = ORIENTED_EDGE ( 'NONE', *, *, #10477, .F. ) ;
#4446 = FILL_AREA_STYLE_COLOUR ( '', #33 ) ;
#4447 = AXIS2_PLACEMENT_3D ( 'NONE', #6350, #407, #7344 ) ;
#4448 = AXIS2_PLACEMENT_3D ( 'NONE', #5819, #12688, #6818 ) ;
#4449 = CARTESIAN_POINT ( 'NONE',  ( 1.099999999999999423, 0.5000000000000000000, 0.5000000000000000000 ) ) ;
#4450 = DIRECTION ( 'NONE',  ( 0.0000000000000000000, -1.000000000000000000, 0.0000000000000000000 ) ) ;
#4451 = LINE ( 'NONE', #12778, #3364 ) ;
#4452 = CIRCLE ( 'NONE', #8227, 0.01500217240645655876 ) ;
#4453 = CARTESIAN_POINT ( 'NONE',  ( -1.286200000000000454, 0.5000000000000000000, 0.4718000000000000527 ) ) ;
#4454 = VECTOR ( 'NONE', #4712, 1000.000000000000000 ) ;
#4455 = ORIENTED_EDGE ( 'NONE', *, *, #9769, .F. ) ;
#4456 = DIRECTION ( 'NONE',  ( 1.000000000000000000, 0.0000000000000000000, 0.0000000000000000000 ) ) ;
#4457 = DIRECTION ( 'NONE',  ( -1.000000000000000000, 0.0000000000000000000, -5.163305667262247253E-16 ) ) ;
#4458 = ORIENTED_EDGE ( 'NONE', *, *, #3506, .T. ) ;
#4459 = EDGE_CURVE ( 'NONE', #3382, #11810, #11749, .T. ) ;
#4460 = FILL_AREA_STYLE_COLOUR ( '', #1594 ) ;
#4462 = EDGE_LOOP ( 'NONE', ( #8846, #11756, #2905, #9128 ) ) ;
#4461 = EDGE_CURVE ( 'NONE', #3640, #8181, #11425, .T. ) ;
#4463 = CYLINDRICAL_SURFACE ( 'NONE', #5925, 0.01500217240645655876 ) ;
#4464 = CARTESIAN_POINT ( 'NONE',  ( -1.600000000000000311, 0.5000000000000000000, -0.2990000000000000990 ) ) ;
#4465 = ADVANCED_FACE ( 'NONE', ( #8835 ), #3908, .T. ) ;
#4466 = STYLED_ITEM ( 'NONE', ( #237 ), #5702 ) ;
#4467 = CIRCLE ( 'NONE', #12671, 0.3000999999999999779 ) ;
#4468 = ORIENTED_EDGE ( 'NONE', *, *, #783, .T. ) ;
#4469 = FACE_OUTER_BOUND ( 'NONE', #4302, .T. ) ;
#4470 = CARTESIAN_POINT ( 'NONE',  ( 1.082627896215192509, 0.1000000000000000056, -0.4567978275935435928 ) ) ;
#4471 = ORIENTED_EDGE ( 'NONE', *, *, #10757, .F. ) ;
#4472 = CARTESIAN_POINT ( 'NONE',  ( -1.577030068621648962, -0.0000000000000000000, -0.1857361597196679204 ) ) ;
#4473 = ORIENTED_EDGE ( 'NONE', *, *, #10513, .T. ) ;
#4474 =( LENGTH_UNIT ( ) NAMED_UNIT ( * ) SI_UNIT ( .MILLI., .METRE. ) );
#4475 = EDGE_LOOP ( 'NONE', ( #4951, #8214, #9253, #9943 ) ) ;
#4476 = DIRECTION ( 'NONE',  ( 0.0000000000000000000, 0.0000000000000000000, -1.000000000000000000 ) ) ;
#4477 = ADVANCED_FACE ( 'NONE', ( #7587 ), #2309, .F. ) ;
#4478 = LINE ( 'NONE', #12623, #2037 ) ;
#4479 = FACE_OUTER_BOUND ( 'NONE', #12779, .T. ) ;
#4480 = DIRECTION ( 'NONE',  ( -0.0000000000000000000, 1.000000000000000000, -0.0000000000000000000 ) ) ;
#4481 = PRESENTATION_LAYER_ASSIGNMENT (  '', '', ( #3834 ) ) ;
#4482 = VECTOR ( 'NONE', #9433, 1000.000000000000000 ) ;
#4483 = DIRECTION ( 'NONE',  ( 0.0000000000000000000, -1.000000000000000000, 0.0000000000000000000 ) ) ;
#4484 = UNCERTAINTY_MEASURE_WITH_UNIT (LENGTH_MEASURE( 1.000000000000000082E-05 ), #11612, 'distance_accuracy_value', 'NONE');
#4485 = SURFACE_SIDE_STYLE ('',( #2527 ) ) ;
#4486 = EDGE_LOOP ( 'NONE', ( #5036, #519, #1848, #1197, #8811 ) ) ;
#4487 = CARTESIAN_POINT ( 'NONE',  ( -0.7009000000000000785, 0.1000000000000000056, 0.05229999999999980498 ) ) ;
#4488 = CARTESIAN_POINT ( 'NONE',  ( -1.067625723808735883, 0.1000000000000000056, -0.2003000000000002001 ) ) ;
#4489 =( NAMED_UNIT ( * ) PLANE_ANGLE_UNIT ( ) SI_UNIT ( $, .RADIAN. ) );
#4490 = ORIENTED_EDGE ( 'NONE', *, *, #9423, .F. ) ;
#4491 = DIRECTION ( 'NONE',  ( 0.0000000000000000000, 0.0000000000000000000, 1.000000000000000000 ) ) ;
#4492 = SURFACE_STYLE_FILL_AREA ( #7699 ) ;
#4493 = EDGE_CURVE ( 'NONE', #6519, #11866, #4969, .T. ) ;
#4494 = EDGE_LOOP ( 'NONE', ( #141, #11011, #3653, #10812, #7372, #458, #2345, #6140, #4144, #708, #3024, #5104, #9681, #7113, #5167, #2689, #2026, #3814, #3481, #1435, #10380, #11660, #12576, #1332, #9417, #8776, #3535, #6895, #7072, #8994, #2148, #5187, #5777, #4544, #3146, #1459, #3536, #11089, #4209 ) ) ;
#4495 = DIRECTION ( 'NONE',  ( -0.0000000000000000000, -1.000000000000000000, -0.0000000000000000000 ) ) ;
#4496 = ADVANCED_FACE ( 'NONE', ( #2604 ), #8981, .F. ) ;
#4497 = SURFACE_STYLE_USAGE ( .BOTH. , #10376 ) ;
#4498 = CARTESIAN_POINT ( 'NONE',  ( 1.600000000000000311, 0.5000000000000000000, 0.5000000000000000000 ) ) ;
#4499 = LINE ( 'NONE', #5454, #9439 ) ;
#4500 = CARTESIAN_POINT ( 'NONE',  ( 0.3202257238087359292, 0.1000000000000000056, -0.5000000000000002220 ) ) ;
#4501 = SURFACE_SIDE_STYLE ('',( #3654 ) ) ;
#4502 = DIRECTION ( 'NONE',  ( -0.0000000000000000000, 1.000000000000000000, -0.0000000000000000000 ) ) ;
#4503 =( GEOMETRIC_REPRESENTATION_CONTEXT ( 3 ) GLOBAL_UNCERTAINTY_ASSIGNED_CONTEXT ( ( #2549 ) ) GLOBAL_UNIT_ASSIGNED_CONTEXT ( ( #2402, #9332, #3404 ) ) REPRESENTATION_CONTEXT ( 'NONE', 'WORKASPACE' ) );
#4504 = VERTEX_POINT ( 'NONE', #6991 ) ;
#4505 = CIRCLE ( 'NONE', #8403, 0.01500217240645650499 ) ;
#4506 = EDGE_CURVE ( 'NONE', #3801, #9480, #11581, .T. ) ;
#4507 = ORIENTED_EDGE ( 'NONE', *, *, #4148, .F. ) ;
#4508 = ORIENTED_EDGE ( 'NONE', *, *, #6690, .T. ) ;
#4509 = CARTESIAN_POINT ( 'NONE',  ( -1.021700000000000275, 0.0000000000000000000, 0.05229999999999980498 ) ) ;
#4510 = DIRECTION ( 'NONE',  ( 4.020095065059161301E-16, 0.0000000000000000000, -1.000000000000000000 ) ) ;
#4511 = MECHANICAL_DESIGN_GEOMETRIC_PRESENTATION_REPRESENTATION (  '', ( #3164 ), #5171 ) ;
#4512 =( LENGTH_UNIT ( ) NAMED_UNIT ( * ) SI_UNIT ( .MILLI., .METRE. ) );
#4513 =( LENGTH_UNIT ( ) NAMED_UNIT ( * ) SI_UNIT ( .MILLI., .METRE. ) );
#4514 = ORIENTED_EDGE ( 'NONE', *, *, #11137, .T. ) ;
#4515 = DIRECTION ( 'NONE',  ( 1.000000000000000000, 0.0000000000000000000, 0.0000000000000000000 ) ) ;
#4516 = VERTEX_POINT ( 'NONE', #3019 ) ;
#4517 = CARTESIAN_POINT ( 'NONE',  ( 1.600030214339628554, 0.1000000000000000056, -0.04990000000000015257 ) ) ;
#4518 = PLANE ( 'NONE',  #6585 ) ;
#4519 = FILL_AREA_STYLE ('',( #10409 ) ) ;
#4520 = DIRECTION ( 'NONE',  ( 0.7071067811865365815, 0.0000000000000000000, -0.7071067811865584529 ) ) ;
#4521 = ORIENTED_EDGE ( 'NONE', *, *, #8852, .T. ) ;
#4522 = LINE ( 'NONE', #5960, #11777 ) ;
#4523 = STYLED_ITEM ( 'NONE', ( #4096 ), #10331 ) ;
#4525 = CARTESIAN_POINT ( 'NONE',  ( 0.3352278962151924446, 0.0000000000000000000, -0.2153021724064569098 ) ) ;
#4524 = CARTESIAN_POINT ( 'NONE',  ( 1.310900000000000176, 0.09999999999999999167, 0.5000000000000002220 ) ) ;
#4526 = MECHANICAL_DESIGN_GEOMETRIC_PRESENTATION_REPRESENTATION (  '', ( #2511 ), #5190 ) ;
#4527 = CARTESIAN_POINT ( 'NONE',  ( -0.6454278962151924759, 0.1000000000000000056, 0.4826978275935432383 ) ) ;
#4528 = AXIS2_PLACEMENT_3D ( 'NONE', #780, #7700, #1766 ) ;
#4529 = CARTESIAN_POINT ( 'NONE',  ( 1.086202172406457001, 0.1000000000000000056, 0.4718000000000000527 ) ) ;
#4530 = ORIENTED_EDGE ( 'NONE', *, *, #4298, .T. ) ;
#4531 = CARTESIAN_POINT ( 'NONE',  ( -0.1004848928301857736, -0.0000000000000000000, -0.4976000000000002643 ) ) ;
#4532 = DIRECTION ( 'NONE',  ( -0.0000000000000000000, 1.000000000000000000, -0.0000000000000000000 ) ) ;
#4533 = VERTEX_POINT ( 'NONE', #9932 ) ;
#4534 = ADVANCED_FACE ( 'NONE', ( #1392 ), #63, .T. ) ;
#4535 = FILL_AREA_STYLE_COLOUR ( '', #11955 ) ;
#4536 = COLOUR_RGB ( '',0.9686274509803921573, 0.8784313725490195957, 0.5999999999999999778 ) ;
#4537 = VECTOR ( 'NONE', #12464, 1000.000000000000000 ) ;
#4538 = PLANE ( 'NONE',  #689 ) ;
#4539 = CARTESIAN_POINT ( 'NONE',  ( -1.086202172406457001, 0.1000000000000000056, 0.4567978275935432597 ) ) ;
#4540 = CARTESIAN_POINT ( 'NONE',  ( 1.600030214339628554, 0.0000000000000000000, -0.04990000000000015257 ) ) ;
#4541 = DIRECTION ( 'NONE',  ( -0.0000000000000000000, 1.000000000000000000, 0.0000000000000000000 ) ) ;
#4542 = CARTESIAN_POINT ( 'NONE',  ( -1.296800000000000397, 0.09999999999999999167, 0.4823999999999999955 ) ) ;
#4543 = UNCERTAINTY_MEASURE_WITH_UNIT (LENGTH_MEASURE( 1.000000000000000082E-05 ), #11661, 'distance_accuracy_value', 'NONE');
#4544 = ORIENTED_EDGE ( 'NONE', *, *, #5958, .T. ) ;
#4545 = EDGE_CURVE ( 'NONE', #6831, #5681, #5399, .T. ) ;
#4546 = CIRCLE ( 'NONE', #12570, 0.01500217240645655876 ) ;
#4547 = EDGE_CURVE ( 'NONE', #10691, #7798, #6673, .T. ) ;
#4548 = AXIS2_PLACEMENT_3D ( 'NONE', #4442, #11335, #5434 ) ;
#4549 = LINE ( 'NONE', #4323, #9795 ) ;
#4550 = VECTOR ( 'NONE', #2550, 1000.000000000000000 ) ;
#4551 = VERTEX_POINT ( 'NONE', #5075 ) ;
#4552 = PLANE ( 'NONE',  #3092 ) ;
#4553 = ORIENTED_EDGE ( 'NONE', *, *, #11454, .F. ) ;
#4554 = LINE ( 'NONE', #3213, #12107 ) ;
#4555 = EDGE_CURVE ( 'NONE', #12563, #5550, #2755, .T. ) ;
#4556 = EDGE_LOOP ( 'NONE', ( #12329, #2536, #3113, #1915 ) ) ;
#4557 = PLANE ( 'NONE',  #8424 ) ;
#4558 = CARTESIAN_POINT ( 'NONE',  ( 0.3766302143396287327, 0.0000000000000000000, 0.05229999999999979110 ) ) ;
#4559 = ORIENTED_EDGE ( 'NONE', *, *, #11083, .F. ) ;
#4560 = VECTOR ( 'NONE', #9720, 1000.000000000000000 ) ;
#4561 = VERTEX_POINT ( 'NONE', #3100 ) ;
#4562 = CARTESIAN_POINT ( 'NONE',  ( -0.3069278962151925083, 0.1000000000000000056, 0.4976999999999999202 ) ) ;
#4563 = LINE ( 'NONE', #3610, #1933 ) ;
#4564 = ADVANCED_FACE ( 'NONE', ( #12656 ), #9050, .F. ) ;
#4565 = FILL_AREA_STYLE_COLOUR ( '', #7831 ) ;
#4566 = EDGE_CURVE ( 'NONE', #319, #10600, #10021, .T. ) ;
#4567 = ORIENTED_EDGE ( 'NONE', *, *, #5813, .T. ) ;
#4568 = DIRECTION ( 'NONE',  ( -0.0000000000000000000, 0.0000000000000000000, 1.000000000000000000 ) ) ;
#4569 = EDGE_LOOP ( 'NONE', ( #6381, #4361, #6077, #7246 ) ) ;
#4570 = DIRECTION ( 'NONE',  ( -1.000000000000000000, -0.0000000000000000000, -0.0000000000000000000 ) ) ;
#4571 = LINE ( 'NONE', #4805, #9815 ) ;
#4572 = DIRECTION ( 'NONE',  ( 0.0000000000000000000, 0.0000000000000000000, -1.000000000000000000 ) ) ;
#4573 = ORIENTED_EDGE ( 'NONE', *, *, #9516, .F. ) ;
#4574 = LINE ( 'NONE', #4837, #9513 ) ;
#4575 = LINE ( 'NONE', #1182, #9212 ) ;
#4576 = PLANE ( 'NONE',  #1495 ) ;
#4577 = ORIENTED_EDGE ( 'NONE', *, *, #6590, .T. ) ;
#4578 = PRESENTATION_STYLE_ASSIGNMENT (( #11939 ) ) ;
#4579 = DIRECTION ( 'NONE',  ( -0.7071067811865456854, 0.0000000000000000000, 0.7071067811865493491 ) ) ;
#4580 = DIRECTION ( 'NONE',  ( 0.0000000000000000000, 0.0000000000000000000, -1.000000000000000000 ) ) ;
#4581 = VECTOR ( 'NONE', #5323, 1000.000000000000000 ) ;
#4582 = STYLED_ITEM ( 'NONE', ( #3538 ), #12113 ) ;
#4583 = SURFACE_SIDE_STYLE ('',( #4311 ) ) ;
#4584 = EDGE_CURVE ( 'NONE', #9986, #10801, #7739, .T. ) ;
#4585 = CIRCLE ( 'NONE', #576, 0.01500217240645653274 ) ;
#4586 = FILL_AREA_STYLE ('',( #3584 ) ) ;
#4587 = FACE_OUTER_BOUND ( 'NONE', #8961, .T. ) ;
#4588 = CARTESIAN_POINT ( 'NONE',  ( 0.3175278962151926176, 0.1000000000000000056, 0.08429782759354324806 ) ) ;
#4589 = AXIS2_PLACEMENT_3D ( 'NONE', #1118, #3058, #9977 ) ;
#4590 = ORIENTED_EDGE ( 'NONE', *, *, #917, .T. ) ;
#4591 = VECTOR ( 'NONE', #4602, 1000.000000000000000 ) ;
#4592 = EDGE_CURVE ( 'NONE', #11403, #1968, #7429, .T. ) ;
#4593 = ORIENTED_EDGE ( 'NONE', *, *, #6348, .F. ) ;
#4594 = CARTESIAN_POINT ( 'NONE',  ( -1.086202172406457001, 0.0000000000000000000, 0.1166021724064562892 ) ) ;
#4595 = DIRECTION ( 'NONE',  ( -3.141067797710766655E-15, 0.0000000000000000000, -1.000000000000000000 ) ) ;
#4596 = VERTEX_POINT ( 'NONE', #3701 ) ;
#4597 = DIRECTION ( 'NONE',  ( 0.0000000000000000000, 0.0000000000000000000, -1.000000000000000000 ) ) ;
#4598 = ADVANCED_FACE ( 'NONE', ( #5110 ), #10578, .T. ) ;
#4599 = CIRCLE ( 'NONE', #8689, 0.2891000000000000791 ) ;
#4600 = AXIS2_PLACEMENT_3D ( 'NONE', #2528, #3547, #10430 ) ;
#4601 = VERTEX_POINT ( 'NONE', #5690 ) ;
#4602 = DIRECTION ( 'NONE',  ( 1.000000000000000000, 0.0000000000000000000, -9.098841772336316914E-17 ) ) ;
#4603 = CARTESIAN_POINT ( 'NONE',  ( -1.589400000000000368, 0.5000000000000000000, 0.1968000000000001137 ) ) ;
#4604 = DIRECTION ( 'NONE',  ( 1.000000000000000000, 0.0000000000000000000, -0.0000000000000000000 ) ) ;
#4605 = EDGE_CURVE ( 'NONE', #8529, #12538, #12345, .T. ) ;
#4606 = EDGE_LOOP ( 'NONE', ( #9936, #212, #8208, #11120 ) ) ;
#4607 = ORIENTED_EDGE ( 'NONE', *, *, #12484, .T. ) ;
#4608 = PRESENTATION_STYLE_ASSIGNMENT (( #5944 ) ) ;
#4609 = VECTOR ( 'NONE', #6793, 1000.000000000000000 ) ;
#4610 = VERTEX_POINT ( 'NONE', #5738 ) ;
#4611 = CARTESIAN_POINT ( 'NONE',  ( -1.568300000000000249, 0.09999999999999999167, 0.1166021724064562892 ) ) ;
#4612 =( NAMED_UNIT ( * ) PLANE_ANGLE_UNIT ( ) SI_UNIT ( $, .RADIAN. ) );
#4613 = VECTOR ( 'NONE', #12577, 1000.000000000000000 ) ;
#4614 = AXIS2_PLACEMENT_3D ( 'NONE', #176, #7112, #1190 ) ;
#4615 = DIRECTION ( 'NONE',  ( 0.0000000000000000000, 0.0000000000000000000, 1.000000000000000000 ) ) ;
#4616 = EDGE_CURVE ( 'NONE', #1565, #2587, #4478, .T. ) ;
#4617 = DIRECTION ( 'NONE',  ( 0.0000000000000000000, 0.0000000000000000000, -1.000000000000000000 ) ) ;
#4618 = MECHANICAL_DESIGN_GEOMETRIC_PRESENTATION_REPRESENTATION (  '', ( #3277 ), #5270 ) ;
#4619 =( GEOMETRIC_REPRESENTATION_CONTEXT ( 3 ) GLOBAL_UNCERTAINTY_ASSIGNED_CONTEXT ( ( #3368 ) ) GLOBAL_UNIT_ASSIGNED_CONTEXT ( ( #38, #6962, #1045 ) ) REPRESENTATION_CONTEXT ( 'NONE', 'WORKASPACE' ) );
#4620 = CARTESIAN_POINT ( 'NONE',  ( 0.3175278962151924511, 0.1000000000000000056, 0.4800999999999998047 ) ) ;
#4621 = LINE ( 'NONE', #12383, #5547 ) ;
#4622 = ADVANCED_FACE ( 'NONE', ( #2159 ), #3752, .T. ) ;
#4623 = ORIENTED_EDGE ( 'NONE', *, *, #2064, .T. ) ;
#4624 = PLANE ( 'NONE',  #10865 ) ;
#4625 = VECTOR ( 'NONE', #12239, 1000.000000000000000 ) ;
#4626 = VERTEX_POINT ( 'NONE', #2764 ) ;
#4627 = DIRECTION ( 'NONE',  ( 0.0000000000000000000, 1.000000000000000000, 0.0000000000000000000 ) ) ;
#4628 = FILL_AREA_STYLE_COLOUR ( '', #7074 ) ;
#4629 = ORIENTED_EDGE ( 'NONE', *, *, #2374, .F. ) ;
#4630 = EDGE_CURVE ( 'NONE', #8037, #9960, #7131, .T. ) ;
#4631 = VECTOR ( 'NONE', #5245, 1000.000000000000000 ) ;
#4632 = DIRECTION ( 'NONE',  ( -0.0000000000000000000, -1.000000000000000000, -0.0000000000000000000 ) ) ;
#4633 = VECTOR ( 'NONE', #7680, 1000.000000000000000 ) ;
#4634 = CARTESIAN_POINT ( 'NONE',  ( 1.600000000000000311, 0.09999999999999999167, 0.5000000000000000000 ) ) ;
#4635 = EDGE_CURVE ( 'NONE', #12211, #12115, #9735, .T. ) ;
#4636 = CARTESIAN_POINT ( 'NONE',  ( 1.097630068621648913, 0.1000000000000000056, -0.4567978275935437038 ) ) ;
#4637 = ORIENTED_EDGE ( 'NONE', *, *, #11957, .F. ) ;
#4638 = ORIENTED_EDGE ( 'NONE', *, *, #1001, .T. ) ;
#4639 = EDGE_CURVE ( 'NONE', #8464, #11182, #9588, .T. ) ;
#4640 = DIRECTION ( 'NONE',  ( -0.0000000000000000000, 1.000000000000000000, -0.0000000000000000000 ) ) ;
#4641 =( GEOMETRIC_REPRESENTATION_CONTEXT ( 3 ) GLOBAL_UNCERTAINTY_ASSIGNED_CONTEXT ( ( #810 ) ) GLOBAL_UNIT_ASSIGNED_CONTEXT ( ( #6944, #1021, #7924 ) ) REPRESENTATION_CONTEXT ( 'NONE', 'WORKASPACE' ) );
#4642 = FILL_AREA_STYLE_COLOUR ( '', #3225 ) ;
#4643 = VERTEX_POINT ( 'NONE', #8770 ) ;
#4644 = LINE ( 'NONE', #3111, #9575 ) ;
#4645 = DIRECTION ( 'NONE',  ( -1.000000000000000000, 0.0000000000000000000, 9.098841772336316914E-17 ) ) ;
#4646 = VERTEX_POINT ( 'NONE', #9742 ) ;
#4647 = SURFACE_SIDE_STYLE ('',( #2259 ) ) ;
#4648 = CARTESIAN_POINT ( 'NONE',  ( -0.3766000000000001569, 0.1000000000000000056, 0.05229999999999981886 ) ) ;
#4649 = SURFACE_STYLE_USAGE ( .BOTH. , #10529 ) ;
#4650 = EDGE_LOOP ( 'NONE', ( #8334, #7536, #7197, #4430 ) ) ;
#4651 = CARTESIAN_POINT ( 'NONE',  ( -1.571800000000000308, 0.09999999999999999167, 0.1016000000000000236 ) ) ;
#4652 = VERTEX_POINT ( 'NONE', #10708 ) ;
#4653 = VECTOR ( 'NONE', #11532, 1000.000000000000000 ) ;
#4654 = VERTEX_POINT ( 'NONE', #4829 ) ;
#4655 = AXIS2_PLACEMENT_3D ( 'NONE', #745, #7654, #1724 ) ;
#4656 = VERTEX_POINT ( 'NONE', #11722 ) ;
#4657 = CARTESIAN_POINT ( 'NONE',  ( 1.082627896215192509, 0.1000000000000000056, -0.2153021724064568543 ) ) ;
#4658 = FILL_AREA_STYLE_COLOUR ( '', #10873 ) ;
#4659 = DIRECTION ( 'NONE',  ( 0.0000000000000000000, 1.000000000000000000, 0.0000000000000000000 ) ) ;
#4660 = DIRECTION ( 'NONE',  ( 0.0000000000000000000, -1.000000000000000000, 0.0000000000000000000 ) ) ;
#4661 = ADVANCED_FACE ( 'NONE', ( #9292 ), #6694, .T. ) ;
#4662 = CARTESIAN_POINT ( 'NONE',  ( -1.600000000000000311, 0.1000000000000000056, 0.2989999999999995439 ) ) ;
#4663 = SURFACE_SIDE_STYLE ('',( #6854 ) ) ;
#4664 = EDGE_CURVE ( 'NONE', #10507, #9808, #4055, .T. ) ;
#4665 = SURFACE_SIDE_STYLE ('',( #2735 ) ) ;
#4666 = ORIENTED_EDGE ( 'NONE', *, *, #8140, .F. ) ;
#4667 = CARTESIAN_POINT ( 'NONE',  ( -0.6304257238087359605, 0.1000000000000000056, 0.4976999999999999202 ) ) ;
#4668 = ORIENTED_EDGE ( 'NONE', *, *, #4179, .F. ) ;
#4669 =( NAMED_UNIT ( * ) SI_UNIT ( $, .STERADIAN. ) SOLID_ANGLE_UNIT ( ) );
#4670 = DIRECTION ( 'NONE',  ( -1.000000000000000000, 0.0000000000000000000, 0.0000000000000000000 ) ) ;
#4671 = CARTESIAN_POINT ( 'NONE',  ( 0.6454278962151925869, 0.1000000000000000056, 0.1143021724064565564 ) ) ;
#4672 = CIRCLE ( 'NONE', #10511, 0.01500217240645655876 ) ;
#4673 = CIRCLE ( 'NONE', #9896, 0.01500217240645653274 ) ;
#4674 = PRESENTATION_STYLE_ASSIGNMENT (( #12440 ) ) ;
#4675 = PRODUCT_DEFINITION ( 'UNKNOWN', '', #5327, #9156 ) ;
#4676 = CARTESIAN_POINT ( 'NONE',  ( -1.599999999999999867, 0.5000000000000000000, 0.5000000000000000000 ) ) ;
#4677 = EDGE_CURVE ( 'NONE', #12035, #7902, #4349, .T. ) ;
#4678 = MANIFOLD_SOLID_BREP ( 'Combine3', #10158 ) ;
#4679 = AXIS2_PLACEMENT_3D ( 'NONE', #1792, #8718, #2753 ) ;
#4680 = DIRECTION ( 'NONE',  ( -0.0000000000000000000, 1.000000000000000000, -0.0000000000000000000 ) ) ;
#4681 = LINE ( 'NONE', #6820, #2054 ) ;
#4682 = STYLED_ITEM ( 'NONE', ( #9485 ), #6588 ) ;
#4683 = DIRECTION ( 'NONE',  ( -0.0000000000000000000, 0.0000000000000000000, 1.000000000000000000 ) ) ;
#4684 = MECHANICAL_DESIGN_GEOMETRIC_PRESENTATION_REPRESENTATION (  '', ( #1369 ), #5335 ) ;
#4685 = VERTEX_POINT ( 'NONE', #5877 ) ;
#4686 = UNCERTAINTY_MEASURE_WITH_UNIT (LENGTH_MEASURE( 1.000000000000000082E-05 ), #3095, 'distance_accuracy_value', 'NONE');
#4687 = SURFACE_SIDE_STYLE ('',( #11215 ) ) ;
#4688 = SURFACE_STYLE_FILL_AREA ( #6558 ) ;
#4689 = ORIENTED_EDGE ( 'NONE', *, *, #2859, .T. ) ;
#4690 = LINE ( 'NONE', #9624, #4376 ) ;
#4691 = LINE ( 'NONE', #9788, #9616 ) ;
#4692 = DIRECTION ( 'NONE',  ( 0.0000000000000000000, -0.0000000000000000000, -1.000000000000000000 ) ) ;
#4693 = ADVANCED_FACE ( 'NONE', ( #1716 ), #906, .F. ) ;
#4694 = PLANE ( 'NONE',  #7529 ) ;
#4695 = CARTESIAN_POINT ( 'NONE',  ( 1.553297827593543845, 0.0000000000000000000, 0.1166021724064565668 ) ) ;
#4696 = EDGE_LOOP ( 'NONE', ( #2876, #11546, #11273, #4781 ) ) ;
#4697 =( GEOMETRIC_REPRESENTATION_CONTEXT ( 3 ) GLOBAL_UNCERTAINTY_ASSIGNED_CONTEXT ( ( #5094 ) ) GLOBAL_UNIT_ASSIGNED_CONTEXT ( ( #10218, #4341, #11231 ) ) REPRESENTATION_CONTEXT ( 'NONE', 'WORKASPACE' ) );
#4698 = EDGE_LOOP ( 'NONE', ( #2507, #7919, #646, #4623 ) ) ;
#4699 = FACE_OUTER_BOUND ( 'NONE', #9847, .T. ) ;
#4700 = DIRECTION ( 'NONE',  ( -0.0000000000000000000, 1.000000000000000000, -0.0000000000000000000 ) ) ;
#4701 = PRESENTATION_STYLE_ASSIGNMENT (( #8679 ) ) ;
#4702 = ORIENTED_EDGE ( 'NONE', *, *, #1027, .F. ) ;
#4703 = PRESENTATION_LAYER_ASSIGNMENT (  '', '', ( #3361 ) ) ;
#4704 = ORIENTED_EDGE ( 'NONE', *, *, #4885, .T. ) ;
#4705 = CARTESIAN_POINT ( 'NONE',  ( 1.086202172406457001, 0.1000000000000000056, 0.1016000000000000236 ) ) ;
#4706 = CARTESIAN_POINT ( 'NONE',  ( 1.301149308948498007, 0.1000000000000000056, 0.4726453942079300585 ) ) ;
#4707 = DIRECTION ( 'NONE',  ( 0.7071067811865475727, 0.0000000000000000000, 0.7071067811865475727 ) ) ;
#4708 = CARTESIAN_POINT ( 'NONE',  ( 0.1624278962151925743, 0.1000000000000000056, 0.4826978275935431273 ) ) ;
#4709 = CARTESIAN_POINT ( 'NONE',  ( 1.296184350947589881, 0.1000000000000000056, 0.4718000000000000527 ) ) ;
#4710 = VECTOR ( 'NONE', #8041, 1000.000000000000000 ) ;
#4711 = FACE_OUTER_BOUND ( 'NONE', #6596, .T. ) ;
#4712 = DIRECTION ( 'NONE',  ( -0.0000000000000000000, -1.000000000000000000, -0.0000000000000000000 ) ) ;
#4713 = CIRCLE ( 'NONE', #12237, 0.01500217240645647723 ) ;
#4714 = SURFACE_STYLE_USAGE ( .BOTH. , #10594 ) ;
#4715 = VECTOR ( 'NONE', #12197, 1000.000000000000114 ) ;
#4716 = VERTEX_POINT ( 'NONE', #6924 ) ;
#4717 = DIRECTION ( 'NONE',  ( -0.7071067811865474617, -0.0000000000000000000, 0.7071067811865474617 ) ) ;
#4718 = UNCERTAINTY_MEASURE_WITH_UNIT (LENGTH_MEASURE( 1.000000000000000082E-05 ), #12633, 'distance_accuracy_value', 'NONE');
#4719 = ORIENTED_EDGE ( 'NONE', *, *, #310, .T. ) ;
#4720 = DIRECTION ( 'NONE',  ( 0.0000000000000000000, -1.000000000000000000, 0.0000000000000000000 ) ) ;
#4721 = VERTEX_POINT ( 'NONE', #5923 ) ;
#4722 = CARTESIAN_POINT ( 'NONE',  ( 0.3352278962151924446, 0.1000000000000000056, -0.2153021724064569098 ) ) ;
#4723 = COLOUR_RGB ( '',0.9686274509803921573, 0.8784313725490195957, 0.5999999999999999778 ) ;
#4724 = EDGE_CURVE ( 'NONE', #2930, #3938, #9002, .T. ) ;
#4725 = EDGE_LOOP ( 'NONE', ( #9054, #5930, #9282, #7603, #5306, #3130, #10338, #3096 ) ) ;
#4726 = AXIS2_PLACEMENT_3D ( 'NONE', #11912, #6021, #82 ) ;
#4727 =( LENGTH_UNIT ( ) NAMED_UNIT ( * ) SI_UNIT ( .MILLI., .METRE. ) );
#4728 = SURFACE_STYLE_FILL_AREA ( #12514 ) ;
#4729 = FACE_OUTER_BOUND ( 'NONE', #3904, .T. ) ;
#4730 = FACE_OUTER_BOUND ( 'NONE', #3409, .T. ) ;
#4731 = EDGE_CURVE ( 'NONE', #9280, #10699, #10650, .T. ) ;
#4732 = FILL_AREA_STYLE_COLOUR ( '', #1120 ) ;
#4733 = ORIENTED_EDGE ( 'NONE', *, *, #3456, .F. ) ;
#4734 = LINE ( 'NONE', #11472, #1790 ) ;
#4735 = CARTESIAN_POINT ( 'NONE',  ( -1.071200000000000374, 0.0000000000000000000, 0.4567978275935431487 ) ) ;
#4736 = FILL_AREA_STYLE ('',( #1747 ) ) ;
#4737 = ADVANCED_FACE ( 'NONE', ( #163 ), #4187, .T. ) ;
#4738 = VERTEX_POINT ( 'NONE', #2985 ) ;
#4739 = CARTESIAN_POINT ( 'NONE',  ( 0.3766302143396287327, 0.1000000000000000056, 0.05229999999999979110 ) ) ;
#4740 = LINE ( 'NONE', #7795, #4419 ) ;
#4741 = DIRECTION ( 'NONE',  ( 1.000000000000000000, 0.0000000000000000000, 0.0000000000000000000 ) ) ;
#4742 = STYLED_ITEM ( 'NONE', ( #3137 ), #2460 ) ;
#4743 = CARTESIAN_POINT ( 'NONE',  ( -1.600000000000000311, 0.1000000000000000056, 0.2108999999999995878 ) ) ;
#4744 = CARTESIAN_POINT ( 'NONE',  ( -1.600000000000000311, 0.1000000000000000056, -0.5000000000000000000 ) ) ;
#4745 = LINE ( 'NONE', #3796, #4424 ) ;
#4746 = CARTESIAN_POINT ( 'NONE',  ( -0.1774300686216490897, 0.1000000000000000056, 0.4826978275935433493 ) ) ;
#4747 = LINE ( 'NONE', #9, #12002 ) ;
#4748 = ORIENTED_EDGE ( 'NONE', *, *, #11949, .F. ) ;
#4749 = VECTOR ( 'NONE', #5725, 1000.000000000000000 ) ;
#4750 = CARTESIAN_POINT ( 'NONE',  ( 1.577030068621648740, 0.0000000000000000000, -0.1857361597196678926 ) ) ;
#4751 = LINE ( 'NONE', #1432, #5839 ) ;
#4752 = SURFACE_SIDE_STYLE ('',( #12255 ) ) ;
#4753 = VERTEX_POINT ( 'NONE', #4014 ) ;
#4754 = PLANE ( 'NONE',  #11807 ) ;
#4755 = FILL_AREA_STYLE ('',( #2730 ) ) ;
#4756 = CARTESIAN_POINT ( 'NONE',  ( 0.1774300686216492007, 0.1000000000000000056, -0.5000000000000002220 ) ) ;
#4757 = PLANE ( 'NONE',  #3521 ) ;
#4758 = VECTOR ( 'NONE', #6684, 1000.000000000000000 ) ;
#4759 = STYLED_ITEM ( 'NONE', ( #9242 ), #12384 ) ;
#4760 = DIRECTION ( 'NONE',  ( 0.0000000000000000000, -1.000000000000000000, 0.0000000000000000000 ) ) ;
#4761 = ADVANCED_FACE ( 'NONE', ( #1557 ), #5006, .T. ) ;
#4762 = EDGE_CURVE ( 'NONE', #3073, #2445, #3235, .T. ) ;
#4763 = AXIS2_PLACEMENT_3D ( 'NONE', #9713, #3815, #10681 ) ;
#4764 = CARTESIAN_POINT ( 'NONE',  ( 0.6454278962151925869, 0.1000000000000000056, 0.1143021724064565564 ) ) ;
#4765 =( NAMED_UNIT ( * ) SI_UNIT ( $, .STERADIAN. ) SOLID_ANGLE_UNIT ( ) );
#4766 = VERTEX_POINT ( 'NONE', #10928 ) ;
#4767 = LINE ( 'NONE', #3192, #4441 ) ;
#4768 = VECTOR ( 'NONE', #9899, 1000.000000000000114 ) ;
#4769 = AXIS2_PLACEMENT_3D ( 'NONE', #2504, #9442, #3525 ) ;
#4770 = SURFACE_STYLE_USAGE ( .BOTH. , #10642 ) ;
#4771 = ORIENTED_EDGE ( 'NONE', *, *, #1331, .F. ) ;
#4772 = VECTOR ( 'NONE', #11451, 1000.000000000000000 ) ;
#4773 = CARTESIAN_POINT ( 'NONE',  ( -0.4585278962151925208, 0.0000000000000000000, 0.4694999999999999174 ) ) ;
#4774 = CARTESIAN_POINT ( 'NONE',  ( 1.547025723808735931, 0.0000000000000000000, -0.1167021724064566529 ) ) ;
#4775 = ORIENTED_EDGE ( 'NONE', *, *, #11701, .F. ) ;
#4776 = DIRECTION ( 'NONE',  ( 0.0000000000000000000, 0.0000000000000000000, -1.000000000000000000 ) ) ;
#4777 = DIRECTION ( 'NONE',  ( 0.0000000000000000000, 0.0000000000000000000, 1.000000000000000000 ) ) ;
#4778 =( LENGTH_UNIT ( ) NAMED_UNIT ( * ) SI_UNIT ( .MILLI., .METRE. ) );
#4779 = CARTESIAN_POINT ( 'NONE',  ( 1.099400000000000377, 0.09999999999999999167, -0.4012999999999999901 ) ) ;
#4780 = AXIS2_PLACEMENT_3D ( 'NONE', #7431, #1499, #8412 ) ;
#4781 = ORIENTED_EDGE ( 'NONE', *, *, #6127, .T. ) ;
#4782 = AXIS2_PLACEMENT_3D ( 'NONE', #7310, #1380, #8290 ) ;
#4783 = CARTESIAN_POINT ( 'NONE',  ( -1.285174339670224430, 0.1000000000000000056, -0.4718000000000002192 ) ) ;
#4784 = EDGE_LOOP ( 'NONE', ( #1227, #1923, #4733, #6686, #7419, #8129, #3431, #7487, #3465, #4397, #5646 ) ) ;
#4785 = STYLED_ITEM ( 'NONE', ( #3674 ), #326 ) ;
#4786 = ORIENTED_EDGE ( 'NONE', *, *, #4934, .T. ) ;
#4787 = FACE_OUTER_BOUND ( 'NONE', #11079, .T. ) ;
#4788 = PLANE ( 'NONE',  #9873 ) ;
#4789 = ORIENTED_EDGE ( 'NONE', *, *, #1695, .F. ) ;
#4790 = EDGE_LOOP ( 'NONE', ( #5367, #9505, #8808, #2709 ) ) ;
#4791 = VERTEX_POINT ( 'NONE', #115 ) ;
#4792 = CARTESIAN_POINT ( 'NONE',  ( -0.3325300686216491330, -0.0000000000000000000, -0.1017000000000001098 ) ) ;
#4793 = ADVANCED_FACE ( 'NONE', ( #635 ), #7285, .F. ) ;
#4794 = EDGE_CURVE ( 'NONE', #4079, #4007, #2311, .T. ) ;
#4795 = VECTOR ( 'NONE', #12010, 1000.000000000000000 ) ;
#4796 = PLANE ( 'NONE',  #8375 ) ;
#4797 = EDGE_CURVE ( 'NONE', #1759, #5291, #9893, .T. ) ;
#4798 = VECTOR ( 'NONE', #9996, 1000.000000000000000 ) ;
#4799 = STYLED_ITEM ( 'NONE', ( #9683 ), #5081 ) ;
#4800 = CARTESIAN_POINT ( 'NONE',  ( 1.299900000000000277, 0.5000000000000000000, -0.5000000000000002220 ) ) ;
#4801 = FILL_AREA_STYLE ('',( #10680 ) ) ;
#4802 = PLANE ( 'NONE',  #8744 ) ;
#4803 = VECTOR ( 'NONE', #2501, 1000.000000000000000 ) ;
#4804 = DIRECTION ( 'NONE',  ( 1.000000000000000000, 0.0000000000000000000, 0.0000000000000000000 ) ) ;
#4805 = CARTESIAN_POINT ( 'NONE',  ( -0.3766000000000001569, 0.0000000000000000000, 0.05229999999999981886 ) ) ;
#4806 = EDGE_CURVE ( 'NONE', #3763, #865, #4644, .T. ) ;
#4807 = UNCERTAINTY_MEASURE_WITH_UNIT (LENGTH_MEASURE( 1.000000000000000082E-05 ), #10202, 'distance_accuracy_value', 'NONE');
#4808 = CARTESIAN_POINT ( 'NONE',  ( -1.285174339670224430, 0.1000000000000000056, -0.4718000000000002192 ) ) ;
#4809 = ORIENTED_EDGE ( 'NONE', *, *, #2299, .F. ) ;
#4810 = DIRECTION ( 'NONE',  ( 0.0000000000000000000, 0.0000000000000000000, -1.000000000000000000 ) ) ;
#4811 = CARTESIAN_POINT ( 'NONE',  ( 1.373961839504919347, 0.09999999999999999167, -0.3026000000000000911 ) ) ;
#4812 = ORIENTED_EDGE ( 'NONE', *, *, #3685, .T. ) ;
#4813 = CIRCLE ( 'NONE', #6009, 0.3000999999999999779 ) ;
#4814 = ORIENTED_EDGE ( 'NONE', *, *, #1327, .F. ) ;
#4815 = EDGE_CURVE ( 'NONE', #10585, #2127, #10806, .T. ) ;
#4816 =( NAMED_UNIT ( * ) SI_UNIT ( $, .STERADIAN. ) SOLID_ANGLE_UNIT ( ) );
#4817 = DIRECTION ( 'NONE',  ( -0.0000000000000000000, -1.000000000000000000, -0.0000000000000000000 ) ) ;
#4818 = DIRECTION ( 'NONE',  ( -0.0000000000000000000, -1.000000000000000000, -0.0000000000000000000 ) ) ;
#4819 = PRESENTATION_LAYER_ASSIGNMENT (  '', '', ( #3479 ) ) ;
#4820 = ADVANCED_FACE ( 'NONE', ( #11907 ), #12021, .T. ) ;
#4821 = ORIENTED_EDGE ( 'NONE', *, *, #9734, .T. ) ;
#4822 = LINE ( 'NONE', #10740, #9446 ) ;
#4823 = ORIENTED_EDGE ( 'NONE', *, *, #10544, .F. ) ;
#4824 = SURFACE_STYLE_FILL_AREA ( #1385 ) ;
#4825 = VERTEX_POINT ( 'NONE', #232 ) ;
#4826 = CARTESIAN_POINT ( 'NONE',  ( -1.086202172406457001, 0.1000000000000000056, 0.1015999999999997599 ) ) ;
#4827 = CARTESIAN_POINT ( 'NONE',  ( -0.3325300686216491330, -0.0000000000000000000, -0.1017000000000001098 ) ) ;
#4828 = PLANE ( 'NONE',  #5014 ) ;
#4829 = CARTESIAN_POINT ( 'NONE',  ( 1.547025723808735931, 0.1000000000000000056, -0.1017000000000001098 ) ) ;
#4830 = AXIS2_PLACEMENT_3D ( 'NONE', #5173, #12075, #6174 ) ;
#4831 = EDGE_CURVE ( 'NONE', #7044, #4186, #9991, .T. ) ;
#4832 = DIRECTION ( 'NONE',  ( 3.141067797710766260E-15, -0.0000000000000000000, 1.000000000000000000 ) ) ;
#4833 = VECTOR ( 'NONE', #8046, 1000.000000000000000 ) ;
#4834 = ORIENTED_EDGE ( 'NONE', *, *, #1980, .T. ) ;
#4835 = ORIENTED_EDGE ( 'NONE', *, *, #12124, .F. ) ;
#4836 = DIRECTION ( 'NONE',  ( 0.0000000000000000000, -0.0000000000000000000, -1.000000000000000000 ) ) ;
#4837 = CARTESIAN_POINT ( 'NONE',  ( 0.3281278962151924494, 0.1000000000000000056, 0.4694999999999998064 ) ) ;
#4838 = ORIENTED_EDGE ( 'NONE', *, *, #6218, .T. ) ;
#4839 = DIRECTION ( 'NONE',  ( -0.0000000000000000000, -1.000000000000000000, -0.0000000000000000000 ) ) ;
#4840 =( NAMED_UNIT ( * ) SI_UNIT ( $, .STERADIAN. ) SOLID_ANGLE_UNIT ( ) );
#4841 = EDGE_CURVE ( 'NONE', #11357, #12414, #2128, .T. ) ;
#4842 = CARTESIAN_POINT ( 'NONE',  ( -0.4585278962151925208, 0.1000000000000000056, 0.4694999999999999174 ) ) ;
#4843 = PLANE ( 'NONE',  #7318 ) ;
#4844 = CARTESIAN_POINT ( 'NONE',  ( -0.1774300686216492284, 0.1000000000000000056, -0.5000000000000001110 ) ) ;
#4845 = EDGE_CURVE ( 'NONE', #1117, #11815, #4767, .T. ) ;
#4846 = CARTESIAN_POINT ( 'NONE',  ( -1.600000000000000311, 0.5000000000000000000, 0.2074000000000001120 ) ) ;
#4847 = SURFACE_STYLE_USAGE ( .BOTH. , #10736 ) ;
#4848 = ORIENTED_EDGE ( 'NONE', *, *, #11910, .F. ) ;
#4849 = LINE ( 'NONE', #3501, #7175 ) ;
#4850 =( NAMED_UNIT ( * ) PLANE_ANGLE_UNIT ( ) SI_UNIT ( $, .RADIAN. ) );
#4851 = VERTEX_POINT ( 'NONE', #10100 ) ;
#4852 = EDGE_CURVE ( 'NONE', #618, #4533, #12014, .T. ) ;
#4853 = PRESENTATION_LAYER_ASSIGNMENT (  '', '', ( #2841 ) ) ;
#4854 = CARTESIAN_POINT ( 'NONE',  ( -0.6304257238087360715, 0.1000000000000000056, 0.1143021724064564593 ) ) ;
#4855 = DIRECTION ( 'NONE',  ( 0.0000000000000000000, 0.0000000000000000000, -1.000000000000000000 ) ) ;
#4856 =( GEOMETRIC_REPRESENTATION_CONTEXT ( 3 ) GLOBAL_UNCERTAINTY_ASSIGNED_CONTEXT ( ( #6660 ) ) GLOBAL_UNIT_ASSIGNED_CONTEXT ( ( #1697, #8625, #2670 ) ) REPRESENTATION_CONTEXT ( 'NONE', 'WORKASPACE' ) );
#4857 = DIRECTION ( 'NONE',  ( 0.0000000000000000000, 1.000000000000000000, 0.0000000000000000000 ) ) ;
#4858 = ORIENTED_EDGE ( 'NONE', *, *, #9064, .T. ) ;
#4859 = ADVANCED_FACE ( 'NONE', ( #1817 ), #7204, .F. ) ;
#4860 = EDGE_CURVE ( 'NONE', #4883, #3563, #9694, .T. ) ;
#4861 = UNCERTAINTY_MEASURE_WITH_UNIT (LENGTH_MEASURE( 1.000000000000000082E-05 ), #2481, 'distance_accuracy_value', 'NONE');
#4862 = EDGE_LOOP ( 'NONE', ( #7475, #716, #11875, #11594 ) ) ;
#4863 = SURFACE_STYLE_FILL_AREA ( #8020 ) ;
#4864 = FACE_OUTER_BOUND ( 'NONE', #5996, .T. ) ;
#4865 = VERTEX_POINT ( 'NONE', #10137 ) ;
#4866 = DIRECTION ( 'NONE',  ( -0.0000000000000000000, 1.000000000000000000, -0.0000000000000000000 ) ) ;
#4867 = DIRECTION ( 'NONE',  ( 0.0000000000000000000, -0.0000000000000000000, 1.000000000000000000 ) ) ;
#4868 = VERTEX_POINT ( 'NONE', #3240 ) ;
#4869 = CARTESIAN_POINT ( 'NONE',  ( -1.547025723808735931, 0.0000000000000000000, -0.1017000000000000820 ) ) ;
#4870 = DIRECTION ( 'NONE',  ( 0.0000000000000000000, 0.0000000000000000000, -1.000000000000000000 ) ) ;
#4871 = EDGE_LOOP ( 'NONE', ( #5223, #7599, #6336, #5522 ) ) ;
#4872 = FACE_OUTER_BOUND ( 'NONE', #4462, .T. ) ;
#4873 = AXIS2_PLACEMENT_3D ( 'NONE', #5774, #7761, #1826 ) ;
#4874 = ORIENTED_EDGE ( 'NONE', *, *, #5369, .T. ) ;
#4875 = EDGE_CURVE ( 'NONE', #11360, #3158, #6786, .T. ) ;
#4876 = LINE ( 'NONE', #1780, #2231 ) ;
#4877 = ORIENTED_EDGE ( 'NONE', *, *, #9745, .F. ) ;
#4878 = VECTOR ( 'NONE', #12492, 1000.000000000000000 ) ;
#4879 = MECHANICAL_DESIGN_GEOMETRIC_PRESENTATION_REPRESENTATION (  '', ( #3543 ), #5530 ) ;
#4880 = AXIS2_PLACEMENT_3D ( 'NONE', #2083, #9014, #3054 ) ;
#4881 = CARTESIAN_POINT ( 'NONE',  ( -0.6304257238087360715, 0.1000000000000000056, 0.1143021724064564593 ) ) ;
#4882 = ORIENTED_EDGE ( 'NONE', *, *, #4380, .T. ) ;
#4883 = VERTEX_POINT ( 'NONE', #8218 ) ;
#4884 = UNCERTAINTY_MEASURE_WITH_UNIT (LENGTH_MEASURE( 1.000000000000000082E-05 ), #10053, 'distance_accuracy_value', 'NONE');
#4885 = EDGE_CURVE ( 'NONE', #5814, #9187, #1502, .T. ) ;
#4886 = CARTESIAN_POINT ( 'NONE',  ( 0.7009302143396286544, 0.1000000000000000056, 0.05229999999999977722 ) ) ;
#4887 = DIRECTION ( 'NONE',  ( -1.000000000000000000, 0.0000000000000000000, -5.163305667262247253E-16 ) ) ;
#4888 = DIRECTION ( 'NONE',  ( 0.0000000000000000000, 0.0000000000000000000, 1.000000000000000000 ) ) ;
#4889 = DIRECTION ( 'NONE',  ( 0.0000000000000000000, 0.0000000000000000000, -1.000000000000000000 ) ) ;
#4890 = VERTEX_POINT ( 'NONE', #2294 ) ;
#4891 = ADVANCED_FACE ( 'NONE', ( #9087 ), #1314, .T. ) ;
#4892 =( NAMED_UNIT ( * ) SI_UNIT ( $, .STERADIAN. ) SOLID_ANGLE_UNIT ( ) );
#4893 = LINE ( 'NONE', #7923, #7213 ) ;
#4894 = DIRECTION ( 'NONE',  ( 0.0000000000000000000, -1.000000000000000000, 0.0000000000000000000 ) ) ;
#4895 = CARTESIAN_POINT ( 'NONE',  ( 1.373961839504919347, 0.5000000000000000000, -0.3026000000000000911 ) ) ;
#4896 = EDGE_CURVE ( 'NONE', #8573, #11435, #2877, .T. ) ;
#4897 = CARTESIAN_POINT ( 'NONE',  ( -0.3202257238087359292, -0.0000000000000000000, -0.5000000000000002220 ) ) ;
#4898 = ORIENTED_EDGE ( 'NONE', *, *, #8526, .T. ) ;
#4899 = DIRECTION ( 'NONE',  ( 0.0000000000000000000, 0.0000000000000000000, -1.000000000000000000 ) ) ;
#4900 = CIRCLE ( 'NONE', #12784, 0.3000999999999999779 ) ;
#4901 = EDGE_CURVE ( 'NONE', #6062, #3352, #8149, .T. ) ;
#4902 =( GEOMETRIC_REPRESENTATION_CONTEXT ( 3 ) GLOBAL_UNCERTAINTY_ASSIGNED_CONTEXT ( ( #7704 ) ) GLOBAL_UNIT_ASSIGNED_CONTEXT ( ( #2662, #9585, #3688 ) ) REPRESENTATION_CONTEXT ( 'NONE', 'WORKASPACE' ) );
#4903 = DIRECTION ( 'NONE',  ( -1.000000000000000000, 0.0000000000000000000, -5.163305667262247253E-16 ) ) ;
#4904 = UNCERTAINTY_MEASURE_WITH_UNIT (LENGTH_MEASURE( 1.000000000000000082E-05 ), #8100, 'distance_accuracy_value', 'NONE');
#4905 = FACE_OUTER_BOUND ( 'NONE', #358, .T. ) ;
#4906 = UNCERTAINTY_MEASURE_WITH_UNIT (LENGTH_MEASURE( 1.000000000000000082E-05 ), #7651, 'distance_accuracy_value', 'NONE');
#4907 = FILL_AREA_STYLE_COLOUR ( '', #11757 ) ;
#4908 = VECTOR ( 'NONE', #4450, 1000.000000000000000 ) ;
#4909 = SURFACE_SIDE_STYLE ('',( #3562 ) ) ;
#4910 = CARTESIAN_POINT ( 'NONE',  ( -1.600000000000000311, 0.0000000000000000000, 0.2990000000000000990 ) ) ;
#4911 = ORIENTED_EDGE ( 'NONE', *, *, #10903, .T. ) ;
#4912 = LINE ( 'NONE', #6567, #4591 ) ;
#4913 = AXIS2_PLACEMENT_3D ( 'NONE', #11252, #5348, #12244 ) ;
#4914 = VERTEX_POINT ( 'NONE', #6341 ) ;
#4915 = CARTESIAN_POINT ( 'NONE',  ( -0.7009000000000003006, 0.1000000000000000056, 0.4999999999999997780 ) ) ;
#4916 = AXIS2_PLACEMENT_3D ( 'NONE', #8380, #11343, #2483 ) ;
#4917 = CARTESIAN_POINT ( 'NONE',  ( -1.568300000000000249, 0.1000000000000000056, 0.1963566009016781411 ) ) ;
#4918 = FACE_OUTER_BOUND ( 'NONE', #10752, .T. ) ;
#4919 = PRESENTATION_STYLE_ASSIGNMENT (( #9089 ) ) ;
#4920 = DIRECTION ( 'NONE',  ( 0.0000000000000000000, 0.0000000000000000000, 1.000000000000000000 ) ) ;
#4921 = ORIENTED_EDGE ( 'NONE', *, *, #10826, .F. ) ;
#4922 = PRESENTATION_STYLE_ASSIGNMENT (( #1202 ) ) ;
#4923 = EDGE_CURVE ( 'NONE', #1256, #83, #5205, .T. ) ;
#4924 = DIRECTION ( 'NONE',  ( 0.0000000000000000000, 0.0000000000000000000, 1.000000000000000000 ) ) ;
#4925 = CARTESIAN_POINT ( 'NONE',  ( 1.600000000000000311, 0.5000000000000000000, 0.5000000000000000000 ) ) ;
#4926 = DIRECTION ( 'NONE',  ( -1.000000000000000000, 0.0000000000000000000, -1.171755763104686308E-17 ) ) ;
#4927 = ORIENTED_EDGE ( 'NONE', *, *, #6301, .F. ) ;
#4928 = MECHANICAL_DESIGN_GEOMETRIC_PRESENTATION_REPRESENTATION (  '', ( #1606 ), #5573 ) ;
#4929 = DIRECTION ( 'NONE',  ( -0.0000000000000000000, -1.000000000000000000, -0.0000000000000000000 ) ) ;
#4930 = APPLICATION_PROTOCOL_DEFINITION ( 'draft international standard', 'automotive_design', 1998, #10814 ) ;
#4931 = VERTEX_POINT ( 'NONE', #397 ) ;
#4932 = SURFACE_STYLE_FILL_AREA ( #5899 ) ;
#4933 = LINE ( 'NONE', #4897, #12475 ) ;
#4934 = EDGE_CURVE ( 'NONE', #4105, #12231, #5521, .T. ) ;
#4935 = CARTESIAN_POINT ( 'NONE',  ( -1.562027896215192557, -0.0000000000000000000, -0.1167021724064567501 ) ) ;
#4936 = EDGE_CURVE ( 'NONE', #7841, #5730, #258, .T. ) ;
#4937 = AXIS2_PLACEMENT_3D ( 'NONE', #9388, #2461, #10349 ) ;
#4938 = STYLED_ITEM ( 'NONE', ( #3289 ), #9038 ) ;
#4939 = SURFACE_SIDE_STYLE ('',( #10674 ) ) ;
#4940 = DIRECTION ( 'NONE',  ( -1.000000000000000000, -0.0000000000000000000, -0.0000000000000000000 ) ) ;
#4941 = VERTEX_POINT ( 'NONE', #9302 ) ;
#4942 = PLANE ( 'NONE',  #1709 ) ;
#4943 = AXIS2_PLACEMENT_3D ( 'NONE', #567, #7484, #1558 ) ;
#4944 = CARTESIAN_POINT ( 'NONE',  ( -0.3175278962151925066, 0.1000000000000000056, 0.08429782759354324806 ) ) ;
#4945 = FACE_OUTER_BOUND ( 'NONE', #6665, .T. ) ;
#4946 = DIRECTION ( 'NONE',  ( 0.0000000000000000000, 0.0000000000000000000, -1.000000000000000000 ) ) ;
#4947 = ORIENTED_EDGE ( 'NONE', *, *, #1353, .T. ) ;
#4948 = CARTESIAN_POINT ( 'NONE',  ( 1.097630068621648913, 0.0000000000000000000, -0.4718000000000002192 ) ) ;
#4949 = LINE ( 'NONE', #11248, #4625 ) ;
#4950 = CARTESIAN_POINT ( 'NONE',  ( -0.6304257238087359605, 0.1000000000000000056, 0.4976999999999999202 ) ) ;
#4951 = ORIENTED_EDGE ( 'NONE', *, *, #2212, .F. ) ;
#4952 = DIRECTION ( 'NONE',  ( 0.0000000000000000000, 1.000000000000000000, -0.0000000000000000000 ) ) ;
#4953 = ORIENTED_EDGE ( 'NONE', *, *, #245, .F. ) ;
#4954 = DIRECTION ( 'NONE',  ( 0.0000000000000000000, -1.000000000000000000, 0.0000000000000000000 ) ) ;
#4955 = ORIENTED_EDGE ( 'NONE', *, *, #10472, .F. ) ;
#4956 = FACE_OUTER_BOUND ( 'NONE', #10412, .T. ) ;
#4957 = MECHANICAL_DESIGN_GEOMETRIC_PRESENTATION_REPRESENTATION (  '', ( #2932 ), #5600 ) ;
#4958 = ADVANCED_FACE ( 'NONE', ( #4918 ), #11530, .T. ) ;
#4959 = SURFACE_STYLE_FILL_AREA ( #10758 ) ;
#4960 = MECHANICAL_DESIGN_GEOMETRIC_PRESENTATION_REPRESENTATION (  '', ( #3614 ), #5602 ) ;
#4961 = DIRECTION ( 'NONE',  ( -0.0000000000000000000, 1.000000000000000000, -0.0000000000000000000 ) ) ;
#4962 = CARTESIAN_POINT ( 'NONE',  ( 1.311172388391701915, 0.1000000000000000056, 0.4874532564923816369 ) ) ;
#4963 = CARTESIAN_POINT ( 'NONE',  ( -1.299900000000000277, 0.09999999999999999167, -0.5000000000000002220 ) ) ;
#4964 = FILL_AREA_STYLE ('',( #10799 ) ) ;
#4965 = MECHANICAL_DESIGN_GEOMETRIC_PRESENTATION_REPRESENTATION (  '', ( #3618 ), #5605 ) ;
#4966 = ORIENTED_EDGE ( 'NONE', *, *, #12102, .F. ) ;
#4967 = ORIENTED_EDGE ( 'NONE', *, *, #3216, .T. ) ;
#4968 = DIRECTION ( 'NONE',  ( -0.0000000000000000000, 0.0000000000000000000, 1.000000000000000000 ) ) ;
#4969 = CIRCLE ( 'NONE', #9751, 0.01500217240645653274 ) ;
#4970 = COLOUR_RGB ( '',1.000000000000000000, 1.000000000000000000, 1.000000000000000000 ) ;
#4971 = ORIENTED_EDGE ( 'NONE', *, *, #1307, .T. ) ;
#4972 = PRESENTATION_STYLE_ASSIGNMENT (( #1717 ) ) ;
#4973 = DIRECTION ( 'NONE',  ( -0.7071067811865475727, 0.0000000000000000000, 0.7071067811865475727 ) ) ;
#4974 = CARTESIAN_POINT ( 'NONE',  ( -1.021700000000000497, 0.1000000000000000056, 0.4999999999999997780 ) ) ;
#4975 = CARTESIAN_POINT ( 'NONE',  ( 1.600030214339628554, 0.1000000000000000056, 0.05229999999999978416 ) ) ;
#4976 = EDGE_CURVE ( 'NONE', #8674, #9973, #3989, .T. ) ;
#4977 = CARTESIAN_POINT ( 'NONE',  ( -0.3175278962151925066, 0.1000000000000000056, -0.08669782759354346946 ) ) ;
#4978 = ORIENTED_EDGE ( 'NONE', *, *, #8225, .T. ) ;
#4979 = EDGE_CURVE ( 'NONE', #7017, #10177, #9231, .T. ) ;
#4980 = STYLED_ITEM ( 'NONE', ( #8132 ), #5446 ) ;
#4981 = ORIENTED_EDGE ( 'NONE', *, *, #7943, .T. ) ;
#4982 = VECTOR ( 'NONE', #10478, 1000.000000000000000 ) ;
#4983 = ORIENTED_EDGE ( 'NONE', *, *, #1307, .F. ) ;
#4984 = DIRECTION ( 'NONE',  ( -0.0000000000000000000, 1.000000000000000000, -0.0000000000000000000 ) ) ;
#4985 = ORIENTED_EDGE ( 'NONE', *, *, #4724, .T. ) ;
#4986 = CARTESIAN_POINT ( 'NONE',  ( -1.600000000000000311, 0.09999999999999999167, -0.5000000000000000000 ) ) ;
#4987 = DIRECTION ( 'NONE',  ( 0.0000000000000000000, -1.000000000000000000, 0.0000000000000000000 ) ) ;
#4988 = EDGE_CURVE ( 'NONE', #8821, #7584, #1344, .T. ) ;
#4989 = CARTESIAN_POINT ( 'NONE',  ( -0.7009000000000003006, 0.0000000000000000000, 0.4999999999999997780 ) ) ;
#4990 =( NAMED_UNIT ( * ) PLANE_ANGLE_UNIT ( ) SI_UNIT ( $, .RADIAN. ) );
#4991 = CARTESIAN_POINT ( 'NONE',  ( -1.600000000000000311, 0.1000000000000000056, -0.04990000000000018032 ) ) ;
#4992 = FILL_AREA_STYLE_COLOUR ( '', #6710 ) ;
#4993 = ORIENTED_EDGE ( 'NONE', *, *, #12351, .T. ) ;
#4994 = ORIENTED_EDGE ( 'NONE', *, *, #3995, .F. ) ;
#4995 =( NAMED_UNIT ( * ) SI_UNIT ( $, .STERADIAN. ) SOLID_ANGLE_UNIT ( ) );
#4996 = DIRECTION ( 'NONE',  ( 0.0000000000000000000, -1.000000000000000000, 0.0000000000000000000 ) ) ;
#4997 = AXIS2_PLACEMENT_3D ( 'NONE', #1185, #7103, #12045 ) ;
#4998 = DIRECTION ( 'NONE',  ( -0.0000000000000000000, -0.0000000000000000000, -1.000000000000000000 ) ) ;
#4999 = DIRECTION ( 'NONE',  ( 0.0000000000000000000, 0.0000000000000000000, -1.000000000000000000 ) ) ;
#5000 = VECTOR ( 'NONE', #6516, 1000.000000000000000 ) ;
#5001 = DIRECTION ( 'NONE',  ( -0.7071067811865475727, 0.0000000000000000000, 0.7071067811865475727 ) ) ;
#5002 =( NAMED_UNIT ( * ) SI_UNIT ( $, .STERADIAN. ) SOLID_ANGLE_UNIT ( ) );
#5003 = PLANE ( 'NONE',  #7282 ) ;
#5004 = CARTESIAN_POINT ( 'NONE',  ( 0.4585278962151925208, 0.1000000000000000056, 0.4694999999999998064 ) ) ;
#5005 = LINE ( 'NONE', #3828, #53 ) ;
#5006 = PLANE ( 'NONE',  #9912 ) ;
#5007 = UNCERTAINTY_MEASURE_WITH_UNIT (LENGTH_MEASURE( 1.000000000000000082E-05 ), #6048, 'distance_accuracy_value', 'NONE');
#5008 = EDGE_LOOP ( 'NONE', ( #6080, #1421, #5219, #3731 ) ) ;
#5009 = ORIENTED_EDGE ( 'NONE', *, *, #1171, .F. ) ;
#5011 = PRESENTATION_LAYER_ASSIGNMENT (  '', '', ( #5658 ) ) ;
#5010 = CARTESIAN_POINT ( 'NONE',  ( -1.285174339670224430, 0.1000000000000000056, -0.4868021724064567901 ) ) ;
#5012 = VECTOR ( 'NONE', #2774, 1000.000000000000000 ) ;
#5013 = LINE ( 'NONE', #7569, #2347 ) ;
#5014 = AXIS2_PLACEMENT_3D ( 'NONE', #2855, #9780, #3880 ) ;
#5015 = EDGE_CURVE ( 'NONE', #2409, #11563, #8943, .T. ) ;
#5016 = PRESENTATION_LAYER_ASSIGNMENT (  '', '', ( #3679 ) ) ;
#5017 = PLANE ( 'NONE',  #11550 ) ;
#5018 = DIRECTION ( 'NONE',  ( -0.0000000000000000000, -1.000000000000000000, -0.0000000000000000000 ) ) ;
#5019 = DIRECTION ( 'NONE',  ( 0.0000000000000000000, -0.0000000000000000000, -1.000000000000000000 ) ) ;
#5020 = DIRECTION ( 'NONE',  ( 0.0000000000000000000, 0.0000000000000000000, -1.000000000000000000 ) ) ;
#5021 = VECTOR ( 'NONE', #12099, 1000.000000000000000 ) ;
#5022 = VERTEX_POINT ( 'NONE', #5588 ) ;
#5023 = EDGE_CURVE ( 'NONE', #10547, #2445, #6620, .T. ) ;
#5024 = ADVANCED_FACE ( 'NONE', ( #8622 ), #12606, .T. ) ;
#5025 = LINE ( 'NONE', #7286, #11317 ) ;
#5026 = VECTOR ( 'NONE', #7637, 1000.000000000000000 ) ;
#5027 = ORIENTED_EDGE ( 'NONE', *, *, #5402, .F. ) ;
#5028 =( NAMED_UNIT ( * ) SI_UNIT ( $, .STERADIAN. ) SOLID_ANGLE_UNIT ( ) );
#5029 = ORIENTED_EDGE ( 'NONE', *, *, #835, .F. ) ;
#5030 = VECTOR ( 'NONE', #11442, 1000.000000000000000 ) ;
#5031 = CARTESIAN_POINT ( 'NONE',  ( -1.067625723808735883, 0.1000000000000000056, -0.2003000000000002001 ) ) ;
#5032 = EDGE_LOOP ( 'NONE', ( #1313, #6687, #136, #9532 ) ) ;
#5033 = CARTESIAN_POINT ( 'NONE',  ( 1.299900000000000277, 0.5000000000000000000, 0.5000000000000002220 ) ) ;
#5034 = LINE ( 'NONE', #7775, #9948 ) ;
#5035 = PRESENTATION_STYLE_ASSIGNMENT (( #2344 ) ) ;
#5036 = ORIENTED_EDGE ( 'NONE', *, *, #12256, .F. ) ;
#5037 = AXIS2_PLACEMENT_3D ( 'NONE', #6150, #211, #7147 ) ;
#5038 = SURFACE_SIDE_STYLE ('',( #4036 ) ) ;
#5039 =( NAMED_UNIT ( * ) PLANE_ANGLE_UNIT ( ) SI_UNIT ( $, .RADIAN. ) );
#5040 = ORIENTED_EDGE ( 'NONE', *, *, #5136, .F. ) ;
#5041 = DIRECTION ( 'NONE',  ( 5.601979127806940577E-17, 0.0000000000000000000, 1.000000000000000000 ) ) ;
#5042 = STYLED_ITEM ( 'NONE', ( #5694 ), #95 ) ;
#5043 = ORIENTED_EDGE ( 'NONE', *, *, #2186, .F. ) ;
#5044 = FACE_OUTER_BOUND ( 'NONE', #8293, .T. ) ;
#5045 = DIRECTION ( 'NONE',  ( 0.0000000000000000000, 1.000000000000000000, -0.0000000000000000000 ) ) ;
#5046 = ORIENTED_EDGE ( 'NONE', *, *, #2067, .F. ) ;
#5047 = VECTOR ( 'NONE', #8401, 1000.000000000000114 ) ;
#5048 = LINE ( 'NONE', #11151, #9965 ) ;
#5049 = SURFACE_SIDE_STYLE ('',( #7220 ) ) ;
#5050 = DIRECTION ( 'NONE',  ( -1.000000000000000000, -0.0000000000000000000, -0.0000000000000000000 ) ) ;
#5051 = DIRECTION ( 'NONE',  ( 0.0000000000000000000, -1.000000000000000000, 0.0000000000000000000 ) ) ;
#5052 = ORIENTED_EDGE ( 'NONE', *, *, #7943, .F. ) ;
#5053 = CIRCLE ( 'NONE', #11223, 0.01500217240645653274 ) ;
#5054 = EDGE_CURVE ( 'NONE', #2258, #12183, #5067, .T. ) ;
#5055 = CARTESIAN_POINT ( 'NONE',  ( 0.3069278962151925083, 0.1000000000000000056, 0.4976999999999998092 ) ) ;
#5056 = VERTEX_POINT ( 'NONE', #9637 ) ;
#5057 = AXIS2_PLACEMENT_3D ( 'NONE', #789, #7705, #1775 ) ;
#5058 = AXIS2_PLACEMENT_3D ( 'NONE', #11134, #5235, #12146 ) ;
#5059 = UNCERTAINTY_MEASURE_WITH_UNIT (LENGTH_MEASURE( 1.000000000000000082E-05 ), #7610, 'distance_accuracy_value', 'NONE');
#5060 = PRESENTATION_STYLE_ASSIGNMENT (( #3622 ) ) ;
#5061 = EDGE_CURVE ( 'NONE', #11642, #8121, #2406, .T. ) ;
#5062 = CARTESIAN_POINT ( 'NONE',  ( -1.562027896215192557, 0.1000000000000000056, -0.1167021724064567501 ) ) ;
#5063 = CARTESIAN_POINT ( 'NONE',  ( -1.296184350947589881, 0.1000000000000000056, 0.4868021724064562350 ) ) ;
#5064 = DIRECTION ( 'NONE',  ( 0.0000000000000000000, -1.000000000000000000, 0.0000000000000000000 ) ) ;
#5065 = CARTESIAN_POINT ( 'NONE',  ( -1.599999999999999867, 0.0000000000000000000, 0.5000000000000000000 ) ) ;
#5066 = ORIENTED_EDGE ( 'NONE', *, *, #11220, .F. ) ;
#5067 = LINE ( 'NONE', #8671, #7692 ) ;
#5068 = EDGE_CURVE ( 'NONE', #3312, #10159, #10265, .T. ) ;
#5069 = FACE_OUTER_BOUND ( 'NONE', #12385, .T. ) ;
#5070 = ORIENTED_EDGE ( 'NONE', *, *, #3216, .F. ) ;
#5071 = PRESENTATION_LAYER_ASSIGNMENT (  '', '', ( #4392 ) ) ;
#5072 = LINE ( 'NONE', #714, #10271 ) ;
#5073 = DIRECTION ( 'NONE',  ( 0.0000000000000000000, 0.0000000000000000000, 1.000000000000000000 ) ) ;
#5074 = FILL_AREA_STYLE_COLOUR ( '', #2474 ) ;
#5075 = CARTESIAN_POINT ( 'NONE',  ( -1.589400000000000368, 0.09999999999999999167, 0.1968000000000001137 ) ) ;
#5076 = ORIENTED_EDGE ( 'NONE', *, *, #4335, .F. ) ;
#5077 = FACE_OUTER_BOUND ( 'NONE', #1230, .T. ) ;
#5078 = CARTESIAN_POINT ( 'NONE',  ( -0.3325300686216491330, 0.1000000000000000056, -0.1017000000000001098 ) ) ;
#5079 = LINE ( 'NONE', #4910, #2415 ) ;
#5080 = VERTEX_POINT ( 'NONE', #4735 ) ;
#5081 = ADVANCED_FACE ( 'NONE', ( #7385 ), #11625, .F. ) ;
#5082 =( GEOMETRIC_REPRESENTATION_CONTEXT ( 3 ) GLOBAL_UNCERTAINTY_ASSIGNED_CONTEXT ( ( #10951 ) ) GLOBAL_UNIT_ASSIGNED_CONTEXT ( ( #1896, #8825, #2870 ) ) REPRESENTATION_CONTEXT ( 'NONE', 'WORKASPACE' ) );
#5083 = CARTESIAN_POINT ( 'NONE',  ( 0.0000000000000000000, 0.1000000000000000056, 0.0000000000000000000 ) ) ;
#5084 = EDGE_CURVE ( 'NONE', #6025, #8719, #11363, .T. ) ;
#5085 = ORIENTED_EDGE ( 'NONE', *, *, #8112, .T. ) ;
#5086 = DIRECTION ( 'NONE',  ( 0.0000000000000000000, 0.0000000000000000000, -1.000000000000000000 ) ) ;
#5087 = CARTESIAN_POINT ( 'NONE',  ( 0.3175278962151926176, 0.1000000000000000056, 0.08429782759354324806 ) ) ;
#5088 = VERTEX_POINT ( 'NONE', #9733 ) ;
#5089 = EDGE_CURVE ( 'NONE', #4504, #8959, #6143, .T. ) ;
#5090 = ORIENTED_EDGE ( 'NONE', *, *, #10857, .T. ) ;
#5091 = PRESENTATION_STYLE_ASSIGNMENT (( #7607 ) ) ;
#5092 = ORIENTED_EDGE ( 'NONE', *, *, #6550, .F. ) ;
#5093 = CARTESIAN_POINT ( 'NONE',  ( 0.1774300686216490897, 0.1000000000000000056, -0.4849978275935437066 ) ) ;
#5094 = UNCERTAINTY_MEASURE_WITH_UNIT (LENGTH_MEASURE( 1.000000000000000082E-05 ), #10218, 'distance_accuracy_value', 'NONE');
#5095 = EDGE_CURVE ( 'NONE', #5337, #2274, #8777, .T. ) ;
#5096 = CARTESIAN_POINT ( 'NONE',  ( 1.021730214339628517, 0.1000000000000000056, 0.05229999999999977722 ) ) ;
#5097 = EDGE_LOOP ( 'NONE', ( #12097, #8115, #9049, #8484 ) ) ;
#5098 = EDGE_CURVE ( 'NONE', #8596, #11188, #894, .T. ) ;
#5099 = STYLED_ITEM ( 'NONE', ( #4401 ), #2091 ) ;
#5100 = AXIS2_PLACEMENT_3D ( 'NONE', #6041, #7039, #11933 ) ;
#5101 = CARTESIAN_POINT ( 'NONE',  ( 0.4797278962151925175, 0.1000000000000000056, 0.4976999999999999202 ) ) ;
#5102 = LINE ( 'NONE', #9085, #2440 ) ;
#5103 =( GEOMETRIC_REPRESENTATION_CONTEXT ( 3 ) GLOBAL_UNCERTAINTY_ASSIGNED_CONTEXT ( ( #9473 ) ) GLOBAL_UNIT_ASSIGNED_CONTEXT ( ( #7525, #1596, #8512 ) ) REPRESENTATION_CONTEXT ( 'NONE', 'WORKASPACE' ) );
#5104 = ORIENTED_EDGE ( 'NONE', *, *, #5508, .T. ) ;
#5105 = AXIS2_PLACEMENT_3D ( 'NONE', #2623, #12518, #6648 ) ;
#5106 = ORIENTED_EDGE ( 'NONE', *, *, #5289, .T. ) ;
#5107 = DIRECTION ( 'NONE',  ( 0.0000000000000000000, 0.0000000000000000000, -1.000000000000000000 ) ) ;
#5108 = ORIENTED_EDGE ( 'NONE', *, *, #9796, .F. ) ;
#5109 = CARTESIAN_POINT ( 'NONE',  ( 1.067625723808735883, 0.1000000000000000056, -0.2003000000000001724 ) ) ;
#5110 = FACE_OUTER_BOUND ( 'NONE', #11971, .T. ) ;
#5111 = CARTESIAN_POINT ( 'NONE',  ( 0.6304257238087359605, 0.1000000000000000056, 0.09929999999999991611 ) ) ;
#5112 = ORIENTED_EDGE ( 'NONE', *, *, #1574, .F. ) ;
#5113 =( NAMED_UNIT ( * ) PLANE_ANGLE_UNIT ( ) SI_UNIT ( $, .RADIAN. ) );
#5114 = CARTESIAN_POINT ( 'NONE',  ( 1.071200000000000374, 0.1000000000000000056, 0.1166021724064566778 ) ) ;
#5115 = EDGE_LOOP ( 'NONE', ( #3545, #4490, #415, #455 ) ) ;
#5116 = DIRECTION ( 'NONE',  ( 0.0000000000000000000, -1.000000000000000000, 0.0000000000000000000 ) ) ;
#5117 = AXIS2_PLACEMENT_3D ( 'NONE', #6518, #2453, #581 ) ;
#5118 = SURFACE_STYLE_FILL_AREA ( #8757 ) ;
#5119 = ORIENTED_EDGE ( 'NONE', *, *, #8120, .F. ) ;
#5120 = AXIS2_PLACEMENT_3D ( 'NONE', #4472, #11365, #5465 ) ;
#5121 = VERTEX_POINT ( 'NONE', #897 ) ;
#5122 = STYLED_ITEM ( 'NONE', ( #8513 ), #4465 ) ;
#5123 = CARTESIAN_POINT ( 'NONE',  ( -0.3175278962151925066, 0.1000000000000000056, 0.4800999999999999157 ) ) ;
#5124 = CARTESIAN_POINT ( 'NONE',  ( 1.086202172406457001, 0.0000000000000000000, 0.4718000000000000527 ) ) ;
#5125 = CARTESIAN_POINT ( 'NONE',  ( -1.086202172406457001, 0.1000000000000000056, 0.4717999999999998306 ) ) ;
#5126 = VERTEX_POINT ( 'NONE', #8804 ) ;
#5127 = FACE_OUTER_BOUND ( 'NONE', #6915, .T. ) ;
#5128 = EDGE_LOOP ( 'NONE', ( #11019, #7929, #3719, #2036, #9940, #7803, #12374, #7765, #6506, #7438, #6019, #6052, #7850, #10089, #7013, #5403, #3733, #6735, #6060, #6536, #9445, #613, #6833, #2717, #2751, #4590, #4247, #3919, #9039, #5745, #2354, #5473, #649, #3571, #10157, #959, #9691, #9732, #5559 ) ) ;
#5129 = FACE_OUTER_BOUND ( 'NONE', #12156, .T. ) ;
#5130 = VERTEX_POINT ( 'NONE', #3873 ) ;
#5131 = CARTESIAN_POINT ( 'NONE',  ( 0.3325300686216491330, 0.0000000000000000000, -0.08669782759354358048 ) ) ;
#5132 = EDGE_CURVE ( 'NONE', #1214, #4383, #10741, .T. ) ;
#5133 =( LENGTH_UNIT ( ) NAMED_UNIT ( * ) SI_UNIT ( .MILLI., .METRE. ) );
#5134 = VECTOR ( 'NONE', #8011, 1000.000000000000000 ) ;
#5135 = CARTESIAN_POINT ( 'NONE',  ( 0.1624278962151925743, 0.1000000000000000056, -0.4849978275935435956 ) ) ;
#5136 = EDGE_CURVE ( 'NONE', #2577, #2178, #568, .T. ) ;
#5137 = AXIS2_PLACEMENT_3D ( 'NONE', #12108, #6213, #280 ) ;
#5138 = ADVANCED_FACE ( 'NONE', ( #5837 ), #1956, .T. ) ;
#5139 = VECTOR ( 'NONE', #140, 1000.000000000000000 ) ;
#5140 = ORIENTED_EDGE ( 'NONE', *, *, #6974, .T. ) ;
#5141 = ORIENTED_EDGE ( 'NONE', *, *, #9838, .F. ) ;
#5142 = ORIENTED_EDGE ( 'NONE', *, *, #11041, .T. ) ;
#5143 = CARTESIAN_POINT ( 'NONE',  ( -0.6454278962151924759, 0.1000000000000000056, 0.1143021724064565564 ) ) ;
#5144 = VECTOR ( 'NONE', #7062, 1000.000000000000114 ) ;
#5145 = PRESENTATION_STYLE_ASSIGNMENT (( #5800 ) ) ;
#5146 = PLANE ( 'NONE',  #9778 ) ;
#5147 = MECHANICAL_DESIGN_GEOMETRIC_PRESENTATION_REPRESENTATION (  '', ( #3834 ), #5826 ) ;
#5148 = DIRECTION ( 'NONE',  ( 0.0000000000000000000, 0.0000000000000000000, -1.000000000000000000 ) ) ;
#5149 = EDGE_LOOP ( 'NONE', ( #8569, #10003, #813, #11610, #12774, #11275, #10558, #9888, #11691, #1178 ) ) ;
#5150 = AXIS2_PLACEMENT_3D ( 'NONE', #12019, #6123, #179 ) ;
#5151 = DIRECTION ( 'NONE',  ( 0.0000000000000000000, 0.0000000000000000000, -1.000000000000000000 ) ) ;
#5152 = DIRECTION ( 'NONE',  ( 0.0000000000000000000, -1.000000000000000000, 0.0000000000000000000 ) ) ;
#5153 = CIRCLE ( 'NONE', #6044, 0.01500217240645655876 ) ;
#5154 = ORIENTED_EDGE ( 'NONE', *, *, #8164, .F. ) ;
#5155 = EDGE_LOOP ( 'NONE', ( #3288, #11027, #8051, #6175 ) ) ;
#5156 = FACE_OUTER_BOUND ( 'NONE', #4486, .T. ) ;
#5157 = EDGE_CURVE ( 'NONE', #7291, #2598, #7225, .T. ) ;
#5158 = VERTEX_POINT ( 'NONE', #7848 ) ;
#5159 = DIRECTION ( 'NONE',  ( -1.000000000000000000, 0.0000000000000000000, 0.0000000000000000000 ) ) ;
#5160 = ORIENTED_EDGE ( 'NONE', *, *, #8557, .T. ) ;
#5161 = DIRECTION ( 'NONE',  ( 1.000000000000000000, 0.0000000000000000000, 0.0000000000000000000 ) ) ;
#5162 = PRESENTATION_LAYER_ASSIGNMENT (  '', '', ( #5846 ) ) ;
#5163 = ORIENTED_EDGE ( 'NONE', *, *, #1563, .T. ) ;
#5164 = EDGE_CURVE ( 'NONE', #8264, #5581, #4585, .T. ) ;
#5165 = AXIS2_PLACEMENT_3D ( 'NONE', #5941, #3986, #3007 ) ;
#5166 = VERTEX_POINT ( 'NONE', #9854 ) ;
#5167 = ORIENTED_EDGE ( 'NONE', *, *, #10826, .T. ) ;
#5168 = CARTESIAN_POINT ( 'NONE',  ( -1.599999999999999867, 0.0000000000000000000, 0.5000000000000000000 ) ) ;
#5169 = DIRECTION ( 'NONE',  ( -0.0000000000000000000, -1.000000000000000000, -0.0000000000000000000 ) ) ;
#5170 = ORIENTED_EDGE ( 'NONE', *, *, #5204, .F. ) ;
#5171 =( GEOMETRIC_REPRESENTATION_CONTEXT ( 3 ) GLOBAL_UNCERTAINTY_ASSIGNED_CONTEXT ( ( #861 ) ) GLOBAL_UNIT_ASSIGNED_CONTEXT ( ( #2720, #9651, #3751 ) ) REPRESENTATION_CONTEXT ( 'NONE', 'WORKASPACE' ) );
#5172 = DIRECTION ( 'NONE',  ( 0.0000000000000000000, 0.0000000000000000000, -1.000000000000000000 ) ) ;
#5173 = CARTESIAN_POINT ( 'NONE',  ( 1.067625723808735883, 0.0000000000000000000, -0.2153021724064567433 ) ) ;
#5174 = LINE ( 'NONE', #5904, #2517 ) ;
#5175 = ORIENTED_EDGE ( 'NONE', *, *, #886, .T. ) ;
#5176 = COLOUR_RGB ( '',0.9686274509803921573, 0.8784313725490195957, 0.5999999999999999778 ) ;
#5177 = CIRCLE ( 'NONE', #11370, 0.01500217240645653274 ) ;
#5179 =( LENGTH_UNIT ( ) NAMED_UNIT ( * ) SI_UNIT ( .MILLI., .METRE. ) );
#5178 = SURFACE_SIDE_STYLE ('',( #11836 ) ) ;
#5180 = CIRCLE ( 'NONE', #7719, 0.2891000000000000236 ) ;
#5181 = EDGE_LOOP ( 'NONE', ( #7643, #5462, #12680, #2782 ) ) ;
#5182 = ORIENTED_EDGE ( 'NONE', *, *, #12066, .T. ) ;
#5183 = CARTESIAN_POINT ( 'NONE',  ( 0.4585278962151925208, 0.0000000000000000000, 0.4694999999999998064 ) ) ;
#5184 = DIRECTION ( 'NONE',  ( -0.0000000000000000000, 1.000000000000000000, 0.0000000000000000000 ) ) ;
#5185 = PRESENTATION_STYLE_ASSIGNMENT (( #12139 ) ) ;
#5186 = DIRECTION ( 'NONE',  ( 0.0000000000000000000, 0.0000000000000000000, 1.000000000000000000 ) ) ;
#5187 = ORIENTED_EDGE ( 'NONE', *, *, #4335, .T. ) ;
#5188 = DIRECTION ( 'NONE',  ( 0.0000000000000000000, 1.000000000000000000, 0.0000000000000000000 ) ) ;
#5189 = SURFACE_STYLE_FILL_AREA ( #6258 ) ;
#5190 =( GEOMETRIC_REPRESENTATION_CONTEXT ( 3 ) GLOBAL_UNCERTAINTY_ASSIGNED_CONTEXT ( ( #8315 ) ) GLOBAL_UNIT_ASSIGNED_CONTEXT ( ( #8645, #2690, #9610 ) ) REPRESENTATION_CONTEXT ( 'NONE', 'WORKASPACE' ) );
#5191 = CARTESIAN_POINT ( 'NONE',  ( 1.099400000000000377, 0.1000000000000000056, -0.3025999999999999801 ) ) ;
#5192 = AXIS2_PLACEMENT_3D ( 'NONE', #7656, #1725, #8650 ) ;
#5193 = VERTEX_POINT ( 'NONE', #7894 ) ;
#5194 = FACE_OUTER_BOUND ( 'NONE', #87, .T. ) ;
#5195 = DIRECTION ( 'NONE',  ( 0.0000000000000000000, 0.0000000000000000000, 1.000000000000000000 ) ) ;
#5196 = ADVANCED_FACE ( 'NONE', ( #9523 ), #5956, .F. ) ;
#5197 = VECTOR ( 'NONE', #12147, 1000.000000000000000 ) ;
#5198 = EDGE_CURVE ( 'NONE', #12471, #4652, #4278, .T. ) ;
#5199 = VERTEX_POINT ( 'NONE', #2004 ) ;
#5200 = ORIENTED_EDGE ( 'NONE', *, *, #2883, .F. ) ;
#5201 = EDGE_CURVE ( 'NONE', #12335, #6996, #12450, .T. ) ;
#5202 = AXIS2_PLACEMENT_3D ( 'NONE', #11292, #1426, #7399 ) ;
#5203 = ORIENTED_EDGE ( 'NONE', *, *, #7515, .T. ) ;
#5204 = EDGE_CURVE ( 'NONE', #5193, #9799, #1648, .T. ) ;
#5205 = LINE ( 'NONE', #4338, #2555 ) ;
#5206 = CARTESIAN_POINT ( 'NONE',  ( 0.3069278962151925083, 0.0000000000000000000, 0.4976999999999998092 ) ) ;
#5207 = CARTESIAN_POINT ( 'NONE',  ( -1.373961839504919347, 0.5000000000000000000, -0.3025999999999999801 ) ) ;
#5208 = EDGE_LOOP ( 'NONE', ( #10503, #11551, #12246, #12432 ) ) ;
#5209 = CARTESIAN_POINT ( 'NONE',  ( 1.373961839504919347, 0.5000000000000000000, -0.3026000000000000911 ) ) ;
#5210 = DIRECTION ( 'NONE',  ( 0.0000000000000000000, 0.0000000000000000000, 1.000000000000000000 ) ) ;
#5211 = FACE_OUTER_BOUND ( 'NONE', #10458, .T. ) ;
#5213 = CARTESIAN_POINT ( 'NONE',  ( 0.3766302143396287327, 0.1000000000000000056, -0.04990000000000016644 ) ) ;
#5212 = DIRECTION ( 'NONE',  ( 0.0000000000000000000, -1.000000000000000000, 0.0000000000000000000 ) ) ;
#5214 = EDGE_CURVE ( 'NONE', #6988, #9874, #6929, .T. ) ;
#5215 = CARTESIAN_POINT ( 'NONE',  ( -1.300163347198079355, 0.0000000000000000000, -0.4874305275949878946 ) ) ;
#5216 = COLOUR_RGB ( '',0.9686274509803921573, 0.8784313725490195957, 0.5999999999999999778 ) ;
#5217 = LINE ( 'NONE', #1588, #2570 ) ;
#5218 = DIRECTION ( 'NONE',  ( 0.0000000000000000000, 0.0000000000000000000, 1.000000000000000000 ) ) ;
#5219 = ORIENTED_EDGE ( 'NONE', *, *, #751, .F. ) ;
#5220 = DIRECTION ( 'NONE',  ( -0.0000000000000000000, 1.000000000000000000, -0.0000000000000000000 ) ) ;
#5221 = CARTESIAN_POINT ( 'NONE',  ( -0.1004848928301857736, 0.1000000000000000056, -0.4976000000000002643 ) ) ;
#5222 = FILL_AREA_STYLE ('',( #9247 ) ) ;
#5223 = ORIENTED_EDGE ( 'NONE', *, *, #10341, .F. ) ;
#5224 = ORIENTED_EDGE ( 'NONE', *, *, #2539, .T. ) ;
#5225 = PLANE ( 'NONE',  #3140 ) ;
#5226 = ORIENTED_EDGE ( 'NONE', *, *, #2299, .T. ) ;
#5227 = FILL_AREA_STYLE ('',( #4201 ) ) ;
#5228 = CARTESIAN_POINT ( 'NONE',  ( 0.3766302143396287327, 0.1000000000000000056, 0.05229999999999979110 ) ) ;
#5229 = VECTOR ( 'NONE', #5643, 1000.000000000000000 ) ;
#5230 = VECTOR ( 'NONE', #928, 1000.000000000000114 ) ;
#5231 = ORIENTED_EDGE ( 'NONE', *, *, #5927, .F. ) ;
#5232 = EDGE_CURVE ( 'NONE', #2617, #3308, #6614, .T. ) ;
#5233 = DIRECTION ( 'NONE',  ( 0.0000000000000000000, 0.0000000000000000000, -1.000000000000000000 ) ) ;
#5234 = AXIS2_PLACEMENT_3D ( 'NONE', #8692, #2727, #9661 ) ;
#5235 = DIRECTION ( 'NONE',  ( 0.0000000000000000000, -1.000000000000000000, 0.0000000000000000000 ) ) ;
#5236 = ORIENTED_EDGE ( 'NONE', *, *, #9516, .T. ) ;
#5237 = DIRECTION ( 'NONE',  ( 0.0000000000000000000, -0.0000000000000000000, 1.000000000000000000 ) ) ;
#5238 = ORIENTED_EDGE ( 'NONE', *, *, #4806, .T. ) ;
#5239 = FILL_AREA_STYLE ('',( #4259 ) ) ;
#5240 = AXIS2_PLACEMENT_3D ( 'NONE', #10992, #5116, #12016 ) ;
#5241 = VERTEX_POINT ( 'NONE', #1155 ) ;
#5242 = EDGE_CURVE ( 'NONE', #4654, #8694, #8931, .T. ) ;
#5243 = DIRECTION ( 'NONE',  ( 0.0000000000000000000, 0.0000000000000000000, 1.000000000000000000 ) ) ;
#5244 = VERTEX_POINT ( 'NONE', #419 ) ;
#5245 = DIRECTION ( 'NONE',  ( 0.0000000000000000000, -1.000000000000000000, 0.0000000000000000000 ) ) ;
#5246 = VERTEX_POINT ( 'NONE', #6412 ) ;
#5247 = ADVANCED_FACE ( 'NONE', ( #1336 ), #11205, .F. ) ;
#5248 = PRESENTATION_LAYER_ASSIGNMENT (  '', '', ( #3952 ) ) ;
#5249 = ORIENTED_EDGE ( 'NONE', *, *, #5289, .F. ) ;
#5251 = CARTESIAN_POINT ( 'NONE',  ( -1.568300000000000249, 0.0000000000000000000, 0.1166021724064562892 ) ) ;
#5250 = CARTESIAN_POINT ( 'NONE',  ( 0.6304257238087359605, 0.1000000000000000056, 0.09929999999999988836 ) ) ;
#5252 = FACE_OUTER_BOUND ( 'NONE', #1892, .T. ) ;
#5253 = AXIS2_PLACEMENT_3D ( 'NONE', #10147, #4271, #11145 ) ;
#5254 = EDGE_CURVE ( 'NONE', #9280, #6519, #1052, .T. ) ;
#5255 = DIRECTION ( 'NONE',  ( 0.0000000000000000000, 0.0000000000000000000, -1.000000000000000000 ) ) ;
#5256 = ORIENTED_EDGE ( 'NONE', *, *, #6602, .F. ) ;
#5257 = DIRECTION ( 'NONE',  ( 0.0000000000000000000, 0.0000000000000000000, 1.000000000000000000 ) ) ;
#5258 =( LENGTH_UNIT ( ) NAMED_UNIT ( * ) SI_UNIT ( .MILLI., .METRE. ) );
#5259 = ORIENTED_EDGE ( 'NONE', *, *, #12308, .F. ) ;
#5260 = CIRCLE ( 'NONE', #205, 0.01500217240645655876 ) ;
#5261 = CARTESIAN_POINT ( 'NONE',  ( 0.1774300686216490897, 0.1000000000000000056, -0.4849978275935437066 ) ) ;
#5262 = FACE_OUTER_BOUND ( 'NONE', #10709, .T. ) ;
#5263 = ORIENTED_EDGE ( 'NONE', *, *, #6897, .T. ) ;
#5264 = EDGE_LOOP ( 'NONE', ( #4921, #10438, #10471, #11576 ) ) ;
#5265 = FILL_AREA_STYLE ('',( #3268 ) ) ;
#5266 = DIRECTION ( 'NONE',  ( -0.0000000000000000000, 1.000000000000000000, -0.0000000000000000000 ) ) ;
#5267 = AXIS2_PLACEMENT_3D ( 'NONE', #10083, #4200, #11076 ) ;
#5268 = EDGE_CURVE ( 'NONE', #12115, #66, #11519, .T. ) ;
#5269 = DIRECTION ( 'NONE',  ( 1.000000000000000000, 0.0000000000000000000, 0.0000000000000000000 ) ) ;
#5270 =( GEOMETRIC_REPRESENTATION_CONTEXT ( 3 ) GLOBAL_UNCERTAINTY_ASSIGNED_CONTEXT ( ( #5007 ) ) GLOBAL_UNIT_ASSIGNED_CONTEXT ( ( #6048, #113, #7046 ) ) REPRESENTATION_CONTEXT ( 'NONE', 'WORKASPACE' ) );
#5271 = PRESENTATION_LAYER_ASSIGNMENT (  '', '', ( #5977 ) ) ;
#5272 = CARTESIAN_POINT ( 'NONE',  ( 0.0000000000000000000, 0.0000000000000000000, 0.0000000000000000000 ) ) ;
#5273 = VERTEX_POINT ( 'NONE', #2431 ) ;
#5274 = SURFACE_STYLE_FILL_AREA ( #5265 ) ;
#5275 = ORIENTED_EDGE ( 'NONE', *, *, #2824, .T. ) ;
#5276 = SURFACE_STYLE_USAGE ( .BOTH. , #11181 ) ;
#5277 = DIRECTION ( 'NONE',  ( -1.000000000000000000, -0.0000000000000000000, -0.0000000000000000000 ) ) ;
#5278 = EDGE_CURVE ( 'NONE', #453, #4941, #11846, .T. ) ;
#5279 = PLANE ( 'NONE',  #6711 ) ;
#5280 = VECTOR ( 'NONE', #2493, 1000.000000000000000 ) ;
#5281 = DIRECTION ( 'NONE',  ( -0.0000000000000000000, -1.000000000000000000, -0.0000000000000000000 ) ) ;
#5282 = CARTESIAN_POINT ( 'NONE',  ( -0.6454278962151924759, 0.1000000000000000056, 0.1143021724064565564 ) ) ;
#5283 = EDGE_CURVE ( 'NONE', #11944, #6351, #6003, .T. ) ;
#5284 = VECTOR ( 'NONE', #7717, 1000.000000000000000 ) ;
#5285 = CARTESIAN_POINT ( 'NONE',  ( -1.568300000000000249, 0.1000000000000000056, 0.1166021724064562892 ) ) ;
#5286 = DIRECTION ( 'NONE',  ( 0.0000000000000000000, -1.000000000000000000, 0.0000000000000000000 ) ) ;
#5287 = CARTESIAN_POINT ( 'NONE',  ( 1.296184350947589881, 0.1000000000000000056, 0.4718000000000000527 ) ) ;
#5288 = ORIENTED_EDGE ( 'NONE', *, *, #4299, .F. ) ;
#5289 = EDGE_CURVE ( 'NONE', #2996, #2937, #3658, .T. ) ;
#5290 = FILL_AREA_STYLE_COLOUR ( '', #2081 ) ;
#5291 = VERTEX_POINT ( 'NONE', #9404 ) ;
#5292 = AXIS2_PLACEMENT_3D ( 'NONE', #2076, #9007, #3050 ) ;
#5293 = FACE_OUTER_BOUND ( 'NONE', #2895, .T. ) ;
#5294 = PRESENTATION_STYLE_ASSIGNMENT (( #12505 ) ) ;
#5296 = CARTESIAN_POINT ( 'NONE',  ( -1.086202172406457001, 0.0000000000000000000, 0.1015999999999997322 ) ) ;
#5295 = DIRECTION ( 'NONE',  ( -0.0000000000000000000, -1.000000000000000000, -0.0000000000000000000 ) ) ;
#5297 = CARTESIAN_POINT ( 'NONE',  ( -0.4585278962151925208, 0.0000000000000000000, 0.4694999999999999174 ) ) ;
#5298 =( LENGTH_UNIT ( ) NAMED_UNIT ( * ) SI_UNIT ( .MILLI., .METRE. ) );
#5299 = FACE_OUTER_BOUND ( 'NONE', #10191, .T. ) ;
#5300 = ORIENTED_EDGE ( 'NONE', *, *, #3150, .T. ) ;
#5301 = CARTESIAN_POINT ( 'NONE',  ( 0.7009302143396286544, 0.0000000000000000000, 0.05229999999999977722 ) ) ;
#5302 = LINE ( 'NONE', #11044, #355 ) ;
#5303 = COLOUR_RGB ( '',0.9686274509803921573, 0.8784313725490195957, 0.5999999999999999778 ) ;
#5304 = CARTESIAN_POINT ( 'NONE',  ( 1.296184350947589881, 0.1000000000000000056, 0.4718000000000000527 ) ) ;
#5305 = AXIS2_PLACEMENT_3D ( 'NONE', #9571, #3675, #10545 ) ;
#5306 = ORIENTED_EDGE ( 'NONE', *, *, #6173, .T. ) ;
#5307 = CARTESIAN_POINT ( 'NONE',  ( -1.067625723808735883, 0.1000000000000000056, -0.2003000000000002001 ) ) ;
#5308 = VERTEX_POINT ( 'NONE', #11381 ) ;
#5310 = AXIS2_PLACEMENT_3D ( 'NONE', #8791, #2829, #9764 ) ;
#5309 = CARTESIAN_POINT ( 'NONE',  ( 0.1005151071698142246, 0.0000000000000000000, -0.4976000000000002643 ) ) ;
#5311 =( NAMED_UNIT ( * ) SI_UNIT ( $, .STERADIAN. ) SOLID_ANGLE_UNIT ( ) );
#5312 = COLOUR_RGB ( '',0.9686274509803921573, 0.8784313725490195957, 0.5999999999999999778 ) ;
#5313 = DIRECTION ( 'NONE',  ( 1.000000000000000000, 0.0000000000000000000, 0.0000000000000000000 ) ) ;
#5314 = ORIENTED_EDGE ( 'NONE', *, *, #9509, .T. ) ;
#5315 = ADVANCED_FACE ( 'NONE', ( #8285 ), #6498, .F. ) ;
#5316 = VECTOR ( 'NONE', #5785, 1000.000000000000114 ) ;
#5317 = EDGE_CURVE ( 'NONE', #4050, #12527, #10898, .T. ) ;
#5318 = PRESENTATION_STYLE_ASSIGNMENT (( #12537 ) ) ;
#5319 = CARTESIAN_POINT ( 'NONE',  ( 1.067625723808735883, 0.0000000000000000000, -0.2003000000000001724 ) ) ;
#5320 = FACE_OUTER_BOUND ( 'NONE', #156, .T. ) ;
#5321 = VERTEX_POINT ( 'NONE', #9452 ) ;
#5322 = DIRECTION ( 'NONE',  ( 0.0000000000000000000, -1.000000000000000000, 0.0000000000000000000 ) ) ;
#5323 = DIRECTION ( 'NONE',  ( -0.0000000000000000000, -0.0000000000000000000, 1.000000000000000000 ) ) ;
#5324 = PRESENTATION_STYLE_ASSIGNMENT (( #9923 ) ) ;
#5325 = ORIENTED_EDGE ( 'NONE', *, *, #9677, .F. ) ;
#5326 = CIRCLE ( 'NONE', #444, 0.01500217240645655876 ) ;
#5327 = PRODUCT_DEFINITION_FORMATION_WITH_SPECIFIED_SOURCE ( 'ANY', '', #1842, .NOT_KNOWN. ) ;
#5328 = ORIENTED_EDGE ( 'NONE', *, *, #4264, .T. ) ;
#5329 = CARTESIAN_POINT ( 'NONE',  ( -0.3352278962151925557, 0.1000000000000000056, -0.4849978275935435956 ) ) ;
#5330 = EDGE_LOOP ( 'NONE', ( #1315, #5560, #9447, #7067, #3907, #2313, #3246 ) ) ;
#5331 = EDGE_CURVE ( 'NONE', #2648, #6187, #10575, .T. ) ;
#5332 = AXIS2_PLACEMENT_3D ( 'NONE', #7281, #1351, #8258 ) ;
#5333 = LINE ( 'NONE', #11112, #10565 ) ;
#5334 = AXIS2_PLACEMENT_3D ( 'NONE', #1339, #8245, #2318 ) ;
#5335 =( GEOMETRIC_REPRESENTATION_CONTEXT ( 3 ) GLOBAL_UNCERTAINTY_ASSIGNED_CONTEXT ( ( #2183 ) ) GLOBAL_UNIT_ASSIGNED_CONTEXT ( ( #12675, #6803, #881 ) ) REPRESENTATION_CONTEXT ( 'NONE', 'WORKASPACE' ) );
#5336 =( NAMED_UNIT ( * ) SI_UNIT ( $, .STERADIAN. ) SOLID_ANGLE_UNIT ( ) );
#5337 = VERTEX_POINT ( 'NONE', #8465 ) ;
#5338 = DIRECTION ( 'NONE',  ( 0.0000000000000000000, 0.0000000000000000000, 1.000000000000000000 ) ) ;
#5339 = CARTESIAN_POINT ( 'NONE',  ( -0.7009000000000003006, 0.1000000000000000056, 0.4999999999999997780 ) ) ;
#5340 = FACE_OUTER_BOUND ( 'NONE', #6659, .T. ) ;
#5341 = ORIENTED_EDGE ( 'NONE', *, *, #7051, .F. ) ;
#5342 = DIRECTION ( 'NONE',  ( -0.0000000000000000000, 1.000000000000000000, -0.0000000000000000000 ) ) ;
#5343 = LINE ( 'NONE', #604, #106 ) ;
#5344 = CARTESIAN_POINT ( 'NONE',  ( 0.3325300686216491330, 0.1000000000000000056, 0.08429782759354335908 ) ) ;
#5345 = CARTESIAN_POINT ( 'NONE',  ( 1.562027896215192335, 0.1000000000000000056, -0.1857361597196678649 ) ) ;
#5346 = CARTESIAN_POINT ( 'NONE',  ( -1.600000000000000311, 0.1000000000000000056, 0.4999999999999995559 ) ) ;
#5347 = CARTESIAN_POINT ( 'NONE',  ( 1.399000000000000243, 0.5000000000000000000, 0.5000000000000002220 ) ) ;
#5348 = DIRECTION ( 'NONE',  ( 0.0000000000000000000, 0.0000000000000000000, -1.000000000000000000 ) ) ;
#5349 = MECHANICAL_DESIGN_GEOMETRIC_PRESENTATION_REPRESENTATION (  '', ( #3361 ), #6046 ) ;
#5350 = VERTEX_POINT ( 'NONE', #6540 ) ;
#5351 = CARTESIAN_POINT ( 'NONE',  ( -1.577030068621648962, 0.1000000000000000056, -0.1857361597196679204 ) ) ;
#5352 = DIRECTION ( 'NONE',  ( -0.0000000000000000000, -1.000000000000000000, -0.0000000000000000000 ) ) ;
#5353 = ORIENTED_EDGE ( 'NONE', *, *, #11464, .T. ) ;
#5354 = DIRECTION ( 'NONE',  ( 0.0000000000000000000, -1.000000000000000000, 0.0000000000000000000 ) ) ;
#5355 = LINE ( 'NONE', #10510, #2411 ) ;
#5356 = CARTESIAN_POINT ( 'NONE',  ( 0.4691278962151925191, 0.0000000000000000000, 0.4800999999999998047 ) ) ;
#5357 = LINE ( 'NONE', #12193, #8010 ) ;
#5358 = DIRECTION ( 'NONE',  ( -0.0000000000000000000, -1.000000000000000000, -0.0000000000000000000 ) ) ;
#5359 = VERTEX_POINT ( 'NONE', #5524 ) ;
#5360 = DIRECTION ( 'NONE',  ( 0.0000000000000000000, 1.000000000000000000, 0.0000000000000000000 ) ) ;
#5361 = LINE ( 'NONE', #7202, #416 ) ;
#5362 = DIRECTION ( 'NONE',  ( -0.0000000000000000000, 1.000000000000000000, -0.0000000000000000000 ) ) ;
#5363 = EDGE_CURVE ( 'NONE', #3158, #4274, #5343, .T. ) ;
#5364 = CARTESIAN_POINT ( 'NONE',  ( -1.600000000000000311, -0.0000000000000000000, -0.5000000000000000000 ) ) ;
#5365 = ADVANCED_FACE ( 'NONE', ( #2699 ), #3577, .F. ) ;
#5366 = STYLED_ITEM ( 'NONE', ( #11980 ), #5590 ) ;
#5367 = ORIENTED_EDGE ( 'NONE', *, *, #572, .F. ) ;
#5368 = VECTOR ( 'NONE', #5984, 1000.000000000000000 ) ;
#5370 = ORIENTED_EDGE ( 'NONE', *, *, #6729, .F. ) ;
#5369 = EDGE_CURVE ( 'NONE', #4533, #5199, #396, .T. ) ;
#5371 = CARTESIAN_POINT ( 'NONE',  ( 1.021730214339628739, 0.0000000000000000000, 0.4999999999999993339 ) ) ;
#5372 = CARTESIAN_POINT ( 'NONE',  ( -1.299900000000000277, 0.5000000000000000000, -0.5000000000000002220 ) ) ;
#5373 = CARTESIAN_POINT ( 'NONE',  ( 1.099400000000000377, 0.5000000000000000000, 0.4012999999999999901 ) ) ;
#5374 = PRESENTATION_STYLE_ASSIGNMENT (( #12697 ) ) ;
#5375 = ADVANCED_FACE ( 'NONE', ( #3017 ), #1480, .T. ) ;
#5376 = FACE_OUTER_BOUND ( 'NONE', #2906, .T. ) ;
#5377 = CARTESIAN_POINT ( 'NONE',  ( 1.600000000000000311, 0.0000000000000000000, -0.5000000000000000000 ) ) ;
#5378 = ORIENTED_EDGE ( 'NONE', *, *, #934, .F. ) ;
#5379 = VECTOR ( 'NONE', #9533, 1000.000000000000000 ) ;
#5380 = UNCERTAINTY_MEASURE_WITH_UNIT (LENGTH_MEASURE( 1.000000000000000082E-05 ), #4727, 'distance_accuracy_value', 'NONE');
#5381 = AXIS2_PLACEMENT_3D ( 'NONE', #12738, #9862, #3970 ) ;
#5382 = VERTEX_POINT ( 'NONE', #7608 ) ;
#5383 = CARTESIAN_POINT ( 'NONE',  ( -1.021700000000000275, 0.1000000000000000056, 0.05229999999999980498 ) ) ;
#5384 = CARTESIAN_POINT ( 'NONE',  ( -1.571800000000000308, 0.09999999999999999167, 0.1016000000000000236 ) ) ;
#5385 = DIRECTION ( 'NONE',  ( 0.0000000000000000000, -1.000000000000000000, 0.0000000000000000000 ) ) ;
#5386 = CARTESIAN_POINT ( 'NONE',  ( 0.7009302143396286544, 0.1000000000000000056, 0.05229999999999977722 ) ) ;
#5387 = PRESENTATION_STYLE_ASSIGNMENT (( #10354 ) ) ;
#5388 = DIRECTION ( 'NONE',  ( 1.000000000000000000, 0.0000000000000000000, -1.171755763104686462E-17 ) ) ;
#5389 =( NAMED_UNIT ( * ) SI_UNIT ( $, .STERADIAN. ) SOLID_ANGLE_UNIT ( ) );
#5390 = VECTOR ( 'NONE', #9206, 1000.000000000000000 ) ;
#5391 = DIRECTION ( 'NONE',  ( 0.0000000000000000000, 0.0000000000000000000, 1.000000000000000000 ) ) ;
#5392 = DIRECTION ( 'NONE',  ( 1.000000000000000000, 0.0000000000000000000, 0.0000000000000000000 ) ) ;
#5393 = PLANE ( 'NONE',  #12118 ) ;
#5394 = ORIENTED_EDGE ( 'NONE', *, *, #2878, .F. ) ;
#5395 = DIRECTION ( 'NONE',  ( -1.000000000000000000, 0.0000000000000000000, -1.171755763104686308E-17 ) ) ;
#5396 = ORIENTED_EDGE ( 'NONE', *, *, #1654, .T. ) ;
#5397 = VERTEX_POINT ( 'NONE', #6626 ) ;
#5398 = DIRECTION ( 'NONE',  ( 0.0000000000000000000, -1.000000000000000000, 0.0000000000000000000 ) ) ;
#5399 = LINE ( 'NONE', #9976, #8042 ) ;
#5400 = AXIS2_PLACEMENT_3D ( 'NONE', #7048, #11985, #3109 ) ;
#5401 = ORIENTED_EDGE ( 'NONE', *, *, #4635, .F. ) ;
#5402 = EDGE_CURVE ( 'NONE', #12183, #9153, #4117, .T. ) ;
#5403 = ORIENTED_EDGE ( 'NONE', *, *, #7024, .T. ) ;
#5404 = AXIS2_PLACEMENT_3D ( 'NONE', #12206, #6322, #379 ) ;
#5405 = DIRECTION ( 'NONE',  ( 0.7071067811865584529, 0.0000000000000000000, 0.7071067811865365815 ) ) ;
#5406 = AXIS2_PLACEMENT_3D ( 'NONE', #11367, #5469, #12366 ) ;
#5407 = CARTESIAN_POINT ( 'NONE',  ( -1.071200000000000374, 0.1000000000000000056, 0.1166021724064564002 ) ) ;
#5408 = ORIENTED_EDGE ( 'NONE', *, *, #12435, .T. ) ;
#5409 = ORIENTED_EDGE ( 'NONE', *, *, #3935, .T. ) ;
#5410 = PLANE ( 'NONE',  #7605 ) ;
#5411 = ORIENTED_EDGE ( 'NONE', *, *, #8962, .F. ) ;
#5412 = VERTEX_POINT ( 'NONE', #3671 ) ;
#5413 = VECTOR ( 'NONE', #9866, 1000.000000000000000 ) ;
#5414 = CARTESIAN_POINT ( 'NONE',  ( -1.568300000000000249, 0.1000000000000000056, 0.1166021724064562892 ) ) ;
#5415 = SURFACE_STYLE_USAGE ( .BOTH. , #11321 ) ;
#5416 = LINE ( 'NONE', #4382, #2771 ) ;
#5417 = DIRECTION ( 'NONE',  ( 0.0000000000000000000, 0.0000000000000000000, -1.000000000000000000 ) ) ;
#5418 = DIRECTION ( 'NONE',  ( 0.0000000000000000000, 0.0000000000000000000, 1.000000000000000000 ) ) ;
#5419 = VERTEX_POINT ( 'NONE', #2647 ) ;
#5420 = AXIS2_PLACEMENT_3D ( 'NONE', #10361, #4480, #11371 ) ;
#5422 = CARTESIAN_POINT ( 'NONE',  ( -1.600000000000000311, 0.1000000000000000056, -0.04990000000000018032 ) ) ;
#5421 = DIRECTION ( 'NONE',  ( 0.0000000000000000000, -1.000000000000000000, 0.0000000000000000000 ) ) ;
#5423 = VERTEX_POINT ( 'NONE', #5656 ) ;
#5424 = LINE ( 'NONE', #12564, #2783 ) ;
#5425 = VERTEX_POINT ( 'NONE', #8605 ) ;
#5426 = VECTOR ( 'NONE', #7232, 1000.000000000000000 ) ;
#5427 = VERTEX_POINT ( 'NONE', #12539 ) ;
#5428 = UNCERTAINTY_MEASURE_WITH_UNIT (LENGTH_MEASURE( 1.000000000000000082E-05 ), #642, 'distance_accuracy_value', 'NONE');
#5429 = LINE ( 'NONE', #12249, #8071 ) ;
#5430 = PRESENTATION_LAYER_ASSIGNMENT (  '', '', ( #4785 ) ) ;
#5431 = CARTESIAN_POINT ( 'NONE',  ( -1.600000000000000311, 0.0000000000000000000, 0.4999999999999995559 ) ) ;
#5432 = VECTOR ( 'NONE', #2077, 1000.000000000000000 ) ;
#5433 = CARTESIAN_POINT ( 'NONE',  ( 1.600030214339628554, 0.0000000000000000000, -0.04990000000000015257 ) ) ;
#5434 = DIRECTION ( 'NONE',  ( 0.0000000000000000000, 0.0000000000000000000, -1.000000000000000000 ) ) ;
#5435 = ADVANCED_FACE ( 'NONE', ( #6454 ), #1593, .T. ) ;
#5436 = DIRECTION ( 'NONE',  ( -1.000000000000000000, 0.0000000000000000000, 0.0000000000000000000 ) ) ;
#5437 = FILL_AREA_STYLE ('',( #9368 ) ) ;
#5438 = DIRECTION ( 'NONE',  ( 0.0000000000000000000, 0.0000000000000000000, -1.000000000000000000 ) ) ;
#5439 = ORIENTED_EDGE ( 'NONE', *, *, #6252, .F. ) ;
#5440 = FILL_AREA_STYLE ('',( #478 ) ) ;
#5441 = DIRECTION ( 'NONE',  ( 0.0000000000000000000, 1.000000000000000000, 0.0000000000000000000 ) ) ;
#5442 = VERTEX_POINT ( 'NONE', #4708 ) ;
#5443 = CARTESIAN_POINT ( 'NONE',  ( -1.103100000000000414, 0.5000000000000000000, 0.1016000000000000236 ) ) ;
#5444 = EDGE_LOOP ( 'NONE', ( #2465, #1235, #4812, #749 ) ) ;
#5445 = EDGE_CURVE ( 'NONE', #6374, #3696, #554, .T. ) ;
#5446 = ADVANCED_FACE ( 'NONE', ( #11675 ), #774, .T. ) ;
#5447 = FACE_OUTER_BOUND ( 'NONE', #4046, .T. ) ;
#5448 = EDGE_CURVE ( 'NONE', #8342, #12259, #7212, .T. ) ;
#5449 = LINE ( 'NONE', #1772, #10360 ) ;
#5450 = AXIS2_PLACEMENT_3D ( 'NONE', #1791, #8717, #2752 ) ;
#5451 = DIRECTION ( 'NONE',  ( -1.000000000000000000, 0.0000000000000000000, 0.0000000000000000000 ) ) ;
#5452 = EDGE_CURVE ( 'NONE', #11815, #1675, #9820, .T. ) ;
#5453 = SURFACE_SIDE_STYLE ('',( #1285 ) ) ;
#5454 = CARTESIAN_POINT ( 'NONE',  ( -0.6304257238087359605, 0.1000000000000000056, 0.09929999999999991611 ) ) ;
#5455 = ORIENTED_EDGE ( 'NONE', *, *, #4566, .T. ) ;
#5456 = SURFACE_STYLE_FILL_AREA ( #11514 ) ;
#5457 = ORIENTED_EDGE ( 'NONE', *, *, #9583, .T. ) ;
#5458 = COLOUR_RGB ( '',0.9686274509803921573, 0.8784313725490195957, 0.5999999999999999778 ) ;
#5459 = DIRECTION ( 'NONE',  ( 0.0000000000000000000, -1.000000000000000000, 0.0000000000000000000 ) ) ;
#5460 = ADVANCED_FACE ( 'NONE', ( #12132 ), #4266, .F. ) ;
#5461 = DIRECTION ( 'NONE',  ( 0.0000000000000000000, -1.000000000000000000, 0.0000000000000000000 ) ) ;
#5462 = ORIENTED_EDGE ( 'NONE', *, *, #8029, .F. ) ;
#5463 = CARTESIAN_POINT ( 'NONE',  ( -1.300163347198079355, 0.09999999999999999167, -0.4874305275949878946 ) ) ;
#5464 = EDGE_CURVE ( 'NONE', #3850, #4516, #6918, .T. ) ;
#5465 = DIRECTION ( 'NONE',  ( 0.0000000000000000000, 0.0000000000000000000, 1.000000000000000000 ) ) ;
#5466 =( NAMED_UNIT ( * ) SI_UNIT ( $, .STERADIAN. ) SOLID_ANGLE_UNIT ( ) );
#5467 = VECTOR ( 'NONE', #3795, 1000.000000000000114 ) ;
#5468 = CARTESIAN_POINT ( 'NONE',  ( -0.3281278962151925049, 0.1000000000000000056, 0.4694999999999999174 ) ) ;
#5469 = DIRECTION ( 'NONE',  ( 1.000000000000000000, 0.0000000000000000000, -5.601979127806940577E-17 ) ) ;
#5470 = VERTEX_POINT ( 'NONE', #8781 ) ;
#5471 = MECHANICAL_DESIGN_GEOMETRIC_PRESENTATION_REPRESENTATION (  '', ( #3479 ), #6146 ) ;
#5472 = COLOUR_RGB ( '',0.9686274509803921573, 0.8784313725490195957, 0.5999999999999999778 ) ;
#5473 = ORIENTED_EDGE ( 'NONE', *, *, #5068, .T. ) ;
#5474 = FACE_OUTER_BOUND ( 'NONE', #2003, .T. ) ;
#5476 = SURFACE_STYLE_USAGE ( .BOTH. , #11372 ) ;
#5475 = FILL_AREA_STYLE ('',( #502 ) ) ;
#5477 = PRESENTATION_STYLE_ASSIGNMENT (( #11159 ) ) ;
#5478 = ORIENTED_EDGE ( 'NONE', *, *, #4028, .F. ) ;
#5479 = CARTESIAN_POINT ( 'NONE',  ( -0.6454278962151924759, 0.0000000000000000000, 0.4826978275935432383 ) ) ;
#5480 = ORIENTED_EDGE ( 'NONE', *, *, #2153, .F. ) ;
#5481 = COLOUR_RGB ( '',0.9686274509803921573, 0.8784313725490195957, 0.5999999999999999778 ) ;
#5482 = EDGE_LOOP ( 'NONE', ( #3384, #2551, #4874, #12091 ) ) ;
#5483 =( LENGTH_UNIT ( ) NAMED_UNIT ( * ) SI_UNIT ( .MILLI., .METRE. ) );
#5484 = LINE ( 'NONE', #10735, #3147 ) ;
#5485 = DIRECTION ( 'NONE',  ( 0.0000000000000000000, -1.000000000000000000, 0.0000000000000000000 ) ) ;
#5486 = ORIENTED_EDGE ( 'NONE', *, *, #12645, .F. ) ;
#5487 = AXIS2_PLACEMENT_3D ( 'NONE', #3120, #10029, #4143 ) ;
#5488 = EDGE_CURVE ( 'NONE', #7063, #4336, #4574, .T. ) ;
#5489 =( NAMED_UNIT ( * ) PLANE_ANGLE_UNIT ( ) SI_UNIT ( $, .RADIAN. ) );
#5490 = DIRECTION ( 'NONE',  ( 0.0000000000000000000, -0.0000000000000000000, -1.000000000000000000 ) ) ;
#5491 = DIRECTION ( 'NONE',  ( -0.0000000000000000000, -1.000000000000000000, -0.0000000000000000000 ) ) ;
#5492 =( LENGTH_UNIT ( ) NAMED_UNIT ( * ) SI_UNIT ( .MILLI., .METRE. ) );
#5493 = ORIENTED_EDGE ( 'NONE', *, *, #320, .F. ) ;
#5494 = UNCERTAINTY_MEASURE_WITH_UNIT (LENGTH_MEASURE( 1.000000000000000082E-05 ), #3894, 'distance_accuracy_value', 'NONE');
#5495 = COLOUR_RGB ( '',0.9686274509803921573, 0.8784313725490195957, 0.5999999999999999778 ) ;
#5496 = SURFACE_STYLE_FILL_AREA ( #2678 ) ;
#5497 = EDGE_CURVE ( 'NONE', #9827, #8121, #11835, .T. ) ;
#5498 = ORIENTED_EDGE ( 'NONE', *, *, #6218, .F. ) ;
#5499 = LINE ( 'NONE', #8148, #10415 ) ;
#5500 = EDGE_CURVE ( 'NONE', #8392, #5470, #1636, .T. ) ;
#5501 = UNCERTAINTY_MEASURE_WITH_UNIT (LENGTH_MEASURE( 1.000000000000000082E-05 ), #8136, 'distance_accuracy_value', 'NONE');
#5502 =( NAMED_UNIT ( * ) SI_UNIT ( $, .STERADIAN. ) SOLID_ANGLE_UNIT ( ) );
#5503 = ORIENTED_EDGE ( 'NONE', *, *, #5015, .F. ) ;
#5504 = VECTOR ( 'NONE', #5921, 1000.000000000000000 ) ;
#5505 =( NAMED_UNIT ( * ) SI_UNIT ( $, .STERADIAN. ) SOLID_ANGLE_UNIT ( ) );
#5506 = ADVANCED_FACE ( 'NONE', ( #3968 ), #2867, .F. ) ;
#5507 = LINE ( 'NONE', #6247, #5197 ) ;
#5508 = EDGE_CURVE ( 'NONE', #676, #8191, #6286, .T. ) ;
#5509 = MECHANICAL_DESIGN_GEOMETRIC_PRESENTATION_REPRESENTATION (  '', ( #2841 ), #6179 ) ;
#5510 = SURFACE_SIDE_STYLE ('',( #5659 ) ) ;
#5511 = SURFACE_STYLE_FILL_AREA ( #1914 ) ;
#5512 = AXIS2_PLACEMENT_3D ( 'NONE', #12707, #6841, #921 ) ;
#5513 = CARTESIAN_POINT ( 'NONE',  ( -1.553297827593543845, 0.1000000000000000056, 0.1166021724064561782 ) ) ;
#5514 = CARTESIAN_POINT ( 'NONE',  ( 0.4797278962151925175, 0.1000000000000000056, 0.4976999999999999202 ) ) ;
#5515 = SURFACE_STYLE_USAGE ( .BOTH. , #11417 ) ;
#5516 = CARTESIAN_POINT ( 'NONE',  ( 1.568300000000000249, 0.0000000000000000000, 0.1166021724064566778 ) ) ;
#5517 = EDGE_CURVE ( 'NONE', #12071, #8821, #8916, .T. ) ;
#5518 = ORIENTED_EDGE ( 'NONE', *, *, #869, .F. ) ;
#5519 = CARTESIAN_POINT ( 'NONE',  ( 1.086202172406457001, 0.0000000000000000000, 0.1016000000000000097 ) ) ;
#5520 = VERTEX_POINT ( 'NONE', #10760 ) ;
#5521 = LINE ( 'NONE', #7329, #10127 ) ;
#5522 = ORIENTED_EDGE ( 'NONE', *, *, #1015, .T. ) ;
#5523 = CARTESIAN_POINT ( 'NONE',  ( -0.3325300686216491330, 0.1000000000000000056, 0.09929999999999988836 ) ) ;
#5524 = CARTESIAN_POINT ( 'NONE',  ( 0.3352278962151925557, 0.1000000000000000056, -0.4849978275935435956 ) ) ;
#5525 = CARTESIAN_POINT ( 'NONE',  ( 1.600000000000000311, 0.1000000000000000056, 0.5000000000000000000 ) ) ;
#5526 = EDGE_CURVE ( 'NONE', #5121, #5419, #11504, .T. ) ;
#5527 = CIRCLE ( 'NONE', #12283, 0.01500217240645655876 ) ;
#5528 = DIRECTION ( 'NONE',  ( -5.163305667262247253E-16, 0.0000000000000000000, 1.000000000000000000 ) ) ;
#5529 = PRESENTATION_STYLE_ASSIGNMENT (( #11017 ) ) ;
#5530 =( GEOMETRIC_REPRESENTATION_CONTEXT ( 3 ) GLOBAL_UNCERTAINTY_ASSIGNED_CONTEXT ( ( #9566 ) ) GLOBAL_UNIT_ASSIGNED_CONTEXT ( ( #6746, #814, #7723 ) ) REPRESENTATION_CONTEXT ( 'NONE', 'WORKASPACE' ) );
#5531 = AXIS2_PLACEMENT_3D ( 'NONE', #768, #7688, #1756 ) ;
#5532 = FILL_AREA_STYLE_COLOUR ( '', #4017 ) ;
#5533 = ADVANCED_FACE ( 'NONE', ( #1042 ), #965, .F. ) ;
#5534 = CARTESIAN_POINT ( 'NONE',  ( -0.1624278962151925743, 0.1000000000000000056, 0.4826978275935432383 ) ) ;
#5535 = EDGE_CURVE ( 'NONE', #1673, #11265, #5992, .T. ) ;
#5536 = FACE_OUTER_BOUND ( 'NONE', #11270, .T. ) ;
#5537 = VECTOR ( 'NONE', #3531, 1000.000000000000000 ) ;
#5538 = ORIENTED_EDGE ( 'NONE', *, *, #7463, .F. ) ;
#5539 = ORIENTED_EDGE ( 'NONE', *, *, #5753, .F. ) ;
#5540 = VERTEX_POINT ( 'NONE', #9877 ) ;
#5541 = SURFACE_SIDE_STYLE ('',( #9920 ) ) ;
#5542 = ORIENTED_EDGE ( 'NONE', *, *, #1897, .F. ) ;
#5543 = EDGE_CURVE ( 'NONE', #5423, #4825, #720, .T. ) ;
#5544 = CARTESIAN_POINT ( 'NONE',  ( -0.3766000000000001569, 0.0000000000000000000, 0.05229999999999981886 ) ) ;
#5545 = EDGE_CURVE ( 'NONE', #11398, #6831, #11192, .T. ) ;
#5546 = LINE ( 'NONE', #10728, #8490 ) ;
#5547 = VECTOR ( 'NONE', #6505, 1000.000000000000000 ) ;
#5548 = ORIENTED_EDGE ( 'NONE', *, *, #12728, .F. ) ;
#5549 = PLANE ( 'NONE',  #10858 ) ;
#5550 = VERTEX_POINT ( 'NONE', #11868 ) ;
#5551 = VERTEX_POINT ( 'NONE', #6971 ) ;
#5552 = PLANE ( 'NONE',  #10279 ) ;
#5553 = FILL_AREA_STYLE ('',( #9479 ) ) ;
#5554 = EDGE_LOOP ( 'NONE', ( #6893, #1128 ) ) ;
#5555 = DIRECTION ( 'NONE',  ( 0.0000000000000000000, -1.000000000000000000, 0.0000000000000000000 ) ) ;
#5556 = PRESENTATION_LAYER_ASSIGNMENT (  '', '', ( #4238 ) ) ;
#5557 = MECHANICAL_DESIGN_GEOMETRIC_PRESENTATION_REPRESENTATION (  '', ( #4242 ), #6236 ) ;
#5558 = DIRECTION ( 'NONE',  ( 1.000000000000000000, 0.0000000000000000000, -0.0000000000000000000 ) ) ;
#5559 = ORIENTED_EDGE ( 'NONE', *, *, #5084, .T. ) ;
#5560 = ORIENTED_EDGE ( 'NONE', *, *, #11484, .T. ) ;
#5561 = CARTESIAN_POINT ( 'NONE',  ( -1.082627896215192509, -0.0000000000000000000, -0.2153021724064568543 ) ) ;
#5562 = DIRECTION ( 'NONE',  ( 0.0000000000000000000, 1.000000000000000000, 0.0000000000000000000 ) ) ;
#5563 = ADVANCED_FACE ( 'NONE', ( #5651 ), #9833, .T. ) ;
#5564 = CARTESIAN_POINT ( 'NONE',  ( 1.099400000000000377, 0.5000000000000000000, 0.4012999999999999901 ) ) ;
#5565 = EDGE_CURVE ( 'NONE', #35, #11999, #2093, .T. ) ;
#5566 = ORIENTED_EDGE ( 'NONE', *, *, #6807, .T. ) ;
#5567 =( LENGTH_UNIT ( ) NAMED_UNIT ( * ) SI_UNIT ( .MILLI., .METRE. ) );
#5568 = CARTESIAN_POINT ( 'NONE',  ( -1.071200000000000374, 0.1000000000000000056, 0.1166021724064564002 ) ) ;
#5569 = SURFACE_STYLE_USAGE ( .BOTH. , #11470 ) ;
#5570 = LINE ( 'NONE', #7913, #7908 ) ;
#5571 = PLANE ( 'NONE',  #1726 ) ;
#5572 = EDGE_LOOP ( 'NONE', ( #6802, #741, #6304, #1091, #9731, #12136, #4835, #5660 ) ) ;
#5573 =( GEOMETRIC_REPRESENTATION_CONTEXT ( 3 ) GLOBAL_UNCERTAINTY_ASSIGNED_CONTEXT ( ( #8523 ) ) GLOBAL_UNIT_ASSIGNED_CONTEXT ( ( #5662, #12550, #6679 ) ) REPRESENTATION_CONTEXT ( 'NONE', 'WORKASPACE' ) );
#5574 = VERTEX_POINT ( 'NONE', #7999 ) ;
#5575 = CYLINDRICAL_SURFACE ( 'NONE', #1535, 0.01500217240645658652 ) ;
#5576 = EDGE_CURVE ( 'NONE', #12702, #10377, #9962, .T. ) ;
#5577 = EDGE_CURVE ( 'NONE', #11288, #3941, #12270, .T. ) ;
#5578 = PRESENTATION_LAYER_ASSIGNMENT (  '', '', ( #3593 ) ) ;
#5579 = VECTOR ( 'NONE', #513, 1000.000000000000000 ) ;
#5580 = PRESENTATION_LAYER_ASSIGNMENT (  '', '', ( #4938 ) ) ;
#5581 = VERTEX_POINT ( 'NONE', #7016 ) ;
#5582 = EDGE_LOOP ( 'NONE', ( #11535, #9529, #6969, #5396 ) ) ;
#5583 = DIRECTION ( 'NONE',  ( -0.0000000000000000000, -0.0000000000000000000, -1.000000000000000000 ) ) ;
#5584 = PRESENTATION_STYLE_ASSIGNMENT (( #9757 ) ) ;
#5585 = DIRECTION ( 'NONE',  ( 0.0000000000000000000, 0.0000000000000000000, -1.000000000000000000 ) ) ;
#5586 = STYLED_ITEM ( 'NONE', ( #5294 ), #3792 ) ;
#5587 = CARTESIAN_POINT ( 'NONE',  ( -1.286200000000000454, 0.09999999999999999167, 0.4718000000000000527 ) ) ;
#5588 = CARTESIAN_POINT ( 'NONE',  ( 1.600000000000000311, 0.1000000000000000056, 0.05229999999999978416 ) ) ;
#5589 = CARTESIAN_POINT ( 'NONE',  ( 0.3202257238087359292, 0.1000000000000000056, -0.5000000000000002220 ) ) ;
#5590 = ADVANCED_FACE ( 'NONE', ( #4729 ), #11020, .T. ) ;
#5591 = ORIENTED_EDGE ( 'NONE', *, *, #2227, .F. ) ;
#5592 = PLANE ( 'NONE',  #2034 ) ;
#5593 = LINE ( 'NONE', #8209, #10506 ) ;
#5594 = ORIENTED_EDGE ( 'NONE', *, *, #7934, .F. ) ;
#5595 = DIRECTION ( 'NONE',  ( 1.000000000000000000, 0.0000000000000000000, 0.0000000000000000000 ) ) ;
#5596 = FILL_AREA_STYLE_COLOUR ( '', #11404 ) ;
#5597 = DIRECTION ( 'NONE',  ( 0.0000000000000000000, 1.000000000000000000, 0.0000000000000000000 ) ) ;
#5598 = COLOUR_RGB ( '',0.9686274509803921573, 0.8784313725490195957, 0.5999999999999999778 ) ;
#5599 = FACE_OUTER_BOUND ( 'NONE', #6576, .T. ) ;
#5600 =( GEOMETRIC_REPRESENTATION_CONTEXT ( 3 ) GLOBAL_UNCERTAINTY_ASSIGNED_CONTEXT ( ( #10001 ) ) GLOBAL_UNIT_ASSIGNED_CONTEXT ( ( #3115, #10020, #4132 ) ) REPRESENTATION_CONTEXT ( 'NONE', 'WORKASPACE' ) );
#5601 = CARTESIAN_POINT ( 'NONE',  ( -1.571800000000000308, 0.09999999999999999167, 0.1862000000000001432 ) ) ;
#5602 =( GEOMETRIC_REPRESENTATION_CONTEXT ( 3 ) GLOBAL_UNCERTAINTY_ASSIGNED_CONTEXT ( ( #3741 ) ) GLOBAL_UNIT_ASSIGNED_CONTEXT ( ( #8903, #2949, #9876 ) ) REPRESENTATION_CONTEXT ( 'NONE', 'WORKASPACE' ) );
#5603 = DIRECTION ( 'NONE',  ( -0.7071067811865474617, 0.0000000000000000000, 0.7071067811865474617 ) ) ;
#5604 = LINE ( 'NONE', #758, #670 ) ;
#5605 =( GEOMETRIC_REPRESENTATION_CONTEXT ( 3 ) GLOBAL_UNCERTAINTY_ASSIGNED_CONTEXT ( ( #5763 ) ) GLOBAL_UNIT_ASSIGNED_CONTEXT ( ( #491, #7420, #1486 ) ) REPRESENTATION_CONTEXT ( 'NONE', 'WORKASPACE' ) );
#5606 = DIRECTION ( 'NONE',  ( -4.843431639425975498E-16, 0.0000000000000000000, 1.000000000000000000 ) ) ;
#5607 = ORIENTED_EDGE ( 'NONE', *, *, #9548, .T. ) ;
#5608 = COLOUR_RGB ( '',0.9686274509803921573, 0.8784313725490195957, 0.5999999999999999778 ) ;
#5609 = ORIENTED_EDGE ( 'NONE', *, *, #10679, .F. ) ;
#5610 = SURFACE_SIDE_STYLE ('',( #5456 ) ) ;
#5611 = COLOUR_RGB ( '',0.0000000000000000000, 0.7529411764705882248, 0.0000000000000000000 ) ;
#5612 = VECTOR ( 'NONE', #11605, 1000.000000000000000 ) ;
#5613 = FACE_OUTER_BOUND ( 'NONE', #12393, .T. ) ;
#5614 = PLANE ( 'NONE',  #5192 ) ;
#5615 = SURFACE_SIDE_STYLE ('',( #10215 ) ) ;
#5616 = CARTESIAN_POINT ( 'NONE',  ( -1.562027896215192557, -0.0000000000000000000, -0.1167021724064567501 ) ) ;
#5617 = DIRECTION ( 'NONE',  ( 4.843431639425979442E-16, -0.0000000000000000000, 1.000000000000000000 ) ) ;
#5618 = EDGE_CURVE ( 'NONE', #2648, #7479, #3471, .T. ) ;
#5619 = EDGE_CURVE ( 'NONE', #1109, #9420, #867, .T. ) ;
#5620 = VECTOR ( 'NONE', #187, 1000.000000000000000 ) ;
#5621 = PRESENTATION_LAYER_ASSIGNMENT (  '', '', ( #4980 ) ) ;
#5622 = CIRCLE ( 'NONE', #11282, 0.3000999999999999779 ) ;
#5623 = ORIENTED_EDGE ( 'NONE', *, *, #7091, .F. ) ;
#5624 = DIRECTION ( 'NONE',  ( 0.0000000000000000000, 0.0000000000000000000, -1.000000000000000000 ) ) ;
#5625 = ORIENTED_EDGE ( 'NONE', *, *, #6214, .F. ) ;
#5626 = EDGE_CURVE ( 'NONE', #10532, #11403, #6121, .T. ) ;
#5627 = ORIENTED_EDGE ( 'NONE', *, *, #7413, .F. ) ;
#5628 = SURFACE_SIDE_STYLE ('',( #1904 ) ) ;
#5629 = PRESENTATION_STYLE_ASSIGNMENT (( #3131 ) ) ;
#5630 = DIRECTION ( 'NONE',  ( 0.0000000000000000000, -1.000000000000000000, 0.0000000000000000000 ) ) ;
#5631 = ADVANCED_FACE ( 'NONE', ( #8429 ), #1209, .T. ) ;
#5632 = ORIENTED_EDGE ( 'NONE', *, *, #5626, .F. ) ;
#5633 = VECTOR ( 'NONE', #8877, 1000.000000000000000 ) ;
#5634 = EDGE_LOOP ( 'NONE', ( #11111, #194, #1038, #1987 ) ) ;
#5635 = FILL_AREA_STYLE ('',( #4642 ) ) ;
#5636 = FACE_OUTER_BOUND ( 'NONE', #2329, .T. ) ;
#5637 = CARTESIAN_POINT ( 'NONE',  ( -1.568300000000000249, 0.1000000000000000056, 0.1166021724064562892 ) ) ;
#5638 = FACE_OUTER_BOUND ( 'NONE', #4109, .T. ) ;
#5639 = ORIENTED_EDGE ( 'NONE', *, *, #11569, .F. ) ;
#5640 =( LENGTH_UNIT ( ) NAMED_UNIT ( * ) SI_UNIT ( .MILLI., .METRE. ) );
#5641 = EDGE_LOOP ( 'NONE', ( #4182, #2785, #5649, #4834 ) ) ;
#5642 = PRESENTATION_LAYER_ASSIGNMENT (  '', '', ( #3661 ) ) ;
#5643 = DIRECTION ( 'NONE',  ( -1.000000000000000000, -0.0000000000000000000, -0.0000000000000000000 ) ) ;
#5644 = VECTOR ( 'NONE', #8921, 1000.000000000000000 ) ;
#5645 =( NAMED_UNIT ( * ) PLANE_ANGLE_UNIT ( ) SI_UNIT ( $, .RADIAN. ) );
#5646 = ORIENTED_EDGE ( 'NONE', *, *, #4422, .F. ) ;
#5647 = ORIENTED_EDGE ( 'NONE', *, *, #1741, .F. ) ;
#5648 = VERTEX_POINT ( 'NONE', #238 ) ;
#5649 = ORIENTED_EDGE ( 'NONE', *, *, #6879, .F. ) ;
#5650 = CARTESIAN_POINT ( 'NONE',  ( -0.3175278962151925066, 0.1000000000000000056, 0.08429782759354324806 ) ) ;
#5651 = FACE_OUTER_BOUND ( 'NONE', #573, .T. ) ;
#5652 = CARTESIAN_POINT ( 'NONE',  ( -0.3352278962151925557, 0.0000000000000000000, -0.4849978275935435956 ) ) ;
#5653 = SURFACE_SIDE_STYLE ('',( #10553 ) ) ;
#5654 = EDGE_LOOP ( 'NONE', ( #197, #7144, #11314, #10794, #7874, #30, #11560, #582, #11053, #11090, #2013 ) ) ;
#5655 = DIRECTION ( 'NONE',  ( -4.843431639425979442E-16, 0.0000000000000000000, -1.000000000000000000 ) ) ;
#5656 = CARTESIAN_POINT ( 'NONE',  ( -1.373961839504919347, 0.09999999999999999167, -0.3025999999999999801 ) ) ;
#5657 = UNCERTAINTY_MEASURE_WITH_UNIT (LENGTH_MEASURE( 1.000000000000000082E-05 ), #2046, 'distance_accuracy_value', 'NONE');
#5658 = STYLED_ITEM ( 'NONE', ( #7978 ), #8844 ) ;
#5659 = SURFACE_STYLE_FILL_AREA ( #11410 ) ;
#5660 = ORIENTED_EDGE ( 'NONE', *, *, #9721, .F. ) ;
#5661 =( LENGTH_UNIT ( ) NAMED_UNIT ( * ) SI_UNIT ( .MILLI., .METRE. ) );
#5662 =( LENGTH_UNIT ( ) NAMED_UNIT ( * ) SI_UNIT ( .MILLI., .METRE. ) );
#5663 = ADVANCED_FACE ( 'NONE', ( #6453 ), #1247, .T. ) ;
#5664 = EDGE_CURVE ( 'NONE', #2819, #3469, #2853, .T. ) ;
#5665 = DIRECTION ( 'NONE',  ( -0.0000000000000000000, -0.0000000000000000000, 1.000000000000000000 ) ) ;
#5666 = VECTOR ( 'NONE', #3489, 1000.000000000000000 ) ;
#5667 = MECHANICAL_DESIGN_GEOMETRIC_PRESENTATION_REPRESENTATION (  '', ( #3679 ), #6340 ) ;
#5668 = FACE_OUTER_BOUND ( 'NONE', #6940, .T. ) ;
#5669 = CARTESIAN_POINT ( 'NONE',  ( -0.1004848928301857736, 0.1000000000000000056, -0.4976000000000002643 ) ) ;
#5670 = UNCERTAINTY_MEASURE_WITH_UNIT (LENGTH_MEASURE( 1.000000000000000082E-05 ), #2580, 'distance_accuracy_value', 'NONE');
#5671 = DIRECTION ( 'NONE',  ( 0.0000000000000000000, 0.0000000000000000000, -1.000000000000000000 ) ) ;
#5672 = STYLED_ITEM ( 'NONE', ( #5035 ), #3424 ) ;
#5673 = DIRECTION ( 'NONE',  ( 0.0000000000000000000, 0.0000000000000000000, -1.000000000000000000 ) ) ;
#5674 = CIRCLE ( 'NONE', #1553, 1.104999999999999982 ) ;
#5675 = EDGE_CURVE ( 'NONE', #634, #792, #5499, .T. ) ;
#5676 = DIRECTION ( 'NONE',  ( 0.0000000000000000000, -0.0000000000000000000, -1.000000000000000000 ) ) ;
#5677 = VERTEX_POINT ( 'NONE', #1282 ) ;
#5678 = CARTESIAN_POINT ( 'NONE',  ( 1.300163347198079355, 0.0000000000000000000, -0.4874305275949879501 ) ) ;
#5679 = CARTESIAN_POINT ( 'NONE',  ( -1.067625723808735883, 0.1000000000000000056, -0.2153021724064567433 ) ) ;
#5680 = CARTESIAN_POINT ( 'NONE',  ( -0.3175278962151925066, 0.0000000000000000000, 0.08429782759354324806 ) ) ;
#5681 = VERTEX_POINT ( 'NONE', #3248 ) ;
#5682 =( LENGTH_UNIT ( ) NAMED_UNIT ( * ) SI_UNIT ( .MILLI., .METRE. ) );
#5683 = PRESENTATION_STYLE_ASSIGNMENT (( #10229 ) ) ;
#5684 = CARTESIAN_POINT ( 'NONE',  ( 1.099400000000000377, 0.5000000000000000000, -0.4012999999999999901 ) ) ;
#5685 = UNCERTAINTY_MEASURE_WITH_UNIT (LENGTH_MEASURE( 1.000000000000000082E-05 ), #7859, 'distance_accuracy_value', 'NONE');
#5686 = AXIS2_PLACEMENT_3D ( 'NONE', #5111, #12008, #6103 ) ;
#5687 = ORIENTED_EDGE ( 'NONE', *, *, #7914, .T. ) ;
#5688 = DIRECTION ( 'NONE',  ( 0.0000000000000000000, 0.0000000000000000000, -1.000000000000000000 ) ) ;
#5689 = LINE ( 'NONE', #1236, #8307 ) ;
#5690 = CARTESIAN_POINT ( 'NONE',  ( -1.103100000000000414, 0.09999999999999999167, 0.1016000000000000236 ) ) ;
#5691 = PRESENTATION_LAYER_ASSIGNMENT (  '', '', ( #5042 ) ) ;
#5692 = ORIENTED_EDGE ( 'NONE', *, *, #4427, .F. ) ;
#5693 = DIRECTION ( 'NONE',  ( 1.107775638063495903E-17, 0.0000000000000000000, -1.000000000000000000 ) ) ;
#5694 = PRESENTATION_STYLE_ASSIGNMENT (( #5515 ) ) ;
#5695 = LINE ( 'NONE', #42, #5368 ) ;
#5696 = DIRECTION ( 'NONE',  ( -1.000000000000000000, 0.0000000000000000000, -0.0000000000000000000 ) ) ;
#5697 = CARTESIAN_POINT ( 'NONE',  ( -0.3202257238087360403, -0.0000000000000000000, -0.4849978275935437066 ) ) ;
#5698 = DIRECTION ( 'NONE',  ( 1.000000000000000000, 0.0000000000000000000, -0.0000000000000000000 ) ) ;
#5699 = DIRECTION ( 'NONE',  ( 0.7071067811865475727, 0.0000000000000000000, 0.7071067811865475727 ) ) ;
#5700 = SURFACE_STYLE_FILL_AREA ( #11720 ) ;
#5701 = CARTESIAN_POINT ( 'NONE',  ( 1.373961839504919347, 0.09999999999999999167, -0.3026000000000000911 ) ) ;
#5702 = ADVANCED_FACE ( 'NONE', ( #7837 ), #7215, .T. ) ;
#5703 = EDGE_CURVE ( 'NONE', #10355, #2828, #4265, .T. ) ;
#5704 = DIRECTION ( 'NONE',  ( 0.0000000000000000000, 0.0000000000000000000, 1.000000000000000000 ) ) ;
#5705 = AXIS2_PLACEMENT_3D ( 'NONE', #10557, #4670, #11564 ) ;
#5706 = AXIS2_PLACEMENT_3D ( 'NONE', #267, #1275, #8182 ) ;
#5707 = CARTESIAN_POINT ( 'NONE',  ( -1.296184350947589881, 0.09999999999999999167, 0.4717999999999997196 ) ) ;
#5708 = VECTOR ( 'NONE', #7531, 1000.000000000000000 ) ;
#5709 = ORIENTED_EDGE ( 'NONE', *, *, #8278, .T. ) ;
#5710 =( NAMED_UNIT ( * ) PLANE_ANGLE_UNIT ( ) SI_UNIT ( $, .RADIAN. ) );
#5711 = LINE ( 'NONE', #4531, #3053 ) ;
#5712 = DIRECTION ( 'NONE',  ( -1.000000000000000000, 0.0000000000000000000, 4.020095065059161301E-16 ) ) ;
#5713 = DIRECTION ( 'NONE',  ( -0.7071067811865474617, 0.0000000000000000000, 0.7071067811865474617 ) ) ;
#5714 = ORIENTED_EDGE ( 'NONE', *, *, #10426, .F. ) ;
#5715 = EDGE_CURVE ( 'NONE', #4914, #4753, #12131, .T. ) ;
#5716 = DIRECTION ( 'NONE',  ( 0.0000000000000000000, -1.000000000000000000, 0.0000000000000000000 ) ) ;
#5717 = VECTOR ( 'NONE', #7513, 1000.000000000000000 ) ;
#5718 =( NAMED_UNIT ( * ) SI_UNIT ( $, .STERADIAN. ) SOLID_ANGLE_UNIT ( ) );
#5719 = LINE ( 'NONE', #5221, #10623 ) ;
#5720 = CARTESIAN_POINT ( 'NONE',  ( -1.103100000000000414, 0.5000000000000000000, 0.4718000000000000527 ) ) ;
#5721 = EDGE_CURVE ( 'NONE', #1710, #7452, #1635, .T. ) ;
#5722 = DIRECTION ( 'NONE',  ( -1.000000000000000000, 0.0000000000000000000, -1.171755763104686308E-17 ) ) ;
#5723 = ORIENTED_EDGE ( 'NONE', *, *, #9698, .T. ) ;
#5724 = ORIENTED_EDGE ( 'NONE', *, *, #245, .T. ) ;
#5725 = DIRECTION ( 'NONE',  ( -0.0000000000000000000, -0.0000000000000000000, 1.000000000000000000 ) ) ;
#5726 = SURFACE_STYLE_USAGE ( .BOTH. , #11626 ) ;
#5727 = MECHANICAL_DESIGN_GEOMETRIC_PRESENTATION_REPRESENTATION (  '', ( #4392 ), #6404 ) ;
#5728 = DIRECTION ( 'NONE',  ( 0.0000000000000000000, 0.0000000000000000000, -1.000000000000000000 ) ) ;
#5729 = VECTOR ( 'NONE', #5020, 1000.000000000000000 ) ;
#5730 = VERTEX_POINT ( 'NONE', #7297 ) ;
#5731 = ADVANCED_FACE ( 'NONE', ( #6604 ), #1368, .F. ) ;
#5732 = ORIENTED_EDGE ( 'NONE', *, *, #6480, .F. ) ;
#5733 = ORIENTED_EDGE ( 'NONE', *, *, #3818, .F. ) ;
#5734 = VECTOR ( 'NONE', #915, 1000.000000000000000 ) ;
#5735 = SURFACE_SIDE_STYLE ('',( #3023 ) ) ;
#5736 = DIRECTION ( 'NONE',  ( 0.0000000000000000000, 0.0000000000000000000, 1.000000000000000000 ) ) ;
#5737 = DIRECTION ( 'NONE',  ( 0.0000000000000000000, -0.0000000000000000000, -1.000000000000000000 ) ) ;
#5738 = CARTESIAN_POINT ( 'NONE',  ( -0.3766000000000001569, 0.1000000000000000056, 0.05229999999999981886 ) ) ;
#5739 = ORIENTED_EDGE ( 'NONE', *, *, #9581, .T. ) ;
#5740 = ORIENTED_EDGE ( 'NONE', *, *, #9915, .T. ) ;
#5741 = ORIENTED_EDGE ( 'NONE', *, *, #11910, .T. ) ;
#5742 = FILL_AREA_STYLE ('',( #11641 ) ) ;
#5743 = ORIENTED_EDGE ( 'NONE', *, *, #2419, .T. ) ;
#5744 = COLOUR_RGB ( '',0.0000000000000000000, 0.7529411764705882248, 0.0000000000000000000 ) ;
#5745 = ORIENTED_EDGE ( 'NONE', *, *, #2204, .T. ) ;
#5746 = EDGE_CURVE ( 'NONE', #11899, #2045, #9210, .T. ) ;
#5747 = DIRECTION ( 'NONE',  ( 0.0000000000000000000, 0.0000000000000000000, -1.000000000000000000 ) ) ;
#5748 = LINE ( 'NONE', #10261, #10653 ) ;
#5749 = CARTESIAN_POINT ( 'NONE',  ( -1.286200000000000454, 0.5000000000000000000, 0.4718000000000000527 ) ) ;
#5750 = SURFACE_STYLE_USAGE ( .BOTH. , #11647 ) ;
#5751 = DIRECTION ( 'NONE',  ( 0.7071067811865475727, -0.0000000000000000000, 0.7071067811865475727 ) ) ;
#5752 = CARTESIAN_POINT ( 'NONE',  ( 1.600000000000000311, 0.1000000000000000056, -0.1999000000000000221 ) ) ;
#5753 = EDGE_CURVE ( 'NONE', #3346, #10287, #3967, .T. ) ;
#5754 = ORIENTED_EDGE ( 'NONE', *, *, #5500, .T. ) ;
#5755 = LINE ( 'NONE', #2795, #7451 ) ;
#5756 = DIRECTION ( 'NONE',  ( -1.000000000000000000, 0.0000000000000000000, 0.0000000000000000000 ) ) ;
#5757 = ORIENTED_EDGE ( 'NONE', *, *, #12066, .F. ) ;
#5758 = DIRECTION ( 'NONE',  ( 0.0000000000000000000, -1.000000000000000000, 0.0000000000000000000 ) ) ;
#5759 = LINE ( 'NONE', #11072, #10662 ) ;
#5760 = ORIENTED_EDGE ( 'NONE', *, *, #3243, .T. ) ;
#5761 = CARTESIAN_POINT ( 'NONE',  ( -1.600000000000000311, 0.1000000000000000056, -0.5000000000000000000 ) ) ;
#5762 = DIRECTION ( 'NONE',  ( 0.0000000000000000000, 0.0000000000000000000, -1.000000000000000000 ) ) ;
#5763 = UNCERTAINTY_MEASURE_WITH_UNIT (LENGTH_MEASURE( 1.000000000000000082E-05 ), #491, 'distance_accuracy_value', 'NONE');
#5764 = EDGE_CURVE ( 'NONE', #10310, #8322, #1323, .T. ) ;
#5765 = VECTOR ( 'NONE', #7033, 1000.000000000000000 ) ;
#5766 =( NAMED_UNIT ( * ) PLANE_ANGLE_UNIT ( ) SI_UNIT ( $, .RADIAN. ) );
#5767 = EDGE_CURVE ( 'NONE', #6532, #6559, #11503, .T. ) ;
#5768 = PRESENTATION_LAYER_ASSIGNMENT (  '', '', ( #5099 ) ) ;
#5769 = MECHANICAL_DESIGN_GEOMETRIC_PRESENTATION_REPRESENTATION (  '', ( #3087 ), #6442 ) ;
#5770 = DIRECTION ( 'NONE',  ( 0.0000000000000000000, 0.0000000000000000000, 1.000000000000000000 ) ) ;
#5771 = VERTEX_POINT ( 'NONE', #10264 ) ;
#5772 = AXIS2_PLACEMENT_3D ( 'NONE', #3624, #10500, #4615 ) ;
#5773 = DIRECTION ( 'NONE',  ( 1.000000000000000000, 0.0000000000000000000, 7.592683202195574598E-16 ) ) ;
#5774 = CARTESIAN_POINT ( 'NONE',  ( -0.1624278962151926298, 0.1000000000000000056, -0.4849978275935434846 ) ) ;
#5775 = ORIENTED_EDGE ( 'NONE', *, *, #7383, .F. ) ;
#5776 =( NAMED_UNIT ( * ) SI_UNIT ( $, .STERADIAN. ) SOLID_ANGLE_UNIT ( ) );
#5777 = ORIENTED_EDGE ( 'NONE', *, *, #11, .T. ) ;
#5778 = ADVANCED_FACE ( 'NONE', ( #8598 ), #719, .T. ) ;
#5779 = LINE ( 'NONE', #6894, #8082 ) ;
#5780 = SURFACE_SIDE_STYLE ('',( #522 ) ) ;
#5781 = DIRECTION ( 'NONE',  ( 1.000000000000000000, 0.0000000000000000000, 0.0000000000000000000 ) ) ;
#5782 = ORIENTED_EDGE ( 'NONE', *, *, #9924, .T. ) ;
#5783 = MECHANICAL_DESIGN_GEOMETRIC_PRESENTATION_REPRESENTATION (  '', ( #4443 ), #6460 ) ;
#5784 = SURFACE_STYLE_FILL_AREA ( #5440 ) ;
#5785 = DIRECTION ( 'NONE',  ( -0.7071067811865474617, 0.0000000000000000000, 0.7071067811865474617 ) ) ;
#5786 = CIRCLE ( 'NONE', #5772, 0.01500217240645653274 ) ;
#5787 = VERTEX_POINT ( 'NONE', #9352 ) ;
#5788 = LINE ( 'NONE', #2405, #10373 ) ;
#5789 = AXIS2_PLACEMENT_3D ( 'NONE', #2426, #5417, #12318 ) ;
#5790 = PRESENTATION_LAYER_ASSIGNMENT (  '', '', ( #5122 ) ) ;
#5791 = ORIENTED_EDGE ( 'NONE', *, *, #5214, .F. ) ;
#5792 = LINE ( 'NONE', #9155, #3132 ) ;
#5793 = DIRECTION ( 'NONE',  ( 0.0000000000000000000, 0.0000000000000000000, -1.000000000000000000 ) ) ;
#5794 = ORIENTED_EDGE ( 'NONE', *, *, #5753, .T. ) ;
#5795 = CARTESIAN_POINT ( 'NONE',  ( -1.600000000000000311, 0.0000000000000000000, 0.4999999999999995559 ) ) ;
#5796 = VECTOR ( 'NONE', #9082, 1000.000000000000000 ) ;
#5797 = ADVANCED_FACE ( 'NONE', ( #5991 ), #9961, .T. ) ;
#5798 = FACE_OUTER_BOUND ( 'NONE', #2240, .T. ) ;
#5799 = CYLINDRICAL_SURFACE ( 'NONE', #12736, 0.01500217240645658652 ) ;
#5800 = SURFACE_STYLE_USAGE ( .BOTH. , #11696 ) ;
#5801 = CARTESIAN_POINT ( 'NONE',  ( -1.589400000000000368, 0.09999999999999999167, 0.1968000000000001137 ) ) ;
#5802 = FACE_OUTER_BOUND ( 'NONE', #22, .T. ) ;
#5803 = ORIENTED_EDGE ( 'NONE', *, *, #588, .T. ) ;
#5804 = DIRECTION ( 'NONE',  ( 0.0000000000000000000, -1.000000000000000000, 0.0000000000000000000 ) ) ;
#5805 = CARTESIAN_POINT ( 'NONE',  ( 1.285174339670224430, 0.0000000000000000000, -0.4718000000000002747 ) ) ;
#5806 = ORIENTED_EDGE ( 'NONE', *, *, #7764, .F. ) ;
#5807 = LINE ( 'NONE', #4074, #535 ) ;
#5808 = EDGE_CURVE ( 'NONE', #7779, #12342, #2380, .T. ) ;
#5809 = VERTEX_POINT ( 'NONE', #3472 ) ;
#5810 = DIRECTION ( 'NONE',  ( 0.0000000000000000000, -1.000000000000000000, 0.0000000000000000000 ) ) ;
#5811 = VECTOR ( 'NONE', #11702, 1000.000000000000000 ) ;
#5812 = CARTESIAN_POINT ( 'NONE',  ( 1.577030068621648740, 0.1000000000000000056, -0.1857361597196678926 ) ) ;
#5813 = EDGE_CURVE ( 'NONE', #799, #11163, #12582, .T. ) ;
#5814 = VERTEX_POINT ( 'NONE', #11362 ) ;
#5815 = PRESENTATION_LAYER_ASSIGNMENT (  '', '', ( #4466 ) ) ;
#5816 = PLANE ( 'NONE',  #2630 ) ;
#5817 = VECTOR ( 'NONE', #11013, 1000.000000000000000 ) ;
#5818 = DIRECTION ( 'NONE',  ( -0.0000000000000000000, -1.000000000000000000, -0.0000000000000000000 ) ) ;
#5819 = CARTESIAN_POINT ( 'NONE',  ( -1.599999999999999867, 0.0000000000000000000, 0.5000000000000000000 ) ) ;
#5820 = DIRECTION ( 'NONE',  ( -0.0000000000000000000, -0.0000000000000000000, 1.000000000000000000 ) ) ;
#5821 = ORIENTED_EDGE ( 'NONE', *, *, #4664, .T. ) ;
#5822 = VECTOR ( 'NONE', #7662, 1000.000000000000000 ) ;
#5823 = DIRECTION ( 'NONE',  ( 1.000000000000000000, -0.0000000000000000000, 7.556514767313163497E-17 ) ) ;
#5824 = CARTESIAN_POINT ( 'NONE',  ( -0.3175278962151925066, 0.1000000000000000056, 0.4870999999999999219 ) ) ;
#5825 = ORIENTED_EDGE ( 'NONE', *, *, #2261, .T. ) ;
#5826 =( GEOMETRIC_REPRESENTATION_CONTEXT ( 3 ) GLOBAL_UNCERTAINTY_ASSIGNED_CONTEXT ( ( #12350 ) ) GLOBAL_UNIT_ASSIGNED_CONTEXT ( ( #9251, #3320, #10205 ) ) REPRESENTATION_CONTEXT ( 'NONE', 'WORKASPACE' ) );
#5827 = FACE_OUTER_BOUND ( 'NONE', #5208, .T. ) ;
#5828 = CARTESIAN_POINT ( 'NONE',  ( 0.3175278962151926176, 0.1000000000000000056, 0.08429782759354324806 ) ) ;
#5829 = DIRECTION ( 'NONE',  ( -0.0000000000000000000, -1.000000000000000000, -0.0000000000000000000 ) ) ;
#5830 = AXIS2_PLACEMENT_3D ( 'NONE', #3191, #10095, #4208 ) ;
#5831 = SURFACE_SIDE_STYLE ('',( #5700 ) ) ;
#5832 = ORIENTED_EDGE ( 'NONE', *, *, #5201, .F. ) ;
#5833 = VECTOR ( 'NONE', #5829, 1000.000000000000000 ) ;
#5834 = CARTESIAN_POINT ( 'NONE',  ( -0.6304257238087360715, 0.1000000000000000056, 0.1143021724064564593 ) ) ;
#5835 = LINE ( 'NONE', #11918, #565 ) ;
#5836 = EDGE_CURVE ( 'NONE', #4721, #11003, #7364, .T. ) ;
#5837 = FACE_OUTER_BOUND ( 'NONE', #10056, .T. ) ;
#5838 = SURFACE_SIDE_STYLE ('',( #4959 ) ) ;
#5839 = VECTOR ( 'NONE', #9334, 1000.000000000000000 ) ;
#5840 = DIRECTION ( 'NONE',  ( 0.0000000000000000000, -1.000000000000000000, 0.0000000000000000000 ) ) ;
#5841 = ADVANCED_FACE ( 'NONE', ( #12269 ), #10514, .F. ) ;
#5842 = DIRECTION ( 'NONE',  ( 1.000000000000000000, 0.0000000000000000000, 0.0000000000000000000 ) ) ;
#5843 = ORIENTED_EDGE ( 'NONE', *, *, #7210, .F. ) ;
#5844 = CARTESIAN_POINT ( 'NONE',  ( -1.082627896215192509, 0.1000000000000000056, -0.4567978275935435928 ) ) ;
#5845 = PRESENTATION_STYLE_ASSIGNMENT (( #1581 ) ) ;
#5846 = STYLED_ITEM ( 'NONE', ( #287 ), #12541 ) ;
#5847 = CARTESIAN_POINT ( 'NONE',  ( 1.568300000000000249, 0.1000000000000000056, 0.1166021724064566778 ) ) ;
#5848 = DIRECTION ( 'NONE',  ( -0.0000000000000000000, -0.0000000000000000000, -1.000000000000000000 ) ) ;
#5849 = EDGE_CURVE ( 'NONE', #8728, #8687, #11338, .T. ) ;
#5850 = FILL_AREA_STYLE ('',( #1859 ) ) ;
#5851 = AXIS2_PLACEMENT_3D ( 'NONE', #9922, #7025, #1098 ) ;
#5852 = DIRECTION ( 'NONE',  ( 0.0000000000000000000, -0.0000000000000000000, -1.000000000000000000 ) ) ;
#5853 = VERTEX_POINT ( 'NONE', #5463 ) ;
#5854 = LINE ( 'NONE', #5078, #905 ) ;
#5855 = ORIENTED_EDGE ( 'NONE', *, *, #1658, .F. ) ;
#5856 =( NAMED_UNIT ( * ) PLANE_ANGLE_UNIT ( ) SI_UNIT ( $, .RADIAN. ) );
#5857 = LINE ( 'NONE', #8460, #3189 ) ;
#5858 = LINE ( 'NONE', #4069, #10755 ) ;
#5859 = UNCERTAINTY_MEASURE_WITH_UNIT (LENGTH_MEASURE( 1.000000000000000082E-05 ), #12088, 'distance_accuracy_value', 'NONE');
#5860 = DIRECTION ( 'NONE',  ( 0.0000000000000000000, 0.0000000000000000000, -1.000000000000000000 ) ) ;
#5861 = FILL_AREA_STYLE_COLOUR ( '', #11107 ) ;
#5862 = PLANE ( 'NONE',  #6878 ) ;
#5863 = CARTESIAN_POINT ( 'NONE',  ( -1.086202172406457001, 0.1000000000000000056, 0.1166021724064562892 ) ) ;
#5864 = LINE ( 'NONE', #10892, #11066 ) ;
#5865 = CARTESIAN_POINT ( 'NONE',  ( -1.086202172406457001, 0.0000000000000000000, 0.1166021724064562892 ) ) ;
#5866 = ORIENTED_EDGE ( 'NONE', *, *, #1473, .F. ) ;
#5867 = AXIS2_PLACEMENT_3D ( 'NONE', #4746, #3754, #2767 ) ;
#5868 = ORIENTED_EDGE ( 'NONE', *, *, #2303, .T. ) ;
#5869 = ADVANCED_FACE ( 'NONE', ( #6120 ), #6688, .T. ) ;
#5870 = ORIENTED_EDGE ( 'NONE', *, *, #9068, .F. ) ;
#5871 = LINE ( 'NONE', #6717, #600 ) ;
#5872 = EDGE_LOOP ( 'NONE', ( #798, #10221, #8050, #976 ) ) ;
#5873 = FILL_AREA_STYLE ('',( #3878 ) ) ;
#5874 = CARTESIAN_POINT ( 'NONE',  ( -1.100000000000000755, 0.5000000000000000000, -0.5000000000000000000 ) ) ;
#5875 = CARTESIAN_POINT ( 'NONE',  ( 0.1774300686216490897, 0.0000000000000000000, 0.4976999999999998092 ) ) ;
#5876 = ORIENTED_EDGE ( 'NONE', *, *, #10906, .T. ) ;
#5877 = CARTESIAN_POINT ( 'NONE',  ( 0.1624278962151925743, 0.0000000000000000000, -0.4849978275935435956 ) ) ;
#5878 = PRESENTATION_LAYER_ASSIGNMENT (  '', '', ( #6537 ) ) ;
#5879 = ORIENTED_EDGE ( 'NONE', *, *, #164, .F. ) ;
#5880 = CARTESIAN_POINT ( 'NONE',  ( -0.3766000000000001569, 0.1000000000000000056, -0.04990000000000019420 ) ) ;
#5881 = VECTOR ( 'NONE', #7744, 1000.000000000000000 ) ;
#5882 = CIRCLE ( 'NONE', #9136, 0.01500217240645658652 ) ;
#5883 = VERTEX_POINT ( 'NONE', #8663 ) ;
#5884 = LINE ( 'NONE', #7267, #11088 ) ;
#5885 = DIRECTION ( 'NONE',  ( 0.0000000000000000000, 0.0000000000000000000, -1.000000000000000000 ) ) ;
#5886 = ORIENTED_EDGE ( 'NONE', *, *, #12427, .T. ) ;
#5887 = ORIENTED_EDGE ( 'NONE', *, *, #4566, .F. ) ;
#5888 = CARTESIAN_POINT ( 'NONE',  ( 0.3069278962151925083, 0.0000000000000000000, 0.4976999999999998092 ) ) ;
#5889 = CARTESIAN_POINT ( 'NONE',  ( 0.6304257238087359605, 0.0000000000000000000, 0.09929999999999991611 ) ) ;
#5890 = CARTESIAN_POINT ( 'NONE',  ( -1.296800000000000397, 0.09999999999999999167, 0.4823999999999999955 ) ) ;
#5891 = EDGE_CURVE ( 'NONE', #5241, #12231, #7823, .T. ) ;
#5892 = CARTESIAN_POINT ( 'NONE',  ( -1.316595130599349295, 0.1000000000000000056, -0.4012999999999999901 ) ) ;
#5893 = EDGE_CURVE ( 'NONE', #7110, #3403, #2523, .T. ) ;
#5894 = ORIENTED_EDGE ( 'NONE', *, *, #1491, .T. ) ;
#5895 = VECTOR ( 'NONE', #1215, 1000.000000000000000 ) ;
#5896 = VERTEX_POINT ( 'NONE', #4773 ) ;
#5897 = DIRECTION ( 'NONE',  ( 0.0000000000000000000, 0.0000000000000000000, -1.000000000000000000 ) ) ;
#5898 = AXIS2_PLACEMENT_3D ( 'NONE', #10422, #4532, #11424 ) ;
#5899 = FILL_AREA_STYLE ('',( #11695 ) ) ;
#5900 = CARTESIAN_POINT ( 'NONE',  ( -1.600000000000000311, 0.09999999999999999167, -0.5000000000000000000 ) ) ;
#5901 = FACE_OUTER_BOUND ( 'NONE', #6148, .T. ) ;
#5902 = EDGE_CURVE ( 'NONE', #1170, #9001, #4876, .T. ) ;
#5903 = VERTEX_POINT ( 'NONE', #12647 ) ;
#5904 = CARTESIAN_POINT ( 'NONE',  ( 0.3202257238087359292, 0.1000000000000000056, -0.5000000000000002220 ) ) ;
#5905 = VERTEX_POINT ( 'NONE', #6774 ) ;
#5906 = CARTESIAN_POINT ( 'NONE',  ( 1.600000000000000311, 0.09999999999999999167, 0.2990000000000000990 ) ) ;
#5907 = VERTEX_POINT ( 'NONE', #1823 ) ;
#5908 = PRESENTATION_STYLE_ASSIGNMENT (( #876 ) ) ;
#5909 = EDGE_LOOP ( 'NONE', ( #5175, #4668, #10637, #1411 ) ) ;
#5910 = COLOUR_RGB ( '',0.9686274509803921573, 0.8784313725490195957, 0.5999999999999999778 ) ;
#5911 = DIRECTION ( 'NONE',  ( 0.0000000000000000000, -1.000000000000000000, 0.0000000000000000000 ) ) ;
#5912 = EDGE_CURVE ( 'NONE', #9153, #11761, #7198, .T. ) ;
#5913 = FACE_OUTER_BOUND ( 'NONE', #11078, .T. ) ;
#5914 =( LENGTH_UNIT ( ) NAMED_UNIT ( * ) SI_UNIT ( .MILLI., .METRE. ) );
#5915 = DIRECTION ( 'NONE',  ( 0.0000000000000000000, -1.000000000000000000, 0.0000000000000000000 ) ) ;
#5916 = EDGE_LOOP ( 'NONE', ( #6533, #6752, #3585, #6990 ) ) ;
#5917 = ORIENTED_EDGE ( 'NONE', *, *, #8104, .F. ) ;
#5918 = ORIENTED_EDGE ( 'NONE', *, *, #11006, .F. ) ;
#5919 = ORIENTED_EDGE ( 'NONE', *, *, #869, .T. ) ;
#5920 = CARTESIAN_POINT ( 'NONE',  ( 1.082627896215192509, 0.1000000000000000056, -0.4567978275935435928 ) ) ;
#5921 = DIRECTION ( 'NONE',  ( -0.0000000000000000000, -1.000000000000000000, -0.0000000000000000000 ) ) ;
#5922 = PLANE ( 'NONE',  #10931 ) ;
#5923 = CARTESIAN_POINT ( 'NONE',  ( -1.547025723808735931, 0.1000000000000000056, -0.1017000000000000820 ) ) ;
#5924 = FILL_AREA_STYLE_COLOUR ( '', #6427 ) ;
#5925 = AXIS2_PLACEMENT_3D ( 'NONE', #6486, #9391, #546 ) ;
#5926 = ORIENTED_EDGE ( 'NONE', *, *, #8858, .T. ) ;
#5927 = EDGE_CURVE ( 'NONE', #292, #8730, #12424, .T. ) ;
#5928 = AXIS2_PLACEMENT_3D ( 'NONE', #4705, #11599, #5696 ) ;
#5929 = LINE ( 'NONE', #7316, #9598 ) ;
#5930 = ORIENTED_EDGE ( 'NONE', *, *, #2615, .T. ) ;
#5931 = DIRECTION ( 'NONE',  ( -0.7071067811865457964, -0.0000000000000000000, 0.7071067811865492381 ) ) ;
#5932 = DIRECTION ( 'NONE',  ( 0.0000000000000000000, 0.0000000000000000000, -1.000000000000000000 ) ) ;
#5933 = CARTESIAN_POINT ( 'NONE',  ( 0.4691278962151925191, 0.0000000000000000000, 0.4870999999999999219 ) ) ;
#5934 = CIRCLE ( 'NONE', #5240, 0.2891000000000000236 ) ;
#5935 = AXIS2_PLACEMENT_3D ( 'NONE', #8090, #2166, #9091 ) ;
#5936 = LINE ( 'NONE', #11100, #3264 ) ;
#5937 = CARTESIAN_POINT ( 'NONE',  ( 0.3352278962151925557, 0.1000000000000000056, -0.4849978275935435956 ) ) ;
#5938 = CARTESIAN_POINT ( 'NONE',  ( -1.600000000000000311, 0.0000000000000000000, 0.2108999999999995878 ) ) ;
#5939 = EDGE_CURVE ( 'NONE', #865, #1389, #1930, .T. ) ;
#5940 = ADVANCED_FACE ( 'NONE', ( #12724 ), #5816, .T. ) ;
#5941 = CARTESIAN_POINT ( 'NONE',  ( -1.577030068621648962, 0.1000000000000000056, -0.1857361597196679204 ) ) ;
#5942 =( LENGTH_UNIT ( ) NAMED_UNIT ( * ) SI_UNIT ( .MILLI., .METRE. ) );
#5943 = FACE_OUTER_BOUND ( 'NONE', #3966, .T. ) ;
#5944 = SURFACE_STYLE_USAGE ( .BOTH. , #11840 ) ;
#5945 = FILL_AREA_STYLE_COLOUR ( '', #2226 ) ;
#5946 = DIRECTION ( 'NONE',  ( 0.0000000000000000000, 0.0000000000000000000, 1.000000000000000000 ) ) ;
#5947 = ORIENTED_EDGE ( 'NONE', *, *, #5054, .T. ) ;
#5948 = ORIENTED_EDGE ( 'NONE', *, *, #4016, .F. ) ;
#5949 = CYLINDRICAL_SURFACE ( 'NONE', #9530, 0.01500217240645653274 ) ;
#5950 = SURFACE_SIDE_STYLE ('',( #2989 ) ) ;
#5951 = LINE ( 'NONE', #4709, #11150 ) ;
#5952 = CARTESIAN_POINT ( 'NONE',  ( 1.285174339670224430, 0.0000000000000000000, -0.4718000000000002747 ) ) ;
#5953 = MECHANICAL_DESIGN_GEOMETRIC_PRESENTATION_REPRESENTATION (  '', ( #3952 ), #6612 ) ;
#5954 = AXIS2_PLACEMENT_3D ( 'NONE', #7136, #1248, #8150 ) ;
#5955 = CARTESIAN_POINT ( 'NONE',  ( -1.071200000000000374, 0.1000000000000000056, 0.1166021724064564002 ) ) ;
#5956 = PLANE ( 'NONE',  #2537 ) ;
#5957 = PLANE ( 'NONE',  #12603 ) ;
#5958 = EDGE_CURVE ( 'NONE', #6859, #5126, #3627, .T. ) ;
#5959 = FACE_OUTER_BOUND ( 'NONE', #3066, .T. ) ;
#5960 = CARTESIAN_POINT ( 'NONE',  ( 1.578123678570672039, 0.1000000000000000056, -0.2006984187132973274 ) ) ;
#5961 = VECTOR ( 'NONE', #2399, 1000.000000000000000 ) ;
#5962 = LINE ( 'NONE', #9602, #9938 ) ;
#5963 = VERTEX_POINT ( 'NONE', #8834 ) ;
#5964 = DIRECTION ( 'NONE',  ( 0.0000000000000000000, -1.000000000000000000, 0.0000000000000000000 ) ) ;
#5965 = EDGE_LOOP ( 'NONE', ( #5409, #3537, #1633, #7163 ) ) ;
#5966 = DIRECTION ( 'NONE',  ( -1.000000000000000000, 0.0000000000000000000, -0.0000000000000000000 ) ) ;
#5967 = COLOUR_RGB ( '',0.9686274509803921573, 0.8784313725490195957, 0.5999999999999999778 ) ;
#5968 = SURFACE_STYLE_USAGE ( .BOTH. , #11858 ) ;
#5969 = ORIENTED_EDGE ( 'NONE', *, *, #6879, .T. ) ;
#5970 = UNCERTAINTY_MEASURE_WITH_UNIT (LENGTH_MEASURE( 1.000000000000000082E-05 ), #3251, 'distance_accuracy_value', 'NONE');
#5971 = VECTOR ( 'NONE', #7027, 1000.000000000000000 ) ;
#5972 = ORIENTED_EDGE ( 'NONE', *, *, #2956, .T. ) ;
#5973 = EDGE_CURVE ( 'NONE', #7734, #1319, #1023, .T. ) ;
#5974 = FILL_AREA_STYLE_COLOUR ( '', #10383 ) ;
#5975 = LINE ( 'NONE', #5906, #8579 ) ;
#5976 = VERTEX_POINT ( 'NONE', #10779 ) ;
#5977 = STYLED_ITEM ( 'NONE', ( #6836 ), #4761 ) ;
#5978 = VECTOR ( 'NONE', #10460, 1000.000000000000000 ) ;
#5979 = LINE ( 'NONE', #3452, #10874 ) ;
#5980 = ORIENTED_EDGE ( 'NONE', *, *, #10857, .F. ) ;
#5981 = ORIENTED_EDGE ( 'NONE', *, *, #6207, .T. ) ;
#5982 = VECTOR ( 'NONE', #11838, 1000.000000000000000 ) ;
#5983 = EDGE_CURVE ( 'NONE', #10872, #5022, #5975, .T. ) ;
#5984 = DIRECTION ( 'NONE',  ( 0.0000000000000000000, 1.000000000000000000, 0.0000000000000000000 ) ) ;
#5985 = DIRECTION ( 'NONE',  ( 4.843431639425975498E-16, 0.0000000000000000000, -1.000000000000000000 ) ) ;
#5986 = VERTEX_POINT ( 'NONE', #12765 ) ;
#5987 = DIRECTION ( 'NONE',  ( 0.0000000000000000000, 1.000000000000000000, -0.0000000000000000000 ) ) ;
#5988 = EDGE_LOOP ( 'NONE', ( #9072, #12313, #8900, #10771 ) ) ;
#5989 = ORIENTED_EDGE ( 'NONE', *, *, #443, .F. ) ;
#5990 = FILL_AREA_STYLE ('',( #8914 ) ) ;
#5991 = FACE_OUTER_BOUND ( 'NONE', #12444, .T. ) ;
#5992 = LINE ( 'NONE', #8904, #3648 ) ;
#5993 = DIRECTION ( 'NONE',  ( -0.7071067811865457964, -0.0000000000000000000, 0.7071067811865492381 ) ) ;
#5994 = EDGE_CURVE ( 'NONE', #306, #4738, #3301, .T. ) ;
#5995 = DIRECTION ( 'NONE',  ( -0.7071067811865457964, -0.0000000000000000000, 0.7071067811865492381 ) ) ;
#5996 = EDGE_LOOP ( 'NONE', ( #11180, #10457, #147, #7381 ) ) ;
#5998 = FACE_OUTER_BOUND ( 'NONE', #12752, .T. ) ;
#5997 = DIRECTION ( 'NONE',  ( 1.000000000000000000, 0.0000000000000000000, -1.107775638063495441E-17 ) ) ;
#5999 = EDGE_CURVE ( 'NONE', #10864, #5787, #10871, .T. ) ;
#6000 = CARTESIAN_POINT ( 'NONE',  ( 0.1774300686216492007, 0.1000000000000000056, 0.4976999999999998092 ) ) ;
#6001 = CIRCLE ( 'NONE', #277, 0.01500217240645655876 ) ;
#6002 = DIRECTION ( 'NONE',  ( -0.0000000000000000000, 1.000000000000000000, -0.0000000000000000000 ) ) ;
#6003 = LINE ( 'NONE', #507, #3332 ) ;
#6004 = VECTOR ( 'NONE', #7485, 1000.000000000000000 ) ;
#6005 = DIRECTION ( 'NONE',  ( 0.0000000000000000000, 0.0000000000000000000, -1.000000000000000000 ) ) ;
#6006 = CARTESIAN_POINT ( 'NONE',  ( -0.1624278962151926298, 0.1000000000000000056, -0.4849978275935434846 ) ) ;
#6007 = CIRCLE ( 'NONE', #2208, 0.01500217240645658652 ) ;
#6008 = ADVANCED_FACE ( 'NONE', ( #10546 ), #7052, .T. ) ;
#6009 = AXIS2_PLACEMENT_3D ( 'NONE', #9617, #3711, #10590 ) ;
#6010 = DIRECTION ( 'NONE',  ( 0.0000000000000000000, 0.0000000000000000000, -1.000000000000000000 ) ) ;
#6011 = VERTEX_POINT ( 'NONE', #9890 ) ;
#6012 = AXIS2_PLACEMENT_3D ( 'NONE', #5761, #788, #12640 ) ;
#6013 = VECTOR ( 'NONE', #2674, 1000.000000000000000 ) ;
#6014 = VECTOR ( 'NONE', #1266, 1000.000000000000000 ) ;
#6015 = SURFACE_STYLE_USAGE ( .BOTH. , #11898 ) ;
#6016 = ORIENTED_EDGE ( 'NONE', *, *, #5526, .F. ) ;
#6017 = DIRECTION ( 'NONE',  ( 0.0000000000000000000, 0.0000000000000000000, 1.000000000000000000 ) ) ;
#6018 = EDGE_CURVE ( 'NONE', #6901, #1062, #12251, .T. ) ;
#6019 = ORIENTED_EDGE ( 'NONE', *, *, #4418, .T. ) ;
#6020 = FILL_AREA_STYLE ('',( #11911 ) ) ;
#6021 = DIRECTION ( 'NONE',  ( 0.0000000000000000000, 0.0000000000000000000, -1.000000000000000000 ) ) ;
#6022 = VECTOR ( 'NONE', #946, 1000.000000000000000 ) ;
#6023 = CARTESIAN_POINT ( 'NONE',  ( 1.021730214339628517, 0.0000000000000000000, 0.05229999999999977722 ) ) ;
#6024 = PRODUCT_RELATED_PRODUCT_CATEGORY ( 'part', '', ( #1842 ) ) ;
#6025 = VERTEX_POINT ( 'NONE', #59 ) ;
#6026 = SURFACE_STYLE_FILL_AREA ( #6570 ) ;
#6027 = DIRECTION ( 'NONE',  ( -2.943037349164450241E-16, -0.0000000000000000000, 1.000000000000000000 ) ) ;
#6028 = EDGE_CURVE ( 'NONE', #12228, #5337, #2078, .T. ) ;
#6029 = AXIS2_PLACEMENT_3D ( 'NONE', #2290, #9218, #3276 ) ;
#6030 = AXIS2_PLACEMENT_3D ( 'NONE', #9774, #3874, #10744 ) ;
#6031 = CARTESIAN_POINT ( 'NONE',  ( -1.296184350947589881, 0.1000000000000000056, 0.4868021724064562350 ) ) ;
#6032 = PRESENTATION_LAYER_ASSIGNMENT (  '', '', ( #4682 ) ) ;
#6033 = DIRECTION ( 'NONE',  ( -0.0000000000000000000, -1.000000000000000000, -0.0000000000000000000 ) ) ;
#6034 = VECTOR ( 'NONE', #1836, 1000.000000000000000 ) ;
#6035 = CARTESIAN_POINT ( 'NONE',  ( 0.4797278962151925175, 0.1000000000000000056, 0.4976999999999999202 ) ) ;
#6036 = VERTEX_POINT ( 'NONE', #6986 ) ;
#6037 = LINE ( 'NONE', #2518, #6339 ) ;
#6038 =( LENGTH_UNIT ( ) NAMED_UNIT ( * ) SI_UNIT ( .MILLI., .METRE. ) );
#6039 = ORIENTED_EDGE ( 'NONE', *, *, #7226, .F. ) ;
#6040 = ORIENTED_EDGE ( 'NONE', *, *, #2227, .T. ) ;
#6041 = CARTESIAN_POINT ( 'NONE',  ( 1.600000000000000311, 0.1000000000000000056, 0.5000000000000000000 ) ) ;
#6042 = DIRECTION ( 'NONE',  ( -0.7071067811865474617, -0.0000000000000000000, -0.7071067811865474617 ) ) ;
#6043 = LINE ( 'NONE', #6401, #10941 ) ;
#6044 = AXIS2_PLACEMENT_3D ( 'NONE', #11268, #5362, #12265 ) ;
#6045 = CIRCLE ( 'NONE', #11613, 0.01500217240645653274 ) ;
#6046 =( GEOMETRIC_REPRESENTATION_CONTEXT ( 3 ) GLOBAL_UNCERTAINTY_ASSIGNED_CONTEXT ( ( #11966 ) ) GLOBAL_UNIT_ASSIGNED_CONTEXT ( ( #5133, #12034, #6137 ) ) REPRESENTATION_CONTEXT ( 'NONE', 'WORKASPACE' ) );
#6047 = PLANE ( 'NONE',  #5150 ) ;
#6048 =( LENGTH_UNIT ( ) NAMED_UNIT ( * ) SI_UNIT ( .MILLI., .METRE. ) );
#6049 = DIRECTION ( 'NONE',  ( 0.0000000000000000000, -1.000000000000000000, 0.0000000000000000000 ) ) ;
#6050 = DIRECTION ( 'NONE',  ( 0.0000000000000000000, -0.0000000000000000000, -1.000000000000000000 ) ) ;
#6051 = ORIENTED_EDGE ( 'NONE', *, *, #8526, .F. ) ;
#6052 = ORIENTED_EDGE ( 'NONE', *, *, #10072, .T. ) ;
#6053 = UNCERTAINTY_MEASURE_WITH_UNIT (LENGTH_MEASURE( 1.000000000000000082E-05 ), #7736, 'distance_accuracy_value', 'NONE');
#6054 = CIRCLE ( 'NONE', #9055, 0.01500217240645653274 ) ;
#6055 = ORIENTED_EDGE ( 'NONE', *, *, #7457, .T. ) ;
#6056 = ORIENTED_EDGE ( 'NONE', *, *, #5023, .T. ) ;
#6057 = LINE ( 'NONE', #11731, #10953 ) ;
#6058 = DIRECTION ( 'NONE',  ( 0.0000000000000000000, 0.0000000000000000000, 1.000000000000000000 ) ) ;
#6059 = DIRECTION ( 'NONE',  ( 0.0000000000000000000, 0.0000000000000000000, 1.000000000000000000 ) ) ;
#6060 = ORIENTED_EDGE ( 'NONE', *, *, #6798, .T. ) ;
#6061 = DIRECTION ( 'NONE',  ( 0.0000000000000000000, -0.0000000000000000000, -1.000000000000000000 ) ) ;
#6062 = VERTEX_POINT ( 'NONE', #8965 ) ;
#6063 = EDGE_CURVE ( 'NONE', #8081, #7181, #1765, .T. ) ;
#6064 = ORIENTED_EDGE ( 'NONE', *, *, #5095, .F. ) ;
#6065 = PRESENTATION_LAYER_ASSIGNMENT (  '', '', ( #5366 ) ) ;
#6066 = ADVANCED_FACE ( 'NONE', ( #9339 ), #11651, .T. ) ;
#6067 = VERTEX_POINT ( 'NONE', #11926 ) ;
#6068 = CIRCLE ( 'NONE', #7510, 0.01500217240645653274 ) ;
#6069 = ORIENTED_EDGE ( 'NONE', *, *, #1734, .F. ) ;
#6070 = LINE ( 'NONE', #656, #1123 ) ;
#6071 = ORIENTED_EDGE ( 'NONE', *, *, #4630, .T. ) ;
#6072 = FILL_AREA_STYLE ('',( #9967 ) ) ;
#6073 = EDGE_CURVE ( 'NONE', #8191, #5273, #1454, .T. ) ;
#6074 = LINE ( 'NONE', #4343, #10966 ) ;
#6075 = ORIENTED_EDGE ( 'NONE', *, *, #313, .T. ) ;
#6076 = CARTESIAN_POINT ( 'NONE',  ( -0.3175278962151925066, 0.0000000000000000000, 0.4800999999999999157 ) ) ;
#6077 = ORIENTED_EDGE ( 'NONE', *, *, #12773, .F. ) ;
#6078 = VECTOR ( 'NONE', #723, 1000.000000000000000 ) ;
#6079 = LINE ( 'NONE', #297, #5426 ) ;
#6080 = ORIENTED_EDGE ( 'NONE', *, *, #8101, .F. ) ;
#6081 = FILL_AREA_STYLE_COLOUR ( '', #2189 ) ;
#6082 = PRESENTATION_LAYER_ASSIGNMENT (  '', '', ( #4742 ) ) ;
#6083 = DIRECTION ( 'NONE',  ( 0.0000000000000000000, 0.0000000000000000000, -1.000000000000000000 ) ) ;
#6084 = DIRECTION ( 'NONE',  ( 0.0000000000000000000, -0.0000000000000000000, -1.000000000000000000 ) ) ;
#6085 = FILL_AREA_STYLE ('',( #9982 ) ) ;
#6086 = COLOUR_RGB ( '',0.9686274509803921573, 0.8784313725490195957, 0.5999999999999999778 ) ;
#6087 = DIRECTION ( 'NONE',  ( 0.0000000000000000000, 1.000000000000000000, 0.0000000000000000000 ) ) ;
#6088 = ORIENTED_EDGE ( 'NONE', *, *, #1327, .T. ) ;
#6089 = ORIENTED_EDGE ( 'NONE', *, *, #2404, .F. ) ;
#6090 = VECTOR ( 'NONE', #5804, 1000.000000000000000 ) ;
#6091 = PLANE ( 'NONE',  #7597 ) ;
#6092 = MECHANICAL_DESIGN_GEOMETRIC_PRESENTATION_REPRESENTATION (  '', ( #4759 ), #6763 ) ;
#6093 = EDGE_CURVE ( 'NONE', #4050, #11332, #4094, .T. ) ;
#6094 = AXIS2_PLACEMENT_3D ( 'NONE', #11656, #5758, #12639 ) ;
#6095 = DIRECTION ( 'NONE',  ( 1.000000000000000000, 0.0000000000000000000, -4.843431639425979442E-16 ) ) ;
#6096 = DIRECTION ( 'NONE',  ( -0.0000000000000000000, -1.000000000000000000, -0.0000000000000000000 ) ) ;
#6097 = SURFACE_SIDE_STYLE ('',( #1855 ) ) ;
#6098 = SURFACE_STYLE_FILL_AREA ( #12184 ) ;
#6099 = ORIENTED_EDGE ( 'NONE', *, *, #1540, .T. ) ;
#6100 = VECTOR ( 'NONE', #11302, 1000.000000000000000 ) ;
#6101 = ORIENTED_EDGE ( 'NONE', *, *, #9026, .T. ) ;
#6102 = CYLINDRICAL_SURFACE ( 'NONE', #8485, 0.01500217240645653274 ) ;
#6104 = LINE ( 'NONE', #133, #3455 ) ;
#6103 = DIRECTION ( 'NONE',  ( -1.000000000000000000, 0.0000000000000000000, -9.098841772336320612E-17 ) ) ;
#6105 = STYLED_ITEM ( 'NONE', ( #6122 ), #10031 ) ;
#6106 = COLOUR_RGB ( '',0.9686274509803921573, 0.8784313725490195957, 0.5999999999999999778 ) ;
#6107 = CARTESIAN_POINT ( 'NONE',  ( 1.600000000000000311, 0.5000000000000000000, 0.05229999999999980498 ) ) ;
#6108 = VECTOR ( 'NONE', #7389, 1000.000000000000000 ) ;
#6109 = ORIENTED_EDGE ( 'NONE', *, *, #2033, .F. ) ;
#6110 = AXIS2_PLACEMENT_3D ( 'NONE', #11380, #5485, #12377 ) ;
#6111 = CARTESIAN_POINT ( 'NONE',  ( -1.577030068621648962, 0.1000000000000000056, -0.2007383321261244913 ) ) ;
#6112 = ORIENTED_EDGE ( 'NONE', *, *, #3771, .T. ) ;
#6113 = DIRECTION ( 'NONE',  ( 0.0000000000000000000, 0.0000000000000000000, 1.000000000000000000 ) ) ;
#6114 = ORIENTED_EDGE ( 'NONE', *, *, #3121, .T. ) ;
#6115 = MECHANICAL_DESIGN_GEOMETRIC_PRESENTATION_REPRESENTATION (  '', ( #4785 ), #6788 ) ;
#6116 = LINE ( 'NONE', #1819, #8752 ) ;
#6117 = CARTESIAN_POINT ( 'NONE',  ( 1.071200000000000374, 0.0000000000000000000, 0.1166021724064566778 ) ) ;
#6118 = ORIENTED_EDGE ( 'NONE', *, *, #431, .T. ) ;
#6119 = ADVANCED_FACE ( 'NONE', ( #6426 ), #4081, .F. ) ;
#6120 = FACE_OUTER_BOUND ( 'NONE', #4871, .T. ) ;
#6121 = LINE ( 'NONE', #4139, #5817 ) ;
#6122 = PRESENTATION_STYLE_ASSIGNMENT (( #6490 ) ) ;
#6123 = DIRECTION ( 'NONE',  ( 1.000000000000000000, 0.0000000000000000000, -0.0000000000000000000 ) ) ;
#6124 = DIRECTION ( 'NONE',  ( 0.7071067811865365815, 0.0000000000000000000, -0.7071067811865584529 ) ) ;
#6125 = FILL_AREA_STYLE_COLOUR ( '', #1703 ) ;
#6126 = EDGE_LOOP ( 'NONE', ( #2901, #3615, #6447, #8349 ) ) ;
#6127 = EDGE_CURVE ( 'NONE', #11751, #4232, #1168, .T. ) ;
#6128 = DIRECTION ( 'NONE',  ( 1.000000000000000000, 0.0000000000000000000, 5.163305667262247253E-16 ) ) ;
#6130 = VERTEX_POINT ( 'NONE', #9043 ) ;
#6129 = EDGE_CURVE ( 'NONE', #5423, #6343, #3791, .T. ) ;
#6131 = EDGE_LOOP ( 'NONE', ( #8217, #4040, #2322, #10224 ) ) ;
#6132 = AXIS2_PLACEMENT_3D ( 'NONE', #9593, #8628, #7676 ) ;
#6133 = VECTOR ( 'NONE', #10777, 1000.000000000000000 ) ;
#6134 = EDGE_CURVE ( 'NONE', #3962, #10872, #6104, .T. ) ;
#6135 = DIRECTION ( 'NONE',  ( 0.0000000000000000000, 0.0000000000000000000, -1.000000000000000000 ) ) ;
#6136 = CARTESIAN_POINT ( 'NONE',  ( 1.553297827593543845, 0.0000000000000000000, 0.1016000000000000236 ) ) ;
#6137 =( NAMED_UNIT ( * ) SI_UNIT ( $, .STERADIAN. ) SOLID_ANGLE_UNIT ( ) );
#6138 = ORIENTED_EDGE ( 'NONE', *, *, #4344, .F. ) ;
#6139 = CARTESIAN_POINT ( 'NONE',  ( 1.562027896215192557, 0.1000000000000000056, -0.1167021724064567917 ) ) ;
#6140 = ORIENTED_EDGE ( 'NONE', *, *, #12594, .T. ) ;
#6141 = DIRECTION ( 'NONE',  ( -1.000000000000000000, 0.0000000000000000000, 0.0000000000000000000 ) ) ;
#6142 = ORIENTED_EDGE ( 'NONE', *, *, #2664, .T. ) ;
#6143 = LINE ( 'NONE', #8760, #3498 ) ;
#6144 = EDGE_CURVE ( 'NONE', #3068, #12489, #11325, .T. ) ;
#6145 = VECTOR ( 'NONE', #5352, 1000.000000000000000 ) ;
#6146 =( GEOMETRIC_REPRESENTATION_CONTEXT ( 3 ) GLOBAL_UNCERTAINTY_ASSIGNED_CONTEXT ( ( #8139 ) ) GLOBAL_UNIT_ASSIGNED_CONTEXT ( ( #6669, #740, #7647 ) ) REPRESENTATION_CONTEXT ( 'NONE', 'WORKASPACE' ) );
#6147 = DIRECTION ( 'NONE',  ( -4.843431639425979442E-16, 0.0000000000000000000, -1.000000000000000000 ) ) ;
#6148 = EDGE_LOOP ( 'NONE', ( #10120, #12422, #9468, #9329, #8690, #5300, #5739, #9140 ) ) ;
#6149 = COLOUR_RGB ( '',0.0000000000000000000, 0.7529411764705882248, 0.0000000000000000000 ) ;
#6150 = CARTESIAN_POINT ( 'NONE',  ( -1.583302172406456876, 0.1000000000000000056, 0.1963566009016781411 ) ) ;
#6151 =( LENGTH_UNIT ( ) NAMED_UNIT ( * ) SI_UNIT ( .MILLI., .METRE. ) );
#6152 = DIRECTION ( 'NONE',  ( 0.0000000000000000000, 0.0000000000000000000, -1.000000000000000000 ) ) ;
#6153 = VERTEX_POINT ( 'NONE', #3094 ) ;
#6154 = CARTESIAN_POINT ( 'NONE',  ( -1.310900000000000176, 0.0000000000000000000, 0.4999999999999997780 ) ) ;
#6155 = LINE ( 'NONE', #6006, #11376 ) ;
#6156 = ORIENTED_EDGE ( 'NONE', *, *, #5136, .T. ) ;
#6157 = LINE ( 'NONE', #6493, #11062 ) ;
#6158 = VECTOR ( 'NONE', #2065, 1000.000000000000000 ) ;
#6159 = STYLED_ITEM ( 'NONE', ( #10795 ), #11776 ) ;
#6160 = DIRECTION ( 'NONE',  ( 0.0000000000000000000, 0.0000000000000000000, 1.000000000000000000 ) ) ;
#6161 = EDGE_CURVE ( 'NONE', #3552, #12194, #852, .T. ) ;
#6162 = DIRECTION ( 'NONE',  ( -1.000000000000000000, 0.0000000000000000000, 0.0000000000000000000 ) ) ;
#6163 = CARTESIAN_POINT ( 'NONE',  ( -0.4691278962151925191, 0.1000000000000000056, 0.4870999999999999219 ) ) ;
#6164 = CIRCLE ( 'NONE', #10255, 0.3001000000000000334 ) ;
#6165 = CARTESIAN_POINT ( 'NONE',  ( 1.373961839504919347, 0.09999999999999999167, -0.3026000000000000911 ) ) ;
#6166 = CARTESIAN_POINT ( 'NONE',  ( -1.600000000000000311, -0.0000000000000000000, -0.1999000000000000221 ) ) ;
#6167 = ORIENTED_EDGE ( 'NONE', *, *, #2412, .F. ) ;
#6168 = EDGE_CURVE ( 'NONE', #9118, #8022, #11005, .T. ) ;
#6169 = CYLINDRICAL_SURFACE ( 'NONE', #10854, 0.2890999999999999681 ) ;
#6170 = EDGE_LOOP ( 'NONE', ( #10364, #12339, #11686, #6495 ) ) ;
#6171 = VERTEX_POINT ( 'NONE', #4152 ) ;
#6172 = DIRECTION ( 'NONE',  ( 0.0000000000000000000, -0.0000000000000000000, -1.000000000000000000 ) ) ;
#6173 = EDGE_CURVE ( 'NONE', #1595, #6171, #10698, .T. ) ;
#6174 = DIRECTION ( 'NONE',  ( 0.0000000000000000000, 0.0000000000000000000, -1.000000000000000000 ) ) ;
#6175 = ORIENTED_EDGE ( 'NONE', *, *, #10968, .F. ) ;
#6176 = FACE_OUTER_BOUND ( 'NONE', #12028, .T. ) ;
#6177 = ADVANCED_FACE ( 'NONE', ( #527 ), #7146, .T. ) ;
#6178 = LINE ( 'NONE', #5386, #9409 ) ;
#6179 =( GEOMETRIC_REPRESENTATION_CONTEXT ( 3 ) GLOBAL_UNCERTAINTY_ASSIGNED_CONTEXT ( ( #9298 ) ) GLOBAL_UNIT_ASSIGNED_CONTEXT ( ( #4325, #11216, #5311 ) ) REPRESENTATION_CONTEXT ( 'NONE', 'WORKASPACE' ) );
#6181 =( NAMED_UNIT ( * ) SI_UNIT ( $, .STERADIAN. ) SOLID_ANGLE_UNIT ( ) );
#6180 =( LENGTH_UNIT ( ) NAMED_UNIT ( * ) SI_UNIT ( .MILLI., .METRE. ) );
#6182 = ORIENTED_EDGE ( 'NONE', *, *, #4422, .T. ) ;
#6183 = AXIS2_PLACEMENT_3D ( 'NONE', #11690, #7738, #3765 ) ;
#6184 = ORIENTED_EDGE ( 'NONE', *, *, #9377, .T. ) ;
#6185 = AXIS2_PLACEMENT_3D ( 'NONE', #2707, #9635, #3739 ) ;
#6186 = SURFACE_SIDE_STYLE ('',( #4390 ) ) ;
#6187 = VERTEX_POINT ( 'NONE', #7182 ) ;
#6188 = EDGE_CURVE ( 'NONE', #532, #10532, #12406, .T. ) ;
#6189 = FILL_AREA_STYLE_COLOUR ( '', #616 ) ;
#6190 = DIRECTION ( 'NONE',  ( 0.0000000000000000000, -1.000000000000000000, 0.0000000000000000000 ) ) ;
#6191 =( NAMED_UNIT ( * ) PLANE_ANGLE_UNIT ( ) SI_UNIT ( $, .RADIAN. ) );
#6192 = DIRECTION ( 'NONE',  ( 0.0000000000000000000, 0.0000000000000000000, 1.000000000000000000 ) ) ;
#6193 = LINE ( 'NONE', #11488, #3553 ) ;
#6194 = CARTESIAN_POINT ( 'NONE',  ( 1.099400000000000377, 0.09999999999999999167, 0.3025999999999999801 ) ) ;
#6195 = DIRECTION ( 'NONE',  ( -0.0000000000000000000, 1.000000000000000000, -0.0000000000000000000 ) ) ;
#6196 = ORIENTED_EDGE ( 'NONE', *, *, #1004, .F. ) ;
#6197 = AXIS2_PLACEMENT_3D ( 'NONE', #11798, #5915, #12770 ) ;
#6198 = EDGE_CURVE ( 'NONE', #2444, #6343, #4546, .T. ) ;
#6199 = VECTOR ( 'NONE', #7804, 1000.000000000000000 ) ;
#6200 = EDGE_LOOP ( 'NONE', ( #1286, #6064, #422, #7203 ) ) ;
#6201 = SURFACE_STYLE_FILL_AREA ( #12670 ) ;
#6202 = ORIENTED_EDGE ( 'NONE', *, *, #9766, .F. ) ;
#6203 = AXIS2_PLACEMENT_3D ( 'NONE', #139, #4119, #10989 ) ;
#6204 = DIRECTION ( 'NONE',  ( -0.7071067811865493491, 0.0000000000000000000, -0.7071067811865456854 ) ) ;
#6205 = DIRECTION ( 'NONE',  ( 0.0000000000000000000, 0.0000000000000000000, -1.000000000000000000 ) ) ;
#6206 = DIRECTION ( 'NONE',  ( -0.0000000000000000000, -0.0000000000000000000, -1.000000000000000000 ) ) ;
#6207 = EDGE_CURVE ( 'NONE', #393, #8008, #7184, .T. ) ;
#6208 = DIRECTION ( 'NONE',  ( 0.0000000000000000000, 1.000000000000000000, 0.0000000000000000000 ) ) ;
#6209 = CARTESIAN_POINT ( 'NONE',  ( -0.1004848928301857874, 0.1000000000000000056, 0.4999999999999997780 ) ) ;
#6210 = VERTEX_POINT ( 'NONE', #12125 ) ;
#6211 = VERTEX_POINT ( 'NONE', #293 ) ;
#6212 = ORIENTED_EDGE ( 'NONE', *, *, #8741, .T. ) ;
#6213 = DIRECTION ( 'NONE',  ( 0.0000000000000000000, 0.0000000000000000000, 1.000000000000000000 ) ) ;
#6214 = EDGE_CURVE ( 'NONE', #9401, #3166, #12100, .T. ) ;
#6215 = DIRECTION ( 'NONE',  ( -0.7071067811865474617, 0.0000000000000000000, -0.7071067811865474617 ) ) ;
#6216 = DIRECTION ( 'NONE',  ( 0.0000000000000000000, 1.000000000000000000, 0.0000000000000000000 ) ) ;
#6217 = PLANE ( 'NONE',  #11428 ) ;
#6218 = EDGE_CURVE ( 'NONE', #12004, #5241, #9789, .T. ) ;
#6219 = CARTESIAN_POINT ( 'NONE',  ( 1.285174339670224430, 0.1000000000000000056, -0.4868021724064567901 ) ) ;
#6220 = STYLED_ITEM ( 'NONE', ( #1180 ), #5869 ) ;
#6222 = DIRECTION ( 'NONE',  ( 0.0000000000000000000, -1.000000000000000000, 0.0000000000000000000 ) ) ;
#6221 = CARTESIAN_POINT ( 'NONE',  ( -1.103100000000000414, 0.5000000000000000000, 0.4718000000000000527 ) ) ;
#6223 = EDGE_LOOP ( 'NONE', ( #3893, #1466, #11133, #1706 ) ) ;
#6224 = VECTOR ( 'NONE', #6152, 1000.000000000000000 ) ;
#6225 = ORIENTED_EDGE ( 'NONE', *, *, #6198, .F. ) ;
#6226 = UNCERTAINTY_MEASURE_WITH_UNIT (LENGTH_MEASURE( 1.000000000000000082E-05 ), #925, 'distance_accuracy_value', 'NONE');
#6227 = VECTOR ( 'NONE', #6083, 1000.000000000000000 ) ;
#6228 = PLANE ( 'NONE',  #3049 ) ;
#6229 = VECTOR ( 'NONE', #4220, 1000.000000000000000 ) ;
#6230 = DIRECTION ( 'NONE',  ( 2.321156620588232821E-16, 0.0000000000000000000, -1.000000000000000000 ) ) ;
#6231 = COLOUR_RGB ( '',0.9686274509803921573, 0.8784313725490195957, 0.5999999999999999778 ) ;
#6232 = CARTESIAN_POINT ( 'NONE',  ( -0.3175278962151925066, 0.1000000000000000056, 0.4800999999999999157 ) ) ;
#6233 = CARTESIAN_POINT ( 'NONE',  ( 0.7009302143396288765, 0.0000000000000000000, 0.4999999999999993339 ) ) ;
#6234 = CARTESIAN_POINT ( 'NONE',  ( -0.6304257238087359605, 0.1000000000000000056, 0.09929999999999991611 ) ) ;
#6235 = MECHANICAL_DESIGN_GEOMETRIC_PRESENTATION_REPRESENTATION (  '', ( #4238 ), #6919 ) ;
#6236 =( GEOMETRIC_REPRESENTATION_CONTEXT ( 3 ) GLOBAL_UNCERTAINTY_ASSIGNED_CONTEXT ( ( #12375 ) ) GLOBAL_UNIT_ASSIGNED_CONTEXT ( ( #8472, #2530, #9459 ) ) REPRESENTATION_CONTEXT ( 'NONE', 'WORKASPACE' ) );
#6237 = SURFACE_STYLE_USAGE ( .BOTH. , #12135 ) ;
#6238 = VERTEX_POINT ( 'NONE', #3263 ) ;
#6239 = PLANE ( 'NONE',  #12510 ) ;
#6240 = ORIENTED_EDGE ( 'NONE', *, *, #5232, .T. ) ;
#6241 = ADVANCED_FACE ( 'NONE', ( #4235 ), #6228, .F. ) ;
#6242 = LINE ( 'NONE', #5534, #11465 ) ;
#6243 =( LENGTH_UNIT ( ) NAMED_UNIT ( * ) SI_UNIT ( .MILLI., .METRE. ) );
#6244 = EDGE_CURVE ( 'NONE', #4753, #8022, #9178, .T. ) ;
#6245 = CARTESIAN_POINT ( 'NONE',  ( -0.3325300686216490220, 0.1000000000000000056, -0.08669782759354358048 ) ) ;
#6246 = DIRECTION ( 'NONE',  ( 0.0000000000000000000, -0.0000000000000000000, -1.000000000000000000 ) ) ;
#6247 = CARTESIAN_POINT ( 'NONE',  ( -1.600000000000000311, 0.0000000000000000000, 0.05229999999999981192 ) ) ;
#6248 = DIRECTION ( 'NONE',  ( 1.000000000000000000, 0.0000000000000000000, 0.0000000000000000000 ) ) ;
#6249 = VECTOR ( 'NONE', #8288, 1000.000000000000000 ) ;
#6250 = SURFACE_STYLE_FILL_AREA ( #2135 ) ;
#6251 = EDGE_CURVE ( 'NONE', #12044, #495, #6573, .T. ) ;
#6252 = EDGE_CURVE ( 'NONE', #5896, #6254, #6889, .T. ) ;
#6253 = MECHANICAL_DESIGN_GEOMETRIC_PRESENTATION_REPRESENTATION (  '', ( #3593 ), #6937 ) ;
#6254 = VERTEX_POINT ( 'NONE', #8242 ) ;
#6255 = MECHANICAL_DESIGN_GEOMETRIC_PRESENTATION_REPRESENTATION (  '', ( #4938 ), #6938 ) ;
#6256 = ORIENTED_EDGE ( 'NONE', *, *, #8032, .F. ) ;
#6257 = LINE ( 'NONE', #12201, #11479 ) ;
#6258 = FILL_AREA_STYLE ('',( #11144 ) ) ;
#6259 = SURFACE_SIDE_STYLE ('',( #8222 ) ) ;
#6260 = ORIENTED_EDGE ( 'NONE', *, *, #11229, .T. ) ;
#6261 = AXIS2_PLACEMENT_3D ( 'NONE', #1647, #8558, #2611 ) ;
#6262 = CARTESIAN_POINT ( 'NONE',  ( 1.577030068621648740, 0.0000000000000000000, -0.2007383321261244635 ) ) ;
#6263 = CARTESIAN_POINT ( 'NONE',  ( 1.099400000000000377, 0.5000000000000000000, 0.3025999999999999801 ) ) ;
#6264 = LINE ( 'NONE', #1148, #8576 ) ;
#6265 = CARTESIAN_POINT ( 'NONE',  ( 1.071200000000000374, 0.0000000000000000000, 0.4567978275935433707 ) ) ;
#6266 = ORIENTED_EDGE ( 'NONE', *, *, #3199, .T. ) ;
#6267 = VECTOR ( 'NONE', #7844, 1000.000000000000000 ) ;
#6268 = ORIENTED_EDGE ( 'NONE', *, *, #8594, .F. ) ;
#6269 = FACE_OUTER_BOUND ( 'NONE', #6324, .T. ) ;
#6270 = CARTESIAN_POINT ( 'NONE',  ( -0.3069278962151925083, 0.1000000000000000056, 0.4976999999999999202 ) ) ;
#6271 = LINE ( 'NONE', #7519, #1025 ) ;
#6272 = LINE ( 'NONE', #6424, #8899 ) ;
#6273 = ORIENTED_EDGE ( 'NONE', *, *, #12472, .F. ) ;
#6274 = EDGE_LOOP ( 'NONE', ( #4468, #5411, #4002, #4034 ) ) ;
#6275 = VECTOR ( 'NONE', #4940, 1000.000000000000000 ) ;
#6276 = ORIENTED_EDGE ( 'NONE', *, *, #11137, .F. ) ;
#6277 = DIRECTION ( 'NONE',  ( -1.000000000000000000, 0.0000000000000000000, 0.0000000000000000000 ) ) ;
#6278 = PRESENTATION_STYLE_ASSIGNMENT (( #480 ) ) ;
#6279 = DIRECTION ( 'NONE',  ( 0.0000000000000000000, 0.0000000000000000000, 1.000000000000000000 ) ) ;
#6280 = ORIENTED_EDGE ( 'NONE', *, *, #12299, .T. ) ;
#6281 = CARTESIAN_POINT ( 'NONE',  ( -1.071200000000000374, 0.1000000000000000056, 0.1166021724064564002 ) ) ;
#6282 =( NAMED_UNIT ( * ) SI_UNIT ( $, .STERADIAN. ) SOLID_ANGLE_UNIT ( ) );
#6283 = VERTEX_POINT ( 'NONE', #1379 ) ;
#6284 = CARTESIAN_POINT ( 'NONE',  ( -1.600000000000000311, 0.1000000000000000056, 0.4999999999999995559 ) ) ;
#6285 = PRESENTATION_STYLE_ASSIGNMENT (( #5415 ) ) ;
#6286 = LINE ( 'NONE', #5889, #9211 ) ;
#6287 = PRESENTATION_STYLE_ASSIGNMENT (( #12076 ) ) ;
#6288 = CARTESIAN_POINT ( 'NONE',  ( 0.6304257238087360715, 0.1000000000000000056, 0.1143021724064564593 ) ) ;
#6289 = DIRECTION ( 'NONE',  ( 0.0000000000000000000, 0.0000000000000000000, -1.000000000000000000 ) ) ;
#6290 = FILL_AREA_STYLE_COLOUR ( '', #2118 ) ;
#6291 = VERTEX_POINT ( 'NONE', #376 ) ;
#6292 = FACE_OUTER_BOUND ( 'NONE', #10993, .T. ) ;
#6293 = CIRCLE ( 'NONE', #11784, 0.3000999999999999779 ) ;
#6294 = DIRECTION ( 'NONE',  ( 0.0000000000000000000, -0.0000000000000000000, -1.000000000000000000 ) ) ;
#6295 = PLANE ( 'NONE',  #1854 ) ;
#6296 = VECTOR ( 'NONE', #5385, 1000.000000000000000 ) ;
#6297 = VECTOR ( 'NONE', #11432, 1000.000000000000000 ) ;
#6298 =( NAMED_UNIT ( * ) PLANE_ANGLE_UNIT ( ) SI_UNIT ( $, .RADIAN. ) );
#6299 = CARTESIAN_POINT ( 'NONE',  ( 1.097630068621648913, 0.1000000000000000056, -0.4718000000000002192 ) ) ;
#6300 = EDGE_CURVE ( 'NONE', #5130, #11682, #3608, .T. ) ;
#6301 = EDGE_CURVE ( 'NONE', #9106, #10972, #11802, .T. ) ;
#6302 = CARTESIAN_POINT ( 'NONE',  ( -0.4585278962151925208, 0.1000000000000000056, 0.4694999999999999174 ) ) ;
#6303 = MECHANICAL_DESIGN_GEOMETRIC_PRESENTATION_REPRESENTATION (  '', ( #4980 ), #6976 ) ;
#6304 = ORIENTED_EDGE ( 'NONE', *, *, #5545, .F. ) ;
#6305 = EDGE_CURVE ( 'NONE', #5056, #11699, #1294, .T. ) ;
#6306 = CARTESIAN_POINT ( 'NONE',  ( -1.399000000000000243, 0.1000000000000000056, 0.4999999999999995559 ) ) ;
#6307 = VECTOR ( 'NONE', #674, 1000.000000000000000 ) ;
#6308 = LINE ( 'NONE', #3184, #1064 ) ;
#6309 = DIRECTION ( 'NONE',  ( 0.0000000000000000000, -1.000000000000000000, 0.0000000000000000000 ) ) ;
#6310 = CARTESIAN_POINT ( 'NONE',  ( 1.316595130599349295, 0.5000000000000000000, 0.4012999999999999901 ) ) ;
#6311 = VERTEX_POINT ( 'NONE', #417 ) ;
#6312 = CARTESIAN_POINT ( 'NONE',  ( 0.7009302143396288765, 0.0000000000000000000, 0.4999999999999993339 ) ) ;
#6313 = DIRECTION ( 'NONE',  ( 0.0000000000000000000, -1.000000000000000000, 0.0000000000000000000 ) ) ;
#6314 = ADVANCED_FACE ( 'NONE', ( #5959 ), #8324, .T. ) ;
#6315 = FACE_OUTER_BOUND ( 'NONE', #11887, .T. ) ;
#6316 = DIRECTION ( 'NONE',  ( -0.7071067811865457964, -0.0000000000000000000, 0.7071067811865492381 ) ) ;
#6317 = ORIENTED_EDGE ( 'NONE', *, *, #7577, .F. ) ;
#6318 = MECHANICAL_DESIGN_GEOMETRIC_PRESENTATION_REPRESENTATION (  '', ( #3661 ), #6992 ) ;
#6319 = CIRCLE ( 'NONE', #7339, 0.01500217240645655876 ) ;
#6320 = DIRECTION ( 'NONE',  ( -0.7071067811865474617, 0.0000000000000000000, 0.7071067811865474617 ) ) ;
#6321 =( NAMED_UNIT ( * ) SI_UNIT ( $, .STERADIAN. ) SOLID_ANGLE_UNIT ( ) );
#6322 = DIRECTION ( 'NONE',  ( 0.7071067811865475727, 0.0000000000000000000, 0.7071067811865475727 ) ) ;
#6323 = SURFACE_SIDE_STYLE ('',( #12103 ) ) ;
#6324 = EDGE_LOOP ( 'NONE', ( #5027, #2815, #10046, #169 ) ) ;
#6325 = CIRCLE ( 'NONE', #1077, 0.01500217240645655876 ) ;
#6326 = FILL_AREA_STYLE_COLOUR ( '', #1264 ) ;
#6327 = DIRECTION ( 'NONE',  ( -1.000000000000000000, 0.0000000000000000000, 7.556514767313164730E-17 ) ) ;
#6328 = DIRECTION ( 'NONE',  ( -1.358513147160064791E-17, 0.0000000000000000000, 1.000000000000000000 ) ) ;
#6329 = ORIENTED_EDGE ( 'NONE', *, *, #4860, .F. ) ;
#6330 = CARTESIAN_POINT ( 'NONE',  ( -0.6304257238087359605, 0.0000000000000000000, 0.4976999999999999202 ) ) ;
#6331 = FILL_AREA_STYLE_COLOUR ( '', #9604 ) ;
#6332 = LINE ( 'NONE', #8769, #3048 ) ;
#6333 = AXIS2_PLACEMENT_3D ( 'NONE', #6031, #1061, #97 ) ;
#6334 = CARTESIAN_POINT ( 'NONE',  ( 1.082627896215192509, 0.0000000000000000000, -0.2153021724064568543 ) ) ;
#6335 = STYLED_ITEM ( 'NONE', ( #12320 ), #12300 ) ;
#6336 = ORIENTED_EDGE ( 'NONE', *, *, #5808, .T. ) ;
#6337 = EDGE_CURVE ( 'NONE', #11045, #3944, #11157, .T. ) ;
#6338 = CARTESIAN_POINT ( 'NONE',  ( 1.600000000000000311, 0.09999999999999999167, -0.5000000000000000000 ) ) ;
#6339 = VECTOR ( 'NONE', #9451, 1000.000000000000000 ) ;
#6340 =( GEOMETRIC_REPRESENTATION_CONTEXT ( 3 ) GLOBAL_UNCERTAINTY_ASSIGNED_CONTEXT ( ( #9382 ) ) GLOBAL_UNIT_ASSIGNED_CONTEXT ( ( #731, #7632, #1700 ) ) REPRESENTATION_CONTEXT ( 'NONE', 'WORKASPACE' ) );
#6341 = CARTESIAN_POINT ( 'NONE',  ( -0.6454278962151924759, 0.1000000000000000056, 0.1143021724064565564 ) ) ;
#6342 = DIRECTION ( 'NONE',  ( 0.0000000000000000000, -1.000000000000000000, 0.0000000000000000000 ) ) ;
#6343 = VERTEX_POINT ( 'NONE', #7355 ) ;
#6344 = AXIS2_PLACEMENT_3D ( 'NONE', #10330, #7446, #1516 ) ;
#6345 = CARTESIAN_POINT ( 'NONE',  ( -0.3175278962151925066, 0.1000000000000000056, 0.4800999999999999157 ) ) ;
#6346 = LINE ( 'NONE', #6312, #3703 ) ;
#6347 = PLANE ( 'NONE',  #2944 ) ;
#6348 = EDGE_CURVE ( 'NONE', #9090, #9398, #5180, .T. ) ;
#6349 = DIRECTION ( 'NONE',  ( 1.000000000000000000, 0.0000000000000000000, 0.0000000000000000000 ) ) ;
#6350 = CARTESIAN_POINT ( 'NONE',  ( 0.1774300686216492007, 0.1000000000000000056, 0.4976999999999998092 ) ) ;
#6351 = VERTEX_POINT ( 'NONE', #8369 ) ;
#6352 = DIRECTION ( 'NONE',  ( -4.843431639425979442E-16, 0.0000000000000000000, -1.000000000000000000 ) ) ;
#6353 = EDGE_LOOP ( 'NONE', ( #11057, #8792, #3549, #7276, #5314 ) ) ;
#6354 = VECTOR ( 'NONE', #8969, 1000.000000000000000 ) ;
#6355 = FACE_OUTER_BOUND ( 'NONE', #4245, .T. ) ;
#6356 = AXIS2_PLACEMENT_3D ( 'NONE', #7967, #8964, #3012 ) ;
#6357 = ORIENTED_EDGE ( 'NONE', *, *, #5278, .T. ) ;
#6359 = FILL_AREA_STYLE ('',( #4358 ) ) ;
#6358 = CARTESIAN_POINT ( 'NONE',  ( 1.568300000000000249, 0.1000000000000000056, 0.1166021724064566778 ) ) ;
#6360 = UNCERTAINTY_MEASURE_WITH_UNIT (LENGTH_MEASURE( 1.000000000000000082E-05 ), #3077, 'distance_accuracy_value', 'NONE');
#6361 = ORIENTED_EDGE ( 'NONE', *, *, #431, .F. ) ;
#6362 = CYLINDRICAL_SURFACE ( 'NONE', #8559, 0.01500217240645658652 ) ;
#6363 = MECHANICAL_DESIGN_GEOMETRIC_PRESENTATION_REPRESENTATION (  '', ( #5042 ), #7040 ) ;
#6364 = DIRECTION ( 'NONE',  ( 0.0000000000000000000, 0.0000000000000000000, -1.000000000000000000 ) ) ;
#6365 = ORIENTED_EDGE ( 'NONE', *, *, #9992, .T. ) ;
#6366 = ORIENTED_EDGE ( 'NONE', *, *, #3990, .T. ) ;
#6367 = CARTESIAN_POINT ( 'NONE',  ( -1.067625723808735883, 0.1000000000000000056, -0.2153021724064567433 ) ) ;
#6368 = DIRECTION ( 'NONE',  ( 0.0000000000000000000, 0.0000000000000000000, 1.000000000000000000 ) ) ;
#6369 = ORIENTED_EDGE ( 'NONE', *, *, #4135, .T. ) ;
#6370 = DIRECTION ( 'NONE',  ( 0.0000000000000000000, 0.0000000000000000000, 1.000000000000000000 ) ) ;
#6371 = CARTESIAN_POINT ( 'NONE',  ( 1.373961839504919347, 0.09999999999999999167, 0.3026000000000000911 ) ) ;
#6372 = ORIENTED_EDGE ( 'NONE', *, *, #10176, .T. ) ;
#6373 = LINE ( 'NONE', #6699, #8998 ) ;
#6374 = VERTEX_POINT ( 'NONE', #506 ) ;
#6375 = CARTESIAN_POINT ( 'NONE',  ( -1.086202172406457001, 0.0000000000000000000, 0.1015999999999997322 ) ) ;
#6376 = FACE_OUTER_BOUND ( 'NONE', #1102, .T. ) ;
#6377 = EDGE_LOOP ( 'NONE', ( #8311, #4882, #4155, #10913, #11213, #11246, #7127, #9517, #2194, #10574, #8984, #8236, #9364, #9999 ) ) ;
#6378 = SURFACE_STYLE_FILL_AREA ( #12741 ) ;
#6379 = DIRECTION ( 'NONE',  ( 0.0000000000000000000, 0.0000000000000000000, 1.000000000000000000 ) ) ;
#6380 = CYLINDRICAL_SURFACE ( 'NONE', #994, 0.01500217240645655876 ) ;
#6381 = ORIENTED_EDGE ( 'NONE', *, *, #1524, .T. ) ;
#6382 = CARTESIAN_POINT ( 'NONE',  ( 1.071200000000000374, 0.1000000000000000056, 0.1166021724064566778 ) ) ;
#6383 = EDGE_CURVE ( 'NONE', #11730, #11332, #7826, .T. ) ;
#6384 = ADVANCED_FACE ( 'NONE', ( #12726 ), #3953, .T. ) ;
#6385 = STYLED_ITEM ( 'NONE', ( #2848 ), #8629 ) ;
#6386 = STYLED_ITEM ( 'NONE', ( #1210 ), #4891 ) ;
#6387 = EDGE_LOOP ( 'NONE', ( #11723, #7211, #2486, #3928 ) ) ;
#6388 = VECTOR ( 'NONE', #5583, 1000.000000000000000 ) ;
#6389 = LINE ( 'NONE', #10080, #11290 ) ;
#6390 = DIRECTION ( 'NONE',  ( 0.0000000000000000000, -1.000000000000000000, 0.0000000000000000000 ) ) ;
#6391 = ORIENTED_EDGE ( 'NONE', *, *, #11436, .T. ) ;
#6392 = DIRECTION ( 'NONE',  ( 0.0000000000000000000, 0.0000000000000000000, -1.000000000000000000 ) ) ;
#6393 = EDGE_CURVE ( 'NONE', #5382, #9960, #6589, .T. ) ;
#6394 = SURFACE_STYLE_FILL_AREA ( #388 ) ;
#6395 = PLANE ( 'NONE',  #11294 ) ;
#6396 = DIRECTION ( 'NONE',  ( 0.0000000000000000000, 0.0000000000000000000, -1.000000000000000000 ) ) ;
#6397 = UNCERTAINTY_MEASURE_WITH_UNIT (LENGTH_MEASURE( 1.000000000000000082E-05 ), #552, 'distance_accuracy_value', 'NONE');
#6398 = DIRECTION ( 'NONE',  ( -1.000000000000000000, 0.0000000000000000000, 0.0000000000000000000 ) ) ;
#6399 = EDGE_CURVE ( 'NONE', #3308, #8152, #1622, .T. ) ;
#6400 = VECTOR ( 'NONE', #4996, 1000.000000000000000 ) ;
#6401 = CARTESIAN_POINT ( 'NONE',  ( 0.3352278962151924446, 0.1000000000000000056, -0.2153021724064569098 ) ) ;
#6402 = EDGE_LOOP ( 'NONE', ( #4530, #2757, #1124, #2977 ) ) ;
#6403 = VERTEX_POINT ( 'NONE', #2516 ) ;
#6404 =( GEOMETRIC_REPRESENTATION_CONTEXT ( 3 ) GLOBAL_UNCERTAINTY_ASSIGNED_CONTEXT ( ( #9047 ) ) GLOBAL_UNIT_ASSIGNED_CONTEXT ( ( #3392, #10280, #4400 ) ) REPRESENTATION_CONTEXT ( 'NONE', 'WORKASPACE' ) );
#6405 = CYLINDRICAL_SURFACE ( 'NONE', #6012, 0.3000999999999999779 ) ;
#6406 = LINE ( 'NONE', #10939, #5144 ) ;
#6407 = CIRCLE ( 'NONE', #10194, 0.3000999999999999779 ) ;
#6408 = DIRECTION ( 'NONE',  ( 0.0000000000000000000, 0.0000000000000000000, 1.000000000000000000 ) ) ;
#6409 = UNCERTAINTY_MEASURE_WITH_UNIT (LENGTH_MEASURE( 1.000000000000000082E-05 ), #7093, 'distance_accuracy_value', 'NONE');
#6410 = DIRECTION ( 'NONE',  ( 1.171755763104686462E-17, 0.0000000000000000000, 1.000000000000000000 ) ) ;
#6411 = DIRECTION ( 'NONE',  ( -0.0000000000000000000, -1.000000000000000000, -0.0000000000000000000 ) ) ;
#6412 = CARTESIAN_POINT ( 'NONE',  ( 1.316595130599349295, 0.09999999999999999167, -0.4012999999999999901 ) ) ;
#6413 = LINE ( 'NONE', #2298, #11639 ) ;
#6414 = ORIENTED_EDGE ( 'NONE', *, *, #7327, .F. ) ;
#6415 = LINE ( 'NONE', #1354, #6100 ) ;
#6416 = CARTESIAN_POINT ( 'NONE',  ( -0.3281278962151925049, 0.1000000000000000056, 0.4694999999999999174 ) ) ;
#6417 = ORIENTED_EDGE ( 'NONE', *, *, #3580, .T. ) ;
#6418 = VECTOR ( 'NONE', #7726, 1000.000000000000000 ) ;
#6419 = CARTESIAN_POINT ( 'NONE',  ( 0.3175278962151924511, 0.0000000000000000000, 0.4870999999999998109 ) ) ;
#6420 = EDGE_CURVE ( 'NONE', #12704, #10491, #1311, .T. ) ;
#6421 = FILL_AREA_STYLE_COLOUR ( '', #5458 ) ;
#6422 = SURFACE_SIDE_STYLE ('',( #3173 ) ) ;
#6423 = CARTESIAN_POINT ( 'NONE',  ( 1.569203545458986548, 0.09999999999999999167, 0.2014843582193669158 ) ) ;
#6424 = CARTESIAN_POINT ( 'NONE',  ( 0.3175278962151926176, 0.0000000000000000000, 0.08429782759354324806 ) ) ;
#6425 = SURFACE_SIDE_STYLE ('',( #11829 ) ) ;
#6426 = FACE_OUTER_BOUND ( 'NONE', #57, .T. ) ;
#6427 = COLOUR_RGB ( '',0.9686274509803921573, 0.8784313725490195957, 0.5999999999999999778 ) ;
#6428 = EDGE_CURVE ( 'NONE', #6067, #7584, #6271, .T. ) ;
#6429 = PRESENTATION_STYLE_ASSIGNMENT (( #2464 ) ) ;
#6430 = EDGE_LOOP ( 'NONE', ( #1, #8535, #4304, #7644 ) ) ;
#6431 = PLANE ( 'NONE',  #11283 ) ;
#6432 = CARTESIAN_POINT ( 'NONE',  ( 1.086202172406457001, 0.1000000000000000056, 0.1166021724064565668 ) ) ;
#6433 = EDGE_CURVE ( 'NONE', #6291, #3504, #3632, .T. ) ;
#6434 = ORIENTED_EDGE ( 'NONE', *, *, #1206, .T. ) ;
#6435 = CARTESIAN_POINT ( 'NONE',  ( -1.582400000000000251, 0.09999999999999999167, 0.1968000000000001137 ) ) ;
#6436 = SURFACE_STYLE_USAGE ( .BOTH. , #12312 ) ;
#6437 = ADVANCED_FACE ( 'NONE', ( #8898 ), #4576, .F. ) ;
#6438 = ORIENTED_EDGE ( 'NONE', *, *, #10822, .T. ) ;
#6439 = EDGE_CURVE ( 'NONE', #469, #11528, #3305, .T. ) ;
#6440 = MECHANICAL_DESIGN_GEOMETRIC_PRESENTATION_REPRESENTATION (  '', ( #5099 ), #7097 ) ;
#6441 = CIRCLE ( 'NONE', #4780, 0.01500217240645653274 ) ;
#6442 =( GEOMETRIC_REPRESENTATION_CONTEXT ( 3 ) GLOBAL_UNCERTAINTY_ASSIGNED_CONTEXT ( ( #3349 ) ) GLOBAL_UNIT_ASSIGNED_CONTEXT ( ( #3103, #10012, #4121 ) ) REPRESENTATION_CONTEXT ( 'NONE', 'WORKASPACE' ) );
#6443 = CARTESIAN_POINT ( 'NONE',  ( -1.571800000000000308, 0.09999999999999999167, 0.1862000000000001432 ) ) ;
#6444 =( NAMED_UNIT ( * ) PLANE_ANGLE_UNIT ( ) SI_UNIT ( $, .RADIAN. ) );
#6445 = STYLED_ITEM ( 'NONE', ( #196 ), #6759 ) ;
#6446 = AXIS2_PLACEMENT_3D ( 'NONE', #4774, #11665, #5770 ) ;
#6447 = ORIENTED_EDGE ( 'NONE', *, *, #4375, .T. ) ;
#6448 = DIRECTION ( 'NONE',  ( -1.000000000000000000, -0.0000000000000000000, -0.0000000000000000000 ) ) ;
#6449 = ADVANCED_FACE ( 'NONE', ( #11175 ), #8546, .F. ) ;
#6450 = COLOUR_RGB ( '',0.9686274509803921573, 0.8784313725490195957, 0.5999999999999999778 ) ;
#6451 = ORIENTED_EDGE ( 'NONE', *, *, #11480, .T. ) ;
#6452 = DIRECTION ( 'NONE',  ( 0.0000000000000000000, 1.000000000000000000, 0.0000000000000000000 ) ) ;
#6453 = FACE_OUTER_BOUND ( 'NONE', #8078, .T. ) ;
#6454 = FACE_OUTER_BOUND ( 'NONE', #7516, .T. ) ;
#6455 = UNCERTAINTY_MEASURE_WITH_UNIT (LENGTH_MEASURE( 1.000000000000000082E-05 ), #6652, 'distance_accuracy_value', 'NONE');
#6456 = DIRECTION ( 'NONE',  ( 0.0000000000000000000, 0.0000000000000000000, 1.000000000000000000 ) ) ;
#6457 = ORIENTED_EDGE ( 'NONE', *, *, #655, .T. ) ;
#6458 = DIRECTION ( 'NONE',  ( -1.000000000000000000, -0.0000000000000000000, -0.0000000000000000000 ) ) ;
#6459 = ORIENTED_EDGE ( 'NONE', *, *, #10227, .F. ) ;
#6460 =( GEOMETRIC_REPRESENTATION_CONTEXT ( 3 ) GLOBAL_UNCERTAINTY_ASSIGNED_CONTEXT ( ( #8749 ) ) GLOBAL_UNIT_ASSIGNED_CONTEXT ( ( #1616, #8533, #2579 ) ) REPRESENTATION_CONTEXT ( 'NONE', 'WORKASPACE' ) );
#6461 = AXIS2_PLACEMENT_3D ( 'NONE', #7466, #1536, #8453 ) ;
#6462 = MECHANICAL_DESIGN_GEOMETRIC_PRESENTATION_REPRESENTATION (  '', ( #5122 ), #7119 ) ;
#6463 = SURFACE_STYLE_USAGE ( .BOTH. , #12334 ) ;
#6464 = ADVANCED_FACE ( 'NONE', ( #5636 ), #3619, .F. ) ;
#6465 = ORIENTED_EDGE ( 'NONE', *, *, #971, .F. ) ;
#6466 = CARTESIAN_POINT ( 'NONE',  ( -0.1624278962151926298, -0.0000000000000000000, -0.4849978275935434846 ) ) ;
#6467 = FILL_AREA_STYLE_COLOUR ( '', #7227 ) ;
#6468 = SURFACE_STYLE_USAGE ( .BOTH. , #12340 ) ;
#6469 = DIRECTION ( 'NONE',  ( 0.0000000000000000000, 0.0000000000000000000, -1.000000000000000000 ) ) ;
#6470 = ORIENTED_EDGE ( 'NONE', *, *, #12602, .T. ) ;
#6471 = SURFACE_STYLE_FILL_AREA ( #589 ) ;
#6472 = VERTEX_POINT ( 'NONE', #694 ) ;
#6473 = CARTESIAN_POINT ( 'NONE',  ( -0.6304257238087359605, 0.0000000000000000000, 0.09929999999999991611 ) ) ;
#6474 = CARTESIAN_POINT ( 'NONE',  ( 1.600000000000000311, 0.0000000000000000000, -0.1999000000000000221 ) ) ;
#6475 = VECTOR ( 'NONE', #9226, 1000.000000000000000 ) ;
#6476 = EDGE_CURVE ( 'NONE', #11528, #6988, #8261, .T. ) ;
#6477 = UNCERTAINTY_MEASURE_WITH_UNIT (LENGTH_MEASURE( 1.000000000000000082E-05 ), #10014, 'distance_accuracy_value', 'NONE');
#6478 =( LENGTH_UNIT ( ) NAMED_UNIT ( * ) SI_UNIT ( .MILLI., .METRE. ) );
#6479 = ORIENTED_EDGE ( 'NONE', *, *, #1897, .T. ) ;
#6480 = EDGE_CURVE ( 'NONE', #340, #6130, #2992, .T. ) ;
#6481 = DIRECTION ( 'NONE',  ( 1.000000000000000000, 0.0000000000000000000, -9.098841772336316914E-17 ) ) ;
#6482 = MECHANICAL_DESIGN_GEOMETRIC_PRESENTATION_REPRESENTATION (  '', ( #4466 ), #7141 ) ;
#6483 = LINE ( 'NONE', #8499, #9094 ) ;
#6484 = LINE ( 'NONE', #820, #1217 ) ;
#6485 = DIRECTION ( 'NONE',  ( -0.0000000000000000000, -1.000000000000000000, -0.0000000000000000000 ) ) ;
#6486 = CARTESIAN_POINT ( 'NONE',  ( 1.553297827593543845, 0.1000000000000000056, 0.1166021724064565668 ) ) ;
#6487 = DIRECTION ( 'NONE',  ( -0.0000000000000000000, 1.000000000000000000, -0.0000000000000000000 ) ) ;
#6488 = ORIENTED_EDGE ( 'NONE', *, *, #9698, .F. ) ;
#6489 = FACE_OUTER_BOUND ( 'NONE', #12165, .T. ) ;
#6491 =( NAMED_UNIT ( * ) PLANE_ANGLE_UNIT ( ) SI_UNIT ( $, .RADIAN. ) );
#6490 = SURFACE_STYLE_USAGE ( .BOTH. , #12369 ) ;
#6492 = VERTEX_POINT ( 'NONE', #10539 ) ;
#6493 = CARTESIAN_POINT ( 'NONE',  ( -1.600000000000000311, 0.1000000000000000056, 0.05229999999999981192 ) ) ;
#6494 = AXIS2_PLACEMENT_3D ( 'NONE', #8095, #3151, #10052 ) ;
#6495 = ORIENTED_EDGE ( 'NONE', *, *, #8270, .T. ) ;
#6496 =( NAMED_UNIT ( * ) SI_UNIT ( $, .STERADIAN. ) SOLID_ANGLE_UNIT ( ) );
#6497 = DIRECTION ( 'NONE',  ( -4.179009298818627440E-17, 0.0000000000000000000, 1.000000000000000000 ) ) ;
#6498 = PLANE ( 'NONE',  #6555 ) ;
#6499 = ORIENTED_EDGE ( 'NONE', *, *, #9668, .F. ) ;
#6500 = VECTOR ( 'NONE', #4570, 1000.000000000000000 ) ;
#6501 = ADVANCED_FACE ( 'NONE', ( #7975 ), #1771, .T. ) ;
#6502 = DIRECTION ( 'NONE',  ( -1.000000000000000000, 0.0000000000000000000, -0.0000000000000000000 ) ) ;
#6503 = LINE ( 'NONE', #2398, #11407 ) ;
#6504 = EDGE_CURVE ( 'NONE', #11615, #8037, #4396, .T. ) ;
#6505 = DIRECTION ( 'NONE',  ( -1.000000000000000000, 0.0000000000000000000, 0.0000000000000000000 ) ) ;
#6506 = ORIENTED_EDGE ( 'NONE', *, *, #1608, .T. ) ;
#6507 = CARTESIAN_POINT ( 'NONE',  ( -1.086202172406457001, 0.1000000000000000056, 0.1015999999999997599 ) ) ;
#6508 = ORIENTED_EDGE ( 'NONE', *, *, #3375, .F. ) ;
#6509 = PLANE ( 'NONE',  #8210 ) ;
#6510 =( NAMED_UNIT ( * ) SI_UNIT ( $, .STERADIAN. ) SOLID_ANGLE_UNIT ( ) );
#6511 = VERTEX_POINT ( 'NONE', #9608 ) ;
#6512 = CARTESIAN_POINT ( 'NONE',  ( 1.086202172406457001, 0.1000000000000000056, 0.4567978275935434818 ) ) ;
#6513 = AXIS2_PLACEMENT_3D ( 'NONE', #4410, #11299, #5391 ) ;
#6514 = EDGE_CURVE ( 'NONE', #10692, #8516, #7057, .T. ) ;
#6515 = LINE ( 'NONE', #10482, #3876 ) ;
#6516 = DIRECTION ( 'NONE',  ( -0.0000000000000000000, -1.000000000000000000, -0.0000000000000000000 ) ) ;
#6517 = AXIS2_PLACEMENT_3D ( 'NONE', #5351, #12247, #6379 ) ;
#6518 = CARTESIAN_POINT ( 'NONE',  ( -1.583302172406456876, 0.1000000000000000056, 0.1963566009016781411 ) ) ;
#6519 = VERTEX_POINT ( 'NONE', #4706 ) ;
#6520 = CARTESIAN_POINT ( 'NONE',  ( -1.577030068621648962, 0.1000000000000000056, -0.1857361597196679204 ) ) ;
#6521 = LINE ( 'NONE', #2844, #1253 ) ;
#6522 = ORIENTED_EDGE ( 'NONE', *, *, #9026, .F. ) ;
#6523 = CARTESIAN_POINT ( 'NONE',  ( -0.3175278962151925066, 0.1000000000000000056, -0.08669782759354346946 ) ) ;
#6524 = EDGE_LOOP ( 'NONE', ( #5200, #11732, #892, #5876 ) ) ;
#6525 = ADVANCED_FACE ( 'NONE', ( #11970 ), #5799, .T. ) ;
#6526 =( LENGTH_UNIT ( ) NAMED_UNIT ( * ) SI_UNIT ( .MILLI., .METRE. ) );
#6527 = DIRECTION ( 'NONE',  ( 0.0000000000000000000, 0.0000000000000000000, -1.000000000000000000 ) ) ;
#6528 = DIRECTION ( 'NONE',  ( 0.0000000000000000000, 0.0000000000000000000, 1.000000000000000000 ) ) ;
#6529 =( NAMED_UNIT ( * ) PLANE_ANGLE_UNIT ( ) SI_UNIT ( $, .RADIAN. ) );
#6530 = AXIS2_PLACEMENT_3D ( 'NONE', #866, #9746, #3842 ) ;
#6531 = DIRECTION ( 'NONE',  ( 0.0000000000000000000, -1.000000000000000000, 0.0000000000000000000 ) ) ;
#6532 = VERTEX_POINT ( 'NONE', #2239 ) ;
#6533 = ORIENTED_EDGE ( 'NONE', *, *, #8188, .F. ) ;
#6534 = SURFACE_STYLE_FILL_AREA ( #9328 ) ;
#6535 = AXIS2_PLACEMENT_3D ( 'NONE', #9665, #3761, #10630 ) ;
#6536 = ORIENTED_EDGE ( 'NONE', *, *, #9255, .T. ) ;
#6537 = STYLED_ITEM ( 'NONE', ( #5584 ), #525 ) ;
#6538 = CARTESIAN_POINT ( 'NONE',  ( -1.021700000000000497, 0.1000000000000000056, 0.4999999999999997780 ) ) ;
#6539 = CARTESIAN_POINT ( 'NONE',  ( 0.6304257238087360715, 0.0000000000000000000, 0.4826978275935433493 ) ) ;
#6540 = CARTESIAN_POINT ( 'NONE',  ( -0.3325300686216491330, -0.0000000000000000000, -0.1017000000000001098 ) ) ;
#6541 = SURFACE_SIDE_STYLE ('',( #9327 ) ) ;
#6542 = DIRECTION ( 'NONE',  ( -0.0000000000000000000, -0.0000000000000000000, 1.000000000000000000 ) ) ;
#6543 = DIRECTION ( 'NONE',  ( -1.000000000000000000, -0.0000000000000000000, -0.0000000000000000000 ) ) ;
#6544 = EDGE_LOOP ( 'NONE', ( #5760, #1131, #4927, #796 ) ) ;
#6545 = DIRECTION ( 'NONE',  ( -0.0000000000000000000, 1.000000000000000000, -0.0000000000000000000 ) ) ;
#6547 = DIRECTION ( 'NONE',  ( -0.0000000000000000000, -0.0000000000000000000, 1.000000000000000000 ) ) ;
#6546 = LINE ( 'NONE', #12053, #3906 ) ;
#6548 = ORIENTED_EDGE ( 'NONE', *, *, #8194, .F. ) ;
#6549 = CARTESIAN_POINT ( 'NONE',  ( -0.6454278962151924759, 0.1000000000000000056, 0.4826978275935432383 ) ) ;
#6550 = EDGE_CURVE ( 'NONE', #10626, #12702, #8414, .T. ) ;
#6551 = LINE ( 'NONE', #6995, #6868 ) ;
#6552 = CIRCLE ( 'NONE', #3260, 0.01500217240645655876 ) ;
#6553 = EDGE_CURVE ( 'NONE', #2202, #8339, #854, .T. ) ;
#6554 = VECTOR ( 'NONE', #8742, 1000.000000000000000 ) ;
#6555 = AXIS2_PLACEMENT_3D ( 'NONE', #4488, #562, #7474 ) ;
#6556 =( LENGTH_UNIT ( ) NAMED_UNIT ( * ) SI_UNIT ( .MILLI., .METRE. ) );
#6557 = EDGE_CURVE ( 'NONE', #7851, #12563, #3460, .T. ) ;
#6558 = FILL_AREA_STYLE ('',( #1572 ) ) ;
#6559 = VERTEX_POINT ( 'NONE', #6233 ) ;
#6560 = LINE ( 'NONE', #6435, #3920 ) ;
#6561 = ORIENTED_EDGE ( 'NONE', *, *, #11770, .T. ) ;
#6562 = ADVANCED_FACE ( 'NONE', ( #10702 ), #7270, .T. ) ;
#6563 = PRESENTATION_STYLE_ASSIGNMENT (( #4497 ) ) ;
#6564 = CARTESIAN_POINT ( 'NONE',  ( 1.086202172406457001, 0.0000000000000000000, 0.1016000000000000236 ) ) ;
#6565 = DIRECTION ( 'NONE',  ( -0.0000000000000000000, 1.000000000000000000, -0.0000000000000000000 ) ) ;
#6566 = EDGE_CURVE ( 'NONE', #9663, #10320, #4549, .T. ) ;
#6567 = CARTESIAN_POINT ( 'NONE',  ( -0.6304257238087359605, 0.0000000000000000000, 0.09929999999999991611 ) ) ;
#6568 = AXIS2_PLACEMENT_3D ( 'NONE', #3901, #10776, #4899 ) ;
#6569 = DIRECTION ( 'NONE',  ( -0.7071067811865474617, 0.0000000000000000000, 0.7071067811865474617 ) ) ;
#6570 = FILL_AREA_STYLE ('',( #1583 ) ) ;
#6571 = SURFACE_STYLE_USAGE ( .BOTH. , #12454 ) ;
#6572 = ORIENTED_EDGE ( 'NONE', *, *, #3283, .T. ) ;
#6573 = LINE ( 'NONE', #1337, #3932 ) ;
#6574 = LINE ( 'NONE', #3069, #3934 ) ;
#6575 = ORIENTED_EDGE ( 'NONE', *, *, #575, .F. ) ;
#6576 = EDGE_LOOP ( 'NONE', ( #10197, #6488, #4983, #6910, #3557, #4823, #5046, #6860, #9955, #236, #8384, #9787, #8419, #6745 ) ) ;
#6577 = LINE ( 'NONE', #327, #1925 ) ;
#6578 = ORIENTED_EDGE ( 'NONE', *, *, #8532, .F. ) ;
#6579 = CARTESIAN_POINT ( 'NONE',  ( -0.4691278962151925191, 0.1000000000000000056, 0.4870999999999999219 ) ) ;
#6580 = LINE ( 'NONE', #9926, #1304 ) ;
#6581 = CARTESIAN_POINT ( 'NONE',  ( 1.600000000000000311, 0.09999999999999999167, -0.5000000000000000000 ) ) ;
#6582 = ORIENTED_EDGE ( 'NONE', *, *, #6144, .T. ) ;
#6583 = CARTESIAN_POINT ( 'NONE',  ( 1.569203545458986548, 0.1000000000000000056, 0.2014843582193669158 ) ) ;
#6584 = VERTEX_POINT ( 'NONE', #3314 ) ;
#6585 = AXIS2_PLACEMENT_3D ( 'NONE', #5514, #6528, #590 ) ;
#6586 = LINE ( 'NONE', #9657, #1310 ) ;
#6587 =( NAMED_UNIT ( * ) SI_UNIT ( $, .STERADIAN. ) SOLID_ANGLE_UNIT ( ) );
#6588 = ADVANCED_FACE ( 'NONE', ( #7189 ), #10204, .T. ) ;
#6589 = LINE ( 'NONE', #1545, #11819 ) ;
#6590 = EDGE_CURVE ( 'NONE', #1936, #5419, #11160, .T. ) ;
#6591 = FILL_AREA_STYLE_COLOUR ( '', #12546 ) ;
#6592 = AXIS2_PLACEMENT_3D ( 'NONE', #4750, #11644, #5747 ) ;
#6593 =( NAMED_UNIT ( * ) PLANE_ANGLE_UNIT ( ) SI_UNIT ( $, .RADIAN. ) );
#6594 = VERTEX_POINT ( 'NONE', #5347 ) ;
#6595 = DIRECTION ( 'NONE',  ( 0.0000000000000000000, -1.000000000000000000, 0.0000000000000000000 ) ) ;
#6596 = EDGE_LOOP ( 'NONE', ( #4473, #6925, #12392, #7994 ) ) ;
#6597 = VECTOR ( 'NONE', #11698, 1000.000000000000000 ) ;
#6598 = EDGE_LOOP ( 'NONE', ( #272, #1409, #710, #10171 ) ) ;
#6599 =( LENGTH_UNIT ( ) NAMED_UNIT ( * ) SI_UNIT ( .MILLI., .METRE. ) );
#6600 = AXIS2_PLACEMENT_3D ( 'NONE', #11039, #5152, #12057 ) ;
#6601 = LINE ( 'NONE', #2366, #3964 ) ;
#6602 = EDGE_CURVE ( 'NONE', #10108, #754, #1008, .T. ) ;
#6603 = ORIENTED_EDGE ( 'NONE', *, *, #5746, .F. ) ;
#6604 = FACE_OUTER_BOUND ( 'NONE', #208, .T. ) ;
#6605 = VECTOR ( 'NONE', #5840, 1000.000000000000000 ) ;
#6606 = COLOUR_RGB ( '',0.9686274509803921573, 0.8784313725490195957, 0.5999999999999999778 ) ;
#6607 = CARTESIAN_POINT ( 'NONE',  ( 1.600000000000000311, 0.1000000000000000056, 0.2108999999999999764 ) ) ;
#6608 = DIRECTION ( 'NONE',  ( 1.000000000000000000, 0.0000000000000000000, 0.0000000000000000000 ) ) ;
#6609 = ORIENTED_EDGE ( 'NONE', *, *, #3756, .T. ) ;
#6610 = LINE ( 'NONE', #437, #3977 ) ;
#6611 = CARTESIAN_POINT ( 'NONE',  ( 1.086202172406457001, 0.1000000000000000056, 0.4718000000000000527 ) ) ;
#6612 =( GEOMETRIC_REPRESENTATION_CONTEXT ( 3 ) GLOBAL_UNCERTAINTY_ASSIGNED_CONTEXT ( ( #2534 ) ) GLOBAL_UNIT_ASSIGNED_CONTEXT ( ( #12467, #6593, #662 ) ) REPRESENTATION_CONTEXT ( 'NONE', 'WORKASPACE' ) );
#6613 = FILL_AREA_STYLE ('',( #3603 ) ) ;
#6614 = CIRCLE ( 'NONE', #3200, 0.01500217240645653274 ) ;
#6615 = STYLED_ITEM ( 'NONE', ( #2954 ), #7156 ) ;
#6616 = SURFACE_SIDE_STYLE ('',( #3865 ) ) ;
#6617 = CARTESIAN_POINT ( 'NONE',  ( 1.600000000000000311, 0.5000000000000000000, -0.5000000000000000000 ) ) ;
#6618 = EDGE_CURVE ( 'NONE', #2467, #8191, #3611, .T. ) ;
#6619 = ORIENTED_EDGE ( 'NONE', *, *, #2374, .T. ) ;
#6620 = LINE ( 'NONE', #7628, #6013 ) ;
#6621 = CARTESIAN_POINT ( 'NONE',  ( 0.4797278962151925175, 0.1000000000000000056, 0.4976999999999999202 ) ) ;
#6622 = VECTOR ( 'NONE', #6195, 1000.000000000000000 ) ;
#6623 = CARTESIAN_POINT ( 'NONE',  ( 0.1005151071698142246, 0.1000000000000000056, -0.4976000000000002643 ) ) ;
#6624 = EDGE_LOOP ( 'NONE', ( #3400, #12162, #4638, #6470 ) ) ;
#6625 = FILL_AREA_STYLE ('',( #2599 ) ) ;
#6626 = CARTESIAN_POINT ( 'NONE',  ( -1.067625723808735883, -0.0000000000000000000, -0.2003000000000002001 ) ) ;
#6627 = UNCERTAINTY_MEASURE_WITH_UNIT (LENGTH_MEASURE( 1.000000000000000082E-05 ), #1144, 'distance_accuracy_value', 'NONE');
#6628 = ADVANCED_FACE ( 'NONE', ( #8567 ), #10283, .F. ) ;
#6629 =( LENGTH_UNIT ( ) NAMED_UNIT ( * ) SI_UNIT ( .MILLI., .METRE. ) );
#6630 = EDGE_CURVE ( 'NONE', #6036, #7691, #8246, .T. ) ;
#6631 = VECTOR ( 'NONE', #7162, 1000.000000000000000 ) ;
#6632 = SURFACE_SIDE_STYLE ('',( #471 ) ) ;
#6633 = LINE ( 'NONE', #11102, #3998 ) ;
#6634 = FILL_AREA_STYLE_COLOUR ( '', #9450 ) ;
#6635 = PRESENTATION_LAYER_ASSIGNMENT (  '', '', ( #7948 ) ) ;
#6636 = AXIS2_PLACEMENT_3D ( 'NONE', #2943, #3973, #2012 ) ;
#6637 =( LENGTH_UNIT ( ) NAMED_UNIT ( * ) SI_UNIT ( .MILLI., .METRE. ) );
#6638 = FILL_AREA_STYLE_COLOUR ( '', #5611 ) ;
#6639 = CARTESIAN_POINT ( 'NONE',  ( -0.3175278962151925066, 0.0000000000000000000, 0.4800999999999999157 ) ) ;
#6640 = ORIENTED_EDGE ( 'NONE', *, *, #530, .T. ) ;
#6641 = EDGE_CURVE ( 'NONE', #5883, #8821, #10855, .T. ) ;
#6642 = VECTOR ( 'NONE', #4129, 1000.000000000000114 ) ;
#6643 = CARTESIAN_POINT ( 'NONE',  ( 1.311172388391701915, 0.1000000000000000056, 0.4874532564923816369 ) ) ;
#6644 = VECTOR ( 'NONE', #849, 1000.000000000000000 ) ;
#6645 = ORIENTED_EDGE ( 'NONE', *, *, #673, .T. ) ;
#6646 = CARTESIAN_POINT ( 'NONE',  ( -1.547025723808735931, 0.1000000000000000056, -0.1167021724064566529 ) ) ;
#6647 = PRESENTATION_STYLE_ASSIGNMENT (( #1981 ) ) ;
#6648 = DIRECTION ( 'NONE',  ( -1.000000000000000000, 0.0000000000000000000, -0.0000000000000000000 ) ) ;
#6649 = ORIENTED_EDGE ( 'NONE', *, *, #264, .F. ) ;
#6650 = EDGE_CURVE ( 'NONE', #4336, #12228, #687, .T. ) ;
#6651 = FILL_AREA_STYLE ('',( #12519 ) ) ;
#6652 =( LENGTH_UNIT ( ) NAMED_UNIT ( * ) SI_UNIT ( .MILLI., .METRE. ) );
#6653 = EDGE_CURVE ( 'NONE', #9230, #2621, #5622, .T. ) ;
#6654 = CARTESIAN_POINT ( 'NONE',  ( 0.3175278962151926176, 0.1000000000000000056, 0.08429782759354324806 ) ) ;
#6655 = AXIS2_PLACEMENT_3D ( 'NONE', #11794, #3949, #8928 ) ;
#6656 = SURFACE_STYLE_USAGE ( .BOTH. , #12523 ) ;
#6657 = VECTOR ( 'NONE', #2564, 1000.000000000000000 ) ;
#6658 = ADVANCED_FACE ( 'NONE', ( #356 ), #3441, .T. ) ;
#6659 = EDGE_LOOP ( 'NONE', ( #2682, #5969 ) ) ;
#6660 = UNCERTAINTY_MEASURE_WITH_UNIT (LENGTH_MEASURE( 1.000000000000000082E-05 ), #1697, 'distance_accuracy_value', 'NONE');
#6661 = CYLINDRICAL_SURFACE ( 'NONE', #7433, 0.2891000000000000791 ) ;
#6662 = ORIENTED_EDGE ( 'NONE', *, *, #6480, .T. ) ;
#6663 =( NAMED_UNIT ( * ) SI_UNIT ( $, .STERADIAN. ) SOLID_ANGLE_UNIT ( ) );
#6664 = DIRECTION ( 'NONE',  ( -0.0000000000000000000, 0.0000000000000000000, 1.000000000000000000 ) ) ;
#6665 = EDGE_LOOP ( 'NONE', ( #1712, #433, #7236, #2554, #2590, #3705 ) ) ;
#6666 = VECTOR ( 'NONE', #2386, 1000.000000000000000 ) ;
#6667 = DIRECTION ( 'NONE',  ( 0.0000000000000000000, -0.0000000000000000000, -1.000000000000000000 ) ) ;
#6668 = AXIS2_PLACEMENT_3D ( 'NONE', #8830, #2874, #9801 ) ;
#6669 =( LENGTH_UNIT ( ) NAMED_UNIT ( * ) SI_UNIT ( .MILLI., .METRE. ) );
#6670 = EDGE_LOOP ( 'NONE', ( #331, #6361, #7296, #2359 ) ) ;
#6671 = CLOSED_SHELL ( 'NONE', ( #2754, #7650, #8449, #5563, #5081, #920 ) ) ;
#6672 = SURFACE_SIDE_STYLE ('',( #1910 ) ) ;
#6673 = LINE ( 'NONE', #4085, #10312 ) ;
#6674 = CARTESIAN_POINT ( 'NONE',  ( -0.1004848928301857736, 0.1000000000000000056, -0.4976000000000002643 ) ) ;
#6675 = LINE ( 'NONE', #11779, #11903 ) ;
#6676 =( NAMED_UNIT ( * ) SI_UNIT ( $, .STERADIAN. ) SOLID_ANGLE_UNIT ( ) );
#6677 = EDGE_CURVE ( 'NONE', #10099, #11642, #4384, .T. ) ;
#6678 = VERTEX_POINT ( 'NONE', #12331 ) ;
#6679 =( NAMED_UNIT ( * ) SI_UNIT ( $, .STERADIAN. ) SOLID_ANGLE_UNIT ( ) );
#6680 = DIRECTION ( 'NONE',  ( 0.0000000000000000000, -1.000000000000000000, 0.0000000000000000000 ) ) ;
#6681 = ORIENTED_EDGE ( 'NONE', *, *, #11694, .T. ) ;
#6682 = LINE ( 'NONE', #8732, #3720 ) ;
#6683 = DIRECTION ( 'NONE',  ( -1.358513147160064791E-17, 0.0000000000000000000, 1.000000000000000000 ) ) ;
#6684 = DIRECTION ( 'NONE',  ( 1.000000000000000000, 0.0000000000000000000, -0.0000000000000000000 ) ) ;
#6685 = DIRECTION ( 'NONE',  ( -0.7071067811865456854, 0.0000000000000000000, 0.7071067811865493491 ) ) ;
#6686 = ORIENTED_EDGE ( 'NONE', *, *, #8957, .F. ) ;
#6687 = ORIENTED_EDGE ( 'NONE', *, *, #11650, .F. ) ;
#6688 = PLANE ( 'NONE',  #10827 ) ;
#6689 = ORIENTED_EDGE ( 'NONE', *, *, #199, .F. ) ;
#6690 = EDGE_CURVE ( 'NONE', #1595, #5903, #1758, .T. ) ;
#6691 = LINE ( 'NONE', #607, #1410 ) ;
#6692 = AXIS2_PLACEMENT_3D ( 'NONE', #5824, #12690, #6823 ) ;
#6693 = ORIENTED_EDGE ( 'NONE', *, *, #10146, .T. ) ;
#6694 = CYLINDRICAL_SURFACE ( 'NONE', #11467, 0.01500217240645655876 ) ;
#6695 = CARTESIAN_POINT ( 'NONE',  ( -0.4797278962151925175, 0.1000000000000000056, 0.4976999999999999202 ) ) ;
#6696 = FACE_OUTER_BOUND ( 'NONE', #6353, .T. ) ;
#6697 = ORIENTED_EDGE ( 'NONE', *, *, #7950, .T. ) ;
#6698 = MECHANICAL_DESIGN_GEOMETRIC_PRESENTATION_REPRESENTATION (  '', ( #4682 ), #7342 ) ;
#6699 = CARTESIAN_POINT ( 'NONE',  ( 0.1005151071698142246, 0.1000000000000000056, 0.4999999999999997780 ) ) ;
#6700 = STYLED_ITEM ( 'NONE', ( #3589 ), #3915 ) ;
#6701 = CARTESIAN_POINT ( 'NONE',  ( -0.1774300686216492007, 0.1000000000000000056, 0.4976999999999999202 ) ) ;
#6702 =( NAMED_UNIT ( * ) SI_UNIT ( $, .STERADIAN. ) SOLID_ANGLE_UNIT ( ) );
#6703 = ADVANCED_FACE ( 'NONE', ( #6733 ), #512, .T. ) ;
#6704 = CARTESIAN_POINT ( 'NONE',  ( -0.3069278962151925083, 0.1000000000000000056, 0.4976999999999999202 ) ) ;
#6705 = ORIENTED_EDGE ( 'NONE', *, *, #9963, .F. ) ;
#6706 = VECTOR ( 'NONE', #4116, 1000.000000000000000 ) ;
#6707 = EDGE_LOOP ( 'NONE', ( #3001, #8891, #7192, #11601 ) ) ;
#6708 = CARTESIAN_POINT ( 'NONE',  ( 1.099400000000000377, 0.09999999999999999167, -0.3025999999999999801 ) ) ;
#6709 = CIRCLE ( 'NONE', #11872, 0.01500217240645653274 ) ;
#6710 = COLOUR_RGB ( '',0.9686274509803921573, 0.8784313725490195957, 0.5999999999999999778 ) ;
#6711 = AXIS2_PLACEMENT_3D ( 'NONE', #6345, #400, #7331 ) ;
#6712 = AXIS2_PLACEMENT_3D ( 'NONE', #241, #7172, #1249 ) ;
#6713 = CARTESIAN_POINT ( 'NONE',  ( 0.3325300686216491330, 0.1000000000000000056, -0.1017000000000001098 ) ) ;
#6714 = FACE_OUTER_BOUND ( 'NONE', #10129, .T. ) ;
#6715 = DIRECTION ( 'NONE',  ( 0.0000000000000000000, 0.0000000000000000000, -1.000000000000000000 ) ) ;
#6716 = ORIENTED_EDGE ( 'NONE', *, *, #909, .F. ) ;
#6717 = CARTESIAN_POINT ( 'NONE',  ( 0.7009302143396288765, 0.0000000000000000000, 0.4999999999999993339 ) ) ;
#6718 = ORIENTED_EDGE ( 'NONE', *, *, #6161, .F. ) ;
#6719 = CARTESIAN_POINT ( 'NONE',  ( -0.3281278962151925049, 0.1000000000000000056, 0.4694999999999999174 ) ) ;
#6720 = VECTOR ( 'NONE', #1774, 1000.000000000000000 ) ;
#6721 = VECTOR ( 'NONE', #3929, 1000.000000000000114 ) ;
#6722 = CARTESIAN_POINT ( 'NONE',  ( -1.571800000000000308, 0.09999999999999999167, 0.1862000000000001432 ) ) ;
#6723 = VECTOR ( 'NONE', #5665, 1000.000000000000000 ) ;
#6724 = DIRECTION ( 'NONE',  ( -0.0000000000000000000, -1.000000000000000000, -0.0000000000000000000 ) ) ;
#6725 = DIRECTION ( 'NONE',  ( -4.843431639425979442E-16, 0.0000000000000000000, -1.000000000000000000 ) ) ;
#6726 = ADVANCED_FACE ( 'NONE', ( #10996 ), #8092, .F. ) ;
#6727 = FILL_AREA_STYLE_COLOUR ( '', #5495 ) ;
#6728 = FILL_AREA_STYLE ('',( #11617 ) ) ;
#6729 = EDGE_CURVE ( 'NONE', #8008, #8477, #3125, .T. ) ;
#6730 = ORIENTED_EDGE ( 'NONE', *, *, #1271, .T. ) ;
#6731 = MECHANICAL_DESIGN_GEOMETRIC_PRESENTATION_REPRESENTATION (  '', ( #5366 ), #7380 ) ;
#6732 = CARTESIAN_POINT ( 'NONE',  ( 0.4585278962151925208, 0.1000000000000000056, 0.4694999999999998064 ) ) ;
#6733 = FACE_OUTER_BOUND ( 'NONE', #1174, .T. ) ;
#6734 = ORIENTED_EDGE ( 'NONE', *, *, #9881, .T. ) ;
#6735 = ORIENTED_EDGE ( 'NONE', *, *, #4901, .T. ) ;
#6736 = CARTESIAN_POINT ( 'NONE',  ( 1.310900000000000176, 0.1000000000000000056, 0.5000000000000000000 ) ) ;
#6737 = EDGE_CURVE ( 'NONE', #4287, #5550, #5786, .T. ) ;
#6738 = DIRECTION ( 'NONE',  ( 0.0000000000000000000, -1.000000000000000000, 0.0000000000000000000 ) ) ;
#6739 = DIRECTION ( 'NONE',  ( 0.0000000000000000000, -1.000000000000000000, 0.0000000000000000000 ) ) ;
#6740 = COLOUR_RGB ( '',0.8941176470588234615, 0.9137254901960784048, 0.9294117647058823817 ) ;
#6741 =( NAMED_UNIT ( * ) PLANE_ANGLE_UNIT ( ) SI_UNIT ( $, .RADIAN. ) );
#6742 = VECTOR ( 'NONE', #9930, 1000.000000000000000 ) ;
#6743 = CARTESIAN_POINT ( 'NONE',  ( -0.6304257238087360715, 0.1000000000000000056, 0.1143021724064564593 ) ) ;
#6744 = FACE_OUTER_BOUND ( 'NONE', #2668, .T. ) ;
#6745 = ORIENTED_EDGE ( 'NONE', *, *, #4493, .F. ) ;
#6746 =( LENGTH_UNIT ( ) NAMED_UNIT ( * ) SI_UNIT ( .MILLI., .METRE. ) );
#6747 = MECHANICAL_DESIGN_GEOMETRIC_PRESENTATION_REPRESENTATION (  '', ( #4742 ), #7394 ) ;
#6748 = CARTESIAN_POINT ( 'NONE',  ( 1.600030214339628554, 0.0000000000000000000, -0.04990000000000015257 ) ) ;
#6749 = COLOUR_RGB ( '',0.9686274509803921573, 0.8784313725490195957, 0.5999999999999999778 ) ;
#6750 = CARTESIAN_POINT ( 'NONE',  ( -1.600000000000000311, -0.0000000000000000000, -0.5000000000000000000 ) ) ;
#6751 = ORIENTED_EDGE ( 'NONE', *, *, #6884, .F. ) ;
#6752 = ORIENTED_EDGE ( 'NONE', *, *, #10176, .F. ) ;
#6753 = SURFACE_STYLE_USAGE ( .BOTH. , #12626 ) ;
#6754 = VECTOR ( 'NONE', #2349, 1000.000000000000000 ) ;
#6755 = DIRECTION ( 'NONE',  ( -0.0000000000000000000, -1.000000000000000000, -0.0000000000000000000 ) ) ;
#6756 = ORIENTED_EDGE ( 'NONE', *, *, #7289, .F. ) ;
#6757 = SURFACE_SIDE_STYLE ('',( #8479 ) ) ;
#6758 =( NAMED_UNIT ( * ) PLANE_ANGLE_UNIT ( ) SI_UNIT ( $, .RADIAN. ) );
#6759 = ADVANCED_FACE ( 'NONE', ( #2810 ), #9470, .T. ) ;
#6760 = DIRECTION ( 'NONE',  ( -0.0000000000000000000, -1.000000000000000000, -0.0000000000000000000 ) ) ;
#6761 = LINE ( 'NONE', #2586, #9062 ) ;
#6762 = ORIENTED_EDGE ( 'NONE', *, *, #8174, .T. ) ;
#6763 =( GEOMETRIC_REPRESENTATION_CONTEXT ( 3 ) GLOBAL_UNCERTAINTY_ASSIGNED_CONTEXT ( ( #4884 ) ) GLOBAL_UNIT_ASSIGNED_CONTEXT ( ( #10053, #4170, #11046 ) ) REPRESENTATION_CONTEXT ( 'NONE', 'WORKASPACE' ) );
#6764 = DIRECTION ( 'NONE',  ( -0.0000000000000000000, 1.000000000000000000, -0.0000000000000000000 ) ) ;
#6765 = EDGE_CURVE ( 'NONE', #5551, #4128, #12094, .T. ) ;
#6766 = CARTESIAN_POINT ( 'NONE',  ( 1.600030214339628554, 0.0000000000000000000, 0.05229999999999978416 ) ) ;
#6767 = CARTESIAN_POINT ( 'NONE',  ( -0.1624278962151926298, 0.1000000000000000056, -0.4849978275935434846 ) ) ;
#6768 = PRESENTATION_STYLE_ASSIGNMENT (( #8646 ) ) ;
#6769 = AXIS2_PLACEMENT_3D ( 'NONE', #420, #10282, #8326 ) ;
#6770 = CARTESIAN_POINT ( 'NONE',  ( -0.3202257238087360403, 0.1000000000000000056, -0.4849978275935437066 ) ) ;
#6771 = CARTESIAN_POINT ( 'NONE',  ( 0.1774300686216490897, 0.1000000000000000056, 0.4976999999999998092 ) ) ;
#6772 = STYLED_ITEM ( 'NONE', ( #9486 ), #3519 ) ;
#6773 = ORIENTED_EDGE ( 'NONE', *, *, #4206, .F. ) ;
#6774 = CARTESIAN_POINT ( 'NONE',  ( 0.3175278962151926176, 0.1000000000000000056, -0.08669782759354346946 ) ) ;
#6775 = VECTOR ( 'NONE', #1009, 1000.000000000000000 ) ;
#6776 = ORIENTED_EDGE ( 'NONE', *, *, #10560, .F. ) ;
#6777 = DIRECTION ( 'NONE',  ( -0.0000000000000000000, 1.000000000000000000, -0.0000000000000000000 ) ) ;
#6778 = VECTOR ( 'NONE', #10266, 1000.000000000000000 ) ;
#6779 = PRESENTATION_LAYER_ASSIGNMENT (  '', '', ( #6105 ) ) ;
#6780 = ADVANCED_FACE ( 'NONE', ( #7176 ), #11557, .T. ) ;
#6781 = AXIS2_PLACEMENT_3D ( 'NONE', #6367, #418, #8325 ) ;
#6782 =( LENGTH_UNIT ( ) NAMED_UNIT ( * ) SI_UNIT ( .MILLI., .METRE. ) );
#6783 = ORIENTED_EDGE ( 'NONE', *, *, #9139, .F. ) ;
#6784 = FILL_AREA_STYLE_COLOUR ( '', #12285 ) ;
#6785 = DIRECTION ( 'NONE',  ( -1.000000000000000000, -0.0000000000000000000, -0.0000000000000000000 ) ) ;
#6786 = LINE ( 'NONE', #4255, #11700 ) ;
#6787 = DIRECTION ( 'NONE',  ( -1.000000000000000000, -0.0000000000000000000, -0.0000000000000000000 ) ) ;
#6788 =( GEOMETRIC_REPRESENTATION_CONTEXT ( 3 ) GLOBAL_UNCERTAINTY_ASSIGNED_CONTEXT ( ( #2108 ) ) GLOBAL_UNIT_ASSIGNED_CONTEXT ( ( #6599, #666, #7574 ) ) REPRESENTATION_CONTEXT ( 'NONE', 'WORKASPACE' ) );
#6789 = EDGE_LOOP ( 'NONE', ( #4359, #595, #1194, #1822 ) ) ;
#6790 = DIRECTION ( 'NONE',  ( 1.000000000000000000, 0.0000000000000000000, -7.556514767313163497E-17 ) ) ;
#6791 = LINE ( 'NONE', #7064, #3516 ) ;
#6792 = CARTESIAN_POINT ( 'NONE',  ( 0.6304257238087360715, 0.1000000000000000056, 0.4826978275935433493 ) ) ;
#6793 = DIRECTION ( 'NONE',  ( 1.000000000000000000, 0.0000000000000000000, 0.0000000000000000000 ) ) ;
#6794 = VECTOR ( 'NONE', #1500, 1000.000000000000000 ) ;
#6795 = DIRECTION ( 'NONE',  ( 0.0000000000000000000, 0.0000000000000000000, 1.000000000000000000 ) ) ;
#6796 = EDGE_CURVE ( 'NONE', #11866, #5520, #5951, .T. ) ;
#6797 = SURFACE_SIDE_STYLE ('',( #6201 ) ) ;
#6798 = EDGE_CURVE ( 'NONE', #3352, #11859, #3275, .T. ) ;
#6799 = PRESENTATION_LAYER_ASSIGNMENT (  '', '', ( #4799 ) ) ;
#6800 = CARTESIAN_POINT ( 'NONE',  ( 1.099400000000000377, 0.5000000000000000000, -0.4012999999999999901 ) ) ;
#6801 = LINE ( 'NONE', #11654, #1520 ) ;
#6802 = ORIENTED_EDGE ( 'NONE', *, *, #1092, .F. ) ;
#6803 =( NAMED_UNIT ( * ) PLANE_ANGLE_UNIT ( ) SI_UNIT ( $, .RADIAN. ) );
#6804 = DIRECTION ( 'NONE',  ( 0.0000000000000000000, 0.0000000000000000000, -1.000000000000000000 ) ) ;
#6805 = CARTESIAN_POINT ( 'NONE',  ( -1.316595130599349295, 0.5000000000000000000, -0.4012999999999999901 ) ) ;
#6806 = ORIENTED_EDGE ( 'NONE', *, *, #7796, .T. ) ;
#6807 = EDGE_CURVE ( 'NONE', #5976, #9354, #8554, .T. ) ;
#6808 = UNCERTAINTY_MEASURE_WITH_UNIT (LENGTH_MEASURE( 1.000000000000000082E-05 ), #6637, 'distance_accuracy_value', 'NONE');
#6809 = DIRECTION ( 'NONE',  ( -0.0000000000000000000, -1.000000000000000000, -0.0000000000000000000 ) ) ;
#6810 = ORIENTED_EDGE ( 'NONE', *, *, #2452, .F. ) ;
#6811 = LINE ( 'NONE', #640, #9406 ) ;
#6812 = VECTOR ( 'NONE', #4367, 1000.000000000000000 ) ;
#6813 = SURFACE_STYLE_FILL_AREA ( #1396 ) ;
#6814 = ORIENTED_EDGE ( 'NONE', *, *, #1991, .F. ) ;
#6815 = CARTESIAN_POINT ( 'NONE',  ( -1.600000000000000311, 0.5000000000000000000, 0.2074000000000001120 ) ) ;
#6816 = SURFACE_STYLE_FILL_AREA ( #4234 ) ;
#6817 = EDGE_CURVE ( 'NONE', #9323, #2467, #8238, .T. ) ;
#6818 = DIRECTION ( 'NONE',  ( 0.0000000000000000000, -0.0000000000000000000, -1.000000000000000000 ) ) ;
#6819 = ORIENTED_EDGE ( 'NONE', *, *, #9244, .F. ) ;
#6820 = CARTESIAN_POINT ( 'NONE',  ( -0.1624278962151926298, -0.0000000000000000000, -0.4849978275935434846 ) ) ;
#6821 = ORIENTED_EDGE ( 'NONE', *, *, #3453, .F. ) ;
#6822 = CARTESIAN_POINT ( 'NONE',  ( 1.562027896215192557, 0.1000000000000000056, -0.1167021724064567917 ) ) ;
#6823 = DIRECTION ( 'NONE',  ( 0.0000000000000000000, 0.0000000000000000000, 1.000000000000000000 ) ) ;
#6824 = ADVANCED_FACE ( 'NONE', ( #679 ), #4757, .F. ) ;
#6825 = AXIS2_PLACEMENT_3D ( 'NONE', #8695, #2728, #9662 ) ;
#6826 = CYLINDRICAL_SURFACE ( 'NONE', #2995, 0.01500217240645653274 ) ;
#6827 = CARTESIAN_POINT ( 'NONE',  ( -1.600000000000000311, 0.1000000000000000056, -0.04990000000000018032 ) ) ;
#6828 = CARTESIAN_POINT ( 'NONE',  ( -0.7009000000000003006, 0.1000000000000000056, 0.4999999999999997780 ) ) ;
#6829 =( LENGTH_UNIT ( ) NAMED_UNIT ( * ) SI_UNIT ( .MILLI., .METRE. ) );
#6830 = DIRECTION ( 'NONE',  ( 0.0000000000000000000, 0.0000000000000000000, -1.000000000000000000 ) ) ;
#6831 = VERTEX_POINT ( 'NONE', #10632 ) ;
#6832 = DIRECTION ( 'NONE',  ( -0.0000000000000000000, -1.000000000000000000, -0.0000000000000000000 ) ) ;
#6833 = ORIENTED_EDGE ( 'NONE', *, *, #11310, .T. ) ;
#6834 = PRESENTATION_LAYER_ASSIGNMENT (  '', '', ( #6159 ) ) ;
#6835 = ORIENTED_EDGE ( 'NONE', *, *, #1015, .F. ) ;
#6836 = PRESENTATION_STYLE_ASSIGNMENT (( #6015 ) ) ;
#6837 = EDGE_CURVE ( 'NONE', #10377, #1265, #7946, .T. ) ;
#6838 = FACE_OUTER_BOUND ( 'NONE', #8498, .T. ) ;
#6839 = CARTESIAN_POINT ( 'NONE',  ( 0.1774300686216492007, 0.1000000000000000056, 0.4976999999999998092 ) ) ;
#6840 = CARTESIAN_POINT ( 'NONE',  ( 1.099400000000000377, 0.09999999999999999167, 0.4012999999999999901 ) ) ;
#6841 = DIRECTION ( 'NONE',  ( 0.0000000000000000000, -1.000000000000000000, 0.0000000000000000000 ) ) ;
#6842 = FILL_AREA_STYLE ('',( #11736 ) ) ;
#6843 = DIRECTION ( 'NONE',  ( -0.0000000000000000000, 0.0000000000000000000, -1.000000000000000000 ) ) ;
#6844 = EDGE_CURVE ( 'NONE', #596, #11682, #10521, .T. ) ;
#6845 = ADVANCED_FACE ( 'NONE', ( #5293 ), #7630, .F. ) ;
#6846 = ORIENTED_EDGE ( 'NONE', *, *, #9548, .F. ) ;
#6847 = FACE_OUTER_BOUND ( 'NONE', #2851, .T. ) ;
#6848 = FILL_AREA_STYLE_COLOUR ( '', #6231 ) ;
#6849 = VERTEX_POINT ( 'NONE', #1852 ) ;
#6850 = DIRECTION ( 'NONE',  ( 0.0000000000000000000, 0.0000000000000000000, 1.000000000000000000 ) ) ;
#6851 = EDGE_LOOP ( 'NONE', ( #11825, #10086, #8416, #930 ) ) ;
#6852 = DIRECTION ( 'NONE',  ( -0.0000000000000000000, -1.000000000000000000, -0.0000000000000000000 ) ) ;
#6853 = CARTESIAN_POINT ( 'NONE',  ( 0.6304257238087359605, 0.1000000000000000056, 0.09929999999999991611 ) ) ;
#6854 = SURFACE_STYLE_FILL_AREA ( #10548 ) ;
#6855 = EDGE_CURVE ( 'NONE', #11218, #3760, #60, .T. ) ;
#6856 = VECTOR ( 'NONE', #168, 1000.000000000000000 ) ;
#6857 = CARTESIAN_POINT ( 'NONE',  ( 0.3325300686216491330, 0.1000000000000000056, -0.1017000000000001098 ) ) ;
#6858 = DIRECTION ( 'NONE',  ( 1.000000000000000000, 0.0000000000000000000, -0.0000000000000000000 ) ) ;
#6859 = VERTEX_POINT ( 'NONE', #9755 ) ;
#6860 = ORIENTED_EDGE ( 'NONE', *, *, #9064, .F. ) ;
#6861 = AXIS2_PLACEMENT_3D ( 'NONE', #5, #6932, #1000 ) ;
#6862 = DIRECTION ( 'NONE',  ( -0.0000000000000000000, 1.000000000000000000, -0.0000000000000000000 ) ) ;
#6863 = AXIS2_PLACEMENT_3D ( 'NONE', #3690, #10568, #4683 ) ;
#6864 = DIRECTION ( 'NONE',  ( -1.000000000000000000, 0.0000000000000000000, -0.0000000000000000000 ) ) ;
#6865 = UNCERTAINTY_MEASURE_WITH_UNIT (LENGTH_MEASURE( 1.000000000000000082E-05 ), #7411, 'distance_accuracy_value', 'NONE');
#6866 = DIRECTION ( 'NONE',  ( 0.0000000000000000000, 0.0000000000000000000, 1.000000000000000000 ) ) ;
#6867 = DIRECTION ( 'NONE',  ( 0.0000000000000000000, 0.0000000000000000000, -1.000000000000000000 ) ) ;
#6868 = VECTOR ( 'NONE', #7984, 1000.000000000000000 ) ;
#6869 = EDGE_CURVE ( 'NONE', #5056, #4654, #2650, .T. ) ;
#6870 = LINE ( 'NONE', #10027, #11778 ) ;
#6871 = LINE ( 'NONE', #9761, #6554 ) ;
#6872 = CARTESIAN_POINT ( 'NONE',  ( -1.285174339670224430, -0.0000000000000000000, -0.4868021724064567901 ) ) ;
#6873 = CARTESIAN_POINT ( 'NONE',  ( -1.071200000000000374, 0.1000000000000000056, 0.4567978275935431487 ) ) ;
#6874 = CIRCLE ( 'NONE', #7774, 0.3000999999999999779 ) ;
#6875 = SURFACE_SIDE_STYLE ('',( #6378 ) ) ;
#6876 = ORIENTED_EDGE ( 'NONE', *, *, #4418, .F. ) ;
#6877 = ORIENTED_EDGE ( 'NONE', *, *, #10719, .F. ) ;
#6878 = AXIS2_PLACEMENT_3D ( 'NONE', #2846, #12731, #6864 ) ;
#6879 = EDGE_CURVE ( 'NONE', #8528, #12540, #2346, .T. ) ;
#6880 = COLOUR_RGB ( '',0.9686274509803921573, 0.8784313725490195957, 0.5999999999999999778 ) ;
#6881 = FACE_OUTER_BOUND ( 'NONE', #5444, .T. ) ;
#6882 = STYLED_ITEM ( 'NONE', ( #9362 ), #8313 ) ;
#6883 = SURFACE_SIDE_STYLE ('',( #3076 ) ) ;
#6884 = EDGE_CURVE ( 'NONE', #6211, #5986, #10213, .T. ) ;
#6885 = DIRECTION ( 'NONE',  ( 0.0000000000000000000, 0.0000000000000000000, -1.000000000000000000 ) ) ;
#6886 = ORIENTED_EDGE ( 'NONE', *, *, #1483, .T. ) ;
#6887 = DIRECTION ( 'NONE',  ( -0.0000000000000000000, -0.0000000000000000000, -1.000000000000000000 ) ) ;
#6888 = CARTESIAN_POINT ( 'NONE',  ( -0.3352278962151925557, 0.0000000000000000000, -0.4849978275935435956 ) ) ;
#6889 = LINE ( 'NONE', #5297, #11474 ) ;
#6890 = DIRECTION ( 'NONE',  ( 0.7071067811865457964, 0.0000000000000000000, -0.7071067811865492381 ) ) ;
#6891 = LINE ( 'NONE', #5087, #1607 ) ;
#6892 = SURFACE_STYLE_USAGE ( .BOTH. , #12755 ) ;
#6893 = ORIENTED_EDGE ( 'NONE', *, *, #8278, .F. ) ;
#6894 = CARTESIAN_POINT ( 'NONE',  ( -0.3175278962151925066, 0.1000000000000000056, 0.4800999999999999157 ) ) ;
#6895 = ORIENTED_EDGE ( 'NONE', *, *, #5626, .T. ) ;
#6896 = CYLINDRICAL_SURFACE ( 'NONE', #2263, 0.01500217240645653274 ) ;
#6897 = EDGE_CURVE ( 'NONE', #8589, #3188, #2968, .T. ) ;
#6898 = ORIENTED_EDGE ( 'NONE', *, *, #11922, .T. ) ;
#6899 = DIRECTION ( 'NONE',  ( 0.0000000000000000000, -1.000000000000000000, 0.0000000000000000000 ) ) ;
#6900 = EDGE_CURVE ( 'NONE', #1256, #9358, #4691, .T. ) ;
#6901 = VERTEX_POINT ( 'NONE', #10763 ) ;
#6902 = AXIS2_PLACEMENT_3D ( 'NONE', #4676, #11572, #5676 ) ;
#6903 = DIRECTION ( 'NONE',  ( 0.0000000000000000000, 0.0000000000000000000, 1.000000000000000000 ) ) ;
#6904 = ORIENTED_EDGE ( 'NONE', *, *, #7566, .F. ) ;
#6905 = FACE_OUTER_BOUND ( 'NONE', #11744, .T. ) ;
#6906 = FILL_AREA_STYLE ('',( #4907 ) ) ;
#6907 = ORIENTED_EDGE ( 'NONE', *, *, #3783, .F. ) ;
#6908 =( NAMED_UNIT ( * ) SI_UNIT ( $, .STERADIAN. ) SOLID_ANGLE_UNIT ( ) );
#6909 = CARTESIAN_POINT ( 'NONE',  ( -1.310900000000000176, 0.0000000000000000000, 0.4999999999999997780 ) ) ;
#6910 = ORIENTED_EDGE ( 'NONE', *, *, #12029, .F. ) ;
#6911 = FACE_OUTER_BOUND ( 'NONE', #8510, .T. ) ;
#6912 = DIRECTION ( 'NONE',  ( -0.0000000000000000000, -1.000000000000000000, -0.0000000000000000000 ) ) ;
#6913 = SURFACE_SIDE_STYLE ('',( #8636 ) ) ;
#6914 = VECTOR ( 'NONE', #5269, 1000.000000000000000 ) ;
#6915 = EDGE_LOOP ( 'NONE', ( #12516, #4256, #956, #2180 ) ) ;
#6916 = ADVANCED_FACE ( 'NONE', ( #7032 ), #8782, .T. ) ;
#6917 = VECTOR ( 'NONE', #405, 1000.000000000000000 ) ;
#6918 = LINE ( 'NONE', #7781, #2241 ) ;
#6919 =( GEOMETRIC_REPRESENTATION_CONTEXT ( 3 ) GLOBAL_UNCERTAINTY_ASSIGNED_CONTEXT ( ( #9622 ) ) GLOBAL_UNIT_ASSIGNED_CONTEXT ( ( #4406, #11296, #5389 ) ) REPRESENTATION_CONTEXT ( 'NONE', 'WORKASPACE' ) );
#6920 = VECTOR ( 'NONE', #7098, 1000.000000000000000 ) ;
#6921 = DIRECTION ( 'NONE',  ( 0.0000000000000000000, 0.0000000000000000000, 1.000000000000000000 ) ) ;
#6922 = CARTESIAN_POINT ( 'NONE',  ( 1.568300000000000249, 0.0000000000000000000, 0.1166021724064566778 ) ) ;
#6923 = DIRECTION ( 'NONE',  ( 1.000000000000000000, 0.0000000000000000000, 0.0000000000000000000 ) ) ;
#6924 = CARTESIAN_POINT ( 'NONE',  ( 1.578123678570672039, 0.0000000000000000000, -0.2006984187132973274 ) ) ;
#6925 = ORIENTED_EDGE ( 'NONE', *, *, #11847, .F. ) ;
#6926 = DIRECTION ( 'NONE',  ( -0.7071067811865457964, -0.0000000000000000000, 0.7071067811865492381 ) ) ;
#6927 = VECTOR ( 'NONE', #3370, 1000.000000000000000 ) ;
#6928 = EDGE_CURVE ( 'NONE', #3307, #11733, #9931, .T. ) ;
#6929 = LINE ( 'NONE', #11249, #3980 ) ;
#6930 = PLANE ( 'NONE',  #7602 ) ;
#6931 = DIRECTION ( 'NONE',  ( 1.000000000000000000, 0.0000000000000000000, -4.179009298818627440E-17 ) ) ;
#6932 = DIRECTION ( 'NONE',  ( 0.0000000000000000000, -1.000000000000000000, 0.0000000000000000000 ) ) ;
#6933 = COLOUR_RGB ( '',0.9686274509803921573, 0.8784313725490195957, 0.5999999999999999778 ) ;
#6934 = EDGE_CURVE ( 'NONE', #1423, #7151, #12234, .T. ) ;
#6935 = DIRECTION ( 'NONE',  ( 0.0000000000000000000, -1.000000000000000000, 0.0000000000000000000 ) ) ;
#6936 = EDGE_CURVE ( 'NONE', #3413, #4931, #1751, .T. ) ;
#6937 =( GEOMETRIC_REPRESENTATION_CONTEXT ( 3 ) GLOBAL_UNCERTAINTY_ASSIGNED_CONTEXT ( ( #916 ) ) GLOBAL_UNIT_ASSIGNED_CONTEXT ( ( #6526, #587, #7507 ) ) REPRESENTATION_CONTEXT ( 'NONE', 'WORKASPACE' ) );
#6938 =( GEOMETRIC_REPRESENTATION_CONTEXT ( 3 ) GLOBAL_UNCERTAINTY_ASSIGNED_CONTEXT ( ( #2015 ) ) GLOBAL_UNIT_ASSIGNED_CONTEXT ( ( #1420, #8319, #2393 ) ) REPRESENTATION_CONTEXT ( 'NONE', 'WORKASPACE' ) );
#6939 =( NAMED_UNIT ( * ) SI_UNIT ( $, .STERADIAN. ) SOLID_ANGLE_UNIT ( ) );
#6940 = EDGE_LOOP ( 'NONE', ( #6069, #1979, #7277, #9083 ) ) ;
#6941 =( NAMED_UNIT ( * ) PLANE_ANGLE_UNIT ( ) SI_UNIT ( $, .RADIAN. ) );
#6942 = AXIS2_PLACEMENT_3D ( 'NONE', #3546, #1601, #9503 ) ;
#6943 = ORIENTED_EDGE ( 'NONE', *, *, #8468, .T. ) ;
#6944 =( LENGTH_UNIT ( ) NAMED_UNIT ( * ) SI_UNIT ( .MILLI., .METRE. ) );
#6945 = CYLINDRICAL_SURFACE ( 'NONE', #8019, 0.01500217240645653274 ) ;
#6946 = CARTESIAN_POINT ( 'NONE',  ( -1.399000000000000243, 0.0000000000000000000, 0.5000000000000000000 ) ) ;
#6947 = CARTESIAN_POINT ( 'NONE',  ( 0.4585278962151925208, 0.1000000000000000056, 0.4694999999999998064 ) ) ;
#6948 = CARTESIAN_POINT ( 'NONE',  ( -0.3325300686216490220, 0.1000000000000000056, 0.08429782759354335908 ) ) ;
#6949 = DIRECTION ( 'NONE',  ( 0.0000000000000000000, 0.0000000000000000000, 1.000000000000000000 ) ) ;
#6950 = ORIENTED_EDGE ( 'NONE', *, *, #783, .F. ) ;
#6951 = DIRECTION ( 'NONE',  ( 7.556514767313164730E-17, 0.0000000000000000000, -1.000000000000000000 ) ) ;
#6952 = LINE ( 'NONE', #5123, #6642 ) ;
#6953 = DIRECTION ( 'NONE',  ( 0.0000000000000000000, 0.0000000000000000000, -1.000000000000000000 ) ) ;
#6954 = VECTOR ( 'NONE', #10657, 1000.000000000000000 ) ;
#6955 = CARTESIAN_POINT ( 'NONE',  ( 0.1774300686216490897, 0.1000000000000000056, 0.4826978275935432383 ) ) ;
#6956 = VERTEX_POINT ( 'NONE', #1983 ) ;
#6957 = VECTOR ( 'NONE', #7829, 1000.000000000000000 ) ;
#6958 = STYLED_ITEM ( 'NONE', ( #7712 ), #7783 ) ;
#6959 = DIRECTION ( 'NONE',  ( -1.000000000000000000, 0.0000000000000000000, 4.843431639425979442E-16 ) ) ;
#6960 = DIRECTION ( 'NONE',  ( -0.0000000000000000000, -0.0000000000000000000, -1.000000000000000000 ) ) ;
#6961 = ORIENTED_EDGE ( 'NONE', *, *, #6796, .F. ) ;
#6962 =( NAMED_UNIT ( * ) PLANE_ANGLE_UNIT ( ) SI_UNIT ( $, .RADIAN. ) );
#6963 = STYLED_ITEM ( 'NONE', ( #11753 ), #729 ) ;
#6964 = DIRECTION ( 'NONE',  ( -0.7071067811865474617, -0.0000000000000000000, -0.7071067811865474617 ) ) ;
#6965 = VECTOR ( 'NONE', #10427, 1000.000000000000000 ) ;
#6966 = VERTEX_POINT ( 'NONE', #10810 ) ;
#6967 = LINE ( 'NONE', #5433, #9261 ) ;
#6968 = VERTEX_POINT ( 'NONE', #11826 ) ;
#6969 = ORIENTED_EDGE ( 'NONE', *, *, #11567, .F. ) ;
#6970 = CARTESIAN_POINT ( 'NONE',  ( -1.067625723808735883, 0.1000000000000000056, -0.2003000000000002001 ) ) ;
#6971 = CARTESIAN_POINT ( 'NONE',  ( -0.3281278962151925049, 0.1000000000000000056, 0.4694999999999999174 ) ) ;
#6972 = EDGE_CURVE ( 'NONE', #11501, #1936, #9319, .T. ) ;
#6973 = DIRECTION ( 'NONE',  ( -0.0000000000000000000, 1.000000000000000000, -0.0000000000000000000 ) ) ;
#6974 = EDGE_CURVE ( 'NONE', #4610, #10619, #11948, .T. ) ;
#6975 = CIRCLE ( 'NONE', #10756, 0.01500217240645653274 ) ;
#6976 =( GEOMETRIC_REPRESENTATION_CONTEXT ( 3 ) GLOBAL_UNCERTAINTY_ASSIGNED_CONTEXT ( ( #4718 ) ) GLOBAL_UNIT_ASSIGNED_CONTEXT ( ( #12633, #6758, #823 ) ) REPRESENTATION_CONTEXT ( 'NONE', 'WORKASPACE' ) );
#6977 = ADVANCED_FACE ( 'NONE', ( #1438 ), #7952, .F. ) ;
#6978 = SURFACE_STYLE_USAGE ( .BOTH. , #48 ) ;
#6979 = PRESENTATION_STYLE_ASSIGNMENT (( #12048 ) ) ;
#6980 = CARTESIAN_POINT ( 'NONE',  ( -1.600000000000000311, 0.09999999999999999167, 0.2074000000000001120 ) ) ;
#6981 = EDGE_CURVE ( 'NONE', #3763, #3563, #3767, .T. ) ;
#6982 = ORIENTED_EDGE ( 'NONE', *, *, #2478, .T. ) ;
#6983 = CARTESIAN_POINT ( 'NONE',  ( -1.099400000000000377, 0.5000000000000000000, -0.4012999999999999901 ) ) ;
#6984 = ORIENTED_EDGE ( 'NONE', *, *, #6251, .F. ) ;
#6985 = CARTESIAN_POINT ( 'NONE',  ( 1.299900000000000277, 0.1000000000000000056, -0.5000000000000002220 ) ) ;
#6986 = CARTESIAN_POINT ( 'NONE',  ( 1.300163347198079355, 0.0000000000000000000, -0.4874305275949879501 ) ) ;
#6987 = FILL_AREA_STYLE ('',( #4992 ) ) ;
#6988 = VERTEX_POINT ( 'NONE', #11913 ) ;
#6989 = PRESENTATION_STYLE_ASSIGNMENT (( #8097 ) ) ;
#6990 = ORIENTED_EDGE ( 'NONE', *, *, #199, .T. ) ;
#6991 = CARTESIAN_POINT ( 'NONE',  ( 0.3502300686216490710, 0.0000000000000000000, -0.2003000000000002556 ) ) ;
#6992 =( GEOMETRIC_REPRESENTATION_CONTEXT ( 3 ) GLOBAL_UNCERTAINTY_ASSIGNED_CONTEXT ( ( #10449 ) ) GLOBAL_UNIT_ASSIGNED_CONTEXT ( ( #7180, #1259, #8161 ) ) REPRESENTATION_CONTEXT ( 'NONE', 'WORKASPACE' ) );
#6993 = DIRECTION ( 'NONE',  ( 0.0000000000000000000, -1.000000000000000000, 0.0000000000000000000 ) ) ;
#6994 = ORIENTED_EDGE ( 'NONE', *, *, #6934, .T. ) ;
#6995 = CARTESIAN_POINT ( 'NONE',  ( 1.099400000000000377, 0.5000000000000000000, 0.4012999999999999901 ) ) ;
#6996 = VERTEX_POINT ( 'NONE', #9917 ) ;
#6997 = ORIENTED_EDGE ( 'NONE', *, *, #1574, .T. ) ;
#6998 = MANIFOLD_SOLID_BREP ( 'Cut-Extrude3', #3486 ) ;
#6999 = EDGE_LOOP ( 'NONE', ( #11015, #9342, #10291, #6184 ) ) ;
#7000 = VECTOR ( 'NONE', #6787, 1000.000000000000000 ) ;
#7001 = CARTESIAN_POINT ( 'NONE',  ( -1.600000000000000311, 0.5000000000000000000, -0.1999000000000000221 ) ) ;
#7002 = DIRECTION ( 'NONE',  ( -1.000000000000000000, 0.0000000000000000000, 0.0000000000000000000 ) ) ;
#7003 = CARTESIAN_POINT ( 'NONE',  ( 1.071200000000000374, 0.1000000000000000056, 0.4567978275935433707 ) ) ;
#7004 = LINE ( 'NONE', #8826, #12215 ) ;
#7005 =( NAMED_UNIT ( * ) PLANE_ANGLE_UNIT ( ) SI_UNIT ( $, .RADIAN. ) );
#7006 = UNCERTAINTY_MEASURE_WITH_UNIT (LENGTH_MEASURE( 1.000000000000000082E-05 ), #2042, 'distance_accuracy_value', 'NONE');
#7008 = MECHANICAL_DESIGN_GEOMETRIC_PRESENTATION_REPRESENTATION (  '', ( #5658 ), #7653 ) ;
#7007 = SURFACE_SIDE_STYLE ('',( #214 ) ) ;
#7009 = AXIS2_PLACEMENT_3D ( 'NONE', #8849, #3917, #10798 ) ;
#7010 = VERTEX_POINT ( 'NONE', #6023 ) ;
#7011 = EDGE_CURVE ( 'NONE', #11591, #12501, #188, .T. ) ;
#7012 = LINE ( 'NONE', #2360, #11928 ) ;
#7013 = ORIENTED_EDGE ( 'NONE', *, *, #5902, .T. ) ;
#7014 = ORIENTED_EDGE ( 'NONE', *, *, #4075, .F. ) ;
#7015 = SURFACE_STYLE_USAGE ( .BOTH. , #81 ) ;
#7016 = CARTESIAN_POINT ( 'NONE',  ( -0.1774300686216492007, 0.0000000000000000000, 0.4976999999999999202 ) ) ;
#7017 = VERTEX_POINT ( 'NONE', #9956 ) ;
#7018 = SURFACE_SIDE_STYLE ('',( #11307 ) ) ;
#7019 = LINE ( 'NONE', #2249, #4363 ) ;
#7020 = AXIS2_PLACEMENT_3D ( 'NONE', #9236, #3297, #10195 ) ;
#7021 = CARTESIAN_POINT ( 'NONE',  ( -1.086202172406457001, 0.1000000000000000056, 0.1015999999999997322 ) ) ;
#7022 = VECTOR ( 'NONE', #2969, 1000.000000000000000 ) ;
#7023 = FILL_AREA_STYLE_COLOUR ( '', #457 ) ;
#7024 = EDGE_CURVE ( 'NONE', #9001, #6584, #6406, .T. ) ;
#7025 = DIRECTION ( 'NONE',  ( -0.0000000000000000000, 0.0000000000000000000, -1.000000000000000000 ) ) ;
#7026 = LINE ( 'NONE', #7847, #12227 ) ;
#7027 = DIRECTION ( 'NONE',  ( -1.000000000000000000, -0.0000000000000000000, -0.0000000000000000000 ) ) ;
#7028 = ORIENTED_EDGE ( 'NONE', *, *, #2565, .T. ) ;
#7029 = ORIENTED_EDGE ( 'NONE', *, *, #2775, .F. ) ;
#7030 = CIRCLE ( 'NONE', #2641, 0.01500217240645655876 ) ;
#7031 = CARTESIAN_POINT ( 'NONE',  ( 1.399000000000000243, 0.09999999999999999167, -0.5000000000000002220 ) ) ;
#7032 = FACE_OUTER_BOUND ( 'NONE', #8681, .T. ) ;
#7033 = DIRECTION ( 'NONE',  ( 0.0000000000000000000, 0.0000000000000000000, 1.000000000000000000 ) ) ;
#7034 = AXIS2_PLACEMENT_3D ( 'NONE', #3170, #10070, #4188 ) ;
#7035 = AXIS2_PLACEMENT_3D ( 'NONE', #11116, #5220, #12127 ) ;
#7036 =( NAMED_UNIT ( * ) SI_UNIT ( $, .STERADIAN. ) SOLID_ANGLE_UNIT ( ) );
#7037 = DIRECTION ( 'NONE',  ( 0.0000000000000000000, 0.0000000000000000000, 1.000000000000000000 ) ) ;
#7038 = UNCERTAINTY_MEASURE_WITH_UNIT (LENGTH_MEASURE( 1.000000000000000082E-05 ), #2691, 'distance_accuracy_value', 'NONE');
#7039 = DIRECTION ( 'NONE',  ( -0.0000000000000000000, -1.000000000000000000, -0.0000000000000000000 ) ) ;
#7040 =( GEOMETRIC_REPRESENTATION_CONTEXT ( 3 ) GLOBAL_UNCERTAINTY_ASSIGNED_CONTEXT ( ( #10398 ) ) GLOBAL_UNIT_ASSIGNED_CONTEXT ( ( #12404, #6529, #591 ) ) REPRESENTATION_CONTEXT ( 'NONE', 'WORKASPACE' ) );
#7041 = ORIENTED_EDGE ( 'NONE', *, *, #9796, .T. ) ;
#7042 = ADVANCED_FACE ( 'NONE', ( #2487 ), #1136, .T. ) ;
#7043 = VECTOR ( 'NONE', #2520, 1000.000000000000000 ) ;
#7044 = VERTEX_POINT ( 'NONE', #8030 ) ;
#7045 = DIRECTION ( 'NONE',  ( 0.0000000000000000000, -1.000000000000000000, 0.0000000000000000000 ) ) ;
#7046 =( NAMED_UNIT ( * ) SI_UNIT ( $, .STERADIAN. ) SOLID_ANGLE_UNIT ( ) );
#7047 = VERTEX_POINT ( 'NONE', #1173 ) ;
#7048 = CARTESIAN_POINT ( 'NONE',  ( 1.577030068621648740, 0.1000000000000000056, -0.1857361597196678926 ) ) ;
#7049 = CARTESIAN_POINT ( 'NONE',  ( -0.3502300686216490710, 0.1000000000000000056, -0.2003000000000002556 ) ) ;
#7050 = LINE ( 'NONE', #2193, #9335 ) ;
#7051 = EDGE_CURVE ( 'NONE', #8437, #1203, #4215, .T. ) ;
#7052 = CYLINDRICAL_SURFACE ( 'NONE', #6655, 0.01500217240645655876 ) ;
#7053 = CYLINDRICAL_SURFACE ( 'NONE', #7187, 0.01500217240645650499 ) ;
#7054 = PRESENTATION_LAYER_ASSIGNMENT (  '', '', ( #6385 ) ) ;
#7055 = PRESENTATION_LAYER_ASSIGNMENT (  '', '', ( #6386 ) ) ;
#7056 = FACE_OUTER_BOUND ( 'NONE', #943, .T. ) ;
#7057 = CIRCLE ( 'NONE', #6825, 0.01500217240645658652 ) ;
#7058 = ORIENTED_EDGE ( 'NONE', *, *, #2775, .T. ) ;
#7059 = SURFACE_STYLE_FILL_AREA ( #6072 ) ;
#7060 = EDGE_CURVE ( 'NONE', #11733, #3938, #6870, .T. ) ;
#7061 = FILL_AREA_STYLE ('',( #9954 ) ) ;
#7062 = DIRECTION ( 'NONE',  ( -0.7071067811865474617, 0.0000000000000000000, -0.7071067811865474617 ) ) ;
#7063 = VERTEX_POINT ( 'NONE', #9069 ) ;
#7064 = CARTESIAN_POINT ( 'NONE',  ( 0.3175278962151924511, 0.1000000000000000056, 0.4800999999999998047 ) ) ;
#7065 = CARTESIAN_POINT ( 'NONE',  ( -1.600000000000000311, 0.09999999999999999167, 0.2108999999999995878 ) ) ;
#7066 = FACE_OUTER_BOUND ( 'NONE', #4099, .T. ) ;
#7067 = ORIENTED_EDGE ( 'NONE', *, *, #8390, .T. ) ;
#7068 = VECTOR ( 'NONE', #3038, 1000.000000000000000 ) ;
#7069 = LINE ( 'NONE', #9240, #4409 ) ;
#7070 = SURFACE_STYLE_USAGE ( .BOTH. , #131 ) ;
#7071 = EDGE_CURVE ( 'NONE', #6153, #12689, #1585, .T. ) ;
#7072 = ORIENTED_EDGE ( 'NONE', *, *, #4592, .T. ) ;
#7073 = CARTESIAN_POINT ( 'NONE',  ( 1.316595130599349295, 0.5000000000000000000, -0.4012999999999999901 ) ) ;
#7074 = COLOUR_RGB ( '',0.9686274509803921573, 0.8784313725490195957, 0.5999999999999999778 ) ;
#7075 = VERTEX_POINT ( 'NONE', #6136 ) ;
#7076 = CYLINDRICAL_SURFACE ( 'NONE', #9891, 0.01500217240645655876 ) ;
#7077 = CARTESIAN_POINT ( 'NONE',  ( -1.600000000000000311, 0.1000000000000000056, 0.05229999999999981192 ) ) ;
#7078 = PLANE ( 'NONE',  #8399 ) ;
#7079 = LINE ( 'NONE', #10797, #5504 ) ;
#7080 = LINE ( 'NONE', #3937, #6775 ) ;
#7081 = AXIS2_PLACEMENT_3D ( 'NONE', #3890, #10764, #4888 ) ;
#7082 = FILL_AREA_STYLE_COLOUR ( '', #1297 ) ;
#7083 = ORIENTED_EDGE ( 'NONE', *, *, #10849, .F. ) ;
#7084 = EDGE_CURVE ( 'NONE', #6403, #3469, #6552, .T. ) ;
#7085 = SURFACE_STYLE_USAGE ( .BOTH. , #146 ) ;
#7086 = FILL_AREA_STYLE_COLOUR ( '', #11803 ) ;
#7087 = COLOUR_RGB ( '',0.9686274509803921573, 0.8784313725490195957, 0.5999999999999999778 ) ;
#7088 = EDGE_CURVE ( 'NONE', #1408, #5809, #9464, .T. ) ;
#7089 = ORIENTED_EDGE ( 'NONE', *, *, #3857, .F. ) ;
#7090 = SURFACE_STYLE_FILL_AREA ( #309 ) ;
#7091 = EDGE_CURVE ( 'NONE', #6343, #10382, #11455, .T. ) ;
#7092 = CARTESIAN_POINT ( 'NONE',  ( -0.3175278962151925066, 0.1000000000000000056, 0.4870999999999999219 ) ) ;
#7093 =( LENGTH_UNIT ( ) NAMED_UNIT ( * ) SI_UNIT ( .MILLI., .METRE. ) );
#7094 = ORIENTED_EDGE ( 'NONE', *, *, #10118, .F. ) ;
#7095 = ADVANCED_FACE ( 'NONE', ( #3913 ), #7170, .F. ) ;
#7096 = EDGE_CURVE ( 'NONE', #6171, #3257, #8544, .T. ) ;
#7097 =( GEOMETRIC_REPRESENTATION_CONTEXT ( 3 ) GLOBAL_UNCERTAINTY_ASSIGNED_CONTEXT ( ( #4543 ) ) GLOBAL_UNIT_ASSIGNED_CONTEXT ( ( #11661, #5766, #12644 ) ) REPRESENTATION_CONTEXT ( 'NONE', 'WORKASPACE' ) );
#7099 = CARTESIAN_POINT ( 'NONE',  ( 1.600000000000000311, 0.5000000000000000000, 0.5000000000000000000 ) ) ;
#7098 = DIRECTION ( 'NONE',  ( 0.0000000000000000000, -1.000000000000000000, 0.0000000000000000000 ) ) ;
#7100 = VERTEX_POINT ( 'NONE', #9146 ) ;
#7101 = AXIS2_PLACEMENT_3D ( 'NONE', #5525, #9454, #9494 ) ;
#7102 = AXIS2_PLACEMENT_3D ( 'NONE', #756, #3735, #10606 ) ;
#7103 = DIRECTION ( 'NONE',  ( 0.0000000000000000000, -1.000000000000000000, 0.0000000000000000000 ) ) ;
#7104 = FACE_OUTER_BOUND ( 'NONE', #4725, .T. ) ;
#7105 = CIRCLE ( 'NONE', #7580, 0.3000999999999999779 ) ;
#7106 = EDGE_CURVE ( 'NONE', #1170, #5581, #11140, .T. ) ;
#7107 = CARTESIAN_POINT ( 'NONE',  ( -0.6304257238087359605, 0.1000000000000000056, 0.09929999999999991611 ) ) ;
#7108 = CARTESIAN_POINT ( 'NONE',  ( -0.3175278962151925066, 0.1000000000000000056, 0.08429782759354324806 ) ) ;
#7109 = VECTOR ( 'NONE', #10677, 1000.000000000000000 ) ;
#7110 = VERTEX_POINT ( 'NONE', #5206 ) ;
#7111 = DIRECTION ( 'NONE',  ( -0.0000000000000000000, 1.000000000000000000, -0.0000000000000000000 ) ) ;
#7112 = DIRECTION ( 'NONE',  ( 1.107775638063495903E-17, 0.0000000000000000000, -1.000000000000000000 ) ) ;
#7113 = ORIENTED_EDGE ( 'NONE', *, *, #4344, .T. ) ;
#7114 = CARTESIAN_POINT ( 'NONE',  ( 0.1774300686216490897, 0.1000000000000000056, 0.4826978275935432383 ) ) ;
#7115 = UNCERTAINTY_MEASURE_WITH_UNIT (LENGTH_MEASURE( 1.000000000000000082E-05 ), #6151, 'distance_accuracy_value', 'NONE');
#7116 = ORIENTED_EDGE ( 'NONE', *, *, #10473, .F. ) ;
#7117 = LINE ( 'NONE', #8454, #9719 ) ;
#7118 = AXIS2_PLACEMENT_3D ( 'NONE', #5513, #12403, #6527 ) ;
#7119 =( GEOMETRIC_REPRESENTATION_CONTEXT ( 3 ) GLOBAL_UNCERTAINTY_ASSIGNED_CONTEXT ( ( #12551 ) ) GLOBAL_UNIT_ASSIGNED_CONTEXT ( ( #5914, #12769, #6908 ) ) REPRESENTATION_CONTEXT ( 'NONE', 'WORKASPACE' ) );
#7120 = COLOUR_RGB ( '',0.9686274509803921573, 0.8784313725490195957, 0.5999999999999999778 ) ;
#7121 = CARTESIAN_POINT ( 'NONE',  ( 1.099400000000000377, 0.5000000000000000000, -0.4012999999999999901 ) ) ;
#7122 = ORIENTED_EDGE ( 'NONE', *, *, #406, .T. ) ;
#7123 = PLANE ( 'NONE',  #8738 ) ;
#7124 = LINE ( 'NONE', #12086, #1846 ) ;
#7125 = FILL_AREA_STYLE ('',( #6125 ) ) ;
#7126 = ORIENTED_EDGE ( 'NONE', *, *, #8302, .F. ) ;
#7127 = ORIENTED_EDGE ( 'NONE', *, *, #8064, .T. ) ;
#7128 = ORIENTED_EDGE ( 'NONE', *, *, #9496, .F. ) ;
#7129 = SURFACE_SIDE_STYLE ('',( #7548 ) ) ;
#7130 = CARTESIAN_POINT ( 'NONE',  ( -1.071200000000000374, 0.1000000000000000056, 0.1166021724064564002 ) ) ;
#7131 = LINE ( 'NONE', #11680, #7000 ) ;
#7132 = VECTOR ( 'NONE', #193, 1000.000000000000000 ) ;
#7133 = LINE ( 'NONE', #2545, #1543 ) ;
#7134 = FILL_AREA_STYLE_COLOUR ( '', #3816 ) ;
#7135 = EDGE_CURVE ( 'NONE', #11761, #10563, #5936, .T. ) ;
#7136 = CARTESIAN_POINT ( 'NONE',  ( -0.6304257238087359605, 0.1000000000000000056, 0.09929999999999991611 ) ) ;
#7137 = DIRECTION ( 'NONE',  ( 0.0000000000000000000, 0.0000000000000000000, -1.000000000000000000 ) ) ;
#7138 = CARTESIAN_POINT ( 'NONE',  ( 1.097630068621648913, 0.1000000000000000056, -0.4718000000000002192 ) ) ;
#7139 = ORIENTED_EDGE ( 'NONE', *, *, #7747, .T. ) ;
#7140 = EDGE_CURVE ( 'NONE', #7291, #3346, #989, .T. ) ;
#7141 =( GEOMETRIC_REPRESENTATION_CONTEXT ( 3 ) GLOBAL_UNCERTAINTY_ASSIGNED_CONTEXT ( ( #12257 ) ) GLOBAL_UNIT_ASSIGNED_CONTEXT ( ( #1326, #8228, #2304 ) ) REPRESENTATION_CONTEXT ( 'NONE', 'WORKASPACE' ) );
#7142 = ORIENTED_EDGE ( 'NONE', *, *, #5331, .F. ) ;
#7143 = PRESENTATION_STYLE_ASSIGNMENT (( #8699 ) ) ;
#7144 = ORIENTED_EDGE ( 'NONE', *, *, #4630, .F. ) ;
#7145 = DIRECTION ( 'NONE',  ( 0.0000000000000000000, -1.000000000000000000, 0.0000000000000000000 ) ) ;
#7146 = PLANE ( 'NONE',  #411 ) ;
#7147 = DIRECTION ( 'NONE',  ( 0.0000000000000000000, 0.0000000000000000000, 1.000000000000000000 ) ) ;
#7148 =( NAMED_UNIT ( * ) SI_UNIT ( $, .STERADIAN. ) SOLID_ANGLE_UNIT ( ) );
#7149 = EDGE_LOOP ( 'NONE', ( #7735, #3556, #9191, #8872 ) ) ;
#7150 = CIRCLE ( 'NONE', #9729, 0.01500217240645653274 ) ;
#7151 = VERTEX_POINT ( 'NONE', #7216 ) ;
#7152 = DIRECTION ( 'NONE',  ( 0.0000000000000000000, 0.0000000000000000000, -1.000000000000000000 ) ) ;
#7153 = AXIS2_PLACEMENT_3D ( 'NONE', #172, #7111, #1188 ) ;
#7154 = ORIENTED_EDGE ( 'NONE', *, *, #4461, .F. ) ;
#7155 = SURFACE_SIDE_STYLE ('',( #2952 ) ) ;
#7156 = ADVANCED_FACE ( 'NONE', ( #5599 ), #3250, .F. ) ;
#7157 = EDGE_CURVE ( 'NONE', #5359, #1968, #2048, .T. ) ;
#7158 = ORIENTED_EDGE ( 'NONE', *, *, #9229, .T. ) ;
#7159 = DIRECTION ( 'NONE',  ( -0.0000000000000000000, -1.000000000000000000, -0.0000000000000000000 ) ) ;
#7160 = ORIENTED_EDGE ( 'NONE', *, *, #7888, .F. ) ;
#7161 = DIRECTION ( 'NONE',  ( -1.000000000000000000, -0.0000000000000000000, -0.0000000000000000000 ) ) ;
#7163 = ORIENTED_EDGE ( 'NONE', *, *, #4797, .T. ) ;
#7162 = DIRECTION ( 'NONE',  ( 0.0000000000000000000, 1.000000000000000000, 0.0000000000000000000 ) ) ;
#7164 = CIRCLE ( 'NONE', #622, 0.01500217240645653274 ) ;
#7165 = DIRECTION ( 'NONE',  ( -0.0000000000000000000, 1.000000000000000000, -0.0000000000000000000 ) ) ;
#7166 = UNCERTAINTY_MEASURE_WITH_UNIT (LENGTH_MEASURE( 1.000000000000000082E-05 ), #7408, 'distance_accuracy_value', 'NONE');
#7167 = MECHANICAL_DESIGN_GEOMETRIC_PRESENTATION_REPRESENTATION (  '', ( #5846 ), #7832 ) ;
#7168 = EDGE_CURVE ( 'NONE', #7585, #698, #9918, .T. ) ;
#7169 = AXIS2_PLACEMENT_3D ( 'NONE', #4257, #11135, #5237 ) ;
#7170 = PLANE ( 'NONE',  #5954 ) ;
#7171 = AXIS2_PLACEMENT_3D ( 'NONE', #4744, #11636, #5737 ) ;
#7172 = DIRECTION ( 'NONE',  ( 0.0000000000000000000, -1.000000000000000000, 0.0000000000000000000 ) ) ;
#7173 = SURFACE_SIDE_STYLE ('',( #8501 ) ) ;
#7174 = ORIENTED_EDGE ( 'NONE', *, *, #2653, .T. ) ;
#7175 = VECTOR ( 'NONE', #5491, 1000.000000000000000 ) ;
#7176 = FACE_OUTER_BOUND ( 'NONE', #2723, .T. ) ;
#7178 = DIRECTION ( 'NONE',  ( 0.0000000000000000000, 0.0000000000000000000, -1.000000000000000000 ) ) ;
#7177 =( NAMED_UNIT ( * ) SI_UNIT ( $, .STERADIAN. ) SOLID_ANGLE_UNIT ( ) );
#7179 = UNCERTAINTY_MEASURE_WITH_UNIT (LENGTH_MEASURE( 1.000000000000000082E-05 ), #1166, 'distance_accuracy_value', 'NONE');
#7180 =( LENGTH_UNIT ( ) NAMED_UNIT ( * ) SI_UNIT ( .MILLI., .METRE. ) );
#7181 = VERTEX_POINT ( 'NONE', #5952 ) ;
#7182 = CARTESIAN_POINT ( 'NONE',  ( 0.3202257238087359292, 0.0000000000000000000, -0.5000000000000002220 ) ) ;
#7184 = LINE ( 'NONE', #10119, #9482 ) ;
#7183 = CARTESIAN_POINT ( 'NONE',  ( 0.6304257238087359605, 0.1000000000000000056, 0.4976999999999999202 ) ) ;
#7185 = VERTEX_POINT ( 'NONE', #1761 ) ;
#7186 = DIRECTION ( 'NONE',  ( -0.0000000000000000000, -1.000000000000000000, -0.0000000000000000000 ) ) ;
#7187 = AXIS2_PLACEMENT_3D ( 'NONE', #5834, #6832, #11726 ) ;
#7188 = PRESENTATION_STYLE_ASSIGNMENT (( #9019 ) ) ;
#7189 = FACE_OUTER_BOUND ( 'NONE', #10384, .T. ) ;
#7190 = CARTESIAN_POINT ( 'NONE',  ( 1.600000000000000311, 0.09999999999999999167, 0.5000000000000000000 ) ) ;
#7191 = LINE ( 'NONE', #7514, #12714 ) ;
#7192 = ORIENTED_EDGE ( 'NONE', *, *, #11059, .F. ) ;
#7193 = AXIS2_PLACEMENT_3D ( 'NONE', #10586, #4707, #11603 ) ;
#7194 = ORIENTED_EDGE ( 'NONE', *, *, #6018, .F. ) ;
#7195 = ORIENTED_EDGE ( 'NONE', *, *, #4664, .F. ) ;
#7196 = AXIS2_PLACEMENT_3D ( 'NONE', #2696, #6724, #8700 ) ;
#7197 = ORIENTED_EDGE ( 'NONE', *, *, #1206, .F. ) ;
#7198 = LINE ( 'NONE', #7750, #4560 ) ;
#7199 = ORIENTED_EDGE ( 'NONE', *, *, #8336, .F. ) ;
#7200 = VECTOR ( 'NONE', #3663, 1000.000000000000000 ) ;
#7201 = UNCERTAINTY_MEASURE_WITH_UNIT (LENGTH_MEASURE( 1.000000000000000082E-05 ), #6629, 'distance_accuracy_value', 'NONE');
#7202 = CARTESIAN_POINT ( 'NONE',  ( 1.600000000000000311, 0.09999999999999999167, 0.2990000000000001545 ) ) ;
#7203 = ORIENTED_EDGE ( 'NONE', *, *, #12643, .T. ) ;
#7204 = PLANE ( 'NONE',  #5706 ) ;
#7205 = VERTEX_POINT ( 'NONE', #360 ) ;
#7206 = VECTOR ( 'NONE', #5713, 1000.000000000000114 ) ;
#7207 = CARTESIAN_POINT ( 'NONE',  ( -1.600000000000000311, 0.5000000000000000000, 0.2074000000000001120 ) ) ;
#7208 = EDGE_CURVE ( 'NONE', #8322, #5903, #4366, .T. ) ;
#7209 = DIRECTION ( 'NONE',  ( -0.0000000000000000000, -1.000000000000000000, -0.0000000000000000000 ) ) ;
#7210 = EDGE_CURVE ( 'NONE', #8748, #11394, #12223, .T. ) ;
#7211 = ORIENTED_EDGE ( 'NONE', *, *, #11430, .F. ) ;
#7212 = LINE ( 'NONE', #4792, #12436 ) ;
#7213 = VECTOR ( 'NONE', #8926, 1000.000000000000114 ) ;
#7214 = EDGE_CURVE ( 'NONE', #2385, #10507, #4673, .T. ) ;
#7215 = PLANE ( 'NONE',  #9113 ) ;
#7216 = CARTESIAN_POINT ( 'NONE',  ( -1.562027896215192557, -0.0000000000000000000, -0.1167021724064567501 ) ) ;
#7217 = FILL_AREA_STYLE_COLOUR ( '', #1352 ) ;
#7218 = ORIENTED_EDGE ( 'NONE', *, *, #3, .T. ) ;
#7219 = DIRECTION ( 'NONE',  ( 4.843431639425975498E-16, 0.0000000000000000000, -1.000000000000000000 ) ) ;
#7220 = SURFACE_STYLE_FILL_AREA ( #10927 ) ;
#7221 = CARTESIAN_POINT ( 'NONE',  ( 1.600000000000000311, 0.09999999999999999167, 0.2108999999999999764 ) ) ;
#7222 = ADVANCED_FACE ( 'NONE', ( #11935 ), #489, .F. ) ;
#7223 = LINE ( 'NONE', #8306, #12140 ) ;
#7224 = DIRECTION ( 'NONE',  ( 0.0000000000000000000, 0.0000000000000000000, -1.000000000000000000 ) ) ;
#7225 = LINE ( 'NONE', #986, #9831 ) ;
#7226 = EDGE_CURVE ( 'NONE', #5427, #7576, #10979, .T. ) ;
#7227 = COLOUR_RGB ( '',0.9686274509803921573, 0.8784313725490195957, 0.5999999999999999778 ) ;
#7228 = AXIS2_PLACEMENT_3D ( 'NONE', #1866, #6809, #8796 ) ;
#7229 = VERTEX_POINT ( 'NONE', #5033 ) ;
#7230 = VECTOR ( 'NONE', #5595, 1000.000000000000000 ) ;
#7231 = DIRECTION ( 'NONE',  ( 1.000000000000000000, 0.0000000000000000000, 0.0000000000000000000 ) ) ;
#7232 = DIRECTION ( 'NONE',  ( -1.000000000000000000, 0.0000000000000000000, 0.0000000000000000000 ) ) ;
#7233 = DIRECTION ( 'NONE',  ( 0.0000000000000000000, 0.0000000000000000000, -1.000000000000000000 ) ) ;
#7234 = EDGE_LOOP ( 'NONE', ( #2403, #12642, #533, #3324 ) ) ;
#7235 =( NAMED_UNIT ( * ) PLANE_ANGLE_UNIT ( ) SI_UNIT ( $, .RADIAN. ) );
#7236 = ORIENTED_EDGE ( 'NONE', *, *, #9590, .F. ) ;
#7237 =( NAMED_UNIT ( * ) SI_UNIT ( $, .STERADIAN. ) SOLID_ANGLE_UNIT ( ) );
#7238 = PRESENTATION_LAYER_ASSIGNMENT (  '', '', ( #4582 ) ) ;
#7239 = DIRECTION ( 'NONE',  ( 0.0000000000000000000, 0.0000000000000000000, 1.000000000000000000 ) ) ;
#7240 = EDGE_CURVE ( 'NONE', #5308, #328, #8370, .T. ) ;
#7241 = CARTESIAN_POINT ( 'NONE',  ( 0.4691278962151925191, 0.1000000000000000056, 0.4870999999999999219 ) ) ;
#7242 = DIRECTION ( 'NONE',  ( 0.0000000000000000000, 0.0000000000000000000, 1.000000000000000000 ) ) ;
#7243 = CARTESIAN_POINT ( 'NONE',  ( -1.103100000000000414, 0.09999999999999999167, 0.4718000000000000527 ) ) ;
#7244 = STYLED_ITEM ( 'NONE', ( #333 ), #3107 ) ;
#7245 = CARTESIAN_POINT ( 'NONE',  ( 1.301149308948498007, 0.09999999999999999167, 0.4726453942079304471 ) ) ;
#7246 = ORIENTED_EDGE ( 'NONE', *, *, #4936, .T. ) ;
#7247 = EDGE_CURVE ( 'NONE', #12540, #3689, #10668, .T. ) ;
#7248 = ORIENTED_EDGE ( 'NONE', *, *, #1243, .F. ) ;
#7249 = FACE_OUTER_BOUND ( 'NONE', #11800, .T. ) ;
#7250 = CIRCLE ( 'NONE', #298, 0.01500217240645647723 ) ;
#7251 = ORIENTED_EDGE ( 'NONE', *, *, #12073, .F. ) ;
#7252 = SURFACE_STYLE_USAGE ( .BOTH. , #321 ) ;
#7253 =( LENGTH_UNIT ( ) NAMED_UNIT ( * ) SI_UNIT ( .MILLI., .METRE. ) );
#7254 = CARTESIAN_POINT ( 'NONE',  ( -1.296800000000000397, 0.5000000000000000000, 0.4893999999999999462 ) ) ;
#7255 = DIRECTION ( 'NONE',  ( -1.000000000000000000, -0.0000000000000000000, -0.0000000000000000000 ) ) ;
#7256 = CARTESIAN_POINT ( 'NONE',  ( 1.099400000000000377, 0.5000000000000000000, -0.3025999999999999801 ) ) ;
#7257 = SURFACE_STYLE_FILL_AREA ( #7686 ) ;
#7258 = FACE_OUTER_BOUND ( 'NONE', #12208, .T. ) ;
#7259 = DIRECTION ( 'NONE',  ( -0.0000000000000000000, -1.000000000000000000, -0.0000000000000000000 ) ) ;
#7260 = ORIENTED_EDGE ( 'NONE', *, *, #3159, .T. ) ;
#7261 = CIRCLE ( 'NONE', #4118, 0.01500217240645655876 ) ;
#7262 = PRESENTATION_LAYER_ASSIGNMENT (  '', '', ( #6615 ) ) ;
#7263 = ORIENTED_EDGE ( 'NONE', *, *, #5746, .T. ) ;
#7264 = ORIENTED_EDGE ( 'NONE', *, *, #4815, .F. ) ;
#7265 = EDGE_CURVE ( 'NONE', #4868, #3413, #3104, .T. ) ;
#7266 = DIRECTION ( 'NONE',  ( -1.000000000000000000, 0.0000000000000000000, 4.179009298818627440E-17 ) ) ;
#7267 = CARTESIAN_POINT ( 'NONE',  ( -1.399000000000000243, 0.0000000000000000000, 0.5000000000000000000 ) ) ;
#7268 = DIRECTION ( 'NONE',  ( -0.0000000000000000000, -1.000000000000000000, -0.0000000000000000000 ) ) ;
#7269 = VECTOR ( 'NONE', #7388, 1000.000000000000000 ) ;
#7270 = PLANE ( 'NONE',  #5334 ) ;
#7271 = CARTESIAN_POINT ( 'NONE',  ( -1.571800000000000308, 0.5000000000000000000, 0.1016000000000000236 ) ) ;
#7272 = VECTOR ( 'NONE', #5728, 1000.000000000000000 ) ;
#7273 = DIRECTION ( 'NONE',  ( 0.0000000000000000000, 0.0000000000000000000, 1.000000000000000000 ) ) ;
#7274 = CARTESIAN_POINT ( 'NONE',  ( -0.4691278962151925191, 0.1000000000000000056, 0.4800999999999999157 ) ) ;
#7275 = FILL_AREA_STYLE ('',( #6290 ) ) ;
#7276 = ORIENTED_EDGE ( 'NONE', *, *, #1943, .F. ) ;
#7277 = ORIENTED_EDGE ( 'NONE', *, *, #3722, .T. ) ;
#7278 = CARTESIAN_POINT ( 'NONE',  ( 1.082627896215192509, 0.1000000000000000056, -0.4567978275935435928 ) ) ;
#7279 = EDGE_CURVE ( 'NONE', #8382, #112, #178, .T. ) ;
#7280 = ADVANCED_FACE ( 'NONE', ( #7773 ), #1154, .T. ) ;
#7281 = CARTESIAN_POINT ( 'NONE',  ( -0.3502300686216489600, 0.1000000000000000056, -0.2153021724064567988 ) ) ;
#7282 = AXIS2_PLACEMENT_3D ( 'NONE', #8021, #2096, #9020 ) ;
#7283 = ORIENTED_EDGE ( 'NONE', *, *, #3511, .T. ) ;
#7284 = MECHANICAL_DESIGN_GEOMETRIC_PRESENTATION_REPRESENTATION (  '', ( #5977 ), #7949 ) ;
#7285 = CYLINDRICAL_SURFACE ( 'NONE', #1088, 0.01500217240645655876 ) ;
#7286 = CARTESIAN_POINT ( 'NONE',  ( -0.7009000000000000785, 0.0000000000000000000, 0.05229999999999980498 ) ) ;
#7287 = CARTESIAN_POINT ( 'NONE',  ( 1.600000000000000311, 0.5000000000000000000, -0.5000000000000000000 ) ) ;
#7288 = ORIENTED_EDGE ( 'NONE', *, *, #348, .T. ) ;
#7289 = EDGE_CURVE ( 'NONE', #2319, #1408, #4203, .T. ) ;
#7290 = CARTESIAN_POINT ( 'NONE',  ( 0.3502300686216489600, 0.0000000000000000000, -0.2153021724064567988 ) ) ;
#7291 = VERTEX_POINT ( 'NONE', #1186 ) ;
#7292 = CARTESIAN_POINT ( 'NONE',  ( -0.4585278962151925208, 0.1000000000000000056, 0.4694999999999999174 ) ) ;
#7293 = ORIENTED_EDGE ( 'NONE', *, *, #8537, .F. ) ;
#7294 = PRESENTATION_STYLE_ASSIGNMENT (( #7625 ) ) ;
#7295 = EDGE_LOOP ( 'NONE', ( #5085, #11291, #4063, #7869 ) ) ;
#7296 = ORIENTED_EDGE ( 'NONE', *, *, #5939, .F. ) ;
#7297 = CARTESIAN_POINT ( 'NONE',  ( -1.285174339670224430, -0.0000000000000000000, -0.4718000000000002192 ) ) ;
#7298 = EDGE_CURVE ( 'NONE', #4643, #318, #5102, .T. ) ;
#7299 = UNCERTAINTY_MEASURE_WITH_UNIT (LENGTH_MEASURE( 1.000000000000000082E-05 ), #2807, 'distance_accuracy_value', 'NONE');
#7300 = DIRECTION ( 'NONE',  ( -0.0000000000000000000, 1.000000000000000000, -0.0000000000000000000 ) ) ;
#7301 = DIRECTION ( 'NONE',  ( -4.020095065059161301E-16, -0.0000000000000000000, 1.000000000000000000 ) ) ;
#7302 = EDGE_CURVE ( 'NONE', #8355, #12306, #7732, .T. ) ;
#7303 = AXIS2_PLACEMENT_3D ( 'NONE', #3013, #10915, #4035 ) ;
#7304 = DIRECTION ( 'NONE',  ( 0.0000000000000000000, -1.000000000000000000, 0.0000000000000000000 ) ) ;
#7305 = ORIENTED_EDGE ( 'NONE', *, *, #4605, .F. ) ;
#7306 = ORIENTED_EDGE ( 'NONE', *, *, #3338, .T. ) ;
#7307 = LINE ( 'NONE', #1267, #11934 ) ;
#7308 = DIRECTION ( 'NONE',  ( -0.0000000000000000000, -1.000000000000000000, -0.0000000000000000000 ) ) ;
#7309 = VECTOR ( 'NONE', #6309, 1000.000000000000000 ) ;
#7310 = CARTESIAN_POINT ( 'NONE',  ( 0.6454278962151924759, 0.1000000000000000056, 0.4826978275935432383 ) ) ;
#7311 = COLOUR_RGB ( '',0.0000000000000000000, 0.7529411764705882248, 0.0000000000000000000 ) ;
#7312 = CARTESIAN_POINT ( 'NONE',  ( 1.562027896215192335, 0.1000000000000000056, -0.1857361597196678649 ) ) ;
#7313 =( LENGTH_UNIT ( ) NAMED_UNIT ( * ) SI_UNIT ( .MILLI., .METRE. ) );
#7314 = PLANE ( 'NONE',  #4913 ) ;
#7315 = STYLED_ITEM ( 'NONE', ( #7143 ), #11549 ) ;
#7316 = CARTESIAN_POINT ( 'NONE',  ( 1.299900000000000277, 0.09999999999999999167, 0.5000000000000002220 ) ) ;
#7318 = AXIS2_PLACEMENT_3D ( 'NONE', #1862, #11741, #5852 ) ;
#7317 = CARTESIAN_POINT ( 'NONE',  ( -0.3175278962151925066, 0.1000000000000000056, 0.08429782759354324806 ) ) ;
#7320 = DIRECTION ( 'NONE',  ( 0.0000000000000000000, -1.000000000000000000, 0.0000000000000000000 ) ) ;
#7319 = LINE ( 'NONE', #3871, #2340 ) ;
#7321 = ORIENTED_EDGE ( 'NONE', *, *, #11454, .T. ) ;
#7322 = SURFACE_SIDE_STYLE ('',( #6394 ) ) ;
#7323 = LINE ( 'NONE', #9467, #675 ) ;
#7324 = ORIENTED_EDGE ( 'NONE', *, *, #10742, .F. ) ;
#7325 = VECTOR ( 'NONE', #2868, 1000.000000000000114 ) ;
#7326 = CARTESIAN_POINT ( 'NONE',  ( -1.600000000000000311, 0.5000000000000000000, -0.5000000000000000000 ) ) ;
#7327 = EDGE_CURVE ( 'NONE', #4274, #8730, #10304, .T. ) ;
#7328 = DIRECTION ( 'NONE',  ( 0.0000000000000000000, 0.0000000000000000000, 1.000000000000000000 ) ) ;
#7329 = CARTESIAN_POINT ( 'NONE',  ( 1.568300000000000249, 0.1000000000000000056, 0.1963566009016785296 ) ) ;
#7330 = CARTESIAN_POINT ( 'NONE',  ( -0.7009000000000000785, 0.1000000000000000056, 0.05229999999999980498 ) ) ;
#7331 = DIRECTION ( 'NONE',  ( 0.7071067811865474617, 0.0000000000000000000, 0.7071067811865474617 ) ) ;
#7332 = PRESENTATION_STYLE_ASSIGNMENT (( #3241 ) ) ;
#7333 = VERTEX_POINT ( 'NONE', #11031 ) ;
#7334 = COLOUR_RGB ( '',0.0000000000000000000, 0.7529411764705882248, 0.0000000000000000000 ) ;
#7335 = COLOUR_RGB ( '',0.9686274509803921573, 0.8784313725490195957, 0.5999999999999999778 ) ;
#7336 = EDGE_CURVE ( 'NONE', #6966, #3504, #12649, .T. ) ;
#7337 = AXIS2_PLACEMENT_3D ( 'NONE', #7326, #1393, #8299 ) ;
#7338 = ORIENTED_EDGE ( 'NONE', *, *, #6063, .F. ) ;
#7339 = AXIS2_PLACEMENT_3D ( 'NONE', #5865, #12734, #6867 ) ;
#7340 = ORIENTED_EDGE ( 'NONE', *, *, #6428, .T. ) ;
#7341 = CARTESIAN_POINT ( 'NONE',  ( -0.6454278962151924759, 0.1000000000000000056, 0.4826978275935432383 ) ) ;
#7342 =( GEOMETRIC_REPRESENTATION_CONTEXT ( 3 ) GLOBAL_UNCERTAINTY_ASSIGNED_CONTEXT ( ( #1255 ) ) GLOBAL_UNIT_ASSIGNED_CONTEXT ( ( #7313, #1384, #8291 ) ) REPRESENTATION_CONTEXT ( 'NONE', 'WORKASPACE' ) );
#7343 = AXIS2_PLACEMENT_3D ( 'NONE', #1858, #8790, #2826 ) ;
#7344 = DIRECTION ( 'NONE',  ( 1.000000000000000000, 0.0000000000000000000, 0.0000000000000000000 ) ) ;
#7345 = CARTESIAN_POINT ( 'NONE',  ( -0.1774300686216492284, 0.1000000000000000056, -0.5000000000000001110 ) ) ;
#7346 = CARTESIAN_POINT ( 'NONE',  ( 0.1005151071698142246, 0.1000000000000000056, -0.4976000000000002643 ) ) ;
#7347 = ADVANCED_FACE ( 'NONE', ( #4787 ), #12047, .T. ) ;
#7348 = LINE ( 'NONE', #2860, #10233 ) ;
#7349 = VECTOR ( 'NONE', #10705, 1000.000000000000000 ) ;
#7350 = SURFACE_STYLE_USAGE ( .BOTH. , #414 ) ;
#7351 = UNCERTAINTY_MEASURE_WITH_UNIT (LENGTH_MEASURE( 1.000000000000000082E-05 ), #8428, 'distance_accuracy_value', 'NONE');
#7352 = LINE ( 'NONE', #4309, #4715 ) ;
#7353 = ORIENTED_EDGE ( 'NONE', *, *, #7618, .T. ) ;
#7354 = ORIENTED_EDGE ( 'NONE', *, *, #12079, .F. ) ;
#7355 = CARTESIAN_POINT ( 'NONE',  ( -1.578123678570672261, 0.1000000000000000056, -0.2006984187132972997 ) ) ;
#7356 = VECTOR ( 'NONE', #5716, 1000.000000000000000 ) ;
#7357 = CARTESIAN_POINT ( 'NONE',  ( 1.600000000000000311, 0.1000000000000000056, 0.5000000000000000000 ) ) ;
#7358 = DIRECTION ( 'NONE',  ( 0.0000000000000000000, 0.0000000000000000000, 1.000000000000000000 ) ) ;
#7359 = CARTESIAN_POINT ( 'NONE',  ( -0.4691278962151925191, 0.0000000000000000000, 0.4800999999999999157 ) ) ;
#7360 = STYLED_ITEM ( 'NONE', ( #12701 ), #10552 ) ;
#7361 = CARTESIAN_POINT ( 'NONE',  ( 0.6304257238087359605, 0.1000000000000000056, 0.09929999999999988836 ) ) ;
#7362 = ORIENTED_EDGE ( 'NONE', *, *, #5535, .F. ) ;
#7363 = PLANE ( 'NONE',  #8883 ) ;
#7364 = CIRCLE ( 'NONE', #2230, 0.01500217240645655876 ) ;
#7365 = VECTOR ( 'NONE', #8989, 1000.000000000000000 ) ;
#7366 = VECTOR ( 'NONE', #12200, 1000.000000000000000 ) ;
#7367 = AXIS2_PLACEMENT_3D ( 'NONE', #4181, #11056, #5172 ) ;
#7368 = DIRECTION ( 'NONE',  ( 1.000000000000000000, 0.0000000000000000000, -9.098841772336316914E-17 ) ) ;
#7369 = ORIENTED_EDGE ( 'NONE', *, *, #3592, .T. ) ;
#7370 = CIRCLE ( 'NONE', #12548, 0.01500217240645655876 ) ;
#7371 = FILL_AREA_STYLE_COLOUR ( '', #8908 ) ;
#7372 = ORIENTED_EDGE ( 'NONE', *, *, #11153, .T. ) ;
#7373 = PRESENTATION_STYLE_ASSIGNMENT (( #4847 ) ) ;
#7374 = FILL_AREA_STYLE ('',( #436 ) ) ;
#7375 = CARTESIAN_POINT ( 'NONE',  ( 1.021730214339628517, 0.1000000000000000056, 0.05229999999999977722 ) ) ;
#7376 = EDGE_CURVE ( 'NONE', #3819, #1523, #10015, .T. ) ;
#7377 = SURFACE_STYLE_USAGE ( .BOTH. , #439 ) ;
#7378 = EDGE_CURVE ( 'NONE', #10564, #765, #7124, .T. ) ;
#7379 = DIRECTION ( 'NONE',  ( 0.0000000000000000000, -1.000000000000000000, 0.0000000000000000000 ) ) ;
#7380 =( GEOMETRIC_REPRESENTATION_CONTEXT ( 3 ) GLOBAL_UNCERTAINTY_ASSIGNED_CONTEXT ( ( #6360 ) ) GLOBAL_UNIT_ASSIGNED_CONTEXT ( ( #3077, #9990, #4100 ) ) REPRESENTATION_CONTEXT ( 'NONE', 'WORKASPACE' ) );
#7381 = ORIENTED_EDGE ( 'NONE', *, *, #12717, .T. ) ;
#7382 = CARTESIAN_POINT ( 'NONE',  ( -1.553297827593543845, 0.1000000000000000056, 0.1166021724064561782 ) ) ;
#7383 = EDGE_CURVE ( 'NONE', #231, #9090, #2152, .T. ) ;
#7384 = DIRECTION ( 'NONE',  ( 0.0000000000000000000, 0.0000000000000000000, -1.000000000000000000 ) ) ;
#7385 = FACE_OUTER_BOUND ( 'NONE', #2881, .T. ) ;
#7386 = CYLINDRICAL_SURFACE ( 'NONE', #4185, 0.01500217240645655876 ) ;
#7387 = ORIENTED_EDGE ( 'NONE', *, *, #7667, .F. ) ;
#7388 = DIRECTION ( 'NONE',  ( 1.000000000000000000, -0.0000000000000000000, -0.0000000000000000000 ) ) ;
#7389 = DIRECTION ( 'NONE',  ( 1.000000000000000000, 0.0000000000000000000, 0.0000000000000000000 ) ) ;
#7390 = VECTOR ( 'NONE', #3682, 1000.000000000000000 ) ;
#7392 = CARTESIAN_POINT ( 'NONE',  ( 0.3281278962151924494, 0.0000000000000000000, 0.4694999999999998064 ) ) ;
#7391 = DIRECTION ( 'NONE',  ( -0.0000000000000000000, 0.0000000000000000000, 1.000000000000000000 ) ) ;
#7393 = ORIENTED_EDGE ( 'NONE', *, *, #1734, .T. ) ;
#7394 =( GEOMETRIC_REPRESENTATION_CONTEXT ( 3 ) GLOBAL_UNCERTAINTY_ASSIGNED_CONTEXT ( ( #11016 ) ) GLOBAL_UNIT_ASSIGNED_CONTEXT ( ( #4009, #10890, #5002 ) ) REPRESENTATION_CONTEXT ( 'NONE', 'WORKASPACE' ) );
#7395 = VECTOR ( 'NONE', #7161, 1000.000000000000000 ) ;
#7396 = UNCERTAINTY_MEASURE_WITH_UNIT (LENGTH_MEASURE( 1.000000000000000082E-05 ), #10140, 'distance_accuracy_value', 'NONE');
#7397 = SURFACE_STYLE_FILL_AREA ( #8935 ) ;
#7398 = DIRECTION ( 'NONE',  ( 0.0000000000000000000, 0.0000000000000000000, -1.000000000000000000 ) ) ;
#7399 = DIRECTION ( 'NONE',  ( 0.0000000000000000000, 0.0000000000000000000, -1.000000000000000000 ) ) ;
#7400 = ADVANCED_FACE ( 'NONE', ( #4469 ), #3219, .F. ) ;
#7401 = DIRECTION ( 'NONE',  ( -0.7071067811865474617, -0.0000000000000000000, 0.7071067811865474617 ) ) ;
#7402 = ORIENTED_EDGE ( 'NONE', *, *, #11650, .T. ) ;
#7403 = LINE ( 'NONE', #10450, #4772 ) ;
#7404 = DIRECTION ( 'NONE',  ( 1.000000000000000000, 0.0000000000000000000, -0.0000000000000000000 ) ) ;
#7405 = CARTESIAN_POINT ( 'NONE',  ( -1.600000000000000311, -0.0000000000000000000, -0.1999000000000000221 ) ) ;
#7406 = CARTESIAN_POINT ( 'NONE',  ( 1.099999999999999423, 0.5000000000000000000, -0.5000000000000000000 ) ) ;
#7407 = ORIENTED_EDGE ( 'NONE', *, *, #2177, .F. ) ;
#7408 =( LENGTH_UNIT ( ) NAMED_UNIT ( * ) SI_UNIT ( .MILLI., .METRE. ) );
#7409 = CARTESIAN_POINT ( 'NONE',  ( -1.086202172406457001, 0.1000000000000000056, 0.4717999999999998306 ) ) ;
#7410 = ADVANCED_FACE ( 'NONE', ( #12042 ), #2275, .F. ) ;
#7411 =( LENGTH_UNIT ( ) NAMED_UNIT ( * ) SI_UNIT ( .MILLI., .METRE. ) );
#7412 = ORIENTED_EDGE ( 'NONE', *, *, #4841, .F. ) ;
#7413 = EDGE_CURVE ( 'NONE', #10842, #12120, #5884, .T. ) ;
#7414 = SURFACE_SIDE_STYLE ('',( #11456 ) ) ;
#7415 = CARTESIAN_POINT ( 'NONE',  ( -0.3766000000000001569, 0.1000000000000000056, 0.05229999999999981886 ) ) ;
#7416 = ORIENTED_EDGE ( 'NONE', *, *, #487, .F. ) ;
#7417 = AXIS2_PLACEMENT_3D ( 'NONE', #7428, #10410, #4520 ) ;
#7418 = CARTESIAN_POINT ( 'NONE',  ( -0.3175278962151925066, 0.0000000000000000000, 0.4870999999999999219 ) ) ;
#7419 = ORIENTED_EDGE ( 'NONE', *, *, #936, .F. ) ;
#7420 =( NAMED_UNIT ( * ) PLANE_ANGLE_UNIT ( ) SI_UNIT ( $, .RADIAN. ) );
#7421 = ADVANCED_FACE ( 'NONE', ( #3215 ), #9245, .T. ) ;
#7422 = DIRECTION ( 'NONE',  ( -0.0000000000000000000, -0.0000000000000000000, 1.000000000000000000 ) ) ;
#7423 = VECTOR ( 'NONE', #8084, 1000.000000000000000 ) ;
#7424 = EDGE_LOOP ( 'NONE', ( #3495, #8483, #1611, #11986 ) ) ;
#7425 = ORIENTED_EDGE ( 'NONE', *, *, #6972, .T. ) ;
#7426 = FILL_AREA_STYLE_COLOUR ( '', #10620 ) ;
#7427 = VERTEX_POINT ( 'NONE', #2316 ) ;
#7428 = CARTESIAN_POINT ( 'NONE',  ( -1.307400000000000118, 0.09999999999999999167, 0.5000000000000000000 ) ) ;
#7429 = CIRCLE ( 'NONE', #5531, 0.01500217240645653274 ) ;
#7430 = MECHANICAL_DESIGN_GEOMETRIC_PRESENTATION_REPRESENTATION (  '', ( #6105 ), #8086 ) ;
#7432 = DIRECTION ( 'NONE',  ( -0.0000000000000000000, -0.0000000000000000000, -1.000000000000000000 ) ) ;
#7431 = CARTESIAN_POINT ( 'NONE',  ( -0.1774300686216490897, 0.1000000000000000056, 0.4826978275935433493 ) ) ;
#7433 = AXIS2_PLACEMENT_3D ( 'NONE', #7357, #4402, #464 ) ;
#7434 = DIRECTION ( 'NONE',  ( -0.0000000000000000000, -1.000000000000000000, -0.0000000000000000000 ) ) ;
#7435 = ORIENTED_EDGE ( 'NONE', *, *, #899, .F. ) ;
#7436 = CARTESIAN_POINT ( 'NONE',  ( 1.600000000000000311, 0.09999999999999999167, 0.5000000000000000000 ) ) ;
#7437 = PRESENTATION_STYLE_ASSIGNMENT (( #9727 ) ) ;
#7438 = ORIENTED_EDGE ( 'NONE', *, *, #2814, .T. ) ;
#7439 = SURFACE_SIDE_STYLE ('',( #10495 ) ) ;
#7440 = ORIENTED_EDGE ( 'NONE', *, *, #10560, .T. ) ;
#7441 =( NAMED_UNIT ( * ) PLANE_ANGLE_UNIT ( ) SI_UNIT ( $, .RADIAN. ) );
#7442 = CARTESIAN_POINT ( 'NONE',  ( 1.299900000000000277, 0.09999999999999999167, 0.5000000000000002220 ) ) ;
#7443 = FILL_AREA_STYLE ('',( #6467 ) ) ;
#7444 =( NAMED_UNIT ( * ) PLANE_ANGLE_UNIT ( ) SI_UNIT ( $, .RADIAN. ) );
#7445 = CARTESIAN_POINT ( 'NONE',  ( 1.071200000000000374, 0.1000000000000000056, 0.4567978275935433707 ) ) ;
#7446 = DIRECTION ( 'NONE',  ( 1.000000000000000000, -0.0000000000000000000, 0.0000000000000000000 ) ) ;
#7447 = EDGE_CURVE ( 'NONE', #5321, #1890, #12483, .T. ) ;
#7448 = EDGE_CURVE ( 'NONE', #4766, #8060, #4949, .T. ) ;
#7449 = MECHANICAL_DESIGN_GEOMETRIC_PRESENTATION_REPRESENTATION (  '', ( #4799 ), #8107 ) ;
#7450 = ORIENTED_EDGE ( 'NONE', *, *, #971, .T. ) ;
#7451 = VECTOR ( 'NONE', #10690, 1000.000000000000000 ) ;
#7452 = VERTEX_POINT ( 'NONE', #5345 ) ;
#7453 = FACE_OUTER_BOUND ( 'NONE', #402, .T. ) ;
#7454 = ORIENTED_EDGE ( 'NONE', *, *, #665, .F. ) ;
#7455 = CARTESIAN_POINT ( 'NONE',  ( -1.099400000000000377, 0.5000000000000000000, -0.4012999999999999901 ) ) ;
#7456 = CARTESIAN_POINT ( 'NONE',  ( 0.3766302143396287327, 0.1000000000000000056, 0.05229999999999979110 ) ) ;
#7457 = EDGE_CURVE ( 'NONE', #8874, #8509, #7261, .T. ) ;
#7458 =( NAMED_UNIT ( * ) SI_UNIT ( $, .STERADIAN. ) SOLID_ANGLE_UNIT ( ) );
#7459 = DIRECTION ( 'NONE',  ( -1.000000000000000000, -0.0000000000000000000, -0.0000000000000000000 ) ) ;
#7460 = ADVANCED_FACE ( 'NONE', ( #1999 ), #4315, .T. ) ;
#7461 = CARTESIAN_POINT ( 'NONE',  ( 1.021730214339628739, 0.1000000000000000056, 0.4999999999999993339 ) ) ;
#7462 = CARTESIAN_POINT ( 'NONE',  ( -0.3502300686216490710, 0.1000000000000000056, -0.2003000000000002556 ) ) ;
#7463 = EDGE_CURVE ( 'NONE', #10831, #9273, #12179, .T. ) ;
#7464 = FACE_OUTER_BOUND ( 'NONE', #3004, .T. ) ;
#7465 = ORIENTED_EDGE ( 'NONE', *, *, #11830, .T. ) ;
#7466 = CARTESIAN_POINT ( 'NONE',  ( 0.1774300686216490897, 0.1000000000000000056, 0.4826978275935432383 ) ) ;
#7467 = ORIENTED_EDGE ( 'NONE', *, *, #2701, .F. ) ;
#7468 = CARTESIAN_POINT ( 'NONE',  ( -1.600000000000000311, -0.0000000000000000000, -0.04990000000000018032 ) ) ;
#7469 = ORIENTED_EDGE ( 'NONE', *, *, #6553, .T. ) ;
#7470 = AXIS2_PLACEMENT_3D ( 'NONE', #5697, #12586, #6715 ) ;
#7471 = ADVANCED_FACE ( 'NONE', ( #1686 ), #6661, .F. ) ;
#7472 =( NAMED_UNIT ( * ) PLANE_ANGLE_UNIT ( ) SI_UNIT ( $, .RADIAN. ) );
#7473 = DIRECTION ( 'NONE',  ( 0.0000000000000000000, 0.0000000000000000000, -1.000000000000000000 ) ) ;
#7474 = DIRECTION ( 'NONE',  ( -1.000000000000000000, 0.0000000000000000000, 7.556514767313164730E-17 ) ) ;
#7475 = ORIENTED_EDGE ( 'NONE', *, *, #6073, .F. ) ;
#7476 = CARTESIAN_POINT ( 'NONE',  ( 0.3175278962151924511, 0.0000000000000000000, 0.4800999999999998047 ) ) ;
#7477 = FACE_OUTER_BOUND ( 'NONE', #4494, .T. ) ;
#7478 = CARTESIAN_POINT ( 'NONE',  ( 1.600030214339628554, 0.0000000000000000000, 0.05229999999999978416 ) ) ;
#7479 = VERTEX_POINT ( 'NONE', #8371 ) ;
#7480 = MECHANICAL_DESIGN_GEOMETRIC_PRESENTATION_REPRESENTATION (  '', ( #6159 ), #8138 ) ;
#7481 = CARTESIAN_POINT ( 'NONE',  ( -0.3352278962151924446, 0.1000000000000000056, -0.2153021724064569098 ) ) ;
#7482 = ADVANCED_FACE ( 'NONE', ( #11888 ), #1376, .F. ) ;
#7483 = EDGE_CURVE ( 'NONE', #6968, #6011, #6967, .T. ) ;
#7484 = DIRECTION ( 'NONE',  ( 0.0000000000000000000, 0.0000000000000000000, -1.000000000000000000 ) ) ;
#7485 = DIRECTION ( 'NONE',  ( 1.000000000000000000, -0.0000000000000000000, 1.107775638063495749E-17 ) ) ;
#7486 = SURFACE_SIDE_STYLE ('',( #12399 ) ) ;
#7487 = ORIENTED_EDGE ( 'NONE', *, *, #10513, .F. ) ;
#7488 = DIRECTION ( 'NONE',  ( 0.0000000000000000000, 0.0000000000000000000, 1.000000000000000000 ) ) ;
#7489 = ORIENTED_EDGE ( 'NONE', *, *, #11701, .T. ) ;
#7490 = EDGE_CURVE ( 'NONE', #1873, #9973, #9872, .T. ) ;
#7491 = FACE_OUTER_BOUND ( 'NONE', #10734, .T. ) ;
#7492 = CIRCLE ( 'NONE', #4769, 0.01500217240645655876 ) ;
#7493 = ORIENTED_EDGE ( 'NONE', *, *, #6433, .F. ) ;
#7494 = FILL_AREA_STYLE_COLOUR ( '', #7311 ) ;
#7495 = ORIENTED_EDGE ( 'NONE', *, *, #1599, .F. ) ;
#7496 = EDGE_CURVE ( 'NONE', #12181, #4791, #11562, .T. ) ;
#7497 = ORIENTED_EDGE ( 'NONE', *, *, #12256, .T. ) ;
#7498 = CARTESIAN_POINT ( 'NONE',  ( -1.589400000000000368, 0.5000000000000000000, 0.1968000000000001137 ) ) ;
#7499 = VECTOR ( 'NONE', #8831, 1000.000000000000000 ) ;
#7500 = DIRECTION ( 'NONE',  ( -1.000000000000000000, -0.0000000000000000000, 0.0000000000000000000 ) ) ;
#7501 = VERTEX_POINT ( 'NONE', #8422 ) ;
#7502 = SURFACE_STYLE_FILL_AREA ( #2839 ) ;
#7503 = EDGE_LOOP ( 'NONE', ( #7520, #8080, #3302, #12198 ) ) ;
#7504 = LINE ( 'NONE', #5601, #4878 ) ;
#7505 = STYLED_ITEM ( 'NONE', ( #10743 ), #9520 ) ;
#7506 = PRESENTATION_STYLE_ASSIGNMENT (( #11378 ) ) ;
#7507 =( NAMED_UNIT ( * ) SI_UNIT ( $, .STERADIAN. ) SOLID_ANGLE_UNIT ( ) );
#7508 = ORIENTED_EDGE ( 'NONE', *, *, #2153, .T. ) ;
#7509 = AXIS2_PLACEMENT_3D ( 'NONE', #5890, #7866, #1940 ) ;
#7510 = AXIS2_PLACEMENT_3D ( 'NONE', #12609, #6738, #802 ) ;
#7511 = SURFACE_SIDE_STYLE ('',( #6471 ) ) ;
#7512 = ORIENTED_EDGE ( 'NONE', *, *, #8954, .T. ) ;
#7513 = DIRECTION ( 'NONE',  ( -0.0000000000000000000, -1.000000000000000000, -0.0000000000000000000 ) ) ;
#7514 = CARTESIAN_POINT ( 'NONE',  ( 1.299900000000000277, 0.09999999999999999167, 0.5000000000000002220 ) ) ;
#7515 = EDGE_CURVE ( 'NONE', #11188, #3763, #4019, .T. ) ;
#7516 = EDGE_LOOP ( 'NONE', ( #9120, #4966, #365, #10209 ) ) ;
#7518 = CARTESIAN_POINT ( 'NONE',  ( -0.6304257238087359605, 0.1000000000000000056, 0.09929999999999991611 ) ) ;
#7517 = CARTESIAN_POINT ( 'NONE',  ( 0.3502300686216489600, 0.0000000000000000000, -0.2153021724064567988 ) ) ;
#7519 = CARTESIAN_POINT ( 'NONE',  ( -1.082627896215192509, 0.1000000000000000056, -0.2153021724064568543 ) ) ;
#7520 = ORIENTED_EDGE ( 'NONE', *, *, #7741, .T. ) ;
#7521 = FACE_OUTER_BOUND ( 'NONE', #10607, .T. ) ;
#7522 = DIRECTION ( 'NONE',  ( 0.0000000000000000000, 0.0000000000000000000, 1.000000000000000000 ) ) ;
#7523 = AXIS2_PLACEMENT_3D ( 'NONE', #10832, #4952, #11849 ) ;
#7524 = ADVANCED_FACE ( 'NONE', ( #1090 ), #3488, .F. ) ;
#7525 =( LENGTH_UNIT ( ) NAMED_UNIT ( * ) SI_UNIT ( .MILLI., .METRE. ) );
#7526 = EDGE_CURVE ( 'NONE', #955, #10310, #6037, .T. ) ;
#7527 = DIRECTION ( 'NONE',  ( 0.0000000000000000000, 0.0000000000000000000, -1.000000000000000000 ) ) ;
#7528 = LINE ( 'NONE', #12182, #2250 ) ;
#7529 = AXIS2_PLACEMENT_3D ( 'NONE', #8723, #2760, #9692 ) ;
#7530 = AXIS2_PLACEMENT_3D ( 'NONE', #6750, #817, #7727 ) ;
#7531 = DIRECTION ( 'NONE',  ( -0.0000000000000000000, -1.000000000000000000, -0.0000000000000000000 ) ) ;
#7532 = CARTESIAN_POINT ( 'NONE',  ( -1.600000000000000311, 0.1000000000000000056, 0.2108999999999995878 ) ) ;
#7533 = DIRECTION ( 'NONE',  ( -0.0000000000000000000, -1.000000000000000000, -0.0000000000000000000 ) ) ;
#7534 = DIRECTION ( 'NONE',  ( 0.0000000000000000000, -1.000000000000000000, 0.0000000000000000000 ) ) ;
#7535 = EDGE_CURVE ( 'NONE', #2292, #1935, #8656, .T. ) ;
#7536 = ORIENTED_EDGE ( 'NONE', *, *, #8557, .F. ) ;
#7537 = LINE ( 'NONE', #12452, #10121 ) ;
#7538 = ORIENTED_EDGE ( 'NONE', *, *, #1004, .T. ) ;
#7539 =( NAMED_UNIT ( * ) SI_UNIT ( $, .STERADIAN. ) SOLID_ANGLE_UNIT ( ) );
#7540 = SURFACE_STYLE_FILL_AREA ( #7374 ) ;
#7541 = EDGE_CURVE ( 'NONE', #9273, #1523, #11245, .T. ) ;
#7542 = FACE_OUTER_BOUND ( 'NONE', #8745, .T. ) ;
#7543 = DIRECTION ( 'NONE',  ( 0.0000000000000000000, 1.000000000000000000, 0.0000000000000000000 ) ) ;
#7544 = SURFACE_STYLE_USAGE ( .BOTH. , #628 ) ;
#7545 = VERTEX_POINT ( 'NONE', #1547 ) ;
#7546 = EDGE_CURVE ( 'NONE', #11999, #9772, #5711, .T. ) ;
#7547 = PRESENTATION_LAYER_ASSIGNMENT (  '', '', ( #6220 ) ) ;
#7548 = SURFACE_STYLE_FILL_AREA ( #185 ) ;
#7549 = CARTESIAN_POINT ( 'NONE',  ( 0.1774300686216490897, 0.0000000000000000000, -0.4849978275935437066 ) ) ;
#7550 = ADVANCED_FACE ( 'NONE', ( #3369 ), #9491, .F. ) ;
#7551 = DIRECTION ( 'NONE',  ( 1.000000000000000000, 0.0000000000000000000, 0.0000000000000000000 ) ) ;
#7552 = DIRECTION ( 'NONE',  ( -1.000000000000000000, 0.0000000000000000000, 0.0000000000000000000 ) ) ;
#7553 = SURFACE_STYLE_USAGE ( .BOTH. , #641 ) ;
#7554 =( NAMED_UNIT ( * ) PLANE_ANGLE_UNIT ( ) SI_UNIT ( $, .RADIAN. ) );
#7555 = ORIENTED_EDGE ( 'NONE', *, *, #2849, .T. ) ;
#7556 = VERTEX_POINT ( 'NONE', #5523 ) ;
#7557 = CARTESIAN_POINT ( 'NONE',  ( -0.1774300686216491452, 0.1000000000000000056, -0.4849978275935435956 ) ) ;
#7558 = VECTOR ( 'NONE', #978, 1000.000000000000000 ) ;
#7559 = ORIENTED_EDGE ( 'NONE', *, *, #8985, .F. ) ;
#7560 = UNCERTAINTY_MEASURE_WITH_UNIT (LENGTH_MEASURE( 1.000000000000000082E-05 ), #969, 'distance_accuracy_value', 'NONE');
#7561 = CARTESIAN_POINT ( 'NONE',  ( 1.583302172406456876, 0.1000000000000000056, 0.1963566009016785296 ) ) ;
#7562 = CARTESIAN_POINT ( 'NONE',  ( 1.097630068621648913, 0.1000000000000000056, -0.4567978275935437038 ) ) ;
#7563 = LINE ( 'NONE', #4603, #9867 ) ;
#7564 = CARTESIAN_POINT ( 'NONE',  ( -1.296800000000000397, 0.09999999999999999167, 0.4823999999999999955 ) ) ;
#7565 = DIRECTION ( 'NONE',  ( 1.000000000000000000, 0.0000000000000000000, -7.556514767313163497E-17 ) ) ;
#7566 = EDGE_CURVE ( 'NONE', #11501, #3552, #10934, .T. ) ;
#7567 = CARTESIAN_POINT ( 'NONE',  ( -1.600000000000000311, 0.1000000000000000056, -0.04990000000000018032 ) ) ;
#7568 = ORIENTED_EDGE ( 'NONE', *, *, #4411, .T. ) ;
#7569 = CARTESIAN_POINT ( 'NONE',  ( 1.562027896215192335, 0.1000000000000000056, -0.1857361597196678649 ) ) ;
#7570 = EDGE_LOOP ( 'NONE', ( #9952, #11109, #6819, #6142 ) ) ;
#7571 = CARTESIAN_POINT ( 'NONE',  ( 1.300163347198079355, 0.09999999999999999167, -0.4874305275949878946 ) ) ;
#7572 = DIRECTION ( 'NONE',  ( 0.0000000000000000000, 0.0000000000000000000, 1.000000000000000000 ) ) ;
#7573 = EDGE_LOOP ( 'NONE', ( #8905, #9805, #8109, #6040 ) ) ;
#7574 =( NAMED_UNIT ( * ) SI_UNIT ( $, .STERADIAN. ) SOLID_ANGLE_UNIT ( ) );
#7575 = AXIS2_PLACEMENT_3D ( 'NONE', #7658, #1728, #8652 ) ;
#7576 = VERTEX_POINT ( 'NONE', #11460 ) ;
#7577 = EDGE_CURVE ( 'NONE', #4626, #4516, #8027, .T. ) ;
#7578 = EDGE_CURVE ( 'NONE', #8253, #8477, #8321, .T. ) ;
#7579 = VECTOR ( 'NONE', #12571, 1000.000000000000000 ) ;
#7580 = AXIS2_PLACEMENT_3D ( 'NONE', #12323, #6452, #503 ) ;
#7581 = CARTESIAN_POINT ( 'NONE',  ( -0.4797278962151925175, 0.0000000000000000000, 0.4976999999999999202 ) ) ;
#7582 = PRESENTATION_LAYER_ASSIGNMENT (  '', '', ( #5586 ) ) ;
#7583 = DIRECTION ( 'NONE',  ( 0.0000000000000000000, -1.000000000000000000, 0.0000000000000000000 ) ) ;
#7584 = VERTEX_POINT ( 'NONE', #5561 ) ;
#7585 = VERTEX_POINT ( 'NONE', #4611 ) ;
#7586 = ADVANCED_FACE ( 'NONE', ( #7722 ), #12496, .T. ) ;
#7587 = FACE_OUTER_BOUND ( 'NONE', #11416, .T. ) ;
#7588 = DIRECTION ( 'NONE',  ( 0.0000000000000000000, -1.000000000000000000, 0.0000000000000000000 ) ) ;
#7589 = SURFACE_STYLE_FILL_AREA ( #6842 ) ;
#7590 = ORIENTED_EDGE ( 'NONE', *, *, #3273, .F. ) ;
#7591 = SURFACE_STYLE_USAGE ( .BOTH. , #683 ) ;
#7592 = SURFACE_STYLE_FILL_AREA ( #737 ) ;
#7593 = CARTESIAN_POINT ( 'NONE',  ( -0.1624278962151925743, 0.0000000000000000000, 0.4826978275935432383 ) ) ;
#7594 =( LENGTH_UNIT ( ) NAMED_UNIT ( * ) SI_UNIT ( .MILLI., .METRE. ) );
#7595 = DIRECTION ( 'NONE',  ( 0.0000000000000000000, 0.0000000000000000000, 1.000000000000000000 ) ) ;
#7596 = ORIENTED_EDGE ( 'NONE', *, *, #4135, .F. ) ;
#7597 = AXIS2_PLACEMENT_3D ( 'NONE', #5125, #12025, #6128 ) ;
#7598 = CARTESIAN_POINT ( 'NONE',  ( 0.7009302143396286544, 0.0000000000000000000, 0.05229999999999977722 ) ) ;
#7599 = ORIENTED_EDGE ( 'NONE', *, *, #11276, .F. ) ;
#7600 = LINE ( 'NONE', #1659, #12515 ) ;
#7601 = ORIENTED_EDGE ( 'NONE', *, *, #5445, .F. ) ;
#7602 = AXIS2_PLACEMENT_3D ( 'NONE', #10850, #4973, #11867 ) ;
#7603 = ORIENTED_EDGE ( 'NONE', *, *, #487, .T. ) ;
#7604 = DIRECTION ( 'NONE',  ( 0.0000000000000000000, 0.0000000000000000000, -1.000000000000000000 ) ) ;
#7605 = AXIS2_PLACEMENT_3D ( 'NONE', #9384, #3468, #10344 ) ;
#7606 = CARTESIAN_POINT ( 'NONE',  ( 1.311172388391701915, 0.1000000000000000056, 0.4874532564923816369 ) ) ;
#7607 = SURFACE_STYLE_USAGE ( .BOTH. , #696 ) ;
#7608 = CARTESIAN_POINT ( 'NONE',  ( -1.299900000000000277, 0.5000000000000000000, -0.5000000000000002220 ) ) ;
#7609 =( NAMED_UNIT ( * ) SI_UNIT ( $, .STERADIAN. ) SOLID_ANGLE_UNIT ( ) );
#7610 =( LENGTH_UNIT ( ) NAMED_UNIT ( * ) SI_UNIT ( .MILLI., .METRE. ) );
#7611 = ADVANCED_FACE ( 'NONE', ( #9399 ), #3670, .T. ) ;
#7612 = ORIENTED_EDGE ( 'NONE', *, *, #3775, .F. ) ;
#7613 =( NAMED_UNIT ( * ) SI_UNIT ( $, .STERADIAN. ) SOLID_ANGLE_UNIT ( ) );
#7614 = ORIENTED_EDGE ( 'NONE', *, *, #7096, .F. ) ;
#7615 = PLANE ( 'NONE',  #2011 ) ;
#7616 = SURFACE_SIDE_STYLE ('',( #4413 ) ) ;
#7617 = DIRECTION ( 'NONE',  ( 1.000000000000000000, -0.0000000000000000000, 9.098841772336320612E-17 ) ) ;
#7618 = EDGE_CURVE ( 'NONE', #11124, #955, #929, .T. ) ;
#7619 = EDGE_CURVE ( 'NONE', #11182, #8481, #11073, .T. ) ;
#7620 = FACE_OUTER_BOUND ( 'NONE', #8044, .T. ) ;
#7621 = DIRECTION ( 'NONE',  ( 0.0000000000000000000, 0.0000000000000000000, -1.000000000000000000 ) ) ;
#7622 = CARTESIAN_POINT ( 'NONE',  ( -1.373961839504919347, 0.09999999999999999167, -0.3025999999999999801 ) ) ;
#7623 = EDGE_CURVE ( 'NONE', #6559, #10108, #5871, .T. ) ;
#7624 = CIRCLE ( 'NONE', #4205, 0.2891000000000000236 ) ;
#7625 = SURFACE_STYLE_USAGE ( .BOTH. , #724 ) ;
#7626 =( NAMED_UNIT ( * ) SI_UNIT ( $, .STERADIAN. ) SOLID_ANGLE_UNIT ( ) );
#7627 = ORIENTED_EDGE ( 'NONE', *, *, #11021, .T. ) ;
#7628 = CARTESIAN_POINT ( 'NONE',  ( -1.600000000000000311, 0.1000000000000000056, -0.04990000000000018032 ) ) ;
#7629 = ORIENTED_EDGE ( 'NONE', *, *, #3685, .F. ) ;
#7630 = CYLINDRICAL_SURFACE ( 'NONE', #6183, 0.01500217240645653274 ) ;
#7631 = FACE_OUTER_BOUND ( 'NONE', #1240, .T. ) ;
#7632 =( NAMED_UNIT ( * ) PLANE_ANGLE_UNIT ( ) SI_UNIT ( $, .RADIAN. ) );
#7633 = CARTESIAN_POINT ( 'NONE',  ( -0.1624278962151926298, 0.1000000000000000056, -0.4849978275935434846 ) ) ;
#7634 = DIRECTION ( 'NONE',  ( 0.0000000000000000000, 0.0000000000000000000, -1.000000000000000000 ) ) ;
#7635 = STYLED_ITEM ( 'NONE', ( #207 ), #2390 ) ;
#7636 = FILL_AREA_STYLE_COLOUR ( '', #1995 ) ;
#7637 = DIRECTION ( 'NONE',  ( -1.000000000000000000, -0.0000000000000000000, -0.0000000000000000000 ) ) ;
#7638 = LINE ( 'NONE', #6209, #12558 ) ;
#7639 = ORIENTED_EDGE ( 'NONE', *, *, #12708, .T. ) ;
#7640 = CIRCLE ( 'NONE', #9124, 0.01500217240645653274 ) ;
#7641 = CARTESIAN_POINT ( 'NONE',  ( 0.3502300686216490710, 0.1000000000000000056, -0.2003000000000002556 ) ) ;
#7642 = LINE ( 'NONE', #12490, #5026 ) ;
#7643 = ORIENTED_EDGE ( 'NONE', *, *, #1364, .F. ) ;
#7644 = ORIENTED_EDGE ( 'NONE', *, *, #6168, .T. ) ;
#7645 = LINE ( 'NONE', #10275, #1573 ) ;
#7646 = SURFACE_SIDE_STYLE ('',( #7592 ) ) ;
#7647 =( NAMED_UNIT ( * ) SI_UNIT ( $, .STERADIAN. ) SOLID_ANGLE_UNIT ( ) );
#7648 = SURFACE_SIDE_STYLE ('',( #435 ) ) ;
#7649 = FILL_AREA_STYLE ('',( #743 ) ) ;
#7650 = ADVANCED_FACE ( 'NONE', ( #10773 ), #4754, .T. ) ;
#7651 =( LENGTH_UNIT ( ) NAMED_UNIT ( * ) SI_UNIT ( .MILLI., .METRE. ) );
#7652 = VERTEX_POINT ( 'NONE', #2729 ) ;
#7653 =( GEOMETRIC_REPRESENTATION_CONTEXT ( 3 ) GLOBAL_UNCERTAINTY_ASSIGNED_CONTEXT ( ( #6627 ) ) GLOBAL_UNIT_ASSIGNED_CONTEXT ( ( #1144, #8036, #2115 ) ) REPRESENTATION_CONTEXT ( 'NONE', 'WORKASPACE' ) );
#7654 = DIRECTION ( 'NONE',  ( 0.0000000000000000000, -1.000000000000000000, 0.0000000000000000000 ) ) ;
#7655 = PRESENTATION_LAYER_ASSIGNMENT (  '', '', ( #6335 ) ) ;
#7656 = CARTESIAN_POINT ( 'NONE',  ( 1.021730214339628739, 0.1000000000000000056, 0.4999999999999993339 ) ) ;
#7657 = VECTOR ( 'NONE', #6790, 1000.000000000000000 ) ;
#7658 = CARTESIAN_POINT ( 'NONE',  ( 0.3175278962151924511, 0.1000000000000000056, 0.4870999999999998109 ) ) ;
#7659 = EDGE_CURVE ( 'NONE', #3358, #5771, #9861, .T. ) ;
#7660 = STYLED_ITEM ( 'NONE', ( #6979 ), #1140 ) ;
#7661 = ORIENTED_EDGE ( 'NONE', *, *, #1540, .F. ) ;
#7662 = DIRECTION ( 'NONE',  ( 0.0000000000000000000, -1.000000000000000000, 0.0000000000000000000 ) ) ;
#7663 = EDGE_LOOP ( 'NONE', ( #5743, #4294, #4327, #11368 ) ) ;
#7664 = AXIS2_PLACEMENT_3D ( 'NONE', #6219, #2228, #2272 ) ;
#7665 = ORIENTED_EDGE ( 'NONE', *, *, #6393, .F. ) ;
#7666 = CIRCLE ( 'NONE', #3784, 0.01500217240645647723 ) ;
#7667 = EDGE_CURVE ( 'NONE', #634, #2432, #12476, .T. ) ;
#7668 = EDGE_LOOP ( 'NONE', ( #1521, #8296, #8621, #8658 ) ) ;
#7669 = FILL_AREA_STYLE_COLOUR ( '', #3470 ) ;
#7670 = COLOUR_RGB ( '',1.000000000000000000, 1.000000000000000000, 1.000000000000000000 ) ;
#7671 = VECTOR ( 'NONE', #1334, 1000.000000000000000 ) ;
#7672 = CARTESIAN_POINT ( 'NONE',  ( 1.568300000000000249, 0.1000000000000000056, 0.1963566009016785296 ) ) ;
#7673 = CARTESIAN_POINT ( 'NONE',  ( -1.600000000000000311, 0.0000000000000000000, 0.05229999999999981192 ) ) ;
#7674 = DIRECTION ( 'NONE',  ( -0.0000000000000000000, -1.000000000000000000, -0.0000000000000000000 ) ) ;
#7675 = ORIENTED_EDGE ( 'NONE', *, *, #11054, .T. ) ;
#7676 = DIRECTION ( 'NONE',  ( 0.0000000000000000000, 0.0000000000000000000, -1.000000000000000000 ) ) ;
#7677 = DIRECTION ( 'NONE',  ( 0.0000000000000000000, 0.0000000000000000000, -1.000000000000000000 ) ) ;
#7678 = PRESENTATION_STYLE_ASSIGNMENT (( #12402 ) ) ;
#7679 = ORIENTED_EDGE ( 'NONE', *, *, #8827, .F. ) ;
#7680 = DIRECTION ( 'NONE',  ( 0.0000000000000000000, -1.000000000000000000, 0.0000000000000000000 ) ) ;
#7681 = AXIS2_PLACEMENT_3D ( 'NONE', #12039, #6141, #201 ) ;
#7682 = ADVANCED_FACE ( 'NONE', ( #2282 ), #8780, .T. ) ;
#7683 = SURFACE_STYLE_FILL_AREA ( #2600 ) ;
#7684 = AXIS2_PLACEMENT_3D ( 'NONE', #2198, #11069, #5186 ) ;
#7685 = CARTESIAN_POINT ( 'NONE',  ( -1.086202172406457001, 0.1000000000000000056, 0.4567978275935432597 ) ) ;
#7686 = FILL_AREA_STYLE ('',( #7636 ) ) ;
#7687 = FILL_AREA_STYLE ('',( #8635 ) ) ;
#7688 = DIRECTION ( 'NONE',  ( 0.0000000000000000000, -1.000000000000000000, 0.0000000000000000000 ) ) ;
#7689 = MECHANICAL_DESIGN_GEOMETRIC_PRESENTATION_REPRESENTATION (  '', ( #3702 ), #8323 ) ;
#7690 = CARTESIAN_POINT ( 'NONE',  ( -1.307400000000000118, 0.09999999999999999167, 0.5000000000000000000 ) ) ;
#7691 = VERTEX_POINT ( 'NONE', #12666 ) ;
#7692 = VECTOR ( 'NONE', #1746, 1000.000000000000000 ) ;
#7693 = EDGE_LOOP ( 'NONE', ( #5493, #7435, #10778, #8911 ) ) ;
#7694 = CARTESIAN_POINT ( 'NONE',  ( 0.7009302143396286544, 0.1000000000000000056, 0.05229999999999977722 ) ) ;
#7695 = DIRECTION ( 'NONE',  ( -0.0000000000000000000, 0.0000000000000000000, 1.000000000000000000 ) ) ;
#7696 = DIRECTION ( 'NONE',  ( -1.000000000000000000, 0.0000000000000000000, 0.0000000000000000000 ) ) ;
#7697 = EDGE_CURVE ( 'NONE', #11841, #3444, #7250, .T. ) ;
#7698 = VECTOR ( 'NONE', #5617, 1000.000000000000000 ) ;
#7699 = FILL_AREA_STYLE ('',( #777 ) ) ;
#7700 = DIRECTION ( 'NONE',  ( 0.0000000000000000000, 1.000000000000000000, -0.0000000000000000000 ) ) ;
#7701 = MECHANICAL_DESIGN_GEOMETRIC_PRESENTATION_REPRESENTATION (  '', ( #6385 ), #8338 ) ;
#7702 = MECHANICAL_DESIGN_GEOMETRIC_PRESENTATION_REPRESENTATION (  '', ( #6386 ), #8340 ) ;
#7703 = CARTESIAN_POINT ( 'NONE',  ( -0.3069278962151925083, 0.0000000000000000000, 0.4976999999999999202 ) ) ;
#7704 = UNCERTAINTY_MEASURE_WITH_UNIT (LENGTH_MEASURE( 1.000000000000000082E-05 ), #2662, 'distance_accuracy_value', 'NONE');
#7705 = DIRECTION ( 'NONE',  ( -0.0000000000000000000, 1.000000000000000000, -0.0000000000000000000 ) ) ;
#7706 = ORIENTED_EDGE ( 'NONE', *, *, #11611, .T. ) ;
#7707 = EDGE_CURVE ( 'NONE', #1121, #8654, #1988, .T. ) ;
#7708 = SURFACE_STYLE_USAGE ( .BOTH. , #790 ) ;
#7709 = CARTESIAN_POINT ( 'NONE',  ( -0.7009000000000003006, 0.1000000000000000056, 0.4999999999999997780 ) ) ;
#7710 = VERTEX_POINT ( 'NONE', #11734 ) ;
#7711 = DIRECTION ( 'NONE',  ( 0.7071067811865474617, 0.0000000000000000000, 0.7071067811865474617 ) ) ;
#7712 = PRESENTATION_STYLE_ASSIGNMENT (( #7015 ) ) ;
#7713 = DIRECTION ( 'NONE',  ( -0.0000000000000000000, -1.000000000000000000, -0.0000000000000000000 ) ) ;
#7714 = ORIENTED_EDGE ( 'NONE', *, *, #9068, .T. ) ;
#7715 = EDGE_CURVE ( 'NONE', #328, #1117, #12167, .T. ) ;
#7716 = FILL_AREA_STYLE ('',( #4732 ) ) ;
#7717 = DIRECTION ( 'NONE',  ( 0.0000000000000000000, -0.0000000000000000000, -1.000000000000000000 ) ) ;
#7718 = ADVANCED_FACE ( 'NONE', ( #4303 ), #12750, .F. ) ;
#7719 = AXIS2_PLACEMENT_3D ( 'NONE', #5431, #12326, #6456 ) ;
#7720 = ORIENTED_EDGE ( 'NONE', *, *, #9031, .T. ) ;
#7721 = ORIENTED_EDGE ( 'NONE', *, *, #5508, .F. ) ;
#7722 = FACE_OUTER_BOUND ( 'NONE', #2743, .T. ) ;
#7723 =( NAMED_UNIT ( * ) SI_UNIT ( $, .STERADIAN. ) SOLID_ANGLE_UNIT ( ) );
#7724 = CARTESIAN_POINT ( 'NONE',  ( 1.086202172406457001, 0.1000000000000000056, 0.4718000000000000527 ) ) ;
#7725 = ORIENTED_EDGE ( 'NONE', *, *, #6557, .F. ) ;
#7726 = DIRECTION ( 'NONE',  ( -1.000000000000000000, -0.0000000000000000000, -0.0000000000000000000 ) ) ;
#7727 = DIRECTION ( 'NONE',  ( 0.0000000000000000000, 0.0000000000000000000, -1.000000000000000000 ) ) ;
#7728 =( NAMED_UNIT ( * ) PLANE_ANGLE_UNIT ( ) SI_UNIT ( $, .RADIAN. ) );
#7729 = PRESENTATION_STYLE_ASSIGNMENT (( #3313 ) ) ;
#7730 = EDGE_CURVE ( 'NONE', #7100, #8764, #9547, .T. ) ;
#7731 = PLANE ( 'NONE',  #70 ) ;
#7732 = CIRCLE ( 'NONE', #5037, 0.01500217240645655876 ) ;
#7733 = ORIENTED_EDGE ( 'NONE', *, *, #11143, .T. ) ;
#7734 = VERTEX_POINT ( 'NONE', #1938 ) ;
#7735 = ORIENTED_EDGE ( 'NONE', *, *, #1413, .T. ) ;
#7736 =( LENGTH_UNIT ( ) NAMED_UNIT ( * ) SI_UNIT ( .MILLI., .METRE. ) );
#7737 = DIRECTION ( 'NONE',  ( 0.0000000000000000000, -1.000000000000000000, 0.0000000000000000000 ) ) ;
#7738 = DIRECTION ( 'NONE',  ( -0.0000000000000000000, -1.000000000000000000, -0.0000000000000000000 ) ) ;
#7739 = LINE ( 'NONE', #6111, #4795 ) ;
#7740 = DIRECTION ( 'NONE',  ( 0.0000000000000000000, -1.000000000000000000, 0.0000000000000000000 ) ) ;
#7741 = EDGE_CURVE ( 'NONE', #2274, #12513, #4008, .T. ) ;
#7742 = ORIENTED_EDGE ( 'NONE', *, *, #10118, .T. ) ;
#7743 = ADVANCED_FACE ( 'NONE', ( #9250 ), #6930, .T. ) ;
#7744 = DIRECTION ( 'NONE',  ( 5.601979127806940577E-17, 0.0000000000000000000, 1.000000000000000000 ) ) ;
#7745 = DIRECTION ( 'NONE',  ( 0.0000000000000000000, 0.0000000000000000000, -1.000000000000000000 ) ) ;
#7746 = UNCERTAINTY_MEASURE_WITH_UNIT (LENGTH_MEASURE( 1.000000000000000082E-05 ), #9392, 'distance_accuracy_value', 'NONE');
#7747 = EDGE_CURVE ( 'NONE', #10619, #9913, #10602, .T. ) ;
#7748 = DIRECTION ( 'NONE',  ( -0.0000000000000000000, 1.000000000000000000, -0.0000000000000000000 ) ) ;
#7749 = ORIENTED_EDGE ( 'NONE', *, *, #5577, .T. ) ;
#7750 = CARTESIAN_POINT ( 'NONE',  ( -0.1774300686216492007, 0.0000000000000000000, 0.4976999999999999202 ) ) ;
#7751 = VECTOR ( 'NONE', #5722, 1000.000000000000000 ) ;
#7752 = ORIENTED_EDGE ( 'NONE', *, *, #5464, .T. ) ;
#7753 = EDGE_CURVE ( 'NONE', #4791, #3098, #5695, .T. ) ;
#7754 = PRESENTATION_LAYER_ASSIGNMENT (  '', '', ( #8160 ) ) ;
#7755 = STYLED_ITEM ( 'NONE', ( #4919 ), #9394 ) ;
#7756 = ORIENTED_EDGE ( 'NONE', *, *, #39, .F. ) ;
#7757 = PRESENTATION_STYLE_ASSIGNMENT (( #5968 ) ) ;
#7758 = DIRECTION ( 'NONE',  ( 0.0000000000000000000, -0.0000000000000000000, 1.000000000000000000 ) ) ;
#7759 = AXIS2_PLACEMENT_3D ( 'NONE', #11463, #3578, #4580 ) ;
#7760 = PLANE ( 'NONE',  #4448 ) ;
#7761 = DIRECTION ( 'NONE',  ( 1.000000000000000000, 0.0000000000000000000, -5.601979127806940577E-17 ) ) ;
#7762 = DIRECTION ( 'NONE',  ( 0.0000000000000000000, -1.000000000000000000, 0.0000000000000000000 ) ) ;
#7763 = CARTESIAN_POINT ( 'NONE',  ( -1.600000000000000311, 0.1000000000000000056, 0.4999999999999995559 ) ) ;
#7764 = EDGE_CURVE ( 'NONE', #4596, #7851, #8018, .T. ) ;
#7765 = ORIENTED_EDGE ( 'NONE', *, *, #1894, .T. ) ;
#7766 = VECTOR ( 'NONE', #1787, 1000.000000000000000 ) ;
#7767 = ORIENTED_EDGE ( 'NONE', *, *, #9108, .F. ) ;
#7768 = VECTOR ( 'NONE', #4324, 1000.000000000000000 ) ;
#7769 = ORIENTED_EDGE ( 'NONE', *, *, #11395, .F. ) ;
#7770 =( NAMED_UNIT ( * ) SI_UNIT ( $, .STERADIAN. ) SOLID_ANGLE_UNIT ( ) );
#7771 = FILL_AREA_STYLE ('',( #6784 ) ) ;
#7772 = CARTESIAN_POINT ( 'NONE',  ( -1.300163347198079355, 0.1000000000000000056, -0.4874305275949878946 ) ) ;
#7773 = FACE_OUTER_BOUND ( 'NONE', #4137, .T. ) ;
#7774 = AXIS2_PLACEMENT_3D ( 'NONE', #8575, #2626, #9552 ) ;
#7775 = CARTESIAN_POINT ( 'NONE',  ( -1.300163347198079355, 0.1000000000000000056, -0.4874305275949878946 ) ) ;
#7776 = STYLED_ITEM ( 'NONE', ( #5845 ), #8175 ) ;
#7777 = DIRECTION ( 'NONE',  ( 0.0000000000000000000, 0.0000000000000000000, 1.000000000000000000 ) ) ;
#7778 = LINE ( 'NONE', #11973, #5139 ) ;
#7779 = VERTEX_POINT ( 'NONE', #2021 ) ;
#7780 = ORIENTED_EDGE ( 'NONE', *, *, #9769, .T. ) ;
#7781 = CARTESIAN_POINT ( 'NONE',  ( -1.582400000000000251, 0.5000000000000000000, 0.1968000000000001137 ) ) ;
#7782 = ORIENTED_EDGE ( 'NONE', *, *, #1912, .F. ) ;
#7783 = ADVANCED_FACE ( 'NONE', ( #2725 ), #5017, .T. ) ;
#7784 = CARTESIAN_POINT ( 'NONE',  ( -1.100000000000000755, 0.5000000000000000000, 0.5000000000000000000 ) ) ;
#7785 = PRESENTATION_STYLE_ASSIGNMENT (( #3079 ) ) ;
#7786 =( LENGTH_UNIT ( ) NAMED_UNIT ( * ) SI_UNIT ( .MILLI., .METRE. ) );
#7787 = VECTOR ( 'NONE', #11655, 1000.000000000000000 ) ;
#7788 = DIRECTION ( 'NONE',  ( 0.0000000000000000000, 0.0000000000000000000, 1.000000000000000000 ) ) ;
#7789 = DIRECTION ( 'NONE',  ( -0.7071067811865474617, -0.0000000000000000000, -0.7071067811865474617 ) ) ;
#7790 = CARTESIAN_POINT ( 'NONE',  ( 0.1774300686216490897, 0.1000000000000000056, 0.4976999999999998092 ) ) ;
#7791 = PLANE ( 'NONE',  #12303 ) ;
#7792 = ORIENTED_EDGE ( 'NONE', *, *, #5983, .F. ) ;
#7793 = EDGE_CURVE ( 'NONE', #7545, #4078, #9387, .T. ) ;
#7794 = DIRECTION ( 'NONE',  ( 0.0000000000000000000, -1.000000000000000000, 0.0000000000000000000 ) ) ;
#7795 = CARTESIAN_POINT ( 'NONE',  ( -0.3175278962151925066, 0.1000000000000000056, -0.08669782759354346946 ) ) ;
#7796 = EDGE_CURVE ( 'NONE', #11003, #801, #12018, .T. ) ;
#7797 = COLOUR_RGB ( '',0.0000000000000000000, 0.7529411764705882248, 0.0000000000000000000 ) ;
#7798 = VERTEX_POINT ( 'NONE', #1135 ) ;
#7799 = CARTESIAN_POINT ( 'NONE',  ( 0.3325300686216491330, 0.1000000000000000056, -0.08669782759354358048 ) ) ;
#7800 = ORIENTED_EDGE ( 'NONE', *, *, #643, .T. ) ;
#7801 = SURFACE_STYLE_FILL_AREA ( #3497 ) ;
#7802 = CARTESIAN_POINT ( 'NONE',  ( 0.3352278962151924446, 0.1000000000000000056, -0.2153021724064569098 ) ) ;
#7803 = ORIENTED_EDGE ( 'NONE', *, *, #264, .T. ) ;
#7804 = DIRECTION ( 'NONE',  ( 1.000000000000000000, 0.0000000000000000000, 0.0000000000000000000 ) ) ;
#7805 = CARTESIAN_POINT ( 'NONE',  ( 1.600000000000000311, 0.0000000000000000000, 0.5000000000000000000 ) ) ;
#7806 = DIRECTION ( 'NONE',  ( 3.141067797710766260E-15, -0.0000000000000000000, 1.000000000000000000 ) ) ;
#7807 = ORIENTED_EDGE ( 'NONE', *, *, #5902, .F. ) ;
#7808 = ORIENTED_EDGE ( 'NONE', *, *, #8104, .T. ) ;
#7809 = PRESENTATION_STYLE_ASSIGNMENT (( #1086 ) ) ;
#7810 = ADVANCED_FACE ( 'NONE', ( #11705 ), #7731, .F. ) ;
#7811 = AXIS2_PLACEMENT_3D ( 'NONE', #5307, #12213, #6327 ) ;
#7812 = ORIENTED_EDGE ( 'NONE', *, *, #3243, .F. ) ;
#7813 = DIRECTION ( 'NONE',  ( 1.000000000000000000, 0.0000000000000000000, -1.107775638063495441E-17 ) ) ;
#7814 = DIRECTION ( 'NONE',  ( 0.0000000000000000000, -1.000000000000000000, 0.0000000000000000000 ) ) ;
#7815 = EDGE_LOOP ( 'NONE', ( #5886, #11772, #2285, #10862 ) ) ;
#7816 = AXIS2_PLACEMENT_3D ( 'NONE', #3236, #10136, #4252 ) ;
#7817 =( NAMED_UNIT ( * ) SI_UNIT ( $, .STERADIAN. ) SOLID_ANGLE_UNIT ( ) );
#7818 = VERTEX_POINT ( 'NONE', #8950 ) ;
#7819 = UNCERTAINTY_MEASURE_WITH_UNIT (LENGTH_MEASURE( 1.000000000000000082E-05 ), #5942, 'distance_accuracy_value', 'NONE');
#7820 = LINE ( 'NONE', #11789, #8117 ) ;
#7821 = ORIENTED_EDGE ( 'NONE', *, *, #7011, .F. ) ;
#7822 = DIRECTION ( 'NONE',  ( -0.0000000000000000000, -0.0000000000000000000, 1.000000000000000000 ) ) ;
#7823 = LINE ( 'NONE', #9679, #10399 ) ;
#7824 = LINE ( 'NONE', #12409, #2524 ) ;
#7825 = EDGE_CURVE ( 'NONE', #2170, #5905, #9095, .T. ) ;
#7826 = CIRCLE ( 'NONE', #9042, 0.2009999999999999010 ) ;
#7827 = VERTEX_POINT ( 'NONE', #3982 ) ;
#7828 = ORIENTED_EDGE ( 'NONE', *, *, #2958, .F. ) ;
#7829 = DIRECTION ( 'NONE',  ( -1.000000000000000000, -0.0000000000000000000, -0.0000000000000000000 ) ) ;
#7830 = SURFACE_STYLE_USAGE ( .BOTH. , #922 ) ;
#7831 = COLOUR_RGB ( '',1.000000000000000000, 1.000000000000000000, 1.000000000000000000 ) ;
#7832 =( GEOMETRIC_REPRESENTATION_CONTEXT ( 3 ) GLOBAL_UNCERTAINTY_ASSIGNED_CONTEXT ( ( #268 ) ) GLOBAL_UNIT_ASSIGNED_CONTEXT ( ( #516, #7441, #1509 ) ) REPRESENTATION_CONTEXT ( 'NONE', 'WORKASPACE' ) );
#7833 = CARTESIAN_POINT ( 'NONE',  ( 0.1774300686216492007, 0.1000000000000000056, -0.5000000000000002220 ) ) ;
#7834 = VERTEX_POINT ( 'NONE', #4977 ) ;
#7835 = EDGE_CURVE ( 'NONE', #7652, #4646, #6484, .T. ) ;
#7836 = DIRECTION ( 'NONE',  ( 0.0000000000000000000, 1.000000000000000000, 0.0000000000000000000 ) ) ;
#7837 = FACE_OUTER_BOUND ( 'NONE', #5654, .T. ) ;
#7838 = AXIS2_PLACEMENT_3D ( 'NONE', #12219, #6342, #398 ) ;
#7839 = DIRECTION ( 'NONE',  ( -1.000000000000000000, -0.0000000000000000000, -0.0000000000000000000 ) ) ;
#7840 = DIRECTION ( 'NONE',  ( 0.0000000000000000000, -1.000000000000000000, 0.0000000000000000000 ) ) ;
#7841 = VERTEX_POINT ( 'NONE', #2024 ) ;
#7843 = COLOUR_RGB ( '',0.0000000000000000000, 0.7529411764705882248, 0.0000000000000000000 ) ;
#7842 = DIRECTION ( 'NONE',  ( 0.7071067811865493491, 0.0000000000000000000, 0.7071067811865456854 ) ) ;
#7844 = DIRECTION ( 'NONE',  ( -0.0000000000000000000, -0.0000000000000000000, -1.000000000000000000 ) ) ;
#7845 = FACE_OUTER_BOUND ( 'NONE', #4696, .T. ) ;
#7846 = DIRECTION ( 'NONE',  ( 0.0000000000000000000, -1.000000000000000000, 0.0000000000000000000 ) ) ;
#7847 = CARTESIAN_POINT ( 'NONE',  ( -1.600000000000000311, 0.5000000000000000000, -0.2990000000000001545 ) ) ;
#7848 = CARTESIAN_POINT ( 'NONE',  ( -0.3325300686216491330, 0.1000000000000000056, 0.09929999999999988836 ) ) ;
#7849 = ADVANCED_FACE ( 'NONE', ( #4145 ), #4024, .F. ) ;
#7850 = ORIENTED_EDGE ( 'NONE', *, *, #9345, .T. ) ;
#7851 = VERTEX_POINT ( 'NONE', #10852 ) ;
#7852 = AXIS2_PLACEMENT_3D ( 'NONE', #1929, #8853, #2902 ) ;
#7853 = STYLED_ITEM ( 'NONE', ( #8170 ), #7650 ) ;
#7854 = DIRECTION ( 'NONE',  ( 0.0000000000000000000, 0.0000000000000000000, 1.000000000000000000 ) ) ;
#7855 = ORIENTED_EDGE ( 'NONE', *, *, #9518, .F. ) ;
#7856 = PLANE ( 'NONE',  #657 ) ;
#7857 = DIRECTION ( 'NONE',  ( -0.0000000000000000000, 1.000000000000000000, -0.0000000000000000000 ) ) ;
#7858 = VECTOR ( 'NONE', #5358, 1000.000000000000000 ) ;
#7859 =( LENGTH_UNIT ( ) NAMED_UNIT ( * ) SI_UNIT ( .MILLI., .METRE. ) );
#7860 = MECHANICAL_DESIGN_GEOMETRIC_PRESENTATION_REPRESENTATION (  '', ( #6537 ), #8507 ) ;
#7861 = VERTEX_POINT ( 'NONE', #7021 ) ;
#7862 = CARTESIAN_POINT ( 'NONE',  ( 1.316595130599349295, 0.5000000000000000000, -0.4012999999999999901 ) ) ;
#7863 = LINE ( 'NONE', #4756, #2561 ) ;
#7864 =( LENGTH_UNIT ( ) NAMED_UNIT ( * ) SI_UNIT ( .MILLI., .METRE. ) );
#7865 = SURFACE_STYLE_FILL_AREA ( #6085 ) ;
#7866 = DIRECTION ( 'NONE',  ( 0.7071067811865493491, -0.0000000000000000000, 0.7071067811865456854 ) ) ;
#7867 = EDGE_CURVE ( 'NONE', #6511, #5350, #3844, .T. ) ;
#7868 = DIRECTION ( 'NONE',  ( -1.000000000000000000, -0.0000000000000000000, -0.0000000000000000000 ) ) ;
#7869 = ORIENTED_EDGE ( 'NONE', *, *, #11189, .F. ) ;
#7870 = EDGE_CURVE ( 'NONE', #11640, #8674, #8800, .T. ) ;
#7871 = CARTESIAN_POINT ( 'NONE',  ( -1.086202172406457001, 0.0000000000000000000, 0.4567978275935432597 ) ) ;
#7872 = AXIS2_PLACEMENT_3D ( 'NONE', #7562, #1641, #8549 ) ;
#7873 =( NAMED_UNIT ( * ) PLANE_ANGLE_UNIT ( ) SI_UNIT ( $, .RADIAN. ) );
#7874 = ORIENTED_EDGE ( 'NONE', *, *, #3935, .F. ) ;
#7875 = ADVANCED_FACE ( 'NONE', ( #11386 ), #10940, .F. ) ;
#7876 = ORIENTED_EDGE ( 'NONE', *, *, #2603, .F. ) ;
#7877 = CARTESIAN_POINT ( 'NONE',  ( -0.3325300686216490220, -0.0000000000000000000, -0.08669782759354358048 ) ) ;
#7878 = DIRECTION ( 'NONE',  ( 0.0000000000000000000, 0.0000000000000000000, 1.000000000000000000 ) ) ;
#7879 = ORIENTED_EDGE ( 'NONE', *, *, #9377, .F. ) ;
#7880 = EDGE_CURVE ( 'NONE', #5986, #11642, #6791, .T. ) ;
#7881 = CARTESIAN_POINT ( 'NONE',  ( 0.3325300686216492441, 0.1000000000000000056, -0.1017000000000001098 ) ) ;
#7882 = PLANE ( 'NONE',  #4356 ) ;
#7883 = LINE ( 'NONE', #8634, #2289 ) ;
#7884 = CARTESIAN_POINT ( 'NONE',  ( 1.600000000000000311, 0.0000000000000000000, 0.2108999999999999764 ) ) ;
#7885 = COLOUR_RGB ( '',0.9686274509803921573, 0.8784313725490195957, 0.5999999999999999778 ) ;
#7886 = VERTEX_POINT ( 'NONE', #1138 ) ;
#7887 = SURFACE_STYLE_USAGE ( .BOTH. , #982 ) ;
#7888 = EDGE_CURVE ( 'NONE', #3944, #4386, #912, .T. ) ;
#7889 = CARTESIAN_POINT ( 'NONE',  ( 1.299900000000000277, 0.09999999999999999167, -0.5000000000000002220 ) ) ;
#7890 = ORIENTED_EDGE ( 'NONE', *, *, #11430, .T. ) ;
#7891 = CARTESIAN_POINT ( 'NONE',  ( -0.3175278962151925066, 0.1000000000000000056, 0.4870999999999999219 ) ) ;
#7892 = AXIS2_PLACEMENT_3D ( 'NONE', #12763, #6899, #980 ) ;
#7893 = ORIENTED_EDGE ( 'NONE', *, *, #11351, .F. ) ;
#7894 = CARTESIAN_POINT ( 'NONE',  ( -1.311172388391701915, 0.1000000000000000056, 0.4874532564923810818 ) ) ;
#7895 =( LENGTH_UNIT ( ) NAMED_UNIT ( * ) SI_UNIT ( .MILLI., .METRE. ) );
#7896 = ORIENTED_EDGE ( 'NONE', *, *, #3554, .T. ) ;
#7897 = DIRECTION ( 'NONE',  ( 0.0000000000000000000, 1.000000000000000000, -0.0000000000000000000 ) ) ;
#7898 = CARTESIAN_POINT ( 'NONE',  ( -1.099400000000000377, 0.09999999999999999167, -0.3025999999999999801 ) ) ;
#7899 = DIRECTION ( 'NONE',  ( 0.0000000000000000000, -1.000000000000000000, 0.0000000000000000000 ) ) ;
#7900 = FILL_AREA_STYLE ('',( #9825 ) ) ;
#7901 = ORIENTED_EDGE ( 'NONE', *, *, #8954, .F. ) ;
#7902 = VERTEX_POINT ( 'NONE', #4103 ) ;
#7903 = SURFACE_SIDE_STYLE ('',( #1455 ) ) ;
#7904 = MECHANICAL_DESIGN_GEOMETRIC_PRESENTATION_REPRESENTATION (  '', ( #4582 ), #8555 ) ;
#7905 = ORIENTED_EDGE ( 'NONE', *, *, #10644, .F. ) ;
#7906 = EDGE_CURVE ( 'NONE', #9874, #3148, #5858, .T. ) ;
#7907 = AXIS2_PLACEMENT_3D ( 'NONE', #6792, #870, #7777 ) ;
#7908 = VECTOR ( 'NONE', #5603, 1000.000000000000114 ) ;
#7909 = SURFACE_SIDE_STYLE ('',( #1674 ) ) ;
#7910 = CARTESIAN_POINT ( 'NONE',  ( -0.3766000000000001569, 0.1000000000000000056, 0.05229999999999981886 ) ) ;
#7911 = PRESENTATION_LAYER_ASSIGNMENT (  '', '', ( #7244 ) ) ;
#7912 = ORIENTED_EDGE ( 'NONE', *, *, #2703, .F. ) ;
#7913 = CARTESIAN_POINT ( 'NONE',  ( -0.4691278962151925191, 0.0000000000000000000, 0.4870999999999999219 ) ) ;
#7914 = EDGE_CURVE ( 'NONE', #1592, #7010, #8467, .T. ) ;
#7915 = ORIENTED_EDGE ( 'NONE', *, *, #7140, .F. ) ;
#7916 = VECTOR ( 'NONE', #9894, 1000.000000000000000 ) ;
#7917 = VECTOR ( 'NONE', #3443, 1000.000000000000000 ) ;
#7918 = ORIENTED_EDGE ( 'NONE', *, *, #3071, .F. ) ;
#7919 = ORIENTED_EDGE ( 'NONE', *, *, #7157, .F. ) ;
#7920 = DIRECTION ( 'NONE',  ( 0.0000000000000000000, 0.0000000000000000000, -1.000000000000000000 ) ) ;
#7921 = CYLINDRICAL_SURFACE ( 'NONE', #7196, 0.01500217240645653274 ) ;
#7922 = CARTESIAN_POINT ( 'NONE',  ( -0.3325300686216490220, 0.1000000000000000056, -0.08669782759354358048 ) ) ;
#7923 = CARTESIAN_POINT ( 'NONE',  ( -1.600000000000000311, 0.09999999999999999167, 0.2074000000000001120 ) ) ;
#7924 =( NAMED_UNIT ( * ) SI_UNIT ( $, .STERADIAN. ) SOLID_ANGLE_UNIT ( ) );
#7925 = DIRECTION ( 'NONE',  ( 1.000000000000000000, 0.0000000000000000000, 0.0000000000000000000 ) ) ;
#7926 = PRESENTATION_LAYER_ASSIGNMENT (  '', '', ( #9239 ) ) ;
#7927 = ORIENTED_EDGE ( 'NONE', *, *, #4305, .F. ) ;
#7928 = COLOUR_RGB ( '',0.9686274509803921573, 0.8784313725490195957, 0.5999999999999999778 ) ;
#7929 = ORIENTED_EDGE ( 'NONE', *, *, #10345, .T. ) ;
#7930 = MECHANICAL_DESIGN_GEOMETRIC_PRESENTATION_REPRESENTATION (  '', ( #6615 ), #8588 ) ;
#7931 = DIRECTION ( 'NONE',  ( -0.0000000000000000000, 1.000000000000000000, -0.0000000000000000000 ) ) ;
#7932 = DIRECTION ( 'NONE',  ( 0.0000000000000000000, 0.0000000000000000000, -1.000000000000000000 ) ) ;
#7933 = CARTESIAN_POINT ( 'NONE',  ( 1.071200000000000374, 0.1000000000000000056, 0.1166021724064566778 ) ) ;
#7934 = EDGE_CURVE ( 'NONE', #7851, #4287, #11063, .T. ) ;
#7935 = LINE ( 'NONE', #12349, #10512 ) ;
#7936 = DIRECTION ( 'NONE',  ( 0.0000000000000000000, 0.0000000000000000000, 1.000000000000000000 ) ) ;
#7937 = ADVANCED_FACE ( 'NONE', ( #10445 ), #6945, .F. ) ;
#7938 = DIRECTION ( 'NONE',  ( 0.0000000000000000000, 0.0000000000000000000, -1.000000000000000000 ) ) ;
#7939 = CARTESIAN_POINT ( 'NONE',  ( 0.6304257238087360715, 0.1000000000000000056, 0.1143021724064564593 ) ) ;
#7940 = FACE_OUTER_BOUND ( 'NONE', #10030, .T. ) ;
#7941 = ORIENTED_EDGE ( 'NONE', *, *, #6188, .F. ) ;
#7942 = ORIENTED_EDGE ( 'NONE', *, *, #120, .T. ) ;
#7943 = EDGE_CURVE ( 'NONE', #12259, #2736, #12159, .T. ) ;
#7944 = FACE_OUTER_BOUND ( 'NONE', #12202, .T. ) ;
#7945 = DIRECTION ( 'NONE',  ( -4.843431639425975498E-16, -0.0000000000000000000, 1.000000000000000000 ) ) ;
#7946 = CIRCLE ( 'NONE', #2843, 0.2891000000000000236 ) ;
#7947 = LINE ( 'NONE', #5568, #346 ) ;
#7948 = STYLED_ITEM ( 'NONE', ( #10895 ), #8519 ) ;
#7949 =( GEOMETRIC_REPRESENTATION_CONTEXT ( 3 ) GLOBAL_UNCERTAINTY_ASSIGNED_CONTEXT ( ( #1110 ) ) GLOBAL_UNIT_ASSIGNED_CONTEXT ( ( #74, #7005, #1082 ) ) REPRESENTATION_CONTEXT ( 'NONE', 'WORKASPACE' ) );
#7950 = EDGE_CURVE ( 'NONE', #7902, #3836, #9536, .T. ) ;
#7951 = DIRECTION ( 'NONE',  ( -1.000000000000000000, -0.0000000000000000000, -4.179009298818627440E-17 ) ) ;
#7952 = PLANE ( 'NONE',  #10116 ) ;
#7953 = CARTESIAN_POINT ( 'NONE',  ( -1.316595130599349295, 0.09999999999999999167, -0.4012999999999999901 ) ) ;
#7954 = CARTESIAN_POINT ( 'NONE',  ( 0.3325300686216491330, 0.0000000000000000000, 0.08429782759354335908 ) ) ;
#7955 = FACE_OUTER_BOUND ( 'NONE', #4475, .T. ) ;
#7956 = ORIENTED_EDGE ( 'NONE', *, *, #4852, .T. ) ;
#7957 = FACE_OUTER_BOUND ( 'NONE', #12587, .T. ) ;
#7958 = SURFACE_STYLE_FILL_AREA ( #2476 ) ;
#7959 =( NAMED_UNIT ( * ) PLANE_ANGLE_UNIT ( ) SI_UNIT ( $, .RADIAN. ) );
#7960 = ORIENTED_EDGE ( 'NONE', *, *, #4375, .F. ) ;
#7961 = FILL_AREA_STYLE ('',( #52 ) ) ;
#7962 = ORIENTED_EDGE ( 'NONE', *, *, #1413, .F. ) ;
#7963 = EDGE_CURVE ( 'NONE', #6291, #340, #4599, .T. ) ;
#7964 = CARTESIAN_POINT ( 'NONE',  ( -1.296184350947589881, 0.1000000000000000056, 0.4868021724064562350 ) ) ;
#7965 = CARTESIAN_POINT ( 'NONE',  ( -1.562027896215192557, 0.0000000000000000000, -0.1857361597196679204 ) ) ;
#7966 = VECTOR ( 'NONE', #9006, 1000.000000000000114 ) ;
#7967 = CARTESIAN_POINT ( 'NONE',  ( 1.600000000000000311, 0.1000000000000000056, -0.5000000000000000000 ) ) ;
#7968 = EDGE_CURVE ( 'NONE', #5986, #9827, #1976, .T. ) ;
#7969 = UNCERTAINTY_MEASURE_WITH_UNIT (LENGTH_MEASURE( 1.000000000000000082E-05 ), #7895, 'distance_accuracy_value', 'NONE');
#7970 = EDGE_LOOP ( 'NONE', ( #2482, #375, #6260, #1921 ) ) ;
#7971 = AXIS2_PLACEMENT_3D ( 'NONE', #10005, #4111, #10988 ) ;
#7972 = SURFACE_STYLE_USAGE ( .BOTH. , #1069 ) ;
#7973 = ORIENTED_EDGE ( 'NONE', *, *, #7825, .F. ) ;
#7974 = LINE ( 'NONE', #12662, #2367 ) ;
#7975 = FACE_OUTER_BOUND ( 'NONE', #10686, .T. ) ;
#7976 = LINE ( 'NONE', #9190, #10236 ) ;
#7977 = ORIENTED_EDGE ( 'NONE', *, *, #1695, .T. ) ;
#7978 = PRESENTATION_STYLE_ASSIGNMENT (( #7070 ) ) ;
#7979 = UNCERTAINTY_MEASURE_WITH_UNIT (LENGTH_MEASURE( 1.000000000000000082E-05 ), #12180, 'distance_accuracy_value', 'NONE');
#7980 = VERTEX_POINT ( 'NONE', #5207 ) ;
#7981 = SURFACE_STYLE_USAGE ( .BOTH. , #1075 ) ;
#7982 = LINE ( 'NONE', #11347, #377 ) ;
#7983 = ORIENTED_EDGE ( 'NONE', *, *, #4223, .T. ) ;
#7984 = DIRECTION ( 'NONE',  ( -0.0000000000000000000, -0.0000000000000000000, 1.000000000000000000 ) ) ;
#7985 = ORIENTED_EDGE ( 'NONE', *, *, #2383, .T. ) ;
#7986 = AXIS2_PLACEMENT_3D ( 'NONE', #2693, #11606, #5704 ) ;
#7987 = LINE ( 'NONE', #6221, #10247 ) ;
#7988 = CARTESIAN_POINT ( 'NONE',  ( -1.600000000000000311, 0.09999999999999999167, 0.2074000000000001120 ) ) ;
#7989 = AXIS2_PLACEMENT_3D ( 'NONE', #7877, #1948, #8866 ) ;
#7990 = DIRECTION ( 'NONE',  ( 0.0000000000000000000, 1.000000000000000000, 0.0000000000000000000 ) ) ;
#7991 = VERTEX_POINT ( 'NONE', #8151 ) ;
#7992 =( LENGTH_UNIT ( ) NAMED_UNIT ( * ) SI_UNIT ( .MILLI., .METRE. ) );
#7993 = FACE_OUTER_BOUND ( 'NONE', #9599, .T. ) ;
#7994 = ORIENTED_EDGE ( 'NONE', *, *, #10679, .T. ) ;
#7995 = EDGE_CURVE ( 'NONE', #1675, #754, #6633, .T. ) ;
#7996 = UNCERTAINTY_MEASURE_WITH_UNIT (LENGTH_MEASURE( 1.000000000000000082E-05 ), #6038, 'distance_accuracy_value', 'NONE');
#7997 = VECTOR ( 'NONE', #12419, 1000.000000000000000 ) ;
#7998 =( NAMED_UNIT ( * ) PLANE_ANGLE_UNIT ( ) SI_UNIT ( $, .RADIAN. ) );
#7999 = CARTESIAN_POINT ( 'NONE',  ( -1.071200000000000374, 0.0000000000000000000, 0.1166021724064564002 ) ) ;
#8000 =( LENGTH_UNIT ( ) NAMED_UNIT ( * ) SI_UNIT ( .MILLI., .METRE. ) );
#8001 = FILL_AREA_STYLE ('',( #7023 ) ) ;
#8002 = ADVANCED_FACE ( 'NONE', ( #9238 ), #10591, .F. ) ;
#8003 = EDGE_CURVE ( 'NONE', #3247, #8596, #412, .T. ) ;
#8004 = AXIS2_PLACEMENT_3D ( 'NONE', #345, #10214, #4330 ) ;
#8005 = AXIS2_PLACEMENT_3D ( 'NONE', #8841, #2892, #9817 ) ;
#8006 = ORIENTED_EDGE ( 'NONE', *, *, #8224, .F. ) ;
#8007 = PRESENTATION_LAYER_ASSIGNMENT (  '', '', ( #6700 ) ) ;
#8008 = VERTEX_POINT ( 'NONE', #1329 ) ;
#8009 = CARTESIAN_POINT ( 'NONE',  ( -0.1624278962151926298, -0.0000000000000000000, -0.4849978275935434846 ) ) ;
#8010 = VECTOR ( 'NONE', #7300, 1000.000000000000000 ) ;
#8011 = DIRECTION ( 'NONE',  ( -0.0000000000000000000, -1.000000000000000000, -0.0000000000000000000 ) ) ;
#8012 = CARTESIAN_POINT ( 'NONE',  ( -0.3352278962151924446, 0.1000000000000000056, -0.2153021724064569098 ) ) ;
#8013 = CARTESIAN_POINT ( 'NONE',  ( -1.562027896215192557, 0.1000000000000000056, -0.1857361597196679204 ) ) ;
#8014 = ORIENTED_EDGE ( 'NONE', *, *, #12484, .F. ) ;
#8015 = VECTOR ( 'NONE', #10098, 1000.000000000000000 ) ;
#8016 = PRESENTATION_LAYER_ASSIGNMENT (  '', '', ( #7360 ) ) ;
#8017 = ORIENTED_EDGE ( 'NONE', *, *, #4427, .T. ) ;
#8018 = LINE ( 'NONE', #6970, #130 ) ;
#8019 = AXIS2_PLACEMENT_3D ( 'NONE', #9034, #2147, #7137 ) ;
#8020 = FILL_AREA_STYLE ('',( #3026 ) ) ;
#8021 = CARTESIAN_POINT ( 'NONE',  ( 0.1005151071698142246, 0.1000000000000000056, -0.4976000000000002643 ) ) ;
#8022 = VERTEX_POINT ( 'NONE', #8232 ) ;
#8023 = SURFACE_SIDE_STYLE ('',( #8518 ) ) ;
#8024 = FACE_OUTER_BOUND ( 'NONE', #12665, .T. ) ;
#8025 = CYLINDRICAL_SURFACE ( 'NONE', #3590, 0.3000999999999999779 ) ;
#8026 = VERTEX_POINT ( 'NONE', #6262 ) ;
#8027 = LINE ( 'NONE', #651, #5379 ) ;
#8028 = VERTEX_POINT ( 'NONE', #7254 ) ;
#8029 = EDGE_CURVE ( 'NONE', #4596, #5397, #2713, .T. ) ;
#8030 = CARTESIAN_POINT ( 'NONE',  ( -0.4691278962151925191, 0.1000000000000000056, 0.4870999999999999219 ) ) ;
#8031 = CARTESIAN_POINT ( 'NONE',  ( 1.299900000000000277, 0.09999999999999999167, 0.5000000000000002220 ) ) ;
#8032 = EDGE_CURVE ( 'NONE', #2684, #4318, #5357, .T. ) ;
#8033 = FACE_OUTER_BOUND ( 'NONE', #4173, .T. ) ;
#8034 = AXIS2_PLACEMENT_3D ( 'NONE', #5131, #12032, #6135 ) ;
#8035 = FACE_OUTER_BOUND ( 'NONE', #10790, .T. ) ;
#8036 =( NAMED_UNIT ( * ) PLANE_ANGLE_UNIT ( ) SI_UNIT ( $, .RADIAN. ) );
#8037 = VERTEX_POINT ( 'NONE', #4307 ) ;
#8038 = ORIENTED_EDGE ( 'NONE', *, *, #4380, .F. ) ;
#8039 = DIRECTION ( 'NONE',  ( -0.0000000000000000000, -1.000000000000000000, -0.0000000000000000000 ) ) ;
#8040 = ORIENTED_EDGE ( 'NONE', *, *, #5927, .T. ) ;
#8041 = DIRECTION ( 'NONE',  ( -0.0000000000000000000, -1.000000000000000000, -0.0000000000000000000 ) ) ;
#8042 = VECTOR ( 'NONE', #10917, 1000.000000000000000 ) ;
#8043 = FILL_AREA_STYLE ('',( #5074 ) ) ;
#8044 = EDGE_LOOP ( 'NONE', ( #171, #3006, #2190, #10238 ) ) ;
#8045 = ORIENTED_EDGE ( 'NONE', *, *, #8913, .T. ) ;
#8046 = DIRECTION ( 'NONE',  ( -0.0000000000000000000, -1.000000000000000000, -0.0000000000000000000 ) ) ;
#8047 = AXIS2_PLACEMENT_3D ( 'NONE', #111, #7045, #1125 ) ;
#8048 = FILL_AREA_STYLE ('',( #10956 ) ) ;
#8049 = UNCERTAINTY_MEASURE_WITH_UNIT (LENGTH_MEASURE( 1.000000000000000082E-05 ), #3852, 'distance_accuracy_value', 'NONE');
#8050 = ORIENTED_EDGE ( 'NONE', *, *, #12368, .F. ) ;
#8051 = ORIENTED_EDGE ( 'NONE', *, *, #3539, .F. ) ;
#8052 = CARTESIAN_POINT ( 'NONE',  ( 1.086202172406457001, 0.0000000000000000000, 0.1166021724064565668 ) ) ;
#8053 = ADVANCED_FACE ( 'NONE', ( #3033 ), #362, .T. ) ;
#8054 = ORIENTED_EDGE ( 'NONE', *, *, #2535, .T. ) ;
#8055 = VERTEX_POINT ( 'NONE', #6310 ) ;
#8056 = SURFACE_STYLE_FILL_AREA ( #4964 ) ;
#8057 =( NAMED_UNIT ( * ) PLANE_ANGLE_UNIT ( ) SI_UNIT ( $, .RADIAN. ) );
#8058 = SURFACE_STYLE_FILL_AREA ( #8446 ) ;
#8059 = DIRECTION ( 'NONE',  ( 0.0000000000000000000, -1.000000000000000000, 0.0000000000000000000 ) ) ;
#8060 = VERTEX_POINT ( 'NONE', #2384 ) ;
#8061 = FILL_AREA_STYLE ('',( #7086 ) ) ;
#8062 = ORIENTED_EDGE ( 'NONE', *, *, #2547, .F. ) ;
#8063 = LINE ( 'NONE', #6736, #808 ) ;
#8064 = EDGE_CURVE ( 'NONE', #1461, #1397, #4438, .T. ) ;
#8065 = ORIENTED_EDGE ( 'NONE', *, *, #11411, .F. ) ;
#8066 = STYLED_ITEM ( 'NONE', ( #10155 ), #1428 ) ;
#8067 = FACE_OUTER_BOUND ( 'NONE', #11820, .T. ) ;
#8068 = ORIENTED_EDGE ( 'NONE', *, *, #11922, .F. ) ;
#8069 = FILL_AREA_STYLE_COLOUR ( '', #3149 ) ;
#8070 = CARTESIAN_POINT ( 'NONE',  ( 1.578123678570672039, 0.1000000000000000056, -0.2006984187132973274 ) ) ;
#8071 = VECTOR ( 'NONE', #5354, 1000.000000000000000 ) ;
#8072 = PRESENTATION_LAYER_ASSIGNMENT (  '', '', ( #6772 ) ) ;
#8073 = DIRECTION ( 'NONE',  ( 0.0000000000000000000, -1.000000000000000000, 0.0000000000000000000 ) ) ;
#8074 = VECTOR ( 'NONE', #9008, 1000.000000000000000 ) ;
#8075 =( NAMED_UNIT ( * ) SI_UNIT ( $, .STERADIAN. ) SOLID_ANGLE_UNIT ( ) );
#8077 = DIRECTION ( 'NONE',  ( 0.0000000000000000000, 0.0000000000000000000, -1.000000000000000000 ) ) ;
#8076 = DIRECTION ( 'NONE',  ( -0.0000000000000000000, 1.000000000000000000, -0.0000000000000000000 ) ) ;
#8078 = EDGE_LOOP ( 'NONE', ( #438, #858, #8924, #644, #12592, #10950 ) ) ;
#8079 = FILL_AREA_STYLE_COLOUR ( '', #5312 ) ;
#8080 = ORIENTED_EDGE ( 'NONE', *, *, #9845, .F. ) ;
#8081 = VERTEX_POINT ( 'NONE', #4388 ) ;
#8082 = VECTOR ( 'NONE', #12758, 1000.000000000000000 ) ;
#8083 = DIRECTION ( 'NONE',  ( -0.0000000000000000000, -1.000000000000000000, -0.0000000000000000000 ) ) ;
#8084 = DIRECTION ( 'NONE',  ( 1.000000000000000000, 0.0000000000000000000, 0.0000000000000000000 ) ) ;
#8085 = SURFACE_STYLE_FILL_AREA ( #4801 ) ;
#8086 =( GEOMETRIC_REPRESENTATION_CONTEXT ( 3 ) GLOBAL_UNCERTAINTY_ASSIGNED_CONTEXT ( ( #6397 ) ) GLOBAL_UNIT_ASSIGNED_CONTEXT ( ( #552, #7472, #1541 ) ) REPRESENTATION_CONTEXT ( 'NONE', 'WORKASPACE' ) );
#8087 = DIRECTION ( 'NONE',  ( 0.0000000000000000000, -1.000000000000000000, 0.0000000000000000000 ) ) ;
#8088 = AXIS2_PLACEMENT_3D ( 'NONE', #1464, #9363, #7398 ) ;
#8089 = DIRECTION ( 'NONE',  ( 0.0000000000000000000, 0.0000000000000000000, -1.000000000000000000 ) ) ;
#8090 = CARTESIAN_POINT ( 'NONE',  ( 1.600000000000000311, 0.1000000000000000056, 0.5000000000000000000 ) ) ;
#8091 = VERTEX_POINT ( 'NONE', #9315 ) ;
#8092 = CYLINDRICAL_SURFACE ( 'NONE', #7759, 0.2891000000000000791 ) ;
#8093 = ORIENTED_EDGE ( 'NONE', *, *, #7376, .F. ) ;
#8094 = VECTOR ( 'NONE', #7368, 1000.000000000000000 ) ;
#8095 = CARTESIAN_POINT ( 'NONE',  ( 0.0000000000000000000, 0.1000000000000000056, 0.0000000000000000000 ) ) ;
#8096 = ORIENTED_EDGE ( 'NONE', *, *, #12153, .T. ) ;
#8097 = SURFACE_STYLE_USAGE ( .BOTH. , #1201 ) ;
#8098 = LINE ( 'NONE', #4193, #5467 ) ;
#8099 = VERTEX_POINT ( 'NONE', #2341 ) ;
#8100 =( LENGTH_UNIT ( ) NAMED_UNIT ( * ) SI_UNIT ( .MILLI., .METRE. ) );
#8101 = EDGE_CURVE ( 'NONE', #9973, #4646, #4134, .T. ) ;
#8102 = PLANE ( 'NONE',  #8937 ) ;
#8103 = VECTOR ( 'NONE', #6147, 1000.000000000000000 ) ;
#8104 = EDGE_CURVE ( 'NONE', #12471, #4931, #12007, .T. ) ;
#8105 = VERTEX_POINT ( 'NONE', #12273 ) ;
#8106 = LINE ( 'NONE', #1048, #528 ) ;
#8107 =( GEOMETRIC_REPRESENTATION_CONTEXT ( 3 ) GLOBAL_UNCERTAINTY_ASSIGNED_CONTEXT ( ( #1094 ) ) GLOBAL_UNIT_ASSIGNED_CONTEXT ( ( #4778, #11669, #5776 ) ) REPRESENTATION_CONTEXT ( 'NONE', 'WORKASPACE' ) );
#8108 = COLOUR_RGB ( '',0.9686274509803921573, 0.8784313725490195957, 0.5999999999999999778 ) ;
#8109 = ORIENTED_EDGE ( 'NONE', *, *, #10219, .F. ) ;
#8110 = ORIENTED_EDGE ( 'NONE', *, *, #7298, .T. ) ;
#8111 = VECTOR ( 'NONE', #12040, 1000.000000000000000 ) ;
#8112 = EDGE_CURVE ( 'NONE', #3072, #7010, #11693, .T. ) ;
#8113 = FILL_AREA_STYLE ('',( #8069 ) ) ;
#8114 = CARTESIAN_POINT ( 'NONE',  ( -0.3175278962151925066, 0.0000000000000000000, 0.08429782759354324806 ) ) ;
#8115 = ORIENTED_EDGE ( 'NONE', *, *, #2455, .F. ) ;
#8116 = CARTESIAN_POINT ( 'NONE',  ( -0.3069278962151925083, 0.0000000000000000000, 0.4976999999999999202 ) ) ;
#8117 = VECTOR ( 'NONE', #8870, 1000.000000000000000 ) ;
#8118 = ORIENTED_EDGE ( 'NONE', *, *, #9041, .F. ) ;
#8119 = ADVANCED_FACE ( 'NONE', ( #3833 ), #1452, .F. ) ;
#8120 = EDGE_CURVE ( 'NONE', #8949, #11081, #11369, .T. ) ;
#8121 = VERTEX_POINT ( 'NONE', #496 ) ;
#8122 = DIRECTION ( 'NONE',  ( 0.0000000000000000000, -1.000000000000000000, 0.0000000000000000000 ) ) ;
#8123 = FACE_OUTER_BOUND ( 'NONE', #10170, .T. ) ;
#8124 = AXIS2_PLACEMENT_3D ( 'NONE', #3668, #2644, #8644 ) ;
#8125 = SURFACE_SIDE_STYLE ('',( #8737 ) ) ;
#8126 = LINE ( 'NONE', #5637, #10721 ) ;
#8127 = CARTESIAN_POINT ( 'NONE',  ( 1.310900000000000176, 0.0000000000000000000, 0.5000000000000000000 ) ) ;
#8128 = DIRECTION ( 'NONE',  ( 0.0000000000000000000, 0.0000000000000000000, -1.000000000000000000 ) ) ;
#8129 = ORIENTED_EDGE ( 'NONE', *, *, #11770, .F. ) ;
#8130 = DIRECTION ( 'NONE',  ( 1.000000000000000000, -0.0000000000000000000, -0.0000000000000000000 ) ) ;
#8131 = VECTOR ( 'NONE', #9186, 1000.000000000000000 ) ;
#8132 = PRESENTATION_STYLE_ASSIGNMENT (( #5750 ) ) ;
#8133 = CARTESIAN_POINT ( 'NONE',  ( 0.3175278962151926176, 0.0000000000000000000, -0.08669782759354346946 ) ) ;
#8134 = ORIENTED_EDGE ( 'NONE', *, *, #12336, .T. ) ;
#8135 = LINE ( 'NONE', #4915, #244 ) ;
#8136 =( LENGTH_UNIT ( ) NAMED_UNIT ( * ) SI_UNIT ( .MILLI., .METRE. ) );
#8137 = CYLINDRICAL_SURFACE ( 'NONE', #5165, 0.01500217240645655876 ) ;
#8138 =( GEOMETRIC_REPRESENTATION_CONTEXT ( 3 ) GLOBAL_UNCERTAINTY_ASSIGNED_CONTEXT ( ( #4098 ) ) GLOBAL_UNIT_ASSIGNED_CONTEXT ( ( #8153, #2225, #9149 ) ) REPRESENTATION_CONTEXT ( 'NONE', 'WORKASPACE' ) );
#8139 = UNCERTAINTY_MEASURE_WITH_UNIT (LENGTH_MEASURE( 1.000000000000000082E-05 ), #6669, 'distance_accuracy_value', 'NONE');
#8140 = EDGE_CURVE ( 'NONE', #2216, #3600, #1204, .T. ) ;
#8141 = CARTESIAN_POINT ( 'NONE',  ( 1.086202172406457001, 0.1000000000000000056, 0.4718000000000000527 ) ) ;
#8142 = VECTOR ( 'NONE', #4857, 1000.000000000000000 ) ;
#8143 = CARTESIAN_POINT ( 'NONE',  ( 1.600000000000000311, 0.09999999999999999167, -0.2990000000000000990 ) ) ;
#8144 = DIRECTION ( 'NONE',  ( 0.0000000000000000000, 0.0000000000000000000, -1.000000000000000000 ) ) ;
#8145 = VERTEX_POINT ( 'NONE', #3474 ) ;
#8146 = EDGE_CURVE ( 'NONE', #8654, #2996, #8786, .T. ) ;
#8147 = ORIENTED_EDGE ( 'NONE', *, *, #1934, .F. ) ;
#8148 = CARTESIAN_POINT ( 'NONE',  ( -0.3352278962151925557, 0.1000000000000000056, -0.4849978275935435956 ) ) ;
#8149 = LINE ( 'NONE', #3334, #10440 ) ;
#8150 = DIRECTION ( 'NONE',  ( -1.000000000000000000, 0.0000000000000000000, 9.098841772336316914E-17 ) ) ;
#8151 = CARTESIAN_POINT ( 'NONE',  ( 0.1774300686216492007, 0.0000000000000000000, -0.5000000000000002220 ) ) ;
#8152 = VERTEX_POINT ( 'NONE', #9390 ) ;
#8153 =( LENGTH_UNIT ( ) NAMED_UNIT ( * ) SI_UNIT ( .MILLI., .METRE. ) );
#8154 = LINE ( 'NONE', #1763, #10754 ) ;
#8155 = SURFACE_STYLE_FILL_AREA ( #10028 ) ;
#8156 = AXIS2_PLACEMENT_3D ( 'NONE', #385, #7320, #1388 ) ;
#8158 = CARTESIAN_POINT ( 'NONE',  ( -1.082627896215192509, 0.1000000000000000056, -0.2153021724064568543 ) ) ;
#8157 = CARTESIAN_POINT ( 'NONE',  ( 1.086202172406457001, 0.1000000000000000056, 0.4718000000000000527 ) ) ;
#8159 = AXIS2_PLACEMENT_3D ( 'NONE', #11871, #5987, #43 ) ;
#8160 = STYLED_ITEM ( 'NONE', ( #3399 ), #4404 ) ;
#8161 =( NAMED_UNIT ( * ) SI_UNIT ( $, .STERADIAN. ) SOLID_ANGLE_UNIT ( ) );
#8162 = VECTOR ( 'NONE', #2053, 1000.000000000000000 ) ;
#8163 = CYLINDRICAL_SURFACE ( 'NONE', #722, 1.104999999999999982 ) ;
#8164 = EDGE_CURVE ( 'NONE', #1117, #6559, #901, .T. ) ;
#8165 = DIRECTION ( 'NONE',  ( 0.0000000000000000000, -1.000000000000000000, 0.0000000000000000000 ) ) ;
#8166 = ORIENTED_EDGE ( 'NONE', *, *, #614, .T. ) ;
#8167 = CARTESIAN_POINT ( 'NONE',  ( 0.1624278962151925743, 0.1000000000000000056, -0.4849978275935435956 ) ) ;
#8168 = EDGE_LOOP ( 'NONE', ( #3027, #3056, #3463, #11509 ) ) ;
#8169 = ORIENTED_EDGE ( 'NONE', *, *, #4461, .T. ) ;
#8170 = PRESENTATION_STYLE_ASSIGNMENT (( #822 ) ) ;
#8171 = CARTESIAN_POINT ( 'NONE',  ( -1.600000000000000311, 0.0000000000000000000, 0.4999999999999995559 ) ) ;
#8172 = ORIENTED_EDGE ( 'NONE', *, *, #12396, .T. ) ;
#8173 = CARTESIAN_POINT ( 'NONE',  ( 0.1005151071698142246, 0.0000000000000000000, 0.4999999999999997780 ) ) ;
#8174 = EDGE_CURVE ( 'NONE', #1719, #12181, #3505, .T. ) ;
#8175 = ADVANCED_FACE ( 'NONE', ( #8458 ), #10406, .T. ) ;
#8176 = LINE ( 'NONE', #2827, #285 ) ;
#8177 = PRESENTATION_LAYER_ASSIGNMENT (  '', '', ( #6882 ) ) ;
#8178 = AXIS2_PLACEMENT_3D ( 'NONE', #6708, #2722, #9653 ) ;
#8179 = SURFACE_STYLE_FILL_AREA ( #5437 ) ;
#8180 = PLANE ( 'NONE',  #952 ) ;
#8181 = VERTEX_POINT ( 'NONE', #4517 ) ;
#8182 = DIRECTION ( 'NONE',  ( 0.7071067811865474617, 0.0000000000000000000, -0.7071067811865474617 ) ) ;
#8183 = ORIENTED_EDGE ( 'NONE', *, *, #12512, .F. ) ;
#8184 = UNCERTAINTY_MEASURE_WITH_UNIT (LENGTH_MEASURE( 1.000000000000000082E-05 ), #6782, 'distance_accuracy_value', 'NONE');
#8185 = ORIENTED_EDGE ( 'NONE', *, *, #8064, .F. ) ;
#8186 = EDGE_CURVE ( 'NONE', #7501, #10946, #7537, .T. ) ;
#8187 = EDGE_LOOP ( 'NONE', ( #4263, #9775, #11499, #12415, #10703, #8659 ) ) ;
#8188 = EDGE_CURVE ( 'NONE', #10537, #8253, #12753, .T. ) ;
#8189 = FILL_AREA_STYLE_COLOUR ( '', #10836 ) ;
#8190 = FILL_AREA_STYLE ('',( #7217 ) ) ;
#8191 = VERTEX_POINT ( 'NONE', #639 ) ;
#8192 = CARTESIAN_POINT ( 'NONE',  ( 0.3502300686216490710, 0.1000000000000000056, -0.2003000000000002556 ) ) ;
#8193 = ORIENTED_EDGE ( 'NONE', *, *, #7867, .F. ) ;
#8194 = EDGE_CURVE ( 'NONE', #8022, #3778, #4912, .T. ) ;
#8195 = MECHANICAL_DESIGN_GEOMETRIC_PRESENTATION_REPRESENTATION (  '', ( #6220 ), #8875 ) ;
#8196 = ORIENTED_EDGE ( 'NONE', *, *, #3005, .F. ) ;
#8197 = PRESENTATION_STYLE_ASSIGNMENT (( #2098 ) ) ;
#8198 = CARTESIAN_POINT ( 'NONE',  ( 1.600000000000000311, 0.5000000000000000000, 0.2990000000000001545 ) ) ;
#8199 = CYLINDRICAL_SURFACE ( 'NONE', #75, 0.01500217240645655876 ) ;
#8200 = DIRECTION ( 'NONE',  ( 0.0000000000000000000, -1.000000000000000000, 0.0000000000000000000 ) ) ;
#8201 = ORIENTED_EDGE ( 'NONE', *, *, #3592, .F. ) ;
#8202 = CARTESIAN_POINT ( 'NONE',  ( -1.086202172406457001, 0.1000000000000000056, 0.4717999999999998306 ) ) ;
#8203 = CARTESIAN_POINT ( 'NONE',  ( -0.3502300686216489600, 0.1000000000000000056, -0.2153021724064567988 ) ) ;
#8204 = ORIENTED_EDGE ( 'NONE', *, *, #5061, .F. ) ;
#8205 = LINE ( 'NONE', #2887, #10817 ) ;
#8206 = STYLED_ITEM ( 'NONE', ( #10189 ), #11408 ) ;
#8207 = ORIENTED_EDGE ( 'NONE', *, *, #3976, .F. ) ;
#8208 = ORIENTED_EDGE ( 'NONE', *, *, #12782, .F. ) ;
#8209 = CARTESIAN_POINT ( 'NONE',  ( -0.1774300686216492284, 0.1000000000000000056, -0.5000000000000001110 ) ) ;
#8210 = AXIS2_PLACEMENT_3D ( 'NONE', #10431, #4541, #11433 ) ;
#8211 = CIRCLE ( 'NONE', #4528, 0.3000999999999999779 ) ;
#8212 = EDGE_CURVE ( 'NONE', #12072, #7181, #9837, .T. ) ;
#8213 = SURFACE_SIDE_STYLE ('',( #2071 ) ) ;
#8214 = ORIENTED_EDGE ( 'NONE', *, *, #7060, .F. ) ;
#8215 = CARTESIAN_POINT ( 'NONE',  ( 0.3766302143396287327, 0.1000000000000000056, -0.04990000000000016644 ) ) ;
#8216 = VECTOR ( 'NONE', #4240, 1000.000000000000000 ) ;
#8217 = ORIENTED_EDGE ( 'NONE', *, *, #4184, .T. ) ;
#8218 = CARTESIAN_POINT ( 'NONE',  ( 1.562027896215192557, 0.0000000000000000000, -0.1167021724064567917 ) ) ;
#8219 = CARTESIAN_POINT ( 'NONE',  ( -1.097630068621648913, -0.0000000000000000000, -0.4718000000000002192 ) ) ;
#8220 = VECTOR ( 'NONE', #5195, 1000.000000000000000 ) ;
#8221 = DIRECTION ( 'NONE',  ( -0.0000000000000000000, -0.0000000000000000000, 1.000000000000000000 ) ) ;
#8222 = SURFACE_STYLE_FILL_AREA ( #12154 ) ;
#8223 = AXIS2_PLACEMENT_3D ( 'NONE', #12635, #6764, #831 ) ;
#8224 = EDGE_CURVE ( 'NONE', #5648, #11036, #1964, .T. ) ;
#8225 = EDGE_CURVE ( 'NONE', #1624, #4865, #12151, .T. ) ;
#8226 = AXIS2_PLACEMENT_3D ( 'NONE', #12449, #6565, #636 ) ;
#8227 = AXIS2_PLACEMENT_3D ( 'NONE', #3435, #10314, #4439 ) ;
#8228 =( NAMED_UNIT ( * ) PLANE_ANGLE_UNIT ( ) SI_UNIT ( $, .RADIAN. ) );
#8229 = CYLINDRICAL_SURFACE ( 'NONE', #224, 0.01500217240645658652 ) ;
#8230 =( NAMED_UNIT ( * ) SI_UNIT ( $, .STERADIAN. ) SOLID_ANGLE_UNIT ( ) );
#8231 = MECHANICAL_DESIGN_GEOMETRIC_PRESENTATION_REPRESENTATION (  '', ( #5586 ), #8923 ) ;
#8232 = CARTESIAN_POINT ( 'NONE',  ( -0.6304257238087359605, 0.0000000000000000000, 0.09929999999999991611 ) ) ;
#8233 = CARTESIAN_POINT ( 'NONE',  ( -1.296184350947589881, 0.0000000000000000000, 0.4717999999999997196 ) ) ;
#8234 = ORIENTED_EDGE ( 'NONE', *, *, #10982, .F. ) ;
#8235 = FACE_OUTER_BOUND ( 'NONE', #6170, .T. ) ;
#8236 = ORIENTED_EDGE ( 'NONE', *, *, #5283, .T. ) ;
#8237 = ADVANCED_FACE ( 'NONE', ( #1653 ), #8289, .F. ) ;
#8238 = LINE ( 'NONE', #2731, #344 ) ;
#8239 = LINE ( 'NONE', #8470, #680 ) ;
#8241 = DIRECTION ( 'NONE',  ( -0.7071067811865475727, 0.0000000000000000000, 0.7071067811865475727 ) ) ;
#8240 = CARTESIAN_POINT ( 'NONE',  ( 1.071200000000000374, 0.0000000000000000000, 0.1166021724064566778 ) ) ;
#8242 = CARTESIAN_POINT ( 'NONE',  ( -0.4691278962151925191, 0.0000000000000000000, 0.4800999999999999157 ) ) ;
#8243 = PLANE ( 'NONE',  #5404 ) ;
#8244 = AXIS2_PLACEMENT_3D ( 'NONE', #234, #7165, #1242 ) ;
#8245 = DIRECTION ( 'NONE',  ( 0.0000000000000000000, 1.000000000000000000, 0.0000000000000000000 ) ) ;
#8246 = CIRCLE ( 'NONE', #9968, 0.3001000000000000334 ) ;
#8247 = CARTESIAN_POINT ( 'NONE',  ( 1.099400000000000377, 0.09999999999999999167, -0.4012999999999999901 ) ) ;
#8248 = VERTEX_POINT ( 'NONE', #8633 ) ;
#8249 = PRESENTATION_LAYER_ASSIGNMENT (  '', '', ( #6958 ) ) ;
#8250 = SURFACE_SIDE_STYLE ('',( #5274 ) ) ;
#8251 = EDGE_LOOP ( 'NONE', ( #3228, #1306, #995, #6101 ) ) ;
#8252 = DIRECTION ( 'NONE',  ( -0.0000000000000000000, -1.000000000000000000, 0.0000000000000000000 ) ) ;
#8253 = VERTEX_POINT ( 'NONE', #2681 ) ;
#8254 = PRESENTATION_LAYER_ASSIGNMENT (  '', '', ( #6963 ) ) ;
#8255 = FACE_OUTER_BOUND ( 'NONE', #8680, .T. ) ;
#8256 = DIRECTION ( 'NONE',  ( 0.0000000000000000000, -1.000000000000000000, 0.0000000000000000000 ) ) ;
#8257 = ORIENTED_EDGE ( 'NONE', *, *, #11830, .F. ) ;
#8258 = DIRECTION ( 'NONE',  ( 0.0000000000000000000, 0.0000000000000000000, 1.000000000000000000 ) ) ;
#8259 = VECTOR ( 'NONE', #2924, 1000.000000000000000 ) ;
#8260 = ORIENTED_EDGE ( 'NONE', *, *, #7659, .F. ) ;
#8261 = LINE ( 'NONE', #6623, #369 ) ;
#8262 = DIRECTION ( 'NONE',  ( 0.0000000000000000000, 0.0000000000000000000, 1.000000000000000000 ) ) ;
#8263 = LINE ( 'NONE', #10111, #11492 ) ;
#8264 = VERTEX_POINT ( 'NONE', #7593 ) ;
#8265 = CARTESIAN_POINT ( 'NONE',  ( -0.7009000000000003006, 0.1000000000000000056, 0.4999999999999997780 ) ) ;
#8266 = ORIENTED_EDGE ( 'NONE', *, *, #11236, .F. ) ;
#8267 = CYLINDRICAL_SURFACE ( 'NONE', #2778, 0.01500217240645653274 ) ;
#8268 = ORIENTED_EDGE ( 'NONE', *, *, #9222, .T. ) ;
#8269 = ORIENTED_EDGE ( 'NONE', *, *, #5715, .F. ) ;
#8270 = EDGE_CURVE ( 'NONE', #12306, #6283, #3336, .T. ) ;
#8271 = DIRECTION ( 'NONE',  ( 0.0000000000000000000, 0.0000000000000000000, -1.000000000000000000 ) ) ;
#8272 = EDGE_CURVE ( 'NONE', #10829, #9137, #6007, .T. ) ;
#8273 = ORIENTED_EDGE ( 'NONE', *, *, #9347, .F. ) ;
#8274 = CARTESIAN_POINT ( 'NONE',  ( 1.082627896215192509, 0.1000000000000000056, -0.2153021724064568543 ) ) ;
#8275 = ORIENTED_EDGE ( 'NONE', *, *, #9677, .T. ) ;
#8276 = AXIS2_PLACEMENT_3D ( 'NONE', #1939, #8859, #2908 ) ;
#8277 = PRESENTATION_STYLE_ASSIGNMENT (( #3000 ) ) ;
#8278 = EDGE_CURVE ( 'NONE', #3689, #8707, #5674, .T. ) ;
#8279 = ORIENTED_EDGE ( 'NONE', *, *, #8302, .T. ) ;
#8280 = DIRECTION ( 'NONE',  ( 0.0000000000000000000, -1.000000000000000000, 0.0000000000000000000 ) ) ;
#8281 = SURFACE_SIDE_STYLE ('',( #12575 ) ) ;
#8282 = FACE_OUTER_BOUND ( 'NONE', #10470, .T. ) ;
#8284 = DIRECTION ( 'NONE',  ( -0.0000000000000000000, -1.000000000000000000, -0.0000000000000000000 ) ) ;
#8283 = PLANE ( 'NONE',  #1456 ) ;
#8285 = FACE_OUTER_BOUND ( 'NONE', #7573, .T. ) ;
#8286 = COLOUR_RGB ( '',0.9686274509803921573, 0.8784313725490195957, 0.5999999999999999778 ) ;
#8287 = PRESENTATION_LAYER_ASSIGNMENT (  '', '', ( #7635 ) ) ;
#8288 = DIRECTION ( 'NONE',  ( 0.0000000000000000000, -1.000000000000000000, 0.0000000000000000000 ) ) ;
#8289 = CYLINDRICAL_SURFACE ( 'NONE', #2862, 0.01500217240645655876 ) ;
#8290 = DIRECTION ( 'NONE',  ( 2.943037349164451228E-16, 0.0000000000000000000, -1.000000000000000000 ) ) ;
#8291 =( NAMED_UNIT ( * ) SI_UNIT ( $, .STERADIAN. ) SOLID_ANGLE_UNIT ( ) );
#8292 = SURFACE_SIDE_STYLE ('',( #4824 ) ) ;
#8293 = EDGE_LOOP ( 'NONE', ( #4352, #1688, #2632, #1518 ) ) ;
#8294 = CARTESIAN_POINT ( 'NONE',  ( 0.3766302143396287327, 0.1000000000000000056, -0.04990000000000016644 ) ) ;
#8295 = CARTESIAN_POINT ( 'NONE',  ( -0.1774300686216492284, -0.0000000000000000000, -0.5000000000000001110 ) ) ;
#8296 = ORIENTED_EDGE ( 'NONE', *, *, #12395, .F. ) ;
#8297 =( LENGTH_UNIT ( ) NAMED_UNIT ( * ) SI_UNIT ( .MILLI., .METRE. ) );
#8298 = ADVANCED_FACE ( 'NONE', ( #735 ), #4694, .T. ) ;
#8299 = DIRECTION ( 'NONE',  ( 0.0000000000000000000, 0.0000000000000000000, -1.000000000000000000 ) ) ;
#8300 = COLOUR_RGB ( '',0.9686274509803921573, 0.8784313725490195957, 0.5999999999999999778 ) ;
#8301 = MECHANICAL_DESIGN_GEOMETRIC_PRESENTATION_REPRESENTATION (  '', ( #6335 ), #8982 ) ;
#8302 = EDGE_CURVE ( 'NONE', #318, #4851, #9678, .T. ) ;
#8303 = AXIS2_PLACEMENT_3D ( 'NONE', #2676, #9594, #3694 ) ;
#8304 = DIRECTION ( 'NONE',  ( -0.0000000000000000000, -1.000000000000000000, -0.0000000000000000000 ) ) ;
#8305 = ORIENTED_EDGE ( 'NONE', *, *, #7715, .F. ) ;
#8306 = CARTESIAN_POINT ( 'NONE',  ( -0.1004848928301857736, 0.1000000000000000056, -0.4976000000000002643 ) ) ;
#8307 = VECTOR ( 'NONE', #7159, 1000.000000000000000 ) ;
#8308 = PRESENTATION_LAYER_ASSIGNMENT (  '', '', ( #5672 ) ) ;
#8309 = DIRECTION ( 'NONE',  ( 1.000000000000000000, 0.0000000000000000000, 0.0000000000000000000 ) ) ;
#8310 = EDGE_CURVE ( 'NONE', #11357, #10878, #4745, .T. ) ;
#8311 = ORIENTED_EDGE ( 'NONE', *, *, #4028, .T. ) ;
#8312 = SURFACE_STYLE_FILL_AREA ( #4519 ) ;
#8313 = MANIFOLD_SOLID_BREP ( 'Boss-Extrude5[2]', #10652 ) ;
#8314 = CARTESIAN_POINT ( 'NONE',  ( 1.086202172406457001, 0.1000000000000000056, 0.1016000000000000236 ) ) ;
#8315 = UNCERTAINTY_MEASURE_WITH_UNIT (LENGTH_MEASURE( 1.000000000000000082E-05 ), #8645, 'distance_accuracy_value', 'NONE');
#8316 = LINE ( 'NONE', #859, #6034 ) ;
#8317 = STYLED_ITEM ( 'NONE', ( #6287 ), #9793 ) ;
#8318 = LINE ( 'NONE', #4620, #5708 ) ;
#8319 =( NAMED_UNIT ( * ) PLANE_ANGLE_UNIT ( ) SI_UNIT ( $, .RADIAN. ) );
#8320 = ORIENTED_EDGE ( 'NONE', *, *, #9745, .T. ) ;
#8321 = LINE ( 'NONE', #3621, #10617 ) ;
#8322 = VERTEX_POINT ( 'NONE', #10665 ) ;
#8323 =( GEOMETRIC_REPRESENTATION_CONTEXT ( 3 ) GLOBAL_UNCERTAINTY_ASSIGNED_CONTEXT ( ( #11769 ) ) GLOBAL_UNIT_ASSIGNED_CONTEXT ( ( #1629, #8542, #2591 ) ) REPRESENTATION_CONTEXT ( 'NONE', 'WORKASPACE' ) );
#8324 = PLANE ( 'NONE',  #8362 ) ;
#8325 = DIRECTION ( 'NONE',  ( 0.0000000000000000000, 0.0000000000000000000, -1.000000000000000000 ) ) ;
#8326 = DIRECTION ( 'NONE',  ( 0.0000000000000000000, 0.0000000000000000000, -1.000000000000000000 ) ) ;
#8327 = LINE ( 'NONE', #4435, #3059 ) ;
#8328 = DIRECTION ( 'NONE',  ( -1.000000000000000000, 0.0000000000000000000, 4.179009298818627440E-17 ) ) ;
#8329 = DIRECTION ( 'NONE',  ( 1.000000000000000000, -0.0000000000000000000, 9.098841772336320612E-17 ) ) ;
#8330 = FACE_OUTER_BOUND ( 'NONE', #4556, .T. ) ;
#8331 = DIRECTION ( 'NONE',  ( -0.0000000000000000000, -1.000000000000000000, -0.0000000000000000000 ) ) ;
#8332 = FILL_AREA_STYLE_COLOUR ( '', #570 ) ;
#8333 = ORIENTED_EDGE ( 'NONE', *, *, #11687, .F. ) ;
#8334 = ORIENTED_EDGE ( 'NONE', *, *, #7546, .T. ) ;
#8335 = CARTESIAN_POINT ( 'NONE',  ( 1.086202172406457001, 0.0000000000000000000, 0.4718000000000000527 ) ) ;
#8336 = EDGE_CURVE ( 'NONE', #6996, #1461, #3487, .T. ) ;
#8337 = VECTOR ( 'NONE', #1002, 1000.000000000000000 ) ;
#8338 =( GEOMETRIC_REPRESENTATION_CONTEXT ( 3 ) GLOBAL_UNCERTAINTY_ASSIGNED_CONTEXT ( ( #10912 ) ) GLOBAL_UNIT_ASSIGNED_CONTEXT ( ( #3774, #10639, #4765 ) ) REPRESENTATION_CONTEXT ( 'NONE', 'WORKASPACE' ) );
#8339 = VERTEX_POINT ( 'NONE', #12696 ) ;
#8340 =( GEOMETRIC_REPRESENTATION_CONTEXT ( 3 ) GLOBAL_UNCERTAINTY_ASSIGNED_CONTEXT ( ( #7979 ) ) GLOBAL_UNIT_ASSIGNED_CONTEXT ( ( #12180, #6298, #350 ) ) REPRESENTATION_CONTEXT ( 'NONE', 'WORKASPACE' ) );
#8341 = EDGE_LOOP ( 'NONE', ( #11624, #6904, #8196, #4848 ) ) ;
#8342 = VERTEX_POINT ( 'NONE', #4827 ) ;
#8343 = CIRCLE ( 'NONE', #9225, 0.01500217240645650499 ) ;
#8344 = SURFACE_STYLE_USAGE ( .BOTH. , #1444 ) ;
#8345 = CARTESIAN_POINT ( 'NONE',  ( -1.307400000000000118, 0.09999999999999999167, 0.5000000000000000000 ) ) ;
#8346 = EDGE_CURVE ( 'NONE', #2587, #35, #8444, .T. ) ;
#8347 =( NAMED_UNIT ( * ) PLANE_ANGLE_UNIT ( ) SI_UNIT ( $, .RADIAN. ) );
#8348 = ORIENTED_EDGE ( 'NONE', *, *, #3206, .T. ) ;
#8349 = ORIENTED_EDGE ( 'NONE', *, *, #1473, .T. ) ;
#8350 = ORIENTED_EDGE ( 'NONE', *, *, #5242, .T. ) ;
#8351 = CARTESIAN_POINT ( 'NONE',  ( -1.099400000000000377, 0.5000000000000000000, -0.3025999999999999801 ) ) ;
#8352 = ADVANCED_FACE ( 'NONE', ( #3167 ), #3879, .F. ) ;
#8353 = ORIENTED_EDGE ( 'NONE', *, *, #7483, .F. ) ;
#8354 = VECTOR ( 'NONE', #11466, 1000.000000000000000 ) ;
#8355 = VERTEX_POINT ( 'NONE', #10750 ) ;
#8356 = DIRECTION ( 'NONE',  ( 0.0000000000000000000, 0.0000000000000000000, -1.000000000000000000 ) ) ;
#8357 = DIRECTION ( 'NONE',  ( 0.0000000000000000000, -1.000000000000000000, 0.0000000000000000000 ) ) ;
#8358 = EDGE_CURVE ( 'NONE', #8707, #3689, #1799, .T. ) ;
#8359 = FACE_OUTER_BOUND ( 'NONE', #3154, .T. ) ;
#8360 = DIRECTION ( 'NONE',  ( -0.0000000000000000000, -1.000000000000000000, -0.0000000000000000000 ) ) ;
#8361 = CARTESIAN_POINT ( 'NONE',  ( 0.6454278962151925869, 0.0000000000000000000, 0.1143021724064565564 ) ) ;
#8362 = AXIS2_PLACEMENT_3D ( 'NONE', #12284, #6410, #461 ) ;
#8363 = ADVANCED_FACE ( 'NONE', ( #888 ), #7856, .F. ) ;
#8364 = ORIENTED_EDGE ( 'NONE', *, *, #2737, .T. ) ;
#8365 = LINE ( 'NONE', #9589, #482 ) ;
#8366 = VERTEX_POINT ( 'NONE', #1922 ) ;
#8367 = VECTOR ( 'NONE', #10124, 1000.000000000000000 ) ;
#8368 = ORIENTED_EDGE ( 'NONE', *, *, #12602, .F. ) ;
#8369 = CARTESIAN_POINT ( 'NONE',  ( 1.099400000000000377, 0.09999999999999999167, 0.3025999999999999801 ) ) ;
#8370 = LINE ( 'NONE', #10916, #5432 ) ;
#8371 = CARTESIAN_POINT ( 'NONE',  ( 0.3352278962151925557, 0.1000000000000000056, -0.4849978275935435956 ) ) ;
#8372 = CARTESIAN_POINT ( 'NONE',  ( 0.3352278962151924446, 0.0000000000000000000, -0.2153021724064569098 ) ) ;
#8373 = CARTESIAN_POINT ( 'NONE',  ( 1.600000000000000311, 0.0000000000000000000, -0.5000000000000000000 ) ) ;
#8374 = CARTESIAN_POINT ( 'NONE',  ( -1.021700000000000497, 0.1000000000000000056, 0.4999999999999997780 ) ) ;
#8375 = AXIS2_PLACEMENT_3D ( 'NONE', #2909, #9836, #3931 ) ;
#8376 = DIRECTION ( 'NONE',  ( -1.000000000000000000, 0.0000000000000000000, 0.0000000000000000000 ) ) ;
#8377 = EDGE_CURVE ( 'NONE', #2232, #8748, #7079, .T. ) ;
#8378 = SURFACE_SIDE_STYLE ('',( #2500 ) ) ;
#8379 =( NAMED_UNIT ( * ) SI_UNIT ( $, .STERADIAN. ) SOLID_ANGLE_UNIT ( ) );
#8380 = CARTESIAN_POINT ( 'NONE',  ( -1.600000000000000311, 0.09999999999999999167, -0.5000000000000000000 ) ) ;
#8381 = CARTESIAN_POINT ( 'NONE',  ( 0.3175278962151926176, 0.1000000000000000056, 0.08429782759354324806 ) ) ;
#8382 = VERTEX_POINT ( 'NONE', #11809 ) ;
#8383 = DIRECTION ( 'NONE',  ( -0.0000000000000000000, -1.000000000000000000, -0.0000000000000000000 ) ) ;
#8384 = ORIENTED_EDGE ( 'NONE', *, *, #2796, .F. ) ;
#8385 = VECTOR ( 'NONE', #6852, 1000.000000000000000 ) ;
#8386 =( NAMED_UNIT ( * ) SI_UNIT ( $, .STERADIAN. ) SOLID_ANGLE_UNIT ( ) );
#8387 = EDGE_CURVE ( 'NONE', #7205, #7333, #8135, .T. ) ;
#8388 =( LENGTH_UNIT ( ) NAMED_UNIT ( * ) SI_UNIT ( .MILLI., .METRE. ) );
#8389 = CARTESIAN_POINT ( 'NONE',  ( 1.082627896215192509, 0.1000000000000000056, -0.4567978275935435928 ) ) ;
#8390 = EDGE_CURVE ( 'NONE', #9495, #11461, #11037, .T. ) ;
#8391 = CARTESIAN_POINT ( 'NONE',  ( 0.6304257238087359605, 0.1000000000000000056, 0.4976999999999999202 ) ) ;
#8392 = VERTEX_POINT ( 'NONE', #8848 ) ;
#8393 = VECTOR ( 'NONE', #2442, 1000.000000000000000 ) ;
#8394 = VECTOR ( 'NONE', #1642, 1000.000000000000000 ) ;
#8395 = VERTEX_POINT ( 'NONE', #8885 ) ;
#8396 = FACE_OUTER_BOUND ( 'NONE', #1416, .T. ) ;
#8397 = EDGE_CURVE ( 'NONE', #3507, #6849, #2542, .T. ) ;
#8398 = AXIS2_PLACEMENT_3D ( 'NONE', #2835, #9767, #3862 ) ;
#8399 = AXIS2_PLACEMENT_3D ( 'NONE', #5114, #12015, #6113 ) ;
#8400 = ORIENTED_EDGE ( 'NONE', *, *, #6566, .F. ) ;
#8401 = DIRECTION ( 'NONE',  ( -0.7071067811865474617, -0.0000000000000000000, -0.7071067811865474617 ) ) ;
#8402 = PRESENTATION_LAYER_ASSIGNMENT (  '', '', ( #6445 ) ) ;
#8403 = AXIS2_PLACEMENT_3D ( 'NONE', #4854, #11752, #5860 ) ;
#8404 = DIRECTION ( 'NONE',  ( 0.0000000000000000000, -1.000000000000000000, 0.0000000000000000000 ) ) ;
#8405 = DIRECTION ( 'NONE',  ( -0.0000000000000000000, 1.000000000000000000, -0.0000000000000000000 ) ) ;
#8406 = FACE_OUTER_BOUND ( 'NONE', #3950, .T. ) ;
#8407 = SURFACE_SIDE_STYLE ('',( #855 ) ) ;
#8408 = ORIENTED_EDGE ( 'NONE', *, *, #8270, .F. ) ;
#8409 = EDGE_CURVE ( 'NONE', #2385, #27, #10420, .T. ) ;
#8410 = VECTOR ( 'NONE', #8083, 1000.000000000000000 ) ;
#8411 = VECTOR ( 'NONE', #4961, 1000.000000000000000 ) ;
#8413 = DIRECTION ( 'NONE',  ( -0.0000000000000000000, -1.000000000000000000, -0.0000000000000000000 ) ) ;
#8412 = DIRECTION ( 'NONE',  ( 0.0000000000000000000, 0.0000000000000000000, -1.000000000000000000 ) ) ;
#8414 = LINE ( 'NONE', #3223, #11008 ) ;
#8415 = VECTOR ( 'NONE', #6448, 1000.000000000000000 ) ;
#8416 = ORIENTED_EDGE ( 'NONE', *, *, #11998, .F. ) ;
#8417 = ORIENTED_EDGE ( 'NONE', *, *, #6393, .T. ) ;
#8418 = CIRCLE ( 'NONE', #10437, 0.01500217240645655876 ) ;
#8419 = ORIENTED_EDGE ( 'NONE', *, *, #12220, .F. ) ;
#8420 = CARTESIAN_POINT ( 'NONE',  ( -1.600000000000000311, 0.1000000000000000056, 0.4999999999999995559 ) ) ;
#8421 = LINE ( 'NONE', #10685, #5811 ) ;
#8422 = CARTESIAN_POINT ( 'NONE',  ( -0.3281278962151925049, 0.0000000000000000000, 0.4694999999999999174 ) ) ;
#8423 = DIRECTION ( 'NONE',  ( -1.000000000000000000, -0.0000000000000000000, -0.0000000000000000000 ) ) ;
#8424 = AXIS2_PLACEMENT_3D ( 'NONE', #3597, #10479, #4595 ) ;
#8425 = ADVANCED_FACE ( 'NONE', ( #5194 ), #2248, .F. ) ;
#8426 = DIRECTION ( 'NONE',  ( 0.0000000000000000000, 0.0000000000000000000, -1.000000000000000000 ) ) ;
#8427 = ORIENTED_EDGE ( 'NONE', *, *, #12470, .T. ) ;
#8428 =( LENGTH_UNIT ( ) NAMED_UNIT ( * ) SI_UNIT ( .MILLI., .METRE. ) );
#8429 = FACE_OUTER_BOUND ( 'NONE', #4784, .T. ) ;
#8430 = PRESENTATION_LAYER_ASSIGNMENT (  '', '', ( #7776 ) ) ;
#8431 = STYLED_ITEM ( 'NONE', ( #12499 ), #4496 ) ;
#8432 = SURFACE_STYLE_USAGE ( .BOTH. , #1513 ) ;
#8433 = ORIENTED_EDGE ( 'NONE', *, *, #7279, .T. ) ;
#8434 = VECTOR ( 'NONE', #4717, 1000.000000000000114 ) ;
#8435 = CARTESIAN_POINT ( 'NONE',  ( -1.082627896215192509, 0.1000000000000000056, -0.4567978275935435928 ) ) ;
#8436 = ADVANCED_FACE ( 'NONE', ( #7521 ), #4010, .F. ) ;
#8437 = VERTEX_POINT ( 'NONE', #2982 ) ;
#8438 = VECTOR ( 'NONE', #1868, 1000.000000000000000 ) ;
#8439 = CARTESIAN_POINT ( 'NONE',  ( 0.3766302143396287327, 0.1000000000000000056, -0.04990000000000016644 ) ) ;
#8440 = DIRECTION ( 'NONE',  ( 0.0000000000000000000, 1.000000000000000000, -0.0000000000000000000 ) ) ;
#8441 = EDGE_CURVE ( 'NONE', #4079, #3801, #10110, .T. ) ;
#8442 = FILL_AREA_STYLE_COLOUR ( '', #5608 ) ;
#8443 = ORIENTED_EDGE ( 'NONE', *, *, #7240, .T. ) ;
#8444 = LINE ( 'NONE', #6828, #5833 ) ;
#8445 = EDGE_CURVE ( 'NONE', #9960, #2379, #4900, .T. ) ;
#8446 = FILL_AREA_STYLE ('',( #12354 ) ) ;
#8447 = AXIS2_PLACEMENT_3D ( 'NONE', #10228, #4350, #11235 ) ;
#8448 = DIRECTION ( 'NONE',  ( 4.843431639425979442E-16, -0.0000000000000000000, 1.000000000000000000 ) ) ;
#8449 = ADVANCED_FACE ( 'NONE', ( #12445 ), #5003, .T. ) ;
#8450 = DIRECTION ( 'NONE',  ( -0.0000000000000000000, -1.000000000000000000, -0.0000000000000000000 ) ) ;
#8451 = VECTOR ( 'NONE', #7806, 1000.000000000000000 ) ;
#8452 = VECTOR ( 'NONE', #427, 1000.000000000000000 ) ;
#8453 = DIRECTION ( 'NONE',  ( 0.0000000000000000000, 0.0000000000000000000, 1.000000000000000000 ) ) ;
#8454 = CARTESIAN_POINT ( 'NONE',  ( 1.099400000000000377, 0.09999999999999999167, 0.3025999999999999801 ) ) ;
#8455 = DIRECTION ( 'NONE',  ( 0.0000000000000000000, -1.000000000000000000, 0.0000000000000000000 ) ) ;
#8456 = CARTESIAN_POINT ( 'NONE',  ( 1.310900000000000176, 0.0000000000000000000, 0.5000000000000000000 ) ) ;
#8457 = ORIENTED_EDGE ( 'NONE', *, *, #6251, .T. ) ;
#8458 = FACE_OUTER_BOUND ( 'NONE', #2429, .T. ) ;
#8459 = DIRECTION ( 'NONE',  ( -1.000000000000000000, 0.0000000000000000000, 0.0000000000000000000 ) ) ;
#8460 = CARTESIAN_POINT ( 'NONE',  ( 1.097630068621648913, 0.1000000000000000056, -0.4718000000000002192 ) ) ;
#8461 = ORIENTED_EDGE ( 'NONE', *, *, #12566, .F. ) ;
#8462 = AXIS2_PLACEMENT_3D ( 'NONE', #11085, #6204, #265 ) ;
#8463 = SURFACE_STYLE_FILL_AREA ( #8048 ) ;
#8464 = VERTEX_POINT ( 'NONE', #2443 ) ;
#8465 = CARTESIAN_POINT ( 'NONE',  ( 0.3175278962151924511, 0.1000000000000000056, 0.4870999999999998109 ) ) ;
#8466 = VECTOR ( 'NONE', #9449, 1000.000000000000000 ) ;
#8467 = LINE ( 'NONE', #5096, #586 ) ;
#8468 = EDGE_CURVE ( 'NONE', #1389, #9106, #11510, .T. ) ;
#8469 = CARTESIAN_POINT ( 'NONE',  ( 1.097630068621648913, 0.0000000000000000000, -0.4567978275935437038 ) ) ;
#8470 = CARTESIAN_POINT ( 'NONE',  ( -0.3352278962151924446, 0.1000000000000000056, -0.2153021724064569098 ) ) ;
#8471 = PLANE ( 'NONE',  #4600 ) ;
#8472 =( LENGTH_UNIT ( ) NAMED_UNIT ( * ) SI_UNIT ( .MILLI., .METRE. ) );
#8473 = DIRECTION ( 'NONE',  ( -1.000000000000000000, 0.0000000000000000000, 0.0000000000000000000 ) ) ;
#8474 = LINE ( 'NONE', #9945, #2891 ) ;
#8475 = ORIENTED_EDGE ( 'NONE', *, *, #6653, .F. ) ;
#8476 = FACE_OUTER_BOUND ( 'NONE', #5909, .T. ) ;
#8477 = VERTEX_POINT ( 'NONE', #3450 ) ;
#8478 = EDGE_CURVE ( 'NONE', #11071, #9462, #8927, .T. ) ;
#8479 = SURFACE_STYLE_FILL_AREA ( #12632 ) ;
#8480 = AXIS2_PLACEMENT_3D ( 'NONE', #6299, #2335, #9264 ) ;
#8481 = VERTEX_POINT ( 'NONE', #11344 ) ;
#8482 = DIRECTION ( 'NONE',  ( -0.0000000000000000000, -1.000000000000000000, -0.0000000000000000000 ) ) ;
#8483 = ORIENTED_EDGE ( 'NONE', *, *, #8607, .F. ) ;
#8484 = ORIENTED_EDGE ( 'NONE', *, *, #3196, .T. ) ;
#8485 = AXIS2_PLACEMENT_3D ( 'NONE', #12619, #2762, #6289 ) ;
#8486 = EDGE_LOOP ( 'NONE', ( #5263, #357, #1505, #10875 ) ) ;
#8487 = DIRECTION ( 'NONE',  ( 1.000000000000000000, -0.0000000000000000000, -0.0000000000000000000 ) ) ;
#8488 = ADVANCED_FACE ( 'NONE', ( #5998 ), #728, .F. ) ;
#8489 = CARTESIAN_POINT ( 'NONE',  ( -0.3175278962151925066, 0.1000000000000000056, -0.08669782759354346946 ) ) ;
#8490 = VECTOR ( 'NONE', #7789, 1000.000000000000114 ) ;
#8491 = VECTOR ( 'NONE', #8376, 1000.000000000000000 ) ;
#8492 = ORIENTED_EDGE ( 'NONE', *, *, #9108, .T. ) ;
#8493 = CARTESIAN_POINT ( 'NONE',  ( -6.505213034913026604E-16, 0.3949999999999994071, 0.5000000000000000000 ) ) ;
#8494 = SURFACE_STYLE_FILL_AREA ( #10200 ) ;
#8495 = ORIENTED_EDGE ( 'NONE', *, *, #8985, .T. ) ;
#8496 =( LENGTH_UNIT ( ) NAMED_UNIT ( * ) SI_UNIT ( .MILLI., .METRE. ) );
#8497 = CARTESIAN_POINT ( 'NONE',  ( -1.097630068621648913, 0.0000000000000000000, -0.4718000000000002747 ) ) ;
#8498 = EDGE_LOOP ( 'NONE', ( #9183, #6756, #1116, #1840 ) ) ;
#8499 = CARTESIAN_POINT ( 'NONE',  ( 1.600000000000000311, 0.09999999999999999167, 0.1999000000000000221 ) ) ;
#8500 = VERTEX_POINT ( 'NONE', #2484 ) ;
#8501 = SURFACE_STYLE_FILL_AREA ( #243 ) ;
#8502 = PRESENTATION_LAYER_ASSIGNMENT (  '', '', ( #4523 ) ) ;
#8504 = DIRECTION ( 'NONE',  ( -0.0000000000000000000, -1.000000000000000000, -0.0000000000000000000 ) ) ;
#8503 = DIRECTION ( 'NONE',  ( 0.0000000000000000000, 0.0000000000000000000, -1.000000000000000000 ) ) ;
#8505 = VECTOR ( 'NONE', #2631, 1000.000000000000000 ) ;
#8506 = PRESENTATION_LAYER_ASSIGNMENT (  '', '', ( #7853 ) ) ;
#8507 =( GEOMETRIC_REPRESENTATION_CONTEXT ( 3 ) GLOBAL_UNCERTAINTY_ASSIGNED_CONTEXT ( ( #8049 ) ) GLOBAL_UNIT_ASSIGNED_CONTEXT ( ( #3852, #10723, #4840 ) ) REPRESENTATION_CONTEXT ( 'NONE', 'WORKASPACE' ) );
#8508 = DIRECTION ( 'NONE',  ( -0.0000000000000000000, -1.000000000000000000, -0.0000000000000000000 ) ) ;
#8509 = VERTEX_POINT ( 'NONE', #9418 ) ;
#8510 = EDGE_LOOP ( 'NONE', ( #8970, #12525, #6167, #2031 ) ) ;
#8511 = DIRECTION ( 'NONE',  ( 1.358513147160064791E-17, -0.0000000000000000000, -1.000000000000000000 ) ) ;
#8512 =( NAMED_UNIT ( * ) SI_UNIT ( $, .STERADIAN. ) SOLID_ANGLE_UNIT ( ) );
#8513 = PRESENTATION_STYLE_ASSIGNMENT (( #11797 ) ) ;
#8514 = ORIENTED_EDGE ( 'NONE', *, *, #7447, .F. ) ;
#8515 = COLOUR_RGB ( '',0.9686274509803921573, 0.8784313725490195957, 0.5999999999999999778 ) ;
#8516 = VERTEX_POINT ( 'NONE', #7445 ) ;
#8517 = DIRECTION ( 'NONE',  ( 0.0000000000000000000, 0.0000000000000000000, -1.000000000000000000 ) ) ;
#8518 = SURFACE_STYLE_FILL_AREA ( #8945 ) ;
#8519 = ADVANCED_FACE ( 'NONE', ( #6292 ), #1515, .T. ) ;
#8520 = CARTESIAN_POINT ( 'NONE',  ( 1.547025723808735931, 0.1000000000000000056, -0.1017000000000001098 ) ) ;
#8521 = DIRECTION ( 'NONE',  ( 0.0000000000000000000, 0.0000000000000000000, -1.000000000000000000 ) ) ;
#8522 = CARTESIAN_POINT ( 'NONE',  ( -1.553297827593543845, 0.0000000000000000000, 0.1015999999999996489 ) ) ;
#8523 = UNCERTAINTY_MEASURE_WITH_UNIT (LENGTH_MEASURE( 1.000000000000000082E-05 ), #5662, 'distance_accuracy_value', 'NONE');
#8524 = EDGE_CURVE ( 'NONE', #11461, #2043, #12588, .T. ) ;
#8525 = ORIENTED_EDGE ( 'NONE', *, *, #9229, .F. ) ;
#8526 = EDGE_CURVE ( 'NONE', #2937, #9015, #5053, .T. ) ;
#8527 = AXIS2_PLACEMENT_3D ( 'NONE', #9492, #10462, #4579 ) ;
#8528 = VERTEX_POINT ( 'NONE', #9460 ) ;
#8529 = VERTEX_POINT ( 'NONE', #12431 ) ;
#8530 = VERTEX_POINT ( 'NONE', #8522 ) ;
#8531 = CARTESIAN_POINT ( 'NONE',  ( -1.021700000000000497, 0.1000000000000000056, 0.4999999999999997780 ) ) ;
#8532 = EDGE_CURVE ( 'NONE', #8670, #4914, #12276, .T. ) ;
#8533 =( NAMED_UNIT ( * ) PLANE_ANGLE_UNIT ( ) SI_UNIT ( $, .RADIAN. ) );
#8534 = DIRECTION ( 'NONE',  ( 0.0000000000000000000, 0.0000000000000000000, 1.000000000000000000 ) ) ;
#8535 = ORIENTED_EDGE ( 'NONE', *, *, #3296, .F. ) ;
#8536 = CARTESIAN_POINT ( 'NONE',  ( 1.577030068621648740, 0.1000000000000000056, -0.2007383321261244635 ) ) ;
#8537 = EDGE_CURVE ( 'NONE', #1397, #10962, #7370, .T. ) ;
#8538 = VECTOR ( 'NONE', #2200, 1000.000000000000000 ) ;
#8539 = ORIENTED_EDGE ( 'NONE', *, *, #2737, .F. ) ;
#8540 = CARTESIAN_POINT ( 'NONE',  ( 1.099400000000000377, 0.09999999999999999167, -0.4012999999999999901 ) ) ;
#8541 = AXIS2_PLACEMENT_3D ( 'NONE', #7922, #1993, #8925 ) ;
#8542 =( NAMED_UNIT ( * ) PLANE_ANGLE_UNIT ( ) SI_UNIT ( $, .RADIAN. ) );
#8543 = LINE ( 'NONE', #11977, #6227 ) ;
#8544 = LINE ( 'NONE', #10106, #6229 ) ;
#8545 = DIRECTION ( 'NONE',  ( 0.0000000000000000000, 0.0000000000000000000, -1.000000000000000000 ) ) ;
#8546 = PLANE ( 'NONE',  #2802 ) ;
#8547 = ORIENTED_EDGE ( 'NONE', *, *, #9518, .T. ) ;
#8548 = DIRECTION ( 'NONE',  ( 0.0000000000000000000, 0.0000000000000000000, -1.000000000000000000 ) ) ;
#8549 = DIRECTION ( 'NONE',  ( 0.0000000000000000000, 0.0000000000000000000, 1.000000000000000000 ) ) ;
#8550 = ORIENTED_EDGE ( 'NONE', *, *, #6869, .T. ) ;
#8551 = ADVANCED_FACE ( 'NONE', ( #2100 ), #5571, .F. ) ;
#8552 = FILL_AREA_STYLE_COLOUR ( '', #10687 ) ;
#8553 = CIRCLE ( 'NONE', #8887, 0.01500217240645655876 ) ;
#8554 = LINE ( 'NONE', #4662, #5612 ) ;
#8555 =( GEOMETRIC_REPRESENTATION_CONTEXT ( 3 ) GLOBAL_UNCERTAINTY_ASSIGNED_CONTEXT ( ( #12305 ) ) GLOBAL_UNIT_ASSIGNED_CONTEXT ( ( #7594, #1669, #8590 ) ) REPRESENTATION_CONTEXT ( 'NONE', 'WORKASPACE' ) );
#8556 = DIRECTION ( 'NONE',  ( -1.000000000000000000, 0.0000000000000000000, 1.107775638063495441E-17 ) ) ;
#8557 = EDGE_CURVE ( 'NONE', #11124, #9772, #9971, .T. ) ;
#8558 = DIRECTION ( 'NONE',  ( 0.0000000000000000000, -1.000000000000000000, 0.0000000000000000000 ) ) ;
#8559 = AXIS2_PLACEMENT_3D ( 'NONE', #12631, #6755, #3666 ) ;
#8560 = DIRECTION ( 'NONE',  ( -1.000000000000000000, 0.0000000000000000000, 4.020095065059161301E-16 ) ) ;
#8561 = CARTESIAN_POINT ( 'NONE',  ( 1.086202172406457001, 0.0000000000000000000, 0.1166021724064565668 ) ) ;
#8562 = PLANE ( 'NONE',  #5705 ) ;
#8563 = CARTESIAN_POINT ( 'NONE',  ( 1.600000000000000311, 0.1000000000000000056, -0.5000000000000000000 ) ) ;
#8564 = MECHANICAL_DESIGN_GEOMETRIC_PRESENTATION_REPRESENTATION (  '', ( #7244 ), #9227 ) ;
#8565 = COLOUR_RGB ( '',0.0000000000000000000, 0.7529411764705882248, 0.0000000000000000000 ) ;
#8566 = EDGE_CURVE ( 'NONE', #8355, #10033, #4734, .T. ) ;
#8567 = FACE_OUTER_BOUND ( 'NONE', #4153, .T. ) ;
#8568 = FACE_OUTER_BOUND ( 'NONE', #12775, .T. ) ;
#8569 = ORIENTED_EDGE ( 'NONE', *, *, #9179, .T. ) ;
#8570 = DIRECTION ( 'NONE',  ( 0.0000000000000000000, -1.000000000000000000, 0.0000000000000000000 ) ) ;
#8571 = ORIENTED_EDGE ( 'NONE', *, *, #12138, .T. ) ;
#8572 = SURFACE_STYLE_FILL_AREA ( #6359 ) ;
#8573 = VERTEX_POINT ( 'NONE', #12509 ) ;
#8574 = CARTESIAN_POINT ( 'NONE',  ( -1.307400000000000118, 0.5000000000000000000, 0.5000000000000000000 ) ) ;
#8575 = CARTESIAN_POINT ( 'NONE',  ( 1.600000000000000311, 0.1000000000000000056, 0.5000000000000000000 ) ) ;
#8576 = VECTOR ( 'NONE', #8039, 1000.000000000000000 ) ;
#8577 = DIRECTION ( 'NONE',  ( 0.0000000000000000000, 1.000000000000000000, -0.0000000000000000000 ) ) ;
#8578 = EDGE_LOOP ( 'NONE', ( #6138, #1433, #9498, #10804 ) ) ;
#8579 = VECTOR ( 'NONE', #6903, 1000.000000000000000 ) ;
#8580 = ORIENTED_EDGE ( 'NONE', *, *, #5813, .F. ) ;
#8581 = CARTESIAN_POINT ( 'NONE',  ( -1.103100000000000414, 0.09999999999999999167, 0.1016000000000000236 ) ) ;
#8582 = AXIS2_PLACEMENT_3D ( 'NONE', #1649, #8560, #2793 ) ;
#8583 = ADVANCED_FACE ( 'NONE', ( #11987 ), #8562, .T. ) ;
#8584 = VECTOR ( 'NONE', #3575, 1000.000000000000000 ) ;
#8585 =( NAMED_UNIT ( * ) PLANE_ANGLE_UNIT ( ) SI_UNIT ( $, .RADIAN. ) );
#8586 = LINE ( 'NONE', #1472, #1312 ) ;
#8587 = ORIENTED_EDGE ( 'NONE', *, *, #11001, .F. ) ;
#8588 =( GEOMETRIC_REPRESENTATION_CONTEXT ( 3 ) GLOBAL_UNCERTAINTY_ASSIGNED_CONTEXT ( ( #9275 ) ) GLOBAL_UNIT_ASSIGNED_CONTEXT ( ( #7253, #1328, #8230 ) ) REPRESENTATION_CONTEXT ( 'NONE', 'WORKASPACE' ) );
#8589 = VERTEX_POINT ( 'NONE', #6639 ) ;
#8590 =( NAMED_UNIT ( * ) SI_UNIT ( $, .STERADIAN. ) SOLID_ANGLE_UNIT ( ) );
#8591 = SURFACE_STYLE_FILL_AREA ( #7961 ) ;
#8592 = CARTESIAN_POINT ( 'NONE',  ( 1.584125920840706137, 0.1000000000000000056, 0.2113361407954842952 ) ) ;
#8593 = ORIENTED_EDGE ( 'NONE', *, *, #7084, .F. ) ;
#8594 = EDGE_CURVE ( 'NONE', #1319, #231, #872, .T. ) ;
#8595 = ORIENTED_EDGE ( 'NONE', *, *, #4845, .T. ) ;
#8596 = VERTEX_POINT ( 'NONE', #2614 ) ;
#8597 = CARTESIAN_POINT ( 'NONE',  ( -1.553297827593543845, 0.1000000000000000056, 0.1015999999999996489 ) ) ;
#8598 = FACE_OUTER_BOUND ( 'NONE', #473, .T. ) ;
#8599 = VECTOR ( 'NONE', #5985, 1000.000000000000000 ) ;
#8600 = DIRECTION ( 'NONE',  ( 0.0000000000000000000, -0.0000000000000000000, 1.000000000000000000 ) ) ;
#8601 = DIRECTION ( 'NONE',  ( 0.0000000000000000000, -1.000000000000000000, 0.0000000000000000000 ) ) ;
#8602 = ORIENTED_EDGE ( 'NONE', *, *, #1974, .T. ) ;
#8603 = VECTOR ( 'NONE', #5441, 1000.000000000000000 ) ;
#8604 =( NAMED_UNIT ( * ) PLANE_ANGLE_UNIT ( ) SI_UNIT ( $, .RADIAN. ) );
#8605 = CARTESIAN_POINT ( 'NONE',  ( 1.562027896215192335, 0.0000000000000000000, -0.1857361597196678649 ) ) ;
#8606 = DIRECTION ( 'NONE',  ( 0.0000000000000000000, 0.0000000000000000000, -1.000000000000000000 ) ) ;
#8607 = EDGE_CURVE ( 'NONE', #8719, #7047, #3477, .T. ) ;
#8608 =( NAMED_UNIT ( * ) SI_UNIT ( $, .STERADIAN. ) SOLID_ANGLE_UNIT ( ) );
#8609 = FACE_OUTER_BOUND ( 'NONE', #2594, .T. ) ;
#8610 = CARTESIAN_POINT ( 'NONE',  ( 1.600000000000000311, 0.0000000000000000000, -0.5000000000000000000 ) ) ;
#8611 = AXIS2_PLACEMENT_3D ( 'NONE', #521, #12341, #6469 ) ;
#8612 = CARTESIAN_POINT ( 'NONE',  ( -1.553297827593543845, 0.0000000000000000000, 0.1166021724064561782 ) ) ;
#8613 = CARTESIAN_POINT ( 'NONE',  ( -1.600000000000000311, 0.5000000000000000000, -0.5000000000000000000 ) ) ;
#8614 = VECTOR ( 'NONE', #3438, 1000.000000000000000 ) ;
#8615 = LINE ( 'NONE', #1602, #10899 ) ;
#8616 = FILL_AREA_STYLE ('',( #6638 ) ) ;
#8617 =( LENGTH_UNIT ( ) NAMED_UNIT ( * ) SI_UNIT ( .MILLI., .METRE. ) );
#8618 = EDGE_CURVE ( 'NONE', #9071, #10084, #11029, .T. ) ;
#8619 = CARTESIAN_POINT ( 'NONE',  ( -1.296800000000000397, 0.09999999999999999167, 0.4893999999999999462 ) ) ;
#8620 = SURFACE_STYLE_USAGE ( .BOTH. , #1696 ) ;
#8621 = ORIENTED_EDGE ( 'NONE', *, *, #6399, .F. ) ;
#8622 = FACE_OUTER_BOUND ( 'NONE', #5264, .T. ) ;
#8623 = EDGE_CURVE ( 'NONE', #12343, #5425, #3155, .T. ) ;
#8624 = COLOUR_RGB ( '',0.9686274509803921573, 0.8784313725490195957, 0.5999999999999999778 ) ;
#8625 =( NAMED_UNIT ( * ) PLANE_ANGLE_UNIT ( ) SI_UNIT ( $, .RADIAN. ) );
#8626 = DIRECTION ( 'NONE',  ( 0.0000000000000000000, 0.0000000000000000000, -1.000000000000000000 ) ) ;
#8627 = ORIENTED_EDGE ( 'NONE', *, *, #7825, .T. ) ;
#8628 = DIRECTION ( 'NONE',  ( 0.0000000000000000000, -1.000000000000000000, 0.0000000000000000000 ) ) ;
#8629 = ADVANCED_FACE ( 'NONE', ( #8123 ), #12123, .F. ) ;
#8630 = AXIS2_PLACEMENT_3D ( 'NONE', #6000, #5073, #11967 ) ;
#8631 = COLOUR_RGB ( '',0.9686274509803921573, 0.8784313725490195957, 0.5999999999999999778 ) ;
#8632 = EDGE_LOOP ( 'NONE', ( #2343, #10069, #3885, #5782 ) ) ;
#8633 = CARTESIAN_POINT ( 'NONE',  ( -1.571800000000000308, 0.09999999999999999167, 0.1016000000000000236 ) ) ;
#8634 = CARTESIAN_POINT ( 'NONE',  ( 0.3202257238087359292, 0.1000000000000000056, -0.5000000000000002220 ) ) ;
#8635 = FILL_AREA_STYLE_COLOUR ( '', #7335 ) ;
#8636 = SURFACE_STYLE_FILL_AREA ( #12771 ) ;
#8637 = ORIENTED_EDGE ( 'NONE', *, *, #6590, .F. ) ;
#8638 = PLANE ( 'NONE',  #1879 ) ;
#8639 = VECTOR ( 'NONE', #1539, 1000.000000000000000 ) ;
#8640 = PRESENTATION_LAYER_ASSIGNMENT (  '', '', ( #7315 ) ) ;
#8641 = STYLED_ITEM ( 'NONE', ( #2803 ), #2913 ) ;
#8642 =( LENGTH_UNIT ( ) NAMED_UNIT ( * ) SI_UNIT ( .MILLI., .METRE. ) );
#8643 = UNCERTAINTY_MEASURE_WITH_UNIT (LENGTH_MEASURE( 1.000000000000000082E-05 ), #4031, 'distance_accuracy_value', 'NONE');
#8644 = DIRECTION ( 'NONE',  ( 0.0000000000000000000, 0.0000000000000000000, -1.000000000000000000 ) ) ;
#8645 =( LENGTH_UNIT ( ) NAMED_UNIT ( * ) SI_UNIT ( .MILLI., .METRE. ) );
#8646 = SURFACE_STYLE_USAGE ( .BOTH. , #1721 ) ;
#8647 = VECTOR ( 'NONE', #6785, 1000.000000000000000 ) ;
#8648 =( NAMED_UNIT ( * ) SI_UNIT ( $, .STERADIAN. ) SOLID_ANGLE_UNIT ( ) );
#8649 = CARTESIAN_POINT ( 'NONE',  ( 0.3175278962151926176, 0.0000000000000000000, 0.08429782759354324806 ) ) ;
#8650 = DIRECTION ( 'NONE',  ( 1.000000000000000000, 0.0000000000000000000, -0.0000000000000000000 ) ) ;
#8651 = EDGE_CURVE ( 'NONE', #10946, #2577, #1937, .T. ) ;
#8652 = DIRECTION ( 'NONE',  ( 0.0000000000000000000, 0.0000000000000000000, -1.000000000000000000 ) ) ;
#8653 = ADVANCED_FACE ( 'NONE', ( #6911 ), #1815, .F. ) ;
#8654 = VERTEX_POINT ( 'NONE', #6771 ) ;
#8655 = CARTESIAN_POINT ( 'NONE',  ( 1.600000000000000311, 0.5000000000000000000, 0.5000000000000000000 ) ) ;
#8656 = LINE ( 'NONE', #2475, #762 ) ;
#8657 = CARTESIAN_POINT ( 'NONE',  ( -1.568300000000000249, 0.0000000000000000000, 0.1166021724064562892 ) ) ;
#8658 = ORIENTED_EDGE ( 'NONE', *, *, #11847, .T. ) ;
#8659 = ORIENTED_EDGE ( 'NONE', *, *, #7490, .T. ) ;
#8660 = DIRECTION ( 'NONE',  ( 0.0000000000000000000, -1.000000000000000000, 0.0000000000000000000 ) ) ;
#8661 = CARTESIAN_POINT ( 'NONE',  ( 1.285174339670224430, 0.1000000000000000056, -0.4868021724064567901 ) ) ;
#8662 = FACE_OUTER_BOUND ( 'NONE', #6544, .T. ) ;
#8663 = CARTESIAN_POINT ( 'NONE',  ( -1.082627896215192509, 0.1000000000000000056, -0.4567978275935435928 ) ) ;
#8664 = EDGE_CURVE ( 'NONE', #5244, #10619, #4571, .T. ) ;
#8665 = AXIS2_PLACEMENT_3D ( 'NONE', #10252, #4378, #11261 ) ;
#8666 = CIRCLE ( 'NONE', #10935, 0.01500217240645653274 ) ;
#8667 = STYLED_ITEM ( 'NONE', ( #10922 ), #9269 ) ;
#8668 = MECHANICAL_DESIGN_GEOMETRIC_PRESENTATION_REPRESENTATION (  '', ( #6700 ), #9314 ) ;
#8669 = ORIENTED_EDGE ( 'NONE', *, *, #2297, .F. ) ;
#8670 = VERTEX_POINT ( 'NONE', #885 ) ;
#8671 = CARTESIAN_POINT ( 'NONE',  ( -0.1624278962151926298, -0.0000000000000000000, -0.4849978275935434846 ) ) ;
#8672 = CARTESIAN_POINT ( 'NONE',  ( 0.3069278962151925083, 0.1000000000000000056, 0.4976999999999998092 ) ) ;
#8673 = LINE ( 'NONE', #11914, #8337 ) ;
#8674 = VERTEX_POINT ( 'NONE', #6805 ) ;
#8675 = ORIENTED_EDGE ( 'NONE', *, *, #12747, .T. ) ;
#8676 = LINE ( 'NONE', #10714, #8988 ) ;
#8677 = DIRECTION ( 'NONE',  ( 0.0000000000000000000, 0.0000000000000000000, -1.000000000000000000 ) ) ;
#8678 = SURFACE_STYLE_USAGE ( .BOTH. , #1754 ) ;
#8679 = SURFACE_STYLE_USAGE ( .BOTH. , #1755 ) ;
#8680 = EDGE_LOOP ( 'NONE', ( #6994, #8763, #10985, #12405 ) ) ;
#8681 = EDGE_LOOP ( 'NONE', ( #6575, #5370, #6391, #11927 ) ) ;
#8682 = EDGE_LOOP ( 'NONE', ( #1450, #10964, #7639, #5408, #5919, #8845, #2585, #11426, #7393, #2157, #10800, #6266, #5947, #10997, #2459, #11954, #7489, #5868, #2933, #4314, #6156, #9086, #3872, #12494, #10543, #7627, #7800, #1554, #837, #295, #2574, #4981, #1089, #10442, #3183, #3218, #4326, #6457, #4372 ) ) ;
#8683 = MECHANICAL_DESIGN_GEOMETRIC_PRESENTATION_REPRESENTATION (  '', ( #7360 ), #9324 ) ;
#8684 = DIRECTION ( 'NONE',  ( 0.0000000000000000000, 1.000000000000000000, 0.0000000000000000000 ) ) ;
#8685 = ORIENTED_EDGE ( 'NONE', *, *, #8146, .F. ) ;
#8686 = FACE_OUTER_BOUND ( 'NONE', #2750, .T. ) ;
#8687 = VERTEX_POINT ( 'NONE', #5805 ) ;
#8688 = VECTOR ( 'NONE', #3579, 1000.000000000000000 ) ;
#8689 = AXIS2_PLACEMENT_3D ( 'NONE', #9148, #3208, #10107 ) ;
#8690 = ORIENTED_EDGE ( 'NONE', *, *, #6602, .T. ) ;
#8691 = UNCERTAINTY_MEASURE_WITH_UNIT (LENGTH_MEASURE( 1.000000000000000082E-05 ), #6180, 'distance_accuracy_value', 'NONE');
#8692 = CARTESIAN_POINT ( 'NONE',  ( -1.577030068621648962, -0.0000000000000000000, -0.1857361597196679204 ) ) ;
#8693 = LINE ( 'NONE', #11272, #3090 ) ;
#8694 = VERTEX_POINT ( 'NONE', #2789 ) ;
#8695 = CARTESIAN_POINT ( 'NONE',  ( 1.086202172406457001, 0.1000000000000000056, 0.4567978275935434818 ) ) ;
#8696 = DIRECTION ( 'NONE',  ( 0.0000000000000000000, 1.000000000000000000, 0.0000000000000000000 ) ) ;
#8697 = ADVANCED_FACE ( 'NONE', ( #9508 ), #7791, .F. ) ;
#8698 = DIRECTION ( 'NONE',  ( 1.000000000000000000, -0.0000000000000000000, 9.098841772336320612E-17 ) ) ;
#8699 = SURFACE_STYLE_USAGE ( .BOTH. , #1764 ) ;
#8700 = DIRECTION ( 'NONE',  ( 0.0000000000000000000, 0.0000000000000000000, -1.000000000000000000 ) ) ;
#8701 = CARTESIAN_POINT ( 'NONE',  ( 0.3281278962151924494, 0.1000000000000000056, 0.4694999999999998064 ) ) ;
#8702 = ORIENTED_EDGE ( 'NONE', *, *, #8623, .T. ) ;
#8703 = VECTOR ( 'NONE', #8570, 1000.000000000000000 ) ;
#8704 = CARTESIAN_POINT ( 'NONE',  ( -0.6454278962151924759, 0.0000000000000000000, 0.4826978275935432383 ) ) ;
#8705 = UNCERTAINTY_MEASURE_WITH_UNIT (LENGTH_MEASURE( 1.000000000000000082E-05 ), #3041, 'distance_accuracy_value', 'NONE');
#8706 = VECTOR ( 'NONE', #12050, 1000.000000000000000 ) ;
#8707 = VERTEX_POINT ( 'NONE', #1863 ) ;
#8708 = CARTESIAN_POINT ( 'NONE',  ( 1.071200000000000374, 0.1000000000000000056, 0.1166021724064566778 ) ) ;
#8709 = FILL_AREA_STYLE ('',( #6727 ) ) ;
#8710 = EDGE_CURVE ( 'NONE', #3884, #231, #11822, .T. ) ;
#8711 = DIRECTION ( 'NONE',  ( 0.0000000000000000000, -1.000000000000000000, 0.0000000000000000000 ) ) ;
#8712 = EDGE_CURVE ( 'NONE', #11900, #9511, #9201, .T. ) ;
#8713 = AXIS2_PLACEMENT_3D ( 'NONE', #9067, #3116, #10026 ) ;
#8714 = VECTOR ( 'NONE', #6949, 1000.000000000000000 ) ;
#8715 = SURFACE_STYLE_USAGE ( .BOTH. , #1788 ) ;
#8716 = ORIENTED_EDGE ( 'NONE', *, *, #12224, .T. ) ;
#8717 = DIRECTION ( 'NONE',  ( 0.0000000000000000000, -1.000000000000000000, 0.0000000000000000000 ) ) ;
#8718 = DIRECTION ( 'NONE',  ( 0.0000000000000000000, 0.0000000000000000000, 1.000000000000000000 ) ) ;
#8719 = VERTEX_POINT ( 'NONE', #931 ) ;
#8720 = FACE_OUTER_BOUND ( 'NONE', #6377, .T. ) ;
#8721 = PRESENTATION_STYLE_ASSIGNMENT (( #1095 ) ) ;
#8722 = ADVANCED_FACE ( 'NONE', ( #11497 ), #2875, .F. ) ;
#8723 = CARTESIAN_POINT ( 'NONE',  ( -1.600000000000000311, 0.1000000000000000056, 0.05229999999999981192 ) ) ;
#8724 = AXIS2_PLACEMENT_3D ( 'NONE', #9941, #4056, #10926 ) ;
#8725 = CARTESIAN_POINT ( 'NONE',  ( -0.1624278962151925743, 0.0000000000000000000, 0.4826978275935432383 ) ) ;
#8726 = DIRECTION ( 'NONE',  ( -4.843431639425975498E-16, -0.0000000000000000000, 1.000000000000000000 ) ) ;
#8727 = CIRCLE ( 'NONE', #1383, 0.01500217240645653274 ) ;
#8728 = VERTEX_POINT ( 'NONE', #11742 ) ;
#8729 = LINE ( 'NONE', #3330, #1160 ) ;
#8730 = VERTEX_POINT ( 'NONE', #4895 ) ;
#8731 = LINE ( 'NONE', #9252, #841 ) ;
#8732 = CARTESIAN_POINT ( 'NONE',  ( -1.082627896215192509, -0.0000000000000000000, -0.4567978275935435928 ) ) ;
#8733 =( NAMED_UNIT ( * ) SI_UNIT ( $, .STERADIAN. ) SOLID_ANGLE_UNIT ( ) );
#8734 = DIRECTION ( 'NONE',  ( -1.171755763104686462E-17, 0.0000000000000000000, 1.000000000000000000 ) ) ;
#8735 = SURFACE_STYLE_USAGE ( .BOTH. , #12149 ) ;
#8736 = FILL_AREA_STYLE_COLOUR ( '', #8515 ) ;
#8737 = SURFACE_STYLE_FILL_AREA ( #1220 ) ;
#8738 = AXIS2_PLACEMENT_3D ( 'NONE', #12063, #6162, #230 ) ;
#8739 = DIRECTION ( 'NONE',  ( 0.0000000000000000000, 0.0000000000000000000, -1.000000000000000000 ) ) ;
#8740 = LINE ( 'NONE', #10839, #3459 ) ;
#8741 = EDGE_CURVE ( 'NONE', #5442, #11750, #3961, .T. ) ;
#8742 = DIRECTION ( 'NONE',  ( -1.000000000000000000, 0.0000000000000000000, -2.461298915971632658E-15 ) ) ;
#8743 = FACE_OUTER_BOUND ( 'NONE', #4158, .T. ) ;
#8744 = AXIS2_PLACEMENT_3D ( 'NONE', #5801, #6804, #882 ) ;
#8745 = EDGE_LOOP ( 'NONE', ( #290, #6522, #12616, #12654 ) ) ;
#8746 = CARTESIAN_POINT ( 'NONE',  ( 1.562027896215192557, 0.0000000000000000000, -0.1167021724064567917 ) ) ;
#8747 = CARTESIAN_POINT ( 'NONE',  ( -1.600000000000000311, 0.1000000000000000056, -0.04990000000000018032 ) ) ;
#8748 = VERTEX_POINT ( 'NONE', #12759 ) ;
#8749 = UNCERTAINTY_MEASURE_WITH_UNIT (LENGTH_MEASURE( 1.000000000000000082E-05 ), #1616, 'distance_accuracy_value', 'NONE');
#8750 = ORIENTED_EDGE ( 'NONE', *, *, #11901, .F. ) ;
#8751 = MECHANICAL_DESIGN_GEOMETRIC_PRESENTATION_REPRESENTATION (  '', ( #6772 ), #9383 ) ;
#8752 = VECTOR ( 'NONE', #7748, 1000.000000000000000 ) ;
#8753 = ORIENTED_EDGE ( 'NONE', *, *, #5912, .F. ) ;
#8754 = SURFACE_STYLE_FILL_AREA ( #9630 ) ;
#8755 = COLOUR_RGB ( '',0.9686274509803921573, 0.8784313725490195957, 0.5999999999999999778 ) ;
#8756 = CARTESIAN_POINT ( 'NONE',  ( 1.099400000000000377, 0.09999999999999999167, 0.4012999999999999901 ) ) ;
#8757 = FILL_AREA_STYLE ('',( #12650 ) ) ;
#8758 = CARTESIAN_POINT ( 'NONE',  ( 1.600000000000000311, 0.5000000000000000000, -0.2990000000000001545 ) ) ;
#8759 = EDGE_LOOP ( 'NONE', ( #4196, #5548, #1552, #7706 ) ) ;
#8760 = CARTESIAN_POINT ( 'NONE',  ( 1.067625723808735883, 0.0000000000000000000, -0.2003000000000002001 ) ) ;
#8761 = DIRECTION ( 'NONE',  ( 0.0000000000000000000, 0.0000000000000000000, 1.000000000000000000 ) ) ;
#8762 = ADVANCED_FACE ( 'NONE', ( #1034 ), #11184, .F. ) ;
#8763 = ORIENTED_EDGE ( 'NONE', *, *, #11054, .F. ) ;
#8764 = VERTEX_POINT ( 'NONE', #9843 ) ;
#8765 = LINE ( 'NONE', #8833, #8438 ) ;
#8766 = AXIS2_PLACEMENT_3D ( 'NONE', #6539, #603, #7522 ) ;
#8767 = CARTESIAN_POINT ( 'NONE',  ( -1.600000000000000311, 0.1000000000000000056, -0.04990000000000018032 ) ) ;
#8768 = SURFACE_STYLE_USAGE ( .BOTH. , #1834 ) ;
#8769 = CARTESIAN_POINT ( 'NONE',  ( -1.097630068621648913, 0.1000000000000000056, -0.4718000000000002747 ) ) ;
#8770 = CARTESIAN_POINT ( 'NONE',  ( 1.021730214339628739, 0.1000000000000000056, 0.4999999999999993339 ) ) ;
#8771 = UNCERTAINTY_MEASURE_WITH_UNIT (LENGTH_MEASURE( 1.000000000000000082E-05 ), #3062, 'distance_accuracy_value', 'NONE');
#8772 = AXIS2_PLACEMENT_3D ( 'NONE', #8563, #2616, #9543 ) ;
#8773 = EDGE_LOOP ( 'NONE', ( #11959, #3724, #1568, #1880 ) ) ;
#8774 = ORIENTED_EDGE ( 'NONE', *, *, #7963, .F. ) ;
#8775 = DIRECTION ( 'NONE',  ( -0.0000000000000000000, -1.000000000000000000, -0.0000000000000000000 ) ) ;
#8776 = ORIENTED_EDGE ( 'NONE', *, *, #9850, .T. ) ;
#8777 = LINE ( 'NONE', #11712, #3825 ) ;
#8778 = DIRECTION ( 'NONE',  ( -0.0000000000000000000, 0.0000000000000000000, -1.000000000000000000 ) ) ;
#8779 = VECTOR ( 'NONE', #10249, 1000.000000000000000 ) ;
#8780 = PLANE ( 'NONE',  #991 ) ;
#8781 = CARTESIAN_POINT ( 'NONE',  ( -0.1004848928301857736, -0.0000000000000000000, -0.4976000000000002643 ) ) ;
#8782 = PLANE ( 'NONE',  #7509 ) ;
#8783 = EDGE_CURVE ( 'NONE', #5419, #9462, #1317, .T. ) ;
#8784 = ORIENTED_EDGE ( 'NONE', *, *, #7302, .F. ) ;
#8785 =( NAMED_UNIT ( * ) SI_UNIT ( $, .STERADIAN. ) SOLID_ANGLE_UNIT ( ) );
#8786 = CIRCLE ( 'NONE', #6461, 0.01500217240645653274 ) ;
#8787 = EDGE_CURVE ( 'NONE', #621, #5241, #1628, .T. ) ;
#8788 = DIRECTION ( 'NONE',  ( 1.000000000000000000, -0.0000000000000000000, -0.0000000000000000000 ) ) ;
#8789 = ADVANCED_FACE ( 'NONE', ( #8902 ), #8267, .T. ) ;
#8790 = DIRECTION ( 'NONE',  ( 0.0000000000000000000, 1.000000000000000000, 0.0000000000000000000 ) ) ;
#8791 = CARTESIAN_POINT ( 'NONE',  ( -1.600000000000000311, 0.1000000000000000056, -0.5000000000000000000 ) ) ;
#8792 = ORIENTED_EDGE ( 'NONE', *, *, #5157, .F. ) ;
#8793 = EDGE_CURVE ( 'NONE', #6187, #453, #10879, .T. ) ;
#8794 = CYLINDRICAL_SURFACE ( 'NONE', #4429, 0.01500217240645653274 ) ;
#8795 = ORIENTED_EDGE ( 'NONE', *, *, #7968, .T. ) ;
#8796 = DIRECTION ( 'NONE',  ( 0.0000000000000000000, 0.0000000000000000000, -1.000000000000000000 ) ) ;
#8797 = DIRECTION ( 'NONE',  ( -0.0000000000000000000, -1.000000000000000000, -0.0000000000000000000 ) ) ;
#8798 = VECTOR ( 'NONE', #4483, 1000.000000000000000 ) ;
#8799 = DIRECTION ( 'NONE',  ( 0.0000000000000000000, 0.0000000000000000000, -1.000000000000000000 ) ) ;
#8800 = LINE ( 'NONE', #7953, #6158 ) ;
#8801 = DIRECTION ( 'NONE',  ( -4.020095065059161301E-16, -0.0000000000000000000, 1.000000000000000000 ) ) ;
#8802 = EDGE_CURVE ( 'NONE', #9137, #6901, #711, .T. ) ;
#8803 = DIRECTION ( 'NONE',  ( 0.0000000000000000000, 0.0000000000000000000, -1.000000000000000000 ) ) ;
#8804 = CARTESIAN_POINT ( 'NONE',  ( 1.082627896215192509, 0.0000000000000000000, -0.4567978275935435928 ) ) ;
#8805 = STYLED_ITEM ( 'NONE', ( #9341 ), #6525 ) ;
#8806 = ORIENTED_EDGE ( 'NONE', *, *, #6383, .F. ) ;
#8807 = LINE ( 'NONE', #6800, #926 ) ;
#8808 = ORIENTED_EDGE ( 'NONE', *, *, #8272, .T. ) ;
#8809 = DIRECTION ( 'NONE',  ( 1.000000000000000000, 0.0000000000000000000, 0.0000000000000000000 ) ) ;
#8810 = CARTESIAN_POINT ( 'NONE',  ( 1.299900000000000277, 0.5000000000000000000, 0.5000000000000002220 ) ) ;
#8811 = ORIENTED_EDGE ( 'NONE', *, *, #6161, .T. ) ;
#8812 = CARTESIAN_POINT ( 'NONE',  ( -0.6304257238087359605, 0.1000000000000000056, 0.4976999999999999202 ) ) ;
#8813 = EDGE_LOOP ( 'NONE', ( #1375, #462, #6212, #3892 ) ) ;
#8814 = VECTOR ( 'NONE', #3605, 1000.000000000000000 ) ;
#8815 = DIRECTION ( 'NONE',  ( 2.188097219950562388E-15, -0.0000000000000000000, 1.000000000000000000 ) ) ;
#8816 = CIRCLE ( 'NONE', #4763, 0.01500217240645655876 ) ;
#8817 = ORIENTED_EDGE ( 'NONE', *, *, #7298, .F. ) ;
#8818 = EDGE_CURVE ( 'NONE', #3664, #2485, #3309, .T. ) ;
#8819 = FILL_AREA_STYLE_COLOUR ( '', #460 ) ;
#8820 = EDGE_LOOP ( 'NONE', ( #8806, #9905, #1626, #11105 ) ) ;
#8821 = VERTEX_POINT ( 'NONE', #9884 ) ;
#8822 = DIRECTION ( 'NONE',  ( -0.0000000000000000000, 1.000000000000000000, -0.0000000000000000000 ) ) ;
#8823 = ADVANCED_FACE ( 'NONE', ( #2998 ), #4398, .F. ) ;
#8824 = DIRECTION ( 'NONE',  ( -0.7071067811865474617, 0.0000000000000000000, -0.7071067811865474617 ) ) ;
#8825 =( NAMED_UNIT ( * ) PLANE_ANGLE_UNIT ( ) SI_UNIT ( $, .RADIAN. ) );
#8826 = CARTESIAN_POINT ( 'NONE',  ( 0.1005151071698142246, 0.0000000000000000000, 0.4999999999999997780 ) ) ;
#8827 = EDGE_CURVE ( 'NONE', #8855, #12120, #12261, .T. ) ;
#8828 = CARTESIAN_POINT ( 'NONE',  ( 0.0000000000000000000, 0.0000000000000000000, 0.0000000000000000000 ) ) ;
#8829 = VECTOR ( 'NONE', #7588, 1000.000000000000000 ) ;
#8830 = CARTESIAN_POINT ( 'NONE',  ( -1.086202172406457001, 0.0000000000000000000, 0.4567978275935432597 ) ) ;
#8831 = DIRECTION ( 'NONE',  ( -1.000000000000000000, 0.0000000000000000000, 0.0000000000000000000 ) ) ;
#8832 = ORIENTED_EDGE ( 'NONE', *, *, #1723, .T. ) ;
#8833 = CARTESIAN_POINT ( 'NONE',  ( -1.103100000000000414, 0.09999999999999999167, 0.1016000000000000236 ) ) ;
#8834 = CARTESIAN_POINT ( 'NONE',  ( 1.071200000000000374, 0.0000000000000000000, 0.1166021724064566778 ) ) ;
#8835 = FACE_OUTER_BOUND ( 'NONE', #9718, .T. ) ;
#8836 = VERTEX_POINT ( 'NONE', #2073 ) ;
#8837 = CIRCLE ( 'NONE', #10581, 0.01500217240645658652 ) ;
#8838 = PRESENTATION_LAYER_ASSIGNMENT (  '', '', ( #7505 ) ) ;
#8839 = ORIENTED_EDGE ( 'NONE', *, *, #12153, .F. ) ;
#8840 = SURFACE_SIDE_STYLE ('',( #5511 ) ) ;
#8841 = CARTESIAN_POINT ( 'NONE',  ( -0.1774300686216490897, 0.1000000000000000056, 0.4826978275935433493 ) ) ;
#8842 = EDGE_CURVE ( 'NONE', #1592, #4643, #11974, .T. ) ;
#8843 = ORIENTED_EDGE ( 'NONE', *, *, #12379, .F. ) ;
#8844 = ADVANCED_FACE ( 'NONE', ( #1776 ), #11961, .T. ) ;
#8845 = ORIENTED_EDGE ( 'NONE', *, *, #1991, .T. ) ;
#8846 = ORIENTED_EDGE ( 'NONE', *, *, #11, .F. ) ;
#8847 = SURFACE_SIDE_STYLE ('',( #4395 ) ) ;
#8848 = CARTESIAN_POINT ( 'NONE',  ( -0.1004848928301857874, 0.0000000000000000000, 0.4999999999999997780 ) ) ;
#8849 = CARTESIAN_POINT ( 'NONE',  ( 0.0000000000000000000, 0.1000000000000000056, 0.0000000000000000000 ) ) ;
#8850 =( NAMED_UNIT ( * ) SI_UNIT ( $, .STERADIAN. ) SOLID_ANGLE_UNIT ( ) );
#8851 = STYLED_ITEM ( 'NONE', ( #3427 ), #10942 ) ;
#8852 = EDGE_CURVE ( 'NONE', #8055, #7229, #11012, .T. ) ;
#8853 = DIRECTION ( 'NONE',  ( -0.7071067811865475727, 0.0000000000000000000, 0.7071067811865475727 ) ) ;
#8854 = MECHANICAL_DESIGN_GEOMETRIC_PRESENTATION_REPRESENTATION (  '', ( #6882 ), #9500 ) ;
#8855 = VERTEX_POINT ( 'NONE', #10981 ) ;
#8856 = LINE ( 'NONE', #10047, #6224 ) ;
#8857 = ORIENTED_EDGE ( 'NONE', *, *, #3976, .T. ) ;
#8858 = EDGE_CURVE ( 'NONE', #4656, #1710, #8418, .T. ) ;
#8859 = DIRECTION ( 'NONE',  ( 0.0000000000000000000, -1.000000000000000000, 0.0000000000000000000 ) ) ;
#8860 = CARTESIAN_POINT ( 'NONE',  ( -1.099400000000000377, 0.09999999999999999167, -0.4012999999999999901 ) ) ;
#8861 = VECTOR ( 'NONE', #6042, 1000.000000000000114 ) ;
#8862 = VECTOR ( 'NONE', #1212, 1000.000000000000000 ) ;
#8863 = VECTOR ( 'NONE', #4420, 1000.000000000000114 ) ;
#8864 = DIRECTION ( 'NONE',  ( 0.0000000000000000000, 0.0000000000000000000, -1.000000000000000000 ) ) ;
#8865 = PLANE ( 'NONE',  #531 ) ;
#8866 = DIRECTION ( 'NONE',  ( 0.0000000000000000000, 0.0000000000000000000, 1.000000000000000000 ) ) ;
#8867 = CARTESIAN_POINT ( 'NONE',  ( -0.3325300686216490220, 0.1000000000000000056, 0.08429782759354335908 ) ) ;
#8868 = EDGE_CURVE ( 'NONE', #5907, #4865, #5807, .T. ) ;
#8869 = DIRECTION ( 'NONE',  ( -0.0000000000000000000, 1.000000000000000000, -0.0000000000000000000 ) ) ;
#8870 = DIRECTION ( 'NONE',  ( -0.0000000000000000000, 1.000000000000000000, -0.0000000000000000000 ) ) ;
#8871 = SURFACE_SIDE_STYLE ('',( #11034 ) ) ;
#8872 = ORIENTED_EDGE ( 'NONE', *, *, #9910, .T. ) ;
#8873 = EDGE_CURVE ( 'NONE', #3307, #2930, #860, .T. ) ;
#8874 = VERTEX_POINT ( 'NONE', #202 ) ;
#8875 =( GEOMETRIC_REPRESENTATION_CONTEXT ( 3 ) GLOBAL_UNCERTAINTY_ASSIGNED_CONTEXT ( ( #5380 ) ) GLOBAL_UNIT_ASSIGNED_CONTEXT ( ( #4727, #11621, #5718 ) ) REPRESENTATION_CONTEXT ( 'NONE', 'WORKASPACE' ) );
#8876 = LINE ( 'NONE', #2568, #678 ) ;
#8877 = DIRECTION ( 'NONE',  ( -0.0000000000000000000, -1.000000000000000000, -0.0000000000000000000 ) ) ;
#8878 =( NAMED_UNIT ( * ) PLANE_ANGLE_UNIT ( ) SI_UNIT ( $, .RADIAN. ) );
#8879 = DIRECTION ( 'NONE',  ( -1.000000000000000000, 0.0000000000000000000, -0.0000000000000000000 ) ) ;
#8880 =( NAMED_UNIT ( * ) SI_UNIT ( $, .STERADIAN. ) SOLID_ANGLE_UNIT ( ) );
#8881 = SURFACE_STYLE_FILL_AREA ( #10239 ) ;
#8882 = FACE_OUTER_BOUND ( 'NONE', #408, .T. ) ;
#8883 = AXIS2_PLACEMENT_3D ( 'NONE', #6416, #470, #7404 ) ;
#8884 = ORIENTED_EDGE ( 'NONE', *, *, #180, .T. ) ;
#8885 = CARTESIAN_POINT ( 'NONE',  ( -0.7009000000000000785, 0.1000000000000000056, 0.05229999999999980498 ) ) ;
#8886 = ORIENTED_EDGE ( 'NONE', *, *, #572, .T. ) ;
#8887 = AXIS2_PLACEMENT_3D ( 'NONE', #8561, #2613, #9540 ) ;
#8888 = SURFACE_STYLE_USAGE ( .BOTH. , #1970 ) ;
#8889 = CIRCLE ( 'NONE', #3594, 0.2010000000000000120 ) ;
#8890 = FILL_AREA_STYLE ('',( #9909 ) ) ;
#8891 = ORIENTED_EDGE ( 'NONE', *, *, #6974, .F. ) ;
#8892 = CYLINDRICAL_SURFACE ( 'NONE', #332, 0.01500217240645655876 ) ;
#8893 = ORIENTED_EDGE ( 'NONE', *, *, #4875, .F. ) ;
#8894 =( LENGTH_UNIT ( ) NAMED_UNIT ( * ) SI_UNIT ( .MILLI., .METRE. ) );
#8895 = ORIENTED_EDGE ( 'NONE', *, *, #8478, .F. ) ;
#8896 = COLOUR_RGB ( '',0.9686274509803921573, 0.8784313725490195957, 0.5999999999999999778 ) ;
#8897 = EDGE_CURVE ( 'NONE', #10077, #10960, #10707, .T. ) ;
#8898 = FACE_OUTER_BOUND ( 'NONE', #2167, .T. ) ;
#8899 = VECTOR ( 'NONE', #12298, 1000.000000000000000 ) ;
#8900 = ORIENTED_EDGE ( 'NONE', *, *, #5576, .F. ) ;
#8901 = ORIENTED_EDGE ( 'NONE', *, *, #3199, .F. ) ;
#8902 = FACE_OUTER_BOUND ( 'NONE', #6851, .T. ) ;
#8903 =( LENGTH_UNIT ( ) NAMED_UNIT ( * ) SI_UNIT ( .MILLI., .METRE. ) );
#8904 = CARTESIAN_POINT ( 'NONE',  ( 1.600000000000000311, 0.09999999999999999167, -0.1999000000000000221 ) ) ;
#8905 = ORIENTED_EDGE ( 'NONE', *, *, #11473, .T. ) ;
#8906 = DIRECTION ( 'NONE',  ( 0.0000000000000000000, 1.000000000000000000, 0.0000000000000000000 ) ) ;
#8907 = CARTESIAN_POINT ( 'NONE',  ( -1.584125920840706137, 0.0000000000000000000, 0.2113361407954839344 ) ) ;
#8908 = COLOUR_RGB ( '',1.000000000000000000, 1.000000000000000000, 1.000000000000000000 ) ;
#8909 = AXIS2_PLACEMENT_3D ( 'NONE', #3716, #12595, #6725 ) ;
#8910 = CARTESIAN_POINT ( 'NONE',  ( 1.600000000000000311, 0.0000000000000000000, 0.5000000000000000000 ) ) ;
#8911 = ORIENTED_EDGE ( 'NONE', *, *, #9481, .T. ) ;
#8912 = ADVANCED_FACE ( 'NONE', ( #219 ), #6896, .F. ) ;
#8913 = EDGE_CURVE ( 'NONE', #3098, #3882, #4554, .T. ) ;
#8914 = FILL_AREA_STYLE_COLOUR ( '', #4126 ) ;
#8915 = VECTOR ( 'NONE', #3380, 1000.000000000000000 ) ;
#8916 = CIRCLE ( 'NONE', #8276, 0.01500217240645658652 ) ;
#8917 = EDGE_CURVE ( 'NONE', #9568, #2154, #9489, .T. ) ;
#8918 = AXIS2_PLACEMENT_3D ( 'NONE', #8493, #2546, #9475 ) ;
#8919 = FACE_OUTER_BOUND ( 'NONE', #2552, .T. ) ;
#8920 = AXIS2_PLACEMENT_3D ( 'NONE', #3351, #7304, #3389 ) ;
#8921 = DIRECTION ( 'NONE',  ( -1.000000000000000000, 0.0000000000000000000, -5.163305667262247253E-16 ) ) ;
#8922 = CARTESIAN_POINT ( 'NONE',  ( 0.3202257238087359292, 0.1000000000000000056, -0.5000000000000002220 ) ) ;
#8923 =( GEOMETRIC_REPRESENTATION_CONTEXT ( 3 ) GLOBAL_UNCERTAINTY_ASSIGNED_CONTEXT ( ( #6808 ) ) GLOBAL_UNIT_ASSIGNED_CONTEXT ( ( #6637, #706, #7613 ) ) REPRESENTATION_CONTEXT ( 'NONE', 'WORKASPACE' ) );
#8924 = ORIENTED_EDGE ( 'NONE', *, *, #11715, .T. ) ;
#8925 = DIRECTION ( 'NONE',  ( 0.0000000000000000000, 0.0000000000000000000, 1.000000000000000000 ) ) ;
#8927 = LINE ( 'NONE', #11897, #8603 ) ;
#8926 = DIRECTION ( 'NONE',  ( -0.7071067811865457964, -0.0000000000000000000, 0.7071067811865492381 ) ) ;
#8928 = DIRECTION ( 'NONE',  ( 0.0000000000000000000, 0.0000000000000000000, -1.000000000000000000 ) ) ;
#8929 = FACE_OUTER_BOUND ( 'NONE', #12672, .T. ) ;
#8930 = CARTESIAN_POINT ( 'NONE',  ( -1.600000000000000311, -0.0000000000000000000, -0.04990000000000018032 ) ) ;
#8931 = LINE ( 'NONE', #2397, #6296 ) ;
#8932 = LINE ( 'NONE', #6507, #11520 ) ;
#8933 = FILL_AREA_STYLE ('',( #11848 ) ) ;
#8934 = CARTESIAN_POINT ( 'NONE',  ( 1.600000000000000311, 0.0000000000000000000, 0.2990000000000000990 ) ) ;
#8935 = FILL_AREA_STYLE ('',( #1037 ) ) ;
#8936 = DIRECTION ( 'NONE',  ( 0.0000000000000000000, -1.000000000000000000, 0.0000000000000000000 ) ) ;
#8937 = AXIS2_PLACEMENT_3D ( 'NONE', #2176, #3156, #10059 ) ;
#8938 = MECHANICAL_DESIGN_GEOMETRIC_PRESENTATION_REPRESENTATION (  '', ( #6958 ), #9563 ) ;
#8939 = FILL_AREA_STYLE ('',( #1043 ) ) ;
#8940 = EDGE_LOOP ( 'NONE', ( #12397, #8273, #6645, #6372, #12637, #9234 ) ) ;
#8941 = CARTESIAN_POINT ( 'NONE',  ( 0.7009302143396288765, 0.1000000000000000056, 0.4999999999999993339 ) ) ;
#8942 = DIRECTION ( 'NONE',  ( 0.0000000000000000000, 0.0000000000000000000, -1.000000000000000000 ) ) ;
#8943 = LINE ( 'NONE', #6654, #1063 ) ;
#8944 = CYLINDRICAL_SURFACE ( 'NONE', #12360, 0.01500217240645653274 ) ;
#8945 = FILL_AREA_STYLE ('',( #4061 ) ) ;
#8946 = MECHANICAL_DESIGN_GEOMETRIC_PRESENTATION_REPRESENTATION (  '', ( #6963 ), #9565 ) ;
#8947 = ORIENTED_EDGE ( 'NONE', *, *, #2251, .T. ) ;
#8948 = UNCERTAINTY_MEASURE_WITH_UNIT (LENGTH_MEASURE( 1.000000000000000082E-05 ), #1955, 'distance_accuracy_value', 'NONE');
#8949 = VERTEX_POINT ( 'NONE', #8158 ) ;
#8950 = CARTESIAN_POINT ( 'NONE',  ( -1.067625723808735883, 0.1000000000000000056, -0.2003000000000002001 ) ) ;
#8951 = SURFACE_SIDE_STYLE ('',( #3318 ) ) ;
#8952 = CIRCLE ( 'NONE', #6030, 0.01500217240645655876 ) ;
#8953 = DIRECTION ( 'NONE',  ( 1.000000000000000000, 0.0000000000000000000, 1.171755763104686462E-17 ) ) ;
#8954 = EDGE_CURVE ( 'NONE', #3080, #9187, #11811, .T. ) ;
#8955 = DIRECTION ( 'NONE',  ( 0.0000000000000000000, 1.000000000000000000, 0.0000000000000000000 ) ) ;
#8956 = DIRECTION ( 'NONE',  ( 0.0000000000000000000, 0.0000000000000000000, -1.000000000000000000 ) ) ;
#8957 = EDGE_CURVE ( 'NONE', #10555, #4232, #4243, .T. ) ;
#8958 = AXIS2_PLACEMENT_3D ( 'NONE', #1808, #8734, #2772 ) ;
#8959 = VERTEX_POINT ( 'NONE', #1257 ) ;
#8960 = CIRCLE ( 'NONE', #2352, 0.01500217240645655876 ) ;
#8961 = EDGE_LOOP ( 'NONE', ( #5224, #7733, #2116, #9715, #218, #10570, #9901, #6451 ) ) ;
#8962 = EDGE_CURVE ( 'NONE', #3962, #6968, #3942, .T. ) ;
#8963 = DIRECTION ( 'NONE',  ( 0.0000000000000000000, -1.000000000000000000, 0.0000000000000000000 ) ) ;
#8964 = DIRECTION ( 'NONE',  ( -0.0000000000000000000, 1.000000000000000000, 0.0000000000000000000 ) ) ;
#8965 = CARTESIAN_POINT ( 'NONE',  ( -0.3175278962151925066, 0.1000000000000000056, 0.4800999999999999157 ) ) ;
#8966 =( NAMED_UNIT ( * ) PLANE_ANGLE_UNIT ( ) SI_UNIT ( $, .RADIAN. ) );
#8967 = VERTEX_POINT ( 'NONE', #9195 ) ;
#8968 = VECTOR ( 'NONE', #10317, 1000.000000000000000 ) ;
#8969 = DIRECTION ( 'NONE',  ( 0.0000000000000000000, -1.000000000000000000, 0.0000000000000000000 ) ) ;
#8970 = ORIENTED_EDGE ( 'NONE', *, *, #2452, .T. ) ;
#8971 = PLANE ( 'NONE',  #653 ) ;
#8972 = MECHANICAL_DESIGN_GEOMETRIC_PRESENTATION_REPRESENTATION (  '', ( #7635 ), #9600 ) ;
#8973 = VERTEX_POINT ( 'NONE', #5251 ) ;
#8974 =( NAMED_UNIT ( * ) PLANE_ANGLE_UNIT ( ) SI_UNIT ( $, .RADIAN. ) );
#8975 = LINE ( 'NONE', #1417, #6666 ) ;
#8976 = ADVANCED_FACE ( 'NONE', ( #1612 ), #3256, .F. ) ;
#8977 = CARTESIAN_POINT ( 'NONE',  ( 0.3766302143396287327, 0.1000000000000000056, 0.05229999999999979110 ) ) ;
#8978 = ORIENTED_EDGE ( 'NONE', *, *, #9766, .T. ) ;
#8979 = ORIENTED_EDGE ( 'NONE', *, *, #10567, .F. ) ;
#8980 =( NAMED_UNIT ( * ) SI_UNIT ( $, .STERADIAN. ) SOLID_ANGLE_UNIT ( ) );
#8981 = CYLINDRICAL_SURFACE ( 'NONE', #1555, 0.01500217240645653274 ) ;
#8982 =( GEOMETRIC_REPRESENTATION_CONTEXT ( 3 ) GLOBAL_UNCERTAINTY_ASSIGNED_CONTEXT ( ( #9461 ) ) GLOBAL_UNIT_ASSIGNED_CONTEXT ( ( #2941, #9864, #3972 ) ) REPRESENTATION_CONTEXT ( 'NONE', 'WORKASPACE' ) );
#8983 = LINE ( 'NONE', #5937, #4038 ) ;
#8984 = ORIENTED_EDGE ( 'NONE', *, *, #10640, .F. ) ;
#8985 = EDGE_CURVE ( 'NONE', #871, #11615, #6577, .T. ) ;
#8986 = ORIENTED_EDGE ( 'NONE', *, *, #4547, .T. ) ;
#8987 = PRESENTATION_LAYER_ASSIGNMENT (  '', '', ( #7660 ) ) ;
#8988 = VECTOR ( 'NONE', #4832, 1000.000000000000000 ) ;
#8989 = DIRECTION ( 'NONE',  ( 1.000000000000000000, 0.0000000000000000000, 0.0000000000000000000 ) ) ;
#8990 =( NAMED_UNIT ( * ) SI_UNIT ( $, .STERADIAN. ) SOLID_ANGLE_UNIT ( ) );
#8991 = MECHANICAL_DESIGN_GEOMETRIC_PRESENTATION_REPRESENTATION (  '', ( #5672 ), #9626 ) ;
#8992 = CARTESIAN_POINT ( 'NONE',  ( -0.3325300686216490220, -0.0000000000000000000, -0.08669782759354358048 ) ) ;
#8993 = SURFACE_STYLE_USAGE ( .BOTH. , #2066 ) ;
#8994 = ORIENTED_EDGE ( 'NONE', *, *, #9110, .T. ) ;
#8995 = VERTEX_POINT ( 'NONE', #5296 ) ;
#8996 = EDGE_CURVE ( 'NONE', #9827, #7886, #3616, .T. ) ;
#8997 = ORIENTED_EDGE ( 'NONE', *, *, #5254, .T. ) ;
#8998 = VECTOR ( 'NONE', #12567, 1000.000000000000000 ) ;
#8999 = ORIENTED_EDGE ( 'NONE', *, *, #6134, .F. ) ;
#9000 = VECTOR ( 'NONE', #10424, 1000.000000000000114 ) ;
#9001 = VERTEX_POINT ( 'NONE', #6270 ) ;
#9002 = LINE ( 'NONE', #3918, #2770 ) ;
#9003 = CARTESIAN_POINT ( 'NONE',  ( -1.021700000000000497, 0.1000000000000000056, 0.4999999999999997780 ) ) ;
#9004 = CIRCLE ( 'NONE', #301, 0.2891000000000000236 ) ;
#9005 = ORIENTED_EDGE ( 'NONE', *, *, #1903, .F. ) ;
#9006 = DIRECTION ( 'NONE',  ( -0.7071067811865474617, 0.0000000000000000000, -0.7071067811865474617 ) ) ;
#9007 = DIRECTION ( 'NONE',  ( 0.0000000000000000000, -1.000000000000000000, 0.0000000000000000000 ) ) ;
#9008 = DIRECTION ( 'NONE',  ( -0.0000000000000000000, -0.0000000000000000000, -1.000000000000000000 ) ) ;
#9009 = PRESENTATION_LAYER_ASSIGNMENT (  '', '', ( #8317 ) ) ;
#9010 = ORIENTED_EDGE ( 'NONE', *, *, #7667, .T. ) ;
#9011 = LINE ( 'NONE', #10476, #6388 ) ;
#9012 = LINE ( 'NONE', #1225, #8706 ) ;
#9013 = STYLED_ITEM ( 'NONE', ( #9415 ), #7410 ) ;
#9014 = DIRECTION ( 'NONE',  ( 1.000000000000000000, 0.0000000000000000000, 4.020095065059161301E-16 ) ) ;
#9015 = VERTEX_POINT ( 'NONE', #11203 ) ;
#9016 = CARTESIAN_POINT ( 'NONE',  ( 1.568300000000000249, 0.1000000000000000056, 0.1166021724064566778 ) ) ;
#9017 = CARTESIAN_POINT ( 'NONE',  ( -1.600000000000000311, 0.0000000000000000000, 0.2989999999999995439 ) ) ;
#9018 = VECTOR ( 'NONE', #3326, 1000.000000000000000 ) ;
#9019 = SURFACE_STYLE_USAGE ( .BOTH. , #2095 ) ;
#9020 = DIRECTION ( 'NONE',  ( -0.0000000000000000000, 0.0000000000000000000, -1.000000000000000000 ) ) ;
#9021 = DIRECTION ( 'NONE',  ( 0.0000000000000000000, -0.0000000000000000000, -1.000000000000000000 ) ) ;
#9022 = LINE ( 'NONE', #10877, #8714 ) ;
#9023 =( LENGTH_UNIT ( ) NAMED_UNIT ( * ) SI_UNIT ( .MILLI., .METRE. ) );
#9024 = ORIENTED_EDGE ( 'NONE', *, *, #5703, .F. ) ;
#9025 = ORIENTED_EDGE ( 'NONE', *, *, #7618, .F. ) ;
#9026 = EDGE_CURVE ( 'NONE', #1927, #3403, #6257, .T. ) ;
#9027 = LINE ( 'NONE', #884, #6090 ) ;
#9028 = CARTESIAN_POINT ( 'NONE',  ( -1.578123678570672261, 0.0000000000000000000, -0.2006984187132972997 ) ) ;
#9029 = COLOUR_RGB ( '',0.8941176470588234615, 0.9137254901960784048, 0.9294117647058823817 ) ;
#9030 = FACE_OUTER_BOUND ( 'NONE', #11305, .T. ) ;
#9031 = EDGE_CURVE ( 'NONE', #5787, #6966, #8889, .T. ) ;
#9032 = SURFACE_STYLE_USAGE ( .BOTH. , #2107 ) ;
#9033 = SURFACE_SIDE_STYLE ('',( #1153 ) ) ;
#9034 = CARTESIAN_POINT ( 'NONE',  ( -0.3502300686216489600, 0.1000000000000000056, -0.2153021724064567988 ) ) ;
#9035 = CARTESIAN_POINT ( 'NONE',  ( 1.299900000000000277, 0.0000000000000000000, -0.5000000000000002220 ) ) ;
#9036 = LINE ( 'NONE', #10182, #1448 ) ;
#9037 = ORIENTED_EDGE ( 'NONE', *, *, #7463, .T. ) ;
#9038 = ADVANCED_FACE ( 'NONE', ( #11166 ), #11767, .T. ) ;
#9039 = ORIENTED_EDGE ( 'NONE', *, *, #3642, .T. ) ;
#9040 = VECTOR ( 'NONE', #338, 1000.000000000000000 ) ;
#9041 = EDGE_CURVE ( 'NONE', #3257, #495, #7645, .T. ) ;
#9042 = AXIS2_PLACEMENT_3D ( 'NONE', #2473, #9403, #3485 ) ;
#9043 = CARTESIAN_POINT ( 'NONE',  ( 1.311172388391701915, 0.0000000000000000000, 0.4874532564923816369 ) ) ;
#9045 = VECTOR ( 'NONE', #102, 1000.000000000000000 ) ;
#9044 = SURFACE_STYLE_USAGE ( .BOTH. , #2122 ) ;
#9046 = VECTOR ( 'NONE', #7822, 1000.000000000000000 ) ;
#9047 = UNCERTAINTY_MEASURE_WITH_UNIT (LENGTH_MEASURE( 1.000000000000000082E-05 ), #3392, 'distance_accuracy_value', 'NONE');
#9048 = CIRCLE ( 'NONE', #127, 0.01500217240645653274 ) ;
#9049 = ORIENTED_EDGE ( 'NONE', *, *, #5543, .F. ) ;
#9050 = PLANE ( 'NONE',  #6203 ) ;
#9051 = SURFACE_STYLE_USAGE ( .BOTH. , #2129 ) ;
#9052 = ORIENTED_EDGE ( 'NONE', *, *, #7106, .T. ) ;
#9053 = DIRECTION ( 'NONE',  ( 0.0000000000000000000, 0.0000000000000000000, 1.000000000000000000 ) ) ;
#9054 = ORIENTED_EDGE ( 'NONE', *, *, #5983, .T. ) ;
#9055 = AXIS2_PLACEMENT_3D ( 'NONE', #7954, #2025, #8956 ) ;
#9056 = SURFACE_STYLE_FILL_AREA ( #5475 ) ;
#9057 = SURFACE_SIDE_STYLE ('',( #6250 ) ) ;
#9058 = EDGE_CURVE ( 'NONE', #12538, #2572, #2138, .T. ) ;
#9059 = DIRECTION ( 'NONE',  ( -0.0000000000000000000, -1.000000000000000000, -0.0000000000000000000 ) ) ;
#9060 = ORIENTED_EDGE ( 'NONE', *, *, #11484, .F. ) ;
#9061 = SURFACE_STYLE_USAGE ( .BOTH. , #2140 ) ;
#9062 = VECTOR ( 'NONE', #10485, 1000.000000000000000 ) ;
#9063 = ORIENTED_EDGE ( 'NONE', *, *, #2951, .F. ) ;
#9064 = EDGE_CURVE ( 'NONE', #8091, #621, #4452, .T. ) ;
#9065 = SURFACE_STYLE_FILL_AREA ( #2221 ) ;
#9066 = COLOUR_RGB ( '',0.0000000000000000000, 0.7529411764705882248, 0.0000000000000000000 ) ;
#9067 = CARTESIAN_POINT ( 'NONE',  ( 0.3202257238087360403, 0.1000000000000000056, -0.4849978275935437066 ) ) ;
#9068 = EDGE_CURVE ( 'NONE', #601, #4656, #7105, .T. ) ;
#9069 = CARTESIAN_POINT ( 'NONE',  ( 0.4585278962151925208, 0.1000000000000000056, 0.4694999999999998064 ) ) ;
#9070 = FILL_AREA_STYLE_COLOUR ( '', #263 ) ;
#9071 = VERTEX_POINT ( 'NONE', #7392 ) ;
#9072 = ORIENTED_EDGE ( 'NONE', *, *, #7697, .T. ) ;
#9073 = EDGE_CURVE ( 'NONE', #2413, #91, #9393, .T. ) ;
#9074 = AXIS2_PLACEMENT_3D ( 'NONE', #8661, #8711, #836 ) ;
#9075 = PRESENTATION_LAYER_ASSIGNMENT (  '', '', ( #7755 ) ) ;
#9076 = CARTESIAN_POINT ( 'NONE',  ( 0.3325300686216491330, 0.1000000000000000056, -0.1017000000000001098 ) ) ;
#9077 = ORIENTED_EDGE ( 'NONE', *, *, #3046, .T. ) ;
#9078 = MECHANICAL_DESIGN_GEOMETRIC_PRESENTATION_REPRESENTATION (  '', ( #6445 ), #9726 ) ;
#9079 = AXIS2_PLACEMENT_3D ( 'NONE', #12648, #7758, #1825 ) ;
#9080 = SURFACE_SIDE_STYLE ('',( #2673 ) ) ;
#9081 = EDGE_CURVE ( 'NONE', #8670, #3836, #12024, .T. ) ;
#9082 = DIRECTION ( 'NONE',  ( 0.0000000000000000000, -1.000000000000000000, 0.0000000000000000000 ) ) ;
#9083 = ORIENTED_EDGE ( 'NONE', *, *, #5675, .T. ) ;
#9084 = VECTOR ( 'NONE', #8404, 1000.000000000000000 ) ;
#9085 = CARTESIAN_POINT ( 'NONE',  ( 1.021730214339628739, 0.1000000000000000056, 0.4999999999999993339 ) ) ;
#9086 = ORIENTED_EDGE ( 'NONE', *, *, #10217, .T. ) ;
#9088 = UNCERTAINTY_MEASURE_WITH_UNIT (LENGTH_MEASURE( 1.000000000000000082E-05 ), #11387, 'distance_accuracy_value', 'NONE');
#9087 = FACE_OUTER_BOUND ( 'NONE', #6789, .T. ) ;
#9089 = SURFACE_STYLE_USAGE ( .BOTH. , #2164 ) ;
#9090 = VERTEX_POINT ( 'NONE', #3483 ) ;
#9091 = DIRECTION ( 'NONE',  ( 0.0000000000000000000, 0.0000000000000000000, -1.000000000000000000 ) ) ;
#9092 = STYLED_ITEM ( 'NONE', ( #11787 ), #10658 ) ;
#9093 = ADVANCED_FACE ( 'NONE', ( #4150 ), #8163, .T. ) ;
#9094 = VECTOR ( 'NONE', #5597, 1000.000000000000000 ) ;
#9095 = CIRCLE ( 'NONE', #12210, 0.01500217240645653274 ) ;
#9096 = MECHANICAL_DESIGN_GEOMETRIC_PRESENTATION_REPRESENTATION (  '', ( #7776 ), #9749 ) ;
#9097 = AXIS2_PLACEMENT_3D ( 'NONE', #7889, #1958, #8879 ) ;
#9098 = SURFACE_SIDE_STYLE ('',( #1671 ) ) ;
#9099 =( NAMED_UNIT ( * ) PLANE_ANGLE_UNIT ( ) SI_UNIT ( $, .RADIAN. ) );
#9100 =( NAMED_UNIT ( * ) SI_UNIT ( $, .STERADIAN. ) SOLID_ANGLE_UNIT ( ) );
#9101 = PRESENTATION_STYLE_ASSIGNMENT (( #5476 ) ) ;
#9102 = PLANE ( 'NONE',  #10886 ) ;
#9103 = ORIENTED_EDGE ( 'NONE', *, *, #10803, .F. ) ;
#9104 = VECTOR ( 'NONE', #9619, 1000.000000000000000 ) ;
#9105 = ORIENTED_EDGE ( 'NONE', *, *, #1141, .F. ) ;
#9106 = VERTEX_POINT ( 'NONE', #10414 ) ;
#9107 = SURFACE_STYLE_USAGE ( .BOTH. , #2182 ) ;
#9108 = EDGE_CURVE ( 'NONE', #12482, #12689, #594, .T. ) ;
#9109 = CARTESIAN_POINT ( 'NONE',  ( -1.578123678570672261, 0.1000000000000000056, -0.2006984187132972997 ) ) ;
#9111 = ORIENTED_EDGE ( 'NONE', *, *, #1528, .F. ) ;
#9110 = EDGE_CURVE ( 'NONE', #1968, #1115, #10762, .T. ) ;
#9112 = LINE ( 'NONE', #2503, #6500 ) ;
#9113 = AXIS2_PLACEMENT_3D ( 'NONE', #3290, #10192, #4306 ) ;
#9114 = LINE ( 'NONE', #7359, #3867 ) ;
#9116 = CARTESIAN_POINT ( 'NONE',  ( 0.3325300686216491330, 0.1000000000000000056, 0.08429782759354335908 ) ) ;
#9115 = DIRECTION ( 'NONE',  ( 0.0000000000000000000, 0.0000000000000000000, -1.000000000000000000 ) ) ;
#9117 = EDGE_LOOP ( 'NONE', ( #1046, #8201, #2102, #10634, #9928, #3490 ) ) ;
#9118 = VERTEX_POINT ( 'NONE', #7518 ) ;
#9119 = CARTESIAN_POINT ( 'NONE',  ( -1.600000000000000311, 0.5000000000000000000, -0.5000000000000000000 ) ) ;
#9120 = ORIENTED_EDGE ( 'NONE', *, *, #6677, .F. ) ;
#9121 =( LENGTH_UNIT ( ) NAMED_UNIT ( * ) SI_UNIT ( .MILLI., .METRE. ) );
#9122 = STYLED_ITEM ( 'NONE', ( #2469 ), #11382 ) ;
#9123 = VECTOR ( 'NONE', #11444, 1000.000000000000114 ) ;
#9124 = AXIS2_PLACEMENT_3D ( 'NONE', #6245, #307, #7239 ) ;
#9125 = ORIENTED_EDGE ( 'NONE', *, *, #10217, .F. ) ;
#9126 =( NAMED_UNIT ( * ) SI_UNIT ( $, .STERADIAN. ) SOLID_ANGLE_UNIT ( ) );
#9127 = LINE ( 'NONE', #896, #1551 ) ;
#9128 = ORIENTED_EDGE ( 'NONE', *, *, #12187, .T. ) ;
#9129 = EDGE_CURVE ( 'NONE', #10309, #5244, #1517, .T. ) ;
#9130 = VERTEX_POINT ( 'NONE', #5519 ) ;
#9131 = DIRECTION ( 'NONE',  ( -1.000000000000000000, -0.0000000000000000000, -0.0000000000000000000 ) ) ;
#9132 = CARTESIAN_POINT ( 'NONE',  ( -1.071200000000000374, 0.0000000000000000000, 0.1166021724064564002 ) ) ;
#9133 = UNCERTAINTY_MEASURE_WITH_UNIT (LENGTH_MEASURE( 1.000000000000000082E-05 ), #6243, 'distance_accuracy_value', 'NONE');
#9134 = DIRECTION ( 'NONE',  ( -0.0000000000000000000, 1.000000000000000000, -0.0000000000000000000 ) ) ;
#9135 = DIRECTION ( 'NONE',  ( -1.000000000000000000, -0.0000000000000000000, -0.0000000000000000000 ) ) ;
#9136 = AXIS2_PLACEMENT_3D ( 'NONE', #8469, #2525, #9455 ) ;
#9137 = VERTEX_POINT ( 'NONE', #9484 ) ;
#9138 = PRESENTATION_STYLE_ASSIGNMENT (( #7887 ) ) ;
#9139 = EDGE_CURVE ( 'NONE', #4124, #3298, #5217, .T. ) ;
#9140 = ORIENTED_EDGE ( 'NONE', *, *, #3857, .T. ) ;
#9141 = VECTOR ( 'NONE', #8329, 1000.000000000000000 ) ;
#9142 = AXIS2_PLACEMENT_3D ( 'NONE', #7099, #1183, #8077 ) ;
#9143 = ORIENTED_EDGE ( 'NONE', *, *, #9590, .T. ) ;
#9144 = SURFACE_SIDE_STYLE ('',( #9065 ) ) ;
#9145 = PRESENTATION_STYLE_ASSIGNMENT (( #11558 ) ) ;
#9146 = CARTESIAN_POINT ( 'NONE',  ( 1.086202172406457001, 0.0000000000000000000, 0.4718000000000000527 ) ) ;
#9147 = AXIS2_PLACEMENT_3D ( 'NONE', #11214, #12214, #6328 ) ;
#9148 = CARTESIAN_POINT ( 'NONE',  ( 1.600000000000000311, 0.1000000000000000056, 0.5000000000000000000 ) ) ;
#9149 =( NAMED_UNIT ( * ) SI_UNIT ( $, .STERADIAN. ) SOLID_ANGLE_UNIT ( ) );
#9150 = CARTESIAN_POINT ( 'NONE',  ( 0.3502300686216490710, 0.1000000000000000056, -0.2003000000000002556 ) ) ;
#9151 = ADVANCED_FACE ( 'NONE', ( #10453 ), #9638, .T. ) ;
#9152 = DIRECTION ( 'NONE',  ( 1.000000000000000000, 0.0000000000000000000, 0.0000000000000000000 ) ) ;
#9153 = VERTEX_POINT ( 'NONE', #2711 ) ;
#9154 = ORIENTED_EDGE ( 'NONE', *, *, #4075, .T. ) ;
#9155 = CARTESIAN_POINT ( 'NONE',  ( -1.021700000000000275, 0.1000000000000000056, 0.05229999999999980498 ) ) ;
#9156 = PRODUCT_DEFINITION_CONTEXT ( 'detailed design', #10814, 'design' ) ;
#9157 = FACE_OUTER_BOUND ( 'NONE', #7149, .T. ) ;
#9158 = VECTOR ( 'NONE', #126, 1000.000000000000000 ) ;
#9159 = FACE_OUTER_BOUND ( 'NONE', #2213, .T. ) ;
#9160 = DIRECTION ( 'NONE',  ( -0.0000000000000000000, 1.000000000000000000, -0.0000000000000000000 ) ) ;
#9161 = MECHANICAL_DESIGN_GEOMETRIC_PRESENTATION_REPRESENTATION (  '', ( #4523 ), #9818 ) ;
#9162 = DIRECTION ( 'NONE',  ( -1.000000000000000000, 0.0000000000000000000, -5.163305667262247253E-16 ) ) ;
#9163 = CARTESIAN_POINT ( 'NONE',  ( 1.600000000000000311, 0.5000000000000000000, -0.1999000000000000221 ) ) ;
#9164 = MECHANICAL_DESIGN_GEOMETRIC_PRESENTATION_REPRESENTATION (  '', ( #7853 ), #9822 ) ;
#9165 = DIRECTION ( 'NONE',  ( 0.0000000000000000000, 0.0000000000000000000, 1.000000000000000000 ) ) ;
#9166 = DIRECTION ( 'NONE',  ( 0.0000000000000000000, 0.0000000000000000000, 1.000000000000000000 ) ) ;
#9167 = ORIENTED_EDGE ( 'NONE', *, *, #2141, .T. ) ;
#9168 = CARTESIAN_POINT ( 'NONE',  ( -1.583302172406456876, 0.0000000000000000000, 0.1963566009016781411 ) ) ;
#9169 = PRESENTATION_STYLE_ASSIGNMENT (( #12352 ) ) ;
#9170 = ORIENTED_EDGE ( 'NONE', *, *, #3078, .F. ) ;
#9171 = COLOUR_RGB ( '',0.9686274509803921573, 0.8784313725490195957, 0.5999999999999999778 ) ;
#9172 = CARTESIAN_POINT ( 'NONE',  ( -0.4691278962151925191, 0.0000000000000000000, 0.4800999999999999157 ) ) ;
#9173 = CARTESIAN_POINT ( 'NONE',  ( 0.6454278962151924759, 0.1000000000000000056, 0.4826978275935432383 ) ) ;
#9174 = ORIENTED_EDGE ( 'NONE', *, *, #826, .F. ) ;
#9175 = CARTESIAN_POINT ( 'NONE',  ( 1.021730214339628739, 0.1000000000000000056, 0.4999999999999993339 ) ) ;
#9176 = EDGE_CURVE ( 'NONE', #9663, #5648, #4297, .T. ) ;
#9177 = SURFACE_SIDE_STYLE ('',( #10220 ) ) ;
#9178 = CIRCLE ( 'NONE', #2389, 0.01500217240645650499 ) ;
#9179 = EDGE_CURVE ( 'NONE', #11718, #5130, #1672, .T. ) ;
#9180 = PRESENTATION_STYLE_ASSIGNMENT (( #9061 ) ) ;
#9181 = STYLED_ITEM ( 'NONE', ( #5060 ), #5375 ) ;
#9182 = ORIENTED_EDGE ( 'NONE', *, *, #226, .F. ) ;
#9183 = ORIENTED_EDGE ( 'NONE', *, *, #7088, .F. ) ;
#9184 = VECTOR ( 'NONE', #1289, 1000.000000000000000 ) ;
#9185 = EDGE_CURVE ( 'NONE', #2306, #5382, #9544, .T. ) ;
#9186 = DIRECTION ( 'NONE',  ( -0.0000000000000000000, -1.000000000000000000, -0.0000000000000000000 ) ) ;
#9187 = VERTEX_POINT ( 'NONE', #3742 ) ;
#9188 = SURFACE_STYLE_USAGE ( .BOTH. , #2269 ) ;
#9189 = DIRECTION ( 'NONE',  ( 0.7071067811865474617, 0.0000000000000000000, 0.7071067811865474617 ) ) ;
#9190 = CARTESIAN_POINT ( 'NONE',  ( 0.3325300686216492441, 0.1000000000000000056, 0.09929999999999988836 ) ) ;
#9191 = ORIENTED_EDGE ( 'NONE', *, *, #4264, .F. ) ;
#9192 = ORIENTED_EDGE ( 'NONE', *, *, #1177, .F. ) ;
#9193 = VECTOR ( 'NONE', #8684, 1000.000000000000000 ) ;
#9195 = CARTESIAN_POINT ( 'NONE',  ( -1.578123678570672261, 0.1000000000000000056, -0.2006984187132972997 ) ) ;
#9194 = CARTESIAN_POINT ( 'NONE',  ( 1.067625723808735883, 0.1000000000000000056, -0.2153021724064567433 ) ) ;
#9196 = VECTOR ( 'NONE', #602, 1000.000000000000114 ) ;
#9197 = EDGE_CURVE ( 'NONE', #2726, #6036, #11870, .T. ) ;
#9198 = ORIENTED_EDGE ( 'NONE', *, *, #8858, .F. ) ;
#9199 = ORIENTED_EDGE ( 'NONE', *, *, #2339, .T. ) ;
#9200 = STYLED_ITEM ( 'NONE', ( #12417 ), #2205 ) ;
#9201 = LINE ( 'NONE', #4844, #4258 ) ;
#9202 = ORIENTED_EDGE ( 'NONE', *, *, #5891, .T. ) ;
#9203 = CARTESIAN_POINT ( 'NONE',  ( 0.4691278962151925191, 0.1000000000000000056, 0.4800999999999998047 ) ) ;
#9204 = CIRCLE ( 'NONE', #9309, 0.01500217240645655876 ) ;
#9205 = SURFACE_SIDE_STYLE ('',( #6816 ) ) ;
#9206 = DIRECTION ( 'NONE',  ( 0.0000000000000000000, -1.000000000000000000, 0.0000000000000000000 ) ) ;
#9207 = DIRECTION ( 'NONE',  ( 0.0000000000000000000, 0.0000000000000000000, 1.000000000000000000 ) ) ;
#9208 = ORIENTED_EDGE ( 'NONE', *, *, #7214, .T. ) ;
#9209 = PLANE ( 'NONE',  #949 ) ;
#9210 = LINE ( 'NONE', #7341, #6917 ) ;
#9211 = VECTOR ( 'NONE', #12751, 1000.000000000000000 ) ;
#9212 = VECTOR ( 'NONE', #8076, 1000.000000000000000 ) ;
#9213 = CARTESIAN_POINT ( 'NONE',  ( -1.082627896215192509, -0.0000000000000000000, -0.2153021724064568543 ) ) ;
#9214 = CARTESIAN_POINT ( 'NONE',  ( 1.099400000000000377, 0.5000000000000000000, -0.4012999999999999901 ) ) ;
#9215 = EDGE_LOOP ( 'NONE', ( #5170, #6109, #4362, #291, #3582, #1990, #72 ) ) ;
#9216 = DIRECTION ( 'NONE',  ( 0.0000000000000000000, 0.0000000000000000000, 1.000000000000000000 ) ) ;
#9217 = ADVANCED_FACE ( 'NONE', ( #11544 ), #10697, .F. ) ;
#9218 = DIRECTION ( 'NONE',  ( 0.0000000000000000000, -1.000000000000000000, 0.0000000000000000000 ) ) ;
#9219 = CYLINDRICAL_SURFACE ( 'NONE', #10436, 0.3000999999999999779 ) ;
#9220 = PRESENTATION_LAYER_ASSIGNMENT (  '', '', ( #9869 ) ) ;
#9221 =( LENGTH_UNIT ( ) NAMED_UNIT ( * ) SI_UNIT ( .MILLI., .METRE. ) );
#9222 = EDGE_CURVE ( 'NONE', #8973, #8530, #8952, .T. ) ;
#9223 = CARTESIAN_POINT ( 'NONE',  ( -1.599999999999999867, 0.5000000000000000000, 0.5000000000000000000 ) ) ;
#9224 = VECTOR ( 'NONE', #4998, 1000.000000000000000 ) ;
#9225 = AXIS2_PLACEMENT_3D ( 'NONE', #4881, #11773, #5885 ) ;
#9226 = DIRECTION ( 'NONE',  ( -0.0000000000000000000, 1.000000000000000000, -0.0000000000000000000 ) ) ;
#9227 =( GEOMETRIC_REPRESENTATION_CONTEXT ( 3 ) GLOBAL_UNCERTAINTY_ASSIGNED_CONTEXT ( ( #5501 ) ) GLOBAL_UNIT_ASSIGNED_CONTEXT ( ( #8136, #2201, #9126 ) ) REPRESENTATION_CONTEXT ( 'NONE', 'WORKASPACE' ) );
#9228 = DIRECTION ( 'NONE',  ( -0.0000000000000000000, -1.000000000000000000, -0.0000000000000000000 ) ) ;
#9229 = EDGE_CURVE ( 'NONE', #8995, #11791, #6319, .T. ) ;
#9230 = VERTEX_POINT ( 'NONE', #898 ) ;
#9231 = CIRCLE ( 'NONE', #155, 0.01500217240645653274 ) ;
#9232 = CARTESIAN_POINT ( 'NONE',  ( 1.600000000000000311, 0.1000000000000000056, 0.5000000000000000000 ) ) ;
#9233 = DIRECTION ( 'NONE',  ( -0.0000000000000000000, 1.000000000000000000, -0.0000000000000000000 ) ) ;
#9234 = ORIENTED_EDGE ( 'NONE', *, *, #5703, .T. ) ;
#9235 = DIRECTION ( 'NONE',  ( -0.0000000000000000000, 1.000000000000000000, -0.0000000000000000000 ) ) ;
#9236 = CARTESIAN_POINT ( 'NONE',  ( -1.086202172406457001, 0.1000000000000000056, 0.1166021724064562892 ) ) ;
#9237 = VECTOR ( 'NONE', #270, 1000.000000000000000 ) ;
#9238 = FACE_OUTER_BOUND ( 'NONE', #12565, .T. ) ;
#9239 = STYLED_ITEM ( 'NONE', ( #7373 ), #9672 ) ;
#9240 = CARTESIAN_POINT ( 'NONE',  ( -0.3202257238087359292, 0.1000000000000000056, -0.5000000000000002220 ) ) ;
#9241 = ORIENTED_EDGE ( 'NONE', *, *, #9457, .T. ) ;
#9242 = PRESENTATION_STYLE_ASSIGNMENT (( #3152 ) ) ;
#9243 = VECTOR ( 'NONE', #4818, 1000.000000000000000 ) ;
#9244 = EDGE_CURVE ( 'NONE', #10007, #1170, #4005, .T. ) ;
#9245 = PLANE ( 'NONE',  #4782 ) ;
#9246 = SURFACE_SIDE_STYLE ('',( #2746 ) ) ;
#9247 = FILL_AREA_STYLE_COLOUR ( '', #12411 ) ;
#9248 = ORIENTED_EDGE ( 'NONE', *, *, #4731, .F. ) ;
#9249 = DIRECTION ( 'NONE',  ( -0.0000000000000000000, 1.000000000000000000, 0.0000000000000000000 ) ) ;
#9250 = FACE_OUTER_BOUND ( 'NONE', #6624, .T. ) ;
#9251 =( LENGTH_UNIT ( ) NAMED_UNIT ( * ) SI_UNIT ( .MILLI., .METRE. ) );
#9252 = CARTESIAN_POINT ( 'NONE',  ( -1.600000000000000311, 0.1000000000000000056, -0.1999000000000000221 ) ) ;
#9253 = ORIENTED_EDGE ( 'NONE', *, *, #11395, .T. ) ;
#9254 = CARTESIAN_POINT ( 'NONE',  ( 1.099400000000000377, 0.09999999999999999167, -0.3025999999999999801 ) ) ;
#9255 = EDGE_CURVE ( 'NONE', #11859, #5088, #3683, .T. ) ;
#9256 = MECHANICAL_DESIGN_GEOMETRIC_PRESENTATION_REPRESENTATION (  '', ( #7948 ), #9911 ) ;
#9257 = STYLED_ITEM ( 'NONE', ( #8197 ), #4793 ) ;
#9258 = FACE_OUTER_BOUND ( 'NONE', #12293, .T. ) ;
#9259 = ORIENTED_EDGE ( 'NONE', *, *, #5157, .T. ) ;
#9260 = DIRECTION ( 'NONE',  ( 2.943037349164451228E-16, 0.0000000000000000000, -1.000000000000000000 ) ) ;
#9261 = VECTOR ( 'NONE', #12327, 1000.000000000000000 ) ;
#9262 = DIRECTION ( 'NONE',  ( 4.843431639425975498E-16, 0.0000000000000000000, -1.000000000000000000 ) ) ;
#9263 = ORIENTED_EDGE ( 'NONE', *, *, #12504, .F. ) ;
#9264 = DIRECTION ( 'NONE',  ( -1.000000000000000000, 0.0000000000000000000, -0.0000000000000000000 ) ) ;
#9265 = ORIENTED_EDGE ( 'NONE', *, *, #8710, .F. ) ;
#9266 = EDGE_CURVE ( 'NONE', #10323, #7333, #1076, .T. ) ;
#9267 = SURFACE_SIDE_STYLE ('',( #6098 ) ) ;
#9268 = VECTOR ( 'NONE', #11196, 1000.000000000000000 ) ;
#9269 = MANIFOLD_SOLID_BREP ( 'Boss-Extrude5[1]', #6671 ) ;
#9270 = CARTESIAN_POINT ( 'NONE',  ( 1.099400000000000377, 0.09999999999999999167, 0.4012999999999999901 ) ) ;
#9271 = EDGE_CURVE ( 'NONE', #10518, #91, #5079, .T. ) ;
#9272 = FILL_AREA_STYLE ('',( #1370 ) ) ;
#9273 = VERTEX_POINT ( 'NONE', #11801 ) ;
#9274 = ORIENTED_EDGE ( 'NONE', *, *, #4459, .T. ) ;
#9275 = UNCERTAINTY_MEASURE_WITH_UNIT (LENGTH_MEASURE( 1.000000000000000082E-05 ), #7253, 'distance_accuracy_value', 'NONE');
#9276 =( LENGTH_UNIT ( ) NAMED_UNIT ( * ) SI_UNIT ( .MILLI., .METRE. ) );
#9277 = STYLED_ITEM ( 'NONE', ( #3135 ), #6177 ) ;
#9278 = ADVANCED_FACE ( 'NONE', ( #3354 ), #5957, .T. ) ;
#9279 = LINE ( 'NONE', #10811, #3712 ) ;
#9280 = VERTEX_POINT ( 'NONE', #11852 ) ;
#9281 = CARTESIAN_POINT ( 'NONE',  ( -1.099400000000000377, 0.09999999999999999167, -0.3025999999999999801 ) ) ;
#9282 = ORIENTED_EDGE ( 'NONE', *, *, #8842, .T. ) ;
#9283 = CIRCLE ( 'NONE', #6592, 0.01500217240645655876 ) ;
#9284 = ORIENTED_EDGE ( 'NONE', *, *, #9271, .T. ) ;
#9285 = CARTESIAN_POINT ( 'NONE',  ( -1.021700000000000497, 0.0000000000000000000, 0.4999999999999997780 ) ) ;
#9286 = EDGE_LOOP ( 'NONE', ( #12078, #7879, #11165, #1184 ) ) ;
#9287 = ORIENTED_EDGE ( 'NONE', *, *, #12336, .F. ) ;
#9288 =( LENGTH_UNIT ( ) NAMED_UNIT ( * ) SI_UNIT ( .MILLI., .METRE. ) );
#9289 = MECHANICAL_DESIGN_GEOMETRIC_PRESENTATION_REPRESENTATION (  '', ( #7315 ), #9939 ) ;
#9290 = CYLINDRICAL_SURFACE ( 'NONE', #32, 0.3000999999999999779 ) ;
#9291 = ORIENTED_EDGE ( 'NONE', *, *, #10138, .F. ) ;
#9292 = FACE_OUTER_BOUND ( 'NONE', #8773, .T. ) ;
#9294 = PRESENTATION_LAYER_ASSIGNMENT (  '', '', ( #8641 ) ) ;
#9293 = DIRECTION ( 'NONE',  ( 0.0000000000000000000, -0.0000000000000000000, -1.000000000000000000 ) ) ;
#9295 = VECTOR ( 'NONE', #6890, 1000.000000000000114 ) ;
#9296 = ORIENTED_EDGE ( 'NONE', *, *, #7963, .T. ) ;
#9297 =( NAMED_UNIT ( * ) SI_UNIT ( $, .STERADIAN. ) SOLID_ANGLE_UNIT ( ) );
#9298 = UNCERTAINTY_MEASURE_WITH_UNIT (LENGTH_MEASURE( 1.000000000000000082E-05 ), #4325, 'distance_accuracy_value', 'NONE');
#9299 = EDGE_CURVE ( 'NONE', #3504, #6130, #1359, .T. ) ;
#9300 = ORIENTED_EDGE ( 'NONE', *, *, #3591, .T. ) ;
#9301 = CIRCLE ( 'NONE', #7153, 0.01500217240645655876 ) ;
#9302 = CARTESIAN_POINT ( 'NONE',  ( 0.3352278962151924446, 0.0000000000000000000, -0.2153021724064569098 ) ) ;
#9303 = ORIENTED_EDGE ( 'NONE', *, *, #752, .T. ) ;
#9304 = DIRECTION ( 'NONE',  ( 0.0000000000000000000, -1.000000000000000000, 0.0000000000000000000 ) ) ;
#9305 = UNCERTAINTY_MEASURE_WITH_UNIT (LENGTH_MEASURE( 1.000000000000000082E-05 ), #10499, 'distance_accuracy_value', 'NONE');
#9306 = LINE ( 'NONE', #10172, #4068 ) ;
#9307 = SURFACE_STYLE_FILL_AREA ( #6987 ) ;
#9308 = EDGE_CURVE ( 'NONE', #11461, #10626, #12622, .T. ) ;
#9309 = AXIS2_PLACEMENT_3D ( 'NONE', #9338, #3411, #10290 ) ;
#9310 = PRESENTATION_LAYER_ASSIGNMENT (  '', '', ( #8667 ) ) ;
#9311 = CARTESIAN_POINT ( 'NONE',  ( 0.1005151071698142246, 0.1000000000000000056, 0.4999999999999997780 ) ) ;
#9312 = LINE ( 'NONE', #7891, #1742 ) ;
#9313 = AXIS2_PLACEMENT_3D ( 'NONE', #3357, #10244, #4368 ) ;
#9314 =( GEOMETRIC_REPRESENTATION_CONTEXT ( 3 ) GLOBAL_UNCERTAINTY_ASSIGNED_CONTEXT ( ( #12698 ) ) GLOBAL_UNIT_ASSIGNED_CONTEXT ( ( #8388, #2450, #9380 ) ) REPRESENTATION_CONTEXT ( 'NONE', 'WORKASPACE' ) );
#9315 = CARTESIAN_POINT ( 'NONE',  ( 1.553297827593543845, 0.1000000000000000056, 0.1016000000000000236 ) ) ;
#9316 = EDGE_LOOP ( 'NONE', ( #203, #7454, #10334, #1532 ) ) ;
#9317 = ORIENTED_EDGE ( 'NONE', *, *, #8996, .F. ) ;
#9318 = LINE ( 'NONE', #8708, #6720 ) ;
#9319 = CIRCLE ( 'NONE', #8159, 0.3000999999999999779 ) ;
#9320 = DIRECTION ( 'NONE',  ( -0.0000000000000000000, 1.000000000000000000, -0.0000000000000000000 ) ) ;
#9321 = SURFACE_STYLE_USAGE ( .BOTH. , #2395 ) ;
#9322 = DIRECTION ( 'NONE',  ( 0.0000000000000000000, -1.000000000000000000, 0.0000000000000000000 ) ) ;
#9323 = VERTEX_POINT ( 'NONE', #11893 ) ;
#9324 =( GEOMETRIC_REPRESENTATION_CONTEXT ( 3 ) GLOBAL_UNCERTAINTY_ASSIGNED_CONTEXT ( ( #2763 ) ) GLOBAL_UNIT_ASSIGNED_CONTEXT ( ( #1447, #8347, #2417 ) ) REPRESENTATION_CONTEXT ( 'NONE', 'WORKASPACE' ) );
#9325 = ADVANCED_FACE ( 'NONE', ( #12310 ), #8794, .F. ) ;
#9326 = CARTESIAN_POINT ( 'NONE',  ( -1.600000000000000311, 0.1000000000000000056, 0.05229999999999981192 ) ) ;
#9327 = SURFACE_STYLE_FILL_AREA ( #12421 ) ;
#9328 = FILL_AREA_STYLE ('',( #6326 ) ) ;
#9329 = ORIENTED_EDGE ( 'NONE', *, *, #7623, .T. ) ;
#9330 = ORIENTED_EDGE ( 'NONE', *, *, #10603, .T. ) ;
#9331 = STYLED_ITEM ( 'NONE', ( #1663 ), #8002 ) ;
#9332 =( NAMED_UNIT ( * ) PLANE_ANGLE_UNIT ( ) SI_UNIT ( $, .RADIAN. ) );
#9333 = CARTESIAN_POINT ( 'NONE',  ( -1.589400000000000368, 0.09999999999999999167, 0.1968000000000001137 ) ) ;
#9334 = DIRECTION ( 'NONE',  ( 0.0000000000000000000, -1.000000000000000000, 0.0000000000000000000 ) ) ;
#9335 = VECTOR ( 'NONE', #206, 1000.000000000000000 ) ;
#9336 = CARTESIAN_POINT ( 'NONE',  ( 0.3325300686216491330, 0.0000000000000000000, 0.08429782759354335908 ) ) ;
#9337 = ADVANCED_FACE ( 'NONE', ( #1211 ), #3510, .F. ) ;
#9338 = CARTESIAN_POINT ( 'NONE',  ( 1.583302172406456876, 0.1000000000000000056, 0.1963566009016785296 ) ) ;
#9339 = FACE_OUTER_BOUND ( 'NONE', #5965, .T. ) ;
#9340 = VECTOR ( 'NONE', #12744, 1000.000000000000000 ) ;
#9341 = PRESENTATION_STYLE_ASSIGNMENT (( #11645 ) ) ;
#9342 = ORIENTED_EDGE ( 'NONE', *, *, #10486, .F. ) ;
#9343 = DIRECTION ( 'NONE',  ( 0.0000000000000000000, 0.0000000000000000000, -1.000000000000000000 ) ) ;
#9344 = VECTOR ( 'NONE', #10945, 1000.000000000000000 ) ;
#9345 = EDGE_CURVE ( 'NONE', #1870, #10007, #6155, .T. ) ;
#9346 = ORIENTED_EDGE ( 'NONE', *, *, #3291, .F. ) ;
#9347 = EDGE_CURVE ( 'NONE', #9799, #9398, #9993, .T. ) ;
#9348 = FILL_AREA_STYLE_COLOUR ( '', #165 ) ;
#9349 = CLOSED_SHELL ( 'NONE', ( #5446, #2390, #10994, #4761, #7783, #11513, #456, #7042, #2498, #1079 ) ) ;
#9350 = AXIS2_PLACEMENT_3D ( 'NONE', #5093, #124, #11992 ) ;
#9351 = FACE_OUTER_BOUND ( 'NONE', #7970, .T. ) ;
#9352 = CARTESIAN_POINT ( 'NONE',  ( 1.600000000000000311, 0.0000000000000000000, 0.2989999999999999880 ) ) ;
#9353 = CARTESIAN_POINT ( 'NONE',  ( 1.600030214339628554, 0.0000000000000000000, 0.05229999999999978416 ) ) ;
#9354 = VERTEX_POINT ( 'NONE', #9017 ) ;
#9355 = PRESENTATION_STYLE_ASSIGNMENT (( #1690 ) ) ;
#9356 = FILL_AREA_STYLE_COLOUR ( '', #3461 ) ;
#9357 = VECTOR ( 'NONE', #8450, 1000.000000000000000 ) ;
#9358 = VERTEX_POINT ( 'NONE', #4088 ) ;
#9359 = PLANE ( 'NONE',  #10040 ) ;
#9360 = SURFACE_STYLE_FILL_AREA ( #7649 ) ;
#9361 = AXIS2_PLACEMENT_3D ( 'NONE', #2009, #5964, #6010 ) ;
#9362 = PRESENTATION_STYLE_ASSIGNMENT (( #8768 ) ) ;
#9363 = DIRECTION ( 'NONE',  ( -0.0000000000000000000, -1.000000000000000000, -0.0000000000000000000 ) ) ;
#9364 = ORIENTED_EDGE ( 'NONE', *, *, #11411, .T. ) ;
#9365 = DIRECTION ( 'NONE',  ( 0.0000000000000000000, 0.0000000000000000000, 1.000000000000000000 ) ) ;
#9366 = CARTESIAN_POINT ( 'NONE',  ( 0.3202257238087359292, 0.0000000000000000000, -0.5000000000000002220 ) ) ;
#9367 = SURFACE_STYLE_FILL_AREA ( #5990 ) ;
#9368 = FILL_AREA_STYLE_COLOUR ( '', #2904 ) ;
#9369 = ORIENTED_EDGE ( 'NONE', *, *, #2261, .F. ) ;
#9370 =( LENGTH_UNIT ( ) NAMED_UNIT ( * ) SI_UNIT ( .MILLI., .METRE. ) );
#9371 = CARTESIAN_POINT ( 'NONE',  ( 0.4691278962151925191, 0.1000000000000000056, 0.4870999999999999219 ) ) ;
#9372 = DIRECTION ( 'NONE',  ( -1.000000000000000000, -0.0000000000000000000, -0.0000000000000000000 ) ) ;
#9373 = PRESENTATION_STYLE_ASSIGNMENT (( #7708 ) ) ;
#9374 = CARTESIAN_POINT ( 'NONE',  ( -1.600000000000000311, 0.5000000000000000000, 0.2990000000000000990 ) ) ;
#9375 = VECTOR ( 'NONE', #8360, 1000.000000000000000 ) ;
#9376 = AXIS2_PLACEMENT_3D ( 'NONE', #4253, #11131, #5233 ) ;
#9377 = EDGE_CURVE ( 'NONE', #8145, #5350, #5854, .T. ) ;
#9378 = PRESENTATION_LAYER_ASSIGNMENT (  '', '', ( #8066 ) ) ;
#9379 = ORIENTED_EDGE ( 'NONE', *, *, #12148, .F. ) ;
#9380 =( NAMED_UNIT ( * ) SI_UNIT ( $, .STERADIAN. ) SOLID_ANGLE_UNIT ( ) );
#9381 = VECTOR ( 'NONE', #6206, 1000.000000000000000 ) ;
#9382 = UNCERTAINTY_MEASURE_WITH_UNIT (LENGTH_MEASURE( 1.000000000000000082E-05 ), #731, 'distance_accuracy_value', 'NONE');
#9383 =( GEOMETRIC_REPRESENTATION_CONTEXT ( 3 ) GLOBAL_UNCERTAINTY_ASSIGNED_CONTEXT ( ( #5428 ) ) GLOBAL_UNIT_ASSIGNED_CONTEXT ( ( #642, #7554, #1630 ) ) REPRESENTATION_CONTEXT ( 'NONE', 'WORKASPACE' ) );
#9384 = CARTESIAN_POINT ( 'NONE',  ( -0.3202257238087359292, 0.1000000000000000056, -0.5000000000000002220 ) ) ;
#9385 = ADVANCED_FACE ( 'NONE', ( #3839 ), #7078, .T. ) ;
#9386 = ORIENTED_EDGE ( 'NONE', *, *, #11715, .F. ) ;
#9387 = LINE ( 'NONE', #10937, #1824 ) ;
#9388 = CARTESIAN_POINT ( 'NONE',  ( 1.296184350947589881, 0.1000000000000000056, 0.4868021724064565681 ) ) ;
#9389 = FILL_AREA_STYLE_COLOUR ( '', #7670 ) ;
#9390 = CARTESIAN_POINT ( 'NONE',  ( 1.067625723808735883, 0.1000000000000000056, -0.2003000000000001724 ) ) ;
#9391 = DIRECTION ( 'NONE',  ( 0.0000000000000000000, -1.000000000000000000, 0.0000000000000000000 ) ) ;
#9392 =( LENGTH_UNIT ( ) NAMED_UNIT ( * ) SI_UNIT ( .MILLI., .METRE. ) );
#9393 = LINE ( 'NONE', #5422, #6794 ) ;
#9394 = ADVANCED_FACE ( 'NONE', ( #7542 ), #8944, .T. ) ;
#9395 = AXIS2_PLACEMENT_3D ( 'NONE', #7517, #1587, #8503 ) ;
#9396 = FACE_OUTER_BOUND ( 'NONE', #2986, .T. ) ;
#9397 = FILL_AREA_STYLE ('',( #10362 ) ) ;
#9398 = VERTEX_POINT ( 'NONE', #6154 ) ;
#9399 = FACE_OUTER_BOUND ( 'NONE', #1745, .T. ) ;
#9400 = AXIS2_PLACEMENT_3D ( 'NONE', #4487, #6497, #561 ) ;
#9401 = VERTEX_POINT ( 'NONE', #220 ) ;
#9402 = STYLED_ITEM ( 'NONE', ( #9373 ), #442 ) ;
#9403 = DIRECTION ( 'NONE',  ( -0.0000000000000000000, -1.000000000000000000, -0.0000000000000000000 ) ) ;
#9404 = CARTESIAN_POINT ( 'NONE',  ( -0.3502300686216490710, 0.0000000000000000000, -0.2003000000000002556 ) ) ;
#9405 = EDGE_LOOP ( 'NONE', ( #2295, #5591, #6649, #7340 ) ) ;
#9406 = VECTOR ( 'NONE', #6569, 1000.000000000000114 ) ;
#9407 = SURFACE_SIDE_STYLE ('',( #7958 ) ) ;
#9408 =( NAMED_UNIT ( * ) SI_UNIT ( $, .STERADIAN. ) SOLID_ANGLE_UNIT ( ) );
#9409 = VECTOR ( 'NONE', #11293, 1000.000000000000000 ) ;
#9410 = CARTESIAN_POINT ( 'NONE',  ( 0.1624278962151925743, 0.1000000000000000056, -0.4849978275935435956 ) ) ;
#9411 = FACE_OUTER_BOUND ( 'NONE', #10184, .T. ) ;
#9412 = ADVANCED_FACE ( 'NONE', ( #3667 ), #1346, .F. ) ;
#9413 = ORIENTED_EDGE ( 'NONE', *, *, #7577, .T. ) ;
#9414 = PLANE ( 'NONE',  #4943 ) ;
#9415 = PRESENTATION_STYLE_ASSIGNMENT (( #3265 ) ) ;
#9416 =( NAMED_UNIT ( * ) PLANE_ANGLE_UNIT ( ) SI_UNIT ( $, .RADIAN. ) );
#9417 = ORIENTED_EDGE ( 'NONE', *, *, #1550, .T. ) ;
#9418 = CARTESIAN_POINT ( 'NONE',  ( -1.071200000000000374, 0.1000000000000000056, 0.1166021724064564002 ) ) ;
#9419 = ORIENTED_EDGE ( 'NONE', *, *, #9179, .F. ) ;
#9420 = VERTEX_POINT ( 'NONE', #8133 ) ;
#9421 = EDGE_CURVE ( 'NONE', #2043, #3201, #6308, .T. ) ;
#9422 = CARTESIAN_POINT ( 'NONE',  ( -1.296800000000000397, 0.5000000000000000000, 0.4823999999999999955 ) ) ;
#9423 = EDGE_CURVE ( 'NONE', #10626, #3201, #3991, .T. ) ;
#9424 = PRESENTATION_STYLE_ASSIGNMENT (( #159 ) ) ;
#9425 = STYLED_ITEM ( 'NONE', ( #3172 ), #5138 ) ;
#9426 = LINE ( 'NONE', #6523, #12051 ) ;
#9427 = CARTESIAN_POINT ( 'NONE',  ( -0.3502300686216489600, -0.0000000000000000000, -0.2153021724064567988 ) ) ;
#9428 = EDGE_CURVE ( 'NONE', #10872, #6011, #11217, .T. ) ;
#9429 = FILL_AREA_STYLE ('',( #8442 ) ) ;
#9430 = ORIENTED_EDGE ( 'NONE', *, *, #4885, .F. ) ;
#9431 = CARTESIAN_POINT ( 'NONE',  ( -1.299900000000000277, -0.0000000000000000000, -0.5000000000000002220 ) ) ;
#9432 = ORIENTED_EDGE ( 'NONE', *, *, #7071, .F. ) ;
#9433 = DIRECTION ( 'NONE',  ( -0.0000000000000000000, -0.0000000000000000000, -1.000000000000000000 ) ) ;
#9434 = ORIENTED_EDGE ( 'NONE', *, *, #10289, .T. ) ;
#9435 = EDGE_LOOP ( 'NONE', ( #5709, #2270, #1484, #9632 ) ) ;
#9436 = VECTOR ( 'NONE', #6050, 1000.000000000000000 ) ;
#9437 = FILL_AREA_STYLE_COLOUR ( '', #2694 ) ;
#9438 = EDGE_CURVE ( 'NONE', #27, #10878, #11531, .T. ) ;
#9439 = VECTOR ( 'NONE', #6481, 1000.000000000000000 ) ;
#9440 = DIRECTION ( 'NONE',  ( 0.0000000000000000000, -1.000000000000000000, 0.0000000000000000000 ) ) ;
#9441 = DIRECTION ( 'NONE',  ( -0.0000000000000000000, -1.000000000000000000, -0.0000000000000000000 ) ) ;
#9442 = DIRECTION ( 'NONE',  ( -0.0000000000000000000, 1.000000000000000000, -0.0000000000000000000 ) ) ;
#9443 = PRESENTATION_LAYER_ASSIGNMENT (  '', '', ( #8805 ) ) ;
#9444 = DIRECTION ( 'NONE',  ( -0.0000000000000000000, 1.000000000000000000, 0.0000000000000000000 ) ) ;
#9445 = ORIENTED_EDGE ( 'NONE', *, *, #10933, .T. ) ;
#9446 = VECTOR ( 'NONE', #2842, 1000.000000000000000 ) ;
#9447 = ORIENTED_EDGE ( 'NONE', *, *, #12368, .T. ) ;
#9448 = ORIENTED_EDGE ( 'NONE', *, *, #2956, .F. ) ;
#9449 = DIRECTION ( 'NONE',  ( 0.0000000000000000000, 0.0000000000000000000, -1.000000000000000000 ) ) ;
#9450 = COLOUR_RGB ( '',0.0000000000000000000, 0.7529411764705882248, 0.0000000000000000000 ) ;
#9451 = DIRECTION ( 'NONE',  ( 0.0000000000000000000, 0.0000000000000000000, 1.000000000000000000 ) ) ;
#9452 = CARTESIAN_POINT ( 'NONE',  ( -1.568300000000000249, 0.09999999999999999167, 0.1963566009016781411 ) ) ;
#9453 = ADVANCED_FACE ( 'NONE', ( #738 ), #7386, .T. ) ;
#9454 = DIRECTION ( 'NONE',  ( 0.0000000000000000000, -1.000000000000000000, 0.0000000000000000000 ) ) ;
#9455 = DIRECTION ( 'NONE',  ( 0.0000000000000000000, 0.0000000000000000000, 1.000000000000000000 ) ) ;
#9456 = ORIENTED_EDGE ( 'NONE', *, *, #9299, .T. ) ;
#9457 = EDGE_CURVE ( 'NONE', #2521, #3382, #9984, .T. ) ;
#9458 = ORIENTED_EDGE ( 'NONE', *, *, #1511, .F. ) ;
#9459 =( NAMED_UNIT ( * ) SI_UNIT ( $, .STERADIAN. ) SOLID_ANGLE_UNIT ( ) );
#9460 = CARTESIAN_POINT ( 'NONE',  ( -1.100000000000000755, 0.5000000000000000000, 0.5000000000000000000 ) ) ;
#9461 = UNCERTAINTY_MEASURE_WITH_UNIT (LENGTH_MEASURE( 1.000000000000000082E-05 ), #2941, 'distance_accuracy_value', 'NONE');
#9462 = VERTEX_POINT ( 'NONE', #11167 ) ;
#9463 = LINE ( 'NONE', #28, #4214 ) ;
#9464 = LINE ( 'NONE', #8114, #8862 ) ;
#9465 = EDGE_CURVE ( 'NONE', #6594, #6210, #12607, .T. ) ;
#9466 = COLOUR_RGB ( '',0.9686274509803921573, 0.8784313725490195957, 0.5999999999999999778 ) ;
#9467 = CARTESIAN_POINT ( 'NONE',  ( -0.3325300686216491330, 0.1000000000000000056, -0.1017000000000001098 ) ) ;
#9468 = ORIENTED_EDGE ( 'NONE', *, *, #5767, .T. ) ;
#9469 = VERTEX_POINT ( 'NONE', #3270 ) ;
#9470 = CYLINDRICAL_SURFACE ( 'NONE', #11709, 0.01500217240645653274 ) ;
#9471 = PLANE ( 'NONE',  #4337 ) ;
#9472 = MECHANICAL_DESIGN_GEOMETRIC_PRESENTATION_REPRESENTATION (  '', ( #7505 ), #10113 ) ;
#9473 = UNCERTAINTY_MEASURE_WITH_UNIT (LENGTH_MEASURE( 1.000000000000000082E-05 ), #7525, 'distance_accuracy_value', 'NONE');
#9474 = ADVANCED_FACE ( 'NONE', ( #5069 ), #10169, .T. ) ;
#9475 = DIRECTION ( 'NONE',  ( 1.000000000000000000, 0.0000000000000000000, -0.0000000000000000000 ) ) ;
#9476 = STYLED_ITEM ( 'NONE', ( #8721 ), #6998 ) ;
#9477 =( NAMED_UNIT ( * ) SI_UNIT ( $, .STERADIAN. ) SOLID_ANGLE_UNIT ( ) );
#9478 = CARTESIAN_POINT ( 'NONE',  ( -1.296800000000000397, 0.09999999999999999167, 0.4893999999999999462 ) ) ;
#9479 = FILL_AREA_STYLE_COLOUR ( '', #12104 ) ;
#9480 = VERTEX_POINT ( 'NONE', #6330 ) ;
#9481 = EDGE_CURVE ( 'NONE', #11218, #12661, #1200, .T. ) ;
#9482 = VECTOR ( 'NONE', #10038, 1000.000000000000000 ) ;
#9483 = LINE ( 'NONE', #1129, #1918 ) ;
#9484 = CARTESIAN_POINT ( 'NONE',  ( -1.086202172406457001, 0.1000000000000000056, 0.4717999999999998306 ) ) ;
#9485 = PRESENTATION_STYLE_ASSIGNMENT (( #380 ) ) ;
#9486 = PRESENTATION_STYLE_ASSIGNMENT (( #6571 ) ) ;
#9487 = ORIENTED_EDGE ( 'NONE', *, *, #11839, .T. ) ;
#9488 = ORIENTED_EDGE ( 'NONE', *, *, #5891, .F. ) ;
#9489 = CIRCLE ( 'NONE', #1610, 0.01500217240645655876 ) ;
#9490 = ORIENTED_EDGE ( 'NONE', *, *, #348, .F. ) ;
#9491 = PLANE ( 'NONE',  #11373 ) ;
#9492 = CARTESIAN_POINT ( 'NONE',  ( -1.600000000000000311, 0.09999999999999999167, 0.2074000000000001120 ) ) ;
#9493 = AXIS2_PLACEMENT_3D ( 'NONE', #5955, #1031, #7932 ) ;
#9494 = DIRECTION ( 'NONE',  ( 0.0000000000000000000, 0.0000000000000000000, -1.000000000000000000 ) ) ;
#9495 = VERTEX_POINT ( 'NONE', #4371 ) ;
#9496 = EDGE_CURVE ( 'NONE', #8181, #12178, #3826, .T. ) ;
#9497 = DIRECTION ( 'NONE',  ( -0.0000000000000000000, -1.000000000000000000, -0.0000000000000000000 ) ) ;
#9498 = ORIENTED_EDGE ( 'NONE', *, *, #3899, .T. ) ;
#9499 = LINE ( 'NONE', #4651, #11818 ) ;
#9500 =( GEOMETRIC_REPRESENTATION_CONTEXT ( 3 ) GLOBAL_UNCERTAINTY_ASSIGNED_CONTEXT ( ( #7299 ) ) GLOBAL_UNIT_ASSIGNED_CONTEXT ( ( #2807, #9740, #3837 ) ) REPRESENTATION_CONTEXT ( 'NONE', 'WORKASPACE' ) );
#9501 = STYLED_ITEM ( 'NONE', ( #3734 ), #4678 ) ;
#9502 = PLANE ( 'NONE',  #2260 ) ;
#9503 = DIRECTION ( 'NONE',  ( 0.0000000000000000000, 0.0000000000000000000, 1.000000000000000000 ) ) ;
#9504 = PLANE ( 'NONE',  #8582 ) ;
#9505 = ORIENTED_EDGE ( 'NONE', *, *, #2777, .F. ) ;
#9506 = DIRECTION ( 'NONE',  ( 0.0000000000000000000, 0.0000000000000000000, -1.000000000000000000 ) ) ;
#9507 = ORIENTED_EDGE ( 'NONE', *, *, #10903, .F. ) ;
#9508 = FACE_OUTER_BOUND ( 'NONE', #9316, .T. ) ;
#9509 = EDGE_CURVE ( 'NONE', #761, #6849, #11364, .T. ) ;
#9510 = CIRCLE ( 'NONE', #5332, 0.01500217240645653274 ) ;
#9511 = VERTEX_POINT ( 'NONE', #8295 ) ;
#9512 = VECTOR ( 'NONE', #359, 1000.000000000000000 ) ;
#9513 = VECTOR ( 'NONE', #9754, 1000.000000000000000 ) ;
#9514 = VECTOR ( 'NONE', #11884, 1000.000000000000000 ) ;
#9515 = DIRECTION ( 'NONE',  ( -4.843431639425975498E-16, 0.0000000000000000000, 1.000000000000000000 ) ) ;
#9516 = EDGE_CURVE ( 'NONE', #8516, #8764, #4751, .T. ) ;
#9517 = ORIENTED_EDGE ( 'NONE', *, *, #8537, .T. ) ;
#9518 = EDGE_CURVE ( 'NONE', #11360, #1935, #895, .T. ) ;
#9519 =( NAMED_UNIT ( * ) PLANE_ANGLE_UNIT ( ) SI_UNIT ( $, .RADIAN. ) );
#9520 = ADVANCED_FACE ( 'NONE', ( #11048 ), #5393, .T. ) ;
#9521 = LINE ( 'NONE', #2414, #11844 ) ;
#9522 = DIRECTION ( 'NONE',  ( 0.0000000000000000000, -0.0000000000000000000, 1.000000000000000000 ) ) ;
#9523 = FACE_OUTER_BOUND ( 'NONE', #7668, .T. ) ;
#9524 = DIRECTION ( 'NONE',  ( 0.0000000000000000000, -1.000000000000000000, 0.0000000000000000000 ) ) ;
#9525 = DIRECTION ( 'NONE',  ( -4.179009298818627440E-17, 0.0000000000000000000, 1.000000000000000000 ) ) ;
#9526 = VECTOR ( 'NONE', #3604, 1000.000000000000000 ) ;
#9527 = DIRECTION ( 'NONE',  ( -0.0000000000000000000, -1.000000000000000000, -0.0000000000000000000 ) ) ;
#9528 = PRESENTATION_LAYER_ASSIGNMENT (  '', '', ( #8206 ) ) ;
#9529 = ORIENTED_EDGE ( 'NONE', *, *, #6127, .F. ) ;
#9530 = AXIS2_PLACEMENT_3D ( 'NONE', #619, #7533, #8521 ) ;
#9531 = DIRECTION ( 'NONE',  ( 0.7071067811865474617, 0.0000000000000000000, -0.7071067811865474617 ) ) ;
#9532 = ORIENTED_EDGE ( 'NONE', *, *, #5331, .T. ) ;
#9533 = DIRECTION ( 'NONE',  ( -0.0000000000000000000, 1.000000000000000000, -0.0000000000000000000 ) ) ;
#9534 = SURFACE_SIDE_STYLE ('',( #7683 ) ) ;
#9535 = PLANE ( 'NONE',  #5305 ) ;
#9536 = CIRCLE ( 'NONE', #6712, 0.01500217240645653274 ) ;
#9537 =( NAMED_UNIT ( * ) PLANE_ANGLE_UNIT ( ) SI_UNIT ( $, .RADIAN. ) );
#9538 = EDGE_CURVE ( 'NONE', #2432, #9469, #2254, .T. ) ;
#9539 = ADVANCED_FACE ( 'NONE', ( #4587 ), #12338, .F. ) ;
#9540 = DIRECTION ( 'NONE',  ( 0.0000000000000000000, 0.0000000000000000000, 1.000000000000000000 ) ) ;
#9541 = ORIENTED_EDGE ( 'NONE', *, *, #10808, .T. ) ;
#9542 = LINE ( 'NONE', #12020, #4296 ) ;
#9543 = DIRECTION ( 'NONE',  ( 0.0000000000000000000, 0.0000000000000000000, 1.000000000000000000 ) ) ;
#9544 = LINE ( 'NONE', #12655, #6644 ) ;
#9545 =( GEOMETRIC_REPRESENTATION_CONTEXT ( 3 ) GLOBAL_UNCERTAINTY_ASSIGNED_CONTEXT ( ( #6226 ) ) GLOBAL_UNIT_ASSIGNED_CONTEXT ( ( #925, #2872, #9792 ) ) REPRESENTATION_CONTEXT ( 'NONE', 'WORKASPACE' ) );
#9546 = ORIENTED_EDGE ( 'NONE', *, *, #1318, .T. ) ;
#9547 = CIRCLE ( 'NONE', #2283, 0.01500217240645658652 ) ;
#9548 = EDGE_CURVE ( 'NONE', #4601, #7861, #8932, .T. ) ;
#9549 = STYLED_ITEM ( 'NONE', ( #9101 ), #9093 ) ;
#9550 = VERTEX_POINT ( 'NONE', #569 ) ;
#9551 = PLANE ( 'NONE',  #6863 ) ;
#9552 = DIRECTION ( 'NONE',  ( 0.0000000000000000000, 0.0000000000000000000, -1.000000000000000000 ) ) ;
#9553 = LINE ( 'NONE', #1556, #6965 ) ;
#9554 = ORIENTED_EDGE ( 'NONE', *, *, #7880, .F. ) ;
#9555 = VECTOR ( 'NONE', #6411, 1000.000000000000000 ) ;
#9556 = ORIENTED_EDGE ( 'NONE', *, *, #2146, .F. ) ;
#9557 = DIRECTION ( 'NONE',  ( 0.0000000000000000000, 0.0000000000000000000, -1.000000000000000000 ) ) ;
#9558 = ORIENTED_EDGE ( 'NONE', *, *, #8310, .F. ) ;
#9559 = DIRECTION ( 'NONE',  ( -0.0000000000000000000, 1.000000000000000000, -0.0000000000000000000 ) ) ;
#9560 = VECTOR ( 'NONE', #7255, 1000.000000000000000 ) ;
#9561 = DIRECTION ( 'NONE',  ( -0.0000000000000000000, 1.000000000000000000, -0.0000000000000000000 ) ) ;
#9562 = FACE_OUTER_BOUND ( 'NONE', #9903, .T. ) ;
#9563 =( GEOMETRIC_REPRESENTATION_CONTEXT ( 3 ) GLOBAL_UNCERTAINTY_ASSIGNED_CONTEXT ( ( #1434 ) ) GLOBAL_UNIT_ASSIGNED_CONTEXT ( ( #1093, #7998, #2061 ) ) REPRESENTATION_CONTEXT ( 'NONE', 'WORKASPACE' ) );
#9564 = CARTESIAN_POINT ( 'NONE',  ( 0.3766302143396287327, 0.0000000000000000000, 0.05229999999999979110 ) ) ;
#9565 =( GEOMETRIC_REPRESENTATION_CONTEXT ( 3 ) GLOBAL_UNCERTAINTY_ASSIGNED_CONTEXT ( ( #3436 ) ) GLOBAL_UNIT_ASSIGNED_CONTEXT ( ( #4513, #11405, #5505 ) ) REPRESENTATION_CONTEXT ( 'NONE', 'WORKASPACE' ) );
#9566 = UNCERTAINTY_MEASURE_WITH_UNIT (LENGTH_MEASURE( 1.000000000000000082E-05 ), #6746, 'distance_accuracy_value', 'NONE');
#9567 = ORIENTED_EDGE ( 'NONE', *, *, #10757, .T. ) ;
#9568 = VERTEX_POINT ( 'NONE', #2407 ) ;
#9569 = ADVANCED_FACE ( 'NONE', ( #11206 ), #8471, .F. ) ;
#9570 = DIRECTION ( 'NONE',  ( 0.0000000000000000000, -1.000000000000000000, 0.0000000000000000000 ) ) ;
#9571 = CARTESIAN_POINT ( 'NONE',  ( 0.7009302143396288765, 0.1000000000000000056, 0.4999999999999993339 ) ) ;
#9572 = DIRECTION ( 'NONE',  ( 0.0000000000000000000, 0.0000000000000000000, 1.000000000000000000 ) ) ;
#9573 = ORIENTED_EDGE ( 'NONE', *, *, #4206, .T. ) ;
#9574 = DIRECTION ( 'NONE',  ( 0.0000000000000000000, 0.0000000000000000000, -1.000000000000000000 ) ) ;
#9575 = VECTOR ( 'NONE', #4130, 1000.000000000000000 ) ;
#9576 = DIRECTION ( 'NONE',  ( 0.0000000000000000000, -0.0000000000000000000, -1.000000000000000000 ) ) ;
#9577 = VERTEX_POINT ( 'NONE', #1559 ) ;
#9578 = SURFACE_STYLE_USAGE ( .BOTH. , #2657 ) ;
#9579 =( NAMED_UNIT ( * ) SI_UNIT ( $, .STERADIAN. ) SOLID_ANGLE_UNIT ( ) );
#9580 = CARTESIAN_POINT ( 'NONE',  ( -1.571800000000000308, 0.09999999999999999167, 0.1862000000000001432 ) ) ;
#9581 = EDGE_CURVE ( 'NONE', #7827, #12178, #1053, .T. ) ;
#9582 = ORIENTED_EDGE ( 'NONE', *, *, #2139, .T. ) ;
#9583 = EDGE_CURVE ( 'NONE', #3372, #605, #3659, .T. ) ;
#9584 = ORIENTED_EDGE ( 'NONE', *, *, #7378, .T. ) ;
#9585 =( NAMED_UNIT ( * ) PLANE_ANGLE_UNIT ( ) SI_UNIT ( $, .RADIAN. ) );
#9586 = ORIENTED_EDGE ( 'NONE', *, *, #6934, .F. ) ;
#9587 = ORIENTED_EDGE ( 'NONE', *, *, #12709, .F. ) ;
#9588 = LINE ( 'NONE', #7772, #11921 ) ;
#9589 = CARTESIAN_POINT ( 'NONE',  ( 0.4691278962151925191, 0.0000000000000000000, 0.4870999999999999219 ) ) ;
#9590 = EDGE_CURVE ( 'NONE', #12661, #5976, #8615, .T. ) ;
#9591 = CIRCLE ( 'NONE', #11126, 0.01500217240645658652 ) ;
#9592 = PLANE ( 'NONE',  #908 ) ;
#9593 = CARTESIAN_POINT ( 'NONE',  ( 0.6304257238087360715, 0.1000000000000000056, 0.4826978275935433493 ) ) ;
#9594 = DIRECTION ( 'NONE',  ( 0.0000000000000000000, -1.000000000000000000, 0.0000000000000000000 ) ) ;
#9595 = ADVANCED_FACE ( 'NONE', ( #5668 ), #9504, .T. ) ;
#9596 = ORIENTED_EDGE ( 'NONE', *, *, #5500, .F. ) ;
#9597 = SURFACE_SIDE_STYLE ('',( #5496 ) ) ;
#9598 = VECTOR ( 'NONE', #384, 1000.000000000000000 ) ;
#9599 = EDGE_LOOP ( 'NONE', ( #12152, #9558, #8038, #2541, #3112 ) ) ;
#9600 =( GEOMETRIC_REPRESENTATION_CONTEXT ( 3 ) GLOBAL_UNCERTAINTY_ASSIGNED_CONTEXT ( ( #8184 ) ) GLOBAL_UNIT_ASSIGNED_CONTEXT ( ( #6782, #857, #7770 ) ) REPRESENTATION_CONTEXT ( 'NONE', 'WORKASPACE' ) );
#9601 = DIRECTION ( 'NONE',  ( 0.0000000000000000000, -1.000000000000000000, 0.0000000000000000000 ) ) ;
#9602 = CARTESIAN_POINT ( 'NONE',  ( -1.562027896215192557, 0.1000000000000000056, -0.1857361597196679204 ) ) ;
#9603 = DIRECTION ( 'NONE',  ( 0.0000000000000000000, -1.000000000000000000, 0.0000000000000000000 ) ) ;
#9604 = COLOUR_RGB ( '',0.0000000000000000000, 0.7529411764705882248, 0.0000000000000000000 ) ;
#9605 = VECTOR ( 'NONE', #11194, 1000.000000000000000 ) ;
#9606 =( NAMED_UNIT ( * ) SI_UNIT ( $, .STERADIAN. ) SOLID_ANGLE_UNIT ( ) );
#9607 = CIRCLE ( 'NONE', #6197, 0.01500217240645653274 ) ;
#9608 = CARTESIAN_POINT ( 'NONE',  ( -0.3175278962151925066, 0.0000000000000000000, -0.08669782759354346946 ) ) ;
#9609 = ORIENTED_EDGE ( 'NONE', *, *, #4097, .F. ) ;
#9610 =( NAMED_UNIT ( * ) SI_UNIT ( $, .STERADIAN. ) SOLID_ANGLE_UNIT ( ) );
#9611 =( NAMED_UNIT ( * ) PLANE_ANGLE_UNIT ( ) SI_UNIT ( $, .RADIAN. ) );
#9612 = LINE ( 'NONE', #7498, #5030 ) ;
#9613 = EDGE_LOOP ( 'NONE', ( #11348, #11032, #9025, #5160 ) ) ;
#9614 = CARTESIAN_POINT ( 'NONE',  ( -1.086202172406457001, 0.1000000000000000056, 0.1015999999999997599 ) ) ;
#9615 = FACE_OUTER_BOUND ( 'NONE', #10357, .T. ) ;
#9616 = VECTOR ( 'NONE', #4887, 1000.000000000000000 ) ;
#9617 = CARTESIAN_POINT ( 'NONE',  ( -1.600000000000000311, 0.5000000000000000000, -0.5000000000000000000 ) ) ;
#9618 = CARTESIAN_POINT ( 'NONE',  ( -0.1004848928301857874, 0.1000000000000000056, 0.4999999999999997780 ) ) ;
#9619 = DIRECTION ( 'NONE',  ( 1.000000000000000000, -0.0000000000000000000, -0.0000000000000000000 ) ) ;
#9620 = EDGE_CURVE ( 'NONE', #2736, #6472, #9975, .T. ) ;
#9621 = DIRECTION ( 'NONE',  ( 0.0000000000000000000, 0.0000000000000000000, -1.000000000000000000 ) ) ;
#9622 = UNCERTAINTY_MEASURE_WITH_UNIT (LENGTH_MEASURE( 1.000000000000000082E-05 ), #4406, 'distance_accuracy_value', 'NONE');
#9623 = MECHANICAL_DESIGN_GEOMETRIC_PRESENTATION_REPRESENTATION (  '', ( #7660 ), #10258 ) ;
#9624 = CARTESIAN_POINT ( 'NONE',  ( -1.071200000000000374, 0.1000000000000000056, 0.4567978275935431487 ) ) ;
#9625 = DIRECTION ( 'NONE',  ( -0.0000000000000000000, 1.000000000000000000, -0.0000000000000000000 ) ) ;
#9626 =( GEOMETRIC_REPRESENTATION_CONTEXT ( 3 ) GLOBAL_UNCERTAINTY_ASSIGNED_CONTEXT ( ( #10011 ) ) GLOBAL_UNIT_ASSIGNED_CONTEXT ( ( #9276, #3348, #10231 ) ) REPRESENTATION_CONTEXT ( 'NONE', 'WORKASPACE' ) );
#9627 = CARTESIAN_POINT ( 'NONE',  ( -1.296184350947589881, 0.1000000000000000056, 0.4868021724064562350 ) ) ;
#9628 = ORIENTED_EDGE ( 'NONE', *, *, #10982, .T. ) ;
#9629 = EDGE_LOOP ( 'NONE', ( #12580, #4210, #7354, #10538 ) ) ;
#9630 = FILL_AREA_STYLE ('',( #7669 ) ) ;
#9631 = VECTOR ( 'NONE', #4444, 1000.000000000000114 ) ;
#9632 = ORIENTED_EDGE ( 'NONE', *, *, #7247, .T. ) ;
#9633 = PLANE ( 'NONE',  #7102 ) ;
#9634 = ORIENTED_EDGE ( 'NONE', *, *, #886, .F. ) ;
#9635 = DIRECTION ( 'NONE',  ( -0.0000000000000000000, 1.000000000000000000, -0.0000000000000000000 ) ) ;
#9636 = PRESENTATION_STYLE_ASSIGNMENT (( #249 ) ) ;
#9637 = CARTESIAN_POINT ( 'NONE',  ( 1.562027896215192557, 0.1000000000000000056, -0.1167021724064567917 ) ) ;
#9638 = PLANE ( 'NONE',  #4679 ) ;
#9639 = ADVANCED_FACE ( 'NONE', ( #2106 ), #7076, .T. ) ;
#9640 = VECTOR ( 'NONE', #2121, 1000.000000000000000 ) ;
#9641 = CARTESIAN_POINT ( 'NONE',  ( 0.3325300686216491330, 0.0000000000000000000, -0.1017000000000001098 ) ) ;
#9642 = LINE ( 'NONE', #11768, #9340 ) ;
#9643 = MECHANICAL_DESIGN_GEOMETRIC_PRESENTATION_REPRESENTATION (  '', ( #8317 ), #10273 ) ;
#9644 = LINE ( 'NONE', #7898, #8411 ) ;
#9645 = COLOUR_RGB ( '',0.9686274509803921573, 0.8784313725490195957, 0.5999999999999999778 ) ;
#9646 = ORIENTED_EDGE ( 'NONE', *, *, #7208, .F. ) ;
#9647 = AXIS2_PLACEMENT_3D ( 'NONE', #10122, #6230, #294 ) ;
#9648 = DIRECTION ( 'NONE',  ( -0.0000000000000000000, -1.000000000000000000, -0.0000000000000000000 ) ) ;
#9649 =( NAMED_UNIT ( * ) PLANE_ANGLE_UNIT ( ) SI_UNIT ( $, .RADIAN. ) );
#9650 = VECTOR ( 'NONE', #3045, 1000.000000000000000 ) ;
#9651 =( NAMED_UNIT ( * ) PLANE_ANGLE_UNIT ( ) SI_UNIT ( $, .RADIAN. ) );
#9652 = ORIENTED_EDGE ( 'NONE', *, *, #6244, .F. ) ;
#9653 = DIRECTION ( 'NONE',  ( 1.000000000000000000, 0.0000000000000000000, -0.0000000000000000000 ) ) ;
#9654 = ORIENTED_EDGE ( 'NONE', *, *, #9709, .F. ) ;
#9655 = VECTOR ( 'NONE', #1778, 1000.000000000000000 ) ;
#9656 = ORIENTED_EDGE ( 'NONE', *, *, #4072, .F. ) ;
#9657 = CARTESIAN_POINT ( 'NONE',  ( -1.578123678570672261, 0.1000000000000000056, -0.2006984187132972997 ) ) ;
#9658 = PRESENTATION_STYLE_ASSIGNMENT (( #8620 ) ) ;
#9659 = SURFACE_STYLE_FILL_AREA ( #7061 ) ;
#9660 = LINE ( 'NONE', #4312, #7366 ) ;
#9661 = DIRECTION ( 'NONE',  ( 0.0000000000000000000, 0.0000000000000000000, 1.000000000000000000 ) ) ;
#9662 = DIRECTION ( 'NONE',  ( 0.0000000000000000000, 0.0000000000000000000, 1.000000000000000000 ) ) ;
#9663 = VERTEX_POINT ( 'NONE', #12685 ) ;
#9664 = VECTOR ( 'NONE', #9506, 1000.000000000000000 ) ;
#9665 = CARTESIAN_POINT ( 'NONE',  ( -1.285174339670224430, -0.0000000000000000000, -0.4868021724064567901 ) ) ;
#9666 = CARTESIAN_POINT ( 'NONE',  ( -0.1774300686216491452, -0.0000000000000000000, -0.4849978275935435956 ) ) ;
#9667 = CARTESIAN_POINT ( 'NONE',  ( 0.3175278962151924511, 0.1000000000000000056, 0.4800999999999998047 ) ) ;
#9668 = EDGE_CURVE ( 'NONE', #7834, #6511, #4740, .T. ) ;
#9669 =( NAMED_UNIT ( * ) PLANE_ANGLE_UNIT ( ) SI_UNIT ( $, .RADIAN. ) );
#9670 = ORIENTED_EDGE ( 'NONE', *, *, #9992, .F. ) ;
#9671 = STYLED_ITEM ( 'NONE', ( #12761 ), #4958 ) ;
#9672 = ADVANCED_FACE ( 'NONE', ( #9674 ), #9768, .T. ) ;
#9673 = CARTESIAN_POINT ( 'NONE',  ( -1.571800000000000308, 0.5000000000000000000, 0.1862000000000001432 ) ) ;
#9674 = FACE_OUTER_BOUND ( 'NONE', #2195, .T. ) ;
#9675 = DIRECTION ( 'NONE',  ( -0.0000000000000000000, 1.000000000000000000, -0.0000000000000000000 ) ) ;
#9676 = SURFACE_STYLE_USAGE ( .BOTH. , #2742 ) ;
#9677 = EDGE_CURVE ( 'NONE', #6351, #3080, #883, .T. ) ;
#9678 = LINE ( 'NONE', #11677, #2113 ) ;
#9679 = CARTESIAN_POINT ( 'NONE',  ( 1.568300000000000249, 0.0000000000000000000, 0.1166021724064566778 ) ) ;
#9680 = CYLINDRICAL_SURFACE ( 'NONE', #12678, 0.3001000000000000334 ) ;
#9681 = ORIENTED_EDGE ( 'NONE', *, *, #6073, .T. ) ;
#9682 = PLANE ( 'NONE',  #9079 ) ;
#9683 = PRESENTATION_STYLE_ASSIGNMENT (( #10655 ) ) ;
#9684 = EDGE_CURVE ( 'NONE', #1062, #8105, #8765, .T. ) ;
#9685 = PRESENTATION_STYLE_ASSIGNMENT (( #10208 ) ) ;
#9686 =( NAMED_UNIT ( * ) PLANE_ANGLE_UNIT ( ) SI_UNIT ( $, .RADIAN. ) );
#9687 = PLANE ( 'NONE',  #4873 ) ;
#9688 = STYLED_ITEM ( 'NONE', ( #7506 ), #6384 ) ;
#9689 = VECTOR ( 'NONE', #8660, 1000.000000000000000 ) ;
#9690 = CARTESIAN_POINT ( 'NONE',  ( 1.311172388391701915, 0.09999999999999999167, 0.4874532564923816369 ) ) ;
#9691 = ORIENTED_EDGE ( 'NONE', *, *, #5543, .T. ) ;
#9692 = DIRECTION ( 'NONE',  ( 0.0000000000000000000, 0.0000000000000000000, 1.000000000000000000 ) ) ;
#9693 = CARTESIAN_POINT ( 'NONE',  ( 0.3175278962151924511, 0.1000000000000000056, 0.4800999999999998047 ) ) ;
#9694 = CIRCLE ( 'NONE', #5058, 0.01500217240645655876 ) ;
#9695 = PRESENTATION_STYLE_ASSIGNMENT (( #7981 ) ) ;
#9696 = ORIENTED_EDGE ( 'NONE', *, *, #9581, .F. ) ;
#9697 = AXIS2_PLACEMENT_3D ( 'NONE', #1985, #3983, #10853 ) ;
#9698 = EDGE_CURVE ( 'NONE', #10585, #9280, #3484, .T. ) ;
#9699 = ORIENTED_EDGE ( 'NONE', *, *, #9716, .F. ) ;
#9700 = CARTESIAN_POINT ( 'NONE',  ( -0.3352278962151925557, 0.1000000000000000056, -0.4849978275935435956 ) ) ;
#9701 = CARTESIAN_POINT ( 'NONE',  ( 0.1005151071698142246, 0.1000000000000000056, 0.4999999999999997780 ) ) ;
#9702 = DIRECTION ( 'NONE',  ( -0.0000000000000000000, -1.000000000000000000, -0.0000000000000000000 ) ) ;
#9703 = SURFACE_STYLE_FILL_AREA ( #7900 ) ;
#9704 = DIRECTION ( 'NONE',  ( -0.0000000000000000000, -1.000000000000000000, -0.0000000000000000000 ) ) ;
#9705 = VECTOR ( 'NONE', #8413, 1000.000000000000000 ) ;
#9706 = ADVANCED_FACE ( 'NONE', ( #5827 ), #7882, .T. ) ;
#9707 = CARTESIAN_POINT ( 'NONE',  ( -1.600000000000000311, 0.1000000000000000056, 0.4999999999999995559 ) ) ;
#9708 = CARTESIAN_POINT ( 'NONE',  ( -1.577030068621648962, 0.1000000000000000056, -0.1857361597196679204 ) ) ;
#9709 = EDGE_CURVE ( 'NONE', #12278, #1256, #12438, .T. ) ;
#9710 = DIRECTION ( 'NONE',  ( -0.0000000000000000000, -1.000000000000000000, -0.0000000000000000000 ) ) ;
#9711 = ORIENTED_EDGE ( 'NONE', *, *, #6028, .T. ) ;
#9712 = PLANE ( 'NONE',  #7343 ) ;
#9713 = CARTESIAN_POINT ( 'NONE',  ( -1.583302172406456876, 0.0000000000000000000, 0.1963566009016781411 ) ) ;
#9714 = DIRECTION ( 'NONE',  ( -1.107775638063495441E-17, 0.0000000000000000000, -1.000000000000000000 ) ) ;
#9715 = ORIENTED_EDGE ( 'NONE', *, *, #9838, .T. ) ;
#9716 = EDGE_CURVE ( 'NONE', #4551, #11218, #4893, .T. ) ;
#9717 = DIRECTION ( 'NONE',  ( 0.0000000000000000000, 0.0000000000000000000, -1.000000000000000000 ) ) ;
#9718 = EDGE_LOOP ( 'NONE', ( #12413, #4060, #1377, #4993 ) ) ;
#9719 = VECTOR ( 'NONE', #3523, 1000.000000000000000 ) ;
#9720 = DIRECTION ( 'NONE',  ( -1.000000000000000000, 0.0000000000000000000, 0.0000000000000000000 ) ) ;
#9721 = EDGE_CURVE ( 'NONE', #10547, #2321, #9821, .T. ) ;
#9722 = MECHANICAL_DESIGN_GEOMETRIC_PRESENTATION_REPRESENTATION (  '', ( #7755 ), #10347 ) ;
#9723 = VECTOR ( 'NONE', #11177, 1000.000000000000000 ) ;
#9724 = ORIENTED_EDGE ( 'NONE', *, *, #3527, .T. ) ;
#9725 = VECTOR ( 'NONE', #252, 1000.000000000000000 ) ;
#9726 =( GEOMETRIC_REPRESENTATION_CONTEXT ( 3 ) GLOBAL_UNCERTAINTY_ASSIGNED_CONTEXT ( ( #7201 ) ) GLOBAL_UNIT_ASSIGNED_CONTEXT ( ( #6629, #697, #7609 ) ) REPRESENTATION_CONTEXT ( 'NONE', 'WORKASPACE' ) );
#9727 = SURFACE_STYLE_USAGE ( .BOTH. , #2798 ) ;
#9728 = ORIENTED_EDGE ( 'NONE', *, *, #9428, .T. ) ;
#9729 = AXIS2_PLACEMENT_3D ( 'NONE', #11796, #5911, #12767 ) ;
#9730 = CARTESIAN_POINT ( 'NONE',  ( -1.577030068621648962, 0.0000000000000000000, -0.2007383321261244913 ) ) ;
#9731 = ORIENTED_EDGE ( 'NONE', *, *, #2075, .F. ) ;
#9732 = ORIENTED_EDGE ( 'NONE', *, *, #12317, .T. ) ;
#9733 = CARTESIAN_POINT ( 'NONE',  ( -0.4691278962151925191, 0.1000000000000000056, 0.4800999999999999157 ) ) ;
#9734 = EDGE_CURVE ( 'NONE', #2306, #7691, #2243, .T. ) ;
#9735 = LINE ( 'NONE', #862, #12212 ) ;
#9736 = LINE ( 'NONE', #8031, #2160 ) ;
#9737 = ADVANCED_FACE ( 'NONE', ( #4269 ), #1066, .F. ) ;
#9738 = LINE ( 'NONE', #1529, #4482 ) ;
#9739 = DIRECTION ( 'NONE',  ( 1.000000000000000000, 0.0000000000000000000, 0.0000000000000000000 ) ) ;
#9740 =( NAMED_UNIT ( * ) PLANE_ANGLE_UNIT ( ) SI_UNIT ( $, .RADIAN. ) );
#9741 = DIRECTION ( 'NONE',  ( -0.0000000000000000000, -1.000000000000000000, -0.0000000000000000000 ) ) ;
#9742 = CARTESIAN_POINT ( 'NONE',  ( -1.399000000000000243, 0.5000000000000000000, -0.5000000000000002220 ) ) ;
#9743 = ORIENTED_EDGE ( 'NONE', *, *, #3527, .F. ) ;
#9744 = PRESENTATION_LAYER_ASSIGNMENT (  '', '', ( #9092 ) ) ;
#9745 = EDGE_CURVE ( 'NONE', #765, #1367, #12133, .T. ) ;
#9746 = DIRECTION ( 'NONE',  ( -0.0000000000000000000, -1.000000000000000000, -0.0000000000000000000 ) ) ;
#9747 = ORIENTED_EDGE ( 'NONE', *, *, #8842, .F. ) ;
#9748 = FACE_OUTER_BOUND ( 'NONE', #11147, .T. ) ;
#9749 =( GEOMETRIC_REPRESENTATION_CONTEXT ( 3 ) GLOBAL_UNCERTAINTY_ASSIGNED_CONTEXT ( ( #1347 ) ) GLOBAL_UNIT_ASSIGNED_CONTEXT ( ( #8496, #2548, #9477 ) ) REPRESENTATION_CONTEXT ( 'NONE', 'WORKASPACE' ) );
#9750 = ORIENTED_EDGE ( 'NONE', *, *, #12148, .T. ) ;
#9751 = AXIS2_PLACEMENT_3D ( 'NONE', #1030, #7931, #2000 ) ;
#9752 = CARTESIAN_POINT ( 'NONE',  ( -0.7009000000000000785, 0.1000000000000000056, 0.05229999999999980498 ) ) ;
#9753 = DIRECTION ( 'NONE',  ( 0.0000000000000000000, -1.000000000000000000, 0.0000000000000000000 ) ) ;
#9754 = DIRECTION ( 'NONE',  ( -1.000000000000000000, -0.0000000000000000000, -0.0000000000000000000 ) ) ;
#9755 = CARTESIAN_POINT ( 'NONE',  ( 1.082627896215192509, 0.0000000000000000000, -0.2153021724064568543 ) ) ;
#9756 = CARTESIAN_POINT ( 'NONE',  ( -1.082627896215192509, 0.1000000000000000056, -0.4567978275935435928 ) ) ;
#9757 = SURFACE_STYLE_USAGE ( .BOTH. , #2822 ) ;
#9758 = DIRECTION ( 'NONE',  ( -3.141067797710766655E-15, 0.0000000000000000000, -1.000000000000000000 ) ) ;
#9759 = ORIENTED_EDGE ( 'NONE', *, *, #12708, .F. ) ;
#9760 = VECTOR ( 'NONE', #11708, 1000.000000000000114 ) ;
#9761 = CARTESIAN_POINT ( 'NONE',  ( -1.310900000000000176, 0.0000000000000000000, 0.4999999999999997780 ) ) ;
#9762 = ORIENTED_EDGE ( 'NONE', *, *, #11059, .T. ) ;
#9763 = ORIENTED_EDGE ( 'NONE', *, *, #7793, .T. ) ;
#9764 = DIRECTION ( 'NONE',  ( 0.0000000000000000000, 0.0000000000000000000, -1.000000000000000000 ) ) ;
#9765 = DIRECTION ( 'NONE',  ( 0.0000000000000000000, 0.0000000000000000000, 1.000000000000000000 ) ) ;
#9766 = EDGE_CURVE ( 'NONE', #5246, #2292, #4575, .T. ) ;
#9767 = DIRECTION ( 'NONE',  ( -0.0000000000000000000, 1.000000000000000000, -0.0000000000000000000 ) ) ;
#9768 = PLANE ( 'NONE',  #368 ) ;
#9769 = EDGE_CURVE ( 'NONE', #2170, #1109, #1637, .T. ) ;
#9770 = SURFACE_SIDE_STYLE ('',( #7502 ) ) ;
#9771 = ORIENTED_EDGE ( 'NONE', *, *, #7546, .F. ) ;
#9772 = VERTEX_POINT ( 'NONE', #3128 ) ;
#9773 = DIRECTION ( 'NONE',  ( 5.601979127806940577E-17, 0.0000000000000000000, 1.000000000000000000 ) ) ;
#9774 = CARTESIAN_POINT ( 'NONE',  ( -1.553297827593543845, 0.0000000000000000000, 0.1166021724064561782 ) ) ;
#9775 = ORIENTED_EDGE ( 'NONE', *, *, #7870, .F. ) ;
#9776 = ADVANCED_FACE ( 'NONE', ( #1325 ), #4146, .F. ) ;
#9777 = CIRCLE ( 'NONE', #11255, 0.01500217240645655876 ) ;
#9778 = AXIS2_PLACEMENT_3D ( 'NONE', #10044, #215, #7152 ) ;
#9779 = STYLED_ITEM ( 'NONE', ( #12243 ), #2584 ) ;
#9780 = DIRECTION ( 'NONE',  ( -0.0000000000000000000, 0.0000000000000000000, 1.000000000000000000 ) ) ;
#9781 = DIRECTION ( 'NONE',  ( -0.0000000000000000000, -1.000000000000000000, -0.0000000000000000000 ) ) ;
#9782 = ORIENTED_EDGE ( 'NONE', *, *, #1994, .F. ) ;
#9783 = CYLINDRICAL_SURFACE ( 'NONE', #4916, 0.2009999999999999010 ) ;
#9784 = DIRECTION ( 'NONE',  ( 0.0000000000000000000, 0.0000000000000000000, 1.000000000000000000 ) ) ;
#9785 = EDGE_CURVE ( 'NONE', #10277, #10033, #11506, .T. ) ;
#9786 = DIRECTION ( 'NONE',  ( -1.000000000000000000, 0.0000000000000000000, -0.0000000000000000000 ) ) ;
#9787 = ORIENTED_EDGE ( 'NONE', *, *, #6514, .F. ) ;
#9788 = CARTESIAN_POINT ( 'NONE',  ( -1.086202172406457001, 0.1000000000000000056, 0.4717999999999998306 ) ) ;
#9789 = CIRCLE ( 'NONE', #1105, 0.01500217240645655876 ) ;
#9790 = AXIS2_PLACEMENT_3D ( 'NONE', #9410, #3494, #10375 ) ;
#9791 = ORIENTED_EDGE ( 'NONE', *, *, #10793, .T. ) ;
#9792 =( NAMED_UNIT ( * ) SI_UNIT ( $, .STERADIAN. ) SOLID_ANGLE_UNIT ( ) );
#9793 = ADVANCED_FACE ( 'NONE', ( #8919 ), #11023, .T. ) ;
#9794 = COLOUR_RGB ( '',0.0000000000000000000, 0.7529411764705882248, 0.0000000000000000000 ) ;
#9795 = VECTOR ( 'NONE', #11211, 1000.000000000000000 ) ;
#9796 = EDGE_CURVE ( 'NONE', #10177, #4890, #5333, .T. ) ;
#9797 = SURFACE_STYLE_USAGE ( .BOTH. , #2873 ) ;
#9798 = VECTOR ( 'NONE', #592, 1000.000000000000000 ) ;
#9799 = VERTEX_POINT ( 'NONE', #10114 ) ;
#9800 = AXIS2_PLACEMENT_3D ( 'NONE', #3089, #10002, #4108 ) ;
#9801 = DIRECTION ( 'NONE',  ( 0.0000000000000000000, 0.0000000000000000000, -1.000000000000000000 ) ) ;
#9802 = DIRECTION ( 'NONE',  ( 9.098841772336320612E-17, 0.0000000000000000000, -1.000000000000000000 ) ) ;
#9803 = EDGE_LOOP ( 'NONE', ( #4521, #6276, #7195, #5478, #766 ) ) ;
#9804 = FILL_AREA_STYLE_COLOUR ( '', #9860 ) ;
#9805 = ORIENTED_EDGE ( 'NONE', *, *, #4797, .F. ) ;
#9806 = PRESENTATION_LAYER_ASSIGNMENT (  '', '', ( #10441 ) ) ;
#9807 = CARTESIAN_POINT ( 'NONE',  ( 1.099400000000000377, 0.09999999999999999167, 0.4012999999999999901 ) ) ;
#9808 = VERTEX_POINT ( 'NONE', #4230 ) ;
#9809 = CARTESIAN_POINT ( 'NONE',  ( -0.4797278962151925175, 0.1000000000000000056, 0.4976999999999999202 ) ) ;
#9810 = VECTOR ( 'NONE', #2794, 1000.000000000000000 ) ;
#9811 = CLOSED_SHELL ( 'NONE', ( #1487, #1428, #10464, #9278, #9921, #12503, #8519, #2629, #12300, #3792, #3560, #8237, #6658, #4958, #9151, #9325, #729, #4496, #1832, #1140, #4355, #6501, #9706, #7611, #5940, #1252, #11392, #10519, #10348, #7743, #10942, #10212, #3491, #6759, #682, #2913, #9595, #7937, #11128, #4404, #11580, #6525, #4820, #3107, #11776 ) ) ;
#9812 = LINE ( 'NONE', #5650, #4249 ) ;
#9813 = EDGE_LOOP ( 'NONE', ( #5775, #6268, #2310, #6619 ) ) ;
#9814 = ORIENTED_EDGE ( 'NONE', *, *, #8623, .F. ) ;
#9815 = VECTOR ( 'NONE', #12682, 1000.000000000000000 ) ;
#9816 =( LENGTH_UNIT ( ) NAMED_UNIT ( * ) SI_UNIT ( .MILLI., .METRE. ) );
#9817 = DIRECTION ( 'NONE',  ( 0.0000000000000000000, 0.0000000000000000000, -1.000000000000000000 ) ) ;
#9818 =( GEOMETRIC_REPRESENTATION_CONTEXT ( 3 ) GLOBAL_UNCERTAINTY_ASSIGNED_CONTEXT ( ( #1786 ) ) GLOBAL_UNIT_ASSIGNED_CONTEXT ( ( #8894, #2945, #9868 ) ) REPRESENTATION_CONTEXT ( 'NONE', 'WORKASPACE' ) );
#9819 = ORIENTED_EDGE ( 'NONE', *, *, #3891, .T. ) ;
#9820 = LINE ( 'NONE', #7694, #1946 ) ;
#9821 = LINE ( 'NONE', #4991, #1947 ) ;
#9822 =( GEOMETRIC_REPRESENTATION_CONTEXT ( 3 ) GLOBAL_UNCERTAINTY_ASSIGNED_CONTEXT ( ( #6053 ) ) GLOBAL_UNIT_ASSIGNED_CONTEXT ( ( #7736, #1807, #8733 ) ) REPRESENTATION_CONTEXT ( 'NONE', 'WORKASPACE' ) );
#9823 =( LENGTH_UNIT ( ) NAMED_UNIT ( * ) SI_UNIT ( .MILLI., .METRE. ) );
#9824 = DIRECTION ( 'NONE',  ( 0.7071067811865456854, 0.0000000000000000000, -0.7071067811865493491 ) ) ;
#9825 = FILL_AREA_STYLE_COLOUR ( '', #1828 ) ;
#9826 = CARTESIAN_POINT ( 'NONE',  ( 0.3281278962151924494, 0.1000000000000000056, 0.4694999999999998064 ) ) ;
#9827 = VERTEX_POINT ( 'NONE', #3212 ) ;
#9828 = VECTOR ( 'NONE', #7002, 1000.000000000000000 ) ;
#9829 = CARTESIAN_POINT ( 'NONE',  ( -1.571800000000000308, 0.5000000000000000000, 0.1862000000000001432 ) ) ;
#9830 = CIRCLE ( 'NONE', #7838, 0.01500217240645653274 ) ;
#9831 = VECTOR ( 'NONE', #6912, 1000.000000000000000 ) ;
#9832 = PRESENTATION_STYLE_ASSIGNMENT (( #8432 ) ) ;
#9833 = PLANE ( 'NONE',  #4726 ) ;
#9834 = EDGE_CURVE ( 'NONE', #5771, #8105, #7987, .T. ) ;
#9835 = ORIENTED_EDGE ( 'NONE', *, *, #4639, .F. ) ;
#9836 = DIRECTION ( 'NONE',  ( 0.0000000000000000000, -1.000000000000000000, 0.0000000000000000000 ) ) ;
#9837 = LINE ( 'NONE', #11494, #7230 ) ;
#9838 = EDGE_CURVE ( 'NONE', #6210, #5121, #96, .T. ) ;
#9839 = CARTESIAN_POINT ( 'NONE',  ( 1.086202172406457001, 0.1000000000000000056, 0.1016000000000000236 ) ) ;
#9840 = PRESENTATION_LAYER_ASSIGNMENT (  '', '', ( #9181 ) ) ;
#9841 = DIRECTION ( 'NONE',  ( 1.000000000000000000, 0.0000000000000000000, 0.0000000000000000000 ) ) ;
#9842 = CARTESIAN_POINT ( 'NONE',  ( 1.086202172406457001, 0.1000000000000000056, 0.1016000000000000097 ) ) ;
#9843 = CARTESIAN_POINT ( 'NONE',  ( 1.071200000000000374, 0.0000000000000000000, 0.4567978275935433707 ) ) ;
#9844 = ORIENTED_EDGE ( 'NONE', *, *, #11480, .F. ) ;
#9845 = EDGE_CURVE ( 'NONE', #1121, #12513, #383, .T. ) ;
#9846 = CARTESIAN_POINT ( 'NONE',  ( 1.311172388391701915, 0.0000000000000000000, 0.4874532564923816369 ) ) ;
#9847 = EDGE_LOOP ( 'NONE', ( #11584, #10844, #1800, #12625, #1283, #6417, #3088, #12559 ) ) ;
#9848 = CARTESIAN_POINT ( 'NONE',  ( -1.099400000000000377, 0.5000000000000000000, -0.4012999999999999901 ) ) ;
#9849 =( LENGTH_UNIT ( ) NAMED_UNIT ( * ) SI_UNIT ( .MILLI., .METRE. ) );
#9850 = EDGE_CURVE ( 'NONE', #160, #6311, #5048, .T. ) ;
#9851 = DIRECTION ( 'NONE',  ( 0.0000000000000000000, -1.000000000000000000, 0.0000000000000000000 ) ) ;
#9852 = DIRECTION ( 'NONE',  ( -1.000000000000000000, -0.0000000000000000000, -0.0000000000000000000 ) ) ;
#9853 = PRESENTATION_LAYER_ASSIGNMENT (  '', '', ( #9200 ) ) ;
#9854 = CARTESIAN_POINT ( 'NONE',  ( -1.600000000000000311, 0.5000000000000000000, -0.1999000000000000221 ) ) ;
#9855 = CARTESIAN_POINT ( 'NONE',  ( -1.099400000000000377, 0.09999999999999999167, -0.4012999999999999901 ) ) ;
#9856 = ORIENTED_EDGE ( 'NONE', *, *, #1258, .F. ) ;
#9857 = CARTESIAN_POINT ( 'NONE',  ( 1.583302172406456876, 0.0000000000000000000, 0.1963566009016785296 ) ) ;
#9858 = VERTEX_POINT ( 'NONE', #5250 ) ;
#9859 = ADVANCED_FACE ( 'NONE', ( #4730 ), #12271, .T. ) ;
#9860 = COLOUR_RGB ( '',0.9686274509803921573, 0.8784313725490195957, 0.5999999999999999778 ) ;
#9861 = LINE ( 'NONE', #5749, #4609 ) ;
#9862 = DIRECTION ( 'NONE',  ( 0.7071067811865493491, 0.0000000000000000000, 0.7071067811865456854 ) ) ;
#9863 = DIRECTION ( 'NONE',  ( 0.0000000000000000000, 0.0000000000000000000, 1.000000000000000000 ) ) ;
#9864 =( NAMED_UNIT ( * ) PLANE_ANGLE_UNIT ( ) SI_UNIT ( $, .RADIAN. ) );
#9865 = ORIENTED_EDGE ( 'NONE', *, *, #11021, .F. ) ;
#9866 = DIRECTION ( 'NONE',  ( 0.0000000000000000000, 1.000000000000000000, 0.0000000000000000000 ) ) ;
#9867 = VECTOR ( 'NONE', #3699, 1000.000000000000000 ) ;
#9868 =( NAMED_UNIT ( * ) SI_UNIT ( $, .STERADIAN. ) SOLID_ANGLE_UNIT ( ) );
#9869 = STYLED_ITEM ( 'NONE', ( #12172 ), #12173 ) ;
#9870 = ORIENTED_EDGE ( 'NONE', *, *, #1404, .F. ) ;
#9871 = EDGE_CURVE ( 'NONE', #3406, #5963, #12584, .T. ) ;
#9872 = LINE ( 'NONE', #11334, #8968 ) ;
#9873 = AXIS2_PLACEMENT_3D ( 'NONE', #11688, #1847, #8778 ) ;
#9874 = VERTEX_POINT ( 'NONE', #3303 ) ;
#9875 = ORIENTED_EDGE ( 'NONE', *, *, #6618, .T. ) ;
#9876 =( NAMED_UNIT ( * ) SI_UNIT ( $, .STERADIAN. ) SOLID_ANGLE_UNIT ( ) );
#9877 = CARTESIAN_POINT ( 'NONE',  ( -1.373961839504919347, 0.5000000000000000000, -0.3025999999999999801 ) ) ;
#9878 = DIRECTION ( 'NONE',  ( -0.0000000000000000000, -1.000000000000000000, -0.0000000000000000000 ) ) ;
#9879 = LINE ( 'NONE', #283, #2300 ) ;
#9880 = DIRECTION ( 'NONE',  ( 0.0000000000000000000, 0.0000000000000000000, -1.000000000000000000 ) ) ;
#9881 = EDGE_CURVE ( 'NONE', #3440, #8037, #7069, .T. ) ;
#9882 = PLANE ( 'NONE',  #7169 ) ;
#9883 = VECTOR ( 'NONE', #4692, 1000.000000000000000 ) ;
#9884 = CARTESIAN_POINT ( 'NONE',  ( -1.082627896215192509, -0.0000000000000000000, -0.4567978275935435928 ) ) ;
#9885 = DIRECTION ( 'NONE',  ( -1.000000000000000000, 0.0000000000000000000, 0.0000000000000000000 ) ) ;
#9886 = EDGE_LOOP ( 'NONE', ( #12262, #11123, #3613, #2423 ) ) ;
#9887 = SURFACE_SIDE_STYLE ('',( #12720 ) ) ;
#9888 = ORIENTED_EDGE ( 'NONE', *, *, #2547, .T. ) ;
#9889 = DIRECTION ( 'NONE',  ( 0.0000000000000000000, -1.000000000000000000, 0.0000000000000000000 ) ) ;
#9890 = CARTESIAN_POINT ( 'NONE',  ( 1.600000000000000311, 0.0000000000000000000, -0.04990000000000015257 ) ) ;
#9891 = AXIS2_PLACEMENT_3D ( 'NONE', #5812, #2567, #4810 ) ;
#9892 = ORIENTED_EDGE ( 'NONE', *, *, #8409, .F. ) ;
#9893 = LINE ( 'NONE', #7049, #2019 ) ;
#9894 = DIRECTION ( 'NONE',  ( 1.000000000000000000, 0.0000000000000000000, -1.107775638063495441E-17 ) ) ;
#9895 = ORIENTED_EDGE ( 'NONE', *, *, #2849, .F. ) ;
#9896 = AXIS2_PLACEMENT_3D ( 'NONE', #11885, #6002, #61 ) ;
#9897 = SURFACE_STYLE_USAGE ( .BOTH. , #2972 ) ;
#9898 = DIRECTION ( 'NONE',  ( -0.0000000000000000000, -0.0000000000000000000, -1.000000000000000000 ) ) ;
#9899 = DIRECTION ( 'NONE',  ( 0.7071067811865457964, 0.0000000000000000000, -0.7071067811865492381 ) ) ;
#9900 = AXIS2_PLACEMENT_3D ( 'NONE', #1950, #8869, #2919 ) ;
#9901 = ORIENTED_EDGE ( 'NONE', *, *, #2993, .T. ) ;
#9902 = CARTESIAN_POINT ( 'NONE',  ( 0.1624278962151925743, 0.1000000000000000056, 0.4826978275935431273 ) ) ;
#9903 = EDGE_LOOP ( 'NONE', ( #9865, #5625, #545, #7749 ) ) ;
#9904 = SURFACE_STYLE_FILL_AREA ( #6651 ) ;
#9905 = ORIENTED_EDGE ( 'NONE', *, *, #310, .F. ) ;
#9906 = ORIENTED_EDGE ( 'NONE', *, *, #1101, .T. ) ;
#9907 = SURFACE_STYLE_USAGE ( .BOTH. , #2981 ) ;
#9908 = DIRECTION ( 'NONE',  ( 0.0000000000000000000, 1.000000000000000000, 0.0000000000000000000 ) ) ;
#9909 = FILL_AREA_STYLE_COLOUR ( '', #12062 ) ;
#9910 = EDGE_CURVE ( 'NONE', #4652, #8099, #9660, .T. ) ;
#9911 =( GEOMETRIC_REPRESENTATION_CONTEXT ( 3 ) GLOBAL_UNCERTAINTY_ASSIGNED_CONTEXT ( ( #2672 ) ) GLOBAL_UNIT_ASSIGNED_CONTEXT ( ( #5492, #12391, #6510 ) ) REPRESENTATION_CONTEXT ( 'NONE', 'WORKASPACE' ) );
#9912 = AXIS2_PLACEMENT_3D ( 'NONE', #8977, #3030, #9946 ) ;
#9913 = VERTEX_POINT ( 'NONE', #10196 ) ;
#9914 = ORIENTED_EDGE ( 'NONE', *, *, #389, .F. ) ;
#9915 = EDGE_CURVE ( 'NONE', #2154, #1497, #1784, .T. ) ;
#9916 =( LENGTH_UNIT ( ) NAMED_UNIT ( * ) SI_UNIT ( .MILLI., .METRE. ) );
#9917 = CARTESIAN_POINT ( 'NONE',  ( 1.071200000000000374, 0.1000000000000000056, 0.1166021724064566778 ) ) ;
#9918 = LINE ( 'NONE', #5285, #9605 ) ;
#9919 = CARTESIAN_POINT ( 'NONE',  ( -0.3175278962151925066, 0.0000000000000000000, 0.4870999999999999219 ) ) ;
#9920 = SURFACE_STYLE_FILL_AREA ( #11441 ) ;
#9921 = ADVANCED_FACE ( 'NONE', ( #9351 ), #8283, .T. ) ;
#9922 = CARTESIAN_POINT ( 'NONE',  ( -1.099400000000000377, 0.09999999999999999167, -0.4012999999999999901 ) ) ;
#9923 = SURFACE_STYLE_USAGE ( .BOTH. , #3009 ) ;
#9924 = EDGE_CURVE ( 'NONE', #10962, #3507, #1467, .T. ) ;
#9925 = FACE_OUTER_BOUND ( 'NONE', #4569, .T. ) ;
#9926 = CARTESIAN_POINT ( 'NONE',  ( 0.3766302143396287327, 0.1000000000000000056, 0.05229999999999979110 ) ) ;
#9927 = EDGE_LOOP ( 'NONE', ( #5754, #7122, #8054, #6640 ) ) ;
#9928 = ORIENTED_EDGE ( 'NONE', *, *, #6129, .T. ) ;
#9929 = PRESENTATION_LAYER_ASSIGNMENT (  '', '', ( #9277 ) ) ;
#9930 = DIRECTION ( 'NONE',  ( 0.0000000000000000000, -1.000000000000000000, 0.0000000000000000000 ) ) ;
#9931 = LINE ( 'NONE', #8860, #4377 ) ;
#9932 = CARTESIAN_POINT ( 'NONE',  ( 1.082627896215192509, 0.1000000000000000056, -0.4567978275935435928 ) ) ;
#9933 = SURFACE_SIDE_STYLE ('',( #3758 ) ) ;
#9934 = CARTESIAN_POINT ( 'NONE',  ( -0.3069278962151925083, 0.1000000000000000056, 0.4976999999999999202 ) ) ;
#9935 = COLOUR_RGB ( '',0.9686274509803921573, 0.8784313725490195957, 0.5999999999999999778 ) ;
#9936 = ORIENTED_EDGE ( 'NONE', *, *, #3995, .T. ) ;
#9937 = CIRCLE ( 'NONE', #7816, 0.01500217240645647723 ) ;
#9938 = VECTOR ( 'NONE', #10577, 1000.000000000000000 ) ;
#9939 =( GEOMETRIC_REPRESENTATION_CONTEXT ( 3 ) GLOBAL_UNCERTAINTY_ASSIGNED_CONTEXT ( ( #2716 ) ) GLOBAL_UNIT_ASSIGNED_CONTEXT ( ( #2732, #9669, #3768 ) ) REPRESENTATION_CONTEXT ( 'NONE', 'WORKASPACE' ) );
#9940 = ORIENTED_EDGE ( 'NONE', *, *, #11874, .T. ) ;
#9941 = CARTESIAN_POINT ( 'NONE',  ( 1.600000000000000311, 0.5000000000000000000, -0.5000000000000000000 ) ) ;
#9942 = DIRECTION ( 'NONE',  ( 0.0000000000000000000, -1.000000000000000000, 0.0000000000000000000 ) ) ;
#9943 = ORIENTED_EDGE ( 'NONE', *, *, #7870, .T. ) ;
#9944 = MECHANICAL_DESIGN_GEOMETRIC_PRESENTATION_REPRESENTATION (  '', ( #8641 ), #10584 ) ;
#9945 = CARTESIAN_POINT ( 'NONE',  ( 1.299900000000000277, 0.09999999999999999167, -0.5000000000000002220 ) ) ;
#9946 = DIRECTION ( 'NONE',  ( -0.0000000000000000000, 0.0000000000000000000, 1.000000000000000000 ) ) ;
#9947 = CARTESIAN_POINT ( 'NONE',  ( -0.3175278962151925066, 0.1000000000000000056, 0.4870999999999999219 ) ) ;
#9948 = VECTOR ( 'NONE', #8775, 1000.000000000000000 ) ;
#9949 = EDGE_CURVE ( 'NONE', #2621, #7291, #4107, .T. ) ;
#9950 = CIRCLE ( 'NONE', #10920, 0.01500217240645655876 ) ;
#9951 = FACE_OUTER_BOUND ( 'NONE', #1789, .T. ) ;
#9952 = ORIENTED_EDGE ( 'NONE', *, *, #5164, .T. ) ;
#9953 = DIRECTION ( 'NONE',  ( 4.179009298818627440E-17, 0.0000000000000000000, 1.000000000000000000 ) ) ;
#9954 = FILL_AREA_STYLE_COLOUR ( '', #4407 ) ;
#9955 = ORIENTED_EDGE ( 'NONE', *, *, #579, .F. ) ;
#9956 = CARTESIAN_POINT ( 'NONE',  ( 0.3352278962151924446, 0.1000000000000000056, -0.2153021724064569098 ) ) ;
#9957 = DIRECTION ( 'NONE',  ( 0.0000000000000000000, 0.0000000000000000000, 1.000000000000000000 ) ) ;
#9958 =( NAMED_UNIT ( * ) PLANE_ANGLE_UNIT ( ) SI_UNIT ( $, .RADIAN. ) );
#9959 = LINE ( 'NONE', #2702, #2088 ) ;
#9960 = VERTEX_POINT ( 'NONE', #3350 ) ;
#9961 = CYLINDRICAL_SURFACE ( 'NONE', #2884, 0.2891000000000000791 ) ;
#9962 = CIRCLE ( 'NONE', #4073, 0.01500217240645647723 ) ;
#9963 = EDGE_CURVE ( 'NONE', #1673, #4716, #11981, .T. ) ;
#9964 = STYLED_ITEM ( 'NONE', ( #6278 ), #1966 ) ;
#9965 = VECTOR ( 'NONE', #12160, 1000.000000000000000 ) ;
#9966 = MECHANICAL_DESIGN_GEOMETRIC_PRESENTATION_REPRESENTATION (  '', ( #8667 ), #10605 ) ;
#9967 = FILL_AREA_STYLE_COLOUR ( '', #6749 ) ;
#9968 = AXIS2_PLACEMENT_3D ( 'NONE', #8373, #2435, #9365 ) ;
#9969 = ORIENTED_EDGE ( 'NONE', *, *, #8802, .F. ) ;
#9970 = DIRECTION ( 'NONE',  ( 0.0000000000000000000, -1.000000000000000000, 0.0000000000000000000 ) ) ;
#9971 = LINE ( 'NONE', #3637, #2387 ) ;
#9972 = CARTESIAN_POINT ( 'NONE',  ( -0.3352278962151924446, 0.1000000000000000056, -0.2153021724064569098 ) ) ;
#9973 = VERTEX_POINT ( 'NONE', #1419 ) ;
#9974 = UNCERTAINTY_MEASURE_WITH_UNIT (LENGTH_MEASURE( 1.000000000000000082E-05 ), #12316, 'distance_accuracy_value', 'NONE');
#9975 = LINE ( 'NONE', #3821, #12597 ) ;
#9976 = CARTESIAN_POINT ( 'NONE',  ( -1.600000000000000311, 0.1000000000000000056, 0.05229999999999981192 ) ) ;
#9977 = DIRECTION ( 'NONE',  ( 0.0000000000000000000, 0.0000000000000000000, 1.000000000000000000 ) ) ;
#9978 = ADVANCED_FACE ( 'NONE', ( #11664 ), #12235, .F. ) ;
#9979 = PRESENTATION_LAYER_ASSIGNMENT (  '', '', ( #9331 ) ) ;
#9980 =( NAMED_UNIT ( * ) PLANE_ANGLE_UNIT ( ) SI_UNIT ( $, .RADIAN. ) );
#9981 = ORIENTED_EDGE ( 'NONE', *, *, #6690, .F. ) ;
#9982 = FILL_AREA_STYLE_COLOUR ( '', #5216 ) ;
#9983 = COLOUR_RGB ( '',0.0000000000000000000, 0.7529411764705882248, 0.0000000000000000000 ) ;
#9984 = LINE ( 'NONE', #9214, #2408 ) ;
#9985 =( NAMED_UNIT ( * ) SI_UNIT ( $, .STERADIAN. ) SOLID_ANGLE_UNIT ( ) );
#9986 = VERTEX_POINT ( 'NONE', #11242 ) ;
#9987 = CARTESIAN_POINT ( 'NONE',  ( -0.3325300686216491330, 0.1000000000000000056, -0.1017000000000001098 ) ) ;
#9988 = FACE_OUTER_BOUND ( 'NONE', #659, .T. ) ;
#9989 = ORIENTED_EDGE ( 'NONE', *, *, #5363, .T. ) ;
#9990 =( NAMED_UNIT ( * ) PLANE_ANGLE_UNIT ( ) SI_UNIT ( $, .RADIAN. ) );
#9991 = LINE ( 'NONE', #6163, #12309 ) ;
#9992 = EDGE_CURVE ( 'NONE', #12115, #11591, #3804, .T. ) ;
#9993 = LINE ( 'NONE', #1114, #11055 ) ;
#9994 =( LENGTH_UNIT ( ) NAMED_UNIT ( * ) SI_UNIT ( .MILLI., .METRE. ) );
#9995 = DIRECTION ( 'NONE',  ( -1.000000000000000000, -0.0000000000000000000, 1.171755763104686308E-17 ) ) ;
#9996 = DIRECTION ( 'NONE',  ( 1.000000000000000000, 0.0000000000000000000, 0.0000000000000000000 ) ) ;
#9997 = EDGE_CURVE ( 'NONE', #12043, #10691, #6441, .T. ) ;
#9998 = STYLED_ITEM ( 'NONE', ( #542 ), #5631 ) ;
#9999 = ORIENTED_EDGE ( 'NONE', *, *, #4169, .T. ) ;
#10000 = PRESENTATION_STYLE_ASSIGNMENT (( #7553 ) ) ;
#10002 = DIRECTION ( 'NONE',  ( -2.461298915971632658E-15, 0.0000000000000000000, 1.000000000000000000 ) ) ;
#10001 = UNCERTAINTY_MEASURE_WITH_UNIT (LENGTH_MEASURE( 1.000000000000000082E-05 ), #3115, 'distance_accuracy_value', 'NONE');
#10003 = ORIENTED_EDGE ( 'NONE', *, *, #85, .T. ) ;
#10004 = CARTESIAN_POINT ( 'NONE',  ( -0.3175278962151925066, 0.1000000000000000056, 0.08429782759354324806 ) ) ;
#10005 = CARTESIAN_POINT ( 'NONE',  ( -1.600000000000000311, 0.1000000000000000056, -0.5000000000000000000 ) ) ;
#10006 =( NAMED_UNIT ( * ) PLANE_ANGLE_UNIT ( ) SI_UNIT ( $, .RADIAN. ) );
#10007 = VERTEX_POINT ( 'NONE', #10274 ) ;
#10008 = SURFACE_SIDE_STYLE ('',( #10054 ) ) ;
#10009 = STYLED_ITEM ( 'NONE', ( #7188 ), #2498 ) ;
#10010 = ORIENTED_EDGE ( 'NONE', *, *, #2404, .T. ) ;
#10011 = UNCERTAINTY_MEASURE_WITH_UNIT (LENGTH_MEASURE( 1.000000000000000082E-05 ), #9276, 'distance_accuracy_value', 'NONE');
#10012 =( NAMED_UNIT ( * ) PLANE_ANGLE_UNIT ( ) SI_UNIT ( $, .RADIAN. ) );
#10013 = ORIENTED_EDGE ( 'NONE', *, *, #9073, .F. ) ;
#10014 =( LENGTH_UNIT ( ) NAMED_UNIT ( * ) SI_UNIT ( .MILLI., .METRE. ) );
#10015 = LINE ( 'NONE', #7183, #9725 ) ;
#10016 = CARTESIAN_POINT ( 'NONE',  ( 1.099400000000000377, 0.09999999999999999167, 0.4012999999999999901 ) ) ;
#10017 = ORIENTED_EDGE ( 'NONE', *, *, #9620, .F. ) ;
#10018 = ORIENTED_EDGE ( 'NONE', *, *, #5242, .F. ) ;
#10019 = ORIENTED_EDGE ( 'NONE', *, *, #12754, .T. ) ;
#10020 =( NAMED_UNIT ( * ) PLANE_ANGLE_UNIT ( ) SI_UNIT ( $, .RADIAN. ) );
#10021 = LINE ( 'NONE', #174, #152 ) ;
#10022 = AXIS2_PLACEMENT_3D ( 'NONE', #181, #12096, #6205 ) ;
#10023 = ORIENTED_EDGE ( 'NONE', *, *, #2627, .F. ) ;
#10024 = EDGE_CURVE ( 'NONE', #801, #9986, #1181, .T. ) ;
#10025 = MECHANICAL_DESIGN_GEOMETRIC_PRESENTATION_REPRESENTATION (  '', ( #8066 ), #10682 ) ;
#10026 = DIRECTION ( 'NONE',  ( 0.0000000000000000000, 0.0000000000000000000, 1.000000000000000000 ) ) ;
#10027 = CARTESIAN_POINT ( 'NONE',  ( -1.099400000000000377, 0.09999999999999999167, -0.4012999999999999901 ) ) ;
#10028 = FILL_AREA_STYLE ('',( #9070 ) ) ;
#10029 = DIRECTION ( 'NONE',  ( 7.556514767313164730E-17, 0.0000000000000000000, -1.000000000000000000 ) ) ;
#10030 = EDGE_LOOP ( 'NONE', ( #932, #4241, #4412, #6366 ) ) ;
#10031 = ADVANCED_FACE ( 'NONE', ( #11339 ), #9359, .F. ) ;
#10032 = COLOUR_RGB ( '',1.000000000000000000, 1.000000000000000000, 1.000000000000000000 ) ;
#10033 = VERTEX_POINT ( 'NONE', #3482 ) ;
#10034 = ORIENTED_EDGE ( 'NONE', *, *, #6337, .T. ) ;
#10036 = CARTESIAN_POINT ( 'NONE',  ( 1.577030068621648740, 0.1000000000000000056, -0.1857361597196678926 ) ) ;
#10035 = DIRECTION ( 'NONE',  ( 0.0000000000000000000, -1.000000000000000000, 0.0000000000000000000 ) ) ;
#10037 =( LENGTH_UNIT ( ) NAMED_UNIT ( * ) SI_UNIT ( .MILLI., .METRE. ) );
#10038 = DIRECTION ( 'NONE',  ( 0.0000000000000000000, 0.0000000000000000000, -1.000000000000000000 ) ) ;
#10039 = DIRECTION ( 'NONE',  ( -0.0000000000000000000, -1.000000000000000000, -0.0000000000000000000 ) ) ;
#10040 = AXIS2_PLACEMENT_3D ( 'NONE', #2509, #9444, #3530 ) ;
#10041 = ORIENTED_EDGE ( 'NONE', *, *, #1130, .F. ) ;
#10042 = LINE ( 'NONE', #6815, #9760 ) ;
#10043 = ORIENTED_EDGE ( 'NONE', *, *, #12224, .F. ) ;
#10044 = CARTESIAN_POINT ( 'NONE',  ( 1.568300000000000249, 0.1000000000000000056, 0.1166021724064566778 ) ) ;
#10045 = COLOUR_RGB ( '',1.000000000000000000, 1.000000000000000000, 1.000000000000000000 ) ;
#10046 = ORIENTED_EDGE ( 'NONE', *, *, #9997, .T. ) ;
#10047 = CARTESIAN_POINT ( 'NONE',  ( -0.6454278962151924759, 0.0000000000000000000, 0.4826978275935432383 ) ) ;
#10049 =( NAMED_UNIT ( * ) PLANE_ANGLE_UNIT ( ) SI_UNIT ( $, .RADIAN. ) );
#10048 = UNCERTAINTY_MEASURE_WITH_UNIT (LENGTH_MEASURE( 1.000000000000000082E-05 ), #9288, 'distance_accuracy_value', 'NONE');
#10050 = AXIS2_PLACEMENT_3D ( 'NONE', #3641, #5671, #12556 ) ;
#10051 = FILL_AREA_STYLE_COLOUR ( '', #5598 ) ;
#10052 = DIRECTION ( 'NONE',  ( 0.0000000000000000000, -0.0000000000000000000, -1.000000000000000000 ) ) ;
#10053 =( LENGTH_UNIT ( ) NAMED_UNIT ( * ) SI_UNIT ( .MILLI., .METRE. ) );
#10054 = SURFACE_STYLE_FILL_AREA ( #3102 ) ;
#10055 = ORIENTED_EDGE ( 'NONE', *, *, #5517, .T. ) ;
#10056 = EDGE_LOOP ( 'NONE', ( #8525, #10254, #6055, #58 ) ) ;
#10057 = VERTEX_POINT ( 'NONE', #4524 ) ;
#10058 = EDGE_CURVE ( 'NONE', #1115, #4890, #227, .T. ) ;
#10059 = DIRECTION ( 'NONE',  ( -0.0000000000000000000, 0.0000000000000000000, 1.000000000000000000 ) ) ;
#10060 = EDGE_CURVE ( 'NONE', #3625, #8322, #7824, .T. ) ;
#10061 = AXIS2_PLACEMENT_3D ( 'NONE', #847, #7762, #1827 ) ;
#10062 = EDGE_CURVE ( 'NONE', #2983, #5883, #10401, .T. ) ;
#10063 =( NAMED_UNIT ( * ) PLANE_ANGLE_UNIT ( ) SI_UNIT ( $, .RADIAN. ) );
#10064 = DIRECTION ( 'NONE',  ( 0.0000000000000000000, -1.000000000000000000, 0.0000000000000000000 ) ) ;
#10065 = UNCERTAINTY_MEASURE_WITH_UNIT (LENGTH_MEASURE( 1.000000000000000082E-05 ), #3680, 'distance_accuracy_value', 'NONE');
#10066 = DIRECTION ( 'NONE',  ( -0.0000000000000000000, -0.0000000000000000000, 1.000000000000000000 ) ) ;
#10067 = CARTESIAN_POINT ( 'NONE',  ( 0.4691278962151925191, 0.1000000000000000056, 0.4870999999999999219 ) ) ;
#10068 = EDGE_LOOP ( 'NONE', ( #1618, #11459, #3781, #10649 ) ) ;
#10069 = ORIENTED_EDGE ( 'NONE', *, *, #9509, .F. ) ;
#10071 = FILL_AREA_STYLE ('',( #3171 ) ) ;
#10070 = DIRECTION ( 'NONE',  ( 0.0000000000000000000, -1.000000000000000000, 0.0000000000000000000 ) ) ;
#10072 = EDGE_CURVE ( 'NONE', #8500, #1870, #5177, .T. ) ;
#10073 = DIRECTION ( 'NONE',  ( 0.0000000000000000000, 0.0000000000000000000, -1.000000000000000000 ) ) ;
#10074 = ORIENTED_EDGE ( 'NONE', *, *, #9785, .T. ) ;
#10075 = MECHANICAL_DESIGN_GEOMETRIC_PRESENTATION_REPRESENTATION (  '', ( #8805 ), #10745 ) ;
#10076 =( NAMED_UNIT ( * ) SI_UNIT ( $, .STERADIAN. ) SOLID_ANGLE_UNIT ( ) );
#10077 = VERTEX_POINT ( 'NONE', #11420 ) ;
#10078 = CARTESIAN_POINT ( 'NONE',  ( -0.1774300686216492007, 0.1000000000000000056, 0.4976999999999999202 ) ) ;
#10079 = CIRCLE ( 'NONE', #8047, 0.01500217240645658652 ) ;
#10080 = CARTESIAN_POINT ( 'NONE',  ( -1.099400000000000377, 0.09999999999999999167, -0.3025999999999999801 ) ) ;
#10081 = FACE_OUTER_BOUND ( 'NONE', #5916, .T. ) ;
#10082 = ORIENTED_EDGE ( 'NONE', *, *, #843, .F. ) ;
#10083 = CARTESIAN_POINT ( 'NONE',  ( -0.6304257238087360715, 0.0000000000000000000, 0.1143021724064564593 ) ) ;
#10084 = VERTEX_POINT ( 'NONE', #10456 ) ;
#10085 = CARTESIAN_POINT ( 'NONE',  ( -1.286200000000000454, 0.09999999999999999167, 0.4718000000000000527 ) ) ;
#10086 = ORIENTED_EDGE ( 'NONE', *, *, #6553, .F. ) ;
#10087 = CIRCLE ( 'NONE', #8541, 0.01500217240645653274 ) ;
#10088 = CARTESIAN_POINT ( 'NONE',  ( -1.285174339670224430, 0.1000000000000000056, -0.4868021724064567901 ) ) ;
#10089 = ORIENTED_EDGE ( 'NONE', *, *, #9244, .T. ) ;
#10090 = ADVANCED_FACE ( 'NONE', ( #10094 ), #12426, .T. ) ;
#10091 = VECTOR ( 'NONE', #11663, 1000.000000000000000 ) ;
#10092 = EDGE_LOOP ( 'NONE', ( #3794, #2070, #10787, #1270 ) ) ;
#10093 = AXIS2_PLACEMENT_3D ( 'NONE', #10109, #4221, #11104 ) ;
#10094 = FACE_OUTER_BOUND ( 'NONE', #7663, .T. ) ;
#10095 = DIRECTION ( 'NONE',  ( 0.0000000000000000000, 1.000000000000000000, -0.0000000000000000000 ) ) ;
#10096 = COLOUR_RGB ( '',0.9686274509803921573, 0.8784313725490195957, 0.5999999999999999778 ) ;
#10097 = EDGE_CURVE ( 'NONE', #3569, #3882, #7504, .T. ) ;
#10098 = DIRECTION ( 'NONE',  ( 0.0000000000000000000, 0.0000000000000000000, 1.000000000000000000 ) ) ;
#10099 = VERTEX_POINT ( 'NONE', #10492 ) ;
#10100 = CARTESIAN_POINT ( 'NONE',  ( 1.310900000000000842, 0.0000000000000000000, 0.5000000000000000000 ) ) ;
#10101 = VERTEX_POINT ( 'NONE', #11502 ) ;
#10102 = FILL_AREA_STYLE_COLOUR ( '', #9935 ) ;
#10103 = EDGE_CURVE ( 'NONE', #12706, #8055, #4563, .T. ) ;
#10104 = ORIENTED_EDGE ( 'NONE', *, *, #10733, .F. ) ;
#10105 =( LENGTH_UNIT ( ) NAMED_UNIT ( * ) SI_UNIT ( .MILLI., .METRE. ) );
#10106 = CARTESIAN_POINT ( 'NONE',  ( 0.7009302143396286544, 0.1000000000000000056, 0.05229999999999977722 ) ) ;
#10107 = DIRECTION ( 'NONE',  ( 0.0000000000000000000, 0.0000000000000000000, -1.000000000000000000 ) ) ;
#10108 = VERTEX_POINT ( 'NONE', #7598 ) ;
#10109 = CARTESIAN_POINT ( 'NONE',  ( -1.600000000000000311, 0.0000000000000000000, -0.5000000000000000000 ) ) ;
#10110 = LINE ( 'NONE', #2010, #9828 ) ;
#10111 = CARTESIAN_POINT ( 'NONE',  ( -1.310900000000000176, 0.1000000000000000056, 0.4999999999999997780 ) ) ;
#10112 = VECTOR ( 'NONE', #4295, 1000.000000000000000 ) ;
#10113 =( GEOMETRIC_REPRESENTATION_CONTEXT ( 3 ) GLOBAL_UNCERTAINTY_ASSIGNED_CONTEXT ( ( #7166 ) ) GLOBAL_UNIT_ASSIGNED_CONTEXT ( ( #7408, #1469, #8379 ) ) REPRESENTATION_CONTEXT ( 'NONE', 'WORKASPACE' ) );
#10115 = DIRECTION ( 'NONE',  ( -0.0000000000000000000, -0.0000000000000000000, 1.000000000000000000 ) ) ;
#10114 = CARTESIAN_POINT ( 'NONE',  ( -1.310900000000000176, 0.1000000000000000056, 0.4999999999999997780 ) ) ;
#10116 = AXIS2_PLACEMENT_3D ( 'NONE', #4975, #2023, #8953 ) ;
#10117 = DIRECTION ( 'NONE',  ( 0.0000000000000000000, -1.000000000000000000, 0.0000000000000000000 ) ) ;
#10118 = EDGE_CURVE ( 'NONE', #12181, #8530, #12725, .T. ) ;
#10119 = CARTESIAN_POINT ( 'NONE',  ( -1.296800000000000397, 0.09999999999999999167, 0.4893999999999999462 ) ) ;
#10120 = ORIENTED_EDGE ( 'NONE', *, *, #11666, .T. ) ;
#10121 = VECTOR ( 'NONE', #7552, 1000.000000000000000 ) ;
#10122 = CARTESIAN_POINT ( 'NONE',  ( -1.086202172406457001, 0.1000000000000000056, 0.1015999999999997599 ) ) ;
#10123 = DIRECTION ( 'NONE',  ( -0.0000000000000000000, -1.000000000000000000, -0.0000000000000000000 ) ) ;
#10124 = DIRECTION ( 'NONE',  ( -4.020095065059161301E-16, 0.0000000000000000000, -1.000000000000000000 ) ) ;
#10125 = DIRECTION ( 'NONE',  ( -0.0000000000000000000, -1.000000000000000000, -0.0000000000000000000 ) ) ;
#10126 = ORIENTED_EDGE ( 'NONE', *, *, #8164, .T. ) ;
#10127 = VECTOR ( 'NONE', #10259, 1000.000000000000000 ) ;
#10128 = CARTESIAN_POINT ( 'NONE',  ( 1.296184350947589881, 0.0000000000000000000, 0.4868021724064565681 ) ) ;
#10129 = EDGE_LOOP ( 'NONE', ( #9434, #4789, #6776, #11721 ) ) ;
#10130 = DIRECTION ( 'NONE',  ( 0.0000000000000000000, 0.0000000000000000000, 1.000000000000000000 ) ) ;
#10131 = PRESENTATION_LAYER_ASSIGNMENT (  '', '', ( #8851 ) ) ;
#10132 = EDGE_CURVE ( 'NONE', #4007, #9480, #12116, .T. ) ;
#10133 = COLOUR_RGB ( '',0.9686274509803921573, 0.8784313725490195957, 0.5999999999999999778 ) ;
#10134 = AXIS2_PLACEMENT_3D ( 'NONE', #903, #7814, #1885 ) ;
#10135 = AXIS2_PLACEMENT_3D ( 'NONE', #11637, #3798, #10667 ) ;
#10136 = DIRECTION ( 'NONE',  ( -0.0000000000000000000, 1.000000000000000000, -0.0000000000000000000 ) ) ;
#10137 = CARTESIAN_POINT ( 'NONE',  ( -0.3766000000000001569, 0.0000000000000000000, 0.05229999999999981886 ) ) ;
#10138 = EDGE_CURVE ( 'NONE', #2319, #984, #9812, .T. ) ;
#10139 = CARTESIAN_POINT ( 'NONE',  ( 1.021730214339628739, 0.0000000000000000000, 0.4999999999999993339 ) ) ;
#10140 =( LENGTH_UNIT ( ) NAMED_UNIT ( * ) SI_UNIT ( .MILLI., .METRE. ) );
#10141 = ORIENTED_EDGE ( 'NONE', *, *, #9538, .T. ) ;
#10142 = ORIENTED_EDGE ( 'NONE', *, *, #9924, .F. ) ;
#10143 = LINE ( 'NONE', #7881, #7558 ) ;
#10144 = CLOSED_SHELL ( 'NONE', ( #12367, #5375, #4465, #7222, #3915, #11408, #4598, #7347, #11673, #6562, #2091, #3717, #10658, #2434, #2205, #11737, #2460, #4534, #2326, #29, #5590, #12541, #9394, #8053, #9672, #12668, #5435, #261, #5869, #12384, #9520, #12232, #5024, #7421, #9453, #7280, #8912, #10484, #8629, #10331, #9038, #10615, #4793, #326, #2655 ) ) ;
#10145 = DIRECTION ( 'NONE',  ( 0.0000000000000000000, -1.000000000000000000, 0.0000000000000000000 ) ) ;
#10146 = EDGE_CURVE ( 'NONE', #8248, #11330, #9499, .T. ) ;
#10147 = CARTESIAN_POINT ( 'NONE',  ( 1.600000000000000311, 0.1000000000000000056, 0.5000000000000000000 ) ) ;
#10148 =( NAMED_UNIT ( * ) PLANE_ANGLE_UNIT ( ) SI_UNIT ( $, .RADIAN. ) );
#10149 = CARTESIAN_POINT ( 'NONE',  ( 1.373961839504919347, 0.09999999999999999167, 0.3026000000000000911 ) ) ;
#10150 = EDGE_CURVE ( 'NONE', #8081, #7545, #1621, .T. ) ;
#10151 = CARTESIAN_POINT ( 'NONE',  ( 1.600000000000000311, 0.5000000000000000000, 0.1999000000000000221 ) ) ;
#10152 = VECTOR ( 'NONE', #6664, 1000.000000000000000 ) ;
#10153 = AXIS2_PLACEMENT_3D ( 'NONE', #7799, #1869, #8799 ) ;
#10154 = ADVANCED_FACE ( 'NONE', ( #6905 ), #8638, .F. ) ;
#10155 = PRESENTATION_STYLE_ASSIGNMENT (( #9797 ) ) ;
#10156 = CARTESIAN_POINT ( 'NONE',  ( 1.097630068621648913, 0.0000000000000000000, -0.4567978275935437038 ) ) ;
#10157 = ORIENTED_EDGE ( 'NONE', *, *, #6198, .T. ) ;
#10158 = CLOSED_SHELL ( 'NONE', ( #7682, #1578, #1436, #3043, #1704, #3764, #6588, #8002, #5663, #11649, #9539, #442, #3693, #525, #12001, #806, #3831, #9385, #4227, #9793, #3424, #6703, #7156, #9474 ) ) ;
#10159 = VERTEX_POINT ( 'NONE', #3704 ) ;
#10160 =( LENGTH_UNIT ( ) NAMED_UNIT ( * ) SI_UNIT ( .MILLI., .METRE. ) );
#10161 = ORIENTED_EDGE ( 'NONE', *, *, #9197, .T. ) ;
#10162 = CARTESIAN_POINT ( 'NONE',  ( 0.6304257238087359605, 0.1000000000000000056, 0.4976999999999999202 ) ) ;
#10163 = FILL_AREA_STYLE ('',( #1296 ) ) ;
#10164 = DIRECTION ( 'NONE',  ( 1.000000000000000000, -0.0000000000000000000, 0.0000000000000000000 ) ) ;
#10165 = MECHANICAL_DESIGN_GEOMETRIC_PRESENTATION_REPRESENTATION (  '', ( #8206 ), #10838 ) ;
#10166 = LINE ( 'NONE', #11582, #9883 ) ;
#10167 = DIRECTION ( 'NONE',  ( -0.0000000000000000000, -1.000000000000000000, -0.0000000000000000000 ) ) ;
#10168 = STYLED_ITEM ( 'NONE', ( #3274 ), #2754 ) ;
#10169 = PLANE ( 'NONE',  #8156 ) ;
#10170 = EDGE_LOOP ( 'NONE', ( #2529, #4455, #8627, #3988 ) ) ;
#10171 = ORIENTED_EDGE ( 'NONE', *, *, #3889, .T. ) ;
#10172 = CARTESIAN_POINT ( 'NONE',  ( -1.373961839504919347, 0.09999999999999999167, -0.3025999999999999801 ) ) ;
#10173 = SURFACE_STYLE_FILL_AREA ( #8933 ) ;
#10174 = CARTESIAN_POINT ( 'NONE',  ( -1.568300000000000249, 0.0000000000000000000, 0.1963566009016781411 ) ) ;
#10175 = FACE_OUTER_BOUND ( 'NONE', #10919, .T. ) ;
#10176 = EDGE_CURVE ( 'NONE', #3214, #10537, #3951, .T. ) ;
#10177 = VERTEX_POINT ( 'NONE', #7641 ) ;
#10178 =( NAMED_UNIT ( * ) SI_UNIT ( $, .STERADIAN. ) SOLID_ANGLE_UNIT ( ) );
#10179 = DIRECTION ( 'NONE',  ( 0.0000000000000000000, 0.0000000000000000000, 1.000000000000000000 ) ) ;
#10180 = COLOUR_RGB ( '',0.9686274509803921573, 0.8784313725490195957, 0.5999999999999999778 ) ;
#10181 = CARTESIAN_POINT ( 'NONE',  ( 1.071200000000000374, 0.0000000000000000000, 0.1166021724064566778 ) ) ;
#10182 = CARTESIAN_POINT ( 'NONE',  ( -1.600000000000000311, 0.09999999999999999167, 0.2990000000000000990 ) ) ;
#10183 = ORIENTED_EDGE ( 'NONE', *, *, #1857, .F. ) ;
#10184 = EDGE_LOOP ( 'NONE', ( #9005, #7014, #7305, #3528, #12209, #9199 ) ) ;
#10185 = VECTOR ( 'NONE', #2578, 1000.000000000000000 ) ;
#10186 = ORIENTED_EDGE ( 'NONE', *, *, #8913, .F. ) ;
#10187 = EDGE_CURVE ( 'NONE', #8967, #8529, #6586, .T. ) ;
#10188 = STYLED_ITEM ( 'NONE', ( #3813 ), #1832 ) ;
#10189 = PRESENTATION_STYLE_ASSIGNMENT (( #1506 ) ) ;
#10190 = PRESENTATION_LAYER_ASSIGNMENT (  '', '', ( #9549 ) ) ;
#10191 = EDGE_LOOP ( 'NONE', ( #3082, #6499, #1944, #7469 ) ) ;
#10192 = DIRECTION ( 'NONE',  ( 0.0000000000000000000, -1.000000000000000000, 0.0000000000000000000 ) ) ;
#10193 = DIRECTION ( 'NONE',  ( 0.0000000000000000000, -0.0000000000000000000, -1.000000000000000000 ) ) ;
#10194 = AXIS2_PLACEMENT_3D ( 'NONE', #8655, #2698, #9621 ) ;
#10195 = DIRECTION ( 'NONE',  ( 0.0000000000000000000, 0.0000000000000000000, -1.000000000000000000 ) ) ;
#10196 = CARTESIAN_POINT ( 'NONE',  ( -0.7009000000000000785, 0.0000000000000000000, 0.05229999999999980498 ) ) ;
#10197 = ORIENTED_EDGE ( 'NONE', *, *, #5254, .F. ) ;
#10198 = ORIENTED_EDGE ( 'NONE', *, *, #1092, .T. ) ;
#10199 = DIRECTION ( 'NONE',  ( 0.0000000000000000000, -1.000000000000000000, 0.0000000000000000000 ) ) ;
#10200 = FILL_AREA_STYLE ('',( #6189 ) ) ;
#10201 = LINE ( 'NONE', #578, #12534 ) ;
#10202 =( LENGTH_UNIT ( ) NAMED_UNIT ( * ) SI_UNIT ( .MILLI., .METRE. ) );
#10203 = STYLED_ITEM ( 'NONE', ( #7332 ), #10484 ) ;
#10204 = PLANE ( 'NONE',  #9313 ) ;
#10205 =( NAMED_UNIT ( * ) SI_UNIT ( $, .STERADIAN. ) SOLID_ANGLE_UNIT ( ) );
#10206 = DIRECTION ( 'NONE',  ( -0.0000000000000000000, -1.000000000000000000, -0.0000000000000000000 ) ) ;
#10208 = SURFACE_STYLE_USAGE ( .BOTH. , #3323 ) ;
#10207 = LINE ( 'NONE', #8758, #12536 ) ;
#10209 = ORIENTED_EDGE ( 'NONE', *, *, #7880, .T. ) ;
#10210 = ORIENTED_EDGE ( 'NONE', *, *, #8346, .T. ) ;
#10211 = UNCERTAINTY_MEASURE_WITH_UNIT (LENGTH_MEASURE( 1.000000000000000082E-05 ), #12613, 'distance_accuracy_value', 'NONE');
#10212 = ADVANCED_FACE ( 'NONE', ( #6269 ), #78, .T. ) ;
#10213 = LINE ( 'NONE', #1893, #7325 ) ;
#10214 = DIRECTION ( 'NONE',  ( 0.0000000000000000000, 0.0000000000000000000, -1.000000000000000000 ) ) ;
#10215 = SURFACE_STYLE_FILL_AREA ( #11518 ) ;
#10216 = UNCERTAINTY_MEASURE_WITH_UNIT (LENGTH_MEASURE( 1.000000000000000082E-05 ), #2174, 'distance_accuracy_value', 'NONE');
#10217 = EDGE_CURVE ( 'NONE', #2178, #4007, #10549, .T. ) ;
#10218 =( LENGTH_UNIT ( ) NAMED_UNIT ( * ) SI_UNIT ( .MILLI., .METRE. ) );
#10219 = EDGE_CURVE ( 'NONE', #7818, #1759, #2677, .T. ) ;
#10220 = SURFACE_STYLE_FILL_AREA ( #2257 ) ;
#10221 = ORIENTED_EDGE ( 'NONE', *, *, #12067, .F. ) ;
#10222 = AXIS2_PLACEMENT_3D ( 'NONE', #874, #9702, #5793 ) ;
#10223 = VECTOR ( 'NONE', #6160, 1000.000000000000000 ) ;
#10224 = ORIENTED_EDGE ( 'NONE', *, *, #2104, .T. ) ;
#10225 = ORIENTED_EDGE ( 'NONE', *, *, #12220, .T. ) ;
#10226 = COLOUR_RGB ( '',0.9686274509803921573, 0.8784313725490195957, 0.5999999999999999778 ) ;
#10227 = EDGE_CURVE ( 'NONE', #8530, #8995, #7974, .T. ) ;
#10228 = CARTESIAN_POINT ( 'NONE',  ( 1.577030068621648740, 0.1000000000000000056, -0.1857361597196678926 ) ) ;
#10229 = SURFACE_STYLE_USAGE ( .BOTH. , #3345 ) ;
#10230 = CARTESIAN_POINT ( 'NONE',  ( -1.562027896215192557, 0.1000000000000000056, -0.1167021724064567501 ) ) ;
#10231 =( NAMED_UNIT ( * ) SI_UNIT ( $, .STERADIAN. ) SOLID_ANGLE_UNIT ( ) );
#10232 = EDGE_LOOP ( 'NONE', ( #11038, #2087, #371, #12060 ) ) ;
#10233 = VECTOR ( 'NONE', #8815, 1000.000000000000000 ) ;
#10234 = DIRECTION ( 'NONE',  ( 0.0000000000000000000, -0.0000000000000000000, 1.000000000000000000 ) ) ;
#10235 = UNCERTAINTY_MEASURE_WITH_UNIT (LENGTH_MEASURE( 1.000000000000000082E-05 ), #4000, 'distance_accuracy_value', 'NONE');
#10236 = VECTOR ( 'NONE', #4224, 1000.000000000000000 ) ;
#10237 = ORIENTED_EDGE ( 'NONE', *, *, #9438, .F. ) ;
#10238 = ORIENTED_EDGE ( 'NONE', *, *, #2365, .T. ) ;
#10239 = FILL_AREA_STYLE ('',( #4365 ) ) ;
#10240 = ORIENTED_EDGE ( 'NONE', *, *, #6173, .F. ) ;
#10241 = CIRCLE ( 'NONE', #2420, 0.3000999999999999779 ) ;
#10242 = CARTESIAN_POINT ( 'NONE',  ( -1.568300000000000249, 0.1000000000000000056, 0.1963566009016781411 ) ) ;
#10243 = CARTESIAN_POINT ( 'NONE',  ( -1.310900000000000176, 0.09999999999999999167, 0.5000000000000000000 ) ) ;
#10244 = DIRECTION ( 'NONE',  ( 1.000000000000000000, -0.0000000000000000000, 0.0000000000000000000 ) ) ;
#10245 = ORIENTED_EDGE ( 'NONE', *, *, #9834, .F. ) ;
#10246 =( NAMED_UNIT ( * ) SI_UNIT ( $, .STERADIAN. ) SOLID_ANGLE_UNIT ( ) );
#10247 = VECTOR ( 'NONE', #1288, 1000.000000000000000 ) ;
#10248 = CARTESIAN_POINT ( 'NONE',  ( -0.6304257238087359605, 0.1000000000000000056, 0.09929999999999991611 ) ) ;
#10249 = DIRECTION ( 'NONE',  ( 0.0000000000000000000, 1.000000000000000000, 0.0000000000000000000 ) ) ;
#10250 = ORIENTED_EDGE ( 'NONE', *, *, #7526, .F. ) ;
#10251 = CARTESIAN_POINT ( 'NONE',  ( 0.0000000000000000000, 0.1000000000000000056, 0.0000000000000000000 ) ) ;
#10252 = CARTESIAN_POINT ( 'NONE',  ( -1.600000000000000311, -0.0000000000000000000, -0.5000000000000000000 ) ) ;
#10253 = CYLINDRICAL_SURFACE ( 'NONE', #4937, 0.01500217240645653274 ) ;
#10254 = ORIENTED_EDGE ( 'NONE', *, *, #3981, .F. ) ;
#10255 = AXIS2_PLACEMENT_3D ( 'NONE', #2984, #9908, #4012 ) ;
#10256 = EDGE_CURVE ( 'NONE', #5853, #2379, #5034, .T. ) ;
#10257 = COLOUR_RGB ( '',0.9686274509803921573, 0.8784313725490195957, 0.5999999999999999778 ) ;
#10258 =( GEOMETRIC_REPRESENTATION_CONTEXT ( 3 ) GLOBAL_UNCERTAINTY_ASSIGNED_CONTEXT ( ( #7115 ) ) GLOBAL_UNIT_ASSIGNED_CONTEXT ( ( #6151, #213, #7148 ) ) REPRESENTATION_CONTEXT ( 'NONE', 'WORKASPACE' ) );
#10259 = DIRECTION ( 'NONE',  ( 0.0000000000000000000, -1.000000000000000000, 0.0000000000000000000 ) ) ;
#10260 = CARTESIAN_POINT ( 'NONE',  ( -1.600000000000000311, 0.1000000000000000056, -0.04990000000000018032 ) ) ;
#10261 = CARTESIAN_POINT ( 'NONE',  ( 0.3325300686216492441, 0.1000000000000000056, 0.09929999999999988836 ) ) ;
#10262 = ADVANCED_FACE ( 'NONE', ( #4711 ), #12253, .T. ) ;
#10263 = ORIENTED_EDGE ( 'NONE', *, *, #3722, .F. ) ;
#10264 = CARTESIAN_POINT ( 'NONE',  ( -1.103100000000000414, 0.5000000000000000000, 0.4718000000000000527 ) ) ;
#10265 = CIRCLE ( 'NONE', #5450, 0.01500217240645655876 ) ;
#10266 = DIRECTION ( 'NONE',  ( 1.000000000000000000, 0.0000000000000000000, 0.0000000000000000000 ) ) ;
#10267 = ORIENTED_EDGE ( 'NONE', *, *, #9031, .F. ) ;
#10268 = DIRECTION ( 'NONE',  ( -0.0000000000000000000, -1.000000000000000000, -0.0000000000000000000 ) ) ;
#10269 = DIRECTION ( 'NONE',  ( 1.000000000000000000, 0.0000000000000000000, 0.0000000000000000000 ) ) ;
#10270 = ADVANCED_FACE ( 'NONE', ( #12572 ), #7053, .F. ) ;
#10271 = VECTOR ( 'NONE', #1692, 1000.000000000000000 ) ;
#10272 = SURFACE_STYLE_FILL_AREA ( #9272 ) ;
#10273 =( GEOMETRIC_REPRESENTATION_CONTEXT ( 3 ) GLOBAL_UNCERTAINTY_ASSIGNED_CONTEXT ( ( #8691 ) ) GLOBAL_UNIT_ASSIGNED_CONTEXT ( ( #6180, #248, #7177 ) ) REPRESENTATION_CONTEXT ( 'NONE', 'WORKASPACE' ) );
#10275 = CARTESIAN_POINT ( 'NONE',  ( 0.3766302143396287327, 0.1000000000000000056, 0.05229999999999979110 ) ) ;
#10274 = CARTESIAN_POINT ( 'NONE',  ( -0.1624278962151925743, 0.1000000000000000056, 0.4826978275935432383 ) ) ;
#10276 = PRESENTATION_LAYER_ASSIGNMENT (  '', '', ( #9013 ) ) ;
#10277 = VERTEX_POINT ( 'NONE', #910 ) ;
#10278 = FACE_OUTER_BOUND ( 'NONE', #5128, .T. ) ;
#10279 = AXIS2_PLACEMENT_3D ( 'NONE', #3606, #10489, #4604 ) ;
#10280 =( NAMED_UNIT ( * ) PLANE_ANGLE_UNIT ( ) SI_UNIT ( $, .RADIAN. ) );
#10281 = DIRECTION ( 'NONE',  ( -0.0000000000000000000, 1.000000000000000000, -0.0000000000000000000 ) ) ;
#10282 = DIRECTION ( 'NONE',  ( -0.0000000000000000000, -1.000000000000000000, -0.0000000000000000000 ) ) ;
#10283 = PLANE ( 'NONE',  #10608 ) ;
#10284 = ORIENTED_EDGE ( 'NONE', *, *, #150, .T. ) ;
#10285 = SURFACE_STYLE_USAGE ( .BOTH. , #3401 ) ;
#10286 = COLOUR_RGB ( '',0.0000000000000000000, 0.7529411764705882248, 0.0000000000000000000 ) ;
#10287 = VERTEX_POINT ( 'NONE', #1887 ) ;
#10288 = DIRECTION ( 'NONE',  ( 0.0000000000000000000, 0.0000000000000000000, -1.000000000000000000 ) ) ;
#10289 = EDGE_CURVE ( 'NONE', #5574, #5080, #2079, .T. ) ;
#10290 = DIRECTION ( 'NONE',  ( 0.0000000000000000000, 0.0000000000000000000, -1.000000000000000000 ) ) ;
#10291 = ORIENTED_EDGE ( 'NONE', *, *, #3924, .F. ) ;
#10292 = AXIS2_PLACEMENT_3D ( 'NONE', #12599, #10596, #5762 ) ;
#10293 = AXIS2_PLACEMENT_3D ( 'NONE', #8265, #2334, #9262 ) ;
#10294 = ORIENTED_EDGE ( 'NONE', *, *, #5939, .T. ) ;
#10295 = COLOUR_RGB ( '',0.9686274509803921573, 0.8784313725490195957, 0.5999999999999999778 ) ;
#10296 = DIRECTION ( 'NONE',  ( -4.020095065059161301E-16, 0.0000000000000000000, -1.000000000000000000 ) ) ;
#10297 = ORIENTED_EDGE ( 'NONE', *, *, #1658, .T. ) ;
#10298 = EDGE_CURVE ( 'NONE', #12527, #1673, #7348, .T. ) ;
#10299 = UNCERTAINTY_MEASURE_WITH_UNIT (LENGTH_MEASURE( 1.000000000000000082E-05 ), #5661, 'distance_accuracy_value', 'NONE');
#10300 = CARTESIAN_POINT ( 'NONE',  ( -0.3766000000000001569, 0.1000000000000000056, 0.05229999999999981886 ) ) ;
#10301 = DIRECTION ( 'NONE',  ( 1.000000000000000000, 0.0000000000000000000, 0.0000000000000000000 ) ) ;
#10302 = COLOUR_RGB ( '',0.9686274509803921573, 0.8784313725490195957, 0.5999999999999999778 ) ;
#10303 = DIRECTION ( 'NONE',  ( 0.0000000000000000000, 0.0000000000000000000, -1.000000000000000000 ) ) ;
#10304 = LINE ( 'NONE', #3134, #7423 ) ;
#10305 = CARTESIAN_POINT ( 'NONE',  ( -1.600000000000000311, 0.1000000000000000056, 0.4999999999999995559 ) ) ;
#10306 = EDGE_CURVE ( 'NONE', #9130, #7075, #9642, .T. ) ;
#10307 = ORIENTED_EDGE ( 'NONE', *, *, #4979, .F. ) ;
#10308 = DIRECTION ( 'NONE',  ( -1.000000000000000000, 0.0000000000000000000, -1.171755763104686308E-17 ) ) ;
#10309 = VERTEX_POINT ( 'NONE', #5880 ) ;
#10310 = VERTEX_POINT ( 'NONE', #957 ) ;
#10311 = PRESENTATION_LAYER_ASSIGNMENT (  '', '', ( #9688 ) ) ;
#10312 = VECTOR ( 'NONE', #11972, 1000.000000000000000 ) ;
#10313 = ORIENTED_EDGE ( 'NONE', *, *, #5452, .T. ) ;
#10314 = DIRECTION ( 'NONE',  ( 0.0000000000000000000, -1.000000000000000000, 0.0000000000000000000 ) ) ;
#10315 = DIRECTION ( 'NONE',  ( 0.0000000000000000000, -1.000000000000000000, 0.0000000000000000000 ) ) ;
#10316 = EDGE_LOOP ( 'NONE', ( #11448, #9895, #10818, #690 ) ) ;
#10317 = DIRECTION ( 'NONE',  ( 0.0000000000000000000, 1.000000000000000000, 0.0000000000000000000 ) ) ;
#10318 = ADVANCED_FACE ( 'NONE', ( #6744 ), #10753, .F. ) ;
#10319 = FACE_OUTER_BOUND ( 'NONE', #2821, .T. ) ;
#10320 = VERTEX_POINT ( 'NONE', #7862 ) ;
#10321 = CARTESIAN_POINT ( 'NONE',  ( -0.4797278962151925175, 0.0000000000000000000, 0.4976999999999999202 ) ) ;
#10322 = STYLED_ITEM ( 'NONE', ( #10949 ), #11714 ) ;
#10323 = VERTEX_POINT ( 'NONE', #3922 ) ;
#10324 = COLOUR_RGB ( '',0.9686274509803921573, 0.8784313725490195957, 0.5999999999999999778 ) ;
#10325 = EDGE_CURVE ( 'NONE', #11330, #3850, #11969, .T. ) ;
#10326 =( NAMED_UNIT ( * ) SI_UNIT ( $, .STERADIAN. ) SOLID_ANGLE_UNIT ( ) );
#10327 = DIRECTION ( 'NONE',  ( 0.7071067811865474617, 0.0000000000000000000, 0.7071067811865474617 ) ) ;
#10328 = PRESENTATION_STYLE_ASSIGNMENT (( #6436 ) ) ;
#10329 = DIRECTION ( 'NONE',  ( -0.0000000000000000000, -0.0000000000000000000, 1.000000000000000000 ) ) ;
#10330 = CARTESIAN_POINT ( 'NONE',  ( 0.3175278962151926176, 0.1000000000000000056, 0.08429782759354324806 ) ) ;
#10331 = ADVANCED_FACE ( 'NONE', ( #11652 ), #11816, .T. ) ;
#10332 = DIRECTION ( 'NONE',  ( 0.0000000000000000000, 0.0000000000000000000, -1.000000000000000000 ) ) ;
#10333 = EDGE_CURVE ( 'NONE', #9913, #35, #8106, .T. ) ;
#10334 = ORIENTED_EDGE ( 'NONE', *, *, #4806, .F. ) ;
#10335 = VECTOR ( 'NONE', #3786, 1000.000000000000000 ) ;
#10336 = ORIENTED_EDGE ( 'NONE', *, *, #313, .F. ) ;
#10337 = FACE_OUTER_BOUND ( 'NONE', #923, .T. ) ;
#10338 = ORIENTED_EDGE ( 'NONE', *, *, #2222, .T. ) ;
#10339 = CARTESIAN_POINT ( 'NONE',  ( 1.600000000000000311, 0.09999999999999999167, -0.2990000000000001545 ) ) ;
#10340 = CARTESIAN_POINT ( 'NONE',  ( -1.086202172406457001, 0.0000000000000000000, 0.4717999999999998306 ) ) ;
#10341 = EDGE_CURVE ( 'NONE', #6238, #2361, #3136, .T. ) ;
#10342 = CARTESIAN_POINT ( 'NONE',  ( 1.562027896215192335, 0.0000000000000000000, -0.1857361597196678649 ) ) ;
#10343 = VECTOR ( 'NONE', #4083, 1000.000000000000000 ) ;
#10344 = DIRECTION ( 'NONE',  ( -1.000000000000000000, 0.0000000000000000000, -7.592683202195574598E-16 ) ) ;
#10345 = EDGE_CURVE ( 'NONE', #5853, #7841, #10700, .T. ) ;
#10346 =( NAMED_UNIT ( * ) SI_UNIT ( $, .STERADIAN. ) SOLID_ANGLE_UNIT ( ) );
#10347 =( GEOMETRIC_REPRESENTATION_CONTEXT ( 3 ) GLOBAL_UNCERTAINTY_ASSIGNED_CONTEXT ( ( #1084 ) ) GLOBAL_UNIT_ASSIGNED_CONTEXT ( ( #3145, #10049, #4159 ) ) REPRESENTATION_CONTEXT ( 'NONE', 'WORKASPACE' ) );
#10348 = ADVANCED_FACE ( 'NONE', ( #5474 ), #4015, .T. ) ;
#10349 = DIRECTION ( 'NONE',  ( 0.0000000000000000000, 0.0000000000000000000, -1.000000000000000000 ) ) ;
#10350 = LINE ( 'NONE', #8013, #12686 ) ;
#10351 = ORIENTED_EDGE ( 'NONE', *, *, #7793, .F. ) ;
#10352 = PRESENTATION_LAYER_ASSIGNMENT (  '', '', ( #11025 ) ) ;
#10353 = STYLED_ITEM ( 'NONE', ( #9138 ), #4227 ) ;
#10354 = SURFACE_STYLE_USAGE ( .BOTH. , #3476 ) ;
#10355 = VERTEX_POINT ( 'NONE', #10896 ) ;
#10356 =( NAMED_UNIT ( * ) SI_UNIT ( $, .STERADIAN. ) SOLID_ANGLE_UNIT ( ) );
#10357 = EDGE_LOOP ( 'NONE', ( #1579, #7559, #691, #8433 ) ) ;
#10358 = EDGE_CURVE ( 'NONE', #5337, #1121, #12101, .T. ) ;
#10359 = VECTOR ( 'NONE', #5064, 1000.000000000000000 ) ;
#10360 = VECTOR ( 'NONE', #3772, 1000.000000000000000 ) ;
#10362 = FILL_AREA_STYLE_COLOUR ( '', #1830 ) ;
#10361 = CARTESIAN_POINT ( 'NONE',  ( -1.577030068621648962, 0.1000000000000000056, -0.1857361597196679204 ) ) ;
#10363 = CARTESIAN_POINT ( 'NONE',  ( 0.1624278962151925743, 0.0000000000000000000, 0.4826978275935431273 ) ) ;
#10364 = ORIENTED_EDGE ( 'NONE', *, *, #3121, .F. ) ;
#10365 = FILL_AREA_STYLE ('',( #2430 ) ) ;
#10366 = LINE ( 'NONE', #5407, #11792 ) ;
#10367 = EDGE_LOOP ( 'NONE', ( #4947, #8514, #4440, #1850 ) ) ;
#10368 = MECHANICAL_DESIGN_GEOMETRIC_PRESENTATION_REPRESENTATION (  '', ( #9092 ), #11040 ) ;
#10369 =( LENGTH_UNIT ( ) NAMED_UNIT ( * ) SI_UNIT ( .MILLI., .METRE. ) );
#10370 = EDGE_CURVE ( 'NONE', #12043, #12183, #9483, .T. ) ;
#10371 = CARTESIAN_POINT ( 'NONE',  ( 1.600000000000000311, 0.09999999999999999167, -0.5000000000000000000 ) ) ;
#10372 = ORIENTED_EDGE ( 'NONE', *, *, #11659, .F. ) ;
#10373 = VECTOR ( 'NONE', #1430, 1000.000000000000000 ) ;
#10374 = AXIS2_PLACEMENT_3D ( 'NONE', #3958, #2928, #4855 ) ;
#10375 = DIRECTION ( 'NONE',  ( 0.0000000000000000000, 0.0000000000000000000, 1.000000000000000000 ) ) ;
#10376 = SURFACE_SIDE_STYLE ('',( #7801 ) ) ;
#10377 = VERTEX_POINT ( 'NONE', #2101 ) ;
#10378 = DIRECTION ( 'NONE',  ( -0.0000000000000000000, -1.000000000000000000, -0.0000000000000000000 ) ) ;
#10379 = FILL_AREA_STYLE ('',( #3502 ) ) ;
#10380 = ORIENTED_EDGE ( 'NONE', *, *, #6677, .T. ) ;
#10381 = CARTESIAN_POINT ( 'NONE',  ( -1.067625723808735883, -0.0000000000000000000, -0.2153021724064567433 ) ) ;
#10382 = VERTEX_POINT ( 'NONE', #9028 ) ;
#10383 = COLOUR_RGB ( '',0.9686274509803921573, 0.8784313725490195957, 0.5999999999999999778 ) ;
#10384 = EDGE_LOOP ( 'NONE', ( #5141, #367, #11905, #5948, #5741, #10284 ) ) ;
#10385 = DIRECTION ( 'NONE',  ( 0.0000000000000000000, 0.0000000000000000000, 1.000000000000000000 ) ) ;
#10386 = VERTEX_POINT ( 'NONE', #9987 ) ;
#10387 = DIRECTION ( 'NONE',  ( 1.000000000000000000, -0.0000000000000000000, 4.020095065059161301E-16 ) ) ;
#10388 = PRESENTATION_STYLE_ASSIGNMENT (( #11065 ) ) ;
#10389 = EDGE_CURVE ( 'NONE', #11750, #6311, #6574, .T. ) ;
#10390 = EDGE_LOOP ( 'NONE', ( #182, #8269, #6578, #2219 ) ) ;
#10391 = SURFACE_STYLE_USAGE ( .BOTH. , #3512 ) ;
#10392 = CIRCLE ( 'NONE', #7892, 0.01500217240645653274 ) ;
#10393 = EDGE_CURVE ( 'NONE', #9106, #5412, #6891, .T. ) ;
#10394 = SURFACE_STYLE_USAGE ( .BOTH. , #3514 ) ;
#10395 = ADVANCED_FACE ( 'NONE', ( #11475 ), #6091, .T. ) ;
#10396 = EDGE_LOOP ( 'NONE', ( #3956, #3203, #12612, #2705, #10297, #8417 ) ) ;
#10397 = PRESENTATION_LAYER_ASSIGNMENT (  '', '', ( #11747 ) ) ;
#10398 = UNCERTAINTY_MEASURE_WITH_UNIT (LENGTH_MEASURE( 1.000000000000000082E-05 ), #12404, 'distance_accuracy_value', 'NONE');
#10399 = VECTOR ( 'NONE', #3780, 1000.000000000000000 ) ;
#10400 = DIRECTION ( 'NONE',  ( 0.0000000000000000000, 0.0000000000000000000, -1.000000000000000000 ) ) ;
#10401 = CIRCLE ( 'NONE', #10701, 0.01500217240645658652 ) ;
#10402 = UNCERTAINTY_MEASURE_WITH_UNIT (LENGTH_MEASURE( 1.000000000000000082E-05 ), #5483, 'distance_accuracy_value', 'NONE');
#10403 = VECTOR ( 'NONE', #1463, 1000.000000000000000 ) ;
#10404 = DIRECTION ( 'NONE',  ( 0.0000000000000000000, 0.0000000000000000000, 1.000000000000000000 ) ) ;
#10405 = ORIENTED_EDGE ( 'NONE', *, *, #6650, .T. ) ;
#10406 = PLANE ( 'NONE',  #11728 ) ;
#10407 = ORIENTED_EDGE ( 'NONE', *, *, #6244, .T. ) ;
#10408 = CARTESIAN_POINT ( 'NONE',  ( -0.1624278962151925743, 0.1000000000000000056, 0.4826978275935432383 ) ) ;
#10409 = FILL_AREA_STYLE_COLOUR ( '', #1080 ) ;
#10410 = DIRECTION ( 'NONE',  ( 0.7071067811865584529, -0.0000000000000000000, 0.7071067811865365815 ) ) ;
#10411 = FACE_OUTER_BOUND ( 'NONE', #11429, .T. ) ;
#10412 = EDGE_LOOP ( 'NONE', ( #2938, #5917, #9870, #3232 ) ) ;
#10414 = CARTESIAN_POINT ( 'NONE',  ( 0.3175278962151926176, 0.1000000000000000056, 0.08429782759354324806 ) ) ;
#10413 = DIRECTION ( 'NONE',  ( 0.0000000000000000000, 0.0000000000000000000, 1.000000000000000000 ) ) ;
#10415 = VECTOR ( 'NONE', #10145, 1000.000000000000000 ) ;
#10416 = DIRECTION ( 'NONE',  ( 0.0000000000000000000, -1.000000000000000000, 0.0000000000000000000 ) ) ;
#10417 = PRESENTATION_LAYER_ASSIGNMENT (  '', '', ( #9779 ) ) ;
#10418 = CARTESIAN_POINT ( 'NONE',  ( 1.067625723808735883, 0.1000000000000000056, -0.2003000000000002001 ) ) ;
#10419 = EDGE_LOOP ( 'NONE', ( #1274, #12506, #648, #3287 ) ) ;
#10420 = LINE ( 'NONE', #4962, #2857 ) ;
#10421 = DIRECTION ( 'NONE',  ( -1.000000000000000000, -0.0000000000000000000, -0.0000000000000000000 ) ) ;
#10422 = CARTESIAN_POINT ( 'NONE',  ( 1.600000000000000311, 0.0000000000000000000, -0.5000000000000000000 ) ) ;
#10423 = CARTESIAN_POINT ( 'NONE',  ( 0.7009302143396288765, 0.1000000000000000056, 0.4999999999999993339 ) ) ;
#10424 = DIRECTION ( 'NONE',  ( 0.7071067811865457964, 0.0000000000000000000, -0.7071067811865492381 ) ) ;
#10425 = LINE ( 'NONE', #7243, #247 ) ;
#10426 = EDGE_CURVE ( 'NONE', #8509, #11791, #2976, .T. ) ;
#10427 = DIRECTION ( 'NONE',  ( -0.0000000000000000000, -0.0000000000000000000, -1.000000000000000000 ) ) ;
#10428 = ADVANCED_FACE ( 'NONE', ( #5299 ), #8102, .F. ) ;
#10429 = CARTESIAN_POINT ( 'NONE',  ( -1.600000000000000311, 0.1000000000000000056, 0.2108999999999995878 ) ) ;
#10430 = DIRECTION ( 'NONE',  ( -0.7071067811865456854, 0.0000000000000000000, 0.7071067811865493491 ) ) ;
#10431 = CARTESIAN_POINT ( 'NONE',  ( 1.600000000000000311, 0.0000000000000000000, -0.5000000000000000000 ) ) ;
#10432 = EDGE_LOOP ( 'NONE', ( #2497, #8669, #5832, #11303 ) ) ;
#10433 = ORIENTED_EDGE ( 'NONE', *, *, #7526, .T. ) ;
#10434 = PRESENTATION_LAYER_ASSIGNMENT (  '', '', ( #11093 ) ) ;
#10435 = EDGE_CURVE ( 'NONE', #2409, #9323, #10531, .T. ) ;
#10436 = AXIS2_PLACEMENT_3D ( 'NONE', #11228, #5360, #1400 ) ;
#10437 = AXIS2_PLACEMENT_3D ( 'NONE', #10036, #4147, #11024 ) ;
#10438 = ORIENTED_EDGE ( 'NONE', *, *, #8897, .F. ) ;
#10439 = DIRECTION ( 'NONE',  ( -0.0000000000000000000, -1.000000000000000000, -0.0000000000000000000 ) ) ;
#10440 = VECTOR ( 'NONE', #4293, 1000.000000000000114 ) ;
#10441 = STYLED_ITEM ( 'NONE', ( #12705 ), #3693 ) ;
#10442 = ORIENTED_EDGE ( 'NONE', *, *, #3539, .T. ) ;
#10443 = FILL_AREA_STYLE_COLOUR ( '', #10180 ) ;
#10444 = CIRCLE ( 'NONE', #3437, 0.01500217240645655876 ) ;
#10445 = FACE_OUTER_BOUND ( 'NONE', #3628, .T. ) ;
#10446 = CARTESIAN_POINT ( 'NONE',  ( -1.082627896215192509, 0.1000000000000000056, -0.4567978275935435928 ) ) ;
#10447 = CARTESIAN_POINT ( 'NONE',  ( -1.021700000000000497, 0.1000000000000000056, 0.4999999999999997780 ) ) ;
#10448 = DIRECTION ( 'NONE',  ( -0.0000000000000000000, 1.000000000000000000, -0.0000000000000000000 ) ) ;
#10449 = UNCERTAINTY_MEASURE_WITH_UNIT (LENGTH_MEASURE( 1.000000000000000082E-05 ), #7180, 'distance_accuracy_value', 'NONE');
#10450 = CARTESIAN_POINT ( 'NONE',  ( -1.311172388391701915, 0.1000000000000000056, 0.4874532564923810818 ) ) ;
#10451 = DIRECTION ( 'NONE',  ( 0.0000000000000000000, 1.000000000000000000, 0.0000000000000000000 ) ) ;
#10452 = LINE ( 'NONE', #3064, #269 ) ;
#10453 = FACE_OUTER_BOUND ( 'NONE', #10474, .T. ) ;
#10454 = ORIENTED_EDGE ( 'NONE', *, *, #5535, .T. ) ;
#10455 = ORIENTED_EDGE ( 'NONE', *, *, #4387, .T. ) ;
#10456 = CARTESIAN_POINT ( 'NONE',  ( 0.3175278962151924511, 0.0000000000000000000, 0.4800999999999998047 ) ) ;
#10457 = ORIENTED_EDGE ( 'NONE', *, *, #8225, .F. ) ;
#10458 = EDGE_LOOP ( 'NONE', ( #10372, #6835, #6099, #2911 ) ) ;
#10459 = AXIS2_PLACEMENT_3D ( 'NONE', #5847, #12711, #6843 ) ;
#10460 = DIRECTION ( 'NONE',  ( 1.358513147160064791E-17, -0.0000000000000000000, -1.000000000000000000 ) ) ;
#10461 = DIRECTION ( 'NONE',  ( 0.0000000000000000000, 0.0000000000000000000, 1.000000000000000000 ) ) ;
#10462 = DIRECTION ( 'NONE',  ( -0.7071067811865493491, 0.0000000000000000000, -0.7071067811865456854 ) ) ;
#10463 = LINE ( 'NONE', #12530, #5229 ) ;
#10464 = ADVANCED_FACE ( 'NONE', ( #7955 ), #9102, .T. ) ;
#10465 = CARTESIAN_POINT ( 'NONE',  ( -0.1774300686216491452, 0.1000000000000000056, -0.4849978275935435956 ) ) ;
#10466 = CARTESIAN_POINT ( 'NONE',  ( 1.547025723808735931, 0.1000000000000000056, -0.1167021724064566529 ) ) ;
#10467 = LINE ( 'NONE', #12713, #5230 ) ;
#10468 = FILL_AREA_STYLE ('',( #5532 ) ) ;
#10469 = ORIENTED_EDGE ( 'NONE', *, *, #8397, .F. ) ;
#10470 = EDGE_LOOP ( 'NONE', ( #11592, #8637, #12729, #1833 ) ) ;
#10471 = ORIENTED_EDGE ( 'NONE', *, *, #877, .T. ) ;
#10472 = EDGE_CURVE ( 'NONE', #11485, #1367, #352, .T. ) ;
#10473 = EDGE_CURVE ( 'NONE', #6025, #10816, #65, .T. ) ;
#10474 = EDGE_LOOP ( 'NONE', ( #1150, #2505, #3799, #2082 ) ) ;
#10475 = MECHANICAL_DESIGN_GEOMETRIC_PRESENTATION_REPRESENTATION (  '', ( #9181 ), #11142 ) ;
#10476 = CARTESIAN_POINT ( 'NONE',  ( -1.568300000000000249, 0.0000000000000000000, 0.1166021724064562892 ) ) ;
#10477 = EDGE_CURVE ( 'NONE', #11831, #11999, #7638, .T. ) ;
#10478 = DIRECTION ( 'NONE',  ( -1.000000000000000000, -0.0000000000000000000, -0.0000000000000000000 ) ) ;
#10479 = DIRECTION ( 'NONE',  ( 1.000000000000000000, 0.0000000000000000000, -3.141067797710766655E-15 ) ) ;
#10480 = ORIENTED_EDGE ( 'NONE', *, *, #721, .F. ) ;
#10481 = ORIENTED_EDGE ( 'NONE', *, *, #7084, .T. ) ;
#10482 = CARTESIAN_POINT ( 'NONE',  ( 0.4585278962151925208, 0.1000000000000000056, 0.4694999999999998064 ) ) ;
#10483 = EDGE_LOOP ( 'NONE', ( #10819, #970, #7568, #11108 ) ) ;
#10484 = ADVANCED_FACE ( 'NONE', ( #2353 ), #1278, .T. ) ;
#10485 = DIRECTION ( 'NONE',  ( 0.0000000000000000000, 1.000000000000000000, 0.0000000000000000000 ) ) ;
#10486 = EDGE_CURVE ( 'NONE', #3312, #1423, #6413, .T. ) ;
#10487 = VECTOR ( 'NONE', #7604, 1000.000000000000000 ) ;
#10488 = MECHANICAL_DESIGN_GEOMETRIC_PRESENTATION_REPRESENTATION (  '', ( #9200 ), #11154 ) ;
#10489 = DIRECTION ( 'NONE',  ( 0.0000000000000000000, 0.0000000000000000000, 1.000000000000000000 ) ) ;
#10490 = FILL_AREA_STYLE_COLOUR ( '', #1010 ) ;
#10491 = VERTEX_POINT ( 'NONE', #1320 ) ;
#10492 = CARTESIAN_POINT ( 'NONE',  ( 0.3281278962151924494, 0.0000000000000000000, 0.4694999999999998064 ) ) ;
#10493 = ORIENTED_EDGE ( 'NONE', *, *, #8827, .T. ) ;
#10494 = FACE_OUTER_BOUND ( 'NONE', #5330, .T. ) ;
#10495 = SURFACE_STYLE_FILL_AREA ( #12332 ) ;
#10496 = ORIENTED_EDGE ( 'NONE', *, *, #826, .T. ) ;
#10497 = ORIENTED_EDGE ( 'NONE', *, *, #3756, .F. ) ;
#10498 = COLOUR_RGB ( '',0.9686274509803921573, 0.8784313725490195957, 0.5999999999999999778 ) ;
#10499 =( LENGTH_UNIT ( ) NAMED_UNIT ( * ) SI_UNIT ( .MILLI., .METRE. ) );
#10500 = DIRECTION ( 'NONE',  ( -0.0000000000000000000, 1.000000000000000000, -0.0000000000000000000 ) ) ;
#10501 = FILL_AREA_STYLE_COLOUR ( '', #5744 ) ;
#10502 = AXIS2_PLACEMENT_3D ( 'NONE', #11496, #9524, #9557 ) ;
#10503 = ORIENTED_EDGE ( 'NONE', *, *, #10132, .F. ) ;
#10504 = EDGE_CURVE ( 'NONE', #2485, #11718, #9036, .T. ) ;
#10505 = STYLED_ITEM ( 'NONE', ( #10638 ), #920 ) ;
#10506 = VECTOR ( 'NONE', #10167, 1000.000000000000000 ) ;
#10507 = VERTEX_POINT ( 'NONE', #7245 ) ;
#10508 = DIRECTION ( 'NONE',  ( 1.000000000000000000, 0.0000000000000000000, -0.0000000000000000000 ) ) ;
#10509 = DIRECTION ( 'NONE',  ( -0.0000000000000000000, -1.000000000000000000, -0.0000000000000000000 ) ) ;
#10510 = CARTESIAN_POINT ( 'NONE',  ( 0.6304257238087359605, 0.0000000000000000000, 0.09929999999999991611 ) ) ;
#10511 = AXIS2_PLACEMENT_3D ( 'NONE', #9168, #3230, #10130 ) ;
#10512 = VECTOR ( 'NONE', #5451, 1000.000000000000000 ) ;
#10513 = EDGE_CURVE ( 'NONE', #4941, #4504, #8727, .T. ) ;
#10514 = PLANE ( 'NONE',  #6902 ) ;
#10515 = LINE ( 'NONE', #12611, #10841 ) ;
#10516 = ORIENTED_EDGE ( 'NONE', *, *, #3822, .F. ) ;
#10517 = CARTESIAN_POINT ( 'NONE',  ( 0.3502300686216489600, 0.1000000000000000056, -0.2153021724064567988 ) ) ;
#10518 = VERTEX_POINT ( 'NONE', #6166 ) ;
#10519 = ADVANCED_FACE ( 'NONE', ( #3777 ), #5279, .T. ) ;
#10520 = VECTOR ( 'NONE', #4627, 1000.000000000000000 ) ;
#10521 = CIRCLE ( 'NONE', #4191, 0.2891000000000000236 ) ;
#10522 = VECTOR ( 'NONE', #11431, 1000.000000000000000 ) ;
#10523 = PLANE ( 'NONE',  #8303 ) ;
#10524 = MECHANICAL_DESIGN_GEOMETRIC_PRESENTATION_REPRESENTATION (  '', ( #9239 ), #11201 ) ;
#10525 = DIRECTION ( 'NONE',  ( -9.098841772336316914E-17, 0.0000000000000000000, -1.000000000000000000 ) ) ;
#10526 = AXIS2_PLACEMENT_3D ( 'NONE', #9232, #3292, #10193 ) ;
#10527 = FILL_AREA_STYLE ('',( #2636 ) ) ;
#10528 = CARTESIAN_POINT ( 'NONE',  ( -1.097630068621648913, 0.1000000000000000056, -0.4718000000000002747 ) ) ;
#10529 = SURFACE_SIDE_STYLE ('',( #3286 ) ) ;
#10530 = STYLED_ITEM ( 'NONE', ( #4608 ), #29 ) ;
#10531 = CIRCLE ( 'NONE', #8244, 0.01500217240645653274 ) ;
#10532 = VERTEX_POINT ( 'NONE', #12222 ) ;
#10533 = CIRCLE ( 'NONE', #5830, 0.3001000000000000334 ) ;
#10534 = DIRECTION ( 'NONE',  ( -1.000000000000000000, 0.0000000000000000000, 0.0000000000000000000 ) ) ;
#10535 = VECTOR ( 'NONE', #7401, 1000.000000000000114 ) ;
#10536 = ORIENTED_EDGE ( 'NONE', *, *, #1085, .F. ) ;
#10537 = VERTEX_POINT ( 'NONE', #2376 ) ;
#10538 = ORIENTED_EDGE ( 'NONE', *, *, #4831, .T. ) ;
#10539 = CARTESIAN_POINT ( 'NONE',  ( 0.3325300686216491330, 0.0000000000000000000, -0.1017000000000001098 ) ) ;
#10540 = FACE_OUTER_BOUND ( 'NONE', #3475, .T. ) ;
#10541 = CARTESIAN_POINT ( 'NONE',  ( -1.599999999999999867, 0.5000000000000000000, 0.5000000000000000000 ) ) ;
#10542 = CARTESIAN_POINT ( 'NONE',  ( -0.1774300686216490897, 0.0000000000000000000, 0.4826978275935433493 ) ) ;
#10543 = ORIENTED_EDGE ( 'NONE', *, *, #164, .T. ) ;
#10544 = EDGE_CURVE ( 'NONE', #4105, #11501, #5153, .T. ) ;
#10545 = DIRECTION ( 'NONE',  ( 4.843431639425979442E-16, 0.0000000000000000000, 1.000000000000000000 ) ) ;
#10546 = FACE_OUTER_BOUND ( 'NONE', #3371, .T. ) ;
#10547 = VERTEX_POINT ( 'NONE', #10260 ) ;
#10548 = FILL_AREA_STYLE ('',( #6634 ) ) ;
#10549 = LINE ( 'NONE', #11683, #5316 ) ;
#10550 = PRESENTATION_LAYER_ASSIGNMENT (  '', '', ( #9257 ) ) ;
#10551 = FILL_AREA_STYLE ('',( #1682 ) ) ;
#10552 = ADVANCED_FACE ( 'NONE', ( #2496 ), #6395, .T. ) ;
#10553 = SURFACE_STYLE_FILL_AREA ( #11554 ) ;
#10554 = VECTOR ( 'NONE', #5210, 1000.000000000000000 ) ;
#10555 = VERTEX_POINT ( 'NONE', #3422 ) ;
#10556 =( NAMED_UNIT ( * ) PLANE_ANGLE_UNIT ( ) SI_UNIT ( $, .RADIAN. ) );
#10557 = CARTESIAN_POINT ( 'NONE',  ( -1.568300000000000249, 0.1000000000000000056, 0.1166021724064562892 ) ) ;
#10558 = ORIENTED_EDGE ( 'NONE', *, *, #10567, .T. ) ;
#10559 = COLOUR_RGB ( '',0.9686274509803921573, 0.8784313725490195957, 0.5999999999999999778 ) ;
#10560 = EDGE_CURVE ( 'NONE', #1872, #12278, #10366, .T. ) ;
#10561 = ORIENTED_EDGE ( 'NONE', *, *, #6641, .F. ) ;
#10562 = LINE ( 'NONE', #4453, #2683 ) ;
#10563 = VERTEX_POINT ( 'NONE', #7418 ) ;
#10564 = VERTEX_POINT ( 'NONE', #8391 ) ;
#10565 = VECTOR ( 'NONE', #5212, 1000.000000000000000 ) ;
#10566 = CARTESIAN_POINT ( 'NONE',  ( -0.3325300686216490220, 0.0000000000000000000, 0.08429782759354335908 ) ) ;
#10567 = EDGE_CURVE ( 'NONE', #11565, #4626, #6560, .T. ) ;
#10568 = DIRECTION ( 'NONE',  ( -1.000000000000000000, 0.0000000000000000000, -0.0000000000000000000 ) ) ;
#10569 = CARTESIAN_POINT ( 'NONE',  ( -1.296800000000000397, 0.09999999999999999167, 0.4893999999999999462 ) ) ;
#10570 = ORIENTED_EDGE ( 'NONE', *, *, #8783, .T. ) ;
#10571 = FILL_AREA_STYLE ('',( #12521 ) ) ;
#10572 = MECHANICAL_DESIGN_GEOMETRIC_PRESENTATION_REPRESENTATION (  '', ( #9277 ), #11241 ) ;
#10573 = CIRCLE ( 'NONE', #2262, 0.3001000000000000334 ) ;
#10574 = ORIENTED_EDGE ( 'NONE', *, *, #1943, .T. ) ;
#10575 = LINE ( 'NONE', #2519, #7997 ) ;
#10576 = DIRECTION ( 'NONE',  ( 0.0000000000000000000, -1.000000000000000000, 0.0000000000000000000 ) ) ;
#10577 = DIRECTION ( 'NONE',  ( -0.0000000000000000000, -1.000000000000000000, -0.0000000000000000000 ) ) ;
#10578 = PLANE ( 'NONE',  #8178 ) ;
#10579 = PRESENTATION_STYLE_ASSIGNMENT (( #12617 ) ) ;
#10580 = CARTESIAN_POINT ( 'NONE',  ( 1.285174339670224430, 0.1000000000000000056, -0.4868021724064567901 ) ) ;
#10581 = AXIS2_PLACEMENT_3D ( 'NONE', #828, #7740, #1812 ) ;
#10582 = MANIFOLD_SOLID_BREP ( 'Boss-Extrude5[3]', #9349 ) ;
#10583 = VERTEX_POINT ( 'NONE', #10342 ) ;
#10584 =( GEOMETRIC_REPRESENTATION_CONTEXT ( 3 ) GLOBAL_UNCERTAINTY_ASSIGNED_CONTEXT ( ( #7819 ) ) GLOBAL_UNIT_ASSIGNED_CONTEXT ( ( #5942, #10, #6939 ) ) REPRESENTATION_CONTEXT ( 'NONE', 'WORKASPACE' ) );
#10585 = VERTEX_POINT ( 'NONE', #3466 ) ;
#10586 = CARTESIAN_POINT ( 'NONE',  ( -0.4691278962151925191, 0.1000000000000000056, 0.4870999999999999219 ) ) ;
#10587 = UNCERTAINTY_MEASURE_WITH_UNIT (LENGTH_MEASURE( 1.000000000000000082E-05 ), #1678, 'distance_accuracy_value', 'NONE');
#10588 = ADVANCED_FACE ( 'NONE', ( #8235 ), #2056, .F. ) ;
#10589 = DIRECTION ( 'NONE',  ( -1.000000000000000000, 0.0000000000000000000, -2.321156620588232821E-16 ) ) ;
#10590 = DIRECTION ( 'NONE',  ( 0.0000000000000000000, 0.0000000000000000000, -1.000000000000000000 ) ) ;
#10591 = CYLINDRICAL_SURFACE ( 'NONE', #472, 0.2009999999999999010 ) ;
#10592 = EDGE_CURVE ( 'NONE', #10386, #4721, #7323, .T. ) ;
#10593 = CARTESIAN_POINT ( 'NONE',  ( -1.577030068621648962, 0.1000000000000000056, -0.2007383321261244913 ) ) ;
#10594 = SURFACE_SIDE_STYLE ('',( #11630 ) ) ;
#10595 = DIRECTION ( 'NONE',  ( 0.0000000000000000000, -1.000000000000000000, 0.0000000000000000000 ) ) ;
#10596 = DIRECTION ( 'NONE',  ( 0.0000000000000000000, -1.000000000000000000, 0.0000000000000000000 ) ) ;
#10597 = ORIENTED_EDGE ( 'NONE', *, *, #5268, .T. ) ;
#10598 = FACE_OUTER_BOUND ( 'NONE', #6200, .T. ) ;
#10599 = DIRECTION ( 'NONE',  ( 0.0000000000000000000, 0.0000000000000000000, 1.000000000000000000 ) ) ;
#10600 = VERTEX_POINT ( 'NONE', #2540 ) ;
#10601 = SURFACE_STYLE_USAGE ( .BOTH. , #3729 ) ;
#10602 = LINE ( 'NONE', #1054, #3044 ) ;
#10603 = EDGE_CURVE ( 'NONE', #4383, #6678, #9612, .T. ) ;
#10604 = PRESENTATION_LAYER_ASSIGNMENT (  '', '', ( #9964 ) ) ;
#10605 =( GEOMETRIC_REPRESENTATION_CONTEXT ( 3 ) GLOBAL_UNCERTAINTY_ASSIGNED_CONTEXT ( ( #7969 ) ) GLOBAL_UNIT_ASSIGNED_CONTEXT ( ( #7895, #1961, #8880 ) ) REPRESENTATION_CONTEXT ( 'NONE', 'WORKASPACE' ) );
#10606 = DIRECTION ( 'NONE',  ( 0.0000000000000000000, -0.0000000000000000000, -1.000000000000000000 ) ) ;
#10607 = EDGE_LOOP ( 'NONE', ( #1715, #4702, #10240, #4508 ) ) ;
#10608 = AXIS2_PLACEMENT_3D ( 'NONE', #9326, #11295, #5388 ) ;
#10609 = DIRECTION ( 'NONE',  ( 0.0000000000000000000, -1.000000000000000000, 0.0000000000000000000 ) ) ;
#10610 = AXIS2_PLACEMENT_3D ( 'NONE', #9427, #3508, #10385 ) ;
#10611 = DIRECTION ( 'NONE',  ( 0.0000000000000000000, 0.0000000000000000000, -1.000000000000000000 ) ) ;
#10612 = CARTESIAN_POINT ( 'NONE',  ( 0.3175278962151924511, 0.0000000000000000000, 0.4870999999999998109 ) ) ;
#10613 = CIRCLE ( 'NONE', #4331, 0.01500217240645655876 ) ;
#10614 = CIRCLE ( 'NONE', #2910, 0.01500217240645655876 ) ;
#10615 = ADVANCED_FACE ( 'NONE', ( #10843 ), #4557, .T. ) ;
#10616 = EDGE_LOOP ( 'NONE', ( #8492, #9432, #8014, #8040, #6982, #11681 ) ) ;
#10617 = VECTOR ( 'NONE', #12418, 1000.000000000000000 ) ;
#10618 = DIRECTION ( 'NONE',  ( 0.0000000000000000000, 0.0000000000000000000, 1.000000000000000000 ) ) ;
#10619 = VERTEX_POINT ( 'NONE', #5544 ) ;
#10620 = COLOUR_RGB ( '',0.9686274509803921573, 0.8784313725490195957, 0.5999999999999999778 ) ;
#10621 = STYLED_ITEM ( 'NONE', ( #9169 ), #10582 ) ;
#10622 = DIRECTION ( 'NONE',  ( 0.0000000000000000000, -1.000000000000000000, 0.0000000000000000000 ) ) ;
#10623 = VECTOR ( 'NONE', #11117, 1000.000000000000000 ) ;
#10624 = MECHANICAL_DESIGN_GEOMETRIC_PRESENTATION_REPRESENTATION (  '', ( #9331 ), #11297 ) ;
#10625 = DIRECTION ( 'NONE',  ( 0.0000000000000000000, 0.0000000000000000000, -1.000000000000000000 ) ) ;
#10626 = VERTEX_POINT ( 'NONE', #5587 ) ;
#10627 = FILL_AREA_STYLE ('',( #11602 ) ) ;
#10628 = ORIENTED_EDGE ( 'NONE', *, *, #5204, .T. ) ;
#10629 = ORIENTED_EDGE ( 'NONE', *, *, #7619, .F. ) ;
#10630 = DIRECTION ( 'NONE',  ( 0.0000000000000000000, 0.0000000000000000000, 1.000000000000000000 ) ) ;
#10631 = DIRECTION ( 'NONE',  ( 0.0000000000000000000, 0.0000000000000000000, -1.000000000000000000 ) ) ;
#10632 = CARTESIAN_POINT ( 'NONE',  ( -1.021700000000000275, 0.1000000000000000056, 0.05229999999999980498 ) ) ;
#10633 = FACE_OUTER_BOUND ( 'NONE', #2756, .T. ) ;
#10634 = ORIENTED_EDGE ( 'NONE', *, *, #3196, .F. ) ;
#10635 = DIRECTION ( 'NONE',  ( -0.0000000000000000000, -1.000000000000000000, -0.0000000000000000000 ) ) ;
#10636 = CARTESIAN_POINT ( 'NONE',  ( -1.568300000000000249, 0.1000000000000000056, 0.1166021724064562892 ) ) ;
#10637 = ORIENTED_EDGE ( 'NONE', *, *, #5098, .F. ) ;
#10638 = PRESENTATION_STYLE_ASSIGNMENT (( #963 ) ) ;
#10639 =( NAMED_UNIT ( * ) PLANE_ANGLE_UNIT ( ) SI_UNIT ( $, .RADIAN. ) );
#10640 = EDGE_CURVE ( 'NONE', #11944, #2621, #6874, .T. ) ;
#10641 = ORIENTED_EDGE ( 'NONE', *, *, #10910, .F. ) ;
#10642 = SURFACE_SIDE_STYLE ('',( #12266 ) ) ;
#10643 = EDGE_LOOP ( 'NONE', ( #8457, #8118, #7614, #3390 ) ) ;
#10644 = EDGE_CURVE ( 'NONE', #12335, #3406, #4219, .T. ) ;
#10645 = PRESENTATION_LAYER_ASSIGNMENT (  '', '', ( #9998 ) ) ;
#10646 = CARTESIAN_POINT ( 'NONE',  ( 0.1774300686216492007, 0.0000000000000000000, 0.4976999999999998092 ) ) ;
#10647 = ORIENTED_EDGE ( 'NONE', *, *, #1085, .T. ) ;
#10648 = FACE_OUTER_BOUND ( 'NONE', #3728, .T. ) ;
#10649 = ORIENTED_EDGE ( 'NONE', *, *, #7168, .T. ) ;
#10650 = LINE ( 'NONE', #993, #5413 ) ;
#10651 = CARTESIAN_POINT ( 'NONE',  ( -1.600000000000000311, 0.09999999999999999167, -0.2990000000000000990 ) ) ;
#10652 = CLOSED_SHELL ( 'NONE', ( #8298, #6314, #3985, #8175, #4891, #3519, #10552, #12614, #3231, #2584 ) ) ;
#10653 = VECTOR ( 'NONE', #7379, 1000.000000000000000 ) ;
#10654 = DIRECTION ( 'NONE',  ( -0.0000000000000000000, 1.000000000000000000, -0.0000000000000000000 ) ) ;
#10655 = SURFACE_STYLE_USAGE ( .BOTH. , #3790 ) ;
#10656 = ORIENTED_EDGE ( 'NONE', *, *, #10808, .F. ) ;
#10657 = DIRECTION ( 'NONE',  ( -1.000000000000000000, -0.0000000000000000000, -0.0000000000000000000 ) ) ;
#10658 = ADVANCED_FACE ( 'NONE', ( #1591 ), #8229, .T. ) ;
#10659 = ORIENTED_EDGE ( 'NONE', *, *, #6928, .F. ) ;
#10660 = CIRCLE ( 'NONE', #6446, 0.01500217240645655876 ) ;
#10661 = ORIENTED_EDGE ( 'NONE', *, *, #11874, .F. ) ;
#10662 = VECTOR ( 'NONE', #11121, 1000.000000000000000 ) ;
#10663 = EDGE_LOOP ( 'NONE', ( #7288, #8207, #10859, #2137 ) ) ;
#10664 = FILL_AREA_STYLE ('',( #2759 ) ) ;
#10665 = CARTESIAN_POINT ( 'NONE',  ( 0.1005151071698142246, 0.0000000000000000000, 0.4999999999999997780 ) ) ;
#10666 = PRESENTATION_LAYER_ASSIGNMENT (  '', '', ( #10009 ) ) ;
#10667 = DIRECTION ( 'NONE',  ( 0.0000000000000000000, 0.0000000000000000000, 1.000000000000000000 ) ) ;
#10668 = LINE ( 'NONE', #1107, #8074 ) ;
#10669 = ORIENTED_EDGE ( 'NONE', *, *, #10603, .F. ) ;
#10670 = EDGE_LOOP ( 'NONE', ( #9759, #11086, #12059, #10597 ) ) ;
#10671 = DIRECTION ( 'NONE',  ( 1.000000000000000000, 0.0000000000000000000, -0.0000000000000000000 ) ) ;
#10672 = ORIENTED_EDGE ( 'NONE', *, *, #2455, .T. ) ;
#10673 = DIRECTION ( 'NONE',  ( 0.0000000000000000000, 0.0000000000000000000, 1.000000000000000000 ) ) ;
#10674 = SURFACE_STYLE_FILL_AREA ( #10820 ) ;
#10675 = DIRECTION ( 'NONE',  ( 0.0000000000000000000, 0.0000000000000000000, 1.000000000000000000 ) ) ;
#10676 = FACE_OUTER_BOUND ( 'NONE', #4606, .T. ) ;
#10677 = DIRECTION ( 'NONE',  ( -1.000000000000000000, -0.0000000000000000000, -0.0000000000000000000 ) ) ;
#10678 = ADVANCED_FACE ( 'NONE', ( #5943 ), #9592, .F. ) ;
#10679 = EDGE_CURVE ( 'NONE', #2617, #4941, #5604, .T. ) ;
#10680 = FILL_AREA_STYLE_COLOUR ( '', #2489 ) ;
#10681 = DIRECTION ( 'NONE',  ( 0.0000000000000000000, 0.0000000000000000000, 1.000000000000000000 ) ) ;
#10682 =( GEOMETRIC_REPRESENTATION_CONTEXT ( 3 ) GLOBAL_UNCERTAINTY_ASSIGNED_CONTEXT ( ( #5494 ) ) GLOBAL_UNIT_ASSIGNED_CONTEXT ( ( #3894, #10772, #4892 ) ) REPRESENTATION_CONTEXT ( 'NONE', 'WORKASPACE' ) );
#10683 = CARTESIAN_POINT ( 'NONE',  ( -1.399000000000000021, 0.5000000000000000000, 0.5000000000000000000 ) ) ;
#10684 = AXIS2_PLACEMENT_3D ( 'NONE', #6617, #686, #7595 ) ;
#10685 = CARTESIAN_POINT ( 'NONE',  ( 0.1005151071698142246, 0.1000000000000000056, -0.4976000000000002643 ) ) ;
#10686 = EDGE_LOOP ( 'NONE', ( #12110, #216, #479, #7263 ) ) ;
#10687 = COLOUR_RGB ( '',0.9686274509803921573, 0.8784313725490195957, 0.5999999999999999778 ) ;
#10688 = ORIENTED_EDGE ( 'NONE', *, *, #3379, .T. ) ;
#10689 = LINE ( 'NONE', #10248, #8094 ) ;
#10690 = DIRECTION ( 'NONE',  ( 1.000000000000000000, 0.0000000000000000000, 7.592683202195574598E-16 ) ) ;
#10691 = VERTEX_POINT ( 'NONE', #6701 ) ;
#10692 = VERTEX_POINT ( 'NONE', #1744 ) ;
#10693 =( NAMED_UNIT ( * ) PLANE_ANGLE_UNIT ( ) SI_UNIT ( $, .RADIAN. ) );
#10694 = DIRECTION ( 'NONE',  ( -0.0000000000000000000, -0.0000000000000000000, -1.000000000000000000 ) ) ;
#10695 = DIRECTION ( 'NONE',  ( -1.000000000000000000, 0.0000000000000000000, 0.0000000000000000000 ) ) ;
#10696 = ORIENTED_EDGE ( 'NONE', *, *, #12347, .T. ) ;
#10697 = PLANE ( 'NONE',  #6692 ) ;
#10698 = LINE ( 'NONE', #2158, #8103 ) ;
#10699 = VERTEX_POINT ( 'NONE', #3691 ) ;
#10700 = CIRCLE ( 'NONE', #11118, 0.01500217240645647723 ) ;
#10701 = AXIS2_PLACEMENT_3D ( 'NONE', #11457, #5555, #12458 ) ;
#10702 = FACE_OUTER_BOUND ( 'NONE', #1300, .T. ) ;
#10703 = ORIENTED_EDGE ( 'NONE', *, *, #2017, .F. ) ;
#10704 = AXIS2_PLACEMENT_3D ( 'NONE', #7561, #1640, #8548 ) ;
#10705 = DIRECTION ( 'NONE',  ( 1.000000000000000000, -0.0000000000000000000, 2.321156620588232328E-16 ) ) ;
#10706 = ORIENTED_EDGE ( 'NONE', *, *, #3981, .T. ) ;
#10707 = LINE ( 'NONE', #12003, #2832 ) ;
#10708 = CARTESIAN_POINT ( 'NONE',  ( 0.4691278962151925191, 0.1000000000000000056, 0.4800999999999998047 ) ) ;
#10709 = EDGE_LOOP ( 'NONE', ( #3572, #11477, #7714, #1134, #6705, #10454 ) ) ;
#10710 = PRESENTATION_LAYER_ASSIGNMENT (  '', '', ( #9402 ) ) ;
#10711 = CIRCLE ( 'NONE', #6568, 0.2891000000000000791 ) ;
#10712 = ORIENTED_EDGE ( 'NONE', *, *, #12157, .F. ) ;
#10713 = CARTESIAN_POINT ( 'NONE',  ( -1.071200000000000374, 0.0000000000000000000, 0.1166021724064564002 ) ) ;
#10714 = CARTESIAN_POINT ( 'NONE',  ( 1.562027896215192557, 0.0000000000000000000, -0.1167021724064567917 ) ) ;
#10715 = ORIENTED_EDGE ( 'NONE', *, *, #1962, .F. ) ;
#10716 = SURFACE_STYLE_FILL_AREA ( #8709 ) ;
#10717 = DIRECTION ( 'NONE',  ( 0.0000000000000000000, -1.000000000000000000, 0.0000000000000000000 ) ) ;
#10718 = ADVANCED_FACE ( 'NONE', ( #339 ), #2708, .F. ) ;
#10719 = EDGE_CURVE ( 'NONE', #5905, #9420, #10515, .T. ) ;
#10720 = DIRECTION ( 'NONE',  ( -0.0000000000000000000, 0.0000000000000000000, -1.000000000000000000 ) ) ;
#10721 = VECTOR ( 'NONE', #11539, 1000.000000000000000 ) ;
#10722 = EDGE_CURVE ( 'NONE', #8339, #6511, #3269, .T. ) ;
#10723 =( NAMED_UNIT ( * ) PLANE_ANGLE_UNIT ( ) SI_UNIT ( $, .RADIAN. ) );
#10724 = ORIENTED_EDGE ( 'NONE', *, *, #4218, .F. ) ;
#10725 = PRESENTATION_LAYER_ASSIGNMENT (  '', '', ( #9425 ) ) ;
#10726 = CARTESIAN_POINT ( 'NONE',  ( -1.568300000000000249, 0.1000000000000000056, 0.1166021724064562892 ) ) ;
#10727 = DIRECTION ( 'NONE',  ( -2.943037349164450241E-16, -0.0000000000000000000, 1.000000000000000000 ) ) ;
#10728 = CARTESIAN_POINT ( 'NONE',  ( 0.4691278962151925191, 0.1000000000000000056, 0.4870999999999999219 ) ) ;
#10729 = COLOUR_RGB ( '',1.000000000000000000, 1.000000000000000000, 1.000000000000000000 ) ;
#10730 = SURFACE_STYLE_FILL_AREA ( #4755 ) ;
#10731 = PRESENTATION_STYLE_ASSIGNMENT (( #2923 ) ) ;
#10732 = CARTESIAN_POINT ( 'NONE',  ( -1.086202172406457001, 0.0000000000000000000, 0.4717999999999998306 ) ) ;
#10733 = EDGE_CURVE ( 'NONE', #3868, #1408, #2959, .T. ) ;
#10734 = EDGE_LOOP ( 'NONE', ( #1619, #2925, #7154, #10041, #11409, #12356, #8305, #10948 ) ) ;
#10735 = CARTESIAN_POINT ( 'NONE',  ( -0.3766000000000001569, 0.1000000000000000056, -0.04990000000000019420 ) ) ;
#10737 = VECTOR ( 'NONE', #2940, 1000.000000000000000 ) ;
#10736 = SURFACE_SIDE_STYLE ('',( #12282 ) ) ;
#10738 =( LENGTH_UNIT ( ) NAMED_UNIT ( * ) SI_UNIT ( .MILLI., .METRE. ) );
#10739 = VECTOR ( 'NONE', #11183, 1000.000000000000000 ) ;
#10740 = CARTESIAN_POINT ( 'NONE',  ( 1.399000000000000243, 0.09999999999999999167, 0.5000000000000002220 ) ) ;
#10741 = LINE ( 'NONE', #2800, #8142 ) ;
#10742 = EDGE_CURVE ( 'NONE', #8464, #12211, #2643, .T. ) ;
#10743 = PRESENTATION_STYLE_ASSIGNMENT (( #476 ) ) ;
#10744 = DIRECTION ( 'NONE',  ( 0.0000000000000000000, 0.0000000000000000000, -1.000000000000000000 ) ) ;
#10745 =( GEOMETRIC_REPRESENTATION_CONTEXT ( 3 ) GLOBAL_UNCERTAINTY_ASSIGNED_CONTEXT ( ( #5859 ) ) GLOBAL_UNIT_ASSIGNED_CONTEXT ( ( #12088, #6191, #254 ) ) REPRESENTATION_CONTEXT ( 'NONE', 'WORKASPACE' ) );
#10746 = ORIENTED_EDGE ( 'NONE', *, *, #389, .T. ) ;
#10747 = ADVANCED_FACE ( 'NONE', ( #7940 ), #9687, .F. ) ;
#10748 = CARTESIAN_POINT ( 'NONE',  ( -1.067625723808735883, 0.1000000000000000056, -0.2153021724064567433 ) ) ;
#10749 = EDGE_LOOP ( 'NONE', ( #8716, #9192, #5249, #7174 ) ) ;
#10750 = CARTESIAN_POINT ( 'NONE',  ( -1.584125920840706137, 0.1000000000000000056, 0.2113361407954839344 ) ) ;
#10751 = DIRECTION ( 'NONE',  ( 0.0000000000000000000, 1.000000000000000000, -0.0000000000000000000 ) ) ;
#10752 = EDGE_LOOP ( 'NONE', ( #5052, #4342, #3480, #5825 ) ) ;
#10753 = PLANE ( 'NONE',  #7852 ) ;
#10754 = VECTOR ( 'NONE', #3534, 1000.000000000000000 ) ;
#10755 = VECTOR ( 'NONE', #11995, 1000.000000000000000 ) ;
#10756 = AXIS2_PLACEMENT_3D ( 'NONE', #1371, #8280, #2342 ) ;
#10757 = EDGE_CURVE ( 'NONE', #319, #7779, #5005, .T. ) ;
#10758 = FILL_AREA_STYLE ('',( #11631 ) ) ;
#10759 = CARTESIAN_POINT ( 'NONE',  ( 1.086202172406457001, 0.1000000000000000056, 0.1016000000000000236 ) ) ;
#10760 = CARTESIAN_POINT ( 'NONE',  ( 1.296184350947589881, 0.0000000000000000000, 0.4718000000000000527 ) ) ;
#10761 = LINE ( 'NONE', #73, #8162 ) ;
#10762 = LINE ( 'NONE', #4525, #5537 ) ;
#10763 = CARTESIAN_POINT ( 'NONE',  ( -1.103100000000000414, 0.1000000000000000056, 0.4717999999999998306 ) ) ;
#10764 = DIRECTION ( 'NONE',  ( -1.000000000000000000, 0.0000000000000000000, 0.0000000000000000000 ) ) ;
#10765 = EDGE_LOOP ( 'NONE', ( #11821, #3229, #9762, #2090, #11774, #2086, #975, #8884 ) ) ;
#10766 = DIRECTION ( 'NONE',  ( 1.000000000000000000, 0.0000000000000000000, 0.0000000000000000000 ) ) ;
#10767 = EDGE_CURVE ( 'NONE', #11265, #11730, #10207, .T. ) ;
#10768 = APPLICATION_PROTOCOL_DEFINITION ( 'draft international standard', 'automotive_design', 1998, #11782 ) ;
#10769 = ORIENTED_EDGE ( 'NONE', *, *, #11783, .F. ) ;
#10770 = COLOUR_RGB ( '',0.8941176470588234615, 0.9137254901960784048, 0.9294117647058823817 ) ;
#10771 = ORIENTED_EDGE ( 'NONE', *, *, #11220, .T. ) ;
#10772 =( NAMED_UNIT ( * ) PLANE_ANGLE_UNIT ( ) SI_UNIT ( $, .RADIAN. ) );
#10773 = FACE_OUTER_BOUND ( 'NONE', #6126, .T. ) ;
#10774 = CARTESIAN_POINT ( 'NONE',  ( 0.1624278962151925743, 0.1000000000000000056, -0.4849978275935435956 ) ) ;
#10775 = ORIENTED_EDGE ( 'NONE', *, *, #5565, .F. ) ;
#10776 = DIRECTION ( 'NONE',  ( 0.0000000000000000000, -1.000000000000000000, 0.0000000000000000000 ) ) ;
#10777 = DIRECTION ( 'NONE',  ( -0.0000000000000000000, 1.000000000000000000, -0.0000000000000000000 ) ) ;
#10778 = ORIENTED_EDGE ( 'NONE', *, *, #9716, .T. ) ;
#10779 = CARTESIAN_POINT ( 'NONE',  ( -1.600000000000000311, 0.5000000000000000000, 0.2990000000000000990 ) ) ;
#10780 = VECTOR ( 'NONE', #11697, 1000.000000000000000 ) ;
#10781 = VECTOR ( 'NONE', #12291, 1000.000000000000000 ) ;
#10782 = ORIENTED_EDGE ( 'NONE', *, *, #2186, .T. ) ;
#10783 = CARTESIAN_POINT ( 'NONE',  ( 1.086202172406457001, 0.1000000000000000056, 0.4567978275935434818 ) ) ;
#10784 = PRESENTATION_STYLE_ASSIGNMENT (( #11209 ) ) ;
#10785 = PRESENTATION_LAYER_ASSIGNMENT (  '', '', ( #9476 ) ) ;
#10786 = FILL_AREA_STYLE ('',( #5861 ) ) ;
#10787 = ORIENTED_EDGE ( 'NONE', *, *, #3650, .T. ) ;
#10788 = CARTESIAN_POINT ( 'NONE',  ( -1.071200000000000374, 0.1000000000000000056, 0.4567978275935431487 ) ) ;
#10789 = UNCERTAINTY_MEASURE_WITH_UNIT (LENGTH_MEASURE( 1.000000000000000082E-05 ), #5567, 'distance_accuracy_value', 'NONE');
#10790 = EDGE_LOOP ( 'NONE', ( #4066, #1729, #8166, #11917 ) ) ;
#10791 =( NAMED_UNIT ( * ) SI_UNIT ( $, .STERADIAN. ) SOLID_ANGLE_UNIT ( ) );
#10792 = FILL_AREA_STYLE_COLOUR ( '', #750 ) ;
#10793 = EDGE_CURVE ( 'NONE', #2598, #10287, #7624, .T. ) ;
#10794 = ORIENTED_EDGE ( 'NONE', *, *, #11263, .F. ) ;
#10795 = PRESENTATION_STYLE_ASSIGNMENT (( #1250 ) ) ;
#10796 =( NAMED_UNIT ( * ) SI_UNIT ( $, .STERADIAN. ) SOLID_ANGLE_UNIT ( ) );
#10797 = CARTESIAN_POINT ( 'NONE',  ( -1.553297827593543845, 0.1000000000000000056, 0.1015999999999996489 ) ) ;
#10798 = DIRECTION ( 'NONE',  ( 0.0000000000000000000, -0.0000000000000000000, -1.000000000000000000 ) ) ;
#10799 = FILL_AREA_STYLE_COLOUR ( '', #10324 ) ;
#10800 = ORIENTED_EDGE ( 'NONE', *, *, #16, .T. ) ;
#10801 = VERTEX_POINT ( 'NONE', #9730 ) ;
#10802 = MECHANICAL_DESIGN_GEOMETRIC_PRESENTATION_REPRESENTATION (  '', ( #8851 ), #11462 ) ;
#10803 = EDGE_CURVE ( 'NONE', #3696, #8264, #4681, .T. ) ;
#10804 = ORIENTED_EDGE ( 'NONE', *, *, #8897, .T. ) ;
#10805 = AXIS2_PLACEMENT_3D ( 'NONE', #3881, #10751, #4870 ) ;
#10806 = LINE ( 'NONE', #10016, #4333 ) ;
#10807 = LINE ( 'NONE', #9431, #3239 ) ;
#10808 = EDGE_CURVE ( 'NONE', #2510, #5412, #7319, .T. ) ;
#10809 = DIRECTION ( 'NONE',  ( 0.0000000000000000000, -1.000000000000000000, 0.0000000000000000000 ) ) ;
#10810 = CARTESIAN_POINT ( 'NONE',  ( 1.399000000000000243, 0.0000000000000000000, 0.5000000000000000000 ) ) ;
#10811 = CARTESIAN_POINT ( 'NONE',  ( 0.3281278962151924494, 0.0000000000000000000, 0.4694999999999998064 ) ) ;
#10812 = ORIENTED_EDGE ( 'NONE', *, *, #835, .T. ) ;
#10813 = DIRECTION ( 'NONE',  ( 1.000000000000000000, 0.0000000000000000000, 0.0000000000000000000 ) ) ;
#10814 = APPLICATION_CONTEXT ( 'automotive_design' ) ;
#10815 = ADVANCED_FACE ( 'NONE', ( #9925 ), #5862, .F. ) ;
#10816 = VERTEX_POINT ( 'NONE', #11711 ) ;
#10817 = VECTOR ( 'NONE', #23, 1000.000000000000000 ) ;
#10818 = ORIENTED_EDGE ( 'NONE', *, *, #12379, .T. ) ;
#10819 = ORIENTED_EDGE ( 'NONE', *, *, #11666, .F. ) ;
#10820 = FILL_AREA_STYLE ('',( #2918 ) ) ;
#10821 = CARTESIAN_POINT ( 'NONE',  ( 1.568300000000000249, 0.1000000000000000056, 0.1166021724064566778 ) ) ;
#10822 = EDGE_CURVE ( 'NONE', #727, #2499, #7026, .T. ) ;
#10823 = FACE_OUTER_BOUND ( 'NONE', #12687, .T. ) ;
#10824 = DIRECTION ( 'NONE',  ( 0.0000000000000000000, -1.000000000000000000, 0.0000000000000000000 ) ) ;
#10825 =( NAMED_UNIT ( * ) SI_UNIT ( $, .STERADIAN. ) SOLID_ANGLE_UNIT ( ) );
#10826 = EDGE_CURVE ( 'NONE', #10960, #11485, #9607, .T. ) ;
#10827 = AXIS2_PLACEMENT_3D ( 'NONE', #6732, #795, #7711 ) ;
#10828 = FILL_AREA_STYLE_COLOUR ( '', #366 ) ;
#10829 = VERTEX_POINT ( 'NONE', #10788 ) ;
#10830 = FACE_OUTER_BOUND ( 'NONE', #5181, .T. ) ;
#10831 = VERTEX_POINT ( 'NONE', #3909 ) ;
#10832 = CARTESIAN_POINT ( 'NONE',  ( 1.600000000000000311, 0.09999999999999999167, 0.5000000000000000000 ) ) ;
#10833 = CARTESIAN_POINT ( 'NONE',  ( -0.1774300686216490897, 0.0000000000000000000, 0.4826978275935433493 ) ) ;
#10834 = DIRECTION ( 'NONE',  ( -0.0000000000000000000, -0.0000000000000000000, 1.000000000000000000 ) ) ;
#10835 = CIRCLE ( 'NONE', #6600, 0.01500217240645653274 ) ;
#10836 = COLOUR_RGB ( '',0.9686274509803921573, 0.8784313725490195957, 0.5999999999999999778 ) ;
#10837 = DIRECTION ( 'NONE',  ( 0.0000000000000000000, 0.0000000000000000000, -1.000000000000000000 ) ) ;
#10838 =( GEOMETRIC_REPRESENTATION_CONTEXT ( 3 ) GLOBAL_UNCERTAINTY_ASSIGNED_CONTEXT ( ( #7351 ) ) GLOBAL_UNIT_ASSIGNED_CONTEXT ( ( #8428, #2477, #9408 ) ) REPRESENTATION_CONTEXT ( 'NONE', 'WORKASPACE' ) );
#10839 = CARTESIAN_POINT ( 'NONE',  ( -1.600000000000000311, -0.0000000000000000000, -0.04990000000000018032 ) ) ;
#10840 = AXIS2_PLACEMENT_3D ( 'NONE', #1650, #3636, #10508 ) ;
#10841 = VECTOR ( 'NONE', #6739, 1000.000000000000000 ) ;
#10842 = VERTEX_POINT ( 'NONE', #6909 ) ;
#10843 = FACE_OUTER_BOUND ( 'NONE', #2645, .T. ) ;
#10844 = ORIENTED_EDGE ( 'NONE', *, *, #4267, .T. ) ;
#10845 = FACE_OUTER_BOUND ( 'NONE', #6223, .T. ) ;
#10846 = CARTESIAN_POINT ( 'NONE',  ( 0.3325300686216492441, 0.1000000000000000056, -0.1017000000000001098 ) ) ;
#10847 = VECTOR ( 'NONE', #7696, 1000.000000000000000 ) ;
#10848 = CIRCLE ( 'NONE', #4272, 0.3001000000000000334 ) ;
#10849 = EDGE_CURVE ( 'NONE', #6584, #6062, #9312, .T. ) ;
#10850 = CARTESIAN_POINT ( 'NONE',  ( -0.3069278962151925083, 0.1000000000000000056, 0.4976999999999999202 ) ) ;
#10851 = DIRECTION ( 'NONE',  ( 1.000000000000000000, -0.0000000000000000000, -0.0000000000000000000 ) ) ;
#10852 = CARTESIAN_POINT ( 'NONE',  ( -0.3502300686216490710, 0.1000000000000000056, -0.2003000000000002556 ) ) ;
#10853 = DIRECTION ( 'NONE',  ( -1.000000000000000000, 0.0000000000000000000, -0.0000000000000000000 ) ) ;
#10854 = AXIS2_PLACEMENT_3D ( 'NONE', #2780, #9710, #8739 ) ;
#10855 = LINE ( 'NONE', #468, #2979 ) ;
#10856 = CARTESIAN_POINT ( 'NONE',  ( -0.3325300686216490220, 0.1000000000000000056, 0.08429782759354335908 ) ) ;
#10857 = EDGE_CURVE ( 'NONE', #6519, #3016, #4370, .T. ) ;
#10858 = AXIS2_PLACEMENT_3D ( 'NONE', #10446, #7551, #1623 ) ;
#10859 = ORIENTED_EDGE ( 'NONE', *, *, #11391, .F. ) ;
#10860 = MECHANICAL_DESIGN_GEOMETRIC_PRESENTATION_REPRESENTATION (  '', ( #9549 ), #11527 ) ;
#10861 = CARTESIAN_POINT ( 'NONE',  ( 0.3202257238087360403, 0.0000000000000000000, -0.4849978275935437066 ) ) ;
#10862 = ORIENTED_EDGE ( 'NONE', *, *, #7140, .T. ) ;
#10863 = CARTESIAN_POINT ( 'NONE',  ( 0.3069278962151925083, 0.0000000000000000000, 0.4976999999999998092 ) ) ;
#10864 = VERTEX_POINT ( 'NONE', #985 ) ;
#10865 = AXIS2_PLACEMENT_3D ( 'NONE', #8613, #2656, #9576 ) ;
#10866 =( LENGTH_UNIT ( ) NAMED_UNIT ( * ) SI_UNIT ( .MILLI., .METRE. ) );
#10867 = VECTOR ( 'NONE', #9970, 1000.000000000000000 ) ;
#10868 = ORIENTED_EDGE ( 'NONE', *, *, #7376, .T. ) ;
#10869 = CARTESIAN_POINT ( 'NONE',  ( 0.3175278962151924511, 0.1000000000000000056, 0.4870999999999998109 ) ) ;
#10871 = LINE ( 'NONE', #7884, #8259 ) ;
#10870 = CARTESIAN_POINT ( 'NONE',  ( 1.600000000000000311, 0.09999999999999999167, -0.5000000000000000000 ) ) ;
#10872 = VERTEX_POINT ( 'NONE', #3959 ) ;
#10873 = COLOUR_RGB ( '',0.9686274509803921573, 0.8784313725490195957, 0.5999999999999999778 ) ;
#10874 = VECTOR ( 'NONE', #8383, 1000.000000000000000 ) ;
#10875 = ORIENTED_EDGE ( 'NONE', *, *, #2903, .T. ) ;
#10876 =( NAMED_UNIT ( * ) PLANE_ANGLE_UNIT ( ) SI_UNIT ( $, .RADIAN. ) );
#10877 = CARTESIAN_POINT ( 'NONE',  ( -0.4691278962151925191, 0.1000000000000000056, 0.4800999999999999157 ) ) ;
#10878 = VERTEX_POINT ( 'NONE', #2929 ) ;
#10879 = CIRCLE ( 'NONE', #153, 0.01500217240645653274 ) ;
#10880 = DIRECTION ( 'NONE',  ( -0.0000000000000000000, -0.0000000000000000000, -1.000000000000000000 ) ) ;
#10881 = ORIENTED_EDGE ( 'NONE', *, *, #10060, .F. ) ;
#10882 = ORIENTED_EDGE ( 'NONE', *, *, #6796, .T. ) ;
#10883 = DIRECTION ( 'NONE',  ( 0.0000000000000000000, -1.000000000000000000, 0.0000000000000000000 ) ) ;
#10884 = ORIENTED_EDGE ( 'NONE', *, *, #2539, .F. ) ;
#10885 = CARTESIAN_POINT ( 'NONE',  ( 0.4585278962151925208, 0.1000000000000000056, 0.4694999999999998064 ) ) ;
#10886 = AXIS2_PLACEMENT_3D ( 'NONE', #11988, #8144, #2215 ) ;
#10887 = ORIENTED_EDGE ( 'NONE', *, *, #6641, .T. ) ;
#10888 = ADVANCED_FACE ( 'NONE', ( #6714 ), #25, .F. ) ;
#10889 = VECTOR ( 'NONE', #10851, 1000.000000000000000 ) ;
#10890 =( NAMED_UNIT ( * ) PLANE_ANGLE_UNIT ( ) SI_UNIT ( $, .RADIAN. ) );
#10891 = DIRECTION ( 'NONE',  ( 4.843431639425979442E-16, 0.0000000000000000000, 1.000000000000000000 ) ) ;
#10892 = CARTESIAN_POINT ( 'NONE',  ( -1.099400000000000377, 0.09999999999999999167, -0.4012999999999999901 ) ) ;
#10893 = STYLED_ITEM ( 'NONE', ( #4972 ), #806 ) ;
#10894 = ORIENTED_EDGE ( 'NONE', *, *, #9222, .F. ) ;
#10895 = PRESENTATION_STYLE_ASSIGNMENT (( #11390 ) ) ;
#10896 = CARTESIAN_POINT ( 'NONE',  ( -1.399000000000000021, 0.5000000000000000000, 0.5000000000000000000 ) ) ;
#10897 = VECTOR ( 'NONE', #447, 1000.000000000000000 ) ;
#10898 = CIRCLE ( 'NONE', #5898, 0.2009999999999999565 ) ;
#10899 = VECTOR ( 'NONE', #6547, 1000.000000000000000 ) ;
#10900 = DIRECTION ( 'NONE',  ( 0.0000000000000000000, -1.000000000000000000, 0.0000000000000000000 ) ) ;
#10901 =( NAMED_UNIT ( * ) SI_UNIT ( $, .STERADIAN. ) SOLID_ANGLE_UNIT ( ) );
#10902 = CARTESIAN_POINT ( 'NONE',  ( 1.547025723808735931, 0.1000000000000000056, -0.1017000000000001098 ) ) ;
#10903 = EDGE_CURVE ( 'NONE', #7991, #6374, #1431, .T. ) ;
#10904 = DIRECTION ( 'NONE',  ( 0.0000000000000000000, -1.000000000000000000, 0.0000000000000000000 ) ) ;
#10905 = VECTOR ( 'NONE', #10576, 1000.000000000000000 ) ;
#10906 = EDGE_CURVE ( 'NONE', #10386, #8342, #11623, .T. ) ;
#10907 = AXIS2_PLACEMENT_3D ( 'NONE', #6840, #9786, #3886 ) ;
#10908 =( NAMED_UNIT ( * ) PLANE_ANGLE_UNIT ( ) SI_UNIT ( $, .RADIAN. ) );
#10909 = ORIENTED_EDGE ( 'NONE', *, *, #12396, .F. ) ;
#10910 = EDGE_CURVE ( 'NONE', #10287, #3072, #4076, .T. ) ;
#10911 = PRESENTATION_STYLE_ASSIGNMENT (( #6237 ) ) ;
#10912 = UNCERTAINTY_MEASURE_WITH_UNIT (LENGTH_MEASURE( 1.000000000000000082E-05 ), #3774, 'distance_accuracy_value', 'NONE');
#10913 = ORIENTED_EDGE ( 'NONE', *, *, #1994, .T. ) ;
#10914 = DIRECTION ( 'NONE',  ( 0.0000000000000000000, 0.0000000000000000000, -1.000000000000000000 ) ) ;
#10915 = DIRECTION ( 'NONE',  ( -0.0000000000000000000, -1.000000000000000000, -0.0000000000000000000 ) ) ;
#10916 = CARTESIAN_POINT ( 'NONE',  ( 1.021730214339628739, 0.1000000000000000056, 0.4999999999999993339 ) ) ;
#10917 = DIRECTION ( 'NONE',  ( -1.000000000000000000, -0.0000000000000000000, 1.171755763104686308E-17 ) ) ;
#10918 =( LENGTH_UNIT ( ) NAMED_UNIT ( * ) SI_UNIT ( .MILLI., .METRE. ) );
#10919 = EDGE_LOOP ( 'NONE', ( #4114, #5112, #4374, #5794, #11976, #80, #7792, #9728, #9077, #3860 ) ) ;
#10920 = AXIS2_PLACEMENT_3D ( 'NONE', #10748, #4866, #11762 ) ;
#10921 = DIRECTION ( 'NONE',  ( 0.0000000000000000000, 0.0000000000000000000, -1.000000000000000000 ) ) ;
#10922 = PRESENTATION_STYLE_ASSIGNMENT (( #987 ) ) ;
#10923 = CARTESIAN_POINT ( 'NONE',  ( 1.600000000000000311, 0.09999999999999999167, 0.5000000000000000000 ) ) ;
#10924 = EDGE_LOOP ( 'NONE', ( #10629, #9835, #12112, #9167 ) ) ;
#10925 = CYLINDRICAL_SURFACE ( 'NONE', #4364, 0.01500217240645653274 ) ;
#10926 = DIRECTION ( 'NONE',  ( 0.0000000000000000000, 0.0000000000000000000, 1.000000000000000000 ) ) ;
#10927 = FILL_AREA_STYLE ('',( #71 ) ) ;
#10928 = CARTESIAN_POINT ( 'NONE',  ( -1.021700000000000497, 0.0000000000000000000, 0.4999999999999997780 ) ) ;
#10929 = VECTOR ( 'NONE', #3797, 1000.000000000000000 ) ;
#10930 = DIRECTION ( 'NONE',  ( -0.0000000000000000000, 0.0000000000000000000, 1.000000000000000000 ) ) ;
#10931 = AXIS2_PLACEMENT_3D ( 'NONE', #4963, #11857, #5966 ) ;
#10932 = ORIENTED_EDGE ( 'NONE', *, *, #2565, .F. ) ;
#10933 = EDGE_CURVE ( 'NONE', #5088, #7044, #9022, .T. ) ;
#10934 = CIRCLE ( 'NONE', #10704, 0.01500217240645655876 ) ;
#10935 = AXIS2_PLACEMENT_3D ( 'NONE', #2238, #9160, #3221 ) ;
#10936 = ORIENTED_EDGE ( 'NONE', *, *, #6300, .F. ) ;
#10937 = CARTESIAN_POINT ( 'NONE',  ( 1.300163347198079355, 0.1000000000000000056, -0.4874305275949879501 ) ) ;
#10938 = CARTESIAN_POINT ( 'NONE',  ( -0.6304257238087359605, 0.1000000000000000056, 0.09929999999999991611 ) ) ;
#10939 = CARTESIAN_POINT ( 'NONE',  ( -0.3069278962151925083, 0.1000000000000000056, 0.4976999999999999202 ) ) ;
#10940 = PLANE ( 'NONE',  #4053 ) ;
#10941 = VECTOR ( 'NONE', #7301, 1000.000000000000000 ) ;
#10942 = ADVANCED_FACE ( 'NONE', ( #11301 ), #8971, .T. ) ;
#10943 = VECTOR ( 'NONE', #7186, 1000.000000000000000 ) ;
#10945 = DIRECTION ( 'NONE',  ( 4.843431639425979442E-16, -0.0000000000000000000, 1.000000000000000000 ) ) ;
#10944 = UNCERTAINTY_MEASURE_WITH_UNIT (LENGTH_MEASURE( 1.000000000000000082E-05 ), #9849, 'distance_accuracy_value', 'NONE');
#10946 = VERTEX_POINT ( 'NONE', #1073 ) ;
#10947 = CARTESIAN_POINT ( 'NONE',  ( -1.547025723808735931, 0.1000000000000000056, -0.1167021724064566529 ) ) ;
#10948 = ORIENTED_EDGE ( 'NONE', *, *, #7240, .F. ) ;
#10949 = PRESENTATION_STYLE_ASSIGNMENT (( #8993 ) ) ;
#10950 = ORIENTED_EDGE ( 'NONE', *, *, #4212, .T. ) ;
#10951 = UNCERTAINTY_MEASURE_WITH_UNIT (LENGTH_MEASURE( 1.000000000000000082E-05 ), #1896, 'distance_accuracy_value', 'NONE');
#10952 = ORIENTED_EDGE ( 'NONE', *, *, #2573, .F. ) ;
#10953 = VECTOR ( 'NONE', #3846, 1000.000000000000000 ) ;
#10954 = MECHANICAL_DESIGN_GEOMETRIC_PRESENTATION_REPRESENTATION (  '', ( #9013 ), #11633 ) ;
#10955 = DIRECTION ( 'NONE',  ( 0.0000000000000000000, -1.000000000000000000, 0.0000000000000000000 ) ) ;
#10956 = FILL_AREA_STYLE_COLOUR ( '', #3185 ) ;
#10957 = AXIS2_PLACEMENT_3D ( 'NONE', #824, #7737, #1809 ) ;
#10958 = ORIENTED_EDGE ( 'NONE', *, *, #6650, .F. ) ;
#10959 = ORIENTED_EDGE ( 'NONE', *, *, #3329, .T. ) ;
#10960 = VERTEX_POINT ( 'NONE', #2084 ) ;
#10961 = CARTESIAN_POINT ( 'NONE',  ( 1.067625723808735883, 0.1000000000000000056, -0.2003000000000001724 ) ) ;
#10962 = VERTEX_POINT ( 'NONE', #9016 ) ;
#10963 = PRESENTATION_STYLE_ASSIGNMENT (( #699 ) ) ;
#10964 = ORIENTED_EDGE ( 'NONE', *, *, #7619, .T. ) ;
#10965 = EDGE_LOOP ( 'NONE', ( #11051, #10712, #10198, #6056 ) ) ;
#10966 = VECTOR ( 'NONE', #403, 1000.000000000000000 ) ;
#10967 = CARTESIAN_POINT ( 'NONE',  ( 1.577030068621648740, 0.1000000000000000056, -0.1857361597196678926 ) ) ;
#10968 = EDGE_CURVE ( 'NONE', #801, #6472, #10350, .T. ) ;
#10969 = DIRECTION ( 'NONE',  ( 0.0000000000000000000, -1.000000000000000000, 0.0000000000000000000 ) ) ;
#10970 = AXIS2_PLACEMENT_3D ( 'NONE', #8747, #9714, #3817 ) ;
#10971 = PRESENTATION_LAYER_ASSIGNMENT (  '', '', ( #9671 ) ) ;
#10972 = VERTEX_POINT ( 'NONE', #3055 ) ;
#10973 = CIRCLE ( 'NONE', #4434, 0.01500217240645653274 ) ;
#10974 = ORIENTED_EDGE ( 'NONE', *, *, #12351, .F. ) ;
#10975 = FACE_OUTER_BOUND ( 'NONE', #9803, .T. ) ;
#10976 = ORIENTED_EDGE ( 'NONE', *, *, #5675, .F. ) ;
#10977 = EDGE_CURVE ( 'NONE', #3214, #393, #7778, .T. ) ;
#10978 =( NAMED_UNIT ( * ) SI_UNIT ( $, .STERADIAN. ) SOLID_ANGLE_UNIT ( ) );
#10979 = LINE ( 'NONE', #104, #5765 ) ;
#10980 = FILL_AREA_STYLE_COLOUR ( '', #12049 ) ;
#10981 = CARTESIAN_POINT ( 'NONE',  ( -1.021700000000000497, 0.1000000000000000056, 0.4999999999999997780 ) ) ;
#10982 = EDGE_CURVE ( 'NONE', #8836, #4386, #2480, .T. ) ;
#10983 = DIRECTION ( 'NONE',  ( -0.0000000000000000000, 1.000000000000000000, -0.0000000000000000000 ) ) ;
#10984 = ORIENTED_EDGE ( 'NONE', *, *, #2993, .F. ) ;
#10985 = ORIENTED_EDGE ( 'NONE', *, *, #5068, .F. ) ;
#10986 = MECHANICAL_DESIGN_GEOMETRIC_PRESENTATION_REPRESENTATION (  '', ( #9688 ), #11670 ) ;
#10987 = LINE ( 'NONE', #7790, #8385 ) ;
#10988 = DIRECTION ( 'NONE',  ( 0.0000000000000000000, 0.0000000000000000000, -1.000000000000000000 ) ) ;
#10989 = DIRECTION ( 'NONE',  ( 0.0000000000000000000, 0.0000000000000000000, 1.000000000000000000 ) ) ;
#10990 =( LENGTH_UNIT ( ) NAMED_UNIT ( * ) SI_UNIT ( .MILLI., .METRE. ) );
#10991 = UNCERTAINTY_MEASURE_WITH_UNIT (LENGTH_MEASURE( 1.000000000000000082E-05 ), #4512, 'distance_accuracy_value', 'NONE');
#10992 = CARTESIAN_POINT ( 'NONE',  ( -1.600000000000000311, 0.1000000000000000056, 0.4999999999999995559 ) ) ;
#10993 = EDGE_LOOP ( 'NONE', ( #630, #4507, #12268, #9154 ) ) ;
#10994 = ADVANCED_FACE ( 'NONE', ( #7464 ), #2126, .T. ) ;
#10995 = FACE_OUTER_BOUND ( 'NONE', #9886, .T. ) ;
#10996 = FACE_OUTER_BOUND ( 'NONE', #1931, .T. ) ;
#10997 = ORIENTED_EDGE ( 'NONE', *, *, #5402, .T. ) ;
#10998 = FACE_OUTER_BOUND ( 'NONE', #4650, .T. ) ;
#10999 = PRESENTATION_LAYER_ASSIGNMENT (  '', '', ( #10322 ) ) ;
#11000 =( NAMED_UNIT ( * ) SI_UNIT ( $, .STERADIAN. ) SOLID_ANGLE_UNIT ( ) );
#11001 = EDGE_CURVE ( 'NONE', #3068, #618, #1273, .T. ) ;
#11002 = LINE ( 'NONE', #4231, #846 ) ;
#11003 = VERTEX_POINT ( 'NONE', #4086 ) ;
#11004 = FILL_AREA_STYLE_COLOUR ( '', #10133 ) ;
#11005 = LINE ( 'NONE', #7107, #8410 ) ;
#11006 = EDGE_CURVE ( 'NONE', #3836, #4753, #8856, .T. ) ;
#11007 = SURFACE_STYLE_FILL_AREA ( #8939 ) ;
#11008 = VECTOR ( 'NONE', #9162, 1000.000000000000000 ) ;
#11009 = LINE ( 'NONE', #3430, #8415 ) ;
#11010 = ORIENTED_EDGE ( 'NONE', *, *, #1051, .F. ) ;
#11011 = ORIENTED_EDGE ( 'NONE', *, *, #10298, .T. ) ;
#11012 = CIRCLE ( 'NONE', #9142, 0.3001000000000000334 ) ;
#11013 = DIRECTION ( 'NONE',  ( 1.000000000000000000, -0.0000000000000000000, -0.0000000000000000000 ) ) ;
#11014 = EDGE_CURVE ( 'NONE', #672, #10816, #6546, .T. ) ;
#11015 = ORIENTED_EDGE ( 'NONE', *, *, #12543, .T. ) ;
#11016 = UNCERTAINTY_MEASURE_WITH_UNIT (LENGTH_MEASURE( 1.000000000000000082E-05 ), #4009, 'distance_accuracy_value', 'NONE');
#11017 = SURFACE_STYLE_USAGE ( .BOTH. , #4142 ) ;
#11018 = VECTOR ( 'NONE', #5810, 1000.000000000000000 ) ;
#11019 = ORIENTED_EDGE ( 'NONE', *, *, #2914, .T. ) ;
#11020 = CYLINDRICAL_SURFACE ( 'NONE', #9350, 0.01500217240645653274 ) ;
#11021 = EDGE_CURVE ( 'NONE', #3166, #3941, #3583, .T. ) ;
#11022 = AXIS2_PLACEMENT_3D ( 'NONE', #10128, #4244, #11125 ) ;
#11024 = DIRECTION ( 'NONE',  ( 0.0000000000000000000, 0.0000000000000000000, -1.000000000000000000 ) ) ;
#11023 = PLANE ( 'NONE',  #12279 ) ;
#11025 = STYLED_ITEM ( 'NONE', ( #4228 ), #6780 ) ;
#11026 = PRESENTATION_LAYER_ASSIGNMENT (  '', '', ( #10353 ) ) ;
#11027 = ORIENTED_EDGE ( 'NONE', *, *, #4584, .T. ) ;
#11028 =( NAMED_UNIT ( * ) SI_UNIT ( $, .STERADIAN. ) SOLID_ANGLE_UNIT ( ) );
#11029 = LINE ( 'NONE', #3721, #8434 ) ;
#11030 = EDGE_CURVE ( 'NONE', #10310, #11831, #983, .T. ) ;
#11031 = CARTESIAN_POINT ( 'NONE',  ( -0.7009000000000003006, 0.0000000000000000000, 0.4999999999999997780 ) ) ;
#11032 = ORIENTED_EDGE ( 'NONE', *, *, #2139, .F. ) ;
#11033 = DIRECTION ( 'NONE',  ( 0.0000000000000000000, 1.000000000000000000, 0.0000000000000000000 ) ) ;
#11034 = SURFACE_STYLE_FILL_AREA ( #1953 ) ;
#11035 = DIRECTION ( 'NONE',  ( -0.0000000000000000000, 1.000000000000000000, -0.0000000000000000000 ) ) ;
#11036 = VERTEX_POINT ( 'NONE', #5191 ) ;
#11037 = LINE ( 'NONE', #1969, #10737 ) ;
#11038 = ORIENTED_EDGE ( 'NONE', *, *, #4584, .F. ) ;
#11039 = CARTESIAN_POINT ( 'NONE',  ( 0.1774300686216490897, 0.0000000000000000000, -0.4849978275935437066 ) ) ;
#11040 =( GEOMETRIC_REPRESENTATION_CONTEXT ( 3 ) GLOBAL_UNCERTAINTY_ASSIGNED_CONTEXT ( ( #6455 ) ) GLOBAL_UNIT_ASSIGNED_CONTEXT ( ( #6652, #726, #7626 ) ) REPRESENTATION_CONTEXT ( 'NONE', 'WORKASPACE' ) );
#11041 = EDGE_CURVE ( 'NONE', #2828, #9354, #11132, .T. ) ;
#11042 = STYLED_ITEM ( 'NONE', ( #11853 ), #8237 ) ;
#11043 = PRESENTATION_LAYER_ASSIGNMENT (  '', '', ( #8431 ) ) ;
#11044 = CARTESIAN_POINT ( 'NONE',  ( -1.547025723808735931, 0.1000000000000000056, -0.1017000000000000820 ) ) ;
#11045 = VERTEX_POINT ( 'NONE', #2163 ) ;
#11046 =( NAMED_UNIT ( * ) SI_UNIT ( $, .STERADIAN. ) SOLID_ANGLE_UNIT ( ) );
#11047 = COLOUR_RGB ( '',0.9686274509803921573, 0.8784313725490195957, 0.5999999999999999778 ) ;
#11048 = FACE_OUTER_BOUND ( 'NONE', #1998, .T. ) ;
#11049 = DIRECTION ( 'NONE',  ( -0.0000000000000000000, 0.0000000000000000000, -1.000000000000000000 ) ) ;
#11050 = DIRECTION ( 'NONE',  ( -0.0000000000000000000, 0.0000000000000000000, 1.000000000000000000 ) ) ;
#11051 = ORIENTED_EDGE ( 'NONE', *, *, #4762, .F. ) ;
#11052 = VECTOR ( 'NONE', #9440, 1000.000000000000000 ) ;
#11053 = ORIENTED_EDGE ( 'NONE', *, *, #5517, .F. ) ;
#11054 = EDGE_CURVE ( 'NONE', #10159, #7151, #11447, .T. ) ;
#11055 = VECTOR ( 'NONE', #3057, 1000.000000000000000 ) ;
#11056 = DIRECTION ( 'NONE',  ( 0.0000000000000000000, -1.000000000000000000, 0.0000000000000000000 ) ) ;
#11057 = ORIENTED_EDGE ( 'NONE', *, *, #2916, .T. ) ;
#11058 = PLANE ( 'NONE',  #10093 ) ;
#11059 = EDGE_CURVE ( 'NONE', #10309, #4610, #3258, .T. ) ;
#11060 = AXIS2_PLACEMENT_3D ( 'NONE', #9270, #12226, #6349 ) ;
#11061 = ADVANCED_FACE ( 'NONE', ( #2947 ), #5225, .T. ) ;
#11062 = VECTOR ( 'NONE', #11374, 1000.000000000000000 ) ;
#11063 = LINE ( 'NONE', #1175, #2886 ) ;
#11065 = SURFACE_STYLE_USAGE ( .BOTH. , #4189 ) ;
#11064 = FILL_AREA_STYLE ('',( #2188 ) ) ;
#11066 = VECTOR ( 'NONE', #6960, 1000.000000000000000 ) ;
#11067 = CARTESIAN_POINT ( 'NONE',  ( -1.600000000000000311, 0.1000000000000000056, 0.4999999999999995559 ) ) ;
#11068 = ORIENTED_EDGE ( 'NONE', *, *, #1442, .F. ) ;
#11069 = DIRECTION ( 'NONE',  ( -1.000000000000000000, 0.0000000000000000000, 0.0000000000000000000 ) ) ;
#11070 = VECTOR ( 'NONE', #8788, 1000.000000000000000 ) ;
#11071 = VERTEX_POINT ( 'NONE', #6194 ) ;
#11072 = CARTESIAN_POINT ( 'NONE',  ( 0.4691278962151925191, 0.1000000000000000056, 0.4800999999999998047 ) ) ;
#11073 = CIRCLE ( 'NONE', #6535, 0.01500217240645647723 ) ;
#11074 = AXIS2_PLACEMENT_3D ( 'NONE', #7190, #3180, #6192 ) ;
#11075 = ORIENTED_EDGE ( 'NONE', *, *, #5999, .T. ) ;
#11076 = DIRECTION ( 'NONE',  ( 0.0000000000000000000, 0.0000000000000000000, -1.000000000000000000 ) ) ;
#11077 = MECHANICAL_DESIGN_GEOMETRIC_PRESENTATION_REPRESENTATION (  '', ( #9779 ), #11764 ) ;
#11078 = EDGE_LOOP ( 'NONE', ( #1773, #134, #11412, #1888 ) ) ;
#11079 = EDGE_LOOP ( 'NONE', ( #11662, #8539, #11908, #34 ) ) ;
#11080 = DIRECTION ( 'NONE',  ( 0.7071067811865457964, 0.0000000000000000000, -0.7071067811865492381 ) ) ;
#11081 = VERTEX_POINT ( 'NONE', #9213 ) ;
#11082 = LINE ( 'NONE', #6767, #5881 ) ;
#11083 = EDGE_CURVE ( 'NONE', #8500, #6374, #5593, .T. ) ;
#11084 = LINE ( 'NONE', #1468, #8491 ) ;
#11085 = CARTESIAN_POINT ( 'NONE',  ( -1.600000000000000311, 0.09999999999999999167, 0.2074000000000001120 ) ) ;
#11086 = ORIENTED_EDGE ( 'NONE', *, *, #2141, .F. ) ;
#11087 = PLANE ( 'NONE',  #10022 ) ;
#11088 = VECTOR ( 'NONE', #7231, 1000.000000000000000 ) ;
#11089 = ORIENTED_EDGE ( 'NONE', *, *, #443, .T. ) ;
#11090 = ORIENTED_EDGE ( 'NONE', *, *, #1524, .F. ) ;
#11091 = CARTESIAN_POINT ( 'NONE',  ( -0.4691278962151925191, 0.1000000000000000056, 0.4870999999999999219 ) ) ;
#11092 = CARTESIAN_POINT ( 'NONE',  ( -1.099400000000000377, 0.09999999999999999167, -0.4012999999999999901 ) ) ;
#11093 = STYLED_ITEM ( 'NONE', ( #1374 ), #12614 ) ;
#11094 = LINE ( 'NONE', #6139, #7132 ) ;
#11095 = EDGE_CURVE ( 'NONE', #9858, #2819, #330, .T. ) ;
#11096 = AXIS2_PLACEMENT_3D ( 'NONE', #8345, #5405, #12307 ) ;
#11097 = SURFACE_STYLE_FILL_AREA ( #5635 ) ;
#11098 = STYLED_ITEM ( 'NONE', ( #10388 ), #8912 ) ;
#11099 =( NAMED_UNIT ( * ) SI_UNIT ( $, .STERADIAN. ) SOLID_ANGLE_UNIT ( ) );
#11100 = CARTESIAN_POINT ( 'NONE',  ( -0.3069278962151925083, 0.0000000000000000000, 0.4976999999999999202 ) ) ;
#11101 = AXIS2_PLACEMENT_3D ( 'NONE', #3363, #8331, #426 ) ;
#11102 = CARTESIAN_POINT ( 'NONE',  ( 0.3766302143396287327, 0.1000000000000000056, 0.05229999999999979110 ) ) ;
#11103 = ORIENTED_EDGE ( 'NONE', *, *, #2603, .T. ) ;
#11104 = DIRECTION ( 'NONE',  ( 0.0000000000000000000, -0.0000000000000000000, -1.000000000000000000 ) ) ;
#11105 = ORIENTED_EDGE ( 'NONE', *, *, #6093, .T. ) ;
#11106 = DIRECTION ( 'NONE',  ( -0.0000000000000000000, -1.000000000000000000, -0.0000000000000000000 ) ) ;
#11107 = COLOUR_RGB ( '',0.9686274509803921573, 0.8784313725490195957, 0.5999999999999999778 ) ;
#11108 = ORIENTED_EDGE ( 'NONE', *, *, #11176, .T. ) ;
#11109 = ORIENTED_EDGE ( 'NONE', *, *, #7106, .F. ) ;
#11110 = VECTOR ( 'NONE', #6760, 1000.000000000000000 ) ;
#11111 = ORIENTED_EDGE ( 'NONE', *, *, #9785, .F. ) ;
#11113 = CARTESIAN_POINT ( 'NONE',  ( 1.099400000000000377, 0.5000000000000000000, 0.4012999999999999901 ) ) ;
#11112 = CARTESIAN_POINT ( 'NONE',  ( 0.3502300686216490710, 0.1000000000000000056, -0.2003000000000002556 ) ) ;
#11114 = DIRECTION ( 'NONE',  ( -0.0000000000000000000, 1.000000000000000000, -0.0000000000000000000 ) ) ;
#11115 = EDGE_LOOP ( 'NONE', ( #7918, #2980, #9699, #8068, #807, #2151, #3084, #1666, #1699, #8784 ) ) ;
#11116 = CARTESIAN_POINT ( 'NONE',  ( -1.296184350947589881, 0.0000000000000000000, 0.4868021724064562350 ) ) ;
#11117 = DIRECTION ( 'NONE',  ( 1.358513147160064791E-17, -0.0000000000000000000, -1.000000000000000000 ) ) ;
#11118 = AXIS2_PLACEMENT_3D ( 'NONE', #5010, #11902, #6017 ) ;
#11119 = CARTESIAN_POINT ( 'NONE',  ( -0.3175278962151925066, 0.1000000000000000056, 0.08429782759354324806 ) ) ;
#11120 = ORIENTED_EDGE ( 'NONE', *, *, #7447, .T. ) ;
#11121 = DIRECTION ( 'NONE',  ( 0.0000000000000000000, -1.000000000000000000, 0.0000000000000000000 ) ) ;
#11122 = AXIS2_PLACEMENT_3D ( 'NONE', #2818, #9753, #3847 ) ;
#11123 = ORIENTED_EDGE ( 'NONE', *, *, #7835, .F. ) ;
#11124 = VERTEX_POINT ( 'NONE', #11164 ) ;
#11125 = DIRECTION ( 'NONE',  ( 0.0000000000000000000, 0.0000000000000000000, -1.000000000000000000 ) ) ;
#11126 = AXIS2_PLACEMENT_3D ( 'NONE', #7871, #1942, #8864 ) ;
#11127 = DIRECTION ( 'NONE',  ( 0.0000000000000000000, 0.0000000000000000000, -1.000000000000000000 ) ) ;
#11128 = ADVANCED_FACE ( 'NONE', ( #10830 ), #2284, .T. ) ;
#11129 = FILL_AREA_STYLE ('',( #1269 ) ) ;
#11130 = ORIENTED_EDGE ( 'NONE', *, *, #12138, .F. ) ;
#11131 = DIRECTION ( 'NONE',  ( 0.0000000000000000000, -1.000000000000000000, 0.0000000000000000000 ) ) ;
#11132 = CIRCLE ( 'NONE', #1189, 0.2010000000000000120 ) ;
#11133 = ORIENTED_EDGE ( 'NONE', *, *, #6798, .F. ) ;
#11134 = CARTESIAN_POINT ( 'NONE',  ( 1.547025723808735931, 0.0000000000000000000, -0.1167021724064566529 ) ) ;
#11135 = DIRECTION ( 'NONE',  ( 0.0000000000000000000, 1.000000000000000000, 0.0000000000000000000 ) ) ;
#11136 = PLANE ( 'NONE',  #8772 ) ;
#11137 = EDGE_CURVE ( 'NONE', #9808, #7229, #5929, .T. ) ;
#11138 = FACE_OUTER_BOUND ( 'NONE', #10924, .T. ) ;
#11139 =( NAMED_UNIT ( * ) SI_UNIT ( $, .STERADIAN. ) SOLID_ANGLE_UNIT ( ) );
#11140 = LINE ( 'NONE', #240, #668 ) ;
#11141 = EDGE_CURVE ( 'NONE', #12306, #1719, #7012, .T. ) ;
#11142 =( GEOMETRIC_REPRESENTATION_CONTEXT ( 3 ) GLOBAL_UNCERTAINTY_ASSIGNED_CONTEXT ( ( #9305 ) ) GLOBAL_UNIT_ASSIGNED_CONTEXT ( ( #10499, #4612, #11512 ) ) REPRESENTATION_CONTEXT ( 'NONE', 'WORKASPACE' ) );
#11143 = EDGE_CURVE ( 'NONE', #12241, #6594, #1731, .T. ) ;
#11144 = FILL_AREA_STYLE_COLOUR ( '', #10729 ) ;
#11145 = DIRECTION ( 'NONE',  ( 0.0000000000000000000, 0.0000000000000000000, -1.000000000000000000 ) ) ;
#11146 = CARTESIAN_POINT ( 'NONE',  ( 0.7009302143396286544, 0.1000000000000000056, 0.05229999999999977722 ) ) ;
#11147 = EDGE_LOOP ( 'NONE', ( #12742, #498, #8580, #7283 ) ) ;
#11148 = EDGE_LOOP ( 'NONE', ( #9265, #12653, #2247, #184, #8260, #4332, #996, #794 ) ) ;
#11149 = VECTOR ( 'NONE', #11471, 1000.000000000000000 ) ;
#11150 = VECTOR ( 'NONE', #9570, 1000.000000000000000 ) ;
#11152 = DIRECTION ( 'NONE',  ( 0.0000000000000000000, 0.0000000000000000000, 1.000000000000000000 ) ) ;
#11151 = CARTESIAN_POINT ( 'NONE',  ( 0.1624278962151925743, 0.0000000000000000000, -0.4849978275935435956 ) ) ;
#11153 = EDGE_CURVE ( 'NONE', #8026, #10583, #9301, .T. ) ;
#11154 =( GEOMETRIC_REPRESENTATION_CONTEXT ( 3 ) GLOBAL_UNCERTAINTY_ASSIGNED_CONTEXT ( ( #2237 ) ) GLOBAL_UNIT_ASSIGNED_CONTEXT ( ( #10866, #4990, #11883 ) ) REPRESENTATION_CONTEXT ( 'NONE', 'WORKASPACE' ) );
#11155 = DIRECTION ( 'NONE',  ( 0.0000000000000000000, -1.000000000000000000, 0.0000000000000000000 ) ) ;
#11157 = LINE ( 'NONE', #5383, #10403 ) ;
#11156 =( NAMED_UNIT ( * ) SI_UNIT ( $, .STERADIAN. ) SOLID_ANGLE_UNIT ( ) );
#11158 = DIRECTION ( 'NONE',  ( -0.0000000000000000000, 1.000000000000000000, -0.0000000000000000000 ) ) ;
#11159 = SURFACE_STYLE_USAGE ( .BOTH. , #4284 ) ;
#11160 = LINE ( 'NONE', #6371, #1919 ) ;
#11161 = DIRECTION ( 'NONE',  ( 0.0000000000000000000, 0.0000000000000000000, -1.000000000000000000 ) ) ;
#11162 = CIRCLE ( 'NONE', #10684, 0.3001000000000000334 ) ;
#11163 = VERTEX_POINT ( 'NONE', #12009 ) ;
#11164 = CARTESIAN_POINT ( 'NONE',  ( -0.1004848928301857736, 0.1000000000000000056, -0.4976000000000002643 ) ) ;
#11165 = ORIENTED_EDGE ( 'NONE', *, *, #2204, .F. ) ;
#11166 = FACE_OUTER_BOUND ( 'NONE', #3513, .T. ) ;
#11167 = CARTESIAN_POINT ( 'NONE',  ( 1.099400000000000377, 0.5000000000000000000, 0.3025999999999999801 ) ) ;
#11168 = ORIENTED_EDGE ( 'NONE', *, *, #5283, .F. ) ;
#11169 = VECTOR ( 'NONE', #6033, 1000.000000000000000 ) ;
#11170 = ORIENTED_EDGE ( 'NONE', *, *, #4896, .T. ) ;
#11171 = VECTOR ( 'NONE', #4903, 1000.000000000000000 ) ;
#11172 = ORIENTED_EDGE ( 'NONE', *, *, #2172, .T. ) ;
#11173 = MECHANICAL_DESIGN_GEOMETRIC_PRESENTATION_REPRESENTATION (  '', ( #9869 ), #11863 ) ;
#11174 = CARTESIAN_POINT ( 'NONE',  ( -0.7009000000000003006, 0.1000000000000000056, 0.4999999999999997780 ) ) ;
#11175 = FACE_OUTER_BOUND ( 'NONE', #9629, .T. ) ;
#11176 = EDGE_CURVE ( 'NONE', #5308, #3974, #4065, .T. ) ;
#11177 = DIRECTION ( 'NONE',  ( 0.0000000000000000000, -1.000000000000000000, 0.0000000000000000000 ) ) ;
#11178 = VECTOR ( 'NONE', #5398, 1000.000000000000000 ) ;
#11179 = PRESENTATION_LAYER_ASSIGNMENT (  '', '', ( #10505 ) ) ;
#11180 = ORIENTED_EDGE ( 'NONE', *, *, #2593, .F. ) ;
#11181 = SURFACE_SIDE_STYLE ('',( #7090 ) ) ;
#11182 = VERTEX_POINT ( 'NONE', #2161 ) ;
#11183 = DIRECTION ( 'NONE',  ( -0.0000000000000000000, -0.0000000000000000000, -1.000000000000000000 ) ) ;
#11184 = CYLINDRICAL_SURFACE ( 'NONE', #2142, 0.3000999999999999779 ) ;
#11185 = EDGE_LOOP ( 'NONE', ( #10019, #629, #8893, #8547 ) ) ;
#11186 = AXIS2_PLACEMENT_3D ( 'NONE', #10088, #4162, #4204 ) ;
#11187 = FILL_AREA_STYLE_COLOUR ( '', #1157 ) ;
#11188 = VERTEX_POINT ( 'NONE', #3139 ) ;
#11189 = EDGE_CURVE ( 'NONE', #3072, #5022, #3747, .T. ) ;
#11190 = ORIENTED_EDGE ( 'NONE', *, *, #5715, .T. ) ;
#11191 = VECTOR ( 'NONE', #6398, 1000.000000000000000 ) ;
#11192 = LINE ( 'NONE', #4974, #8599 ) ;
#11193 = DIRECTION ( 'NONE',  ( -0.0000000000000000000, -1.000000000000000000, -0.0000000000000000000 ) ) ;
#11194 = DIRECTION ( 'NONE',  ( -0.0000000000000000000, -1.000000000000000000, -0.0000000000000000000 ) ) ;
#11195 = ORIENTED_EDGE ( 'NONE', *, *, #2416, .F. ) ;
#11196 = DIRECTION ( 'NONE',  ( -0.0000000000000000000, -1.000000000000000000, -0.0000000000000000000 ) ) ;
#11197 = VECTOR ( 'NONE', #11434, 1000.000000000000000 ) ;
#11198 = CARTESIAN_POINT ( 'NONE',  ( 0.4797278962151925175, 0.0000000000000000000, 0.4976999999999999202 ) ) ;
#11199 = ADVANCED_FACE ( 'NONE', ( #1422 ), #5146, .F. ) ;
#11200 = VECTOR ( 'NONE', #1482, 1000.000000000000000 ) ;
#11201 =( GEOMETRIC_REPRESENTATION_CONTEXT ( 3 ) GLOBAL_UNCERTAINTY_ASSIGNED_CONTEXT ( ( #425 ) ) GLOBAL_UNIT_ASSIGNED_CONTEXT ( ( #11745, #5856, #12721 ) ) REPRESENTATION_CONTEXT ( 'NONE', 'WORKASPACE' ) );
#11203 = CARTESIAN_POINT ( 'NONE',  ( 0.1774300686216492007, 0.1000000000000000056, -0.5000000000000002220 ) ) ;
#11202 = CARTESIAN_POINT ( 'NONE',  ( 1.086202172406457001, 0.1000000000000000056, 0.1016000000000000097 ) ) ;
#11204 = UNCERTAINTY_MEASURE_WITH_UNIT (LENGTH_MEASURE( 1.000000000000000082E-05 ), #6556, 'distance_accuracy_value', 'NONE');
#11205 = CYLINDRICAL_SURFACE ( 'NONE', #5202, 0.01500217240645658652 ) ;
#11206 = FACE_OUTER_BOUND ( 'NONE', #381, .T. ) ;
#11207 = STYLED_ITEM ( 'NONE', ( #4070 ), #7222 ) ;
#11208 = PRESENTATION_LAYER_ASSIGNMENT (  '', '', ( #10530 ) ) ;
#11209 = SURFACE_STYLE_USAGE ( .BOTH. , #4320 ) ;
#11210 =( NAMED_UNIT ( * ) SI_UNIT ( $, .STERADIAN. ) SOLID_ANGLE_UNIT ( ) );
#11211 = DIRECTION ( 'NONE',  ( 0.0000000000000000000, 1.000000000000000000, 0.0000000000000000000 ) ) ;
#11212 = CARTESIAN_POINT ( 'NONE',  ( 1.021730214339628517, 0.1000000000000000056, 0.05229999999999977722 ) ) ;
#11213 = ORIENTED_EDGE ( 'NONE', *, *, #5201, .T. ) ;
#11214 = CARTESIAN_POINT ( 'NONE',  ( -0.1004848928301857736, 0.1000000000000000056, -0.4976000000000002643 ) ) ;
#11215 = SURFACE_STYLE_FILL_AREA ( #10571 ) ;
#11216 =( NAMED_UNIT ( * ) PLANE_ANGLE_UNIT ( ) SI_UNIT ( $, .RADIAN. ) );
#11217 = LINE ( 'NONE', #259, #6014 ) ;
#11218 = VERTEX_POINT ( 'NONE', #4156 ) ;
#11219 = PLANE ( 'NONE',  #4340 ) ;
#11220 = EDGE_CURVE ( 'NONE', #12702, #11841, #9012, .T. ) ;
#11221 = VECTOR ( 'NONE', #12098, 1000.000000000000114 ) ;
#11222 = DIRECTION ( 'NONE',  ( 1.000000000000000000, 0.0000000000000000000, 0.0000000000000000000 ) ) ;
#11223 = AXIS2_PLACEMENT_3D ( 'NONE', #620, #7534, #1603 ) ;
#11224 = MECHANICAL_DESIGN_GEOMETRIC_PRESENTATION_REPRESENTATION (  '', ( #9257 ), #11906 ) ;
#11225 = CARTESIAN_POINT ( 'NONE',  ( 0.3069278962151925083, 0.0000000000000000000, 0.4976999999999998092 ) ) ;
#11226 = CARTESIAN_POINT ( 'NONE',  ( 1.600030214339628554, 0.1000000000000000056, 0.05229999999999978416 ) ) ;
#11227 = ORIENTED_EDGE ( 'NONE', *, *, #7578, .T. ) ;
#11228 = CARTESIAN_POINT ( 'NONE',  ( 1.600000000000000311, 0.09999999999999999167, 0.5000000000000000000 ) ) ;
#11229 = EDGE_CURVE ( 'NONE', #4051, #3307, #6389, .T. ) ;
#11230 = VECTOR ( 'NONE', #1916, 1000.000000000000114 ) ;
#11231 =( NAMED_UNIT ( * ) SI_UNIT ( $, .STERADIAN. ) SOLID_ANGLE_UNIT ( ) );
#11232 = DIRECTION ( 'NONE',  ( 0.0000000000000000000, -1.000000000000000000, 0.0000000000000000000 ) ) ;
#11233 = ORIENTED_EDGE ( 'NONE', *, *, #5015, .T. ) ;
#11234 = LINE ( 'NONE', #3524, #12627 ) ;
#11235 = DIRECTION ( 'NONE',  ( 0.0000000000000000000, 0.0000000000000000000, -1.000000000000000000 ) ) ;
#11236 = EDGE_CURVE ( 'NONE', #11036, #3382, #4360, .T. ) ;
#11237 =( NAMED_UNIT ( * ) PLANE_ANGLE_UNIT ( ) SI_UNIT ( $, .RADIAN. ) );
#11238 = DIRECTION ( 'NONE',  ( -1.000000000000000000, 0.0000000000000000000, 0.0000000000000000000 ) ) ;
#11239 = DIRECTION ( 'NONE',  ( 0.0000000000000000000, 0.0000000000000000000, -1.000000000000000000 ) ) ;
#11240 = LINE ( 'NONE', #7724, #3692 ) ;
#11241 =( GEOMETRIC_REPRESENTATION_CONTEXT ( 3 ) GLOBAL_UNCERTAINTY_ASSIGNED_CONTEXT ( ( #11309 ) ) GLOBAL_UNIT_ASSIGNED_CONTEXT ( ( #9121, #3176, #10076 ) ) REPRESENTATION_CONTEXT ( 'NONE', 'WORKASPACE' ) );
#11243 = CARTESIAN_POINT ( 'NONE',  ( 1.600000000000000311, 0.0000000000000000000, 0.5000000000000000000 ) ) ;
#11242 = CARTESIAN_POINT ( 'NONE',  ( -1.577030068621648962, 0.1000000000000000056, -0.2007383321261244913 ) ) ;
#11244 = EDGE_LOOP ( 'NONE', ( #10104, #2801, #6886, #2834 ) ) ;
#11245 = CIRCLE ( 'NONE', #8766, 0.01500217240645653274 ) ;
#11246 = ORIENTED_EDGE ( 'NONE', *, *, #8336, .T. ) ;
#11247 = CARTESIAN_POINT ( 'NONE',  ( 1.562027896215192557, 0.1000000000000000056, -0.1167021724064567917 ) ) ;
#11248 = CARTESIAN_POINT ( 'NONE',  ( -1.021700000000000497, 0.0000000000000000000, 0.4999999999999997780 ) ) ;
#11249 = CARTESIAN_POINT ( 'NONE',  ( 0.1005151071698142246, 0.1000000000000000056, -0.4976000000000002643 ) ) ;
#11250 = DIRECTION ( 'NONE',  ( 4.843431639425975498E-16, 0.0000000000000000000, -1.000000000000000000 ) ) ;
#11251 = VECTOR ( 'NONE', #3383, 1000.000000000000000 ) ;
#11252 = CARTESIAN_POINT ( 'NONE',  ( -1.399000000000000243, 0.5000000000000000000, 0.5000000000000000000 ) ) ;
#11253 = AXIS2_PLACEMENT_3D ( 'NONE', #9708, #3812, #10675 ) ;
#11254 = LINE ( 'NONE', #6281, #145 ) ;
#11255 = AXIS2_PLACEMENT_3D ( 'NONE', #9857, #3965, #10837 ) ;
#11256 = CARTESIAN_POINT ( 'NONE',  ( 1.600030214339628554, 0.1000000000000000056, -0.04990000000000015257 ) ) ;
#11257 = ORIENTED_EDGE ( 'NONE', *, *, #11176, .F. ) ;
#11258 = ORIENTED_EDGE ( 'NONE', *, *, #575, .T. ) ;
#11259 = DIRECTION ( 'NONE',  ( 0.0000000000000000000, -0.0000000000000000000, -1.000000000000000000 ) ) ;
#11260 = ADVANCED_FACE ( 'NONE', ( #10975 ), #3099, .F. ) ;
#11261 = DIRECTION ( 'NONE',  ( 0.0000000000000000000, 0.0000000000000000000, -1.000000000000000000 ) ) ;
#11262 = VECTOR ( 'NONE', #4926, 1000.000000000000000 ) ;
#11263 = EDGE_CURVE ( 'NONE', #112, #11615, #3417, .T. ) ;
#11264 = ORIENTED_EDGE ( 'NONE', *, *, #6837, .F. ) ;
#11265 = VERTEX_POINT ( 'NONE', #9163 ) ;
#11266 = FACE_OUTER_BOUND ( 'NONE', #9927, .T. ) ;
#11267 = CARTESIAN_POINT ( 'NONE',  ( -1.082627896215192509, -0.0000000000000000000, -0.4567978275935435928 ) ) ;
#11268 = CARTESIAN_POINT ( 'NONE',  ( 1.583302172406456876, 0.1000000000000000056, 0.1963566009016785296 ) ) ;
#11269 = ORIENTED_EDGE ( 'NONE', *, *, #320, .T. ) ;
#11270 = EDGE_LOOP ( 'NONE', ( #5926, #11880, #5029, #7828 ) ) ;
#11271 = ORIENTED_EDGE ( 'NONE', *, *, #3650, .F. ) ;
#11272 = CARTESIAN_POINT ( 'NONE',  ( 0.3325300686216491330, 0.1000000000000000056, -0.1017000000000001098 ) ) ;
#11273 = ORIENTED_EDGE ( 'NONE', *, *, #11464, .F. ) ;
#11274 = SURFACE_STYLE_FILL_AREA ( #7716 ) ;
#11275 = ORIENTED_EDGE ( 'NONE', *, *, #3818, .T. ) ;
#11276 = EDGE_CURVE ( 'NONE', #7779, #6238, #5759, .T. ) ;
#11277 = MECHANICAL_DESIGN_GEOMETRIC_PRESENTATION_REPRESENTATION (  '', ( #9964 ), #11958 ) ;
#11278 = LINE ( 'NONE', #11427, #8688 ) ;
#11279 = ORIENTED_EDGE ( 'NONE', *, *, #12187, .F. ) ;
#11280 = CYLINDRICAL_SURFACE ( 'NONE', #2287, 0.01500217240645655876 ) ;
#11281 = ORIENTED_EDGE ( 'NONE', *, *, #354, .T. ) ;
#11282 = AXIS2_PLACEMENT_3D ( 'NONE', #7436, #1504, #8426 ) ;
#11283 = AXIS2_PLACEMENT_3D ( 'NONE', #10339, #4456, #11353 ) ;
#11284 = DIRECTION ( 'NONE',  ( 0.0000000000000000000, 0.0000000000000000000, -1.000000000000000000 ) ) ;
#11285 = DIRECTION ( 'NONE',  ( 0.0000000000000000000, 0.0000000000000000000, -1.000000000000000000 ) ) ;
#11287 = DIRECTION ( 'NONE',  ( 0.0000000000000000000, 0.0000000000000000000, -1.000000000000000000 ) ) ;
#11286 = CARTESIAN_POINT ( 'NONE',  ( 1.099400000000000377, 0.09999999999999999167, -0.3025999999999999801 ) ) ;
#11288 = VERTEX_POINT ( 'NONE', #6234 ) ;
#11289 = LINE ( 'NONE', #6607, #8703 ) ;
#11290 = VECTOR ( 'NONE', #8130, 1000.000000000000000 ) ;
#11291 = ORIENTED_EDGE ( 'NONE', *, *, #7914, .F. ) ;
#11292 = CARTESIAN_POINT ( 'NONE',  ( 1.086202172406457001, 0.1000000000000000056, 0.4567978275935434818 ) ) ;
#11293 = DIRECTION ( 'NONE',  ( 0.0000000000000000000, -1.000000000000000000, 0.0000000000000000000 ) ) ;
#11294 = AXIS2_PLACEMENT_3D ( 'NONE', #10300, #4423, #11311 ) ;
#11295 = DIRECTION ( 'NONE',  ( 1.171755763104686462E-17, -0.0000000000000000000, 1.000000000000000000 ) ) ;
#11296 =( NAMED_UNIT ( * ) PLANE_ANGLE_UNIT ( ) SI_UNIT ( $, .RADIAN. ) );
#11297 =( GEOMETRIC_REPRESENTATION_CONTEXT ( 3 ) GLOBAL_UNCERTAINTY_ASSIGNED_CONTEXT ( ( #5970 ) ) GLOBAL_UNIT_ASSIGNED_CONTEXT ( ( #3251, #10148, #4273 ) ) REPRESENTATION_CONTEXT ( 'NONE', 'WORKASPACE' ) );
#11298 = MECHANICAL_DESIGN_GEOMETRIC_PRESENTATION_REPRESENTATION (  '', ( #8160 ), #11983 ) ;
#11299 = DIRECTION ( 'NONE',  ( 0.0000000000000000000, 1.000000000000000000, 0.0000000000000000000 ) ) ;
#11300 = FILL_AREA_STYLE ('',( #6421 ) ) ;
#11301 = FACE_OUTER_BOUND ( 'NONE', #3429, .T. ) ;
#11302 = DIRECTION ( 'NONE',  ( 1.000000000000000000, -0.0000000000000000000, 7.556514767313163497E-17 ) ) ;
#11303 = ORIENTED_EDGE ( 'NONE', *, *, #10644, .T. ) ;
#11304 = DIRECTION ( 'NONE',  ( -1.000000000000000000, -0.0000000000000000000, -0.0000000000000000000 ) ) ;
#11305 = EDGE_LOOP ( 'NONE', ( #279, #1013, #3807, #5740 ) ) ;
#11306 = VECTOR ( 'NONE', #12681, 1000.000000000000000 ) ;
#11307 = SURFACE_STYLE_FILL_AREA ( #84 ) ;
#11308 = PLANE ( 'NONE',  #1142 ) ;
#11309 = UNCERTAINTY_MEASURE_WITH_UNIT (LENGTH_MEASURE( 1.000000000000000082E-05 ), #9121, 'distance_accuracy_value', 'NONE');
#11310 = EDGE_CURVE ( 'NONE', #306, #12035, #6079, .T. ) ;
#11311 = DIRECTION ( 'NONE',  ( 0.0000000000000000000, 0.0000000000000000000, -1.000000000000000000 ) ) ;
#11312 = EDGE_CURVE ( 'NONE', #7886, #7110, #484, .T. ) ;
#11313 = SURFACE_STYLE_FILL_AREA ( #1402 ) ;
#11314 = ORIENTED_EDGE ( 'NONE', *, *, #6504, .F. ) ;
#11315 = ADVANCED_FACE ( 'NONE', ( #8067 ), #3267, .T. ) ;
#11316 = MECHANICAL_DESIGN_GEOMETRIC_PRESENTATION_REPRESENTATION (  '', ( #9998 ), #12000 ) ;
#11317 = VECTOR ( 'NONE', #2328, 1000.000000000000000 ) ;
#11318 = ORIENTED_EDGE ( 'NONE', *, *, #2064, .F. ) ;
#11319 = FACE_OUTER_BOUND ( 'NONE', #7570, .T. ) ;
#11320 = DIRECTION ( 'NONE',  ( -4.020095065059161301E-16, 0.0000000000000000000, -1.000000000000000000 ) ) ;
#11321 = SURFACE_SIDE_STYLE ('',( #3317 ) ) ;
#11322 = DIRECTION ( 'NONE',  ( 1.000000000000000000, -0.0000000000000000000, -0.0000000000000000000 ) ) ;
#11323 = DIRECTION ( 'NONE',  ( 0.0000000000000000000, -1.000000000000000000, 0.0000000000000000000 ) ) ;
#11324 = ADVANCED_FACE ( 'NONE', ( #10337 ), #12679, .F. ) ;
#11325 = LINE ( 'NONE', #5109, #9640 ) ;
#11327 = CARTESIAN_POINT ( 'NONE',  ( -0.6454278962151924759, 0.1000000000000000056, 0.4826978275935432383 ) ) ;
#11326 = CARTESIAN_POINT ( 'NONE',  ( -1.097630068621648913, 0.1000000000000000056, -0.4567978275935437038 ) ) ;
#11328 = LINE ( 'NONE', #12277, #6108 ) ;
#11329 = ORIENTED_EDGE ( 'NONE', *, *, #2251, .F. ) ;
#11330 = VERTEX_POINT ( 'NONE', #7271 ) ;
#11331 = MECHANICAL_DESIGN_GEOMETRIC_PRESENTATION_REPRESENTATION (  '', ( #10009 ), #12013 ) ;
#11332 = VERTEX_POINT ( 'NONE', #1340 ) ;
#11333 = CIRCLE ( 'NONE', #8398, 0.01500217240645653274 ) ;
#11334 = CARTESIAN_POINT ( 'NONE',  ( -1.299900000000000277, 0.09999999999999999167, -0.5000000000000002220 ) ) ;
#11335 = DIRECTION ( 'NONE',  ( 0.0000000000000000000, 1.000000000000000000, -0.0000000000000000000 ) ) ;
#11336 = ORIENTED_EDGE ( 'NONE', *, *, #6737, .F. ) ;
#11337 = DIRECTION ( 'NONE',  ( 0.0000000000000000000, 1.000000000000000000, 0.0000000000000000000 ) ) ;
#11338 = LINE ( 'NONE', #12561, #3803 ) ;
#11339 = FACE_OUTER_BOUND ( 'NONE', #2695, .T. ) ;
#11340 = ADVANCED_FACE ( 'NONE', ( #5129 ), #9209, .F. ) ;
#11341 = CARTESIAN_POINT ( 'NONE',  ( 1.583302172406456876, 0.1000000000000000056, 0.1963566009016785296 ) ) ;
#11342 = CARTESIAN_POINT ( 'NONE',  ( -0.3202257238087359292, 0.1000000000000000056, -0.5000000000000002220 ) ) ;
#11343 = DIRECTION ( 'NONE',  ( 0.0000000000000000000, 1.000000000000000000, 0.0000000000000000000 ) ) ;
#11344 = CARTESIAN_POINT ( 'NONE',  ( -1.285174339670224430, -0.0000000000000000000, -0.4718000000000002192 ) ) ;
#11345 = ORIENTED_EDGE ( 'NONE', *, *, #7730, .T. ) ;
#11346 = CARTESIAN_POINT ( 'NONE',  ( -1.099400000000000377, 0.1000000000000000056, -0.3025999999999999801 ) ) ;
#11347 = CARTESIAN_POINT ( 'NONE',  ( -1.100000000000000755, 0.5000000000000000000, 0.5000000000000000000 ) ) ;
#11348 = ORIENTED_EDGE ( 'NONE', *, *, #3375, .T. ) ;
#11349 = AXIS2_PLACEMENT_3D ( 'NONE', #9223, #3280, #10179 ) ;
#11350 = ORIENTED_EDGE ( 'NONE', *, *, #588, .F. ) ;
#11351 = EDGE_CURVE ( 'NONE', #5246, #11360, #2786, .T. ) ;
#11352 = AXIS2_PLACEMENT_3D ( 'NONE', #10856, #4984, #11877 ) ;
#11353 = DIRECTION ( 'NONE',  ( 0.0000000000000000000, 0.0000000000000000000, -1.000000000000000000 ) ) ;
#11354 = UNCERTAINTY_MEASURE_WITH_UNIT (LENGTH_MEASURE( 1.000000000000000082E-05 ), #9370, 'distance_accuracy_value', 'NONE');
#11355 = AXIS2_PLACEMENT_3D ( 'NONE', #2592, #9525, #3607 ) ;
#11356 = FILL_AREA_STYLE ('',( #4460 ) ) ;
#11357 = VERTEX_POINT ( 'NONE', #5304 ) ;
#11358 = ORIENTED_EDGE ( 'NONE', *, *, #5369, .F. ) ;
#11359 = CARTESIAN_POINT ( 'NONE',  ( 0.0000000000000000000, 0.0000000000000000000, 0.0000000000000000000 ) ) ;
#11360 = VERTEX_POINT ( 'NONE', #336 ) ;
#11361 = CARTESIAN_POINT ( 'NONE',  ( 1.600000000000000311, 0.1000000000000000056, -0.5000000000000000000 ) ) ;
#11362 = CARTESIAN_POINT ( 'NONE',  ( 1.099400000000000377, 0.09999999999999999167, 0.4012999999999999901 ) ) ;
#11363 = LINE ( 'NONE', #3829, #2117 ) ;
#11364 = LINE ( 'NONE', #2362, #6145 ) ;
#11365 = DIRECTION ( 'NONE',  ( -0.0000000000000000000, 1.000000000000000000, -0.0000000000000000000 ) ) ;
#11366 =( NAMED_UNIT ( * ) PLANE_ANGLE_UNIT ( ) SI_UNIT ( $, .RADIAN. ) );
#11367 = CARTESIAN_POINT ( 'NONE',  ( -0.1624278962151926298, 0.1000000000000000056, -0.4849978275935434846 ) ) ;
#11368 = ORIENTED_EDGE ( 'NONE', *, *, #10256, .T. ) ;
#11369 = LINE ( 'NONE', #1492, #9084 ) ;
#11370 = AXIS2_PLACEMENT_3D ( 'NONE', #7557, #1634, #8545 ) ;
#11372 = SURFACE_SIDE_STYLE ('',( #11713 ) ) ;
#11371 = DIRECTION ( 'NONE',  ( 0.0000000000000000000, 0.0000000000000000000, 1.000000000000000000 ) ) ;
#11373 = AXIS2_PLACEMENT_3D ( 'NONE', #2558, #3576, #10461 ) ;
#11374 = DIRECTION ( 'NONE',  ( -1.000000000000000000, -0.0000000000000000000, 1.171755763104686308E-17 ) ) ;
#11375 = EDGE_LOOP ( 'NONE', ( #2532, #1867, #483, #717 ) ) ;
#11376 = VECTOR ( 'NONE', #5041, 1000.000000000000000 ) ;
#11377 = MECHANICAL_DESIGN_GEOMETRIC_PRESENTATION_REPRESENTATION (  '', ( #9402 ), #12055 ) ;
#11378 = SURFACE_STYLE_USAGE ( .BOTH. , #4485 ) ;
#11379 = ORIENTED_EDGE ( 'NONE', *, *, #3677, .F. ) ;
#11380 = CARTESIAN_POINT ( 'NONE',  ( 1.547025723808735931, 0.1000000000000000056, -0.1167021724064566529 ) ) ;
#11381 = CARTESIAN_POINT ( 'NONE',  ( 1.021730214339628517, 0.1000000000000000056, 0.05229999999999977722 ) ) ;
#11382 = ADVANCED_FACE ( 'NONE', ( #7453 ), #7314, .F. ) ;
#11383 =( NAMED_UNIT ( * ) SI_UNIT ( $, .STERADIAN. ) SOLID_ANGLE_UNIT ( ) );
#11384 = LINE ( 'NONE', #4527, #8466 ) ;
#11385 = CARTESIAN_POINT ( 'NONE',  ( 1.099400000000000377, 0.09999999999999999167, 0.4012999999999999901 ) ) ;
#11386 = FACE_OUTER_BOUND ( 'NONE', #10432, .T. ) ;
#11387 =( LENGTH_UNIT ( ) NAMED_UNIT ( * ) SI_UNIT ( .MILLI., .METRE. ) );
#11388 = DIRECTION ( 'NONE',  ( 0.0000000000000000000, -1.000000000000000000, 0.0000000000000000000 ) ) ;
#11389 = CARTESIAN_POINT ( 'NONE',  ( -1.307400000000000118, 0.09999999999999999167, 0.5000000000000000000 ) ) ;
#11390 = SURFACE_STYLE_USAGE ( .BOTH. , #4501 ) ;
#11391 = EDGE_CURVE ( 'NONE', #10972, #9858, #3895, .T. ) ;
#11392 = ADVANCED_FACE ( 'NONE', ( #11439 ), #7363, .T. ) ;
#11393 = DIRECTION ( 'NONE',  ( 0.0000000000000000000, 0.0000000000000000000, 1.000000000000000000 ) ) ;
#11394 = VERTEX_POINT ( 'NONE', #6375 ) ;
#11395 = EDGE_CURVE ( 'NONE', #11733, #11640, #317, .T. ) ;
#11396 = MECHANICAL_DESIGN_GEOMETRIC_PRESENTATION_REPRESENTATION (  '', ( #9425 ), #12068 ) ;
#11397 = LINE ( 'NONE', #4800, #7109 ) ;
#11398 = VERTEX_POINT ( 'NONE', #8374 ) ;
#11399 = CARTESIAN_POINT ( 'NONE',  ( -1.086202172406457001, 0.1000000000000000056, 0.1015999999999997322 ) ) ;
#11400 = ORIENTED_EDGE ( 'NONE', *, *, #7378, .F. ) ;
#11401 = EDGE_CURVE ( 'NONE', #4738, #7902, #2935, .T. ) ;
#11402 =( NAMED_UNIT ( * ) PLANE_ANGLE_UNIT ( ) SI_UNIT ( $, .RADIAN. ) );
#11403 = VERTEX_POINT ( 'NONE', #9366 ) ;
#11404 = COLOUR_RGB ( '',0.9686274509803921573, 0.8784313725490195957, 0.5999999999999999778 ) ;
#11405 =( NAMED_UNIT ( * ) PLANE_ANGLE_UNIT ( ) SI_UNIT ( $, .RADIAN. ) );
#11406 = CARTESIAN_POINT ( 'NONE',  ( -0.6304257238087360715, 0.1000000000000000056, 0.4826978275935433493 ) ) ;
#11407 = VECTOR ( 'NONE', #1427, 1000.000000000000000 ) ;
#11408 = ADVANCED_FACE ( 'NONE', ( #5262 ), #9290, .T. ) ;
#11409 = ORIENTED_EDGE ( 'NONE', *, *, #5452, .F. ) ;
#11410 = FILL_AREA_STYLE ('',( #9437 ) ) ;
#11411 = EDGE_CURVE ( 'NONE', #6351, #5814, #11919, .T. ) ;
#11412 = ORIENTED_EDGE ( 'NONE', *, *, #579, .T. ) ;
#11413 = FILL_AREA_STYLE_COLOUR ( '', #6149 ) ;
#11414 = CARTESIAN_POINT ( 'NONE',  ( 0.7009302143396286544, 0.0000000000000000000, 0.05229999999999977722 ) ) ;
#11415 = UNCERTAINTY_MEASURE_WITH_UNIT (LENGTH_MEASURE( 1.000000000000000082E-05 ), #1665, 'distance_accuracy_value', 'NONE');
#11416 = EDGE_LOOP ( 'NONE', ( #2963, #8093, #4814, #9037 ) ) ;
#11417 = SURFACE_SIDE_STYLE ('',( #8312 ) ) ;
#11418 = CARTESIAN_POINT ( 'NONE',  ( 1.082627896215192509, 0.1000000000000000056, -0.2153021724064568543 ) ) ;
#11419 = STYLED_ITEM ( 'NONE', ( #5477 ), #6562 ) ;
#11420 = CARTESIAN_POINT ( 'NONE',  ( 0.6454278962151924759, 0.1000000000000000056, 0.4826978275935432383 ) ) ;
#11421 = PRESENTATION_STYLE_ASSIGNMENT (( #6656 ) ) ;
#11422 = DIRECTION ( 'NONE',  ( 1.000000000000000000, -0.0000000000000000000, 7.556514767313163497E-17 ) ) ;
#11423 = ORIENTED_EDGE ( 'NONE', *, *, #1782, .F. ) ;
#11424 = DIRECTION ( 'NONE',  ( 0.0000000000000000000, 0.0000000000000000000, 1.000000000000000000 ) ) ;
#11425 = LINE ( 'NONE', #1913, #958 ) ;
#11426 = ORIENTED_EDGE ( 'NONE', *, *, #6737, .T. ) ;
#11427 = CARTESIAN_POINT ( 'NONE',  ( 1.097630068621648913, 0.1000000000000000056, -0.4718000000000002192 ) ) ;
#11428 = AXIS2_PLACEMENT_3D ( 'NONE', #10067, #2271, #9189 ) ;
#11429 = EDGE_LOOP ( 'NONE', ( #8353, #6950, #6984, #8750, #9646, #10881, #6508, #9771, #10775, #11478, #1471, #3394, #6810, #12434, #7782, #9174, #4666, #11068, #9586, #3960, #8193, #1882, #9656, #6548, #9652, #5918, #1011, #12630, #3418, #3645, #5439, #713, #1613, #10082, #11924, #9263, #40, #9103, #7601, #9507, #6196, #10043, #221, #11329, #12242, #8183, #11446, #7251, #7962, #10715, #2454, #3209, #1322, #3110, #8593, #9490, #7812, #10656, #9556, #7927, #6329, #9634, #9814, #11423, #7767, #2686 ) ) ;
#11430 = EDGE_CURVE ( 'NONE', #6988, #2765, #1714, .T. ) ;
#11431 = DIRECTION ( 'NONE',  ( -0.0000000000000000000, -1.000000000000000000, -0.0000000000000000000 ) ) ;
#11432 = DIRECTION ( 'NONE',  ( 0.0000000000000000000, 0.0000000000000000000, -1.000000000000000000 ) ) ;
#11433 = DIRECTION ( 'NONE',  ( 0.0000000000000000000, 0.0000000000000000000, 1.000000000000000000 ) ) ;
#11434 = DIRECTION ( 'NONE',  ( -0.0000000000000000000, 1.000000000000000000, -0.0000000000000000000 ) ) ;
#11435 = VERTEX_POINT ( 'NONE', #7478 ) ;
#11436 = EDGE_CURVE ( 'NONE', #8008, #7734, #4347, .T. ) ;
#11437 = ORIENTED_EDGE ( 'NONE', *, *, #7327, .T. ) ;
#11438 = ORIENTED_EDGE ( 'NONE', *, *, #9428, .F. ) ;
#11439 = FACE_OUTER_BOUND ( 'NONE', #2372, .T. ) ;
#11440 = ORIENTED_EDGE ( 'NONE', *, *, #12728, .T. ) ;
#11441 = FILL_AREA_STYLE ('',( #7494 ) ) ;
#11442 = DIRECTION ( 'NONE',  ( -1.000000000000000000, -0.0000000000000000000, -0.0000000000000000000 ) ) ;
#11443 = ADVANCED_FACE ( 'NONE', ( #6376 ), #4538, .F. ) ;
#11444 = DIRECTION ( 'NONE',  ( -0.7071067811865474617, 0.0000000000000000000, -0.7071067811865474617 ) ) ;
#11445 = STYLED_ITEM ( 'NONE', ( #9832 ), #9539 ) ;
#11446 = ORIENTED_EDGE ( 'NONE', *, *, #8618, .F. ) ;
#11447 = LINE ( 'NONE', #12089, #661 ) ;
#11448 = ORIENTED_EDGE ( 'NONE', *, *, #2303, .F. ) ;
#11449 = MECHANICAL_DESIGN_GEOMETRIC_PRESENTATION_REPRESENTATION (  '', ( #9476 ), #12121 ) ;
#11450 = DIRECTION ( 'NONE',  ( 1.000000000000000000, 0.0000000000000000000, 0.0000000000000000000 ) ) ;
#11451 = DIRECTION ( 'NONE',  ( -0.0000000000000000000, -1.000000000000000000, -0.0000000000000000000 ) ) ;
#11452 = PLANE ( 'NONE',  #11355 ) ;
#11453 = LINE ( 'NONE', #9934, #3587 ) ;
#11454 = EDGE_CURVE ( 'NONE', #5166, #2165, #6691, .T. ) ;
#11455 = LINE ( 'NONE', #9109, #3588 ) ;
#11456 = SURFACE_STYLE_FILL_AREA ( #486 ) ;
#11457 = CARTESIAN_POINT ( 'NONE',  ( -1.097630068621648913, 0.1000000000000000056, -0.4567978275935437038 ) ) ;
#11458 = DIRECTION ( 'NONE',  ( 0.0000000000000000000, 0.0000000000000000000, 1.000000000000000000 ) ) ;
#11459 = ORIENTED_EDGE ( 'NONE', *, *, #8377, .F. ) ;
#11460 = CARTESIAN_POINT ( 'NONE',  ( -0.4691278962151925191, 0.1000000000000000056, 0.4870999999999999219 ) ) ;
#11461 = VERTEX_POINT ( 'NONE', #1597 ) ;
#11462 =( GEOMETRIC_REPRESENTATION_CONTEXT ( 3 ) GLOBAL_UNCERTAINTY_ASSIGNED_CONTEXT ( ( #4141 ) ) GLOBAL_UNIT_ASSIGNED_CONTEXT ( ( #10918, #5039, #11931 ) ) REPRESENTATION_CONTEXT ( 'NONE', 'WORKASPACE' ) );
#11463 = CARTESIAN_POINT ( 'NONE',  ( -1.600000000000000311, 0.1000000000000000056, 0.4999999999999995559 ) ) ;
#11464 = EDGE_CURVE ( 'NONE', #11751, #8728, #11278, .T. ) ;
#11465 = VECTOR ( 'NONE', #10378, 1000.000000000000000 ) ;
#11466 = DIRECTION ( 'NONE',  ( 1.000000000000000000, 0.0000000000000000000, 0.0000000000000000000 ) ) ;
#11467 = AXIS2_PLACEMENT_3D ( 'NONE', #12699, #3840, #6830 ) ;
#11468 = SURFACE_STYLE_USAGE ( .BOTH. , #4583 ) ;
#11469 = ADVANCED_FACE ( 'NONE', ( #3732 ), #797, .F. ) ;
#11470 = SURFACE_SIDE_STYLE ('',( #3333 ) ) ;
#11471 = DIRECTION ( 'NONE',  ( -0.0000000000000000000, -0.0000000000000000000, 1.000000000000000000 ) ) ;
#11472 = CARTESIAN_POINT ( 'NONE',  ( -1.584125920840706137, 0.1000000000000000056, 0.2113361407954839344 ) ) ;
#11473 = EDGE_CURVE ( 'NONE', #7185, #5291, #6070, .T. ) ;
#11474 = VECTOR ( 'NONE', #6320, 1000.000000000000114 ) ;
#11475 = FACE_OUTER_BOUND ( 'NONE', #11148, .T. ) ;
#11476 = PRESENTATION_STYLE_ASSIGNMENT (( #3108 ) ) ;
#11477 = ORIENTED_EDGE ( 'NONE', *, *, #209, .F. ) ;
#11478 = ORIENTED_EDGE ( 'NONE', *, *, #10333, .F. ) ;
#11479 = VECTOR ( 'NONE', #2350, 1000.000000000000000 ) ;
#11480 = EDGE_CURVE ( 'NONE', #2127, #10699, #11596, .T. ) ;
#11481 = EDGE_LOOP ( 'NONE', ( #12732, #12056, #10661, #10887 ) ) ;
#11482 = DIRECTION ( 'NONE',  ( 0.0000000000000000000, -1.000000000000000000, 0.0000000000000000000 ) ) ;
#11483 = LINE ( 'NONE', #6983, #3946 ) ;
#11484 = EDGE_CURVE ( 'NONE', #1265, #2684, #3402, .T. ) ;
#11485 = VERTEX_POINT ( 'NONE', #1643 ) ;
#11486 = STYLED_ITEM ( 'NONE', ( #12114 ), #5940 ) ;
#11487 = ORIENTED_EDGE ( 'NONE', *, *, #669, .T. ) ;
#11488 = CARTESIAN_POINT ( 'NONE',  ( 0.7009302143396286544, 0.1000000000000000056, 0.05229999999999977722 ) ) ;
#11489 = SURFACE_STYLE_FILL_AREA ( #5742 ) ;
#11490 = VECTOR ( 'NONE', #11422, 1000.000000000000000 ) ;
#11491 = PLANE ( 'NONE',  #6029 ) ;
#11492 = VECTOR ( 'NONE', #11106, 1000.000000000000000 ) ;
#11493 = ORIENTED_EDGE ( 'NONE', *, *, #11516, .F. ) ;
#11494 = CARTESIAN_POINT ( 'NONE',  ( 1.097630068621648913, 0.0000000000000000000, -0.4718000000000002192 ) ) ;
#11495 = ORIENTED_EDGE ( 'NONE', *, *, #1570, .T. ) ;
#11496 = CARTESIAN_POINT ( 'NONE',  ( -1.600000000000000311, 0.1000000000000000056, 0.4999999999999995559 ) ) ;
#11497 = FACE_OUTER_BOUND ( 'NONE', #10663, .T. ) ;
#11498 = CARTESIAN_POINT ( 'NONE',  ( 1.547025723808735931, 0.0000000000000000000, -0.1017000000000001098 ) ) ;
#11499 = ORIENTED_EDGE ( 'NONE', *, *, #490, .T. ) ;
#11500 = VECTOR ( 'NONE', #1439, 1000.000000000000000 ) ;
#11501 = VERTEX_POINT ( 'NONE', #6583 ) ;
#11502 = CARTESIAN_POINT ( 'NONE',  ( 1.373961839504919347, 0.5000000000000000000, 0.3026000000000000911 ) ) ;
#11503 = LINE ( 'NONE', #5371, #11191 ) ;
#11504 = CIRCLE ( 'NONE', #11571, 0.3000999999999999779 ) ;
#11505 = PRESENTATION_LAYER_ASSIGNMENT (  '', '', ( #1341 ) ) ;
#11506 = CIRCLE ( 'NONE', #7034, 0.2891000000000000236 ) ;
#11507 = PRESENTATION_LAYER_ASSIGNMENT (  '', '', ( #10168 ) ) ;
#11508 = CARTESIAN_POINT ( 'NONE',  ( 1.568300000000000249, 0.1000000000000000056, 0.1963566009016785296 ) ) ;
#11509 = ORIENTED_EDGE ( 'NONE', *, *, #11153, .F. ) ;
#11510 = LINE ( 'NONE', #8381, #1047 ) ;
#11511 = FILL_AREA_STYLE ('',( #742 ) ) ;
#11512 =( NAMED_UNIT ( * ) SI_UNIT ( $, .STERADIAN. ) SOLID_ANGLE_UNIT ( ) );
#11513 = ADVANCED_FACE ( 'NONE', ( #10648 ), #9535, .T. ) ;
#11514 = FILL_AREA_STYLE ('',( #8552 ) ) ;
#11515 = LINE ( 'NONE', #8389, #11200 ) ;
#11516 = EDGE_CURVE ( 'NONE', #11900, #256, #12359, .T. ) ;
#11517 = PLANE ( 'NONE',  #7575 ) ;
#11518 = FILL_AREA_STYLE ('',( #6591 ) ) ;
#11519 = LINE ( 'NONE', #12287, #8614 ) ;
#11520 = VECTOR ( 'NONE', #12388, 1000.000000000000000 ) ;
#11521 = CARTESIAN_POINT ( 'NONE',  ( 1.099400000000000377, 0.09999999999999999167, -0.4012999999999999901 ) ) ;
#11522 = DIRECTION ( 'NONE',  ( 0.0000000000000000000, -1.000000000000000000, 0.0000000000000000000 ) ) ;
#11523 = ORIENTED_EDGE ( 'NONE', *, *, #3558, .T. ) ;
#11524 = AXIS2_PLACEMENT_3D ( 'NONE', #1856, #2825, #9758 ) ;
#11525 = EDGE_CURVE ( 'NONE', #5166, #7980, #4813, .T. ) ;
#11526 = PRESENTATION_LAYER_ASSIGNMENT (  '', '', ( #10188 ) ) ;
#11527 =( GEOMETRIC_REPRESENTATION_CONTEXT ( 3 ) GLOBAL_UNCERTAINTY_ASSIGNED_CONTEXT ( ( #12522 ) ) GLOBAL_UNIT_ASSIGNED_CONTEXT ( ( #12370, #6491, #553 ) ) REPRESENTATION_CONTEXT ( 'NONE', 'WORKASPACE' ) );
#11528 = VERTEX_POINT ( 'NONE', #6674 ) ;
#11529 = DIRECTION ( 'NONE',  ( 0.0000000000000000000, 1.000000000000000000, -0.0000000000000000000 ) ) ;
#11530 = CYLINDRICAL_SURFACE ( 'NONE', #1479, 0.01500217240645655876 ) ;
#11531 = CIRCLE ( 'NONE', #11022, 0.01500217240645653274 ) ;
#11532 = DIRECTION ( 'NONE',  ( -2.943037349164450241E-16, -0.0000000000000000000, 1.000000000000000000 ) ) ;
#11533 = STYLED_ITEM ( 'NONE', ( #3769 ), #3831 ) ;
#11534 = FILL_AREA_STYLE ('',( #3651 ) ) ;
#11535 = ORIENTED_EDGE ( 'NONE', *, *, #8957, .T. ) ;
#11536 = DIRECTION ( 'NONE',  ( 0.0000000000000000000, 0.0000000000000000000, -1.000000000000000000 ) ) ;
#11537 = VECTOR ( 'NONE', #6208, 1000.000000000000000 ) ;
#11538 = ADVANCED_FACE ( 'NONE', ( #9748 ), #12545, .F. ) ;
#11539 = DIRECTION ( 'NONE',  ( 0.0000000000000000000, -1.000000000000000000, 0.0000000000000000000 ) ) ;
#11540 = ORIENTED_EDGE ( 'NONE', *, *, #3643, .F. ) ;
#11541 = SURFACE_STYLE_USAGE ( .BOTH. , #4647 ) ;
#11542 = CARTESIAN_POINT ( 'NONE',  ( -1.021700000000000497, 0.0000000000000000000, 0.4999999999999997780 ) ) ;
#11543 =( LENGTH_UNIT ( ) NAMED_UNIT ( * ) SI_UNIT ( .MILLI., .METRE. ) );
#11544 = FACE_OUTER_BOUND ( 'NONE', #3141, .T. ) ;
#11545 = PRESENTATION_LAYER_ASSIGNMENT (  '', '', ( #10203 ) ) ;
#11546 = ORIENTED_EDGE ( 'NONE', *, *, #5849, .F. ) ;
#11547 = LINE ( 'NONE', #10863, #3687 ) ;
#11548 = COLOUR_RGB ( '',0.9686274509803921573, 0.8784313725490195957, 0.5999999999999999778 ) ;
#11549 = MANIFOLD_SOLID_BREP ( 'Boss-Extrude2', #11930 ) ;
#11550 = AXIS2_PLACEMENT_3D ( 'NONE', #3037, #9953, #4067 ) ;
#11551 = ORIENTED_EDGE ( 'NONE', *, *, #4794, .F. ) ;
#11552 = PLANE ( 'NONE',  #5928 ) ;
#11553 = AXIS2_PLACEMENT_3D ( 'NONE', #583, #7500, #1575 ) ;
#11554 = FILL_AREA_STYLE ('',( #4658 ) ) ;
#11555 = DIRECTION ( 'NONE',  ( 0.0000000000000000000, -0.0000000000000000000, 1.000000000000000000 ) ) ;
#11556 = DIRECTION ( 'NONE',  ( 0.0000000000000000000, 0.0000000000000000000, -1.000000000000000000 ) ) ;
#11557 = PLANE ( 'NONE',  #2191 ) ;
#11558 = SURFACE_STYLE_USAGE ( .BOTH. , #4663 ) ;
#11559 = SURFACE_STYLE_USAGE ( .BOTH. , #4665 ) ;
#11560 = ORIENTED_EDGE ( 'NONE', *, *, #2790, .F. ) ;
#11561 = CARTESIAN_POINT ( 'NONE',  ( -1.571800000000000308, 0.09999999999999999167, 0.1862000000000001432 ) ) ;
#11562 = LINE ( 'NONE', #5384, #3697 ) ;
#11563 = VERTEX_POINT ( 'NONE', #8649 ) ;
#11564 = DIRECTION ( 'NONE',  ( 0.0000000000000000000, 0.0000000000000000000, 1.000000000000000000 ) ) ;
#11565 = VERTEX_POINT ( 'NONE', #6722 ) ;
#11566 = PLANE ( 'NONE',  #10050 ) ;
#11567 = EDGE_CURVE ( 'NONE', #11163, #11751, #8837, .T. ) ;
#11568 = DIRECTION ( 'NONE',  ( 0.0000000000000000000, -1.000000000000000000, 0.0000000000000000000 ) ) ;
#11569 = EDGE_CURVE ( 'NONE', #6956, #2444, #3564, .T. ) ;
#11570 = CIRCLE ( 'NONE', #1268, 0.01500217240645653274 ) ;
#11571 = AXIS2_PLACEMENT_3D ( 'NONE', #4925, #11824, #5932 ) ;
#11572 = DIRECTION ( 'NONE',  ( 0.0000000000000000000, -1.000000000000000000, 0.0000000000000000000 ) ) ;
#11573 = DIRECTION ( 'NONE',  ( 0.0000000000000000000, 0.0000000000000000000, 1.000000000000000000 ) ) ;
#11574 = EDGE_CURVE ( 'NONE', #605, #12482, #1871, .T. ) ;
#11575 = DIRECTION ( 'NONE',  ( 0.0000000000000000000, 0.0000000000000000000, -1.000000000000000000 ) ) ;
#11576 = ORIENTED_EDGE ( 'NONE', *, *, #1243, .T. ) ;
#11577 = ORIENTED_EDGE ( 'NONE', *, *, #10024, .F. ) ;
#11578 = SURFACE_STYLE_USAGE ( .BOTH. , #4687 ) ;
#11579 = UNCERTAINTY_MEASURE_WITH_UNIT (LENGTH_MEASURE( 1.000000000000000082E-05 ), #300, 'distance_accuracy_value', 'NONE');
#11580 = ADVANCED_FACE ( 'NONE', ( #960 ), #11692, .T. ) ;
#11581 = LINE ( 'NONE', #4950, #6354 ) ;
#11582 = CARTESIAN_POINT ( 'NONE',  ( -1.600000000000000311, 0.1000000000000000056, 0.05229999999999981192 ) ) ;
#11583 = FACE_OUTER_BOUND ( 'NONE', #1609, .T. ) ;
#11584 = ORIENTED_EDGE ( 'NONE', *, *, #4762, .T. ) ;
#11585 = ORIENTED_EDGE ( 'NONE', *, *, #6557, .T. ) ;
#11586 = LINE ( 'NONE', #9752, #3391 ) ;
#11587 = AXIS2_PLACEMENT_3D ( 'NONE', #2806, #9739, #3835 ) ;
#11588 = CARTESIAN_POINT ( 'NONE',  ( -1.600000000000000311, 0.1000000000000000056, 0.05229999999999981192 ) ) ;
#11590 = DIRECTION ( 'NONE',  ( 0.0000000000000000000, -1.000000000000000000, 0.0000000000000000000 ) ) ;
#11589 = UNCERTAINTY_MEASURE_WITH_UNIT (LENGTH_MEASURE( 1.000000000000000082E-05 ), #9816, 'distance_accuracy_value', 'NONE');
#11591 = VERTEX_POINT ( 'NONE', #5844 ) ;
#11592 = ORIENTED_EDGE ( 'NONE', *, *, #8783, .F. ) ;
#11593 = DIRECTION ( 'NONE',  ( 0.0000000000000000000, 0.0000000000000000000, 1.000000000000000000 ) ) ;
#11594 = ORIENTED_EDGE ( 'NONE', *, *, #399, .T. ) ;
#11595 = ORIENTED_EDGE ( 'NONE', *, *, #4459, .F. ) ;
#11596 = LINE ( 'NONE', #5564, #8354 ) ;
#11597 = ORIENTED_EDGE ( 'NONE', *, *, #3905, .T. ) ;
#11598 = VECTOR ( 'NONE', #9781, 1000.000000000000000 ) ;
#11599 = DIRECTION ( 'NONE',  ( 0.0000000000000000000, 0.0000000000000000000, -1.000000000000000000 ) ) ;
#11600 = LINE ( 'NONE', #7292, #3408 ) ;
#11601 = ORIENTED_EDGE ( 'NONE', *, *, #9129, .T. ) ;
#11602 = FILL_AREA_STYLE_COLOUR ( '', #9645 ) ;
#11603 = DIRECTION ( 'NONE',  ( 0.7071067811865474617, 0.0000000000000000000, -0.7071067811865474617 ) ) ;
#11604 = CARTESIAN_POINT ( 'NONE',  ( 0.3175278962151924511, 0.1000000000000000056, 0.4800999999999998047 ) ) ;
#11605 = DIRECTION ( 'NONE',  ( 0.0000000000000000000, -1.000000000000000000, 0.0000000000000000000 ) ) ;
#11606 = DIRECTION ( 'NONE',  ( -1.000000000000000000, 0.0000000000000000000, 0.0000000000000000000 ) ) ;
#11607 = CARTESIAN_POINT ( 'NONE',  ( 0.3766302143396287327, 0.0000000000000000000, 0.05229999999999979110 ) ) ;
#11608 = CARTESIAN_POINT ( 'NONE',  ( 1.578123678570672039, 0.0000000000000000000, -0.2006984187132973274 ) ) ;
#11609 = ADVANCED_FACE ( 'NONE', ( #10175 ), #2776, .F. ) ;
#11610 = ORIENTED_EDGE ( 'NONE', *, *, #1685, .T. ) ;
#11611 = EDGE_CURVE ( 'NONE', #7063, #3259, #6675, .T. ) ;
#11612 =( LENGTH_UNIT ( ) NAMED_UNIT ( * ) SI_UNIT ( .MILLI., .METRE. ) );
#11613 = AXIS2_PLACEMENT_3D ( 'NONE', #12087, #6190, #253 ) ;
#11614 = VECTOR ( 'NONE', #8087, 1000.000000000000000 ) ;
#11615 = VERTEX_POINT ( 'NONE', #6888 ) ;
#11616 = PLANE ( 'NONE',  #3322 ) ;
#11617 = FILL_AREA_STYLE_COLOUR ( '', #7087 ) ;
#11618 = LINE ( 'NONE', #7278, #9018 ) ;
#11619 = AXIS2_PLACEMENT_3D ( 'NONE', #2308, #6313, #11239 ) ;
#11620 = VECTOR ( 'NONE', #10439, 1000.000000000000000 ) ;
#11621 =( NAMED_UNIT ( * ) PLANE_ANGLE_UNIT ( ) SI_UNIT ( $, .RADIAN. ) );
#11622 = DIRECTION ( 'NONE',  ( -0.0000000000000000000, -0.0000000000000000000, 1.000000000000000000 ) ) ;
#11623 = LINE ( 'NONE', #4001, #6400 ) ;
#11624 = ORIENTED_EDGE ( 'NONE', *, *, #12347, .F. ) ;
#11625 = PLANE ( 'NONE',  #10061 ) ;
#11626 = SURFACE_SIDE_STYLE ('',( #3195 ) ) ;
#11627 = ORIENTED_EDGE ( 'NONE', *, *, #3036, .F. ) ;
#11628 = VECTOR ( 'NONE', #4804, 1000.000000000000000 ) ;
#11629 = VECTOR ( 'NONE', #9878, 1000.000000000000000 ) ;
#11630 = SURFACE_STYLE_FILL_AREA ( #3718 ) ;
#11631 = FILL_AREA_STYLE_COLOUR ( '', #12189 ) ;
#11632 = AXIS2_PLACEMENT_3D ( 'NONE', #2392, #9320, #3388 ) ;
#11633 =( GEOMETRIC_REPRESENTATION_CONTEXT ( 3 ) GLOBAL_UNCERTAINTY_ASSIGNED_CONTEXT ( ( #2363 ) ) GLOBAL_UNIT_ASSIGNED_CONTEXT ( ( #10160, #4281, #11156 ) ) REPRESENTATION_CONTEXT ( 'NONE', 'WORKASPACE' ) );
#11634 = FILL_AREA_STYLE ('',( #2718 ) ) ;
#11635 = DIRECTION ( 'NONE',  ( -1.000000000000000000, 0.0000000000000000000, 0.0000000000000000000 ) ) ;
#11636 = DIRECTION ( 'NONE',  ( 0.0000000000000000000, -1.000000000000000000, 0.0000000000000000000 ) ) ;
#11637 = CARTESIAN_POINT ( 'NONE',  ( -1.571800000000000308, 0.09999999999999999167, 0.1862000000000001432 ) ) ;
#11638 = AXIS2_PLACEMENT_3D ( 'NONE', #1544, #775, #7695 ) ;
#11639 = VECTOR ( 'NONE', #9228, 1000.000000000000000 ) ;
#11640 = VERTEX_POINT ( 'NONE', #5892 ) ;
#11641 = FILL_AREA_STYLE_COLOUR ( '', #8896 ) ;
#11642 = VERTEX_POINT ( 'NONE', #966 ) ;
#11643 = LINE ( 'NONE', #7274, #9040 ) ;
#11644 = DIRECTION ( 'NONE',  ( -0.0000000000000000000, 1.000000000000000000, -0.0000000000000000000 ) ) ;
#11645 = SURFACE_STYLE_USAGE ( .BOTH. , #4752 ) ;
#11646 = FILL_AREA_STYLE_COLOUR ( '', #3204 ) ;
#11647 = SURFACE_SIDE_STYLE ('',( #10730 ) ) ;
#11648 = CARTESIAN_POINT ( 'NONE',  ( -1.296184350947589881, 0.0000000000000000000, 0.4717999999999997196 ) ) ;
#11649 = ADVANCED_FACE ( 'NONE', ( #11583 ), #4796, .T. ) ;
#11650 = EDGE_CURVE ( 'NONE', #7479, #453, #8983, .T. ) ;
#11651 = CYLINDRICAL_SURFACE ( 'NONE', #7303, 0.01500217240645653274 ) ;
#11652 = FACE_OUTER_BOUND ( 'NONE', #4089, .T. ) ;
#11653 = MECHANICAL_DESIGN_GEOMETRIC_PRESENTATION_REPRESENTATION (  '', ( #9671 ), #12304 ) ;
#11654 = CARTESIAN_POINT ( 'NONE',  ( -0.7009000000000000785, 0.1000000000000000056, 0.05229999999999980498 ) ) ;
#11655 = DIRECTION ( 'NONE',  ( -0.0000000000000000000, -0.0000000000000000000, 1.000000000000000000 ) ) ;
#11656 = CARTESIAN_POINT ( 'NONE',  ( 0.6304257238087360715, 0.1000000000000000056, 0.4826978275935433493 ) ) ;
#11657 = FACE_OUTER_BOUND ( 'NONE', #12080, .T. ) ;
#11658 = ORIENTED_EDGE ( 'NONE', *, *, #9881, .F. ) ;
#11659 = EDGE_CURVE ( 'NONE', #2361, #10099, #9279, .T. ) ;
#11660 = ORIENTED_EDGE ( 'NONE', *, *, #5061, .T. ) ;
#11661 =( LENGTH_UNIT ( ) NAMED_UNIT ( * ) SI_UNIT ( .MILLI., .METRE. ) );
#11662 = ORIENTED_EDGE ( 'NONE', *, *, #9457, .F. ) ;
#11663 = DIRECTION ( 'NONE',  ( -1.000000000000000000, -0.0000000000000000000, -0.0000000000000000000 ) ) ;
#11664 = FACE_OUTER_BOUND ( 'NONE', #2223, .T. ) ;
#11665 = DIRECTION ( 'NONE',  ( 0.0000000000000000000, -1.000000000000000000, 0.0000000000000000000 ) ) ;
#11666 = EDGE_CURVE ( 'NONE', #11435, #3974, #1394, .T. ) ;
#11667 = CARTESIAN_POINT ( 'NONE',  ( 1.600030214339628554, 0.1000000000000000056, 0.05229999999999978416 ) ) ;
#11668 = ORIENTED_EDGE ( 'NONE', *, *, #8710, .T. ) ;
#11669 =( NAMED_UNIT ( * ) PLANE_ANGLE_UNIT ( ) SI_UNIT ( $, .RADIAN. ) );
#11670 =( GEOMETRIC_REPRESENTATION_CONTEXT ( 3 ) GLOBAL_UNCERTAINTY_ASSIGNED_CONTEXT ( ( #10402 ) ) GLOBAL_UNIT_ASSIGNED_CONTEXT ( ( #5483, #12376, #6496 ) ) REPRESENTATION_CONTEXT ( 'NONE', 'WORKASPACE' ) );
#11671 = FACE_OUTER_BOUND ( 'NONE', #10092, .T. ) ;
#11672 = ORIENTED_EDGE ( 'NONE', *, *, #10306, .F. ) ;
#11673 = ADVANCED_FACE ( 'NONE', ( #6355 ), #2955, .T. ) ;
#11674 = PRESENTATION_STYLE_ASSIGNMENT (( #3207 ) ) ;
#11675 = FACE_OUTER_BOUND ( 'NONE', #10483, .T. ) ;
#11676 = PLANE ( 'NONE',  #11587 ) ;
#11677 = CARTESIAN_POINT ( 'NONE',  ( -1.399000000000000243, 0.0000000000000000000, 0.5000000000000000000 ) ) ;
#11678 = FILL_AREA_STYLE_COLOUR ( '', #429 ) ;
#11679 = UNCERTAINTY_MEASURE_WITH_UNIT (LENGTH_MEASURE( 1.000000000000000082E-05 ), #7864, 'distance_accuracy_value', 'NONE');
#11680 = CARTESIAN_POINT ( 'NONE',  ( -1.399000000000000243, 0.0000000000000000000, -0.5000000000000002220 ) ) ;
#11681 = ORIENTED_EDGE ( 'NONE', *, *, #11574, .T. ) ;
#11682 = VERTEX_POINT ( 'NONE', #8907 ) ;
#11683 = CARTESIAN_POINT ( 'NONE',  ( -0.4691278962151925191, 0.0000000000000000000, 0.4870999999999999219 ) ) ;
#11684 = PRESENTATION_STYLE_ASSIGNMENT (( #6978 ) ) ;
#11685 = MECHANICAL_DESIGN_GEOMETRIC_PRESENTATION_REPRESENTATION (  '', ( #10322 ), #12333 ) ;
#11686 = ORIENTED_EDGE ( 'NONE', *, *, #7302, .T. ) ;
#11687 = EDGE_CURVE ( 'NONE', #11563, #676, #6054, .T. ) ;
#11688 = CARTESIAN_POINT ( 'NONE',  ( -1.099400000000000377, 0.09999999999999999167, -0.4012999999999999901 ) ) ;
#11689 = DIRECTION ( 'NONE',  ( -1.000000000000000000, 0.0000000000000000000, 0.0000000000000000000 ) ) ;
#11690 = CARTESIAN_POINT ( 'NONE',  ( 0.1774300686216490897, 0.1000000000000000056, 0.4826978275935432383 ) ) ;
#11691 = ORIENTED_EDGE ( 'NONE', *, *, #8818, .T. ) ;
#11692 = PLANE ( 'NONE',  #3060 ) ;
#11693 = LINE ( 'NONE', #9353, #1813 ) ;
#11694 = EDGE_CURVE ( 'NONE', #5540, #2930, #3386, .T. ) ;
#11695 = FILL_AREA_STYLE_COLOUR ( '', #10770 ) ;
#11696 = SURFACE_SIDE_STYLE ('',( #8085 ) ) ;
#11697 = DIRECTION ( 'NONE',  ( 1.000000000000000000, 0.0000000000000000000, -7.556514767313163497E-17 ) ) ;
#11698 = DIRECTION ( 'NONE',  ( -1.000000000000000000, 0.0000000000000000000, -5.163305667262247253E-16 ) ) ;
#11699 = VERTEX_POINT ( 'NONE', #11873 ) ;
#11700 = VECTOR ( 'NONE', #7242, 1000.000000000000000 ) ;
#11701 = EDGE_CURVE ( 'NONE', #10563, #186, #1108, .T. ) ;
#11702 = DIRECTION ( 'NONE',  ( -0.0000000000000000000, -1.000000000000000000, -0.0000000000000000000 ) ) ;
#11703 = ORIENTED_EDGE ( 'NONE', *, *, #12674, .F. ) ;
#11704 = FILL_AREA_STYLE_COLOUR ( '', #5176 ) ;
#11705 = FACE_OUTER_BOUND ( 'NONE', #11115, .T. ) ;
#11706 = EDGE_CURVE ( 'NONE', #3188, #5896, #8673, .T. ) ;
#11707 = STYLED_ITEM ( 'NONE', ( #10911 ), #9453 ) ;
#11708 = DIRECTION ( 'NONE',  ( -0.7071067811865457964, -0.0000000000000000000, 0.7071067811865492381 ) ) ;
#11709 = AXIS2_PLACEMENT_3D ( 'NONE', #10465, #2602, #8606 ) ;
#11710 = MECHANICAL_DESIGN_GEOMETRIC_PRESENTATION_REPRESENTATION (  '', ( #10353 ), #12364 ) ;
#11711 = CARTESIAN_POINT ( 'NONE',  ( -1.099400000000000377, 0.5000000000000000000, -0.4012999999999999901 ) ) ;
#11712 = CARTESIAN_POINT ( 'NONE',  ( 0.3175278962151924511, 0.1000000000000000056, 0.4870999999999998109 ) ) ;
#11713 = SURFACE_STYLE_FILL_AREA ( #9397 ) ;
#11714 = ADVANCED_FACE ( 'NONE', ( #10633 ), #88, .T. ) ;
#11715 = EDGE_CURVE ( 'NONE', #3016, #6291, #9736, .T. ) ;
#11716 = EDGE_LOOP ( 'NONE', ( #3738, #1732, #12216, #8475, #6997 ) ) ;
#11717 = LINE ( 'NONE', #8701, #3854 ) ;
#11718 = VERTEX_POINT ( 'NONE', #7065 ) ;
#11719 = CARTESIAN_POINT ( 'NONE',  ( -0.3202257238087359292, 0.1000000000000000056, -0.5000000000000002220 ) ) ;
#11720 = FILL_AREA_STYLE ('',( #11678 ) ) ;
#11721 = ORIENTED_EDGE ( 'NONE', *, *, #1246, .T. ) ;
#11722 = CARTESIAN_POINT ( 'NONE',  ( 1.578123678570672039, 0.1000000000000000056, -0.2006984187132973274 ) ) ;
#11723 = ORIENTED_EDGE ( 'NONE', *, *, #2535, .F. ) ;
#11724 = LINE ( 'NONE', #2589, #8814 ) ;
#11725 = EDGE_CURVE ( 'NONE', #69, #4050, #12346, .T. ) ;
#11726 = DIRECTION ( 'NONE',  ( 0.0000000000000000000, 0.0000000000000000000, -1.000000000000000000 ) ) ;
#11727 = VECTOR ( 'NONE', #11250, 1000.000000000000000 ) ;
#11728 = AXIS2_PLACEMENT_3D ( 'NONE', #10447, #4568, #11450 ) ;
#11729 = MECHANICAL_DESIGN_GEOMETRIC_PRESENTATION_REPRESENTATION (  '', ( #8431 ), #12382 ) ;
#11730 = VERTEX_POINT ( 'NONE', #3081 ) ;
#11731 = CARTESIAN_POINT ( 'NONE',  ( -1.589400000000000368, 0.09999999999999999167, 0.1968000000000001137 ) ) ;
#11732 = ORIENTED_EDGE ( 'NONE', *, *, #961, .F. ) ;
#11733 = VERTEX_POINT ( 'NONE', #1096 ) ;
#11734 = CARTESIAN_POINT ( 'NONE',  ( -1.589400000000000368, 0.5000000000000000000, 0.1968000000000001137 ) ) ;
#11735 = CARTESIAN_POINT ( 'NONE',  ( -0.1004848928301857736, -0.0000000000000000000, -0.4976000000000002643 ) ) ;
#11736 = FILL_AREA_STYLE_COLOUR ( '', #4970 ) ;
#11737 = ADVANCED_FACE ( 'NONE', ( #4479 ), #4104, .T. ) ;
#11738 = DIRECTION ( 'NONE',  ( -0.0000000000000000000, -1.000000000000000000, -0.0000000000000000000 ) ) ;
#11739 = CARTESIAN_POINT ( 'NONE',  ( -0.3175278962151925066, 0.0000000000000000000, 0.08429782759354324806 ) ) ;
#11740 = FACE_OUTER_BOUND ( 'NONE', #5149, .T. ) ;
#11741 = DIRECTION ( 'NONE',  ( 0.0000000000000000000, -1.000000000000000000, 0.0000000000000000000 ) ) ;
#11742 = CARTESIAN_POINT ( 'NONE',  ( 1.285174339670224430, 0.1000000000000000056, -0.4718000000000002747 ) ) ;
#11743 = EDGE_CURVE ( 'NONE', #7452, #5056, #11094, .T. ) ;
#11744 = EDGE_LOOP ( 'NONE', ( #8999, #2997, #2307, #11438 ) ) ;
#11745 =( LENGTH_UNIT ( ) NAMED_UNIT ( * ) SI_UNIT ( .MILLI., .METRE. ) );
#11746 = EDGE_CURVE ( 'NONE', #3760, #10277, #947, .T. ) ;
#11747 = STYLED_ITEM ( 'NONE', ( #6285 ), #5797 ) ;
#11748 =( NAMED_UNIT ( * ) SI_UNIT ( $, .STERADIAN. ) SOLID_ANGLE_UNIT ( ) );
#11749 = LINE ( 'NONE', #844, #6199 ) ;
#11750 = VERTEX_POINT ( 'NONE', #5135 ) ;
#11751 = VERTEX_POINT ( 'NONE', #7138 ) ;
#11752 = DIRECTION ( 'NONE',  ( 0.0000000000000000000, -1.000000000000000000, 0.0000000000000000000 ) ) ;
#11753 = PRESENTATION_STYLE_ASSIGNMENT (( #10394 ) ) ;
#11754 = UNCERTAINTY_MEASURE_WITH_UNIT (LENGTH_MEASURE( 1.000000000000000082E-05 ), #6829, 'distance_accuracy_value', 'NONE');
#11755 = CARTESIAN_POINT ( 'NONE',  ( -0.4691278962151925191, 0.0000000000000000000, 0.4800999999999999157 ) ) ;
#11756 = ORIENTED_EDGE ( 'NONE', *, *, #6144, .F. ) ;
#11757 = COLOUR_RGB ( '',0.9686274509803921573, 0.8784313725490195957, 0.5999999999999999778 ) ;
#11758 = ORIENTED_EDGE ( 'NONE', *, *, #5664, .F. ) ;
#11759 = AXIS2_PLACEMENT_3D ( 'NONE', #12130, #10164, #4285 ) ;
#11760 = PRESENTATION_STYLE_ASSIGNMENT (( #10285 ) ) ;
#11761 = VERTEX_POINT ( 'NONE', #8116 ) ;
#11762 = DIRECTION ( 'NONE',  ( 0.0000000000000000000, 0.0000000000000000000, 1.000000000000000000 ) ) ;
#11763 = DIRECTION ( 'NONE',  ( 1.000000000000000000, 0.0000000000000000000, -0.0000000000000000000 ) ) ;
#11764 =( GEOMETRIC_REPRESENTATION_CONTEXT ( 3 ) GLOBAL_UNCERTAINTY_ASSIGNED_CONTEXT ( ( #4160 ) ) GLOBAL_UNIT_ASSIGNED_CONTEXT ( ( #9221, #3279, #10178 ) ) REPRESENTATION_CONTEXT ( 'NONE', 'WORKASPACE' ) );
#11765 = CYLINDRICAL_SURFACE ( 'NONE', #1229, 0.2891000000000000236 ) ;
#11766 = FILL_AREA_STYLE_COLOUR ( '', #1412 ) ;
#11767 = CYLINDRICAL_SURFACE ( 'NONE', #8920, 0.01500217240645655876 ) ;
#11768 = CARTESIAN_POINT ( 'NONE',  ( 1.086202172406457001, 0.0000000000000000000, 0.1016000000000000236 ) ) ;
#11769 = UNCERTAINTY_MEASURE_WITH_UNIT (LENGTH_MEASURE( 1.000000000000000082E-05 ), #1629, 'distance_accuracy_value', 'NONE');
#11770 = EDGE_CURVE ( 'NONE', #8959, #1907, #3222, .T. ) ;
#11771 = UNCERTAINTY_MEASURE_WITH_UNIT (LENGTH_MEASURE( 1.000000000000000082E-05 ), #10369, 'distance_accuracy_value', 'NONE');
#11772 = ORIENTED_EDGE ( 'NONE', *, *, #6653, .T. ) ;
#11773 = DIRECTION ( 'NONE',  ( 0.0000000000000000000, -1.000000000000000000, 0.0000000000000000000 ) ) ;
#11774 = ORIENTED_EDGE ( 'NONE', *, *, #4616, .T. ) ;
#11775 = DIRECTION ( 'NONE',  ( -1.000000000000000000, 0.0000000000000000000, 0.0000000000000000000 ) ) ;
#11776 = ADVANCED_FACE ( 'NONE', ( #624 ), #11058, .T. ) ;
#11777 = VECTOR ( 'NONE', #8936, 1000.000000000000000 ) ;
#11778 = VECTOR ( 'NONE', #3119, 1000.000000000000000 ) ;
#11779 = CARTESIAN_POINT ( 'NONE',  ( 0.4585278962151925208, 0.1000000000000000056, 0.4694999999999998064 ) ) ;
#11780 = LINE ( 'NONE', #4842, #4216 ) ;
#11781 = AXIS2_PLACEMENT_3D ( 'NONE', #4539, #4495, #566 ) ;
#11782 = APPLICATION_CONTEXT ( 'automotive_design' ) ;
#11783 = EDGE_CURVE ( 'NONE', #8855, #11045, #9879, .T. ) ;
#11784 = AXIS2_PLACEMENT_3D ( 'NONE', #1522, #8440, #2494 ) ;
#11785 = PRESENTATION_LAYER_ASSIGNMENT (  '', '', ( #11098 ) ) ;
#11786 = DIRECTION ( 'NONE',  ( 0.0000000000000000000, 0.0000000000000000000, -1.000000000000000000 ) ) ;
#11787 = PRESENTATION_STYLE_ASSIGNMENT (( #12520 ) ) ;
#11788 = MECHANICAL_DESIGN_GEOMETRIC_PRESENTATION_REPRESENTATION (  '', ( #10441 ), #12442 ) ;
#11789 = CARTESIAN_POINT ( 'NONE',  ( -1.103100000000000414, 0.09999999999999999167, 0.1016000000000000236 ) ) ;
#11790 = FILL_AREA_STYLE_COLOUR ( '', #555 ) ;
#11791 = VERTEX_POINT ( 'NONE', #12111 ) ;
#11792 = VECTOR ( 'NONE', #3374, 1000.000000000000000 ) ;
#11793 = EDGE_LOOP ( 'NONE', ( #5518, #7821, #7306, #459 ) ) ;
#11794 = CARTESIAN_POINT ( 'NONE',  ( -1.553297827593543845, 0.1000000000000000056, 0.1166021724064561782 ) ) ;
#11795 = CYLINDRICAL_SURFACE ( 'NONE', #1615, 0.01500217240645655876 ) ;
#11796 = CARTESIAN_POINT ( 'NONE',  ( 0.1774300686216490897, 0.0000000000000000000, 0.4826978275935432383 ) ) ;
#11797 = SURFACE_STYLE_USAGE ( .BOTH. , #4909 ) ;
#11798 = CARTESIAN_POINT ( 'NONE',  ( 0.6304257238087360715, 0.0000000000000000000, 0.4826978275935433493 ) ) ;
#11799 = DIRECTION ( 'NONE',  ( 0.0000000000000000000, 0.0000000000000000000, -1.000000000000000000 ) ) ;
#11800 = EDGE_LOOP ( 'NONE', ( #5632, #7941, #2811, #9750 ) ) ;
#11801 = CARTESIAN_POINT ( 'NONE',  ( 0.6454278962151924759, 0.0000000000000000000, 0.4826978275935432383 ) ) ;
#11802 = CIRCLE ( 'NONE', #3743, 0.01500217240645653274 ) ;
#11803 = COLOUR_RGB ( '',0.9686274509803921573, 0.8784313725490195957, 0.5999999999999999778 ) ;
#11804 = AXIS2_PLACEMENT_3D ( 'NONE', #10846, #4968, #11860 ) ;
#11805 = ADVANCED_FACE ( 'NONE', ( #4956 ), #6217, .F. ) ;
#11806 = ORIENTED_EDGE ( 'NONE', *, *, #7226, .T. ) ;
#11807 = AXIS2_PLACEMENT_3D ( 'NONE', #9701, #3808, #10671 ) ;
#11808 = CARTESIAN_POINT ( 'NONE',  ( -1.577030068621648962, 0.1000000000000000056, -0.2007383321261244913 ) ) ;
#11809 = CARTESIAN_POINT ( 'NONE',  ( -0.3352278962151924446, 0.1000000000000000056, -0.2153021724064569098 ) ) ;
#11810 = VERTEX_POINT ( 'NONE', #5209 ) ;
#11811 = LINE ( 'NONE', #11113, #9184 ) ;
#11812 = DIRECTION ( 'NONE',  ( 1.000000000000000000, 0.0000000000000000000, -0.0000000000000000000 ) ) ;
#11813 = ORIENTED_EDGE ( 'NONE', *, *, #9299, .F. ) ;
#11814 = AXIS2_PLACEMENT_3D ( 'NONE', #1898, #10766, #4889 ) ;
#11815 = VERTEX_POINT ( 'NONE', #11146 ) ;
#11816 = PLANE ( 'NONE',  #11804 ) ;
#11817 = ORIENTED_EDGE ( 'NONE', *, *, #2491, .T. ) ;
#11818 = VECTOR ( 'NONE', #9561, 1000.000000000000000 ) ;
#11819 = VECTOR ( 'NONE', #7434, 1000.000000000000000 ) ;
#11820 = EDGE_LOOP ( 'NONE', ( #10245, #9458, #12578, #361 ) ) ;
#11821 = ORIENTED_EDGE ( 'NONE', *, *, #4218, .T. ) ;
#11822 = LINE ( 'NONE', #10732, #6597 ) ;
#11823 = FILL_AREA_STYLE_COLOUR ( '', #11548 ) ;
#11824 = DIRECTION ( 'NONE',  ( 0.0000000000000000000, 1.000000000000000000, -0.0000000000000000000 ) ) ;
#11825 = ORIENTED_EDGE ( 'NONE', *, *, #4072, .T. ) ;
#11826 = CARTESIAN_POINT ( 'NONE',  ( 0.3766302143396287327, 0.0000000000000000000, -0.04990000000000016644 ) ) ;
#11827 = EDGE_CURVE ( 'NONE', #256, #2258, #2006, .T. ) ;
#11828 = CARTESIAN_POINT ( 'NONE',  ( 1.600030214339628554, 0.0000000000000000000, 0.05229999999999978416 ) ) ;
#11829 = SURFACE_STYLE_FILL_AREA ( #12302 ) ;
#11830 = EDGE_CURVE ( 'NONE', #10101, #3080, #12491, .T. ) ;
#11831 = VERTEX_POINT ( 'NONE', #324 ) ;
#11832 = STYLED_ITEM ( 'NONE', ( #6768 ), #5435 ) ;
#11833 = DIRECTION ( 'NONE',  ( 0.0000000000000000000, 0.0000000000000000000, -1.000000000000000000 ) ) ;
#11834 = VECTOR ( 'NONE', #11193, 1000.000000000000000 ) ;
#11835 = LINE ( 'NONE', #3848, #6605 ) ;
#11836 = SURFACE_STYLE_FILL_AREA ( #11064 ) ;
#11837 = SURFACE_STYLE_USAGE ( .BOTH. , #4939 ) ;
#11838 = DIRECTION ( 'NONE',  ( 0.0000000000000000000, -1.000000000000000000, 0.0000000000000000000 ) ) ;
#11839 = EDGE_CURVE ( 'NONE', #11944, #10101, #4322, .T. ) ;
#11840 = SURFACE_SIDE_STYLE ('',( #12776 ) ) ;
#11841 = VERTEX_POINT ( 'NONE', #8233 ) ;
#11842 = CARTESIAN_POINT ( 'NONE',  ( -0.4797278962151925175, 0.1000000000000000056, 0.4976999999999999202 ) ) ;
#11843 = FILL_AREA_STYLE ('',( #10828 ) ) ;
#11844 = VECTOR ( 'NONE', #10296, 1000.000000000000000 ) ;
#11845 = DIRECTION ( 'NONE',  ( -0.7071067811865474617, -0.0000000000000000000, -0.7071067811865474617 ) ) ;
#11846 = LINE ( 'NONE', #8372, #733 ) ;
#11847 = EDGE_CURVE ( 'NONE', #3308, #4504, #12185, .T. ) ;
#11848 = FILL_AREA_STYLE_COLOUR ( '', #19 ) ;
#11849 = DIRECTION ( 'NONE',  ( 0.0000000000000000000, 0.0000000000000000000, -1.000000000000000000 ) ) ;
#11850 = AXIS2_PLACEMENT_3D ( 'NONE', #4110, #10983, #5107 ) ;
#11851 = DIRECTION ( 'NONE',  ( 0.0000000000000000000, 0.0000000000000000000, -1.000000000000000000 ) ) ;
#11852 = CARTESIAN_POINT ( 'NONE',  ( 1.316595130599349295, 0.09999999999999999167, 0.4012999999999999901 ) ) ;
#11853 = PRESENTATION_STYLE_ASSIGNMENT (( #11541 ) ) ;
#11854 = DIRECTION ( 'NONE',  ( 0.0000000000000000000, 0.0000000000000000000, -1.000000000000000000 ) ) ;
#11855 = ORIENTED_EDGE ( 'NONE', *, *, #7707, .T. ) ;
#11856 = DIRECTION ( 'NONE',  ( -0.0000000000000000000, -1.000000000000000000, -0.0000000000000000000 ) ) ;
#11857 = DIRECTION ( 'NONE',  ( 0.0000000000000000000, 0.0000000000000000000, -1.000000000000000000 ) ) ;
#11858 = SURFACE_SIDE_STYLE ('',( #8056 ) ) ;
#11859 = VERTEX_POINT ( 'NONE', #4308 ) ;
#11860 = DIRECTION ( 'NONE',  ( 1.000000000000000000, 0.0000000000000000000, 0.0000000000000000000 ) ) ;
#11861 = LINE ( 'NONE', #12065, #6631 ) ;
#11862 = VECTOR ( 'NONE', #10066, 1000.000000000000000 ) ;
#11863 =( GEOMETRIC_REPRESENTATION_CONTEXT ( 3 ) GLOBAL_UNCERTAINTY_ASSIGNED_CONTEXT ( ( #1239 ) ) GLOBAL_UNIT_ASSIGNED_CONTEXT ( ( #2719, #9649, #3750 ) ) REPRESENTATION_CONTEXT ( 'NONE', 'WORKASPACE' ) );
#11864 = EDGE_CURVE ( 'NONE', #9480, #2045, #6975, .T. ) ;
#11865 = MECHANICAL_DESIGN_GEOMETRIC_PRESENTATION_REPRESENTATION (  '', ( #10505 ), #12507 ) ;
#11866 = VERTEX_POINT ( 'NONE', #5287 ) ;
#11867 = DIRECTION ( 'NONE',  ( 0.7071067811865474617, 0.0000000000000000000, 0.7071067811865474617 ) ) ;
#11868 = CARTESIAN_POINT ( 'NONE',  ( -0.3352278962151924446, -0.0000000000000000000, -0.2153021724064569098 ) ) ;
#11869 = CYLINDRICAL_SURFACE ( 'NONE', #5400, 0.01500217240645655876 ) ;
#11870 = LINE ( 'NONE', #3830, #9243 ) ;
#11871 = CARTESIAN_POINT ( 'NONE',  ( 1.600000000000000311, 0.09999999999999999167, 0.5000000000000000000 ) ) ;
#11872 = AXIS2_PLACEMENT_3D ( 'NONE', #1349, #8256, #2325 ) ;
#11873 = CARTESIAN_POINT ( 'NONE',  ( 1.562027896215192557, 0.0000000000000000000, -0.1167021724064567917 ) ) ;
#11874 = EDGE_CURVE ( 'NONE', #5883, #6067, #4026, .T. ) ;
#11875 = ORIENTED_EDGE ( 'NONE', *, *, #49, .T. ) ;
#11876 = ADVANCED_FACE ( 'NONE', ( #11896 ), #4354, .F. ) ;
#11877 = DIRECTION ( 'NONE',  ( 0.0000000000000000000, 0.0000000000000000000, 1.000000000000000000 ) ) ;
#11878 = VECTOR ( 'NONE', #11775, 1000.000000000000000 ) ;
#11879 = DIRECTION ( 'NONE',  ( 0.0000000000000000000, 0.0000000000000000000, 1.000000000000000000 ) ) ;
#11880 = ORIENTED_EDGE ( 'NONE', *, *, #1281, .T. ) ;
#11881 = CARTESIAN_POINT ( 'NONE',  ( -1.097630068621648913, 0.0000000000000000000, -0.4718000000000002747 ) ) ;
#11882 = UNCERTAINTY_MEASURE_WITH_UNIT (LENGTH_MEASURE( 1.000000000000000082E-05 ), #5640, 'distance_accuracy_value', 'NONE');
#11883 =( NAMED_UNIT ( * ) SI_UNIT ( $, .STERADIAN. ) SOLID_ANGLE_UNIT ( ) );
#11884 = DIRECTION ( 'NONE',  ( -0.0000000000000000000, -1.000000000000000000, -0.0000000000000000000 ) ) ;
#11885 = CARTESIAN_POINT ( 'NONE',  ( 1.296184350947589881, 0.1000000000000000056, 0.4868021724064565681 ) ) ;
#11886 = CYLINDRICAL_SURFACE ( 'NONE', #11781, 0.01500217240645658652 ) ;
#11887 = EDGE_LOOP ( 'NONE', ( #3242, #2391, #781, #7629, #11358, #12017, #8587, #7876, #10307, #4748, #12325, #2831, #387, #12511, #9063, #10023, #9317, #523, #6751, #7661, #12117, #4471, #3824, #11400, #12106, #2099, #3700, #2155, #1951, #7467, #7973, #1395, #3272, #465, #2418, #9198, #5870, #5070, #8006 ) ) ;
#11888 = FACE_OUTER_BOUND ( 'NONE', #10616, .T. ) ;
#11889 = PRESENTATION_LAYER_ASSIGNMENT (  '', '', ( #11207 ) ) ;
#11890 = EDGE_LOOP ( 'NONE', ( #225, #9914, #5733, #6693 ) ) ;
#11891 = DIRECTION ( 'NONE',  ( 0.0000000000000000000, 0.0000000000000000000, -1.000000000000000000 ) ) ;
#11892 = ORIENTED_EDGE ( 'NONE', *, *, #8146, .T. ) ;
#11893 = CARTESIAN_POINT ( 'NONE',  ( 0.3325300686216492441, 0.1000000000000000056, 0.09929999999999988836 ) ) ;
#11894 = MECHANICAL_DESIGN_GEOMETRIC_PRESENTATION_REPRESENTATION (  '', ( #10530 ), #12533 ) ;
#11895 = DIRECTION ( 'NONE',  ( 0.7071067811865474617, 0.0000000000000000000, 0.7071067811865474617 ) ) ;
#11896 = FACE_OUTER_BOUND ( 'NONE', #941, .T. ) ;
#11897 = CARTESIAN_POINT ( 'NONE',  ( 1.099400000000000377, 0.09999999999999999167, 0.3025999999999999801 ) ) ;
#11898 = SURFACE_SIDE_STYLE ('',( #1874 ) ) ;
#11899 = VERTEX_POINT ( 'NONE', #409 ) ;
#11900 = VERTEX_POINT ( 'NONE', #7345 ) ;
#11901 = EDGE_CURVE ( 'NONE', #5903, #12044, #6346, .T. ) ;
#11902 = DIRECTION ( 'NONE',  ( -0.0000000000000000000, 1.000000000000000000, -0.0000000000000000000 ) ) ;
#11903 = VECTOR ( 'NONE', #4839, 1000.000000000000000 ) ;
#11904 = AXIS2_PLACEMENT_3D ( 'NONE', #1562, #8473, #2531 ) ;
#11905 = ORIENTED_EDGE ( 'NONE', *, *, #5999, .F. ) ;
#11906 =( GEOMETRIC_REPRESENTATION_CONTEXT ( 3 ) GLOBAL_UNCERTAINTY_ASSIGNED_CONTEXT ( ( #12531 ) ) GLOBAL_UNIT_ASSIGNED_CONTEXT ( ( #9023, #3065, #9985 ) ) REPRESENTATION_CONTEXT ( 'NONE', 'WORKASPACE' ) );
#11907 = FACE_OUTER_BOUND ( 'NONE', #10670, .T. ) ;
#11908 = ORIENTED_EDGE ( 'NONE', *, *, #8224, .T. ) ;
#11909 = FACE_OUTER_BOUND ( 'NONE', #5582, .T. ) ;
#11910 = EDGE_CURVE ( 'NONE', #7427, #8366, #8975, .T. ) ;
#11911 = FILL_AREA_STYLE_COLOUR ( '', #10286 ) ;
#11912 = CARTESIAN_POINT ( 'NONE',  ( 0.1005151071698142246, 0.1000000000000000056, -0.4976000000000002643 ) ) ;
#11913 = CARTESIAN_POINT ( 'NONE',  ( 0.1005151071698142246, 0.1000000000000000056, -0.4976000000000002643 ) ) ;
#11914 = CARTESIAN_POINT ( 'NONE',  ( -0.3281278962151925049, 0.0000000000000000000, 0.4694999999999999174 ) ) ;
#11915 = ORIENTED_EDGE ( 'NONE', *, *, #8272, .F. ) ;
#11916 = ORIENTED_EDGE ( 'NONE', *, *, #5767, .F. ) ;
#11917 = ORIENTED_EDGE ( 'NONE', *, *, #3845, .T. ) ;
#11918 = CARTESIAN_POINT ( 'NONE',  ( 0.6454278962151924759, 0.0000000000000000000, 0.4826978275935432383 ) ) ;
#11919 = LINE ( 'NONE', #11385, #5579 ) ;
#11920 = ORIENTED_EDGE ( 'NONE', *, *, #6844, .F. ) ;
#11921 = VECTOR ( 'NONE', #12660, 1000.000000000000000 ) ;
#11922 = EDGE_CURVE ( 'NONE', #1214, #4551, #1097, .T. ) ;
#11923 = LINE ( 'NONE', #968, #9295 ) ;
#11924 = ORIENTED_EDGE ( 'NONE', *, *, #6420, .F. ) ;
#11925 = CARTESIAN_POINT ( 'NONE',  ( -1.553297827593543845, 0.09999999999999999167, 0.1016000000000000236 ) ) ;
#11926 = CARTESIAN_POINT ( 'NONE',  ( -1.082627896215192509, 0.1000000000000000056, -0.2153021724064568543 ) ) ;
#11927 = ORIENTED_EDGE ( 'NONE', *, *, #276, .T. ) ;
#11928 = VECTOR ( 'NONE', #3362, 1000.000000000000000 ) ;
#11929 = SURFACE_STYLE_USAGE ( .BOTH. , #5038 ) ;
#11930 = CLOSED_SHELL ( 'NONE', ( #9093, #3887, #1769, #144 ) ) ;
#11931 =( NAMED_UNIT ( * ) SI_UNIT ( $, .STERADIAN. ) SOLID_ANGLE_UNIT ( ) );
#11932 = ORIENTED_EDGE ( 'NONE', *, *, #6514, .T. ) ;
#11933 = DIRECTION ( 'NONE',  ( 0.0000000000000000000, 0.0000000000000000000, -1.000000000000000000 ) ) ;
#11934 = VECTOR ( 'NONE', #304, 1000.000000000000000 ) ;
#11935 = FACE_OUTER_BOUND ( 'NONE', #8820, .T. ) ;
#11936 = DIRECTION ( 'NONE',  ( 0.0000000000000000000, 0.0000000000000000000, -1.000000000000000000 ) ) ;
#11937 = ADVANCED_FACE ( 'NONE', ( #8662 ), #769, .T. ) ;
#11938 = STYLED_ITEM ( 'NONE', ( #5908 ), #11580 ) ;
#11939 = SURFACE_STYLE_USAGE ( .BOTH. , #5049 ) ;
#11940 = AXIS2_PLACEMENT_3D ( 'NONE', #4986, #7897, #1965 ) ;
#11941 = CARTESIAN_POINT ( 'NONE',  ( 1.600000000000000311, 0.1000000000000000056, 0.5000000000000000000 ) ) ;
#11942 = VECTOR ( 'NONE', #9852, 1000.000000000000000 ) ;
#11943 = CARTESIAN_POINT ( 'NONE',  ( -1.600000000000000311, 0.0000000000000000000, 0.05229999999999981192 ) ) ;
#11944 = VERTEX_POINT ( 'NONE', #454 ) ;
#11945 = ORIENTED_EDGE ( 'NONE', *, *, #9871, .F. ) ;
#11946 = CIRCLE ( 'NONE', #4011, 0.01500217240645653274 ) ;
#11947 = DIRECTION ( 'NONE',  ( 0.0000000000000000000, -1.000000000000000000, 0.0000000000000000000 ) ) ;
#11948 = LINE ( 'NONE', #7910, #11629 ) ;
#11949 = EDGE_CURVE ( 'NONE', #5359, #7017, #6043, .T. ) ;
#11950 = DIRECTION ( 'NONE',  ( -0.0000000000000000000, 1.000000000000000000, -0.0000000000000000000 ) ) ;
#11951 = FILL_AREA_STYLE_COLOUR ( '', #2804 ) ;
#11952 = DIRECTION ( 'NONE',  ( -1.000000000000000000, 0.0000000000000000000, 0.0000000000000000000 ) ) ;
#11953 = DIRECTION ( 'NONE',  ( 0.0000000000000000000, -1.000000000000000000, 0.0000000000000000000 ) ) ;
#11954 = ORIENTED_EDGE ( 'NONE', *, *, #7135, .T. ) ;
#11955 = COLOUR_RGB ( '',0.9686274509803921573, 0.8784313725490195957, 0.5999999999999999778 ) ;
#11956 = ORIENTED_EDGE ( 'NONE', *, *, #5958, .F. ) ;
#11957 = EDGE_CURVE ( 'NONE', #7980, #672, #3376, .T. ) ;
#11958 =( GEOMETRIC_REPRESENTATION_CONTEXT ( 3 ) GLOBAL_UNCERTAINTY_ASSIGNED_CONTEXT ( ( #6865 ) ) GLOBAL_UNIT_ASSIGNED_CONTEXT ( ( #7411, #1474, #8386 ) ) REPRESENTATION_CONTEXT ( 'NONE', 'WORKASPACE' ) );
#11959 = ORIENTED_EDGE ( 'NONE', *, *, #1818, .F. ) ;
#11960 = AXIS2_PLACEMENT_3D ( 'NONE', #4004, #10883, #4999 ) ;
#11961 = PLANE ( 'NONE',  #9800 ) ;
#11962 = STYLED_ITEM ( 'NONE', ( #2663 ), #6658 ) ;
#11963 = STYLED_ITEM ( 'NONE', ( #4674 ), #3985 ) ;
#11964 = CARTESIAN_POINT ( 'NONE',  ( 0.3175278962151924511, 0.0000000000000000000, 0.4870999999999998109 ) ) ;
#11965 = CYLINDRICAL_SURFACE ( 'NONE', #4997, 0.01500217240645653274 ) ;
#11966 = UNCERTAINTY_MEASURE_WITH_UNIT (LENGTH_MEASURE( 1.000000000000000082E-05 ), #5133, 'distance_accuracy_value', 'NONE');
#11967 = DIRECTION ( 'NONE',  ( 1.000000000000000000, 0.0000000000000000000, -0.0000000000000000000 ) ) ;
#11968 = VECTOR ( 'NONE', #1068, 1000.000000000000000 ) ;
#11969 = LINE ( 'NONE', #9829, #9046 ) ;
#11970 = FACE_OUTER_BOUND ( 'NONE', #1065, .T. ) ;
#11971 = EDGE_LOOP ( 'NONE', ( #11595, #8266, #4967, #1263 ) ) ;
#11972 = DIRECTION ( 'NONE',  ( -1.000000000000000000, 0.0000000000000000000, 0.0000000000000000000 ) ) ;
#11973 = CARTESIAN_POINT ( 'NONE',  ( -1.307400000000000118, 0.09999999999999999167, 0.5000000000000000000 ) ) ;
#11974 = LINE ( 'NONE', #1100, #9344 ) ;
#11975 = FILL_AREA_STYLE ('',( #177 ) ) ;
#11976 = ORIENTED_EDGE ( 'NONE', *, *, #10910, .T. ) ;
#11977 = CARTESIAN_POINT ( 'NONE',  ( 1.600000000000000311, 0.0000000000000000000, 0.2990000000000000990 ) ) ;
#11978 = PRESENTATION_LAYER_ASSIGNMENT (  '', '', ( #10621 ) ) ;
#11979 = ORIENTED_EDGE ( 'NONE', *, *, #11095, .F. ) ;
#11980 = PRESENTATION_STYLE_ASSIGNMENT (( #9032 ) ) ;
#11981 = CIRCLE ( 'NONE', #2123, 0.3000999999999999779 ) ;
#11982 = STYLED_ITEM ( 'NONE', ( #5683 ), #8053 ) ;
#11983 =( GEOMETRIC_REPRESENTATION_CONTEXT ( 3 ) GLOBAL_UNCERTAINTY_ASSIGNED_CONTEXT ( ( #4334 ) ) GLOBAL_UNIT_ASSIGNED_CONTEXT ( ( #2747, #9686, #3788 ) ) REPRESENTATION_CONTEXT ( 'NONE', 'WORKASPACE' ) );
#11984 = DIRECTION ( 'NONE',  ( 0.0000000000000000000, -1.000000000000000000, 0.0000000000000000000 ) ) ;
#11985 = DIRECTION ( 'NONE',  ( 0.0000000000000000000, -1.000000000000000000, 0.0000000000000000000 ) ) ;
#11986 = ORIENTED_EDGE ( 'NONE', *, *, #10473, .T. ) ;
#11987 = FACE_OUTER_BOUND ( 'NONE', #4039, .T. ) ;
#11988 = CARTESIAN_POINT ( 'NONE',  ( -1.099400000000000377, 0.09999999999999999167, -0.4012999999999999901 ) ) ;
#11989 = CIRCLE ( 'NONE', #8226, 0.01500217240645655876 ) ;
#11990 = ORIENTED_EDGE ( 'NONE', *, *, #1318, .F. ) ;
#11991 = COLOUR_RGB ( '',0.9686274509803921573, 0.8784313725490195957, 0.5999999999999999778 ) ;
#11992 = DIRECTION ( 'NONE',  ( 0.0000000000000000000, 0.0000000000000000000, -1.000000000000000000 ) ) ;
#11993 = EDGE_CURVE ( 'NONE', #9015, #2648, #8327, .T. ) ;
#11994 = CARTESIAN_POINT ( 'NONE',  ( 1.021730214339628739, 0.1000000000000000056, 0.4999999999999993339 ) ) ;
#11995 = DIRECTION ( 'NONE',  ( 0.0000000000000000000, -1.000000000000000000, 0.0000000000000000000 ) ) ;
#11996 = FILL_AREA_STYLE ('',( #10980 ) ) ;
#11997 = SURFACE_STYLE_FILL_AREA ( #7771 ) ;
#11998 = EDGE_CURVE ( 'NONE', #5158, #2202, #11570, .T. ) ;
#11999 = VERTEX_POINT ( 'NONE', #497 ) ;
#12000 =( GEOMETRIC_REPRESENTATION_CONTEXT ( 3 ) GLOBAL_UNCERTAINTY_ASSIGNED_CONTEXT ( ( #4064 ) ) GLOBAL_UNIT_ASSIGNED_CONTEXT ( ( #3162, #10063, #4178 ) ) REPRESENTATION_CONTEXT ( 'NONE', 'WORKASPACE' ) );
#12001 = ADVANCED_FACE ( 'NONE', ( #8033 ), #4463, .T. ) ;
#12002 = VECTOR ( 'NONE', #6935, 1000.000000000000000 ) ;
#12003 = CARTESIAN_POINT ( 'NONE',  ( 0.6454278962151924759, 0.1000000000000000056, 0.4826978275935432383 ) ) ;
#12004 = VERTEX_POINT ( 'NONE', #1537 ) ;
#12005 = FACE_OUTER_BOUND ( 'NONE', #2001, .T. ) ;
#12006 = DIRECTION ( 'NONE',  ( 1.000000000000000000, -0.0000000000000000000, 1.107775638063495749E-17 ) ) ;
#12007 = LINE ( 'NONE', #3381, #9375 ) ;
#12008 = DIRECTION ( 'NONE',  ( 9.098841772336320612E-17, 0.0000000000000000000, -1.000000000000000000 ) ) ;
#12009 = CARTESIAN_POINT ( 'NONE',  ( 1.082627896215192509, 0.1000000000000000056, -0.4567978275935435928 ) ) ;
#12010 = DIRECTION ( 'NONE',  ( 0.0000000000000000000, -1.000000000000000000, 0.0000000000000000000 ) ) ;
#12011 =( NAMED_UNIT ( * ) SI_UNIT ( $, .STERADIAN. ) SOLID_ANGLE_UNIT ( ) );
#12012 = ORIENTED_EDGE ( 'NONE', *, *, #8852, .F. ) ;
#12013 =( GEOMETRIC_REPRESENTATION_CONTEXT ( 3 ) GLOBAL_UNCERTAINTY_ASSIGNED_CONTEXT ( ( #8771 ) ) GLOBAL_UNIT_ASSIGNED_CONTEXT ( ( #3062, #9980, #4092 ) ) REPRESENTATION_CONTEXT ( 'NONE', 'WORKASPACE' ) );
#12014 = LINE ( 'NONE', #2211, #9381 ) ;
#12015 = DIRECTION ( 'NONE',  ( -1.000000000000000000, 0.0000000000000000000, 0.0000000000000000000 ) ) ;
#12016 = DIRECTION ( 'NONE',  ( 0.0000000000000000000, 0.0000000000000000000, 1.000000000000000000 ) ) ;
#12017 = ORIENTED_EDGE ( 'NONE', *, *, #4852, .F. ) ;
#12018 = LINE ( 'NONE', #5062, #1507 ) ;
#12019 = CARTESIAN_POINT ( 'NONE',  ( -1.071200000000000374, 0.1000000000000000056, 0.1166021724064564002 ) ) ;
#12020 = CARTESIAN_POINT ( 'NONE',  ( -1.307400000000000118, 0.09999999999999999167, 0.5000000000000000000 ) ) ;
#12021 = PLANE ( 'NONE',  #4379 ) ;
#12022 = FACE_OUTER_BOUND ( 'NONE', #5008, .T. ) ;
#12023 = CARTESIAN_POINT ( 'NONE',  ( -0.1624278962151926298, 0.1000000000000000056, -0.4849978275935434846 ) ) ;
#12024 = LINE ( 'NONE', #11327, #9705 ) ;
#12025 = DIRECTION ( 'NONE',  ( -5.163305667262247253E-16, 0.0000000000000000000, 1.000000000000000000 ) ) ;
#12026 = AXIS2_PLACEMENT_3D ( 'NONE', #2253, #12144, #6246 ) ;
#12027 = LINE ( 'NONE', #10593, #4454 ) ;
#12028 = EDGE_LOOP ( 'NONE', ( #887, #9024, #4248, #5566 ) ) ;
#12029 = EDGE_CURVE ( 'NONE', #1936, #11071, #7117, .T. ) ;
#12030 = PRESENTATION_STYLE_ASSIGNMENT (( #1720 ) ) ;
#12031 = ORIENTED_EDGE ( 'NONE', *, *, #3558, .F. ) ;
#12032 = DIRECTION ( 'NONE',  ( -0.0000000000000000000, 1.000000000000000000, -0.0000000000000000000 ) ) ;
#12033 = AXIS2_PLACEMENT_3D ( 'NONE', #2637, #9559, #3662 ) ;
#12034 =( NAMED_UNIT ( * ) PLANE_ANGLE_UNIT ( ) SI_UNIT ( $, .RADIAN. ) );
#12035 = VERTEX_POINT ( 'NONE', #2427 ) ;
#12036 = FACE_OUTER_BOUND ( 'NONE', #3205, .T. ) ;
#12037 = LINE ( 'NONE', #7312, #4165 ) ;
#12038 = LINE ( 'NONE', #6419, #10781 ) ;
#12040 = DIRECTION ( 'NONE',  ( 0.0000000000000000000, 1.000000000000000000, 0.0000000000000000000 ) ) ;
#12039 = CARTESIAN_POINT ( 'NONE',  ( 1.099400000000000377, 0.09999999999999999167, -0.4012999999999999901 ) ) ;
#12041 = ORIENTED_EDGE ( 'NONE', *, *, #11229, .F. ) ;
#12042 = FACE_OUTER_BOUND ( 'NONE', #3992, .T. ) ;
#12043 = VERTEX_POINT ( 'NONE', #10408 ) ;
#12044 = VERTEX_POINT ( 'NONE', #11414 ) ;
#12045 = DIRECTION ( 'NONE',  ( 0.0000000000000000000, 0.0000000000000000000, -1.000000000000000000 ) ) ;
#12046 = ORIENTED_EDGE ( 'NONE', *, *, #7265, .F. ) ;
#12047 = PLANE ( 'NONE',  #7684 ) ;
#12048 = SURFACE_STYLE_USAGE ( .BOTH. , #5838 ) ;
#12049 = COLOUR_RGB ( '',0.9686274509803921573, 0.8784313725490195957, 0.5999999999999999778 ) ;
#12050 = DIRECTION ( 'NONE',  ( -0.0000000000000000000, -1.000000000000000000, -0.0000000000000000000 ) ) ;
#12051 = VECTOR ( 'NONE', #1577, 1000.000000000000000 ) ;
#12052 = STYLED_ITEM ( 'NONE', ( #5091 ), #7586 ) ;
#12053 = CARTESIAN_POINT ( 'NONE',  ( -1.099400000000000377, 0.5000000000000000000, -0.4012999999999999901 ) ) ;
#12054 = CARTESIAN_POINT ( 'NONE',  ( 0.3202257238087360403, 0.1000000000000000056, -0.4849978275935437066 ) ) ;
#12055 =( GEOMETRIC_REPRESENTATION_CONTEXT ( 3 ) GLOBAL_UNCERTAINTY_ASSIGNED_CONTEXT ( ( #12621 ) ) GLOBAL_UNIT_ASSIGNED_CONTEXT ( ( #2606, #9537, #3629 ) ) REPRESENTATION_CONTEXT ( 'NONE', 'WORKASPACE' ) );
#12056 = ORIENTED_EDGE ( 'NONE', *, *, #6428, .F. ) ;
#12057 = DIRECTION ( 'NONE',  ( 0.0000000000000000000, 0.0000000000000000000, 1.000000000000000000 ) ) ;
#12058 = ADVANCED_FACE ( 'NONE', ( #12036 ), #4518, .F. ) ;
#12059 = ORIENTED_EDGE ( 'NONE', *, *, #4635, .T. ) ;
#12060 = ORIENTED_EDGE ( 'NONE', *, *, #3496, .F. ) ;
#12061 = EDGE_LOOP ( 'NONE', ( #1161, #2769, #2068, #7808 ) ) ;
#12062 = COLOUR_RGB ( '',0.0000000000000000000, 0.7529411764705882248, 0.0000000000000000000 ) ;
#12063 = CARTESIAN_POINT ( 'NONE',  ( 0.4691278962151925191, 0.1000000000000000056, 0.4800999999999998047 ) ) ;
#12064 = VECTOR ( 'NONE', #7459, 1000.000000000000000 ) ;
#12065 = CARTESIAN_POINT ( 'NONE',  ( -1.286200000000000454, 0.09999999999999999167, 0.4718000000000000527 ) ) ;
#12066 = EDGE_CURVE ( 'NONE', #1565, #9913, #1841, .T. ) ;
#12067 = EDGE_CURVE ( 'NONE', #9495, #8028, #12330, .T. ) ;
#12068 =( GEOMETRIC_REPRESENTATION_CONTEXT ( 3 ) GLOBAL_UNCERTAINTY_ASSIGNED_CONTEXT ( ( #11589 ) ) GLOBAL_UNIT_ASSIGNED_CONTEXT ( ( #9816, #3910, #10791 ) ) REPRESENTATION_CONTEXT ( 'NONE', 'WORKASPACE' ) );
#12069 = CLOSED_SHELL ( 'NONE', ( #6384, #12173, #12113, #8844, #5797, #8823, #10395, #4737, #2506, #5138, #6780, #6008, #8583, #10588, #6177, #10031, #1510, #2560, #1373, #2028, #4622, #11315, #6916, #11061, #3503, #7810, #7586 ) ) ;
#12070 = LINE ( 'NONE', #12727, #4197 ) ;
#12071 = VERTEX_POINT ( 'NONE', #8497 ) ;
#12072 = VERTEX_POINT ( 'NONE', #3566 ) ;
#12073 = EDGE_CURVE ( 'NONE', #3259, #9071, #9112, .T. ) ;
#12074 = DIRECTION ( 'NONE',  ( 0.0000000000000000000, -1.000000000000000000, 0.0000000000000000000 ) ) ;
#12075 = DIRECTION ( 'NONE',  ( -0.0000000000000000000, 1.000000000000000000, -0.0000000000000000000 ) ) ;
#12077 =( NAMED_UNIT ( * ) PLANE_ANGLE_UNIT ( ) SI_UNIT ( $, .RADIAN. ) );
#12076 = SURFACE_STYLE_USAGE ( .BOTH. , #5178 ) ;
#12078 = ORIENTED_EDGE ( 'NONE', *, *, #7867, .T. ) ;
#12079 = EDGE_CURVE ( 'NONE', #7044, #306, #6811, .T. ) ;
#12080 = EDGE_LOOP ( 'NONE', ( #1684, #907, #1208, #5182 ) ) ;
#12081 = FILL_AREA_STYLE ('',( #1219 ) ) ;
#12082 = ORIENTED_EDGE ( 'NONE', *, *, #191, .T. ) ;
#12083 = AXIS2_PLACEMENT_3D ( 'NONE', #8203, #2277, #9207 ) ;
#12084 = CYLINDRICAL_SURFACE ( 'NONE', #12585, 0.01500217240645653274 ) ;
#12085 = DIRECTION ( 'NONE',  ( 0.0000000000000000000, 0.0000000000000000000, 1.000000000000000000 ) ) ;
#12086 = CARTESIAN_POINT ( 'NONE',  ( 0.4797278962151925175, 0.1000000000000000056, 0.4976999999999999202 ) ) ;
#12087 = CARTESIAN_POINT ( 'NONE',  ( -0.6304257238087360715, 0.1000000000000000056, 0.4826978275935433493 ) ) ;
#12088 =( LENGTH_UNIT ( ) NAMED_UNIT ( * ) SI_UNIT ( .MILLI., .METRE. ) );
#12089 = CARTESIAN_POINT ( 'NONE',  ( -1.562027896215192557, 0.1000000000000000056, -0.1167021724064567501 ) ) ;
#12090 = VECTOR ( 'NONE', #12443, 1000.000000000000000 ) ;
#12091 = ORIENTED_EDGE ( 'NONE', *, *, #190, .T. ) ;
#12092 = CARTESIAN_POINT ( 'NONE',  ( 1.568300000000000249, 0.1000000000000000056, 0.1166021724064566778 ) ) ;
#12093 = ORIENTED_EDGE ( 'NONE', *, *, #5198, .T. ) ;
#12094 = LINE ( 'NONE', #2649, #4537 ) ;
#12095 = EDGE_CURVE ( 'NONE', #10691, #9153, #1526, .T. ) ;
#12096 = DIRECTION ( 'NONE',  ( 1.000000000000000000, -0.0000000000000000000, 0.0000000000000000000 ) ) ;
#12097 = ORIENTED_EDGE ( 'NONE', *, *, #11957, .T. ) ;
#12098 = DIRECTION ( 'NONE',  ( -0.7071067811865457964, -0.0000000000000000000, 0.7071067811865492381 ) ) ;
#12099 = DIRECTION ( 'NONE',  ( -0.0000000000000000000, 1.000000000000000000, -0.0000000000000000000 ) ) ;
#12100 = LINE ( 'NONE', #5143, #1605 ) ;
#12101 = LINE ( 'NONE', #5055, #4237 ) ;
#12102 = EDGE_CURVE ( 'NONE', #6211, #10099, #11724, .T. ) ;
#12103 = SURFACE_STYLE_FILL_AREA ( #5222 ) ;
#12104 = COLOUR_RGB ( '',0.0000000000000000000, 0.7529411764705882248, 0.0000000000000000000 ) ;
#12105 = ORIENTED_EDGE ( 'NONE', *, *, #12225, .T. ) ;
#12106 = ORIENTED_EDGE ( 'NONE', *, *, #877, .F. ) ;
#12107 = VECTOR ( 'NONE', #10115, 1000.000000000000000 ) ;
#12108 = CARTESIAN_POINT ( 'NONE',  ( 1.299900000000000277, 0.09999999999999999167, 0.5000000000000002220 ) ) ;
#12109 = DIRECTION ( 'NONE',  ( -0.0000000000000000000, -1.000000000000000000, -0.0000000000000000000 ) ) ;
#12110 = ORIENTED_EDGE ( 'NONE', *, *, #11864, .F. ) ;
#12111 = CARTESIAN_POINT ( 'NONE',  ( -1.071200000000000374, 0.0000000000000000000, 0.1166021724064564002 ) ) ;
#12112 = ORIENTED_EDGE ( 'NONE', *, *, #10742, .T. ) ;
#12113 = ADVANCED_FACE ( 'NONE', ( #6176 ), #12780, .F. ) ;
#12114 = PRESENTATION_STYLE_ASSIGNMENT (( #3866 ) ) ;
#12115 = VERTEX_POINT ( 'NONE', #10528 ) ;
#12116 = LINE ( 'NONE', #2639, #2233 ) ;
#12117 = ORIENTED_EDGE ( 'NONE', *, *, #5808, .F. ) ;
#12118 = AXIS2_PLACEMENT_3D ( 'NONE', #9371, #3449, #10327 ) ;
#12119 = CARTESIAN_POINT ( 'NONE',  ( 1.086202172406457001, 0.1000000000000000056, 0.1166021724064565668 ) ) ;
#12120 = VERTEX_POINT ( 'NONE', #11542 ) ;
#12121 =( GEOMETRIC_REPRESENTATION_CONTEXT ( 3 ) GLOBAL_UNCERTAINTY_ASSIGNED_CONTEXT ( ( #2563 ) ) GLOBAL_UNIT_ASSIGNED_CONTEXT ( ( #8000, #2063, #8990 ) ) REPRESENTATION_CONTEXT ( 'NONE', 'WORKASPACE' ) );
#12122 = ORIENTED_EDGE ( 'NONE', *, *, #7753, .F. ) ;
#12123 = CYLINDRICAL_SURFACE ( 'NONE', #10292, 0.01500217240645653274 ) ;
#12124 = EDGE_CURVE ( 'NONE', #2321, #1624, #2581, .T. ) ;
#12125 = CARTESIAN_POINT ( 'NONE',  ( 1.600000000000000311, 0.5000000000000000000, 0.2990000000000000990 ) ) ;
#12126 = FACE_OUTER_BOUND ( 'NONE', #3948, .T. ) ;
#12127 = DIRECTION ( 'NONE',  ( 0.0000000000000000000, 0.0000000000000000000, 1.000000000000000000 ) ) ;
#12128 = DIRECTION ( 'NONE',  ( -0.0000000000000000000, -1.000000000000000000, -0.0000000000000000000 ) ) ;
#12129 = ORIENTED_EDGE ( 'NONE', *, *, #1059, .T. ) ;
#12130 = CARTESIAN_POINT ( 'NONE',  ( -1.103100000000000414, 0.09999999999999999167, 0.4718000000000000527 ) ) ;
#12131 = LINE ( 'NONE', #5282, #11834 ) ;
#12132 = FACE_OUTER_BOUND ( 'NONE', #2229, .T. ) ;
#12133 = LINE ( 'NONE', #5101, #6920 ) ;
#12134 = CARTESIAN_POINT ( 'NONE',  ( -1.296800000000000397, 0.09999999999999999167, 0.4893999999999999462 ) ) ;
#12135 = SURFACE_SIDE_STYLE ('',( #3342 ) ) ;
#12136 = ORIENTED_EDGE ( 'NONE', *, *, #890, .F. ) ;
#12137 = CARTESIAN_POINT ( 'NONE',  ( -0.6454278962151924759, 0.0000000000000000000, 0.1143021724064565564 ) ) ;
#12138 = EDGE_CURVE ( 'NONE', #5520, #7100, #10463, .T. ) ;
#12139 = SURFACE_STYLE_USAGE ( .BOTH. , #9597 ) ;
#12140 = VECTOR ( 'NONE', #9304, 1000.000000000000000 ) ;
#12141 = AXIS2_PLACEMENT_3D ( 'NONE', #2854, #4867, #11763 ) ;
#12142 = PRESENTATION_LAYER_ASSIGNMENT (  '', '', ( #9501 ) ) ;
#12143 = CARTESIAN_POINT ( 'NONE',  ( 1.584125920840706137, 0.0000000000000000000, 0.2113361407954842952 ) ) ;
#12144 = DIRECTION ( 'NONE',  ( 0.0000000000000000000, -1.000000000000000000, 0.0000000000000000000 ) ) ;
#12145 = VECTOR ( 'NONE', #9898, 1000.000000000000000 ) ;
#12146 = DIRECTION ( 'NONE',  ( 0.0000000000000000000, 0.0000000000000000000, 1.000000000000000000 ) ) ;
#12147 = DIRECTION ( 'NONE',  ( -1.000000000000000000, -0.0000000000000000000, 1.171755763104686308E-17 ) ) ;
#12148 = EDGE_CURVE ( 'NONE', #1024, #11403, #7883, .T. ) ;
#12149 = SURFACE_SIDE_STYLE ('',( #12764 ) ) ;
#12150 = CARTESIAN_POINT ( 'NONE',  ( 0.3175278962151926176, 0.1000000000000000056, 0.08429782759354324806 ) ) ;
#12151 = LINE ( 'NONE', #12486, #4280 ) ;
#12152 = ORIENTED_EDGE ( 'NONE', *, *, #9438, .T. ) ;
#12153 = EDGE_CURVE ( 'NONE', #4516, #7710, #7563, .T. ) ;
#12154 = FILL_AREA_STYLE ('',( #8189 ) ) ;
#12155 = CARTESIAN_POINT ( 'NONE',  ( -1.067625723808735883, 0.1000000000000000056, -0.2003000000000002001 ) ) ;
#12156 = EDGE_LOOP ( 'NONE', ( #302, #5972, #5607, #10688, #7440, #1449 ) ) ;
#12157 = EDGE_CURVE ( 'NONE', #5681, #3073, #12480, .T. ) ;
#12158 = PRESENTATION_LAYER_ASSIGNMENT (  '', '', ( #11486 ) ) ;
#12159 = CIRCLE ( 'NONE', #7367, 0.01500217240645655876 ) ;
#12161 = DIRECTION ( 'NONE',  ( -0.0000000000000000000, -1.000000000000000000, -0.0000000000000000000 ) ) ;
#12160 = DIRECTION ( 'NONE',  ( -0.0000000000000000000, -0.0000000000000000000, -1.000000000000000000 ) ) ;
#12162 = ORIENTED_EDGE ( 'NONE', *, *, #1101, .F. ) ;
#12163 = CARTESIAN_POINT ( 'NONE',  ( -1.399000000000000243, 0.5000000000000000000, -0.5000000000000002220 ) ) ;
#12164 =( NAMED_UNIT ( * ) PLANE_ANGLE_UNIT ( ) SI_UNIT ( $, .RADIAN. ) );
#12165 = EDGE_LOOP ( 'NONE', ( #736, #10936, #9419, #6609 ) ) ;
#12166 = DIRECTION ( 'NONE',  ( -0.0000000000000000000, -1.000000000000000000, -0.0000000000000000000 ) ) ;
#12167 = LINE ( 'NONE', #918, #11878 ) ;
#12168 = MECHANICAL_DESIGN_GEOMETRIC_PRESENTATION_REPRESENTATION (  '', ( #10168 ), #36 ) ;
#12169 = EDGE_LOOP ( 'NONE', ( #9844, #7264, #5723, #2856 ) ) ;
#12170 = CARTESIAN_POINT ( 'NONE',  ( -1.600000000000000311, 0.09999999999999999167, 0.2074000000000001120 ) ) ;
#12171 = CARTESIAN_POINT ( 'NONE',  ( -1.286200000000000454, 0.5000000000000000000, 0.4718000000000000527 ) ) ;
#12172 = PRESENTATION_STYLE_ASSIGNMENT (( #8678 ) ) ;
#12173 = ADVANCED_FACE ( 'NONE', ( #4945 ), #764, .T. ) ;
#12174 = CARTESIAN_POINT ( 'NONE',  ( -1.399000000000000243, 0.5000000000000000000, 0.5000000000000000000 ) ) ;
#12175 = EDGE_CURVE ( 'NONE', #12414, #260, #11240, .T. ) ;
#12176 = LINE ( 'NONE', #610, #1997 ) ;
#12177 = DIRECTION ( 'NONE',  ( 0.0000000000000000000, -1.000000000000000000, 0.0000000000000000000 ) ) ;
#12178 = VERTEX_POINT ( 'NONE', #6748 ) ;
#12179 = LINE ( 'NONE', #12286, #9555 ) ;
#12180 =( LENGTH_UNIT ( ) NAMED_UNIT ( * ) SI_UNIT ( .MILLI., .METRE. ) );
#12181 = VERTEX_POINT ( 'NONE', #815 ) ;
#12182 = CARTESIAN_POINT ( 'NONE',  ( 0.3281278962151924494, 0.1000000000000000056, 0.4694999999999998064 ) ) ;
#12183 = VERTEX_POINT ( 'NONE', #8725 ) ;
#12184 = FILL_AREA_STYLE ('',( #11187 ) ) ;
#12185 = LINE ( 'NONE', #8192, #9268 ) ;
#12186 = DIRECTION ( 'NONE',  ( 0.0000000000000000000, 0.0000000000000000000, -1.000000000000000000 ) ) ;
#12187 = EDGE_CURVE ( 'NONE', #618, #6859, #759, .T. ) ;
#12188 = MECHANICAL_DESIGN_GEOMETRIC_PRESENTATION_REPRESENTATION (  '', ( #10188 ), #50 ) ;
#12189 = COLOUR_RGB ( '',0.9686274509803921573, 0.8784313725490195957, 0.5999999999999999778 ) ;
#12190 = STYLED_ITEM ( 'NONE', ( #2893 ), #9151 ) ;
#12191 = CARTESIAN_POINT ( 'NONE',  ( 0.3352278962151925557, 0.1000000000000000056, -0.4849978275935435956 ) ) ;
#12192 = PRESENTATION_LAYER_ASSIGNMENT (  '', '', ( #11533 ) ) ;
#12193 = CARTESIAN_POINT ( 'NONE',  ( -1.307400000000000118, 0.09999999999999999167, 0.5000000000000000000 ) ) ;
#12194 = VERTEX_POINT ( 'NONE', #2761 ) ;
#12195 = CARTESIAN_POINT ( 'NONE',  ( -1.082627896215192509, 0.1000000000000000056, -0.4567978275935435928 ) ) ;
#12196 = ORIENTED_EDGE ( 'NONE', *, *, #10393, .F. ) ;
#12197 = DIRECTION ( 'NONE',  ( -0.7071067811865457964, -0.0000000000000000000, 0.7071067811865492381 ) ) ;
#12198 = ORIENTED_EDGE ( 'NONE', *, *, #5095, .T. ) ;
#12199 = SURFACE_STYLE_FILL_AREA ( #7125 ) ;
#12201 = CARTESIAN_POINT ( 'NONE',  ( 0.1774300686216490897, 0.1000000000000000056, 0.4976999999999998092 ) ) ;
#12200 = DIRECTION ( 'NONE',  ( -0.0000000000000000000, -1.000000000000000000, -0.0000000000000000000 ) ) ;
#12202 = EDGE_LOOP ( 'NONE', ( #9596, #5866, #4346, #11495 ) ) ;
#12203 = CARTESIAN_POINT ( 'NONE',  ( -1.584125920840706137, 0.1000000000000000056, 0.2113361407954839344 ) ) ;
#12204 = ORIENTED_EDGE ( 'NONE', *, *, #7024, .F. ) ;
#12205 =( NAMED_UNIT ( * ) PLANE_ANGLE_UNIT ( ) SI_UNIT ( $, .RADIAN. ) );
#12206 = CARTESIAN_POINT ( 'NONE',  ( -0.4585278962151925208, 0.1000000000000000056, 0.4694999999999999174 ) ) ;
#12207 = MECHANICAL_DESIGN_GEOMETRIC_PRESENTATION_REPRESENTATION (  '', ( #10203 ), #67 ) ;
#12208 = EDGE_LOOP ( 'NONE', ( #4689, #3451, #9654, #7977 ) ) ;
#12209 = ORIENTED_EDGE ( 'NONE', *, *, #2840, .T. ) ;
#12210 = AXIS2_PLACEMENT_3D ( 'NONE', #44, #6973, #1057 ) ;
#12211 = VERTEX_POINT ( 'NONE', #4783 ) ;
#12212 = VECTOR ( 'NONE', #1839, 1000.000000000000000 ) ;
#12213 = DIRECTION ( 'NONE',  ( -7.556514767313164730E-17, 0.0000000000000000000, -1.000000000000000000 ) ) ;
#12214 = DIRECTION ( 'NONE',  ( -1.000000000000000000, 0.0000000000000000000, -1.358513147160064791E-17 ) ) ;
#12215 = VECTOR ( 'NONE', #2871, 1000.000000000000000 ) ;
#12216 = ORIENTED_EDGE ( 'NONE', *, *, #10640, .T. ) ;
#12217 = CARTESIAN_POINT ( 'NONE',  ( -1.082627896215192509, -0.0000000000000000000, -0.4567978275935435928 ) ) ;
#12218 = ORIENTED_EDGE ( 'NONE', *, *, #2878, .T. ) ;
#12219 = CARTESIAN_POINT ( 'NONE',  ( 0.1774300686216490897, 0.0000000000000000000, 0.4826978275935432383 ) ) ;
#12220 = EDGE_CURVE ( 'NONE', #11866, #10692, #1083, .T. ) ;
#12221 = FACE_OUTER_BOUND ( 'NONE', #6274, .T. ) ;
#12222 = CARTESIAN_POINT ( 'NONE',  ( 0.1774300686216492007, 0.0000000000000000000, -0.5000000000000002220 ) ) ;
#12223 = LINE ( 'NONE', #20, #7022 ) ;
#12224 = EDGE_CURVE ( 'NONE', #9577, #4685, #8316, .T. ) ;
#12225 = EDGE_CURVE ( 'NONE', #2983, #12071, #6332, .T. ) ;
#12226 = DIRECTION ( 'NONE',  ( -0.0000000000000000000, 0.0000000000000000000, 1.000000000000000000 ) ) ;
#12227 = VECTOR ( 'NONE', #2889, 1000.000000000000000 ) ;
#12228 = VERTEX_POINT ( 'NONE', #9693 ) ;
#12229 = CARTESIAN_POINT ( 'NONE',  ( -0.3202257238087359292, 0.1000000000000000056, -0.5000000000000002220 ) ) ;
#12230 = PRESENTATION_STYLE_ASSIGNMENT (( #7544 ) ) ;
#12231 = VERTEX_POINT ( 'NONE', #2808 ) ;
#12232 = ADVANCED_FACE ( 'NONE', ( #8024 ), #4828, .T. ) ;
#12233 = LINE ( 'NONE', #8657, #2058 ) ;
#12234 = CIRCLE ( 'NONE', #6861, 0.01500217240645655876 ) ;
#12236 = DIRECTION ( 'NONE',  ( 0.0000000000000000000, 0.0000000000000000000, -1.000000000000000000 ) ) ;
#12235 = PLANE ( 'NONE',  #4115 ) ;
#12237 = AXIS2_PLACEMENT_3D ( 'NONE', #6872, #951, #7854 ) ;
#12238 = DIRECTION ( 'NONE',  ( -0.0000000000000000000, 1.000000000000000000, -0.0000000000000000000 ) ) ;
#12239 = DIRECTION ( 'NONE',  ( 4.843431639425975498E-16, 0.0000000000000000000, -1.000000000000000000 ) ) ;
#12240 = DIRECTION ( 'NONE',  ( 0.0000000000000000000, -1.000000000000000000, 0.0000000000000000000 ) ) ;
#12241 = VERTEX_POINT ( 'NONE', #8810 ) ;
#12242 = ORIENTED_EDGE ( 'NONE', *, *, #7741, .F. ) ;
#12243 = PRESENTATION_STYLE_ASSIGNMENT (( #2291 ) ) ;
#12244 = DIRECTION ( 'NONE',  ( -1.000000000000000000, 0.0000000000000000000, -0.0000000000000000000 ) ) ;
#12245 = ORIENTED_EDGE ( 'NONE', *, *, #9139, .T. ) ;
#12246 = ORIENTED_EDGE ( 'NONE', *, *, #8441, .T. ) ;
#12247 = DIRECTION ( 'NONE',  ( -0.0000000000000000000, 1.000000000000000000, -0.0000000000000000000 ) ) ;
#12248 = DIRECTION ( 'NONE',  ( 0.0000000000000000000, -1.000000000000000000, 0.0000000000000000000 ) ) ;
#12249 = CARTESIAN_POINT ( 'NONE',  ( 0.1624278962151925743, 0.1000000000000000056, 0.4826978275935431273 ) ) ;
#12250 = DIRECTION ( 'NONE',  ( -0.0000000000000000000, -1.000000000000000000, -0.0000000000000000000 ) ) ;
#12251 = LINE ( 'NONE', #2967, #4393 ) ;
#12252 = AXIS2_PLACEMENT_3D ( 'NONE', #11941, #6049, #114 ) ;
#12253 = CYLINDRICAL_SURFACE ( 'NONE', #6530, 0.01500217240645653274 ) ;
#12254 = VECTOR ( 'NONE', #7813, 1000.000000000000000 ) ;
#12255 = SURFACE_STYLE_FILL_AREA ( #10627 ) ;
#12256 = EDGE_CURVE ( 'NONE', #12231, #12194, #10613, .T. ) ;
#12257 = UNCERTAINTY_MEASURE_WITH_UNIT (LENGTH_MEASURE( 1.000000000000000082E-05 ), #1326, 'distance_accuracy_value', 'NONE');
#12258 = AXIS2_PLACEMENT_3D ( 'NONE', #6743, #3744, #8128 ) ;
#12259 = VERTEX_POINT ( 'NONE', #4869 ) ;
#12260 = CARTESIAN_POINT ( 'NONE',  ( -1.547025723808735931, 0.1000000000000000056, -0.1167021724064566529 ) ) ;
#12261 = LINE ( 'NONE', #9003, #9650 ) ;
#12262 = ORIENTED_EDGE ( 'NONE', *, *, #2330, .F. ) ;
#12263 = VERTEX_POINT ( 'NONE', #5875 ) ;
#12264 = AXIS2_PLACEMENT_3D ( 'NONE', #5339, #364, #1418 ) ;
#12265 = DIRECTION ( 'NONE',  ( 0.0000000000000000000, 0.0000000000000000000, -1.000000000000000000 ) ) ;
#12266 = SURFACE_STYLE_FILL_AREA ( #3776 ) ;
#12267 = DIRECTION ( 'NONE',  ( -0.0000000000000000000, 1.000000000000000000, -0.0000000000000000000 ) ) ;
#12268 = ORIENTED_EDGE ( 'NONE', *, *, #9058, .F. ) ;
#12269 = FACE_OUTER_BOUND ( 'NONE', #12786, .T. ) ;
#12270 = LINE ( 'NONE', #10938, #7068 ) ;
#12271 = CYLINDRICAL_SURFACE ( 'NONE', #805, 0.01500217240645655876 ) ;
#12272 = CARTESIAN_POINT ( 'NONE',  ( -1.577030068621648962, 0.1000000000000000056, -0.1857361597196679204 ) ) ;
#12273 = CARTESIAN_POINT ( 'NONE',  ( -1.103100000000000414, 0.5000000000000000000, 0.1016000000000000236 ) ) ;
#12274 = ORIENTED_EDGE ( 'NONE', *, *, #8787, .F. ) ;
#12275 = CARTESIAN_POINT ( 'NONE',  ( 0.3325300686216491330, 0.1000000000000000056, 0.08429782759354335908 ) ) ;
#12276 = LINE ( 'NONE', #6549, #9664 ) ;
#12277 = CARTESIAN_POINT ( 'NONE',  ( 1.097630068621648913, 0.0000000000000000000, -0.4718000000000002192 ) ) ;
#12278 = VERTEX_POINT ( 'NONE', #6873 ) ;
#12279 = AXIS2_PLACEMENT_3D ( 'NONE', #8157, #2234, #9152 ) ;
#12281 = CARTESIAN_POINT ( 'NONE',  ( -1.600000000000000311, -0.0000000000000000000, -0.1999000000000000221 ) ) ;
#12280 = DIRECTION ( 'NONE',  ( 0.0000000000000000000, -1.000000000000000000, 0.0000000000000000000 ) ) ;
#12282 = SURFACE_STYLE_FILL_AREA ( #3863 ) ;
#12283 = AXIS2_PLACEMENT_3D ( 'NONE', #3810, #2880, #4572 ) ;
#12284 = CARTESIAN_POINT ( 'NONE',  ( -1.600000000000000311, 0.1000000000000000056, 0.05229999999999981192 ) ) ;
#12285 = COLOUR_RGB ( '',0.8941176470588234615, 0.9137254901960784048, 0.9294117647058823817 ) ;
#12286 = CARTESIAN_POINT ( 'NONE',  ( 0.6454278962151924759, 0.1000000000000000056, 0.4826978275935432383 ) ) ;
#12287 = CARTESIAN_POINT ( 'NONE',  ( -1.097630068621648913, 0.1000000000000000056, -0.4718000000000002747 ) ) ;
#12288 = ADVANCED_FACE ( 'NONE', ( #7104 ), #12740, .T. ) ;
#12289 = CARTESIAN_POINT ( 'NONE',  ( 0.3175278962151924511, 0.1000000000000000056, 0.4800999999999998047 ) ) ;
#12290 = VECTOR ( 'NONE', #11833, 1000.000000000000000 ) ;
#12291 = DIRECTION ( 'NONE',  ( -0.0000000000000000000, -0.0000000000000000000, 1.000000000000000000 ) ) ;
#12292 = UNCERTAINTY_MEASURE_WITH_UNIT (LENGTH_MEASURE( 1.000000000000000082E-05 ), #7992, 'distance_accuracy_value', 'NONE');
#12293 = EDGE_LOOP ( 'NONE', ( #1477, #2449, #1748, #7508 ) ) ;
#12294 = SURFACE_STYLE_FILL_AREA ( #803 ) ;
#12295 = FILL_AREA_STYLE ('',( #8332 ) ) ;
#12296 = SURFACE_STYLE_FILL_AREA ( #7275 ) ;
#12297 = CARTESIAN_POINT ( 'NONE',  ( 0.3352278962151924446, 0.1000000000000000056, -0.2153021724064569098 ) ) ;
#12298 = DIRECTION ( 'NONE',  ( -0.0000000000000000000, -0.0000000000000000000, 1.000000000000000000 ) ) ;
#12299 = EDGE_CURVE ( 'NONE', #3158, #292, #4451, .T. ) ;
#12300 = ADVANCED_FACE ( 'NONE', ( #12022 ), #5922, .T. ) ;
#12301 = LINE ( 'NONE', #3723, #1811 ) ;
#12302 = FILL_AREA_STYLE ('',( #7371 ) ) ;
#12303 = AXIS2_PLACEMENT_3D ( 'NONE', #2830, #9765, #3859 ) ;
#12304 =( GEOMETRIC_REPRESENTATION_CONTEXT ( 3 ) GLOBAL_UNCERTAINTY_ASSIGNED_CONTEXT ( ( #5670 ) ) GLOBAL_UNIT_ASSIGNED_CONTEXT ( ( #2580, #9519, #3599 ) ) REPRESENTATION_CONTEXT ( 'NONE', 'WORKASPACE' ) );
#12305 = UNCERTAINTY_MEASURE_WITH_UNIT (LENGTH_MEASURE( 1.000000000000000082E-05 ), #7594, 'distance_accuracy_value', 'NONE');
#12306 = VERTEX_POINT ( 'NONE', #4917 ) ;
#12307 = DIRECTION ( 'NONE',  ( 0.7071067811865365815, 0.0000000000000000000, -0.7071067811865584529 ) ) ;
#12308 = EDGE_CURVE ( 'NONE', #2306, #2292, #6164, .T. ) ;
#12309 = VECTOR ( 'NONE', #1237, 1000.000000000000000 ) ;
#12310 = FACE_OUTER_BOUND ( 'NONE', #6524, .T. ) ;
#12311 = DIRECTION ( 'NONE',  ( -0.7071067811865457964, -0.0000000000000000000, 0.7071067811865492381 ) ) ;
#12312 = SURFACE_SIDE_STYLE ('',( #477 ) ) ;
#12313 = ORIENTED_EDGE ( 'NONE', *, *, #120, .F. ) ;
#12314 = ADVANCED_FACE ( 'NONE', ( #3526 ), #3193, .F. ) ;
#12315 = ORIENTED_EDGE ( 'NONE', *, *, #8003, .F. ) ;
#12316 =( LENGTH_UNIT ( ) NAMED_UNIT ( * ) SI_UNIT ( .MILLI., .METRE. ) );
#12317 = EDGE_CURVE ( 'NONE', #4825, #6025, #5864, .T. ) ;
#12318 = DIRECTION ( 'NONE',  ( -1.000000000000000000, 0.0000000000000000000, 0.0000000000000000000 ) ) ;
#12319 = PLANE ( 'NONE',  #7417 ) ;
#12320 = PRESENTATION_STYLE_ASSIGNMENT (( #8888 ) ) ;
#12321 = VECTOR ( 'NONE', #11287, 1000.000000000000000 ) ;
#12323 = CARTESIAN_POINT ( 'NONE',  ( 1.600000000000000311, 0.09999999999999999167, -0.5000000000000000000 ) ) ;
#12322 = DIRECTION ( 'NONE',  ( 0.0000000000000000000, 0.0000000000000000000, -1.000000000000000000 ) ) ;
#12324 = ORIENTED_EDGE ( 'NONE', *, *, #2865, .T. ) ;
#12325 = ORIENTED_EDGE ( 'NONE', *, *, #3464, .F. ) ;
#12326 = DIRECTION ( 'NONE',  ( 0.0000000000000000000, -1.000000000000000000, 0.0000000000000000000 ) ) ;
#12327 = DIRECTION ( 'NONE',  ( 1.000000000000000000, -0.0000000000000000000, 1.107775638063495749E-17 ) ) ;
#12328 = CARTESIAN_POINT ( 'NONE',  ( 0.1624278962151925743, 0.1000000000000000056, -0.4849978275935435956 ) ) ;
#12329 = ORIENTED_EDGE ( 'NONE', *, *, #5445, .T. ) ;
#12330 = LINE ( 'NONE', #9478, #4163 ) ;
#12331 = CARTESIAN_POINT ( 'NONE',  ( -1.589400000000000368, 0.5000000000000000000, 0.1968000000000001137 ) ) ;
#12332 = FILL_AREA_STYLE ('',( #4446 ) ) ;
#12333 =( GEOMETRIC_REPRESENTATION_CONTEXT ( 3 ) GLOBAL_UNCERTAINTY_ASSIGNED_CONTEXT ( ( #8705 ) ) GLOBAL_UNIT_ASSIGNED_CONTEXT ( ( #3041, #9958, #4071 ) ) REPRESENTATION_CONTEXT ( 'NONE', 'WORKASPACE' ) );
#12334 = SURFACE_SIDE_STYLE ('',( #8179 ) ) ;
#12335 = VERTEX_POINT ( 'NONE', #7003 ) ;
#12336 = EDGE_CURVE ( 'NONE', #2819, #10831, #10761, .T. ) ;
#12337 = VECTOR ( 'NONE', #3178, 1000.000000000000000 ) ;
#12338 = PLANE ( 'NONE',  #3254 ) ;
#12339 = ORIENTED_EDGE ( 'NONE', *, *, #8566, .F. ) ;
#12340 = SURFACE_SIDE_STYLE ('',( #5784 ) ) ;
#12341 = DIRECTION ( 'NONE',  ( -0.0000000000000000000, -1.000000000000000000, -0.0000000000000000000 ) ) ;
#12342 = VERTEX_POINT ( 'NONE', #5004 ) ;
#12343 = VERTEX_POINT ( 'NONE', #3029 ) ;
#12344 = CARTESIAN_POINT ( 'NONE',  ( -1.547025723808735931, 0.1000000000000000056, -0.1017000000000000820 ) ) ;
#12345 = CIRCLE ( 'NONE', #7530, 0.3000999999999999779 ) ;
#12346 = LINE ( 'NONE', #9035, #4798 ) ;
#12347 = EDGE_CURVE ( 'NONE', #3552, #7427, #593, .T. ) ;
#12348 = CIRCLE ( 'NONE', #2332, 0.01500217240645653274 ) ;
#12349 = CARTESIAN_POINT ( 'NONE',  ( -0.3325300686216491330, 0.1000000000000000056, -0.1017000000000001098 ) ) ;
#12350 = UNCERTAINTY_MEASURE_WITH_UNIT (LENGTH_MEASURE( 1.000000000000000082E-05 ), #9251, 'distance_accuracy_value', 'NONE');
#12351 = EDGE_CURVE ( 'NONE', #69, #4561, #8474, .T. ) ;
#12352 = SURFACE_STYLE_USAGE ( .BOTH. , #5453 ) ;
#12353 = ORIENTED_EDGE ( 'NONE', *, *, #6168, .F. ) ;
#12354 = FILL_AREA_STYLE_COLOUR ( '', #4190 ) ;
#12355 = ADVANCED_FACE ( 'NONE', ( #919 ), #1126, .T. ) ;
#12356 = ORIENTED_EDGE ( 'NONE', *, *, #4845, .F. ) ;
#12357 = EDGE_CURVE ( 'NONE', #1523, #3413, #10452, .T. ) ;
#12358 = DIRECTION ( 'NONE',  ( 0.0000000000000000000, -0.0000000000000000000, -1.000000000000000000 ) ) ;
#12359 = CIRCLE ( 'NONE', #4655, 0.01500217240645653274 ) ;
#12360 = AXIS2_PLACEMENT_3D ( 'NONE', #7114, #1192, #5151 ) ;
#12361 = ORIENTED_EDGE ( 'NONE', *, *, #2478, .F. ) ;
#12362 = DIRECTION ( 'NONE',  ( 1.445121189584144366E-15, 0.0000000000000000000, 1.000000000000000000 ) ) ;
#12363 = MECHANICAL_DESIGN_GEOMETRIC_PRESENTATION_REPRESENTATION (  '', ( #11025 ), #204 ) ;
#12364 =( GEOMETRIC_REPRESENTATION_CONTEXT ( 3 ) GLOBAL_UNCERTAINTY_ASSIGNED_CONTEXT ( ( #8948 ) ) GLOBAL_UNIT_ASSIGNED_CONTEXT ( ( #1955, #8878, #2926 ) ) REPRESENTATION_CONTEXT ( 'NONE', 'WORKASPACE' ) );
#12365 = CARTESIAN_POINT ( 'NONE',  ( -1.583302172406456876, 0.1000000000000000056, 0.1963566009016781411 ) ) ;
#12366 = DIRECTION ( 'NONE',  ( -5.601979127806940577E-17, 0.0000000000000000000, -1.000000000000000000 ) ) ;
#12367 = ADVANCED_FACE ( 'NONE', ( #5536 ), #11869, .F. ) ;
#12368 = EDGE_CURVE ( 'NONE', #2684, #9495, #9542, .T. ) ;
#12370 =( LENGTH_UNIT ( ) NAMED_UNIT ( * ) SI_UNIT ( .MILLI., .METRE. ) );
#12369 = SURFACE_SIDE_STYLE ('',( #9056 ) ) ;
#12371 = ORIENTED_EDGE ( 'NONE', *, *, #2703, .T. ) ;
#12372 = LINE ( 'NONE', #7802, #1881 ) ;
#12373 = ORIENTED_EDGE ( 'NONE', *, *, #10767, .F. ) ;
#12374 = ORIENTED_EDGE ( 'NONE', *, *, #10219, .T. ) ;
#12375 = UNCERTAINTY_MEASURE_WITH_UNIT (LENGTH_MEASURE( 1.000000000000000082E-05 ), #8472, 'distance_accuracy_value', 'NONE');
#12376 =( NAMED_UNIT ( * ) PLANE_ANGLE_UNIT ( ) SI_UNIT ( $, .RADIAN. ) );
#12377 = DIRECTION ( 'NONE',  ( 0.0000000000000000000, 0.0000000000000000000, 1.000000000000000000 ) ) ;
#12378 = CARTESIAN_POINT ( 'NONE',  ( -1.562027896215192557, 0.1000000000000000056, -0.1167021724064567501 ) ) ;
#12379 = EDGE_CURVE ( 'NONE', #1203, #5551, #6952, .T. ) ;
#12380 = DIRECTION ( 'NONE',  ( 0.0000000000000000000, -1.000000000000000000, 0.0000000000000000000 ) ) ;
#12381 = PRESENTATION_LAYER_ASSIGNMENT (  '', '', ( #11042 ) ) ;
#12382 =( GEOMETRIC_REPRESENTATION_CONTEXT ( 3 ) GLOBAL_UNCERTAINTY_ASSIGNED_CONTEXT ( ( #10235 ) ) GLOBAL_UNIT_ASSIGNED_CONTEXT ( ( #4000, #10876, #4995 ) ) REPRESENTATION_CONTEXT ( 'NONE', 'WORKASPACE' ) );
#12383 = CARTESIAN_POINT ( 'NONE',  ( -0.3325300686216491330, -0.0000000000000000000, -0.1017000000000001098 ) ) ;
#12384 = ADVANCED_FACE ( 'NONE', ( #1358 ), #7123, .T. ) ;
#12385 = EDGE_LOOP ( 'NONE', ( #7720, #3548, #9456, #5226, #8571, #11345, #463, #3864, #12129, #4838, #9202, #7497, #5803, #11075 ) ) ;
#12386 =( NAMED_UNIT ( * ) SI_UNIT ( $, .STERADIAN. ) SOLID_ANGLE_UNIT ( ) );
#12388 = DIRECTION ( 'NONE',  ( 1.000000000000000000, -0.0000000000000000000, 2.321156620588232328E-16 ) ) ;
#12387 = PRESENTATION_STYLE_ASSIGNMENT (( #4120 ) ) ;
#12389 = ORIENTED_EDGE ( 'NONE', *, *, #4794, .T. ) ;
#12390 = FILL_AREA_STYLE_COLOUR ( '', #4536 ) ;
#12391 =( NAMED_UNIT ( * ) PLANE_ANGLE_UNIT ( ) SI_UNIT ( $, .RADIAN. ) );
#12392 = ORIENTED_EDGE ( 'NONE', *, *, #5232, .F. ) ;
#12393 = EDGE_LOOP ( 'NONE', ( #6016, #1342, #1378, #7425, #4577 ) ) ;
#12394 = CARTESIAN_POINT ( 'NONE',  ( 1.021730214339628517, 0.0000000000000000000, 0.05229999999999977722 ) ) ;
#12395 = EDGE_CURVE ( 'NONE', #8152, #8959, #5689, .T. ) ;
#12396 = EDGE_CURVE ( 'NONE', #11791, #9550, #3039, .T. ) ;
#12397 = ORIENTED_EDGE ( 'NONE', *, *, #3891, .F. ) ;
#12398 = AXIS2_PLACEMENT_3D ( 'NONE', #12272, #448, #7384 ) ;
#12399 = SURFACE_STYLE_FILL_AREA ( #571 ) ;
#12400 = ORIENTED_EDGE ( 'NONE', *, *, #12308, .T. ) ;
#12401 = CARTESIAN_POINT ( 'NONE',  ( 0.1005151071698142246, 0.1000000000000000056, -0.4976000000000002643 ) ) ;
#12402 = SURFACE_STYLE_USAGE ( .BOTH. , #5510 ) ;
#12403 = DIRECTION ( 'NONE',  ( 0.0000000000000000000, -1.000000000000000000, 0.0000000000000000000 ) ) ;
#12404 =( LENGTH_UNIT ( ) NAMED_UNIT ( * ) SI_UNIT ( .MILLI., .METRE. ) );
#12405 = ORIENTED_EDGE ( 'NONE', *, *, #10486, .T. ) ;
#12406 = LINE ( 'NONE', #250, #1917 ) ;
#12407 = ORIENTED_EDGE ( 'NONE', *, *, #6337, .F. ) ;
#12408 = CYLINDRICAL_SURFACE ( 'NONE', #9361, 0.01500217240645653274 ) ;
#12410 = CARTESIAN_POINT ( 'NONE',  ( 1.600000000000000311, 0.0000000000000000000, -0.5000000000000000000 ) ) ;
#12409 = CARTESIAN_POINT ( 'NONE',  ( 0.1005151071698142246, 0.0000000000000000000, -0.4976000000000002643 ) ) ;
#12411 = COLOUR_RGB ( '',0.9686274509803921573, 0.8784313725490195957, 0.5999999999999999778 ) ;
#12412 = LINE ( 'NONE', #11418, #4550 ) ;
#12413 = ORIENTED_EDGE ( 'NONE', *, *, #12747, .F. ) ;
#12414 = VERTEX_POINT ( 'NONE', #8141 ) ;
#12415 = ORIENTED_EDGE ( 'NONE', *, *, #4639, .T. ) ;
#12416 = CARTESIAN_POINT ( 'NONE',  ( -0.3069278962151925083, 0.0000000000000000000, 0.4976999999999999202 ) ) ;
#12417 = PRESENTATION_STYLE_ASSIGNMENT (( #3993 ) ) ;
#12418 = DIRECTION ( 'NONE',  ( 0.0000000000000000000, 0.0000000000000000000, -1.000000000000000000 ) ) ;
#12419 = DIRECTION ( 'NONE',  ( -0.0000000000000000000, -1.000000000000000000, -0.0000000000000000000 ) ) ;
#12420 = ADVANCED_FACE ( 'NONE', ( #10598 ), #11087, .F. ) ;
#12421 = FILL_AREA_STYLE ('',( #4535 ) ) ;
#12422 = ORIENTED_EDGE ( 'NONE', *, *, #329, .T. ) ;
#12423 = DIRECTION ( 'NONE',  ( 1.000000000000000000, 0.0000000000000000000, 5.163305667262247253E-16 ) ) ;
#12424 = LINE ( 'NONE', #4811, #9810 ) ;
#12425 = ORIENTED_EDGE ( 'NONE', *, *, #3736, .T. ) ;
#12426 = CYLINDRICAL_SURFACE ( 'NONE', #550, 0.01500217240645647723 ) ;
#12427 = EDGE_CURVE ( 'NONE', #3346, #9230, #5361, .T. ) ;
#12428 = CARTESIAN_POINT ( 'NONE',  ( 1.600000000000000311, 0.1000000000000000056, -0.5000000000000000000 ) ) ;
#12429 = ORIENTED_EDGE ( 'NONE', *, *, #191, .F. ) ;
#12430 = DIRECTION ( 'NONE',  ( -0.0000000000000000000, 1.000000000000000000, -0.0000000000000000000 ) ) ;
#12431 = CARTESIAN_POINT ( 'NONE',  ( -1.578123678570672261, 0.0000000000000000000, -0.2006984187132972997 ) ) ;
#12432 = ORIENTED_EDGE ( 'NONE', *, *, #4506, .T. ) ;
#12433 = MECHANICAL_DESIGN_GEOMETRIC_PRESENTATION_REPRESENTATION (  '', ( #11093 ), #273 ) ;
#12434 = ORIENTED_EDGE ( 'NONE', *, *, #9271, .F. ) ;
#12435 = EDGE_CURVE ( 'NONE', #66, #12501, #125, .T. ) ;
#12436 = VECTOR ( 'NONE', #11689, 1000.000000000000000 ) ;
#12437 = AXIS2_PLACEMENT_3D ( 'NONE', #6432, #3420, #9343 ) ;
#12438 = CIRCLE ( 'NONE', #3695, 0.01500217240645658652 ) ;
#12439 = MECHANICAL_DESIGN_GEOMETRIC_PRESENTATION_REPRESENTATION (  '', ( #11098 ), #278 ) ;
#12440 = SURFACE_STYLE_USAGE ( .BOTH. , #5541 ) ;
#12441 = CARTESIAN_POINT ( 'NONE',  ( -1.307400000000000118, 0.5000000000000000000, 0.5000000000000000000 ) ) ;
#12442 =( GEOMETRIC_REPRESENTATION_CONTEXT ( 3 ) GLOBAL_UNCERTAINTY_ASSIGNED_CONTEXT ( ( #11354 ) ) GLOBAL_UNIT_ASSIGNED_CONTEXT ( ( #9370, #3448, #10326 ) ) REPRESENTATION_CONTEXT ( 'NONE', 'WORKASPACE' ) );
#12443 = DIRECTION ( 'NONE',  ( -0.0000000000000000000, -1.000000000000000000, -0.0000000000000000000 ) ) ;
#12444 = EDGE_LOOP ( 'NONE', ( #4593, #4629, #10628, #242 ) ) ;
#12445 = FACE_OUTER_BOUND ( 'NONE', #6387, .T. ) ;
#12446 = CARTESIAN_POINT ( 'NONE',  ( -1.021700000000000497, 0.1000000000000000056, 0.4999999999999997780 ) ) ;
#12447 = LINE ( 'NONE', #4339, #4581 ) ;
#12448 = ADVANCED_FACE ( 'NONE', ( #10278 ), #1272, .T. ) ;
#12449 = CARTESIAN_POINT ( 'NONE',  ( 1.577030068621648740, 0.0000000000000000000, -0.1857361597196678926 ) ) ;
#12450 = LINE ( 'NONE', #7933, #9224 ) ;
#12451 = SURFACE_STYLE_FILL_AREA ( #7443 ) ;
#12452 = CARTESIAN_POINT ( 'NONE',  ( -0.3281278962151925049, 0.0000000000000000000, 0.4694999999999999174 ) ) ;
#12453 = DIRECTION ( 'NONE',  ( 0.0000000000000000000, -1.000000000000000000, 0.0000000000000000000 ) ) ;
#12454 = SURFACE_SIDE_STYLE ('',( #1920 ) ) ;
#12455 = ORIENTED_EDGE ( 'NONE', *, *, #1401, .T. ) ;
#12456 = VECTOR ( 'NONE', #2588, 1000.000000000000000 ) ;
#12457 = STYLED_ITEM ( 'NONE', ( #7809 ), #10348 ) ;
#12458 = DIRECTION ( 'NONE',  ( 0.0000000000000000000, 0.0000000000000000000, -1.000000000000000000 ) ) ;
#12459 = ORIENTED_EDGE ( 'NONE', *, *, #6817, .T. ) ;
#12460 = COLOUR_RGB ( '',0.9686274509803921573, 0.8784313725490195957, 0.5999999999999999778 ) ;
#12461 = AXIS2_PLACEMENT_3D ( 'NONE', #5364, #12267, #6396 ) ;
#12462 = CARTESIAN_POINT ( 'NONE',  ( -0.1004848928301857736, 0.1000000000000000056, -0.4976000000000002643 ) ) ;
#12463 = ORIENTED_EDGE ( 'NONE', *, *, #5098, .T. ) ;
#12464 = DIRECTION ( 'NONE',  ( -1.000000000000000000, 0.0000000000000000000, 0.0000000000000000000 ) ) ;
#12465 =( NAMED_UNIT ( * ) PLANE_ANGLE_UNIT ( ) SI_UNIT ( $, .RADIAN. ) );
#12466 = DIRECTION ( 'NONE',  ( 0.0000000000000000000, 0.0000000000000000000, 1.000000000000000000 ) ) ;
#12467 =( LENGTH_UNIT ( ) NAMED_UNIT ( * ) SI_UNIT ( .MILLI., .METRE. ) );
#12468 = PLANE ( 'NONE',  #10840 ) ;
#12469 = CARTESIAN_POINT ( 'NONE',  ( 1.553297827593543845, 0.1000000000000000056, 0.1166021724064565668 ) ) ;
#12470 = EDGE_CURVE ( 'NONE', #5976, #10355, #2721, .T. ) ;
#12471 = VERTEX_POINT ( 'NONE', #7241 ) ;
#12472 = EDGE_CURVE ( 'NONE', #3640, #7827, #12620, .T. ) ;
#12473 = AXIS2_PLACEMENT_3D ( 'NONE', #10542, #4660, #11556 ) ;
#12474 = EDGE_LOOP ( 'NONE', ( #5040, #693, #11806, #6075 ) ) ;
#12475 = VECTOR ( 'NONE', #3900, 1000.000000000000000 ) ;
#12476 = CIRCLE ( 'NONE', #11122, 0.01500217240645653274 ) ;
#12477 = EDGE_LOOP ( 'NONE', ( #6697, #4020, #7612, #1221 ) ) ;
#12478 = EDGE_CURVE ( 'NONE', #11810, #11265, #4467, .T. ) ;
#12479 = CARTESIAN_POINT ( 'NONE',  ( 0.6454278962151924759, 0.0000000000000000000, 0.4826978275935432383 ) ) ;
#12480 = LINE ( 'NONE', #11588, #4613 ) ;
#12481 = ADVANCED_FACE ( 'NONE', ( #5077 ), #6295, .F. ) ;
#12482 = VERTEX_POINT ( 'NONE', #349 ) ;
#12483 = LINE ( 'NONE', #10242, #2293 ) ;
#12484 = EDGE_CURVE ( 'NONE', #292, #6153, #1844, .T. ) ;
#12485 = ORIENTED_EDGE ( 'NONE', *, *, #3453, .T. ) ;
#12486 = CARTESIAN_POINT ( 'NONE',  ( -0.3766000000000001569, 0.1000000000000000056, 0.05229999999999981886 ) ) ;
#12487 = STYLED_ITEM ( 'NONE', ( #5629 ), #2326 ) ;
#12488 = FILL_AREA_STYLE ('',( #5596 ) ) ;
#12489 = VERTEX_POINT ( 'NONE', #5319 ) ;
#12490 = CARTESIAN_POINT ( 'NONE',  ( -1.021700000000000497, 0.1000000000000000056, 0.4999999999999997780 ) ) ;
#12491 = LINE ( 'NONE', #6263, #9560 ) ;
#12492 = DIRECTION ( 'NONE',  ( 0.0000000000000000000, 1.000000000000000000, 0.0000000000000000000 ) ) ;
#12493 = LINE ( 'NONE', #6704, #4633 ) ;
#12494 = ORIENTED_EDGE ( 'NONE', *, *, #11864, .T. ) ;
#12495 = ORIENTED_EDGE ( 'NONE', *, *, #8101, .T. ) ;
#12496 = PLANE ( 'NONE',  #3181 ) ;
#12497 = DIRECTION ( 'NONE',  ( 0.0000000000000000000, 0.0000000000000000000, 1.000000000000000000 ) ) ;
#12498 = SURFACE_STYLE_USAGE ( .BOTH. , #5610 ) ;
#12499 = PRESENTATION_STYLE_ASSIGNMENT (( #9897 ) ) ;
#12500 = FILL_AREA_STYLE ('',( #10501 ) ) ;
#12501 = VERTEX_POINT ( 'NONE', #12217 ) ;
#12502 = VECTOR ( 'NONE', #8059, 1000.000000000000000 ) ;
#12503 = ADVANCED_FACE ( 'NONE', ( #9411 ), #3211, .T. ) ;
#12504 = EDGE_CURVE ( 'NONE', #5581, #12704, #11084, .T. ) ;
#12505 = SURFACE_STYLE_USAGE ( .BOTH. , #5615 ) ;
#12506 = ORIENTED_EDGE ( 'NONE', *, *, #9538, .F. ) ;
#12507 =( GEOMETRIC_REPRESENTATION_CONTEXT ( 3 ) GLOBAL_UNCERTAINTY_ASSIGNED_CONTEXT ( ( #11679 ) ) GLOBAL_UNIT_ASSIGNED_CONTEXT ( ( #7864, #1005, #10346 ) ) REPRESENTATION_CONTEXT ( 'NONE', 'WORKASPACE' ) );
#12508 = CARTESIAN_POINT ( 'NONE',  ( -0.3352278962151924446, 0.1000000000000000056, -0.2153021724064569098 ) ) ;
#12509 = CARTESIAN_POINT ( 'NONE',  ( 1.600030214339628554, 0.1000000000000000056, 0.05229999999999978416 ) ) ;
#12510 = AXIS2_PLACEMENT_3D ( 'NONE', #5228, #2288, #9216 ) ;
#12511 = ORIENTED_EDGE ( 'NONE', *, *, #8741, .F. ) ;
#12512 = EDGE_CURVE ( 'NONE', #10084, #2274, #12038, .T. ) ;
#12513 = VERTEX_POINT ( 'NONE', #11225 ) ;
#12514 = FILL_AREA_STYLE ('',( #9389 ) ) ;
#12515 = VECTOR ( 'NONE', #2625, 1000.000000000000000 ) ;
#12516 = ORIENTED_EDGE ( 'NONE', *, *, #11401, .T. ) ;
#12517 = ORIENTED_EDGE ( 'NONE', *, *, #4555, .T. ) ;
#12518 = DIRECTION ( 'NONE',  ( 0.0000000000000000000, 0.0000000000000000000, -1.000000000000000000 ) ) ;
#12519 = FILL_AREA_STYLE_COLOUR ( '', #2619 ) ;
#12520 = SURFACE_STYLE_USAGE ( .BOTH. , #5628 ) ;
#12521 = FILL_AREA_STYLE_COLOUR ( '', #3341 ) ;
#12522 = UNCERTAINTY_MEASURE_WITH_UNIT (LENGTH_MEASURE( 1.000000000000000082E-05 ), #12370, 'distance_accuracy_value', 'NONE');
#12523 = SURFACE_SIDE_STYLE ('',( #11097 ) ) ;
#12524 = STYLED_ITEM ( 'NONE', ( #10731 ), #9706 ) ;
#12525 = ORIENTED_EDGE ( 'NONE', *, *, #9129, .F. ) ;
#12526 = CARTESIAN_POINT ( 'NONE',  ( -1.600000000000000311, -0.0000000000000000000, -0.5000000000000000000 ) ) ;
#12527 = VERTEX_POINT ( 'NONE', #2438 ) ;
#12528 = MECHANICAL_DESIGN_GEOMETRIC_PRESENTATION_REPRESENTATION (  '', ( #11207 ), #372 ) ;
#12529 =( NAMED_UNIT ( * ) PLANE_ANGLE_UNIT ( ) SI_UNIT ( $, .RADIAN. ) );
#12530 = CARTESIAN_POINT ( 'NONE',  ( 1.086202172406457001, 0.0000000000000000000, 0.4718000000000000527 ) ) ;
#12532 =( NAMED_UNIT ( * ) SI_UNIT ( $, .STERADIAN. ) SOLID_ANGLE_UNIT ( ) );
#12531 = UNCERTAINTY_MEASURE_WITH_UNIT (LENGTH_MEASURE( 1.000000000000000082E-05 ), #9023, 'distance_accuracy_value', 'NONE');
#12533 =( GEOMETRIC_REPRESENTATION_CONTEXT ( 3 ) GLOBAL_UNCERTAINTY_ASSIGNED_CONTEXT ( ( #12703 ) ) GLOBAL_UNIT_ASSIGNED_CONTEXT ( ( #12, #6941, #1016 ) ) REPRESENTATION_CONTEXT ( 'NONE', 'WORKASPACE' ) );
#12534 = VECTOR ( 'NONE', #8482, 1000.000000000000000 ) ;
#12535 = CARTESIAN_POINT ( 'NONE',  ( -1.562027896215192557, 0.1000000000000000056, -0.1857361597196679204 ) ) ;
#12536 = VECTOR ( 'NONE', #2749, 1000.000000000000000 ) ;
#12537 = SURFACE_STYLE_USAGE ( .BOTH. , #5653 ) ;
#12538 = VERTEX_POINT ( 'NONE', #7405 ) ;
#12539 = CARTESIAN_POINT ( 'NONE',  ( -0.4691278962151925191, 0.1000000000000000056, 0.4800999999999999157 ) ) ;
#12540 = VERTEX_POINT ( 'NONE', #4449 ) ;
#12541 = ADVANCED_FACE ( 'NONE', ( #611 ), #3446, .T. ) ;
#12542 = FILL_AREA_STYLE ('',( #3672 ) ) ;
#12543 = EDGE_CURVE ( 'NONE', #5350, #1423, #4621, .T. ) ;
#12544 = VECTOR ( 'NONE', #5842, 1000.000000000000000 ) ;
#12545 = PLANE ( 'NONE',  #7986 ) ;
#12546 = COLOUR_RGB ( '',0.9686274509803921573, 0.8784313725490195957, 0.5999999999999999778 ) ;
#12547 =( NAMED_UNIT ( * ) PLANE_ANGLE_UNIT ( ) SI_UNIT ( $, .RADIAN. ) );
#12548 = AXIS2_PLACEMENT_3D ( 'NONE', #12469, #6595, #664 ) ;
#12549 = PRESENTATION_LAYER_ASSIGNMENT (  '', '', ( #394 ) ) ;
#12550 =( NAMED_UNIT ( * ) PLANE_ANGLE_UNIT ( ) SI_UNIT ( $, .RADIAN. ) );
#12551 = UNCERTAINTY_MEASURE_WITH_UNIT (LENGTH_MEASURE( 1.000000000000000082E-05 ), #5914, 'distance_accuracy_value', 'NONE');
#12552 = CARTESIAN_POINT ( 'NONE',  ( 1.086202172406457001, 0.1000000000000000056, 0.1166021724064565668 ) ) ;
#12553 = DIRECTION ( 'NONE',  ( -1.000000000000000000, 0.0000000000000000000, -1.358513147160064791E-17 ) ) ;
#12554 = CARTESIAN_POINT ( 'NONE',  ( -1.296184350947589881, 0.1000000000000000056, 0.4717999999999997196 ) ) ;
#12555 = EDGE_CURVE ( 'NONE', #5126, #12072, #5882, .T. ) ;
#12556 = DIRECTION ( 'NONE',  ( -1.000000000000000000, 0.0000000000000000000, -0.0000000000000000000 ) ) ;
#12557 = DIRECTION ( 'NONE',  ( -0.7071067811865493491, 0.0000000000000000000, -0.7071067811865456854 ) ) ;
#12558 = VECTOR ( 'NONE', #7209, 1000.000000000000000 ) ;
#12559 = ORIENTED_EDGE ( 'NONE', *, *, #1519, .T. ) ;
#12560 = FACE_OUTER_BOUND ( 'NONE', #7693, .T. ) ;
#12561 = CARTESIAN_POINT ( 'NONE',  ( 1.285174339670224430, 0.1000000000000000056, -0.4718000000000002747 ) ) ;
#12562 = CIRCLE ( 'NONE', #2495, 0.01500217240645655876 ) ;
#12563 = VERTEX_POINT ( 'NONE', #7481 ) ;
#12564 = CARTESIAN_POINT ( 'NONE',  ( 1.600030214339628554, 0.1000000000000000056, 0.05229999999999978416 ) ) ;
#12565 = EDGE_LOOP ( 'NONE', ( #4254, #927, #10267, #404 ) ) ;
#12566 = EDGE_CURVE ( 'NONE', #10600, #6238, #9553, .T. ) ;
#12567 = DIRECTION ( 'NONE',  ( -1.000000000000000000, 0.0000000000000000000, 0.0000000000000000000 ) ) ;
#12568 = CARTESIAN_POINT ( 'NONE',  ( -0.3766000000000001569, 0.1000000000000000056, 0.05229999999999981886 ) ) ;
#12569 =( NAMED_UNIT ( * ) PLANE_ANGLE_UNIT ( ) SI_UNIT ( $, .RADIAN. ) );
#12570 = AXIS2_PLACEMENT_3D ( 'NONE', #4233, #11114, #5218 ) ;
#12571 = DIRECTION ( 'NONE',  ( -1.000000000000000000, -0.0000000000000000000, -0.0000000000000000000 ) ) ;
#12572 = FACE_OUTER_BOUND ( 'NONE', #3217, .T. ) ;
#12573 = ADVANCED_FACE ( 'NONE', ( #7258 ), #11886, .F. ) ;
#12574 = COLOUR_RGB ( '',0.9686274509803921573, 0.8784313725490195957, 0.5999999999999999778 ) ;
#12575 = SURFACE_STYLE_FILL_AREA ( #1372 ) ;
#12576 = ORIENTED_EDGE ( 'NONE', *, *, #39, .T. ) ;
#12577 = DIRECTION ( 'NONE',  ( 0.0000000000000000000, -1.000000000000000000, 0.0000000000000000000 ) ) ;
#12578 = ORIENTED_EDGE ( 'NONE', *, *, #6018, .T. ) ;
#12579 = LINE ( 'NONE', #4722, #7356 ) ;
#12580 = ORIENTED_EDGE ( 'NONE', *, *, #757, .T. ) ;
#12581 = DIRECTION ( 'NONE',  ( -1.000000000000000000, 0.0000000000000000000, -1.107775638063495903E-17 ) ) ;
#12582 = LINE ( 'NONE', #4470, #2092 ) ;
#12583 = PRESENTATION_LAYER_ASSIGNMENT (  '', '', ( #11938 ) ) ;
#12584 = LINE ( 'NONE', #8240, #7671 ) ;
#12585 = AXIS2_PLACEMENT_3D ( 'NONE', #3939, #4894, #7920 ) ;
#12586 = DIRECTION ( 'NONE',  ( 0.0000000000000000000, -1.000000000000000000, 0.0000000000000000000 ) ) ;
#12587 = EDGE_LOOP ( 'NONE', ( #6434, #7353, #10433, #1534 ) ) ;
#12588 = LINE ( 'NONE', #4542, #11197 ) ;
#12589 = CARTESIAN_POINT ( 'NONE',  ( 0.1005151071698142246, 0.1000000000000000056, -0.4976000000000002643 ) ) ;
#12590 = DIRECTION ( 'NONE',  ( 0.7071067811865474617, 0.0000000000000000000, -0.7071067811865474617 ) ) ;
#12591 = PLANE ( 'NONE',  #11638 ) ;
#12592 = ORIENTED_EDGE ( 'NONE', *, *, #7336, .F. ) ;
#12593 = FILL_AREA_STYLE ('',( #3770 ) ) ;
#12594 = EDGE_CURVE ( 'NONE', #8694, #1109, #12176, .T. ) ;
#12595 = DIRECTION ( 'NONE',  ( 1.000000000000000000, 0.0000000000000000000, -4.843431639425979442E-16 ) ) ;
#12596 =( NAMED_UNIT ( * ) SI_UNIT ( $, .STERADIAN. ) SOLID_ANGLE_UNIT ( ) );
#12597 = VECTOR ( 'NONE', #9717, 1000.000000000000000 ) ;
#12598 = DIRECTION ( 'NONE',  ( 4.020095065059161301E-16, 0.0000000000000000000, 1.000000000000000000 ) ) ;
#12599 = CARTESIAN_POINT ( 'NONE',  ( 0.3325300686216491330, 0.1000000000000000056, -0.08669782759354358048 ) ) ;
#12600 = CARTESIAN_POINT ( 'NONE',  ( 1.600000000000000311, 0.1000000000000000056, 0.5000000000000000000 ) ) ;
#12601 = DIRECTION ( 'NONE',  ( 0.0000000000000000000, 0.0000000000000000000, 1.000000000000000000 ) ) ;
#12602 = EDGE_CURVE ( 'NONE', #8437, #10563, #1683, .T. ) ;
#12603 = AXIS2_PLACEMENT_3D ( 'NONE', #9855, #26, #6953 ) ;
#12604 = ORIENTED_EDGE ( 'NONE', *, *, #9684, .F. ) ;
#12605 = CARTESIAN_POINT ( 'NONE',  ( -0.4585278962151925208, 0.1000000000000000056, 0.4694999999999999174 ) ) ;
#12606 = CYLINDRICAL_SURFACE ( 'NONE', #6132, 0.01500217240645653274 ) ;
#12607 = CIRCLE ( 'NONE', #3518, 0.2009999999999999010 ) ;
#12608 = PRESENTATION_LAYER_ASSIGNMENT (  '', '', ( #11962 ) ) ;
#12609 = CARTESIAN_POINT ( 'NONE',  ( 0.1774300686216490897, 0.1000000000000000056, -0.4849978275935437066 ) ) ;
#12610 = PRESENTATION_LAYER_ASSIGNMENT (  '', '', ( #11963 ) ) ;
#12611 = CARTESIAN_POINT ( 'NONE',  ( 0.3175278962151926176, 0.1000000000000000056, -0.08669782759354346946 ) ) ;
#12612 = ORIENTED_EDGE ( 'NONE', *, *, #2914, .F. ) ;
#12613 =( LENGTH_UNIT ( ) NAMED_UNIT ( * ) SI_UNIT ( .MILLI., .METRE. ) );
#12614 = ADVANCED_FACE ( 'NONE', ( #9258 ), #9502, .T. ) ;
#12615 = LINE ( 'NONE', #9580, #7390 ) ;
#12616 = ORIENTED_EDGE ( 'NONE', *, *, #2951, .T. ) ;
#12617 = SURFACE_STYLE_USAGE ( .BOTH. , #5735 ) ;
#12618 = CARTESIAN_POINT ( 'NONE',  ( 1.082627896215192509, 0.1000000000000000056, -0.2153021724064568543 ) ) ;
#12619 = CARTESIAN_POINT ( 'NONE',  ( -0.1774300686216490897, 0.1000000000000000056, 0.4826978275935433493 ) ) ;
#12620 = LINE ( 'NONE', #8215, #9723 ) ;
#12621 = UNCERTAINTY_MEASURE_WITH_UNIT (LENGTH_MEASURE( 1.000000000000000082E-05 ), #2606, 'distance_accuracy_value', 'NONE');
#12622 = LINE ( 'NONE', #2975, #4768 ) ;
#12623 = CARTESIAN_POINT ( 'NONE',  ( -0.7009000000000003006, 0.1000000000000000056, 0.4999999999999997780 ) ) ;
#12624 = MECHANICAL_DESIGN_GEOMETRIC_PRESENTATION_REPRESENTATION (  '', ( #10621 ), #467 ) ;
#12625 = ORIENTED_EDGE ( 'NONE', *, *, #2593, .T. ) ;
#12626 = SURFACE_SIDE_STYLE ('',( #11489 ) ) ;
#12627 = VECTOR ( 'NONE', #8455, 1000.000000000000000 ) ;
#12628 = AXIS2_PLACEMENT_3D ( 'NONE', #2305, #9233, #3294 ) ;
#12629 = PRESENTATION_LAYER_ASSIGNMENT (  '', '', ( #474 ) ) ;
#12630 = ORIENTED_EDGE ( 'NONE', *, *, #11401, .F. ) ;
#12631 = CARTESIAN_POINT ( 'NONE',  ( 1.097630068621648913, 0.1000000000000000056, -0.4567978275935437038 ) ) ;
#12632 = FILL_AREA_STYLE ('',( #11646 ) ) ;
#12633 =( LENGTH_UNIT ( ) NAMED_UNIT ( * ) SI_UNIT ( .MILLI., .METRE. ) );
#12634 = DIRECTION ( 'NONE',  ( 0.7071067811865474617, 0.0000000000000000000, -0.7071067811865474617 ) ) ;
#12635 = CARTESIAN_POINT ( 'NONE',  ( 1.285174339670224430, 0.0000000000000000000, -0.4868021724064567901 ) ) ;
#12636 = ADVANCED_FACE ( 'NONE', ( #432 ), #8025, .F. ) ;
#12637 = ORIENTED_EDGE ( 'NONE', *, *, #2824, .F. ) ;
#12638 = DIRECTION ( 'NONE',  ( 0.0000000000000000000, 0.0000000000000000000, 1.000000000000000000 ) ) ;
#12639 = DIRECTION ( 'NONE',  ( 0.0000000000000000000, 0.0000000000000000000, 1.000000000000000000 ) ) ;
#12640 = DIRECTION ( 'NONE',  ( 0.0000000000000000000, 0.0000000000000000000, -1.000000000000000000 ) ) ;
#12641 = CARTESIAN_POINT ( 'NONE',  ( -0.4585278962151925208, 0.0000000000000000000, 0.4694999999999999174 ) ) ;
#12642 = ORIENTED_EDGE ( 'NONE', *, *, #7995, .F. ) ;
#12643 = EDGE_CURVE ( 'NONE', #12228, #10084, #8318, .T. ) ;
#12644 =( NAMED_UNIT ( * ) SI_UNIT ( $, .STERADIAN. ) SOLID_ANGLE_UNIT ( ) );
#12646 = ORIENTED_EDGE ( 'NONE', *, *, #3771, .F. ) ;
#12645 = EDGE_CURVE ( 'NONE', #698, #8748, #10614, .T. ) ;
#12647 = CARTESIAN_POINT ( 'NONE',  ( 0.7009302143396288765, 0.0000000000000000000, 0.4999999999999993339 ) ) ;
#12648 = CARTESIAN_POINT ( 'NONE',  ( -0.4797278962151925175, 0.1000000000000000056, 0.4976999999999999202 ) ) ;
#12649 = LINE ( 'NONE', #8127, #12337 ) ;
#12650 = FILL_AREA_STYLE_COLOUR ( '', #10032 ) ;
#12651 = ORIENTED_EDGE ( 'NONE', *, *, #8140, .T. ) ;
#12652 = CARTESIAN_POINT ( 'NONE',  ( -1.285174339670224430, 0.1000000000000000056, -0.4868021724064567901 ) ) ;
#12653 = ORIENTED_EDGE ( 'NONE', *, *, #2624, .F. ) ;
#12654 = ORIENTED_EDGE ( 'NONE', *, *, #3237, .T. ) ;
#12655 = CARTESIAN_POINT ( 'NONE',  ( -1.399000000000000243, 0.5000000000000000000, -0.5000000000000002220 ) ) ;
#12656 = FACE_OUTER_BOUND ( 'NONE', #10749, .T. ) ;
#12657 = ORIENTED_EDGE ( 'NONE', *, *, #3063, .F. ) ;
#12658 = SURFACE_STYLE_USAGE ( .BOTH. , #5780 ) ;
#12659 = CARTESIAN_POINT ( 'NONE',  ( 1.086202172406457001, 0.1000000000000000056, 0.4718000000000000527 ) ) ;
#12660 = DIRECTION ( 'NONE',  ( 0.0000000000000000000, -1.000000000000000000, 0.0000000000000000000 ) ) ;
#12661 = VERTEX_POINT ( 'NONE', #704 ) ;
#12662 = CARTESIAN_POINT ( 'NONE',  ( -1.086202172406457001, 0.0000000000000000000, 0.1015999999999997599 ) ) ;
#12663 = CYLINDRICAL_SURFACE ( 'NONE', #1164, 0.01500217240645655876 ) ;
#12664 = ORIENTED_EDGE ( 'NONE', *, *, #4860, .T. ) ;
#12665 = EDGE_LOOP ( 'NONE', ( #4955, #7248, #9584, #8320 ) ) ;
#12666 = CARTESIAN_POINT ( 'NONE',  ( 1.299900000000000277, 0.0000000000000000000, -0.5000000000000002220 ) ) ;
#12667 = DIRECTION ( 'NONE',  ( -1.000000000000000000, 0.0000000000000000000, 4.179009298818627440E-17 ) ) ;
#12668 = ADVANCED_FACE ( 'NONE', ( #5376 ), #11517, .T. ) ;
#12669 = DIRECTION ( 'NONE',  ( 0.0000000000000000000, -1.000000000000000000, 0.0000000000000000000 ) ) ;
#12670 = FILL_AREA_STYLE ('',( #8736 ) ) ;
#12671 = AXIS2_PLACEMENT_3D ( 'NONE', #7287, #1355, #8262 ) ;
#12672 = EDGE_LOOP ( 'NONE', ( #1193, #6716, #7199, #3234 ) ) ;
#12673 = LINE ( 'NONE', #842, #2179 ) ;
#12674 = EDGE_CURVE ( 'NONE', #2444, #3600, #12027, .T. ) ;
#12675 =( LENGTH_UNIT ( ) NAMED_UNIT ( * ) SI_UNIT ( .MILLI., .METRE. ) );
#12676 = ORIENTED_EDGE ( 'NONE', *, *, #10097, .T. ) ;
#12677 = CARTESIAN_POINT ( 'NONE',  ( 0.3175278962151926176, 0.1000000000000000056, -0.08669782759354346946 ) ) ;
#12678 = AXIS2_PLACEMENT_3D ( 'NONE', #5900, #7836, #12757 ) ;
#12679 = CYLINDRICAL_SURFACE ( 'NONE', #255, 0.01500217240645653274 ) ;
#12680 = ORIENTED_EDGE ( 'NONE', *, *, #7764, .T. ) ;
#12681 = DIRECTION ( 'NONE',  ( 3.141067797710766260E-15, -0.0000000000000000000, 1.000000000000000000 ) ) ;
#12682 = DIRECTION ( 'NONE',  ( -0.0000000000000000000, 0.0000000000000000000, 1.000000000000000000 ) ) ;
#12683 = STYLED_ITEM ( 'NONE', ( #688 ), #3540 ) ;
#12684 = PRESENTATION_STYLE_ASSIGNMENT (( #9044 ) ) ;
#12685 = CARTESIAN_POINT ( 'NONE',  ( 1.316595130599349295, 0.1000000000000000056, -0.4012999999999999901 ) ) ;
#12686 = VECTOR ( 'NONE', #10955, 1000.000000000000000 ) ;
#12687 = EDGE_LOOP ( 'NONE', ( #9488, #12274, #4045, #4786 ) ) ;
#12688 = DIRECTION ( 'NONE',  ( 0.0000000000000000000, -1.000000000000000000, 0.0000000000000000000 ) ) ;
#12689 = VERTEX_POINT ( 'NONE', #11608 ) ;
#12690 = DIRECTION ( 'NONE',  ( -1.000000000000000000, 0.0000000000000000000, 0.0000000000000000000 ) ) ;
#12691 = ORIENTED_EDGE ( 'NONE', *, *, #2796, .T. ) ;
#12692 = FACE_OUTER_BOUND ( 'NONE', #5641, .T. ) ;
#12693 = AXIS2_PLACEMENT_3D ( 'NONE', #10580, #4700, #11593 ) ;
#12694 = ADVANCED_FACE ( 'NONE', ( #9396 ), #2697, .F. ) ;
#12695 = PRESENTATION_LAYER_ASSIGNMENT (  '', '', ( #12052 ) ) ;
#12696 = CARTESIAN_POINT ( 'NONE',  ( -0.3175278962151925066, 0.0000000000000000000, 0.08429782759354324806 ) ) ;
#12697 = SURFACE_STYLE_USAGE ( .BOTH. , #5831 ) ;
#12698 = UNCERTAINTY_MEASURE_WITH_UNIT (LENGTH_MEASURE( 1.000000000000000082E-05 ), #8388, 'distance_accuracy_value', 'NONE');
#12699 = CARTESIAN_POINT ( 'NONE',  ( 1.577030068621648740, 0.1000000000000000056, -0.1857361597196678926 ) ) ;
#12700 = STYLED_ITEM ( 'NONE', ( #9145 ), #456 ) ;
#12701 = PRESENTATION_STYLE_ASSIGNMENT (( #7377 ) ) ;
#12702 = VERTEX_POINT ( 'NONE', #5707 ) ;
#12703 = UNCERTAINTY_MEASURE_WITH_UNIT (LENGTH_MEASURE( 1.000000000000000082E-05 ), #12, 'distance_accuracy_value', 'NONE');
#12704 = VERTEX_POINT ( 'NONE', #7703 ) ;
#12705 = PRESENTATION_STYLE_ASSIGNMENT (( #2439 ) ) ;
#12706 = VERTEX_POINT ( 'NONE', #1768 ) ;
#12707 = CARTESIAN_POINT ( 'NONE',  ( 1.547025723808735931, 0.1000000000000000056, -0.1167021724064566529 ) ) ;
#12708 = EDGE_CURVE ( 'NONE', #8481, #66, #1831, .T. ) ;
#12709 = EDGE_CURVE ( 'NONE', #7181, #4078, #4154, .T. ) ;
#12710 = ORIENTED_EDGE ( 'NONE', *, *, #8996, .T. ) ;
#12711 = DIRECTION ( 'NONE',  ( 1.000000000000000000, 0.0000000000000000000, -0.0000000000000000000 ) ) ;
#12712 = CARTESIAN_POINT ( 'NONE',  ( 0.6454278962151924759, 0.1000000000000000056, 0.4826978275935432383 ) ) ;
#12713 = CARTESIAN_POINT ( 'NONE',  ( 0.4585278962151925208, 0.0000000000000000000, 0.4694999999999998064 ) ) ;
#12714 = VECTOR ( 'NONE', #10451, 1000.000000000000000 ) ;
#12715 = ORIENTED_EDGE ( 'NONE', *, *, #899, .T. ) ;
#12716 = ORIENTED_EDGE ( 'NONE', *, *, #5764, .F. ) ;
#12717 = EDGE_CURVE ( 'NONE', #8395, #10323, #6801, .T. ) ;
#12718 = ORIENTED_EDGE ( 'NONE', *, *, #7730, .F. ) ;
#12719 = CARTESIAN_POINT ( 'NONE',  ( 1.086202172406457001, 0.1000000000000000056, 0.1016000000000000097 ) ) ;
#12720 = SURFACE_STYLE_FILL_AREA ( #2961 ) ;
#12721 =( NAMED_UNIT ( * ) SI_UNIT ( $, .STERADIAN. ) SOLID_ANGLE_UNIT ( ) );
#12722 = ORIENTED_EDGE ( 'NONE', *, *, #9834, .T. ) ;
#12723 = CARTESIAN_POINT ( 'NONE',  ( -0.4691278962151925191, 0.1000000000000000056, 0.4800999999999999157 ) ) ;
#12724 = FACE_OUTER_BOUND ( 'NONE', #12474, .T. ) ;
#12725 = LINE ( 'NONE', #8597, #7200 ) ;
#12727 = CARTESIAN_POINT ( 'NONE',  ( -1.600000000000000311, 0.1000000000000000056, 0.05229999999999981192 ) ) ;
#12726 = FACE_OUTER_BOUND ( 'NONE', #5634, .T. ) ;
#12728 = EDGE_CURVE ( 'NONE', #4336, #9071, #11717, .T. ) ;
#12729 = ORIENTED_EDGE ( 'NONE', *, *, #12029, .T. ) ;
#12730 = CARTESIAN_POINT ( 'NONE',  ( 1.067625723808735883, 0.1000000000000000056, -0.2153021724064567433 ) ) ;
#12731 = DIRECTION ( 'NONE',  ( 0.0000000000000000000, 0.0000000000000000000, -1.000000000000000000 ) ) ;
#12732 = ORIENTED_EDGE ( 'NONE', *, *, #4988, .T. ) ;
#12733 = DIRECTION ( 'NONE',  ( 0.0000000000000000000, -1.000000000000000000, 0.0000000000000000000 ) ) ;
#12734 = DIRECTION ( 'NONE',  ( 0.0000000000000000000, -1.000000000000000000, 0.0000000000000000000 ) ) ;
#12735 = ADVANCED_FACE ( 'NONE', ( #6489 ), #6169, .F. ) ;
#12736 = AXIS2_PLACEMENT_3D ( 'NONE', #3759, #771, #1261 ) ;
#12737 = ORIENTED_EDGE ( 'NONE', *, *, #12317, .F. ) ;
#12738 = CARTESIAN_POINT ( 'NONE',  ( -1.296800000000000397, 0.09999999999999999167, 0.4823999999999999955 ) ) ;
#12739 = CARTESIAN_POINT ( 'NONE',  ( 0.3069278962151925083, 0.1000000000000000056, 0.4976999999999998092 ) ) ;
#12740 = PLANE ( 'NONE',  #7009 ) ;
#12741 = FILL_AREA_STYLE ('',( #11766 ) ) ;
#12742 = ORIENTED_EDGE ( 'NONE', *, *, #936, .T. ) ;
#12743 = VECTOR ( 'NONE', #9863, 1000.000000000000000 ) ;
#12744 = DIRECTION ( 'NONE',  ( 1.000000000000000000, 0.0000000000000000000, 0.0000000000000000000 ) ) ;
#12745 = LINE ( 'NONE', #8219, #10112 ) ;
#12746 = STYLED_ITEM ( 'NONE', ( #5387 ), #12001 ) ;
#12747 = EDGE_CURVE ( 'NONE', #11332, #4561, #11397, .T. ) ;
#12748 = FILL_AREA_STYLE ('',( #8819 ) ) ;
#12749 = UNCERTAINTY_MEASURE_WITH_UNIT (LENGTH_MEASURE( 1.000000000000000082E-05 ), #10037, 'distance_accuracy_value', 'NONE');
#12750 = PLANE ( 'NONE',  #2936 ) ;
#12751 = DIRECTION ( 'NONE',  ( 1.000000000000000000, -0.0000000000000000000, 9.098841772336320612E-17 ) ) ;
#12752 = EDGE_LOOP ( 'NONE', ( #76, #2055, #12400, #6202, #508, #10161 ) ) ;
#12753 = LINE ( 'NONE', #1625, #12456 ) ;
#12754 = EDGE_CURVE ( 'NONE', #1935, #4274, #8807, .T. ) ;
#12755 = SURFACE_SIDE_STYLE ('',( #4932 ) ) ;
#12756 = ADVANCED_FACE ( 'NONE', ( #8476 ), #879, .F. ) ;
#12757 = DIRECTION ( 'NONE',  ( 0.0000000000000000000, 0.0000000000000000000, 1.000000000000000000 ) ) ;
#12758 = DIRECTION ( 'NONE',  ( -0.0000000000000000000, -1.000000000000000000, -0.0000000000000000000 ) ) ;
#12759 = CARTESIAN_POINT ( 'NONE',  ( -1.553297827593543845, 0.0000000000000000000, 0.1015999999999996489 ) ) ;
#12760 = EDGE_LOOP ( 'NONE', ( #7028, #12425, #962, #2809, #6280, #4607, #4345, #3052, #12463, #5203, #5238, #10294, #6943, #2264, #2296, #772, #8134, #6088, #1309, #2608, #12093, #5328, #1078, #10405, #9711, #3669, #11855, #11892, #5106, #4898, #2799, #701, #9573, #6240, #3397, #8017, #4567, #1224, #5353 ) ) ;
#12761 = PRESENTATION_STYLE_ASSIGNMENT (( #8344 ) ) ;
#12762 = ORIENTED_EDGE ( 'NONE', *, *, #5849, .T. ) ;
#12763 = CARTESIAN_POINT ( 'NONE',  ( -0.3202257238087360403, -0.0000000000000000000, -0.4849978275935437066 ) ) ;
#12764 = SURFACE_STYLE_FILL_AREA ( #5239 ) ;
#12765 = CARTESIAN_POINT ( 'NONE',  ( 0.3175278962151924511, 0.1000000000000000056, 0.4800999999999998047 ) ) ;
#12766 = PRESENTATION_LAYER_ASSIGNMENT (  '', '', ( #11445 ) ) ;
#12767 = DIRECTION ( 'NONE',  ( 0.0000000000000000000, 0.0000000000000000000, 1.000000000000000000 ) ) ;
#12768 = STYLED_ITEM ( 'NONE', ( #7785 ), #7042 ) ;
#12769 =( NAMED_UNIT ( * ) PLANE_ANGLE_UNIT ( ) SI_UNIT ( $, .RADIAN. ) );
#12770 = DIRECTION ( 'NONE',  ( 0.0000000000000000000, 0.0000000000000000000, 1.000000000000000000 ) ) ;
#12771 = FILL_AREA_STYLE ('',( #10792 ) ) ;
#12772 = COLOUR_RGB ( '',0.9686274509803921573, 0.8784313725490195957, 0.5999999999999999778 ) ;
#12773 = EDGE_CURVE ( 'NONE', #7841, #2983, #1223, .T. ) ;
#12774 = ORIENTED_EDGE ( 'NONE', *, *, #3473, .T. ) ;
#12775 = EDGE_LOOP ( 'NONE', ( #518, #7769, #10659, #12041, #161, #11540, #11577, #3177, #2838, #2333, #10952, #9291, #3921, #11271, #3042, #12429, #9105, #3031, #3340, #6039, #1849, #1639, #8843, #5341, #3715, #2965, #1485, #4771, #11493, #599, #7387, #10263, #7725, #5806, #11195, #312, #9670, #5401, #7324 ) ) ;
#12776 = SURFACE_STYLE_FILL_AREA ( #2879 ) ;
#12777 = DIRECTION ( 'NONE',  ( -1.000000000000000000, 0.0000000000000000000, 0.0000000000000000000 ) ) ;
#12778 = CARTESIAN_POINT ( 'NONE',  ( 1.099400000000000377, 0.09999999999999999167, -0.3025999999999999801 ) ) ;
#12779 = EDGE_LOOP ( 'NONE', ( #5076, #5108, #11103, #6582 ) ) ;
#12780 = CYLINDRICAL_SURFACE ( 'NONE', #10502, 0.2010000000000000120 ) ;
#12781 = STYLED_ITEM ( 'NONE', ( #12387 ), #10994 ) ;
#12782 = EDGE_CURVE ( 'NONE', #5321, #7585, #3529, .T. ) ;
#12783 = SURFACE_STYLE_FILL_AREA ( #5850 ) ;
#12784 = AXIS2_PLACEMENT_3D ( 'NONE', #3028, #9942, #4057 ) ;
#12785 = MECHANICAL_DESIGN_GEOMETRIC_PRESENTATION_REPRESENTATION (  '', ( #9501 ), #658 ) ;
#12786 = EDGE_LOOP ( 'NONE', ( #6479, #12012, #6821, #7901, #8257, #10516, #5457, #12361, #6414, #3220, #274, #5259, #4018, #5855, #902, #944, #4637, #2675, #7321, #2207, #8839, #3122, #7, #11379, #6783, #1538, #13, #2988, #5288 ) ) ;
ENDSEC;
END-ISO-10303-21;
