ISO-10303-21;
HEADER;
FILE_DESCRIPTION (( 'STEP AP214' ),
    '1' );
FILE_NAME ('SOT763-1.STEP',
    '2020-09-17T09:48:13',
    ( '' ),
    ( '' ),
    'SwSTEP 2.0',
    'SolidWorks 2017',
    '' );
FILE_SCHEMA (( 'AUTOMOTIVE_DESIGN' ));
ENDSEC;

DATA;
#1 = VECTOR ( 'NONE', #5923, 1000.000000000000000 ) ;
#2 = EDGE_LOOP ( 'NONE', ( #5764, #2957, #538, #5752 ) ) ;
#3 = ORIENTED_EDGE ( 'NONE', *, *, #2960, .T. ) ;
#4 = DIRECTION ( 'NONE',  ( 1.000000000000000000, 0.0000000000000000000, 3.491481338843133400E-015 ) ) ;
#5 = VECTOR ( 'NONE', #477, 1000.000000000000000 ) ;
#6 = CIRCLE ( 'NONE', #1752, 0.1199999999999998800 ) ;
#7 = ORIENTED_EDGE ( 'NONE', *, *, #2248, .T. ) ;
#8 = VECTOR ( 'NONE', #447, 1000.000000000000000 ) ;
#9 = PLANE ( 'NONE',  #2134 ) ;
#10 = CARTESIAN_POINT ( 'NONE',  ( 3.711342971980946800E-015, 0.05000000000000000300, -0.8700000000000002200 ) ) ;
#11 = CARTESIAN_POINT ( 'NONE',  ( -0.9700000000000009700, 0.1999999999999999800, 0.1299999999999974000 ) ) ;
#12 = CARTESIAN_POINT ( 'NONE',  ( 0.2500000000000051600, 0.1999999999999999800, -1.469999999999998900 ) ) ;
#13 = LINE ( 'NONE', #565, #435 ) ;
#14 = LINE ( 'NONE', #808, #1163 ) ;
#15 = ORIENTED_EDGE ( 'NONE', *, *, #3888, .F. ) ;
#16 = CARTESIAN_POINT ( 'NONE',  ( 1.250000000000000000, 0.6664761515876241900, 0.1300000000000051400 ) ) ;
#17 = DIRECTION ( 'NONE',  ( -3.491481338843133400E-015, 0.0000000000000000000, 1.000000000000000000 ) ) ;
#18 = ADVANCED_FACE ( 'NONE', ( #1657 ), #3086, .F. ) ;
#19 = DIRECTION ( 'NONE',  ( -1.000000000000000000, 0.0000000000000000000, -4.265911462047064500E-015 ) ) ;
#20 = CIRCLE ( 'NONE', #4968, 0.1199999999999998800 ) ;
#21 = EDGE_CURVE ( 'NONE', #4931, #4464, #5148, .T. ) ;
#22 = ORIENTED_EDGE ( 'NONE', *, *, #1031, .F. ) ;
#23 = DIRECTION ( 'NONE',  ( 0.0000000000000000000, -1.000000000000000000, 0.0000000000000000000 ) ) ;
#24 = EDGE_CURVE ( 'NONE', #3484, #4931, #5429, .T. ) ;
#25 = AXIS2_PLACEMENT_3D ( 'NONE', #1816, #2247, #2712 ) ;
#26 = DIRECTION ( 'NONE',  ( -1.000000000000000000, 0.0000000000000000000, -2.717051215639202200E-015 ) ) ;
#27 = FACE_OUTER_BOUND ( 'NONE', #3371, .T. ) ;
#28 = DIRECTION ( 'NONE',  ( -3.491481338843133400E-015, 0.0000000000000000000, 1.000000000000000000 ) ) ;
#29 = VERTEX_POINT ( 'NONE', #4386 ) ;
#30 = LINE ( 'NONE', #5134, #3386 ) ;
#31 = ORIENTED_EDGE ( 'NONE', *, *, #4264, .F. ) ;
#32 = AXIS2_PLACEMENT_3D ( 'NONE', #5072, #3301, #939 ) ;
#33 = DIRECTION ( 'NONE',  ( -0.0000000000000000000, -1.000000000000000000, 0.0000000000000000000 ) ) ;
#34 = EDGE_CURVE ( 'NONE', #3976, #4119, #4081, .T. ) ;
#35 = CARTESIAN_POINT ( 'NONE',  ( -0.5000000000000032200, 2.436067977499790000, 0.9999999999999985600 ) ) ;
#36 = CARTESIAN_POINT ( 'NONE',  ( -0.9699999999999984200, 0.04999999999999999600, -0.6300000000000028900 ) ) ;
#37 = COLOUR_RGB ( '',0.7921568627450980000, 0.8196078431372548800, 0.9333333333333333500 ) ;
#38 = CIRCLE ( 'NONE', #4850, 0.1500000000000001900 ) ;
#39 =( NAMED_UNIT ( * ) SI_UNIT ( $, .STERADIAN. ) SOLID_ANGLE_UNIT ( ) );
#40 = ORIENTED_EDGE ( 'NONE', *, *, #4986, .T. ) ;
#41 = DIRECTION ( 'NONE',  ( 0.0000000000000000000, -1.000000000000000000, 0.0000000000000000000 ) ) ;
#42 = VECTOR ( 'NONE', #4160, 1000.000000000000000 ) ;
#43 = ORIENTED_EDGE ( 'NONE', *, *, #5282, .F. ) ;
#44 = AXIS2_PLACEMENT_3D ( 'NONE', #2794, #1053, #3814 ) ;
#45 = ORIENTED_EDGE ( 'NONE', *, *, #2501, .T. ) ;
#46 = AXIS2_PLACEMENT_3D ( 'NONE', #2241, #4041, #1964 ) ;
#47 = CARTESIAN_POINT ( 'NONE',  ( 0.9699999999999956400, 0.1999999999999999800, 1.370000000000003900 ) ) ;
#48 = LINE ( 'NONE', #3485, #5178 ) ;
#49 = ORIENTED_EDGE ( 'NONE', *, *, #4650, .T. ) ;
#50 = CARTESIAN_POINT ( 'NONE',  ( 0.9700000000000047500, 0.2000000000000000100, -1.249999999999996200 ) ) ;
#51 = VERTEX_POINT ( 'NONE', #5831 ) ;
#52 = VECTOR ( 'NONE', #5394, 1000.000000000000000 ) ;
#53 = CARTESIAN_POINT ( 'NONE',  ( -0.1299999999999950100, 0.05000000000000002400, -1.470000000000000000 ) ) ;
#54 = DIRECTION ( 'NONE',  ( -0.0000000000000000000, -1.000000000000000000, 0.0000000000000000000 ) ) ;
#55 = DIRECTION ( 'NONE',  ( 1.000000000000000000, 0.0000000000000000000, 2.717051215639202600E-015 ) ) ;
#56 = DIRECTION ( 'NONE',  ( 1.000000000000000000, 0.0000000000000000000, 4.265911462047064500E-015 ) ) ;
#57 = CARTESIAN_POINT ( 'NONE',  ( -0.9700000000000031900, 0.1999999999999999800, 0.7499999999999973400 ) ) ;
#58 = CARTESIAN_POINT ( 'NONE',  ( -0.9700000000000031900, 0.2000000000000000100, 0.7499999999999973400 ) ) ;
#59 = VERTEX_POINT ( 'NONE', #4904 ) ;
#60 = DIRECTION ( 'NONE',  ( -3.491481338843133400E-015, 0.0000000000000000000, 1.000000000000000000 ) ) ;
#61 = AXIS2_PLACEMENT_3D ( 'NONE', #4064, #905, #2244 ) ;
#62 = DIRECTION ( 'NONE',  ( 0.0000000000000000000, 1.000000000000000000, 0.0000000000000000000 ) ) ;
#63 = EDGE_CURVE ( 'NONE', #4609, #1696, #5005, .T. ) ;
#64 = MECHANICAL_DESIGN_GEOMETRIC_PRESENTATION_REPRESENTATION (  '', ( #5809 ), #180 ) ;
#65 = DIRECTION ( 'NONE',  ( 0.0000000000000000000, -1.000000000000000000, -0.0000000000000000000 ) ) ;
#66 = CARTESIAN_POINT ( 'NONE',  ( 0.9699999999999956400, 0.6664761515876241900, 1.370000000000003900 ) ) ;
#67 = AXIS2_PLACEMENT_3D ( 'NONE', #4102, #5536, #1416 ) ;
#68 = ORIENTED_EDGE ( 'NONE', *, *, #4961, .T. ) ;
#69 = FILL_AREA_STYLE ('',( #4578 ) ) ;
#70 = CARTESIAN_POINT ( 'NONE',  ( -0.9699999999999963100, 0.6664761515876241900, -1.250000000000002900 ) ) ;
#71 = DIRECTION ( 'NONE',  ( 1.000000000000000000, 0.0000000000000000000, 3.614007241618351500E-015 ) ) ;
#72 = LINE ( 'NONE', #1501, #1668 ) ;
#73 = CARTESIAN_POINT ( 'NONE',  ( 0.9700000000000014200, 0.2000000000000000100, -0.3699999999999961100 ) ) ;
#74 = ORIENTED_EDGE ( 'NONE', *, *, #3579, .T. ) ;
#75 = VERTEX_POINT ( 'NONE', #4838 ) ;
#76 = CARTESIAN_POINT ( 'NONE',  ( -0.7999999999999980500, 0.4757359312880711200, -1.450000000000002600 ) ) ;
#77 = ADVANCED_FACE ( 'NONE', ( #1161 ), #2994, .T. ) ;
#78 = CIRCLE ( 'NONE', #2617, 0.1199999999999998800 ) ;
#79 = ORIENTED_EDGE ( 'NONE', *, *, #2249, .T. ) ;
#80 = VECTOR ( 'NONE', #5928, 1000.000000000000000 ) ;
#81 = CIRCLE ( 'NONE', #5730, 0.1199999999999998600 ) ;
#82 = ORIENTED_EDGE ( 'NONE', *, *, #941, .F. ) ;
#83 = FACE_OUTER_BOUND ( 'NONE', #5825, .T. ) ;
#84 = CIRCLE ( 'NONE', #676, 0.1199999999999998800 ) ;
#85 = FACE_OUTER_BOUND ( 'NONE', #4782, .T. ) ;
#86 = EDGE_LOOP ( 'NONE', ( #1931, #4848, #2450, #4271 ) ) ;
#87 =( NAMED_UNIT ( * ) SI_UNIT ( $, .STERADIAN. ) SOLID_ANGLE_UNIT ( ) );
#88 = CARTESIAN_POINT ( 'NONE',  ( 0.9699999999999977500, 0.6664761515876241900, 0.7500000000000037700 ) ) ;
#89 = DIRECTION ( 'NONE',  ( -1.000000000000000000, 0.0000000000000000000, -3.491481338843133400E-015 ) ) ;
#90 = EDGE_CURVE ( 'NONE', #461, #4991, #3074, .T. ) ;
#91 = VECTOR ( 'NONE', #1083, 1000.000000000000000 ) ;
#92 = VECTOR ( 'NONE', #235, 1000.000000000000000 ) ;
#93 = CARTESIAN_POINT ( 'NONE',  ( -1.249999999999999300, 0.1999999999999996500, -0.1300000000000036100 ) ) ;
#94 = VECTOR ( 'NONE', #5427, 1000.000000000000000 ) ;
#95 = ORIENTED_EDGE ( 'NONE', *, *, #500, .F. ) ;
#96 = EDGE_CURVE ( 'NONE', #2797, #5385, #3363, .T. ) ;
#97 = SURFACE_STYLE_FILL_AREA ( #3103 ) ;
#98 = FACE_OUTER_BOUND ( 'NONE', #4361, .T. ) ;
#99 = ORIENTED_EDGE ( 'NONE', *, *, #432, .F. ) ;
#100 = ORIENTED_EDGE ( 'NONE', *, *, #2438, .F. ) ;
#101 = STYLED_ITEM ( 'NONE', ( #3148 ), #1461 ) ;
#102 = FACE_OUTER_BOUND ( 'NONE', #4957, .T. ) ;
#103 = AXIS2_PLACEMENT_3D ( 'NONE', #1428, #1849, #918 ) ;
#104 = ORIENTED_EDGE ( 'NONE', *, *, #1131, .T. ) ;
#105 = ORIENTED_EDGE ( 'NONE', *, *, #622, .T. ) ;
#106 = ADVANCED_FACE ( 'NONE', ( #2363 ), #3060, .F. ) ;
#107 = EDGE_CURVE ( 'NONE', #5360, #2518, #2707, .T. ) ;
#109 = EDGE_CURVE ( 'NONE', #5651, #5609, #1013, .T. ) ;
#108 = CARTESIAN_POINT ( 'NONE',  ( 0.9699999999999997500, 0.2000000000000000100, 0.1300000000000039500 ) ) ;
#110 = CARTESIAN_POINT ( 'NONE',  ( -1.249999999999996900, 0.1999999999999999800, -1.130000000000003700 ) ) ;
#111 = DIRECTION ( 'NONE',  ( -1.000000000000000000, 0.0000000000000000000, -3.491481338843133400E-015 ) ) ;
#112 = FACE_OUTER_BOUND ( 'NONE', #2928, .T. ) ;
#113 = DIRECTION ( 'NONE',  ( -3.491481338843133400E-015, 0.0000000000000000000, 1.000000000000000000 ) ) ;
#114 = VERTEX_POINT ( 'NONE', #1734 ) ;
#115 = DIRECTION ( 'NONE',  ( -1.000000000000000000, 0.0000000000000000000, -3.614007241618351500E-015 ) ) ;
#116 = EDGE_LOOP ( 'NONE', ( #5104, #2388, #3773, #5040 ) ) ;
#117 = LINE ( 'NONE', #1003, #1046 ) ;
#118 = ORIENTED_EDGE ( 'NONE', *, *, #5106, .F. ) ;
#119 = ORIENTED_EDGE ( 'NONE', *, *, #679, .F. ) ;
#120 = DIRECTION ( 'NONE',  ( 0.0000000000000000000, -1.000000000000000000, 0.0000000000000000000 ) ) ;
#121 = VERTEX_POINT ( 'NONE', #4440 ) ;
#122 = CARTESIAN_POINT ( 'NONE',  ( -0.1300000000000054700, 0.0000000000000000000, 1.469999999999999100 ) ) ;
#123 = CARTESIAN_POINT ( 'NONE',  ( -0.8499999999999964300, 0.2000000000000000100, -1.250000000000002400 ) ) ;
#124 = CARTESIAN_POINT ( 'NONE',  ( 0.1300000000000061100, 0.1999999999999999800, -1.749999999999999300 ) ) ;
#125 = ORIENTED_EDGE ( 'NONE', *, *, #3075, .T. ) ;
#126 = CARTESIAN_POINT ( 'NONE',  ( -0.1300000000000063300, 0.6664761515876238600, 1.749999999999999300 ) ) ;
#127 = CARTESIAN_POINT ( 'NONE',  ( -0.9700000000000018600, 0.04999999999999999600, 0.3699999999999971600 ) ) ;
#128 = EDGE_CURVE ( 'NONE', #974, #1417, #3512, .T. ) ;
#129 = MANIFOLD_SOLID_BREP ( 'Body-Move/Copy1[17]', #3402 ) ;
#130 = EDGE_CURVE ( 'NONE', #4053, #3277, #2566, .T. ) ;
#131 = AXIS2_PLACEMENT_3D ( 'NONE', #5670, #2916, #2656 ) ;
#132 = ADVANCED_FACE ( 'NONE', ( #2503 ), #1350, .F. ) ;
#133 = DIRECTION ( 'NONE',  ( 1.000000000000000000, 0.0000000000000000000, 3.491481338843133400E-015 ) ) ;
#134 = ORIENTED_EDGE ( 'NONE', *, *, #522, .T. ) ;
#135 = AXIS2_PLACEMENT_3D ( 'NONE', #4134, #1028, #3766 ) ;
#136 = LINE ( 'NONE', #1622, #1496 ) ;
#137 = EDGE_CURVE ( 'NONE', #4972, #3624, #1299, .T. ) ;
#138 = ORIENTED_EDGE ( 'NONE', *, *, #3404, .T. ) ;
#139 = EDGE_LOOP ( 'NONE', ( #4469, #394, #4550, #1479, #4223 ) ) ;
#140 = VERTEX_POINT ( 'NONE', #3145 ) ;
#141 = FACE_OUTER_BOUND ( 'NONE', #155, .T. ) ;
#142 = DIRECTION ( 'NONE',  ( 0.0000000000000000000, -1.000000000000000000, 0.0000000000000000000 ) ) ;
#143 = CARTESIAN_POINT ( 'NONE',  ( 1.249999999999997300, 0.2000000000000000100, 0.8700000000000048800 ) ) ;
#144 = DIRECTION ( 'NONE',  ( 0.0000000000000000000, 1.000000000000000000, 0.0000000000000000000 ) ) ;
#145 = CARTESIAN_POINT ( 'NONE',  ( -0.5000000000000032200, 0.2000000000000000900, 0.9999999999999985600 ) ) ;
#146 = CIRCLE ( 'NONE', #25, 0.1199999999999998300 ) ;
#147 = FACE_OUTER_BOUND ( 'NONE', #4129, .T. ) ;
#148 = AXIS2_PLACEMENT_3D ( 'NONE', #2739, #23, #4 ) ;
#149 = DIRECTION ( 'NONE',  ( 1.000000000000000000, 0.0000000000000000000, 3.491481338843133400E-015 ) ) ;
#150 = DIRECTION ( 'NONE',  ( -1.000000000000000000, 0.0000000000000000000, -3.491481338843133400E-015 ) ) ;
#151 = LINE ( 'NONE', #1970, #3655 ) ;
#152 = PLANE ( 'NONE',  #1755 ) ;
#153 = CARTESIAN_POINT ( 'NONE',  ( 0.1300000000000061100, 0.6664761515876238600, -1.749999999999999300 ) ) ;
#154 = LINE ( 'NONE', #653, #4863 ) ;
#155 = EDGE_LOOP ( 'NONE', ( #4757, #1957, #806, #5038 ) ) ;
#156 = VECTOR ( 'NONE', #169, 1000.000000000000000 ) ;
#157 = CARTESIAN_POINT ( 'NONE',  ( 0.9700000000000008600, 0.0000000000000000000, -0.1299999999999963100 ) ) ;
#158 = FACE_OUTER_BOUND ( 'NONE', #1632, .T. ) ;
#159 = ORIENTED_EDGE ( 'NONE', *, *, #1981, .F. ) ;
#160 = CARTESIAN_POINT ( 'NONE',  ( -0.9699999999999966400, 0.2000000000000000100, -1.130000000000003000 ) ) ;
#161 = ADVANCED_FACE ( 'NONE', ( #5284 ), #446, .F. ) ;
#162 = DIRECTION ( 'NONE',  ( 1.000000000000000000, 0.0000000000000000000, 3.614007241618351500E-015 ) ) ;
#163 = VECTOR ( 'NONE', #1922, 1000.000000000000000 ) ;
#164 = DIRECTION ( 'NONE',  ( 0.0000000000000000000, 1.000000000000000000, 0.0000000000000000000 ) ) ;
#165 = CIRCLE ( 'NONE', #1492, 0.1199999999999998800 ) ;
#166 = DIRECTION ( 'NONE',  ( 3.491481338843133400E-015, 0.0000000000000000000, -1.000000000000000000 ) ) ;
#167 = ORIENTED_EDGE ( 'NONE', *, *, #221, .T. ) ;
#168 = ORIENTED_EDGE ( 'NONE', *, *, #4612, .T. ) ;
#169 = DIRECTION ( 'NONE',  ( -1.000000000000000000, 0.0000000000000000000, -3.708321773340234200E-015 ) ) ;
#170 = AXIS2_PLACEMENT_3D ( 'NONE', #4104, #5457, #4523 ) ;
#171 = DIRECTION ( 'NONE',  ( 1.000000000000000000, 0.0000000000000000000, 3.614007241618351500E-015 ) ) ;
#172 = LINE ( 'NONE', #916, #4886 ) ;
#173 = ORIENTED_EDGE ( 'NONE', *, *, #3860, .F. ) ;
#174 = DIRECTION ( 'NONE',  ( -0.0000000000000000000, -1.000000000000000000, -0.0000000000000000000 ) ) ;
#175 = CARTESIAN_POINT ( 'NONE',  ( -0.9499999999999981800, 1.000000000000000000, -1.450000000000003100 ) ) ;
#176 = EDGE_CURVE ( 'NONE', #4236, #453, #5350, .T. ) ;
#177 = CARTESIAN_POINT ( 'NONE',  ( 0.1300000000000061100, 0.1999999999999999800, -1.749999999999999300 ) ) ;
#178 = CARTESIAN_POINT ( 'NONE',  ( -0.5000000000000032200, 2.436067977499790000, 0.9999999999999985600 ) ) ;
#179 = FACE_OUTER_BOUND ( 'NONE', #682, .T. ) ;
#180 =( GEOMETRIC_REPRESENTATION_CONTEXT ( 3 ) GLOBAL_UNCERTAINTY_ASSIGNED_CONTEXT ( ( #643 ) ) GLOBAL_UNIT_ASSIGNED_CONTEXT ( ( #3607, #1727, #2673 ) ) REPRESENTATION_CONTEXT ( 'NONE', 'WORKASPACE' ) );
#181 = ORIENTED_EDGE ( 'NONE', *, *, #2476, .T. ) ;
#182 = ORIENTED_EDGE ( 'NONE', *, *, #3266, .F. ) ;
#183 = CARTESIAN_POINT ( 'NONE',  ( -0.8500000000000033100, 0.2000000000000000100, 0.7499999999999977800 ) ) ;
#184 = DIRECTION ( 'NONE',  ( 0.0000000000000000000, -1.000000000000000000, 0.0000000000000000000 ) ) ;
#185 = FACE_BOUND ( 'NONE', #568, .T. ) ;
#186 = EDGE_LOOP ( 'NONE', ( #3251, #1262, #2420, #5315 ) ) ;
#187 = CARTESIAN_POINT ( 'NONE',  ( -0.1300000000000063300, 0.0000000000000000000, 1.749999999999999300 ) ) ;
#188 = EDGE_LOOP ( 'NONE', ( #2251, #1866, #5919, #2692 ) ) ;
#189 = PLANE ( 'NONE',  #2129 ) ;
#190 = DIRECTION ( 'NONE',  ( -1.000000000000000000, 0.0000000000000000000, -3.685088869644115200E-015 ) ) ;
#191 = CIRCLE ( 'NONE', #5242, 0.1199999999999998800 ) ;
#192 = CARTESIAN_POINT ( 'NONE',  ( -0.8499999999999964300, 0.1999999999999999800, -1.250000000000002400 ) ) ;
#193 = ORIENTED_EDGE ( 'NONE', *, *, #4114, .F. ) ;
#194 = ORIENTED_EDGE ( 'NONE', *, *, #5873, .F. ) ;
#195 = FILL_AREA_STYLE_COLOUR ( '', #5027 ) ;
#196 = ADVANCED_FACE ( 'NONE', ( #1869 ), #4287, .F. ) ;
#197 = CARTESIAN_POINT ( 'NONE',  ( 1.250000000000006000, 6.301162633521313300, -1.749999999999995600 ) ) ;
#198 = DIRECTION ( 'NONE',  ( -3.491481338843133400E-015, 0.0000000000000000000, 1.000000000000000000 ) ) ;
#199 = CARTESIAN_POINT ( 'NONE',  ( -1.250000000000000400, 0.2000000000000000100, -0.1300000000000036100 ) ) ;
#200 = ORIENTED_EDGE ( 'NONE', *, *, #1567, .T. ) ;
#201 = CARTESIAN_POINT ( 'NONE',  ( 0.9699999999999990900, 0.04999999999999999600, 0.3700000000000036600 ) ) ;
#202 = DIRECTION ( 'NONE',  ( 1.000000000000000000, 0.0000000000000000000, 4.265911462047064500E-015 ) ) ;
#203 = ORIENTED_EDGE ( 'NONE', *, *, #5917, .T. ) ;
#204 = EDGE_CURVE ( 'NONE', #3840, #1598, #494, .T. ) ;
#205 = DIRECTION ( 'NONE',  ( 4.265911462047064500E-015, 0.0000000000000000000, -1.000000000000000000 ) ) ;
#206 = DIRECTION ( 'NONE',  ( -1.000000000000000000, 0.0000000000000000000, -4.265911462047064500E-015 ) ) ;
#207 =( NAMED_UNIT ( * ) SI_UNIT ( $, .STERADIAN. ) SOLID_ANGLE_UNIT ( ) );
#208 = MANIFOLD_SOLID_BREP ( 'Body-Move/Copy1[4]', #393 ) ;
#209 = CARTESIAN_POINT ( 'NONE',  ( 0.9700000000000025300, 0.0000000000000000000, -0.6299999999999963400 ) ) ;
#210 = EDGE_CURVE ( 'NONE', #3256, #140, #3957, .T. ) ;
#211 = ORIENTED_EDGE ( 'NONE', *, *, #5718, .F. ) ;
#212 = PLANE ( 'NONE',  #2483 ) ;
#213 = EDGE_CURVE ( 'NONE', #4991, #1127, #2584, .T. ) ;
#214 = AXIS2_PLACEMENT_3D ( 'NONE', #1796, #3668, #921 ) ;
#215 = CARTESIAN_POINT ( 'NONE',  ( 1.250000000000000000, 0.0000000000000000000, 0.1300000000000051400 ) ) ;
#216 = FACE_OUTER_BOUND ( 'NONE', #4066, .T. ) ;
#217 = PLANE ( 'NONE',  #770 ) ;
#218 = VERTEX_POINT ( 'NONE', #5432 ) ;
#219 = AXIS2_PLACEMENT_3D ( 'NONE', #2929, #3465, #287 ) ;
#220 = ORIENTED_EDGE ( 'NONE', *, *, #5484, .T. ) ;
#221 = EDGE_CURVE ( 'NONE', #4966, #3277, #4158, .T. ) ;
#222 = LINE ( 'NONE', #2047, #789 ) ;
#223 = EDGE_CURVE ( 'NONE', #2888, #3913, #4094, .T. ) ;
#224 = ORIENTED_EDGE ( 'NONE', *, *, #2615, .T. ) ;
#225 = CARTESIAN_POINT ( 'NONE',  ( -1.250000000000005800, 1.000000000000000000, 1.749999999999996000 ) ) ;
#226 = ADVANCED_FACE ( 'NONE', ( #944 ), #799, .F. ) ;
#227 = VECTOR ( 'NONE', #4557, 1000.000000000000000 ) ;
#228 = DIRECTION ( 'NONE',  ( -1.000000000000000000, 0.0000000000000000000, -3.614007241618351500E-015 ) ) ;
#229 = VECTOR ( 'NONE', #4998, 1000.000000000000000 ) ;
#230 = ORIENTED_EDGE ( 'NONE', *, *, #5026, .T. ) ;
#231 = CARTESIAN_POINT ( 'NONE',  ( 1.250000000000002700, 0.0000000000000000000, -0.6299999999999951200 ) ) ;
#232 = PRESENTATION_STYLE_ASSIGNMENT (( #4599 ) ) ;
#233 = DIRECTION ( 'NONE',  ( 1.000000000000000000, 0.0000000000000000000, 2.717051215639202600E-015 ) ) ;
#234 = PRESENTATION_LAYER_ASSIGNMENT (  '', '', ( #5749 ) ) ;
#235 = DIRECTION ( 'NONE',  ( 0.0000000000000000000, -1.000000000000000000, 0.0000000000000000000 ) ) ;
#236 = LINE ( 'NONE', #5637, #1881 ) ;
#237 = CARTESIAN_POINT ( 'NONE',  ( 0.9700000000000029700, 0.2000000000000000100, -0.7499999999999962300 ) ) ;
#238 = ORIENTED_EDGE ( 'NONE', *, *, #130, .T. ) ;
#239 =( GEOMETRIC_REPRESENTATION_CONTEXT ( 3 ) GLOBAL_UNCERTAINTY_ASSIGNED_CONTEXT ( ( #5709 ) ) GLOBAL_UNIT_ASSIGNED_CONTEXT ( ( #3526, #292, #4358 ) ) REPRESENTATION_CONTEXT ( 'NONE', 'WORKASPACE' ) );
#240 = CARTESIAN_POINT ( 'NONE',  ( 1.249999999999998000, 0.1999999999999996500, 0.6300000000000048900 ) ) ;
#241 = DIRECTION ( 'NONE',  ( 3.491481338843133400E-015, 0.0000000000000000000, -1.000000000000000000 ) ) ;
#242 = CIRCLE ( 'NONE', #955, 0.1199999999999998800 ) ;
#243 = VECTOR ( 'NONE', #2895, 1000.000000000000000 ) ;
#244 = VECTOR ( 'NONE', #5012, 1000.000000000000000 ) ;
#245 = EDGE_LOOP ( 'NONE', ( #5321, #3671, #5277, #641 ) ) ;
#246 = FACE_OUTER_BOUND ( 'NONE', #960, .T. ) ;
#247 = DIRECTION ( 'NONE',  ( 1.000000000000000000, 0.0000000000000000000, 3.614007241618351500E-015 ) ) ;
#248 = ORIENTED_EDGE ( 'NONE', *, *, #3788, .T. ) ;
#249 = VERTEX_POINT ( 'NONE', #3564 ) ;
#250 = DIRECTION ( 'NONE',  ( -0.0000000000000000000, -1.000000000000000000, -0.0000000000000000000 ) ) ;
#251 = SURFACE_STYLE_USAGE ( .BOTH. , #4756 ) ;
#252 = EDGE_CURVE ( 'NONE', #3502, #5679, #2721, .T. ) ;
#253 = ORIENTED_EDGE ( 'NONE', *, *, #4911, .T. ) ;
#254 = DIRECTION ( 'NONE',  ( 4.265911462047064500E-015, 0.0000000000000000000, -1.000000000000000000 ) ) ;
#255 = MECHANICAL_DESIGN_GEOMETRIC_PRESENTATION_REPRESENTATION (  '', ( #3629 ), #2005 ) ;
#256 = ORIENTED_EDGE ( 'NONE', *, *, #4425, .T. ) ;
#257 = DIRECTION ( 'NONE',  ( 0.0000000000000000000, 1.000000000000000000, 0.0000000000000000000 ) ) ;
#258 = SURFACE_STYLE_USAGE ( .BOTH. , #2938 ) ;
#259 = VECTOR ( 'NONE', #1647, 1000.000000000000000 ) ;
#260 = AXIS2_PLACEMENT_3D ( 'NONE', #2405, #4685, #1510 ) ;
#261 = ADVANCED_FACE ( 'NONE', ( #4303 ), #3126, .F. ) ;
#262 = CARTESIAN_POINT ( 'NONE',  ( 0.9700000000000047500, 0.2000000000000000100, -1.249999999999996200 ) ) ;
#263 = ORIENTED_EDGE ( 'NONE', *, *, #4196, .T. ) ;
#264 = DIRECTION ( 'NONE',  ( -3.297873808042150800E-015, 0.0000000000000000000, 1.000000000000000000 ) ) ;
#265 = EDGE_CURVE ( 'NONE', #1696, #686, #374, .T. ) ;
#266 = CARTESIAN_POINT ( 'NONE',  ( -0.8499999999999998700, 0.2000000000000000100, -0.2500000000000022800 ) ) ;
#267 = ORIENTED_EDGE ( 'NONE', *, *, #5516, .T. ) ;
#268 = CIRCLE ( 'NONE', #4001, 0.1199999999999998800 ) ;
#269 = VERTEX_POINT ( 'NONE', #1453 ) ;
#270 = EDGE_LOOP ( 'NONE', ( #4571, #1515, #4495, #5903, #3466 ) ) ;
#271 = DIRECTION ( 'NONE',  ( 0.0000000000000000000, -1.000000000000000000, 0.0000000000000000000 ) ) ;
#272 = DIRECTION ( 'NONE',  ( -1.000000000000000000, 0.0000000000000000000, -4.265911462047065300E-015 ) ) ;
#273 = AXIS2_PLACEMENT_3D ( 'NONE', #5384, #2814, #3750 ) ;
#274 = DIRECTION ( 'NONE',  ( -1.000000000000000000, 0.0000000000000000000, -2.717051215639202600E-015 ) ) ;
#275 = ORIENTED_EDGE ( 'NONE', *, *, #3113, .F. ) ;
#276 = CARTESIAN_POINT ( 'NONE',  ( 0.9699999999999979700, 0.1999999999999999800, 0.6300000000000038900 ) ) ;
#277 = CARTESIAN_POINT ( 'NONE',  ( 1.250000000000004400, 0.0000000000000000000, -1.129999999999995200 ) ) ;
#278 = SURFACE_STYLE_USAGE ( .BOTH. , #2541 ) ;
#279 = DIRECTION ( 'NONE',  ( -1.000000000000000000, 0.0000000000000000000, -3.614007241618351500E-015 ) ) ;
#280 = DIRECTION ( 'NONE',  ( -1.000000000000000000, 0.0000000000000000000, -4.265911462047064500E-015 ) ) ;
#281 = ORIENTED_EDGE ( 'NONE', *, *, #3997, .F. ) ;
#282 = CARTESIAN_POINT ( 'NONE',  ( -0.9699999999999975300, 0.1999999999999999800, -0.8700000000000026600 ) ) ;
#283 = VERTEX_POINT ( 'NONE', #1418 ) ;
#284 = ADVANCED_FACE ( 'NONE', ( #4942 ), #5865, .F. ) ;
#285 = EDGE_CURVE ( 'NONE', #2077, #5125, #5359, .T. ) ;
#286 = FACE_OUTER_BOUND ( 'NONE', #5794, .T. ) ;
#287 = DIRECTION ( 'NONE',  ( -1.000000000000000000, 0.0000000000000000000, -3.614007241618352300E-015 ) ) ;
#288 = DIRECTION ( 'NONE',  ( -1.000000000000000000, 0.0000000000000000000, -2.717051215639202200E-015 ) ) ;
#289 = ORIENTED_EDGE ( 'NONE', *, *, #3308, .F. ) ;
#290 = ORIENTED_EDGE ( 'NONE', *, *, #5324, .F. ) ;
#291 = DIRECTION ( 'NONE',  ( -0.0000000000000000000, -1.000000000000000000, 0.0000000000000000000 ) ) ;
#292 =( NAMED_UNIT ( * ) PLANE_ANGLE_UNIT ( ) SI_UNIT ( $, .RADIAN. ) );
#293 = DIRECTION ( 'NONE',  ( -0.0000000000000000000, -1.000000000000000000, -0.0000000000000000000 ) ) ;
#294 = LINE ( 'NONE', #5505, #5 ) ;
#295 = EDGE_CURVE ( 'NONE', #3571, #1770, #4588, .T. ) ;
#296 = ORIENTED_EDGE ( 'NONE', *, *, #1746, .T. ) ;
#297 = CARTESIAN_POINT ( 'NONE',  ( -0.9700000000000036400, 0.2000000000000000100, 0.8699999999999972200 ) ) ;
#298 = EDGE_LOOP ( 'NONE', ( #4072, #4098, #4615, #1951 ) ) ;
#299 = AXIS2_PLACEMENT_3D ( 'NONE', #3896, #1201, #4387 ) ;
#300 = FILL_AREA_STYLE_COLOUR ( '', #5736 ) ;
#301 = DIRECTION ( 'NONE',  ( -0.0000000000000000000, -1.000000000000000000, 0.0000000000000000000 ) ) ;
#302 =( NAMED_UNIT ( * ) SI_UNIT ( $, .STERADIAN. ) SOLID_ANGLE_UNIT ( ) );
#303 = LINE ( 'NONE', #124, #2504 ) ;
#304 = CARTESIAN_POINT ( 'NONE',  ( -0.9499999999999981800, 0.9000000000000000200, -1.450000000000003100 ) ) ;
#305 = LINE ( 'NONE', #3065, #4149 ) ;
#306 = VECTOR ( 'NONE', #2486, 1000.000000000000000 ) ;
#307 = ORIENTED_EDGE ( 'NONE', *, *, #3280, .F. ) ;
#308 = EDGE_CURVE ( 'NONE', #3682, #4739, #3739, .T. ) ;
#310 = FACE_OUTER_BOUND ( 'NONE', #4118, .T. ) ;
#309 = DIRECTION ( 'NONE',  ( 3.708321773340234200E-015, 0.0000000000000000000, -1.000000000000000000 ) ) ;
#311 = SURFACE_STYLE_FILL_AREA ( #969 ) ;
#312 = VERTEX_POINT ( 'NONE', #3753 ) ;
#313 = LINE ( 'NONE', #1448, #5364 ) ;
#314 = FACE_OUTER_BOUND ( 'NONE', #563, .T. ) ;
#315 = VERTEX_POINT ( 'NONE', #1892 ) ;
#316 = ORIENTED_EDGE ( 'NONE', *, *, #1287, .T. ) ;
#317 = ADVANCED_FACE ( 'NONE', ( #4444 ), #5057, .T. ) ;
#318 = CARTESIAN_POINT ( 'NONE',  ( -0.3699999999999938900, 0.04999999999999969700, -1.750000000000001100 ) ) ;
#319 = PRESENTATION_STYLE_ASSIGNMENT (( #258 ) ) ;
#320 = MANIFOLD_SOLID_BREP ( 'Body-Move/Copy1[5]', #5328 ) ;
#321 = ORIENTED_EDGE ( 'NONE', *, *, #5841, .F. ) ;
#322 = ORIENTED_EDGE ( 'NONE', *, *, #5039, .T. ) ;
#323 = DIRECTION ( 'NONE',  ( 1.000000000000000000, 0.0000000000000000000, 3.614007241618351500E-015 ) ) ;
#324 = CARTESIAN_POINT ( 'NONE',  ( -0.1300000000000063300, 0.6664761515876238600, 1.749999999999999300 ) ) ;
#325 = LINE ( 'NONE', #3097, #2736 ) ;
#326 = VERTEX_POINT ( 'NONE', #1874 ) ;
#327 = CARTESIAN_POINT ( 'NONE',  ( -1.249999999999999600, 0.04999999999999969700, -0.3700000000000034400 ) ) ;
#328 = EDGE_CURVE ( 'NONE', #2883, #3840, #1812, .T. ) ;
#329 = EDGE_CURVE ( 'NONE', #2167, #1690, #5158, .T. ) ;
#330 = CYLINDRICAL_SURFACE ( 'NONE', #5035, 0.1199999999999998800 ) ;
#331 = DIRECTION ( 'NONE',  ( -1.000000000000000000, 0.0000000000000000000, -4.265911462047064500E-015 ) ) ;
#332 = AXIS2_PLACEMENT_3D ( 'NONE', #3288, #546, #3757 ) ;
#333 = ORIENTED_EDGE ( 'NONE', *, *, #4316, .F. ) ;
#334 = CARTESIAN_POINT ( 'NONE',  ( -0.5000000000000032200, 2.436067977499790000, 0.9999999999999985600 ) ) ;
#335 = ORIENTED_EDGE ( 'NONE', *, *, #4603, .T. ) ;
#336 = ORIENTED_EDGE ( 'NONE', *, *, #1969, .T. ) ;
#337 = DIRECTION ( 'NONE',  ( 1.000000000000000000, 0.0000000000000000000, 4.265911462047064500E-015 ) ) ;
#338 = LINE ( 'NONE', #5319, #612 ) ;
#339 = CARTESIAN_POINT ( 'NONE',  ( 0.9700000000000047500, 0.04999999999999999600, -1.249999999999996200 ) ) ;
#340 = EDGE_CURVE ( 'NONE', #2270, #4236, #3523, .T. ) ;
#341 = ORIENTED_EDGE ( 'NONE', *, *, #2876, .T. ) ;
#342 = CARTESIAN_POINT ( 'NONE',  ( -0.2500000000000053800, 0.6664761515876238600, 1.469999999999998900 ) ) ;
#343 = ORIENTED_EDGE ( 'NONE', *, *, #2097, .F. ) ;
#344 = ADVANCED_FACE ( 'NONE', ( #85 ), #2337, .T. ) ;
#345 = AXIS2_PLACEMENT_3D ( 'NONE', #991, #1474, #3792 ) ;
#346 = CARTESIAN_POINT ( 'NONE',  ( -0.9699999999999966400, 0.6664761515876241900, -1.130000000000003000 ) ) ;
#347 =( GEOMETRIC_REPRESENTATION_CONTEXT ( 3 ) GLOBAL_UNCERTAINTY_ASSIGNED_CONTEXT ( ( #2863 ) ) GLOBAL_UNIT_ASSIGNED_CONTEXT ( ( #2826, #3338, #2332 ) ) REPRESENTATION_CONTEXT ( 'NONE', 'WORKASPACE' ) );
#348 = ORIENTED_EDGE ( 'NONE', *, *, #34, .T. ) ;
#349 = DIRECTION ( 'NONE',  ( 0.0000000000000000000, -1.000000000000000000, -0.0000000000000000000 ) ) ;
#350 = EDGE_LOOP ( 'NONE', ( #3474, #3257, #4313, #1765 ) ) ;
#351 = CARTESIAN_POINT ( 'NONE',  ( 1.249999999999994400, 0.05000000000000000300, 1.750000000000004700 ) ) ;
#352 = DIRECTION ( 'NONE',  ( -0.0000000000000000000, -1.000000000000000000, 0.0000000000000000000 ) ) ;
#353 = LINE ( 'NONE', #4429, #3216 ) ;
#354 = DIRECTION ( 'NONE',  ( -3.491481338843133400E-015, 0.0000000000000000000, 1.000000000000000000 ) ) ;
#355 = ORIENTED_EDGE ( 'NONE', *, *, #4042, .T. ) ;
#356 = LINE ( 'NONE', #4017, #3999 ) ;
#357 = DIRECTION ( 'NONE',  ( 0.0000000000000000000, -1.000000000000000000, 0.0000000000000000000 ) ) ;
#358 = ORIENTED_EDGE ( 'NONE', *, *, #3690, .T. ) ;
#359 = DIRECTION ( 'NONE',  ( 3.685088869644115200E-015, 0.0000000000000000000, -1.000000000000000000 ) ) ;
#360 = SURFACE_STYLE_USAGE ( .BOTH. , #5340 ) ;
#361 = ORIENTED_EDGE ( 'NONE', *, *, #3155, .F. ) ;
#362 = AXIS2_PLACEMENT_3D ( 'NONE', #1226, #1711, #776 ) ;
#363 = FACE_OUTER_BOUND ( 'NONE', #5904, .T. ) ;
#364 = EDGE_CURVE ( 'NONE', #1851, #3859, #2297, .T. ) ;
#365 = LINE ( 'NONE', #4499, #2220 ) ;
#366 = ORIENTED_EDGE ( 'NONE', *, *, #295, .F. ) ;
#367 = CIRCLE ( 'NONE', #5070, 0.1199999999999998800 ) ;
#368 = CARTESIAN_POINT ( 'NONE',  ( -1.250000000000005800, 0.05000000000000000300, 1.749999999999996000 ) ) ;
#369 = AXIS2_PLACEMENT_3D ( 'NONE', #50, #3235, #2742 ) ;
#370 = ADVANCED_FACE ( 'NONE', ( #5089 ), #5296, .T. ) ;
#371 = DIRECTION ( 'NONE',  ( 3.297873808042150800E-015, 0.0000000000000000000, -1.000000000000000000 ) ) ;
#372 =( NAMED_UNIT ( * ) SI_UNIT ( $, .STERADIAN. ) SOLID_ANGLE_UNIT ( ) );
#373 = LINE ( 'NONE', #4019, #2019 ) ;
#374 = LINE ( 'NONE', #4162, #5666 ) ;
#375 = ORIENTED_EDGE ( 'NONE', *, *, #3989, .T. ) ;
#376 = PRESENTATION_LAYER_ASSIGNMENT (  '', '', ( #2320 ) ) ;
#377 = CARTESIAN_POINT ( 'NONE',  ( -0.3699999999999948300, 0.6664761515876238600, -1.470000000000000900 ) ) ;
#378 = LINE ( 'NONE', #4239, #4020 ) ;
#379 = VECTOR ( 'NONE', #1572, 1000.000000000000000 ) ;
#380 = DIRECTION ( 'NONE',  ( -1.000000000000000000, 0.0000000000000000000, -3.297873808042150800E-015 ) ) ;
#381 = VECTOR ( 'NONE', #4594, 1000.000000000000000 ) ;
#382 = VERTEX_POINT ( 'NONE', #3686 ) ;
#383 = PLANE ( 'NONE',  #4887 ) ;
#384 = CIRCLE ( 'NONE', #2621, 0.1500000000000001900 ) ;
#385 = LINE ( 'NONE', #157, #1955 ) ;
#386 = ORIENTED_EDGE ( 'NONE', *, *, #5147, .F. ) ;
#387 = ORIENTED_EDGE ( 'NONE', *, *, #1144, .F. ) ;
#388 = CARTESIAN_POINT ( 'NONE',  ( 0.3699999999999945000, 0.1999999999999999800, 1.470000000000000900 ) ) ;
#389 = CARTESIAN_POINT ( 'NONE',  ( -0.9699999999999993100, 0.2000000000000000100, -0.3700000000000026000 ) ) ;
#390 = PLANE ( 'NONE',  #4577 ) ;
#391 = LINE ( 'NONE', #3166, #2386 ) ;
#392 = MANIFOLD_SOLID_BREP ( 'Body-Move/Copy1[18]', #2538 ) ;
#393 = CLOSED_SHELL ( 'NONE', ( #5587, #762, #1212, #3408, #3242, #1244, #4980 ) ) ;
#394 = ORIENTED_EDGE ( 'NONE', *, *, #633, .F. ) ;
#395 = CARTESIAN_POINT ( 'NONE',  ( -0.1300000000000062200, 0.1999999999999996500, 1.749999999999999800 ) ) ;
#396 = FACE_OUTER_BOUND ( 'NONE', #2989, .T. ) ;
#397 = DIRECTION ( 'NONE',  ( -1.000000000000000000, 0.0000000000000000000, -3.491481338843133400E-015 ) ) ;
#398 = VERTEX_POINT ( 'NONE', #947 ) ;
#399 = EDGE_CURVE ( 'NONE', #2021, #5474, #3516, .T. ) ;
#400 = ORIENTED_EDGE ( 'NONE', *, *, #680, .T. ) ;
#401 = ADVANCED_FACE ( 'NONE', ( #4222 ), #5740, .T. ) ;
#402 = VECTOR ( 'NONE', #3988, 1000.000000000000000 ) ;
#403 = VERTEX_POINT ( 'NONE', #5664 ) ;
#404 = CARTESIAN_POINT ( 'NONE',  ( -0.9699999999999997500, 0.2000000000000000100, -0.2500000000000027200 ) ) ;
#405 = EDGE_CURVE ( 'NONE', #4133, #3524, #1084, .T. ) ;
#406 = ORIENTED_EDGE ( 'NONE', *, *, #3742, .F. ) ;
#407 = MECHANICAL_DESIGN_GEOMETRIC_PRESENTATION_REPRESENTATION (  '', ( #101 ), #5292 ) ;
#408 = DIRECTION ( 'NONE',  ( -1.000000000000000000, 0.0000000000000000000, -3.491481338843133400E-015 ) ) ;
#409 = CARTESIAN_POINT ( 'NONE',  ( 0.0000000000000000000, 0.0000000000000000000, 0.0000000000000000000 ) ) ;
#410 = DIRECTION ( 'NONE',  ( 1.000000000000000000, 0.0000000000000000000, 4.265911462047064500E-015 ) ) ;
#411 = AXIS2_PLACEMENT_3D ( 'NONE', #3724, #3665, #3282 ) ;
#412 = CARTESIAN_POINT ( 'NONE',  ( -0.8499999999999998700, 0.04999999999999999600, -0.2500000000000022800 ) ) ;
#413 = CARTESIAN_POINT ( 'NONE',  ( 0.9700000000000043000, 0.0000000000000000000, -1.129999999999996300 ) ) ;
#414 = EDGE_CURVE ( 'NONE', #4975, #3967, #654, .T. ) ;
#415 = EDGE_CURVE ( 'NONE', #4171, #5885, #2856, .T. ) ;
#416 = ORIENTED_EDGE ( 'NONE', *, *, #1137, .F. ) ;
#417 = AXIS2_PLACEMENT_3D ( 'NONE', #2976, #254, #2461 ) ;
#418 = DIRECTION ( 'NONE',  ( -0.0000000000000000000, -1.000000000000000000, 0.0000000000000000000 ) ) ;
#419 = PLANE ( 'NONE',  #4742 ) ;
#420 = VECTOR ( 'NONE', #1742, 1000.000000000000000 ) ;
#421 = VERTEX_POINT ( 'NONE', #4645 ) ;
#422 = CARTESIAN_POINT ( 'NONE',  ( 1.249999999999995800, 0.04999999999999969700, 1.370000000000005000 ) ) ;
#423 = ORIENTED_EDGE ( 'NONE', *, *, #2128, .F. ) ;
#424 = CARTESIAN_POINT ( 'NONE',  ( 0.9699999999999977500, 0.2000000000000000100, 0.7500000000000037700 ) ) ;
#425 =( LENGTH_UNIT ( ) NAMED_UNIT ( * ) SI_UNIT ( .MILLI., .METRE. ) );
#426 = DIRECTION ( 'NONE',  ( 0.0000000000000000000, -1.000000000000000000, 0.0000000000000000000 ) ) ;
#427 = VECTOR ( 'NONE', #961, 1000.000000000000000 ) ;
#428 = ORIENTED_EDGE ( 'NONE', *, *, #2761, .T. ) ;
#429 = PLANE ( 'NONE',  #1691 ) ;
#430 = CIRCLE ( 'NONE', #2961, 0.1199999999999998600 ) ;
#431 = VECTOR ( 'NONE', #337, 1000.000000000000000 ) ;
#432 = EDGE_CURVE ( 'NONE', #1326, #2950, #1943, .T. ) ;
#433 = EDGE_CURVE ( 'NONE', #5304, #593, #2574, .T. ) ;
#434 = AXIS2_PLACEMENT_3D ( 'NONE', #2226, #1292, #1260 ) ;
#435 = VECTOR ( 'NONE', #4719, 1000.000000000000000 ) ;
#436 = DIRECTION ( 'NONE',  ( 0.0000000000000000000, 1.000000000000000000, 0.0000000000000000000 ) ) ;
#437 = LINE ( 'NONE', #698, #1514 ) ;
#438 = ORIENTED_EDGE ( 'NONE', *, *, #3656, .F. ) ;
#439 = LINE ( 'NONE', #4256, #3949 ) ;
#440 = AXIS2_PLACEMENT_3D ( 'NONE', #4155, #4192, #999 ) ;
#441 = CARTESIAN_POINT ( 'NONE',  ( -0.9499999999999981800, 0.9000000000000000200, -1.450000000000003100 ) ) ;
#442 = EDGE_CURVE ( 'NONE', #2035, #3770, #5436, .T. ) ;
#443 = LINE ( 'NONE', #5061, #3010 ) ;
#444 = DIRECTION ( 'NONE',  ( -0.0000000000000000000, -1.000000000000000000, 0.0000000000000000000 ) ) ;
#445 = ORIENTED_EDGE ( 'NONE', *, *, #1137, .T. ) ;
#446 = PLANE ( 'NONE',  #4145 ) ;
#447 = DIRECTION ( 'NONE',  ( 0.0000000000000000000, -1.000000000000000000, 0.0000000000000000000 ) ) ;
#448 =( LENGTH_UNIT ( ) NAMED_UNIT ( * ) SI_UNIT ( .MILLI., .METRE. ) );
#449 = VECTOR ( 'NONE', #5920, 1000.000000000000000 ) ;
#450 = FACE_OUTER_BOUND ( 'NONE', #3188, .T. ) ;
#451 = DIRECTION ( 'NONE',  ( -1.000000000000000000, 0.0000000000000000000, -4.265911462047064500E-015 ) ) ;
#452 = ORIENTED_EDGE ( 'NONE', *, *, #4804, .T. ) ;
#453 = VERTEX_POINT ( 'NONE', #5734 ) ;
#454 = DIRECTION ( 'NONE',  ( 1.000000000000000000, -0.0000000000000000000, 2.717051215639202600E-015 ) ) ;
#455 = FACE_OUTER_BOUND ( 'NONE', #2762, .T. ) ;
#456 = AXIS2_PLACEMENT_3D ( 'NONE', #3092, #3110, #2638 ) ;
#457 = VERTEX_POINT ( 'NONE', #3930 ) ;
#458 = PLANE ( 'NONE',  #369 ) ;
#459 = LINE ( 'NONE', #5875, #3109 ) ;
#460 = VERTEX_POINT ( 'NONE', #5202 ) ;
#461 = VERTEX_POINT ( 'NONE', #710 ) ;
#462 = ADVANCED_FACE ( 'NONE', ( #578 ), #217, .F. ) ;
#463 = CARTESIAN_POINT ( 'NONE',  ( 0.5000000000000036600, 2.436067977499790000, -0.9999999999999978900 ) ) ;
#464 = DIRECTION ( 'NONE',  ( 3.491481338843133400E-015, 0.0000000000000000000, -1.000000000000000000 ) ) ;
#465 = FILL_AREA_STYLE_COLOUR ( '', #3152 ) ;
#466 = VECTOR ( 'NONE', #2122, 1000.000000000000000 ) ;
#467 = DIRECTION ( 'NONE',  ( -1.000000000000000000, 0.0000000000000000000, -3.614007241618352300E-015 ) ) ;
#468 = VERTEX_POINT ( 'NONE', #2075 ) ;
#469 = ORIENTED_EDGE ( 'NONE', *, *, #822, .F. ) ;
#470 = DIRECTION ( 'NONE',  ( 1.000000000000000000, 0.0000000000000000000, 3.614007241618352300E-015 ) ) ;
#471 = EDGE_LOOP ( 'NONE', ( #826, #5549, #3136, #335, #4430, #619, #1731, #5712, #267, #5195, #2669, #1191 ) ) ;
#472 = CARTESIAN_POINT ( 'NONE',  ( -0.2499999999999948700, 0.05000000000000002400, -1.470000000000000600 ) ) ;
#473 = VECTOR ( 'NONE', #3975, 1000.000000000000000 ) ;
#474 = AXIS2_PLACEMENT_3D ( 'NONE', #4907, #1736, #3984 ) ;
#475 = ORIENTED_EDGE ( 'NONE', *, *, #5768, .T. ) ;
#476 = CARTESIAN_POINT ( 'NONE',  ( -0.9700000000000049700, 0.6664761515876241900, 1.249999999999997100 ) ) ;
#477 = DIRECTION ( 'NONE',  ( 1.000000000000000000, 0.0000000000000000000, 2.717051215639202200E-015 ) ) ;
#478 = EDGE_CURVE ( 'NONE', #1127, #5491, #437, .T. ) ;
#479 = ORIENTED_EDGE ( 'NONE', *, *, #4694, .T. ) ;
#480 = CARTESIAN_POINT ( 'NONE',  ( -0.9699999999999966400, 0.6664761515876241900, -1.130000000000003000 ) ) ;
#481 = CARTESIAN_POINT ( 'NONE',  ( -1.250000000000001300, 0.2000000000000000100, 0.1299999999999966200 ) ) ;
#482 = AXIS2_PLACEMENT_3D ( 'NONE', #2567, #2140, #1245 ) ;
#483 = DIRECTION ( 'NONE',  ( -1.000000000000000000, 0.0000000000000000000, -4.265911462047064500E-015 ) ) ;
#484 = ORIENTED_EDGE ( 'NONE', *, *, #2097, .T. ) ;
#485 = CARTESIAN_POINT ( 'NONE',  ( 1.250000000000000900, 0.6664761515876241900, -0.1299999999999951200 ) ) ;
#486 = EDGE_LOOP ( 'NONE', ( #1728, #3330, #193, #281 ) ) ;
#487 = VECTOR ( 'NONE', #2580, 1000.000000000000000 ) ;
#488 = CARTESIAN_POINT ( 'NONE',  ( -0.9700000000000018600, 0.0000000000000000000, 0.3699999999999971600 ) ) ;
#489 = ORIENTED_EDGE ( 'NONE', *, *, #5533, .F. ) ;
#490 = DIRECTION ( 'NONE',  ( 0.0000000000000000000, 1.000000000000000000, 0.0000000000000000000 ) ) ;
#491 = VECTOR ( 'NONE', #1933, 1000.000000000000000 ) ;
#492 = ORIENTED_EDGE ( 'NONE', *, *, #3597, .F. ) ;
#493 = CARTESIAN_POINT ( 'NONE',  ( 0.3699999999999936700, 0.1999999999999999800, 1.750000000000001100 ) ) ;
#494 = LINE ( 'NONE', #4497, #649 ) ;
#495 = VECTOR ( 'NONE', #3909, 1000.000000000000000 ) ;
#496 = DIRECTION ( 'NONE',  ( -0.0000000000000000000, -1.000000000000000000, 0.0000000000000000000 ) ) ;
#497 = ORIENTED_EDGE ( 'NONE', *, *, #5533, .T. ) ;
#498 = DIRECTION ( 'NONE',  ( -0.0000000000000000000, -1.000000000000000000, 0.0000000000000000000 ) ) ;
#499 = DIRECTION ( 'NONE',  ( 1.000000000000000000, 0.0000000000000000000, 3.614007241618351500E-015 ) ) ;
#500 = EDGE_CURVE ( 'NONE', #4456, #5679, #3005, .T. ) ;
#501 = CYLINDRICAL_SURFACE ( 'NONE', #1140, 0.1199999999999998800 ) ;
#502 = ORIENTED_EDGE ( 'NONE', *, *, #3380, .T. ) ;
#503 = CARTESIAN_POINT ( 'NONE',  ( -0.4999999999999963400, 0.0000000000000000000, -1.000000000000001600 ) ) ;
#504 = FACE_OUTER_BOUND ( 'NONE', #2846, .T. ) ;
#505 = CARTESIAN_POINT ( 'NONE',  ( -0.9699999999999966400, 0.2000000000000000100, -1.130000000000003000 ) ) ;
#506 = CIRCLE ( 'NONE', #2992, 0.1199999999999998800 ) ;
#507 = EDGE_CURVE ( 'NONE', #2352, #2115, #3303, .T. ) ;
#508 = VECTOR ( 'NONE', #4995, 1000.000000000000000 ) ;
#509 = ORIENTED_EDGE ( 'NONE', *, *, #5697, .F. ) ;
#510 = FILL_AREA_STYLE_COLOUR ( '', #5449 ) ;
#511 = EDGE_CURVE ( 'NONE', #4255, #5657, #4370, .T. ) ;
#512 = DIRECTION ( 'NONE',  ( 2.717051215639202200E-015, 0.0000000000000000000, -1.000000000000000000 ) ) ;
#513 = FACE_OUTER_BOUND ( 'NONE', #2331, .T. ) ;
#514 = FACE_OUTER_BOUND ( 'NONE', #2703, .T. ) ;
#515 = LINE ( 'NONE', #4674, #5237 ) ;
#516 = ORIENTED_EDGE ( 'NONE', *, *, #3697, .T. ) ;
#517 = AXIS2_PLACEMENT_3D ( 'NONE', #2411, #4231, #5599 ) ;
#518 = CARTESIAN_POINT ( 'NONE',  ( 1.578387240957414500E-015, 0.05000000000000000300, -0.3700000000000002200 ) ) ;
#519 = ADVANCED_FACE ( 'NONE', ( #5008 ), #4582, .T. ) ;
#520 = EDGE_CURVE ( 'NONE', #4776, #3816, #2714, .T. ) ;
#521 = DIRECTION ( 'NONE',  ( -3.925162207837335100E-015, 0.0000000000000000000, 1.000000000000000000 ) ) ;
#522 = EDGE_CURVE ( 'NONE', #1695, #51, #3595, .T. ) ;
#523 = VECTOR ( 'NONE', #2110, 1000.000000000000000 ) ;
#524 = LINE ( 'NONE', #657, #3173 ) ;
#525 = DIRECTION ( 'NONE',  ( -2.717051215639202600E-015, 0.0000000000000000000, 1.000000000000000000 ) ) ;
#526 = CARTESIAN_POINT ( 'NONE',  ( 0.9700000000000049700, 0.0000000000000000000, -1.369999999999996100 ) ) ;
#527 = EDGE_LOOP ( 'NONE', ( #758, #2104, #5687, #2253, #5460, #2309, #3337, #3133, #5346, #5252, #1836, #2059, #5213, #5635, #1723, #3691, #296, #4279, #1537, #3011, #4833, #167, #3149, #2258, #3119, #5083, #2616, #5290 ) ) ;
#528 = ORIENTED_EDGE ( 'NONE', *, *, #4008, .T. ) ;
#529 = DIRECTION ( 'NONE',  ( 0.0000000000000000000, -1.000000000000000000, -0.0000000000000000000 ) ) ;
#530 = CARTESIAN_POINT ( 'NONE',  ( -1.250000000000005800, 0.05000000000000000300, 1.749999999999996000 ) ) ;
#531 = LINE ( 'NONE', #1276, #2458 ) ;
#532 = ORIENTED_EDGE ( 'NONE', *, *, #3124, .F. ) ;
#533 = CARTESIAN_POINT ( 'NONE',  ( 0.9700000000000043000, 0.6664761515876241900, -1.129999999999996300 ) ) ;
#534 = VERTEX_POINT ( 'NONE', #5276 ) ;
#535 = CARTESIAN_POINT ( 'NONE',  ( -0.8499999999999964300, 0.2000000000000000100, -1.250000000000002400 ) ) ;
#536 = VECTOR ( 'NONE', #1591, 1000.000000000000000 ) ;
#537 = VERTEX_POINT ( 'NONE', #4822 ) ;
#538 = ORIENTED_EDGE ( 'NONE', *, *, #2393, .F. ) ;
#539 = ORIENTED_EDGE ( 'NONE', *, *, #1144, .T. ) ;
#540 = VECTOR ( 'NONE', #5218, 1000.000000000000000 ) ;
#541 = ORIENTED_EDGE ( 'NONE', *, *, #5412, .F. ) ;
#542 = CARTESIAN_POINT ( 'NONE',  ( -0.9699999999999958700, 0.0000000000000000000, -1.370000000000002800 ) ) ;
#543 = CLOSED_SHELL ( 'NONE', ( #3519, #4471, #161, #2729, #4708, #1961 ) ) ;
#544 = PLANE ( 'NONE',  #4881 ) ;
#545 = EDGE_LOOP ( 'NONE', ( #945, #4810, #256, #1967 ) ) ;
#546 = DIRECTION ( 'NONE',  ( -0.0000000000000000000, -1.000000000000000000, 0.0000000000000000000 ) ) ;
#547 = CARTESIAN_POINT ( 'NONE',  ( 1.250000000000003600, 0.2000000000000000100, -0.8699999999999948900 ) ) ;
#548 = EDGE_CURVE ( 'NONE', #218, #3834, #3370, .T. ) ;
#549 = CARTESIAN_POINT ( 'NONE',  ( -1.250000000000002200, 0.6664761515876241900, 0.3699999999999963900 ) ) ;
#550 = AXIS2_PLACEMENT_3D ( 'NONE', #4661, #3263, #1397 ) ;
#551 = ADVANCED_FACE ( 'NONE', ( #3808 ), #3476, .F. ) ;
#552 = ORIENTED_EDGE ( 'NONE', *, *, #3778, .F. ) ;
#553 = EDGE_CURVE ( 'NONE', #1275, #5879, #154, .T. ) ;
#554 = EDGE_CURVE ( 'NONE', #3770, #5245, #935, .T. ) ;
#555 = DIRECTION ( 'NONE',  ( 3.491481338843133400E-015, 0.0000000000000000000, -1.000000000000000000 ) ) ;
#556 = DIRECTION ( 'NONE',  ( -3.491481338843133400E-015, 0.0000000000000000000, 1.000000000000000000 ) ) ;
#557 = DIRECTION ( 'NONE',  ( -1.000000000000000000, 0.0000000000000000000, -3.491481338843133400E-015 ) ) ;
#558 = CARTESIAN_POINT ( 'NONE',  ( 0.3700000000000050500, 0.6664761515876238600, -1.469999999999998200 ) ) ;
#559 = FACE_OUTER_BOUND ( 'NONE', #5608, .T. ) ;
#560 = DIRECTION ( 'NONE',  ( -2.717051215639202200E-015, 0.0000000000000000000, 1.000000000000000000 ) ) ;
#561 = ORIENTED_EDGE ( 'NONE', *, *, #5780, .T. ) ;
#562 = ORIENTED_EDGE ( 'NONE', *, *, #1761, .F. ) ;
#563 = EDGE_LOOP ( 'NONE', ( #4702, #872, #68, #1347 ) ) ;
#564 = AXIS2_PLACEMENT_3D ( 'NONE', #1803, #490, #911 ) ;
#565 = CARTESIAN_POINT ( 'NONE',  ( -0.1299999999999941200, 0.6664761515876238600, -1.750000000000000200 ) ) ;
#566 = UNCERTAINTY_MEASURE_WITH_UNIT (LENGTH_MEASURE( 1.000000000000000100E-005 ), #2978, 'distance_accuracy_value', 'NONE');
#567 = LINE ( 'NONE', #618, #5725 ) ;
#568 = EDGE_LOOP ( 'NONE', ( #1126, #592, #5255, #2885 ) ) ;
#570 = ORIENTED_EDGE ( 'NONE', *, *, #1857, .T. ) ;
#569 = DIRECTION ( 'NONE',  ( -0.0000000000000000000, -1.000000000000000000, 0.0000000000000000000 ) ) ;
#571 = VECTOR ( 'NONE', #2324, 1000.000000000000000 ) ;
#572 = VECTOR ( 'NONE', #2113, 1000.000000000000000 ) ;
#573 = LINE ( 'NONE', #5433, #5286 ) ;
#574 = DIRECTION ( 'NONE',  ( 0.0000000000000000000, -1.000000000000000000, 0.0000000000000000000 ) ) ;
#575 = ADVANCED_FACE ( 'NONE', ( #1227 ), #1160, .F. ) ;
#576 = LINE ( 'NONE', #584, #658 ) ;
#577 = CARTESIAN_POINT ( 'NONE',  ( 0.5000000000000036600, -0.0000000000000000000, -0.9999999999999978900 ) ) ;
#578 = FACE_OUTER_BOUND ( 'NONE', #1858, .T. ) ;
#579 = VERTEX_POINT ( 'NONE', #2038 ) ;
#580 = DIRECTION ( 'NONE',  ( -1.000000000000000000, 0.0000000000000000000, -3.491481338843133400E-015 ) ) ;
#581 = LINE ( 'NONE', #3329, #2576 ) ;
#582 = EDGE_CURVE ( 'NONE', #382, #2404, #2013, .T. ) ;
#583 = FACE_OUTER_BOUND ( 'NONE', #3731, .T. ) ;
#584 = CARTESIAN_POINT ( 'NONE',  ( -0.9699999999999984200, 0.2000000000000000100, -0.6300000000000028900 ) ) ;
#585 = VECTOR ( 'NONE', #2321, 1000.000000000000000 ) ;
#586 = EDGE_LOOP ( 'NONE', ( #892, #1551, #852, #570 ) ) ;
#587 = CARTESIAN_POINT ( 'NONE',  ( -0.9699999999999958700, 0.2000000000000000100, -1.370000000000002800 ) ) ;
#588 = DIRECTION ( 'NONE',  ( 0.0000000000000000000, -1.000000000000000000, 0.0000000000000000000 ) ) ;
#589 = EDGE_CURVE ( 'NONE', #793, #3856, #4436, .T. ) ;
#590 = LINE ( 'NONE', #4962, #802 ) ;
#591 = LINE ( 'NONE', #5065, #4021 ) ;
#592 = ORIENTED_EDGE ( 'NONE', *, *, #1018, .T. ) ;
#593 = VERTEX_POINT ( 'NONE', #3048 ) ;
#594 = AXIS2_PLACEMENT_3D ( 'NONE', #262, #4857, #5293 ) ;
#595 = FACE_OUTER_BOUND ( 'NONE', #5791, .T. ) ;
#596 = AXIS2_PLACEMENT_3D ( 'NONE', #1166, #1192, #2510 ) ;
#597 = ORIENTED_EDGE ( 'NONE', *, *, #1139, .F. ) ;
#598 = PLANE ( 'NONE',  #1914 ) ;
#600 = EDGE_CURVE ( 'NONE', #3799, #421, #5506, .T. ) ;
#599 = CARTESIAN_POINT ( 'NONE',  ( 0.1300000000000061100, 0.04999999999999969700, -1.749999999999999300 ) ) ;
#601 = DIRECTION ( 'NONE',  ( 1.000000000000000000, 0.0000000000000000000, 3.614007241618351500E-015 ) ) ;
#602 = DIRECTION ( 'NONE',  ( -0.0000000000000000000, -1.000000000000000000, -0.0000000000000000000 ) ) ;
#603 = ORIENTED_EDGE ( 'NONE', *, *, #1446, .F. ) ;
#604 = DIRECTION ( 'NONE',  ( 3.491481338843133400E-015, 0.0000000000000000000, -1.000000000000000000 ) ) ;
#605 = FACE_OUTER_BOUND ( 'NONE', #86, .T. ) ;
#606 = ADVANCED_FACE ( 'NONE', ( #3227 ), #4884, .F. ) ;
#607 = ORIENTED_EDGE ( 'NONE', *, *, #4534, .F. ) ;
#608 = DIRECTION ( 'NONE',  ( -1.000000000000000000, 0.0000000000000000000, -4.336808689942012200E-015 ) ) ;
#609 = VERTEX_POINT ( 'NONE', #2149 ) ;
#610 = ORIENTED_EDGE ( 'NONE', *, *, #2871, .T. ) ;
#611 = CARTESIAN_POINT ( 'NONE',  ( -0.8500000000000015300, 0.0000000000000000000, 0.2499999999999977200 ) ) ;
#612 = VECTOR ( 'NONE', #3150, 1000.000000000000000 ) ;
#613 = ORIENTED_EDGE ( 'NONE', *, *, #702, .T. ) ;
#614 = CARTESIAN_POINT ( 'NONE',  ( -1.250000000000004000, 0.2000000000000000100, 0.8699999999999964400 ) ) ;
#615 = EDGE_CURVE ( 'NONE', #3937, #5281, #4293, .T. ) ;
#616 = CARTESIAN_POINT ( 'NONE',  ( -0.9700000000000031900, 0.2000000000000000100, 0.7499999999999973400 ) ) ;
#617 = DIRECTION ( 'NONE',  ( -0.0000000000000000000, -1.000000000000000000, 0.0000000000000000000 ) ) ;
#618 = CARTESIAN_POINT ( 'NONE',  ( 1.249999999999997300, 0.2000000000000000100, 0.8700000000000048800 ) ) ;
#619 = ORIENTED_EDGE ( 'NONE', *, *, #1940, .T. ) ;
#620 = DIRECTION ( 'NONE',  ( 0.0000000000000000000, -1.000000000000000000, 0.0000000000000000000 ) ) ;
#621 = DIRECTION ( 'NONE',  ( 0.0000000000000000000, 1.000000000000000000, 0.0000000000000000000 ) ) ;
#622 = EDGE_CURVE ( 'NONE', #2668, #2352, #14, .T. ) ;
#623 =( LENGTH_UNIT ( ) NAMED_UNIT ( * ) SI_UNIT ( .MILLI., .METRE. ) );
#624 = ORIENTED_EDGE ( 'NONE', *, *, #5410, .T. ) ;
#625 = EDGE_CURVE ( 'NONE', #3914, #974, #4658, .T. ) ;
#626 = AXIS2_PLACEMENT_3D ( 'NONE', #5832, #1699, #1315 ) ;
#627 = EDGE_LOOP ( 'NONE', ( #3255, #2654 ) ) ;
#628 = CARTESIAN_POINT ( 'NONE',  ( -0.1300000000000063300, 0.1999999999999999800, 1.749999999999999300 ) ) ;
#629 = DIRECTION ( 'NONE',  ( -3.491481338843133400E-015, 0.0000000000000000000, 1.000000000000000000 ) ) ;
#630 = AXIS2_PLACEMENT_3D ( 'NONE', #1331, #4988, #5470 ) ;
#631 = FACE_OUTER_BOUND ( 'NONE', #245, .T. ) ;
#632 = EDGE_CURVE ( 'NONE', #4207, #1127, #4725, .T. ) ;
#633 = EDGE_CURVE ( 'NONE', #3992, #1275, #1019, .T. ) ;
#634 = ORIENTED_EDGE ( 'NONE', *, *, #4182, .F. ) ;
#635 = CARTESIAN_POINT ( 'NONE',  ( -1.250000000000004900, 0.0000000000000000000, 1.129999999999996800 ) ) ;
#636 = ADVANCED_FACE ( 'NONE', ( #1379 ), #3064, .T. ) ;
#637 = FACE_OUTER_BOUND ( 'NONE', #4451, .T. ) ;
#638 = CARTESIAN_POINT ( 'NONE',  ( 0.9699999999999990900, 0.2000000000000000100, 0.3700000000000036600 ) ) ;
#639 = CARTESIAN_POINT ( 'NONE',  ( 1.249999999999996400, 0.0000000000000000000, 1.130000000000005200 ) ) ;
#640 = ORIENTED_EDGE ( 'NONE', *, *, #520, .T. ) ;
#641 = ORIENTED_EDGE ( 'NONE', *, *, #213, .F. ) ;
#642 = PLANE ( 'NONE',  #5031 ) ;
#643 = UNCERTAINTY_MEASURE_WITH_UNIT (LENGTH_MEASURE( 1.000000000000000100E-005 ), #3607, 'distance_accuracy_value', 'NONE');
#644 = EDGE_CURVE ( 'NONE', #4994, #1116, #868, .T. ) ;
#645 = AXIS2_PLACEMENT_3D ( 'NONE', #5624, #2342, #115 ) ;
#646 = ORIENTED_EDGE ( 'NONE', *, *, #2456, .F. ) ;
#647 = SURFACE_SIDE_STYLE ('',( #4876 ) ) ;
#648 =( NAMED_UNIT ( * ) SI_UNIT ( $, .STERADIAN. ) SOLID_ANGLE_UNIT ( ) );
#649 = VECTOR ( 'NONE', #1338, 1000.000000000000000 ) ;
#650 = CARTESIAN_POINT ( 'NONE',  ( -0.4999999999999963400, 0.05000000000000012800, -1.000000000000001600 ) ) ;
#651 = AXIS2_PLACEMENT_3D ( 'NONE', #1495, #2348, #3296 ) ;
#652 = CARTESIAN_POINT ( 'NONE',  ( 0.1299999999999949000, 0.1999999999999999800, 1.470000000000000000 ) ) ;
#653 = CARTESIAN_POINT ( 'NONE',  ( -0.9700000000000009700, 0.6664761515876241900, 0.1299999999999974000 ) ) ;
#654 = CIRCLE ( 'NONE', #5565, 0.1500000000000001900 ) ;
#655 = VERTEX_POINT ( 'NONE', #4441 ) ;
#656 = FACE_OUTER_BOUND ( 'NONE', #4483, .T. ) ;
#657 = CARTESIAN_POINT ( 'NONE',  ( -1.250000000000005800, 6.301162633521313300, 1.749999999999996000 ) ) ;
#658 = VECTOR ( 'NONE', #5607, 1000.000000000000000 ) ;
#659 = ORIENTED_EDGE ( 'NONE', *, *, #2159, .F. ) ;
#660 = FILL_AREA_STYLE ('',( #1998 ) ) ;
#661 = CARTESIAN_POINT ( 'NONE',  ( 0.9700000000000047500, 0.2000000000000000100, -1.249999999999996200 ) ) ;
#662 = FACE_OUTER_BOUND ( 'NONE', #5820, .T. ) ;
#663 = CARTESIAN_POINT ( 'NONE',  ( 1.250000000000001800, 0.2000000000000000100, -0.3699999999999948300 ) ) ;
#664 = VECTOR ( 'NONE', #3320, 1000.000000000000000 ) ;
#665 = CARTESIAN_POINT ( 'NONE',  ( 0.3699999999999994400, 0.05000000000000000300, 1.363482881768321000E-015 ) ) ;
#666 = LINE ( 'NONE', #731, #1458 ) ;
#667 = ORIENTED_EDGE ( 'NONE', *, *, #706, .F. ) ;
#668 = DIRECTION ( 'NONE',  ( -3.685088869644115200E-015, 0.0000000000000000000, 1.000000000000000000 ) ) ;
#669 = CARTESIAN_POINT ( 'NONE',  ( -0.3699999999999938900, 0.1999999999999996500, -1.750000000000001100 ) ) ;
#670 = AXIS2_PLACEMENT_3D ( 'NONE', #3590, #4047, #5102 ) ;
#671 = CARTESIAN_POINT ( 'NONE',  ( -0.1300000000000054700, 0.1999999999999999800, 1.469999999999999100 ) ) ;
#672 = LINE ( 'NONE', #5272, #5822 ) ;
#673 = VECTOR ( 'NONE', #1923, 1000.000000000000000 ) ;
#674 = ORIENTED_EDGE ( 'NONE', *, *, #2248, .F. ) ;
#675 = ORIENTED_EDGE ( 'NONE', *, *, #1644, .F. ) ;
#676 = AXIS2_PLACEMENT_3D ( 'NONE', #4900, #2164, #2091 ) ;
#677 = ADVANCED_FACE ( 'NONE', ( #2092 ), #5349, .F. ) ;
#678 = DIRECTION ( 'NONE',  ( -1.000000000000000000, 0.0000000000000000000, -2.717051215639202600E-015 ) ) ;
#679 = EDGE_CURVE ( 'NONE', #5393, #3571, #2083, .T. ) ;
#680 = EDGE_CURVE ( 'NONE', #1072, #2784, #3000, .T. ) ;
#681 = LINE ( 'NONE', #4522, #4531 ) ;
#682 = EDGE_LOOP ( 'NONE', ( #1521, #4002, #263, #2632 ) ) ;
#683 = ORIENTED_EDGE ( 'NONE', *, *, #4500, .T. ) ;
#684 = CARTESIAN_POINT ( 'NONE',  ( 0.9699999999999990900, 0.6664761515876241900, 0.3700000000000036600 ) ) ;
#685 = CIRCLE ( 'NONE', #2243, 0.1199999999999998800 ) ;
#686 = VERTEX_POINT ( 'NONE', #4841 ) ;
#687 = DIRECTION ( 'NONE',  ( 0.0000000000000000000, -1.000000000000000000, 0.0000000000000000000 ) ) ;
#688 = CARTESIAN_POINT ( 'NONE',  ( -1.249999999999998700, 0.6664761515876241900, -0.6300000000000035600 ) ) ;
#689 = DIRECTION ( 'NONE',  ( 0.0000000000000000000, 1.000000000000000000, 0.0000000000000000000 ) ) ;
#690 = ORIENTED_EDGE ( 'NONE', *, *, #5522, .T. ) ;
#691 = CARTESIAN_POINT ( 'NONE',  ( -5.844298703004477100E-015, 0.05000000000000000300, 1.369999999999999700 ) ) ;
#692 = ORIENTED_EDGE ( 'NONE', *, *, #554, .F. ) ;
#693 = LINE ( 'NONE', #4773, #3259 ) ;
#694 = DIRECTION ( 'NONE',  ( -0.0000000000000000000, -1.000000000000000000, 0.0000000000000000000 ) ) ;
#695 = EDGE_LOOP ( 'NONE', ( #3215, #2868, #2394, #1197 ) ) ;
#696 = CARTESIAN_POINT ( 'NONE',  ( 1.249999999999995800, 0.6664761515876241900, 1.370000000000005000 ) ) ;
#697 = DIRECTION ( 'NONE',  ( -1.000000000000000000, 0.0000000000000000000, -4.265911462047064500E-015 ) ) ;
#698 = CARTESIAN_POINT ( 'NONE',  ( -1.249999999999997800, 0.0000000000000000000, -0.8700000000000033300 ) ) ;
#699 = DIRECTION ( 'NONE',  ( -0.0000000000000000000, -1.000000000000000000, 0.0000000000000000000 ) ) ;
#700 = ORIENTED_EDGE ( 'NONE', *, *, #2249, .F. ) ;
#701 = ADVANCED_FACE ( 'NONE', ( #4859 ), #3107, .T. ) ;
#702 = EDGE_CURVE ( 'NONE', #1813, #3677, #5283, .T. ) ;
#703 = DIRECTION ( 'NONE',  ( -1.000000000000000000, 0.0000000000000000000, -3.491481338843133400E-015 ) ) ;
#704 = CARTESIAN_POINT ( 'NONE',  ( 1.250000000000001800, 0.04999999999999969700, -0.3699999999999948300 ) ) ;
#705 = CARTESIAN_POINT ( 'NONE',  ( -0.7999999999999980500, 0.9000000000000000200, -1.450000000000002600 ) ) ;
#706 = EDGE_CURVE ( 'NONE', #2427, #3914, #146, .T. ) ;
#707 = CARTESIAN_POINT ( 'NONE',  ( -1.249999999999996900, 0.6664761515876241900, -1.130000000000003700 ) ) ;
#708 = AXIS2_PLACEMENT_3D ( 'NONE', #4235, #4624, #2360 ) ;
#709 = VECTOR ( 'NONE', #198, 1000.000000000000000 ) ;
#710 = CARTESIAN_POINT ( 'NONE',  ( -1.249999999999997800, 0.1999999999999999800, -0.8700000000000033300 ) ) ;
#711 = DIRECTION ( 'NONE',  ( 1.000000000000000000, 0.0000000000000000000, 3.614007241618351500E-015 ) ) ;
#712 = ORIENTED_EDGE ( 'NONE', *, *, #4834, .F. ) ;
#713 = AXIS2_PLACEMENT_3D ( 'NONE', #3915, #2914, #2991 ) ;
#714 = ORIENTED_EDGE ( 'NONE', *, *, #4193, .F. ) ;
#715 = EDGE_CURVE ( 'NONE', #2965, #5360, #2641, .T. ) ;
#716 = FACE_OUTER_BOUND ( 'NONE', #4494, .T. ) ;
#717 = EDGE_CURVE ( 'NONE', #5210, #2239, #6, .T. ) ;
#718 = ORIENTED_EDGE ( 'NONE', *, *, #928, .T. ) ;
#719 = EDGE_LOOP ( 'NONE', ( #2900, #2685, #1085, #1361 ) ) ;
#720 = VERTEX_POINT ( 'NONE', #5924 ) ;
#721 = CARTESIAN_POINT ( 'NONE',  ( 0.9700000000000011900, 0.2000000000000000100, -0.2499999999999962000 ) ) ;
#722 = CYLINDRICAL_SURFACE ( 'NONE', #1826, 0.1199999999999998300 ) ;
#723 = CARTESIAN_POINT ( 'NONE',  ( -1.250000000000004000, 0.04999999999999969700, 0.8699999999999964400 ) ) ;
#724 = VECTOR ( 'NONE', #1573, 1000.000000000000000 ) ;
#725 = ORIENTED_EDGE ( 'NONE', *, *, #4639, .F. ) ;
#726 = LINE ( 'NONE', #845, #4224 ) ;
#727 = CARTESIAN_POINT ( 'NONE',  ( 0.9699999999999973100, 0.6664761515876241900, 0.8700000000000036600 ) ) ;
#728 =( NAMED_UNIT ( * ) SI_UNIT ( $, .STERADIAN. ) SOLID_ANGLE_UNIT ( ) );
#729 = ADVANCED_FACE ( 'NONE', ( #2362 ), #1353, .F. ) ;
#730 = PLANE ( 'NONE',  #594 ) ;
#731 = CARTESIAN_POINT ( 'NONE',  ( -2.363834557606105700E-015, 0.05000000000000000300, 0.8699999999999997700 ) ) ;
#732 = CARTESIAN_POINT ( 'NONE',  ( -0.9699999999999963100, 0.6664761515876241900, -1.250000000000002900 ) ) ;
#733 = LINE ( 'NONE', #35, #1024 ) ;
#734 = FACE_OUTER_BOUND ( 'NONE', #1974, .T. ) ;
#735 = ORIENTED_EDGE ( 'NONE', *, *, #3597, .T. ) ;
#736 = LINE ( 'NONE', #1774, #4169 ) ;
#737 = DIRECTION ( 'NONE',  ( -1.000000000000000000, 0.0000000000000000000, -3.708321773340234200E-015 ) ) ;
#738 = VERTEX_POINT ( 'NONE', #4067 ) ;
#739 = ORIENTED_EDGE ( 'NONE', *, *, #2806, .F. ) ;
#740 = DIRECTION ( 'NONE',  ( 1.000000000000000000, 0.0000000000000000000, 3.491481338843133400E-015 ) ) ;
#741 = EDGE_CURVE ( 'NONE', #534, #2608, #1656, .T. ) ;
#742 = CIRCLE ( 'NONE', #103, 0.1199999999999998800 ) ;
#743 = EDGE_LOOP ( 'NONE', ( #3278, #475, #5017, #3072 ) ) ;
#744 = ORIENTED_EDGE ( 'NONE', *, *, #4921, .F. ) ;
#745 = EDGE_CURVE ( 'NONE', #2925, #2745, #1799, .T. ) ;
#746 = AXIS2_PLACEMENT_3D ( 'NONE', #866, #5021, #889 ) ;
#747 = CARTESIAN_POINT ( 'NONE',  ( 0.9700000000000029700, 0.6664761515876241900, -0.7499999999999962300 ) ) ;
#748 = SURFACE_SIDE_STYLE ('',( #97 ) ) ;
#749 = FACE_OUTER_BOUND ( 'NONE', #2246, .T. ) ;
#750 = AXIS2_PLACEMENT_3D ( 'NONE', #3805, #4269, #3865 ) ;
#751 = SURFACE_STYLE_USAGE ( .BOTH. , #5790 ) ;
#752 = DIRECTION ( 'NONE',  ( 1.000000000000000000, -0.0000000000000000000, 2.717051215639202600E-015 ) ) ;
#753 = ORIENTED_EDGE ( 'NONE', *, *, #1061, .T. ) ;
#754 = EDGE_CURVE ( 'NONE', #3355, #2195, #430, .T. ) ;
#755 = CARTESIAN_POINT ( 'NONE',  ( 0.0000000000000000000, 1.000000000000000000, 0.0000000000000000000 ) ) ;
#756 = MANIFOLD_SOLID_BREP ( 'Body-Move/Copy1[8]', #543 ) ;
#757 = VECTOR ( 'NONE', #2080, 1000.000000000000000 ) ;
#758 = ORIENTED_EDGE ( 'NONE', *, *, #252, .T. ) ;
#759 = ORIENTED_EDGE ( 'NONE', *, *, #5183, .F. ) ;
#760 = CARTESIAN_POINT ( 'NONE',  ( 1.250000000000004400, 0.0000000000000000000, -1.129999999999995200 ) ) ;
#761 = ORIENTED_EDGE ( 'NONE', *, *, #3734, .F. ) ;
#762 = ADVANCED_FACE ( 'NONE', ( #2502 ), #4555, .T. ) ;
#763 = CIRCLE ( 'NONE', #2203, 0.1199999999999998300 ) ;
#764 =( NAMED_UNIT ( * ) SI_UNIT ( $, .STERADIAN. ) SOLID_ANGLE_UNIT ( ) );
#765 = EDGE_LOOP ( 'NONE', ( #3134, #562, #4536, #5842 ) ) ;
#766 = CARTESIAN_POINT ( 'NONE',  ( -1.249999999999997800, 0.1999999999999999800, -0.8700000000000033300 ) ) ;
#767 = EDGE_LOOP ( 'NONE', ( #2686, #5627, #5121, #4601 ) ) ;
#768 = VERTEX_POINT ( 'NONE', #395 ) ;
#769 = DIRECTION ( 'NONE',  ( 3.491481338843133400E-015, 0.0000000000000000000, -1.000000000000000000 ) ) ;
#770 = AXIS2_PLACEMENT_3D ( 'NONE', #4363, #2011, #264 ) ;
#771 = ORIENTED_EDGE ( 'NONE', *, *, #3405, .T. ) ;
#772 = FACE_OUTER_BOUND ( 'NONE', #2192, .T. ) ;
#773 = CARTESIAN_POINT ( 'NONE',  ( 0.1299999999999939300, 0.0000000000000000000, 1.750000000000000200 ) ) ;
#774 = VERTEX_POINT ( 'NONE', #413 ) ;
#775 = ORIENTED_EDGE ( 'NONE', *, *, #4682, .T. ) ;
#776 = DIRECTION ( 'NONE',  ( 1.000000000000000000, 0.0000000000000000000, 3.491481338843133400E-015 ) ) ;
#777 = LINE ( 'NONE', #1786, #3570 ) ;
#778 = EDGE_CURVE ( 'NONE', #2195, #382, #4787, .T. ) ;
#779 = ORIENTED_EDGE ( 'NONE', *, *, #3700, .T. ) ;
#780 = DIRECTION ( 'NONE',  ( 3.491481338843133400E-015, 0.0000000000000000000, -1.000000000000000000 ) ) ;
#781 = VERTEX_POINT ( 'NONE', #1778 ) ;
#782 = AXIS2_PLACEMENT_3D ( 'NONE', #3179, #436, #2627 ) ;
#783 = ORIENTED_EDGE ( 'NONE', *, *, #3155, .T. ) ;
#784 = ADVANCED_FACE ( 'NONE', ( #5870 ), #2684, .T. ) ;
#785 = DIRECTION ( 'NONE',  ( 0.0000000000000000000, -1.000000000000000000, 0.0000000000000000000 ) ) ;
#786 = ORIENTED_EDGE ( 'NONE', *, *, #632, .F. ) ;
#787 = CARTESIAN_POINT ( 'NONE',  ( -0.3700000000000051600, 0.1999999999999999800, 1.469999999999998200 ) ) ;
#788 = CARTESIAN_POINT ( 'NONE',  ( -0.3700000000000000000, 0.05000000000000000300, -1.291848095371959400E-015 ) ) ;
#789 = VECTOR ( 'NONE', #3361, 1000.000000000000000 ) ;
#790 = CARTESIAN_POINT ( 'NONE',  ( -0.8499999999999964300, 0.04999999999999999600, -1.250000000000002400 ) ) ;
#791 = FACE_OUTER_BOUND ( 'NONE', #3703, .T. ) ;
#792 = VECTOR ( 'NONE', #354, 1000.000000000000000 ) ;
#793 = VERTEX_POINT ( 'NONE', #846 ) ;
#795 = LINE ( 'NONE', #5197, #3811 ) ;
#794 = DIRECTION ( 'NONE',  ( -0.0000000000000000000, -1.000000000000000000, 0.0000000000000000000 ) ) ;
#796 = CARTESIAN_POINT ( 'NONE',  ( -0.9699999999999997500, 0.2000000000000000100, -0.2500000000000027200 ) ) ;
#797 = LINE ( 'NONE', #3477, #5511 ) ;
#798 = CARTESIAN_POINT ( 'NONE',  ( 0.1300000000000000000, 0.05000000000000000300, 4.538925740496074000E-016 ) ) ;
#799 = CYLINDRICAL_SURFACE ( 'NONE', #4644, 0.1199999999999998800 ) ;
#800 = ORIENTED_EDGE ( 'NONE', *, *, #1505, .F. ) ;
#801 = FILL_AREA_STYLE ('',( #4898 ) ) ;
#802 = VECTOR ( 'NONE', #2827, 1000.000000000000000 ) ;
#803 = FACE_OUTER_BOUND ( 'NONE', #909, .T. ) ;
#804 = PRODUCT_RELATED_PRODUCT_CATEGORY ( 'part', '', ( #1975 ) ) ;
#805 = FACE_OUTER_BOUND ( 'NONE', #5487, .T. ) ;
#806 = ORIENTED_EDGE ( 'NONE', *, *, #3888, .T. ) ;
#807 = CARTESIAN_POINT ( 'NONE',  ( -1.250000000000003100, 0.0000000000000000000, 0.6299999999999966700 ) ) ;
#808 = CARTESIAN_POINT ( 'NONE',  ( -0.9699999999999966400, 0.2000000000000000100, -1.130000000000003000 ) ) ;
#809 = LINE ( 'NONE', #2730, #5370 ) ;
#810 = VECTOR ( 'NONE', #2017, 1000.000000000000000 ) ;
#811 = ORIENTED_EDGE ( 'NONE', *, *, #1969, .F. ) ;
#812 = ORIENTED_EDGE ( 'NONE', *, *, #5780, .F. ) ;
#813 = CARTESIAN_POINT ( 'NONE',  ( -0.9700000000000027500, 0.2000000000000000100, 0.6299999999999974500 ) ) ;
#814 = EDGE_CURVE ( 'NONE', #3756, #686, #365, .T. ) ;
#815 = DIRECTION ( 'NONE',  ( 1.000000000000000000, 0.0000000000000000000, 3.491481338843133400E-015 ) ) ;
#816 = CYLINDRICAL_SURFACE ( 'NONE', #713, 0.1199999999999998800 ) ;
#817 = ADVANCED_FACE ( 'NONE', ( #2850 ), #501, .F. ) ;
#818 = EDGE_LOOP ( 'NONE', ( #4543, #2288, #3054, #3202 ) ) ;
#819 = DIRECTION ( 'NONE',  ( -1.000000000000000000, 0.0000000000000000000, -3.614007241618353100E-015 ) ) ;
#820 = CARTESIAN_POINT ( 'NONE',  ( -0.3700000000000061000, 0.6664761515876238600, 1.749999999999998400 ) ) ;
#821 = VERTEX_POINT ( 'NONE', #4625 ) ;
#822 = EDGE_CURVE ( 'NONE', #2937, #5459, #5583, .T. ) ;
#823 = EDGE_CURVE ( 'NONE', #4348, #4376, #1730, .T. ) ;
#824 = FACE_OUTER_BOUND ( 'NONE', #2265, .T. ) ;
#825 = AXIS2_PLACEMENT_3D ( 'NONE', #5891, #3621, #2340 ) ;
#826 = ORIENTED_EDGE ( 'NONE', *, *, #1062, .T. ) ;
#827 = DIRECTION ( 'NONE',  ( -1.000000000000000000, 0.0000000000000000000, -3.614007241618351500E-015 ) ) ;
#828 = CARTESIAN_POINT ( 'NONE',  ( 0.9699999999999973100, 0.1999999999999999800, 0.8700000000000036600 ) ) ;
#829 = ORIENTED_EDGE ( 'NONE', *, *, #3283, .F. ) ;
#830 = AXIS2_PLACEMENT_3D ( 'NONE', #1486, #142, #2437 ) ;
#831 = DIRECTION ( 'NONE',  ( 3.491481338843133400E-015, 0.0000000000000000000, -1.000000000000000000 ) ) ;
#832 = UNCERTAINTY_MEASURE_WITH_UNIT (LENGTH_MEASURE( 1.000000000000000100E-005 ), #4851, 'distance_accuracy_value', 'NONE');
#833 = VECTOR ( 'NONE', #5099, 1000.000000000000000 ) ;
#834 = CARTESIAN_POINT ( 'NONE',  ( 0.9699999999999977500, 0.2000000000000000100, 0.7500000000000037700 ) ) ;
#835 = EDGE_CURVE ( 'NONE', #3816, #4284, #2428, .T. ) ;
#836 = EDGE_CURVE ( 'NONE', #3571, #5871, #4715, .T. ) ;
#837 = ORIENTED_EDGE ( 'NONE', *, *, #2807, .T. ) ;
#838 = DIRECTION ( 'NONE',  ( 3.491481338843133400E-015, 0.0000000000000000000, -1.000000000000000000 ) ) ;
#839 = AXIS2_PLACEMENT_3D ( 'NONE', #1457, #3732, #4638 ) ;
#840 = CARTESIAN_POINT ( 'NONE',  ( -0.9699999999999963100, 0.2000000000000000100, -1.250000000000002900 ) ) ;
#841 = ORIENTED_EDGE ( 'NONE', *, *, #3697, .F. ) ;
#842 = DIRECTION ( 'NONE',  ( -0.0000000000000000000, -1.000000000000000000, 0.0000000000000000000 ) ) ;
#843 = PLANE ( 'NONE',  #3714 ) ;
#844 = ADVANCED_FACE ( 'NONE', ( #3298 ), #4180, .F. ) ;
#845 = CARTESIAN_POINT ( 'NONE',  ( -0.9700000000000036400, 0.0000000000000000000, 0.8699999999999972200 ) ) ;
#846 = CARTESIAN_POINT ( 'NONE',  ( 0.9700000000000043000, 0.04999999999999999600, -1.129999999999996300 ) ) ;
#847 = EDGE_LOOP ( 'NONE', ( #1476, #2575, #4199, #1768 ) ) ;
#848 = LINE ( 'NONE', #5672, #709 ) ;
#849 = EDGE_CURVE ( 'NONE', #1459, #4133, #3874, .T. ) ;
#850 = ORIENTED_EDGE ( 'NONE', *, *, #3124, .T. ) ;
#851 = EDGE_LOOP ( 'NONE', ( #3920, #3247, #1819, #2383 ) ) ;
#852 = ORIENTED_EDGE ( 'NONE', *, *, #3656, .T. ) ;
#853 =( GEOMETRIC_REPRESENTATION_CONTEXT ( 3 ) GLOBAL_UNCERTAINTY_ASSIGNED_CONTEXT ( ( #4554 ) ) GLOBAL_UNIT_ASSIGNED_CONTEXT ( ( #3852, #5126, #648 ) ) REPRESENTATION_CONTEXT ( 'NONE', 'WORKASPACE' ) );
#854 = DIRECTION ( 'NONE',  ( -1.000000000000000000, 0.0000000000000000000, -2.717051215639202600E-015 ) ) ;
#855 = VECTOR ( 'NONE', #5767, 1000.000000000000000 ) ;
#856 = DIRECTION ( 'NONE',  ( -4.265911462047064500E-015, 0.0000000000000000000, 1.000000000000000000 ) ) ;
#857 = LINE ( 'NONE', #5563, #5732 ) ;
#858 = DIRECTION ( 'NONE',  ( -1.000000000000000000, 0.0000000000000000000, -3.614007241618351500E-015 ) ) ;
#859 = EDGE_CURVE ( 'NONE', #4983, #5053, #3941, .T. ) ;
#860 = SURFACE_STYLE_FILL_AREA ( #4940 ) ;
#861 = SURFACE_STYLE_FILL_AREA ( #3472 ) ;
#862 = FACE_OUTER_BOUND ( 'NONE', #2186, .T. ) ;
#863 = DIRECTION ( 'NONE',  ( 3.491481338843133400E-015, 0.0000000000000000000, -1.000000000000000000 ) ) ;
#864 = DIRECTION ( 'NONE',  ( -4.265911462047064500E-015, 0.0000000000000000000, 1.000000000000000000 ) ) ;
#865 = DIRECTION ( 'NONE',  ( 1.000000000000000000, 0.0000000000000000000, 2.717051215639202200E-015 ) ) ;
#866 = CARTESIAN_POINT ( 'NONE',  ( 0.9699999999999995300, 0.2000000000000000100, 0.2500000000000037700 ) ) ;
#867 = LINE ( 'NONE', #2852, #4369 ) ;
#868 = LINE ( 'NONE', #4858, #5591 ) ;
#869 = ORIENTED_EDGE ( 'NONE', *, *, #1328, .T. ) ;
#870 = FACE_OUTER_BOUND ( 'NONE', #2, .T. ) ;
#871 = LINE ( 'NONE', #5733, #3886 ) ;
#872 = ORIENTED_EDGE ( 'NONE', *, *, #741, .T. ) ;
#873 = ADVANCED_FACE ( 'NONE', ( #5428 ), #3511, .F. ) ;
#874 = CARTESIAN_POINT ( 'NONE',  ( -0.9699999999999963100, 0.2000000000000000100, -1.250000000000002900 ) ) ;
#875 = DIRECTION ( 'NONE',  ( -1.000000000000000000, 0.0000000000000000000, -4.265911462047064500E-015 ) ) ;
#876 = VECTOR ( 'NONE', #1549, 1000.000000000000000 ) ;
#877 = LINE ( 'NONE', #4252, #4317 ) ;
#878 = PLANE ( 'NONE',  #2467 ) ;
#879 = VERTEX_POINT ( 'NONE', #3248 ) ;
#880 = ORIENTED_EDGE ( 'NONE', *, *, #589, .F. ) ;
#881 = CARTESIAN_POINT ( 'NONE',  ( 1.250000000000001800, 0.6664761515876241900, -0.3699999999999948300 ) ) ;
#882 = CARTESIAN_POINT ( 'NONE',  ( -1.250000000000005800, 0.6664761515876241900, 1.369999999999996300 ) ) ;
#883 = DIRECTION ( 'NONE',  ( -1.000000000000000000, 0.0000000000000000000, -2.717051215639202600E-015 ) ) ;
#884 = VECTOR ( 'NONE', #496, 1000.000000000000000 ) ;
#885 = DIRECTION ( 'NONE',  ( -1.000000000000000000, 0.0000000000000000000, -2.717051215639202200E-015 ) ) ;
#886 = CARTESIAN_POINT ( 'NONE',  ( 0.2499999999999946400, 0.1999999999999999800, 1.470000000000000600 ) ) ;
#887 = VERTEX_POINT ( 'NONE', #3306 ) ;
#888 = EDGE_LOOP ( 'NONE', ( #2230, #452, #4294, #3019 ) ) ;
#889 = DIRECTION ( 'NONE',  ( -1.000000000000000000, 0.0000000000000000000, -3.614007241618351500E-015 ) ) ;
#890 = CARTESIAN_POINT ( 'NONE',  ( 1.250000000000006000, 0.05000000000000000300, -1.749999999999995600 ) ) ;
#891 = CARTESIAN_POINT ( 'NONE',  ( 1.250000000000000900, 0.2000000000000000100, -0.1299999999999951200 ) ) ;
#892 = ORIENTED_EDGE ( 'NONE', *, *, #3349, .F. ) ;
#893 = EDGE_CURVE ( 'NONE', #1251, #2066, #4080, .T. ) ;
#894 = VECTOR ( 'NONE', #1111, 1000.000000000000000 ) ;
#895 = ORIENTED_EDGE ( 'NONE', *, *, #1906, .T. ) ;
#896 = EDGE_CURVE ( 'NONE', #655, #2103, #1506, .T. ) ;
#897 = ORIENTED_EDGE ( 'NONE', *, *, #3548, .F. ) ;
#898 = ORIENTED_EDGE ( 'NONE', *, *, #4610, .F. ) ;
#899 = DIRECTION ( 'NONE',  ( -1.000000000000000000, 0.0000000000000000000, -2.891205793294674700E-015 ) ) ;
#900 = CYLINDRICAL_SURFACE ( 'NONE', #2805, 0.1199999999999998800 ) ;
#901 = CARTESIAN_POINT ( 'NONE',  ( -1.249999999999998700, 0.6664761515876241900, -0.6300000000000035600 ) ) ;
#902 = DIRECTION ( 'NONE',  ( 0.0000000000000000000, -1.000000000000000000, 0.0000000000000000000 ) ) ;
#903 = AXIS2_PLACEMENT_3D ( 'NONE', #721, #2532, #5765 ) ;
#904 = ADVANCED_FACE ( 'NONE', ( #5225 ), #1012, .F. ) ;
#905 = DIRECTION ( 'NONE',  ( -0.0000000000000000000, -1.000000000000000000, -0.0000000000000000000 ) ) ;
#906 = DIRECTION ( 'NONE',  ( -1.000000000000000000, 0.0000000000000000000, -2.717051215639202200E-015 ) ) ;
#907 = EDGE_CURVE ( 'NONE', #4000, #2404, #2565, .T. ) ;
#908 = CARTESIAN_POINT ( 'NONE',  ( 1.250000000000000900, 0.04999999999999969700, -0.1299999999999951200 ) ) ;
#909 = EDGE_LOOP ( 'NONE', ( #4827, #1959, #4503, #5532 ) ) ;
#910 = DIRECTION ( 'NONE',  ( 0.0000000000000000000, 1.000000000000000000, 0.0000000000000000000 ) ) ;
#911 = DIRECTION ( 'NONE',  ( 1.000000000000000000, 0.0000000000000000000, 3.614007241618351500E-015 ) ) ;
#912 = CLOSED_SHELL ( 'NONE', ( #2138, #2168, #4919, #5160, #1697, #1369 ) ) ;
#913 = PLANE ( 'NONE',  #2882 ) ;
#914 = ORIENTED_EDGE ( 'NONE', *, *, #3321, .T. ) ;
#915 = LINE ( 'NONE', #3601, #2276 ) ;
#916 = CARTESIAN_POINT ( 'NONE',  ( 1.249999999999994400, 1.000000000000000000, 1.750000000000004700 ) ) ;
#917 = ORIENTED_EDGE ( 'NONE', *, *, #5768, .F. ) ;
#918 = DIRECTION ( 'NONE',  ( -1.000000000000000000, 0.0000000000000000000, -3.614007241618351500E-015 ) ) ;
#919 = ORIENTED_EDGE ( 'NONE', *, *, #176, .F. ) ;
#920 = CARTESIAN_POINT ( 'NONE',  ( 0.5000000000000036600, 2.436067977499790000, -0.9999999999999978900 ) ) ;
#921 = DIRECTION ( 'NONE',  ( 1.000000000000000000, 0.0000000000000000000, 3.614007241618351500E-015 ) ) ;
#922 = EDGE_CURVE ( 'NONE', #593, #5385, #4010, .T. ) ;
#923 = VECTOR ( 'NONE', #1231, 1000.000000000000000 ) ;
#924 = CARTESIAN_POINT ( 'NONE',  ( 0.9700000000000047500, 0.0000000000000000000, -1.249999999999996200 ) ) ;
#925 = ORIENTED_EDGE ( 'NONE', *, *, #2987, .F. ) ;
#926 = ORIENTED_EDGE ( 'NONE', *, *, #2586, .F. ) ;
#927 = CARTESIAN_POINT ( 'NONE',  ( -0.9699999999999984200, 0.0000000000000000000, -0.6300000000000028900 ) ) ;
#928 = EDGE_CURVE ( 'NONE', #5459, #3841, #1589, .T. ) ;
#929 = ADVANCED_FACE ( 'NONE', ( #3802 ), #5515, .F. ) ;
#930 = CARTESIAN_POINT ( 'NONE',  ( -0.9499999999999981800, 1.000000000000000000, -1.450000000000003100 ) ) ;
#931 = EDGE_CURVE ( 'NONE', #1807, #1894, #81, .T. ) ;
#932 =( GEOMETRIC_REPRESENTATION_CONTEXT ( 3 ) GLOBAL_UNCERTAINTY_ASSIGNED_CONTEXT ( ( #4013 ) ) GLOBAL_UNIT_ASSIGNED_CONTEXT ( ( #448, #5866, #5391 ) ) REPRESENTATION_CONTEXT ( 'NONE', 'WORKASPACE' ) );
#933 = LINE ( 'NONE', #1460, #80 ) ;
#934 = CARTESIAN_POINT ( 'NONE',  ( 1.250000000000000900, 0.2000000000000000100, -0.1299999999999951200 ) ) ;
#935 = CIRCLE ( 'NONE', #1705, 0.1199999999999998800 ) ;
#936 = ORIENTED_EDGE ( 'NONE', *, *, #4567, .F. ) ;
#937 = PRESENTATION_STYLE_ASSIGNMENT (( #4048 ) ) ;
#938 = AXIS2_PLACEMENT_3D ( 'NONE', #4707, #3825, #2926 ) ;
#939 = DIRECTION ( 'NONE',  ( -1.000000000000000000, 0.0000000000000000000, -2.717051215639202600E-015 ) ) ;
#940 = ADVANCED_FACE ( 'NONE', ( #5082 ), #642, .T. ) ;
#941 = EDGE_CURVE ( 'NONE', #1919, #1851, #5808, .T. ) ;
#942 = VECTOR ( 'NONE', #3102, 1000.000000000000000 ) ;
#943 = CARTESIAN_POINT ( 'NONE',  ( -0.3699999999999938900, 0.1999999999999999800, -1.750000000000001100 ) ) ;
#944 = FACE_OUTER_BOUND ( 'NONE', #2949, .T. ) ;
#945 = ORIENTED_EDGE ( 'NONE', *, *, #2806, .T. ) ;
#946 = CARTESIAN_POINT ( 'NONE',  ( 1.249999999999998200, 0.6664761515876241900, 0.6300000000000051100 ) ) ;
#947 = CARTESIAN_POINT ( 'NONE',  ( -1.250000000000003100, 0.2000000000000000100, 0.6299999999999966700 ) ) ;
#948 = CARTESIAN_POINT ( 'NONE',  ( 0.9699999999999973100, 0.0000000000000000000, 0.8700000000000036600 ) ) ;
#949 = DIRECTION ( 'NONE',  ( 0.0000000000000000000, -1.000000000000000000, 0.0000000000000000000 ) ) ;
#950 = VECTOR ( 'NONE', #5861, 1000.000000000000000 ) ;
#951 = LINE ( 'NONE', #1594, #5092 ) ;
#952 = LINE ( 'NONE', #2353, #5819 ) ;
#953 = ORIENTED_EDGE ( 'NONE', *, *, #4487, .T. ) ;
#954 = CARTESIAN_POINT ( 'NONE',  ( 1.249999999999995800, 0.0000000000000000000, 1.370000000000005000 ) ) ;
#955 = AXIS2_PLACEMENT_3D ( 'NONE', #4699, #4200, #4663 ) ;
#956 = VECTOR ( 'NONE', #2234, 1000.000000000000000 ) ;
#957 = AXIS2_PLACEMENT_3D ( 'NONE', #377, #3568, #838 ) ;
#958 = VERTEX_POINT ( 'NONE', #5686 ) ;
#959 = DIRECTION ( 'NONE',  ( 1.000000000000000000, 0.0000000000000000000, 4.265911462047064500E-015 ) ) ;
#960 = EDGE_LOOP ( 'NONE', ( #718, #1112, #4716, #1702 ) ) ;
#961 = DIRECTION ( 'NONE',  ( 3.491481338843133400E-015, 0.0000000000000000000, -1.000000000000000000 ) ) ;
#962 = FACE_OUTER_BOUND ( 'NONE', #818, .T. ) ;
#963 = CARTESIAN_POINT ( 'NONE',  ( 1.250000000000004400, 0.1999999999999999800, -1.129999999999995200 ) ) ;
#964 = ORIENTED_EDGE ( 'NONE', *, *, #5726, .T. ) ;
#965 = ORIENTED_EDGE ( 'NONE', *, *, #2044, .F. ) ;
#966 = DIRECTION ( 'NONE',  ( 3.491481338843133400E-015, 0.0000000000000000000, -1.000000000000000000 ) ) ;
#967 = DIRECTION ( 'NONE',  ( 0.0000000000000000000, -1.000000000000000000, 0.0000000000000000000 ) ) ;
#968 = ADVANCED_FACE ( 'NONE', ( #310 ), #1516, .T. ) ;
#969 = FILL_AREA_STYLE ('',( #3207 ) ) ;
#970 = CARTESIAN_POINT ( 'NONE',  ( -0.1300000000000054700, 0.05000000000000002400, 1.469999999999999100 ) ) ;
#971 = VECTOR ( 'NONE', #699, 1000.000000000000000 ) ;
#972 = DIRECTION ( 'NONE',  ( -0.0000000000000000000, -1.000000000000000000, 0.0000000000000000000 ) ) ;
#973 = ORIENTED_EDGE ( 'NONE', *, *, #5484, .F. ) ;
#974 = VERTEX_POINT ( 'NONE', #2870 ) ;
#975 = CARTESIAN_POINT ( 'NONE',  ( -1.249999999999996200, 0.6664761515876241900, -1.370000000000003400 ) ) ;
#976 = VECTOR ( 'NONE', #1168, 1000.000000000000000 ) ;
#977 = AXIS2_PLACEMENT_3D ( 'NONE', #5810, #4405, #2130 ) ;
#978 = DIRECTION ( 'NONE',  ( -0.0000000000000000000, -1.000000000000000000, 0.0000000000000000000 ) ) ;
#979 = VERTEX_POINT ( 'NONE', #145 ) ;
#980 = ORIENTED_EDGE ( 'NONE', *, *, #63, .F. ) ;
#981 = EDGE_CURVE ( 'NONE', #1124, #1141, #2440, .T. ) ;
#982 = EDGE_LOOP ( 'NONE', ( #2769, #4431, #5229, #1956 ) ) ;
#983 = EDGE_CURVE ( 'NONE', #1882, #4589, #3230, .T. ) ;
#984 = DIRECTION ( 'NONE',  ( -1.000000000000000000, 0.0000000000000000000, -2.717051215639202600E-015 ) ) ;
#985 =( NAMED_UNIT ( * ) PLANE_ANGLE_UNIT ( ) SI_UNIT ( $, .RADIAN. ) );
#986 = PLANE ( 'NONE',  #273 ) ;
#987 = AXIS2_PLACEMENT_3D ( 'NONE', #5617, #580, #556 ) ;
#988 = DIRECTION ( 'NONE',  ( 0.0000000000000000000, -1.000000000000000000, 0.0000000000000000000 ) ) ;
#989 = ORIENTED_EDGE ( 'NONE', *, *, #3569, .F. ) ;
#990 = ORIENTED_EDGE ( 'NONE', *, *, #2569, .F. ) ;
#991 = CARTESIAN_POINT ( 'NONE',  ( -0.1299999999999941200, 0.6664761515876238600, -1.750000000000000200 ) ) ;
#992 = DIRECTION ( 'NONE',  ( -1.000000000000000000, 0.0000000000000000000, -3.297873808042150800E-015 ) ) ;
#993 = ORIENTED_EDGE ( 'NONE', *, *, #2277, .F. ) ;
#994 = CARTESIAN_POINT ( 'NONE',  ( 0.9700000000000025300, 0.2000000000000000100, -0.6299999999999963400 ) ) ;
#995 = EDGE_LOOP ( 'NONE', ( #5199, #1261, #895, #2176 ) ) ;
#996 = VECTOR ( 'NONE', #588, 1000.000000000000000 ) ;
#997 = ORIENTED_EDGE ( 'NONE', *, *, #4291, .F. ) ;
#998 = ORIENTED_EDGE ( 'NONE', *, *, #1751, .F. ) ;
#999 = DIRECTION ( 'NONE',  ( 1.000000000000000000, 0.0000000000000000000, 3.491481338843133400E-015 ) ) ;
#1000 = ADVANCED_FACE ( 'NONE', ( #1808 ), #2016, .T. ) ;
#1001 = SURFACE_STYLE_FILL_AREA ( #4712 ) ;
#1002 = PLANE ( 'NONE',  #5420 ) ;
#1003 = CARTESIAN_POINT ( 'NONE',  ( -0.8499999999999980900, 0.6664761515876241900, -0.7500000000000023300 ) ) ;
#1004 = CARTESIAN_POINT ( 'NONE',  ( -1.249999999999999600, 0.1999999999999999800, -0.3700000000000034400 ) ) ;
#1005 = ORIENTED_EDGE ( 'NONE', *, *, #5638, .F. ) ;
#1006 = SURFACE_SIDE_STYLE ('',( #3233 ) ) ;
#1007 = PLANE ( 'NONE',  #2018 ) ;
#1008 = ORIENTED_EDGE ( 'NONE', *, *, #4196, .F. ) ;
#1009 = DIRECTION ( 'NONE',  ( -0.0000000000000000000, -1.000000000000000000, 0.0000000000000000000 ) ) ;
#1010 = LINE ( 'NONE', #1788, #833 ) ;
#1011 = EDGE_CURVE ( 'NONE', #3914, #1845, #439, .T. ) ;
#1012 = CYLINDRICAL_SURFACE ( 'NONE', #4796, 0.1199999999999998800 ) ;
#1013 = LINE ( 'NONE', #3534, #2006 ) ;
#1014 = DIRECTION ( 'NONE',  ( 1.000000000000000000, 0.0000000000000000000, 3.491481338843133400E-015 ) ) ;
#1015 = VECTOR ( 'NONE', #56, 1000.000000000000000 ) ;
#1016 = CARTESIAN_POINT ( 'NONE',  ( -0.9499999999999981800, 1.000000000000000000, -1.450000000000003100 ) ) ;
#1017 = LINE ( 'NONE', #2444, #2506 ) ;
#1018 = EDGE_CURVE ( 'NONE', #3971, #4348, #5508, .T. ) ;
#1019 = LINE ( 'NONE', #1701, #4512 ) ;
#1020 = ORIENTED_EDGE ( 'NONE', *, *, #2546, .T. ) ;
#1021 = LINE ( 'NONE', #4890, #5155 ) ;
#1022 = CARTESIAN_POINT ( 'NONE',  ( 0.9700000000000029700, 0.2000000000000000100, -0.7499999999999962300 ) ) ;
#1023 = AXIS2_PLACEMENT_3D ( 'NONE', #2533, #4812, #4847 ) ;
#1024 = VECTOR ( 'NONE', #1149, 1000.000000000000000 ) ;
#1025 = VECTOR ( 'NONE', #33, 1000.000000000000000 ) ;
#1026 = ORIENTED_EDGE ( 'NONE', *, *, #2171, .T. ) ;
#1027 = AXIS2_PLACEMENT_3D ( 'NONE', #4337, #1133, #1614 ) ;
#1028 = DIRECTION ( 'NONE',  ( 2.717051215639202200E-015, 0.0000000000000000000, -1.000000000000000000 ) ) ;
#1029 = EDGE_CURVE ( 'NONE', #4795, #5574, #5438, .T. ) ;
#1030 = DIRECTION ( 'NONE',  ( 0.0000000000000000000, 1.000000000000000000, 0.0000000000000000000 ) ) ;
#1031 = EDGE_CURVE ( 'NONE', #720, #4119, #581, .T. ) ;
#1032 = CIRCLE ( 'NONE', #5239, 0.1199999999999998600 ) ;
#1033 = CARTESIAN_POINT ( 'NONE',  ( -0.3700000000000061000, 0.0000000000000000000, 1.749999999999998400 ) ) ;
#1034 = VERTEX_POINT ( 'NONE', #1553 ) ;
#1035 = ORIENTED_EDGE ( 'NONE', *, *, #5030, .T. ) ;
#1036 = CARTESIAN_POINT ( 'NONE',  ( -0.8500000000000033100, 0.2000000000000000100, 0.7499999999999977800 ) ) ;
#1037 = VECTOR ( 'NONE', #1289, 1000.000000000000000 ) ;
#1038 = DIRECTION ( 'NONE',  ( -1.000000000000000000, 0.0000000000000000000, -3.708321773340234200E-015 ) ) ;
#1039 = ORIENTED_EDGE ( 'NONE', *, *, #2492, .F. ) ;
#1040 = AXIS2_PLACEMENT_3D ( 'NONE', #1983, #687, #5720 ) ;
#1041 = ADVANCED_FACE ( 'NONE', ( #5011 ), #3362, .T. ) ;
#1042 = CIRCLE ( 'NONE', #4691, 0.1199999999999998800 ) ;
#1043 = ORIENTED_EDGE ( 'NONE', *, *, #2951, .F. ) ;
#1044 = VERTEX_POINT ( 'NONE', #4740 ) ;
#1045 = CARTESIAN_POINT ( 'NONE',  ( -0.3699999999999938900, 0.0000000000000000000, -1.750000000000001100 ) ) ;
#1046 = VECTOR ( 'NONE', #4195, 1000.000000000000000 ) ;
#1047 = ORIENTED_EDGE ( 'NONE', *, *, #1837, .T. ) ;
#1048 = CARTESIAN_POINT ( 'NONE',  ( 0.9700000000000031900, 0.04999999999999999600, -0.8699999999999961100 ) ) ;
#1049 = ORIENTED_EDGE ( 'NONE', *, *, #1139, .T. ) ;
#1050 = DIRECTION ( 'NONE',  ( 1.000000000000000000, 0.0000000000000000000, 3.614007241618351500E-015 ) ) ;
#1051 = EDGE_LOOP ( 'NONE', ( #2070, #5257, #4445, #1436 ) ) ;
#1052 = CARTESIAN_POINT ( 'NONE',  ( 0.5000000000000036600, 0.2000000000000000900, -0.9999999999999978900 ) ) ;
#1053 = DIRECTION ( 'NONE',  ( 0.0000000000000000000, -1.000000000000000000, -0.0000000000000000000 ) ) ;
#1054 = EDGE_CURVE ( 'NONE', #1228, #4320, #4573, .T. ) ;
#1055 = EDGE_LOOP ( 'NONE', ( #2601, #1414, #5029, #4828 ) ) ;
#1056 = EDGE_CURVE ( 'NONE', #2909, #2988, #795, .T. ) ;
#1057 = STYLED_ITEM ( 'NONE', ( #1442 ), #756 ) ;
#1058 = ORIENTED_EDGE ( 'NONE', *, *, #5737, .F. ) ;
#1059 = PLANE ( 'NONE',  #3944 ) ;
#1060 = AXIS2_PLACEMENT_3D ( 'NONE', #2478, #5678, #4318 ) ;
#1061 = EDGE_CURVE ( 'NONE', #4285, #1332, #1663, .T. ) ;
#1062 = EDGE_CURVE ( 'NONE', #768, #5596, #3659, .T. ) ;
#1063 = ORIENTED_EDGE ( 'NONE', *, *, #981, .F. ) ;
#1064 = ADVANCED_FACE ( 'NONE', ( #3084 ), #2744, .F. ) ;
#1065 = DIRECTION ( 'NONE',  ( -1.000000000000000000, 0.0000000000000000000, -3.708321773340234200E-015 ) ) ;
#1066 = CARTESIAN_POINT ( 'NONE',  ( 0.9699999999999990900, 0.2000000000000000100, 0.3700000000000036600 ) ) ;
#1067 = CARTESIAN_POINT ( 'NONE',  ( -0.2499999999999948700, 0.0000000000000000000, -1.470000000000000600 ) ) ;
#1068 = ORIENTED_EDGE ( 'NONE', *, *, #741, .F. ) ;
#1069 = CIRCLE ( 'NONE', #4314, 0.1199999999999998300 ) ;
#1070 = DIRECTION ( 'NONE',  ( 1.000000000000000000, 0.0000000000000000000, 2.717051215639202200E-015 ) ) ;
#1071 = ORIENTED_EDGE ( 'NONE', *, *, #5216, .T. ) ;
#1072 = VERTEX_POINT ( 'NONE', #4325 ) ;
#1073 = MECHANICAL_DESIGN_GEOMETRIC_PRESENTATION_REPRESENTATION (  '', ( #5052 ), #347 ) ;
#1074 = SURFACE_SIDE_STYLE ('',( #3080 ) ) ;
#1075 = DIRECTION ( 'NONE',  ( 1.000000000000000000, 0.0000000000000000000, 3.491481338843133400E-015 ) ) ;
#1076 = LINE ( 'NONE', #2423, #4565 ) ;
#1077 = EDGE_LOOP ( 'NONE', ( #1960, #2662, #3764, #2221 ) ) ;
#1078 = VECTOR ( 'NONE', #4214, 1000.000000000000000 ) ;
#1079 = VECTOR ( 'NONE', #2578, 1000.000000000000000 ) ;
#1080 = LINE ( 'NONE', #691, #855 ) ;
#1081 = PLANE ( 'NONE',  #750 ) ;
#1082 = LINE ( 'NONE', #4908, #3729 ) ;
#1083 = DIRECTION ( 'NONE',  ( 1.000000000000000000, 0.0000000000000000000, 4.265911462047064500E-015 ) ) ;
#1084 = LINE ( 'NONE', #2462, #2435 ) ;
#1085 = ORIENTED_EDGE ( 'NONE', *, *, #5183, .T. ) ;
#1086 = DIRECTION ( 'NONE',  ( -0.0000000000000000000, -1.000000000000000000, 0.0000000000000000000 ) ) ;
#1087 = CARTESIAN_POINT ( 'NONE',  ( -0.3699999999999948300, 0.1999999999999999800, -1.470000000000000900 ) ) ;
#1088 = VECTOR ( 'NONE', #3535, 1000.000000000000000 ) ;
#1089 = CARTESIAN_POINT ( 'NONE',  ( -1.249999999999997800, 0.2000000000000000100, -0.8700000000000033300 ) ) ;
#1090 = DIRECTION ( 'NONE',  ( -4.265911462047064500E-015, 0.0000000000000000000, 1.000000000000000000 ) ) ;
#1091 = CARTESIAN_POINT ( 'NONE',  ( -0.7999999999999980500, 0.9000000000000000200, -1.450000000000002600 ) ) ;
#1092 = AXIS2_PLACEMENT_3D ( 'NONE', #2636, #5852, #4389 ) ;
#1093 = VECTOR ( 'NONE', #1729, 1000.000000000000000 ) ;
#1094 = DIRECTION ( 'NONE',  ( -1.000000000000000000, 0.0000000000000000000, -3.614007241618351500E-015 ) ) ;
#1095 = ORIENTED_EDGE ( 'NONE', *, *, #405, .F. ) ;
#1096 = CARTESIAN_POINT ( 'NONE',  ( -0.4999999999999963400, 0.2000000000000000900, -1.000000000000001600 ) ) ;
#1097 = ADVANCED_FACE ( 'NONE', ( #656 ), #878, .F. ) ;
#1098 = DIRECTION ( 'NONE',  ( 1.000000000000000000, 0.0000000000000000000, 4.265911462047064500E-015 ) ) ;
#1099 = DIRECTION ( 'NONE',  ( 1.000000000000000000, 0.0000000000000000000, 4.265911462047064500E-015 ) ) ;
#1100 = EDGE_CURVE ( 'NONE', #3878, #1695, #1021, .T. ) ;
#1101 = FACE_OUTER_BOUND ( 'NONE', #4107, .T. ) ;
#1102 = LINE ( 'NONE', #3445, #1456 ) ;
#1103 = CARTESIAN_POINT ( 'NONE',  ( -1.249999999999997800, 0.0000000000000000000, -0.8700000000000033300 ) ) ;
#1104 = VECTOR ( 'NONE', #3721, 1000.000000000000000 ) ;
#1105 = ORIENTED_EDGE ( 'NONE', *, *, #1868, .F. ) ;
#1106 = AXIS2_PLACEMENT_3D ( 'NONE', #2879, #174, #4722 ) ;
#1107 = CARTESIAN_POINT ( 'NONE',  ( -0.9699999999999975300, 0.0000000000000000000, -0.8700000000000026600 ) ) ;
#1108 = VECTOR ( 'NONE', #1138, 1000.000000000000000 ) ;
#1109 = AXIS2_PLACEMENT_3D ( 'NONE', #2959, #2539, #4342 ) ;
#1110 = FACE_OUTER_BOUND ( 'NONE', #4060, .T. ) ;
#1111 = DIRECTION ( 'NONE',  ( -1.000000000000000000, 0.0000000000000000000, -2.717051215639202600E-015 ) ) ;
#1112 = ORIENTED_EDGE ( 'NONE', *, *, #2197, .F. ) ;
#1113 = DIRECTION ( 'NONE',  ( -0.0000000000000000000, -1.000000000000000000, 0.0000000000000000000 ) ) ;
#1114 = CARTESIAN_POINT ( 'NONE',  ( -1.250000000000004000, 0.2000000000000000100, 0.8699999999999964400 ) ) ;
#1115 = CIRCLE ( 'NONE', #1109, 0.1199999999999998800 ) ;
#1116 = VERTEX_POINT ( 'NONE', #3195 ) ;
#1117 = ORIENTED_EDGE ( 'NONE', *, *, #1054, .T. ) ;
#1118 = SURFACE_SIDE_STYLE ('',( #311 ) ) ;
#1119 = DIRECTION ( 'NONE',  ( 0.0000000000000000000, 1.000000000000000000, 0.0000000000000000000 ) ) ;
#1120 = CARTESIAN_POINT ( 'NONE',  ( 0.3700000000000050500, 0.1999999999999999800, -1.469999999999998200 ) ) ;
#1121 = CARTESIAN_POINT ( 'NONE',  ( 0.1299999999999939300, 0.1999999999999999800, 1.750000000000000200 ) ) ;
#1122 = VECTOR ( 'NONE', #1523, 1000.000000000000000 ) ;
#1123 = CARTESIAN_POINT ( 'NONE',  ( 1.250000000000004400, 0.6664761515876241900, -1.129999999999995200 ) ) ;
#1124 = VERTEX_POINT ( 'NONE', #183 ) ;
#1125 = DIRECTION ( 'NONE',  ( 0.0000000000000000000, 1.000000000000000000, 0.0000000000000000000 ) ) ;
#1126 = ORIENTED_EDGE ( 'NONE', *, *, #4393, .T. ) ;
#1127 = VERTEX_POINT ( 'NONE', #1107 ) ;
#1128 = LINE ( 'NONE', #3598, #2747 ) ;
#1129 = CARTESIAN_POINT ( 'NONE',  ( 1.005308949786504800E-015, 0.05000000000000000300, -0.3700000000000000000 ) ) ;
#1130 = ADVANCED_FACE ( 'NONE', ( #5291 ), #4204, .T. ) ;
#1131 = EDGE_CURVE ( 'NONE', #1467, #2469, #5354, .T. ) ;
#1132 = CARTESIAN_POINT ( 'NONE',  ( -1.249999999999996200, 0.2000000000000000100, -1.370000000000003400 ) ) ;
#1133 = DIRECTION ( 'NONE',  ( 0.0000000000000000000, 1.000000000000000000, 0.0000000000000000000 ) ) ;
#1134 = CARTESIAN_POINT ( 'NONE',  ( 0.5000000000000036600, 2.436067977499790000, -0.9999999999999978900 ) ) ;
#1135 = EDGE_LOOP ( 'NONE', ( #5527, #3981, #3782, #4659 ) ) ;
#1136 = CARTESIAN_POINT ( 'NONE',  ( -0.5000000000000032200, 0.0000000000000000000, 0.9999999999999985600 ) ) ;
#1137 = EDGE_CURVE ( 'NONE', #3457, #3478, #5659, .T. ) ;
#1138 = DIRECTION ( 'NONE',  ( 3.491481338843133400E-015, 0.0000000000000000000, -1.000000000000000000 ) ) ;
#1139 = EDGE_CURVE ( 'NONE', #421, #1807, #4866, .T. ) ;
#1140 = AXIS2_PLACEMENT_3D ( 'NONE', #4662, #1009, #3265 ) ;
#1141 = VERTEX_POINT ( 'NONE', #5811 ) ;
#1142 = CARTESIAN_POINT ( 'NONE',  ( -0.8500000000000033100, 0.6664761515876241900, 0.7499999999999977800 ) ) ;
#1143 = AXIS2_PLACEMENT_3D ( 'NONE', #3634, #4078, #2705 ) ;
#1144 = EDGE_CURVE ( 'NONE', #2053, #3682, #2858, .T. ) ;
#1145 = EDGE_CURVE ( 'NONE', #3335, #269, #4585, .T. ) ;
#1146 = VERTEX_POINT ( 'NONE', #1777 ) ;
#1147 = CARTESIAN_POINT ( 'NONE',  ( -1.249999999999996900, 0.2000000000000000100, -1.130000000000003700 ) ) ;
#1148 = VECTOR ( 'NONE', #5566, 1000.000000000000000 ) ;
#1149 = DIRECTION ( 'NONE',  ( -0.0000000000000000000, -1.000000000000000000, 0.0000000000000000000 ) ) ;
#1150 = CARTESIAN_POINT ( 'NONE',  ( 1.250000000000001800, 0.2000000000000000100, -0.3699999999999948300 ) ) ;
#1151 = DIRECTION ( 'NONE',  ( 3.491481338843133400E-015, 0.0000000000000000000, -1.000000000000000000 ) ) ;
#1152 = ORIENTED_EDGE ( 'NONE', *, *, #2501, .F. ) ;
#1153 = ORIENTED_EDGE ( 'NONE', *, *, #4219, .F. ) ;
#1154 = DIRECTION ( 'NONE',  ( 1.000000000000000000, 0.0000000000000000000, 4.265911462047064500E-015 ) ) ;
#1155 = CARTESIAN_POINT ( 'NONE',  ( 0.2500000000000051600, 0.6664761515876238600, -1.469999999999998900 ) ) ;
#1156 = COLOUR_RGB ( '',0.7921568627450980000, 0.8196078431372548800, 0.9333333333333333500 ) ;
#1157 = ADVANCED_FACE ( 'NONE', ( #4092 ), #2209, .F. ) ;
#1158 = CARTESIAN_POINT ( 'NONE',  ( 1.249999999999995800, 0.2000000000000000100, 1.370000000000005000 ) ) ;
#1159 = FACE_OUTER_BOUND ( 'NONE', #1531, .T. ) ;
#1160 = PLANE ( 'NONE',  #4558 ) ;
#1161 = FACE_OUTER_BOUND ( 'NONE', #4426, .T. ) ;
#1162 = CIRCLE ( 'NONE', #2670, 0.1199999999999998800 ) ;
#1163 = VECTOR ( 'NONE', #3022, 1000.000000000000000 ) ;
#1164 = ORIENTED_EDGE ( 'NONE', *, *, #4074, .T. ) ;
#1165 = DIRECTION ( 'NONE',  ( 1.000000000000000000, 0.0000000000000000000, 3.614007241618351500E-015 ) ) ;
#1166 = CARTESIAN_POINT ( 'NONE',  ( 0.2499999999999946400, 0.1999999999999999800, 1.470000000000000600 ) ) ;
#1167 = FACE_OUTER_BOUND ( 'NONE', #982, .T. ) ;
#1168 = DIRECTION ( 'NONE',  ( 0.0000000000000000000, -1.000000000000000000, 0.0000000000000000000 ) ) ;
#1169 = DIRECTION ( 'NONE',  ( 3.491481338843133400E-015, 0.0000000000000000000, -1.000000000000000000 ) ) ;
#1170 = EDGE_CURVE ( 'NONE', #4143, #3484, #3450, .T. ) ;
#1171 = VECTOR ( 'NONE', #5597, 1000.000000000000000 ) ;
#1172 = ORIENTED_EDGE ( 'NONE', *, *, #2647, .F. ) ;
#1173 = PLANE ( 'NONE',  #1194 ) ;
#1174 =( GEOMETRIC_REPRESENTATION_CONTEXT ( 3 ) GLOBAL_UNCERTAINTY_ASSIGNED_CONTEXT ( ( #2328 ) ) GLOBAL_UNIT_ASSIGNED_CONTEXT ( ( #5558, #3286, #39 ) ) REPRESENTATION_CONTEXT ( 'NONE', 'WORKASPACE' ) );
#1175 = LINE ( 'NONE', #1811, #5301 ) ;
#1176 = LINE ( 'NONE', #5466, #956 ) ;
#1177 = VERTEX_POINT ( 'NONE', #1339 ) ;
#1178 = CARTESIAN_POINT ( 'NONE',  ( -1.250000000000000400, 0.6664761515876241900, -0.1300000000000036100 ) ) ;
#1179 = ORIENTED_EDGE ( 'NONE', *, *, #107, .T. ) ;
#1180 = DIRECTION ( 'NONE',  ( 0.0000000000000000000, 1.000000000000000000, 0.0000000000000000000 ) ) ;
#1181 = DIRECTION ( 'NONE',  ( -0.0000000000000000000, -1.000000000000000000, 0.0000000000000000000 ) ) ;
#1182 = DIRECTION ( 'NONE',  ( 1.000000000000000000, 0.0000000000000000000, 3.614007241618351500E-015 ) ) ;
#1183 = EDGE_CURVE ( 'NONE', #5474, #3356, #1382, .T. ) ;
#1184 = CIRCLE ( 'NONE', #5406, 0.1199999999999998800 ) ;
#1185 = ORIENTED_EDGE ( 'NONE', *, *, #5853, .T. ) ;
#1186 = CARTESIAN_POINT ( 'NONE',  ( -0.9700000000000049700, 0.1999999999999999800, 1.249999999999997100 ) ) ;
#1187 = ORIENTED_EDGE ( 'NONE', *, *, #4985, .T. ) ;
#1188 = DIRECTION ( 'NONE',  ( 1.000000000000000000, 0.0000000000000000000, 3.491481338843133400E-015 ) ) ;
#1189 = VECTOR ( 'NONE', #3921, 1000.000000000000000 ) ;
#1190 = ADVANCED_FACE ( 'NONE', ( #1230 ), #5851, .T. ) ;
#1191 = ORIENTED_EDGE ( 'NONE', *, *, #3706, .T. ) ;
#1192 = DIRECTION ( 'NONE',  ( 0.0000000000000000000, 1.000000000000000000, 0.0000000000000000000 ) ) ;
#1193 = ORIENTED_EDGE ( 'NONE', *, *, #2694, .F. ) ;
#1194 = AXIS2_PLACEMENT_3D ( 'NONE', #4340, #4714, #1154 ) ;
#1195 = CIRCLE ( 'NONE', #1678, 0.1199999999999998800 ) ;
#1196 = DIRECTION ( 'NONE',  ( -1.000000000000000000, 0.0000000000000000000, -3.614007241618351500E-015 ) ) ;
#1197 = ORIENTED_EDGE ( 'NONE', *, *, #814, .F. ) ;
#1198 = ORIENTED_EDGE ( 'NONE', *, *, #5138, .F. ) ;
#1199 = DIRECTION ( 'NONE',  ( -1.000000000000000000, 0.0000000000000000000, -3.685088869644115200E-015 ) ) ;
#1200 = DIRECTION ( 'NONE',  ( 0.0000000000000000000, -1.000000000000000000, 0.0000000000000000000 ) ) ;
#1201 = DIRECTION ( 'NONE',  ( 0.0000000000000000000, -1.000000000000000000, -0.0000000000000000000 ) ) ;
#1202 = CARTESIAN_POINT ( 'NONE',  ( 2.363834557606106100E-015, 0.05000000000000000300, -0.8700000000000000000 ) ) ;
#1203 = CARTESIAN_POINT ( 'NONE',  ( -0.9700000000000027500, 0.04999999999999999600, 0.6299999999999974500 ) ) ;
#1204 = MANIFOLD_SOLID_BREP ( 'Body-Move/Copy1[19]', #5741 ) ;
#1205 = PLANE ( 'NONE',  #5849 ) ;
#1206 = ORIENTED_EDGE ( 'NONE', *, *, #5445, .F. ) ;
#1207 = EDGE_CURVE ( 'NONE', #2745, #1251, #726, .T. ) ;
#1208 = DIRECTION ( 'NONE',  ( 1.000000000000000000, 0.0000000000000000000, 0.0000000000000000000 ) ) ;
#1209 = EDGE_CURVE ( 'NONE', #4391, #4034, #3008, .T. ) ;
#1210 = DIRECTION ( 'NONE',  ( -0.0000000000000000000, -1.000000000000000000, 0.0000000000000000000 ) ) ;
#1211 = AXIS2_PLACEMENT_3D ( 'NONE', #5314, #2579, #2962 ) ;
#1212 = ADVANCED_FACE ( 'NONE', ( #3158 ), #4883, .F. ) ;
#1213 = VECTOR ( 'NONE', #815, 1000.000000000000000 ) ;
#1214 = DIRECTION ( 'NONE',  ( -1.000000000000000000, 0.0000000000000000000, -5.421010862427528500E-015 ) ) ;
#1215 = PLANE ( 'NONE',  #3430 ) ;
#1216 = ORIENTED_EDGE ( 'NONE', *, *, #1343, .F. ) ;
#1217 = MECHANICAL_DESIGN_GEOMETRIC_PRESENTATION_REPRESENTATION (  '', ( #2320 ), #4768 ) ;
#1218 = ORIENTED_EDGE ( 'NONE', *, *, #2795, .T. ) ;
#1219 = ORIENTED_EDGE ( 'NONE', *, *, #582, .F. ) ;
#1220 = CARTESIAN_POINT ( 'NONE',  ( 1.249999999999994400, 0.05000000000000000300, 1.750000000000004700 ) ) ;
#1221 = LINE ( 'NONE', #3643, #3506 ) ;
#1222 = EDGE_CURVE ( 'NONE', #114, #5802, #3804, .T. ) ;
#1223 = ORIENTED_EDGE ( 'NONE', *, *, #1170, .F. ) ;
#1224 = ORIENTED_EDGE ( 'NONE', *, *, #2871, .F. ) ;
#1225 =( NAMED_UNIT ( * ) SI_UNIT ( $, .STERADIAN. ) SOLID_ANGLE_UNIT ( ) );
#1226 = CARTESIAN_POINT ( 'NONE',  ( -0.9699999999999963100, 0.2000000000000000100, -1.250000000000002900 ) ) ;
#1227 = FACE_OUTER_BOUND ( 'NONE', #3986, .T. ) ;
#1228 = VERTEX_POINT ( 'NONE', #4462 ) ;
#1229 = AXIS2_PLACEMENT_3D ( 'NONE', #3946, #349, #1708 ) ;
#1230 = FACE_OUTER_BOUND ( 'NONE', #2040, .T. ) ;
#1231 = DIRECTION ( 'NONE',  ( 1.000000000000000000, -0.0000000000000000000, 2.717051215639202600E-015 ) ) ;
#1232 = DIRECTION ( 'NONE',  ( 0.0000000000000000000, 1.000000000000000000, 0.0000000000000000000 ) ) ;
#1233 = FACE_OUTER_BOUND ( 'NONE', #2839, .T. ) ;
#1234 = COLOUR_RGB ( '',0.7921568627450980000, 0.8196078431372548800, 0.9333333333333333500 ) ;
#1235 = VECTOR ( 'NONE', #1430, 1000.000000000000000 ) ;
#1236 = ORIENTED_EDGE ( 'NONE', *, *, #4832, .T. ) ;
#1237 = EDGE_CURVE ( 'NONE', #5677, #2925, #2568, .T. ) ;
#1238 = LINE ( 'NONE', #2278, #2027 ) ;
#1239 = LINE ( 'NONE', #5526, #1885 ) ;
#1240 = DIRECTION ( 'NONE',  ( 1.000000000000000000, 0.0000000000000000000, 3.614007241618352300E-015 ) ) ;
#1241 = VERTEX_POINT ( 'NONE', #412 ) ;
#1242 = VECTOR ( 'NONE', #4572, 1000.000000000000000 ) ;
#1243 = CLOSED_SHELL ( 'NONE', ( #4559, #873, #3880, #2822, #226, #3575, #2372, #5221, #4646, #2667, #2697, #929, #5777, #4770, #817, #784, #1664, #4744, #3940, #3271, #1756, #2878, #4655, #3552, #3029, #4261, #940, #5456, #4331, #2750, #1992, #3827, #3674, #3969, #5714, #1480, #5887, #4595, #5387, #4797, #701, #1423, #5554, #5135, #1613, #132, #4496, #1041, #1511, #1782, #196, #3279, #3916, #606, #3194, #5330, #4949, #1337, #5192, #636, #344, #3096, #904, #5486, #1302, #2577, #2057, #2468, #1579, #3341, #5643, #77, #317, #3431, #4025, #2521, #1901, #5273, #1362, #4140, #5110, #3858, #5074, #3153 ) ) ;
#1244 = ADVANCED_FACE ( 'NONE', ( #862 ), #2284, .F. ) ;
#1245 = DIRECTION ( 'NONE',  ( -1.000000000000000000, 0.0000000000000000000, -3.614007241618353100E-015 ) ) ;
#1246 = PLANE ( 'NONE',  #3642 ) ;
#1247 = PLANE ( 'NONE',  #1023 ) ;
#1248 = EDGE_CURVE ( 'NONE', #4376, #738, #2087, .T. ) ;
#1249 = LINE ( 'NONE', #1753, #1954 ) ;
#1250 = VECTOR ( 'NONE', #2399, 1000.000000000000000 ) ;
#1251 = VERTEX_POINT ( 'NONE', #1398 ) ;
#1252 = ORIENTED_EDGE ( 'NONE', *, *, #2354, .F. ) ;
#1253 = EDGE_CURVE ( 'NONE', #1146, #4818, #3300, .T. ) ;
#1254 = CARTESIAN_POINT ( 'NONE',  ( -0.9700000000000031900, 0.04999999999999999600, 0.7499999999999973400 ) ) ;
#1255 = AXIS2_PLACEMENT_3D ( 'NONE', #4580, #1852, #499 ) ;
#1256 = DIRECTION ( 'NONE',  ( 0.0000000000000000000, 1.000000000000000000, 0.0000000000000000000 ) ) ;
#1257 = CARTESIAN_POINT ( 'NONE',  ( -0.9700000000000002000, 0.0000000000000000000, -0.1300000000000028600 ) ) ;
#1258 = CYLINDRICAL_SURFACE ( 'NONE', #5077, 0.1199999999999998800 ) ;
#1259 = AXIS2_PLACEMENT_3D ( 'NONE', #5150, #5629, #2023 ) ;
#1260 = DIRECTION ( 'NONE',  ( 1.000000000000000000, 0.0000000000000000000, 3.614007241618351500E-015 ) ) ;
#1261 = ORIENTED_EDGE ( 'NONE', *, *, #1712, .T. ) ;
#1262 = ORIENTED_EDGE ( 'NONE', *, *, #1781, .F. ) ;
#1263 = DIRECTION ( 'NONE',  ( 1.000000000000000000, 0.0000000000000000000, 3.614007241618351500E-015 ) ) ;
#1264 = EDGE_CURVE ( 'NONE', #5385, #1450, #3653, .T. ) ;
#1265 = CARTESIAN_POINT ( 'NONE',  ( 0.9700000000000029700, 0.2000000000000000100, -0.7499999999999962300 ) ) ;
#1266 = VECTOR ( 'NONE', #3845, 1000.000000000000000 ) ;
#1267 = DIRECTION ( 'NONE',  ( 1.000000000000000000, 0.0000000000000000000, 3.491481338843133400E-015 ) ) ;
#1268 = VERTEX_POINT ( 'NONE', #5389 ) ;
#1269 = ORIENTED_EDGE ( 'NONE', *, *, #414, .F. ) ;
#1270 = AXIS2_PLACEMENT_3D ( 'NONE', #4683, #560, #1070 ) ;
#1271 = CIRCLE ( 'NONE', #1903, 0.1199999999999998800 ) ;
#1272 = DIRECTION ( 'NONE',  ( 1.000000000000000000, 0.0000000000000000000, 3.614007241618351500E-015 ) ) ;
#1273 = AXIS2_PLACEMENT_3D ( 'NONE', #3556, #1281, #2196 ) ;
#1274 = ORIENTED_EDGE ( 'NONE', *, *, #4718, .F. ) ;
#1275 = VERTEX_POINT ( 'NONE', #11 ) ;
#1276 = CARTESIAN_POINT ( 'NONE',  ( -1.250000000000000400, 0.0000000000000000000, -0.1300000000000036100 ) ) ;
#1277 = ADVANCED_FACE ( 'NONE', ( #5149 ), #4367, .T. ) ;
#1278 = MANIFOLD_SOLID_BREP ( 'Body-Move/Copy1[6]', #1797 ) ;
#1279 = VERTEX_POINT ( 'NONE', #5514 ) ;
#1280 = EDGE_LOOP ( 'NONE', ( #4427, #3114, #5754, #2824 ) ) ;
#1281 = DIRECTION ( 'NONE',  ( 0.0000000000000000000, 1.000000000000000000, 0.0000000000000000000 ) ) ;
#1282 = AXIS2_PLACEMENT_3D ( 'NONE', #5079, #525, #55 ) ;
#1283 = DIRECTION ( 'NONE',  ( 0.0000000000000000000, -1.000000000000000000, 0.0000000000000000000 ) ) ;
#1284 = ORIENTED_EDGE ( 'NONE', *, *, #5652, .T. ) ;
#1285 = DIRECTION ( 'NONE',  ( -1.000000000000000000, 0.0000000000000000000, -4.265911462047065300E-015 ) ) ;
#1286 = VECTOR ( 'NONE', #5087, 1000.000000000000000 ) ;
#1287 = EDGE_CURVE ( 'NONE', #2676, #5567, #1658, .T. ) ;
#1288 = ORIENTED_EDGE ( 'NONE', *, *, #5395, .F. ) ;
#1289 = DIRECTION ( 'NONE',  ( -1.000000000000000000, 0.0000000000000000000, -2.717051215639202200E-015 ) ) ;
#1290 = AXIS2_PLACEMENT_3D ( 'NONE', #3702, #62, #1905 ) ;
#1291 = ORIENTED_EDGE ( 'NONE', *, *, #3514, .T. ) ;
#1292 = DIRECTION ( 'NONE',  ( 0.0000000000000000000, -1.000000000000000000, -0.0000000000000000000 ) ) ;
#1293 = SURFACE_STYLE_FILL_AREA ( #2125 ) ;
#1294 = AXIS2_PLACEMENT_3D ( 'NONE', #1889, #2318, #5096 ) ;
#1295 = EDGE_LOOP ( 'NONE', ( #1738, #4956, #1354, #3409 ) ) ;
#1296 = CARTESIAN_POINT ( 'NONE',  ( 1.249999999999996400, 0.04999999999999969700, 1.130000000000005200 ) ) ;
#1297 = CIRCLE ( 'NONE', #1709, 0.1199999999999998800 ) ;
#1298 = VECTOR ( 'NONE', #3225, 1000.000000000000000 ) ;
#1299 = LINE ( 'NONE', #2681, #4788 ) ;
#1301 = DIRECTION ( 'NONE',  ( -1.000000000000000000, 0.0000000000000000000, -2.717051215639202600E-015 ) ) ;
#1300 = VECTOR ( 'NONE', #5191, 1000.000000000000000 ) ;
#1302 = ADVANCED_FACE ( 'NONE', ( #147 ), #5476, .T. ) ;
#1303 = PLANE ( 'NONE',  #3241 ) ;
#1304 = FACE_OUTER_BOUND ( 'NONE', #2175, .T. ) ;
#1305 = DIRECTION ( 'NONE',  ( -0.0000000000000000000, -1.000000000000000000, 0.0000000000000000000 ) ) ;
#1306 = CARTESIAN_POINT ( 'NONE',  ( -0.9699999999999979700, 0.04999999999999999600, -0.7500000000000027800 ) ) ;
#1307 = ORIENTED_EDGE ( 'NONE', *, *, #5207, .T. ) ;
#1308 = CARTESIAN_POINT ( 'NONE',  ( -1.250000000000002200, 0.6664761515876241900, 0.3699999999999963900 ) ) ;
#1309 = VECTOR ( 'NONE', #5705, 1000.000000000000000 ) ;
#1310 = FACE_OUTER_BOUND ( 'NONE', #1405, .T. ) ;
#1311 = CARTESIAN_POINT ( 'NONE',  ( -0.9700000000000054100, 0.04999999999999999600, 1.369999999999997000 ) ) ;
#1312 = LINE ( 'NONE', #5902, #1025 ) ;
#1313 = ORIENTED_EDGE ( 'NONE', *, *, #3894, .T. ) ;
#1314 = DIRECTION ( 'NONE',  ( -0.0000000000000000000, -1.000000000000000000, 0.0000000000000000000 ) ) ;
#1315 = DIRECTION ( 'NONE',  ( 1.000000000000000000, 0.0000000000000000000, 3.614007241618351500E-015 ) ) ;
#1316 = DIRECTION ( 'NONE',  ( 3.685088869644115200E-015, 0.0000000000000000000, -1.000000000000000000 ) ) ;
#1317 = CYLINDRICAL_SURFACE ( 'NONE', #4202, 0.1199999999999998800 ) ;
#1318 = LINE ( 'NONE', #143, #4526 ) ;
#1319 = ORIENTED_EDGE ( 'NONE', *, *, #836, .F. ) ;
#1320 = VERTEX_POINT ( 'NONE', #3667 ) ;
#1321 = CARTESIAN_POINT ( 'NONE',  ( 0.9699999999999963100, 0.1999999999999999800, 1.130000000000004100 ) ) ;
#1322 = EDGE_CURVE ( 'NONE', #5308, #3971, #3002, .T. ) ;
#1323 = CARTESIAN_POINT ( 'NONE',  ( -1.250000000000003100, 0.6664761515876241900, 0.6299999999999966700 ) ) ;
#1324 = VECTOR ( 'NONE', #5097, 1000.000000000000000 ) ;
#1325 = ORIENTED_EDGE ( 'NONE', *, *, #2586, .T. ) ;
#1326 = VERTEX_POINT ( 'NONE', #3186 ) ;
#1327 = CARTESIAN_POINT ( 'NONE',  ( -0.9700000000000036400, 0.2000000000000000100, 0.8699999999999972200 ) ) ;
#1328 = EDGE_CURVE ( 'NONE', #5025, #4031, #5585, .T. ) ;
#1329 = SURFACE_STYLE_FILL_AREA ( #3965 ) ;
#1330 = AXIS2_PLACEMENT_3D ( 'NONE', #840, #1283, #1769 ) ;
#1331 = CARTESIAN_POINT ( 'NONE',  ( -0.9699999999999963100, 0.2000000000000000100, -1.250000000000002900 ) ) ;
#1332 = VERTEX_POINT ( 'NONE', #970 ) ;
#1333 = CARTESIAN_POINT ( 'NONE',  ( 0.9700000000000047500, 0.2000000000000000100, -1.249999999999996200 ) ) ;
#1334 = ORIENTED_EDGE ( 'NONE', *, *, #2844, .T. ) ;
#1335 = DIRECTION ( 'NONE',  ( 3.367572519130504400E-015, 0.0000000000000000000, -1.000000000000000000 ) ) ;
#1336 = AXIS2_PLACEMENT_3D ( 'NONE', #2105, #250, #3411 ) ;
#1337 = ADVANCED_FACE ( 'NONE', ( #4653 ), #1875, .T. ) ;
#1338 = DIRECTION ( 'NONE',  ( 3.367572519130504400E-015, 0.0000000000000000000, -1.000000000000000000 ) ) ;
#1339 = CARTESIAN_POINT ( 'NONE',  ( -0.9699999999999993100, 0.04999999999999999600, -0.3700000000000026000 ) ) ;
#1340 = FACE_OUTER_BOUND ( 'NONE', #4275, .T. ) ;
#1341 = EDGE_CURVE ( 'NONE', #2239, #5368, #3443, .T. ) ;
#1342 = EDGE_LOOP ( 'NONE', ( #2698, #1020, #230, #597 ) ) ;
#1343 = EDGE_CURVE ( 'NONE', #1044, #4255, #5430, .T. ) ;
#1344 = ORIENTED_EDGE ( 'NONE', *, *, #2061, .T. ) ;
#1345 = PLANE ( 'NONE',  #782 ) ;
#1346 = ORIENTED_EDGE ( 'NONE', *, *, #3581, .T. ) ;
#1347 = ORIENTED_EDGE ( 'NONE', *, *, #210, .T. ) ;
#1348 = PLANE ( 'NONE',  #5668 ) ;
#1349 = DIRECTION ( 'NONE',  ( 1.000000000000000000, 0.0000000000000000000, 3.614007241618351500E-015 ) ) ;
#1350 = PLANE ( 'NONE',  #170 ) ;
#1351 = DIRECTION ( 'NONE',  ( 1.000000000000000000, 0.0000000000000000000, 2.717051215639202600E-015 ) ) ;
#1352 = EDGE_LOOP ( 'NONE', ( #4688, #5217, #4402, #3106 ) ) ;
#1353 = PLANE ( 'NONE',  #3895 ) ;
#1354 = ORIENTED_EDGE ( 'NONE', *, *, #1322, .T. ) ;
#1355 = CARTESIAN_POINT ( 'NONE',  ( 1.250000000000002700, 0.0000000000000000000, -0.6299999999999951200 ) ) ;
#1356 = DIRECTION ( 'NONE',  ( -3.491481338843133400E-015, 0.0000000000000000000, 1.000000000000000000 ) ) ;
#1357 = LINE ( 'NONE', #1158, #3289 ) ;
#1358 = EDGE_CURVE ( 'NONE', #4075, #2167, #573, .T. ) ;
#1359 = ORIENTED_EDGE ( 'NONE', *, *, #4344, .T. ) ;
#1360 = EDGE_LOOP ( 'NONE', ( #321, #4138, #2311, #125 ) ) ;
#1361 = ORIENTED_EDGE ( 'NONE', *, *, #4793, .F. ) ;
#1362 = ADVANCED_FACE ( 'NONE', ( #3513 ), #5085, .F. ) ;
#1363 = EDGE_CURVE ( 'NONE', #51, #4983, #2853, .T. ) ;
#1364 = AXIS2_PLACEMENT_3D ( 'NONE', #4602, #4636, #1926 ) ;
#1365 = CIRCLE ( 'NONE', #1106, 0.1199999999999998800 ) ;
#1366 = ORIENTED_EDGE ( 'NONE', *, *, #2162, .F. ) ;
#1367 = AXIS2_PLACEMENT_3D ( 'NONE', #4248, #3784, #3406 ) ;
#1368 = CARTESIAN_POINT ( 'NONE',  ( 1.249999999999998200, 0.1999999999999999800, 0.6300000000000051100 ) ) ;
#1369 = ADVANCED_FACE ( 'NONE', ( #4508 ), #1007, .T. ) ;
#1370 = EDGE_CURVE ( 'NONE', #4864, #5125, #4936, .T. ) ;
#1371 = PRESENTATION_STYLE_ASSIGNMENT (( #751 ) ) ;
#1372 = VECTOR ( 'NONE', #1795, 1000.000000000000000 ) ;
#1373 = CARTESIAN_POINT ( 'NONE',  ( 1.250000000000002700, 0.04999999999999969700, -0.6299999999999951200 ) ) ;
#1374 = CARTESIAN_POINT ( 'NONE',  ( -1.249999999999996900, 0.2000000000000000100, -1.130000000000003700 ) ) ;
#1375 = DIRECTION ( 'NONE',  ( 3.367572519130504400E-015, 0.0000000000000000000, -1.000000000000000000 ) ) ;
#1376 = DIRECTION ( 'NONE',  ( 1.000000000000000000, 0.0000000000000000000, 3.925162207837335100E-015 ) ) ;
#1377 = CARTESIAN_POINT ( 'NONE',  ( -1.250000000000004000, 0.0000000000000000000, 0.8699999999999964400 ) ) ;
#1378 = VECTOR ( 'NONE', #454, 1000.000000000000000 ) ;
#1379 = FACE_OUTER_BOUND ( 'NONE', #4242, .T. ) ;
#1380 = ORIENTED_EDGE ( 'NONE', *, *, #1264, .F. ) ;
#1381 = CARTESIAN_POINT ( 'NONE',  ( 1.249999999999995800, 0.2000000000000000100, 1.370000000000005000 ) ) ;
#1382 = LINE ( 'NONE', #3127, #3373 ) ;
#1383 = DIRECTION ( 'NONE',  ( 1.000000000000000000, 0.0000000000000000000, 3.491481338843133400E-015 ) ) ;
#1384 = CIRCLE ( 'NONE', #2067, 0.1199999999999998800 ) ;
#1385 = VERTEX_POINT ( 'NONE', #4211 ) ;
#1386 = AXIS2_PLACEMENT_3D ( 'NONE', #3219, #569, #3783 ) ;
#1387 = UNCERTAINTY_MEASURE_WITH_UNIT (LENGTH_MEASURE( 1.000000000000000100E-005 ), #3685, 'distance_accuracy_value', 'NONE');
#1388 = DIRECTION ( 'NONE',  ( 0.0000000000000000000, -1.000000000000000000, 0.0000000000000000000 ) ) ;
#1389 = CARTESIAN_POINT ( 'NONE',  ( -0.1299999999999941200, 0.04999999999999969700, -1.750000000000000200 ) ) ;
#1390 = LINE ( 'NONE', #4620, #4733 ) ;
#1391 = ORIENTED_EDGE ( 'NONE', *, *, #2640, .T. ) ;
#1392 = ORIENTED_EDGE ( 'NONE', *, *, #2768, .T. ) ;
#1393 = CARTESIAN_POINT ( 'NONE',  ( -0.9699999999999963100, 0.2000000000000000100, -1.250000000000002900 ) ) ;
#1394 = CARTESIAN_POINT ( 'NONE',  ( -1.250000000000002200, 0.0000000000000000000, 0.3699999999999963900 ) ) ;
#1395 = CARTESIAN_POINT ( 'NONE',  ( -1.249999999999999600, 0.6664761515876241900, -0.3700000000000034400 ) ) ;
#1396 = LINE ( 'NONE', #4519, #2454 ) ;
#1397 = DIRECTION ( 'NONE',  ( 1.000000000000000000, 0.0000000000000000000, 2.717051215639202600E-015 ) ) ;
#1398 = CARTESIAN_POINT ( 'NONE',  ( -0.9700000000000036400, 0.0000000000000000000, 0.8699999999999972200 ) ) ;
#1399 = ORIENTED_EDGE ( 'NONE', *, *, #3196, .T. ) ;
#1400 = ORIENTED_EDGE ( 'NONE', *, *, #4151, .F. ) ;
#1401 = CARTESIAN_POINT ( 'NONE',  ( -0.4999999999999997800, 0.05000000000000000300, -1.745740669421565900E-015 ) ) ;
#1402 = DIRECTION ( 'NONE',  ( -4.265911462047064500E-015, 0.0000000000000000000, 1.000000000000000000 ) ) ;
#1403 = FACE_OUTER_BOUND ( 'NONE', #1859, .T. ) ;
#1404 = PLANE ( 'NONE',  #4958 ) ;
#1405 = EDGE_LOOP ( 'NONE', ( #4270, #1749 ) ) ;
#1406 = AXIS2_PLACEMENT_3D ( 'NONE', #4761, #5690, #2935 ) ;
#1407 = ADVANCED_FACE ( 'NONE', ( #4082 ), #3876, .T. ) ;
#1408 = ORIENTED_EDGE ( 'NONE', *, *, #3345, .F. ) ;
#1409 = CARTESIAN_POINT ( 'NONE',  ( 0.5000000000000036600, -0.0000000000000000000, -0.9999999999999978900 ) ) ;
#1410 = LINE ( 'NONE', #3829, #2535 ) ;
#1411 = AXIS2_PLACEMENT_3D ( 'NONE', #4476, #4934, #5859 ) ;
#1412 = EDGE_LOOP ( 'NONE', ( #43, #532, #1758, #5857 ) ) ;
#1413 = EDGE_CURVE ( 'NONE', #2518, #2937, #2708, .T. ) ;
#1414 = ORIENTED_EDGE ( 'NONE', *, *, #3581, .F. ) ;
#1415 = CIRCLE ( 'NONE', #1273, 0.1199999999999998300 ) ;
#1416 = DIRECTION ( 'NONE',  ( 1.000000000000000000, 0.0000000000000000000, 3.491481338843133400E-015 ) ) ;
#1417 = VERTEX_POINT ( 'NONE', #1033 ) ;
#1418 = CARTESIAN_POINT ( 'NONE',  ( 0.9699999999999963100, 0.04999999999999999600, 1.130000000000004100 ) ) ;
#1419 = CARTESIAN_POINT ( 'NONE',  ( 1.250000000000005300, 0.0000000000000000000, -1.369999999999995000 ) ) ;
#1420 = DIRECTION ( 'NONE',  ( 1.000000000000000000, 0.0000000000000000000, 3.614007241618351500E-015 ) ) ;
#1421 = VERTEX_POINT ( 'NONE', #4695 ) ;
#1422 = CARTESIAN_POINT ( 'NONE',  ( 0.3700000000000058800, 0.0000000000000000000, -1.749999999999998400 ) ) ;
#1423 = ADVANCED_FACE ( 'NONE', ( #504 ), #3812, .F. ) ;
#1424 = ORIENTED_EDGE ( 'NONE', *, *, #836, .T. ) ;
#1425 = PLANE ( 'NONE',  #32 ) ;
#1426 = ADVANCED_FACE ( 'NONE', ( #3943 ), #544, .F. ) ;
#1427 = CARTESIAN_POINT ( 'NONE',  ( 0.1299999999999939300, 0.1999999999999999800, 1.750000000000000200 ) ) ;
#1428 = CARTESIAN_POINT ( 'NONE',  ( -0.9700000000000049700, 0.04999999999999999600, 1.249999999999997100 ) ) ;
#1429 = ORIENTED_EDGE ( 'NONE', *, *, #3321, .F. ) ;
#1430 = DIRECTION ( 'NONE',  ( 0.0000000000000000000, -1.000000000000000000, 0.0000000000000000000 ) ) ;
#1431 = DIRECTION ( 'NONE',  ( 0.0000000000000000000, 1.000000000000000000, 0.0000000000000000000 ) ) ;
#1432 = CARTESIAN_POINT ( 'NONE',  ( 1.249999999999994400, 6.301162633521313300, 1.750000000000004700 ) ) ;
#1433 = EDGE_CURVE ( 'NONE', #5360, #5459, #2292, .T. ) ;
#1434 = VECTOR ( 'NONE', #5161, 1000.000000000000000 ) ;
#1435 = ORIENTED_EDGE ( 'NONE', *, *, #1683, .T. ) ;
#1436 = ORIENTED_EDGE ( 'NONE', *, *, #1451, .F. ) ;
#1437 = VECTOR ( 'NONE', #3578, 1000.000000000000000 ) ;
#1438 = EDGE_CURVE ( 'NONE', #2861, #5775, #2644, .T. ) ;
#1439 = EDGE_CURVE ( 'NONE', #4409, #1843, #367, .T. ) ;
#1440 = FACE_OUTER_BOUND ( 'NONE', #4943, .T. ) ;
#1441 = DIRECTION ( 'NONE',  ( -3.491481338843133400E-015, 0.0000000000000000000, 1.000000000000000000 ) ) ;
#1442 = PRESENTATION_STYLE_ASSIGNMENT (( #4524 ) ) ;
#1443 = ORIENTED_EDGE ( 'NONE', *, *, #3499, .T. ) ;
#1444 = VECTOR ( 'NONE', #3565, 1000.000000000000000 ) ;
#1445 = AXIS2_PLACEMENT_3D ( 'NONE', #5246, #1180, #2499 ) ;
#1446 = EDGE_CURVE ( 'NONE', #382, #1326, #303, .T. ) ;
#1447 = VECTOR ( 'NONE', #4792, 1000.000000000000000 ) ;
#1448 = CARTESIAN_POINT ( 'NONE',  ( 0.9699999999999963100, 0.6664761515876241900, 1.130000000000004100 ) ) ;
#1449 = PRESENTATION_STYLE_ASSIGNMENT (( #3710 ) ) ;
#1450 = VERTEX_POINT ( 'NONE', #526 ) ;
#1451 = EDGE_CURVE ( 'NONE', #1917, #2888, #3587, .T. ) ;
#1452 = ADVANCED_FACE ( 'NONE', ( #83 ), #5103, .F. ) ;
#1453 = CARTESIAN_POINT ( 'NONE',  ( -0.9700000000000027500, 0.1999999999999999800, 0.6299999999999974500 ) ) ;
#1454 = DIRECTION ( 'NONE',  ( -0.0000000000000000000, -1.000000000000000000, 0.0000000000000000000 ) ) ;
#1455 = VECTOR ( 'NONE', #1508, 1000.000000000000000 ) ;
#1456 = VECTOR ( 'NONE', #5173, 1000.000000000000000 ) ;
#1457 = CARTESIAN_POINT ( 'NONE',  ( -0.9699999999999963100, 0.2000000000000000100, -1.250000000000002900 ) ) ;
#1458 = VECTOR ( 'NONE', #3928, 1000.000000000000000 ) ;
#1459 = VERTEX_POINT ( 'NONE', #3264 ) ;
#1460 = CARTESIAN_POINT ( 'NONE',  ( 0.3699999999999936700, 0.6664761515876238600, 1.750000000000001100 ) ) ;
#1461 = MANIFOLD_SOLID_BREP ( 'Body-Move/Copy1[2]', #4675 ) ;
#1462 =( GEOMETRIC_REPRESENTATION_CONTEXT ( 3 ) GLOBAL_UNCERTAINTY_ASSIGNED_CONTEXT ( ( #4377 ) ) GLOBAL_UNIT_ASSIGNED_CONTEXT ( ( #3550, #3950, #3531 ) ) REPRESENTATION_CONTEXT ( 'NONE', 'WORKASPACE' ) );
#1463 = VECTOR ( 'NONE', #2263, 1000.000000000000000 ) ;
#1464 = ORIENTED_EDGE ( 'NONE', *, *, #2658, .T. ) ;
#1465 = ORIENTED_EDGE ( 'NONE', *, *, #5363, .F. ) ;
#1466 = VECTOR ( 'NONE', #4632, 1000.000000000000000 ) ;
#1467 = VERTEX_POINT ( 'NONE', #2907 ) ;
#1468 = VERTEX_POINT ( 'NONE', #4338 ) ;
#1469 = CARTESIAN_POINT ( 'NONE',  ( 1.250000000000003600, 0.0000000000000000000, -0.8699999999999948900 ) ) ;
#1470 = CIRCLE ( 'NONE', #1938, 0.1199999999999998800 ) ;
#1471 = CARTESIAN_POINT ( 'NONE',  ( -0.8500000000000050800, 0.2000000000000000100, 1.249999999999997600 ) ) ;
#1472 = EDGE_LOOP ( 'NONE', ( #4250, #2810, #914, #1630 ) ) ;
#1473 = ORIENTED_EDGE ( 'NONE', *, *, #2272, .F. ) ;
#1474 = DIRECTION ( 'NONE',  ( -1.000000000000000000, 0.0000000000000000000, -3.685088869644115200E-015 ) ) ;
#1475 = EDGE_CURVE ( 'NONE', #4991, #2053, #78, .T. ) ;
#1476 = ORIENTED_EDGE ( 'NONE', *, *, #5641, .T. ) ;
#1477 = FACE_OUTER_BOUND ( 'NONE', #2534, .T. ) ;
#1478 = AXIS2_PLACEMENT_3D ( 'NONE', #5758, #2997, #279 ) ;
#1479 = ORIENTED_EDGE ( 'NONE', *, *, #137, .F. ) ;
#1480 = ADVANCED_FACE ( 'NONE', ( #1652 ), #2029, .T. ) ;
#1481 = EDGE_LOOP ( 'NONE', ( #1026, #3658, #1935, #4672 ) ) ;
#1482 = DIRECTION ( 'NONE',  ( -0.0000000000000000000, -1.000000000000000000, 0.0000000000000000000 ) ) ;
#1483 = AXIS2_PLACEMENT_3D ( 'NONE', #334, #3528, #5271 ) ;
#1484 = EDGE_CURVE ( 'NONE', #3197, #3502, #567, .T. ) ;
#1485 = DIRECTION ( 'NONE',  ( -1.000000000000000000, 0.0000000000000000000, -3.491481338843133400E-015 ) ) ;
#1486 = CARTESIAN_POINT ( 'NONE',  ( -0.2499999999999948700, 0.6664761515876238600, -1.470000000000000600 ) ) ;
#1487 = DIRECTION ( 'NONE',  ( 0.0000000000000000000, -1.000000000000000000, 0.0000000000000000000 ) ) ;
#1488 = ORIENTED_EDGE ( 'NONE', *, *, #3266, .T. ) ;
#1489 = ORIENTED_EDGE ( 'NONE', *, *, #835, .T. ) ;
#1490 = DIRECTION ( 'NONE',  ( -3.367572519130504400E-015, 0.0000000000000000000, 1.000000000000000000 ) ) ;
#1491 = CARTESIAN_POINT ( 'NONE',  ( -0.8499999999999980900, 0.0000000000000000000, -0.7500000000000023300 ) ) ;
#1492 = AXIS2_PLACEMENT_3D ( 'NONE', #5198, #4298, #4774 ) ;
#1493 = DIRECTION ( 'NONE',  ( -0.0000000000000000000, -1.000000000000000000, 0.0000000000000000000 ) ) ;
#1494 = ORIENTED_EDGE ( 'NONE', *, *, #3349, .T. ) ;
#1495 = CARTESIAN_POINT ( 'NONE',  ( -0.9699999999999963100, 0.2000000000000000100, -1.250000000000002900 ) ) ;
#1496 = VECTOR ( 'NONE', #752, 1000.000000000000000 ) ;
#1497 = DIRECTION ( 'NONE',  ( 3.491481338843133400E-015, 0.0000000000000000000, -1.000000000000000000 ) ) ;
#1498 = ORIENTED_EDGE ( 'NONE', *, *, #4302, .F. ) ;
#1499 = ORIENTED_EDGE ( 'NONE', *, *, #1683, .F. ) ;
#1500 = ORIENTED_EDGE ( 'NONE', *, *, #1759, .F. ) ;
#1501 = CARTESIAN_POINT ( 'NONE',  ( 1.250000000000003600, 0.1999999999999999800, -0.8699999999999948900 ) ) ;
#1502 = LINE ( 'NONE', #652, #4999 ) ;
#1503 = SURFACE_STYLE_USAGE ( .BOTH. , #5193 ) ;
#1504 = CARTESIAN_POINT ( 'NONE',  ( 1.249999999999996400, 0.2000000000000000100, 1.130000000000005200 ) ) ;
#1505 = EDGE_CURVE ( 'NONE', #2404, #1072, #4007, .T. ) ;
#1506 = LINE ( 'NONE', #5044, #2927 ) ;
#1507 = ORIENTED_EDGE ( 'NONE', *, *, #1861, .F. ) ;
#1508 = DIRECTION ( 'NONE',  ( 0.0000000000000000000, 1.000000000000000000, 0.0000000000000000000 ) ) ;
#1509 = VECTOR ( 'NONE', #988, 1000.000000000000000 ) ;
#1510 = DIRECTION ( 'NONE',  ( 1.000000000000000000, 0.0000000000000000000, 4.265911462047064500E-015 ) ) ;
#1511 = ADVANCED_FACE ( 'NONE', ( #5576 ), #189, .T. ) ;
#1512 = LINE ( 'NONE', #1422, #2219 ) ;
#1513 = EDGE_CURVE ( 'NONE', #4320, #5560, #2923, .T. ) ;
#1514 = VECTOR ( 'NONE', #678, 1000.000000000000000 ) ;
#1515 = ORIENTED_EDGE ( 'NONE', *, *, #1100, .F. ) ;
#1516 = CYLINDRICAL_SURFACE ( 'NONE', #3998, 0.1199999999999998800 ) ;
#1517 = CARTESIAN_POINT ( 'NONE',  ( -0.3699999999999938900, 0.6664761515876238600, -1.750000000000001100 ) ) ;
#1518 = VECTOR ( 'NONE', #3359, 1000.000000000000000 ) ;
#1519 = CIRCLE ( 'NONE', #5010, 0.1199999999999998800 ) ;
#1520 = COLOUR_RGB ( '',0.7921568627450980000, 0.8196078431372548800, 0.9333333333333333500 ) ;
#1521 = ORIENTED_EDGE ( 'NONE', *, *, #5522, .F. ) ;
#1522 = AXIS2_PLACEMENT_3D ( 'NONE', #5386, #5405, #2264 ) ;
#1523 = DIRECTION ( 'NONE',  ( -1.000000000000000000, 0.0000000000000000000, -3.491481338843133400E-015 ) ) ;
#1524 =( NAMED_UNIT ( * ) SI_UNIT ( $, .STERADIAN. ) SOLID_ANGLE_UNIT ( ) );
#1526 = EDGE_CURVE ( 'NONE', #2142, #468, #3294, .T. ) ;
#1525 = DIRECTION ( 'NONE',  ( 1.000000000000000000, 0.0000000000000000000, 2.717051215639202600E-015 ) ) ;
#1527 = LINE ( 'NONE', #1791, #449 ) ;
#1528 = DIRECTION ( 'NONE',  ( -1.000000000000000000, 0.0000000000000000000, -3.614007241618351500E-015 ) ) ;
#1529 = VECTOR ( 'NONE', #1629, 1000.000000000000000 ) ;
#1530 = FILL_AREA_STYLE_COLOUR ( '', #1156 ) ;
#1531 = EDGE_LOOP ( 'NONE', ( #45, #5689, #4383, #2213 ) ) ;
#1532 = EDGE_LOOP ( 'NONE', ( #2472, #812, #1507, #5411 ) ) ;
#1533 = PLANE ( 'NONE',  #5343 ) ;
#1534 = DIRECTION ( 'NONE',  ( -1.000000000000000000, 0.0000000000000000000, -4.265911462047064500E-015 ) ) ;
#1535 =( NAMED_UNIT ( * ) SI_UNIT ( $, .STERADIAN. ) SOLID_ANGLE_UNIT ( ) );
#1536 = ORIENTED_EDGE ( 'NONE', *, *, #4090, .T. ) ;
#1537 = ORIENTED_EDGE ( 'NONE', *, *, #1934, .F. ) ;
#1538 = ORIENTED_EDGE ( 'NONE', *, *, #213, .T. ) ;
#1539 = STYLED_ITEM ( 'NONE', ( #4518 ), #1898 ) ;
#1540 = DIRECTION ( 'NONE',  ( -0.0000000000000000000, -1.000000000000000000, 0.0000000000000000000 ) ) ;
#1541 = LINE ( 'NONE', #1150, #5170 ) ;
#1542 = ORIENTED_EDGE ( 'NONE', *, *, #5606, .F. ) ;
#1543 = VERTEX_POINT ( 'NONE', #5684 ) ;
#1544 = DIRECTION ( 'NONE',  ( 0.0000000000000000000, 1.000000000000000000, 0.0000000000000000000 ) ) ;
#1545 = FACE_OUTER_BOUND ( 'NONE', #5786, .T. ) ;
#1546 = ADVANCED_FACE ( 'NONE', ( #716 ), #2001, .F. ) ;
#1547 = ORIENTED_EDGE ( 'NONE', *, *, #2958, .T. ) ;
#1548 = EDGE_CURVE ( 'NONE', #29, #3076, #4783, .T. ) ;
#1549 = DIRECTION ( 'NONE',  ( -3.491481338843133400E-015, 0.0000000000000000000, 1.000000000000000000 ) ) ;
#1550 = CARTESIAN_POINT ( 'NONE',  ( -0.9700000000000049700, 0.1999999999999999800, 1.249999999999997100 ) ) ;
#1551 = ORIENTED_EDGE ( 'NONE', *, *, #4345, .T. ) ;
#1552 = EDGE_LOOP ( 'NONE', ( #366, #1424, #497, #1569, #3262, #5492, #2121, #4563, #1219, #2896, #3304, #5163 ) ) ;
#1553 = CARTESIAN_POINT ( 'NONE',  ( 0.1300000000000051400, 0.1999999999999999800, -1.469999999999999100 ) ) ;
#1554 = VECTOR ( 'NONE', #2902, 1000.000000000000000 ) ;
#1555 = FILL_AREA_STYLE_COLOUR ( '', #1674 ) ;
#1556 = CARTESIAN_POINT ( 'NONE',  ( 1.250000000000002700, 0.1999999999999999800, -0.6299999999999951200 ) ) ;
#1557 = EDGE_CURVE ( 'NONE', #2427, #3913, #222, .T. ) ;
#1558 = EDGE_LOOP ( 'NONE', ( #5648, #3622, #683, #4690 ) ) ;
#1559 = DIRECTION ( 'NONE',  ( -1.000000000000000000, 0.0000000000000000000, -2.717051215639202600E-015 ) ) ;
#1560 = EDGE_CURVE ( 'NONE', #3976, #579, #5280, .T. ) ;
#1561 = AXIS2_PLACEMENT_3D ( 'NONE', #3414, #602, #2933 ) ;
#1562 = PLANE ( 'NONE',  #4384 ) ;
#1563 = DIRECTION ( 'NONE',  ( 3.297873808042150800E-015, 0.0000000000000000000, -1.000000000000000000 ) ) ;
#1564 = DIRECTION ( 'NONE',  ( -0.0000000000000000000, -1.000000000000000000, 0.0000000000000000000 ) ) ;
#1565 = ORIENTED_EDGE ( 'NONE', *, *, #745, .T. ) ;
#1566 = AXIS2_PLACEMENT_3D ( 'NONE', #1655, #1679, #2131 ) ;
#1567 = EDGE_CURVE ( 'NONE', #398, #3189, #2151, .T. ) ;
#1568 = ORIENTED_EDGE ( 'NONE', *, *, #1222, .F. ) ;
#1569 = ORIENTED_EDGE ( 'NONE', *, *, #4414, .T. ) ;
#1570 = PLANE ( 'NONE',  #1027 ) ;
#1571 = DIRECTION ( 'NONE',  ( -3.491481338843133400E-015, 0.0000000000000000000, 1.000000000000000000 ) ) ;
#1572 = DIRECTION ( 'NONE',  ( 1.000000000000000000, 0.0000000000000000000, 4.265911462047064500E-015 ) ) ;
#1573 = DIRECTION ( 'NONE',  ( -1.000000000000000000, 0.0000000000000000000, -3.491481338843133400E-015 ) ) ;
#1574 = ORIENTED_EDGE ( 'NONE', *, *, #2231, .F. ) ;
#1575 = LINE ( 'NONE', #1323, #3646 ) ;
#1576 = DIRECTION ( 'NONE',  ( -0.0000000000000000000, -1.000000000000000000, -0.0000000000000000000 ) ) ;
#1577 = EDGE_LOOP ( 'NONE', ( #4142, #74, #4135, #1117 ) ) ;
#1578 = CARTESIAN_POINT ( 'NONE',  ( -1.250000000000004900, 0.1999999999999999800, 1.129999999999996800 ) ) ;
#1579 = ADVANCED_FACE ( 'NONE', ( #5421 ), #5236, .T. ) ;
#1580 = DIRECTION ( 'NONE',  ( 0.0000000000000000000, -1.000000000000000000, 0.0000000000000000000 ) ) ;
#1581 = VECTOR ( 'NONE', #5644, 1000.000000000000000 ) ;
#1582 = DIRECTION ( 'NONE',  ( -1.000000000000000000, 0.0000000000000000000, -2.717051215639202200E-015 ) ) ;
#1583 = ORIENTED_EDGE ( 'NONE', *, *, #4500, .F. ) ;
#1584 = FACE_OUTER_BOUND ( 'NONE', #1904, .T. ) ;
#1585 = VERTEX_POINT ( 'NONE', #639 ) ;
#1586 = DIRECTION ( 'NONE',  ( 1.000000000000000000, 0.0000000000000000000, 3.614007241618351500E-015 ) ) ;
#1587 = COLOUR_RGB ( '',0.7921568627450980000, 0.8196078431372548800, 0.9333333333333333500 ) ;
#1588 = CARTESIAN_POINT ( 'NONE',  ( -0.1299999999999941200, 0.0000000000000000000, -1.750000000000000200 ) ) ;
#1589 = CIRCLE ( 'NONE', #1561, 0.1199999999999998800 ) ;
#1590 = ORIENTED_EDGE ( 'NONE', *, *, #2570, .T. ) ;
#1591 = DIRECTION ( 'NONE',  ( 0.0000000000000000000, -1.000000000000000000, 0.0000000000000000000 ) ) ;
#1592 = VECTOR ( 'NONE', #5493, 1000.000000000000000 ) ;
#1593 = CARTESIAN_POINT ( 'NONE',  ( -0.8500000000000033100, 0.0000000000000000000, 0.7499999999999977800 ) ) ;
#1594 = CARTESIAN_POINT ( 'NONE',  ( 1.250000000000003600, 0.6664761515876241900, -0.8699999999999948900 ) ) ;
#1595 = STYLED_ITEM ( 'NONE', ( #5016 ), #392 ) ;
#1596 = LINE ( 'NONE', #4852, #2228 ) ;
#1597 = CARTESIAN_POINT ( 'NONE',  ( -0.9699999999999979700, 0.04999999999999999600, -0.7500000000000027800 ) ) ;
#1598 = VERTEX_POINT ( 'NONE', #4413 ) ;
#1599 = DIRECTION ( 'NONE',  ( 3.491481338843133400E-015, 0.0000000000000000000, -1.000000000000000000 ) ) ;
#1600 = AXIS2_PLACEMENT_3D ( 'NONE', #5625, #2366, #3333 ) ;
#1601 = DIRECTION ( 'NONE',  ( -1.000000000000000000, 0.0000000000000000000, -4.265911462047064500E-015 ) ) ;
#1602 = CARTESIAN_POINT ( 'NONE',  ( 0.3699999999999936700, 0.1999999999999999800, 1.750000000000001100 ) ) ;
#1603 = EDGE_CURVE ( 'NONE', #3277, #5717, #1080, .T. ) ;
#1604 = LINE ( 'NONE', #3213, #3455 ) ;
#1605 = LINE ( 'NONE', #1619, #243 ) ;
#1606 = LINE ( 'NONE', #1939, #4450 ) ;
#1607 = ORIENTED_EDGE ( 'NONE', *, *, #4218, .T. ) ;
#1608 = AXIS2_PLACEMENT_3D ( 'NONE', #616, #4251, #1942 ) ;
#1609 = FACE_OUTER_BOUND ( 'NONE', #2530, .T. ) ;
#1610 = CARTESIAN_POINT ( 'NONE',  ( -0.9699999999999979700, 0.2000000000000000100, -0.7500000000000027800 ) ) ;
#1611 = ORIENTED_EDGE ( 'NONE', *, *, #680, .F. ) ;
#1612 = ORIENTED_EDGE ( 'NONE', *, *, #2197, .T. ) ;
#1613 = ADVANCED_FACE ( 'NONE', ( #1584 ), #1247, .T. ) ;
#1614 = DIRECTION ( 'NONE',  ( -1.000000000000000000, 0.0000000000000000000, -3.491481338843133400E-015 ) ) ;
#1615 = CARTESIAN_POINT ( 'NONE',  ( -1.250000000000002200, 0.04999999999999969700, 0.3699999999999963900 ) ) ;
#1616 = DIRECTION ( 'NONE',  ( -1.000000000000000000, 0.0000000000000000000, -4.265911462047064500E-015 ) ) ;
#1617 = LINE ( 'NONE', #4024, #1037 ) ;
#1618 = ORIENTED_EDGE ( 'NONE', *, *, #1056, .T. ) ;
#1619 = CARTESIAN_POINT ( 'NONE',  ( -1.250000000000002200, 0.1999999999999999800, 0.3699999999999963900 ) ) ;
#1620 = DIRECTION ( 'NONE',  ( -1.000000000000000000, 0.0000000000000000000, -3.491481338843133400E-015 ) ) ;
#1621 = CYLINDRICAL_SURFACE ( 'NONE', #4268, 0.1199999999999998800 ) ;
#1622 = CARTESIAN_POINT ( 'NONE',  ( -0.9699999999999966400, 0.0000000000000000000, -1.130000000000003000 ) ) ;
#1623 = VERTEX_POINT ( 'NONE', #4397 ) ;
#1624 = DIRECTION ( 'NONE',  ( -1.000000000000000000, 0.0000000000000000000, -3.685088869644115200E-015 ) ) ;
#1625 = ORIENTED_EDGE ( 'NONE', *, *, #754, .T. ) ;
#1626 = EDGE_LOOP ( 'NONE', ( #1764, #2554, #2460, #1611, #800, #3759, #5911, #3496, #880, #5784, #4608, #5783, #5894, #4395, #4726, #1039, #5037, #3619, #5045, #4697, #3108, #469, #509, #95, #5640, #2347, #3728, #5520, #2407, #4117, #3352, #4183, #1152, #4607, #552, #3017, #3626, #744, #1991, #1823, #3855, #3324, #4468, #5868, #1986, #1653, #993, #4766, #2848, #1830, #289, #1198, #829, #4967, #4894, #2351, #4600, #2520, #2672, #4059, #2648, #1722, #2738, #1637, #700, #3755, #3317, #4477, #31, #3292, #4355, #5167, #5478, #5263 ) ) ;
#1627 = VECTOR ( 'NONE', #4036, 1000.000000000000000 ) ;
#1628 = ORIENTED_EDGE ( 'NONE', *, *, #5528, .T. ) ;
#1629 = DIRECTION ( 'NONE',  ( 0.0000000000000000000, -1.000000000000000000, 0.0000000000000000000 ) ) ;
#1630 = ORIENTED_EDGE ( 'NONE', *, *, #3280, .T. ) ;
#1631 = CARTESIAN_POINT ( 'NONE',  ( -0.4999999999999963400, 2.436067977499790000, -1.000000000000001600 ) ) ;
#1632 = EDGE_LOOP ( 'NONE', ( #759, #4560, #4187, #2515 ) ) ;
#1633 = EDGE_CURVE ( 'NONE', #4319, #114, #5653, .T. ) ;
#1634 = DIRECTION ( 'NONE',  ( 0.0000000000000000000, 1.000000000000000000, 0.0000000000000000000 ) ) ;
#1635 = DIRECTION ( 'NONE',  ( 1.000000000000000000, 0.0000000000000000000, 3.614007241618353100E-015 ) ) ;
#1636 = EDGE_CURVE ( 'NONE', #2784, #2950, #2778, .T. ) ;
#1637 = ORIENTED_EDGE ( 'NONE', *, *, #1670, .F. ) ;
#1638 = DIRECTION ( 'NONE',  ( 0.0000000000000000000, -1.000000000000000000, 0.0000000000000000000 ) ) ;
#1639 = AXIS2_PLACEMENT_3D ( 'NONE', #5559, #3287, #89 ) ;
#1640 = ADVANCED_FACE ( 'NONE', ( #4147 ), #5746, .F. ) ;
#1641 = DIRECTION ( 'NONE',  ( 1.000000000000000000, -0.0000000000000000000, 2.717051215639202600E-015 ) ) ;
#1642 = AXIS2_PLACEMENT_3D ( 'NONE', #5285, #2551, #4352 ) ;
#1643 = MANIFOLD_SOLID_BREP ( 'Body-Move/Copy1[16]', #3176 ) ;
#1644 = EDGE_CURVE ( 'NONE', #579, #1813, #5501, .T. ) ;
#1645 = EDGE_LOOP ( 'NONE', ( #897, #4647 ) ) ;
#1646 = EDGE_CURVE ( 'NONE', #1917, #2427, #3871, .T. ) ;
#1647 = DIRECTION ( 'NONE',  ( 0.0000000000000000000, -1.000000000000000000, 0.0000000000000000000 ) ) ;
#1648 = ORIENTED_EDGE ( 'NONE', *, *, #5770, .T. ) ;
#1649 = ORIENTED_EDGE ( 'NONE', *, *, #644, .T. ) ;
#1650 = EDGE_LOOP ( 'NONE', ( #2333, #5497, #3794, #997 ) ) ;
#1651 = PLANE ( 'NONE',  #3418 ) ;
#1652 = FACE_OUTER_BOUND ( 'NONE', #3268, .T. ) ;
#1653 = ORIENTED_EDGE ( 'NONE', *, *, #2807, .F. ) ;
#1654 = DIRECTION ( 'NONE',  ( 0.0000000000000000000, -1.000000000000000000, -0.0000000000000000000 ) ) ;
#1655 = CARTESIAN_POINT ( 'NONE',  ( -0.9700000000000031900, 0.2000000000000000100, 0.7499999999999973400 ) ) ;
#1656 = CIRCLE ( 'NONE', #2056, 0.1199999999999998800 ) ;
#1657 = FACE_OUTER_BOUND ( 'NONE', #1750, .T. ) ;
#1658 = LINE ( 'NONE', #5020, #1372 ) ;
#1659 = DIRECTION ( 'NONE',  ( 0.0000000000000000000, 1.000000000000000000, 0.0000000000000000000 ) ) ;
#1660 = VECTOR ( 'NONE', #1099, 1000.000000000000000 ) ;
#1661 = VERTEX_POINT ( 'NONE', #5877 ) ;
#1663 = LINE ( 'NONE', #2849, #4296 ) ;
#1662 = CARTESIAN_POINT ( 'NONE',  ( 0.2499999999999946400, 0.0000000000000000000, 1.470000000000000600 ) ) ;
#1664 = ADVANCED_FACE ( 'NONE', ( #1870 ), #1805, .T. ) ;
#1665 = PLANE ( 'NONE',  #2022 ) ;
#1666 = CIRCLE ( 'NONE', #4660, 0.1199999999999998800 ) ;
#1667 = EDGE_CURVE ( 'NONE', #3189, #4903, #1997, .T. ) ;
#1668 = VECTOR ( 'NONE', #202, 1000.000000000000000 ) ;
#1669 = ORIENTED_EDGE ( 'NONE', *, *, #1739, .T. ) ;
#1670 = EDGE_CURVE ( 'NONE', #4326, #1268, #2772, .T. ) ;
#1671 = APPLICATION_PROTOCOL_DEFINITION ( 'draft international standard', 'automotive_design', 1998, #4399 ) ;
#1672 = AXIS2_PLACEMENT_3D ( 'NONE', #1504, #1090, #3790 ) ;
#1673 = LINE ( 'NONE', #5598, #1518 ) ;
#1674 = COLOUR_RGB ( '',0.7921568627450980000, 0.8196078431372548800, 0.9333333333333333500 ) ;
#1675 = ORIENTED_EDGE ( 'NONE', *, *, #5441, .F. ) ;
#1676 = CARTESIAN_POINT ( 'NONE',  ( -0.4999999999999963400, 0.2000000000000000900, -1.000000000000001600 ) ) ;
#1677 = ORIENTED_EDGE ( 'NONE', *, *, #5854, .T. ) ;
#1678 = AXIS2_PLACEMENT_3D ( 'NONE', #5303, #1687, #1165 ) ;
#1679 = DIRECTION ( 'NONE',  ( -0.0000000000000000000, -1.000000000000000000, 0.0000000000000000000 ) ) ;
#1680 = DIRECTION ( 'NONE',  ( 1.000000000000000000, 0.0000000000000000000, 2.717051215639202600E-015 ) ) ;
#1681 = DIRECTION ( 'NONE',  ( 4.265911462047064500E-015, 0.0000000000000000000, -1.000000000000000000 ) ) ;
#1682 = EDGE_CURVE ( 'NONE', #1320, #4521, #5860, .T. ) ;
#1683 = EDGE_CURVE ( 'NONE', #3354, #2965, #3798, .T. ) ;
#1684 = LINE ( 'NONE', #5789, #2593 ) ;
#1685 = EDGE_LOOP ( 'NONE', ( #2161, #2117, #3182, #3181 ) ) ;
#1686 = EDGE_LOOP ( 'NONE', ( #3310, #99, #1840, #3630 ) ) ;
#1687 = DIRECTION ( 'NONE',  ( 0.0000000000000000000, -1.000000000000000000, -0.0000000000000000000 ) ) ;
#1688 = FACE_OUTER_BOUND ( 'NONE', #1481, .T. ) ;
#1689 = ORIENTED_EDGE ( 'NONE', *, *, #4832, .F. ) ;
#1690 = VERTEX_POINT ( 'NONE', #3098 ) ;
#1691 = AXIS2_PLACEMENT_3D ( 'NONE', #2268, #4504, #2624 ) ;
#1692 = LINE ( 'NONE', #2589, #757 ) ;
#1693 = ORIENTED_EDGE ( 'NONE', *, *, #2171, .F. ) ;
#1694 = DIRECTION ( 'NONE',  ( 1.000000000000000000, 0.0000000000000000000, 4.265911462047064500E-015 ) ) ;
#1695 = VERTEX_POINT ( 'NONE', #2259 ) ;
#1696 = VERTEX_POINT ( 'NONE', #5447 ) ;
#1697 = ADVANCED_FACE ( 'NONE', ( #2144 ), #1345, .F. ) ;
#1698 = DIRECTION ( 'NONE',  ( 0.0000000000000000000, -1.000000000000000000, 0.0000000000000000000 ) ) ;
#1699 = DIRECTION ( 'NONE',  ( 0.0000000000000000000, -1.000000000000000000, -0.0000000000000000000 ) ) ;
#1700 = LINE ( 'NONE', #4058, #2118 ) ;
#1701 = CARTESIAN_POINT ( 'NONE',  ( -1.250000000000001300, 0.1999999999999999800, 0.1299999999999966200 ) ) ;
#1702 = ORIENTED_EDGE ( 'NONE', *, *, #1433, .T. ) ;
#1703 = CARTESIAN_POINT ( 'NONE',  ( -0.2500000000000053800, 0.05000000000000002400, 1.469999999999998900 ) ) ;
#1704 = ORIENTED_EDGE ( 'NONE', *, *, #4008, .F. ) ;
#1705 = AXIS2_PLACEMENT_3D ( 'NONE', #5224, #5696, #2941 ) ;
#1706 = PLANE ( 'NONE',  #2924 ) ;
#1707 = CARTESIAN_POINT ( 'NONE',  ( -1.249999999999996900, 0.1999999999999999800, -1.130000000000003700 ) ) ;
#1708 = DIRECTION ( 'NONE',  ( 1.000000000000000000, 0.0000000000000000000, 3.614007241618351500E-015 ) ) ;
#1709 = AXIS2_PLACEMENT_3D ( 'NONE', #5544, #3390, #2614 ) ;
#1710 = ORIENTED_EDGE ( 'NONE', *, *, #2061, .F. ) ;
#1711 = DIRECTION ( 'NONE',  ( 0.0000000000000000000, -1.000000000000000000, 0.0000000000000000000 ) ) ;
#1712 = EDGE_CURVE ( 'NONE', #2021, #781, #356, .T. ) ;
#1713 = AXIS2_PLACEMENT_3D ( 'NONE', #3754, #1431, #1050 ) ;
#1714 = DIRECTION ( 'NONE',  ( 0.0000000000000000000, -1.000000000000000000, 0.0000000000000000000 ) ) ;
#1715 = CARTESIAN_POINT ( 'NONE',  ( -0.9700000000000054100, 0.1999999999999999800, 1.369999999999997000 ) ) ;
#1716 = ORIENTED_EDGE ( 'NONE', *, *, #3206, .F. ) ;
#1717 = LINE ( 'NONE', #4746, #487 ) ;
#1718 = CARTESIAN_POINT ( 'NONE',  ( 0.9699999999999977500, 0.1999999999999999800, 0.7500000000000037700 ) ) ;
#1719 = ORIENTED_EDGE ( 'NONE', *, *, #1145, .T. ) ;
#1720 = LINE ( 'NONE', #1142, #996 ) ;
#1721 = DIRECTION ( 'NONE',  ( 0.0000000000000000000, 1.000000000000000000, 0.0000000000000000000 ) ) ;
#1722 = ORIENTED_EDGE ( 'NONE', *, *, #2088, .F. ) ;
#1723 = ORIENTED_EDGE ( 'NONE', *, *, #5068, .F. ) ;
#1724 = ADVANCED_FACE ( 'NONE', ( #4924 ), #5033, .F. ) ;
#1725 = LINE ( 'NONE', #5703, #1266 ) ;
#1726 = FACE_OUTER_BOUND ( 'NONE', #5090, .T. ) ;
#1727 =( NAMED_UNIT ( * ) PLANE_ANGLE_UNIT ( ) SI_UNIT ( $, .RADIAN. ) );
#1728 = ORIENTED_EDGE ( 'NONE', *, *, #3579, .F. ) ;
#1729 = DIRECTION ( 'NONE',  ( -1.000000000000000000, 0.0000000000000000000, -3.491481338843133400E-015 ) ) ;
#1730 = LINE ( 'NONE', #1401, #4506 ) ;
#1731 = ORIENTED_EDGE ( 'NONE', *, *, #3122, .F. ) ;
#1732 = VECTOR ( 'NONE', #1454, 1000.000000000000000 ) ;
#1733 = DIRECTION ( 'NONE',  ( -1.000000000000000000, 0.0000000000000000000, -3.614007241618351500E-015 ) ) ;
#1734 = CARTESIAN_POINT ( 'NONE',  ( 0.9700000000000025300, 0.1999999999999999800, -0.6299999999999963400 ) ) ;
#1735 =( NAMED_UNIT ( * ) PLANE_ANGLE_UNIT ( ) SI_UNIT ( $, .RADIAN. ) );
#1736 = DIRECTION ( 'NONE',  ( 2.717051215639202600E-015, 0.0000000000000000000, -1.000000000000000000 ) ) ;
#1737 = LINE ( 'NONE', #2069, #4221 ) ;
#1738 = ORIENTED_EDGE ( 'NONE', *, *, #5770, .F. ) ;
#1739 = EDGE_CURVE ( 'NONE', #1845, #1417, #777, .T. ) ;
#1740 = LINE ( 'NONE', #2973, #1309 ) ;
#1741 = FACE_OUTER_BOUND ( 'NONE', #5564, .T. ) ;
#1742 = DIRECTION ( 'NONE',  ( -1.000000000000000000, 0.0000000000000000000, -2.717051215639202600E-015 ) ) ;
#1743 = FACE_OUTER_BOUND ( 'NONE', #4583, .T. ) ;
#1744 = EDGE_LOOP ( 'NONE', ( #4247, #2445, #5855, #4750 ) ) ;
#1745 = DIRECTION ( 'NONE',  ( 0.0000000000000000000, 1.000000000000000000, 0.0000000000000000000 ) ) ;
#1746 = EDGE_CURVE ( 'NONE', #3076, #2084, #5495, .T. ) ;
#1747 = LINE ( 'NONE', #5753, #1108 ) ;
#1748 = LINE ( 'NONE', #2381, #2947 ) ;
#1749 = ORIENTED_EDGE ( 'NONE', *, *, #2456, .T. ) ;
#1750 = EDGE_LOOP ( 'NONE', ( #2120, #2726, #4706, #5704 ) ) ;
#1751 = EDGE_CURVE ( 'NONE', #1034, #2077, #1221, .T. ) ;
#1752 = AXIS2_PLACEMENT_3D ( 'NONE', #5910, #3170, #3147 ) ;
#1753 = CARTESIAN_POINT ( 'NONE',  ( 1.250000000000002700, 0.1999999999999999800, -0.6299999999999951200 ) ) ;
#1754 = CARTESIAN_POINT ( 'NONE',  ( 1.250000000000000000, 0.6664761515876241900, 0.1300000000000051400 ) ) ;
#1755 = AXIS2_PLACEMENT_3D ( 'NONE', #4724, #5182, #2447 ) ;
#1756 = ADVANCED_FACE ( 'NONE', ( #4637 ), #458, .F. ) ;
#1757 = DIRECTION ( 'NONE',  ( 1.000000000000000000, 0.0000000000000000000, 2.717051215639202200E-015 ) ) ;
#1758 = ORIENTED_EDGE ( 'NONE', *, *, #265, .F. ) ;
#1759 = EDGE_CURVE ( 'NONE', #3533, #5667, #294, .T. ) ;
#1760 = ORIENTED_EDGE ( 'NONE', *, *, #5838, .T. ) ;
#1761 = EDGE_CURVE ( 'NONE', #5025, #2270, #4428, .T. ) ;
#1762 = LINE ( 'NONE', #4412, #3180 ) ;
#1763 = DIRECTION ( 'NONE',  ( -0.0000000000000000000, -1.000000000000000000, 0.0000000000000000000 ) ) ;
#1764 = ORIENTED_EDGE ( 'NONE', *, *, #4315, .F. ) ;
#1765 = ORIENTED_EDGE ( 'NONE', *, *, #5219, .T. ) ;
#1766 = AXIS2_PLACEMENT_3D ( 'NONE', #5084, #3346, #604 ) ;
#1767 = VECTOR ( 'NONE', #5379, 1000.000000000000000 ) ;
#1768 = ORIENTED_EDGE ( 'NONE', *, *, #5363, .T. ) ;
#1769 = DIRECTION ( 'NONE',  ( 1.000000000000000000, 0.0000000000000000000, 3.491481338843133400E-015 ) ) ;
#1770 = VERTEX_POINT ( 'NONE', #1389 ) ;
#1771 = AXIS2_PLACEMENT_3D ( 'NONE', #2571, #3037, #1208 ) ;
#1772 = ORIENTED_EDGE ( 'NONE', *, *, #2476, .F. ) ;
#1773 = PLANE ( 'NONE',  #4803 ) ;
#1774 = CARTESIAN_POINT ( 'NONE',  ( -0.8499999999999998700, 0.6664761515876241900, -0.2500000000000022800 ) ) ;
#1775 = DIRECTION ( 'NONE',  ( 0.0000000000000000000, -1.000000000000000000, 0.0000000000000000000 ) ) ;
#1776 = SURFACE_STYLE_USAGE ( .BOTH. , #4540 ) ;
#1777 = CARTESIAN_POINT ( 'NONE',  ( 0.3699999999999945000, 0.1999999999999999800, 1.470000000000000900 ) ) ;
#1778 = CARTESIAN_POINT ( 'NONE',  ( 0.3700000000000058800, 0.0000000000000000000, -1.749999999999998400 ) ) ;
#1779 = ORIENTED_EDGE ( 'NONE', *, *, #2615, .F. ) ;
#1780 = CARTESIAN_POINT ( 'NONE',  ( 1.250000000000004400, 0.2000000000000000100, -1.129999999999995200 ) ) ;
#1781 = EDGE_CURVE ( 'NONE', #1146, #4124, #3432, .T. ) ;
#1782 = ADVANCED_FACE ( 'NONE', ( #637 ), #1844, .F. ) ;
#1783 = ORIENTED_EDGE ( 'NONE', *, *, #2723, .F. ) ;
#1784 = AXIS2_PLACEMENT_3D ( 'NONE', #4856, #1654, #2599 ) ;
#1785 = DIRECTION ( 'NONE',  ( 0.0000000000000000000, -1.000000000000000000, 0.0000000000000000000 ) ) ;
#1786 = CARTESIAN_POINT ( 'NONE',  ( -0.3700000000000051600, 0.0000000000000000000, 1.469999999999998200 ) ) ;
#1787 = AXIS2_PLACEMENT_3D ( 'NONE', #1265, #5812, #2583 ) ;
#1788 = CARTESIAN_POINT ( 'NONE',  ( -0.5000000000000032200, 0.2000000000000000900, 0.9999999999999985600 ) ) ;
#1789 = VECTOR ( 'NONE', #1680, 1000.000000000000000 ) ;
#1790 = EDGE_CURVE ( 'NONE', #1843, #2142, #3220, .T. ) ;
#1791 = CARTESIAN_POINT ( 'NONE',  ( -0.9700000000000054100, 0.6664761515876241900, 1.369999999999997000 ) ) ;
#1792 = VERTEX_POINT ( 'NONE', #4150 ) ;
#1793 = VERTEX_POINT ( 'NONE', #488 ) ;
#1794 =( NAMED_UNIT ( * ) SI_UNIT ( $, .STERADIAN. ) SOLID_ANGLE_UNIT ( ) );
#1795 = DIRECTION ( 'NONE',  ( -1.000000000000000000, 0.0000000000000000000, -4.265911462047065300E-015 ) ) ;
#1796 = CARTESIAN_POINT ( 'NONE',  ( 0.9700000000000011900, 0.1999999999999999800, -0.2499999999999962000 ) ) ;
#1797 = CLOSED_SHELL ( 'NONE', ( #5013, #1847, #3252, #729, #3769, #2489, #4350 ) ) ;
#1798 = DIRECTION ( 'NONE',  ( -1.000000000000000000, 0.0000000000000000000, -3.614007241618351500E-015 ) ) ;
#1799 = LINE ( 'NONE', #1377, #229 ) ;
#1800 = ORIENTED_EDGE ( 'NONE', *, *, #4425, .F. ) ;
#1801 = VECTOR ( 'NONE', #2867, 1000.000000000000000 ) ;
#1802 = AXIS2_PLACEMENT_3D ( 'NONE', #755, #4484, #1831 ) ;
#1803 = CARTESIAN_POINT ( 'NONE',  ( -0.9700000000000049700, 0.0000000000000000000, 1.249999999999997100 ) ) ;
#1804 = FACE_OUTER_BOUND ( 'NONE', #2141, .T. ) ;
#1805 = PLANE ( 'NONE',  #1330 ) ;
#1806 = VECTOR ( 'NONE', #1564, 1000.000000000000000 ) ;
#1807 = VERTEX_POINT ( 'NONE', #2344 ) ;
#1808 = FACE_OUTER_BOUND ( 'NONE', #5003, .T. ) ;
#1809 = DIRECTION ( 'NONE',  ( 1.000000000000000000, 0.0000000000000000000, 3.614007241618351500E-015 ) ) ;
#1810 = VECTOR ( 'NONE', #3410, 1000.000000000000000 ) ;
#1811 = CARTESIAN_POINT ( 'NONE',  ( -0.9699999999999966400, 0.2000000000000000100, -1.130000000000003000 ) ) ;
#1812 = LINE ( 'NONE', #10, #585 ) ;
#1813 = VERTEX_POINT ( 'NONE', #5111 ) ;
#1814 = ADVANCED_FACE ( 'NONE', ( #2490 ), #3269, .F. ) ;
#1815 = DIRECTION ( 'NONE',  ( -0.0000000000000000000, -1.000000000000000000, 0.0000000000000000000 ) ) ;
#1816 = CARTESIAN_POINT ( 'NONE',  ( -0.2500000000000053800, 0.1999999999999999800, 1.469999999999998900 ) ) ;
#1817 = LINE ( 'NONE', #3138, #2719 ) ;
#1818 = VECTOR ( 'NONE', #5164, 1000.000000000000000 ) ;
#1819 = ORIENTED_EDGE ( 'NONE', *, *, #4654, .T. ) ;
#1820 = ORIENTED_EDGE ( 'NONE', *, *, #2358, .F. ) ;
#1821 = CARTESIAN_POINT ( 'NONE',  ( -1.250000000000003100, 0.2000000000000000100, 0.6299999999999966700 ) ) ;
#1822 = EDGE_CURVE ( 'NONE', #4463, #5651, #3718, .T. ) ;
#1823 = ORIENTED_EDGE ( 'NONE', *, *, #329, .F. ) ;
#1824 = CARTESIAN_POINT ( 'NONE',  ( 1.249999999999996400, 0.1999999999999996500, 1.130000000000005200 ) ) ;
#1825 = ORIENTED_EDGE ( 'NONE', *, *, #1222, .T. ) ;
#1826 = AXIS2_PLACEMENT_3D ( 'NONE', #1155, #2516, #1635 ) ;
#1827 = EDGE_CURVE ( 'NONE', #3816, #5245, #1862, .T. ) ;
#1828 = PRESENTATION_STYLE_ASSIGNMENT (( #5378 ) ) ;
#1829 = CARTESIAN_POINT ( 'NONE',  ( 0.9700000000000025300, 0.2000000000000000100, -0.6299999999999963400 ) ) ;
#1830 = ORIENTED_EDGE ( 'NONE', *, *, #1682, .F. ) ;
#1831 = DIRECTION ( 'NONE',  ( -1.000000000000000000, 0.0000000000000000000, -3.491481338843133400E-015 ) ) ;
#1832 = STYLED_ITEM ( 'NONE', ( #2955 ), #3323 ) ;
#1833 = DIRECTION ( 'NONE',  ( 1.000000000000000000, 0.0000000000000000000, 3.614007241618351500E-015 ) ) ;
#1834 = DIRECTION ( 'NONE',  ( 1.000000000000000000, 0.0000000000000000000, 3.614007241618351500E-015 ) ) ;
#1835 = CIRCLE ( 'NONE', #219, 0.1199999999999998600 ) ;
#1836 = ORIENTED_EDGE ( 'NONE', *, *, #2341, .F. ) ;
#1837 = EDGE_CURVE ( 'NONE', #3210, #5141, #5797, .T. ) ;
#1838 = EDGE_LOOP ( 'NONE', ( #1716, #2722, #926, #2402 ) ) ;
#1839 = DIRECTION ( 'NONE',  ( 0.0000000000000000000, -1.000000000000000000, 0.0000000000000000000 ) ) ;
#1840 = ORIENTED_EDGE ( 'NONE', *, *, #2358, .T. ) ;
#1841 = CARTESIAN_POINT ( 'NONE',  ( 0.9699999999999973100, 0.6664761515876241900, 0.8700000000000036600 ) ) ;
#1842 = LINE ( 'NONE', #3442, #5259 ) ;
#1843 = VERTEX_POINT ( 'NONE', #3760 ) ;
#1844 = PLANE ( 'NONE',  #1290 ) ;
#1845 = VERTEX_POINT ( 'NONE', #4308 ) ;
#1846 = CARTESIAN_POINT ( 'NONE',  ( -0.8500000000000015300, 0.2000000000000000100, 0.2499999999999977200 ) ) ;
#1847 = ADVANCED_FACE ( 'NONE', ( #4281 ), #3347, .T. ) ;
#1848 = DIRECTION ( 'NONE',  ( 1.000000000000000000, 0.0000000000000000000, 3.614007241618351500E-015 ) ) ;
#1849 = DIRECTION ( 'NONE',  ( -0.0000000000000000000, -1.000000000000000000, -0.0000000000000000000 ) ) ;
#1850 = CARTESIAN_POINT ( 'NONE',  ( 1.250000000000000900, 0.2000000000000000100, -0.1299999999999951200 ) ) ;
#1851 = VERTEX_POINT ( 'NONE', #2368 ) ;
#1852 = DIRECTION ( 'NONE',  ( 0.0000000000000000000, 1.000000000000000000, 0.0000000000000000000 ) ) ;
#1853 = EDGE_CURVE ( 'NONE', #5009, #5717, #2917, .T. ) ;
#1854 = CARTESIAN_POINT ( 'NONE',  ( -1.250000000000002200, 0.2000000000000000100, 0.3699999999999963900 ) ) ;
#1855 = CARTESIAN_POINT ( 'NONE',  ( 1.249999999999996400, 0.1999999999999999800, 1.130000000000005200 ) ) ;
#1856 = LINE ( 'NONE', #1202, #1789 ) ;
#1857 = EDGE_CURVE ( 'NONE', #1177, #1241, #1365, .T. ) ;
#1858 = EDGE_LOOP ( 'NONE', ( #1574, #775, #3272, #3785 ) ) ;
#1859 = EDGE_LOOP ( 'NONE', ( #4043, #3318, #1346, #2597 ) ) ;
#1860 = DIRECTION ( 'NONE',  ( 1.000000000000000000, 0.0000000000000000000, 3.614007241618351500E-015 ) ) ;
#1861 = EDGE_CURVE ( 'NONE', #3834, #3712, #5067, .T. ) ;
#1862 = LINE ( 'NONE', #5548, #1148 ) ;
#1863 = DIRECTION ( 'NONE',  ( 1.000000000000000000, 0.0000000000000000000, 3.491481338843133400E-015 ) ) ;
#1864 = EDGE_LOOP ( 'NONE', ( #3336, #5172, #386, #3090, #2840 ) ) ;
#1865 = AXIS2_PLACEMENT_3D ( 'NONE', #5375, #3131, #4945 ) ;
#1866 = ORIENTED_EDGE ( 'NONE', *, *, #2438, .T. ) ;
#1867 = EDGE_LOOP ( 'NONE', ( #1996, #4111, #3683, #4216 ) ) ;
#1868 = EDGE_CURVE ( 'NONE', #1459, #2066, #1720, .T. ) ;
#1869 = FACE_OUTER_BOUND ( 'NONE', #851, .T. ) ;
#1870 = FACE_OUTER_BOUND ( 'NONE', #5916, .T. ) ;
#1871 = CARTESIAN_POINT ( 'NONE',  ( 0.9700000000000049700, 0.04999999999999999600, -1.369999999999996100 ) ) ;
#1872 = ADVANCED_FACE ( 'NONE', ( #3936 ), #5694, .F. ) ;
#1873 = ORIENTED_EDGE ( 'NONE', *, *, #2464, .T. ) ;
#1874 = CARTESIAN_POINT ( 'NONE',  ( -0.9700000000000054100, 0.0000000000000000000, 1.369999999999997000 ) ) ;
#1875 = PLANE ( 'NONE',  #2728 ) ;
#1876 = DIRECTION ( 'NONE',  ( -3.367572519130504400E-015, 0.0000000000000000000, 1.000000000000000000 ) ) ;
#1877 = ORIENTED_EDGE ( 'NONE', *, *, #1981, .T. ) ;
#1878 = VECTOR ( 'NONE', #3077, 1000.000000000000000 ) ;
#1879 = DIRECTION ( 'NONE',  ( 0.0000000000000000000, -1.000000000000000000, 0.0000000000000000000 ) ) ;
#1880 = AXIS2_PLACEMENT_3D ( 'NONE', #4545, #5004, #397 ) ;
#1881 = VECTOR ( 'NONE', #5262, 1000.000000000000000 ) ;
#1882 = VERTEX_POINT ( 'NONE', #4262 ) ;
#1883 = FILL_AREA_STYLE ('',( #510 ) ) ;
#1884 = CYLINDRICAL_SURFACE ( 'NONE', #3128, 0.1199999999999998800 ) ;
#1885 = VECTOR ( 'NONE', #3717, 1000.000000000000000 ) ;
#1886 = FACE_OUTER_BOUND ( 'NONE', #3573, .T. ) ;
#1887 = EDGE_LOOP ( 'NONE', ( #253, #1443, #4802, #4922 ) ) ;
#1888 = DIRECTION ( 'NONE',  ( -0.0000000000000000000, -1.000000000000000000, 0.0000000000000000000 ) ) ;
#1889 = CARTESIAN_POINT ( 'NONE',  ( -0.9699999999999997500, 0.6664761515876241900, -0.2500000000000027200 ) ) ;
#1890 = LINE ( 'NONE', #389, #2380 ) ;
#1891 = LINE ( 'NONE', #1087, #5241 ) ;
#1892 = CARTESIAN_POINT ( 'NONE',  ( 1.249999999999998200, 0.1999999999999999800, 0.6300000000000051100 ) ) ;
#1893 = DIRECTION ( 'NONE',  ( 0.0000000000000000000, 1.000000000000000000, 0.0000000000000000000 ) ) ;
#1894 = VERTEX_POINT ( 'NONE', #4243 ) ;
#1895 = ORIENTED_EDGE ( 'NONE', *, *, #625, .T. ) ;
#1896 = EDGE_CURVE ( 'NONE', #4208, #218, #2704, .T. ) ;
#1897 = VECTOR ( 'NONE', #3123, 1000.000000000000000 ) ;
#1898 = ADVANCED_BREP_SHAPE_REPRESENTATION ( 'SOT763-1', ( #3503, #1461, #3945, #208, #320, #1278, #2254, #756, #5626, #5890, #3767, #3132, #3576, #4814, #3323, #1643, #129, #392, #1204, #1771 ), #5129 ) ;
#1899 = ORIENTED_EDGE ( 'NONE', *, *, #5326, .T. ) ;
#1900 = AXIS2_PLACEMENT_3D ( 'NONE', #3244, #2816, #5538 ) ;
#1901 = ADVANCED_FACE ( 'NONE', ( #141 ), #5671, .T. ) ;
#1902 = VECTOR ( 'NONE', #1785, 1000.000000000000000 ) ;
#1903 = AXIS2_PLACEMENT_3D ( 'NONE', #1186, #3481, #2119 ) ;
#1904 = EDGE_LOOP ( 'NONE', ( #1359, #2665, #2819, #869 ) ) ;
#1905 = DIRECTION ( 'NONE',  ( -1.000000000000000000, 0.0000000000000000000, -3.491481338843133400E-015 ) ) ;
#1906 = EDGE_CURVE ( 'NONE', #781, #3356, #5344, .T. ) ;
#1907 = ORIENTED_EDGE ( 'NONE', *, *, #5882, .T. ) ;
#1908 = EDGE_CURVE ( 'NONE', #4818, #3560, #1502, .T. ) ;
#1909 = DIRECTION ( 'NONE',  ( -3.367572519130504400E-015, 0.0000000000000000000, 1.000000000000000000 ) ) ;
#1910 = LINE ( 'NONE', #5766, #976 ) ;
#1911 = DIRECTION ( 'NONE',  ( 0.0000000000000000000, 1.000000000000000000, 0.0000000000000000000 ) ) ;
#1912 = CARTESIAN_POINT ( 'NONE',  ( 0.1300000000000061100, 0.0000000000000000000, -1.749999999999999300 ) ) ;
#1913 = CARTESIAN_POINT ( 'NONE',  ( -0.4999999999999963400, 2.436067977499790000, -1.000000000000001600 ) ) ;
#1914 = AXIS2_PLACEMENT_3D ( 'NONE', #5632, #205, #2843 ) ;
#1915 = ORIENTED_EDGE ( 'NONE', *, *, #4961, .F. ) ;
#1916 = DIRECTION ( 'NONE',  ( 1.000000000000000000, 0.0000000000000000000, 3.491481338843133400E-015 ) ) ;
#1917 = VERTEX_POINT ( 'NONE', #628 ) ;
#1918 = DIRECTION ( 'NONE',  ( -0.0000000000000000000, -1.000000000000000000, 0.0000000000000000000 ) ) ;
#1919 = VERTEX_POINT ( 'NONE', #4700 ) ;
#1920 = PLANE ( 'NONE',  #135 ) ;
#1921 = ORIENTED_EDGE ( 'NONE', *, *, #1971, .T. ) ;
#1922 = DIRECTION ( 'NONE',  ( -0.0000000000000000000, -1.000000000000000000, 0.0000000000000000000 ) ) ;
#1923 = DIRECTION ( 'NONE',  ( -0.0000000000000000000, -1.000000000000000000, 0.0000000000000000000 ) ) ;
#1924 = CARTESIAN_POINT ( 'NONE',  ( -1.249999999999999600, 0.0000000000000000000, -0.3700000000000034400 ) ) ;
#1925 = CARTESIAN_POINT ( 'NONE',  ( -0.9699999999999963100, 0.2000000000000000100, -1.250000000000002900 ) ) ;
#1926 = DIRECTION ( 'NONE',  ( 1.000000000000000000, 0.0000000000000000000, 2.717051215639202200E-015 ) ) ;
#1927 = EDGE_CURVE ( 'NONE', #1044, #3178, #4709, .T. ) ;
#1928 = CYLINDRICAL_SURFACE ( 'NONE', #3275, 0.1199999999999998800 ) ;
#1929 = PLANE ( 'NONE',  #839 ) ;
#1930 = ORIENTED_EDGE ( 'NONE', *, *, #849, .F. ) ;
#1931 = ORIENTED_EDGE ( 'NONE', *, *, #3815, .F. ) ;
#1932 = ADVANCED_FACE ( 'NONE', ( #3866 ), #1562, .F. ) ;
#1933 = DIRECTION ( 'NONE',  ( -0.0000000000000000000, -1.000000000000000000, 0.0000000000000000000 ) ) ;
#1934 = EDGE_CURVE ( 'NONE', #1385, #4000, #4853, .T. ) ;
#1935 = ORIENTED_EDGE ( 'NONE', *, *, #2987, .T. ) ;
#1936 = VECTOR ( 'NONE', #2791, 1000.000000000000000 ) ;
#1937 = ORIENTED_EDGE ( 'NONE', *, *, #5300, .T. ) ;
#1938 = AXIS2_PLACEMENT_3D ( 'NONE', #2201, #1745, #3994 ) ;
#1939 = CARTESIAN_POINT ( 'NONE',  ( -1.250000000000005800, 0.05000000000000000300, 1.749999999999996000 ) ) ;
#1940 = EDGE_CURVE ( 'NONE', #5341, #4966, #2630, .T. ) ;
#1941 = VECTOR ( 'NONE', #1694, 1000.000000000000000 ) ;
#1942 = DIRECTION ( 'NONE',  ( 1.000000000000000000, 0.0000000000000000000, 3.614007241618351500E-015 ) ) ;
#1943 = LINE ( 'NONE', #153, #4152 ) ;
#1944 = EDGE_LOOP ( 'NONE', ( #646, #5542, #2485, #714 ) ) ;
#1946 = EDGE_CURVE ( 'NONE', #5631, #2883, #1076, .T. ) ;
#1945 = PLANE ( 'NONE',  #987 ) ;
#1947 = DIRECTION ( 'NONE',  ( 1.000000000000000000, 0.0000000000000000000, 2.717051215639202600E-015 ) ) ;
#1948 = LINE ( 'NONE', #963, #3733 ) ;
#1949 = DIRECTION ( 'NONE',  ( -0.0000000000000000000, -1.000000000000000000, 0.0000000000000000000 ) ) ;
#1950 = DIRECTION ( 'NONE',  ( 0.0000000000000000000, -1.000000000000000000, 0.0000000000000000000 ) ) ;
#1951 = ORIENTED_EDGE ( 'NONE', *, *, #5289, .F. ) ;
#1952 = SURFACE_STYLE_USAGE ( .BOTH. , #1074 ) ;
#1953 =( GEOMETRIC_REPRESENTATION_CONTEXT ( 3 ) GLOBAL_UNCERTAINTY_ASSIGNED_CONTEXT ( ( #5258 ) ) GLOBAL_UNIT_ASSIGNED_CONTEXT ( ( #4137, #2748, #4157 ) ) REPRESENTATION_CONTEXT ( 'NONE', 'WORKASPACE' ) );
#1954 = VECTOR ( 'NONE', #2359, 1000.000000000000000 ) ;
#1955 = VECTOR ( 'NONE', #2690, 1000.000000000000000 ) ;
#1956 = ORIENTED_EDGE ( 'NONE', *, *, #3360, .T. ) ;
#1957 = ORIENTED_EDGE ( 'NONE', *, *, #3360, .F. ) ;
#1958 = DIRECTION ( 'NONE',  ( 0.0000000000000000000, -1.000000000000000000, 0.0000000000000000000 ) ) ;
#1959 = ORIENTED_EDGE ( 'NONE', *, *, #3236, .T. ) ;
#1960 = ORIENTED_EDGE ( 'NONE', *, *, #3041, .F. ) ;
#1961 = ADVANCED_FACE ( 'NONE', ( #216 ), #730, .T. ) ;
#1962 = CARTESIAN_POINT ( 'NONE',  ( -1.250000000000000400, 0.1999999999999999800, -0.1300000000000036100 ) ) ;
#1963 = DIRECTION ( 'NONE',  ( 0.0000000000000000000, -1.000000000000000000, -0.0000000000000000000 ) ) ;
#1964 = DIRECTION ( 'NONE',  ( -1.000000000000000000, 0.0000000000000000000, -2.717051215639202600E-015 ) ) ;
#1965 = DIRECTION ( 'NONE',  ( 0.0000000000000000000, 1.000000000000000000, 0.0000000000000000000 ) ) ;
#1966 = DIRECTION ( 'NONE',  ( 1.000000000000000000, 0.0000000000000000000, 3.614007241618352300E-015 ) ) ;
#1967 = ORIENTED_EDGE ( 'NONE', *, *, #5838, .F. ) ;
#1968 = CARTESIAN_POINT ( 'NONE',  ( -1.099999999999998300, 1.000000000000000000, -1.450000000000003500 ) ) ;
#1969 = EDGE_CURVE ( 'NONE', #3210, #5443, #3358, .T. ) ;
#1970 = CARTESIAN_POINT ( 'NONE',  ( 1.249999999999994400, 0.05000000000000000300, 1.750000000000004700 ) ) ;
#1971 = EDGE_CURVE ( 'NONE', #1275, #2279, #4136, .T. ) ;
#1972 = LINE ( 'NONE', #1999, #3036 ) ;
#1973 = AXIS2_PLACEMENT_3D ( 'NONE', #2619, #4065, #1757 ) ;
#1974 = EDGE_LOOP ( 'NONE', ( #3934, #4106, #5807, #5238 ) ) ;
#1975 = PRODUCT ( 'SOT763-1', 'SOT763-1', '', ( #3545 ) ) ;
#1976 = ORIENTED_EDGE ( 'NONE', *, *, #4720, .F. ) ;
#1977 = ORIENTED_EDGE ( 'NONE', *, *, #1896, .T. ) ;
#1978 = DIRECTION ( 'NONE',  ( 0.0000000000000000000, -1.000000000000000000, 0.0000000000000000000 ) ) ;
#1979 = FACE_OUTER_BOUND ( 'NONE', #1626, .T. ) ;
#1980 = EDGE_CURVE ( 'NONE', #1116, #453, #3929, .T. ) ;
#1981 = EDGE_CURVE ( 'NONE', #5474, #1034, #3353, .T. ) ;
#1982 = CARTESIAN_POINT ( 'NONE',  ( -0.9700000000000014200, 0.2000000000000000100, 0.2499999999999973100 ) ) ;
#1983 = CARTESIAN_POINT ( 'NONE',  ( -0.9699999999999963100, 0.2000000000000000100, -1.250000000000002900 ) ) ;
#1984 = CARTESIAN_POINT ( 'NONE',  ( 0.9700000000000049700, 0.2000000000000000100, -1.369999999999996100 ) ) ;
#1985 = CARTESIAN_POINT ( 'NONE',  ( 1.249999999999997300, 0.6664761515876241900, 0.8700000000000048800 ) ) ;
#1986 = ORIENTED_EDGE ( 'NONE', *, *, #4964, .F. ) ;
#1987 = CARTESIAN_POINT ( 'NONE',  ( -0.9700000000000014200, 0.6664761515876241900, 0.2499999999999973100 ) ) ;
#1988 = CARTESIAN_POINT ( 'NONE',  ( -0.1300000000000063300, 0.1999999999999999800, 1.749999999999999300 ) ) ;
#1989 = DIRECTION ( 'NONE',  ( -1.000000000000000000, 0.0000000000000000000, -3.614007241618351500E-015 ) ) ;
#1990 = CARTESIAN_POINT ( 'NONE',  ( 0.1299999999999949000, 0.1999999999999999800, 1.470000000000000000 ) ) ;
#1991 = ORIENTED_EDGE ( 'NONE', *, *, #3627, .F. ) ;
#1992 = ADVANCED_FACE ( 'NONE', ( #286 ), #3452, .F. ) ;
#1993 = EDGE_LOOP ( 'NONE', ( #1223, #5132, #4174, #1689, #5305 ) ) ;
#1994 = LINE ( 'NONE', #2607, #5792 ) ;
#1995 = VERTEX_POINT ( 'NONE', #318 ) ;
#1996 = ORIENTED_EDGE ( 'NONE', *, *, #3923, .F. ) ;
#1997 = LINE ( 'NONE', #1327, #2562 ) ;
#1998 = FILL_AREA_STYLE_COLOUR ( '', #3521 ) ;
#1999 = CARTESIAN_POINT ( 'NONE',  ( -3.532166580330963800E-016, 0.05000000000000000300, 0.1300000000000000000 ) ) ;
#2000 = CARTESIAN_POINT ( 'NONE',  ( 0.9699999999999995300, 0.2000000000000000100, 0.2500000000000037700 ) ) ;
#2001 = PLANE ( 'NONE',  #3351 ) ;
#2002 = ORIENTED_EDGE ( 'NONE', *, *, #1790, .T. ) ;
#2003 = VERTEX_POINT ( 'NONE', #4778 ) ;
#2004 = DIRECTION ( 'NONE',  ( 0.0000000000000000000, -1.000000000000000000, 0.0000000000000000000 ) ) ;
#2005 =( GEOMETRIC_REPRESENTATION_CONTEXT ( 3 ) GLOBAL_UNCERTAINTY_ASSIGNED_CONTEXT ( ( #3401 ) ) GLOBAL_UNIT_ASSIGNED_CONTEXT ( ( #4553, #5019, #4939 ) ) REPRESENTATION_CONTEXT ( 'NONE', 'WORKASPACE' ) );
#2006 = VECTOR ( 'NONE', #2556, 1000.000000000000000 ) ;
#2007 = VECTOR ( 'NONE', #4831, 1000.000000000000000 ) ;
#2008 = CARTESIAN_POINT ( 'NONE',  ( 1.249999999999997300, 0.04999999999999969700, 0.8700000000000048800 ) ) ;
#2009 = DIRECTION ( 'NONE',  ( -3.491481338843133400E-015, 0.0000000000000000000, 1.000000000000000000 ) ) ;
#2010 = CIRCLE ( 'NONE', #4564, 0.1199999999999998300 ) ;
#2011 = DIRECTION ( 'NONE',  ( -1.000000000000000000, 0.0000000000000000000, -3.297873808042150800E-015 ) ) ;
#2012 = EDGE_CURVE ( 'NONE', #326, #3948, #4423, .T. ) ;
#2013 = LINE ( 'NONE', #4780, #3657 ) ;
#2014 = ORIENTED_EDGE ( 'NONE', *, *, #2569, .T. ) ;
#2015 = CARTESIAN_POINT ( 'NONE',  ( 0.9700000000000043000, 0.2000000000000000100, -1.129999999999996300 ) ) ;
#2016 = CYLINDRICAL_SURFACE ( 'NONE', #4116, 0.1199999999999998300 ) ;
#2017 = DIRECTION ( 'NONE',  ( 0.0000000000000000000, -1.000000000000000000, 0.0000000000000000000 ) ) ;
#2018 = AXIS2_PLACEMENT_3D ( 'NONE', #4678, #144, #111 ) ;
#2019 = VECTOR ( 'NONE', #3049, 1000.000000000000000 ) ;
#2020 = VECTOR ( 'NONE', #5513, 1000.000000000000000 ) ;
#2021 = VERTEX_POINT ( 'NONE', #2540 ) ;
#2022 = AXIS2_PLACEMENT_3D ( 'NONE', #796, #4846, #740 ) ;
#2023 = DIRECTION ( 'NONE',  ( -1.000000000000000000, 0.0000000000000000000, -3.491481338843133400E-015 ) ) ;
#2024 = ADVANCED_FACE ( 'NONE', ( #5719 ), #5756, .T. ) ;
#2025 = DIRECTION ( 'NONE',  ( 0.0000000000000000000, 1.000000000000000000, 0.0000000000000000000 ) ) ;
#2026 = PLANE ( 'NONE',  #5613 ) ;
#2027 = VECTOR ( 'NONE', #3183, 1000.000000000000000 ) ;
#2028 = LINE ( 'NONE', #4790, #379 ) ;
#2029 = PLANE ( 'NONE',  #5699 ) ;
#2030 = FACE_OUTER_BOUND ( 'NONE', #4023, .T. ) ;
#2031 = ORIENTED_EDGE ( 'NONE', *, *, #1927, .T. ) ;
#2032 = DIRECTION ( 'NONE',  ( 0.0000000000000000000, -1.000000000000000000, 0.0000000000000000000 ) ) ;
#2033 = VECTOR ( 'NONE', #352, 1000.000000000000000 ) ;
#2034 = CARTESIAN_POINT ( 'NONE',  ( -1.250000000000003100, 0.6664761515876241900, 0.6299999999999966700 ) ) ;
#2035 = VERTEX_POINT ( 'NONE', #3046 ) ;
#2036 = ORIENTED_EDGE ( 'NONE', *, *, #3424, .T. ) ;
#2037 = DIRECTION ( 'NONE',  ( 1.000000000000000000, 0.0000000000000000000, 3.491481338843133400E-015 ) ) ;
#2038 = CARTESIAN_POINT ( 'NONE',  ( 1.250000000000000900, 0.1999999999999999800, -0.1299999999999951200 ) ) ;
#2039 = LINE ( 'NONE', #5489, #5247 ) ;
#2040 = EDGE_LOOP ( 'NONE', ( #4403, #5374, #2756, #786, #1005 ) ) ;
#2041 = PLANE ( 'NONE',  #4616 ) ;
#2042 = VECTOR ( 'NONE', #184, 1000.000000000000000 ) ;
#2043 = EDGE_LOOP ( 'NONE', ( #355, #3291, #203, #5834 ) ) ;
#2044 = EDGE_CURVE ( 'NONE', #4119, #2678, #4845, .T. ) ;
#2045 = CARTESIAN_POINT ( 'NONE',  ( -0.2499999999999948700, 0.0000000000000000000, -1.470000000000000600 ) ) ;
#2046 = DIRECTION ( 'NONE',  ( 3.491481338843133400E-015, 0.0000000000000000000, -1.000000000000000000 ) ) ;
#2047 = CARTESIAN_POINT ( 'NONE',  ( -0.1300000000000054700, 0.6664761515876238600, 1.469999999999999100 ) ) ;
#2048 = ORIENTED_EDGE ( 'NONE', *, *, #3404, .F. ) ;
#2049 = CYLINDRICAL_SURFACE ( 'NONE', #2293, 0.1199999999999998800 ) ;
#2050 = DIRECTION ( 'NONE',  ( -1.000000000000000000, 0.0000000000000000000, -3.491481338843133400E-015 ) ) ;
#2051 = CARTESIAN_POINT ( 'NONE',  ( -0.9699999999999975300, 0.04999999999999999600, -0.8700000000000026600 ) ) ;
#2052 = EDGE_CURVE ( 'NONE', #4053, #5616, #1357, .T. ) ;
#2053 = VERTEX_POINT ( 'NONE', #4798 ) ;
#2054 = DIRECTION ( 'NONE',  ( -3.491481338843133400E-015, 0.0000000000000000000, 1.000000000000000000 ) ) ;
#2055 = EDGE_CURVE ( 'NONE', #4913, #2035, #136, .T. ) ;
#2056 = AXIS2_PLACEMENT_3D ( 'NONE', #2734, #4087, #4542 ) ;
#2057 = ADVANCED_FACE ( 'NONE', ( #5636 ), #4703, .F. ) ;
#2058 = DIRECTION ( 'NONE',  ( 1.000000000000000000, 0.0000000000000000000, 4.265911462047064500E-015 ) ) ;
#2059 = ORIENTED_EDGE ( 'NONE', *, *, #109, .T. ) ;
#2060 = AXIS2_PLACEMENT_3D ( 'NONE', #1393, #418, #5036 ) ;
#2061 = EDGE_CURVE ( 'NONE', #3903, #457, #3791, .T. ) ;
#2062 = EDGE_CURVE ( 'NONE', #312, #1690, #5275, .T. ) ;
#2063 = CARTESIAN_POINT ( 'NONE',  ( -1.250000000000005800, 0.05000000000000000300, 1.749999999999996000 ) ) ;
#2064 = CARTESIAN_POINT ( 'NONE',  ( 0.9700000000000043000, 0.0000000000000000000, -1.129999999999996300 ) ) ;
#2065 = DIRECTION ( 'NONE',  ( 1.000000000000000000, 0.0000000000000000000, 3.614007241618351500E-015 ) ) ;
#2066 = VERTEX_POINT ( 'NONE', #1593 ) ;
#2067 = AXIS2_PLACEMENT_3D ( 'NONE', #2434, #2025, #5168 ) ;
#2068 = ORIENTED_EDGE ( 'NONE', *, *, #679, .T. ) ;
#2069 = CARTESIAN_POINT ( 'NONE',  ( 5.545684900661203800E-016, 0.05000000000000000300, -0.1300000000000004500 ) ) ;
#2070 = ORIENTED_EDGE ( 'NONE', *, *, #3052, .F. ) ;
#2071 = PLANE ( 'NONE',  #5361 ) ;
#2072 = FILL_AREA_STYLE ('',( #195 ) ) ;
#2073 = CARTESIAN_POINT ( 'NONE',  ( -1.249999999999996200, 0.2000000000000000100, -1.370000000000003400 ) ) ;
#2074 = LINE ( 'NONE', #5818, #2417 ) ;
#2075 = CARTESIAN_POINT ( 'NONE',  ( -1.249999999999997800, 0.04999999999999969700, -0.8700000000000033300 ) ) ;
#2076 = ORIENTED_EDGE ( 'NONE', *, *, #4920, .F. ) ;
#2077 = VERTEX_POINT ( 'NONE', #4839 ) ;
#2078 = VECTOR ( 'NONE', #5721, 1000.000000000000000 ) ;
#2079 = ORIENTED_EDGE ( 'NONE', *, *, #1633, .T. ) ;
#2080 = DIRECTION ( 'NONE',  ( -0.0000000000000000000, -1.000000000000000000, 0.0000000000000000000 ) ) ;
#2081 = ADVANCED_FACE ( 'NONE', ( #631 ), #2139, .T. ) ;
#2082 = VECTOR ( 'NONE', #5127, 1000.000000000000000 ) ;
#2083 = LINE ( 'NONE', #2116, #4215 ) ;
#2084 = VERTEX_POINT ( 'NONE', #3053 ) ;
#2085 = CARTESIAN_POINT ( 'NONE',  ( -0.9699999999999984200, 0.2000000000000000100, -0.6300000000000028900 ) ) ;
#2086 = DIRECTION ( 'NONE',  ( -1.000000000000000000, 0.0000000000000000000, -2.891205793294674700E-015 ) ) ;
#2087 = LINE ( 'NONE', #3245, #4860 ) ;
#2088 = EDGE_CURVE ( 'NONE', #3428, #2988, #4989, .T. ) ;
#2089 =( GEOMETRIC_REPRESENTATION_CONTEXT ( 3 ) GLOBAL_UNCERTAINTY_ASSIGNED_CONTEXT ( ( #5073 ) ) GLOBAL_UNIT_ASSIGNED_CONTEXT ( ( #3951, #5907, #1794 ) ) REPRESENTATION_CONTEXT ( 'NONE', 'WORKASPACE' ) );
#2090 = FACE_OUTER_BOUND ( 'NONE', #4532, .T. ) ;
#2091 = DIRECTION ( 'NONE',  ( 1.000000000000000000, 0.0000000000000000000, 3.614007241618351500E-015 ) ) ;
#2092 = FACE_OUTER_BOUND ( 'NONE', #1532, .T. ) ;
#2093 = ORIENTED_EDGE ( 'NONE', *, *, #3198, .F. ) ;
#2094 =( NAMED_UNIT ( * ) PLANE_ANGLE_UNIT ( ) SI_UNIT ( $, .RADIAN. ) );
#2095 = AXIS2_PLACEMENT_3D ( 'NONE', #2187, #3561, #5362 ) ;
#2096 = DIRECTION ( 'NONE',  ( 2.717051215639202200E-015, 0.0000000000000000000, -1.000000000000000000 ) ) ;
#2097 = EDGE_CURVE ( 'NONE', #537, #3478, #353, .T. ) ;
#2098 = VECTOR ( 'NONE', #4061, 1000.000000000000000 ) ;
#2099 = ORIENTED_EDGE ( 'NONE', *, *, #3593, .T. ) ;
#2100 = CARTESIAN_POINT ( 'NONE',  ( 0.9699999999999956400, 0.04999999999999999600, 1.370000000000003900 ) ) ;
#2101 = VECTOR ( 'NONE', #3325, 1000.000000000000000 ) ;
#2102 = CIRCLE ( 'NONE', #5785, 0.1199999999999998800 ) ;
#2103 = VERTEX_POINT ( 'NONE', #5872 ) ;
#2104 = ORIENTED_EDGE ( 'NONE', *, *, #5697, .T. ) ;
#2105 = CARTESIAN_POINT ( 'NONE',  ( 0.9699999999999960900, 0.04999999999999999600, 1.250000000000004000 ) ) ;
#2106 = COLOUR_RGB ( '',0.7921568627450980000, 0.8196078431372548800, 0.9333333333333333500 ) ;
#2107 = AXIS2_PLACEMENT_3D ( 'NONE', #3389, #2484, #5688 ) ;
#2108 = ORIENTED_EDGE ( 'NONE', *, *, #4006, .F. ) ;
#2109 = ORIENTED_EDGE ( 'NONE', *, *, #4345, .F. ) ;
#2110 = DIRECTION ( 'NONE',  ( 0.0000000000000000000, -1.000000000000000000, 0.0000000000000000000 ) ) ;
#2111 = LINE ( 'NONE', #773, #5034 ) ;
#2112 = ADVANCED_FACE ( 'NONE', ( #559 ), #3497, .T. ) ;
#2113 = DIRECTION ( 'NONE',  ( 1.000000000000000000, 0.0000000000000000000, 2.717051215639202200E-015 ) ) ;
#2114 = CARTESIAN_POINT ( 'NONE',  ( -0.9700000000000018600, 0.2000000000000000100, 0.3699999999999971600 ) ) ;
#2115 = VERTEX_POINT ( 'NONE', #3518 ) ;
#2116 = CARTESIAN_POINT ( 'NONE',  ( -0.1299999999999941200, 0.1999999999999999800, -1.750000000000000200 ) ) ;
#2117 = ORIENTED_EDGE ( 'NONE', *, *, #896, .F. ) ;
#2118 = VECTOR ( 'NONE', #5557, 1000.000000000000000 ) ;
#2119 = DIRECTION ( 'NONE',  ( 1.000000000000000000, 0.0000000000000000000, 3.614007241618351500E-015 ) ) ;
#2120 = ORIENTED_EDGE ( 'NONE', *, *, #3995, .F. ) ;
#2121 = ORIENTED_EDGE ( 'NONE', *, *, #1934, .T. ) ;
#2122 = DIRECTION ( 'NONE',  ( 1.000000000000000000, 0.0000000000000000000, 3.491481338843133400E-015 ) ) ;
#2123 = EDGE_CURVE ( 'NONE', #4930, #5560, #915, .T. ) ;
#2124 = DIRECTION ( 'NONE',  ( -3.297873808042150800E-015, 0.0000000000000000000, 1.000000000000000000 ) ) ;
#2125 = FILL_AREA_STYLE ('',( #3922 ) ) ;
#2126 = AXIS2_PLACEMENT_3D ( 'NONE', #1597, #1576, #1989 ) ;
#2127 = CARTESIAN_POINT ( 'NONE',  ( -0.5000000000000032200, 0.05000000000000012800, 0.9999999999999985600 ) ) ;
#2128 = EDGE_CURVE ( 'NONE', #4795, #3903, #4206, .T. ) ;
#2129 = AXIS2_PLACEMENT_3D ( 'NONE', #3413, #5660, #1616 ) ;
#2130 = DIRECTION ( 'NONE',  ( -1.000000000000000000, 0.0000000000000000000, -3.491481338843133400E-015 ) ) ;
#2131 = DIRECTION ( 'NONE',  ( 1.000000000000000000, 0.0000000000000000000, 3.614007241618351500E-015 ) ) ;
#2132 = DIRECTION ( 'NONE',  ( -0.0000000000000000000, -1.000000000000000000, -0.0000000000000000000 ) ) ;
#2133 = DIRECTION ( 'NONE',  ( -0.0000000000000000000, -1.000000000000000000, 0.0000000000000000000 ) ) ;
#2134 = AXIS2_PLACEMENT_3D ( 'NONE', #2280, #3205, #464 ) ;
#2135 = CARTESIAN_POINT ( 'NONE',  ( -0.9700000000000018600, 0.0000000000000000000, 0.3699999999999971600 ) ) ;
#2136 = EDGE_CURVE ( 'NONE', #5775, #793, #5137, .T. ) ;
#2137 = DIRECTION ( 'NONE',  ( -3.491481338843133400E-015, 0.0000000000000000000, 1.000000000000000000 ) ) ;
#2138 = ADVANCED_FACE ( 'NONE', ( #4489 ), #2625, .F. ) ;
#2139 = CYLINDRICAL_SURFACE ( 'NONE', #5530, 0.1199999999999998800 ) ;
#2140 = DIRECTION ( 'NONE',  ( 0.0000000000000000000, 1.000000000000000000, 0.0000000000000000000 ) ) ;
#2141 = EDGE_LOOP ( 'NONE', ( #400, #989, #1625, #248 ) ) ;
#2142 = VERTEX_POINT ( 'NONE', #3572 ) ;
#2143 = EDGE_LOOP ( 'NONE', ( #1224, #3910, #3412, #4455 ) ) ;
#2144 = FACE_OUTER_BOUND ( 'NONE', #3745, .T. ) ;
#2145 = ORIENTED_EDGE ( 'NONE', *, *, #3405, .F. ) ;
#2146 = PRODUCT_DEFINITION_CONTEXT ( 'detailed design', #4399, 'design' ) ;
#2147 = ORIENTED_EDGE ( 'NONE', *, *, #1145, .F. ) ;
#2148 = CARTESIAN_POINT ( 'NONE',  ( -0.9700000000000002000, 0.6664761515876241900, -0.1300000000000028600 ) ) ;
#2149 = CARTESIAN_POINT ( 'NONE',  ( -1.099999999999998300, 1.000000000000000000, -1.450000000000003500 ) ) ;
#2150 = VECTOR ( 'NONE', #1698, 1000.000000000000000 ) ;
#2151 = LINE ( 'NONE', #1114, #3223 ) ;
#2152 = CARTESIAN_POINT ( 'NONE',  ( -3.070267873672299100E-015, 0.05000000000000000300, 1.130000000000000100 ) ) ;
#2153 = CYLINDRICAL_SURFACE ( 'NONE', #5568, 0.1500000000000001900 ) ;
#2154 = EDGE_CURVE ( 'NONE', #3693, #609, #3063, .T. ) ;
#2155 = ORIENTED_EDGE ( 'NONE', *, *, #2766, .F. ) ;
#2156 = DIRECTION ( 'NONE',  ( 0.0000000000000000000, -1.000000000000000000, 0.0000000000000000000 ) ) ;
#2157 = FACE_OUTER_BOUND ( 'NONE', #1342, .T. ) ;
#2158 = DIRECTION ( 'NONE',  ( -1.000000000000000000, 0.0000000000000000000, -3.491481338843133400E-015 ) ) ;
#2159 = EDGE_CURVE ( 'NONE', #3335, #2925, #1575, .T. ) ;
#2160 = VECTOR ( 'NONE', #1375, 1000.000000000000000 ) ;
#2161 = ORIENTED_EDGE ( 'NONE', *, *, #4727, .T. ) ;
#2162 = EDGE_CURVE ( 'NONE', #5304, #1450, #2074, .T. ) ;
#2163 =( NAMED_UNIT ( * ) PLANE_ANGLE_UNIT ( ) SI_UNIT ( $, .RADIAN. ) );
#2164 = DIRECTION ( 'NONE',  ( 0.0000000000000000000, 1.000000000000000000, 0.0000000000000000000 ) ) ;
#2165 = VECTOR ( 'NONE', #4771, 1000.000000000000000 ) ;
#2166 = LINE ( 'NONE', #4173, #5676 ) ;
#2167 = VERTEX_POINT ( 'NONE', #5396 ) ;
#2168 = ADVANCED_FACE ( 'NONE', ( #3139 ), #4351, .T. ) ;
#2169 = DIRECTION ( 'NONE',  ( 0.0000000000000000000, -1.000000000000000000, 0.0000000000000000000 ) ) ;
#2170 = DIRECTION ( 'NONE',  ( -0.0000000000000000000, -1.000000000000000000, 0.0000000000000000000 ) ) ;
#2171 = EDGE_CURVE ( 'NONE', #3756, #2315, #2910, .T. ) ;
#2172 = DIRECTION ( 'NONE',  ( -1.000000000000000000, 0.0000000000000000000, -3.614007241618351500E-015 ) ) ;
#2173 = EDGE_CURVE ( 'NONE', #3913, #1845, #1069, .T. ) ;
#2174 = FACE_OUTER_BOUND ( 'NONE', #1887, .T. ) ;
#2175 = EDGE_LOOP ( 'NONE', ( #1568, #138, #484, #1071 ) ) ;
#2176 = ORIENTED_EDGE ( 'NONE', *, *, #1183, .F. ) ;
#2177 = DIRECTION ( 'NONE',  ( 0.0000000000000000000, -1.000000000000000000, 0.0000000000000000000 ) ) ;
#2178 = VECTOR ( 'NONE', #1599, 1000.000000000000000 ) ;
#2179 = ORIENTED_EDGE ( 'NONE', *, *, #1908, .T. ) ;
#2180 = STYLED_ITEM ( 'NONE', ( #3820 ), #3767 ) ;
#2181 = ORIENTED_EDGE ( 'NONE', *, *, #340, .T. ) ;
#2182 = DIRECTION ( 'NONE',  ( 1.000000000000000000, 0.0000000000000000000, 3.491481338843133400E-015 ) ) ;
#2183 = ORIENTED_EDGE ( 'NONE', *, *, #778, .F. ) ;
#2184 = AXIS2_PLACEMENT_3D ( 'NONE', #4711, #164, #3772 ) ;
#2185 = LINE ( 'NONE', #2508, #4115 ) ;
#2186 = EDGE_LOOP ( 'NONE', ( #3801, #2727, #3838, #5727 ) ) ;
#2187 = CARTESIAN_POINT ( 'NONE',  ( 0.1300000000000061100, 0.6664761515876238600, -1.749999999999999300 ) ) ;
#2188 = CARTESIAN_POINT ( 'NONE',  ( -0.9700000000000049700, 0.2000000000000000100, 1.249999999999997100 ) ) ;
#2189 = DIRECTION ( 'NONE',  ( -1.000000000000000000, 0.0000000000000000000, -2.717051215639202200E-015 ) ) ;
#2190 = CARTESIAN_POINT ( 'NONE',  ( 1.249999999999995800, 0.2000000000000000100, 1.370000000000005000 ) ) ;
#2191 = CARTESIAN_POINT ( 'NONE',  ( -0.3699999999999948300, 0.6664761515876238600, -1.470000000000000900 ) ) ;
#2192 = EDGE_LOOP ( 'NONE', ( #5437, #1058, #5912, #692, #2453 ) ) ;
#2193 = CIRCLE ( 'NONE', #5586, 0.1500000000000001900 ) ;
#2194 = EDGE_LOOP ( 'NONE', ( #3664, #2487, #1583, #3449 ) ) ;
#2195 = VERTEX_POINT ( 'NONE', #4546 ) ;
#2196 = DIRECTION ( 'NONE',  ( -1.000000000000000000, 0.0000000000000000000, -3.614007241618353100E-015 ) ) ;
#2197 = EDGE_CURVE ( 'NONE', #2965, #3841, #1994, .T. ) ;
#2198 = ORIENTED_EDGE ( 'NONE', *, *, #4689, .F. ) ;
#2199 = ADVANCED_FACE ( 'NONE', ( #2557 ), #1928, .T. ) ;
#2200 = MECHANICAL_DESIGN_GEOMETRIC_PRESENTATION_REPRESENTATION (  '', ( #2611 ), #2089 ) ;
#2201 = CARTESIAN_POINT ( 'NONE',  ( -0.9699999999999979700, 0.2000000000000000100, -0.7500000000000027800 ) ) ;
#2202 = ORIENTED_EDGE ( 'NONE', *, *, #3778, .T. ) ;
#2203 = AXIS2_PLACEMENT_3D ( 'NONE', #1703, #3026, #4368 ) ;
#2204 = DIRECTION ( 'NONE',  ( 0.0000000000000000000, 1.000000000000000000, 0.0000000000000000000 ) ) ;
#2205 = CARTESIAN_POINT ( 'NONE',  ( 0.9700000000000025300, 0.2000000000000000100, -0.6299999999999963400 ) ) ;
#2206 = EDGE_CURVE ( 'NONE', #315, #5795, #848, .T. ) ;
#2207 = DIRECTION ( 'NONE',  ( 1.000000000000000000, 0.0000000000000000000, 4.265911462047064500E-015 ) ) ;
#2208 = CARTESIAN_POINT ( 'NONE',  ( 1.249999999999998200, 0.2000000000000000100, 0.6300000000000051100 ) ) ;
#2209 = PLANE ( 'NONE',  #1973 ) ;
#2210 = AXIS2_PLACEMENT_3D ( 'NONE', #2398, #3828, #162 ) ;
#2211 = ORIENTED_EDGE ( 'NONE', *, *, #5841, .T. ) ;
#2212 = VECTOR ( 'NONE', #1098, 1000.000000000000000 ) ;
#2213 = ORIENTED_EDGE ( 'NONE', *, *, #1781, .T. ) ;
#2214 = VERTEX_POINT ( 'NONE', #3819 ) ;
#2215 = ORIENTED_EDGE ( 'NONE', *, *, #3380, .F. ) ;
#2216 = CARTESIAN_POINT ( 'NONE',  ( 0.9699999999999997500, 0.6664761515876241900, 0.1300000000000039500 ) ) ;
#2217 = ORIENTED_EDGE ( 'NONE', *, *, #2492, .T. ) ;
#2218 = CARTESIAN_POINT ( 'NONE',  ( 0.3700000000000058800, 0.04999999999999969700, -1.749999999999998400 ) ) ;
#2219 = VECTOR ( 'NONE', #5498, 1000.000000000000000 ) ;
#2220 = VECTOR ( 'NONE', #41, 1000.000000000000000 ) ;
#2221 = ORIENTED_EDGE ( 'NONE', *, *, #2546, .F. ) ;
#2222 = VECTOR ( 'NONE', #3061, 1000.000000000000000 ) ;
#2223 = DIRECTION ( 'NONE',  ( 1.000000000000000000, 0.0000000000000000000, 4.265911462047064500E-015 ) ) ;
#2224 = CARTESIAN_POINT ( 'NONE',  ( -1.250000000000000400, 0.6664761515876241900, -0.1300000000000036100 ) ) ;
#2225 = ADVANCED_FACE ( 'NONE', ( #772 ), #152, .T. ) ;
#2226 = CARTESIAN_POINT ( 'NONE',  ( -0.9699999999999979700, 0.1999999999999999800, -0.7500000000000027800 ) ) ;
#2227 = DIRECTION ( 'NONE',  ( 0.0000000000000000000, 1.000000000000000000, 0.0000000000000000000 ) ) ;
#2228 = VECTOR ( 'NONE', #4419, 1000.000000000000000 ) ;
#2229 = FACE_OUTER_BOUND ( 'NONE', #5748, .T. ) ;
#2230 = ORIENTED_EDGE ( 'NONE', *, *, #1322, .F. ) ;
#2231 = EDGE_CURVE ( 'NONE', #2315, #5316, #4070, .T. ) ;
#2232 = LINE ( 'NONE', #5584, #1455 ) ;
#2233 = ORIENTED_EDGE ( 'NONE', *, *, #2766, .T. ) ;
#2234 = DIRECTION ( 'NONE',  ( 3.367572519130504400E-015, 0.0000000000000000000, -1.000000000000000000 ) ) ;
#2235 = EDGE_CURVE ( 'NONE', #1228, #4089, #1717, .T. ) ;
#2236 = FACE_OUTER_BOUND ( 'NONE', #2043, .T. ) ;
#2237 = LINE ( 'NONE', #4244, #810 ) ;
#2238 = ORIENTED_EDGE ( 'NONE', *, *, #5606, .T. ) ;
#2239 = VERTEX_POINT ( 'NONE', #4388 ) ;
#2240 = DIRECTION ( 'NONE',  ( -0.0000000000000000000, -1.000000000000000000, 0.0000000000000000000 ) ) ;
#2241 = CARTESIAN_POINT ( 'NONE',  ( -0.9700000000000054100, 0.2000000000000000100, 1.369999999999997000 ) ) ;
#2242 = DIRECTION ( 'NONE',  ( -3.491481338843133400E-015, 0.0000000000000000000, 1.000000000000000000 ) ) ;
#2243 = AXIS2_PLACEMENT_3D ( 'NONE', #3135, #3605, #4057 ) ;
#2244 = DIRECTION ( 'NONE',  ( -1.000000000000000000, 0.0000000000000000000, -3.614007241618351500E-015 ) ) ;
#2245 = DIRECTION ( 'NONE',  ( -0.0000000000000000000, -1.000000000000000000, 0.0000000000000000000 ) ) ;
#2246 = EDGE_LOOP ( 'NONE', ( #3129, #4037 ) ) ;
#2247 = DIRECTION ( 'NONE',  ( 0.0000000000000000000, 1.000000000000000000, 0.0000000000000000000 ) ) ;
#2248 = EDGE_CURVE ( 'NONE', #51, #3726, #3993, .T. ) ;
#2249 = EDGE_CURVE ( 'NONE', #468, #4326, #1856, .T. ) ;
#2250 = FACE_OUTER_BOUND ( 'NONE', #1744, .T. ) ;
#2251 = ORIENTED_EDGE ( 'NONE', *, *, #2884, .F. ) ;
#2252 = ORIENTED_EDGE ( 'NONE', *, *, #5400, .T. ) ;
#2253 = ORIENTED_EDGE ( 'NONE', *, *, #4302, .T. ) ;
#2254 = MANIFOLD_SOLID_BREP ( 'Body-Move/Copy1[7]', #4181 ) ;
#2255 = CARTESIAN_POINT ( 'NONE',  ( -0.9699999999999958700, 0.04999999999999999600, -1.370000000000002800 ) ) ;
#2256 = AXIS2_PLACEMENT_3D ( 'NONE', #3381, #5682, #4710 ) ;
#2257 = CYLINDRICAL_SURFACE ( 'NONE', #830, 0.1199999999999998600 ) ;
#2258 = ORIENTED_EDGE ( 'NONE', *, *, #2052, .T. ) ;
#2259 = CARTESIAN_POINT ( 'NONE',  ( -1.250000000000004400, 0.1999999999999996500, 1.369999999999996300 ) ) ;
#2260 = ORIENTED_EDGE ( 'NONE', *, *, #4042, .F. ) ;
#2261 = STYLED_ITEM ( 'NONE', ( #3669 ), #5890 ) ;
#2262 = CARTESIAN_POINT ( 'NONE',  ( -1.250000000000005800, 0.05000000000000000300, 1.749999999999996000 ) ) ;
#2263 = DIRECTION ( 'NONE',  ( 0.0000000000000000000, -1.000000000000000000, 0.0000000000000000000 ) ) ;
#2264 = DIRECTION ( 'NONE',  ( -1.000000000000000000, 0.0000000000000000000, -4.265911462047064500E-015 ) ) ;
#2265 = EDGE_LOOP ( 'NONE', ( #2048, #4139, #2595, #1172 ) ) ;
#2266 = DIRECTION ( 'NONE',  ( 2.717051215639202200E-015, 0.0000000000000000000, -1.000000000000000000 ) ) ;
#2267 = SURFACE_SIDE_STYLE ('',( #860 ) ) ;
#2268 = CARTESIAN_POINT ( 'NONE',  ( -0.9699999999999963100, 0.2000000000000000100, -1.250000000000002900 ) ) ;
#2269 = EDGE_CURVE ( 'NONE', #887, #3740, #3094, .T. ) ;
#2270 = VERTEX_POINT ( 'NONE', #5294 ) ;
#2271 = PLANE ( 'NONE',  #148 ) ;
#2272 = EDGE_CURVE ( 'NONE', #4704, #2676, #871, .T. ) ;
#2273 = DIRECTION ( 'NONE',  ( 0.0000000000000000000, -1.000000000000000000, 0.0000000000000000000 ) ) ;
#2274 = CARTESIAN_POINT ( 'NONE',  ( -0.1300000000000054700, 0.1999999999999999800, 1.469999999999999100 ) ) ;
#2275 = ORIENTED_EDGE ( 'NONE', *, *, #3788, .F. ) ;
#2276 = VECTOR ( 'NONE', #2643, 1000.000000000000000 ) ;
#2277 = EDGE_CURVE ( 'NONE', #2977, #4418, #666, .T. ) ;
#2278 = CARTESIAN_POINT ( 'NONE',  ( 1.250000000000000000, 0.2000000000000000100, 0.1300000000000051400 ) ) ;
#2279 = VERTEX_POINT ( 'NONE', #2523 ) ;
#2280 = CARTESIAN_POINT ( 'NONE',  ( -1.249999999999996900, 0.6664761515876241900, -1.130000000000003700 ) ) ;
#2281 = ORIENTED_EDGE ( 'NONE', *, *, #3931, .F. ) ;
#2282 = VERTEX_POINT ( 'NONE', #3776 ) ;
#2283 = DIRECTION ( 'NONE',  ( -1.000000000000000000, 0.0000000000000000000, -2.717051215639202600E-015 ) ) ;
#2284 = PLANE ( 'NONE',  #5220 ) ;
#2285 = DIRECTION ( 'NONE',  ( -2.717051215639202200E-015, 0.0000000000000000000, 1.000000000000000000 ) ) ;
#2286 = VECTOR ( 'NONE', #3398, 1000.000000000000000 ) ;
#2287 = CARTESIAN_POINT ( 'NONE',  ( 0.4999999999999967800, 0.0000000000000000000, 1.000000000000002400 ) ) ;
#2288 = ORIENTED_EDGE ( 'NONE', *, *, #3206, .T. ) ;
#2289 = PLANE ( 'NONE',  #4457 ) ;
#2290 = VECTOR ( 'NONE', #865, 1000.000000000000000 ) ;
#2291 = VECTOR ( 'NONE', #1200, 1000.000000000000000 ) ;
#2292 = LINE ( 'NONE', #1066, #1732 ) ;
#2293 = AXIS2_PLACEMENT_3D ( 'NONE', #404, #1305, #5398 ) ;
#2294 = ORIENTED_EDGE ( 'NONE', *, *, #4765, .F. ) ;
#2295 = CYLINDRICAL_SURFACE ( 'NONE', #3654, 0.1199999999999998800 ) ;
#2296 = CARTESIAN_POINT ( 'NONE',  ( -1.250000000000004900, 0.2000000000000000100, 1.129999999999996800 ) ) ;
#2297 = LINE ( 'NONE', #1924, #5814 ) ;
#2298 = ORIENTED_EDGE ( 'NONE', *, *, #5886, .F. ) ;
#2299 = CARTESIAN_POINT ( 'NONE',  ( 0.9700000000000029700, 0.1999999999999999800, -0.7499999999999962300 ) ) ;
#2300 = DIRECTION ( 'NONE',  ( 1.000000000000000000, 0.0000000000000000000, 3.614007241618351500E-015 ) ) ;
#2301 = VECTOR ( 'NONE', #5075, 1000.000000000000000 ) ;
#2302 = LINE ( 'NONE', #2803, #3529 ) ;
#2303 = CARTESIAN_POINT ( 'NONE',  ( 1.250000000000001800, 0.0000000000000000000, -0.3699999999999948300 ) ) ;
#2304 = LINE ( 'NONE', #5485, #5442 ) ;
#2305 = ORIENTED_EDGE ( 'NONE', *, *, #1946, .F. ) ;
#2306 = DIRECTION ( 'NONE',  ( 0.0000000000000000000, -1.000000000000000000, 0.0000000000000000000 ) ) ;
#2307 = VECTOR ( 'NONE', #1638, 1000.000000000000000 ) ;
#2308 = PRESENTATION_STYLE_ASSIGNMENT (( #4188 ) ) ;
#2309 = ORIENTED_EDGE ( 'NONE', *, *, #5610, .T. ) ;
#2310 = CARTESIAN_POINT ( 'NONE',  ( -0.1300000000000063300, 0.04999999999999969700, 1.749999999999999300 ) ) ;
#2311 = ORIENTED_EDGE ( 'NONE', *, *, #2691, .T. ) ;
#2312 = AXIS2_PLACEMENT_3D ( 'NONE', #3067, #1267, #769 ) ;
#2313 = EDGE_CURVE ( 'NONE', #5657, #2400, #2514, .T. ) ;
#2314 = DIRECTION ( 'NONE',  ( 1.000000000000000000, 0.0000000000000000000, 3.491481338843133400E-015 ) ) ;
#2315 = VERTEX_POINT ( 'NONE', #5196 ) ;
#2316 = ORIENTED_EDGE ( 'NONE', *, *, #3273, .F. ) ;
#2317 = ORIENTED_EDGE ( 'NONE', *, *, #2968, .F. ) ;
#2318 = DIRECTION ( 'NONE',  ( 0.0000000000000000000, -1.000000000000000000, 0.0000000000000000000 ) ) ;
#2319 = FILL_AREA_STYLE ('',( #4597 ) ) ;
#2320 = STYLED_ITEM ( 'NONE', ( #1828 ), #3132 ) ;
#2321 = DIRECTION ( 'NONE',  ( 1.000000000000000000, 0.0000000000000000000, 4.265911462047064500E-015 ) ) ;
#2322 = FILL_AREA_STYLE ('',( #465 ) ) ;
#2323 = FACE_OUTER_BOUND ( 'NONE', #471, .T. ) ;
#2324 = DIRECTION ( 'NONE',  ( -1.000000000000000000, 0.0000000000000000000, -3.491481338843133400E-015 ) ) ;
#2325 = ORIENTED_EDGE ( 'NONE', *, *, #4916, .T. ) ;
#2326 = DIRECTION ( 'NONE',  ( -3.491481338843133400E-015, 0.0000000000000000000, 1.000000000000000000 ) ) ;
#2327 = ORIENTED_EDGE ( 'NONE', *, *, #5570, .F. ) ;
#2328 = UNCERTAINTY_MEASURE_WITH_UNIT (LENGTH_MEASURE( 1.000000000000000100E-005 ), #5558, 'distance_accuracy_value', 'NONE');
#2329 = LINE ( 'NONE', #2152, #4906 ) ;
#2330 = ORIENTED_EDGE ( 'NONE', *, *, #1011, .F. ) ;
#2331 = EDGE_LOOP ( 'NONE', ( #3809, #2281, #2068, #4528 ) ) ;
#2332 =( NAMED_UNIT ( * ) SI_UNIT ( $, .STERADIAN. ) SOLID_ANGLE_UNIT ( ) );
#2333 = ORIENTED_EDGE ( 'NONE', *, *, #4218, .F. ) ;
#2334 = DIRECTION ( 'NONE',  ( -3.491481338843133400E-015, 0.0000000000000000000, 1.000000000000000000 ) ) ;
#2335 = CARTESIAN_POINT ( 'NONE',  ( -0.9699999999999993100, 0.2000000000000000100, -0.3700000000000026000 ) ) ;
#2336 = SURFACE_SIDE_STYLE ('',( #3539 ) ) ;
#2337 = PLANE ( 'NONE',  #550 ) ;
#2338 = DIRECTION ( 'NONE',  ( 1.000000000000000000, 0.0000000000000000000, 3.614007241618351500E-015 ) ) ;
#2339 = ORIENTED_EDGE ( 'NONE', *, *, #5737, .T. ) ;
#2340 = DIRECTION ( 'NONE',  ( 1.000000000000000000, 0.0000000000000000000, 2.717051215639202600E-015 ) ) ;
#2341 = EDGE_CURVE ( 'NONE', #5651, #3647, #4947, .T. ) ;
#2342 = DIRECTION ( 'NONE',  ( -0.0000000000000000000, -1.000000000000000000, -0.0000000000000000000 ) ) ;
#2343 = ADVANCED_FACE ( 'NONE', ( #5595 ), #913, .F. ) ;
#2344 = CARTESIAN_POINT ( 'NONE',  ( -0.3699999999999948300, 0.0000000000000000000, -1.470000000000000900 ) ) ;
#2345 = ORIENTED_EDGE ( 'NONE', *, *, #823, .F. ) ;
#2346 = EDGE_CURVE ( 'NONE', #534, #140, #3744, .T. ) ;
#2347 = ORIENTED_EDGE ( 'NONE', *, *, #5124, .F. ) ;
#2348 = DIRECTION ( 'NONE',  ( 0.0000000000000000000, -1.000000000000000000, 0.0000000000000000000 ) ) ;
#2349 = EDGE_CURVE ( 'NONE', #1279, #460, #3164, .T. ) ;
#2350 = VECTOR ( 'NONE', #3678, 1000.000000000000000 ) ;
#2351 = ORIENTED_EDGE ( 'NONE', *, *, #2313, .F. ) ;
#2352 = VERTEX_POINT ( 'NONE', #3661 ) ;
#2353 = CARTESIAN_POINT ( 'NONE',  ( 0.3699999999999994400, 0.05000000000000000300, 1.220213308975593900E-015 ) ) ;
#2354 = EDGE_CURVE ( 'NONE', #5443, #4237, #1312, .T. ) ;
#2355 = VECTOR ( 'NONE', #272, 1000.000000000000000 ) ;
#2356 = CARTESIAN_POINT ( 'NONE',  ( -0.8500000000000015300, 0.6664761515876241900, 0.2499999999999977200 ) ) ;
#2358 = EDGE_CURVE ( 'NONE', #1326, #3355, #2653, .T. ) ;
#2357 = DIRECTION ( 'NONE',  ( 1.000000000000000000, 0.0000000000000000000, 4.265911462047064500E-015 ) ) ;
#2359 = DIRECTION ( 'NONE',  ( -3.491481338843133400E-015, 0.0000000000000000000, 1.000000000000000000 ) ) ;
#2360 = DIRECTION ( 'NONE',  ( -1.000000000000000000, 0.0000000000000000000, -3.614007241618351500E-015 ) ) ;
#2361 = FACE_OUTER_BOUND ( 'NONE', #1650, .T. ) ;
#2362 = FACE_OUTER_BOUND ( 'NONE', #5603, .T. ) ;
#2363 = FACE_OUTER_BOUND ( 'NONE', #4282, .T. ) ;
#2364 = CARTESIAN_POINT ( 'NONE',  ( -1.250000000000004000, 0.6664761515876241900, 0.8699999999999964400 ) ) ;
#2365 = SURFACE_STYLE_FILL_AREA ( #2322 ) ;
#2366 = DIRECTION ( 'NONE',  ( -0.0000000000000000000, -1.000000000000000000, -0.0000000000000000000 ) ) ;
#2367 = AXIS2_PLACEMENT_3D ( 'NONE', #2045, #5232, #2952 ) ;
#2368 = CARTESIAN_POINT ( 'NONE',  ( -0.9699999999999993100, 0.0000000000000000000, -0.3700000000000026000 ) ) ;
#2369 = VECTOR ( 'NONE', #4217, 1000.000000000000000 ) ;
#2370 = VECTOR ( 'NONE', #1641, 1000.000000000000000 ) ;
#2371 = ORIENTED_EDGE ( 'NONE', *, *, #2173, .T. ) ;
#2372 = ADVANCED_FACE ( 'NONE', ( #1886 ), #3602, .F. ) ;
#2373 = DIRECTION ( 'NONE',  ( 0.0000000000000000000, 1.000000000000000000, 0.0000000000000000000 ) ) ;
#2374 = LINE ( 'NONE', #2854, #4735 ) ;
#2375 = FACE_OUTER_BOUND ( 'NONE', #2376, .T. ) ;
#2376 = EDGE_LOOP ( 'NONE', ( #3030, #4751, #4821, #2298, #3501 ) ) ;
#2377 = CARTESIAN_POINT ( 'NONE',  ( 0.1300000000000051400, 0.0000000000000000000, -1.469999999999999100 ) ) ;
#2378 = ADVANCED_FACE ( 'NONE', ( #2375 ), #4977, .T. ) ;
#2379 = DIRECTION ( 'NONE',  ( -1.000000000000000000, 0.0000000000000000000, -3.614007241618352300E-015 ) ) ;
#2380 = VECTOR ( 'NONE', #444, 1000.000000000000000 ) ;
#2381 = CARTESIAN_POINT ( 'NONE',  ( 1.249999999999995800, 0.6664761515876241900, 1.370000000000005000 ) ) ;
#2382 = VECTOR ( 'NONE', #3762, 1000.000000000000000 ) ;
#2383 = ORIENTED_EDGE ( 'NONE', *, *, #3746, .T. ) ;
#2384 = CLOSED_SHELL ( 'NONE', ( #462, #1000, #1872, #2433, #2758, #3059 ) ) ;
#2385 = EDGE_CURVE ( 'NONE', #1843, #4326, #2304, .T. ) ;
#2386 = VECTOR ( 'NONE', #3184, 1000.000000000000000 ) ;
#2387 = EDGE_LOOP ( 'NONE', ( #659, #1719, #1760, #5115 ) ) ;
#2388 = ORIENTED_EDGE ( 'NONE', *, *, #3902, .T. ) ;
#2389 = DIRECTION ( 'NONE',  ( 1.000000000000000000, 0.0000000000000000000, 4.265911462047064500E-015 ) ) ;
#2390 = CIRCLE ( 'NONE', #1336, 0.1199999999999998800 ) ;
#2391 =( GEOMETRIC_REPRESENTATION_CONTEXT ( 3 ) GLOBAL_UNCERTAINTY_ASSIGNED_CONTEXT ( ( #2946 ) ) GLOBAL_UNIT_ASSIGNED_CONTEXT ( ( #623, #3365, #1535 ) ) REPRESENTATION_CONTEXT ( 'NONE', 'WORKASPACE' ) );
#2392 = ORIENTED_EDGE ( 'NONE', *, *, #2206, .T. ) ;
#2393 = EDGE_CURVE ( 'NONE', #979, #1468, #5367, .T. ) ;
#2394 = ORIENTED_EDGE ( 'NONE', *, *, #265, .T. ) ;
#2395 = DIRECTION ( 'NONE',  ( -1.000000000000000000, 0.0000000000000000000, -3.491481338843133400E-015 ) ) ;
#2396 = VECTOR ( 'NONE', #1086, 1000.000000000000000 ) ;
#2397 = EDGE_LOOP ( 'NONE', ( #4888, #2628, #5698, #2966 ) ) ;
#2398 = CARTESIAN_POINT ( 'NONE',  ( 0.9700000000000047500, 0.2000000000000000100, -1.249999999999996200 ) ) ;
#2399 = DIRECTION ( 'NONE',  ( 1.000000000000000000, -0.0000000000000000000, 2.717051215639202600E-015 ) ) ;
#2400 = VERTEX_POINT ( 'NONE', #4100 ) ;
#2401 = CARTESIAN_POINT ( 'NONE',  ( 0.9699999999999995300, 0.2000000000000000100, 0.2500000000000037700 ) ) ;
#2402 = ORIENTED_EDGE ( 'NONE', *, *, #433, .F. ) ;
#2403 = CARTESIAN_POINT ( 'NONE',  ( -0.9699999999999958700, 0.2000000000000000100, -1.370000000000002800 ) ) ;
#2404 = VERTEX_POINT ( 'NONE', #2218 ) ;
#2405 = CARTESIAN_POINT ( 'NONE',  ( 1.250000000000000000, 0.2000000000000000100, 0.1300000000000051400 ) ) ;
#2406 = DIRECTION ( 'NONE',  ( -3.491481338843133400E-015, 0.0000000000000000000, 1.000000000000000000 ) ) ;
#2407 = ORIENTED_EDGE ( 'NONE', *, *, #2998, .F. ) ;
#2408 = CARTESIAN_POINT ( 'NONE',  ( -1.250000000000000400, 0.04999999999999969700, -0.1300000000000036100 ) ) ;
#2409 = CARTESIAN_POINT ( 'NONE',  ( 1.250000000000002700, 0.6664761515876241900, -0.6299999999999951200 ) ) ;
#2410 = CARTESIAN_POINT ( 'NONE',  ( -0.7999999999999980500, 0.9000000000000000200, -1.450000000000002600 ) ) ;
#2411 = CARTESIAN_POINT ( 'NONE',  ( 0.2499999999999946400, 0.6664761515876238600, 1.470000000000000600 ) ) ;
#2412 = CARTESIAN_POINT ( 'NONE',  ( 0.9700000000000011900, 0.0000000000000000000, -0.2499999999999962000 ) ) ;
#2413 = DIRECTION ( 'NONE',  ( 1.000000000000000000, 0.0000000000000000000, 3.491481338843133400E-015 ) ) ;
#2414 = CARTESIAN_POINT ( 'NONE',  ( 0.2499999999999946400, 0.6664761515876238600, 1.470000000000000600 ) ) ;
#2415 = AXIS2_PLACEMENT_3D ( 'NONE', #732, #3898, #1182 ) ;
#2416 = ORIENTED_EDGE ( 'NONE', *, *, #2694, .T. ) ;
#2417 = VECTOR ( 'NONE', #2156, 1000.000000000000000 ) ;
#2418 = PLANE ( 'NONE',  #1766 ) ;
#2419 = VERTEX_POINT ( 'NONE', #3221 ) ;
#2420 = ORIENTED_EDGE ( 'NONE', *, *, #1253, .T. ) ;
#2421 = DIRECTION ( 'NONE',  ( 3.367572519130504400E-015, 0.0000000000000000000, -1.000000000000000000 ) ) ;
#2422 = STYLED_ITEM ( 'NONE', ( #5504 ), #4814 ) ;
#2423 = CARTESIAN_POINT ( 'NONE',  ( 0.9700000000000031900, 0.2000000000000000100, -0.8699999999999961100 ) ) ;
#2424 = CIRCLE ( 'NONE', #3201, 0.1199999999999998800 ) ;
#2425 = EDGE_CURVE ( 'NONE', #1585, #3517, #4592, .T. ) ;
#2427 = VERTEX_POINT ( 'NONE', #2274 ) ;
#2426 = CARTESIAN_POINT ( 'NONE',  ( 0.9699999999999990900, 0.6664761515876241900, 0.3700000000000036600 ) ) ;
#2428 = CIRCLE ( 'NONE', #3199, 0.1199999999999998800 ) ;
#2429 = EDGE_LOOP ( 'NONE', ( #2751, #1500, #2715, #3887, #3435 ) ) ;
#2430 = VECTOR ( 'NONE', #483, 1000.000000000000000 ) ;
#2431 = AXIS2_PLACEMENT_3D ( 'NONE', #2299, #65, #2749 ) ;
#2432 = UNCERTAINTY_MEASURE_WITH_UNIT (LENGTH_MEASURE( 1.000000000000000100E-005 ), #425, 'distance_accuracy_value', 'NONE');
#2433 = ADVANCED_FACE ( 'NONE', ( #4167 ), #1773, .F. ) ;
#2434 = CARTESIAN_POINT ( 'NONE',  ( -0.9700000000000049700, 0.2000000000000000100, 1.249999999999997100 ) ) ;
#2435 = VECTOR ( 'NONE', #2880, 1000.000000000000000 ) ;
#2436 = EDGE_LOOP ( 'NONE', ( #811, #2869, #173, #1068, #1779 ) ) ;
#2438 = EDGE_CURVE ( 'NONE', #5708, #4795, #4738, .T. ) ;
#2437 = DIRECTION ( 'NONE',  ( 1.000000000000000000, 0.0000000000000000000, 3.614007241618352300E-015 ) ) ;
#2439 = DIRECTION ( 'NONE',  ( 0.0000000000000000000, -1.000000000000000000, 0.0000000000000000000 ) ) ;
#2440 = LINE ( 'NONE', #1036, #1078 ) ;
#2441 = CARTESIAN_POINT ( 'NONE',  ( 1.250000000000003600, 0.2000000000000000100, -0.8699999999999948900 ) ) ;
#2442 = DIRECTION ( 'NONE',  ( 0.0000000000000000000, -1.000000000000000000, 0.0000000000000000000 ) ) ;
#2443 = CIRCLE ( 'NONE', #2553, 0.1199999999999998800 ) ;
#2444 = CARTESIAN_POINT ( 'NONE',  ( -0.8499999999999980900, 0.2000000000000000100, -0.7500000000000023300 ) ) ;
#2445 = ORIENTED_EDGE ( 'NONE', *, *, #1908, .F. ) ;
#2446 = CARTESIAN_POINT ( 'NONE',  ( -0.9699999999999997500, 0.0000000000000000000, -0.2500000000000027200 ) ) ;
#2447 = DIRECTION ( 'NONE',  ( 1.000000000000000000, 0.0000000000000000000, 3.491481338843133400E-015 ) ) ;
#2448 = FACE_OUTER_BOUND ( 'NONE', #1295, .T. ) ;
#2449 = CIRCLE ( 'NONE', #1229, 0.1199999999999998800 ) ;
#2450 = ORIENTED_EDGE ( 'NONE', *, *, #285, .T. ) ;
#2451 = CARTESIAN_POINT ( 'NONE',  ( 0.1299999999999949000, 0.05000000000000002400, 1.470000000000000000 ) ) ;
#2452 = LINE ( 'NONE', #518, #1104 ) ;
#2453 = ORIENTED_EDGE ( 'NONE', *, *, #442, .F. ) ;
#2454 = VECTOR ( 'NONE', #4101, 1000.000000000000000 ) ;
#2455 = ORIENTED_EDGE ( 'NONE', *, *, #5652, .F. ) ;
#2456 = EDGE_CURVE ( 'NONE', #3967, #4975, #2796, .T. ) ;
#2457 = CARTESIAN_POINT ( 'NONE',  ( -0.1299999999999950100, 0.6664761515876238600, -1.470000000000000000 ) ) ;
#2458 = VECTOR ( 'NONE', #2680, 1000.000000000000000 ) ;
#2459 = DIRECTION ( 'NONE',  ( -1.000000000000000000, 0.0000000000000000000, -3.367572519130504400E-015 ) ) ;
#2460 = ORIENTED_EDGE ( 'NONE', *, *, #1636, .F. ) ;
#2461 = DIRECTION ( 'NONE',  ( -1.000000000000000000, 0.0000000000000000000, -4.265911462047064500E-015 ) ) ;
#2462 = CARTESIAN_POINT ( 'NONE',  ( -0.9700000000000036400, 0.1999999999999999800, 0.8699999999999972200 ) ) ;
#2463 = DIRECTION ( 'NONE',  ( -1.000000000000000000, 0.0000000000000000000, -3.491481338843133400E-015 ) ) ;
#2464 = EDGE_CURVE ( 'NONE', #2115, #468, #4879, .T. ) ;
#2465 = EDGE_CURVE ( 'NONE', #4463, #3567, #2944, .T. ) ;
#2466 = FACE_OUTER_BOUND ( 'NONE', #2397, .T. ) ;
#2467 = AXIS2_PLACEMENT_3D ( 'NONE', #2838, #5571, #1497 ) ;
#2468 = ADVANCED_FACE ( 'NONE', ( #734 ), #1425, .T. ) ;
#2469 = VERTEX_POINT ( 'NONE', #3612 ) ;
#2470 = DIRECTION ( 'NONE',  ( -3.685088869644115200E-015, 0.0000000000000000000, 1.000000000000000000 ) ) ;
#2471 = ORIENTED_EDGE ( 'NONE', *, *, #3091, .F. ) ;
#2472 = ORIENTED_EDGE ( 'NONE', *, *, #1896, .F. ) ;
#2473 = CARTESIAN_POINT ( 'NONE',  ( 1.250000000000001800, 0.1999999999999999800, -0.3699999999999948300 ) ) ;
#2474 =( GEOMETRIC_REPRESENTATION_CONTEXT ( 3 ) GLOBAL_UNCERTAINTY_ASSIGNED_CONTEXT ( ( #4997 ) ) GLOBAL_UNIT_ASSIGNED_CONTEXT ( ( #3475, #5757, #302 ) ) REPRESENTATION_CONTEXT ( 'NONE', 'WORKASPACE' ) );
#2475 = LINE ( 'NONE', #178, #473 ) ;
#2476 = EDGE_CURVE ( 'NONE', #3467, #315, #3456, .T. ) ;
#2477 = EDGE_CURVE ( 'NONE', #3356, #2077, #5747, .T. ) ;
#2478 = CARTESIAN_POINT ( 'NONE',  ( -1.250000000000005800, 6.301162633521313300, 1.749999999999996000 ) ) ;
#2479 = ORIENTED_EDGE ( 'NONE', *, *, #24, .T. ) ;
#2480 = DIRECTION ( 'NONE',  ( -3.367572519130504400E-015, 0.0000000000000000000, 1.000000000000000000 ) ) ;
#2481 = DIRECTION ( 'NONE',  ( 0.0000000000000000000, -1.000000000000000000, 0.0000000000000000000 ) ) ;
#2482 = ORIENTED_EDGE ( 'NONE', *, *, #3424, .F. ) ;
#2483 = AXIS2_PLACEMENT_3D ( 'NONE', #3420, #4478, #780 ) ;
#2484 = DIRECTION ( 'NONE',  ( 0.0000000000000000000, 1.000000000000000000, 0.0000000000000000000 ) ) ;
#2485 = ORIENTED_EDGE ( 'NONE', *, *, #415, .F. ) ;
#2486 = DIRECTION ( 'NONE',  ( 1.000000000000000000, 0.0000000000000000000, 2.717051215639202200E-015 ) ) ;
#2487 = ORIENTED_EDGE ( 'NONE', *, *, #1548, .F. ) ;
#2488 = CARTESIAN_POINT ( 'NONE',  ( 1.250000000000004400, 0.6664761515876241900, -1.129999999999995200 ) ) ;
#2489 = ADVANCED_FACE ( 'NONE', ( #5884 ), #1920, .F. ) ;
#2490 = FACE_OUTER_BOUND ( 'NONE', #2921, .T. ) ;
#2491 = CARTESIAN_POINT ( 'NONE',  ( -1.250000000000003100, 0.2000000000000000100, 0.6299999999999966700 ) ) ;
#2492 = EDGE_CURVE ( 'NONE', #453, #5799, #2452, .T. ) ;
#2493 = ORIENTED_EDGE ( 'NONE', *, *, #1837, .F. ) ;
#2494 = ORIENTED_EDGE ( 'NONE', *, *, #1100, .T. ) ;
#2495 = MECHANICAL_DESIGN_GEOMETRIC_PRESENTATION_REPRESENTATION (  '', ( #1595 ), #853 ) ;
#2496 = CARTESIAN_POINT ( 'NONE',  ( -0.9699999999999997500, 0.2000000000000000100, -0.2500000000000027200 ) ) ;
#2497 = VECTOR ( 'NONE', #5707, 1000.000000000000000 ) ;
#2498 = ORIENTED_EDGE ( 'NONE', *, *, #1056, .F. ) ;
#2499 = DIRECTION ( 'NONE',  ( 1.000000000000000000, 0.0000000000000000000, 3.614007241618351500E-015 ) ) ;
#2500 = LINE ( 'NONE', #3955, #5804 ) ;
#2501 = EDGE_CURVE ( 'NONE', #4124, #5341, #952, .T. ) ;
#2502 = FACE_OUTER_BOUND ( 'NONE', #2637, .T. ) ;
#2503 = FACE_OUTER_BOUND ( 'NONE', #765, .T. ) ;
#2504 = VECTOR ( 'NONE', #3789, 1000.000000000000000 ) ;
#2505 = UNCERTAINTY_MEASURE_WITH_UNIT (LENGTH_MEASURE( 1.000000000000000100E-005 ), #3885, 'distance_accuracy_value', 'NONE');
#2506 = VECTOR ( 'NONE', #694, 1000.000000000000000 ) ;
#2507 = ORIENTED_EDGE ( 'NONE', *, *, #1827, .T. ) ;
#2508 = CARTESIAN_POINT ( 'NONE',  ( -1.249999999999998700, 0.2000000000000000100, -0.6300000000000035600 ) ) ;
#2509 = CARTESIAN_POINT ( 'NONE',  ( 0.9699999999999960900, 0.2000000000000000100, 1.250000000000004000 ) ) ;
#2510 = DIRECTION ( 'NONE',  ( -1.000000000000000000, 0.0000000000000000000, -3.614007241618352300E-015 ) ) ;
#2511 = LINE ( 'NONE', #3342, #91 ) ;
#2512 = VECTOR ( 'NONE', #2934, 1000.000000000000000 ) ;
#2513 = DIRECTION ( 'NONE',  ( -3.685088869644115200E-015, 0.0000000000000000000, 1.000000000000000000 ) ) ;
#2514 = LINE ( 'NONE', #4213, #3309 ) ;
#2515 = ORIENTED_EDGE ( 'NONE', *, *, #2735, .F. ) ;
#2516 = DIRECTION ( 'NONE',  ( -0.0000000000000000000, -1.000000000000000000, 0.0000000000000000000 ) ) ;
#2517 = LINE ( 'NONE', #5136, #1250 ) ;
#2518 = VERTEX_POINT ( 'NONE', #5531 ) ;
#2519 = CARTESIAN_POINT ( 'NONE',  ( 0.3700000000000058800, 0.6664761515876238600, -1.749999999999998400 ) ) ;
#2520 = ORIENTED_EDGE ( 'NONE', *, *, #5410, .F. ) ;
#2521 = ADVANCED_FACE ( 'NONE', ( #1743 ), #2809, .T. ) ;
#2522 = DIRECTION ( 'NONE',  ( -1.000000000000000000, 0.0000000000000000000, -3.491481338843133400E-015 ) ) ;
#2523 = CARTESIAN_POINT ( 'NONE',  ( -0.8500000000000015300, 0.1999999999999999800, 0.2499999999999977200 ) ) ;
#2524 = CARTESIAN_POINT ( 'NONE',  ( 3.070267873672299100E-015, 0.05000000000000000300, -1.130000000000000100 ) ) ;
#2525 = DIRECTION ( 'NONE',  ( -0.0000000000000000000, -1.000000000000000000, 0.0000000000000000000 ) ) ;
#2526 = VECTOR ( 'NONE', #1775, 1000.000000000000000 ) ;
#2527 = ORIENTED_EDGE ( 'NONE', *, *, #582, .T. ) ;
#2528 = PLANE ( 'NONE',  #3704 ) ;
#2529 = FACE_OUTER_BOUND ( 'NONE', #3482, .T. ) ;
#2530 = EDGE_LOOP ( 'NONE', ( #3034, #919, #3, #1649 ) ) ;
#2531 = EDGE_CURVE ( 'NONE', #5139, #4464, #515, .T. ) ;
#2532 = DIRECTION ( 'NONE',  ( 0.0000000000000000000, 1.000000000000000000, 0.0000000000000000000 ) ) ;
#2533 = CARTESIAN_POINT ( 'NONE',  ( 0.9700000000000008600, 0.2000000000000000100, -0.1299999999999963100 ) ) ;
#2534 = EDGE_LOOP ( 'NONE', ( #194, #5175, #3542, #5534 ) ) ;
#2535 = VECTOR ( 'NONE', #2865, 1000.000000000000000 ) ;
#2536 = ORIENTED_EDGE ( 'NONE', *, *, #4046, .F. ) ;
#2537 = EDGE_CURVE ( 'NONE', #1385, #1467, #30, .T. ) ;
#2538 = CLOSED_SHELL ( 'NONE', ( #968, #2378, #4830, #4198, #3125, #575, #5064 ) ) ;
#2539 = DIRECTION ( 'NONE',  ( 0.0000000000000000000, 1.000000000000000000, 0.0000000000000000000 ) ) ;
#2540 = CARTESIAN_POINT ( 'NONE',  ( 0.3700000000000058800, 0.1999999999999999800, -1.749999999999998400 ) ) ;
#2541 = SURFACE_SIDE_STYLE ('',( #5488 ) ) ;
#2542 = CARTESIAN_POINT ( 'NONE',  ( -0.1299999999999950100, 0.6664761515876238600, -1.470000000000000000 ) ) ;
#2543 = ORIENTED_EDGE ( 'NONE', *, *, #1370, .T. ) ;
#2544 = EDGE_LOOP ( 'NONE', ( #5401, #4670, #1218, #4909 ) ) ;
#2545 = CARTESIAN_POINT ( 'NONE',  ( -0.9699999999999963100, 0.2000000000000000100, -1.250000000000002900 ) ) ;
#2546 = EDGE_CURVE ( 'NONE', #3799, #1623, #2166, .T. ) ;
#2547 = EDGE_CURVE ( 'NONE', #2988, #3178, #1606, .T. ) ;
#2548 = CARTESIAN_POINT ( 'NONE',  ( 0.9700000000000008600, 0.0000000000000000000, -0.1299999999999963100 ) ) ;
#2549 = EDGE_LOOP ( 'NONE', ( #4701, #3422, #2455, #3434 ) ) ;
#2550 = ADVANCED_FACE ( 'NONE', ( #805 ), #5095, .F. ) ;
#2551 = DIRECTION ( 'NONE',  ( -4.265911462047064500E-015, 0.0000000000000000000, 1.000000000000000000 ) ) ;
#2552 = ORIENTED_EDGE ( 'NONE', *, *, #3625, .T. ) ;
#2553 = AXIS2_PLACEMENT_3D ( 'NONE', #3692, #3639, #1420 ) ;
#2554 = ORIENTED_EDGE ( 'NONE', *, *, #4459, .F. ) ;
#2555 = DIRECTION ( 'NONE',  ( 1.000000000000000000, 0.0000000000000000000, 3.614007241618351500E-015 ) ) ;
#2556 = DIRECTION ( 'NONE',  ( 3.491481338843133400E-015, 0.0000000000000000000, -1.000000000000000000 ) ) ;
#2557 = FACE_OUTER_BOUND ( 'NONE', #3462, .T. ) ;
#2558 = DIRECTION ( 'NONE',  ( 3.685088869644115200E-015, 0.0000000000000000000, -1.000000000000000000 ) ) ;
#2559 = CARTESIAN_POINT ( 'NONE',  ( 0.9699999999999963100, 0.2000000000000000100, 1.130000000000004100 ) ) ;
#2560 = ORIENTED_EDGE ( 'NONE', *, *, #5138, .T. ) ;
#2561 = ORIENTED_EDGE ( 'NONE', *, *, #849, .T. ) ;
#2562 = VECTOR ( 'NONE', #4915, 1000.000000000000000 ) ;
#2563 = DIRECTION ( 'NONE',  ( -3.491481338843133400E-015, 0.0000000000000000000, 1.000000000000000000 ) ) ;
#2564 = EDGE_LOOP ( 'NONE', ( #4253, #1325, #2606, #4265 ) ) ;
#2565 = LINE ( 'NONE', #5060, #571 ) ;
#2566 = LINE ( 'NONE', #2190, #5500 ) ;
#2567 = CARTESIAN_POINT ( 'NONE',  ( -0.2499999999999948700, 0.1999999999999999800, -1.470000000000000600 ) ) ;
#2568 = LINE ( 'NONE', #807, #1444 ) ;
#2569 = EDGE_CURVE ( 'NONE', #4335, #2400, #4022, .T. ) ;
#2570 = EDGE_CURVE ( 'NONE', #4899, #2035, #4312, .T. ) ;
#2571 = CARTESIAN_POINT ( 'NONE',  ( 0.0000000000000000000, 0.0000000000000000000, 0.0000000000000000000 ) ) ;
#2572 = LINE ( 'NONE', #3192, #1378 ) ;
#2573 = CARTESIAN_POINT ( 'NONE',  ( -0.9700000000000054100, 0.1999999999999999800, 1.369999999999997000 ) ) ;
#2574 = LINE ( 'NONE', #2899, #1660 ) ;
#2575 = ORIENTED_EDGE ( 'NONE', *, *, #1746, .F. ) ;
#2576 = VECTOR ( 'NONE', #4680, 1000.000000000000000 ) ;
#2577 = ADVANCED_FACE ( 'NONE', ( #4520 ), #3681, .T. ) ;
#2578 = DIRECTION ( 'NONE',  ( 3.491481338843133400E-015, 0.0000000000000000000, -1.000000000000000000 ) ) ;
#2579 = DIRECTION ( 'NONE',  ( -0.0000000000000000000, -1.000000000000000000, -0.0000000000000000000 ) ) ;
#2580 = DIRECTION ( 'NONE',  ( -0.0000000000000000000, -1.000000000000000000, 0.0000000000000000000 ) ) ;
#2581 = DIRECTION ( 'NONE',  ( -1.000000000000000000, 0.0000000000000000000, -4.265911462047064500E-015 ) ) ;
#2582 = EDGE_CURVE ( 'NONE', #3719, #1146, #3585, .T. ) ;
#2583 = DIRECTION ( 'NONE',  ( -1.000000000000000000, 0.0000000000000000000, -3.491481338843133400E-015 ) ) ;
#2584 = LINE ( 'NONE', #4981, #508 ) ;
#2585 = ORIENTED_EDGE ( 'NONE', *, *, #1011, .T. ) ;
#2586 = EDGE_CURVE ( 'NONE', #593, #1279, #1948, .T. ) ;
#2587 = DIRECTION ( 'NONE',  ( 1.000000000000000000, -0.0000000000000000000, 2.717051215639202600E-015 ) ) ;
#2588 = VECTOR ( 'NONE', #555, 1000.000000000000000 ) ;
#2589 = CARTESIAN_POINT ( 'NONE',  ( 0.3699999999999936700, 0.6664761515876238600, 1.750000000000001100 ) ) ;
#2590 = EDGE_LOOP ( 'NONE', ( #3217, #1820, #603, #2183 ) ) ;
#2591 = ORIENTED_EDGE ( 'NONE', *, *, #1131, .F. ) ;
#2592 = CARTESIAN_POINT ( 'NONE',  ( -0.2499999999999948700, 0.1999999999999999800, -1.470000000000000600 ) ) ;
#2593 = VECTOR ( 'NONE', #883, 1000.000000000000000 ) ;
#2594 = AXIS2_PLACEMENT_3D ( 'NONE', #4225, #2373, #3253 ) ;
#2595 = ORIENTED_EDGE ( 'NONE', *, *, #5227, .F. ) ;
#2596 =( NAMED_UNIT ( * ) SI_UNIT ( $, .STERADIAN. ) SOLID_ANGLE_UNIT ( ) );
#2597 = ORIENTED_EDGE ( 'NONE', *, *, #3396, .T. ) ;
#2598 = PLANE ( 'NONE',  #4039 ) ;
#2599 = DIRECTION ( 'NONE',  ( 1.000000000000000000, 0.0000000000000000000, 3.614007241618351500E-015 ) ) ;
#2600 = SURFACE_SIDE_STYLE ('',( #4515 ) ) ;
#2601 = ORIENTED_EDGE ( 'NONE', *, *, #4964, .T. ) ;
#2602 = DIRECTION ( 'NONE',  ( -1.000000000000000000, 0.0000000000000000000, -4.265911462047064500E-015 ) ) ;
#2603 = CYLINDRICAL_SURFACE ( 'NONE', #1367, 0.1199999999999998300 ) ;
#2604 = CARTESIAN_POINT ( 'NONE',  ( -0.4999999999999963400, 0.0000000000000000000, -1.000000000000001600 ) ) ;
#2605 = EDGE_LOOP ( 'NONE', ( #1153, #2155, #3962, #3698, #2471 ) ) ;
#2606 = ORIENTED_EDGE ( 'NONE', *, *, #2723, .T. ) ;
#2607 = CARTESIAN_POINT ( 'NONE',  ( 0.9699999999999997500, 0.2000000000000000100, 0.1300000000000039500 ) ) ;
#2608 = VERTEX_POINT ( 'NONE', #5509 ) ;
#2609 = ADVANCED_FACE ( 'NONE', ( #1726 ), #1081, .F. ) ;
#2610 = FACE_OUTER_BOUND ( 'NONE', #5094, .T. ) ;
#2611 = STYLED_ITEM ( 'NONE', ( #1371 ), #129 ) ;
#2612 = DIRECTION ( 'NONE',  ( 0.0000000000000000000, 1.000000000000000000, 0.0000000000000000000 ) ) ;
#2613 = AXIS2_PLACEMENT_3D ( 'NONE', #2545, #3935, #5762 ) ;
#2614 = DIRECTION ( 'NONE',  ( 1.000000000000000000, 0.0000000000000000000, 3.614007241618351500E-015 ) ) ;
#2615 = EDGE_CURVE ( 'NONE', #5443, #534, #2424, .T. ) ;
#2616 = ORIENTED_EDGE ( 'NONE', *, *, #5400, .F. ) ;
#2617 = AXIS2_PLACEMENT_3D ( 'NONE', #3385, #3444, #2065 ) ;
#2618 = CARTESIAN_POINT ( 'NONE',  ( -0.3700000000000061000, 0.6664761515876238600, 1.749999999999998400 ) ) ;
#2619 = CARTESIAN_POINT ( 'NONE',  ( -1.249999999999997800, 0.6664761515876241900, -0.8700000000000033300 ) ) ;
#2620 = DIRECTION ( 'NONE',  ( -3.491481338843133400E-015, 0.0000000000000000000, 1.000000000000000000 ) ) ;
#2621 = AXIS2_PLACEMENT_3D ( 'NONE', #5244, #5828, #4937 ) ;
#2622 = ORIENTED_EDGE ( 'NONE', *, *, #3781, .F. ) ;
#2623 = ORIENTED_EDGE ( 'NONE', *, *, #328, .T. ) ;
#2624 = DIRECTION ( 'NONE',  ( 1.000000000000000000, 0.0000000000000000000, 3.491481338843133400E-015 ) ) ;
#2625 = PLANE ( 'NONE',  #2655 ) ;
#2626 = CARTESIAN_POINT ( 'NONE',  ( -0.1300000000000005600, 0.05000000000000000300, -4.287235950454814700E-016 ) ) ;
#2627 = DIRECTION ( 'NONE',  ( -1.000000000000000000, 0.0000000000000000000, -3.491481338843133400E-015 ) ) ;
#2628 = ORIENTED_EDGE ( 'NONE', *, *, #4069, .T. ) ;
#2629 = PLANE ( 'NONE',  #2095 ) ;
#2630 = LINE ( 'NONE', #5143, #1434 ) ;
#2631 = CARTESIAN_POINT ( 'NONE',  ( 0.1300000000000051400, 0.6664761515876238600, -1.469999999999999100 ) ) ;
#2632 = ORIENTED_EDGE ( 'NONE', *, *, #1207, .T. ) ;
#2633 = EDGE_LOOP ( 'NONE', ( #2802, #1915, #4470, #2014 ) ) ;
#2634 = ADVANCED_FACE ( 'NONE', ( #2030 ), #3357, .F. ) ;
#2635 = FILL_AREA_STYLE ('',( #3185 ) ) ;
#2636 = CARTESIAN_POINT ( 'NONE',  ( 0.9699999999999995300, 0.0000000000000000000, 0.2500000000000037700 ) ) ;
#2637 = EDGE_LOOP ( 'NONE', ( #1274, #4411, #1193, #3500, #4099 ) ) ;
#2638 = DIRECTION ( 'NONE',  ( -1.000000000000000000, 0.0000000000000000000, -2.891205793294674700E-015 ) ) ;
#2639 = LINE ( 'NONE', #2542, #5869 ) ;
#2640 = EDGE_CURVE ( 'NONE', #3189, #4418, #5735, .T. ) ;
#2641 = CIRCLE ( 'NONE', #746, 0.1199999999999998800 ) ;
#2642 = ORIENTED_EDGE ( 'NONE', *, *, #1358, .T. ) ;
#2644 = CIRCLE ( 'NONE', #708, 0.1199999999999998800 ) ;
#2643 = DIRECTION ( 'NONE',  ( 1.000000000000000000, 0.0000000000000000000, 3.708321773340234200E-015 ) ) ;
#2645 =( NAMED_UNIT ( * ) PLANE_ANGLE_UNIT ( ) SI_UNIT ( $, .RADIAN. ) );
#2646 = CYLINDRICAL_SURFACE ( 'NONE', #5693, 0.1199999999999998800 ) ;
#2647 = EDGE_CURVE ( 'NONE', #537, #4743, #72, .T. ) ;
#2648 = ORIENTED_EDGE ( 'NONE', *, *, #2547, .F. ) ;
#2649 = EDGE_CURVE ( 'NONE', #3178, #1177, #3156, .T. ) ;
#2650 = FACE_OUTER_BOUND ( 'NONE', #4705, .T. ) ;
#2651 = FACE_BOUND ( 'NONE', #1645, .T. ) ;
#2652 = FILL_AREA_STYLE_COLOUR ( '', #5674 ) ;
#2653 = LINE ( 'NONE', #3160, #94 ) ;
#2654 = ORIENTED_EDGE ( 'NONE', *, *, #5570, .T. ) ;
#2655 = AXIS2_PLACEMENT_3D ( 'NONE', #324, #380, #4055 ) ;
#2656 = DIRECTION ( 'NONE',  ( -1.000000000000000000, 0.0000000000000000000, -3.491481338843133400E-015 ) ) ;
#2657 = DIRECTION ( 'NONE',  ( 1.000000000000000000, 0.0000000000000000000, 3.491481338843133400E-015 ) ) ;
#2658 = EDGE_CURVE ( 'NONE', #5281, #4143, #1725, .T. ) ;
#2659 = EDGE_CURVE ( 'NONE', #1813, #2825, #5467, .T. ) ;
#2660 = LINE ( 'NONE', #5312, #2033 ) ;
#2661 = LINE ( 'NONE', #5419, #2382 ) ;
#2662 = ORIENTED_EDGE ( 'NONE', *, *, #4793, .T. ) ;
#2663 = ORIENTED_EDGE ( 'NONE', *, *, #2531, .F. ) ;
#2664 = CARTESIAN_POINT ( 'NONE',  ( -0.8500000000000050800, 0.04999999999999999600, 1.249999999999997600 ) ) ;
#2665 = ORIENTED_EDGE ( 'NONE', *, *, #644, .F. ) ;
#2666 = LINE ( 'NONE', #368, #1897 ) ;
#2667 = ADVANCED_FACE ( 'NONE', ( #2323 ), #4692, .F. ) ;
#2668 = VERTEX_POINT ( 'NONE', #160 ) ;
#2669 = ORIENTED_EDGE ( 'NONE', *, *, #2062, .F. ) ;
#2670 = AXIS2_PLACEMENT_3D ( 'NONE', #3447, #5724, #1094 ) ;
#2671 = CARTESIAN_POINT ( 'NONE',  ( -1.250000000000001300, 0.0000000000000000000, 0.1299999999999966200 ) ) ;
#2672 = ORIENTED_EDGE ( 'NONE', *, *, #1857, .F. ) ;
#2673 =( NAMED_UNIT ( * ) SI_UNIT ( $, .STERADIAN. ) SOLID_ANGLE_UNIT ( ) );
#2674 = LINE ( 'NONE', #5233, #5901 ) ;
#2675 = CARTESIAN_POINT ( 'NONE',  ( 0.1299999999999939300, 0.6664761515876238600, 1.750000000000000200 ) ) ;
#2676 = VERTEX_POINT ( 'NONE', #4753 ) ;
#2677 = CARTESIAN_POINT ( 'NONE',  ( -1.249999999999998700, 0.0000000000000000000, -0.6300000000000035600 ) ) ;
#2678 = VERTEX_POINT ( 'NONE', #2948 ) ;
#2679 = CARTESIAN_POINT ( 'NONE',  ( 0.9699999999999973100, 0.2000000000000000100, 0.8700000000000036600 ) ) ;
#2680 = DIRECTION ( 'NONE',  ( -3.491481338843133400E-015, 0.0000000000000000000, 1.000000000000000000 ) ) ;
#2681 = CARTESIAN_POINT ( 'NONE',  ( -0.9700000000000018600, 0.1999999999999999800, 0.3699999999999971600 ) ) ;
#2682 = DIRECTION ( 'NONE',  ( 1.000000000000000000, 0.0000000000000000000, 3.491481338843133400E-015 ) ) ;
#2683 = LINE ( 'NONE', #4889, #1554 ) ;
#2684 = PLANE ( 'NONE',  #825 ) ;
#2685 = ORIENTED_EDGE ( 'NONE', *, *, #4619, .T. ) ;
#2686 = ORIENTED_EDGE ( 'NONE', *, *, #1646, .F. ) ;
#2687 = DIRECTION ( 'NONE',  ( 0.0000000000000000000, -1.000000000000000000, 0.0000000000000000000 ) ) ;
#2688 = EDGE_CURVE ( 'NONE', #5368, #2764, #3187, .T. ) ;
#2689 = UNCERTAINTY_MEASURE_WITH_UNIT (LENGTH_MEASURE( 1.000000000000000100E-005 ), #3105, 'distance_accuracy_value', 'NONE');
#2690 = DIRECTION ( 'NONE',  ( 1.000000000000000000, 0.0000000000000000000, 4.265911462047064500E-015 ) ) ;
#2691 = EDGE_CURVE ( 'NONE', #4319, #4011, #3254, .T. ) ;
#2692 = ORIENTED_EDGE ( 'NONE', *, *, #4264, .T. ) ;
#2693 = AXIS2_PLACEMENT_3D ( 'NONE', #237, #621, #3427 ) ;
#2694 = EDGE_CURVE ( 'NONE', #821, #887, #3837, .T. ) ;
#2695 = DIRECTION ( 'NONE',  ( 0.0000000000000000000, -1.000000000000000000, -0.0000000000000000000 ) ) ;
#2696 = CARTESIAN_POINT ( 'NONE',  ( -0.9700000000000014200, 0.2000000000000000100, 0.2499999999999973100 ) ) ;
#2697 = ADVANCED_FACE ( 'NONE', ( #3628 ), #4289, .F. ) ;
#2698 = ORIENTED_EDGE ( 'NONE', *, *, #600, .F. ) ;
#2699 = CARTESIAN_POINT ( 'NONE',  ( -0.9699999999999997500, 0.6664761515876241900, -0.2500000000000027200 ) ) ;
#2700 = VECTOR ( 'NONE', #4421, 1000.000000000000000 ) ;
#2701 = ORIENTED_EDGE ( 'NONE', *, *, #223, .F. ) ;
#2702 = EDGE_LOOP ( 'NONE', ( #2743, #613, #479, #5024 ) ) ;
#2703 = EDGE_LOOP ( 'NONE', ( #1307, #2305, #3212, #4260 ) ) ;
#2704 = LINE ( 'NONE', #215, #3650 ) ;
#2705 = DIRECTION ( 'NONE',  ( 1.000000000000000000, 0.0000000000000000000, 3.491481338843133400E-015 ) ) ;
#2706 = VECTOR ( 'NONE', #1316, 1000.000000000000000 ) ;
#2707 = LINE ( 'NONE', #5313, #431 ) ;
#2708 = LINE ( 'NONE', #3344, #4012 ) ;
#2709 = PLANE ( 'NONE',  #5546 ) ;
#2710 = DIRECTION ( 'NONE',  ( 0.0000000000000000000, -1.000000000000000000, 0.0000000000000000000 ) ) ;
#2711 = CARTESIAN_POINT ( 'NONE',  ( 1.249999999999994400, 0.05000000000000000300, 1.750000000000004700 ) ) ;
#2712 = DIRECTION ( 'NONE',  ( -1.000000000000000000, 0.0000000000000000000, -3.614007241618353100E-015 ) ) ;
#2713 = VECTOR ( 'NONE', #1038, 1000.000000000000000 ) ;
#2714 = LINE ( 'NONE', #4764, #306 ) ;
#2715 = ORIENTED_EDGE ( 'NONE', *, *, #3824, .F. ) ;
#2716 = CARTESIAN_POINT ( 'NONE',  ( 1.250000000000005300, 0.6664761515876241900, -1.369999999999995000 ) ) ;
#2717 = VECTOR ( 'NONE', #3831, 1000.000000000000000 ) ;
#2718 = DIRECTION ( 'NONE',  ( -1.000000000000000000, 0.0000000000000000000, -3.614007241618351500E-015 ) ) ;
#2719 = VECTOR ( 'NONE', #3613, 1000.000000000000000 ) ;
#2720 = LINE ( 'NONE', #4416, #5745 ) ;
#2721 = LINE ( 'NONE', #2208, #2860 ) ;
#2722 = ORIENTED_EDGE ( 'NONE', *, *, #2349, .F. ) ;
#2723 = EDGE_CURVE ( 'NONE', #1279, #2797, #2887, .T. ) ;
#2724 = LINE ( 'NONE', #5454, #950 ) ;
#2725 = LINE ( 'NONE', #5551, #5675 ) ;
#2726 = ORIENTED_EDGE ( 'NONE', *, *, #2688, .F. ) ;
#2727 = ORIENTED_EDGE ( 'NONE', *, *, #1209, .T. ) ;
#2728 = AXIS2_PLACEMENT_3D ( 'NONE', #5042, #2771, #4982 ) ;
#2729 = ADVANCED_FACE ( 'NONE', ( #605 ), #2603, .T. ) ;
#2730 = CARTESIAN_POINT ( 'NONE',  ( 0.9700000000000025300, 0.0000000000000000000, -0.6299999999999963400 ) ) ;
#2731 = FACE_OUTER_BOUND ( 'NONE', #116, .T. ) ;
#2732 = DIRECTION ( 'NONE',  ( 0.0000000000000000000, -1.000000000000000000, 0.0000000000000000000 ) ) ;
#2733 = ORIENTED_EDGE ( 'NONE', *, *, #3068, .F. ) ;
#2734 = CARTESIAN_POINT ( 'NONE',  ( -0.9700000000000014200, 0.2000000000000000100, 0.2499999999999973100 ) ) ;
#2735 = EDGE_CURVE ( 'NONE', #3901, #1623, #5614, .T. ) ;
#2736 = VECTOR ( 'NONE', #5357, 1000.000000000000000 ) ;
#2737 = DIRECTION ( 'NONE',  ( 1.000000000000000000, 0.0000000000000000000, 3.491481338843133400E-015 ) ) ;
#2738 = ORIENTED_EDGE ( 'NONE', *, *, #4306, .F. ) ;
#2739 = CARTESIAN_POINT ( 'NONE',  ( -0.9699999999999963100, 0.2000000000000000100, -1.250000000000002900 ) ) ;
#2740 = FACE_OUTER_BOUND ( 'NONE', #888, .T. ) ;
#2741 = ORIENTED_EDGE ( 'NONE', *, *, #4639, .T. ) ;
#2742 = DIRECTION ( 'NONE',  ( -1.000000000000000000, 0.0000000000000000000, -3.491481338843133400E-015 ) ) ;
#2743 = ORIENTED_EDGE ( 'NONE', *, *, #2659, .F. ) ;
#2744 = PLANE ( 'NONE',  #5327 ) ;
#2745 = VERTEX_POINT ( 'NONE', #2862 ) ;
#2746 = CARTESIAN_POINT ( 'NONE',  ( 1.250000000000002700, 0.2000000000000000100, -0.6299999999999951200 ) ) ;
#2747 = VECTOR ( 'NONE', #1356, 1000.000000000000000 ) ;
#2748 =( NAMED_UNIT ( * ) PLANE_ANGLE_UNIT ( ) SI_UNIT ( $, .RADIAN. ) );
#2749 = DIRECTION ( 'NONE',  ( 1.000000000000000000, 0.0000000000000000000, 3.614007241618351500E-015 ) ) ;
#2750 = ADVANCED_FACE ( 'NONE', ( #2740 ), #3340, .F. ) ;
#2751 = ORIENTED_EDGE ( 'NONE', *, *, #4911, .F. ) ;
#2752 = CARTESIAN_POINT ( 'NONE',  ( -1.250000000000005800, 0.05000000000000000300, 1.749999999999996000 ) ) ;
#2753 = CARTESIAN_POINT ( 'NONE',  ( -0.3699999999999938900, 0.1999999999999999800, -1.750000000000001100 ) ) ;
#2754 = EDGE_CURVE ( 'NONE', #1543, #3715, #48, .T. ) ;
#2755 = CARTESIAN_POINT ( 'NONE',  ( 0.3699999999999945000, 0.05000000000000002400, 1.470000000000000900 ) ) ;
#2756 = ORIENTED_EDGE ( 'NONE', *, *, #478, .F. ) ;
#2757 = DIRECTION ( 'NONE',  ( -3.297873808042150800E-015, 0.0000000000000000000, 1.000000000000000000 ) ) ;
#2758 = ADVANCED_FACE ( 'NONE', ( #5318 ), #4394, .F. ) ;
#2759 = CARTESIAN_POINT ( 'NONE',  ( -0.2500000000000053800, 0.0000000000000000000, 1.469999999999998900 ) ) ;
#2760 = EDGE_CURVE ( 'NONE', #3719, #5341, #1692, .T. ) ;
#2761 = EDGE_CURVE ( 'NONE', #5667, #821, #4541, .T. ) ;
#2762 = EDGE_LOOP ( 'NONE', ( #3603, #3720, #4927, #4009 ) ) ;
#2763 = DIRECTION ( 'NONE',  ( 1.000000000000000000, 0.0000000000000000000, 4.265911462047064500E-015 ) ) ;
#2764 = VERTEX_POINT ( 'NONE', #3938 ) ;
#2765 = VECTOR ( 'NONE', #5731, 1000.000000000000000 ) ;
#2766 = EDGE_CURVE ( 'NONE', #2142, #2909, #2185, .T. ) ;
#2768 = EDGE_CURVE ( 'NONE', #2469, #1661, #3687, .T. ) ;
#2767 = CARTESIAN_POINT ( 'NONE',  ( -0.3700000000000051600, 0.6664761515876238600, 1.469999999999998200 ) ) ;
#2769 = ORIENTED_EDGE ( 'NONE', *, *, #4921, .T. ) ;
#2770 = DIRECTION ( 'NONE',  ( 1.000000000000000000, 0.0000000000000000000, 3.614007241618353100E-015 ) ) ;
#2771 = DIRECTION ( 'NONE',  ( 0.0000000000000000000, -1.000000000000000000, 0.0000000000000000000 ) ) ;
#2772 = CIRCLE ( 'NONE', #3861, 0.1199999999999998800 ) ;
#2773 = DIRECTION ( 'NONE',  ( -1.000000000000000000, 0.0000000000000000000, -3.614007241618351500E-015 ) ) ;
#2774 = ORIENTED_EDGE ( 'NONE', *, *, #1853, .T. ) ;
#2775 = EDGE_LOOP ( 'NONE', ( #541, #953, #3157, #4538 ) ) ;
#2776 = DIRECTION ( 'NONE',  ( -1.000000000000000000, 0.0000000000000000000, -5.421010862427530100E-015 ) ) ;
#2777 = AXIS2_PLACEMENT_3D ( 'NONE', #2519, #1199, #4360 ) ;
#2778 = LINE ( 'NONE', #798, #5867 ) ;
#2779 = ADVANCED_FACE ( 'NONE', ( #2466 ), #2528, .F. ) ;
#2780 = EDGE_LOOP ( 'NONE', ( #4593, #1288, #3490, #5270 ) ) ;
#2781 = AXIS2_PLACEMENT_3D ( 'NONE', #4197, #2204, #1809 ) ;
#2782 = VECTOR ( 'NONE', #3725, 1000.000000000000000 ) ;
#2783 = VECTOR ( 'NONE', #949, 1000.000000000000000 ) ;
#2784 = VERTEX_POINT ( 'NONE', #3919 ) ;
#2785 = VECTOR ( 'NONE', #2169, 1000.000000000000000 ) ;
#2786 = DIRECTION ( 'NONE',  ( -3.297873808042150800E-015, 0.0000000000000000000, 1.000000000000000000 ) ) ;
#2787 = LINE ( 'NONE', #5774, #1093 ) ;
#2788 = CARTESIAN_POINT ( 'NONE',  ( -0.8499999999999964300, 0.0000000000000000000, -1.250000000000002400 ) ) ;
#2789 = EDGE_LOOP ( 'NONE', ( #361, #2543, #49, #5580 ) ) ;
#2790 = PLANE ( 'NONE',  #46 ) ;
#2791 = DIRECTION ( 'NONE',  ( -1.000000000000000000, 0.0000000000000000000, -3.491481338843133400E-015 ) ) ;
#2792 = LINE ( 'NONE', #16, #4799 ) ;
#2793 = VECTOR ( 'NONE', #4741, 1000.000000000000000 ) ;
#2794 = CARTESIAN_POINT ( 'NONE',  ( 0.9699999999999960900, 0.1999999999999999800, 1.250000000000004000 ) ) ;
#2795 = EDGE_CURVE ( 'NONE', #579, #720, #3544, .T. ) ;
#2796 = CIRCLE ( 'NONE', #4420, 0.1500000000000001900 ) ;
#2797 = VERTEX_POINT ( 'NONE', #760 ) ;
#2798 = PLANE ( 'NONE',  #2915 ) ;
#2799 = AXIS2_PLACEMENT_3D ( 'NONE', #175, #3369, #3839 ) ;
#2800 = LINE ( 'NONE', #4777, #2307 ) ;
#2801 = VECTOR ( 'NONE', #5203, 1000.000000000000000 ) ;
#2802 = ORIENTED_EDGE ( 'NONE', *, *, #2918, .T. ) ;
#2803 = CARTESIAN_POINT ( 'NONE',  ( 0.4999999999999967800, 2.436067977499790000, 1.000000000000002400 ) ) ;
#2804 = VERTEX_POINT ( 'NONE', #2984 ) ;
#2805 = AXIS2_PLACEMENT_3D ( 'NONE', #2699, #4093, #5896 ) ;
#2806 = EDGE_CURVE ( 'NONE', #269, #1459, #1195, .T. ) ;
#2807 = EDGE_CURVE ( 'NONE', #4418, #4763, #4686, .T. ) ;
#2808 = VECTOR ( 'NONE', #54, 1000.000000000000000 ) ;
#2809 = PLANE ( 'NONE',  #4191 ) ;
#2810 = ORIENTED_EDGE ( 'NONE', *, *, #615, .T. ) ;
#2811 = VERTEX_POINT ( 'NONE', #1147 ) ;
#2812 = SURFACE_SIDE_STYLE ('',( #3172 ) ) ;
#2813 = PLANE ( 'NONE',  #67 ) ;
#2814 = DIRECTION ( 'NONE',  ( -1.000000000000000000, 0.0000000000000000000, -3.491481338843133400E-015 ) ) ;
#2815 = ADVANCED_FACE ( 'NONE', ( #4974 ), #1205, .T. ) ;
#2816 = DIRECTION ( 'NONE',  ( 0.0000000000000000000, 1.000000000000000000, 0.0000000000000000000 ) ) ;
#2817 = VECTOR ( 'NONE', #854, 1000.000000000000000 ) ;
#2818 = EDGE_LOOP ( 'NONE', ( #4824, #341, #5051, #4568 ) ) ;
#2819 = ORIENTED_EDGE ( 'NONE', *, *, #4373, .T. ) ;
#2820 = ORIENTED_EDGE ( 'NONE', *, *, #5147, .T. ) ;
#2821 = LINE ( 'NONE', #3606, #1627 ) ;
#2822 = ADVANCED_FACE ( 'NONE', ( #5836 ), #330, .F. ) ;
#2823 = CARTESIAN_POINT ( 'NONE',  ( -1.250000000000002200, 0.2000000000000000100, 0.3699999999999963900 ) ) ;
#2824 = ORIENTED_EDGE ( 'NONE', *, *, #1513, .F. ) ;
#2825 = VERTEX_POINT ( 'NONE', #2548 ) ;
#2826 =( LENGTH_UNIT ( ) NAMED_UNIT ( * ) SI_UNIT ( .MILLI., .METRE. ) );
#2827 = DIRECTION ( 'NONE',  ( 0.0000000000000000000, -1.000000000000000000, 0.0000000000000000000 ) ) ;
#2828 = CARTESIAN_POINT ( 'NONE',  ( 0.9699999999999973100, 0.04999999999999999600, 0.8700000000000036600 ) ) ;
#2829 = DIRECTION ( 'NONE',  ( -0.0000000000000000000, -1.000000000000000000, -0.0000000000000000000 ) ) ;
#2830 = ORIENTED_EDGE ( 'NONE', *, *, #5853, .F. ) ;
#2831 = ORIENTED_EDGE ( 'NONE', *, *, #893, .F. ) ;
#2832 = EDGE_CURVE ( 'NONE', #3903, #2811, #5692, .T. ) ;
#2833 = ORIENTED_EDGE ( 'NONE', *, *, #2173, .F. ) ;
#2834 = EDGE_CURVE ( 'NONE', #3560, #5204, #5909, .T. ) ;
#2835 = CARTESIAN_POINT ( 'NONE',  ( 1.249999999999998200, 0.04999999999999969700, 0.6300000000000051100 ) ) ;
#2836 = AXIS2_PLACEMENT_3D ( 'NONE', #2401, #1965, #5602 ) ;
#2837 = PRESENTATION_STYLE_ASSIGNMENT (( #278 ) ) ;
#2838 = CARTESIAN_POINT ( 'NONE',  ( -1.250000000000004000, 0.6664761515876241900, 0.8699999999999964400 ) ) ;
#2839 = EDGE_LOOP ( 'NONE', ( #5630, #181, #771, #5078 ) ) ;
#2840 = ORIENTED_EDGE ( 'NONE', *, *, #5915, .F. ) ;
#2841 = DIRECTION ( 'NONE',  ( -1.000000000000000000, 0.0000000000000000000, -3.297873808042150800E-015 ) ) ;
#2842 = ADVANCED_FACE ( 'NONE', ( #824 ), #2041, .F. ) ;
#2843 = DIRECTION ( 'NONE',  ( -1.000000000000000000, 0.0000000000000000000, -4.265911462047064500E-015 ) ) ;
#2844 = EDGE_CURVE ( 'NONE', #1467, #5572, #3974, .T. ) ;
#2845 = CARTESIAN_POINT ( 'NONE',  ( 0.1300000000000051400, 0.6664761515876238600, -1.469999999999999100 ) ) ;
#2846 = EDGE_LOOP ( 'NONE', ( #1499, #1498, #3558, #3175 ) ) ;
#2847 = DIRECTION ( 'NONE',  ( 1.000000000000000000, 0.0000000000000000000, 3.614007241618352300E-015 ) ) ;
#2848 = ORIENTED_EDGE ( 'NONE', *, *, #4186, .F. ) ;
#2849 = CARTESIAN_POINT ( 'NONE',  ( -0.1300000000000054700, 0.6664761515876238600, 1.469999999999999100 ) ) ;
#2850 = FACE_OUTER_BOUND ( 'NONE', #188, .T. ) ;
#2851 = ORIENTED_EDGE ( 'NONE', *, *, #3391, .T. ) ;
#2852 = CARTESIAN_POINT ( 'NONE',  ( -1.250000000000003100, 0.2000000000000000100, 0.6299999999999966700 ) ) ;
#2853 = CIRCLE ( 'NONE', #1713, 0.1199999999999998800 ) ;
#2854 = CARTESIAN_POINT ( 'NONE',  ( 0.5000000000000036600, 0.2000000000000000900, -0.9999999999999978900 ) ) ;
#2855 = LINE ( 'NONE', #5845, #942 ) ;
#2856 = CIRCLE ( 'NONE', #2799, 0.1500000000000001900 ) ;
#2857 = EDGE_LOOP ( 'NONE', ( #1380, #4910, #2317, #2108 ) ) ;
#2858 = CIRCLE ( 'NONE', #434, 0.1199999999999998800 ) ;
#2859 = LINE ( 'NONE', #530, #3956 ) ;
#2860 = VECTOR ( 'NONE', #5388, 1000.000000000000000 ) ;
#2861 = VERTEX_POINT ( 'NONE', #1984 ) ;
#2862 = CARTESIAN_POINT ( 'NONE',  ( -1.250000000000004000, 0.0000000000000000000, 0.8699999999999964400 ) ) ;
#2863 = UNCERTAINTY_MEASURE_WITH_UNIT (LENGTH_MEASURE( 1.000000000000000100E-005 ), #2826, 'distance_accuracy_value', 'NONE');
#2864 = CARTESIAN_POINT ( 'NONE',  ( -0.8500000000000050800, 0.0000000000000000000, 1.249999999999997600 ) ) ;
#2865 = DIRECTION ( 'NONE',  ( 0.0000000000000000000, -1.000000000000000000, 0.0000000000000000000 ) ) ;
#2866 = LINE ( 'NONE', #5634, #5022 ) ;
#2867 = DIRECTION ( 'NONE',  ( 0.0000000000000000000, -1.000000000000000000, 0.0000000000000000000 ) ) ;
#2868 = ORIENTED_EDGE ( 'NONE', *, *, #63, .T. ) ;
#2869 = ORIENTED_EDGE ( 'NONE', *, *, #4032, .F. ) ;
#2870 = CARTESIAN_POINT ( 'NONE',  ( -0.3700000000000061000, 0.1999999999999999800, 1.749999999999998400 ) ) ;
#2871 = EDGE_CURVE ( 'NONE', #3992, #1543, #1410, .T. ) ;
#2872 = VECTOR ( 'NONE', #4854, 1000.000000000000000 ) ;
#2873 = PLANE ( 'NONE',  #3038 ) ;
#2874 = ORIENTED_EDGE ( 'NONE', *, *, #1567, .F. ) ;
#2875 = ORIENTED_EDGE ( 'NONE', *, *, #285, .F. ) ;
#2876 = EDGE_CURVE ( 'NONE', #5069, #4391, #268, .T. ) ;
#2877 =( GEOMETRIC_REPRESENTATION_CONTEXT ( 3 ) GLOBAL_UNCERTAINTY_ASSIGNED_CONTEXT ( ( #2689 ) ) GLOBAL_UNIT_ASSIGNED_CONTEXT ( ( #3105, #1735, #372 ) ) REPRESENTATION_CONTEXT ( 'NONE', 'WORKASPACE' ) );
#2878 = ADVANCED_FACE ( 'NONE', ( #3768 ), #3480, .F. ) ;
#2879 = CARTESIAN_POINT ( 'NONE',  ( -0.9699999999999997500, 0.04999999999999999600, -0.2500000000000027200 ) ) ;
#2880 = DIRECTION ( 'NONE',  ( -1.000000000000000000, 0.0000000000000000000, -2.717051215639202200E-015 ) ) ;
#2881 = VECTOR ( 'NONE', #4295, 1000.000000000000000 ) ;
#2882 = AXIS2_PLACEMENT_3D ( 'NONE', #881, #856, #5452 ) ;
#2883 = VERTEX_POINT ( 'NONE', #1048 ) ;
#2884 = EDGE_CURVE ( 'NONE', #5708, #4926, #5771, .T. ) ;
#2885 = ORIENTED_EDGE ( 'NONE', *, *, #1248, .T. ) ;
#2886 = CARTESIAN_POINT ( 'NONE',  ( 1.249999999999997300, 0.0000000000000000000, 0.8700000000000048800 ) ) ;
#2887 = LINE ( 'NONE', #2488, #4754 ) ;
#2888 = VERTEX_POINT ( 'NONE', #187 ) ;
#2889 = CARTESIAN_POINT ( 'NONE',  ( -0.3700000000000051600, 0.1999999999999999800, 1.469999999999998200 ) ) ;
#2890 = PLANE ( 'NONE',  #4548 ) ;
#2891 = ORIENTED_EDGE ( 'NONE', *, *, #5264, .F. ) ;
#2892 = CARTESIAN_POINT ( 'NONE',  ( 1.250000000000000900, 0.1999999999999999800, -0.1299999999999951200 ) ) ;
#2893 = VERTEX_POINT ( 'NONE', #4272 ) ;
#2894 = VECTOR ( 'NONE', #3543, 1000.000000000000000 ) ;
#2895 = DIRECTION ( 'NONE',  ( 3.491481338843133400E-015, 0.0000000000000000000, -1.000000000000000000 ) ) ;
#2896 = ORIENTED_EDGE ( 'NONE', *, *, #1446, .T. ) ;
#2897 = AXIS2_PLACEMENT_3D ( 'NONE', #3527, #293, #827 ) ;
#2898 = FILL_AREA_STYLE_COLOUR ( '', #1587 ) ;
#2899 = CARTESIAN_POINT ( 'NONE',  ( 1.250000000000005300, 0.1999999999999999800, -1.369999999999995000 ) ) ;
#2900 = ORIENTED_EDGE ( 'NONE', *, *, #3236, .F. ) ;
#2901 = CARTESIAN_POINT ( 'NONE',  ( -0.4999999999999963400, 2.436067977499790000, -1.000000000000001600 ) ) ;
#2902 = DIRECTION ( 'NONE',  ( -0.0000000000000000000, -1.000000000000000000, 0.0000000000000000000 ) ) ;
#2903 = ADVANCED_FACE ( 'NONE', ( #1545 ), #2257, .T. ) ;
#2904 = EDGE_LOOP ( 'NONE', ( #1976, #3218, #1291, #3025 ) ) ;
#2905 = CARTESIAN_POINT ( 'NONE',  ( 0.5000000000000036600, 0.05000000000000000300, -0.9999999999999978900 ) ) ;
#2906 = DIRECTION ( 'NONE',  ( 1.000000000000000000, 0.0000000000000000000, 3.491481338843133400E-015 ) ) ;
#2907 = CARTESIAN_POINT ( 'NONE',  ( -1.249999999999994000, 1.000000000000000000, -1.750000000000004200 ) ) ;
#2908 = AXIS2_PLACEMENT_3D ( 'NONE', #5793, #3954, #1214 ) ;
#2909 = VERTEX_POINT ( 'NONE', #4732 ) ;
#2910 = LINE ( 'NONE', #4912, #1213 ) ;
#2911 = DIRECTION ( 'NONE',  ( 0.0000000000000000000, -1.000000000000000000, 0.0000000000000000000 ) ) ;
#2912 = ORIENTED_EDGE ( 'NONE', *, *, #4842, .F. ) ;
#2913 = CARTESIAN_POINT ( 'NONE',  ( -0.9699999999999966400, 0.1999999999999999800, -1.130000000000003000 ) ) ;
#2914 = DIRECTION ( 'NONE',  ( 0.0000000000000000000, -1.000000000000000000, 0.0000000000000000000 ) ) ;
#2915 = AXIS2_PLACEMENT_3D ( 'NONE', #5086, #992, #2757 ) ;
#2916 = DIRECTION ( 'NONE',  ( 0.0000000000000000000, 1.000000000000000000, 0.0000000000000000000 ) ) ;
#2917 = LINE ( 'NONE', #4205, #1581 ) ;
#2918 = EDGE_CURVE ( 'NONE', #2400, #3256, #1972, .T. ) ;
#2919 = ORIENTED_EDGE ( 'NONE', *, *, #137, .T. ) ;
#2920 = PRESENTATION_LAYER_ASSIGNMENT (  '', '', ( #5809 ) ) ;
#2921 = EDGE_LOOP ( 'NONE', ( #1783, #4229, #964, #4880 ) ) ;
#2922 = SURFACE_STYLE_FILL_AREA ( #2635 ) ;
#2923 = LINE ( 'NONE', #1134, #495 ) ;
#2924 = AXIS2_PLACEMENT_3D ( 'NONE', #3055, #2612, #3116 ) ;
#2925 = VERTEX_POINT ( 'NONE', #3382 ) ;
#2926 = DIRECTION ( 'NONE',  ( 1.000000000000000000, 0.0000000000000000000, 3.491481338843133400E-015 ) ) ;
#2927 = VECTOR ( 'NONE', #972, 1000.000000000000000 ) ;
#2928 = EDGE_LOOP ( 'NONE', ( #4278, #3071, #3379, #917, #387 ) ) ;
#2929 = CARTESIAN_POINT ( 'NONE',  ( 0.2499999999999946400, 0.0000000000000000000, 1.470000000000000600 ) ) ;
#2930 = PLANE ( 'NONE',  #3525 ) ;
#2931 = COLOUR_RGB ( '',0.7921568627450980000, 0.8196078431372548800, 0.9333333333333333500 ) ;
#2932 =( NAMED_UNIT ( * ) PLANE_ANGLE_UNIT ( ) SI_UNIT ( $, .RADIAN. ) );
#2933 = DIRECTION ( 'NONE',  ( -1.000000000000000000, 0.0000000000000000000, -3.614007241618351500E-015 ) ) ;
#2934 = DIRECTION ( 'NONE',  ( -0.0000000000000000000, -1.000000000000000000, 0.0000000000000000000 ) ) ;
#2935 = DIRECTION ( 'NONE',  ( 1.000000000000000000, 0.0000000000000000000, 3.614007241618351500E-015 ) ) ;
#2936 = LINE ( 'NONE', #351, #3004 ) ;
#2937 = VERTEX_POINT ( 'NONE', #3749 ) ;
#2938 = SURFACE_SIDE_STYLE ('',( #3889 ) ) ;
#2939 = ADVANCED_FACE ( 'NONE', ( #1340 ), #1945, .F. ) ;
#2940 = CARTESIAN_POINT ( 'NONE',  ( 0.1299999999999949000, 0.6664761515876238600, 1.470000000000000000 ) ) ;
#2941 = DIRECTION ( 'NONE',  ( 1.000000000000000000, 0.0000000000000000000, 3.614007241618351500E-015 ) ) ;
#2942 = PRESENTATION_STYLE_ASSIGNMENT (( #1503 ) ) ;
#2943 = VECTOR ( 'NONE', #60, 1000.000000000000000 ) ;
#2944 = LINE ( 'NONE', #1829, #1171 ) ;
#2945 = EDGE_LOOP ( 'NONE', ( #2202, #634, #2179, #3978 ) ) ;
#2946 = UNCERTAINTY_MEASURE_WITH_UNIT (LENGTH_MEASURE( 1.000000000000000100E-005 ), #623, 'distance_accuracy_value', 'NONE');
#2947 = VECTOR ( 'NONE', #1487, 1000.000000000000000 ) ;
#2948 = CARTESIAN_POINT ( 'NONE',  ( 0.9700000000000014200, 0.0000000000000000000, -0.3699999999999961100 ) ) ;
#2949 = EDGE_LOOP ( 'NONE', ( #4971, #1494, #624, #712 ) ) ;
#2950 = VERTEX_POINT ( 'NONE', #599 ) ;
#2951 = EDGE_CURVE ( 'NONE', #2053, #4207, #117, .T. ) ;
#2952 = DIRECTION ( 'NONE',  ( 1.000000000000000000, 0.0000000000000000000, 3.491481338843133400E-015 ) ) ;
#2953 = DIRECTION ( 'NONE',  ( 1.000000000000000000, 0.0000000000000000000, 3.491481338843133400E-015 ) ) ;
#2954 = DIRECTION ( 'NONE',  ( -2.717051215639202600E-015, 0.0000000000000000000, 1.000000000000000000 ) ) ;
#2955 = PRESENTATION_STYLE_ASSIGNMENT (( #4576 ) ) ;
#2956 = VERTEX_POINT ( 'NONE', #2828 ) ;
#2957 = ORIENTED_EDGE ( 'NONE', *, *, #5742, .F. ) ;
#2958 = EDGE_CURVE ( 'NONE', #4976, #1696, #1835, .T. ) ;
#2959 = CARTESIAN_POINT ( 'NONE',  ( 0.9700000000000011900, 0.0000000000000000000, -0.2499999999999962000 ) ) ;
#2960 = EDGE_CURVE ( 'NONE', #4236, #4994, #5043, .T. ) ;
#2961 = AXIS2_PLACEMENT_3D ( 'NONE', #12, #2227, #467 ) ;
#2962 = DIRECTION ( 'NONE',  ( -1.000000000000000000, 0.0000000000000000000, -3.614007241618351500E-015 ) ) ;
#2963 = EDGE_LOOP ( 'NONE', ( #3761, #3101, #1179, #5278 ) ) ;
#2964 = CARTESIAN_POINT ( 'NONE',  ( -2.687524221089649600E-015, 0.05000000000000000300, 0.6299999999999997800 ) ) ;
#2965 = VERTEX_POINT ( 'NONE', #108 ) ;
#2966 = ORIENTED_EDGE ( 'NONE', *, *, #1861, .T. ) ;
#2967 = VECTOR ( 'NONE', #1763, 1000.000000000000000 ) ;
#2968 = EDGE_CURVE ( 'NONE', #774, #2797, #3763, .T. ) ;
#2969 = EDGE_CURVE ( 'NONE', #2804, #3712, #4110, .T. ) ;
#2970 = ORIENTED_EDGE ( 'NONE', *, *, #1062, .F. ) ;
#2971 = DIRECTION ( 'NONE',  ( -0.0000000000000000000, -1.000000000000000000, 0.0000000000000000000 ) ) ;
#2972 = ADVANCED_FACE ( 'NONE', ( #112 ), #2026, .F. ) ;
#2973 = CARTESIAN_POINT ( 'NONE',  ( 1.249999999999998200, 0.0000000000000000000, 0.6300000000000051100 ) ) ;
#2974 = CARTESIAN_POINT ( 'NONE',  ( -1.249999999999998700, 0.04999999999999969700, -0.6300000000000035600 ) ) ;
#2975 = MECHANICAL_DESIGN_GEOMETRIC_PRESENTATION_REPRESENTATION (  '', ( #3415 ), #1462 ) ;
#2976 = CARTESIAN_POINT ( 'NONE',  ( 0.9700000000000025300, 0.2000000000000000100, -0.6299999999999963400 ) ) ;
#2977 = VERTEX_POINT ( 'NONE', #5254 ) ;
#2978 =( LENGTH_UNIT ( ) NAMED_UNIT ( * ) SI_UNIT ( .MILLI., .METRE. ) );
#2979 = CARTESIAN_POINT ( 'NONE',  ( -0.3700000000000061000, 0.6664761515876238600, 1.749999999999998400 ) ) ;
#2980 = CARTESIAN_POINT ( 'NONE',  ( -0.9700000000000054100, 0.2000000000000000100, 1.369999999999997000 ) ) ;
#2981 = CARTESIAN_POINT ( 'NONE',  ( -0.9699999999999963100, 0.0000000000000000000, -1.250000000000002900 ) ) ;
#2982 = DIRECTION ( 'NONE',  ( 3.491481338843133400E-015, 0.0000000000000000000, -1.000000000000000000 ) ) ;
#2983 = ORIENTED_EDGE ( 'NONE', *, *, #941, .T. ) ;
#2984 = CARTESIAN_POINT ( 'NONE',  ( 1.249999999999999100, 0.1999999999999999800, 0.3700000000000049400 ) ) ;
#2985 = COLOUR_RGB ( '',0.7921568627450980000, 0.8196078431372548800, 0.9333333333333333500 ) ;
#2986 = DIRECTION ( 'NONE',  ( 2.717051215639202200E-015, 0.0000000000000000000, -1.000000000000000000 ) ) ;
#2987 = EDGE_CURVE ( 'NONE', #5316, #4609, #3623, .T. ) ;
#2988 = VERTEX_POINT ( 'NONE', #2974 ) ;
#2989 = EDGE_LOOP ( 'NONE', ( #5048, #15, #118, #2830 ) ) ;
#2990 = EDGE_CURVE ( 'NONE', #5592, #5342, #4245, .T. ) ;
#2991 = DIRECTION ( 'NONE',  ( 1.000000000000000000, 0.0000000000000000000, 3.614007241618351500E-015 ) ) ;
#2992 = AXIS2_PLACEMENT_3D ( 'NONE', #2496, #1119, #171 ) ;
#2993 = ADVANCED_FACE ( 'NONE', ( #4820 ), #4772, .F. ) ;
#2994 = PLANE ( 'NONE',  #4341 ) ;
#2995 = CARTESIAN_POINT ( 'NONE',  ( 1.250000000000001800, 0.0000000000000000000, -0.3699999999999948300 ) ) ;
#2996 = CARTESIAN_POINT ( 'NONE',  ( -1.250000000000005800, 0.0000000000000000000, 1.369999999999996300 ) ) ;
#2997 = DIRECTION ( 'NONE',  ( 0.0000000000000000000, 1.000000000000000000, 0.0000000000000000000 ) ) ;
#2998 = EDGE_CURVE ( 'NONE', #5717, #283, #2390, .T. ) ;
#2999 = CARTESIAN_POINT ( 'NONE',  ( 2.687524221089652700E-015, 0.05000000000000000300, -0.6300000000000004500 ) ) ;
#3000 = CIRCLE ( 'NONE', #2908, 0.1199999999999998600 ) ;
#3001 = ORIENTED_EDGE ( 'NONE', *, *, #3746, .F. ) ;
#3002 = LINE ( 'NONE', #920, #8 ) ;
#3003 = CARTESIAN_POINT ( 'NONE',  ( -0.8500000000000050800, 0.2000000000000000100, 1.249999999999997600 ) ) ;
#3004 = VECTOR ( 'NONE', #3489, 1000.000000000000000 ) ;
#3005 = LINE ( 'NONE', #2964, #5806 ) ;
#3006 = VERTEX_POINT ( 'NONE', #2085 ) ;
#3008 = LINE ( 'NONE', #1715, #2222 ) ;
#3007 = DIRECTION ( 'NONE',  ( 0.0000000000000000000, -1.000000000000000000, 0.0000000000000000000 ) ) ;
#3009 = CARTESIAN_POINT ( 'NONE',  ( -0.9699999999999963100, 0.2000000000000000100, -1.250000000000002900 ) ) ;
#3010 = VECTOR ( 'NONE', #451, 1000.000000000000000 ) ;
#3011 = ORIENTED_EDGE ( 'NONE', *, *, #3625, .F. ) ;
#3012 =( NAMED_UNIT ( * ) PLANE_ANGLE_UNIT ( ) SI_UNIT ( $, .RADIAN. ) );
#3013 = CARTESIAN_POINT ( 'NONE',  ( 0.9699999999999979700, 0.04999999999999999600, 0.6300000000000038900 ) ) ;
#3014 = VECTOR ( 'NONE', #984, 1000.000000000000000 ) ;
#3015 = CIRCLE ( 'NONE', #5898, 0.1199999999999998800 ) ;
#3016 = DIRECTION ( 'NONE',  ( 1.000000000000000000, 0.0000000000000000000, 2.717051215639202200E-015 ) ) ;
#3017 = ORIENTED_EDGE ( 'NONE', *, *, #4122, .F. ) ;
#3018 = CARTESIAN_POINT ( 'NONE',  ( 0.9700000000000025300, 0.04999999999999999600, -0.6299999999999963400 ) ) ;
#3019 = ORIENTED_EDGE ( 'NONE', *, *, #1018, .F. ) ;
#3020 = CARTESIAN_POINT ( 'NONE',  ( -0.9699999999999963100, 0.2000000000000000100, -1.250000000000002900 ) ) ;
#3021 = DIRECTION ( 'NONE',  ( -3.491481338843133400E-015, 0.0000000000000000000, 1.000000000000000000 ) ) ;
#3022 = DIRECTION ( 'NONE',  ( -0.0000000000000000000, -1.000000000000000000, 0.0000000000000000000 ) ) ;
#3023 = DIRECTION ( 'NONE',  ( 0.0000000000000000000, -1.000000000000000000, -0.0000000000000000000 ) ) ;
#3024 = ORIENTED_EDGE ( 'NONE', *, *, #4682, .F. ) ;
#3025 = ORIENTED_EDGE ( 'NONE', *, *, #717, .T. ) ;
#3026 = DIRECTION ( 'NONE',  ( -0.0000000000000000000, -1.000000000000000000, -0.0000000000000000000 ) ) ;
#3027 = DIRECTION ( 'NONE',  ( 0.0000000000000000000, -1.000000000000000000, 0.0000000000000000000 ) ) ;
#3028 = LINE ( 'NONE', #3847, #5114 ) ;
#3029 = ADVANCED_FACE ( 'NONE', ( #2250 ), #1570, .F. ) ;
#3030 = ORIENTED_EDGE ( 'NONE', *, *, #4985, .F. ) ;
#3031 = AXIS2_PLACEMENT_3D ( 'NONE', #4747, #1624, #2470 ) ;
#3032 = CARTESIAN_POINT ( 'NONE',  ( -0.4999999999999963400, 0.2000000000000000900, -1.000000000000001600 ) ) ;
#3033 = DIRECTION ( 'NONE',  ( 1.000000000000000000, -0.0000000000000000000, 2.717051215639202600E-015 ) ) ;
#3034 = ORIENTED_EDGE ( 'NONE', *, *, #1980, .T. ) ;
#3035 = CARTESIAN_POINT ( 'NONE',  ( 0.9700000000000008600, 0.1999999999999999800, -0.1299999999999963100 ) ) ;
#3036 = VECTOR ( 'NONE', #1525, 1000.000000000000000 ) ;
#3037 = DIRECTION ( 'NONE',  ( 0.0000000000000000000, 0.0000000000000000000, 1.000000000000000000 ) ) ;
#3038 = AXIS2_PLACEMENT_3D ( 'NONE', #549, #149, #3758 ) ;
#3039 = ORIENTED_EDGE ( 'NONE', *, *, #3510, .T. ) ;
#3040 = DIRECTION ( 'NONE',  ( -1.000000000000000000, 0.0000000000000000000, -3.708321773340234200E-015 ) ) ;
#3041 = EDGE_CURVE ( 'NONE', #3140, #3799, #2674, .T. ) ;
#3042 = ORIENTED_EDGE ( 'NONE', *, *, #1029, .F. ) ;
#3043 = DIRECTION ( 'NONE',  ( -2.717051215639202200E-015, 0.0000000000000000000, 1.000000000000000000 ) ) ;
#3044 = ORIENTED_EDGE ( 'NONE', *, *, #3391, .F. ) ;
#3045 = DIRECTION ( 'NONE',  ( 1.000000000000000000, 0.0000000000000000000, 3.491481338843133400E-015 ) ) ;
#3046 = CARTESIAN_POINT ( 'NONE',  ( -0.9699999999999966400, 0.0000000000000000000, -1.130000000000003000 ) ) ;
#3047 = LINE ( 'NONE', #3451, #540 ) ;
#3048 = CARTESIAN_POINT ( 'NONE',  ( 1.250000000000005300, 0.1999999999999999800, -1.369999999999995000 ) ) ;
#3049 = DIRECTION ( 'NONE',  ( -1.000000000000000000, 0.0000000000000000000, -2.717051215639202600E-015 ) ) ;
#3050 = ORIENTED_EDGE ( 'NONE', *, *, #478, .T. ) ;
#3051 = CARTESIAN_POINT ( 'NONE',  ( -1.249999999999996900, 0.0000000000000000000, -1.130000000000003700 ) ) ;
#3052 = EDGE_CURVE ( 'NONE', #974, #1917, #3028, .T. ) ;
#3053 = CARTESIAN_POINT ( 'NONE',  ( 1.250000000000005300, 0.04999999999999999600, -1.369999999999995000 ) ) ;
#3054 = ORIENTED_EDGE ( 'NONE', *, *, #2162, .T. ) ;
#3055 = CARTESIAN_POINT ( 'NONE',  ( -0.9499999999999981800, 0.9000000000000000200, -1.450000000000003100 ) ) ;
#3056 = APPLICATION_CONTEXT ( 'automotive_design' ) ;
#3057 = EDGE_LOOP ( 'NONE', ( #3932, #3832, #5212, #1800, #2831 ) ) ;
#3058 = SURFACE_STYLE_USAGE ( .BOTH. , #748 ) ;
#3059 = ADVANCED_FACE ( 'NONE', ( #1688 ), #3908, .T. ) ;
#3060 = PLANE ( 'NONE',  #3313 ) ;
#3061 = DIRECTION ( 'NONE',  ( -1.000000000000000000, 0.0000000000000000000, -2.717051215639202200E-015 ) ) ;
#3062 = ORIENTED_EDGE ( 'NONE', *, *, #511, .F. ) ;
#3063 = LINE ( 'NONE', #3990, #5205 ) ;
#3064 = PLANE ( 'NONE',  #474 ) ;
#3065 = CARTESIAN_POINT ( 'NONE',  ( 0.1299999999999939300, 0.1999999999999999800, 1.750000000000000200 ) ) ;
#3066 = ORIENTED_EDGE ( 'NONE', *, *, #1646, .T. ) ;
#3067 = CARTESIAN_POINT ( 'NONE',  ( -0.3700000000000051600, 0.6664761515876238600, 1.469999999999998200 ) ) ;
#3068 = EDGE_CURVE ( 'NONE', #3878, #4763, #5382, .T. ) ;
#3069 = VECTOR ( 'NONE', #5588, 1000.000000000000000 ) ;
#3070 = CARTESIAN_POINT ( 'NONE',  ( -0.9499999999999981800, 0.9000000000000000200, -1.450000000000003100 ) ) ;
#3071 = ORIENTED_EDGE ( 'NONE', *, *, #90, .F. ) ;
#3072 = ORIENTED_EDGE ( 'NONE', *, *, #5142, .T. ) ;
#3073 = EDGE_LOOP ( 'NONE', ( #4241, #4676, #3039, #5265 ) ) ;
#3074 = LINE ( 'NONE', #766, #572 ) ;
#3075 = EDGE_CURVE ( 'NONE', #4011, #3457, #3328, .T. ) ;
#3076 = VERTEX_POINT ( 'NONE', #5683 ) ;
#3077 = DIRECTION ( 'NONE',  ( -0.0000000000000000000, -1.000000000000000000, 0.0000000000000000000 ) ) ;
#3078 = EDGE_CURVE ( 'NONE', #2270, #5799, #1541, .T. ) ;
#3079 = STYLED_ITEM ( 'NONE', ( #937 ), #1204 ) ;
#3080 = SURFACE_STYLE_FILL_AREA ( #3293 ) ;
#3081 = CARTESIAN_POINT ( 'NONE',  ( -0.8499999999999980900, 0.2000000000000000100, -0.7500000000000023300 ) ) ;
#3082 = VECTOR ( 'NONE', #5716, 1000.000000000000000 ) ;
#3083 = ORIENTED_EDGE ( 'NONE', *, *, #2136, .T. ) ;
#3084 = FACE_OUTER_BOUND ( 'NONE', #1077, .T. ) ;
#3085 = AXIS2_PLACEMENT_3D ( 'NONE', #3952, #5715, #241 ) ;
#3086 = PLANE ( 'NONE',  #977 ) ;
#3087 = FILL_AREA_STYLE ('',( #5348 ) ) ;
#3088 = EDGE_CURVE ( 'NONE', #421, #1792, #5461, .T. ) ;
#3089 = LINE ( 'NONE', #788, #3806 ) ;
#3090 = ORIENTED_EDGE ( 'NONE', *, *, #3312, .F. ) ;
#3091 = EDGE_CURVE ( 'NONE', #3006, #4409, #1470, .T. ) ;
#3092 = CARTESIAN_POINT ( 'NONE',  ( -0.9499999999999981800, 0.9000000000000000200, -1.450000000000003100 ) ) ;
#3093 = CARTESIAN_POINT ( 'NONE',  ( -0.9699999999999979700, 0.6664761515876241900, -0.7500000000000027800 ) ) ;
#3094 = LINE ( 'NONE', #2996, #5093 ) ;
#3095 = EDGE_LOOP ( 'NONE', ( #3939, #1899, #2983, #4437 ) ) ;
#3096 = ADVANCED_FACE ( 'NONE', ( #5250 ), #1665, .T. ) ;
#3097 = CARTESIAN_POINT ( 'NONE',  ( 1.249999999999994400, 6.301162633521313300, 1.750000000000004700 ) ) ;
#3098 = CARTESIAN_POINT ( 'NONE',  ( -0.3700000000000061000, 0.04999999999999969700, 1.749999999999998400 ) ) ;
#3099 = VECTOR ( 'NONE', #2242, 1000.000000000000000 ) ;
#3100 = EDGE_LOOP ( 'NONE', ( #211, #5159, #428, #2416 ) ) ;
#3101 = ORIENTED_EDGE ( 'NONE', *, *, #1433, .F. ) ;
#3102 = DIRECTION ( 'NONE',  ( 0.0000000000000000000, -1.000000000000000000, 0.0000000000000000000 ) ) ;
#3103 = FILL_AREA_STYLE ('',( #5847 ) ) ;
#3104 = DIRECTION ( 'NONE',  ( -0.0000000000000000000, -1.000000000000000000, -0.0000000000000000000 ) ) ;
#3105 =( LENGTH_UNIT ( ) NAMED_UNIT ( * ) SI_UNIT ( .MILLI., .METRE. ) );
#3106 = ORIENTED_EDGE ( 'NONE', *, *, #2235, .F. ) ;
#3107 = PLANE ( 'NONE',  #4721 ) ;
#3108 = ORIENTED_EDGE ( 'NONE', *, *, #928, .F. ) ;
#3109 = VECTOR ( 'NONE', #4951, 1000.000000000000000 ) ;
#3110 = DIRECTION ( 'NONE',  ( 0.0000000000000000000, 1.000000000000000000, 0.0000000000000000000 ) ) ;
#3111 = ORIENTED_EDGE ( 'NONE', *, *, #5562, .T. ) ;
#3112 = CARTESIAN_POINT ( 'NONE',  ( -1.249999999999996200, 0.2000000000000000100, -1.370000000000003400 ) ) ;
#3113 = EDGE_CURVE ( 'NONE', #655, #5393, #3470, .T. ) ;
#3114 = ORIENTED_EDGE ( 'NONE', *, *, #2235, .T. ) ;
#3115 = FACE_OUTER_BOUND ( 'NONE', #139, .T. ) ;
#3116 = DIRECTION ( 'NONE',  ( -1.000000000000000000, 0.0000000000000000000, -3.491481338843133400E-015 ) ) ;
#3117 = CARTESIAN_POINT ( 'NONE',  ( -0.1300000000000063300, 0.1999999999999999800, 1.749999999999999300 ) ) ;
#3118 = EDGE_LOOP ( 'NONE', ( #2294, #640, #2507, #2325 ) ) ;
#3119 = ORIENTED_EDGE ( 'NONE', *, *, #5395, .T. ) ;
#3120 = AXIS2_PLACEMENT_3D ( 'NONE', #4467, #4944, #1798 ) ;
#3121 = CARTESIAN_POINT ( 'NONE',  ( 0.5000000000000036600, 0.2000000000000000900, -0.9999999999999978900 ) ) ;
#3122 = EDGE_CURVE ( 'NONE', #1661, #4966, #325, .T. ) ;
#3124 = EDGE_CURVE ( 'NONE', #686, #2282, #2111, .T. ) ;
#3123 = DIRECTION ( 'NONE',  ( -3.367572519130504400E-015, 0.0000000000000000000, 1.000000000000000000 ) ) ;
#3125 = ADVANCED_FACE ( 'NONE', ( #2529 ), #5763, .T. ) ;
#3126 = PLANE ( 'NONE',  #670 ) ;
#3127 = CARTESIAN_POINT ( 'NONE',  ( 0.1300000000000061100, 0.6664761515876238600, -1.749999999999999300 ) ) ;
#3128 = AXIS2_PLACEMENT_3D ( 'NONE', #4596, #5122, #4677 ) ;
#3129 = ORIENTED_EDGE ( 'NONE', *, *, #4946, .T. ) ;
#3130 = DIRECTION ( 'NONE',  ( -0.0000000000000000000, -1.000000000000000000, 0.0000000000000000000 ) ) ;
#3131 = DIRECTION ( 'NONE',  ( 0.0000000000000000000, 1.000000000000000000, 0.0000000000000000000 ) ) ;
#3132 = MANIFOLD_SOLID_BREP ( 'Body-Move/Copy1[12]', #5423 ) ;
#3133 = ORIENTED_EDGE ( 'NONE', *, *, #1761, .T. ) ;
#3134 = ORIENTED_EDGE ( 'NONE', *, *, #340, .F. ) ;
#3135 = CARTESIAN_POINT ( 'NONE',  ( 0.9700000000000047500, 0.1999999999999999800, -1.249999999999996200 ) ) ;
#3136 = ORIENTED_EDGE ( 'NONE', *, *, #2834, .F. ) ;
#3137 = DIRECTION ( 'NONE',  ( 3.491481338843133400E-015, 0.0000000000000000000, -1.000000000000000000 ) ) ;
#3138 = CARTESIAN_POINT ( 'NONE',  ( -0.9700000000000036400, 0.2000000000000000100, 0.8699999999999972200 ) ) ;
#3139 = FACE_OUTER_BOUND ( 'NONE', #3875, .T. ) ;
#3140 = VERTEX_POINT ( 'NONE', #4914 ) ;
#3141 = DIRECTION ( 'NONE',  ( 1.000000000000000000, 0.0000000000000000000, 3.491481338843133400E-015 ) ) ;
#3142 = ORIENTED_EDGE ( 'NONE', *, *, #4189, .T. ) ;
#3143 = CARTESIAN_POINT ( 'NONE',  ( 1.249999999999998200, 0.2000000000000000100, 0.6300000000000051100 ) ) ;
#3144 = EDGE_LOOP ( 'NONE', ( #3795, #3042, #5337, #1344 ) ) ;
#3145 = CARTESIAN_POINT ( 'NONE',  ( -0.8500000000000015300, 0.04999999999999999600, 0.2499999999999977200 ) ) ;
#3146 = CARTESIAN_POINT ( 'NONE',  ( -0.9699999999999979700, 0.0000000000000000000, -0.7500000000000027800 ) ) ;
#3147 = DIRECTION ( 'NONE',  ( -1.000000000000000000, 0.0000000000000000000, -3.614007241618351500E-015 ) ) ;
#3148 = PRESENTATION_STYLE_ASSIGNMENT (( #251 ) ) ;
#3149 = ORIENTED_EDGE ( 'NONE', *, *, #130, .F. ) ;
#3150 = DIRECTION ( 'NONE',  ( -3.491481338843133400E-015, 0.0000000000000000000, 1.000000000000000000 ) ) ;
#3151 = EDGE_CURVE ( 'NONE', #2419, #1882, #1042, .T. ) ;
#3152 = COLOUR_RGB ( '',0.7921568627450980000, 0.8196078431372548800, 0.9333333333333333500 ) ;
#3153 = ADVANCED_FACE ( 'NONE', ( #749 ), #1706, .T. ) ;
#3154 = CIRCLE ( 'NONE', #2126, 0.1199999999999998800 ) ;
#3155 = EDGE_CURVE ( 'NONE', #4864, #2021, #1762, .T. ) ;
#3156 = LINE ( 'NONE', #1129, #3586 ) ;
#3157 = ORIENTED_EDGE ( 'NONE', *, *, #4720, .T. ) ;
#3158 = FACE_OUTER_BOUND ( 'NONE', #4371, .T. ) ;
#3159 = AXIS2_PLACEMENT_3D ( 'NONE', #346, #2986, #288 ) ;
#3160 = CARTESIAN_POINT ( 'NONE',  ( 0.1300000000000051400, 0.1999999999999999800, -1.469999999999999100 ) ) ;
#3161 = CARTESIAN_POINT ( 'NONE',  ( 0.0000000000000000000, 0.05000000000000000300, 0.0000000000000000000 ) ) ;
#3162 = SURFACE_STYLE_FILL_AREA ( #801 ) ;
#3163 = DIRECTION ( 'NONE',  ( 0.0000000000000000000, -1.000000000000000000, 0.0000000000000000000 ) ) ;
#3164 = LINE ( 'NONE', #3387, #2098 ) ;
#3165 = VERTEX_POINT ( 'NONE', #3032 ) ;
#3166 = CARTESIAN_POINT ( 'NONE',  ( -0.1299999999999941200, 0.1999999999999999800, -1.750000000000000200 ) ) ;
#3167 = AXIS2_PLACEMENT_3D ( 'NONE', #3143, #3563, #410 ) ;
#3168 = CARTESIAN_POINT ( 'NONE',  ( 0.1300000000000051400, 0.6664761515876238600, -1.469999999999999100 ) ) ;
#3169 = CARTESIAN_POINT ( 'NONE',  ( -0.9700000000000031900, 0.6664761515876241900, 0.7499999999999973400 ) ) ;
#3170 = DIRECTION ( 'NONE',  ( 0.0000000000000000000, 1.000000000000000000, 0.0000000000000000000 ) ) ;
#3171 = EDGE_CURVE ( 'NONE', #1332, #5596, #5540, .T. ) ;
#3172 = SURFACE_STYLE_FILL_AREA ( #5577 ) ;
#3173 = VECTOR ( 'NONE', #1978, 1000.000000000000000 ) ;
#3174 = DIRECTION ( 'NONE',  ( 3.491481338843133400E-015, -0.0000000000000000000, -1.000000000000000000 ) ) ;
#3175 = ORIENTED_EDGE ( 'NONE', *, *, #715, .F. ) ;
#3176 = CLOSED_SHELL ( 'NONE', ( #284, #1932, #1814, #3463, #4121, #1426 ) ) ;
#3177 = FACE_OUTER_BOUND ( 'NONE', #350, .T. ) ;
#3178 = VERTEX_POINT ( 'NONE', #327 ) ;
#3179 = CARTESIAN_POINT ( 'NONE',  ( -0.2500000000000053800, 0.0000000000000000000, 1.469999999999998900 ) ) ;
#3180 = VECTOR ( 'NONE', #359, 1000.000000000000000 ) ;
#3181 = ORIENTED_EDGE ( 'NONE', *, *, #3931, .T. ) ;
#3182 = ORIENTED_EDGE ( 'NONE', *, *, #3113, .T. ) ;
#3183 = DIRECTION ( 'NONE',  ( -0.0000000000000000000, -1.000000000000000000, 0.0000000000000000000 ) ) ;
#3184 = DIRECTION ( 'NONE',  ( 3.685088869644115200E-015, 0.0000000000000000000, -1.000000000000000000 ) ) ;
#3185 = FILL_AREA_STYLE_COLOUR ( '', #3299 ) ;
#3186 = CARTESIAN_POINT ( 'NONE',  ( 0.1300000000000060000, 0.1999999999999996500, -1.749999999999999300 ) ) ;
#3187 = LINE ( 'NONE', #2886, #3407 ) ;
#3188 = EDGE_LOOP ( 'NONE', ( #3246, #4574, #3640, #3574 ) ) ;
#3189 = VERTEX_POINT ( 'NONE', #3980 ) ;
#3190 = DIRECTION ( 'NONE',  ( 0.0000000000000000000, 1.000000000000000000, 0.0000000000000000000 ) ) ;
#3191 = ORIENTED_EDGE ( 'NONE', *, *, #1603, .T. ) ;
#3192 = CARTESIAN_POINT ( 'NONE',  ( -0.9700000000000054100, 0.0000000000000000000, 1.369999999999997000 ) ) ;
#3193 = FACE_OUTER_BOUND ( 'NONE', #5426, .T. ) ;
#3194 = ADVANCED_FACE ( 'NONE', ( #1403 ), #1621, .F. ) ;
#3195 = CARTESIAN_POINT ( 'NONE',  ( 0.9700000000000008600, 0.04999999999999999600, -0.1299999999999963100 ) ) ;
#3196 = EDGE_CURVE ( 'NONE', #121, #5657, #459, .T. ) ;
#3197 = VERTEX_POINT ( 'NONE', #3577 ) ;
#3198 = EDGE_CURVE ( 'NONE', #1882, #218, #4038, .T. ) ;
#3199 = AXIS2_PLACEMENT_3D ( 'NONE', #5541, #3777, #71 ) ;
#3200 = ORIENTED_EDGE ( 'NONE', *, *, #859, .T. ) ;
#3201 = AXIS2_PLACEMENT_3D ( 'NONE', #1982, #1544, #1586 ) ;
#3202 = ORIENTED_EDGE ( 'NONE', *, *, #4006, .T. ) ;
#3203 = EDGE_CURVE ( 'NONE', #5879, #1543, #4969, .T. ) ;
#3204 = CARTESIAN_POINT ( 'NONE',  ( 0.9700000000000014200, 0.1999999999999999800, -0.3699999999999961100 ) ) ;
#3206 = EDGE_CURVE ( 'NONE', #460, #5304, #685, .T. ) ;
#3205 = DIRECTION ( 'NONE',  ( 1.000000000000000000, 0.0000000000000000000, 3.491481338843133400E-015 ) ) ;
#3207 = FILL_AREA_STYLE_COLOUR ( '', #1520 ) ;
#3208 = SURFACE_SIDE_STYLE ('',( #2365 ) ) ;
#3209 = ORIENTED_EDGE ( 'NONE', *, *, #2088, .T. ) ;
#3210 = VERTEX_POINT ( 'NONE', #4486 ) ;
#3211 = ORIENTED_EDGE ( 'NONE', *, *, #3593, .F. ) ;
#3212 = ORIENTED_EDGE ( 'NONE', *, *, #4291, .T. ) ;
#3213 = CARTESIAN_POINT ( 'NONE',  ( 0.9699999999999990900, 0.1999999999999999800, 0.3700000000000036600 ) ) ;
#3214 = CARTESIAN_POINT ( 'NONE',  ( -1.249999999999996200, 0.1999999999999999800, -1.370000000000003400 ) ) ;
#3215 = ORIENTED_EDGE ( 'NONE', *, *, #4339, .F. ) ;
#3216 = VECTOR ( 'NONE', #2687, 1000.000000000000000 ) ;
#3217 = ORIENTED_EDGE ( 'NONE', *, *, #754, .F. ) ;
#3218 = ORIENTED_EDGE ( 'NONE', *, *, #4534, .T. ) ;
#3219 = CARTESIAN_POINT ( 'NONE',  ( -0.9700000000000014200, 0.2000000000000000100, 0.2499999999999973100 ) ) ;
#3220 = LINE ( 'NONE', #5133, #3069 ) ;
#3221 = CARTESIAN_POINT ( 'NONE',  ( 0.9699999999999990900, 0.1999999999999999800, 0.3700000000000036600 ) ) ;
#3222 = ADVANCED_FACE ( 'NONE', ( #179 ), #1303, .F. ) ;
#3223 = VECTOR ( 'NONE', #1571, 1000.000000000000000 ) ;
#3224 = DIRECTION ( 'NONE',  ( 1.000000000000000000, 0.0000000000000000000, 3.614007241618351500E-015 ) ) ;
#3225 = DIRECTION ( 'NONE',  ( -1.000000000000000000, 0.0000000000000000000, -4.265911462047064500E-015 ) ) ;
#3226 = VECTOR ( 'NONE', #3694, 1000.000000000000000 ) ;
#3227 = FACE_OUTER_BOUND ( 'NONE', #4533, .T. ) ;
#3228 = ORIENTED_EDGE ( 'NONE', *, *, #589, .T. ) ;
#3229 = CARTESIAN_POINT ( 'NONE',  ( -1.250000000000004000, 0.1999999999999999800, 0.8699999999999964400 ) ) ;
#3230 = LINE ( 'NONE', #4713, #4438 ) ;
#3231 = PLANE ( 'NONE',  #3546 ) ;
#3232 = VECTOR ( 'NONE', #3972, 1000.000000000000000 ) ;
#3233 = SURFACE_STYLE_FILL_AREA ( #69 ) ;
#3234 = ORIENTED_EDGE ( 'NONE', *, *, #5915, .T. ) ;
#3235 = DIRECTION ( 'NONE',  ( 0.0000000000000000000, 1.000000000000000000, 0.0000000000000000000 ) ) ;
#3236 = EDGE_CURVE ( 'NONE', #1792, #3140, #391, .T. ) ;
#3237 = FACE_OUTER_BOUND ( 'NONE', #5468, .T. ) ;
#3238 = VECTOR ( 'NONE', #4551, 1000.000000000000000 ) ;
#3239 = ORIENTED_EDGE ( 'NONE', *, *, #4193, .T. ) ;
#3240 = CARTESIAN_POINT ( 'NONE',  ( -0.8499999999999998700, 0.2000000000000000100, -0.2500000000000022800 ) ) ;
#3241 = AXIS2_PLACEMENT_3D ( 'NONE', #5397, #4063, #2189 ) ;
#3242 = ADVANCED_FACE ( 'NONE', ( #4324 ), #1258, .T. ) ;
#3243 = FACE_OUTER_BOUND ( 'NONE', #3555, .T. ) ;
#3244 = CARTESIAN_POINT ( 'NONE',  ( 0.9700000000000047500, 0.0000000000000000000, -1.249999999999996200 ) ) ;
#3245 = CARTESIAN_POINT ( 'NONE',  ( -3.925162207837336700E-015, 0.05000000000000000300, 1.000000000000000400 ) ) ;
#3246 = ORIENTED_EDGE ( 'NONE', *, *, #4621, .T. ) ;
#3247 = ORIENTED_EDGE ( 'NONE', *, *, #5219, .F. ) ;
#3248 = CARTESIAN_POINT ( 'NONE',  ( -0.4999999999999963400, 0.2000000000000000900, -1.000000000000001600 ) ) ;
#3249 = VECTOR ( 'NONE', #5691, 1000.000000000000000 ) ;
#3250 = PLANE ( 'NONE',  #3857 ) ;
#3251 = ORIENTED_EDGE ( 'NONE', *, *, #4785, .T. ) ;
#3252 = ADVANCED_FACE ( 'NONE', ( #5759 ), #5848, .F. ) ;
#3253 = DIRECTION ( 'NONE',  ( 1.000000000000000000, 0.0000000000000000000, 3.614007241618351500E-015 ) ) ;
#3254 = LINE ( 'NONE', #2409, #2042 ) ;
#3255 = ORIENTED_EDGE ( 'NONE', *, *, #415, .T. ) ;
#3256 = VERTEX_POINT ( 'NONE', #4992 ) ;
#3257 = ORIENTED_EDGE ( 'NONE', *, *, #252, .F. ) ;
#3258 = DIRECTION ( 'NONE',  ( 0.0000000000000000000, -1.000000000000000000, 0.0000000000000000000 ) ) ;
#3259 = VECTOR ( 'NONE', #3033, 1000.000000000000000 ) ;
#3260 = CARTESIAN_POINT ( 'NONE',  ( -0.5000000000000032200, 2.436067977499790000, 0.9999999999999985600 ) ) ;
#3261 = DIRECTION ( 'NONE',  ( 3.297873808042150800E-015, 0.0000000000000000000, -1.000000000000000000 ) ) ;
#3262 = ORIENTED_EDGE ( 'NONE', *, *, #2844, .F. ) ;
#3263 = DIRECTION ( 'NONE',  ( -2.717051215639202600E-015, 0.0000000000000000000, 1.000000000000000000 ) ) ;
#3264 = CARTESIAN_POINT ( 'NONE',  ( -0.8500000000000033100, 0.1999999999999999800, 0.7499999999999977800 ) ) ;
#3265 = DIRECTION ( 'NONE',  ( 1.000000000000000000, 0.0000000000000000000, 3.614007241618351500E-015 ) ) ;
#3266 = EDGE_CURVE ( 'NONE', #5567, #5063, #3899, .T. ) ;
#3267 = PLANE ( 'NONE',  #345 ) ;
#3268 = EDGE_LOOP ( 'NONE', ( #2623, #2912, #1607, #5463 ) ) ;
#3269 = PLANE ( 'NONE',  #5918 ) ;
#3270 = EDGE_CURVE ( 'NONE', #2956, #4456, #1184, .T. ) ;
#3271 = ADVANCED_FACE ( 'NONE', ( #4673 ), #4963, .T. ) ;
#3272 = ORIENTED_EDGE ( 'NONE', *, *, #5282, .T. ) ;
#3273 = EDGE_CURVE ( 'NONE', #958, #3197, #681, .T. ) ;
#3274 = AXIS2_PLACEMENT_3D ( 'NONE', #5156, #5622, #3851 ) ;
#3275 = AXIS2_PLACEMENT_3D ( 'NONE', #3675, #5590, #3897 ) ;
#3276 = DIRECTION ( 'NONE',  ( 1.000000000000000000, -0.0000000000000000000, 2.717051215639202600E-015 ) ) ;
#3277 = VERTEX_POINT ( 'NONE', #422 ) ;
#3278 = ORIENTED_EDGE ( 'NONE', *, *, #308, .F. ) ;
#3279 = ADVANCED_FACE ( 'NONE', ( #3177 ), #5369, .T. ) ;
#3280 = EDGE_CURVE ( 'NONE', #3859, #5139, #531, .T. ) ;
#3281 = DIRECTION ( 'NONE',  ( 0.0000000000000000000, -1.000000000000000000, 0.0000000000000000000 ) ) ;
#3283 = EDGE_CURVE ( 'NONE', #140, #4237, #4033, .T. ) ;
#3282 = DIRECTION ( 'NONE',  ( 1.000000000000000000, 0.0000000000000000000, 2.717051215639202200E-015 ) ) ;
#3284 = DIRECTION ( 'NONE',  ( -1.000000000000000000, 0.0000000000000000000, -3.491481338843133400E-015 ) ) ;
#3285 = ORIENTED_EDGE ( 'NONE', *, *, #128, .F. ) ;
#3286 =( NAMED_UNIT ( * ) PLANE_ANGLE_UNIT ( ) SI_UNIT ( $, .RADIAN. ) );
#3287 = DIRECTION ( 'NONE',  ( 0.0000000000000000000, 1.000000000000000000, 0.0000000000000000000 ) ) ;
#3288 = CARTESIAN_POINT ( 'NONE',  ( -0.9700000000000014200, 0.2000000000000000100, 0.2499999999999973100 ) ) ;
#3289 = VECTOR ( 'NONE', #3473, 1000.000000000000000 ) ;
#3290 = CARTESIAN_POINT ( 'NONE',  ( 1.250000000000000000, 0.0000000000000000000, 0.1300000000000051400 ) ) ;
#3291 = ORIENTED_EDGE ( 'NONE', *, *, #981, .T. ) ;
#3292 = ORIENTED_EDGE ( 'NONE', *, *, #5453, .F. ) ;
#3293 = FILL_AREA_STYLE ('',( #2898 ) ) ;
#3294 = LINE ( 'NONE', #1089, #2078 ) ;
#3295 = ORIENTED_EDGE ( 'NONE', *, *, #1644, .T. ) ;
#3296 = DIRECTION ( 'NONE',  ( 1.000000000000000000, 0.0000000000000000000, 3.491481338843133400E-015 ) ) ;
#3297 = LINE ( 'NONE', #5177, #2082 ) ;
#3298 = FACE_OUTER_BOUND ( 'NONE', #3118, .T. ) ;
#3299 = COLOUR_RGB ( '',0.7921568627450980000, 0.8196078431372548800, 0.9333333333333333500 ) ;
#3300 = CIRCLE ( 'NONE', #4918, 0.1199999999999998600 ) ;
#3301 = DIRECTION ( 'NONE',  ( 2.717051215639202600E-015, 0.0000000000000000000, -1.000000000000000000 ) ) ;
#3302 = VECTOR ( 'NONE', #1285, 1000.000000000000000 ) ;
#3303 = LINE ( 'NONE', #2524, #3082 ) ;
#3304 = ORIENTED_EDGE ( 'NONE', *, *, #432, .T. ) ;
#3305 = CARTESIAN_POINT ( 'NONE',  ( -0.9700000000000018600, 0.2000000000000000100, 0.3699999999999971600 ) ) ;
#3306 = CARTESIAN_POINT ( 'NONE',  ( -1.250000000000004900, 0.0000000000000000000, 1.129999999999996800 ) ) ;
#3307 = CYLINDRICAL_SURFACE ( 'NONE', #2210, 0.1199999999999998800 ) ;
#3308 = EDGE_CURVE ( 'NONE', #5141, #1320, #2666, .T. ) ;
#3309 = VECTOR ( 'NONE', #4679, 1000.000000000000000 ) ;
#3310 = ORIENTED_EDGE ( 'NONE', *, *, #1636, .T. ) ;
#3311 = CARTESIAN_POINT ( 'NONE',  ( 1.250000000000003600, 0.2000000000000000100, -0.8699999999999948900 ) ) ;
#3312 = EDGE_CURVE ( 'NONE', #4899, #5345, #1617, .T. ) ;
#3313 = AXIS2_PLACEMENT_3D ( 'NONE', #3020, #5755, #3045 ) ;
#3314 = ADVANCED_FACE ( 'NONE', ( #5108 ), #390, .F. ) ;
#3315 = LINE ( 'NONE', #4693, #2101 ) ;
#3316 = CYLINDRICAL_SURFACE ( 'NONE', #4666, 0.1199999999999998800 ) ;
#3317 = ORIENTED_EDGE ( 'NONE', *, *, #507, .F. ) ;
#3318 = ORIENTED_EDGE ( 'NONE', *, *, #3924, .T. ) ;
#3319 = PRESENTATION_LAYER_ASSIGNMENT (  '', '', ( #2422 ) ) ;
#3320 = DIRECTION ( 'NONE',  ( 0.0000000000000000000, -1.000000000000000000, 0.0000000000000000000 ) ) ;
#3321 = EDGE_CURVE ( 'NONE', #5281, #3859, #3322, .T. ) ;
#3322 = LINE ( 'NONE', #1395, #1466 ) ;
#3323 = MANIFOLD_SOLID_BREP ( 'Body-Move/Copy1[15]', #2384 ) ;
#3324 = ORIENTED_EDGE ( 'NONE', *, *, #4415, .F. ) ;
#3325 = DIRECTION ( 'NONE',  ( -3.491481338843133400E-015, 0.0000000000000000000, 1.000000000000000000 ) ) ;
#3326 = CARTESIAN_POINT ( 'NONE',  ( 0.9700000000000049700, 0.2000000000000000100, -1.369999999999996100 ) ) ;
#3327 = CARTESIAN_POINT ( 'NONE',  ( -0.9699999999999979700, 0.2000000000000000100, -0.7500000000000027800 ) ) ;
#3328 = LINE ( 'NONE', #231, #4179 ) ;
#3329 = CARTESIAN_POINT ( 'NONE',  ( 1.250000000000000900, 0.0000000000000000000, -0.1299999999999951200 ) ) ;
#3330 = ORIENTED_EDGE ( 'NONE', *, *, #5289, .T. ) ;
#3331 = CARTESIAN_POINT ( 'NONE',  ( -1.249999999999994000, 6.301162633521313300, -1.750000000000004200 ) ) ;
#3332 = AXIS2_PLACEMENT_3D ( 'NONE', #4923, #5914, #4970 ) ;
#3333 = DIRECTION ( 'NONE',  ( -1.000000000000000000, 0.0000000000000000000, -5.421010862427528500E-015 ) ) ;
#3334 = VECTOR ( 'NONE', #3787, 1000.000000000000000 ) ;
#3335 = VERTEX_POINT ( 'NONE', #3588 ) ;
#3336 = ORIENTED_EDGE ( 'NONE', *, *, #835, .F. ) ;
#3337 = ORIENTED_EDGE ( 'NONE', *, *, #1328, .F. ) ;
#3338 =( NAMED_UNIT ( * ) PLANE_ANGLE_UNIT ( ) SI_UNIT ( $, .RADIAN. ) );
#3339 = ORIENTED_EDGE ( 'NONE', *, *, #2688, .T. ) ;
#3340 = PLANE ( 'NONE',  #4837 ) ;
#3341 = ADVANCED_FACE ( 'NONE', ( #4965 ), #2813, .T. ) ;
#3342 = CARTESIAN_POINT ( 'NONE',  ( -4.820479952113182200E-015, 0.05000000000000000300, 1.129999999999999900 ) ) ;
#3343 = DIRECTION ( 'NONE',  ( -0.0000000000000000000, -1.000000000000000000, 0.0000000000000000000 ) ) ;
#3344 = CARTESIAN_POINT ( 'NONE',  ( 1.249999999999999100, 0.2000000000000000100, 0.3700000000000049400 ) ) ;
#3345 = EDGE_CURVE ( 'NONE', #3165, #4348, #2039, .T. ) ;
#3346 = DIRECTION ( 'NONE',  ( 1.000000000000000000, 0.0000000000000000000, 3.491481338843133400E-015 ) ) ;
#3347 = PLANE ( 'NONE',  #3471 ) ;
#3348 = DIRECTION ( 'NONE',  ( -0.0000000000000000000, -1.000000000000000000, -0.0000000000000000000 ) ) ;
#3349 = EDGE_CURVE ( 'NONE', #4569, #1241, #5376, .T. ) ;
#3350 = CARTESIAN_POINT ( 'NONE',  ( -0.9700000000000027500, 0.2000000000000000100, 0.6299999999999974500 ) ) ;
#3351 = AXIS2_PLACEMENT_3D ( 'NONE', #3849, #4254, #4323 ) ;
#3352 = ORIENTED_EDGE ( 'NONE', *, *, #221, .F. ) ;
#3353 = LINE ( 'NONE', #4343, #2700 ) ;
#3354 = VERTEX_POINT ( 'NONE', #4176 ) ;
#3355 = VERTEX_POINT ( 'NONE', #5473 ) ;
#3356 = VERTEX_POINT ( 'NONE', #1912 ) ;
#3357 = PLANE ( 'NONE',  #938 ) ;
#3358 = LINE ( 'NONE', #2114, #923 ) ;
#3359 = DIRECTION ( 'NONE',  ( 0.0000000000000000000, -1.000000000000000000, 0.0000000000000000000 ) ) ;
#3360 = EDGE_CURVE ( 'NONE', #249, #2214, #3616, .T. ) ;
#3361 = DIRECTION ( 'NONE',  ( 0.0000000000000000000, -1.000000000000000000, 0.0000000000000000000 ) ) ;
#3362 = PLANE ( 'NONE',  #1672 ) ;
#3363 = LINE ( 'NONE', #277, #1079 ) ;
#3364 = CARTESIAN_POINT ( 'NONE',  ( -0.9700000000000031900, 0.6664761515876241900, 0.7499999999999973400 ) ) ;
#3365 =( NAMED_UNIT ( * ) PLANE_ANGLE_UNIT ( ) SI_UNIT ( $, .RADIAN. ) );
#3366 = ADVANCED_FACE ( 'NONE', ( #102 ), #9, .F. ) ;
#3367 = DIRECTION ( 'NONE',  ( 3.491481338843133400E-015, 0.0000000000000000000, -1.000000000000000000 ) ) ;
#3368 = LINE ( 'NONE', #4442, #3584 ) ;
#3369 = DIRECTION ( 'NONE',  ( 0.0000000000000000000, 1.000000000000000000, 0.0000000000000000000 ) ) ;
#3370 = CIRCLE ( 'NONE', #1478, 0.1199999999999998800 ) ;
#3371 = EDGE_LOOP ( 'NONE', ( #4170, #675, #5118, #973 ) ) ;
#3372 = PRODUCT_DEFINITION ( 'UNKNOWN', '', #4902, #2146 ) ;
#3373 = VECTOR ( 'NONE', #5889, 1000.000000000000000 ) ;
#3374 = DIRECTION ( 'NONE',  ( 2.717051215639202600E-015, 0.0000000000000000000, -1.000000000000000000 ) ) ;
#3375 = PLANE ( 'NONE',  #2613 ) ;
#3376 = CYLINDRICAL_SURFACE ( 'NONE', #1411, 0.1199999999999998800 ) ;
#3377 = SHAPE_DEFINITION_REPRESENTATION ( #3491, #1898 ) ;
#3378 = VECTOR ( 'NONE', #1916, 1000.000000000000000 ) ;
#3379 = ORIENTED_EDGE ( 'NONE', *, *, #3433, .F. ) ;
#3380 = EDGE_CURVE ( 'NONE', #2811, #2115, #4749, .T. ) ;
#3381 = CARTESIAN_POINT ( 'NONE',  ( -0.9499999999999981800, 0.9000000000000000200, -1.450000000000003100 ) ) ;
#3382 = CARTESIAN_POINT ( 'NONE',  ( -1.250000000000003100, 0.0000000000000000000, 0.6299999999999966700 ) ) ;
#3383 = VECTOR ( 'NONE', #1065, 1000.000000000000000 ) ;
#3384 = LINE ( 'NONE', #5656, #2165 ) ;
#3385 = CARTESIAN_POINT ( 'NONE',  ( -0.9699999999999979700, 0.1999999999999999800, -0.7500000000000027800 ) ) ;
#3387 = CARTESIAN_POINT ( 'NONE',  ( 0.9700000000000043000, 0.1999999999999999800, -1.129999999999996300 ) ) ;
#3386 = VECTOR ( 'NONE', #2395, 1000.000000000000000 ) ;
#3388 = ORIENTED_EDGE ( 'NONE', *, *, #2425, .T. ) ;
#3389 = CARTESIAN_POINT ( 'NONE',  ( 0.9700000000000047500, 0.2000000000000000100, -1.249999999999996200 ) ) ;
#3390 = DIRECTION ( 'NONE',  ( 0.0000000000000000000, 1.000000000000000000, 0.0000000000000000000 ) ) ;
#3391 = EDGE_CURVE ( 'NONE', #5059, #4704, #4172, .T. ) ;
#3392 = VECTOR ( 'NONE', #4878, 1000.000000000000000 ) ;
#3393 = FACE_OUTER_BOUND ( 'NONE', #5046, .T. ) ;
#3394 = ORIENTED_EDGE ( 'NONE', *, *, #2659, .T. ) ;
#3395 = ORIENTED_EDGE ( 'NONE', *, *, #1248, .F. ) ;
#3396 = EDGE_CURVE ( 'NONE', #5001, #5053, #742, .T. ) ;
#3397 = AXIS2_PLACEMENT_3D ( 'NONE', #1432, #2459, #1490 ) ;
#3398 = DIRECTION ( 'NONE',  ( 0.0000000000000000000, -1.000000000000000000, 0.0000000000000000000 ) ) ;
#3399 = DIRECTION ( 'NONE',  ( -1.000000000000000000, 0.0000000000000000000, -3.491481338843133400E-015 ) ) ;
#3400 = LINE ( 'NONE', #4819, #2178 ) ;
#3401 = UNCERTAINTY_MEASURE_WITH_UNIT (LENGTH_MEASURE( 1.000000000000000100E-005 ), #4553, 'distance_accuracy_value', 'NONE');
#3402 = CLOSED_SHELL ( 'NONE', ( #5050, #3492, #5251, #3796, #2993, #106 ) ) ;
#3403 = ORIENTED_EDGE ( 'NONE', *, *, #3510, .F. ) ;
#3404 = EDGE_CURVE ( 'NONE', #114, #537, #5455, .T. ) ;
#3405 = EDGE_CURVE ( 'NONE', #315, #2764, #3680, .T. ) ;
#3406 = DIRECTION ( 'NONE',  ( 1.000000000000000000, 0.0000000000000000000, 3.614007241618353100E-015 ) ) ;
#3407 = VECTOR ( 'NONE', #5654, 1000.000000000000000 ) ;
#3408 = ADVANCED_FACE ( 'NONE', ( #5829 ), #5556, .F. ) ;
#3409 = ORIENTED_EDGE ( 'NONE', *, *, #4393, .F. ) ;
#3410 = DIRECTION ( 'NONE',  ( -0.0000000000000000000, -1.000000000000000000, 0.0000000000000000000 ) ) ;
#3411 = DIRECTION ( 'NONE',  ( -1.000000000000000000, 0.0000000000000000000, -3.614007241618351500E-015 ) ) ;
#3412 = ORIENTED_EDGE ( 'NONE', *, *, #553, .T. ) ;
#3413 = CARTESIAN_POINT ( 'NONE',  ( 0.9699999999999956400, 0.2000000000000000100, 1.370000000000003900 ) ) ;
#3414 = CARTESIAN_POINT ( 'NONE',  ( 0.9699999999999995300, 0.04999999999999999600, 0.2500000000000037700 ) ) ;
#3415 = STYLED_ITEM ( 'NONE', ( #4240 ), #3576 ) ;
#3416 = CIRCLE ( 'NONE', #5179, 0.1199999999999998800 ) ;
#3417 = ORIENTED_EDGE ( 'NONE', *, *, #1287, .F. ) ;
#3418 = AXIS2_PLACEMENT_3D ( 'NONE', #2845, #3522, #3822 ) ;
#3419 = ORIENTED_EDGE ( 'NONE', *, *, #5039, .F. ) ;
#3420 = CARTESIAN_POINT ( 'NONE',  ( 0.1299999999999949000, 0.6664761515876238600, 1.470000000000000000 ) ) ;
#3421 = CARTESIAN_POINT ( 'NONE',  ( -1.249999999999999600, 0.2000000000000000100, -0.3700000000000034400 ) ) ;
#3422 = ORIENTED_EDGE ( 'NONE', *, *, #3483, .F. ) ;
#3423 = CARTESIAN_POINT ( 'NONE',  ( 1.250000000000001800, 0.1999999999999999800, -0.3699999999999948300 ) ) ;
#3424 = EDGE_CURVE ( 'NONE', #5009, #4053, #4891, .T. ) ;
#3425 = DIRECTION ( 'NONE',  ( 0.0000000000000000000, 1.000000000000000000, 0.0000000000000000000 ) ) ;
#3426 = PRESENTATION_LAYER_ASSIGNMENT (  '', '', ( #4760 ) ) ;
#3427 = DIRECTION ( 'NONE',  ( -1.000000000000000000, 0.0000000000000000000, -3.614007241618351500E-015 ) ) ;
#3428 = VERTEX_POINT ( 'NONE', #36 ) ;
#3429 = DIRECTION ( 'NONE',  ( -0.0000000000000000000, -1.000000000000000000, 0.0000000000000000000 ) ) ;
#3430 = AXIS2_PLACEMENT_3D ( 'NONE', #3331, #3735, #1383 ) ;
#3431 = ADVANCED_FACE ( 'NONE', ( #4813 ), #383, .T. ) ;
#3432 = LINE ( 'NONE', #4566, #4779 ) ;
#3433 = EDGE_CURVE ( 'NONE', #5592, #461, #3400, .T. ) ;
#3434 = ORIENTED_EDGE ( 'NONE', *, *, #5030, .F. ) ;
#3435 = ORIENTED_EDGE ( 'NONE', *, *, #2876, .F. ) ;
#3436 = PRESENTATION_STYLE_ASSIGNMENT (( #360 ) ) ;
#3437 = AXIS2_PLACEMENT_3D ( 'NONE', #924, #4556, #2172 ) ;
#3438 = EDGE_LOOP ( 'NONE', ( #5140, #3200, #3142, #674 ) ) ;
#3439 = CARTESIAN_POINT ( 'NONE',  ( -1.249999999999996900, 0.2000000000000000100, -1.130000000000003700 ) ) ;
#3440 = VECTOR ( 'NONE', #4130, 1000.000000000000000 ) ;
#3441 = ORIENTED_EDGE ( 'NONE', *, *, #4654, .F. ) ;
#3442 = CARTESIAN_POINT ( 'NONE',  ( -3.711342971980944400E-015, 0.05000000000000000300, 0.8699999999999995500 ) ) ;
#3443 = LINE ( 'NONE', #948, #1015 ) ;
#3444 = DIRECTION ( 'NONE',  ( 0.0000000000000000000, -1.000000000000000000, -0.0000000000000000000 ) ) ;
#3445 = CARTESIAN_POINT ( 'NONE',  ( 1.249999999999999100, 0.0000000000000000000, 0.3700000000000049400 ) ) ;
#3446 = LINE ( 'NONE', #5827, #5287 ) ;
#3447 = CARTESIAN_POINT ( 'NONE',  ( -0.9699999999999963100, 0.04999999999999999600, -1.250000000000002900 ) ) ;
#3448 = VECTOR ( 'NONE', #2620, 1000.000000000000000 ) ;
#3449 = ORIENTED_EDGE ( 'NONE', *, *, #1438, .F. ) ;
#3450 = CIRCLE ( 'NONE', #626, 0.1199999999999998800 ) ;
#3451 = CARTESIAN_POINT ( 'NONE',  ( -0.3700000000000061000, 0.0000000000000000000, 1.749999999999998400 ) ) ;
#3452 = PLANE ( 'NONE',  #4493 ) ;
#3453 = DIRECTION ( 'NONE',  ( 1.000000000000000000, 0.0000000000000000000, 3.614007241618351500E-015 ) ) ;
#3454 = CARTESIAN_POINT ( 'NONE',  ( -0.9499999999999981800, 0.9000000000000000200, -1.450000000000003100 ) ) ;
#3455 = VECTOR ( 'NONE', #5023, 1000.000000000000000 ) ;
#3456 = LINE ( 'NONE', #1368, #4801 ) ;
#3457 = VERTEX_POINT ( 'NONE', #3892 ) ;
#3458 = LINE ( 'NONE', #4292, #3383 ) ;
#3459 = LINE ( 'NONE', #3848, #673 ) ;
#3460 = CARTESIAN_POINT ( 'NONE',  ( 1.250000000000000900, 0.6664761515876241900, -0.1299999999999951200 ) ) ;
#3461 = ORIENTED_EDGE ( 'NONE', *, *, #4415, .T. ) ;
#3462 = EDGE_LOOP ( 'NONE', ( #4696, #3610, #5325, #5201 ) ) ;
#3463 = ADVANCED_FACE ( 'NONE', ( #962 ), #816, .T. ) ;
#3464 = EDGE_CURVE ( 'NONE', #3937, #5139, #5685, .T. ) ;
#3465 = DIRECTION ( 'NONE',  ( 0.0000000000000000000, 1.000000000000000000, 0.0000000000000000000 ) ) ;
#3466 = ORIENTED_EDGE ( 'NONE', *, *, #1363, .F. ) ;
#3467 = VERTEX_POINT ( 'NONE', #276 ) ;
#3468 = EDGE_CURVE ( 'NONE', #2678, #2825, #1115, .T. ) ;
#3469 = PLANE ( 'NONE',  #5921 ) ;
#3470 = CIRCLE ( 'NONE', #3863, 0.1199999999999998300 ) ;
#3471 = AXIS2_PLACEMENT_3D ( 'NONE', #2446, #1580, #2037 ) ;
#3472 = FILL_AREA_STYLE ('',( #300 ) ) ;
#3473 = DIRECTION ( 'NONE',  ( 3.491481338843133400E-015, 0.0000000000000000000, -1.000000000000000000 ) ) ;
#3474 = ORIENTED_EDGE ( 'NONE', *, *, #500, .T. ) ;
#3475 =( LENGTH_UNIT ( ) NAMED_UNIT ( * ) SI_UNIT ( .MILLI., .METRE. ) );
#3476 = PLANE ( 'NONE',  #3031 ) ;
#3477 = CARTESIAN_POINT ( 'NONE',  ( 1.249999999999994400, 0.05000000000000000300, 1.750000000000004700 ) ) ;
#3478 = VERTEX_POINT ( 'NONE', #5713 ) ;
#3479 = AXIS2_PLACEMENT_3D ( 'NONE', #4479, #3615, #1733 ) ;
#3480 = CYLINDRICAL_SURFACE ( 'NONE', #517, 0.1199999999999998300 ) ;
#3481 = DIRECTION ( 'NONE',  ( 0.0000000000000000000, -1.000000000000000000, -0.0000000000000000000 ) ) ;
#3482 = EDGE_LOOP ( 'NONE', ( #3973, #358, #3907, #1937 ) ) ;
#3483 = EDGE_CURVE ( 'NONE', #4755, #1585, #1747, .T. ) ;
#3484 = VERTEX_POINT ( 'NONE', #4329 ) ;
#3485 = CARTESIAN_POINT ( 'NONE',  ( -1.250000000000002200, 0.0000000000000000000, 0.3699999999999963900 ) ) ;
#3486 = ORIENTED_EDGE ( 'NONE', *, *, #4186, .T. ) ;
#3487 = CARTESIAN_POINT ( 'NONE',  ( 0.9699999999999995300, 0.1999999999999999800, 0.2500000000000037700 ) ) ;
#3488 = SURFACE_STYLE_USAGE ( .BOTH. , #647 ) ;
#3489 = DIRECTION ( 'NONE',  ( 3.367572519130504400E-015, 0.0000000000000000000, -1.000000000000000000 ) ) ;
#3490 = ORIENTED_EDGE ( 'NONE', *, *, #4610, .T. ) ;
#3491 = PRODUCT_DEFINITION_SHAPE ( 'NONE', 'NONE',  #3372 ) ;
#3492 = ADVANCED_FACE ( 'NONE', ( #595 ), #3469, .F. ) ;
#3493 = CARTESIAN_POINT ( 'NONE',  ( 1.250000000000000000, 0.1999999999999999800, 0.1300000000000051400 ) ) ;
#3494 = DIRECTION ( 'NONE',  ( -1.000000000000000000, 0.0000000000000000000, -2.891205793294674700E-015 ) ) ;
#3495 = DIRECTION ( 'NONE',  ( -1.000000000000000000, 0.0000000000000000000, -4.265911462047065300E-015 ) ) ;
#3496 = ORIENTED_EDGE ( 'NONE', *, *, #5641, .F. ) ;
#3497 = CYLINDRICAL_SURFACE ( 'NONE', #1865, 0.1500000000000001900 ) ;
#3498 = DIRECTION ( 'NONE',  ( 1.000000000000000000, 0.0000000000000000000, 3.614007241618351500E-015 ) ) ;
#3499 = EDGE_CURVE ( 'NONE', #5069, #3948, #2800, .T. ) ;
#3500 = ORIENTED_EDGE ( 'NONE', *, *, #5573, .F. ) ;
#3501 = ORIENTED_EDGE ( 'NONE', *, *, #5300, .F. ) ;
#3502 = VERTEX_POINT ( 'NONE', #240 ) ;
#3503 = MANIFOLD_SOLID_BREP ( 'Body-Move/Copy1[1]', #912 ) ;
#3504 = EDGE_CURVE ( 'NONE', #3165, #979, #672, .T. ) ;
#3505 = CARTESIAN_POINT ( 'NONE',  ( 0.9700000000000029700, 0.0000000000000000000, -0.7499999999999962300 ) ) ;
#3506 = VECTOR ( 'NONE', #2273, 1000.000000000000000 ) ;
#3507 = EDGE_LOOP ( 'NONE', ( #1693, #5054, #850, #3024 ) ) ;
#3508 = CARTESIAN_POINT ( 'NONE',  ( 0.1299999999999949000, 0.6664761515876238600, 1.470000000000000000 ) ) ;
#3509 = DIRECTION ( 'NONE',  ( -1.000000000000000000, 0.0000000000000000000, -3.491481338843133400E-015 ) ) ;
#3510 = EDGE_CURVE ( 'NONE', #5345, #4913, #3966, .T. ) ;
#3511 = CYLINDRICAL_SURFACE ( 'NONE', #332, 0.1199999999999998800 ) ;
#3512 = LINE ( 'NONE', #2618, #3803 ) ;
#3513 = FACE_OUTER_BOUND ( 'NONE', #1685, .T. ) ;
#3514 = EDGE_CURVE ( 'NONE', #3467, #5210, #4806, .T. ) ;
#3515 = LINE ( 'NONE', #1841, #3226 ) ;
#3516 = LINE ( 'NONE', #5214, #724 ) ;
#3517 = VERTEX_POINT ( 'NONE', #4836 ) ;
#3518 = CARTESIAN_POINT ( 'NONE',  ( -1.249999999999996900, 0.04999999999999999600, -1.130000000000003700 ) ) ;
#3519 = ADVANCED_FACE ( 'NONE', ( #3676 ), #5669, .F. ) ;
#3520 =( LENGTH_UNIT ( ) NAMED_UNIT ( * ) SI_UNIT ( .MILLI., .METRE. ) );
#3521 = COLOUR_RGB ( '',0.7921568627450980000, 0.8196078431372548800, 0.9333333333333333500 ) ;
#3522 = DIRECTION ( 'NONE',  ( 1.000000000000000000, -0.0000000000000000000, 3.491481338843133400E-015 ) ) ;
#3523 = LINE ( 'NONE', #4623, #2020 ) ;
#3524 = VERTEX_POINT ( 'NONE', #3927 ) ;
#3525 = AXIS2_PLACEMENT_3D ( 'NONE', #663, #5267, #4322 ) ;
#3526 =( LENGTH_UNIT ( ) NAMED_UNIT ( * ) SI_UNIT ( .MILLI., .METRE. ) );
#3527 = CARTESIAN_POINT ( 'NONE',  ( 0.9700000000000029700, 0.04999999999999999600, -0.7499999999999962300 ) ) ;
#3528 = DIRECTION ( 'NONE',  ( -3.925162207837335100E-015, 0.0000000000000000000, 1.000000000000000000 ) ) ;
#3529 = VECTOR ( 'NONE', #120, 1000.000000000000000 ) ;
#3530 = ORIENTED_EDGE ( 'NONE', *, *, #3078, .F. ) ;
#3531 =( NAMED_UNIT ( * ) SI_UNIT ( $, .STERADIAN. ) SOLID_ANGLE_UNIT ( ) );
#3532 = VECTOR ( 'NONE', #2334, 1000.000000000000000 ) ;
#3533 = VERTEX_POINT ( 'NONE', #1578 ) ;
#3534 = CARTESIAN_POINT ( 'NONE',  ( 1.250000000000002700, 0.2000000000000000100, -0.6299999999999951200 ) ) ;
#3535 = DIRECTION ( 'NONE',  ( 0.0000000000000000000, -1.000000000000000000, 0.0000000000000000000 ) ) ;
#3536 = DIRECTION ( 'NONE',  ( -0.0000000000000000000, -1.000000000000000000, 0.0000000000000000000 ) ) ;
#3537 = SURFACE_STYLE_FILL_AREA ( #1883 ) ;
#3538 = ORIENTED_EDGE ( 'NONE', *, *, #5926, .F. ) ;
#3539 = SURFACE_STYLE_FILL_AREA ( #2319 ) ;
#3540 = ORIENTED_EDGE ( 'NONE', *, *, #5718, .T. ) ;
#3541 = AXIS2_PLACEMENT_3D ( 'NONE', #424, #3638, #1833 ) ;
#3542 = ORIENTED_EDGE ( 'NONE', *, *, #2154, .T. ) ;
#3543 = DIRECTION ( 'NONE',  ( -1.000000000000000000, 0.0000000000000000000, -2.717051215639202600E-015 ) ) ;
#3544 = LINE ( 'NONE', #3460, #4398 ) ;
#3545 = PRODUCT_CONTEXT ( 'NONE', #3056, 'mechanical' ) ;
#3546 = AXIS2_PLACEMENT_3D ( 'NONE', #5462, #2306, #2737 ) ;
#3547 = ORIENTED_EDGE ( 'NONE', *, *, #399, .T. ) ;
#3548 = EDGE_CURVE ( 'NONE', #609, #2893, #384, .T. ) ;
#3549 = ORIENTED_EDGE ( 'NONE', *, *, #3483, .T. ) ;
#3550 =( LENGTH_UNIT ( ) NAMED_UNIT ( * ) SI_UNIT ( .MILLI., .METRE. ) );
#3551 = AXIS2_PLACEMENT_3D ( 'NONE', #4086, #4579, #1351 ) ;
#3552 = ADVANCED_FACE ( 'NONE', ( #4453 ), #212, .T. ) ;
#3553 = CIRCLE ( 'NONE', #5480, 0.1500000000000001900 ) ;
#3554 = AXIS2_PLACEMENT_3D ( 'NONE', #661, #1634, #5266 ) ;
#3555 = EDGE_LOOP ( 'NONE', ( #607, #3651, #4641, #1772 ) ) ;
#3556 = CARTESIAN_POINT ( 'NONE',  ( -0.2500000000000053800, 0.1999999999999999800, 1.469999999999998900 ) ) ;
#3557 = DIRECTION ( 'NONE',  ( 1.000000000000000000, 0.0000000000000000000, 3.614007241618351500E-015 ) ) ;
#3558 = ORIENTED_EDGE ( 'NONE', *, *, #107, .F. ) ;
#3559 = DIRECTION ( 'NONE',  ( 0.0000000000000000000, 1.000000000000000000, 0.0000000000000000000 ) ) ;
#3560 = VERTEX_POINT ( 'NONE', #1121 ) ;
#3561 = DIRECTION ( 'NONE',  ( -3.491481338843133400E-015, 0.0000000000000000000, 1.000000000000000000 ) ) ;
#3562 = PLANE ( 'NONE',  #4327 ) ;
#3563 = DIRECTION ( 'NONE',  ( -4.265911462047064500E-015, 0.0000000000000000000, 1.000000000000000000 ) ) ;
#3564 = CARTESIAN_POINT ( 'NONE',  ( -0.3700000000000051600, 0.1999999999999999800, 1.469999999999998200 ) ) ;
#3565 = DIRECTION ( 'NONE',  ( -1.000000000000000000, 0.0000000000000000000, -2.717051215639202600E-015 ) ) ;
#3566 = DIRECTION ( 'NONE',  ( 3.491481338843133400E-015, 0.0000000000000000000, -1.000000000000000000 ) ) ;
#3567 = VERTEX_POINT ( 'NONE', #3018 ) ;
#3568 = DIRECTION ( 'NONE',  ( 1.000000000000000000, -0.0000000000000000000, 3.491481338843133400E-015 ) ) ;
#3569 = EDGE_CURVE ( 'NONE', #3355, #2784, #5098, .T. ) ;
#3570 = VECTOR ( 'NONE', #1441, 1000.000000000000000 ) ;
#3571 = VERTEX_POINT ( 'NONE', #5329 ) ;
#3572 = CARTESIAN_POINT ( 'NONE',  ( -1.249999999999997800, 0.2000000000000000100, -0.8700000000000033300 ) ) ;
#3573 = EDGE_LOOP ( 'NONE', ( #2238, #5383, #1164, #4849 ) ) ;
#3574 = ORIENTED_EDGE ( 'NONE', *, *, #2341, .T. ) ;
#3575 = ADVANCED_FACE ( 'NONE', ( #4954 ), #1317, .F. ) ;
#3576 = MANIFOLD_SOLID_BREP ( 'Body-Move/Copy1[13]', #3596 ) ;
#3577 = CARTESIAN_POINT ( 'NONE',  ( 1.249999999999997300, 0.2000000000000000100, 0.8700000000000048800 ) ) ;
#3578 = DIRECTION ( 'NONE',  ( 3.297873808042150800E-015, 0.0000000000000000000, -1.000000000000000000 ) ) ;
#3579 = EDGE_CURVE ( 'NONE', #879, #4354, #4103, .T. ) ;
#3580 = ORIENTED_EDGE ( 'NONE', *, *, #706, .T. ) ;
#3581 = EDGE_CURVE ( 'NONE', #1421, #5001, #2660, .T. ) ;
#3582 = AXIS2_PLACEMENT_3D ( 'NONE', #4905, #2682, #831 ) ;
#3583 = CARTESIAN_POINT ( 'NONE',  ( 1.249999999999996400, 0.0000000000000000000, 1.130000000000005200 ) ) ;
#3584 = VECTOR ( 'NONE', #2525, 1000.000000000000000 ) ;
#3585 = LINE ( 'NONE', #493, #4651 ) ;
#3586 = VECTOR ( 'NONE', #4731, 1000.000000000000000 ) ;
#3587 = LINE ( 'NONE', #5539, #1509 ) ;
#3588 = CARTESIAN_POINT ( 'NONE',  ( -1.250000000000003100, 0.1999999999999999800, 0.6299999999999966700 ) ) ;
#3589 = STYLED_ITEM ( 'NONE', ( #2837 ), #2254 ) ;
#3590 = CARTESIAN_POINT ( 'NONE',  ( -0.9699999999999963100, 0.2000000000000000100, -1.250000000000002900 ) ) ;
#3591 = DIRECTION ( 'NONE',  ( 1.000000000000000000, 0.0000000000000000000, 3.491481338843133400E-015 ) ) ;
#3592 = CARTESIAN_POINT ( 'NONE',  ( 0.3700000000000058800, 0.1999999999999999800, -1.749999999999998400 ) ) ;
#3593 = EDGE_CURVE ( 'NONE', #3793, #1044, #1684, .T. ) ;
#3594 = LINE ( 'NONE', #2364, #2369 ) ;
#3595 = LINE ( 'NONE', #5673, #2370 ) ;
#3596 = CLOSED_SHELL ( 'NONE', ( #2081, #1190, #3617, #1157, #5100, #1724, #2972 ) ) ;
#3597 = EDGE_CURVE ( 'NONE', #5802, #4011, #809, .T. ) ;
#3598 = CARTESIAN_POINT ( 'NONE',  ( -0.3699999999999948300, 0.0000000000000000000, -1.470000000000000900 ) ) ;
#3599 = LINE ( 'NONE', #2457, #1810 ) ;
#3600 = LINE ( 'NONE', #1988, #2793 ) ;
#3601 = CARTESIAN_POINT ( 'NONE',  ( -0.4999999999999963400, 0.0000000000000000000, -1.000000000000001600 ) ) ;
#3602 = CYLINDRICAL_SURFACE ( 'NONE', #2060, 0.1199999999999998800 ) ;
#3603 = ORIENTED_EDGE ( 'NONE', *, *, #2990, .F. ) ;
#3604 = PRESENTATION_LAYER_ASSIGNMENT (  '', '', ( #2180 ) ) ;
#3605 = DIRECTION ( 'NONE',  ( 0.0000000000000000000, -1.000000000000000000, -0.0000000000000000000 ) ) ;
#3606 = CARTESIAN_POINT ( 'NONE',  ( -0.1299999999999941200, 0.0000000000000000000, -1.750000000000000200 ) ) ;
#3607 =( LENGTH_UNIT ( ) NAMED_UNIT ( * ) SI_UNIT ( .MILLI., .METRE. ) );
#3608 = CIRCLE ( 'NONE', #4014, 0.1199999999999998800 ) ;
#3609 = LINE ( 'NONE', #3350, #2801 ) ;
#3610 = ORIENTED_EDGE ( 'NONE', *, *, #3151, .T. ) ;
#3611 = ORIENTED_EDGE ( 'NONE', *, *, #983, .T. ) ;
#3612 = CARTESIAN_POINT ( 'NONE',  ( -1.250000000000005800, 1.000000000000000000, 1.749999999999996000 ) ) ;
#3613 = DIRECTION ( 'NONE',  ( -0.0000000000000000000, -1.000000000000000000, 0.0000000000000000000 ) ) ;
#3614 = CARTESIAN_POINT ( 'NONE',  ( -1.249999999999998700, 0.0000000000000000000, -0.6300000000000035600 ) ) ;
#3615 = DIRECTION ( 'NONE',  ( -0.0000000000000000000, -1.000000000000000000, -0.0000000000000000000 ) ) ;
#3616 = LINE ( 'NONE', #2767, #2808 ) ;
#3617 = ADVANCED_FACE ( 'NONE', ( #455 ), #3562, .F. ) ;
#3618 = DIRECTION ( 'NONE',  ( -0.0000000000000000000, -1.000000000000000000, 0.0000000000000000000 ) ) ;
#3619 = ORIENTED_EDGE ( 'NONE', *, *, #4344, .F. ) ;
#3620 = ORIENTED_EDGE ( 'NONE', *, *, #2159, .T. ) ;
#3621 = DIRECTION ( 'NONE',  ( -2.717051215639202600E-015, 0.0000000000000000000, 1.000000000000000000 ) ) ;
#3622 = ORIENTED_EDGE ( 'NONE', *, *, #2136, .F. ) ;
#3623 = CIRCLE ( 'NONE', #596, 0.1199999999999998600 ) ;
#3624 = VERTEX_POINT ( 'NONE', #4404 ) ;
#3625 = EDGE_CURVE ( 'NONE', #1661, #1385, #172, .T. ) ;
#3626 = ORIENTED_EDGE ( 'NONE', *, *, #3171, .F. ) ;
#3627 = EDGE_CURVE ( 'NONE', #1690, #2214, #1396, .T. ) ;
#3628 = FACE_OUTER_BOUND ( 'NONE', #4627, .T. ) ;
#3629 = STYLED_ITEM ( 'NONE', ( #4228 ), #208 ) ;
#3630 = ORIENTED_EDGE ( 'NONE', *, *, #3569, .T. ) ;
#3631 = ORIENTED_EDGE ( 'NONE', *, *, #1438, .T. ) ;
#3632 = ORIENTED_EDGE ( 'NONE', *, *, #433, .T. ) ;
#3633 = PRESENTATION_LAYER_ASSIGNMENT (  '', '', ( #3589 ) ) ;
#3634 = CARTESIAN_POINT ( 'NONE',  ( -0.9700000000000014200, 0.0000000000000000000, 0.2499999999999973100 ) ) ;
#3635 = EDGE_CURVE ( 'NONE', #5491, #5342, #5523, .T. ) ;
#3636 = DIRECTION ( 'NONE',  ( 0.0000000000000000000, -1.000000000000000000, 0.0000000000000000000 ) ) ;
#3637 = EDGE_LOOP ( 'NONE', ( #1206, #1216, #3211, #2109, #2536 ) ) ;
#3638 = DIRECTION ( 'NONE',  ( -0.0000000000000000000, -1.000000000000000000, 0.0000000000000000000 ) ) ;
#3639 = DIRECTION ( 'NONE',  ( 0.0000000000000000000, 1.000000000000000000, 0.0000000000000000000 ) ) ;
#3640 = ORIENTED_EDGE ( 'NONE', *, *, #1822, .T. ) ;
#3641 = CARTESIAN_POINT ( 'NONE',  ( 0.9700000000000008600, 0.2000000000000000100, -0.1299999999999963100 ) ) ;
#3642 = AXIS2_PLACEMENT_3D ( 'NONE', #820, #4895, #2158 ) ;
#3643 = CARTESIAN_POINT ( 'NONE',  ( 0.1300000000000051400, 0.6664761515876238600, -1.469999999999999100 ) ) ;
#3644 = DIRECTION ( 'NONE',  ( -0.0000000000000000000, -1.000000000000000000, -0.0000000000000000000 ) ) ;
#3645 = ADVANCED_FACE ( 'NONE', ( #2731 ), #843, .T. ) ;
#3646 = VECTOR ( 'NONE', #2177, 1000.000000000000000 ) ;
#3647 = VERTEX_POINT ( 'NONE', #1373 ) ;
#3648 = ORIENTED_EDGE ( 'NONE', *, *, #5333, .F. ) ;
#3649 = CARTESIAN_POINT ( 'NONE',  ( -0.2499999999999948700, 0.6664761515876238600, -1.470000000000000600 ) ) ;
#3650 = VECTOR ( 'NONE', #1601, 1000.000000000000000 ) ;
#3651 = ORIENTED_EDGE ( 'NONE', *, *, #4487, .F. ) ;
#3653 = LINE ( 'NONE', #1419, #2430 ) ;
#3652 = DIRECTION ( 'NONE',  ( -1.000000000000000000, 0.0000000000000000000, -3.614007241618353100E-015 ) ) ;
#3654 = AXIS2_PLACEMENT_3D ( 'NONE', #747, #4401, #2555 ) ;
#3655 = VECTOR ( 'NONE', #2421, 1000.000000000000000 ) ;
#3656 = EDGE_CURVE ( 'NONE', #3793, #1177, #1890, .T. ) ;
#3657 = VECTOR ( 'NONE', #3536, 1000.000000000000000 ) ;
#3658 = ORIENTED_EDGE ( 'NONE', *, *, #2231, .T. ) ;
#3659 = LINE ( 'NONE', #126, #1878 ) ;
#3660 = AXIS2_PLACEMENT_3D ( 'NONE', #2491, #2954, #233 ) ;
#3661 = CARTESIAN_POINT ( 'NONE',  ( -0.9699999999999966400, 0.04999999999999999600, -1.130000000000003000 ) ) ;
#3662 = VECTOR ( 'NONE', #3174, 1000.000000000000000 ) ;
#3663 = CARTESIAN_POINT ( 'NONE',  ( -0.9700000000000002000, 0.2000000000000000100, -0.1300000000000028600 ) ) ;
#3664 = ORIENTED_EDGE ( 'NONE', *, *, #5618, .F. ) ;
#3665 = DIRECTION ( 'NONE',  ( -2.717051215639202200E-015, 0.0000000000000000000, 1.000000000000000000 ) ) ;
#3666 = CARTESIAN_POINT ( 'NONE',  ( 0.2500000000000051600, 0.0000000000000000000, -1.469999999999998900 ) ) ;
#3667 = CARTESIAN_POINT ( 'NONE',  ( -1.250000000000003100, 0.04999999999999969700, 0.6299999999999966700 ) ) ;
#3668 = DIRECTION ( 'NONE',  ( 0.0000000000000000000, -1.000000000000000000, -0.0000000000000000000 ) ) ;
#3669 = PRESENTATION_STYLE_ASSIGNMENT (( #3488 ) ) ;
#3670 = CARTESIAN_POINT ( 'NONE',  ( 1.249999999999998200, 0.6664761515876241900, 0.6300000000000051100 ) ) ;
#3671 = ORIENTED_EDGE ( 'NONE', *, *, #2951, .T. ) ;
#3672 = VECTOR ( 'NONE', #842, 1000.000000000000000 ) ;
#3673 = VERTEX_POINT ( 'NONE', #3663 ) ;
#3674 = ADVANCED_FACE ( 'NONE', ( #2448 ), #2709, .F. ) ;
#3675 = CARTESIAN_POINT ( 'NONE',  ( 0.9699999999999995300, 0.6664761515876241900, 0.2500000000000037700 ) ) ;
#3676 = FACE_OUTER_BOUND ( 'NONE', #2789, .T. ) ;
#3677 = VERTEX_POINT ( 'NONE', #3204 ) ;
#3678 = DIRECTION ( 'NONE',  ( -0.0000000000000000000, -1.000000000000000000, 0.0000000000000000000 ) ) ;
#3679 = MECHANICAL_DESIGN_GEOMETRIC_PRESENTATION_REPRESENTATION (  '', ( #2261 ), #239 ) ;
#3680 = LINE ( 'NONE', #946, #42 ) ;
#3681 = PLANE ( 'NONE',  #4535 ) ;
#3682 = VERTEX_POINT ( 'NONE', #4123 ) ;
#3683 = ORIENTED_EDGE ( 'NONE', *, *, #5113, .T. ) ;
#3684 = CARTESIAN_POINT ( 'NONE',  ( -1.249999999999999600, 0.0000000000000000000, -0.3700000000000034400 ) ) ;
#3685 =( LENGTH_UNIT ( ) NAMED_UNIT ( * ) SI_UNIT ( .MILLI., .METRE. ) );
#3686 = CARTESIAN_POINT ( 'NONE',  ( 0.3700000000000058800, 0.1999999999999999800, -1.749999999999998400 ) ) ;
#3687 = LINE ( 'NONE', #225, #466 ) ;
#3688 = DIRECTION ( 'NONE',  ( -0.0000000000000000000, -1.000000000000000000, 0.0000000000000000000 ) ) ;
#3689 = ORIENTED_EDGE ( 'NONE', *, *, #5445, .T. ) ;
#3690 = EDGE_CURVE ( 'NONE', #2279, #4972, #3608, .T. ) ;
#3691 = ORIENTED_EDGE ( 'NONE', *, *, #1548, .T. ) ;
#3692 = CARTESIAN_POINT ( 'NONE',  ( -0.9699999999999997500, 0.2000000000000000100, -0.2500000000000027200 ) ) ;
#3693 = VERTEX_POINT ( 'NONE', #5015 ) ;
#3694 = DIRECTION ( 'NONE',  ( 0.0000000000000000000, -1.000000000000000000, 0.0000000000000000000 ) ) ;
#3695 = FACE_OUTER_BOUND ( 'NONE', #2549, .T. ) ;
#3696 = DIRECTION ( 'NONE',  ( 0.0000000000000000000, 1.000000000000000000, 0.0000000000000000000 ) ) ;
#3697 = EDGE_CURVE ( 'NONE', #2811, #2668, #1175, .T. ) ;
#3698 = ORIENTED_EDGE ( 'NONE', *, *, #1439, .F. ) ;
#3699 = CARTESIAN_POINT ( 'NONE',  ( -0.9700000000000045300, 0.1999999999999999800, 1.129999999999997200 ) ) ;
#3700 = EDGE_CURVE ( 'NONE', #5316, #4976, #3960, .T. ) ;
#3701 = MECHANICAL_DESIGN_GEOMETRIC_PRESENTATION_REPRESENTATION (  '', ( #1057 ), #932 ) ;
#3702 = CARTESIAN_POINT ( 'NONE',  ( 0.9699999999999960900, 0.2000000000000000100, 1.250000000000004000 ) ) ;
#3703 = EDGE_LOOP ( 'NONE', ( #5392, #2215, #516, #105 ) ) ;
#3704 = AXIS2_PLACEMENT_3D ( 'NONE', #684, #5782, #3495 ) ;
#3705 = DIRECTION ( 'NONE',  ( 3.297873808042150800E-015, 0.0000000000000000000, -1.000000000000000000 ) ) ;
#3706 = EDGE_CURVE ( 'NONE', #312, #768, #2724, .T. ) ;
#3707 = CARTESIAN_POINT ( 'NONE',  ( 0.9699999999999997500, 0.04999999999999999600, 0.1300000000000039500 ) ) ;
#3709 = EDGE_CURVE ( 'NONE', #4391, #326, #1527, .T. ) ;
#3708 = CARTESIAN_POINT ( 'NONE',  ( 1.249999999999996400, 0.1999999999999999800, 1.130000000000005200 ) ) ;
#3710 = SURFACE_STYLE_USAGE ( .BOTH. , #1006 ) ;
#3711 =( NAMED_UNIT ( * ) PLANE_ANGLE_UNIT ( ) SI_UNIT ( $, .RADIAN. ) );
#3712 = VERTEX_POINT ( 'NONE', #5472 ) ;
#3713 = CARTESIAN_POINT ( 'NONE',  ( -0.9699999999999993100, 0.1999999999999999800, -0.3700000000000026000 ) ) ;
#3714 = AXIS2_PLACEMENT_3D ( 'NONE', #409, #3163, #4979 ) ;
#3715 = VERTEX_POINT ( 'NONE', #1394 ) ;
#3716 = AXIS2_PLACEMENT_3D ( 'NONE', #4748, #1540, #3800 ) ;
#3717 = DIRECTION ( 'NONE',  ( 3.367572519130504400E-015, 0.0000000000000000000, -1.000000000000000000 ) ) ;
#3718 = LINE ( 'NONE', #994, #1286 ) ;
#3719 = VERTEX_POINT ( 'NONE', #4990 ) ;
#3720 = ORIENTED_EDGE ( 'NONE', *, *, #3433, .T. ) ;
#3721 = DIRECTION ( 'NONE',  ( 1.000000000000000000, 0.0000000000000000000, 4.265911462047064500E-015 ) ) ;
#3722 = VECTOR ( 'NONE', #2513, 1000.000000000000000 ) ;
#3723 = DIRECTION ( 'NONE',  ( 1.000000000000000000, 0.0000000000000000000, 3.925162207837335100E-015 ) ) ;
#3724 = CARTESIAN_POINT ( 'NONE',  ( -1.250000000000004900, 0.6664761515876241900, 1.129999999999996800 ) ) ;
#3725 = DIRECTION ( 'NONE',  ( -0.0000000000000000000, -1.000000000000000000, 0.0000000000000000000 ) ) ;
#3726 = VERTEX_POINT ( 'NONE', #1311 ) ;
#3727 = DIRECTION ( 'NONE',  ( 1.000000000000000000, 0.0000000000000000000, 3.614007241618351500E-015 ) ) ;
#3728 = ORIENTED_EDGE ( 'NONE', *, *, #4805, .F. ) ;
#3729 = VECTOR ( 'NONE', #2133, 1000.000000000000000 ) ;
#3730 = COLOUR_RGB ( '',0.7921568627450980000, 0.8196078431372548800, 0.9333333333333333500 ) ;
#3731 = EDGE_LOOP ( 'NONE', ( #3228, #1465, #3631, #3083 ) ) ;
#3732 = DIRECTION ( 'NONE',  ( 0.0000000000000000000, -1.000000000000000000, 0.0000000000000000000 ) ) ;
#3733 = VECTOR ( 'NONE', #4617, 1000.000000000000000 ) ;
#3734 = EDGE_CURVE ( 'NONE', #3354, #403, #1238, .T. ) ;
#3735 = DIRECTION ( 'NONE',  ( -3.491481338843133400E-015, 0.0000000000000000000, 1.000000000000000000 ) ) ;
#3736 = AXIS2_PLACEMENT_3D ( 'NONE', #2981, #1125, #3453 ) ;
#3737 = DIRECTION ( 'NONE',  ( -1.000000000000000000, 0.0000000000000000000, -4.265911462047065300E-015 ) ) ;
#3738 = FACE_OUTER_BOUND ( 'NONE', #1352, .T. ) ;
#3739 = LINE ( 'NONE', #4635, #1235 ) ;
#3740 = VERTEX_POINT ( 'NONE', #4575 ) ;
#3741 = AXIS2_PLACEMENT_3D ( 'NONE', #5215, #257, #2463 ) ;
#3742 = EDGE_CURVE ( 'NONE', #4284, #3770, #590, .T. ) ;
#3743 = CYLINDRICAL_SURFACE ( 'NONE', #4132, 0.1199999999999998800 ) ;
#3744 = LINE ( 'NONE', #1846, #1242 ) ;
#3745 = EDGE_LOOP ( 'NONE', ( #2701, #4562, #5761, #2833 ) ) ;
#3746 = EDGE_CURVE ( 'NONE', #958, #2956, #5162, .T. ) ;
#3747 = DIRECTION ( 'NONE',  ( -3.297873808042150800E-015, 0.0000000000000000000, 1.000000000000000000 ) ) ;
#3748 = CARTESIAN_POINT ( 'NONE',  ( 1.250000000000003600, 0.04999999999999969700, -0.8699999999999948900 ) ) ;
#3749 = CARTESIAN_POINT ( 'NONE',  ( 1.249999999999999100, 0.04999999999999969700, 0.3700000000000049400 ) ) ;
#3750 = DIRECTION ( 'NONE',  ( -3.491481338843133400E-015, 0.0000000000000000000, 1.000000000000000000 ) ) ;
#3751 = PRESENTATION_LAYER_ASSIGNMENT (  '', '', ( #3415 ) ) ;
#3752 = LINE ( 'NONE', #1308, #1463 ) ;
#3753 = CARTESIAN_POINT ( 'NONE',  ( -0.3700000000000061000, 0.1999999999999999800, 1.749999999999998400 ) ) ;
#3754 = CARTESIAN_POINT ( 'NONE',  ( -0.9700000000000049700, 0.2000000000000000100, 1.249999999999997100 ) ) ;
#3755 = ORIENTED_EDGE ( 'NONE', *, *, #2464, .F. ) ;
#3756 = VERTEX_POINT ( 'NONE', #1427 ) ;
#3757 = DIRECTION ( 'NONE',  ( 1.000000000000000000, 0.0000000000000000000, 3.614007241618351500E-015 ) ) ;
#3758 = DIRECTION ( 'NONE',  ( 3.491481338843133400E-015, 0.0000000000000000000, -1.000000000000000000 ) ) ;
#3759 = ORIENTED_EDGE ( 'NONE', *, *, #907, .F. ) ;
#3760 = CARTESIAN_POINT ( 'NONE',  ( -0.9699999999999975300, 0.2000000000000000100, -0.8700000000000026600 ) ) ;
#3761 = ORIENTED_EDGE ( 'NONE', *, *, #822, .T. ) ;
#3762 = DIRECTION ( 'NONE',  ( -1.000000000000000000, 0.0000000000000000000, -4.265911462047064500E-015 ) ) ;
#3763 = LINE ( 'NONE', #2064, #1189 ) ;
#3764 = ORIENTED_EDGE ( 'NONE', *, *, #2735, .T. ) ;
#3765 = EDGE_LOOP ( 'NONE', ( #4071, #2585, #1669, #3285 ) ) ;
#3766 = DIRECTION ( 'NONE',  ( -1.000000000000000000, 0.0000000000000000000, -2.717051215639202200E-015 ) ) ;
#3767 = MANIFOLD_SOLID_BREP ( 'Body-Move/Copy1[11]', #5499 ) ;
#3768 = FACE_OUTER_BOUND ( 'NONE', #186, .T. ) ;
#3769 = ADVANCED_FACE ( 'NONE', ( #1101 ), #4310, .T. ) ;
#3770 = VERTEX_POINT ( 'NONE', #2788 ) ;
#3771 = CARTESIAN_POINT ( 'NONE',  ( 0.9700000000000047500, 0.2000000000000000100, -1.249999999999996200 ) ) ;
#3772 = DIRECTION ( 'NONE',  ( -1.000000000000000000, 0.0000000000000000000, -2.891205793294674700E-015 ) ) ;
#3773 = ORIENTED_EDGE ( 'NONE', *, *, #5000, .T. ) ;
#3774 = DIRECTION ( 'NONE',  ( 0.0000000000000000000, -1.000000000000000000, 0.0000000000000000000 ) ) ;
#3775 = VERTEX_POINT ( 'NONE', #53 ) ;
#3776 = CARTESIAN_POINT ( 'NONE',  ( 0.3699999999999936700, 0.0000000000000000000, 1.750000000000001100 ) ) ;
#3777 = DIRECTION ( 'NONE',  ( 0.0000000000000000000, -1.000000000000000000, -0.0000000000000000000 ) ) ;
#3778 = EDGE_CURVE ( 'NONE', #5204, #5481, #1390, .T. ) ;
#3779 = CARTESIAN_POINT ( 'NONE',  ( -0.9700000000000036400, 0.1999999999999999800, 0.8699999999999972200 ) ) ;
#3780 = PLANE ( 'NONE',  #260 ) ;
#3781 = EDGE_CURVE ( 'NONE', #5059, #3517, #313, .T. ) ;
#3782 = ORIENTED_EDGE ( 'NONE', *, *, #4306, .T. ) ;
#3783 = DIRECTION ( 'NONE',  ( 1.000000000000000000, 0.0000000000000000000, 3.614007241618351500E-015 ) ) ;
#3784 = DIRECTION ( 'NONE',  ( 0.0000000000000000000, -1.000000000000000000, 0.0000000000000000000 ) ) ;
#3785 = ORIENTED_EDGE ( 'NONE', *, *, #3700, .F. ) ;
#3786 = CARTESIAN_POINT ( 'NONE',  ( -1.250000000000005800, 0.05000000000000000300, 1.749999999999996000 ) ) ;
#3788 = EDGE_CURVE ( 'NONE', #2195, #1072, #4232, .T. ) ;
#3787 = DIRECTION ( 'NONE',  ( 0.0000000000000000000, -1.000000000000000000, 0.0000000000000000000 ) ) ;
#3789 = DIRECTION ( 'NONE',  ( -1.000000000000000000, 0.0000000000000000000, -3.491481338843133400E-015 ) ) ;
#3790 = DIRECTION ( 'NONE',  ( 1.000000000000000000, 0.0000000000000000000, 4.265911462047064500E-015 ) ) ;
#3791 = LINE ( 'NONE', #2073, #2765 ) ;
#3792 = DIRECTION ( 'NONE',  ( -3.685088869644115200E-015, 0.0000000000000000000, 1.000000000000000000 ) ) ;
#3793 = VERTEX_POINT ( 'NONE', #2335 ) ;
#3794 = ORIENTED_EDGE ( 'NONE', *, *, #1822, .F. ) ;
#3795 = ORIENTED_EDGE ( 'NONE', *, *, #5453, .T. ) ;
#3796 = ADVANCED_FACE ( 'NONE', ( #3237 ), #1884, .T. ) ;
#3797 = DIRECTION ( 'NONE',  ( 3.491481338843133400E-015, 0.0000000000000000000, -1.000000000000000000 ) ) ;
#3798 = LINE ( 'NONE', #5422, #5144 ) ;
#3799 = VERTEX_POINT ( 'NONE', #943 ) ;
#3801 = ORIENTED_EDGE ( 'NONE', *, *, #3709, .F. ) ;
#3800 = DIRECTION ( 'NONE',  ( 1.000000000000000000, 0.0000000000000000000, 3.614007241618351500E-015 ) ) ;
#3802 = FACE_OUTER_BOUND ( 'NONE', #527, .T. ) ;
#3803 = VECTOR ( 'NONE', #1714, 1000.000000000000000 ) ;
#3804 = LINE ( 'NONE', #5408, #2785 ) ;
#3805 = CARTESIAN_POINT ( 'NONE',  ( 0.9700000000000008600, 0.6664761515876241900, -0.1299999999999963100 ) ) ;
#3806 = VECTOR ( 'NONE', #2982, 1000.000000000000000 ) ;
#3807 = PLANE ( 'NONE',  #1040 ) ;
#3808 = FACE_OUTER_BOUND ( 'NONE', #719, .T. ) ;
#3809 = ORIENTED_EDGE ( 'NONE', *, *, #4315, .T. ) ;
#3810 = CARTESIAN_POINT ( 'NONE',  ( -0.1299999999999950400, 0.1999999999999999800, -1.470000000000000000 ) ) ;
#3811 = VECTOR ( 'NONE', #4698, 1000.000000000000000 ) ;
#3812 = PLANE ( 'NONE',  #2836 ) ;
#3813 = FACE_OUTER_BOUND ( 'NONE', #5729, .T. ) ;
#3814 = DIRECTION ( 'NONE',  ( 1.000000000000000000, 0.0000000000000000000, 3.614007241618351500E-015 ) ) ;
#3815 = EDGE_CURVE ( 'NONE', #1034, #4864, #1032, .T. ) ;
#3816 = VERTEX_POINT ( 'NONE', #5535 ) ;
#3817 = EDGE_CURVE ( 'NONE', #2279, #5543, #5892, .T. ) ;
#3818 = AXIS2_PLACEMENT_3D ( 'NONE', #57, #529, #5581 ) ;
#3819 = CARTESIAN_POINT ( 'NONE',  ( -0.3700000000000051600, 0.05000000000000002400, 1.469999999999998200 ) ) ;
#3820 = PRESENTATION_STYLE_ASSIGNMENT (( #5056 ) ) ;
#3821 = EDGE_LOOP ( 'NONE', ( #2076, #4030, #1648, #3395 ) ) ;
#3822 = DIRECTION ( 'NONE',  ( 3.491481338843133400E-015, 0.0000000000000000000, -1.000000000000000000 ) ) ;
#3823 = EDGE_LOOP ( 'NONE', ( #1675, #316, #1488, #1284 ) ) ;
#3824 = EDGE_CURVE ( 'NONE', #4034, #3533, #4668, .T. ) ;
#3825 = DIRECTION ( 'NONE',  ( 0.0000000000000000000, -1.000000000000000000, 0.0000000000000000000 ) ) ;
#3826 = EDGE_LOOP ( 'NONE', ( #5373, #3066, #3580, #1895 ) ) ;
#3827 = ADVANCED_FACE ( 'NONE', ( #4591 ), #1002, .F. ) ;
#3828 = DIRECTION ( 'NONE',  ( -0.0000000000000000000, -1.000000000000000000, 0.0000000000000000000 ) ) ;
#3829 = CARTESIAN_POINT ( 'NONE',  ( -1.250000000000001300, 0.6664761515876241900, 0.1299999999999966200 ) ) ;
#3830 = COLOUR_RGB ( '',1.000000000000000000, 1.000000000000000000, 1.000000000000000000 ) ;
#3831 = DIRECTION ( 'NONE',  ( -0.0000000000000000000, -1.000000000000000000, 0.0000000000000000000 ) ) ;
#3832 = ORIENTED_EDGE ( 'NONE', *, *, #745, .F. ) ;
#3833 = PLANE ( 'NONE',  #2107 ) ;
#3834 = VERTEX_POINT ( 'NONE', #4210 ) ;
#3835 = CARTESIAN_POINT ( 'NONE',  ( -1.250000000000001300, 0.2000000000000000100, 0.1299999999999966200 ) ) ;
#3836 = AXIS2_PLACEMENT_3D ( 'NONE', #3070, #1721, #4349 ) ;
#3837 = LINE ( 'NONE', #635, #894 ) ;
#3838 = ORIENTED_EDGE ( 'NONE', *, *, #5264, .T. ) ;
#3839 = DIRECTION ( 'NONE',  ( -1.000000000000000000, 0.0000000000000000000, -2.891205793294674700E-015 ) ) ;
#3840 = VERTEX_POINT ( 'NONE', #3748 ) ;
#3841 = VERTEX_POINT ( 'NONE', #3707 ) ;
#3842 = DIRECTION ( 'NONE',  ( -1.000000000000000000, 0.0000000000000000000, -2.717051215639202600E-015 ) ) ;
#3843 = CARTESIAN_POINT ( 'NONE',  ( -0.9700000000000002000, 0.1999999999999999800, -0.1300000000000028600 ) ) ;
#3844 = VECTOR ( 'NONE', #3130, 1000.000000000000000 ) ;
#3845 = DIRECTION ( 'NONE',  ( 1.000000000000000000, 0.0000000000000000000, 2.717051215639202200E-015 ) ) ;
#3846 = ORIENTED_EDGE ( 'NONE', *, *, #511, .T. ) ;
#3847 = CARTESIAN_POINT ( 'NONE',  ( -0.3700000000000061000, 0.1999999999999999800, 1.749999999999998400 ) ) ;
#3848 = CARTESIAN_POINT ( 'NONE',  ( 1.249999999999996400, 0.2000000000000000100, 1.130000000000005200 ) ) ;
#3849 = CARTESIAN_POINT ( 'NONE',  ( 0.9700000000000025300, 0.6664761515876241900, -0.6299999999999963400 ) ) ;
#3850 = ORIENTED_EDGE ( 'NONE', *, *, #2477, .F. ) ;
#3851 = DIRECTION ( 'NONE',  ( 1.000000000000000000, 0.0000000000000000000, 3.614007241618351500E-015 ) ) ;
#3852 =( LENGTH_UNIT ( ) NAMED_UNIT ( * ) SI_UNIT ( .MILLI., .METRE. ) );
#3853 = PLANE ( 'NONE',  #3741 ) ;
#3854 = DIRECTION ( 'NONE',  ( 4.265911462047065300E-015, 0.0000000000000000000, -1.000000000000000000 ) ) ;
#3855 = ORIENTED_EDGE ( 'NONE', *, *, #1358, .F. ) ;
#3856 = VERTEX_POINT ( 'NONE', #1871 ) ;
#3857 = AXIS2_PLACEMENT_3D ( 'NONE', #505, #4628, #1559 ) ;
#3858 = ADVANCED_FACE ( 'NONE', ( #662 ), #4194, .F. ) ;
#3859 = VERTEX_POINT ( 'NONE', #3684 ) ;
#3860 = EDGE_CURVE ( 'NONE', #2608, #4335, #5750, .T. ) ;
#3861 = AXIS2_PLACEMENT_3D ( 'NONE', #1306, #5381, #4953 ) ;
#3862 = ORIENTED_EDGE ( 'NONE', *, *, #21, .F. ) ;
#3863 = AXIS2_PLACEMENT_3D ( 'NONE', #2592, #3559, #819 ) ;
#3864 = ORIENTED_EDGE ( 'NONE', *, *, #3171, .T. ) ;
#3865 = DIRECTION ( 'NONE',  ( -1.000000000000000000, 0.0000000000000000000, -4.265911462047065300E-015 ) ) ;
#3866 = FACE_OUTER_BOUND ( 'NONE', #2564, .T. ) ;
#3867 = CARTESIAN_POINT ( 'NONE',  ( 1.250000000000004400, 0.2000000000000000100, -1.129999999999995200 ) ) ;
#3868 = ORIENTED_EDGE ( 'NONE', *, *, #21, .T. ) ;
#3869 = EDGE_LOOP ( 'NONE', ( #2217, #3530, #2181, #5165 ) ) ;
#3870 = PLANE ( 'NONE',  #417 ) ;
#3871 = LINE ( 'NONE', #3117, #1437 ) ;
#3872 = DIRECTION ( 'NONE',  ( -3.491481338843133400E-015, 0.0000000000000000000, 1.000000000000000000 ) ) ;
#3873 = LINE ( 'NONE', #2999, #4581 ) ;
#3874 = CIRCLE ( 'NONE', #3818, 0.1199999999999998800 ) ;
#3875 = EDGE_LOOP ( 'NONE', ( #667, #5185, #2371, #2330 ) ) ;
#3876 = CYLINDRICAL_SURFACE ( 'NONE', #5187, 0.1199999999999998800 ) ;
#3877 = VECTOR ( 'NONE', #4762, 1000.000000000000000 ) ;
#3878 = VERTEX_POINT ( 'NONE', #2296 ) ;
#3879 = CARTESIAN_POINT ( 'NONE',  ( -0.9700000000000031900, 0.0000000000000000000, 0.7499999999999973400 ) ) ;
#3880 = ADVANCED_FACE ( 'NONE', ( #2236 ), #4164, .F. ) ;
#3881 = EDGE_CURVE ( 'NONE', #4320, #879, #3458, .T. ) ;
#3882 = PLANE ( 'NONE',  #2367 ) ;
#3883 = FACE_OUTER_BOUND ( 'NONE', #3823, .T. ) ;
#3884 = CYLINDRICAL_SURFACE ( 'NONE', #1386, 0.1199999999999998800 ) ;
#3885 =( LENGTH_UNIT ( ) NAMED_UNIT ( * ) SI_UNIT ( .MILLI., .METRE. ) );
#3886 = VECTOR ( 'NONE', #5778, 1000.000000000000000 ) ;
#3887 = ORIENTED_EDGE ( 'NONE', *, *, #1209, .F. ) ;
#3888 = EDGE_CURVE ( 'NONE', #249, #312, #3315, .T. ) ;
#3889 = SURFACE_STYLE_FILL_AREA ( #2072 ) ;
#3890 = CIRCLE ( 'NONE', #564, 0.1199999999999998800 ) ;
#3891 = ORIENTED_EDGE ( 'NONE', *, *, #4151, .T. ) ;
#3892 = CARTESIAN_POINT ( 'NONE',  ( 1.250000000000003600, 0.0000000000000000000, -0.8699999999999948900 ) ) ;
#3893 = ORIENTED_EDGE ( 'NONE', *, *, #442, .T. ) ;
#3894 = EDGE_CURVE ( 'NONE', #5572, #457, #5600, .T. ) ;
#3895 = AXIS2_PLACEMENT_3D ( 'NONE', #4108, #2285, #4050 ) ;
#3896 = CARTESIAN_POINT ( 'NONE',  ( -0.9700000000000014200, 0.1999999999999999800, 0.2499999999999973100 ) ) ;
#3897 = DIRECTION ( 'NONE',  ( 1.000000000000000000, 0.0000000000000000000, 3.614007241618351500E-015 ) ) ;
#3898 = DIRECTION ( 'NONE',  ( 0.0000000000000000000, -1.000000000000000000, 0.0000000000000000000 ) ) ;
#3899 = LINE ( 'NONE', #4539, #2526 ) ;
#3900 = MECHANICAL_DESIGN_GEOMETRIC_PRESENTATION_REPRESENTATION (  '', ( #3589 ), #2474 ) ;
#3901 = VERTEX_POINT ( 'NONE', #1588 ) ;
#3902 = EDGE_CURVE ( 'NONE', #5560, #4089, #4525, .T. ) ;
#3903 = VERTEX_POINT ( 'NONE', #1132 ) ;
#3904 = EDGE_CURVE ( 'NONE', #461, #5491, #1673, .T. ) ;
#3905 = DIRECTION ( 'NONE',  ( -3.491481338843133400E-015, 0.0000000000000000000, 1.000000000000000000 ) ) ;
#3906 = LINE ( 'NONE', #882, #4460 ) ;
#3907 = ORIENTED_EDGE ( 'NONE', *, *, #5120, .T. ) ;
#3908 = PLANE ( 'NONE',  #3554 ) ;
#3909 = DIRECTION ( 'NONE',  ( -0.0000000000000000000, -1.000000000000000000, 0.0000000000000000000 ) ) ;
#3910 = ORIENTED_EDGE ( 'NONE', *, *, #633, .T. ) ;
#3911 = FACE_OUTER_BOUND ( 'NONE', #3095, .T. ) ;
#3912 = CARTESIAN_POINT ( 'NONE',  ( -1.250000000000005800, 0.2000000000000000100, 1.369999999999996300 ) ) ;
#3913 = VERTEX_POINT ( 'NONE', #122 ) ;
#3914 = VERTEX_POINT ( 'NONE', #2889 ) ;
#3915 = CARTESIAN_POINT ( 'NONE',  ( 0.9700000000000047500, 0.6664761515876241900, -1.249999999999996200 ) ) ;
#3916 = ADVANCED_FACE ( 'NONE', ( #3813 ), #598, .T. ) ;
#3917 = DIRECTION ( 'NONE',  ( 3.491481338843133400E-015, 0.0000000000000000000, -1.000000000000000000 ) ) ;
#3918 = DIRECTION ( 'NONE',  ( -1.000000000000000000, 0.0000000000000000000, -2.891205793294674700E-015 ) ) ;
#3919 = CARTESIAN_POINT ( 'NONE',  ( 0.1300000000000051400, 0.05000000000000002400, -1.469999999999999100 ) ) ;
#3920 = ORIENTED_EDGE ( 'NONE', *, *, #3270, .T. ) ;
#3921 = DIRECTION ( 'NONE',  ( 1.000000000000000000, 0.0000000000000000000, 4.265911462047064500E-015 ) ) ;
#3922 = FILL_AREA_STYLE_COLOUR ( '', #4209 ) ;
#3923 = EDGE_CURVE ( 'NONE', #4333, #3693, #5594, .T. ) ;
#3924 = EDGE_CURVE ( 'NONE', #4983, #1421, #1384, .T. ) ;
#3925 = AXIS2_PLACEMENT_3D ( 'NONE', #3666, #5475, #2770 ) ;
#3926 = DIRECTION ( 'NONE',  ( -1.000000000000000000, 0.0000000000000000000, -4.265911462047065300E-015 ) ) ;
#3927 = CARTESIAN_POINT ( 'NONE',  ( -1.250000000000004000, 0.1999999999999999800, 0.8699999999999964400 ) ) ;
#3929 = CIRCLE ( 'NONE', #1211, 0.1199999999999998800 ) ;
#3928 = DIRECTION ( 'NONE',  ( -1.000000000000000000, 0.0000000000000000000, -2.717051215639202600E-015 ) ) ;
#3930 = CARTESIAN_POINT ( 'NONE',  ( -1.249999999999995300, 0.05000000000000000300, -1.370000000000003700 ) ) ;
#3931 = EDGE_CURVE ( 'NONE', #5393, #3775, #3599, .T. ) ;
#3932 = ORIENTED_EDGE ( 'NONE', *, *, #1207, .F. ) ;
#3933 = ORIENTED_EDGE ( 'NONE', *, *, #1526, .F. ) ;
#3934 = ORIENTED_EDGE ( 'NONE', *, *, #2277, .T. ) ;
#3935 = DIRECTION ( 'NONE',  ( 0.0000000000000000000, -1.000000000000000000, 0.0000000000000000000 ) ) ;
#3936 = FACE_OUTER_BOUND ( 'NONE', #695, .T. ) ;
#3937 = VERTEX_POINT ( 'NONE', #1962 ) ;
#3938 = CARTESIAN_POINT ( 'NONE',  ( 1.249999999999998200, 0.0000000000000000000, 0.6300000000000051100 ) ) ;
#3939 = ORIENTED_EDGE ( 'NONE', *, *, #1170, .T. ) ;
#3940 = ADVANCED_FACE ( 'NONE', ( #583 ), #3307, .F. ) ;
#3941 = LINE ( 'NONE', #1471, #4365 ) ;
#3942 = VECTOR ( 'NONE', #785, 1000.000000000000000 ) ;
#3943 = FACE_OUTER_BOUND ( 'NONE', #1838, .T. ) ;
#3944 = AXIS2_PLACEMENT_3D ( 'NONE', #4266, #3374, #3842 ) ;
#3945 = MANIFOLD_SOLID_BREP ( 'Body-Move/Copy1[3]', #4634 ) ;
#3946 = CARTESIAN_POINT ( 'NONE',  ( -0.9699999999999963100, 0.1999999999999999800, -1.250000000000002900 ) ) ;
#3947 = CIRCLE ( 'NONE', #1600, 0.1199999999999998600 ) ;
#3948 = VERTEX_POINT ( 'NONE', #2864 ) ;
#3949 = VECTOR ( 'NONE', #620, 1000.000000000000000 ) ;
#3950 =( NAMED_UNIT ( * ) PLANE_ANGLE_UNIT ( ) SI_UNIT ( $, .RADIAN. ) );
#3951 =( LENGTH_UNIT ( ) NAMED_UNIT ( * ) SI_UNIT ( .MILLI., .METRE. ) );
#3952 = CARTESIAN_POINT ( 'NONE',  ( 0.5000000000000036600, 2.436067977499790000, -0.9999999999999978900 ) ) ;
#3953 = DIRECTION ( 'NONE',  ( -3.491481338843133400E-015, 0.0000000000000000000, 1.000000000000000000 ) ) ;
#3954 = DIRECTION ( 'NONE',  ( -0.0000000000000000000, -1.000000000000000000, -0.0000000000000000000 ) ) ;
#3955 = CARTESIAN_POINT ( 'NONE',  ( 1.249999999999996400, 0.2000000000000000100, 1.130000000000005200 ) ) ;
#3956 = VECTOR ( 'NONE', #1014, 1000.000000000000000 ) ;
#3957 = CIRCLE ( 'NONE', #61, 0.1199999999999998800 ) ;
#3958 = ORIENTED_EDGE ( 'NONE', *, *, #5528, .F. ) ;
#3959 = DIRECTION ( 'NONE',  ( 1.000000000000000000, 0.0000000000000000000, 2.717051215639202600E-015 ) ) ;
#3960 = LINE ( 'NONE', #4044, #4096 ) ;
#3961 = DIRECTION ( 'NONE',  ( -3.367572519130504400E-015, 0.0000000000000000000, 1.000000000000000000 ) ) ;
#3962 = ORIENTED_EDGE ( 'NONE', *, *, #1790, .F. ) ;
#3963 = ORIENTED_EDGE ( 'NONE', *, *, #3283, .T. ) ;
#3964 = AXIS2_PLACEMENT_3D ( 'NONE', #88, #2732, #3224 ) ;
#3965 = FILL_AREA_STYLE ('',( #4473 ) ) ;
#3966 = LINE ( 'NONE', #707, #4028 ) ;
#3967 = VERTEX_POINT ( 'NONE', #2410 ) ;
#3968 = EDGE_CURVE ( 'NONE', #283, #5722, #2511, .T. ) ;
#3969 = ADVANCED_FACE ( 'NONE', ( #870 ), #3807, .T. ) ;
#3970 = ORIENTED_EDGE ( 'NONE', *, *, #3468, .F. ) ;
#3971 = VERTEX_POINT ( 'NONE', #2905 ) ;
#3972 = DIRECTION ( 'NONE',  ( 1.000000000000000000, 0.0000000000000000000, 4.265911462047064500E-015 ) ) ;
#3973 = ORIENTED_EDGE ( 'NONE', *, *, #3817, .F. ) ;
#3974 = LINE ( 'NONE', #5123, #3334 ) ;
#3975 = DIRECTION ( 'NONE',  ( 0.0000000000000000000, -1.000000000000000000, 0.0000000000000000000 ) ) ;
#3976 = VERTEX_POINT ( 'NONE', #3423 ) ;
#3977 = EDGE_LOOP ( 'NONE', ( #3191, #5815, #2036, #238 ) ) ;
#3978 = ORIENTED_EDGE ( 'NONE', *, *, #2834, .T. ) ;
#3979 = LINE ( 'NONE', #5796, #52 ) ;
#3980 = CARTESIAN_POINT ( 'NONE',  ( -1.250000000000002900, 0.1999999999999996500, 0.8699999999999964400 ) ) ;
#3981 = ORIENTED_EDGE ( 'NONE', *, *, #4316, .T. ) ;
#3982 = APPLICATION_PROTOCOL_DEFINITION ( 'draft international standard', 'automotive_design', 1998, #3056 ) ;
#3983 = ORIENTED_EDGE ( 'NONE', *, *, #2649, .T. ) ;
#3984 = DIRECTION ( 'NONE',  ( -1.000000000000000000, 0.0000000000000000000, -2.717051215639202600E-015 ) ) ;
#3985 = PLANE ( 'NONE',  #1787 ) ;
#3986 = EDGE_LOOP ( 'NONE', ( #4465, #2919, #4730, #1187 ) ) ;
#3987 = ORIENTED_EDGE ( 'NONE', *, *, #1439, .T. ) ;
#3988 = DIRECTION ( 'NONE',  ( -1.000000000000000000, 0.0000000000000000000, -2.717051215639202600E-015 ) ) ;
#3989 = EDGE_CURVE ( 'NONE', #4630, #5009, #4374, .T. ) ;
#3990 = CARTESIAN_POINT ( 'NONE',  ( -1.099999999999998300, 0.9000000000000000200, -1.450000000000003500 ) ) ;
#3991 = ADVANCED_FACE ( 'NONE', ( #158 ), #3882, .T. ) ;
#3992 = VERTEX_POINT ( 'NONE', #5253 ) ;
#3993 = LINE ( 'NONE', #2980, #5569 ) ;
#3994 = DIRECTION ( 'NONE',  ( 1.000000000000000000, 0.0000000000000000000, 3.614007241618351500E-015 ) ) ;
#3995 = EDGE_CURVE ( 'NONE', #2764, #5210, #1740, .T. ) ;
#3996 = ORIENTED_EDGE ( 'NONE', *, *, #2531, .T. ) ;
#3997 = EDGE_CURVE ( 'NONE', #4354, #5846, #733, .T. ) ;
#3998 = AXIS2_PLACEMENT_3D ( 'NONE', #1987, #2032, #4273 ) ;
#3999 = VECTOR ( 'NONE', #4929, 1000.000000000000000 ) ;
#4000 = VERTEX_POINT ( 'NONE', #890 ) ;
#4001 = AXIS2_PLACEMENT_3D ( 'NONE', #1550, #1963, #5154 ) ;
#4002 = ORIENTED_EDGE ( 'NONE', *, *, #405, .T. ) ;
#4003 = CARTESIAN_POINT ( 'NONE',  ( -0.9700000000000018600, 0.2000000000000000100, 0.3699999999999971600 ) ) ;
#4004 = CARTESIAN_POINT ( 'NONE',  ( -1.250000000000003100, 0.1999999999999999800, 0.6299999999999966700 ) ) ;
#4005 = CARTESIAN_POINT ( 'NONE',  ( -0.3699999999999948300, 0.1999999999999999800, -1.470000000000000900 ) ) ;
#4006 = EDGE_CURVE ( 'NONE', #1450, #774, #5014, .T. ) ;
#4007 = LINE ( 'NONE', #665, #3722 ) ;
#4008 = EDGE_CURVE ( 'NONE', #4589, #4208, #2792, .T. ) ;
#4009 = ORIENTED_EDGE ( 'NONE', *, *, #3635, .T. ) ;
#4010 = LINE ( 'NONE', #5494, #2783 ) ;
#4011 = VERTEX_POINT ( 'NONE', #1355 ) ;
#4012 = VECTOR ( 'NONE', #1949, 1000.000000000000000 ) ;
#4013 = UNCERTAINTY_MEASURE_WITH_UNIT (LENGTH_MEASURE( 1.000000000000000100E-005 ), #448, 'distance_accuracy_value', 'NONE');
#4014 = AXIS2_PLACEMENT_3D ( 'NONE', #5404, #2695, #1848 ) ;
#4015 = DIRECTION ( 'NONE',  ( 0.0000000000000000000, -1.000000000000000000, 0.0000000000000000000 ) ) ;
#4016 = VECTOR ( 'NONE', #4435, 1000.000000000000000 ) ;
#4017 = CARTESIAN_POINT ( 'NONE',  ( 0.3700000000000058800, 0.6664761515876238600, -1.749999999999998400 ) ) ;
#4018 = CLOSED_SHELL ( 'NONE', ( #4290, #2815, #1097, #4892, #1277, #3222, #2634 ) ) ;
#4019 = CARTESIAN_POINT ( 'NONE',  ( -1.250000000000004900, 0.2000000000000000100, 1.129999999999996800 ) ) ;
#4020 = VECTOR ( 'NONE', #1918, 1000.000000000000000 ) ;
#4021 = VECTOR ( 'NONE', #959, 1000.000000000000000 ) ;
#4022 = LINE ( 'NONE', #5575, #5519 ) ;
#4023 = EDGE_LOOP ( 'NONE', ( #739, #2147, #5482, #1095, #1930 ) ) ;
#4024 = CARTESIAN_POINT ( 'NONE',  ( -0.9699999999999966400, 0.1999999999999999800, -1.130000000000003000 ) ) ;
#4025 = ADVANCED_FACE ( 'NONE', ( #1167 ), #5883, .F. ) ;
#4026 = DIRECTION ( 'NONE',  ( 1.000000000000000000, 0.0000000000000000000, 3.614007241618351500E-015 ) ) ;
#4027 = DIRECTION ( 'NONE',  ( 0.0000000000000000000, 1.000000000000000000, 0.0000000000000000000 ) ) ;
#4028 = VECTOR ( 'NONE', #5728, 1000.000000000000000 ) ;
#4029 = VECTOR ( 'NONE', #617, 1000.000000000000000 ) ;
#4030 = ORIENTED_EDGE ( 'NONE', *, *, #2393, .T. ) ;
#4031 = VERTEX_POINT ( 'NONE', #908 ) ;
#4032 = EDGE_CURVE ( 'NONE', #4335, #3210, #4517, .T. ) ;
#4033 = CIRCLE ( 'NONE', #3479, 0.1199999999999998800 ) ;
#4034 = VERTEX_POINT ( 'NONE', #4128 ) ;
#4035 = PRESENTATION_LAYER_ASSIGNMENT (  '', '', ( #2611 ) ) ;
#4036 = DIRECTION ( 'NONE',  ( 3.685088869644115200E-015, -0.0000000000000000000, -1.000000000000000000 ) ) ;
#4037 = ORIENTED_EDGE ( 'NONE', *, *, #3923, .T. ) ;
#4038 = LINE ( 'NONE', #2216, #1902 ) ;
#4039 = AXIS2_PLACEMENT_3D ( 'NONE', #5310, #5788, #3040 ) ;
#4040 = ORIENTED_EDGE ( 'NONE', *, *, #5124, .T. ) ;
#4041 = DIRECTION ( 'NONE',  ( 2.717051215639202600E-015, 0.0000000000000000000, -1.000000000000000000 ) ) ;
#4042 = EDGE_CURVE ( 'NONE', #4903, #1124, #1666, .T. ) ;
#4043 = ORIENTED_EDGE ( 'NONE', *, *, #859, .F. ) ;
#4044 = CARTESIAN_POINT ( 'NONE',  ( 0.3699999999999945000, 0.6664761515876238600, 1.470000000000000900 ) ) ;
#4046 = EDGE_CURVE ( 'NONE', #3673, #4569, #2443, .T. ) ;
#4045 = DIRECTION ( 'NONE',  ( 3.491481338843133400E-015, 0.0000000000000000000, -1.000000000000000000 ) ) ;
#4047 = DIRECTION ( 'NONE',  ( 0.0000000000000000000, -1.000000000000000000, 0.0000000000000000000 ) ) ;
#4048 = SURFACE_STYLE_USAGE ( .BOTH. , #2600 ) ;
#4049 = LINE ( 'NONE', #4375, #2894 ) ;
#4050 = DIRECTION ( 'NONE',  ( 1.000000000000000000, 0.0000000000000000000, 2.717051215639202200E-015 ) ) ;
#4051 = ORIENTED_EDGE ( 'NONE', *, *, #364, .F. ) ;
#4052 = MECHANICAL_DESIGN_GEOMETRIC_PRESENTATION_REPRESENTATION (  '', ( #2180 ), #1953 ) ;
#4053 = VERTEX_POINT ( 'NONE', #1381 ) ;
#4054 = CARTESIAN_POINT ( 'NONE',  ( -0.9700000000000045300, 0.04999999999999999600, 1.129999999999997200 ) ) ;
#4055 = DIRECTION ( 'NONE',  ( -3.297873808042150800E-015, 0.0000000000000000000, 1.000000000000000000 ) ) ;
#4056 = ADVANCED_FACE ( 'NONE', ( #1233 ), #4626, .F. ) ;
#4057 = DIRECTION ( 'NONE',  ( 1.000000000000000000, 0.0000000000000000000, 3.614007241618351500E-015 ) ) ;
#4058 = CARTESIAN_POINT ( 'NONE',  ( 0.9699999999999979700, 0.2000000000000000100, 0.6300000000000038900 ) ) ;
#4059 = ORIENTED_EDGE ( 'NONE', *, *, #2649, .F. ) ;
#4060 = EDGE_LOOP ( 'NONE', ( #965, #22, #4491, #3970 ) ) ;
#4061 = DIRECTION ( 'NONE',  ( -1.000000000000000000, 0.0000000000000000000, -4.265911462047065300E-015 ) ) ;
#4062 = DIRECTION ( 'NONE',  ( 0.0000000000000000000, 1.000000000000000000, 0.0000000000000000000 ) ) ;
#4063 = DIRECTION ( 'NONE',  ( 2.717051215639202200E-015, 0.0000000000000000000, -1.000000000000000000 ) ) ;
#4064 = CARTESIAN_POINT ( 'NONE',  ( -0.9700000000000014200, 0.04999999999999999600, 0.2499999999999973100 ) ) ;
#4065 = DIRECTION ( 'NONE',  ( -2.717051215639202200E-015, 0.0000000000000000000, 1.000000000000000000 ) ) ;
#4066 = EDGE_LOOP ( 'NONE', ( #4665, #783, #3547, #1877 ) ) ;
#4067 = CARTESIAN_POINT ( 'NONE',  ( 0.4999999999999967800, 0.05000000000000012800, 1.000000000000002400 ) ) ;
#4068 = PLANE ( 'NONE',  #957 ) ;
#4069 = EDGE_CURVE ( 'NONE', #2804, #2419, #1604, .T. ) ;
#4070 = LINE ( 'NONE', #1602, #4561 ) ;
#4071 = ORIENTED_EDGE ( 'NONE', *, *, #625, .F. ) ;
#4072 = ORIENTED_EDGE ( 'NONE', *, *, #3881, .F. ) ;
#4073 = DIRECTION ( 'NONE',  ( 0.0000000000000000000, 1.000000000000000000, 0.0000000000000000000 ) ) ;
#4074 = EDGE_CURVE ( 'NONE', #4926, #2352, #20, .T. ) ;
#4075 = VERTEX_POINT ( 'NONE', #5477 ) ;
#4076 = ORIENTED_EDGE ( 'NONE', *, *, #1667, .F. ) ;
#4077 = AXIS2_PLACEMENT_3D ( 'NONE', #5180, #1075, #3367 ) ;
#4078 = DIRECTION ( 'NONE',  ( 0.0000000000000000000, -1.000000000000000000, 0.0000000000000000000 ) ) ;
#4079 = DIRECTION ( 'NONE',  ( 0.0000000000000000000, -1.000000000000000000, 0.0000000000000000000 ) ) ;
#4080 = CIRCLE ( 'NONE', #1255, 0.1199999999999998800 ) ;
#4081 = LINE ( 'NONE', #4461, #3942 ) ;
#4082 = FACE_OUTER_BOUND ( 'NONE', #5864, .T. ) ;
#4083 = DIRECTION ( 'NONE',  ( 1.000000000000000000, 0.0000000000000000000, 3.491481338843133400E-015 ) ) ;
#4084 = MECHANICAL_DESIGN_GEOMETRIC_PRESENTATION_REPRESENTATION (  '', ( #1832 ), #5701 ) ;
#4085 = DIRECTION ( 'NONE',  ( 3.491481338843133400E-015, 0.0000000000000000000, -1.000000000000000000 ) ) ;
#4086 = CARTESIAN_POINT ( 'NONE',  ( -1.249999999999997800, 0.2000000000000000100, -0.8700000000000033300 ) ) ;
#4087 = DIRECTION ( 'NONE',  ( 0.0000000000000000000, 1.000000000000000000, 0.0000000000000000000 ) ) ;
#4088 = LINE ( 'NONE', #4873, #4016 ) ;
#4089 = VERTEX_POINT ( 'NONE', #2287 ) ;
#4090 = EDGE_CURVE ( 'NONE', #3524, #3335, #4227, .T. ) ;
#4091 = CARTESIAN_POINT ( 'NONE',  ( -0.2500000000000053800, 0.6664761515876238600, 1.469999999999998900 ) ) ;
#4092 = FACE_OUTER_BOUND ( 'NONE', #5760, .T. ) ;
#4093 = DIRECTION ( 'NONE',  ( 0.0000000000000000000, -1.000000000000000000, 0.0000000000000000000 ) ) ;
#4094 = LINE ( 'NONE', #5850, #4794 ) ;
#4095 = EDGE_LOOP ( 'NONE', ( #2622, #2851, #5837, #3388 ) ) ;
#4096 = VECTOR ( 'NONE', #3636, 1000.000000000000000 ) ;
#4097 = LINE ( 'NONE', #3912, #2512 ) ;
#4098 = ORIENTED_EDGE ( 'NONE', *, *, #1513, .T. ) ;
#4099 = ORIENTED_EDGE ( 'NONE', *, *, #2012, .F. ) ;
#4100 = CARTESIAN_POINT ( 'NONE',  ( -1.250000000000001300, 0.04999999999999969700, 0.1299999999999966200 ) ) ;
#4101 = DIRECTION ( 'NONE',  ( 3.491481338843133400E-015, 0.0000000000000000000, -1.000000000000000000 ) ) ;
#4102 = CARTESIAN_POINT ( 'NONE',  ( -0.9700000000000031900, 0.2000000000000000100, 0.7499999999999973400 ) ) ;
#4103 = LINE ( 'NONE', #1676, #2872 ) ;
#4104 = CARTESIAN_POINT ( 'NONE',  ( 0.9700000000000011900, 0.2000000000000000100, -0.2499999999999962000 ) ) ;
#4105 = DIRECTION ( 'NONE',  ( 0.0000000000000000000, 1.000000000000000000, 0.0000000000000000000 ) ) ;
#4106 = ORIENTED_EDGE ( 'NONE', *, *, #2640, .F. ) ;
#4107 = EDGE_LOOP ( 'NONE', ( #4896, #2479, #3868, #5153 ) ) ;
#4108 = CARTESIAN_POINT ( 'NONE',  ( -1.249999999999999600, 0.6664761515876241900, -0.3700000000000034400 ) ) ;
#4109 = DIRECTION ( 'NONE',  ( 1.000000000000000000, 0.0000000000000000000, 4.265911462047064500E-015 ) ) ;
#4110 = LINE ( 'NONE', #4811, #536 ) ;
#4111 = ORIENTED_EDGE ( 'NONE', *, *, #5873, .T. ) ;
#4112 = EDGE_CURVE ( 'NONE', #1598, #793, #443, .T. ) ;
#4113 = DIRECTION ( 'NONE',  ( -1.000000000000000000, 0.0000000000000000000, -2.891205793294674700E-015 ) ) ;
#4114 = EDGE_CURVE ( 'NONE', #5846, #4930, #5157, .T. ) ;
#4115 = VECTOR ( 'NONE', #2563, 1000.000000000000000 ) ;
#4116 = AXIS2_PLACEMENT_3D ( 'NONE', #2414, #1950, #4297 ) ;
#4117 = ORIENTED_EDGE ( 'NONE', *, *, #1603, .F. ) ;
#4118 = EDGE_LOOP ( 'NONE', ( #1921, #4871, #5116, #5723 ) ) ;
#4119 = VERTEX_POINT ( 'NONE', #2303 ) ;
#4120 = LINE ( 'NONE', #1821, #2967 ) ;
#4121 = ADVANCED_FACE ( 'NONE', ( #2650 ), #5002, .F. ) ;
#4122 = EDGE_CURVE ( 'NONE', #5596, #5204, #2859, .T. ) ;
#4123 = CARTESIAN_POINT ( 'NONE',  ( -0.9699999999999984200, 0.1999999999999999800, -0.6300000000000028900 ) ) ;
#4124 = VERTEX_POINT ( 'NONE', #2755 ) ;
#4125 = CARTESIAN_POINT ( 'NONE',  ( -0.1299999999999941200, 0.6664761515876238600, -1.750000000000000200 ) ) ;
#4126 = CARTESIAN_POINT ( 'NONE',  ( -1.250000000000000400, 0.2000000000000000100, -0.1300000000000036100 ) ) ;
#4127 = CARTESIAN_POINT ( 'NONE',  ( -0.9699999999999979700, 0.2000000000000000100, -0.7500000000000027800 ) ) ;
#4128 = CARTESIAN_POINT ( 'NONE',  ( -1.250000000000005800, 0.1999999999999999800, 1.369999999999996300 ) ) ;
#4129 = EDGE_LOOP ( 'NONE', ( #79, #5798, #2002, #5776 ) ) ;
#4130 = DIRECTION ( 'NONE',  ( 0.0000000000000000000, -1.000000000000000000, 0.0000000000000000000 ) ) ;
#4131 = EDGE_LOOP ( 'NONE', ( #4684, #3958, #5604, #322 ) ) ;
#4132 = AXIS2_PLACEMENT_3D ( 'NONE', #1022, #1482, #4671 ) ;
#4133 = VERTEX_POINT ( 'NONE', #3779 ) ;
#4134 = CARTESIAN_POINT ( 'NONE',  ( -0.9700000000000002000, 0.6664761515876241900, -0.1300000000000028600 ) ) ;
#4135 = ORIENTED_EDGE ( 'NONE', *, *, #5256, .T. ) ;
#4136 = CIRCLE ( 'NONE', #299, 0.1199999999999998800 ) ;
#4137 =( LENGTH_UNIT ( ) NAMED_UNIT ( * ) SI_UNIT ( .MILLI., .METRE. ) );
#4138 = ORIENTED_EDGE ( 'NONE', *, *, #5227, .T. ) ;
#4139 = ORIENTED_EDGE ( 'NONE', *, *, #1633, .F. ) ;
#4140 = ADVANCED_FACE ( 'NONE', ( #513 ), #3267, .T. ) ;
#4141 = VECTOR ( 'NONE', #4280, 1000.000000000000000 ) ;
#4142 = ORIENTED_EDGE ( 'NONE', *, *, #3881, .T. ) ;
#4143 = VERTEX_POINT ( 'NONE', #3713 ) ;
#4144 = DIRECTION ( 'NONE',  ( 1.000000000000000000, 0.0000000000000000000, 4.265911462047064500E-015 ) ) ;
#4145 = AXIS2_PLACEMENT_3D ( 'NONE', #3168, #5888, #4085 ) ;
#4146 = VECTOR ( 'NONE', #3618, 1000.000000000000000 ) ;
#4147 = FACE_OUTER_BOUND ( 'NONE', #3073, .T. ) ;
#4148 = SURFACE_SIDE_STYLE ('',( #3537 ) ) ;
#4149 = VECTOR ( 'NONE', #4364, 1000.000000000000000 ) ;
#4150 = CARTESIAN_POINT ( 'NONE',  ( -0.1299999999999950400, 0.1999999999999999800, -1.470000000000000000 ) ) ;
#4151 = EDGE_CURVE ( 'NONE', #5567, #5059, #4728, .T. ) ;
#4152 = VECTOR ( 'NONE', #5646, 1000.000000000000000 ) ;
#4153 = ORIENTED_EDGE ( 'NONE', *, *, #1264, .T. ) ;
#4154 = VECTOR ( 'NONE', #19, 1000.000000000000000 ) ;
#4155 = CARTESIAN_POINT ( 'NONE',  ( -0.9699999999999963100, 0.2000000000000000100, -1.250000000000002900 ) ) ;
#4156 = FACE_OUTER_BOUND ( 'NONE', #1993, .T. ) ;
#4157 =( NAMED_UNIT ( * ) SI_UNIT ( $, .STERADIAN. ) SOLID_ANGLE_UNIT ( ) );
#4158 = LINE ( 'NONE', #2711, #2160 ) ;
#4159 = ORIENTED_EDGE ( 'NONE', *, *, #3464, .T. ) ;
#4160 = DIRECTION ( 'NONE',  ( 0.0000000000000000000, -1.000000000000000000, 0.0000000000000000000 ) ) ;
#4161 = AXIS2_PLACEMENT_3D ( 'NONE', #4868, #4015, #1272 ) ;
#4162 = CARTESIAN_POINT ( 'NONE',  ( 0.1299999999999949000, 0.0000000000000000000, 1.470000000000000000 ) ) ;
#4163 =( NAMED_UNIT ( * ) SI_UNIT ( $, .STERADIAN. ) SOLID_ANGLE_UNIT ( ) );
#4164 = CYLINDRICAL_SURFACE ( 'NONE', #1608, 0.1199999999999998800 ) ;
#4165 = CIRCLE ( 'NONE', #2594, 0.1199999999999998800 ) ;
#4166 = DIRECTION ( 'NONE',  ( 1.000000000000000000, 0.0000000000000000000, 3.614007241618351500E-015 ) ) ;
#4167 = FACE_OUTER_BOUND ( 'NONE', #3507, .T. ) ;
#4168 = EDGE_LOOP ( 'NONE', ( #343, #4547, #2211, #445 ) ) ;
#4169 = VECTOR ( 'NONE', #5403, 1000.000000000000000 ) ;
#4170 = ORIENTED_EDGE ( 'NONE', *, *, #702, .F. ) ;
#4171 = VERTEX_POINT ( 'NONE', #1968 ) ;
#4172 = LINE ( 'NONE', #3708, #5897 ) ;
#4173 = CARTESIAN_POINT ( 'NONE',  ( -0.3699999999999938900, 0.6664761515876238600, -1.750000000000001100 ) ) ;
#4174 = ORIENTED_EDGE ( 'NONE', *, *, #615, .F. ) ;
#4175 = ADVANCED_FACE ( 'NONE', ( #5234 ), #1929, .F. ) ;
#4176 = CARTESIAN_POINT ( 'NONE',  ( 1.249999999999999800, 0.1999999999999996500, 0.1300000000000049200 ) ) ;
#4177 = DIRECTION ( 'NONE',  ( -1.000000000000000000, 0.0000000000000000000, -4.265911462047065300E-015 ) ) ;
#4178 = DIRECTION ( 'NONE',  ( -3.491481338843133400E-015, 0.0000000000000000000, 1.000000000000000000 ) ) ;
#4179 = VECTOR ( 'NONE', #2046, 1000.000000000000000 ) ;
#4180 = PLANE ( 'NONE',  #1364 ) ;
#4181 = CLOSED_SHELL ( 'NONE', ( #1452, #5800, #1546, #4385, #5830, #2842 ) ) ;
#4182 = EDGE_CURVE ( 'NONE', #4818, #5481, #378, .T. ) ;
#4183 = ORIENTED_EDGE ( 'NONE', *, *, #1940, .F. ) ;
#4184 = DIRECTION ( 'NONE',  ( -1.000000000000000000, 0.0000000000000000000, -3.491481338843133400E-015 ) ) ;
#4185 = LINE ( 'NONE', #5311, #402 ) ;
#4186 = EDGE_CURVE ( 'NONE', #4521, #1141, #5091, .T. ) ;
#4187 = ORIENTED_EDGE ( 'NONE', *, *, #5026, .F. ) ;
#4188 = SURFACE_STYLE_USAGE ( .BOTH. , #4148 ) ;
#4189 = EDGE_CURVE ( 'NONE', #5053, #3726, #242, .T. ) ;
#4190 = MECHANICAL_DESIGN_GEOMETRIC_PRESENTATION_REPRESENTATION (  '', ( #3079 ), #2877 ) ;
#4191 = AXIS2_PLACEMENT_3D ( 'NONE', #5117, #2841, #2786 ) ;
#4192 = DIRECTION ( 'NONE',  ( 0.0000000000000000000, -1.000000000000000000, 0.0000000000000000000 ) ) ;
#4193 = EDGE_CURVE ( 'NONE', #4975, #4171, #2232, .T. ) ;
#4194 = PLANE ( 'NONE',  #4629 ) ;
#4196 = EDGE_CURVE ( 'NONE', #3524, #2745, #3594, .T. ) ;
#4195 = DIRECTION ( 'NONE',  ( 0.0000000000000000000, -1.000000000000000000, 0.0000000000000000000 ) ) ;
#4197 = CARTESIAN_POINT ( 'NONE',  ( -0.9700000000000014200, 0.0000000000000000000, 0.2499999999999973100 ) ) ;
#4198 = ADVANCED_FACE ( 'NONE', ( #5589 ), #5107, .F. ) ;
#4199 = ORIENTED_EDGE ( 'NONE', *, *, #5618, .T. ) ;
#4200 = DIRECTION ( 'NONE',  ( -0.0000000000000000000, -1.000000000000000000, -0.0000000000000000000 ) ) ;
#4201 = PLANE ( 'NONE',  #4872 ) ;
#4202 = AXIS2_PLACEMENT_3D ( 'NONE', #2188, #1210, #5366 ) ;
#4203 = ADVANCED_FACE ( 'NONE', ( #2157 ), #2418, .F. ) ;
#4204 = PLANE ( 'NONE',  #131 ) ;
#4205 = CARTESIAN_POINT ( 'NONE',  ( 0.9699999999999956400, 0.2000000000000000100, 1.370000000000003900 ) ) ;
#4206 = LINE ( 'NONE', #3112, #4276 ) ;
#4207 = VERTEX_POINT ( 'NONE', #1491 ) ;
#4208 = VERTEX_POINT ( 'NONE', #3290 ) ;
#4209 = COLOUR_RGB ( '',0.7921568627450980000, 0.8196078431372548800, 0.9333333333333333500 ) ;
#4210 = CARTESIAN_POINT ( 'NONE',  ( 0.9699999999999990900, 0.0000000000000000000, 0.3700000000000036600 ) ) ;
#4211 = CARTESIAN_POINT ( 'NONE',  ( 1.250000000000006000, 1.000000000000000000, -1.749999999999995600 ) ) ;
#4212 = ORIENTED_EDGE ( 'NONE', *, *, #4032, .T. ) ;
#4213 = CARTESIAN_POINT ( 'NONE',  ( -1.250000000000005800, 0.05000000000000000300, 1.749999999999996000 ) ) ;
#4214 = DIRECTION ( 'NONE',  ( -0.0000000000000000000, -1.000000000000000000, 0.0000000000000000000 ) ) ;
#4215 = VECTOR ( 'NONE', #2558, 1000.000000000000000 ) ;
#4216 = ORIENTED_EDGE ( 'NONE', *, *, #2154, .F. ) ;
#4217 = DIRECTION ( 'NONE',  ( 0.0000000000000000000, -1.000000000000000000, 0.0000000000000000000 ) ) ;
#4218 = EDGE_CURVE ( 'NONE', #5609, #5631, #5876, .T. ) ;
#4219 = EDGE_CURVE ( 'NONE', #2909, #3006, #576, .T. ) ;
#4220 = STYLED_ITEM ( 'NONE', ( #232 ), #1278 ) ;
#4221 = VECTOR ( 'NONE', #5200, 1000.000000000000000 ) ;
#4222 = FACE_OUTER_BOUND ( 'NONE', #2702, .T. ) ;
#4223 = ORIENTED_EDGE ( 'NONE', *, *, #3690, .F. ) ;
#4224 = VECTOR ( 'NONE', #4498, 1000.000000000000000 ) ;
#4225 = CARTESIAN_POINT ( 'NONE',  ( -0.9699999999999979700, 0.0000000000000000000, -0.7500000000000027800 ) ) ;
#4226 = EDGE_CURVE ( 'NONE', #5109, #398, #867, .T. ) ;
#4227 = LINE ( 'NONE', #3229, #5744 ) ;
#4228 = PRESENTATION_STYLE_ASSIGNMENT (( #1776 ) ) ;
#4229 = ORIENTED_EDGE ( 'NONE', *, *, #2349, .T. ) ;
#4230 = CARTESIAN_POINT ( 'NONE',  ( -0.9699999999999963100, 0.2000000000000000100, -1.250000000000002900 ) ) ;
#4231 = DIRECTION ( 'NONE',  ( -0.0000000000000000000, -1.000000000000000000, 0.0000000000000000000 ) ) ;
#4232 = LINE ( 'NONE', #4657, #163 ) ;
#4233 = DIRECTION ( 'NONE',  ( -3.491481338843133400E-015, 0.0000000000000000000, 1.000000000000000000 ) ) ;
#4234 = LINE ( 'NONE', #1517, #1818 ) ;
#4235 = CARTESIAN_POINT ( 'NONE',  ( 0.9700000000000047500, 0.2000000000000000100, -1.249999999999996200 ) ) ;
#4236 = VERTEX_POINT ( 'NONE', #73 ) ;
#4237 = VERTEX_POINT ( 'NONE', #127 ) ;
#4238 = DIRECTION ( 'NONE',  ( 3.491481338843133400E-015, 0.0000000000000000000, -1.000000000000000000 ) ) ;
#4239 = CARTESIAN_POINT ( 'NONE',  ( 0.1299999999999949000, 0.6664761515876238600, 1.470000000000000000 ) ) ;
#4240 = PRESENTATION_STYLE_ASSIGNMENT (( #3058 ) ) ;
#4241 = ORIENTED_EDGE ( 'NONE', *, *, #2570, .F. ) ;
#4242 = EDGE_LOOP ( 'NONE', ( #1399, #3062, #3689, #5377 ) ) ;
#4243 = CARTESIAN_POINT ( 'NONE',  ( -0.1299999999999950100, 0.0000000000000000000, -1.470000000000000000 ) ) ;
#4244 = CARTESIAN_POINT ( 'NONE',  ( -0.9700000000000036400, 0.6664761515876241900, 0.8699999999999972200 ) ) ;
#4245 = LINE ( 'NONE', #688, #259 ) ;
#4246 = ORIENTED_EDGE ( 'NONE', *, *, #3742, .T. ) ;
#4247 = ORIENTED_EDGE ( 'NONE', *, *, #4603, .F. ) ;
#4248 = CARTESIAN_POINT ( 'NONE',  ( 0.2500000000000051600, 0.6664761515876238600, -1.469999999999998900 ) ) ;
#4249 = LINE ( 'NONE', #4960, #5448 ) ;
#4250 = ORIENTED_EDGE ( 'NONE', *, *, #3464, .F. ) ;
#4251 = DIRECTION ( 'NONE',  ( -0.0000000000000000000, -1.000000000000000000, 0.0000000000000000000 ) ) ;
#4252 = CARTESIAN_POINT ( 'NONE',  ( 3.722360165425707200E-015, 0.05000000000000000300, -1.369999999999999900 ) ) ;
#4253 = ORIENTED_EDGE ( 'NONE', *, *, #922, .F. ) ;
#4254 = DIRECTION ( 'NONE',  ( 4.265911462047065300E-015, 0.0000000000000000000, -1.000000000000000000 ) ) ;
#4255 = VERTEX_POINT ( 'NONE', #93 ) ;
#4256 = CARTESIAN_POINT ( 'NONE',  ( -0.3700000000000051600, 0.6664761515876238600, 1.469999999999998200 ) ) ;
#4257 = FACE_OUTER_BOUND ( 'NONE', #2429, .T. ) ;
#4258 = AXIS2_PLACEMENT_3D ( 'NONE', #339, #2132, #5835 ) ;
#4259 = DIRECTION ( 'NONE',  ( -1.000000000000000000, 0.0000000000000000000, -2.717051215639202600E-015 ) ) ;
#4260 = ORIENTED_EDGE ( 'NONE', *, *, #2465, .T. ) ;
#4261 = ADVANCED_FACE ( 'NONE', ( #1804 ), #722, .F. ) ;
#4262 = CARTESIAN_POINT ( 'NONE',  ( 0.9699999999999997500, 0.1999999999999999800, 0.1300000000000039500 ) ) ;
#4263 = CARTESIAN_POINT ( 'NONE',  ( -0.9499999999999981800, 0.9000000000000000200, -1.450000000000003100 ) ) ;
#4264 = EDGE_CURVE ( 'NONE', #5574, #4926, #1162, .T. ) ;
#4265 = ORIENTED_EDGE ( 'NONE', *, *, #96, .T. ) ;
#4266 = CARTESIAN_POINT ( 'NONE',  ( -0.9699999999999984200, 0.2000000000000000100, -0.6300000000000028900 ) ) ;
#4267 = AXIS2_PLACEMENT_3D ( 'NONE', #3649, #1815, #2847 ) ;
#4268 = AXIS2_PLACEMENT_3D ( 'NONE', #5339, #4396, #4509 ) ;
#4269 = DIRECTION ( 'NONE',  ( 4.265911462047065300E-015, 0.0000000000000000000, -1.000000000000000000 ) ) ;
#4270 = ORIENTED_EDGE ( 'NONE', *, *, #414, .T. ) ;
#4271 = ORIENTED_EDGE ( 'NONE', *, *, #1370, .F. ) ;
#4272 = CARTESIAN_POINT ( 'NONE',  ( -0.7999999999999980500, 1.000000000000000000, -1.450000000000002600 ) ) ;
#4273 = DIRECTION ( 'NONE',  ( 1.000000000000000000, 0.0000000000000000000, 3.614007241618351500E-015 ) ) ;
#4274 = CARTESIAN_POINT ( 'NONE',  ( -0.7999999999999980500, 1.000000000000000000, -1.450000000000002600 ) ) ;
#4275 = EDGE_LOOP ( 'NONE', ( #1704, #40, #4382, #561 ) ) ;
#4276 = VECTOR ( 'NONE', #1301, 1000.000000000000000 ) ;
#4277 = CARTESIAN_POINT ( 'NONE',  ( -0.1300000000000005600, 0.05000000000000000300, -4.790615530537371200E-016 ) ) ;
#4278 = ORIENTED_EDGE ( 'NONE', *, *, #1475, .F. ) ;
#4279 = ORIENTED_EDGE ( 'NONE', *, *, #4379, .T. ) ;
#4280 = DIRECTION ( 'NONE',  ( -1.000000000000000000, 0.0000000000000000000, -3.491481338843133400E-015 ) ) ;
#4281 = FACE_OUTER_BOUND ( 'NONE', #4513, .T. ) ;
#4282 = EDGE_LOOP ( 'NONE', ( #1400, #3417, #1473, #3044 ) ) ;
#4284 = VERTEX_POINT ( 'NONE', #192 ) ;
#4283 = PLANE ( 'NONE',  #4973 ) ;
#4285 = VERTEX_POINT ( 'NONE', #671 ) ;
#4286 = ORIENTED_EDGE ( 'NONE', *, *, #2052, .F. ) ;
#4287 = CYLINDRICAL_SURFACE ( 'NONE', #3541, 0.1199999999999998800 ) ;
#4288 = ORIENTED_EDGE ( 'NONE', *, *, #5412, .T. ) ;
#4289 = PLANE ( 'NONE',  #1060 ) ;
#4290 = ADVANCED_FACE ( 'NONE', ( #5738 ), #2646, .T. ) ;
#4291 = EDGE_CURVE ( 'NONE', #5631, #4463, #4510, .T. ) ;
#4292 = CARTESIAN_POINT ( 'NONE',  ( -0.4999999999999963400, 0.2000000000000000900, -1.000000000000001600 ) ) ;
#4293 = LINE ( 'NONE', #4424, #5878 ) ;
#4294 = ORIENTED_EDGE ( 'NONE', *, *, #3345, .T. ) ;
#4295 = DIRECTION ( 'NONE',  ( -0.0000000000000000000, -1.000000000000000000, 0.0000000000000000000 ) ) ;
#4296 = VECTOR ( 'NONE', #291, 1000.000000000000000 ) ;
#4297 = DIRECTION ( 'NONE',  ( 1.000000000000000000, 0.0000000000000000000, 3.614007241618353100E-015 ) ) ;
#4298 = DIRECTION ( 'NONE',  ( 0.0000000000000000000, 1.000000000000000000, 0.0000000000000000000 ) ) ;
#4299 = SURFACE_STYLE_USAGE ( .BOTH. , #1118 ) ;
#4300 = CIRCLE ( 'NONE', #5880, 0.1199999999999998800 ) ;
#4301 = DIRECTION ( 'NONE',  ( 1.000000000000000000, 0.0000000000000000000, 3.614007241618351500E-015 ) ) ;
#4302 = EDGE_CURVE ( 'NONE', #2518, #3354, #5358, .T. ) ;
#4303 = FACE_OUTER_BOUND ( 'NONE', #1577, .T. ) ;
#4304 = ORIENTED_EDGE ( 'NONE', *, *, #2754, .T. ) ;
#4305 = CARTESIAN_POINT ( 'NONE',  ( 0.9699999999999979700, 0.6664761515876241900, 0.6300000000000038900 ) ) ;
#4306 = EDGE_CURVE ( 'NONE', #1268, #3428, #3154, .T. ) ;
#4307 = AXIS2_PLACEMENT_3D ( 'NONE', #3146, #5331, #3591 ) ;
#4308 = CARTESIAN_POINT ( 'NONE',  ( -0.3700000000000051600, 0.0000000000000000000, 1.469999999999998200 ) ) ;
#4309 = CARTESIAN_POINT ( 'NONE',  ( -0.9700000000000018600, 0.6664761515876241900, 0.3699999999999971600 ) ) ;
#4310 = CYLINDRICAL_SURFACE ( 'NONE', #1294, 0.1199999999999998800 ) ;
#4311 = LINE ( 'NONE', #4759, #92 ) ;
#4312 = LINE ( 'NONE', #480, #381 ) ;
#4313 = ORIENTED_EDGE ( 'NONE', *, *, #5926, .T. ) ;
#4314 = AXIS2_PLACEMENT_3D ( 'NONE', #2759, #3696, #3652 ) ;
#4315 = EDGE_CURVE ( 'NONE', #1770, #3775, #5435, .T. ) ;
#4316 = EDGE_CURVE ( 'NONE', #4409, #1268, #1017, .T. ) ;
#4317 = VECTOR ( 'NONE', #1947, 1000.000000000000000 ) ;
#4318 = DIRECTION ( 'NONE',  ( 3.367572519130504400E-015, 0.0000000000000000000, -1.000000000000000000 ) ) ;
#4319 = VERTEX_POINT ( 'NONE', #1556 ) ;
#4320 = VERTEX_POINT ( 'NONE', #4775 ) ;
#4321 = CARTESIAN_POINT ( 'NONE',  ( -1.250000000000004900, 0.2000000000000000100, 1.129999999999996800 ) ) ;
#4322 = DIRECTION ( 'NONE',  ( 1.000000000000000000, 0.0000000000000000000, 4.265911462047064500E-015 ) ) ;
#4323 = DIRECTION ( 'NONE',  ( -1.000000000000000000, 0.0000000000000000000, -4.265911462047065300E-015 ) ) ;
#4324 = FACE_OUTER_BOUND ( 'NONE', #2818, .T. ) ;
#4325 = CARTESIAN_POINT ( 'NONE',  ( 0.3700000000000050500, 0.05000000000000002400, -1.469999999999998200 ) ) ;
#4326 = VERTEX_POINT ( 'NONE', #2051 ) ;
#4327 = AXIS2_PLACEMENT_3D ( 'NONE', #901, #3141, #863 ) ;
#4328 = CARTESIAN_POINT ( 'NONE',  ( 1.250000000000002700, 0.6664761515876241900, -0.6299999999999951200 ) ) ;
#4329 = CARTESIAN_POINT ( 'NONE',  ( -0.8499999999999998700, 0.1999999999999999800, -0.2500000000000022800 ) ) ;
#4330 = VECTOR ( 'NONE', #2124, 1000.000000000000000 ) ;
#4331 = ADVANCED_FACE ( 'NONE', ( #4941 ), #3853, .F. ) ;
#4332 = CARTESIAN_POINT ( 'NONE',  ( 0.1300000000000061100, 0.0000000000000000000, -1.749999999999999300 ) ) ;
#4333 = VERTEX_POINT ( 'NONE', #705 ) ;
#4334 = DIRECTION ( 'NONE',  ( 0.0000000000000000000, -1.000000000000000000, 0.0000000000000000000 ) ) ;
#4335 = VERTEX_POINT ( 'NONE', #3835 ) ;
#4336 = LINE ( 'NONE', #2135, #5049 ) ;
#4337 = CARTESIAN_POINT ( 'NONE',  ( 0.9700000000000047500, 0.2000000000000000100, -1.249999999999996200 ) ) ;
#4338 = CARTESIAN_POINT ( 'NONE',  ( 0.4999999999999967800, 0.2000000000000000900, 1.000000000000002400 ) ) ;
#4339 = EDGE_CURVE ( 'NONE', #4609, #3756, #236, .T. ) ;
#4340 = CARTESIAN_POINT ( 'NONE',  ( 1.250000000000003600, 0.6664761515876241900, -0.8699999999999948900 ) ) ;
#4341 = AXIS2_PLACEMENT_3D ( 'NONE', #4003, #5347, #4882 ) ;
#4342 = DIRECTION ( 'NONE',  ( -1.000000000000000000, 0.0000000000000000000, -3.614007241618351500E-015 ) ) ;
#4343 = CARTESIAN_POINT ( 'NONE',  ( 0.1300000000000051400, 0.1999999999999999800, -1.469999999999999100 ) ) ;
#4344 = EDGE_CURVE ( 'NONE', #4031, #1116, #1737, .T. ) ;
#4345 = EDGE_CURVE ( 'NONE', #4569, #3793, #506, .T. ) ;
#4346 = CARTESIAN_POINT ( 'NONE',  ( -1.250000000000004900, 0.6664761515876241900, 1.129999999999996800 ) ) ;
#4347 = MECHANICAL_DESIGN_GEOMETRIC_PRESENTATION_REPRESENTATION (  '', ( #5749 ), #5128 ) ;
#4348 = VERTEX_POINT ( 'NONE', #650 ) ;
#4349 = DIRECTION ( 'NONE',  ( -1.000000000000000000, 0.0000000000000000000, -3.491481338843133400E-015 ) ) ;
#4350 = ADVANCED_FACE ( 'NONE', ( #4156 ), #4359, .F. ) ;
#4351 = CYLINDRICAL_SURFACE ( 'NONE', #5650, 0.1199999999999998600 ) ;
#4352 = DIRECTION ( 'NONE',  ( 1.000000000000000000, 0.0000000000000000000, 4.265911462047064500E-015 ) ) ;
#4353 = CARTESIAN_POINT ( 'NONE',  ( 0.3700000000000050500, 0.0000000000000000000, -1.469999999999998200 ) ) ;
#4354 = VERTEX_POINT ( 'NONE', #5711 ) ;
#4355 = ORIENTED_EDGE ( 'NONE', *, *, #3894, .F. ) ;
#4356 = EDGE_LOOP ( 'NONE', ( #1105, #2561, #690, #4366 ) ) ;
#4357 = AXIS2_PLACEMENT_3D ( 'NONE', #3161, #4062, #4475 ) ;
#4358 =( NAMED_UNIT ( * ) SI_UNIT ( $, .STERADIAN. ) SOLID_ANGLE_UNIT ( ) );
#4359 = PLANE ( 'NONE',  #362 ) ;
#4360 = DIRECTION ( 'NONE',  ( -3.685088869644115200E-015, 0.0000000000000000000, 1.000000000000000000 ) ) ;
#4361 = EDGE_LOOP ( 'NONE', ( #3209, #2498, #5769, #168 ) ) ;
#4362 = CARTESIAN_POINT ( 'NONE',  ( -0.4999999999999963400, 2.436067977499790000, -1.000000000000001600 ) ) ;
#4363 = CARTESIAN_POINT ( 'NONE',  ( 0.3699999999999936700, 0.6664761515876238600, 1.750000000000001100 ) ) ;
#4364 = DIRECTION ( 'NONE',  ( 1.000000000000000000, 0.0000000000000000000, 3.491481338843133400E-015 ) ) ;
#4365 = VECTOR ( 'NONE', #5561, 1000.000000000000000 ) ;
#4366 = ORIENTED_EDGE ( 'NONE', *, *, #893, .T. ) ;
#4367 = CYLINDRICAL_SURFACE ( 'NONE', #5844, 0.1199999999999998800 ) ;
#4368 = DIRECTION ( 'NONE',  ( -1.000000000000000000, 0.0000000000000000000, -5.421010862427530100E-015 ) ) ;
#4369 = VECTOR ( 'NONE', #4259, 1000.000000000000000 ) ;
#4370 = LINE ( 'NONE', #199, #1806 ) ;
#4371 = EDGE_LOOP ( 'NONE', ( #2891, #4544, #3540, #4877 ) ) ;
#4372 = CARTESIAN_POINT ( 'NONE',  ( -0.9700000000000045300, 0.6664761515876241900, 1.129999999999997200 ) ) ;
#4373 = EDGE_CURVE ( 'NONE', #4994, #5025, #5228, .T. ) ;
#4374 = CIRCLE ( 'NONE', #4817, 0.1199999999999998800 ) ;
#4375 = CARTESIAN_POINT ( 'NONE',  ( -1.005308949786504200E-015, 0.05000000000000000300, 0.3699999999999997700 ) ) ;
#4376 = VERTEX_POINT ( 'NONE', #2127 ) ;
#4377 = UNCERTAINTY_MEASURE_WITH_UNIT (LENGTH_MEASURE( 1.000000000000000100E-005 ), #3550, 'distance_accuracy_value', 'NONE');
#4378 = ORIENTED_EDGE ( 'NONE', *, *, #5805, .T. ) ;
#4379 = EDGE_CURVE ( 'NONE', #2084, #4000, #2936, .T. ) ;
#4380 = VECTOR ( 'NONE', #2480, 1000.000000000000000 ) ;
#4381 = LINE ( 'NONE', #2473, #4454 ) ;
#4382 = ORIENTED_EDGE ( 'NONE', *, *, #2969, .T. ) ;
#4383 = ORIENTED_EDGE ( 'NONE', *, *, #2582, .T. ) ;
#4384 = AXIS2_PLACEMENT_3D ( 'NONE', #1123, #150, #2009 ) ;
#4385 = ADVANCED_FACE ( 'NONE', ( #1304 ), #2295, .T. ) ;
#4386 = CARTESIAN_POINT ( 'NONE',  ( 1.250000000000004400, 0.2000000000000000100, -1.129999999999995200 ) ) ;
#4387 = DIRECTION ( 'NONE',  ( 1.000000000000000000, 0.0000000000000000000, 3.614007241618351500E-015 ) ) ;
#4388 = CARTESIAN_POINT ( 'NONE',  ( 0.9699999999999973100, 0.0000000000000000000, 0.8700000000000036600 ) ) ;
#4389 = DIRECTION ( 'NONE',  ( -1.000000000000000000, 0.0000000000000000000, -3.491481338843133400E-015 ) ) ;
#4390 = AXIS2_PLACEMENT_3D ( 'NONE', #2224, #5431, #4045 ) ;
#4391 = VERTEX_POINT ( 'NONE', #2573 ) ;
#4392 = DIRECTION ( 'NONE',  ( 1.000000000000000000, 0.0000000000000000000, 2.717051215639202600E-015 ) ) ;
#4393 = EDGE_CURVE ( 'NONE', #738, #3971, #4088, .T. ) ;
#4394 = PLANE ( 'NONE',  #5146 ) ;
#4395 = ORIENTED_EDGE ( 'NONE', *, *, #4621, .F. ) ;
#4396 = DIRECTION ( 'NONE',  ( -0.0000000000000000000, -1.000000000000000000, 0.0000000000000000000 ) ) ;
#4397 = CARTESIAN_POINT ( 'NONE',  ( -0.3699999999999938900, 0.0000000000000000000, -1.750000000000001100 ) ) ;
#4398 = VECTOR ( 'NONE', #3027, 1000.000000000000000 ) ;
#4399 = APPLICATION_CONTEXT ( 'automotive_design' ) ;
#4400 = ORIENTED_EDGE ( 'NONE', *, *, #2832, .T. ) ;
#4401 = DIRECTION ( 'NONE',  ( 0.0000000000000000000, -1.000000000000000000, 0.0000000000000000000 ) ) ;
#4402 = ORIENTED_EDGE ( 'NONE', *, *, #5000, .F. ) ;
#4403 = ORIENTED_EDGE ( 'NONE', *, *, #5142, .F. ) ;
#4404 = CARTESIAN_POINT ( 'NONE',  ( -1.250000000000002200, 0.1999999999999999800, 0.3699999999999963900 ) ) ;
#4405 = DIRECTION ( 'NONE',  ( 0.0000000000000000000, 1.000000000000000000, 0.0000000000000000000 ) ) ;
#4406 = FACE_OUTER_BOUND ( 'NONE', #3765, .T. ) ;
#4407 = CARTESIAN_POINT ( 'NONE',  ( 0.9699999999999990900, 0.2000000000000000100, 0.3700000000000036600 ) ) ;
#4408 = CARTESIAN_POINT ( 'NONE',  ( 0.9700000000000043000, 0.2000000000000000100, -1.129999999999996300 ) ) ;
#4409 = VERTEX_POINT ( 'NONE', #3081 ) ;
#4410 = ADVANCED_FACE ( 'NONE', ( #4656 ), #2598, .T. ) ;
#4411 = ORIENTED_EDGE ( 'NONE', *, *, #2269, .F. ) ;
#4412 = CARTESIAN_POINT ( 'NONE',  ( 0.3700000000000058800, 0.1999999999999999800, -1.749999999999998400 ) ) ;
#4413 = CARTESIAN_POINT ( 'NONE',  ( 1.250000000000004000, 0.05000000000000000300, -1.129999999999995200 ) ) ;
#4414 = EDGE_CURVE ( 'NONE', #1995, #5572, #1596, .T. ) ;
#4415 = EDGE_CURVE ( 'NONE', #3726, #4075, #3446, .T. ) ;
#4416 = CARTESIAN_POINT ( 'NONE',  ( 1.249999999999998200, 0.2000000000000000100, 0.6300000000000051100 ) ) ;
#4417 = AXIS2_PLACEMENT_3D ( 'NONE', #4481, #426, #2657 ) ;
#4418 = VERTEX_POINT ( 'NONE', #723 ) ;
#4419 = DIRECTION ( 'NONE',  ( -1.000000000000000000, 0.0000000000000000000, -3.491481338843133400E-015 ) ) ;
#4420 = AXIS2_PLACEMENT_3D ( 'NONE', #441, #3644, #899 ) ;
#4421 = DIRECTION ( 'NONE',  ( -3.491481338843133400E-015, 0.0000000000000000000, 1.000000000000000000 ) ) ;
#4422 = ORIENTED_EDGE ( 'NONE', *, *, #554, .T. ) ;
#4423 = CIRCLE ( 'NONE', #1445, 0.1199999999999998800 ) ;
#4424 = CARTESIAN_POINT ( 'NONE',  ( -1.250000000000000400, 0.1999999999999999800, -0.1300000000000036100 ) ) ;
#4425 = EDGE_CURVE ( 'NONE', #2066, #5677, #84, .T. ) ;
#4426 = EDGE_LOOP ( 'NONE', ( #2560, #2493, #336, #5261 ) ) ;
#4427 = ORIENTED_EDGE ( 'NONE', *, *, #1054, .F. ) ;
#4428 = LINE ( 'NONE', #934, #427 ) ;
#4429 = CARTESIAN_POINT ( 'NONE',  ( 0.9700000000000031900, 0.6664761515876241900, -0.8699999999999961100 ) ) ;
#4430 = ORIENTED_EDGE ( 'NONE', *, *, #2760, .T. ) ;
#4431 = ORIENTED_EDGE ( 'NONE', *, *, #1061, .F. ) ;
#4432 = DIRECTION ( 'NONE',  ( 0.0000000000000000000, -1.000000000000000000, -0.0000000000000000000 ) ) ;
#4433 = DIRECTION ( 'NONE',  ( -0.0000000000000000000, -1.000000000000000000, -0.0000000000000000000 ) ) ;
#4434 = FACE_OUTER_BOUND ( 'NONE', #847, .T. ) ;
#4435 = DIRECTION ( 'NONE',  ( 3.491481338843133400E-015, 0.0000000000000000000, -1.000000000000000000 ) ) ;
#4436 = CIRCLE ( 'NONE', #4258, 0.1199999999999998800 ) ;
#4437 = ORIENTED_EDGE ( 'NONE', *, *, #4485, .F. ) ;
#4438 = VECTOR ( 'NONE', #5171, 1000.000000000000000 ) ;
#4439 = ADVANCED_FACE ( 'NONE', ( #3738 ), #5288, .T. ) ;
#4440 = CARTESIAN_POINT ( 'NONE',  ( -0.9700000000000002000, 0.04999999999999999600, -0.1300000000000028600 ) ) ;
#4441 = CARTESIAN_POINT ( 'NONE',  ( -0.3699999999999948300, 0.1999999999999999800, -1.470000000000000900 ) ) ;
#4442 = CARTESIAN_POINT ( 'NONE',  ( -0.9699999999999984200, 0.2000000000000000100, -0.6300000000000028900 ) ) ;
#4443 = VECTOR ( 'NONE', #1534, 1000.000000000000000 ) ;
#4444 = FACE_OUTER_BOUND ( 'NONE', #2633, .T. ) ;
#4445 = ORIENTED_EDGE ( 'NONE', *, *, #4874, .T. ) ;
#4446 = PLANE ( 'NONE',  #5803 ) ;
#4447 = DIRECTION ( 'NONE',  ( -3.491481338843133400E-015, 0.0000000000000000000, 1.000000000000000000 ) ) ;
#4448 = LINE ( 'NONE', #1091, #5517 ) ;
#4449 = DIRECTION ( 'NONE',  ( 0.0000000000000000000, -1.000000000000000000, 0.0000000000000000000 ) ) ;
#4450 = VECTOR ( 'NONE', #1909, 1000.000000000000000 ) ;
#4451 = EDGE_LOOP ( 'NONE', ( #898, #4286, #2482, #5833 ) ) ;
#4452 = UNCERTAINTY_MEASURE_WITH_UNIT (LENGTH_MEASURE( 1.000000000000000100E-005 ), #5209, 'distance_accuracy_value', 'NONE');
#4453 = FACE_OUTER_BOUND ( 'NONE', #2945, .T. ) ;
#4454 = VECTOR ( 'NONE', #5186, 1000.000000000000000 ) ;
#4455 = ORIENTED_EDGE ( 'NONE', *, *, #3203, .T. ) ;
#4456 = VERTEX_POINT ( 'NONE', #3013 ) ;
#4457 = AXIS2_PLACEMENT_3D ( 'NONE', #5062, #4586, #4144 ) ;
#4458 = CARTESIAN_POINT ( 'NONE',  ( 0.9700000000000008600, 0.2000000000000000100, -0.1299999999999963100 ) ) ;
#4459 = EDGE_CURVE ( 'NONE', #2950, #1770, #2787, .T. ) ;
#4460 = VECTOR ( 'NONE', #4079, 1000.000000000000000 ) ;
#4461 = CARTESIAN_POINT ( 'NONE',  ( 1.250000000000001800, 0.6664761515876241900, -0.3699999999999948300 ) ) ;
#4462 = CARTESIAN_POINT ( 'NONE',  ( 0.4999999999999967800, 0.2000000000000000900, 1.000000000000002400 ) ) ;
#4463 = VERTEX_POINT ( 'NONE', #2205 ) ;
#4464 = VERTEX_POINT ( 'NONE', #1257 ) ;
#4465 = ORIENTED_EDGE ( 'NONE', *, *, #5120, .F. ) ;
#4466 = VECTOR ( 'NONE', #3905, 1000.000000000000000 ) ;
#4467 = CARTESIAN_POINT ( 'NONE',  ( 0.9699999999999960900, 0.0000000000000000000, 1.250000000000004000 ) ) ;
#4468 = ORIENTED_EDGE ( 'NONE', *, *, #4189, .F. ) ;
#4469 = ORIENTED_EDGE ( 'NONE', *, *, #1971, .F. ) ;
#4470 = ORIENTED_EDGE ( 'NONE', *, *, #3860, .T. ) ;
#4471 = ADVANCED_FACE ( 'NONE', ( #5088 ), #2629, .F. ) ;
#4472 = FACE_OUTER_BOUND ( 'NONE', #1051, .T. ) ;
#4473 = FILL_AREA_STYLE_COLOUR ( '', #3830 ) ;
#4474 = ORIENTED_EDGE ( 'NONE', *, *, #983, .F. ) ;
#4475 = DIRECTION ( 'NONE',  ( -1.000000000000000000, 0.0000000000000000000, -3.491481338843133400E-015 ) ) ;
#4476 = CARTESIAN_POINT ( 'NONE',  ( 0.9699999999999960900, 0.2000000000000000100, 1.250000000000004000 ) ) ;
#4477 = ORIENTED_EDGE ( 'NONE', *, *, #4074, .F. ) ;
#4478 = DIRECTION ( 'NONE',  ( 1.000000000000000000, 0.0000000000000000000, 3.491481338843133400E-015 ) ) ;
#4479 = CARTESIAN_POINT ( 'NONE',  ( -0.9700000000000014200, 0.04999999999999999600, 0.2499999999999973100 ) ) ;
#4480 = CARTESIAN_POINT ( 'NONE',  ( -0.9699999999999997500, 0.2000000000000000100, -0.2500000000000027200 ) ) ;
#4481 = CARTESIAN_POINT ( 'NONE',  ( -0.9700000000000049700, 0.0000000000000000000, 1.249999999999997100 ) ) ;
#4482 = ORIENTED_EDGE ( 'NONE', *, *, #3088, .F. ) ;
#4483 = EDGE_LOOP ( 'NONE', ( #1008, #1536, #3620, #1565 ) ) ;
#4484 = DIRECTION ( 'NONE',  ( 0.0000000000000000000, 1.000000000000000000, 0.0000000000000000000 ) ) ;
#4485 = EDGE_CURVE ( 'NONE', #4143, #1851, #2855, .T. ) ;
#4486 = CARTESIAN_POINT ( 'NONE',  ( -1.250000000000001100, 0.1999999999999996500, 0.3699999999999963900 ) ) ;
#4487 = EDGE_CURVE ( 'NONE', #5795, #59, #4791, .T. ) ;
#4488 = ORIENTED_EDGE ( 'NONE', *, *, #2044, .T. ) ;
#4489 = FACE_OUTER_BOUND ( 'NONE', #767, .T. ) ;
#4490 = DIRECTION ( 'NONE',  ( 3.491481338843133400E-015, 0.0000000000000000000, -1.000000000000000000 ) ) ;
#4491 = ORIENTED_EDGE ( 'NONE', *, *, #5562, .F. ) ;
#4492 = CARTESIAN_POINT ( 'NONE',  ( 0.9699999999999977500, 0.04999999999999999600, 0.7500000000000037700 ) ) ;
#4493 = AXIS2_PLACEMENT_3D ( 'NONE', #4362, #2522, #3021 ) ;
#4494 = EDGE_LOOP ( 'NONE', ( #4809, #2079, #1825, #735 ) ) ;
#4495 = ORIENTED_EDGE ( 'NONE', *, *, #4502, .F. ) ;
#4496 = ADVANCED_FACE ( 'NONE', ( #2090 ), #3376, .F. ) ;
#4497 = CARTESIAN_POINT ( 'NONE',  ( 1.249999999999994400, 0.05000000000000000300, 1.750000000000004700 ) ) ;
#4498 = DIRECTION ( 'NONE',  ( 1.000000000000000000, -0.0000000000000000000, 2.717051215639202600E-015 ) ) ;
#4499 = CARTESIAN_POINT ( 'NONE',  ( 0.1299999999999939300, 0.6664761515876238600, 1.750000000000000200 ) ) ;
#4500 = EDGE_CURVE ( 'NONE', #5775, #29, #5813, .T. ) ;
#4501 = VECTOR ( 'NONE', #166, 1000.000000000000000 ) ;
#4502 = EDGE_CURVE ( 'NONE', #1421, #3878, #373, .T. ) ;
#4503 = ORIENTED_EDGE ( 'NONE', *, *, #3041, .T. ) ;
#4504 = DIRECTION ( 'NONE',  ( 0.0000000000000000000, -1.000000000000000000, 0.0000000000000000000 ) ) ;
#4505 = LINE ( 'NONE', #3311, #5547 ) ;
#4506 = VECTOR ( 'NONE', #113, 1000.000000000000000 ) ;
#4508 = FACE_OUTER_BOUND ( 'NONE', #3826, .T. ) ;
#4507 = DIRECTION ( 'NONE',  ( 0.0000000000000000000, 1.000000000000000000, 0.0000000000000000000 ) ) ;
#4509 = DIRECTION ( 'NONE',  ( 1.000000000000000000, 0.0000000000000000000, 3.614007241618351500E-015 ) ) ;
#4510 = CIRCLE ( 'NONE', #2693, 0.1199999999999998800 ) ;
#4511 = DIRECTION ( 'NONE',  ( 1.000000000000000000, 0.0000000000000000000, 2.717051215639202600E-015 ) ) ;
#4512 = VECTOR ( 'NONE', #5332, 1000.000000000000000 ) ;
#4513 = EDGE_LOOP ( 'NONE', ( #2663, #307, #4051, #82, #5320 ) ) ;
#4514 = PRESENTATION_LAYER_ASSIGNMENT (  '', '', ( #1539 ) ) ;
#4515 = SURFACE_STYLE_FILL_AREA ( #3087 ) ;
#4516 = DIRECTION ( 'NONE',  ( 4.265911462047065300E-015, 0.0000000000000000000, -1.000000000000000000 ) ) ;
#4517 = LINE ( 'NONE', #1854, #4869 ) ;
#4518 = PRESENTATION_STYLE_ASSIGNMENT (( #5787 ) ) ;
#4519 = CARTESIAN_POINT ( 'NONE',  ( -0.3700000000000000000, 0.05000000000000000300, -1.291848095371959400E-015 ) ) ;
#4520 = FACE_OUTER_BOUND ( 'NONE', #2605, .T. ) ;
#4521 = VERTEX_POINT ( 'NONE', #1203 ) ;
#4522 = CARTESIAN_POINT ( 'NONE',  ( 0.9699999999999973100, 0.2000000000000000100, 0.8700000000000036600 ) ) ;
#4523 = DIRECTION ( 'NONE',  ( -1.000000000000000000, 0.0000000000000000000, -3.491481338843133400E-015 ) ) ;
#4524 = SURFACE_STYLE_USAGE ( .BOTH. , #2267 ) ;
#4525 = LINE ( 'NONE', #577, #876 ) ;
#4526 = VECTOR ( 'NONE', #3343, 1000.000000000000000 ) ;
#4527 = ORIENTED_EDGE ( 'NONE', *, *, #1827, .F. ) ;
#4528 = ORIENTED_EDGE ( 'NONE', *, *, #295, .T. ) ;
#4529 = CARTESIAN_POINT ( 'NONE',  ( 0.9699999999999956400, 0.2000000000000000100, 1.370000000000003900 ) ) ;
#4530 = EDGE_CURVE ( 'NONE', #5799, #3647, #797, .T. ) ;
#4531 = VECTOR ( 'NONE', #5863, 1000.000000000000000 ) ;
#4532 = EDGE_LOOP ( 'NONE', ( #4752, #936, #375, #2774 ) ) ;
#4533 = EDGE_LOOP ( 'NONE', ( #3538, #5512, #2316, #3441 ) ) ;
#4534 = EDGE_CURVE ( 'NONE', #59, #3467, #4300, .T. ) ;
#4535 = AXIS2_PLACEMENT_3D ( 'NONE', #5055, #3258, #2314 ) ;
#4536 = ORIENTED_EDGE ( 'NONE', *, *, #4373, .F. ) ;
#4537 = EDGE_CURVE ( 'NONE', #2103, #1995, #3089, .T. ) ;
#4538 = ORIENTED_EDGE ( 'NONE', *, *, #1341, .T. ) ;
#4539 = CARTESIAN_POINT ( 'NONE',  ( 0.9699999999999956400, 0.6664761515876241900, 1.370000000000003900 ) ) ;
#4540 = SURFACE_SIDE_STYLE ('',( #2922 ) ) ;
#4541 = LINE ( 'NONE', #4372, #4897 ) ;
#4542 = DIRECTION ( 'NONE',  ( 1.000000000000000000, 0.0000000000000000000, 3.614007241618351500E-015 ) ) ;
#4543 = ORIENTED_EDGE ( 'NONE', *, *, #5726, .F. ) ;
#4544 = ORIENTED_EDGE ( 'NONE', *, *, #3824, .T. ) ;
#4545 = CARTESIAN_POINT ( 'NONE',  ( 0.9699999999999960900, 0.0000000000000000000, 1.250000000000004000 ) ) ;
#4546 = CARTESIAN_POINT ( 'NONE',  ( 0.3700000000000050500, 0.1999999999999999800, -1.469999999999998200 ) ) ;
#4547 = ORIENTED_EDGE ( 'NONE', *, *, #2647, .T. ) ;
#4548 = AXIS2_PLACEMENT_3D ( 'NONE', #2412, #5194, #557 ) ;
#4549 = CARTESIAN_POINT ( 'NONE',  ( 1.250000000000003300, 0.1999999999999996500, -0.8699999999999948900 ) ) ;
#4550 = ORIENTED_EDGE ( 'NONE', *, *, #5854, .F. ) ;
#4551 = DIRECTION ( 'NONE',  ( -3.367572519130504400E-015, 0.0000000000000000000, 1.000000000000000000 ) ) ;
#4552 = DIRECTION ( 'NONE',  ( 1.000000000000000000, 0.0000000000000000000, 4.265911462047064500E-015 ) ) ;
#4553 =( LENGTH_UNIT ( ) NAMED_UNIT ( * ) SI_UNIT ( .MILLI., .METRE. ) );
#4554 = UNCERTAINTY_MEASURE_WITH_UNIT (LENGTH_MEASURE( 1.000000000000000100E-005 ), #3852, 'distance_accuracy_value', 'NONE');
#4555 = PLANE ( 'NONE',  #4417 ) ;
#4556 = DIRECTION ( 'NONE',  ( 0.0000000000000000000, 1.000000000000000000, 0.0000000000000000000 ) ) ;
#4557 = DIRECTION ( 'NONE',  ( 0.0000000000000000000, 1.000000000000000000, 0.0000000000000000000 ) ) ;
#4558 = AXIS2_PLACEMENT_3D ( 'NONE', #4309, #2096, #1582 ) ;
#4559 = ADVANCED_FACE ( 'NONE', ( #4723 ), #2153, .F. ) ;
#4560 = ORIENTED_EDGE ( 'NONE', *, *, #931, .F. ) ;
#4561 = VECTOR ( 'NONE', #1563, 1000.000000000000000 ) ;
#4562 = ORIENTED_EDGE ( 'NONE', *, *, #4874, .F. ) ;
#4563 = ORIENTED_EDGE ( 'NONE', *, *, #907, .T. ) ;
#4564 = AXIS2_PLACEMENT_3D ( 'NONE', #472, #5479, #2776 ) ;
#4565 = VECTOR ( 'NONE', #301, 1000.000000000000000 ) ;
#4566 = CARTESIAN_POINT ( 'NONE',  ( 0.3699999999999945000, 0.6664761515876238600, 1.470000000000000900 ) ) ;
#4567 = EDGE_CURVE ( 'NONE', #4630, #283, #1082, .T. ) ;
#4568 = ORIENTED_EDGE ( 'NONE', *, *, #2012, .T. ) ;
#4569 = VERTEX_POINT ( 'NONE', #266 ) ;
#4570 = PRESENTATION_LAYER_ASSIGNMENT (  '', '', ( #101 ) ) ;
#4571 = ORIENTED_EDGE ( 'NONE', *, *, #522, .F. ) ;
#4572 = DIRECTION ( 'NONE',  ( -0.0000000000000000000, -1.000000000000000000, 0.0000000000000000000 ) ) ;
#4573 = LINE ( 'NONE', #1052, #5593 ) ;
#4574 = ORIENTED_EDGE ( 'NONE', *, *, #2465, .F. ) ;
#4575 = CARTESIAN_POINT ( 'NONE',  ( -1.250000000000005800, 0.0000000000000000000, 1.369999999999996300 ) ) ;
#4576 = SURFACE_STYLE_USAGE ( .BOTH. , #2336 ) ;
#4577 = AXIS2_PLACEMENT_3D ( 'NONE', #1754, #864, #2207 ) ;
#4578 = FILL_AREA_STYLE_COLOUR ( '', #4870 ) ;
#4579 = DIRECTION ( 'NONE',  ( -2.717051215639202600E-015, 0.0000000000000000000, 1.000000000000000000 ) ) ;
#4580 = CARTESIAN_POINT ( 'NONE',  ( -0.9700000000000031900, 0.0000000000000000000, 0.7499999999999973400 ) ) ;
#4581 = VECTOR ( 'NONE', #280, 1000.000000000000000 ) ;
#4582 = CYLINDRICAL_SURFACE ( 'NONE', #2415, 0.1199999999999998800 ) ;
#4583 = EDGE_LOOP ( 'NONE', ( #3864, #2970, #1185, #753 ) ) ;
#4584 = DIRECTION ( 'NONE',  ( 1.000000000000000000, 0.0000000000000000000, 4.265911462047064500E-015 ) ) ;
#4585 = LINE ( 'NONE', #4004, #2290 ) ;
#4586 = DIRECTION ( 'NONE',  ( -4.265911462047064500E-015, 0.0000000000000000000, 1.000000000000000000 ) ) ;
#4587 = CIRCLE ( 'NONE', #2781, 0.1199999999999998800 ) ;
#4588 = LINE ( 'NONE', #4125, #4729 ) ;
#4589 = VERTEX_POINT ( 'NONE', #3493 ) ;
#4590 = CARTESIAN_POINT ( 'NONE',  ( -1.249999999999994000, 0.05000000000000000300, -1.750000000000004200 ) ) ;
#4591 = FACE_OUTER_BOUND ( 'NONE', #3821, .T. ) ;
#4592 = LINE ( 'NONE', #3583, #4664 ) ;
#4593 = ORIENTED_EDGE ( 'NONE', *, *, #3968, .T. ) ;
#4594 = DIRECTION ( 'NONE',  ( 0.0000000000000000000, -1.000000000000000000, 0.0000000000000000000 ) ) ;
#4595 = ADVANCED_FACE ( 'NONE', ( #2361 ), #3985, .F. ) ;
#4596 = CARTESIAN_POINT ( 'NONE',  ( 0.9699999999999960900, 0.6664761515876241900, 1.250000000000004000 ) ) ;
#4597 = FILL_AREA_STYLE_COLOUR ( '', #2106 ) ;
#4598 = CYLINDRICAL_SURFACE ( 'NONE', #3716, 0.1199999999999998800 ) ;
#4599 = SURFACE_STYLE_USAGE ( .BOTH. , #3208 ) ;
#4600 = ORIENTED_EDGE ( 'NONE', *, *, #3196, .F. ) ;
#4601 = ORIENTED_EDGE ( 'NONE', *, *, #1557, .F. ) ;
#4602 = CARTESIAN_POINT ( 'NONE',  ( -1.249999999999996200, 0.6664761515876241900, -1.370000000000003400 ) ) ;
#4603 = EDGE_CURVE ( 'NONE', #3560, #3719, #305, .T. ) ;
#4604 = DIRECTION ( 'NONE',  ( -0.0000000000000000000, -1.000000000000000000, 0.0000000000000000000 ) ) ;
#4605 = VECTOR ( 'NONE', #4552, 1000.000000000000000 ) ;
#4606 = CARTESIAN_POINT ( 'NONE',  ( -1.250000000000004900, 0.04999999999999969700, 1.129999999999996800 ) ) ;
#4607 = ORIENTED_EDGE ( 'NONE', *, *, #4785, .F. ) ;
#4608 = ORIENTED_EDGE ( 'NONE', *, *, #204, .F. ) ;
#4609 = VERTEX_POINT ( 'NONE', #5781 ) ;
#4610 = EDGE_CURVE ( 'NONE', #5616, #4630, #2500, .T. ) ;
#4611 = CARTESIAN_POINT ( 'NONE',  ( -0.9700000000000027500, 0.0000000000000000000, 0.6299999999999974500 ) ) ;
#4612 = EDGE_CURVE ( 'NONE', #3006, #3428, #3368, .T. ) ;
#4613 = VECTOR ( 'NONE', #1958, 1000.000000000000000 ) ;
#4614 = PRESENTATION_LAYER_ASSIGNMENT (  '', '', ( #3079 ) ) ;
#4615 = ORIENTED_EDGE ( 'NONE', *, *, #2123, .F. ) ;
#4616 = AXIS2_PLACEMENT_3D ( 'NONE', #4230, #3007, #2906 ) ;
#4617 = DIRECTION ( 'NONE',  ( -3.491481338843133400E-015, 0.0000000000000000000, 1.000000000000000000 ) ) ;
#4618 = FACE_OUTER_BOUND ( 'NONE', #3869, .T. ) ;
#4619 = EDGE_CURVE ( 'NONE', #1792, #1894, #2639, .T. ) ;
#4620 = CARTESIAN_POINT ( 'NONE',  ( 0.1300000000000000000, 0.05000000000000000300, 4.538925740496074000E-016 ) ) ;
#4621 = EDGE_CURVE ( 'NONE', #3647, #3567, #3873, .T. ) ;
#4622 = EDGE_LOOP ( 'NONE', ( #3862, #1236, #4159, #3996 ) ) ;
#4623 = CARTESIAN_POINT ( 'NONE',  ( 1.250000000000001800, 0.2000000000000000100, -0.3699999999999948300 ) ) ;
#4624 = DIRECTION ( 'NONE',  ( 0.0000000000000000000, 1.000000000000000000, 0.0000000000000000000 ) ) ;
#4625 = CARTESIAN_POINT ( 'NONE',  ( -0.9700000000000045300, 0.0000000000000000000, 1.129999999999997200 ) ) ;
#4626 = PLANE ( 'NONE',  #5336 ) ;
#4627 = EDGE_LOOP ( 'NONE', ( #1047, #5248, #3419, #200, #1391, #837, #2733, #2494, #4378, #2642, #4948, #2591, #1334, #1313, #1710, #4400, #502, #1873, #3933, #2233, #1618, #5181, #5226, #5899, #3846, #5619, #990, #4212 ) ) ;
#4628 = DIRECTION ( 'NONE',  ( 2.717051215639202600E-015, 0.0000000000000000000, -1.000000000000000000 ) ) ;
#4629 = AXIS2_PLACEMENT_3D ( 'NONE', #3771, #1030, #1485 ) ;
#4630 = VERTEX_POINT ( 'NONE', #2559 ) ;
#4631 = CARTESIAN_POINT ( 'NONE',  ( 0.2500000000000051600, 0.1999999999999999800, -1.469999999999998900 ) ) ;
#4632 = DIRECTION ( 'NONE',  ( 0.0000000000000000000, -1.000000000000000000, 0.0000000000000000000 ) ) ;
#4633 = PLANE ( 'NONE',  #4357 ) ;
#4634 = CLOSED_SHELL ( 'NONE', ( #1407, #2225, #3366, #844, #519, #1640, #4175 ) ) ;
#4635 = CARTESIAN_POINT ( 'NONE',  ( -0.9699999999999984200, 0.6664761515876241900, -0.6300000000000028900 ) ) ;
#4636 = DIRECTION ( 'NONE',  ( -2.717051215639202200E-015, 0.0000000000000000000, 1.000000000000000000 ) ) ;
#4637 = FACE_OUTER_BOUND ( 'NONE', #2194, .T. ) ;
#4638 = DIRECTION ( 'NONE',  ( 1.000000000000000000, 0.0000000000000000000, 3.491481338843133400E-015 ) ) ;
#4639 = EDGE_CURVE ( 'NONE', #1124, #5109, #1297, .T. ) ;
#4640 = ORIENTED_EDGE ( 'NONE', *, *, #3273, .T. ) ;
#4641 = ORIENTED_EDGE ( 'NONE', *, *, #2206, .F. ) ;
#4642 = ORIENTED_EDGE ( 'NONE', *, *, #2477, .T. ) ;
#4643 = CARTESIAN_POINT ( 'NONE',  ( 1.250000000000003600, 0.1999999999999999800, -0.8699999999999948900 ) ) ;
#4644 = AXIS2_PLACEMENT_3D ( 'NONE', #4480, #5922, #4026 ) ;
#4645 = CARTESIAN_POINT ( 'NONE',  ( -0.3699999999999948300, 0.1999999999999999800, -1.470000000000000900 ) ) ;
#4646 = ADVANCED_FACE ( 'NONE', ( #5655 ), #1215, .F. ) ;
#4647 = ORIENTED_EDGE ( 'NONE', *, *, #5113, .F. ) ;
#4648 = AXIS2_PLACEMENT_3D ( 'NONE', #5521, #910, #2718 ) ;
#4649 = VECTOR ( 'NONE', #1879, 1000.000000000000000 ) ;
#4650 = EDGE_CURVE ( 'NONE', #5125, #781, #1512, .T. ) ;
#4651 = VECTOR ( 'NONE', #3705, 1000.000000000000000 ) ;
#4652 = ORIENTED_EDGE ( 'NONE', *, *, #2832, .F. ) ;
#4653 = FACE_OUTER_BOUND ( 'NONE', #270, .T. ) ;
#4654 = EDGE_CURVE ( 'NONE', #75, #958, #5006, .T. ) ;
#4655 = ADVANCED_FACE ( 'NONE', ( #1159 ), #2798, .T. ) ;
#4656 = FACE_OUTER_BOUND ( 'NONE', #298, .T. ) ;
#4657 = CARTESIAN_POINT ( 'NONE',  ( 0.3700000000000050500, 0.6664761515876238600, -1.469999999999998200 ) ) ;
#4658 = LINE ( 'NONE', #787, #3448 ) ;
#4659 = ORIENTED_EDGE ( 'NONE', *, *, #4612, .F. ) ;
#4660 = AXIS2_PLACEMENT_3D ( 'NONE', #58, #3190, #4166 ) ;
#4661 = CARTESIAN_POINT ( 'NONE',  ( -1.249999999999999600, 0.2000000000000000100, -0.3700000000000034400 ) ) ;
#4662 = CARTESIAN_POINT ( 'NONE',  ( -0.9699999999999963100, 0.2000000000000000100, -1.250000000000002900 ) ) ;
#4663 = DIRECTION ( 'NONE',  ( -1.000000000000000000, 0.0000000000000000000, -3.614007241618351500E-015 ) ) ;
#4664 = VECTOR ( 'NONE', #4959, 1000.000000000000000 ) ;
#4665 = ORIENTED_EDGE ( 'NONE', *, *, #3815, .T. ) ;
#4666 = AXIS2_PLACEMENT_3D ( 'NONE', #2000, #1113, #601 ) ;
#4667 = DIRECTION ( 'NONE',  ( 4.265911462047065300E-015, 0.0000000000000000000, -1.000000000000000000 ) ) ;
#4668 = LINE ( 'NONE', #5041, #2588 ) ;
#4669 = CYLINDRICAL_SURFACE ( 'NONE', #2184, 0.1500000000000001900 ) ;
#4670 = ORIENTED_EDGE ( 'NONE', *, *, #1560, .T. ) ;
#4671 = DIRECTION ( 'NONE',  ( 1.000000000000000000, 0.0000000000000000000, 3.614007241618351500E-015 ) ) ;
#4672 = ORIENTED_EDGE ( 'NONE', *, *, #4339, .T. ) ;
#4673 = FACE_OUTER_BOUND ( 'NONE', #1558, .T. ) ;
#4674 = CARTESIAN_POINT ( 'NONE',  ( -0.9700000000000002000, 0.0000000000000000000, -0.1300000000000028600 ) ) ;
#4675 = CLOSED_SHELL ( 'NONE', ( #4410, #5464, #4439, #2024, #3645, #261 ) ) ;
#4676 = ORIENTED_EDGE ( 'NONE', *, *, #3312, .T. ) ;
#4677 = DIRECTION ( 'NONE',  ( 1.000000000000000000, 0.0000000000000000000, 3.614007241618351500E-015 ) ) ;
#4678 = CARTESIAN_POINT ( 'NONE',  ( 0.9700000000000047500, 0.2000000000000000100, -1.249999999999996200 ) ) ;
#4679 = DIRECTION ( 'NONE',  ( -3.367572519130504400E-015, 0.0000000000000000000, 1.000000000000000000 ) ) ;
#4680 = DIRECTION ( 'NONE',  ( 3.491481338843133400E-015, 0.0000000000000000000, -1.000000000000000000 ) ) ;
#4681 = ORIENTED_EDGE ( 'NONE', *, *, #3151, .F. ) ;
#4682 = EDGE_CURVE ( 'NONE', #2315, #2282, #933, .T. ) ;
#4683 = CARTESIAN_POINT ( 'NONE',  ( -1.250000000000001300, 0.6664761515876241900, 0.1299999999999966200 ) ) ;
#4684 = ORIENTED_EDGE ( 'NONE', *, *, #1682, .T. ) ;
#4685 = DIRECTION ( 'NONE',  ( -4.265911462047064500E-015, 0.0000000000000000000, 1.000000000000000000 ) ) ;
#4686 = LINE ( 'NONE', #2063, #4825 ) ;
#4687 = ADVANCED_FACE ( 'NONE', ( #4932 ), #1404, .F. ) ;
#4688 = ORIENTED_EDGE ( 'NONE', *, *, #5256, .F. ) ;
#4689 = EDGE_CURVE ( 'NONE', #3967, #5885, #5081, .T. ) ;
#4690 = ORIENTED_EDGE ( 'NONE', *, *, #5068, .T. ) ;
#4691 = AXIS2_PLACEMENT_3D ( 'NONE', #3487, #4432, #3498 ) ;
#4692 = PLANE ( 'NONE',  #1259 ) ;
#4693 = CARTESIAN_POINT ( 'NONE',  ( -0.3700000000000051600, 0.1999999999999999800, 1.469999999999998200 ) ) ;
#4694 = EDGE_CURVE ( 'NONE', #3677, #2678, #4784, .T. ) ;
#4695 = CARTESIAN_POINT ( 'NONE',  ( -0.9700000000000045300, 0.2000000000000000100, 1.129999999999997200 ) ) ;
#4696 = ORIENTED_EDGE ( 'NONE', *, *, #5537, .F. ) ;
#4697 = ORIENTED_EDGE ( 'NONE', *, *, #5882, .F. ) ;
#4698 = DIRECTION ( 'NONE',  ( -0.0000000000000000000, -1.000000000000000000, 0.0000000000000000000 ) ) ;
#4699 = CARTESIAN_POINT ( 'NONE',  ( -0.9700000000000049700, 0.04999999999999999600, 1.249999999999997100 ) ) ;
#4700 = CARTESIAN_POINT ( 'NONE',  ( -0.8499999999999998700, 0.0000000000000000000, -0.2500000000000022800 ) ) ;
#4701 = ORIENTED_EDGE ( 'NONE', *, *, #2425, .F. ) ;
#4702 = ORIENTED_EDGE ( 'NONE', *, *, #2346, .F. ) ;
#4703 = CYLINDRICAL_SURFACE ( 'NONE', #1566, 0.1199999999999998800 ) ;
#4704 = VERTEX_POINT ( 'NONE', #1855 ) ;
#4705 = EDGE_LOOP ( 'NONE', ( #1366, #3632, #5895, #4153 ) ) ;
#4706 = ORIENTED_EDGE ( 'NONE', *, *, #1341, .F. ) ;
#4707 = CARTESIAN_POINT ( 'NONE',  ( -0.9699999999999963100, 0.2000000000000000100, -1.250000000000002900 ) ) ;
#4708 = ADVANCED_FACE ( 'NONE', ( #1440 ), #3231, .T. ) ;
#4709 = LINE ( 'NONE', #3421, #5208 ) ;
#4710 = DIRECTION ( 'NONE',  ( -1.000000000000000000, 0.0000000000000000000, -2.891205793294674700E-015 ) ) ;
#4711 = CARTESIAN_POINT ( 'NONE',  ( -0.9499999999999981800, 0.4757359312880711200, -1.450000000000003100 ) ) ;
#4712 = FILL_AREA_STYLE ('',( #1530 ) ) ;
#4713 = CARTESIAN_POINT ( 'NONE',  ( 1.250000000000000000, 0.1999999999999999800, 0.1300000000000051400 ) ) ;
#4714 = DIRECTION ( 'NONE',  ( -4.265911462047064500E-015, 0.0000000000000000000, 1.000000000000000000 ) ) ;
#4715 = LINE ( 'NONE', #2753, #1936 ) ;
#4716 = ORIENTED_EDGE ( 'NONE', *, *, #715, .T. ) ;
#4717 = VECTOR ( 'NONE', #2245, 1000.000000000000000 ) ;
#4718 = EDGE_CURVE ( 'NONE', #3740, #326, #2572, .T. ) ;
#4719 = DIRECTION ( 'NONE',  ( 0.0000000000000000000, -1.000000000000000000, 0.0000000000000000000 ) ) ;
#4720 = EDGE_CURVE ( 'NONE', #59, #2239, #3515, .T. ) ;
#4721 = AXIS2_PLACEMENT_3D ( 'NONE', #4407, #1681, #2581 ) ;
#4722 = DIRECTION ( 'NONE',  ( -1.000000000000000000, 0.0000000000000000000, -3.614007241618351500E-015 ) ) ;
#4723 = FACE_OUTER_BOUND ( 'NONE', #1867, .T. ) ;
#4724 = CARTESIAN_POINT ( 'NONE',  ( -0.9699999999999963100, 0.0000000000000000000, -1.250000000000002900 ) ) ;
#4725 = CIRCLE ( 'NONE', #4867, 0.1199999999999998800 ) ;
#4726 = ORIENTED_EDGE ( 'NONE', *, *, #4530, .F. ) ;
#4727 = EDGE_CURVE ( 'NONE', #3775, #2103, #2010, .T. ) ;
#4728 = CIRCLE ( 'NONE', #44, 0.1199999999999998800 ) ;
#4729 = VECTOR ( 'NONE', #498, 1000.000000000000000 ) ;
#4730 = ORIENTED_EDGE ( 'NONE', *, *, #5324, .T. ) ;
#4731 = DIRECTION ( 'NONE',  ( 1.000000000000000000, 0.0000000000000000000, 2.717051215639202600E-015 ) ) ;
#4732 = CARTESIAN_POINT ( 'NONE',  ( -1.249999999999997600, 0.1999999999999996500, -0.6300000000000037800 ) ) ;
#4733 = VECTOR ( 'NONE', #966, 1000.000000000000000 ) ;
#4734 = CARTESIAN_POINT ( 'NONE',  ( 1.249999999999997300, 0.0000000000000000000, 0.8700000000000048800 ) ) ;
#4735 = VECTOR ( 'NONE', #3917, 1000.000000000000000 ) ;
#4736 = DIRECTION ( 'NONE',  ( 1.000000000000000000, 0.0000000000000000000, 4.265911462047064500E-015 ) ) ;
#4737 = ORIENTED_EDGE ( 'NONE', *, *, #2385, .T. ) ;
#4738 = CIRCLE ( 'NONE', #630, 0.1199999999999998800 ) ;
#4739 = VERTEX_POINT ( 'NONE', #927 ) ;
#4740 = CARTESIAN_POINT ( 'NONE',  ( -1.249999999999999600, 0.2000000000000000100, -0.3700000000000034400 ) ) ;
#4741 = DIRECTION ( 'NONE',  ( 3.297873808042150800E-015, 0.0000000000000000000, -1.000000000000000000 ) ) ;
#4742 = AXIS2_PLACEMENT_3D ( 'NONE', #66, #4516, #4177 ) ;
#4743 = VERTEX_POINT ( 'NONE', #4643 ) ;
#4744 = ADVANCED_FACE ( 'NONE', ( #4434 ), #2289, .T. ) ;
#4745 = DIRECTION ( 'NONE',  ( -0.0000000000000000000, -1.000000000000000000, 0.0000000000000000000 ) ) ;
#4746 = CARTESIAN_POINT ( 'NONE',  ( 0.4999999999999967800, 2.436067977499790000, 1.000000000000002400 ) ) ;
#4747 = CARTESIAN_POINT ( 'NONE',  ( -0.1299999999999941200, 0.6664761515876238600, -1.750000000000000200 ) ) ;
#4748 = CARTESIAN_POINT ( 'NONE',  ( 0.9700000000000011900, 0.2000000000000000100, -0.2499999999999962000 ) ) ;
#4749 = LINE ( 'NONE', #1374, #884 ) ;
#4750 = ORIENTED_EDGE ( 'NONE', *, *, #2582, .F. ) ;
#4751 = ORIENTED_EDGE ( 'NONE', *, *, #2754, .F. ) ;
#4752 = ORIENTED_EDGE ( 'NONE', *, *, #2998, .T. ) ;
#4753 = CARTESIAN_POINT ( 'NONE',  ( 1.249999999999995800, 0.1999999999999999800, 1.370000000000005000 ) ) ;
#4754 = VECTOR ( 'NONE', #574, 1000.000000000000000 ) ;
#4755 = VERTEX_POINT ( 'NONE', #954 ) ;
#4756 = SURFACE_SIDE_STYLE ('',( #1001 ) ) ;
#4757 = ORIENTED_EDGE ( 'NONE', *, *, #3627, .T. ) ;
#4758 = FACE_OUTER_BOUND ( 'NONE', #1055, .T. ) ;
#4759 = CARTESIAN_POINT ( 'NONE',  ( 1.249999999999996400, 0.6664761515876241900, 1.130000000000005200 ) ) ;
#4760 = STYLED_ITEM ( 'NONE', ( #1449 ), #320 ) ;
#4761 = CARTESIAN_POINT ( 'NONE',  ( 0.9700000000000011900, 0.6664761515876241900, -0.2499999999999962000 ) ) ;
#4762 = DIRECTION ( 'NONE',  ( 3.491481338843133400E-015, 0.0000000000000000000, -1.000000000000000000 ) ) ;
#4763 = VERTEX_POINT ( 'NONE', #4606 ) ;
#4764 = CARTESIAN_POINT ( 'NONE',  ( -1.249999999999996200, 0.1999999999999999800, -1.370000000000003400 ) ) ;
#4765 = EDGE_CURVE ( 'NONE', #4776, #2003, #5151, .T. ) ;
#4766 = ORIENTED_EDGE ( 'NONE', *, *, #5917, .F. ) ;
#4767 = AXIS2_PLACEMENT_3D ( 'NONE', #2940, #133, #3797 ) ;
#4768 =( GEOMETRIC_REPRESENTATION_CONTEXT ( 3 ) GLOBAL_UNCERTAINTY_ASSIGNED_CONTEXT ( ( #5510 ) ) GLOBAL_UNIT_ASSIGNED_CONTEXT ( ( #3520, #2645, #1225 ) ) REPRESENTATION_CONTEXT ( 'NONE', 'WORKASPACE' ) );
#4769 = ORIENTED_EDGE ( 'NONE', *, *, #896, .T. ) ;
#4770 = ADVANCED_FACE ( 'NONE', ( #791 ), #3250, .T. ) ;
#4771 = DIRECTION ( 'NONE',  ( -1.000000000000000000, 0.0000000000000000000, -2.717051215639202200E-015 ) ) ;
#4772 = PLANE ( 'NONE',  #1642 ) ;
#4773 = CARTESIAN_POINT ( 'NONE',  ( -0.9699999999999984200, 0.0000000000000000000, -0.6300000000000028900 ) ) ;
#4774 = DIRECTION ( 'NONE',  ( 1.000000000000000000, 0.0000000000000000000, 3.614007241618351500E-015 ) ) ;
#4775 = CARTESIAN_POINT ( 'NONE',  ( 0.5000000000000036600, 0.2000000000000000900, -0.9999999999999978900 ) ) ;
#4776 = VERTEX_POINT ( 'NONE', #3214 ) ;
#4777 = CARTESIAN_POINT ( 'NONE',  ( -0.8500000000000050800, 0.6664761515876241900, 1.249999999999997600 ) ) ;
#4778 = CARTESIAN_POINT ( 'NONE',  ( -1.249999999999996200, 0.0000000000000000000, -1.370000000000003400 ) ) ;
#4779 = VECTOR ( 'NONE', #5483, 1000.000000000000000 ) ;
#4780 = CARTESIAN_POINT ( 'NONE',  ( 0.3700000000000058800, 0.6664761515876238600, -1.749999999999998400 ) ) ;
#4781 = ORIENTED_EDGE ( 'NONE', *, *, #5843, .F. ) ;
#4782 = EDGE_LOOP ( 'NONE', ( #3983, #438, #2099, #2031 ) ) ;
#4783 = LINE ( 'NONE', #3867, #4501 ) ;
#4784 = LINE ( 'NONE', #5545, #3440 ) ;
#4785 = EDGE_CURVE ( 'NONE', #5481, #4124, #3947, .T. ) ;
#4786 = DIRECTION ( 'NONE',  ( 0.0000000000000000000, 1.000000000000000000, 0.0000000000000000000 ) ) ;
#4787 = LINE ( 'NONE', #3592, #2706 ) ;
#4788 = VECTOR ( 'NONE', #885, 1000.000000000000000 ) ;
#4789 = DIRECTION ( 'NONE',  ( 1.000000000000000000, 0.0000000000000000000, 3.491481338843133400E-015 ) ) ;
#4790 = CARTESIAN_POINT ( 'NONE',  ( -5.545684900661174200E-016, 0.05000000000000000300, 0.1299999999999998100 ) ) ;
#4791 = LINE ( 'NONE', #828, #3302 ) ;
#4792 = DIRECTION ( 'NONE',  ( -3.685088869644115200E-015, 0.0000000000000000000, 1.000000000000000000 ) ) ;
#4793 = EDGE_CURVE ( 'NONE', #3140, #3901, #13, .T. ) ;
#4794 = VECTOR ( 'NONE', #371, 1000.000000000000000 ) ;
#4795 = VERTEX_POINT ( 'NONE', #587 ) ;
#4796 = AXIS2_PLACEMENT_3D ( 'NONE', #4127, #3688, #2300 ) ;
#4797 = ADVANCED_FACE ( 'NONE', ( #363 ), #3780, .T. ) ;
#4798 = CARTESIAN_POINT ( 'NONE',  ( -0.8499999999999980900, 0.1999999999999999800, -0.7500000000000023300 ) ) ;
#4799 = VECTOR ( 'NONE', #1839, 1000.000000000000000 ) ;
#4800 = LINE ( 'NONE', #4346, #1529 ) ;
#4801 = VECTOR ( 'NONE', #2763, 1000.000000000000000 ) ;
#4802 = ORIENTED_EDGE ( 'NONE', *, *, #5573, .T. ) ;
#4803 = AXIS2_PLACEMENT_3D ( 'NONE', #2675, #3137, #408 ) ;
#4804 = EDGE_CURVE ( 'NONE', #5308, #3165, #4862, .T. ) ;
#4805 = EDGE_CURVE ( 'NONE', #5722, #4823, #151, .T. ) ;
#4806 = LINE ( 'NONE', #4305, #523 ) ;
#4807 = CYLINDRICAL_SURFACE ( 'NONE', #5465, 0.1199999999999998800 ) ;
#4808 = DIRECTION ( 'NONE',  ( -1.000000000000000000, 0.0000000000000000000, -3.491481338843133400E-015 ) ) ;
#4809 = ORIENTED_EDGE ( 'NONE', *, *, #2691, .F. ) ;
#4810 = ORIENTED_EDGE ( 'NONE', *, *, #1868, .T. ) ;
#4811 = CARTESIAN_POINT ( 'NONE',  ( 1.249999999999999100, 0.6664761515876241900, 0.3700000000000049400 ) ) ;
#4812 = DIRECTION ( 'NONE',  ( 4.265911462047064500E-015, 0.0000000000000000000, -1.000000000000000000 ) ) ;
#4813 = FACE_OUTER_BOUND ( 'NONE', #2436, .T. ) ;
#4814 = MANIFOLD_SOLID_BREP ( 'Body-Move/Copy1[14]', #4935 ) ;
#4815 = ORIENTED_EDGE ( 'NONE', *, *, #2537, .T. ) ;
#4816 = ORIENTED_EDGE ( 'NONE', *, *, #5333, .T. ) ;
#4817 = AXIS2_PLACEMENT_3D ( 'NONE', #2509, #4786, #228 ) ;
#4818 = VERTEX_POINT ( 'NONE', #1990 ) ;
#4819 = CARTESIAN_POINT ( 'NONE',  ( -1.249999999999998700, 0.1999999999999999800, -0.6300000000000035600 ) ) ;
#4820 = FACE_OUTER_BOUND ( 'NONE', #4095, .T. ) ;
#4821 = ORIENTED_EDGE ( 'NONE', *, *, #3203, .F. ) ;
#4822 = CARTESIAN_POINT ( 'NONE',  ( 0.9700000000000031900, 0.1999999999999999800, -0.8699999999999961100 ) ) ;
#4823 = VERTEX_POINT ( 'NONE', #2008 ) ;
#4824 = ORIENTED_EDGE ( 'NONE', *, *, #3499, .F. ) ;
#4825 = VECTOR ( 'NONE', #3961, 1000.000000000000000 ) ;
#4826 = DIRECTION ( 'NONE',  ( -2.717051215639202600E-015, 0.0000000000000000000, 1.000000000000000000 ) ) ;
#4827 = ORIENTED_EDGE ( 'NONE', *, *, #3088, .T. ) ;
#4828 = ORIENTED_EDGE ( 'NONE', *, *, #3068, .T. ) ;
#4829 = CARTESIAN_POINT ( 'NONE',  ( 0.1299999999999939300, 0.6664761515876238600, 1.750000000000000200 ) ) ;
#4830 = ADVANCED_FACE ( 'NONE', ( #5223 ), #2873, .F. ) ;
#4831 = DIRECTION ( 'NONE',  ( -1.000000000000000000, 0.0000000000000000000, -4.265911462047065300E-015 ) ) ;
#4832 = EDGE_CURVE ( 'NONE', #4931, #3937, #3297, .T. ) ;
#4833 = ORIENTED_EDGE ( 'NONE', *, *, #3122, .T. ) ;
#4834 = EDGE_CURVE ( 'NONE', #3673, #121, #857, .T. ) ;
#4835 = PRESENTATION_LAYER_ASSIGNMENT (  '', '', ( #4220 ) ) ;
#4836 = CARTESIAN_POINT ( 'NONE',  ( 0.9699999999999963100, 0.0000000000000000000, 1.130000000000004100 ) ) ;
#4837 = AXIS2_PLACEMENT_3D ( 'NONE', #1631, #309, #737 ) ;
#4838 = CARTESIAN_POINT ( 'NONE',  ( 0.9699999999999979700, 0.2000000000000000100, 0.6300000000000038900 ) ) ;
#4839 = CARTESIAN_POINT ( 'NONE',  ( 0.1300000000000051400, 0.0000000000000000000, -1.469999999999999100 ) ) ;
#4840 = FILL_AREA_STYLE_COLOUR ( '', #2985 ) ;
#4841 = CARTESIAN_POINT ( 'NONE',  ( 0.1299999999999939300, 0.0000000000000000000, 1.750000000000000200 ) ) ;
#4842 = EDGE_CURVE ( 'NONE', #5609, #3840, #4505, .T. ) ;
#4843 = DIRECTION ( 'NONE',  ( 0.0000000000000000000, -1.000000000000000000, 0.0000000000000000000 ) ) ;
#4844 = DIRECTION ( 'NONE',  ( 0.0000000000000000000, 1.000000000000000000, 0.0000000000000000000 ) ) ;
#4845 = LINE ( 'NONE', #2995, #5414 ) ;
#4846 = DIRECTION ( 'NONE',  ( 0.0000000000000000000, -1.000000000000000000, 0.0000000000000000000 ) ) ;
#4847 = DIRECTION ( 'NONE',  ( -1.000000000000000000, 0.0000000000000000000, -4.265911462047064500E-015 ) ) ;
#4848 = ORIENTED_EDGE ( 'NONE', *, *, #1751, .T. ) ;
#4849 = ORIENTED_EDGE ( 'NONE', *, *, #622, .F. ) ;
#4850 = AXIS2_PLACEMENT_3D ( 'NONE', #930, #5503, #4113 ) ;
#4851 =( LENGTH_UNIT ( ) NAMED_UNIT ( * ) SI_UNIT ( .MILLI., .METRE. ) );
#4852 = CARTESIAN_POINT ( 'NONE',  ( -1.249999999999994000, 0.05000000000000000300, -1.750000000000004200 ) ) ;
#4853 = LINE ( 'NONE', #197, #2286 ) ;
#4854 = DIRECTION ( 'NONE',  ( -3.491481338843133400E-015, 0.0000000000000000000, 1.000000000000000000 ) ) ;
#4855 = ADVANCED_FACE ( 'NONE', ( #5582 ), #4201, .F. ) ;
#4856 = CARTESIAN_POINT ( 'NONE',  ( -0.9699999999999997500, 0.1999999999999999800, -0.2500000000000027200 ) ) ;
#4857 = DIRECTION ( 'NONE',  ( 0.0000000000000000000, 1.000000000000000000, 0.0000000000000000000 ) ) ;
#4858 = CARTESIAN_POINT ( 'NONE',  ( 0.9700000000000008600, 0.2000000000000000100, -0.1299999999999963100 ) ) ;
#4859 = FACE_OUTER_BOUND ( 'NONE', #2963, .T. ) ;
#4860 = VECTOR ( 'NONE', #1376, 1000.000000000000000 ) ;
#4861 = CARTESIAN_POINT ( 'NONE',  ( -1.099999999999998300, 0.9000000000000000200, -1.450000000000003500 ) ) ;
#4862 = LINE ( 'NONE', #1096, #2713 ) ;
#4863 = VECTOR ( 'NONE', #4334, 1000.000000000000000 ) ;
#4864 = VERTEX_POINT ( 'NONE', #1120 ) ;
#4866 = LINE ( 'NONE', #2191, #1088 ) ;
#4865 = DIRECTION ( 'NONE',  ( 0.0000000000000000000, -1.000000000000000000, 0.0000000000000000000 ) ) ;
#4867 = AXIS2_PLACEMENT_3D ( 'NONE', #5295, #1232, #1263 ) ;
#4868 = CARTESIAN_POINT ( 'NONE',  ( -0.9700000000000014200, 0.6664761515876241900, 0.2499999999999973100 ) ) ;
#4869 = VECTOR ( 'NONE', #2326, 1000.000000000000000 ) ;
#4870 = COLOUR_RGB ( '',0.7921568627450980000, 0.8196078431372548800, 0.9333333333333333500 ) ;
#4871 = ORIENTED_EDGE ( 'NONE', *, *, #3817, .T. ) ;
#4872 = AXIS2_PLACEMENT_3D ( 'NONE', #727, #3854, #3926 ) ;
#4873 = CARTESIAN_POINT ( 'NONE',  ( 0.5000000000000002200, 0.05000000000000000300, 1.745740669421567500E-015 ) ) ;
#4874 = EDGE_CURVE ( 'NONE', #1417, #2888, #3047, .T. ) ;
#4875 = VECTOR ( 'NONE', #5555, 1000.000000000000000 ) ;
#4876 = SURFACE_STYLE_FILL_AREA ( #5663 ) ;
#4877 = ORIENTED_EDGE ( 'NONE', *, *, #2269, .T. ) ;
#4878 = DIRECTION ( 'NONE',  ( -0.0000000000000000000, -1.000000000000000000, 0.0000000000000000000 ) ) ;
#4879 = LINE ( 'NONE', #2262, #3238 ) ;
#4880 = ORIENTED_EDGE ( 'NONE', *, *, #2968, .T. ) ;
#4881 = AXIS2_PLACEMENT_3D ( 'NONE', #1925, #5620, #2413 ) ;
#4882 = DIRECTION ( 'NONE',  ( -1.000000000000000000, 0.0000000000000000000, -2.717051215639202600E-015 ) ) ;
#4883 = PLANE ( 'NONE',  #3582 ) ;
#4884 = PLANE ( 'NONE',  #5174 ) ;
#4885 = DIRECTION ( 'NONE',  ( 3.367572519130504400E-015, 0.0000000000000000000, -1.000000000000000000 ) ) ;
#4886 = VECTOR ( 'NONE', #1335, 1000.000000000000000 ) ;
#4887 = AXIS2_PLACEMENT_3D ( 'NONE', #2696, #902, #5018 ) ;
#4888 = ORIENTED_EDGE ( 'NONE', *, *, #2969, .F. ) ;
#4889 = CARTESIAN_POINT ( 'NONE',  ( -0.9700000000000009700, 0.2000000000000000100, 0.1299999999999974000 ) ) ;
#4890 = CARTESIAN_POINT ( 'NONE',  ( -1.250000000000005800, 0.2000000000000000100, 1.369999999999996300 ) ) ;
#4891 = LINE ( 'NONE', #5076, #4605 ) ;
#4892 = ADVANCED_FACE ( 'NONE', ( #5623 ), #2071, .F. ) ;
#4893 = ORIENTED_EDGE ( 'NONE', *, *, #5216, .F. ) ;
#4894 = ORIENTED_EDGE ( 'NONE', *, *, #2918, .F. ) ;
#4895 = DIRECTION ( 'NONE',  ( 3.491481338843133400E-015, 0.0000000000000000000, -1.000000000000000000 ) ) ;
#4896 = ORIENTED_EDGE ( 'NONE', *, *, #5326, .F. ) ;
#4897 = VECTOR ( 'NONE', #271, 1000.000000000000000 ) ;
#4898 = FILL_AREA_STYLE_COLOUR ( '', #1234 ) ;
#4899 = VERTEX_POINT ( 'NONE', #2913 ) ;
#4900 = CARTESIAN_POINT ( 'NONE',  ( -0.9700000000000031900, 0.0000000000000000000, 0.7499999999999973400 ) ) ;
#4901 = EDGE_LOOP ( 'NONE', ( #2093, #3611, #528, #1977 ) ) ;
#4902 = PRODUCT_DEFINITION_FORMATION_WITH_SPECIFIED_SOURCE ( 'ANY', '', #1975, .NOT_KNOWN. ) ;
#4903 = VERTEX_POINT ( 'NONE', #297 ) ;
#4904 = CARTESIAN_POINT ( 'NONE',  ( 0.9699999999999973100, 0.1999999999999999800, 0.8700000000000036600 ) ) ;
#4905 = CARTESIAN_POINT ( 'NONE',  ( -1.250000000000005800, 0.6664761515876241900, 1.369999999999996300 ) ) ;
#4906 = VECTOR ( 'NONE', #3959, 1000.000000000000000 ) ;
#4907 = CARTESIAN_POINT ( 'NONE',  ( -0.9700000000000002000, 0.2000000000000000100, -0.1300000000000028600 ) ) ;
#4908 = CARTESIAN_POINT ( 'NONE',  ( 0.9699999999999963100, 0.2000000000000000100, 1.130000000000004100 ) ) ;
#4909 = ORIENTED_EDGE ( 'NONE', *, *, #1031, .T. ) ;
#4910 = ORIENTED_EDGE ( 'NONE', *, *, #96, .F. ) ;
#4911 = EDGE_CURVE ( 'NONE', #5667, #5069, #1271, .T. ) ;
#4912 = CARTESIAN_POINT ( 'NONE',  ( 0.1299999999999939300, 0.1999999999999999800, 1.750000000000000200 ) ) ;
#4913 = VERTEX_POINT ( 'NONE', #3051 ) ;
#4914 = CARTESIAN_POINT ( 'NONE',  ( -0.1299999999999941200, 0.1999999999999999800, -1.750000000000000200 ) ) ;
#4915 = DIRECTION ( 'NONE',  ( 1.000000000000000000, -0.0000000000000000000, 2.717051215639202600E-015 ) ) ;
#4916 = EDGE_CURVE ( 'NONE', #5245, #2003, #4185, .T. ) ;
#4917 = EDGE_CURVE ( 'NONE', #4464, #1919, #3416, .T. ) ;
#4918 = AXIS2_PLACEMENT_3D ( 'NONE', #886, #4105, #5058 ) ;
#4919 = ADVANCED_FACE ( 'NONE', ( #4406 ), #5352, .F. ) ;
#4920 = EDGE_CURVE ( 'NONE', #979, #4376, #2475, .T. ) ;
#4921 = EDGE_CURVE ( 'NONE', #2214, #1332, #763, .T. ) ;
#4922 = ORIENTED_EDGE ( 'NONE', *, *, #2761, .F. ) ;
#4923 = CARTESIAN_POINT ( 'NONE',  ( -0.9699999999999979700, 0.6664761515876241900, -0.7500000000000027800 ) ) ;
#4924 = FACE_OUTER_BOUND ( 'NONE', #743, .T. ) ;
#4925 = CARTESIAN_POINT ( 'NONE',  ( 1.711742265852698200E-015, 0.05000000000000000300, -0.6300000000000002300 ) ) ;
#4926 = VERTEX_POINT ( 'NONE', #790 ) ;
#4927 = ORIENTED_EDGE ( 'NONE', *, *, #3904, .T. ) ;
#4928 = AXIS2_PLACEMENT_3D ( 'NONE', #4091, #4604, #470 ) ;
#4929 = DIRECTION ( 'NONE',  ( 0.0000000000000000000, -1.000000000000000000, 0.0000000000000000000 ) ) ;
#4930 = VERTEX_POINT ( 'NONE', #2604 ) ;
#4931 = VERTEX_POINT ( 'NONE', #3843 ) ;
#4932 = FACE_OUTER_BOUND ( 'NONE', #2544, .T. ) ;
#4933 = DIRECTION ( 'NONE',  ( 0.0000000000000000000, 1.000000000000000000, 0.0000000000000000000 ) ) ;
#4934 = DIRECTION ( 'NONE',  ( -0.0000000000000000000, -1.000000000000000000, 0.0000000000000000000 ) ) ;
#4935 = CLOSED_SHELL ( 'NONE', ( #551, #1064, #4203, #2903, #3991, #5856 ) ) ;
#4936 = LINE ( 'NONE', #558, #1801 ) ;
#4937 = DIRECTION ( 'NONE',  ( -1.000000000000000000, 0.0000000000000000000, -2.891205793294674700E-015 ) ) ;
#4938 = DIRECTION ( 'NONE',  ( -1.000000000000000000, 0.0000000000000000000, -3.614007241618351500E-015 ) ) ;
#4939 =( NAMED_UNIT ( * ) SI_UNIT ( $, .STERADIAN. ) SOLID_ANGLE_UNIT ( ) );
#4940 = FILL_AREA_STYLE ('',( #5409 ) ) ;
#4941 = FACE_OUTER_BOUND ( 'NONE', #2590, .T. ) ;
#4942 = FACE_OUTER_BOUND ( 'NONE', #2857, .T. ) ;
#4943 = EDGE_LOOP ( 'NONE', ( #5243, #2875, #3850, #5469 ) ) ;
#4944 = DIRECTION ( 'NONE',  ( 0.0000000000000000000, 1.000000000000000000, 0.0000000000000000000 ) ) ;
#4945 = DIRECTION ( 'NONE',  ( -1.000000000000000000, 0.0000000000000000000, -2.891205793294674700E-015 ) ) ;
#4946 = EDGE_CURVE ( 'NONE', #3693, #4333, #3553, .T. ) ;
#4947 = LINE ( 'NONE', #2746, #3672 ) ;
#4948 = ORIENTED_EDGE ( 'NONE', *, *, #5516, .F. ) ;
#4949 = ADVANCED_FACE ( 'NONE', ( #4758 ), #4446, .T. ) ;
#4950 = MECHANICAL_DESIGN_GEOMETRIC_PRESENTATION_REPRESENTATION (  '', ( #4760 ), #1174 ) ;
#4951 = DIRECTION ( 'NONE',  ( -1.000000000000000000, 0.0000000000000000000, -2.717051215639202600E-015 ) ) ;
#4952 = CARTESIAN_POINT ( 'NONE',  ( 0.9699999999999979700, 0.0000000000000000000, 0.6300000000000038900 ) ) ;
#4953 = DIRECTION ( 'NONE',  ( -1.000000000000000000, 0.0000000000000000000, -3.614007241618351500E-015 ) ) ;
#4954 = FACE_OUTER_BOUND ( 'NONE', #3438, .T. ) ;
#4955 = VECTOR ( 'NONE', #2439, 1000.000000000000000 ) ;
#4956 = ORIENTED_EDGE ( 'NONE', *, *, #5742, .T. ) ;
#4957 = EDGE_LOOP ( 'NONE', ( #3403, #2820, #5130, #2339 ) ) ;
#4958 = AXIS2_PLACEMENT_3D ( 'NONE', #485, #4184, #17 ) ;
#4959 = DIRECTION ( 'NONE',  ( -1.000000000000000000, 0.0000000000000000000, -4.265911462047064500E-015 ) ) ;
#4960 = CARTESIAN_POINT ( 'NONE',  ( 0.3699999999999936700, 0.0000000000000000000, 1.750000000000001100 ) ) ;
#4961 = EDGE_CURVE ( 'NONE', #2608, #3256, #2683, .T. ) ;
#4962 = CARTESIAN_POINT ( 'NONE',  ( -0.8499999999999964300, 0.6664761515876241900, -1.250000000000002400 ) ) ;
#4964 = EDGE_CURVE ( 'NONE', #4763, #5001, #2329, .T. ) ;
#4963 = PLANE ( 'NONE',  #1522 ) ;
#4965 = FACE_OUTER_BOUND ( 'NONE', #5351, .T. ) ;
#4966 = VERTEX_POINT ( 'NONE', #1220 ) ;
#4967 = ORIENTED_EDGE ( 'NONE', *, *, #210, .F. ) ;
#4968 = AXIS2_PLACEMENT_3D ( 'NONE', #5518, #5913, #2773 ) ;
#4969 = LINE ( 'NONE', #2671, #2817 ) ;
#4970 = DIRECTION ( 'NONE',  ( 1.000000000000000000, 0.0000000000000000000, 3.614007241618351500E-015 ) ) ;
#4971 = ORIENTED_EDGE ( 'NONE', *, *, #4046, .T. ) ;
#4972 = VERTEX_POINT ( 'NONE', #5299 ) ;
#4973 = AXIS2_PLACEMENT_3D ( 'NONE', #2901, #3399, #629 ) ;
#4974 = FACE_OUTER_BOUND ( 'NONE', #3057, .T. ) ;
#4975 = VERTEX_POINT ( 'NONE', #4861 ) ;
#4976 = VERTEX_POINT ( 'NONE', #5335 ) ;
#4977 = PLANE ( 'NONE',  #1143 ) ;
#4978 = CARTESIAN_POINT ( 'NONE',  ( 0.9700000000000049700, 0.1999999999999999800, -1.369999999999996100 ) ) ;
#4979 = DIRECTION ( 'NONE',  ( 1.000000000000000000, 0.0000000000000000000, 3.491481338843133400E-015 ) ) ;
#4980 = ADVANCED_FACE ( 'NONE', ( #4257 ), #3375, .F. ) ;
#4981 = CARTESIAN_POINT ( 'NONE',  ( -0.9699999999999975300, 0.6664761515876241900, -0.8700000000000026600 ) ) ;
#4982 = DIRECTION ( 'NONE',  ( 1.000000000000000000, 0.0000000000000000000, 3.491481338843133400E-015 ) ) ;
#4983 = VERTEX_POINT ( 'NONE', #3003 ) ;
#4984 = CARTESIAN_POINT ( 'NONE',  ( 0.9699999999999956400, 0.0000000000000000000, 1.370000000000003900 ) ) ;
#4985 = EDGE_CURVE ( 'NONE', #3715, #1793, #4336, .T. ) ;
#4986 = EDGE_CURVE ( 'NONE', #4589, #2804, #338, .T. ) ;
#4987 = AXIS2_PLACEMENT_3D ( 'NONE', #5007, #512, #26 ) ;
#4988 = DIRECTION ( 'NONE',  ( 0.0000000000000000000, 1.000000000000000000, 0.0000000000000000000 ) ) ;
#4989 = LINE ( 'NONE', #4925, #420 ) ;
#4990 = CARTESIAN_POINT ( 'NONE',  ( 0.3699999999999937800, 0.1999999999999996500, 1.750000000000001600 ) ) ;
#4991 = VERTEX_POINT ( 'NONE', #282 ) ;
#4992 = CARTESIAN_POINT ( 'NONE',  ( -0.9700000000000009700, 0.04999999999999999600, 0.1299999999999974000 ) ) ;
#4993 = ORIENTED_EDGE ( 'NONE', *, *, #5441, .T. ) ;
#4994 = VERTEX_POINT ( 'NONE', #3641 ) ;
#4995 = DIRECTION ( 'NONE',  ( 0.0000000000000000000, -1.000000000000000000, 0.0000000000000000000 ) ) ;
#4996 = DIRECTION ( 'NONE',  ( -3.367572519130504400E-015, 0.0000000000000000000, 1.000000000000000000 ) ) ;
#4997 = UNCERTAINTY_MEASURE_WITH_UNIT (LENGTH_MEASURE( 1.000000000000000100E-005 ), #3475, 'distance_accuracy_value', 'NONE');
#4998 = DIRECTION ( 'NONE',  ( -3.491481338843133400E-015, 0.0000000000000000000, 1.000000000000000000 ) ) ;
#4999 = VECTOR ( 'NONE', #2406, 1000.000000000000000 ) ;
#5000 = EDGE_CURVE ( 'NONE', #4089, #5846, #3979, .T. ) ;
#5001 = VERTEX_POINT ( 'NONE', #4054 ) ;
#5002 = PLANE ( 'NONE',  #5662 ) ;
#5003 = EDGE_LOOP ( 'NONE', ( #925, #779, #1547, #980 ) ) ;
#5004 = DIRECTION ( 'NONE',  ( 0.0000000000000000000, 1.000000000000000000, 0.0000000000000000000 ) ) ;
#5005 = LINE ( 'NONE', #3508, #2150 ) ;
#5006 = CIRCLE ( 'NONE', #4648, 0.1199999999999998800 ) ;
#5007 = CARTESIAN_POINT ( 'NONE',  ( -0.9699999999999984200, 0.6664761515876241900, -0.6300000000000028900 ) ) ;
#5008 = FACE_OUTER_BOUND ( 'NONE', #5695, .T. ) ;
#5009 = VERTEX_POINT ( 'NONE', #4529 ) ;
#5010 = AXIS2_PLACEMENT_3D ( 'NONE', #1254, #4433, #1196 ) ;
#5011 = FACE_OUTER_BOUND ( 'NONE', #2780, .T. ) ;
#5012 = DIRECTION ( 'NONE',  ( 1.000000000000000000, 0.0000000000000000000, 3.925162207837335100E-015 ) ) ;
#5013 = ADVANCED_FACE ( 'NONE', ( #3911 ), #900, .T. ) ;
#5014 = CIRCLE ( 'NONE', #3437, 0.1199999999999998800 ) ;
#5015 = CARTESIAN_POINT ( 'NONE',  ( -1.099999999999998300, 0.9000000000000000200, -1.450000000000003500 ) ) ;
#5016 = PRESENTATION_STYLE_ASSIGNMENT (( #4299 ) ) ;
#5017 = ORIENTED_EDGE ( 'NONE', *, *, #2990, .T. ) ;
#5018 = DIRECTION ( 'NONE',  ( 1.000000000000000000, 0.0000000000000000000, 3.491481338843133400E-015 ) ) ;
#5019 =( NAMED_UNIT ( * ) PLANE_ANGLE_UNIT ( ) SI_UNIT ( $, .RADIAN. ) );
#5020 = CARTESIAN_POINT ( 'NONE',  ( 0.9699999999999956400, 0.1999999999999999800, 1.370000000000003900 ) ) ;
#5021 = DIRECTION ( 'NONE',  ( 0.0000000000000000000, 1.000000000000000000, 0.0000000000000000000 ) ) ;
#5022 = VECTOR ( 'NONE', #2004, 1000.000000000000000 ) ;
#5023 = DIRECTION ( 'NONE',  ( -1.000000000000000000, 0.0000000000000000000, -4.265911462047065300E-015 ) ) ;
#5024 = ORIENTED_EDGE ( 'NONE', *, *, #3468, .T. ) ;
#5025 = VERTEX_POINT ( 'NONE', #891 ) ;
#5026 = EDGE_CURVE ( 'NONE', #1623, #1807, #1128, .T. ) ;
#5027 = COLOUR_RGB ( '',0.7921568627450980000, 0.8196078431372548800, 0.9333333333333333500 ) ;
#5028 = CARTESIAN_POINT ( 'NONE',  ( -1.249999999999998700, 0.1999999999999999800, -0.6300000000000035600 ) ) ;
#5029 = ORIENTED_EDGE ( 'NONE', *, *, #4502, .T. ) ;
#5030 = EDGE_CURVE ( 'NONE', #3517, #5063, #5471, .T. ) ;
#5031 = AXIS2_PLACEMENT_3D ( 'NONE', #5661, #190, #668 ) ;
#5032 = ORIENTED_EDGE ( 'NONE', *, *, #2346, .T. ) ;
#5033 = PLANE ( 'NONE',  #4987 ) ;
#5034 = VECTOR ( 'NONE', #2182, 1000.000000000000000 ) ;
#5035 = AXIS2_PLACEMENT_3D ( 'NONE', #1610, #2971, #247 ) ;
#5036 = DIRECTION ( 'NONE',  ( 1.000000000000000000, 0.0000000000000000000, 3.614007241618351500E-015 ) ) ;
#5037 = ORIENTED_EDGE ( 'NONE', *, *, #1980, .F. ) ;
#5038 = ORIENTED_EDGE ( 'NONE', *, *, #2062, .T. ) ;
#5039 = EDGE_CURVE ( 'NONE', #398, #1320, #4120, .T. ) ;
#5040 = ORIENTED_EDGE ( 'NONE', *, *, #4114, .T. ) ;
#5041 = CARTESIAN_POINT ( 'NONE',  ( -1.250000000000005800, 0.1999999999999999800, 1.369999999999996300 ) ) ;
#5042 = CARTESIAN_POINT ( 'NONE',  ( -0.9700000000000049700, 0.2000000000000000100, 1.249999999999997100 ) ) ;
#5043 = CIRCLE ( 'NONE', #903, 0.1199999999999998800 ) ;
#5044 = CARTESIAN_POINT ( 'NONE',  ( -0.3699999999999948300, 0.6664761515876238600, -1.470000000000000900 ) ) ;
#5045 = ORIENTED_EDGE ( 'NONE', *, *, #5610, .F. ) ;
#5046 = EDGE_LOOP ( 'NONE', ( #3461, #5612, #134, #7 ) ) ;
#5047 = DIRECTION ( 'NONE',  ( 3.491481338843133400E-015, 0.0000000000000000000, -1.000000000000000000 ) ) ;
#5048 = ORIENTED_EDGE ( 'NONE', *, *, #3706, .F. ) ;
#5049 = VECTOR ( 'NONE', #2587, 1000.000000000000000 ) ;
#5050 = ADVANCED_FACE ( 'NONE', ( #3695 ), #5413, .F. ) ;
#5051 = ORIENTED_EDGE ( 'NONE', *, *, #3709, .T. ) ;
#5052 = STYLED_ITEM ( 'NONE', ( #2308 ), #5626 ) ;
#5053 = VERTEX_POINT ( 'NONE', #2664 ) ;
#5054 = ORIENTED_EDGE ( 'NONE', *, *, #814, .T. ) ;
#5055 = CARTESIAN_POINT ( 'NONE',  ( -0.9699999999999979700, 0.2000000000000000100, -0.7500000000000027800 ) ) ;
#5056 = SURFACE_STYLE_USAGE ( .BOTH. , #2812 ) ;
#5057 = PLANE ( 'NONE',  #1282 ) ;
#5058 = DIRECTION ( 'NONE',  ( -1.000000000000000000, 0.0000000000000000000, -3.614007241618352300E-015 ) ) ;
#5059 = VERTEX_POINT ( 'NONE', #1321 ) ;
#5060 = CARTESIAN_POINT ( 'NONE',  ( -1.249999999999994000, 0.05000000000000000300, -1.750000000000004200 ) ) ;
#5061 = CARTESIAN_POINT ( 'NONE',  ( 4.820479952113184600E-015, 0.05000000000000000300, -1.130000000000000300 ) ) ;
#5062 = CARTESIAN_POINT ( 'NONE',  ( 1.250000000000005300, 0.2000000000000000100, -1.369999999999995000 ) ) ;
#5063 = VERTEX_POINT ( 'NONE', #4984 ) ;
#5064 = ADVANCED_FACE ( 'NONE', ( #3115 ), #429, .F. ) ;
#5065 = CARTESIAN_POINT ( 'NONE',  ( 5.844298703004478700E-015, 0.05000000000000000300, -1.370000000000000100 ) ) ;
#5066 = MECHANICAL_DESIGN_GEOMETRIC_PRESENTATION_REPRESENTATION (  '', ( #2422 ), #2391 ) ;
#5067 = LINE ( 'NONE', #5222, #2212 ) ;
#5068 = EDGE_CURVE ( 'NONE', #29, #1598, #5700, .T. ) ;
#5069 = VERTEX_POINT ( 'NONE', #5439 ) ;
#5070 = AXIS2_PLACEMENT_3D ( 'NONE', #3327, #1893, #2338 ) ;
#5071 = ORIENTED_EDGE ( 'NONE', *, *, #2795, .F. ) ;
#5072 = CARTESIAN_POINT ( 'NONE',  ( -0.9700000000000036400, 0.2000000000000000100, 0.8699999999999972200 ) ) ;
#5073 = UNCERTAINTY_MEASURE_WITH_UNIT (LENGTH_MEASURE( 1.000000000000000100E-005 ), #3951, 'distance_accuracy_value', 'NONE');
#5074 = ADVANCED_FACE ( 'NONE', ( #1477 ), #5840, .F. ) ;
#5075 = DIRECTION ( 'NONE',  ( -0.0000000000000000000, -1.000000000000000000, 0.0000000000000000000 ) ) ;
#5076 = CARTESIAN_POINT ( 'NONE',  ( 0.9699999999999956400, 0.2000000000000000100, 1.370000000000003900 ) ) ;
#5077 = AXIS2_PLACEMENT_3D ( 'NONE', #5906, #2710, #1349 ) ;
#5078 = ORIENTED_EDGE ( 'NONE', *, *, #3995, .T. ) ;
#5079 = CARTESIAN_POINT ( 'NONE',  ( -1.250000000000001300, 0.2000000000000000100, 0.1299999999999966200 ) ) ;
#5080 = CARTESIAN_POINT ( 'NONE',  ( -1.578387240957412200E-015, 0.05000000000000000300, 0.3699999999999995500 ) ) ;
#5081 = LINE ( 'NONE', #76, #227 ) ;
#5082 = FACE_OUTER_BOUND ( 'NONE', #5353, .T. ) ;
#5083 = ORIENTED_EDGE ( 'NONE', *, *, #4805, .T. ) ;
#5084 = CARTESIAN_POINT ( 'NONE',  ( -0.3699999999999948300, 0.6664761515876238600, -1.470000000000000900 ) ) ;
#5085 = CYLINDRICAL_SURFACE ( 'NONE', #4267, 0.1199999999999998600 ) ;
#5086 = CARTESIAN_POINT ( 'NONE',  ( 0.3699999999999936700, 0.6664761515876238600, 1.750000000000001100 ) ) ;
#5087 = DIRECTION ( 'NONE',  ( 1.000000000000000000, 0.0000000000000000000, 4.265911462047064500E-015 ) ) ;
#5088 = FACE_OUTER_BOUND ( 'NONE', #995, .T. ) ;
#5089 = FACE_OUTER_BOUND ( 'NONE', #2904, .T. ) ;
#5090 = EDGE_LOOP ( 'NONE', ( #5071, #3295, #3394, #3111 ) ) ;
#5091 = CIRCLE ( 'NONE', #645, 0.1199999999999998800 ) ;
#5092 = VECTOR ( 'NONE', #2442, 1000.000000000000000 ) ;
#5093 = VECTOR ( 'NONE', #3953, 1000.000000000000000 ) ;
#5094 = EDGE_LOOP ( 'NONE', ( #5380, #489, #4816, #4769 ) ) ;
#5095 = PLANE ( 'NONE',  #440 ) ;
#5096 = DIRECTION ( 'NONE',  ( 1.000000000000000000, 0.0000000000000000000, 3.614007241618351500E-015 ) ) ;
#5097 = DIRECTION ( 'NONE',  ( -0.0000000000000000000, -1.000000000000000000, 0.0000000000000000000 ) ) ;
#5098 = LINE ( 'NONE', #2631, #3392 ) ;
#5099 = DIRECTION ( 'NONE',  ( 1.000000000000000000, 0.0000000000000000000, 3.925162207837335100E-015 ) ) ;
#5100 = ADVANCED_FACE ( 'NONE', ( #3193 ), #5188, .T. ) ;
#5101 = LINE ( 'NONE', #1985, #4955 ) ;
#5102 = DIRECTION ( 'NONE',  ( 1.000000000000000000, 0.0000000000000000000, 3.491481338843133400E-015 ) ) ;
#5103 = PLANE ( 'NONE',  #1639 ) ;
#5104 = ORIENTED_EDGE ( 'NONE', *, *, #2123, .T. ) ;
#5105 = EDGE_LOOP ( 'NONE', ( #290, #1677, #610, #4304 ) ) ;
#5106 = EDGE_CURVE ( 'NONE', #4285, #249, #1415, .T. ) ;
#5107 = PLANE ( 'NONE',  #1270 ) ;
#5108 = FACE_OUTER_BOUND ( 'NONE', #4901, .T. ) ;
#5109 = VERTEX_POINT ( 'NONE', #813 ) ;
#5110 = ADVANCED_FACE ( 'NONE', ( #2610 ), #4068, .T. ) ;
#5111 = CARTESIAN_POINT ( 'NONE',  ( 0.9700000000000008600, 0.1999999999999999800, -0.1299999999999963100 ) ) ;
#5112 = CARTESIAN_POINT ( 'NONE',  ( -1.249999999999996900, 0.0000000000000000000, -1.130000000000003700 ) ) ;
#5113 = EDGE_CURVE ( 'NONE', #2893, #609, #2193, .T. ) ;
#5114 = VECTOR ( 'NONE', #2953, 1000.000000000000000 ) ;
#5115 = ORIENTED_EDGE ( 'NONE', *, *, #1237, .T. ) ;
#5116 = ORIENTED_EDGE ( 'NONE', *, *, #5886, .T. ) ;
#5117 = CARTESIAN_POINT ( 'NONE',  ( -0.1300000000000063300, 0.6664761515876238600, 1.749999999999999300 ) ) ;
#5118 = ORIENTED_EDGE ( 'NONE', *, *, #1560, .F. ) ;
#5119 = FACE_OUTER_BOUND ( 'NONE', #586, .T. ) ;
#5120 = EDGE_CURVE ( 'NONE', #4972, #1793, #1910, .T. ) ;
#5121 = ORIENTED_EDGE ( 'NONE', *, *, #223, .T. ) ;
#5122 = DIRECTION ( 'NONE',  ( 0.0000000000000000000, -1.000000000000000000, 0.0000000000000000000 ) ) ;
#5124 = EDGE_CURVE ( 'NONE', #4823, #2956, #1842, .T. ) ;
#5123 = CARTESIAN_POINT ( 'NONE',  ( -1.249999999999994000, 6.301162633521313300, -1.750000000000004200 ) ) ;
#5125 = VERTEX_POINT ( 'NONE', #4353 ) ;
#5126 =( NAMED_UNIT ( * ) PLANE_ANGLE_UNIT ( ) SI_UNIT ( $, .RADIAN. ) );
#5127 = DIRECTION ( 'NONE',  ( -1.000000000000000000, 0.0000000000000000000, -2.717051215639202200E-015 ) ) ;
#5128 =( GEOMETRIC_REPRESENTATION_CONTEXT ( 3 ) GLOBAL_UNCERTAINTY_ASSIGNED_CONTEXT ( ( #4452 ) ) GLOBAL_UNIT_ASSIGNED_CONTEXT ( ( #5209, #5152, #1524 ) ) REPRESENTATION_CONTEXT ( 'NONE', 'WORKASPACE' ) );
#5129 =( GEOMETRIC_REPRESENTATION_CONTEXT ( 3 ) GLOBAL_UNCERTAINTY_ASSIGNED_CONTEXT ( ( #5434 ) ) GLOBAL_UNIT_ASSIGNED_CONTEXT ( ( #5826, #3012, #764 ) ) REPRESENTATION_CONTEXT ( 'NONE', 'WORKASPACE' ) );
#5130 = ORIENTED_EDGE ( 'NONE', *, *, #4765, .T. ) ;
#5131 = CARTESIAN_POINT ( 'NONE',  ( 0.9700000000000031900, 0.2000000000000000100, -0.8699999999999961100 ) ) ;
#5132 = ORIENTED_EDGE ( 'NONE', *, *, #2658, .F. ) ;
#5133 = CARTESIAN_POINT ( 'NONE',  ( -1.249999999999997800, 0.2000000000000000100, -0.8700000000000033300 ) ) ;
#5134 = CARTESIAN_POINT ( 'NONE',  ( -1.249999999999994000, 1.000000000000000000, -1.750000000000004200 ) ) ;
#5135 = ADVANCED_FACE ( 'NONE', ( #4618 ), #2930, .T. ) ;
#5136 = CARTESIAN_POINT ( 'NONE',  ( -0.9700000000000002000, 0.2000000000000000100, -0.1300000000000028600 ) ) ;
#5137 = LINE ( 'NONE', #5415, #5338 ) ;
#5138 = EDGE_CURVE ( 'NONE', #4237, #5141, #4049, .T. ) ;
#5139 = VERTEX_POINT ( 'NONE', #5706 ) ;
#5140 = ORIENTED_EDGE ( 'NONE', *, *, #1363, .T. ) ;
#5141 = VERTEX_POINT ( 'NONE', #1615 ) ;
#5142 = EDGE_CURVE ( 'NONE', #5342, #4739, #693, .T. ) ;
#5143 = CARTESIAN_POINT ( 'NONE',  ( -1.250000000000005800, 0.05000000000000000300, 1.749999999999996000 ) ) ;
#5144 = VECTOR ( 'NONE', #875, 1000.000000000000000 ) ;
#5145 = CARTESIAN_POINT ( 'NONE',  ( 1.250000000000002700, 0.2000000000000000100, -0.6299999999999951200 ) ) ;
#5146 = AXIS2_PLACEMENT_3D ( 'NONE', #1662, #5249, #4808 ) ;
#5147 = EDGE_CURVE ( 'NONE', #5345, #4776, #5390, .T. ) ;
#5148 = LINE ( 'NONE', #2148, #2291 ) ;
#5149 = FACE_OUTER_BOUND ( 'NONE', #4356, .T. ) ;
#5150 = CARTESIAN_POINT ( 'NONE',  ( -1.250000000000005800, 6.301162633521313300, 1.749999999999996000 ) ) ;
#5151 = LINE ( 'NONE', #975, #4649 ) ;
#5152 =( NAMED_UNIT ( * ) PLANE_ANGLE_UNIT ( ) SI_UNIT ( $, .RADIAN. ) );
#5153 = ORIENTED_EDGE ( 'NONE', *, *, #4917, .T. ) ;
#5154 = DIRECTION ( 'NONE',  ( 1.000000000000000000, 0.0000000000000000000, 3.614007241618351500E-015 ) ) ;
#5155 = VECTOR ( 'NONE', #4447, 1000.000000000000000 ) ;
#5156 = CARTESIAN_POINT ( 'NONE',  ( -0.9699999999999997500, 0.0000000000000000000, -0.2500000000000027200 ) ) ;
#5157 = LINE ( 'NONE', #503, #3662 ) ;
#5158 = LINE ( 'NONE', #2752, #3378 ) ;
#5159 = ORIENTED_EDGE ( 'NONE', *, *, #1759, .T. ) ;
#5160 = ADVANCED_FACE ( 'NONE', ( #4472 ), #1246, .F. ) ;
#5161 = DIRECTION ( 'NONE',  ( 1.000000000000000000, 0.0000000000000000000, 3.491481338843133400E-015 ) ) ;
#5162 = LINE ( 'NONE', #2679, #2301 ) ;
#5163 = ORIENTED_EDGE ( 'NONE', *, *, #4459, .T. ) ;
#5164 = DIRECTION ( 'NONE',  ( -0.0000000000000000000, -1.000000000000000000, 0.0000000000000000000 ) ) ;
#5165 = ORIENTED_EDGE ( 'NONE', *, *, #176, .T. ) ;
#5166 = ORIENTED_EDGE ( 'NONE', *, *, #1505, .T. ) ;
#5167 = ORIENTED_EDGE ( 'NONE', *, *, #4414, .F. ) ;
#5168 = DIRECTION ( 'NONE',  ( 1.000000000000000000, 0.0000000000000000000, 3.614007241618351500E-015 ) ) ;
#5169 = CARTESIAN_POINT ( 'NONE',  ( 1.250000000000005300, 0.0000000000000000000, -1.369999999999995000 ) ) ;
#5170 = VECTOR ( 'NONE', #5323, 1000.000000000000000 ) ;
#5171 = DIRECTION ( 'NONE',  ( 1.000000000000000000, 0.0000000000000000000, 4.265911462047064500E-015 ) ) ;
#5172 = ORIENTED_EDGE ( 'NONE', *, *, #520, .F. ) ;
#5173 = DIRECTION ( 'NONE',  ( 3.491481338843133400E-015, 0.0000000000000000000, -1.000000000000000000 ) ) ;
#5174 = AXIS2_PLACEMENT_3D ( 'NONE', #834, #4027, #3509 ) ;
#5175 = ORIENTED_EDGE ( 'NONE', *, *, #4946, .F. ) ;
#5176 = CARTESIAN_POINT ( 'NONE',  ( 1.249999999999999100, 0.2000000000000000100, 0.3700000000000049400 ) ) ;
#5177 = CARTESIAN_POINT ( 'NONE',  ( -0.9700000000000002000, 0.1999999999999999800, -0.1300000000000028600 ) ) ;
#5178 = VECTOR ( 'NONE', #2137, 1000.000000000000000 ) ;
#5179 = AXIS2_PLACEMENT_3D ( 'NONE', #5279, #1659, #323 ) ;
#5180 = CARTESIAN_POINT ( 'NONE',  ( -0.3700000000000051600, 0.6664761515876238600, 1.469999999999998200 ) ) ;
#5181 = ORIENTED_EDGE ( 'NONE', *, *, #2547, .T. ) ;
#5182 = DIRECTION ( 'NONE',  ( 0.0000000000000000000, -1.000000000000000000, 0.0000000000000000000 ) ) ;
#5183 = EDGE_CURVE ( 'NONE', #1894, #3901, #2821, .T. ) ;
#5184 = EDGE_LOOP ( 'NONE', ( #5639, #220, #348, #4488 ) ) ;
#5185 = ORIENTED_EDGE ( 'NONE', *, *, #1557, .T. ) ;
#5186 = DIRECTION ( 'NONE',  ( 1.000000000000000000, 0.0000000000000000000, 4.265911462047064500E-015 ) ) ;
#5187 = AXIS2_PLACEMENT_3D ( 'NONE', #70, #3774, #3727 ) ;
#5188 = CYLINDRICAL_SURFACE ( 'NONE', #3332, 0.1199999999999998800 ) ;
#5189 = STYLED_ITEM ( 'NONE', ( #319 ), #3503 ) ;
#5190 = ORIENTED_EDGE ( 'NONE', *, *, #5638, .T. ) ;
#5191 = DIRECTION ( 'NONE',  ( -0.0000000000000000000, -1.000000000000000000, 0.0000000000000000000 ) ) ;
#5192 = ADVANCED_FACE ( 'NONE', ( #5119 ), #2049, .F. ) ;
#5193 = SURFACE_SIDE_STYLE ('',( #5440 ) ) ;
#5194 = DIRECTION ( 'NONE',  ( 0.0000000000000000000, 1.000000000000000000, 0.0000000000000000000 ) ) ;
#5195 = ORIENTED_EDGE ( 'NONE', *, *, #329, .T. ) ;
#5196 = CARTESIAN_POINT ( 'NONE',  ( 0.3699999999999936700, 0.1999999999999999800, 1.750000000000001100 ) ) ;
#5197 = CARTESIAN_POINT ( 'NONE',  ( -1.249999999999998700, 0.2000000000000000100, -0.6300000000000035600 ) ) ;
#5198 = CARTESIAN_POINT ( 'NONE',  ( -0.9700000000000014200, 0.0000000000000000000, 0.2499999999999973100 ) ) ;
#5199 = ORIENTED_EDGE ( 'NONE', *, *, #399, .F. ) ;
#5200 = DIRECTION ( 'NONE',  ( -1.000000000000000000, 0.0000000000000000000, -4.265911462047064500E-015 ) ) ;
#5201 = ORIENTED_EDGE ( 'NONE', *, *, #548, .T. ) ;
#5202 = CARTESIAN_POINT ( 'NONE',  ( 0.9700000000000043000, 0.1999999999999999800, -1.129999999999996300 ) ) ;
#5203 = DIRECTION ( 'NONE',  ( -0.0000000000000000000, -1.000000000000000000, 0.0000000000000000000 ) ) ;
#5204 = VERTEX_POINT ( 'NONE', #5307 ) ;
#5205 = VECTOR ( 'NONE', #4507, 1000.000000000000000 ) ;
#5206 = ORIENTED_EDGE ( 'NONE', *, *, #4619, .F. ) ;
#5207 = EDGE_CURVE ( 'NONE', #3567, #2883, #5322, .T. ) ;
#5208 = VECTOR ( 'NONE', #4745, 1000.000000000000000 ) ;
#5209 =( LENGTH_UNIT ( ) NAMED_UNIT ( * ) SI_UNIT ( .MILLI., .METRE. ) );
#5210 = VERTEX_POINT ( 'NONE', #4952 ) ;
#5211 = DIRECTION ( 'NONE',  ( -4.265911462047064500E-015, 0.0000000000000000000, 1.000000000000000000 ) ) ;
#5212 = ORIENTED_EDGE ( 'NONE', *, *, #1237, .F. ) ;
#5213 = ORIENTED_EDGE ( 'NONE', *, *, #4842, .T. ) ;
#5214 = CARTESIAN_POINT ( 'NONE',  ( 0.1300000000000061100, 0.1999999999999999800, -1.749999999999999300 ) ) ;
#5215 = CARTESIAN_POINT ( 'NONE',  ( 0.9700000000000047500, 0.2000000000000000100, -1.249999999999996200 ) ) ;
#5216 = EDGE_CURVE ( 'NONE', #3478, #5802, #191, .T. ) ;
#5217 = ORIENTED_EDGE ( 'NONE', *, *, #3997, .T. ) ;
#5218 = DIRECTION ( 'NONE',  ( 1.000000000000000000, 0.0000000000000000000, 3.491481338843133400E-015 ) ) ;
#5219 = EDGE_CURVE ( 'NONE', #75, #4456, #1700, .T. ) ;
#5220 = AXIS2_PLACEMENT_3D ( 'NONE', #5908, #2266, #906 ) ;
#5221 = ADVANCED_FACE ( 'NONE', ( #185, #1979 ), #4633, .F. ) ;
#5222 = CARTESIAN_POINT ( 'NONE',  ( 0.9699999999999990900, 0.0000000000000000000, 0.3700000000000036600 ) ) ;
#5223 = FACE_OUTER_BOUND ( 'NONE', #5105, .T. ) ;
#5224 = CARTESIAN_POINT ( 'NONE',  ( -0.9699999999999963100, 0.0000000000000000000, -1.250000000000002900 ) ) ;
#5225 = FACE_OUTER_BOUND ( 'NONE', #5297, .T. ) ;
#5226 = ORIENTED_EDGE ( 'NONE', *, *, #1927, .F. ) ;
#5227 = EDGE_CURVE ( 'NONE', #4743, #4319, #1249, .T. ) ;
#5228 = LINE ( 'NONE', #4458, #1941 ) ;
#5229 = ORIENTED_EDGE ( 'NONE', *, *, #5106, .T. ) ;
#5230 = EDGE_CURVE ( 'NONE', #4903, #2977, #1817, .T. ) ;
#5231 = CARTESIAN_POINT ( 'NONE',  ( 0.9700000000000008600, 0.6664761515876241900, -0.1299999999999963100 ) ) ;
#5232 = DIRECTION ( 'NONE',  ( 0.0000000000000000000, -1.000000000000000000, 0.0000000000000000000 ) ) ;
#5233 = CARTESIAN_POINT ( 'NONE',  ( -0.3699999999999938900, 0.1999999999999999800, -1.750000000000001100 ) ) ;
#5234 = FACE_OUTER_BOUND ( 'NONE', #1864, .T. ) ;
#5235 = FACE_OUTER_BOUND ( 'NONE', #4168, .T. ) ;
#5236 = PLANE ( 'NONE',  #3660 ) ;
#5237 = VECTOR ( 'NONE', #3276, 1000.000000000000000 ) ;
#5238 = ORIENTED_EDGE ( 'NONE', *, *, #5230, .T. ) ;
#5239 = AXIS2_PLACEMENT_3D ( 'NONE', #4631, #1911, #2379 ) ;
#5240 = CARTESIAN_POINT ( 'NONE',  ( -0.9700000000000009700, 0.0000000000000000000, 0.1299999999999974000 ) ) ;
#5241 = VECTOR ( 'NONE', #4233, 1000.000000000000000 ) ;
#5242 = AXIS2_PLACEMENT_3D ( 'NONE', #3505, #1256, #858 ) ;
#5243 = ORIENTED_EDGE ( 'NONE', *, *, #4650, .F. ) ;
#5244 = CARTESIAN_POINT ( 'NONE',  ( -0.9499999999999981800, 1.000000000000000000, -1.450000000000003100 ) ) ;
#5245 = VERTEX_POINT ( 'NONE', #542 ) ;
#5246 = CARTESIAN_POINT ( 'NONE',  ( -0.9700000000000049700, 0.0000000000000000000, 1.249999999999997100 ) ) ;
#5247 = VECTOR ( 'NONE', #967, 1000.000000000000000 ) ;
#5248 = ORIENTED_EDGE ( 'NONE', *, *, #3308, .T. ) ;
#5249 = DIRECTION ( 'NONE',  ( 0.0000000000000000000, 1.000000000000000000, 0.0000000000000000000 ) ) ;
#5250 = FACE_OUTER_BOUND ( 'NONE', #3637, .T. ) ;
#5251 = ADVANCED_FACE ( 'NONE', ( #3883 ), #419, .F. ) ;
#5252 = ORIENTED_EDGE ( 'NONE', *, *, #4530, .T. ) ;
#5253 = CARTESIAN_POINT ( 'NONE',  ( -1.250000000000001300, 0.1999999999999999800, 0.1299999999999966200 ) ) ;
#5254 = CARTESIAN_POINT ( 'NONE',  ( -0.9700000000000036400, 0.04999999999999999600, 0.8699999999999972200 ) ) ;
#5255 = ORIENTED_EDGE ( 'NONE', *, *, #823, .T. ) ;
#5256 = EDGE_CURVE ( 'NONE', #4354, #1228, #1010, .T. ) ;
#5257 = ORIENTED_EDGE ( 'NONE', *, *, #128, .T. ) ;
#5258 = UNCERTAINTY_MEASURE_WITH_UNIT (LENGTH_MEASURE( 1.000000000000000100E-005 ), #4137, 'distance_accuracy_value', 'NONE');
#5259 = VECTOR ( 'NONE', #206, 1000.000000000000000 ) ;
#5260 = CARTESIAN_POINT ( 'NONE',  ( 1.249999999999997300, 0.1999999999999999800, 0.8700000000000048800 ) ) ;
#5261 = ORIENTED_EDGE ( 'NONE', *, *, #2354, .T. ) ;
#5262 = DIRECTION ( 'NONE',  ( -3.491481338843133400E-015, 0.0000000000000000000, 1.000000000000000000 ) ) ;
#5263 = ORIENTED_EDGE ( 'NONE', *, *, #4727, .F. ) ;
#5264 = EDGE_CURVE ( 'NONE', #4034, #3740, #3906, .T. ) ;
#5265 = ORIENTED_EDGE ( 'NONE', *, *, #2055, .T. ) ;
#5266 = DIRECTION ( 'NONE',  ( -1.000000000000000000, 0.0000000000000000000, -3.491481338843133400E-015 ) ) ;
#5267 = DIRECTION ( 'NONE',  ( -4.265911462047064500E-015, 0.0000000000000000000, 1.000000000000000000 ) ) ;
#5268 = CARTESIAN_POINT ( 'NONE',  ( 0.9700000000000025300, 0.1999999999999999800, -0.6299999999999963400 ) ) ;
#5269 = PRESENTATION_LAYER_ASSIGNMENT (  '', '', ( #5052 ) ) ;
#5270 = ORIENTED_EDGE ( 'NONE', *, *, #4567, .T. ) ;
#5271 = DIRECTION ( 'NONE',  ( 1.000000000000000000, 0.0000000000000000000, 3.925162207837335100E-015 ) ) ;
#5272 = CARTESIAN_POINT ( 'NONE',  ( -0.4999999999999963400, 0.2000000000000000900, -1.000000000000001600 ) ) ;
#5273 = ADVANCED_FACE ( 'NONE', ( #396 ), #1348, .F. ) ;
#5275 = LINE ( 'NONE', #2979, #1 ) ;
#5274 = FILL_AREA_STYLE ('',( #4840 ) ) ;
#5276 = CARTESIAN_POINT ( 'NONE',  ( -0.8500000000000015300, 0.2000000000000000100, 0.2499999999999977200 ) ) ;
#5277 = ORIENTED_EDGE ( 'NONE', *, *, #632, .T. ) ;
#5278 = ORIENTED_EDGE ( 'NONE', *, *, #1413, .T. ) ;
#5279 = CARTESIAN_POINT ( 'NONE',  ( -0.9699999999999997500, 0.0000000000000000000, -0.2500000000000027200 ) ) ;
#5280 = LINE ( 'NONE', #2892, #2497 ) ;
#5281 = VERTEX_POINT ( 'NONE', #1004 ) ;
#5282 = EDGE_CURVE ( 'NONE', #2282, #4976, #4249, .T. ) ;
#5283 = CIRCLE ( 'NONE', #214, 0.1199999999999998800 ) ;
#5284 = FACE_OUTER_BOUND ( 'NONE', #5621, .T. ) ;
#5285 = CARTESIAN_POINT ( 'NONE',  ( 1.249999999999996400, 0.6664761515876241900, 1.130000000000005200 ) ) ;
#5286 = VECTOR ( 'NONE', #4996, 1000.000000000000000 ) ;
#5287 = VECTOR ( 'NONE', #274, 1000.000000000000000 ) ;
#5288 = PLANE ( 'NONE',  #1483 ) ;
#5289 = EDGE_CURVE ( 'NONE', #879, #4930, #5665, .T. ) ;
#5290 = ORIENTED_EDGE ( 'NONE', *, *, #1484, .T. ) ;
#5291 = FACE_OUTER_BOUND ( 'NONE', #627, .T. ) ;
#5292 =( GEOMETRIC_REPRESENTATION_CONTEXT ( 3 ) GLOBAL_UNCERTAINTY_ASSIGNED_CONTEXT ( ( #2505 ) ) GLOBAL_UNIT_ASSIGNED_CONTEXT ( ( #3885, #2932, #207 ) ) REPRESENTATION_CONTEXT ( 'NONE', 'WORKASPACE' ) );
#5293 = DIRECTION ( 'NONE',  ( -1.000000000000000000, 0.0000000000000000000, -3.491481338843133400E-015 ) ) ;
#5294 = CARTESIAN_POINT ( 'NONE',  ( 1.250000000000001600, 0.1999999999999996500, -0.3699999999999948300 ) ) ;
#5295 = CARTESIAN_POINT ( 'NONE',  ( -0.9699999999999979700, 0.0000000000000000000, -0.7500000000000027800 ) ) ;
#5296 = CYLINDRICAL_SURFACE ( 'NONE', #3964, 0.1199999999999998800 ) ;
#5297 = EDGE_LOOP ( 'NONE', ( #333, #3987, #4737, #5334 ) ) ;
#5298 = MECHANICAL_DESIGN_GEOMETRIC_PRESENTATION_REPRESENTATION (  '', ( #5189 ), #5816 ) ;
#5299 = CARTESIAN_POINT ( 'NONE',  ( -0.9700000000000018600, 0.1999999999999999800, 0.3699999999999971600 ) ) ;
#5300 = EDGE_CURVE ( 'NONE', #1793, #5543, #4587, .T. ) ;
#5301 = VECTOR ( 'NONE', #5905, 1000.000000000000000 ) ;
#5302 = LINE ( 'NONE', #5529, #664 ) ;
#5303 = CARTESIAN_POINT ( 'NONE',  ( -0.9700000000000031900, 0.1999999999999999800, 0.7499999999999973400 ) ) ;
#5304 = VERTEX_POINT ( 'NONE', #4978 ) ;
#5305 = ORIENTED_EDGE ( 'NONE', *, *, #24, .F. ) ;
#5306 = ADVANCED_FACE ( 'NONE', ( #2229 ), #986, .F. ) ;
#5307 = CARTESIAN_POINT ( 'NONE',  ( 0.1299999999999939300, 0.04999999999999969700, 1.750000000000000200 ) ) ;
#5308 = VERTEX_POINT ( 'NONE', #3121 ) ;
#5309 = SURFACE_SIDE_STYLE ('',( #3162 ) ) ;
#5310 = CARTESIAN_POINT ( 'NONE',  ( -0.4999999999999963400, 2.436067977499790000, -1.000000000000001600 ) ) ;
#5311 = CARTESIAN_POINT ( 'NONE',  ( -1.249999999999996200, 0.0000000000000000000, -1.370000000000003400 ) ) ;
#5312 = CARTESIAN_POINT ( 'NONE',  ( -0.9700000000000045300, 0.2000000000000000100, 1.129999999999997200 ) ) ;
#5313 = CARTESIAN_POINT ( 'NONE',  ( 0.9699999999999990900, 0.2000000000000000100, 0.3700000000000036600 ) ) ;
#5314 = CARTESIAN_POINT ( 'NONE',  ( 0.9700000000000011900, 0.04999999999999999600, -0.2499999999999962000 ) ) ;
#5315 = ORIENTED_EDGE ( 'NONE', *, *, #4182, .T. ) ;
#5316 = VERTEX_POINT ( 'NONE', #388 ) ;
#5317 = DIRECTION ( 'NONE',  ( 0.0000000000000000000, 1.000000000000000000, 0.0000000000000000000 ) ) ;
#5318 = FACE_OUTER_BOUND ( 'NONE', #1412, .T. ) ;
#5319 = CARTESIAN_POINT ( 'NONE',  ( 1.249999999999999100, 0.1999999999999999800, 0.3700000000000049400 ) ) ;
#5320 = ORIENTED_EDGE ( 'NONE', *, *, #4917, .F. ) ;
#5321 = ORIENTED_EDGE ( 'NONE', *, *, #1475, .T. ) ;
#5322 = CIRCLE ( 'NONE', #2897, 0.1199999999999998800 ) ;
#5323 = DIRECTION ( 'NONE',  ( -0.0000000000000000000, -1.000000000000000000, 0.0000000000000000000 ) ) ;
#5324 = EDGE_CURVE ( 'NONE', #3624, #3715, #3752, .T. ) ;
#5325 = ORIENTED_EDGE ( 'NONE', *, *, #3198, .T. ) ;
#5326 = EDGE_CURVE ( 'NONE', #3484, #1919, #736, .T. ) ;
#5327 = AXIS2_PLACEMENT_3D ( 'NONE', #5425, #28, #1863 ) ;
#5328 = CLOSED_SHELL ( 'NONE', ( #18, #5306, #4855, #370, #4056, #5615 ) ) ;
#5329 = CARTESIAN_POINT ( 'NONE',  ( -0.1299999999999941200, 0.1999999999999999800, -1.750000000000000200 ) ) ;
#5330 = ADVANCED_FACE ( 'NONE', ( #3393 ), #2790, .T. ) ;
#5331 = DIRECTION ( 'NONE',  ( 0.0000000000000000000, -1.000000000000000000, 0.0000000000000000000 ) ) ;
#5332 = DIRECTION ( 'NONE',  ( 1.000000000000000000, 0.0000000000000000000, 2.717051215639202200E-015 ) ) ;
#5333 = EDGE_CURVE ( 'NONE', #5871, #655, #1891, .T. ) ;
#5334 = ORIENTED_EDGE ( 'NONE', *, *, #1670, .T. ) ;
#5335 = CARTESIAN_POINT ( 'NONE',  ( 0.3699999999999945000, 0.0000000000000000000, 1.470000000000000900 ) ) ;
#5336 = AXIS2_PLACEMENT_3D ( 'NONE', #3670, #1402, #4109 ) ;
#5337 = ORIENTED_EDGE ( 'NONE', *, *, #2128, .T. ) ;
#5338 = VECTOR ( 'NONE', #794, 1000.000000000000000 ) ;
#5339 = CARTESIAN_POINT ( 'NONE',  ( -0.9700000000000049700, 0.2000000000000000100, 1.249999999999997100 ) ) ;
#5340 = SURFACE_SIDE_STYLE ('',( #1293 ) ) ;
#5341 = VERTEX_POINT ( 'NONE', #5658 ) ;
#5342 = VERTEX_POINT ( 'NONE', #2677 ) ;
#5343 = AXIS2_PLACEMENT_3D ( 'NONE', #4328, #2050, #5710 ) ;
#5344 = LINE ( 'NONE', #4332, #4141 ) ;
#5345 = VERTEX_POINT ( 'NONE', #110 ) ;
#5346 = ORIENTED_EDGE ( 'NONE', *, *, #3078, .T. ) ;
#5347 = DIRECTION ( 'NONE',  ( 2.717051215639202600E-015, 0.0000000000000000000, -1.000000000000000000 ) ) ;
#5348 = FILL_AREA_STYLE_COLOUR ( '', #2931 ) ;
#5349 = PLANE ( 'NONE',  #1092 ) ;
#5350 = LINE ( 'NONE', #5407, #4146 ) ;
#5351 = EDGE_LOOP ( 'NONE', ( #4076, #2874, #5900, #725, #2260 ) ) ;
#5352 = PLANE ( 'NONE',  #2312 ) ;
#5353 = EDGE_LOOP ( 'NONE', ( #5166, #2275, #5773, #2527 ) ) ;
#5354 = LINE ( 'NONE', #5779, #5801 ) ;
#5355 = ADVANCED_FACE ( 'NONE', ( #1110 ), #2890, .F. ) ;
#5356 = PRESENTATION_LAYER_ASSIGNMENT (  '', '', ( #1595 ) ) ;
#5357 = DIRECTION ( 'NONE',  ( 0.0000000000000000000, -1.000000000000000000, 0.0000000000000000000 ) ) ;
#5358 = LINE ( 'NONE', #5176, #3877 ) ;
#5359 = CIRCLE ( 'NONE', #3925, 0.1199999999999998300 ) ;
#5360 = VERTEX_POINT ( 'NONE', #638 ) ;
#5361 = AXIS2_PLACEMENT_3D ( 'NONE', #2034, #3043, #3016 ) ;
#5362 = DIRECTION ( 'NONE',  ( 1.000000000000000000, 0.0000000000000000000, 3.491481338843133400E-015 ) ) ;
#5363 = EDGE_CURVE ( 'NONE', #2861, #3856, #5751, .T. ) ;
#5364 = VECTOR ( 'NONE', #3281, 1000.000000000000000 ) ;
#5365 = LINE ( 'NONE', #5112, #2943 ) ;
#5366 = DIRECTION ( 'NONE',  ( 1.000000000000000000, 0.0000000000000000000, 3.614007241618351500E-015 ) ) ;
#5367 = LINE ( 'NONE', #5881, #244 ) ;
#5368 = VERTEX_POINT ( 'NONE', #4734 ) ;
#5369 = PLANE ( 'NONE',  #3167 ) ;
#5370 = VECTOR ( 'NONE', #2223, 1000.000000000000000 ) ;
#5371 = PRESENTATION_LAYER_ASSIGNMENT (  '', '', ( #1832 ) ) ;
#5372 = FACE_OUTER_BOUND ( 'NONE', #1944, .T. ) ;
#5373 = ORIENTED_EDGE ( 'NONE', *, *, #3052, .T. ) ;
#5374 = ORIENTED_EDGE ( 'NONE', *, *, #3635, .F. ) ;
#5375 = CARTESIAN_POINT ( 'NONE',  ( -0.9499999999999981800, 0.4757359312880711200, -1.450000000000003100 ) ) ;
#5376 = LINE ( 'NONE', #3240, #1324 ) ;
#5377 = ORIENTED_EDGE ( 'NONE', *, *, #4834, .T. ) ;
#5378 = SURFACE_STYLE_USAGE ( .BOTH. , #5821 ) ;
#5379 = DIRECTION ( 'NONE',  ( 3.491481338843133400E-015, 0.0000000000000000000, -1.000000000000000000 ) ) ;
#5380 = ORIENTED_EDGE ( 'NONE', *, *, #4537, .T. ) ;
#5381 = DIRECTION ( 'NONE',  ( -0.0000000000000000000, -1.000000000000000000, -0.0000000000000000000 ) ) ;
#5382 = LINE ( 'NONE', #4321, #2881 ) ;
#5383 = ORIENTED_EDGE ( 'NONE', *, *, #2884, .T. ) ;
#5384 = CARTESIAN_POINT ( 'NONE',  ( 1.249999999999997300, 0.6664761515876241900, 0.8700000000000048800 ) ) ;
#5385 = VERTEX_POINT ( 'NONE', #5169 ) ;
#5386 = CARTESIAN_POINT ( 'NONE',  ( 0.9700000000000043000, 0.2000000000000000100, -1.129999999999996300 ) ) ;
#5387 = ADVANCED_FACE ( 'NONE', ( #246 ), #3316, .F. ) ;
#5388 = DIRECTION ( 'NONE',  ( -0.0000000000000000000, -1.000000000000000000, 0.0000000000000000000 ) ) ;
#5389 = CARTESIAN_POINT ( 'NONE',  ( -0.8499999999999980900, 0.04999999999999999600, -0.7500000000000023300 ) ) ;
#5390 = LINE ( 'NONE', #1707, #1767 ) ;
#5391 =( NAMED_UNIT ( * ) SI_UNIT ( $, .STERADIAN. ) SOLID_ANGLE_UNIT ( ) );
#5392 = ORIENTED_EDGE ( 'NONE', *, *, #507, .T. ) ;
#5393 = VERTEX_POINT ( 'NONE', #3810 ) ;
#5394 = DIRECTION ( 'NONE',  ( -1.000000000000000000, 0.0000000000000000000, -3.925162207837335100E-015 ) ) ;
#5395 = EDGE_CURVE ( 'NONE', #5616, #5722, #3459, .T. ) ;
#5396 = CARTESIAN_POINT ( 'NONE',  ( -1.250000000000005800, 0.05000000000000000300, 1.749999999999996000 ) ) ;
#5397 = CARTESIAN_POINT ( 'NONE',  ( -0.9700000000000036400, 0.6664761515876241900, 0.8699999999999972200 ) ) ;
#5398 = DIRECTION ( 'NONE',  ( 1.000000000000000000, 0.0000000000000000000, 3.614007241618351500E-015 ) ) ;
#5399 = CARTESIAN_POINT ( 'NONE',  ( -1.711742265852697400E-015, 0.05000000000000000300, 0.6300000000000000000 ) ) ;
#5400 = EDGE_CURVE ( 'NONE', #3197, #4823, #1318, .T. ) ;
#5401 = ORIENTED_EDGE ( 'NONE', *, *, #34, .F. ) ;
#5402 = ORIENTED_EDGE ( 'NONE', *, *, #3075, .F. ) ;
#5403 = DIRECTION ( 'NONE',  ( 0.0000000000000000000, -1.000000000000000000, 0.0000000000000000000 ) ) ;
#5404 = CARTESIAN_POINT ( 'NONE',  ( -0.9700000000000014200, 0.1999999999999999800, 0.2499999999999973100 ) ) ;
#5405 = DIRECTION ( 'NONE',  ( 4.265911462047064500E-015, 0.0000000000000000000, -1.000000000000000000 ) ) ;
#5406 = AXIS2_PLACEMENT_3D ( 'NONE', #4492, #3104, #4938 ) ;
#5407 = CARTESIAN_POINT ( 'NONE',  ( 0.9700000000000014200, 0.2000000000000000100, -0.3699999999999961100 ) ) ;
#5408 = CARTESIAN_POINT ( 'NONE',  ( 0.9700000000000025300, 0.6664761515876241900, -0.6299999999999963400 ) ) ;
#5409 = FILL_AREA_STYLE_COLOUR ( '', #3730 ) ;
#5410 = EDGE_CURVE ( 'NONE', #1241, #121, #3015, .T. ) ;
#5411 = ORIENTED_EDGE ( 'NONE', *, *, #548, .F. ) ;
#5412 = EDGE_CURVE ( 'NONE', #5795, #5368, #5101, .T. ) ;
#5413 = PLANE ( 'NONE',  #1880 ) ;
#5414 = VECTOR ( 'NONE', #697, 1000.000000000000000 ) ;
#5415 = CARTESIAN_POINT ( 'NONE',  ( 0.9700000000000043000, 0.2000000000000000100, -1.129999999999996300 ) ) ;
#5416 = ORIENTED_EDGE ( 'NONE', *, *, #3504, .T. ) ;
#5417 = ORIENTED_EDGE ( 'NONE', *, *, #931, .T. ) ;
#5418 = ADVANCED_FACE ( 'NONE', ( #5372 ), #4669, .T. ) ;
#5419 = CARTESIAN_POINT ( 'NONE',  ( 1.250000000000005300, 0.2000000000000000100, -1.369999999999995000 ) ) ;
#5420 = AXIS2_PLACEMENT_3D ( 'NONE', #3260, #521, #3723 ) ;
#5421 = FACE_OUTER_BOUND ( 'NONE', #4131, .T. ) ;
#5422 = CARTESIAN_POINT ( 'NONE',  ( 1.250000000000000000, 0.2000000000000000100, 0.1300000000000051400 ) ) ;
#5423 = CLOSED_SHELL ( 'NONE', ( #5418, #2112, #1130, #5743 ) ) ;
#5424 =( GEOMETRIC_REPRESENTATION_CONTEXT ( 3 ) GLOBAL_UNCERTAINTY_ASSIGNED_CONTEXT ( ( #832 ) ) GLOBAL_UNIT_ASSIGNED_CONTEXT ( ( #4851, #2163, #2596 ) ) REPRESENTATION_CONTEXT ( 'NONE', 'WORKASPACE' ) );
#5425 = CARTESIAN_POINT ( 'NONE',  ( -0.3699999999999938900, 0.6664761515876238600, -1.750000000000001100 ) ) ;
#5426 = EDGE_LOOP ( 'NONE', ( #1043, #539, #5579, #5190 ) ) ;
#5427 = DIRECTION ( 'NONE',  ( -3.491481338843133400E-015, 0.0000000000000000000, 1.000000000000000000 ) ) ;
#5428 = FACE_OUTER_BOUND ( 'NONE', #5862, .T. ) ;
#5429 = CIRCLE ( 'NONE', #1784, 0.1199999999999998800 ) ;
#5430 = LINE ( 'NONE', #4126, #1592 ) ;
#5431 = DIRECTION ( 'NONE',  ( 1.000000000000000000, 0.0000000000000000000, 3.491481338843133400E-015 ) ) ;
#5432 = CARTESIAN_POINT ( 'NONE',  ( 0.9699999999999997500, 0.0000000000000000000, 0.1300000000000039500 ) ) ;
#5433 = CARTESIAN_POINT ( 'NONE',  ( -1.250000000000005800, 0.05000000000000000300, 1.749999999999996000 ) ) ;
#5434 = UNCERTAINTY_MEASURE_WITH_UNIT (LENGTH_MEASURE( 1.000000000000000100E-005 ), #5826, 'distance_accuracy_value', 'NONE');
#5435 = LINE ( 'NONE', #4277, #1447 ) ;
#5436 = CIRCLE ( 'NONE', #3736, 0.1199999999999998800 ) ;
#5437 = ORIENTED_EDGE ( 'NONE', *, *, #2055, .F. ) ;
#5438 = LINE ( 'NONE', #2403, #2717 ) ;
#5439 = CARTESIAN_POINT ( 'NONE',  ( -0.8500000000000050800, 0.1999999999999999800, 1.249999999999997600 ) ) ;
#5440 = SURFACE_STYLE_FILL_AREA ( #660 ) ;
#5441 = EDGE_CURVE ( 'NONE', #2676, #4755, #1748, .T. ) ;
#5442 = VECTOR ( 'NONE', #2240, 1000.000000000000000 ) ;
#5443 = VERTEX_POINT ( 'NONE', #3305 ) ;
#5444 = DIRECTION ( 'NONE',  ( 1.000000000000000000, 0.0000000000000000000, 3.614007241618351500E-015 ) ) ;
#5445 = EDGE_CURVE ( 'NONE', #4255, #3673, #2517, .T. ) ;
#5446 = MECHANICAL_DESIGN_GEOMETRIC_PRESENTATION_REPRESENTATION (  '', ( #4220 ), #5772 ) ;
#5447 = CARTESIAN_POINT ( 'NONE',  ( 0.1299999999999949000, 0.0000000000000000000, 1.470000000000000000 ) ) ;
#5448 = VECTOR ( 'NONE', #3261, 1000.000000000000000 ) ;
#5449 = COLOUR_RGB ( '',0.2509803921568627400, 0.2509803921568627400, 0.2509803921568627400 ) ;
#5450 = ORIENTED_EDGE ( 'NONE', *, *, #3781, .T. ) ;
#5451 = ORIENTED_EDGE ( 'NONE', *, *, #4485, .T. ) ;
#5452 = DIRECTION ( 'NONE',  ( 1.000000000000000000, 0.0000000000000000000, 4.265911462047064500E-015 ) ) ;
#5453 = EDGE_CURVE ( 'NONE', #457, #5574, #877, .T. ) ;
#5454 = CARTESIAN_POINT ( 'NONE',  ( -0.3700000000000061000, 0.1999999999999999800, 1.749999999999998400 ) ) ;
#5455 = CIRCLE ( 'NONE', #2431, 0.1199999999999998800 ) ;
#5456 = ADVANCED_FACE ( 'NONE', ( #5601 ), #1651, .T. ) ;
#5457 = DIRECTION ( 'NONE',  ( 0.0000000000000000000, 1.000000000000000000, 0.0000000000000000000 ) ) ;
#5458 = DIRECTION ( 'NONE',  ( 0.0000000000000000000, -1.000000000000000000, 0.0000000000000000000 ) ) ;
#5459 = VERTEX_POINT ( 'NONE', #201 ) ;
#5460 = ORIENTED_EDGE ( 'NONE', *, *, #3734, .T. ) ;
#5461 = CIRCLE ( 'NONE', #482, 0.1199999999999998300 ) ;
#5462 = CARTESIAN_POINT ( 'NONE',  ( 0.2500000000000051600, 0.0000000000000000000, -1.469999999999998900 ) ) ;
#5463 = ORIENTED_EDGE ( 'NONE', *, *, #1946, .T. ) ;
#5464 = ADVANCED_FACE ( 'NONE', ( #5823 ), #4283, .T. ) ;
#5465 = AXIS2_PLACEMENT_3D ( 'NONE', #476, #1388, #1860 ) ;
#5466 = CARTESIAN_POINT ( 'NONE',  ( 1.249999999999994400, 0.05000000000000000300, 1.750000000000004700 ) ) ;
#5467 = LINE ( 'NONE', #5231, #4613 ) ;
#5468 = EDGE_LOOP ( 'NONE', ( #182, #3891, #5450, #1035 ) ) ;
#5469 = ORIENTED_EDGE ( 'NONE', *, *, #1906, .F. ) ;
#5470 = DIRECTION ( 'NONE',  ( 1.000000000000000000, 0.0000000000000000000, 3.614007241618351500E-015 ) ) ;
#5471 = CIRCLE ( 'NONE', #3120, 0.1199999999999998800 ) ;
#5472 = CARTESIAN_POINT ( 'NONE',  ( 1.249999999999999100, 0.0000000000000000000, 0.3700000000000049400 ) ) ;
#5473 = CARTESIAN_POINT ( 'NONE',  ( 0.1300000000000051400, 0.1999999999999999800, -1.469999999999999100 ) ) ;
#5474 = VERTEX_POINT ( 'NONE', #177 ) ;
#5475 = DIRECTION ( 'NONE',  ( 0.0000000000000000000, 1.000000000000000000, 0.0000000000000000000 ) ) ;
#5476 = PLANE ( 'NONE',  #3551 ) ;
#5477 = CARTESIAN_POINT ( 'NONE',  ( -1.250000000000005800, 0.04999999999999969700, 1.369999999999996300 ) ) ;
#5478 = ORIENTED_EDGE ( 'NONE', *, *, #4537, .F. ) ;
#5479 = DIRECTION ( 'NONE',  ( -0.0000000000000000000, -1.000000000000000000, -0.0000000000000000000 ) ) ;
#5480 = AXIS2_PLACEMENT_3D ( 'NONE', #304, #4844, #3494 ) ;
#5481 = VERTEX_POINT ( 'NONE', #2451 ) ;
#5482 = ORIENTED_EDGE ( 'NONE', *, *, #4090, .F. ) ;
#5483 = DIRECTION ( 'NONE',  ( -0.0000000000000000000, -1.000000000000000000, 0.0000000000000000000 ) ) ;
#5484 = EDGE_CURVE ( 'NONE', #3677, #3976, #4381, .T. ) ;
#5485 = CARTESIAN_POINT ( 'NONE',  ( -0.9699999999999975300, 0.2000000000000000100, -0.8700000000000026600 ) ) ;
#5486 = ADVANCED_FACE ( 'NONE', ( #98 ), #1059, .T. ) ;
#5487 = EDGE_LOOP ( 'NONE', ( #4681, #5525, #5496, #4474 ) ) ;
#5488 = SURFACE_STYLE_FILL_AREA ( #5274 ) ;
#5489 = CARTESIAN_POINT ( 'NONE',  ( -0.4999999999999963400, 2.436067977499790000, -1.000000000000001600 ) ) ;
#5490 = PRESENTATION_LAYER_ASSIGNMENT (  '', '', ( #5189 ) ) ;
#5491 = VERTEX_POINT ( 'NONE', #1103 ) ;
#5492 = ORIENTED_EDGE ( 'NONE', *, *, #2537, .F. ) ;
#5493 = DIRECTION ( 'NONE',  ( -3.491481338843133400E-015, 0.0000000000000000000, 1.000000000000000000 ) ) ;
#5494 = CARTESIAN_POINT ( 'NONE',  ( 1.250000000000005300, 0.6664761515876241900, -1.369999999999995000 ) ) ;
#5495 = LINE ( 'NONE', #5552, #2350 ) ;
#5496 = ORIENTED_EDGE ( 'NONE', *, *, #4986, .F. ) ;
#5497 = ORIENTED_EDGE ( 'NONE', *, *, #109, .F. ) ;
#5498 = DIRECTION ( 'NONE',  ( 3.685088869644115200E-015, -0.0000000000000000000, -1.000000000000000000 ) ) ;
#5499 = CLOSED_SHELL ( 'NONE', ( #677, #2939, #2779, #2199, #3314, #2550 ) ) ;
#5500 = VECTOR ( 'NONE', #1314, 1000.000000000000000 ) ;
#5501 = LINE ( 'NONE', #3035, #2355 ) ;
#5502 = EDGE_LOOP ( 'NONE', ( #1063, #2741, #1628, #3486 ) ) ;
#5503 = DIRECTION ( 'NONE',  ( 0.0000000000000000000, 1.000000000000000000, 0.0000000000000000000 ) ) ;
#5504 = PRESENTATION_STYLE_ASSIGNMENT (( #1952 ) ) ;
#5505 = CARTESIAN_POINT ( 'NONE',  ( -1.250000000000004900, 0.1999999999999999800, 1.129999999999996800 ) ) ;
#5506 = LINE ( 'NONE', #4005, #792 ) ;
#5507 = ORIENTED_EDGE ( 'NONE', *, *, #2272, .T. ) ;
#5508 = LINE ( 'NONE', #5633, #156 ) ;
#5509 = CARTESIAN_POINT ( 'NONE',  ( -0.9700000000000009700, 0.2000000000000000100, 0.1299999999999974000 ) ) ;
#5510 = UNCERTAINTY_MEASURE_WITH_UNIT (LENGTH_MEASURE( 1.000000000000000100E-005 ), #3520, 'distance_accuracy_value', 'NONE');
#5511 = VECTOR ( 'NONE', #4885, 1000.000000000000000 ) ;
#5512 = ORIENTED_EDGE ( 'NONE', *, *, #1484, .F. ) ;
#5513 = DIRECTION ( 'NONE',  ( -1.000000000000000000, 0.0000000000000000000, -4.265911462047064500E-015 ) ) ;
#5514 = CARTESIAN_POINT ( 'NONE',  ( 1.250000000000004400, 0.1999999999999999800, -1.129999999999995200 ) ) ;
#5515 = PLANE ( 'NONE',  #3397 ) ;
#5516 = EDGE_CURVE ( 'NONE', #2469, #2167, #524, .T. ) ;
#5517 = VECTOR ( 'NONE', #3425, 1000.000000000000000 ) ;
#5518 = CARTESIAN_POINT ( 'NONE',  ( -0.9699999999999963100, 0.04999999999999999600, -1.250000000000002900 ) ) ;
#5519 = VECTOR ( 'NONE', #1888, 1000.000000000000000 ) ;
#5520 = ORIENTED_EDGE ( 'NONE', *, *, #3968, .F. ) ;
#5521 = CARTESIAN_POINT ( 'NONE',  ( 0.9699999999999977500, 0.2000000000000000100, 0.7500000000000037700 ) ) ;
#5522 = EDGE_CURVE ( 'NONE', #4133, #1251, #2237, .T. ) ;
#5523 = LINE ( 'NONE', #3614, #3099 ) ;
#5524 = LINE ( 'NONE', #2426, #5893 ) ;
#5525 = ORIENTED_EDGE ( 'NONE', *, *, #4069, .F. ) ;
#5526 = CARTESIAN_POINT ( 'NONE',  ( 1.249999999999994400, 0.05000000000000000300, 1.750000000000004700 ) ) ;
#5527 = ORIENTED_EDGE ( 'NONE', *, *, #3091, .T. ) ;
#5528 = EDGE_CURVE ( 'NONE', #5109, #4521, #3609, .T. ) ;
#5529 = CARTESIAN_POINT ( 'NONE',  ( 0.9700000000000043000, 0.6664761515876241900, -1.129999999999996300 ) ) ;
#5530 = AXIS2_PLACEMENT_3D ( 'NONE', #3093, #4449, #3557 ) ;
#5531 = CARTESIAN_POINT ( 'NONE',  ( 1.249999999999999100, 0.2000000000000000100, 0.3700000000000049400 ) ) ;
#5532 = ORIENTED_EDGE ( 'NONE', *, *, #600, .T. ) ;
#5533 = EDGE_CURVE ( 'NONE', #5871, #1995, #4234, .T. ) ;
#5534 = ORIENTED_EDGE ( 'NONE', *, *, #3548, .T. ) ;
#5535 = CARTESIAN_POINT ( 'NONE',  ( -0.9699999999999958700, 0.1999999999999999800, -1.370000000000002800 ) ) ;
#5537 = EDGE_CURVE ( 'NONE', #2419, #3834, #5524, .T. ) ;
#5536 = DIRECTION ( 'NONE',  ( 0.0000000000000000000, -1.000000000000000000, 0.0000000000000000000 ) ) ;
#5538 = DIRECTION ( 'NONE',  ( -1.000000000000000000, 0.0000000000000000000, -3.491481338843133400E-015 ) ) ;
#5539 = CARTESIAN_POINT ( 'NONE',  ( -0.1300000000000063300, 0.6664761515876238600, 1.749999999999999300 ) ) ;
#5540 = LINE ( 'NONE', #2626, #4330 ) ;
#5541 = CARTESIAN_POINT ( 'NONE',  ( -0.9699999999999963100, 0.1999999999999999800, -1.250000000000002900 ) ) ;
#5542 = ORIENTED_EDGE ( 'NONE', *, *, #4689, .T. ) ;
#5543 = VERTEX_POINT ( 'NONE', #611 ) ;
#5544 = CARTESIAN_POINT ( 'NONE',  ( -0.9700000000000031900, 0.2000000000000000100, 0.7499999999999973400 ) ) ;
#5545 = CARTESIAN_POINT ( 'NONE',  ( 0.9700000000000014200, 0.6664761515876241900, -0.3699999999999961100 ) ) ;
#5546 = AXIS2_PLACEMENT_3D ( 'NONE', #463, #4083, #4490 ) ;
#5547 = VECTOR ( 'NONE', #3429, 1000.000000000000000 ) ;
#5548 = CARTESIAN_POINT ( 'NONE',  ( -0.9699999999999958700, 0.6664761515876241900, -1.370000000000002800 ) ) ;
#5549 = ORIENTED_EDGE ( 'NONE', *, *, #4122, .T. ) ;
#5550 = PRESENTATION_LAYER_ASSIGNMENT (  '', '', ( #2261 ) ) ;
#5551 = CARTESIAN_POINT ( 'NONE',  ( 0.9699999999999956400, 0.0000000000000000000, 1.370000000000003900 ) ) ;
#5552 = CARTESIAN_POINT ( 'NONE',  ( 1.250000000000005300, 0.2000000000000000100, -1.369999999999995000 ) ) ;
#5553 = DIRECTION ( 'NONE',  ( 0.0000000000000000000, -1.000000000000000000, 0.0000000000000000000 ) ) ;
#5554 = ADVANCED_FACE ( 'NONE', ( #1609 ), #4598, .F. ) ;
#5555 = DIRECTION ( 'NONE',  ( 0.0000000000000000000, -1.000000000000000000, 0.0000000000000000000 ) ) ;
#5556 = PLANE ( 'NONE',  #411 ) ;
#5557 = DIRECTION ( 'NONE',  ( -0.0000000000000000000, -1.000000000000000000, 0.0000000000000000000 ) ) ;
#5558 =( LENGTH_UNIT ( ) NAMED_UNIT ( * ) SI_UNIT ( .MILLI., .METRE. ) );
#5559 = CARTESIAN_POINT ( 'NONE',  ( 0.9700000000000029700, 0.0000000000000000000, -0.7499999999999962300 ) ) ;
#5560 = VERTEX_POINT ( 'NONE', #1409 ) ;
#5561 = DIRECTION ( 'NONE',  ( -0.0000000000000000000, -1.000000000000000000, 0.0000000000000000000 ) ) ;
#5562 = EDGE_CURVE ( 'NONE', #2825, #720, #385, .T. ) ;
#5563 = CARTESIAN_POINT ( 'NONE',  ( -0.9700000000000002000, 0.2000000000000000100, -0.1300000000000028600 ) ) ;
#5564 = EDGE_LOOP ( 'NONE', ( #2552, #4815, #104, #1392 ) ) ;
#5565 = AXIS2_PLACEMENT_3D ( 'NONE', #4263, #3348, #608 ) ;
#5566 = DIRECTION ( 'NONE',  ( 0.0000000000000000000, -1.000000000000000000, 0.0000000000000000000 ) ) ;
#5567 = VERTEX_POINT ( 'NONE', #47 ) ;
#5568 = AXIS2_PLACEMENT_3D ( 'NONE', #3454, #5317, #3918 ) ;
#5569 = VECTOR ( 'NONE', #1181, 1000.000000000000000 ) ;
#5570 = EDGE_CURVE ( 'NONE', #5885, #4171, #38, .T. ) ;
#5571 = DIRECTION ( 'NONE',  ( 1.000000000000000000, 0.0000000000000000000, 3.491481338843133400E-015 ) ) ;
#5572 = VERTEX_POINT ( 'NONE', #4590 ) ;
#5573 = EDGE_CURVE ( 'NONE', #3948, #821, #3890, .T. ) ;
#5574 = VERTEX_POINT ( 'NONE', #2255 ) ;
#5575 = CARTESIAN_POINT ( 'NONE',  ( -1.250000000000001300, 0.2000000000000000100, 0.1299999999999966200 ) ) ;
#5576 = FACE_OUTER_BOUND ( 'NONE', #3977, .T. ) ;
#5577 = FILL_AREA_STYLE ('',( #2652 ) ) ;
#5578 = CARTESIAN_POINT ( 'NONE',  ( -0.9699999999999997500, 0.04999999999999999600, -0.2500000000000027200 ) ) ;
#5579 = ORIENTED_EDGE ( 'NONE', *, *, #308, .T. ) ;
#5580 = ORIENTED_EDGE ( 'NONE', *, *, #1712, .F. ) ;
#5581 = DIRECTION ( 'NONE',  ( 1.000000000000000000, 0.0000000000000000000, 3.614007241618351500E-015 ) ) ;
#5582 = FACE_OUTER_BOUND ( 'NONE', #2775, .T. ) ;
#5583 = LINE ( 'NONE', #5080, #1298 ) ;
#5584 = CARTESIAN_POINT ( 'NONE',  ( -1.099999999999998300, 0.4757359312880711200, -1.450000000000003500 ) ) ;
#5585 = LINE ( 'NONE', #1850, #4717 ) ;
#5586 = AXIS2_PLACEMENT_3D ( 'NONE', #1016, #689, #2086 ) ;
#5587 = ADVANCED_FACE ( 'NONE', ( #2174 ), #4807, .T. ) ;
#5588 = DIRECTION ( 'NONE',  ( -1.000000000000000000, 0.0000000000000000000, -2.717051215639202600E-015 ) ) ;
#5589 = FACE_OUTER_BOUND ( 'NONE', #2143, .T. ) ;
#5590 = DIRECTION ( 'NONE',  ( 0.0000000000000000000, -1.000000000000000000, 0.0000000000000000000 ) ) ;
#5591 = VECTOR ( 'NONE', #2170, 1000.000000000000000 ) ;
#5592 = VERTEX_POINT ( 'NONE', #5028 ) ;
#5593 = VECTOR ( 'NONE', #4238, 1000.000000000000000 ) ;
#5594 = CIRCLE ( 'NONE', #2256, 0.1500000000000001900 ) ;
#5595 = FACE_OUTER_BOUND ( 'NONE', #5184, .T. ) ;
#5596 = VERTEX_POINT ( 'NONE', #2310 ) ;
#5597 = DIRECTION ( 'NONE',  ( -0.0000000000000000000, -1.000000000000000000, 0.0000000000000000000 ) ) ;
#5598 = CARTESIAN_POINT ( 'NONE',  ( -1.249999999999997800, 0.6664761515876241900, -0.8700000000000033300 ) ) ;
#5599 = DIRECTION ( 'NONE',  ( 1.000000000000000000, 0.0000000000000000000, 3.614007241618353100E-015 ) ) ;
#5600 = LINE ( 'NONE', #3786, #4380 ) ;
#5601 = FACE_OUTER_BOUND ( 'NONE', #1686, .T. ) ;
#5602 = DIRECTION ( 'NONE',  ( -1.000000000000000000, 0.0000000000000000000, -3.491481338843133400E-015 ) ) ;
#5603 = EDGE_LOOP ( 'NONE', ( #1429, #1464, #5451, #5925 ) ) ;
#5604 = ORIENTED_EDGE ( 'NONE', *, *, #4226, .T. ) ;
#5605 = DIRECTION ( 'NONE',  ( 0.0000000000000000000, 1.000000000000000000, 0.0000000000000000000 ) ) ;
#5606 = EDGE_CURVE ( 'NONE', #2668, #5708, #2102, .T. ) ;
#5607 = DIRECTION ( 'NONE',  ( 1.000000000000000000, -0.0000000000000000000, 2.717051215639202600E-015 ) ) ;
#5608 = EDGE_LOOP ( 'NONE', ( #2198, #1269, #3239, #2327 ) ) ;
#5609 = VERTEX_POINT ( 'NONE', #4549 ) ;
#5610 = EDGE_CURVE ( 'NONE', #403, #4031, #1176, .T. ) ;
#5611 = PLANE ( 'NONE',  #651 ) ;
#5612 = ORIENTED_EDGE ( 'NONE', *, *, #5805, .F. ) ;
#5613 = AXIS2_PLACEMENT_3D ( 'NONE', #3009, #2481, #4789 ) ;
#5614 = LINE ( 'NONE', #1045, #1122 ) ;
#5615 = ADVANCED_FACE ( 'NONE', ( #3243 ), #2271, .F. ) ;
#5616 = VERTEX_POINT ( 'NONE', #1824 ) ;
#5618 = EDGE_CURVE ( 'NONE', #3076, #2861, #2661, .T. ) ;
#5617 = CARTESIAN_POINT ( 'NONE',  ( 1.249999999999999100, 0.6664761515876241900, 0.3700000000000049400 ) ) ;
#5619 = ORIENTED_EDGE ( 'NONE', *, *, #2313, .T. ) ;
#5620 = DIRECTION ( 'NONE',  ( 0.0000000000000000000, -1.000000000000000000, 0.0000000000000000000 ) ) ;
#5621 = EDGE_LOOP ( 'NONE', ( #159, #5702, #4642, #998 ) ) ;
#5622 = DIRECTION ( 'NONE',  ( 0.0000000000000000000, 1.000000000000000000, 0.0000000000000000000 ) ) ;
#5623 = FACE_OUTER_BOUND ( 'NONE', #2387, .T. ) ;
#5624 = CARTESIAN_POINT ( 'NONE',  ( -0.9700000000000031900, 0.04999999999999999600, 0.7499999999999973400 ) ) ;
#5625 = CARTESIAN_POINT ( 'NONE',  ( 0.2499999999999946400, 0.05000000000000002400, 1.470000000000000600 ) ) ;
#5626 = MANIFOLD_SOLID_BREP ( 'Body-Move/Copy1[9]', #1243 ) ;
#5627 = ORIENTED_EDGE ( 'NONE', *, *, #1451, .T. ) ;
#5628 = DIRECTION ( 'NONE',  ( 0.0000000000000000000, -1.000000000000000000, 0.0000000000000000000 ) ) ;
#5629 = DIRECTION ( 'NONE',  ( 3.491481338843133400E-015, 0.0000000000000000000, -1.000000000000000000 ) ) ;
#5630 = ORIENTED_EDGE ( 'NONE', *, *, #3514, .F. ) ;
#5631 = VERTEX_POINT ( 'NONE', #5131 ) ;
#5632 = CARTESIAN_POINT ( 'NONE',  ( 0.9699999999999973100, 0.2000000000000000100, 0.8700000000000036600 ) ) ;
#5633 = CARTESIAN_POINT ( 'NONE',  ( 3.708321773340233500E-015, 0.05000000000000000300, -0.9999999999999997800 ) ) ;
#5634 = CARTESIAN_POINT ( 'NONE',  ( -0.9700000000000027500, 0.6664761515876241900, 0.6299999999999974500 ) ) ;
#5635 = ORIENTED_EDGE ( 'NONE', *, *, #204, .T. ) ;
#5636 = FACE_OUTER_BOUND ( 'NONE', #5502, .T. ) ;
#5637 = CARTESIAN_POINT ( 'NONE',  ( 0.1299999999999949000, 0.1999999999999999800, 1.470000000000000000 ) ) ;
#5638 = EDGE_CURVE ( 'NONE', #4739, #4207, #4165, .T. ) ;
#5639 = ORIENTED_EDGE ( 'NONE', *, *, #4694, .F. ) ;
#5640 = ORIENTED_EDGE ( 'NONE', *, *, #3270, .F. ) ;
#5641 = EDGE_CURVE ( 'NONE', #3856, #2084, #591, .T. ) ;
#5642 = PRESENTATION_LAYER_ASSIGNMENT (  '', '', ( #1057 ) ) ;
#5643 = ADVANCED_FACE ( 'NONE', ( #314 ), #3884, .F. ) ;
#5644 = DIRECTION ( 'NONE',  ( -0.0000000000000000000, -1.000000000000000000, 0.0000000000000000000 ) ) ;
#5645 = VECTOR ( 'NONE', #4511, 1000.000000000000000 ) ;
#5646 = DIRECTION ( 'NONE',  ( -0.0000000000000000000, -1.000000000000000000, 0.0000000000000000000 ) ) ;
#5647 = PLANE ( 'NONE',  #1802 ) ;
#5648 = ORIENTED_EDGE ( 'NONE', *, *, #4112, .T. ) ;
#5649 = CARTESIAN_POINT ( 'NONE',  ( -1.250000000000004900, 0.2000000000000000100, 1.129999999999996800 ) ) ;
#5650 = AXIS2_PLACEMENT_3D ( 'NONE', #342, #357, #1240 ) ;
#5651 = VERTEX_POINT ( 'NONE', #5145 ) ;
#5652 = EDGE_CURVE ( 'NONE', #5063, #4755, #2725, .T. ) ;
#5653 = LINE ( 'NONE', #5268, #2007 ) ;
#5654 = DIRECTION ( 'NONE',  ( 3.491481338843133400E-015, 0.0000000000000000000, -1.000000000000000000 ) ) ;
#5655 = FACE_OUTER_BOUND ( 'NONE', #1552, .T. ) ;
#5656 = CARTESIAN_POINT ( 'NONE',  ( -0.9699999999999984200, 0.1999999999999999800, -0.6300000000000028900 ) ) ;
#5657 = VERTEX_POINT ( 'NONE', #2408 ) ;
#5658 = CARTESIAN_POINT ( 'NONE',  ( 0.3699999999999936700, 0.04999999999999969700, 1.750000000000001100 ) ) ;
#5659 = LINE ( 'NONE', #1469, #4154 ) ;
#5660 = DIRECTION ( 'NONE',  ( 4.265911462047064500E-015, 0.0000000000000000000, -1.000000000000000000 ) ) ;
#5661 = CARTESIAN_POINT ( 'NONE',  ( 0.3700000000000058800, 0.6664761515876238600, -1.749999999999998400 ) ) ;
#5662 = AXIS2_PLACEMENT_3D ( 'NONE', #2716, #5927, #4584 ) ;
#5663 = FILL_AREA_STYLE ('',( #1555 ) ) ;
#5664 = CARTESIAN_POINT ( 'NONE',  ( 1.250000000000000000, 0.04999999999999969700, 0.1300000000000051400 ) ) ;
#5665 = LINE ( 'NONE', #1913, #2782 ) ;
#5666 = VECTOR ( 'NONE', #4178, 1000.000000000000000 ) ;
#5667 = VERTEX_POINT ( 'NONE', #3699 ) ;
#5668 = AXIS2_PLACEMENT_3D ( 'NONE', #1333, #4933, #3284 ) ;
#5669 = PLANE ( 'NONE',  #2777 ) ;
#5670 = CARTESIAN_POINT ( 'NONE',  ( -0.9499999999999981800, 1.000000000000000000, -1.450000000000003100 ) ) ;
#5671 = PLANE ( 'NONE',  #4077 ) ;
#5672 = CARTESIAN_POINT ( 'NONE',  ( 1.249999999999997300, 0.1999999999999999800, 0.8700000000000048800 ) ) ;
#5673 = CARTESIAN_POINT ( 'NONE',  ( -0.9700000000000054100, 0.2000000000000000100, 1.369999999999997000 ) ) ;
#5674 = COLOUR_RGB ( '',0.7921568627450980000, 0.8196078431372548800, 0.9333333333333333500 ) ;
#5675 = VECTOR ( 'NONE', #2389, 1000.000000000000000 ) ;
#5676 = VECTOR ( 'NONE', #5553, 1000.000000000000000 ) ;
#5677 = VERTEX_POINT ( 'NONE', #4611 ) ;
#5678 = DIRECTION ( 'NONE',  ( 1.000000000000000000, 0.0000000000000000000, 3.367572519130504400E-015 ) ) ;
#5679 = VERTEX_POINT ( 'NONE', #2835 ) ;
#5680 = ORIENTED_EDGE ( 'NONE', *, *, #3904, .F. ) ;
#5681 = ADVANCED_FACE ( 'NONE', ( #27 ), #5611, .F. ) ;
#5682 = DIRECTION ( 'NONE',  ( 0.0000000000000000000, 1.000000000000000000, 0.0000000000000000000 ) ) ;
#5683 = CARTESIAN_POINT ( 'NONE',  ( 1.250000000000005300, 0.2000000000000000100, -1.369999999999995000 ) ) ;
#5684 = CARTESIAN_POINT ( 'NONE',  ( -1.250000000000001300, 0.0000000000000000000, 0.1299999999999966200 ) ) ;
#5685 = LINE ( 'NONE', #1178, #3249 ) ;
#5686 = CARTESIAN_POINT ( 'NONE',  ( 0.9699999999999973100, 0.2000000000000000100, 0.8700000000000036600 ) ) ;
#5687 = ORIENTED_EDGE ( 'NONE', *, *, #1413, .F. ) ;
#5688 = DIRECTION ( 'NONE',  ( -1.000000000000000000, 0.0000000000000000000, -3.491481338843133400E-015 ) ) ;
#5689 = ORIENTED_EDGE ( 'NONE', *, *, #2760, .F. ) ;
#5690 = DIRECTION ( 'NONE',  ( 0.0000000000000000000, -1.000000000000000000, 0.0000000000000000000 ) ) ;
#5691 = DIRECTION ( 'NONE',  ( 0.0000000000000000000, -1.000000000000000000, 0.0000000000000000000 ) ) ;
#5692 = LINE ( 'NONE', #3439, #4466 ) ;
#5693 = AXIS2_PLACEMENT_3D ( 'NONE', #3364, #2911, #4301 ) ;
#5694 = PLANE ( 'NONE',  #4767 ) ;
#5695 = EDGE_LOOP ( 'NONE', ( #406, #3234, #1590, #3893 ) ) ;
#5696 = DIRECTION ( 'NONE',  ( 0.0000000000000000000, 1.000000000000000000, 0.0000000000000000000 ) ) ;
#5697 = EDGE_CURVE ( 'NONE', #5679, #2937, #1239, .T. ) ;
#5698 = ORIENTED_EDGE ( 'NONE', *, *, #5537, .T. ) ;
#5699 = AXIS2_PLACEMENT_3D ( 'NONE', #2441, #5211, #4736 ) ;
#5700 = LINE ( 'NONE', #1780, #3844 ) ;
#5701 =( GEOMETRIC_REPRESENTATION_CONTEXT ( 3 ) GLOBAL_UNCERTAINTY_ASSIGNED_CONTEXT ( ( #1387 ) ) GLOBAL_UNIT_ASSIGNED_CONTEXT ( ( #3685, #985, #87 ) ) REPRESENTATION_CONTEXT ( 'NONE', 'WORKASPACE' ) );
#5702 = ORIENTED_EDGE ( 'NONE', *, *, #1183, .T. ) ;
#5703 = CARTESIAN_POINT ( 'NONE',  ( -1.249999999999999600, 0.1999999999999999800, -0.3700000000000034400 ) ) ;
#5704 = ORIENTED_EDGE ( 'NONE', *, *, #717, .F. ) ;
#5705 = DIRECTION ( 'NONE',  ( -1.000000000000000000, 0.0000000000000000000, -4.265911462047064500E-015 ) ) ;
#5706 = CARTESIAN_POINT ( 'NONE',  ( -1.250000000000000400, 0.0000000000000000000, -0.1300000000000036100 ) ) ;
#5707 = DIRECTION ( 'NONE',  ( -3.491481338843133400E-015, 0.0000000000000000000, 1.000000000000000000 ) ) ;
#5708 = VERTEX_POINT ( 'NONE', #535 ) ;
#5709 = UNCERTAINTY_MEASURE_WITH_UNIT (LENGTH_MEASURE( 1.000000000000000100E-005 ), #3526, 'distance_accuracy_value', 'NONE');
#5710 = DIRECTION ( 'NONE',  ( -3.491481338843133400E-015, 0.0000000000000000000, 1.000000000000000000 ) ) ;
#5711 = CARTESIAN_POINT ( 'NONE',  ( -0.5000000000000032200, 0.2000000000000000900, 0.9999999999999985600 ) ) ;
#5712 = ORIENTED_EDGE ( 'NONE', *, *, #2768, .F. ) ;
#5713 = CARTESIAN_POINT ( 'NONE',  ( 0.9700000000000031900, 0.0000000000000000000, -0.8699999999999961100 ) ) ;
#5714 = ADVANCED_FACE ( 'NONE', ( #514 ), #3743, .F. ) ;
#5715 = DIRECTION ( 'NONE',  ( 1.000000000000000000, 0.0000000000000000000, 3.491481338843133400E-015 ) ) ;
#5716 = DIRECTION ( 'NONE',  ( -1.000000000000000000, 0.0000000000000000000, -2.717051215639202600E-015 ) ) ;
#5717 = VERTEX_POINT ( 'NONE', #2100 ) ;
#5718 = EDGE_CURVE ( 'NONE', #3533, #887, #4800, .T. ) ;
#5719 = FACE_OUTER_BOUND ( 'NONE', #1280, .T. ) ;
#5720 = DIRECTION ( 'NONE',  ( 1.000000000000000000, 0.0000000000000000000, 3.491481338843133400E-015 ) ) ;
#5721 = DIRECTION ( 'NONE',  ( -0.0000000000000000000, -1.000000000000000000, 0.0000000000000000000 ) ) ;
#5722 = VERTEX_POINT ( 'NONE', #1296 ) ;
#5723 = ORIENTED_EDGE ( 'NONE', *, *, #553, .F. ) ;
#5724 = DIRECTION ( 'NONE',  ( -0.0000000000000000000, -1.000000000000000000, -0.0000000000000000000 ) ) ;
#5725 = VECTOR ( 'NONE', #1151, 1000.000000000000000 ) ;
#5726 = EDGE_CURVE ( 'NONE', #460, #774, #5302, .T. ) ;
#5727 = ORIENTED_EDGE ( 'NONE', *, *, #4718, .T. ) ;
#5728 = DIRECTION ( 'NONE',  ( 0.0000000000000000000, -1.000000000000000000, 0.0000000000000000000 ) ) ;
#5729 = EDGE_LOOP ( 'NONE', ( #4040, #3001, #4640, #2252 ) ) ;
#5730 = AXIS2_PLACEMENT_3D ( 'NONE', #1067, #5605, #1966 ) ;
#5731 = DIRECTION ( 'NONE',  ( -0.0000000000000000000, -1.000000000000000000, 0.0000000000000000000 ) ) ;
#5732 = VECTOR ( 'NONE', #1493, 1000.000000000000000 ) ;
#5733 = CARTESIAN_POINT ( 'NONE',  ( 1.249999999999995800, 0.1999999999999999800, 1.370000000000005000 ) ) ;
#5734 = CARTESIAN_POINT ( 'NONE',  ( 0.9700000000000014200, 0.04999999999999999600, -0.3699999999999961100 ) ) ;
#5735 = LINE ( 'NONE', #614, #1300 ) ;
#5736 = COLOUR_RGB ( '',0.7921568627450980000, 0.8196078431372548800, 0.9333333333333333500 ) ;
#5737 = EDGE_CURVE ( 'NONE', #2003, #4913, #5365, .T. ) ;
#5738 = FACE_OUTER_BOUND ( 'NONE', #545, .T. ) ;
#5739 = PLANE ( 'NONE',  #3836 ) ;
#5740 = CYLINDRICAL_SURFACE ( 'NONE', #1406, 0.1199999999999998800 ) ;
#5741 = CLOSED_SHELL ( 'NONE', ( #5355, #4687, #2609, #401, #2343, #5681 ) ) ;
#5742 = EDGE_CURVE ( 'NONE', #1468, #5308, #2374, .T. ) ;
#5743 = ADVANCED_FACE ( 'NONE', ( #1310 ), #5739, .F. ) ;
#5744 = VECTOR ( 'NONE', #5047, 1000.000000000000000 ) ;
#5745 = VECTOR ( 'NONE', #331, 1000.000000000000000 ) ;
#5746 = PLANE ( 'NONE',  #3159 ) ;
#5747 = LINE ( 'NONE', #2377, #3532 ) ;
#5748 = EDGE_LOOP ( 'NONE', ( #2145, #2392, #4288, #3339 ) ) ;
#5749 = STYLED_ITEM ( 'NONE', ( #2942 ), #3945 ) ;
#5750 = LINE ( 'NONE', #481, #3014 ) ;
#5751 = LINE ( 'NONE', #3326, #4029 ) ;
#5752 = ORIENTED_EDGE ( 'NONE', *, *, #3504, .F. ) ;
#5753 = CARTESIAN_POINT ( 'NONE',  ( 1.249999999999995800, 0.0000000000000000000, 1.370000000000005000 ) ) ;
#5754 = ORIENTED_EDGE ( 'NONE', *, *, #3902, .F. ) ;
#5755 = DIRECTION ( 'NONE',  ( 0.0000000000000000000, -1.000000000000000000, 0.0000000000000000000 ) ) ;
#5756 = PLANE ( 'NONE',  #3085 ) ;
#5757 =( NAMED_UNIT ( * ) PLANE_ANGLE_UNIT ( ) SI_UNIT ( $, .RADIAN. ) );
#5758 = CARTESIAN_POINT ( 'NONE',  ( 0.9699999999999995300, 0.0000000000000000000, 0.2500000000000037700 ) ) ;
#5759 = FACE_OUTER_BOUND ( 'NONE', #1472, .T. ) ;
#5760 = EDGE_LOOP ( 'NONE', ( #5680, #5824, #1538, #3050 ) ) ;
#5761 = ORIENTED_EDGE ( 'NONE', *, *, #1739, .F. ) ;
#5762 = DIRECTION ( 'NONE',  ( 1.000000000000000000, 0.0000000000000000000, 3.491481338843133400E-015 ) ) ;
#5763 = CYLINDRICAL_SURFACE ( 'NONE', #4161, 0.1199999999999998800 ) ;
#5764 = ORIENTED_EDGE ( 'NONE', *, *, #4804, .F. ) ;
#5765 = DIRECTION ( 'NONE',  ( -1.000000000000000000, 0.0000000000000000000, -3.614007241618351500E-015 ) ) ;
#5766 = CARTESIAN_POINT ( 'NONE',  ( -0.9700000000000018600, 0.6664761515876241900, 0.3699999999999971600 ) ) ;
#5767 = DIRECTION ( 'NONE',  ( -1.000000000000000000, 0.0000000000000000000, -4.265911462047064500E-015 ) ) ;
#5768 = EDGE_CURVE ( 'NONE', #3682, #5592, #3384, .T. ) ;
#5769 = ORIENTED_EDGE ( 'NONE', *, *, #4219, .T. ) ;
#5770 = EDGE_CURVE ( 'NONE', #1468, #738, #2302, .T. ) ;
#5771 = LINE ( 'NONE', #123, #2396 ) ;
#5772 =( GEOMETRIC_REPRESENTATION_CONTEXT ( 3 ) GLOBAL_UNCERTAINTY_ASSIGNED_CONTEXT ( ( #2432 ) ) GLOBAL_UNIT_ASSIGNED_CONTEXT ( ( #425, #3711, #4163 ) ) REPRESENTATION_CONTEXT ( 'NONE', 'WORKASPACE' ) );
#5773 = ORIENTED_EDGE ( 'NONE', *, *, #778, .T. ) ;
#5774 = CARTESIAN_POINT ( 'NONE',  ( -1.249999999999994000, 0.05000000000000000300, -1.750000000000004200 ) ) ;
#5775 = VERTEX_POINT ( 'NONE', #2015 ) ;
#5776 = ORIENTED_EDGE ( 'NONE', *, *, #1526, .T. ) ;
#5777 = ADVANCED_FACE ( 'NONE', ( #2651, #1741 ), #5647, .T. ) ;
#5778 = DIRECTION ( 'NONE',  ( -3.491481338843133400E-015, 0.0000000000000000000, 1.000000000000000000 ) ) ;
#5779 = CARTESIAN_POINT ( 'NONE',  ( -1.250000000000005800, 1.000000000000000000, 1.749999999999996000 ) ) ;
#5780 = EDGE_CURVE ( 'NONE', #3712, #4208, #1102, .T. ) ;
#5781 = CARTESIAN_POINT ( 'NONE',  ( 0.1299999999999949000, 0.1999999999999999800, 1.470000000000000000 ) ) ;
#5782 = DIRECTION ( 'NONE',  ( 4.265911462047065300E-015, 0.0000000000000000000, -1.000000000000000000 ) ) ;
#5783 = ORIENTED_EDGE ( 'NONE', *, *, #328, .F. ) ;
#5784 = ORIENTED_EDGE ( 'NONE', *, *, #4112, .F. ) ;
#5785 = AXIS2_PLACEMENT_3D ( 'NONE', #874, #4073, #5444 ) ;
#5786 = EDGE_LOOP ( 'NONE', ( #4482, #1049, #5417, #5206 ) ) ;
#5787 = SURFACE_STYLE_USAGE ( .BOTH. , #5309 ) ;
#5788 = DIRECTION ( 'NONE',  ( 3.708321773340234200E-015, 0.0000000000000000000, -1.000000000000000000 ) ) ;
#5789 = CARTESIAN_POINT ( 'NONE',  ( -1.249999999999999600, 0.2000000000000000100, -0.3700000000000034400 ) ) ;
#5790 = SURFACE_SIDE_STYLE ('',( #861 ) ) ;
#5791 = EDGE_LOOP ( 'NONE', ( #4781, #5507, #4993, #3549 ) ) ;
#5792 = VECTOR ( 'NONE', #978, 1000.000000000000000 ) ;
#5793 = CARTESIAN_POINT ( 'NONE',  ( 0.2500000000000051600, 0.05000000000000002400, -1.469999999999998900 ) ) ;
#5794 = EDGE_LOOP ( 'NONE', ( #1408, #5416, #5839, #2345 ) ) ;
#5795 = VERTEX_POINT ( 'NONE', #5260 ) ;
#5796 = CARTESIAN_POINT ( 'NONE',  ( -0.5000000000000032200, 0.0000000000000000000, 0.9999999999999985600 ) ) ;
#5797 = LINE ( 'NONE', #2823, #491 ) ;
#5798 = ORIENTED_EDGE ( 'NONE', *, *, #2385, .F. ) ;
#5799 = VERTEX_POINT ( 'NONE', #704 ) ;
#5800 = ADVANCED_FACE ( 'NONE', ( #5817 ), #1533, .F. ) ;
#5801 = VECTOR ( 'NONE', #1876, 1000.000000000000000 ) ;
#5802 = VERTEX_POINT ( 'NONE', #209 ) ;
#5803 = AXIS2_PLACEMENT_3D ( 'NONE', #5649, #4826, #4392 ) ;
#5804 = VECTOR ( 'NONE', #2602, 1000.000000000000000 ) ;
#5805 = EDGE_CURVE ( 'NONE', #1695, #4075, #4097, .T. ) ;
#5806 = VECTOR ( 'NONE', #2058, 1000.000000000000000 ) ;
#5807 = ORIENTED_EDGE ( 'NONE', *, *, #1667, .T. ) ;
#5808 = CIRCLE ( 'NONE', #3274, 0.1199999999999998800 ) ;
#5809 = STYLED_ITEM ( 'NONE', ( #3436 ), #1643 ) ;
#5810 = CARTESIAN_POINT ( 'NONE',  ( 0.9699999999999977500, 0.0000000000000000000, 0.7500000000000037700 ) ) ;
#5811 = CARTESIAN_POINT ( 'NONE',  ( -0.8500000000000033100, 0.04999999999999999600, 0.7499999999999977800 ) ) ;
#5812 = DIRECTION ( 'NONE',  ( 0.0000000000000000000, 1.000000000000000000, 0.0000000000000000000 ) ) ;
#5813 = LINE ( 'NONE', #4408, #3232 ) ;
#5814 = VECTOR ( 'NONE', #2283, 1000.000000000000000 ) ;
#5815 = ORIENTED_EDGE ( 'NONE', *, *, #1853, .F. ) ;
#5816 =( GEOMETRIC_REPRESENTATION_CONTEXT ( 3 ) GLOBAL_UNCERTAINTY_ASSIGNED_CONTEXT ( ( #566 ) ) GLOBAL_UNIT_ASSIGNED_CONTEXT ( ( #2978, #2094, #728 ) ) REPRESENTATION_CONTEXT ( 'NONE', 'WORKASPACE' ) );
#5817 = FACE_OUTER_BOUND ( 'NONE', #1360, .T. ) ;
#5818 = CARTESIAN_POINT ( 'NONE',  ( 0.9700000000000049700, 0.6664761515876241900, -1.369999999999996100 ) ) ;
#5819 = VECTOR ( 'NONE', #3747, 1000.000000000000000 ) ;
#5820 = EDGE_LOOP ( 'NONE', ( #275, #3648, #1319, #119 ) ) ;
#5821 = SURFACE_SIDE_STYLE ('',( #1329 ) ) ;
#5822 = VECTOR ( 'NONE', #3872, 1000.000000000000000 ) ;
#5823 = FACE_OUTER_BOUND ( 'NONE', #486, .T. ) ;
#5824 = ORIENTED_EDGE ( 'NONE', *, *, #90, .T. ) ;
#5825 = EDGE_LOOP ( 'NONE', ( #416, #5402, #492, #4893 ) ) ;
#5826 =( LENGTH_UNIT ( ) NAMED_UNIT ( * ) SI_UNIT ( .MILLI., .METRE. ) );
#5827 = CARTESIAN_POINT ( 'NONE',  ( -3.722360165425707200E-015, 0.05000000000000000300, 1.369999999999999900 ) ) ;
#5828 = DIRECTION ( 'NONE',  ( 0.0000000000000000000, 1.000000000000000000, 0.0000000000000000000 ) ) ;
#5829 = FACE_OUTER_BOUND ( 'NONE', #3100, .T. ) ;
#5830 = ADVANCED_FACE ( 'NONE', ( #5235 ), #1173, .F. ) ;
#5831 = CARTESIAN_POINT ( 'NONE',  ( -0.9700000000000054100, 0.2000000000000000100, 1.369999999999997000 ) ) ;
#5832 = CARTESIAN_POINT ( 'NONE',  ( -0.9699999999999997500, 0.1999999999999999800, -0.2500000000000027200 ) ) ;
#5833 = ORIENTED_EDGE ( 'NONE', *, *, #3989, .F. ) ;
#5834 = ORIENTED_EDGE ( 'NONE', *, *, #5230, .F. ) ;
#5835 = DIRECTION ( 'NONE',  ( -1.000000000000000000, 0.0000000000000000000, -3.614007241618351500E-015 ) ) ;
#5836 = FACE_OUTER_BOUND ( 'NONE', #1135, .T. ) ;
#5837 = ORIENTED_EDGE ( 'NONE', *, *, #5843, .T. ) ;
#5838 = EDGE_CURVE ( 'NONE', #269, #5677, #2866, .T. ) ;
#5839 = ORIENTED_EDGE ( 'NONE', *, *, #4920, .T. ) ;
#5840 = CYLINDRICAL_SURFACE ( 'NONE', #456, 0.1500000000000001900 ) ;
#5841 = EDGE_CURVE ( 'NONE', #4743, #3457, #951, .T. ) ;
#5842 = ORIENTED_EDGE ( 'NONE', *, *, #2960, .F. ) ;
#5843 = EDGE_CURVE ( 'NONE', #4704, #1585, #4311, .T. ) ;
#5844 = AXIS2_PLACEMENT_3D ( 'NONE', #3169, #5458, #1834 ) ;
#5845 = CARTESIAN_POINT ( 'NONE',  ( -0.9699999999999993100, 0.6664761515876241900, -0.3700000000000026000 ) ) ;
#5846 = VERTEX_POINT ( 'NONE', #1136 ) ;
#5847 = FILL_AREA_STYLE_COLOUR ( '', #37 ) ;
#5848 = PLANE ( 'NONE',  #4390 ) ;
#5849 = AXIS2_PLACEMENT_3D ( 'NONE', #3879, #4865, #1188 ) ;
#5850 = CARTESIAN_POINT ( 'NONE',  ( -0.1300000000000063300, 0.0000000000000000000, 1.749999999999999300 ) ) ;
#5851 = PLANE ( 'NONE',  #4307 ) ;
#5852 = DIRECTION ( 'NONE',  ( 0.0000000000000000000, 1.000000000000000000, 0.0000000000000000000 ) ) ;
#5853 = EDGE_CURVE ( 'NONE', #768, #4285, #3600, .T. ) ;
#5854 = EDGE_CURVE ( 'NONE', #3624, #3992, #1605, .T. ) ;
#5855 = ORIENTED_EDGE ( 'NONE', *, *, #1253, .F. ) ;
#5856 = ADVANCED_FACE ( 'NONE', ( #803 ), #3833, .T. ) ;
#5857 = ORIENTED_EDGE ( 'NONE', *, *, #2958, .F. ) ;
#5858 = MECHANICAL_DESIGN_GEOMETRIC_PRESENTATION_REPRESENTATION (  '', ( #1539 ), #5424 ) ;
#5859 = DIRECTION ( 'NONE',  ( 1.000000000000000000, 0.0000000000000000000, 3.614007241618351500E-015 ) ) ;
#5860 = LINE ( 'NONE', #5399, #5645 ) ;
#5861 = DIRECTION ( 'NONE',  ( 1.000000000000000000, 0.0000000000000000000, 3.491481338843133400E-015 ) ) ;
#5862 = EDGE_LOOP ( 'NONE', ( #224, #5032, #3963, #1252 ) ) ;
#5863 = DIRECTION ( 'NONE',  ( 1.000000000000000000, 0.0000000000000000000, 4.265911462047064500E-015 ) ) ;
#5864 = EDGE_LOOP ( 'NONE', ( #1489, #4246, #4422, #4527 ) ) ;
#5865 = PLANE ( 'NONE',  #1900 ) ;
#5866 =( NAMED_UNIT ( * ) PLANE_ANGLE_UNIT ( ) SI_UNIT ( $, .RADIAN. ) );
#5867 = VECTOR ( 'NONE', #1169, 1000.000000000000000 ) ;
#5868 = ORIENTED_EDGE ( 'NONE', *, *, #3396, .F. ) ;
#5869 = VECTOR ( 'NONE', #4843, 1000.000000000000000 ) ;
#5870 = FACE_OUTER_BOUND ( 'NONE', #3144, .T. ) ;
#5871 = VERTEX_POINT ( 'NONE', #669 ) ;
#5872 = CARTESIAN_POINT ( 'NONE',  ( -0.3699999999999948300, 0.05000000000000002400, -1.470000000000000900 ) ) ;
#5873 = EDGE_CURVE ( 'NONE', #4333, #2893, #4448, .T. ) ;
#5874 = PRESENTATION_LAYER_ASSIGNMENT (  '', '', ( #3629 ) ) ;
#5875 = CARTESIAN_POINT ( 'NONE',  ( 3.532166580330969200E-016, 0.05000000000000000300, -0.1300000000000002300 ) ) ;
#5876 = LINE ( 'NONE', #547, #4443 ) ;
#5877 = CARTESIAN_POINT ( 'NONE',  ( 1.249999999999994400, 1.000000000000000000, 1.750000000000004700 ) ) ;
#5878 = VECTOR ( 'NONE', #3566, 1000.000000000000000 ) ;
#5879 = VERTEX_POINT ( 'NONE', #5240 ) ;
#5880 = AXIS2_PLACEMENT_3D ( 'NONE', #1718, #3023, #711 ) ;
#5881 = CARTESIAN_POINT ( 'NONE',  ( -0.5000000000000032200, 0.2000000000000000900, 0.9999999999999985600 ) ) ;
#5882 = EDGE_CURVE ( 'NONE', #3841, #403, #2028, .T. ) ;
#5883 = CYLINDRICAL_SURFACE ( 'NONE', #4928, 0.1199999999999998600 ) ;
#5884 = FACE_OUTER_BOUND ( 'NONE', #4622, .T. ) ;
#5885 = VERTEX_POINT ( 'NONE', #4274 ) ;
#5886 = EDGE_CURVE ( 'NONE', #5543, #5879, #165, .T. ) ;
#5887 = ADVANCED_FACE ( 'NONE', ( #450 ), #3870, .T. ) ;
#5888 = DIRECTION ( 'NONE',  ( 1.000000000000000000, 0.0000000000000000000, 3.491481338843133400E-015 ) ) ;
#5889 = DIRECTION ( 'NONE',  ( 0.0000000000000000000, -1.000000000000000000, 0.0000000000000000000 ) ) ;
#5890 = MANIFOLD_SOLID_BREP ( 'Body-Move/Copy1[10]', #4018 ) ;
#5891 = CARTESIAN_POINT ( 'NONE',  ( -1.249999999999996200, 0.2000000000000000100, -1.370000000000003400 ) ) ;
#5892 = LINE ( 'NONE', #2356, #4875 ) ;
#5893 = VECTOR ( 'NONE', #5628, 1000.000000000000000 ) ;
#5894 = ORIENTED_EDGE ( 'NONE', *, *, #5207, .F. ) ;
#5895 = ORIENTED_EDGE ( 'NONE', *, *, #922, .T. ) ;
#5896 = DIRECTION ( 'NONE',  ( 1.000000000000000000, 0.0000000000000000000, 3.614007241618351500E-015 ) ) ;
#5897 = VECTOR ( 'NONE', #2357, 1000.000000000000000 ) ;
#5898 = AXIS2_PLACEMENT_3D ( 'NONE', #5578, #2829, #1528 ) ;
#5899 = ORIENTED_EDGE ( 'NONE', *, *, #1343, .T. ) ;
#5900 = ORIENTED_EDGE ( 'NONE', *, *, #4226, .F. ) ;
#5901 = VECTOR ( 'NONE', #703, 1000.000000000000000 ) ;
#5902 = CARTESIAN_POINT ( 'NONE',  ( -0.9700000000000018600, 0.2000000000000000100, 0.3699999999999971600 ) ) ;
#5903 = ORIENTED_EDGE ( 'NONE', *, *, #3924, .F. ) ;
#5904 = EDGE_LOOP ( 'NONE', ( #1907, #761, #1435, #1612 ) ) ;
#5905 = DIRECTION ( 'NONE',  ( 1.000000000000000000, -0.0000000000000000000, 2.717051215639202600E-015 ) ) ;
#5906 = CARTESIAN_POINT ( 'NONE',  ( -0.9700000000000049700, 0.6664761515876241900, 1.249999999999997100 ) ) ;
#5907 =( NAMED_UNIT ( * ) PLANE_ANGLE_UNIT ( ) SI_UNIT ( $, .RADIAN. ) );
#5908 = CARTESIAN_POINT ( 'NONE',  ( -0.9700000000000054100, 0.6664761515876241900, 1.369999999999997000 ) ) ;
#5909 = LINE ( 'NONE', #4829, #971 ) ;
#5910 = CARTESIAN_POINT ( 'NONE',  ( 0.9699999999999977500, 0.0000000000000000000, 0.7500000000000037700 ) ) ;
#5911 = ORIENTED_EDGE ( 'NONE', *, *, #4379, .F. ) ;
#5912 = ORIENTED_EDGE ( 'NONE', *, *, #4916, .F. ) ;
#5913 = DIRECTION ( 'NONE',  ( -0.0000000000000000000, -1.000000000000000000, -0.0000000000000000000 ) ) ;
#5914 = DIRECTION ( 'NONE',  ( 0.0000000000000000000, -1.000000000000000000, 0.0000000000000000000 ) ) ;
#5915 = EDGE_CURVE ( 'NONE', #4284, #4899, #2449, .T. ) ;
#5916 = EDGE_LOOP ( 'NONE', ( #841, #4652, #423, #100, #1542 ) ) ;
#5917 = EDGE_CURVE ( 'NONE', #1141, #2977, #1519, .T. ) ;
#5918 = AXIS2_PLACEMENT_3D ( 'NONE', #533, #4667, #3737 ) ;
#5919 = ORIENTED_EDGE ( 'NONE', *, *, #1029, .T. ) ;
#5920 = DIRECTION ( 'NONE',  ( 0.0000000000000000000, -1.000000000000000000, 0.0000000000000000000 ) ) ;
#5921 = AXIS2_PLACEMENT_3D ( 'NONE', #696, #1620, #2054 ) ;
#5922 = DIRECTION ( 'NONE',  ( -0.0000000000000000000, -1.000000000000000000, 0.0000000000000000000 ) ) ;
#5923 = DIRECTION ( 'NONE',  ( -0.0000000000000000000, -1.000000000000000000, 0.0000000000000000000 ) ) ;
#5924 = CARTESIAN_POINT ( 'NONE',  ( 1.250000000000000900, 0.0000000000000000000, -0.1299999999999951200 ) ) ;
#5925 = ORIENTED_EDGE ( 'NONE', *, *, #364, .T. ) ;
#5926 = EDGE_CURVE ( 'NONE', #3502, #75, #2720, .T. ) ;
#5927 = DIRECTION ( 'NONE',  ( -4.265911462047064500E-015, 0.0000000000000000000, 1.000000000000000000 ) ) ;
#5928 = DIRECTION ( 'NONE',  ( 0.0000000000000000000, -1.000000000000000000, 0.0000000000000000000 ) ) ;
ENDSEC;
END-ISO-10303-21;
