ISO-10303-21;
HEADER;
FILE_DESCRIPTION (( 'STEP AP214' ),
    '1' );
FILE_NAME ('User Library-ANT016008LCS2442MA2.STEP',
    '2024-05-03T08:50:21',
    ( '' ),
    ( '' ),
    'SwSTEP 2.0',
    'SolidWorks 2022',
    '' );
FILE_SCHEMA (( 'AUTOMOTIVE_DESIGN' ));
ENDSEC;

DATA;
#1 = PRESENTATION_STYLE_ASSIGNMENT (( #448 ) ) ;
#2 = FILL_AREA_STYLE ('',( #1313 ) ) ;
#3 =( NAMED_UNIT ( * ) SI_UNIT ( $, .STERADIAN. ) SOLID_ANGLE_UNIT ( ) );
#4 = EDGE_LOOP ( 'NONE', ( #723, #116, #1687, #919 ) ) ;
#5 =( NAMED_UNIT ( * ) SI_UNIT ( $, .STERADIAN. ) SOLID_ANGLE_UNIT ( ) );
#6 =( NAMED_UNIT ( * ) PLANE_ANGLE_UNIT ( ) SI_UNIT ( $, .RADIAN. ) );
#7 = PLANE ( 'NONE',  #153 ) ;
#8 = EDGE_CURVE ( 'NONE', #263, #826, #1778, .T. ) ;
#9 = VERTEX_POINT ( 'NONE', #1943 ) ;
#10 = SURFACE_STYLE_FILL_AREA ( #486 ) ;
#11 = CLOSED_SHELL ( 'NONE', ( #1928, #1386, #1856, #306, #778, #752 ) ) ;
#12 = VECTOR ( 'NONE', #2171, 100.0000000000000000 ) ;
#13 = SURFACE_SIDE_STYLE ('',( #1887 ) ) ;
#14 = COLOUR_RGB ( '',0.8823529411764705621, 0.8823529411764705621, 0.8823529411764705621 ) ;
#15 = UNCERTAINTY_MEASURE_WITH_UNIT (LENGTH_MEASURE( 1.000000000000000082E-05 ), #713, 'distance_accuracy_value', 'NONE');
#16 = ORIENTED_EDGE ( 'NONE', *, *, #2055, .T. ) ;
#17 = STYLED_ITEM ( 'NONE', ( #1699 ), #767 ) ;
#18 =( GEOMETRIC_REPRESENTATION_CONTEXT ( 3 ) GLOBAL_UNCERTAINTY_ASSIGNED_CONTEXT ( ( #60 ) ) GLOBAL_UNIT_ASSIGNED_CONTEXT ( ( #1170, #1352, #1011 ) ) REPRESENTATION_CONTEXT ( 'NONE', 'WORKASPACE' ) );
#19 = FILL_AREA_STYLE_COLOUR ( '', #462 ) ;
#20 = MECHANICAL_DESIGN_GEOMETRIC_PRESENTATION_REPRESENTATION (  '', ( #1564 ), #506 ) ;
#21 = ORIENTED_EDGE ( 'NONE', *, *, #1823, .F. ) ;
#22 = COLOUR_RGB ( '',0.9843137254901960231, 0.8431372549019607865, 0.3490196078431372362 ) ;
#23 = SURFACE_STYLE_USAGE ( .BOTH. , #701 ) ;
#24 = ORIENTED_EDGE ( 'NONE', *, *, #1753, .T. ) ;
#25 =( NAMED_UNIT ( * ) PLANE_ANGLE_UNIT ( ) SI_UNIT ( $, .RADIAN. ) );
#26 = DIRECTION ( 'NONE',  ( 0.0000000000000000000, 0.0000000000000000000, 1.000000000000000000 ) ) ;
#27 = DIRECTION ( 'NONE',  ( 0.0000000000000000000, 0.0000000000000000000, 1.000000000000000000 ) ) ;
#28 = LINE ( 'NONE', #507, #1390 ) ;
#29 = CARTESIAN_POINT ( 'NONE',  ( -0.04000000000000000083, 0.02500000000000000139, 0.03799999999999999906 ) ) ;
#30 = SURFACE_STYLE_USAGE ( .BOTH. , #1548 ) ;
#31 = ORIENTED_EDGE ( 'NONE', *, *, #376, .T. ) ;
#32 = CARTESIAN_POINT ( 'NONE',  ( -0.01499999999999999944, -0.03150000000000000022, -0.002000000000000000042 ) ) ;
#33 = FILL_AREA_STYLE ('',( #885 ) ) ;
#34 = ADVANCED_FACE ( 'NONE', ( #413 ), #1595, .T. ) ;
#35 = UNCERTAINTY_MEASURE_WITH_UNIT (LENGTH_MEASURE( 1.000000000000000082E-05 ), #181, 'distance_accuracy_value', 'NONE');
#36 =( NAMED_UNIT ( * ) SI_UNIT ( $, .STERADIAN. ) SOLID_ANGLE_UNIT ( ) );
#37 = CARTESIAN_POINT ( 'NONE',  ( 0.0000000000000000000, 0.0000000000000000000, 0.0000000000000000000 ) ) ;
#38 = DIRECTION ( 'NONE',  ( 0.0000000000000000000, -1.000000000000000000, 0.0000000000000000000 ) ) ;
#39 = PRODUCT_DEFINITION_CONTEXT ( 'detailed design', #1089, 'design' ) ;
#40 = LINE ( 'NONE', #1693, #2176 ) ;
#41 = CARTESIAN_POINT ( 'NONE',  ( -0.05049999999999989220, -0.03150000000000000022, 0.0000000000000000000 ) ) ;
#42 = SURFACE_STYLE_FILL_AREA ( #1700 ) ;
#43 = ORIENTED_EDGE ( 'NONE', *, *, #1118, .T. ) ;
#44 =( GEOMETRIC_REPRESENTATION_CONTEXT ( 3 ) GLOBAL_UNCERTAINTY_ASSIGNED_CONTEXT ( ( #443 ) ) GLOBAL_UNIT_ASSIGNED_CONTEXT ( ( #1821, #634, #794 ) ) REPRESENTATION_CONTEXT ( 'NONE', 'WORKASPACE' ) );
#45 = STYLED_ITEM ( 'NONE', ( #1830 ), #171 ) ;
#46 = PRODUCT_RELATED_PRODUCT_CATEGORY ( 'part', '', ( #143 ) ) ;
#47 = SHAPE_DEFINITION_REPRESENTATION ( #1332, #1472 ) ;
#48 = SURFACE_STYLE_FILL_AREA ( #1268 ) ;
#49 = DIRECTION ( 'NONE',  ( -1.000000000000000000, -0.0000000000000000000, -0.0000000000000000000 ) ) ;
#50 = SURFACE_STYLE_FILL_AREA ( #1357 ) ;
#51 = LINE ( 'NONE', #1208, #1036 ) ;
#52 = VECTOR ( 'NONE', #1447, 100.0000000000000000 ) ;
#53 = MECHANICAL_DESIGN_GEOMETRIC_PRESENTATION_REPRESENTATION (  '', ( #338 ), #538 ) ;
#54 = DIRECTION ( 'NONE',  ( 0.0000000000000000000, 0.0000000000000000000, 1.000000000000000000 ) ) ;
#55 = STYLED_ITEM ( 'NONE', ( #1458 ), #1101 ) ;
#56 = FILL_AREA_STYLE ('',( #2075 ) ) ;
#57 = MECHANICAL_DESIGN_GEOMETRIC_PRESENTATION_REPRESENTATION (  '', ( #1003 ), #127 ) ;
#58 = SURFACE_SIDE_STYLE ('',( #1051 ) ) ;
#59 = VECTOR ( 'NONE', #1519, 100.0000000000000000 ) ;
#60 = UNCERTAINTY_MEASURE_WITH_UNIT (LENGTH_MEASURE( 1.000000000000000082E-05 ), #1170, 'distance_accuracy_value', 'NONE');
#61 = FILL_AREA_STYLE_COLOUR ( '', #702 ) ;
#62 = ITEM_DEFINED_TRANSFORMATION ( 'NONE', 'NONE', #1710,  #2155 ) ;
#63 = FACE_OUTER_BOUND ( 'NONE', #347, .T. ) ;
#64 = PLANE ( 'NONE',  #1151 ) ;
#65 =( LENGTH_UNIT ( ) NAMED_UNIT ( * ) SI_UNIT ( .CENTI., .METRE. ) );
#66 =( REPRESENTATION_RELATIONSHIP ('NONE','NONE', #945, #1472 ) REPRESENTATION_RELATIONSHIP_WITH_TRANSFORMATION ( #1554 )SHAPE_REPRESENTATION_RELATIONSHIP( ) );
#67 = EDGE_CURVE ( 'NONE', #2140, #1607, #394, .T. ) ;
#68 = CARTESIAN_POINT ( 'NONE',  ( 0.004999999999999999237, 0.03150000000000000022, 0.0000000000000000000 ) ) ;
#69 = ADVANCED_BREP_SHAPE_REPRESENTATION ( '', ( #1146, #389, #1116, #1817, #372, #1814, #2155 ), #1261 ) ;
#70 = ORIENTED_EDGE ( 'NONE', *, *, #1972, .T. ) ;
#71 = SURFACE_STYLE_USAGE ( .BOTH. , #1956 ) ;
#72 = PRESENTATION_STYLE_ASSIGNMENT (( #1578 ) ) ;
#73 = APPLICATION_PROTOCOL_DEFINITION ( 'draft international standard', 'automotive_design', 1998, #1089 ) ;
#74 = CARTESIAN_POINT ( 'NONE',  ( 0.02500000000000000139, 0.006500000000000000569, 0.0000000000000000000 ) ) ;
#75 = SURFACE_STYLE_FILL_AREA ( #177 ) ;
#76 = FILL_AREA_STYLE ('',( #1574 ) ) ;
#77 = EDGE_CURVE ( 'NONE', #1784, #771, #1762, .T. ) ;
#78 = VERTEX_POINT ( 'NONE', #260 ) ;
#79 = DIRECTION ( 'NONE',  ( 0.0000000000000000000, -0.0000000000000000000, 1.000000000000000000 ) ) ;
#80 = FILL_AREA_STYLE_COLOUR ( '', #821 ) ;
#81 = UNCERTAINTY_MEASURE_WITH_UNIT (LENGTH_MEASURE( 1.000000000000000082E-05 ), #1774, 'distance_accuracy_value', 'NONE');
#82 =( NAMED_UNIT ( * ) PLANE_ANGLE_UNIT ( ) SI_UNIT ( $, .RADIAN. ) );
#83 = CARTESIAN_POINT ( 'NONE',  ( -0.01499999999999999944, 0.03150000000000000022, 0.0000000000000000000 ) ) ;
#84 = STYLED_ITEM ( 'NONE', ( #1288 ), #372 ) ;
#85 = FILL_AREA_STYLE_COLOUR ( '', #22 ) ;
#86 = CARTESIAN_POINT ( 'NONE',  ( -0.06124999999999999889, 0.03150000000000000022, -0.002000000000000000042 ) ) ;
#87 = VERTEX_POINT ( 'NONE', #721 ) ;
#88 = CARTESIAN_POINT ( 'NONE',  ( -0.01500000000000000118, 0.02500000000000000139, 0.03799999999999999906 ) ) ;
#89 = MECHANICAL_DESIGN_GEOMETRIC_PRESENTATION_REPRESENTATION (  '', ( #500 ), #2070 ) ;
#90 = EDGE_CURVE ( 'NONE', #1645, #599, #1413, .T. ) ;
#91 = ORIENTED_EDGE ( 'NONE', *, *, #809, .F. ) ;
#92 = FACE_OUTER_BOUND ( 'NONE', #444, .T. ) ;
#93 = COLOUR_RGB ( '',0.9843137254901960231, 0.8431372549019607865, 0.3490196078431372362 ) ;
#94 = EDGE_CURVE ( 'NONE', #1378, #637, #2138, .T. ) ;
#95 = VECTOR ( 'NONE', #879, 100.0000000000000000 ) ;
#96 = ORIENTED_EDGE ( 'NONE', *, *, #2043, .T. ) ;
#97 = SURFACE_SIDE_STYLE ('',( #125 ) ) ;
#98 = DIRECTION ( 'NONE',  ( -1.000000000000000000, 2.202823461557850095E-16, 0.0000000000000000000 ) ) ;
#99 = DIRECTION ( 'NONE',  ( -0.0000000000000000000, 1.000000000000000000, 0.0000000000000000000 ) ) ;
#100 = FILL_AREA_STYLE ('',( #928 ) ) ;
#101 = ORIENTED_EDGE ( 'NONE', *, *, #1269, .T. ) ;
#102 = EDGE_CURVE ( 'NONE', #1337, #490, #114, .T. ) ;
#103 = VERTEX_POINT ( 'NONE', #1290 ) ;
#104 =( NAMED_UNIT ( * ) SI_UNIT ( $, .STERADIAN. ) SOLID_ANGLE_UNIT ( ) );
#105 = CARTESIAN_POINT ( 'NONE',  ( 0.005000000000000000971, 0.03150000000000000022, 0.0000000000000000000 ) ) ;
#106 = PLANE ( 'NONE',  #1777 ) ;
#107 = ORIENTED_EDGE ( 'NONE', *, *, #1972, .F. ) ;
#108 = DIRECTION ( 'NONE',  ( 0.0000000000000000000, -0.0000000000000000000, -1.000000000000000000 ) ) ;
#109 = PLANE ( 'NONE',  #737 ) ;
#110 = ORIENTED_EDGE ( 'NONE', *, *, #1656, .F. ) ;
#111 =( LENGTH_UNIT ( ) NAMED_UNIT ( * ) SI_UNIT ( .CENTI., .METRE. ) );
#112 = CARTESIAN_POINT ( 'NONE',  ( -0.04000000000000000083, -2.341876692568689577E-17, 0.03799999999999999906 ) ) ;
#113 = DIRECTION ( 'NONE',  ( -1.721838860728290001E-30, 6.898853532133379905E-32, 1.000000000000000000 ) ) ;
#114 = LINE ( 'NONE', #145, #1665 ) ;
#115 = SURFACE_SIDE_STYLE ('',( #2001 ) ) ;
#116 = ORIENTED_EDGE ( 'NONE', *, *, #683, .F. ) ;
#117 = CARTESIAN_POINT ( 'NONE',  ( 0.02500000000000000139, 0.03150000000000000022, -0.002000000000000000042 ) ) ;
#118 = DIRECTION ( 'NONE',  ( -0.0000000000000000000, -0.0000000000000000000, -1.000000000000000000 ) ) ;
#119 = AXIS2_PLACEMENT_3D ( 'NONE', #147, #964, #164 ) ;
#120 = AXIS2_PLACEMENT_3D ( 'NONE', #2089, #1873, #378 ) ;
#121 = VECTOR ( 'NONE', #410, 100.0000000000000000 ) ;
#122 = STYLED_ITEM ( 'NONE', ( #1716 ), #1266 ) ;
#123 = UNCERTAINTY_MEASURE_WITH_UNIT (LENGTH_MEASURE( 1.000000000000000082E-05 ), #872, 'distance_accuracy_value', 'NONE');
#124 = ORIENTED_EDGE ( 'NONE', *, *, #1304, .T. ) ;
#125 = SURFACE_STYLE_FILL_AREA ( #768 ) ;
#126 = PRESENTATION_LAYER_ASSIGNMENT (  '', '', ( #1568 ) ) ;
#127 =( GEOMETRIC_REPRESENTATION_CONTEXT ( 3 ) GLOBAL_UNCERTAINTY_ASSIGNED_CONTEXT ( ( #754 ) ) GLOBAL_UNIT_ASSIGNED_CONTEXT ( ( #1984, #965, #1643 ) ) REPRESENTATION_CONTEXT ( 'NONE', 'WORKASPACE' ) );
#128 =( NAMED_UNIT ( * ) SI_UNIT ( $, .STERADIAN. ) SOLID_ANGLE_UNIT ( ) );
#129 = PRODUCT_DEFINITION_FORMATION_WITH_SPECIFIED_SOURCE ( 'ANY', '', #143, .NOT_KNOWN. ) ;
#130 = EDGE_CURVE ( 'NONE', #1378, #2160, #2157, .T. ) ;
#131 = ORIENTED_EDGE ( 'NONE', *, *, #917, .F. ) ;
#132 = CARTESIAN_POINT ( 'NONE',  ( -0.004999999999999999237, -0.006500000000000000569, 0.0000000000000000000 ) ) ;
#133 = PRESENTATION_STYLE_ASSIGNMENT (( #1510 ) ) ;
#134 = ORIENTED_EDGE ( 'NONE', *, *, #1348, .T. ) ;
#135 = CARTESIAN_POINT ( 'NONE',  ( 0.06124999999999990175, -0.03150000000000000022, 0.0000000000000000000 ) ) ;
#136 = DIRECTION ( 'NONE',  ( -0.0000000000000000000, 0.0000000000000000000, -1.000000000000000000 ) ) ;
#137 = CARTESIAN_POINT ( 'NONE',  ( -0.02500000000000000139, 0.006500000000000000569, -0.002000000000000000042 ) ) ;
#138 = CARTESIAN_POINT ( 'NONE',  ( 0.05049999999999996159, 0.03150000000000000022, -0.002000000000000000042 ) ) ;
#139 = ADVANCED_FACE ( 'NONE', ( #603 ), #295, .T. ) ;
#140 = SURFACE_STYLE_FILL_AREA ( #685 ) ;
#141 = ORIENTED_EDGE ( 'NONE', *, *, #1753, .F. ) ;
#142 = SURFACE_STYLE_USAGE ( .BOTH. , #316 ) ;
#143 = PRODUCT ( 'Imported_3', 'Imported_3', '', ( #1904 ) ) ;
#144 =( NAMED_UNIT ( * ) PLANE_ANGLE_UNIT ( ) SI_UNIT ( $, .RADIAN. ) );
#145 = CARTESIAN_POINT ( 'NONE',  ( 0.004999999999999999237, 0.006500000000000000569, 0.0000000000000000000 ) ) ;
#146 = MECHANICAL_DESIGN_GEOMETRIC_PRESENTATION_REPRESENTATION (  '', ( #2103 ), #384 ) ;
#147 = CARTESIAN_POINT ( 'NONE',  ( -0.01499999999999999944, -0.006499999999999999702, 0.0000000000000000000 ) ) ;
#148 = VECTOR ( 'NONE', #1404, 100.0000000000000000 ) ;
#149 = ORIENTED_EDGE ( 'NONE', *, *, #1995, .T. ) ;
#150 = CARTESIAN_POINT ( 'NONE',  ( -6.938893903907229610E-17, 0.04000000000000000083, 0.0000000000000000000 ) ) ;
#151 = SURFACE_SIDE_STYLE ('',( #498 ) ) ;
#152 = DIRECTION ( 'NONE',  ( 1.000000000000000000, -1.734723475976810053E-16, 0.0000000000000000000 ) ) ;
#153 = AXIS2_PLACEMENT_3D ( 'NONE', #1685, #1221, #1538 ) ;
#154 = ADVANCED_FACE ( 'NONE', ( #1641 ), #1143, .F. ) ;
#155 = STYLED_ITEM ( 'NONE', ( #906 ), #1543 ) ;
#156 = ORIENTED_EDGE ( 'NONE', *, *, #1476, .F. ) ;
#157 = VECTOR ( 'NONE', #187, 100.0000000000000000 ) ;
#158 = AXIS2_PLACEMENT_3D ( 'NONE', #2132, #1433, #234 ) ;
#159 = PLANE ( 'NONE',  #1736 ) ;
#160 = MECHANICAL_DESIGN_GEOMETRIC_PRESENTATION_REPRESENTATION (  '', ( #55 ), #860 ) ;
#161 =( NAMED_UNIT ( * ) SI_UNIT ( $, .STERADIAN. ) SOLID_ANGLE_UNIT ( ) );
#162 = PRESENTATION_LAYER_ASSIGNMENT (  '', '', ( #575 ) ) ;
#163 = MECHANICAL_DESIGN_GEOMETRIC_PRESENTATION_REPRESENTATION (  '', ( #1502 ), #900 ) ;
#164 = DIRECTION ( 'NONE',  ( -1.000000000000000000, 1.734723475976810053E-16, 0.0000000000000000000 ) ) ;
#165 = FILL_AREA_STYLE_COLOUR ( '', #367 ) ;
#166 = MECHANICAL_DESIGN_GEOMETRIC_PRESENTATION_REPRESENTATION (  '', ( #2042 ), #1644 ) ;
#167 = LINE ( 'NONE', #833, #1966 ) ;
#168 = FACE_OUTER_BOUND ( 'NONE', #1091, .T. ) ;
#169 = FILL_AREA_STYLE_COLOUR ( '', #1737 ) ;
#170 = ORIENTED_EDGE ( 'NONE', *, *, #1278, .T. ) ;
#171 = ADVANCED_FACE ( 'NONE', ( #847 ), #1345, .T. ) ;
#172 =( NAMED_UNIT ( * ) PLANE_ANGLE_UNIT ( ) SI_UNIT ( $, .RADIAN. ) );
#173 =( LENGTH_UNIT ( ) NAMED_UNIT ( * ) SI_UNIT ( .CENTI., .METRE. ) );
#174 = DIRECTION ( 'NONE',  ( 1.000000000000000000, 0.0000000000000000000, 0.0000000000000000000 ) ) ;
#175 =( LENGTH_UNIT ( ) NAMED_UNIT ( * ) SI_UNIT ( .CENTI., .METRE. ) );
#176 = ORIENTED_EDGE ( 'NONE', *, *, #2067, .T. ) ;
#177 = FILL_AREA_STYLE ('',( #1849 ) ) ;
#178 = PLANE ( 'NONE',  #1846 ) ;
#179 = ORIENTED_EDGE ( 'NONE', *, *, #264, .F. ) ;
#180 =( NAMED_UNIT ( * ) SI_UNIT ( $, .STERADIAN. ) SOLID_ANGLE_UNIT ( ) );
#181 =( LENGTH_UNIT ( ) NAMED_UNIT ( * ) SI_UNIT ( .CENTI., .METRE. ) );
#182 = PRODUCT ( 'User Library-ANT016008LCS2442MA2', 'User Library-ANT016008LCS2442MA2', '', ( #2081 ) ) ;
#183 = ORIENTED_EDGE ( 'NONE', *, *, #67, .T. ) ;
#184 = CARTESIAN_POINT ( 'NONE',  ( -0.08000000000000009881, -2.255140518769850147E-17, 0.03799999999999999906 ) ) ;
#185 = AXIS2_PLACEMENT_3D ( 'NONE', #714, #99, #2085 ) ;
#186 = MECHANICAL_DESIGN_GEOMETRIC_PRESENTATION_REPRESENTATION (  '', ( #217 ), #1173 ) ;
#187 = DIRECTION ( 'NONE',  ( 1.000000000000000000, 1.387778780781450113E-16, 0.0000000000000000000 ) ) ;
#188 = VECTOR ( 'NONE', #726, 100.0000000000000000 ) ;
#189 = UNCERTAINTY_MEASURE_WITH_UNIT (LENGTH_MEASURE( 1.000000000000000082E-05 ), #471, 'distance_accuracy_value', 'NONE');
#190 = VERTEX_POINT ( 'NONE', #676 ) ;
#191 = PRESENTATION_STYLE_ASSIGNMENT (( #708 ) ) ;
#192 = COLOUR_RGB ( '',0.8823529411764705621, 0.8823529411764705621, 0.8823529411764705621 ) ;
#193 = MECHANICAL_DESIGN_GEOMETRIC_PRESENTATION_REPRESENTATION (  '', ( #671 ), #1469 ) ;
#194 =( GEOMETRIC_REPRESENTATION_CONTEXT ( 3 ) GLOBAL_UNCERTAINTY_ASSIGNED_CONTEXT ( ( #2053 ) ) GLOBAL_UNIT_ASSIGNED_CONTEXT ( ( #1042, #704, #1409 ) ) REPRESENTATION_CONTEXT ( 'NONE', 'WORKASPACE' ) );
#195 = CARTESIAN_POINT ( 'NONE',  ( 0.02500000000000000139, -0.01899999999999999953, 0.0000000000000000000 ) ) ;
#196 = COLOUR_RGB ( '',0.9843137254901960231, 0.8431372549019607865, 0.3490196078431372362 ) ;
#197 = VERTEX_POINT ( 'NONE', #861 ) ;
#198 = EDGE_CURVE ( 'NONE', #9, #1985, #28, .T. ) ;
#199 = STYLED_ITEM ( 'NONE', ( #1017 ), #1490 ) ;
#200 =( GEOMETRIC_REPRESENTATION_CONTEXT ( 3 ) GLOBAL_UNCERTAINTY_ASSIGNED_CONTEXT ( ( #890 ) ) GLOBAL_UNIT_ASSIGNED_CONTEXT ( ( #2035, #1842, #633 ) ) REPRESENTATION_CONTEXT ( 'NONE', 'WORKASPACE' ) );
#201 = APPLICATION_PROTOCOL_DEFINITION ( 'draft international standard', 'automotive_design', 1998, #364 ) ;
#202 = LINE ( 'NONE', #1720, #59 ) ;
#203 = SURFACE_STYLE_USAGE ( .BOTH. , #1522 ) ;
#204 =( NAMED_UNIT ( * ) SI_UNIT ( $, .STERADIAN. ) SOLID_ANGLE_UNIT ( ) );
#205 =( LENGTH_UNIT ( ) NAMED_UNIT ( * ) SI_UNIT ( .CENTI., .METRE. ) );
#206 = EDGE_CURVE ( 'NONE', #467, #764, #838, .T. ) ;
#207 = UNCERTAINTY_MEASURE_WITH_UNIT (LENGTH_MEASURE( 1.000000000000000082E-05 ), #213, 'distance_accuracy_value', 'NONE');
#208 = CARTESIAN_POINT ( 'NONE',  ( -0.08000000000000008493, 0.04000000000000000083, 0.03799999999999999906 ) ) ;
#209 = SHAPE_DEFINITION_REPRESENTATION ( #2008, #800 ) ;
#210 = FILL_AREA_STYLE_COLOUR ( '', #1296 ) ;
#211 = SURFACE_STYLE_FILL_AREA ( #236 ) ;
#212 = APPLICATION_CONTEXT ( 'automotive_design' ) ;
#213 =( LENGTH_UNIT ( ) NAMED_UNIT ( * ) SI_UNIT ( .CENTI., .METRE. ) );
#214 = CLOSED_SHELL ( 'NONE', ( #1543, #961, #1169, #139, #34, #2183 ) ) ;
#215 =( NAMED_UNIT ( * ) SI_UNIT ( $, .STERADIAN. ) SOLID_ANGLE_UNIT ( ) );
#216 = PRODUCT_DEFINITION ( 'UNKNOWN', '', #129, #1024 ) ;
#217 = STYLED_ITEM ( 'NONE', ( #1916 ), #306 ) ;
#218 = CARTESIAN_POINT ( 'NONE',  ( -0.005000000000000000971, 0.03150000000000000022, -0.002000000000000000042 ) ) ;
#219 = SHAPE_DEFINITION_REPRESENTATION ( #1226, #488 ) ;
#220 = AXIS2_PLACEMENT_3D ( 'NONE', #1728, #2102, #567 ) ;
#221 = CARTESIAN_POINT ( 'NONE',  ( 0.005000000000000000971, 0.03150000000000000022, -0.002000000000000000042 ) ) ;
#222 = CARTESIAN_POINT ( 'NONE',  ( 0.05049999999999990608, 0.0000000000000000000, 0.0000000000000000000 ) ) ;
#223 = FACE_OUTER_BOUND ( 'NONE', #981, .T. ) ;
#224 = PRESENTATION_LAYER_ASSIGNMENT (  '', '', ( #17 ) ) ;
#225 = AXIS2_PLACEMENT_3D ( 'NONE', #1277, #423, #2094 ) ;
#226 = MECHANICAL_DESIGN_GEOMETRIC_PRESENTATION_REPRESENTATION (  '', ( #997 ), #926 ) ;
#227 = PRESENTATION_LAYER_ASSIGNMENT (  '', '', ( #1677 ) ) ;
#228 = EDGE_LOOP ( 'NONE', ( #1135, #1517, #110, #179 ) ) ;
#229 = AXIS2_PLACEMENT_3D ( 'NONE', #150, #638, #620 ) ;
#230 = VECTOR ( 'NONE', #1755, 100.0000000000000000 ) ;
#231 = AXIS2_PLACEMENT_3D ( 'NONE', #1099, #113, #1776 ) ;
#232 = UNCERTAINTY_MEASURE_WITH_UNIT (LENGTH_MEASURE( 1.000000000000000082E-05 ), #205, 'distance_accuracy_value', 'NONE');
#233 = SURFACE_STYLE_USAGE ( .BOTH. , #1903 ) ;
#234 = DIRECTION ( 'NONE',  ( 1.000000000000000000, 0.0000000000000000000, -0.0000000000000000000 ) ) ;
#235 = EDGE_CURVE ( 'NONE', #564, #1022, #327, .T. ) ;
#236 = FILL_AREA_STYLE ('',( #85 ) ) ;
#237 =( LENGTH_UNIT ( ) NAMED_UNIT ( * ) SI_UNIT ( .CENTI., .METRE. ) );
#238 = DIRECTION ( 'NONE',  ( 1.000000000000000000, 0.0000000000000000000, -0.0000000000000000000 ) ) ;
#239 = ORIENTED_EDGE ( 'NONE', *, *, #1304, .F. ) ;
#240 = CARTESIAN_POINT ( 'NONE',  ( -0.06124999999999999889, 0.03150000000000000022, 0.0000000000000000000 ) ) ;
#241 = CARTESIAN_POINT ( 'NONE',  ( -0.01499999999999999944, 0.03150000000000000022, -0.002000000000000000042 ) ) ;
#242 = CARTESIAN_POINT ( 'NONE',  ( -0.06500000000000000222, -0.02500000000000000139, 0.03799999999999999906 ) ) ;
#243 =( NAMED_UNIT ( * ) SI_UNIT ( $, .STERADIAN. ) SOLID_ANGLE_UNIT ( ) );
#244 = LINE ( 'NONE', #1267, #121 ) ;
#245 = DIRECTION ( 'NONE',  ( 0.0000000000000000000, -1.000000000000000000, 0.0000000000000000000 ) ) ;
#246 = LINE ( 'NONE', #86, #993 ) ;
#247 = SURFACE_STYLE_USAGE ( .BOTH. , #731 ) ;
#248 = PRODUCT_DEFINITION ( 'UNKNOWN', '', #2006, #689 ) ;
#249 = VERTEX_POINT ( 'NONE', #1868 ) ;
#250 =( LENGTH_UNIT ( ) NAMED_UNIT ( * ) SI_UNIT ( .CENTI., .METRE. ) );
#251 = VECTOR ( 'NONE', #2125, 100.0000000000000000 ) ;
#252 = SURFACE_SIDE_STYLE ('',( #1431 ) ) ;
#253 = CARTESIAN_POINT ( 'NONE',  ( -0.02500000000000000139, -0.03150000000000000022, 0.0000000000000000000 ) ) ;
#254 = VECTOR ( 'NONE', #1198, 100.0000000000000000 ) ;
#255 = UNCERTAINTY_MEASURE_WITH_UNIT (LENGTH_MEASURE( 1.000000000000000082E-05 ), #1783, 'distance_accuracy_value', 'NONE');
#256 = EDGE_LOOP ( 'NONE', ( #687, #1123, #156, #1975 ) ) ;
#257 =( LENGTH_UNIT ( ) NAMED_UNIT ( * ) SI_UNIT ( .CENTI., .METRE. ) );
#258 = MECHANICAL_DESIGN_GEOMETRIC_PRESENTATION_REPRESENTATION (  '', ( #1599 ), #2034 ) ;
#259 =( NAMED_UNIT ( * ) PLANE_ANGLE_UNIT ( ) SI_UNIT ( $, .RADIAN. ) );
#260 = CARTESIAN_POINT ( 'NONE',  ( -0.004999999999999999237, 0.006500000000000000569, -0.002000000000000000042 ) ) ;
#261 = DIRECTION ( 'NONE',  ( -1.000000000000000000, 0.0000000000000000000, 0.0000000000000000000 ) ) ;
#262 = VECTOR ( 'NONE', #616, 100.0000000000000000 ) ;
#263 = VERTEX_POINT ( 'NONE', #1513 ) ;
#264 = EDGE_CURVE ( 'NONE', #1985, #1784, #40, .T. ) ;
#265 = AXIS2_PLACEMENT_3D ( 'NONE', #914, #728, #1253 ) ;
#266 = CARTESIAN_POINT ( 'NONE',  ( 0.005000000000000000104, 0.01899999999999999953, 0.0000000000000000000 ) ) ;
#267 = MECHANICAL_DESIGN_GEOMETRIC_PRESENTATION_REPRESENTATION (  '', ( #1706 ), #18 ) ;
#268 = AXIS2_PLACEMENT_3D ( 'NONE', #1872, #2061, #1381 ) ;
#269 =( GEOMETRIC_REPRESENTATION_CONTEXT ( 3 ) GLOBAL_UNCERTAINTY_ASSIGNED_CONTEXT ( ( #913 ) ) GLOBAL_UNIT_ASSIGNED_CONTEXT ( ( #1650, #259, #2136 ) ) REPRESENTATION_CONTEXT ( 'NONE', 'WORKASPACE' ) );
#270 = DIRECTION ( 'NONE',  ( 0.0000000000000000000, -1.000000000000000000, -0.0000000000000000000 ) ) ;
#271 = COLOUR_RGB ( '',0.9843137254901960231, 0.8431372549019607865, 0.3490196078431372362 ) ;
#272 = ORIENTED_EDGE ( 'NONE', *, *, #335, .F. ) ;
#273 = DIRECTION ( 'NONE',  ( 1.000000000000000000, 0.0000000000000000000, -0.0000000000000000000 ) ) ;
#274 = FACE_OUTER_BOUND ( 'NONE', #1935, .T. ) ;
#275 =( NAMED_UNIT ( * ) PLANE_ANGLE_UNIT ( ) SI_UNIT ( $, .RADIAN. ) );
#276 =( LENGTH_UNIT ( ) NAMED_UNIT ( * ) SI_UNIT ( .CENTI., .METRE. ) );
#277 = EDGE_LOOP ( 'NONE', ( #96, #2019, #134, #149 ) ) ;
#278 = PRESENTATION_STYLE_ASSIGNMENT (( #1443 ) ) ;
#279 = SURFACE_SIDE_STYLE ('',( #1633 ) ) ;
#280 = ADVANCED_FACE ( 'NONE', ( #1356 ), #354, .T. ) ;
#281 = FACE_OUTER_BOUND ( 'NONE', #937, .T. ) ;
#282 = ORIENTED_EDGE ( 'NONE', *, *, #353, .T. ) ;
#283 = FILL_AREA_STYLE ('',( #1793 ) ) ;
#284 = PRESENTATION_STYLE_ASSIGNMENT (( #1124 ) ) ;
#285 = PRESENTATION_STYLE_ASSIGNMENT (( #436 ) ) ;
#286 = SURFACE_STYLE_USAGE ( .BOTH. , #1999 ) ;
#287 =( NAMED_UNIT ( * ) SI_UNIT ( $, .STERADIAN. ) SOLID_ANGLE_UNIT ( ) );
#288 = ORIENTED_EDGE ( 'NONE', *, *, #321, .F. ) ;
#289 = LINE ( 'NONE', #1303, #1324 ) ;
#290 = ORIENTED_EDGE ( 'NONE', *, *, #473, .F. ) ;
#291 = SURFACE_SIDE_STYLE ('',( #1625 ) ) ;
#292 = EDGE_CURVE ( 'NONE', #797, #1373, #1217, .T. ) ;
#293 = CARTESIAN_POINT ( 'NONE',  ( 0.0000000000000000000, 0.0000000000000000000, 0.0000000000000000000 ) ) ;
#294 = PRESENTATION_LAYER_ASSIGNMENT (  '', '', ( #45 ) ) ;
#295 = PLANE ( 'NONE',  #1281 ) ;
#296 = FILL_AREA_STYLE_COLOUR ( '', #1570 ) ;
#297 = LINE ( 'NONE', #798, #750 ) ;
#298 = CARTESIAN_POINT ( 'NONE',  ( 0.07999999999999990452, -0.04000000000000000083, 0.0000000000000000000 ) ) ;
#299 = DIRECTION ( 'NONE',  ( 1.000000000000000000, 0.0000000000000000000, -0.0000000000000000000 ) ) ;
#300 = COLOUR_RGB ( '',0.9843137254901960231, 0.8431372549019607865, 0.3490196078431372362 ) ;
#301 =( GEOMETRIC_REPRESENTATION_CONTEXT ( 3 ) GLOBAL_UNCERTAINTY_ASSIGNED_CONTEXT ( ( #360 ) ) GLOBAL_UNIT_ASSIGNED_CONTEXT ( ( #878, #6, #534 ) ) REPRESENTATION_CONTEXT ( 'NONE', 'WORKASPACE' ) );
#302 = COLOUR_RGB ( '',0.9843137254901960231, 0.8431372549019607865, 0.3490196078431372362 ) ;
#303 = ORIENTED_EDGE ( 'NONE', *, *, #1234, .F. ) ;
#304 = LINE ( 'NONE', #652, #1874 ) ;
#305 = LINE ( 'NONE', #814, #1638 ) ;
#306 = ADVANCED_FACE ( 'NONE', ( #1231 ), #1608, .T. ) ;
#307 = STYLED_ITEM ( 'NONE', ( #624 ), #1441 ) ;
#308 = FILL_AREA_STYLE ('',( #1126 ) ) ;
#309 = CARTESIAN_POINT ( 'NONE',  ( 0.07199999999999999456, -0.03150000000000000022, -0.002000000000000000042 ) ) ;
#310 = PLANE ( 'NONE',  #789 ) ;
#311 = PRODUCT_DEFINITION_SHAPE ( 'NONE', 'NONE',  #2200 ) ;
#312 = DIRECTION ( 'NONE',  ( -0.0000000000000000000, 0.0000000000000000000, 1.000000000000000000 ) ) ;
#313 = CARTESIAN_POINT ( 'NONE',  ( 0.07999999999999990452, -2.255140518769850147E-17, 0.03799999999999999906 ) ) ;
#314 = ORIENTED_EDGE ( 'NONE', *, *, #1791, .F. ) ;
#315 =( LENGTH_UNIT ( ) NAMED_UNIT ( * ) SI_UNIT ( .CENTI., .METRE. ) );
#316 = SURFACE_SIDE_STYLE ('',( #1157 ) ) ;
#317 = CARTESIAN_POINT ( 'NONE',  ( -0.004999999999999999237, 0.03150000000000000022, 0.0000000000000000000 ) ) ;
#318 = SURFACE_STYLE_FILL_AREA ( #1160 ) ;
#319 = EDGE_LOOP ( 'NONE', ( #1486, #1299, #921, #1193 ) ) ;
#320 = CARTESIAN_POINT ( 'NONE',  ( -0.04000000000000000083, -0.02500000000000000139, 0.03899999999999999994 ) ) ;
#321 = EDGE_CURVE ( 'NONE', #197, #249, #802, .T. ) ;
#322 = DIRECTION ( 'NONE',  ( -1.000000000000000000, -0.0000000000000000000, -0.0000000000000000000 ) ) ;
#323 = SURFACE_STYLE_USAGE ( .BOTH. , #1020 ) ;
#324 = ORIENTED_EDGE ( 'NONE', *, *, #130, .F. ) ;
#325 = SHAPE_REPRESENTATION_RELATIONSHIP ( 'NONE' , 'NONE' ,  #488, #1855 ) ;
#326 = SURFACE_STYLE_USAGE ( .BOTH. , #340 ) ;
#327 = LINE ( 'NONE', #1844, #386 ) ;
#328 = COLOUR_RGB ( '',0.9843137254901960231, 0.8431372549019607865, 0.3490196078431372362 ) ;
#329 = DIRECTION ( 'NONE',  ( 1.000000000000000000, 0.0000000000000000000, -0.0000000000000000000 ) ) ;
#330 = DIRECTION ( 'NONE',  ( -1.734723475976810053E-16, 1.000000000000000000, 0.0000000000000000000 ) ) ;
#331 = ORIENTED_EDGE ( 'NONE', *, *, #1666, .F. ) ;
#332 = DIRECTION ( 'NONE',  ( -0.0000000000000000000, 0.0000000000000000000, 1.000000000000000000 ) ) ;
#333 = COLOUR_RGB ( '',0.9843137254901960231, 0.8431372549019607865, 0.3490196078431372362 ) ;
#334 =( NAMED_UNIT ( * ) PLANE_ANGLE_UNIT ( ) SI_UNIT ( $, .RADIAN. ) );
#335 = EDGE_CURVE ( 'NONE', #249, #2095, #1108, .T. ) ;
#336 = COLOUR_RGB ( '',0.9843137254901960231, 0.8431372549019607865, 0.3490196078431372362 ) ;
#337 = ORIENTED_EDGE ( 'NONE', *, *, #1692, .F. ) ;
#338 = STYLED_ITEM ( 'NONE', ( #499 ), #961 ) ;
#339 = MECHANICAL_DESIGN_GEOMETRIC_PRESENTATION_REPRESENTATION (  '', ( #396 ), #1996 ) ;
#340 = SURFACE_SIDE_STYLE ('',( #804 ) ) ;
#341 = STYLED_ITEM ( 'NONE', ( #1487 ), #1169 ) ;
#342 = AXIS2_PLACEMENT_3D ( 'NONE', #1435, #2106, #1073 ) ;
#343 = DIRECTION ( 'NONE',  ( 0.0000000000000000000, -1.000000000000000000, -0.0000000000000000000 ) ) ;
#344 = FACE_OUTER_BOUND ( 'NONE', #2177, .T. ) ;
#345 = VERTEX_POINT ( 'NONE', #623 ) ;
#346 = PRESENTATION_STYLE_ASSIGNMENT (( #1256 ) ) ;
#347 = EDGE_LOOP ( 'NONE', ( #908, #1354, #1788, #351 ) ) ;
#348 =( NAMED_UNIT ( * ) PLANE_ANGLE_UNIT ( ) SI_UNIT ( $, .RADIAN. ) );
#349 = SURFACE_STYLE_USAGE ( .BOTH. , #1025 ) ;
#350 = ORIENTED_EDGE ( 'NONE', *, *, #619, .T. ) ;
#351 = ORIENTED_EDGE ( 'NONE', *, *, #1248, .F. ) ;
#352 = SURFACE_SIDE_STYLE ('',( #1197 ) ) ;
#353 = EDGE_CURVE ( 'NONE', #1971, #103, #1785, .T. ) ;
#354 = PLANE ( 'NONE',  #1731 ) ;
#355 =( NAMED_UNIT ( * ) PLANE_ANGLE_UNIT ( ) SI_UNIT ( $, .RADIAN. ) );
#356 = LINE ( 'NONE', #881, #2192 ) ;
#357 = COLOUR_RGB ( '',0.1019607843137254888, 0.1019607843137254888, 0.1019607843137254888 ) ;
#358 = VERTEX_POINT ( 'NONE', #590 ) ;
#359 = PRESENTATION_STYLE_ASSIGNMENT (( #1376 ) ) ;
#360 = UNCERTAINTY_MEASURE_WITH_UNIT (LENGTH_MEASURE( 1.000000000000000082E-05 ), #878, 'distance_accuracy_value', 'NONE');
#361 = DIRECTION ( 'NONE',  ( -1.000000000000000000, -0.0000000000000000000, 0.0000000000000000000 ) ) ;
#362 = VECTOR ( 'NONE', #118, 100.0000000000000000 ) ;
#363 = ADVANCED_FACE ( 'NONE', ( #2145 ), #1307, .T. ) ;
#364 = APPLICATION_CONTEXT ( 'automotive_design' ) ;
#365 = VECTOR ( 'NONE', #460, 100.0000000000000000 ) ;
#366 = COLOUR_RGB ( '',0.7921568627450980005, 0.8196078431372548767, 0.9333333333333333481 ) ;
#367 = COLOUR_RGB ( '',0.9843137254901960231, 0.8431372549019607865, 0.3490196078431372362 ) ;
#368 = EDGE_CURVE ( 'NONE', #490, #9, #982, .T. ) ;
#369 = PLANE ( 'NONE',  #220 ) ;
#370 = DIRECTION ( 'NONE',  ( 1.000000000000000000, 0.0000000000000000000, 0.0000000000000000000 ) ) ;
#371 = FACE_OUTER_BOUND ( 'NONE', #1294, .T. ) ;
#372 = MANIFOLD_SOLID_BREP ( 'Imported5', #1516 ) ;
#373 = CARTESIAN_POINT ( 'NONE',  ( 0.05049999999999996159, 0.03150000000000000022, 0.0000000000000000000 ) ) ;
#374 = ORIENTED_EDGE ( 'NONE', *, *, #824, .T. ) ;
#375 = SURFACE_STYLE_USAGE ( .BOTH. , #1040 ) ;
#376 = EDGE_CURVE ( 'NONE', #637, #628, #304, .T. ) ;
#377 = FILL_AREA_STYLE_COLOUR ( '', #743 ) ;
#378 = DIRECTION ( 'NONE',  ( 0.0000000000000000000, 0.0000000000000000000, 1.000000000000000000 ) ) ;
#379 = UNCERTAINTY_MEASURE_WITH_UNIT (LENGTH_MEASURE( 1.000000000000000082E-05 ), #1695, 'distance_accuracy_value', 'NONE');
#380 = CARTESIAN_POINT ( 'NONE',  ( -0.06124999999999999889, -2.602085213965209871E-18, 0.0000000000000000000 ) ) ;
#381 = LINE ( 'NONE', #680, #1219 ) ;
#382 = ORIENTED_EDGE ( 'NONE', *, *, #1954, .F. ) ;
#383 = ORIENTED_EDGE ( 'NONE', *, *, #936, .T. ) ;
#384 =( GEOMETRIC_REPRESENTATION_CONTEXT ( 3 ) GLOBAL_UNCERTAINTY_ASSIGNED_CONTEXT ( ( #1772 ) ) GLOBAL_UNIT_ASSIGNED_CONTEXT ( ( #1058, #1920, #562 ) ) REPRESENTATION_CONTEXT ( 'NONE', 'WORKASPACE' ) );
#385 = ADVANCED_FACE ( 'NONE', ( #1186 ), #845, .T. ) ;
#386 = VECTOR ( 'NONE', #174, 100.0000000000000000 ) ;
#387 = PRESENTATION_STYLE_ASSIGNMENT (( #233 ) ) ;
#388 = APPLICATION_CONTEXT ( 'automotive_design' ) ;
#389 = MANIFOLD_SOLID_BREP ( 'Imported2', #810 ) ;
#390 = VECTOR ( 'NONE', #1847, 100.0000000000000000 ) ;
#391 = CARTESIAN_POINT ( 'NONE',  ( 0.02500000000000000139, 0.01899999999999999953, 0.0000000000000000000 ) ) ;
#392 = LINE ( 'NONE', #1086, #963 ) ;
#393 =( NAMED_UNIT ( * ) SI_UNIT ( $, .STERADIAN. ) SOLID_ANGLE_UNIT ( ) );
#394 = LINE ( 'NONE', #1423, #251 ) ;
#395 =( LENGTH_UNIT ( ) NAMED_UNIT ( * ) SI_UNIT ( .CENTI., .METRE. ) );
#396 = STYLED_ITEM ( 'NONE', ( #1911 ), #1817 ) ;
#397 = VECTOR ( 'NONE', #1764, 100.0000000000000000 ) ;
#398 = ORIENTED_EDGE ( 'NONE', *, *, #90, .T. ) ;
#399 = DIRECTION ( 'NONE',  ( -1.187871410609987839E-61, -1.000000000000000000, 6.898853532133379905E-32 ) ) ;
#400 = UNCERTAINTY_MEASURE_WITH_UNIT (LENGTH_MEASURE( 1.000000000000000082E-05 ), #1010, 'distance_accuracy_value', 'NONE');
#401 = DIRECTION ( 'NONE',  ( 0.0000000000000000000, 0.0000000000000000000, 1.000000000000000000 ) ) ;
#402 = LINE ( 'NONE', #1084, #673 ) ;
#403 =( NAMED_UNIT ( * ) SI_UNIT ( $, .STERADIAN. ) SOLID_ANGLE_UNIT ( ) );
#404 = VERTEX_POINT ( 'NONE', #242 ) ;
#405 = FACE_OUTER_BOUND ( 'NONE', #424, .T. ) ;
#406 = ORIENTED_EDGE ( 'NONE', *, *, #2026, .F. ) ;
#407 = CARTESIAN_POINT ( 'NONE',  ( 0.07199999999999999456, 0.0000000000000000000, 0.0000000000000000000 ) ) ;
#408 = FILL_AREA_STYLE ('',( #1137 ) ) ;
#409 = CARTESIAN_POINT ( 'NONE',  ( -0.004999999999999999237, -0.006500000000000000569, 0.0000000000000000000 ) ) ;
#410 = DIRECTION ( 'NONE',  ( 1.187871410609987839E-61, 1.000000000000000000, -6.898853532133379905E-32 ) ) ;
#411 = PLANE ( 'NONE',  #898 ) ;
#412 = SURFACE_SIDE_STYLE ('',( #770 ) ) ;
#413 = FACE_OUTER_BOUND ( 'NONE', #910, .T. ) ;
#414 = SURFACE_STYLE_USAGE ( .BOTH. , #582 ) ;
#415 = ORIENTED_EDGE ( 'NONE', *, *, #1348, .F. ) ;
#416 =( NAMED_UNIT ( * ) SI_UNIT ( $, .STERADIAN. ) SOLID_ANGLE_UNIT ( ) );
#417 = SURFACE_STYLE_USAGE ( .BOTH. , #2131 ) ;
#418 =( NAMED_UNIT ( * ) SI_UNIT ( $, .STERADIAN. ) SOLID_ANGLE_UNIT ( ) );
#419 = SURFACE_SIDE_STYLE ('',( #1569 ) ) ;
#420 = ORIENTED_EDGE ( 'NONE', *, *, #1013, .F. ) ;
#421 =( NAMED_UNIT ( * ) PLANE_ANGLE_UNIT ( ) SI_UNIT ( $, .RADIAN. ) );
#422 = STYLED_ITEM ( 'NONE', ( #387 ), #451 ) ;
#423 = DIRECTION ( 'NONE',  ( 1.000000000000000000, -1.387778780781450113E-16, 0.0000000000000000000 ) ) ;
#424 = EDGE_LOOP ( 'NONE', ( #1862, #2112, #1746, #303 ) ) ;
#425 = COLOUR_RGB ( '',0.9843137254901960231, 0.8431372549019607865, 0.3490196078431372362 ) ;
#426 = EDGE_CURVE ( 'NONE', #1803, #515, #1719, .T. ) ;
#427 = DIRECTION ( 'NONE',  ( -0.0000000000000000000, 0.0000000000000000000, -1.000000000000000000 ) ) ;
#428 = AXIS2_PLACEMENT_3D ( 'NONE', #741, #1087, #602 ) ;
#429 = AXIS2_PLACEMENT_3D ( 'NONE', #1340, #835, #152 ) ;
#430 = VERTEX_POINT ( 'NONE', #1214 ) ;
#431 = CARTESIAN_POINT ( 'NONE',  ( -0.06500000000000000222, -2.341876692568689577E-17, 0.03899999999999999994 ) ) ;
#432 = PRESENTATION_LAYER_ASSIGNMENT (  '', '', ( #2184 ) ) ;
#433 = VECTOR ( 'NONE', #497, 100.0000000000000000 ) ;
#434 = PRESENTATION_LAYER_ASSIGNMENT (  '', '', ( #607 ) ) ;
#435 = ORIENTED_EDGE ( 'NONE', *, *, #1526, .T. ) ;
#436 = SURFACE_STYLE_USAGE ( .BOTH. , #1593 ) ;
#437 = CARTESIAN_POINT ( 'NONE',  ( 0.05050000000000000322, 0.03150000000000000022, 0.0000000000000000000 ) ) ;
#438 =( NAMED_UNIT ( * ) PLANE_ANGLE_UNIT ( ) SI_UNIT ( $, .RADIAN. ) );
#439 = ORIENTED_EDGE ( 'NONE', *, *, #2026, .T. ) ;
#440 = CARTESIAN_POINT ( 'NONE',  ( -0.005000000000000000971, -0.03150000000000000022, -0.002000000000000000042 ) ) ;
#441 = DIRECTION ( 'NONE',  ( -1.387778780781450113E-16, -1.000000000000000000, 0.0000000000000000000 ) ) ;
#442 = PRESENTATION_STYLE_ASSIGNMENT (( #1801 ) ) ;
#443 = UNCERTAINTY_MEASURE_WITH_UNIT (LENGTH_MEASURE( 1.000000000000000082E-05 ), #1821, 'distance_accuracy_value', 'NONE');
#444 = EDGE_LOOP ( 'NONE', ( #1964, #2032, #374, #107 ) ) ;
#445 =( NAMED_UNIT ( * ) SI_UNIT ( $, .STERADIAN. ) SOLID_ANGLE_UNIT ( ) );
#446 = DIRECTION ( 'NONE',  ( -1.734723475976810053E-16, 1.000000000000000000, 0.0000000000000000000 ) ) ;
#447 = ORIENTED_EDGE ( 'NONE', *, *, #1504, .T. ) ;
#448 = SURFACE_STYLE_USAGE ( .BOTH. , #1477 ) ;
#449 = CARTESIAN_POINT ( 'NONE',  ( 0.004999999999999999237, -0.006500000000000000569, 0.0000000000000000000 ) ) ;
#450 = DIRECTION ( 'NONE',  ( 0.0000000000000000000, -0.0000000000000000000, -1.000000000000000000 ) ) ;
#451 = ADVANCED_FACE ( 'NONE', ( #1229 ), #369, .T. ) ;
#452 = VERTEX_POINT ( 'NONE', #1250 ) ;
#453 = CARTESIAN_POINT ( 'NONE',  ( -0.05049999999999990608, 0.0000000000000000000, 0.0000000000000000000 ) ) ;
#454 = EDGE_CURVE ( 'NONE', #1971, #1945, #1939, .T. ) ;
#455 = DIRECTION ( 'NONE',  ( -1.000000000000000000, -1.387778780781450113E-16, 0.0000000000000000000 ) ) ;
#456 = MECHANICAL_DESIGN_GEOMETRIC_PRESENTATION_REPRESENTATION (  '', ( #1597 ), #1667 ) ;
#457 = CARTESIAN_POINT ( 'NONE',  ( -0.01500000000000000118, 0.02500000000000000139, 0.03799999999999999906 ) ) ;
#458 =( LENGTH_UNIT ( ) NAMED_UNIT ( * ) SI_UNIT ( .CENTI., .METRE. ) );
#459 = EDGE_LOOP ( 'NONE', ( #992, #2166, #1828, #43 ) ) ;
#460 = DIRECTION ( 'NONE',  ( -0.0000000000000000000, 0.0000000000000000000, -1.000000000000000000 ) ) ;
#461 = CARTESIAN_POINT ( 'NONE',  ( 0.07999999999999990452, 0.04000000000000000083, 0.0000000000000000000 ) ) ;
#462 = COLOUR_RGB ( '',0.9843137254901960231, 0.8431372549019607865, 0.3490196078431372362 ) ;
#463 =( GEOMETRIC_REPRESENTATION_CONTEXT ( 3 ) GLOBAL_UNCERTAINTY_ASSIGNED_CONTEXT ( ( #1228 ) ) GLOBAL_UNIT_ASSIGNED_CONTEXT ( ( #625, #144, #128 ) ) REPRESENTATION_CONTEXT ( 'NONE', 'WORKASPACE' ) );
#464 =( GEOMETRIC_REPRESENTATION_CONTEXT ( 3 ) GLOBAL_UNCERTAINTY_ASSIGNED_CONTEXT ( ( #1534 ) ) GLOBAL_UNIT_ASSIGNED_CONTEXT ( ( #940, #1489, #3 ) ) REPRESENTATION_CONTEXT ( 'NONE', 'WORKASPACE' ) );
#465 = DIRECTION ( 'NONE',  ( 0.0000000000000000000, -0.0000000000000000000, 1.000000000000000000 ) ) ;
#466 = COLOUR_RGB ( '',0.9843137254901960231, 0.8431372549019607865, 0.3490196078431372362 ) ;
#467 = VERTEX_POINT ( 'NONE', #208 ) ;
#468 = SURFACE_STYLE_FILL_AREA ( #283 ) ;
#469 = VECTOR ( 'NONE', #719, 100.0000000000000000 ) ;
#470 = COLOUR_RGB ( '',0.8823529411764705621, 0.8823529411764705621, 0.8823529411764705621 ) ;
#471 =( LENGTH_UNIT ( ) NAMED_UNIT ( * ) SI_UNIT ( .CENTI., .METRE. ) );
#472 = AXIS2_PLACEMENT_3D ( 'NONE', #1927, #26, #1914 ) ;
#473 = EDGE_CURVE ( 'NONE', #628, #2004, #1758, .T. ) ;
#474 = FILL_AREA_STYLE_COLOUR ( '', #1120 ) ;
#475 = VERTEX_POINT ( 'NONE', #218 ) ;
#476 = APPLICATION_CONTEXT ( 'automotive_design' ) ;
#477 = PRESENTATION_STYLE_ASSIGNMENT (( #995 ) ) ;
#478 = LINE ( 'NONE', #640, #1498 ) ;
#479 = EDGE_LOOP ( 'NONE', ( #183, #841, #2010, #1503 ) ) ;
#480 = PRESENTATION_STYLE_ASSIGNMENT (( #504 ) ) ;
#481 = SURFACE_STYLE_FILL_AREA ( #2013 ) ;
#482 = LINE ( 'NONE', #626, #390 ) ;
#483 = ADVANCED_FACE ( 'NONE', ( #887 ), #1566, .F. ) ;
#484 = ORIENTED_EDGE ( 'NONE', *, *, #1618, .F. ) ;
#485 = CARTESIAN_POINT ( 'NONE',  ( 0.07199999999999999456, 0.0000000000000000000, 0.0000000000000000000 ) ) ;
#486 = FILL_AREA_STYLE ('',( #2027 ) ) ;
#487 = LINE ( 'NONE', #313, #744 ) ;
#488 = SHAPE_REPRESENTATION ( 'Imported_2', ( #2155 ), #200 ) ;
#489 = UNCERTAINTY_MEASURE_WITH_UNIT (LENGTH_MEASURE( 1.000000000000000082E-05 ), #1389, 'distance_accuracy_value', 'NONE');
#490 = VERTEX_POINT ( 'NONE', #755 ) ;
#491 = CARTESIAN_POINT ( 'NONE',  ( 0.01499999999999999944, -0.006500000000000000569, -0.002000000000000000042 ) ) ;
#492 = DIRECTION ( 'NONE',  ( -0.0000000000000000000, 1.000000000000000000, 0.0000000000000000000 ) ) ;
#493 = CARTESIAN_POINT ( 'NONE',  ( -6.938893903907229610E-17, 0.04000000000000000083, 0.0000000000000000000 ) ) ;
#494 = SURFACE_STYLE_FILL_AREA ( #806 ) ;
#495 =( GEOMETRIC_REPRESENTATION_CONTEXT ( 3 ) GLOBAL_UNCERTAINTY_ASSIGNED_CONTEXT ( ( #123 ) ) GLOBAL_UNIT_ASSIGNED_CONTEXT ( ( #872, #1881, #1712 ) ) REPRESENTATION_CONTEXT ( 'NONE', 'WORKASPACE' ) );
#496 = ORIENTED_EDGE ( 'NONE', *, *, #654, .F. ) ;
#497 = DIRECTION ( 'NONE',  ( -0.0000000000000000000, -0.0000000000000000000, -1.000000000000000000 ) ) ;
#498 = SURFACE_STYLE_FILL_AREA ( #2 ) ;
#499 = PRESENTATION_STYLE_ASSIGNMENT (( #2029 ) ) ;
#500 = STYLED_ITEM ( 'NONE', ( #1371 ), #752 ) ;
#501 = PRESENTATION_LAYER_ASSIGNMENT (  '', '', ( #1528 ) ) ;
#502 = ORIENTED_EDGE ( 'NONE', *, *, #473, .T. ) ;
#503 = AXIS2_PLACEMENT_3D ( 'NONE', #1285, #2142, #1129 ) ;
#504 = SURFACE_STYLE_USAGE ( .BOTH. , #1355 ) ;
#505 =( NAMED_UNIT ( * ) PLANE_ANGLE_UNIT ( ) SI_UNIT ( $, .RADIAN. ) );
#506 =( GEOMETRIC_REPRESENTATION_CONTEXT ( 3 ) GLOBAL_UNCERTAINTY_ASSIGNED_CONTEXT ( ( #555 ) ) GLOBAL_UNIT_ASSIGNED_CONTEXT ( ( #911, #1082, #416 ) ) REPRESENTATION_CONTEXT ( 'NONE', 'WORKASPACE' ) );
#507 = CARTESIAN_POINT ( 'NONE',  ( 0.02500000000000000139, 0.01899999999999999953, -0.002000000000000000042 ) ) ;
#508 = MECHANICAL_DESIGN_GEOMETRIC_PRESENTATION_REPRESENTATION (  '', ( #1367 ), #862 ) ;
#509 = DIRECTION ( 'NONE',  ( 1.000000000000000000, 0.0000000000000000000, 0.0000000000000000000 ) ) ;
#510 = EDGE_LOOP ( 'NONE', ( #170, #324, #757, #1756 ) ) ;
#511 = CARTESIAN_POINT ( 'NONE',  ( -0.08000000000000001554, -0.04000000000000000083, 0.03799999999999999906 ) ) ;
#512 =( LENGTH_UNIT ( ) NAMED_UNIT ( * ) SI_UNIT ( .CENTI., .METRE. ) );
#513 = ADVANCED_FACE ( 'NONE', ( #281 ), #109, .T. ) ;
#514 = UNCERTAINTY_MEASURE_WITH_UNIT (LENGTH_MEASURE( 1.000000000000000082E-05 ), #647, 'distance_accuracy_value', 'NONE');
#515 = VERTEX_POINT ( 'NONE', #1452 ) ;
#516 = DIRECTION ( 'NONE',  ( 0.0000000000000000000, -0.0000000000000000000, -1.000000000000000000 ) ) ;
#517 = CARTESIAN_POINT ( 'NONE',  ( -0.08000000000000004330, 0.04000000000000000083, 0.0000000000000000000 ) ) ;
#518 = FILL_AREA_STYLE ('',( #2048 ) ) ;
#519 = DIRECTION ( 'NONE',  ( -0.0000000000000000000, 1.000000000000000000, 0.0000000000000000000 ) ) ;
#520 = ORIENTED_EDGE ( 'NONE', *, *, #368, .T. ) ;
#521 = LINE ( 'NONE', #32, #1808 ) ;
#522 = VERTEX_POINT ( 'NONE', #2143 ) ;
#523 = EDGE_CURVE ( 'NONE', #791, #197, #597, .T. ) ;
#524 = DIRECTION ( 'NONE',  ( 0.0000000000000000000, 0.0000000000000000000, 1.000000000000000000 ) ) ;
#525 =( NAMED_UNIT ( * ) SI_UNIT ( $, .STERADIAN. ) SOLID_ANGLE_UNIT ( ) );
#526 =( NAMED_UNIT ( * ) PLANE_ANGLE_UNIT ( ) SI_UNIT ( $, .RADIAN. ) );
#527 = ORIENTED_EDGE ( 'NONE', *, *, #1879, .F. ) ;
#528 = CARTESIAN_POINT ( 'NONE',  ( 0.02500000000000000139, -0.03150000000000000022, 0.0000000000000000000 ) ) ;
#529 = VECTOR ( 'NONE', #2163, 100.0000000000000000 ) ;
#530 = PRESENTATION_LAYER_ASSIGNMENT (  '', '', ( #1520 ) ) ;
#531 = UNCERTAINTY_MEASURE_WITH_UNIT (LENGTH_MEASURE( 1.000000000000000082E-05 ), #65, 'distance_accuracy_value', 'NONE');
#532 = PRESENTATION_LAYER_ASSIGNMENT (  '', '', ( #1769 ) ) ;
#533 =( LENGTH_UNIT ( ) NAMED_UNIT ( * ) SI_UNIT ( .CENTI., .METRE. ) );
#534 =( NAMED_UNIT ( * ) SI_UNIT ( $, .STERADIAN. ) SOLID_ANGLE_UNIT ( ) );
#535 =( GEOMETRIC_REPRESENTATION_CONTEXT ( 3 ) GLOBAL_UNCERTAINTY_ASSIGNED_CONTEXT ( ( #1093 ) ) GLOBAL_UNIT_ASSIGNED_CONTEXT ( ( #1201, #1227, #1083 ) ) REPRESENTATION_CONTEXT ( 'NONE', 'WORKASPACE' ) );
#536 = SURFACE_SIDE_STYLE ('',( #75 ) ) ;
#537 = PRESENTATION_LAYER_ASSIGNMENT (  '', '', ( #396 ) ) ;
#538 =( GEOMETRIC_REPRESENTATION_CONTEXT ( 3 ) GLOBAL_UNCERTAINTY_ASSIGNED_CONTEXT ( ( #1430 ) ) GLOBAL_UNIT_ASSIGNED_CONTEXT ( ( #512, #1195, #215 ) ) REPRESENTATION_CONTEXT ( 'NONE', 'WORKASPACE' ) );
#539 = CARTESIAN_POINT ( 'NONE',  ( 0.06124999999999999889, -2.602085213965209871E-18, 0.0000000000000000000 ) ) ;
#540 = EDGE_CURVE ( 'NONE', #1461, #1971, #631, .T. ) ;
#541 = MECHANICAL_DESIGN_GEOMETRIC_PRESENTATION_REPRESENTATION (  '', ( #575 ), #1402 ) ;
#542 = PRESENTATION_LAYER_ASSIGNMENT (  '', '', ( #122 ) ) ;
#543 = PRODUCT_DEFINITION_FORMATION_WITH_SPECIFIED_SOURCE ( 'ANY', '', #182, .NOT_KNOWN. ) ;
#544 = PRESENTATION_LAYER_ASSIGNMENT (  '', '', ( #1502 ) ) ;
#545 = SURFACE_STYLE_USAGE ( .BOTH. , #13 ) ;
#546 = APPLICATION_PROTOCOL_DEFINITION ( 'draft international standard', 'automotive_design', 1998, #2126 ) ;
#547 =( NAMED_UNIT ( * ) PLANE_ANGLE_UNIT ( ) SI_UNIT ( $, .RADIAN. ) );
#548 = LINE ( 'NONE', #1391, #1366 ) ;
#549 = FILL_AREA_STYLE ('',( #19 ) ) ;
#550 =( NAMED_UNIT ( * ) PLANE_ANGLE_UNIT ( ) SI_UNIT ( $, .RADIAN. ) );
#551 = CARTESIAN_POINT ( 'NONE',  ( -0.04000000000000000083, 0.02500000000000000139, 0.03899999999999999994 ) ) ;
#552 = ADVANCED_FACE ( 'NONE', ( #1635 ), #1628, .T. ) ;
#553 = DIRECTION ( 'NONE',  ( -0.0000000000000000000, -0.0000000000000000000, -1.000000000000000000 ) ) ;
#554 =( NAMED_UNIT ( * ) PLANE_ANGLE_UNIT ( ) SI_UNIT ( $, .RADIAN. ) );
#555 = UNCERTAINTY_MEASURE_WITH_UNIT (LENGTH_MEASURE( 1.000000000000000082E-05 ), #911, 'distance_accuracy_value', 'NONE');
#556 = DIRECTION ( 'NONE',  ( 1.000000000000000000, 0.0000000000000000000, 0.0000000000000000000 ) ) ;
#557 = FILL_AREA_STYLE ('',( #1071 ) ) ;
#558 = FILL_AREA_STYLE_COLOUR ( '', #1207 ) ;
#559 = LINE ( 'NONE', #711, #469 ) ;
#560 = FACE_OUTER_BOUND ( 'NONE', #510, .T. ) ;
#561 =( NAMED_UNIT ( * ) PLANE_ANGLE_UNIT ( ) SI_UNIT ( $, .RADIAN. ) );
#562 =( NAMED_UNIT ( * ) SI_UNIT ( $, .STERADIAN. ) SOLID_ANGLE_UNIT ( ) );
#563 =( NAMED_UNIT ( * ) SI_UNIT ( $, .STERADIAN. ) SOLID_ANGLE_UNIT ( ) );
#564 = VERTEX_POINT ( 'NONE', #635 ) ;
#565 = LINE ( 'NONE', #241, #1145 ) ;
#566 = VECTOR ( 'NONE', #1492, 100.0000000000000000 ) ;
#567 = DIRECTION ( 'NONE',  ( -1.387778780781450113E-16, 1.000000000000000000, 0.0000000000000000000 ) ) ;
#568 = CONTEXT_DEPENDENT_SHAPE_REPRESENTATION ( #927, #1192 ) ;
#569 = CARTESIAN_POINT ( 'NONE',  ( -0.02500000000000000139, 0.01899999999999999953, 0.0000000000000000000 ) ) ;
#570 = CARTESIAN_POINT ( 'NONE',  ( 0.05049999999999994771, -0.03150000000000000022, 0.0000000000000000000 ) ) ;
#571 = ORIENTED_EDGE ( 'NONE', *, *, #1640, .T. ) ;
#572 =( GEOMETRIC_REPRESENTATION_CONTEXT ( 3 ) GLOBAL_UNCERTAINTY_ASSIGNED_CONTEXT ( ( #207 ) ) GLOBAL_UNIT_ASSIGNED_CONTEXT ( ( #213, #1362, #1902 ) ) REPRESENTATION_CONTEXT ( 'NONE', 'WORKASPACE' ) );
#573 = ORIENTED_EDGE ( 'NONE', *, *, #8, .F. ) ;
#574 = FILL_AREA_STYLE ('',( #1615 ) ) ;
#575 = STYLED_ITEM ( 'NONE', ( #1 ), #1940 ) ;
#576 = STYLED_ITEM ( 'NONE', ( #763 ), #1334 ) ;
#577 = EDGE_CURVE ( 'NONE', #1766, #1155, #1483, .T. ) ;
#578 =( NAMED_UNIT ( * ) SI_UNIT ( $, .STERADIAN. ) SOLID_ANGLE_UNIT ( ) );
#579 = FACE_OUTER_BOUND ( 'NONE', #811, .T. ) ;
#580 = SURFACE_STYLE_FILL_AREA ( #76 ) ;
#581 = FILL_AREA_STYLE_COLOUR ( '', #955 ) ;
#582 = SURFACE_SIDE_STYLE ('',( #593 ) ) ;
#583 = ORIENTED_EDGE ( 'NONE', *, *, #1666, .T. ) ;
#584 =( LENGTH_UNIT ( ) NAMED_UNIT ( * ) SI_UNIT ( .CENTI., .METRE. ) );
#585 = APPLICATION_CONTEXT ( 'automotive_design' ) ;
#586 = FILL_AREA_STYLE ('',( #956 ) ) ;
#587 = DIRECTION ( 'NONE',  ( 0.0000000000000000000, 0.0000000000000000000, -1.000000000000000000 ) ) ;
#588 = ORIENTED_EDGE ( 'NONE', *, *, #710, .T. ) ;
#589 = EDGE_CURVE ( 'NONE', #1369, #1233, #1159, .T. ) ;
#590 = CARTESIAN_POINT ( 'NONE',  ( 0.02500000000000000139, 0.03150000000000000022, 0.0000000000000000000 ) ) ;
#591 = DIRECTION ( 'NONE',  ( 0.0000000000000000000, 0.0000000000000000000, 1.000000000000000000 ) ) ;
#592 = ORIENTED_EDGE ( 'NONE', *, *, #1763, .F. ) ;
#593 = SURFACE_STYLE_FILL_AREA ( #2127 ) ;
#594 = ORIENTED_EDGE ( 'NONE', *, *, #1465, .T. ) ;
#595 = DIRECTION ( 'NONE',  ( -1.000000000000000000, 1.387778780781450113E-16, 0.0000000000000000000 ) ) ;
#596 = PRESENTATION_LAYER_ASSIGNMENT (  '', '', ( #1556 ) ) ;
#597 = LINE ( 'NONE', #1130, #1989 ) ;
#598 = STYLED_ITEM ( 'NONE', ( #480 ), #385 ) ;
#599 = VERTEX_POINT ( 'NONE', #457 ) ;
#600 = SURFACE_SIDE_STYLE ('',( #468 ) ) ;
#601 = CARTESIAN_POINT ( 'NONE',  ( 0.02500000000000000139, -0.03150000000000000022, 0.0000000000000000000 ) ) ;
#602 = DIRECTION ( 'NONE',  ( 1.000000000000000000, 1.734723475976810053E-16, 0.0000000000000000000 ) ) ;
#603 = FACE_OUTER_BOUND ( 'NONE', #882, .T. ) ;
#604 =( GEOMETRIC_REPRESENTATION_CONTEXT ( 3 ) GLOBAL_UNCERTAINTY_ASSIGNED_CONTEXT ( ( #1727 ) ) GLOBAL_UNIT_ASSIGNED_CONTEXT ( ( #1713, #355, #1006 ) ) REPRESENTATION_CONTEXT ( 'NONE', 'WORKASPACE' ) );
#605 = CARTESIAN_POINT ( 'NONE',  ( 0.07999999999999991840, -0.04000000000000000083, 0.0000000000000000000 ) ) ;
#606 = EDGE_CURVE ( 'NONE', #1022, #1139, #482, .T. ) ;
#607 = STYLED_ITEM ( 'NONE', ( #1905 ), #1652 ) ;
#608 = PRESENTATION_LAYER_ASSIGNMENT (  '', '', ( #997 ) ) ;
#609 = VERTEX_POINT ( 'NONE', #137 ) ;
#610 = FILL_AREA_STYLE_COLOUR ( '', #999 ) ;
#611 = MECHANICAL_DESIGN_GEOMETRIC_PRESENTATION_REPRESENTATION (  '', ( #1677 ), #2000 ) ;
#612 = MECHANICAL_DESIGN_GEOMETRIC_PRESENTATION_REPRESENTATION (  '', ( #155 ), #716 ) ;
#613 = ORIENTED_EDGE ( 'NONE', *, *, #1085, .F. ) ;
#614 = PRESENTATION_STYLE_ASSIGNMENT (( #766 ) ) ;
#615 = LINE ( 'NONE', #601, #972 ) ;
#616 = DIRECTION ( 'NONE',  ( 1.000000000000000000, 0.0000000000000000000, 0.0000000000000000000 ) ) ;
#617 = LINE ( 'NONE', #605, #675 ) ;
#618 = ORIENTED_EDGE ( 'NONE', *, *, #606, .T. ) ;
#619 = EDGE_CURVE ( 'NONE', #430, #628, #1346, .T. ) ;
#620 = DIRECTION ( 'NONE',  ( 0.0000000000000000000, -0.0000000000000000000, 1.000000000000000000 ) ) ;
#621 = CARTESIAN_POINT ( 'NONE',  ( 0.004999999999999999237, -0.006500000000000000569, 0.0000000000000000000 ) ) ;
#622 = ORIENTED_EDGE ( 'NONE', *, *, #102, .T. ) ;
#623 = CARTESIAN_POINT ( 'NONE',  ( 0.07199999999999999456, 0.03150000000000000022, 0.0000000000000000000 ) ) ;
#624 = PRESENTATION_STYLE_ASSIGNMENT (( #1474 ) ) ;
#625 =( LENGTH_UNIT ( ) NAMED_UNIT ( * ) SI_UNIT ( .CENTI., .METRE. ) );
#626 = CARTESIAN_POINT ( 'NONE',  ( 0.07999999999999990452, -2.775557561562890118E-17, 0.0000000000000000000 ) ) ;
#627 = DIRECTION ( 'NONE',  ( 0.0000000000000000000, -0.0000000000000000000, 1.000000000000000000 ) ) ;
#628 = VERTEX_POINT ( 'NONE', #309 ) ;
#629 = FILL_AREA_STYLE_COLOUR ( '', #1114 ) ;
#630 = LINE ( 'NONE', #834, #1035 ) ;
#631 = LINE ( 'NONE', #1959, #1209 ) ;
#632 = EDGE_LOOP ( 'NONE', ( #734, #1273, #1446, #651 ) ) ;
#633 =( NAMED_UNIT ( * ) SI_UNIT ( $, .STERADIAN. ) SOLID_ANGLE_UNIT ( ) );
#634 =( NAMED_UNIT ( * ) PLANE_ANGLE_UNIT ( ) SI_UNIT ( $, .RADIAN. ) );
#635 = CARTESIAN_POINT ( 'NONE',  ( -0.08000000000000001554, -0.04000000000000000083, 0.0000000000000000000 ) ) ;
#636 = PRESENTATION_LAYER_ASSIGNMENT (  '', '', ( #1599 ) ) ;
#637 = VERTEX_POINT ( 'NONE', #1796 ) ;
#638 = DIRECTION ( 'NONE',  ( -0.0000000000000000000, 1.000000000000000000, 0.0000000000000000000 ) ) ;
#639 = PRESENTATION_LAYER_ASSIGNMENT (  '', '', ( #1705 ) ) ;
#640 = CARTESIAN_POINT ( 'NONE',  ( -0.02500000000000000139, -0.01899999999999999953, -0.002000000000000000042 ) ) ;
#641 = STYLED_ITEM ( 'NONE', ( #278 ), #1928 ) ;
#642 = STYLED_ITEM ( 'NONE', ( #2096 ), #1206 ) ;
#643 = ORIENTED_EDGE ( 'NONE', *, *, #1248, .T. ) ;
#644 = ADVANCED_FACE ( 'NONE', ( #2175 ), #1809, .T. ) ;
#645 =( GEOMETRIC_REPRESENTATION_CONTEXT ( 3 ) GLOBAL_UNCERTAINTY_ASSIGNED_CONTEXT ( ( #35 ) ) GLOBAL_UNIT_ASSIGNED_CONTEXT ( ( #181, #550, #204 ) ) REPRESENTATION_CONTEXT ( 'NONE', 'WORKASPACE' ) );
#646 = FACE_OUTER_BOUND ( 'NONE', #1325, .T. ) ;
#647 =( LENGTH_UNIT ( ) NAMED_UNIT ( * ) SI_UNIT ( .CENTI., .METRE. ) );
#648 = SURFACE_STYLE_FILL_AREA ( #1310 ) ;
#649 = ORIENTED_EDGE ( 'NONE', *, *, #2016, .T. ) ;
#650 = DIRECTION ( 'NONE',  ( -1.000000000000000000, -1.734723475976810053E-16, -0.0000000000000000000 ) ) ;
#651 = ORIENTED_EDGE ( 'NONE', *, *, #1600, .F. ) ;
#652 = CARTESIAN_POINT ( 'NONE',  ( 0.06124999999999999889, -0.03150000000000000022, -0.002000000000000000042 ) ) ;
#653 = CARTESIAN_POINT ( 'NONE',  ( -0.005000000000000000104, 0.03150000000000000022, 0.0000000000000000000 ) ) ;
#654 = EDGE_CURVE ( 'NONE', #1614, #609, #816, .T. ) ;
#655 = FILL_AREA_STYLE_COLOUR ( '', #1138 ) ;
#656 = PRESENTATION_STYLE_ASSIGNMENT (( #1642 ) ) ;
#657 =( NAMED_UNIT ( * ) PLANE_ANGLE_UNIT ( ) SI_UNIT ( $, .RADIAN. ) );
#658 = ORIENTED_EDGE ( 'NONE', *, *, #2055, .F. ) ;
#659 =( LENGTH_UNIT ( ) NAMED_UNIT ( * ) SI_UNIT ( .CENTI., .METRE. ) );
#660 = LINE ( 'NONE', #2009, #1639 ) ;
#661 = ORIENTED_EDGE ( 'NONE', *, *, #1823, .T. ) ;
#662 = DIRECTION ( 'NONE',  ( 1.000000000000000000, 0.0000000000000000000, -0.0000000000000000000 ) ) ;
#663 = PRESENTATION_LAYER_ASSIGNMENT (  '', '', ( #700 ) ) ;
#664 = CARTESIAN_POINT ( 'NONE',  ( 0.06124999999999999889, 0.03150000000000000022, 0.0000000000000000000 ) ) ;
#665 = PRESENTATION_LAYER_ASSIGNMENT (  '', '', ( #217 ) ) ;
#666 = VERTEX_POINT ( 'NONE', #2158 ) ;
#667 = PRESENTATION_LAYER_ASSIGNMENT (  '', '', ( #2109 ) ) ;
#668 = EDGE_CURVE ( 'NONE', #1139, #764, #1166, .T. ) ;
#669 = CARTESIAN_POINT ( 'NONE',  ( -0.05049999999999989220, -0.03150000000000000022, -0.002000000000000000042 ) ) ;
#670 = FILL_AREA_STYLE_COLOUR ( '', #782 ) ;
#671 = STYLED_ITEM ( 'NONE', ( #1942 ), #1555 ) ;
#672 = VERTEX_POINT ( 'NONE', #1651 ) ;
#673 = VECTOR ( 'NONE', #270, 100.0000000000000000 ) ;
#674 = CARTESIAN_POINT ( 'NONE',  ( -0.06124999999999990175, -0.03150000000000000022, 0.0000000000000000000 ) ) ;
#675 = VECTOR ( 'NONE', #427, 100.0000000000000000 ) ;
#676 = CARTESIAN_POINT ( 'NONE',  ( -0.06500000000000000222, 0.02500000000000000139, 0.03799999999999999906 ) ) ;
#677 =( GEOMETRIC_REPRESENTATION_CONTEXT ( 3 ) GLOBAL_UNCERTAINTY_ASSIGNED_CONTEXT ( ( #843 ) ) GLOBAL_UNIT_ASSIGNED_CONTEXT ( ( #1581, #1239, #1220 ) ) REPRESENTATION_CONTEXT ( 'NONE', 'WORKASPACE' ) );
#678 = VECTOR ( 'NONE', #2083, 100.0000000000000000 ) ;
#679 = PLANE ( 'NONE',  #1673 ) ;
#680 = CARTESIAN_POINT ( 'NONE',  ( -0.004999999999999999237, 0.01899999999999999953, -0.002000000000000000042 ) ) ;
#681 = MECHANICAL_DESIGN_GEOMETRIC_PRESENTATION_REPRESENTATION (  '', ( #307 ), #1187 ) ;
#682 = EDGE_LOOP ( 'NONE', ( #398, #124, #314, #439 ) ) ;
#683 = EDGE_CURVE ( 'NONE', #1155, #2095, #830, .T. ) ;
#684 = SURFACE_SIDE_STYLE ('',( #1735 ) ) ;
#685 = FILL_AREA_STYLE ('',( #169 ) ) ;
#686 = UNCERTAINTY_MEASURE_WITH_UNIT (LENGTH_MEASURE( 1.000000000000000082E-05 ), #880, 'distance_accuracy_value', 'NONE');
#687 = ORIENTED_EDGE ( 'NONE', *, *, #1414, .F. ) ;
#688 = DIRECTION ( 'NONE',  ( 0.0000000000000000000, -1.000000000000000000, -0.0000000000000000000 ) ) ;
#689 = PRODUCT_DEFINITION_CONTEXT ( 'detailed design', #815, 'design' ) ;
#690 = LINE ( 'NONE', #1374, #1075 ) ;
#691 =( NAMED_UNIT ( * ) SI_UNIT ( $, .STERADIAN. ) SOLID_ANGLE_UNIT ( ) );
#692 = SURFACE_STYLE_USAGE ( .BOTH. , #58 ) ;
#693 = CARTESIAN_POINT ( 'NONE',  ( -0.02500000000000000139, -0.03150000000000000022, 0.0000000000000000000 ) ) ;
#694 = APPLICATION_PROTOCOL_DEFINITION ( 'draft international standard', 'automotive_design', 1998, #585 ) ;
#695 = EDGE_CURVE ( 'NONE', #2160, #345, #1177, .T. ) ;
#696 = FACE_OUTER_BOUND ( 'NONE', #2199, .T. ) ;
#697 = DIRECTION ( 'NONE',  ( -1.000000000000000000, -0.0000000000000000000, 0.0000000000000000000 ) ) ;
#698 =( NAMED_UNIT ( * ) SI_UNIT ( $, .STERADIAN. ) SOLID_ANGLE_UNIT ( ) );
#699 = DIRECTION ( 'NONE',  ( -1.000000000000000000, -0.0000000000000000000, 0.0000000000000000000 ) ) ;
#700 = STYLED_ITEM ( 'NONE', ( #1132 ), #139 ) ;
#701 = SURFACE_SIDE_STYLE ('',( #1550 ) ) ;
#702 = COLOUR_RGB ( '',0.8823529411764705621, 0.8823529411764705621, 0.8823529411764705621 ) ;
#703 = PLANE ( 'NONE',  #1738 ) ;
#704 =( NAMED_UNIT ( * ) PLANE_ANGLE_UNIT ( ) SI_UNIT ( $, .RADIAN. ) );
#705 = UNCERTAINTY_MEASURE_WITH_UNIT (LENGTH_MEASURE( 1.000000000000000082E-05 ), #173, 'distance_accuracy_value', 'NONE');
#706 = CARTESIAN_POINT ( 'NONE',  ( 0.07199999999999999456, -2.602085213965209871E-18, -0.002000000000000000042 ) ) ;
#707 = CONTEXT_DEPENDENT_SHAPE_REPRESENTATION ( #66, #311 ) ;
#708 = SURFACE_STYLE_USAGE ( .BOTH. , #352 ) ;
#709 = VECTOR ( 'NONE', #902, 100.0000000000000000 ) ;
#710 = EDGE_CURVE ( 'NONE', #599, #190, #1300, .T. ) ;
#711 = CARTESIAN_POINT ( 'NONE',  ( 0.005000000000000000104, -0.01899999999999999953, 0.0000000000000000000 ) ) ;
#712 = COLOUR_RGB ( '',0.1019607843137254888, 0.1019607843137254888, 0.1019607843137254888 ) ;
#713 =( LENGTH_UNIT ( ) NAMED_UNIT ( * ) SI_UNIT ( .CENTI., .METRE. ) );
#714 = CARTESIAN_POINT ( 'NONE',  ( -0.04000000000000000083, 0.02500000000000000139, 0.03799999999999999906 ) ) ;
#715 = CARTESIAN_POINT ( 'NONE',  ( 0.01499999999999999944, 0.01899999999999999953, -0.002000000000000000042 ) ) ;
#716 =( GEOMETRIC_REPRESENTATION_CONTEXT ( 3 ) GLOBAL_UNCERTAINTY_ASSIGNED_CONTEXT ( ( #1938 ) ) GLOBAL_UNIT_ASSIGNED_CONTEXT ( ( #1412, #561, #393 ) ) REPRESENTATION_CONTEXT ( 'NONE', 'WORKASPACE' ) );
#717 =( NAMED_UNIT ( * ) PLANE_ANGLE_UNIT ( ) SI_UNIT ( $, .RADIAN. ) );
#718 = FILL_AREA_STYLE ('',( #61 ) ) ;
#719 = DIRECTION ( 'NONE',  ( -1.387778780781450113E-16, 1.000000000000000000, -0.0000000000000000000 ) ) ;
#720 =( NAMED_UNIT ( * ) SI_UNIT ( $, .STERADIAN. ) SOLID_ANGLE_UNIT ( ) );
#721 = CARTESIAN_POINT ( 'NONE',  ( 0.005000000000000000104, -0.03150000000000000022, 0.0000000000000000000 ) ) ;
#722 = CARTESIAN_POINT ( 'NONE',  ( -0.02500000000000000139, 0.01899999999999999953, 0.0000000000000000000 ) ) ;
#723 = ORIENTED_EDGE ( 'NONE', *, *, #335, .T. ) ;
#724 =( NAMED_UNIT ( * ) PLANE_ANGLE_UNIT ( ) SI_UNIT ( $, .RADIAN. ) );
#725 = UNCERTAINTY_MEASURE_WITH_UNIT (LENGTH_MEASURE( 1.000000000000000082E-05 ), #276, 'distance_accuracy_value', 'NONE');
#726 = DIRECTION ( 'NONE',  ( 0.0000000000000000000, -0.0000000000000000000, -1.000000000000000000 ) ) ;
#727 = ITEM_DEFINED_TRANSFORMATION ( 'NONE', 'NONE', #2044,  #2155 ) ;
#728 = DIRECTION ( 'NONE',  ( 0.0000000000000000000, 0.0000000000000000000, 1.000000000000000000 ) ) ;
#729 = DIRECTION ( 'NONE',  ( -0.0000000000000000000, -0.0000000000000000000, -1.000000000000000000 ) ) ;
#730 = SURFACE_SIDE_STYLE ('',( #580 ) ) ;
#731 = SURFACE_SIDE_STYLE ('',( #1933 ) ) ;
#732 = SURFACE_STYLE_FILL_AREA ( #1079 ) ;
#733 = LINE ( 'NONE', #88, #1258 ) ;
#734 = ORIENTED_EDGE ( 'NONE', *, *, #1504, .F. ) ;
#735 = ADVANCED_FACE ( 'NONE', ( #839 ), #7, .T. ) ;
#736 = VECTOR ( 'NONE', #1140, 100.0000000000000000 ) ;
#737 = AXIS2_PLACEMENT_3D ( 'NONE', #1305, #1152, #450 ) ;
#738 = CARTESIAN_POINT ( 'NONE',  ( 0.02500000000000000139, -0.03150000000000000022, -0.002000000000000000042 ) ) ;
#739 =( NAMED_UNIT ( * ) PLANE_ANGLE_UNIT ( ) SI_UNIT ( $, .RADIAN. ) );
#740 = CARTESIAN_POINT ( 'NONE',  ( -0.06500000000000000222, 0.02500000000000000139, 0.03799999999999999906 ) ) ;
#741 = CARTESIAN_POINT ( 'NONE',  ( -0.01499999999999999944, 0.006499999999999999702, 0.0000000000000000000 ) ) ;
#742 = ORIENTED_EDGE ( 'NONE', *, *, #1158, .T. ) ;
#743 = COLOUR_RGB ( '',0.9843137254901960231, 0.8431372549019607865, 0.3490196078431372362 ) ;
#744 = VECTOR ( 'NONE', #2018, 100.0000000000000000 ) ;
#745 = CARTESIAN_POINT ( 'NONE',  ( 0.005000000000000000971, -0.03150000000000000022, -0.002000000000000000042 ) ) ;
#746 = MECHANICAL_DESIGN_GEOMETRIC_PRESENTATION_REPRESENTATION (  '', ( #1705 ), #572 ) ;
#747 = COLOUR_RGB ( '',0.9843137254901960231, 0.8431372549019607865, 0.3490196078431372362 ) ;
#748 = ORIENTED_EDGE ( 'NONE', *, *, #1001, .F. ) ;
#749 =( LENGTH_UNIT ( ) NAMED_UNIT ( * ) SI_UNIT ( .CENTI., .METRE. ) );
#750 = VECTOR ( 'NONE', #2017, 100.0000000000000000 ) ;
#751 = PLANE ( 'NONE',  #503 ) ;
#752 = ADVANCED_FACE ( 'NONE', ( #1037 ), #1547, .T. ) ;
#753 =( GEOMETRIC_REPRESENTATION_CONTEXT ( 3 ) GLOBAL_UNCERTAINTY_ASSIGNED_CONTEXT ( ( #871 ) ) GLOBAL_UNIT_ASSIGNED_CONTEXT ( ( #533, #888, #243 ) ) REPRESENTATION_CONTEXT ( 'NONE', 'WORKASPACE' ) );
#754 = UNCERTAINTY_MEASURE_WITH_UNIT (LENGTH_MEASURE( 1.000000000000000082E-05 ), #1984, 'distance_accuracy_value', 'NONE');
#755 = CARTESIAN_POINT ( 'NONE',  ( 0.004999999999999999237, 0.006500000000000000569, -0.002000000000000000042 ) ) ;
#756 =( NAMED_UNIT ( * ) SI_UNIT ( $, .STERADIAN. ) SOLID_ANGLE_UNIT ( ) );
#757 = ORIENTED_EDGE ( 'NONE', *, *, #94, .T. ) ;
#758 = DIRECTION ( 'NONE',  ( -0.0000000000000000000, 1.000000000000000000, 0.0000000000000000000 ) ) ;
#759 = FILL_AREA_STYLE ('',( #1976 ) ) ;
#760 = FILL_AREA_STYLE ('',( #1270 ) ) ;
#761 = FILL_AREA_STYLE ('',( #1968 ) ) ;
#762 = DIRECTION ( 'NONE',  ( 0.0000000000000000000, -0.0000000000000000000, 1.000000000000000000 ) ) ;
#763 = PRESENTATION_STYLE_ASSIGNMENT (( #1970 ) ) ;
#764 = VERTEX_POINT ( 'NONE', #848 ) ;
#765 =( NAMED_UNIT ( * ) PLANE_ANGLE_UNIT ( ) SI_UNIT ( $, .RADIAN. ) );
#766 = SURFACE_STYLE_USAGE ( .BOTH. , #600 ) ;
#767 = ADVANCED_FACE ( 'NONE', ( #1026 ), #679, .T. ) ;
#768 = FILL_AREA_STYLE ('',( #1609 ) ) ;
#769 = SURFACE_SIDE_STYLE ('',( #1932 ) ) ;
#770 = SURFACE_STYLE_FILL_AREA ( #1786 ) ;
#771 = VERTEX_POINT ( 'NONE', #105 ) ;
#772 = LINE ( 'NONE', #1457, #1807 ) ;
#773 = SURFACE_STYLE_USAGE ( .BOTH. , #279 ) ;
#774 = SURFACE_STYLE_FILL_AREA ( #1623 ) ;
#775 = ORIENTED_EDGE ( 'NONE', *, *, #1526, .F. ) ;
#776 = AXIS2_PLACEMENT_3D ( 'NONE', #1204, #1876, #1265 ) ;
#777 = DIRECTION ( 'NONE',  ( 0.0000000000000000000, 0.0000000000000000000, -1.000000000000000000 ) ) ;
#778 = ADVANCED_FACE ( 'NONE', ( #560 ), #1478, .T. ) ;
#779 = SURFACE_SIDE_STYLE ('',( #951 ) ) ;
#780 =( LENGTH_UNIT ( ) NAMED_UNIT ( * ) SI_UNIT ( .CENTI., .METRE. ) );
#781 = VECTOR ( 'NONE', #829, 100.0000000000000000 ) ;
#782 = COLOUR_RGB ( '',0.1019607843137254888, 0.1019607843137254888, 0.1019607843137254888 ) ;
#783 = ORIENTED_EDGE ( 'NONE', *, *, #1954, .T. ) ;
#784 = CARTESIAN_POINT ( 'NONE',  ( 0.06124999999999999889, -2.602085213965209871E-18, -0.002000000000000000042 ) ) ;
#785 = VECTOR ( 'NONE', #1768, 100.0000000000000000 ) ;
#786 = LINE ( 'NONE', #1946, #362 ) ;
#787 = COLOUR_RGB ( '',0.9843137254901960231, 0.8431372549019607865, 0.3490196078431372362 ) ;
#788 = PRESENTATION_LAYER_ASSIGNMENT (  '', '', ( #2117 ) ) ;
#789 = AXIS2_PLACEMENT_3D ( 'NONE', #1167, #978, #1832 ) ;
#790 = AXIS2_PLACEMENT_3D ( 'NONE', #37, #1230, #1401 ) ;
#791 = VERTEX_POINT ( 'NONE', #1941 ) ;
#792 =( LENGTH_UNIT ( ) NAMED_UNIT ( * ) SI_UNIT ( .CENTI., .METRE. ) );
#793 = FILL_AREA_STYLE_COLOUR ( '', #300 ) ;
#794 =( NAMED_UNIT ( * ) SI_UNIT ( $, .STERADIAN. ) SOLID_ANGLE_UNIT ( ) );
#795 = CARTESIAN_POINT ( 'NONE',  ( 0.01499999999999999944, -0.006499999999999999702, 0.0000000000000000000 ) ) ;
#796 = CARTESIAN_POINT ( 'NONE',  ( 0.07999999999999990452, -2.775557561562890118E-17, 0.0000000000000000000 ) ) ;
#797 = VERTEX_POINT ( 'NONE', #895 ) ;
#798 = CARTESIAN_POINT ( 'NONE',  ( 0.01499999999999999944, 0.006499999999999999702, 0.0000000000000000000 ) ) ;
#799 =( LENGTH_UNIT ( ) NAMED_UNIT ( * ) SI_UNIT ( .CENTI., .METRE. ) );
#800 = SHAPE_REPRESENTATION ( 'Imported_3', ( #2155 ), #1261 ) ;
#801 = ORIENTED_EDGE ( 'NONE', *, *, #235, .F. ) ;
#802 = LINE ( 'NONE', #1480, #12 ) ;
#803 = FACE_OUTER_BOUND ( 'NONE', #1683, .T. ) ;
#804 = SURFACE_STYLE_FILL_AREA ( #960 ) ;
#805 = DIRECTION ( 'NONE',  ( 0.0000000000000000000, 0.0000000000000000000, -1.000000000000000000 ) ) ;
#806 = FILL_AREA_STYLE ('',( #165 ) ) ;
#807 = EDGE_LOOP ( 'NONE', ( #2193, #70, #1549, #1081 ) ) ;
#808 = CARTESIAN_POINT ( 'NONE',  ( -0.01499999999999999598, -0.02500000000000000139, 0.03799999999999999906 ) ) ;
#809 = EDGE_CURVE ( 'NONE', #764, #564, #1411, .T. ) ;
#810 = CLOSED_SHELL ( 'NONE', ( #1334, #2147, #979, #644, #1540, #1583 ) ) ;
#811 = EDGE_LOOP ( 'NONE', ( #1576, #383, #176, #2046 ) ) ;
#812 =( NAMED_UNIT ( * ) SI_UNIT ( $, .STERADIAN. ) SOLID_ANGLE_UNIT ( ) );
#813 = COLOUR_RGB ( '',0.9843137254901960231, 0.8431372549019607865, 0.3490196078431372362 ) ;
#814 = CARTESIAN_POINT ( 'NONE',  ( 0.01499999999999999944, 0.03150000000000000022, 0.0000000000000000000 ) ) ;
#815 = APPLICATION_CONTEXT ( 'automotive_design' ) ;
#816 = LINE ( 'NONE', #2023, #1804 ) ;
#817 = EDGE_LOOP ( 'NONE', ( #447, #1654, #2180, #2039 ) ) ;
#818 = VECTOR ( 'NONE', #1218, 100.0000000000000000 ) ;
#819 = DIRECTION ( 'NONE',  ( -1.000000000000000000, -0.0000000000000000000, 0.0000000000000000000 ) ) ;
#820 = MECHANICAL_DESIGN_GEOMETRIC_PRESENTATION_REPRESENTATION (  '', ( #1528 ), #463 ) ;
#821 = COLOUR_RGB ( '',0.8823529411764705621, 0.8823529411764705621, 0.8823529411764705621 ) ;
#822 = STYLED_ITEM ( 'NONE', ( #191 ), #1717 ) ;
#823 = SURFACE_SIDE_STYLE ('',( #1668 ) ) ;
#824 = EDGE_CURVE ( 'NONE', #452, #1499, #246, .T. ) ;
#825 = AXIS2_PLACEMENT_3D ( 'NONE', #240, #1922, #79 ) ;
#826 = VERTEX_POINT ( 'NONE', #1918 ) ;
#827 =( GEOMETRIC_REPRESENTATION_CONTEXT ( 3 ) GLOBAL_UNCERTAINTY_ASSIGNED_CONTEXT ( ( #1189 ) ) GLOBAL_UNIT_ASSIGNED_CONTEXT ( ( #2196, #505, #1858 ) ) REPRESENTATION_CONTEXT ( 'NONE', 'WORKASPACE' ) );
#828 = PRESENTATION_LAYER_ASSIGNMENT (  '', '', ( #1003 ) ) ;
#829 = DIRECTION ( 'NONE',  ( -1.000000000000000000, -0.0000000000000000000, 0.0000000000000000000 ) ) ;
#830 = LINE ( 'NONE', #991, #818 ) ;
#831 = DIRECTION ( 'NONE',  ( 0.0000000000000000000, -1.000000000000000000, -0.0000000000000000000 ) ) ;
#832 = ORIENTED_EDGE ( 'NONE', *, *, #353, .F. ) ;
#833 = CARTESIAN_POINT ( 'NONE',  ( -0.02500000000000000139, 0.03150000000000000022, 0.0000000000000000000 ) ) ;
#834 = CARTESIAN_POINT ( 'NONE',  ( 0.06124999999999990175, -0.03150000000000000022, 0.0000000000000000000 ) ) ;
#835 = DIRECTION ( 'NONE',  ( -1.734723475976810053E-16, -1.000000000000000000, 0.0000000000000000000 ) ) ;
#836 = ORIENTED_EDGE ( 'NONE', *, *, #1742, .F. ) ;
#837 = EDGE_CURVE ( 'NONE', #1163, #1662, #392, .T. ) ;
#838 = LINE ( 'NONE', #517, #254 ) ;
#839 = FACE_OUTER_BOUND ( 'NONE', #807, .T. ) ;
#840 = SURFACE_STYLE_USAGE ( .BOTH. , #1007 ) ;
#841 = ORIENTED_EDGE ( 'NONE', *, *, #1616, .T. ) ;
#842 = DIRECTION ( 'NONE',  ( 0.0000000000000000000, -0.0000000000000000000, -1.000000000000000000 ) ) ;
#843 = UNCERTAINTY_MEASURE_WITH_UNIT (LENGTH_MEASURE( 1.000000000000000082E-05 ), #1581, 'distance_accuracy_value', 'NONE');
#844 = ORIENTED_EDGE ( 'NONE', *, *, #1780, .F. ) ;
#845 = PLANE ( 'NONE',  #776 ) ;
#846 =( LENGTH_UNIT ( ) NAMED_UNIT ( * ) SI_UNIT ( .CENTI., .METRE. ) );
#847 = FACE_OUTER_BOUND ( 'NONE', #1185, .T. ) ;
#848 = CARTESIAN_POINT ( 'NONE',  ( -0.08000000000000008493, 0.04000000000000000083, 0.0000000000000000000 ) ) ;
#849 = EDGE_CURVE ( 'NONE', #1607, #672, #2124, .T. ) ;
#850 = EDGE_LOOP ( 'NONE', ( #742, #973, #31, #1512 ) ) ;
#851 = MECHANICAL_DESIGN_GEOMETRIC_PRESENTATION_REPRESENTATION (  '', ( #1559 ), #1953 ) ;
#852 = FACE_OUTER_BOUND ( 'NONE', #228, .T. ) ;
#853 = PRESENTATION_LAYER_ASSIGNMENT (  '', '', ( #1802 ) ) ;
#854 = FILL_AREA_STYLE ('',( #884 ) ) ;
#855 = MECHANICAL_DESIGN_GEOMETRIC_PRESENTATION_REPRESENTATION (  '', ( #1703 ), #604 ) ;
#856 = COLOUR_RGB ( '',0.9843137254901960231, 0.8431372549019607865, 0.3490196078431372362 ) ;
#857 = ORIENTED_EDGE ( 'NONE', *, *, #1141, .T. ) ;
#858 = MECHANICAL_DESIGN_GEOMETRIC_PRESENTATION_REPRESENTATION (  '', ( #2115 ), #535 ) ;
#859 = COLOUR_RGB ( '',0.9843137254901960231, 0.8431372549019607865, 0.3490196078431372362 ) ;
#860 =( GEOMETRIC_REPRESENTATION_CONTEXT ( 3 ) GLOBAL_UNCERTAINTY_ASSIGNED_CONTEXT ( ( #1864 ) ) GLOBAL_UNIT_ASSIGNED_CONTEXT ( ( #1104, #765, #935 ) ) REPRESENTATION_CONTEXT ( 'NONE', 'WORKASPACE' ) );
#861 = CARTESIAN_POINT ( 'NONE',  ( -0.07199999999999999456, 0.03150000000000000022, 0.0000000000000000000 ) ) ;
#862 =( GEOMETRIC_REPRESENTATION_CONTEXT ( 3 ) GLOBAL_UNCERTAINTY_ASSIGNED_CONTEXT ( ( #1202 ) ) GLOBAL_UNIT_ASSIGNED_CONTEXT ( ( #780, #438, #287 ) ) REPRESENTATION_CONTEXT ( 'NONE', 'WORKASPACE' ) );
#863 = CARTESIAN_POINT ( 'NONE',  ( -0.02500000000000000139, -0.006500000000000000569, 0.0000000000000000000 ) ) ;
#864 = STYLED_ITEM ( 'NONE', ( #1320 ), #1855 ) ;
#865 = ORIENTED_EDGE ( 'NONE', *, *, #837, .F. ) ;
#866 = PRODUCT_RELATED_PRODUCT_CATEGORY ( 'part', '', ( #182 ) ) ;
#867 = ADVANCED_FACE ( 'NONE', ( #274 ), #1744, .T. ) ;
#868 = CARTESIAN_POINT ( 'NONE',  ( -0.02500000000000000139, 0.03150000000000000022, -0.002000000000000000042 ) ) ;
#869 = UNCERTAINTY_MEASURE_WITH_UNIT (LENGTH_MEASURE( 1.000000000000000082E-05 ), #1298, 'distance_accuracy_value', 'NONE');
#870 = SHAPE_DEFINITION_REPRESENTATION ( #1715, #945 ) ;
#871 = UNCERTAINTY_MEASURE_WITH_UNIT (LENGTH_MEASURE( 1.000000000000000082E-05 ), #533, 'distance_accuracy_value', 'NONE');
#872 =( LENGTH_UNIT ( ) NAMED_UNIT ( * ) SI_UNIT ( .CENTI., .METRE. ) );
#873 = DIRECTION ( 'NONE',  ( -1.000000000000000000, -8.673617379884029556E-16, 0.0000000000000000000 ) ) ;
#874 = SURFACE_STYLE_FILL_AREA ( #33 ) ;
#875 = EDGE_CURVE ( 'NONE', #1163, #564, #660, .T. ) ;
#876 = PRESENTATION_STYLE_ASSIGNMENT (( #2080 ) ) ;
#877 = APPLICATION_PROTOCOL_DEFINITION ( 'draft international standard', 'automotive_design', 1998, #212 ) ;
#878 =( LENGTH_UNIT ( ) NAMED_UNIT ( * ) SI_UNIT ( .CENTI., .METRE. ) );
#879 = DIRECTION ( 'NONE',  ( 0.0000000000000000000, -1.000000000000000000, -0.0000000000000000000 ) ) ;
#880 =( LENGTH_UNIT ( ) NAMED_UNIT ( * ) SI_UNIT ( .CENTI., .METRE. ) );
#881 = CARTESIAN_POINT ( 'NONE',  ( 0.005000000000000000104, 0.01899999999999999953, 0.0000000000000000000 ) ) ;
#882 = EDGE_LOOP ( 'NONE', ( #661, #613, #527, #1479 ) ) ;
#883 = PRESENTATION_LAYER_ASSIGNMENT (  '', '', ( #598 ) ) ;
#884 = FILL_AREA_STYLE_COLOUR ( '', #1032 ) ;
#885 = FILL_AREA_STYLE_COLOUR ( '', #1923 ) ;
#886 = UNCERTAINTY_MEASURE_WITH_UNIT (LENGTH_MEASURE( 1.000000000000000082E-05 ), #1592, 'distance_accuracy_value', 'NONE');
#887 = FACE_OUTER_BOUND ( 'NONE', #2060, .T. ) ;
#888 =( NAMED_UNIT ( * ) PLANE_ANGLE_UNIT ( ) SI_UNIT ( $, .RADIAN. ) );
#889 = FILL_AREA_STYLE ('',( #1947 ) ) ;
#890 = UNCERTAINTY_MEASURE_WITH_UNIT (LENGTH_MEASURE( 1.000000000000000082E-05 ), #2035, 'distance_accuracy_value', 'NONE');
#891 = VECTOR ( 'NONE', #361, 100.0000000000000000 ) ;
#892 = SURFACE_SIDE_STYLE ('',( #211 ) ) ;
#893 = VECTOR ( 'NONE', #1106, 100.0000000000000000 ) ;
#894 = MECHANICAL_DESIGN_GEOMETRIC_PRESENTATION_REPRESENTATION (  '', ( #1889 ), #1327 ) ;
#895 = CARTESIAN_POINT ( 'NONE',  ( 0.004999999999999999237, -0.006500000000000000569, -0.002000000000000000042 ) ) ;
#896 = PLANE ( 'NONE',  #225 ) ;
#897 = AXIS2_PLACEMENT_3D ( 'NONE', #664, #1134, #627 ) ;
#898 = AXIS2_PLACEMENT_3D ( 'NONE', #112, #1097, #1308 ) ;
#899 = DIRECTION ( 'NONE',  ( 0.0000000000000000000, -1.000000000000000000, -0.0000000000000000000 ) ) ;
#900 =( GEOMETRIC_REPRESENTATION_CONTEXT ( 3 ) GLOBAL_UNCERTAINTY_ASSIGNED_CONTEXT ( ( #531 ) ) GLOBAL_UNIT_ASSIGNED_CONTEXT ( ( #65, #950, #1421 ) ) REPRESENTATION_CONTEXT ( 'NONE', 'WORKASPACE' ) );
#901 = ORIENTED_EDGE ( 'NONE', *, *, #94, .F. ) ;
#902 = DIRECTION ( 'NONE',  ( 0.0000000000000000000, 1.000000000000000000, -0.0000000000000000000 ) ) ;
#903 = DIRECTION ( 'NONE',  ( -0.0000000000000000000, 1.000000000000000000, 0.0000000000000000000 ) ) ;
#904 = DIRECTION ( 'NONE',  ( 0.0000000000000000000, -0.0000000000000000000, 1.000000000000000000 ) ) ;
#905 = CARTESIAN_POINT ( 'NONE',  ( 0.01499999999999999944, -0.03150000000000000022, 0.0000000000000000000 ) ) ;
#906 = PRESENTATION_STYLE_ASSIGNMENT (( #924 ) ) ;
#907 = EDGE_CURVE ( 'NONE', #1012, #515, #478, .T. ) ;
#908 = ORIENTED_EDGE ( 'NONE', *, *, #2116, .F. ) ;
#909 = LINE ( 'NONE', #1464, #397 ) ;
#910 = EDGE_LOOP ( 'NONE', ( #588, #1330, #573, #239 ) ) ;
#911 =( LENGTH_UNIT ( ) NAMED_UNIT ( * ) SI_UNIT ( .CENTI., .METRE. ) );
#912 = LINE ( 'NONE', #621, #1434 ) ;
#913 = UNCERTAINTY_MEASURE_WITH_UNIT (LENGTH_MEASURE( 1.000000000000000082E-05 ), #1650, 'distance_accuracy_value', 'NONE');
#914 = CARTESIAN_POINT ( 'NONE',  ( -0.01499999999999999944, 0.01899999999999999953, -0.002000000000000000042 ) ) ;
#915 = DIRECTION ( 'NONE',  ( 0.0000000000000000000, -0.0000000000000000000, -1.000000000000000000 ) ) ;
#916 = FACE_OUTER_BOUND ( 'NONE', #1203, .T. ) ;
#917 = EDGE_CURVE ( 'NONE', #404, #1645, #1696, .T. ) ;
#918 = LINE ( 'NONE', #952, #230 ) ;
#919 = ORIENTED_EDGE ( 'NONE', *, *, #1626, .F. ) ;
#920 =( GEOMETRIC_REPRESENTATION_CONTEXT ( 3 ) GLOBAL_UNCERTAINTY_ASSIGNED_CONTEXT ( ( #1341 ) ) GLOBAL_UNIT_ASSIGNED_CONTEXT ( ( #1661, #275, #161 ) ) REPRESENTATION_CONTEXT ( 'NONE', 'WORKASPACE' ) );
#921 = ORIENTED_EDGE ( 'NONE', *, *, #2014, .F. ) ;
#922 = VECTOR ( 'NONE', #329, 100.0000000000000000 ) ;
#923 = DIRECTION ( 'NONE',  ( 0.0000000000000000000, 0.0000000000000000000, 1.000000000000000000 ) ) ;
#924 = SURFACE_STYLE_USAGE ( .BOTH. , #412 ) ;
#925 = EDGE_LOOP ( 'NONE', ( #1992, #1816, #1271, #1535 ) ) ;
#926 =( GEOMETRIC_REPRESENTATION_CONTEXT ( 3 ) GLOBAL_UNCERTAINTY_ASSIGNED_CONTEXT ( ( #1066 ) ) GLOBAL_UNIT_ASSIGNED_CONTEXT ( ( #250, #1274, #1800 ) ) REPRESENTATION_CONTEXT ( 'NONE', 'WORKASPACE' ) );
#927 =( REPRESENTATION_RELATIONSHIP ('NONE','NONE', #945, #800 ) REPRESENTATION_RELATIONSHIP_WITH_TRANSFORMATION ( #727 )SHAPE_REPRESENTATION_RELATIONSHIP( ) );
#928 = FILL_AREA_STYLE_COLOUR ( '', #302 ) ;
#929 = MECHANICAL_DESIGN_GEOMETRIC_PRESENTATION_REPRESENTATION (  '', ( #1610 ), #1646 ) ;
#930 = MECHANICAL_DESIGN_GEOMETRIC_PRESENTATION_REPRESENTATION (  '', ( #122 ), #2188 ) ;
#931 = ADVANCED_FACE ( 'NONE', ( #1365 ), #1000, .T. ) ;
#932 = ORIENTED_EDGE ( 'NONE', *, *, #1879, .T. ) ;
#933 =( NAMED_UNIT ( * ) PLANE_ANGLE_UNIT ( ) SI_UNIT ( $, .RADIAN. ) );
#934 = AXIS2_PLACEMENT_3D ( 'NONE', #1232, #873, #2049 ) ;
#935 =( NAMED_UNIT ( * ) SI_UNIT ( $, .STERADIAN. ) SOLID_ANGLE_UNIT ( ) );
#936 = EDGE_CURVE ( 'NONE', #87, #1373, #1162, .T. ) ;
#937 = EDGE_LOOP ( 'NONE', ( #1792, #1697, #865, #2195 ) ) ;
#938 = CARTESIAN_POINT ( 'NONE',  ( 0.01499999999999999944, 0.006500000000000000569, -0.002000000000000000042 ) ) ;
#939 =( NAMED_UNIT ( * ) SI_UNIT ( $, .STERADIAN. ) SOLID_ANGLE_UNIT ( ) );
#940 =( LENGTH_UNIT ( ) NAMED_UNIT ( * ) SI_UNIT ( .CENTI., .METRE. ) );
#941 = FILL_AREA_STYLE_COLOUR ( '', #328 ) ;
#942 = FACE_OUTER_BOUND ( 'NONE', #1824, .T. ) ;
#943 = EDGE_LOOP ( 'NONE', ( #988, #1342, #2128, #496 ) ) ;
#944 = SURFACE_STYLE_FILL_AREA ( #1444 ) ;
#945 = SHAPE_REPRESENTATION ( 'User Library-ANT016008LCS2442MA2', ( #1969, #472, #1710, #2044 ), #753 ) ;
#946 = FILL_AREA_STYLE_COLOUR ( '', #1028 ) ;
#947 = EDGE_CURVE ( 'NONE', #1662, #666, #487, .T. ) ;
#948 = ORIENTED_EDGE ( 'NONE', *, *, #1085, .T. ) ;
#949 = FILL_AREA_STYLE_COLOUR ( '', #1987 ) ;
#950 =( NAMED_UNIT ( * ) PLANE_ANGLE_UNIT ( ) SI_UNIT ( $, .RADIAN. ) );
#951 = SURFACE_STYLE_FILL_AREA ( #1620 ) ;
#952 = CARTESIAN_POINT ( 'NONE',  ( -0.01499999999999999944, 0.006500000000000000569, -0.002000000000000000042 ) ) ;
#953 = ORIENTED_EDGE ( 'NONE', *, *, #837, .T. ) ;
#954 = FACE_OUTER_BOUND ( 'NONE', #1210, .T. ) ;
#955 = COLOUR_RGB ( '',0.1019607843137254888, 0.1019607843137254888, 0.1019607843137254888 ) ;
#956 = FILL_AREA_STYLE_COLOUR ( '', #14 ) ;
#957 = ORIENTED_EDGE ( 'NONE', *, *, #292, .F. ) ;
#958 =( GEOMETRIC_REPRESENTATION_CONTEXT ( 3 ) GLOBAL_UNCERTAINTY_ASSIGNED_CONTEXT ( ( #255 ) ) GLOBAL_UNIT_ASSIGNED_CONTEXT ( ( #1783, #971, #1105 ) ) REPRESENTATION_CONTEXT ( 'NONE', 'WORKASPACE' ) );
#959 = SURFACE_STYLE_FILL_AREA ( #759 ) ;
#960 = FILL_AREA_STYLE ('',( #793 ) ) ;
#961 = ADVANCED_FACE ( 'NONE', ( #987 ), #178, .T. ) ;
#962 = DIRECTION ( 'NONE',  ( 0.0000000000000000000, 0.0000000000000000000, 1.000000000000000000 ) ) ;
#963 = VECTOR ( 'NONE', #1612, 100.0000000000000000 ) ;
#964 = DIRECTION ( 'NONE',  ( 1.734723475976810053E-16, 1.000000000000000000, 0.0000000000000000000 ) ) ;
#965 =( NAMED_UNIT ( * ) PLANE_ANGLE_UNIT ( ) SI_UNIT ( $, .RADIAN. ) );
#966 = MECHANICAL_DESIGN_GEOMETRIC_PRESENTATION_REPRESENTATION (  '', ( #2114 ), #1254 ) ;
#967 = LINE ( 'NONE', #1825, #433 ) ;
#968 = PRESENTATION_LAYER_ASSIGNMENT (  '', '', ( #1564 ) ) ;
#969 = VECTOR ( 'NONE', #994, 100.0000000000000000 ) ;
#970 = PRESENTATION_LAYER_ASSIGNMENT (  '', '', ( #1967 ) ) ;
#971 =( NAMED_UNIT ( * ) PLANE_ANGLE_UNIT ( ) SI_UNIT ( $, .RADIAN. ) );
#972 = VECTOR ( 'NONE', #777, 100.0000000000000000 ) ;
#973 = ORIENTED_EDGE ( 'NONE', *, *, #2179, .T. ) ;
#974 =( NAMED_UNIT ( * ) SI_UNIT ( $, .STERADIAN. ) SOLID_ANGLE_UNIT ( ) );
#975 = DIRECTION ( 'NONE',  ( 1.000000000000000000, 0.0000000000000000000, 0.0000000000000000000 ) ) ;
#976 = SURFACE_STYLE_USAGE ( .BOTH. , #779 ) ;
#977 = DIRECTION ( 'NONE',  ( 0.0000000000000000000, -0.0000000000000000000, -1.000000000000000000 ) ) ;
#978 = DIRECTION ( 'NONE',  ( 0.0000000000000000000, 0.0000000000000000000, 1.000000000000000000 ) ) ;
#979 = ADVANCED_FACE ( 'NONE', ( #1542 ), #1588, .T. ) ;
#980 = LINE ( 'NONE', #2005, #1077 ) ;
#981 = EDGE_LOOP ( 'NONE', ( #282, #1471, #101, #1394 ) ) ;
#982 = LINE ( 'NONE', #938, #736 ) ;
#983 = SURFACE_STYLE_USAGE ( .BOTH. , #1819 ) ;
#984 = DIRECTION ( 'NONE',  ( 0.0000000000000000000, 0.0000000000000000000, 1.000000000000000000 ) ) ;
#985 = EDGE_CURVE ( 'NONE', #475, #1840, #565, .T. ) ;
#986 =( NAMED_UNIT ( * ) SI_UNIT ( $, .STERADIAN. ) SOLID_ANGLE_UNIT ( ) );
#987 = FACE_OUTER_BOUND ( 'NONE', #682, .T. ) ;
#988 = ORIENTED_EDGE ( 'NONE', *, *, #1763, .T. ) ;
#989 = COLOUR_RGB ( '',0.9843137254901960231, 0.8431372549019607865, 0.3490196078431372362 ) ;
#990 = FACE_OUTER_BOUND ( 'NONE', #1670, .T. ) ;
#991 = CARTESIAN_POINT ( 'NONE',  ( -0.05049999999999990608, -0.03150000000000000022, 0.0000000000000000000 ) ) ;
#992 = ORIENTED_EDGE ( 'NONE', *, *, #2098, .T. ) ;
#993 = VECTOR ( 'NONE', #1276, 100.0000000000000000 ) ;
#994 = DIRECTION ( 'NONE',  ( 1.000000000000000000, 0.0000000000000000000, -0.0000000000000000000 ) ) ;
#995 = SURFACE_STYLE_USAGE ( .BOTH. , #1863 ) ;
#996 = PRESENTATION_LAYER_ASSIGNMENT (  '', '', ( #671 ) ) ;
#997 = STYLED_ITEM ( 'NONE', ( #1092 ), #1070 ) ;
#998 = COLOUR_RGB ( '',0.9843137254901960231, 0.8431372549019607865, 0.3490196078431372362 ) ;
#999 = COLOUR_RGB ( '',0.9843137254901960231, 0.8431372549019607865, 0.3490196078431372362 ) ;
#1000 = PLANE ( 'NONE',  #1399 ) ;
#1001 = EDGE_CURVE ( 'NONE', #1803, #1461, #1398, .T. ) ;
#1002 = STYLED_ITEM ( 'NONE', ( #346 ), #2168 ) ;
#1003 = STYLED_ITEM ( 'NONE', ( #1323 ), #1407 ) ;
#1004 = ORIENTED_EDGE ( 'NONE', *, *, #454, .T. ) ;
#1005 = VECTOR ( 'NONE', #688, 100.0000000000000000 ) ;
#1006 =( NAMED_UNIT ( * ) SI_UNIT ( $, .STERADIAN. ) SOLID_ANGLE_UNIT ( ) );
#1007 = SURFACE_SIDE_STYLE ('',( #318 ) ) ;
#1008 = MANIFOLD_SOLID_BREP ( 'Imported1', #2063 ) ;
#1009 = ORIENTED_EDGE ( 'NONE', *, *, #668, .T. ) ;
#1010 =( LENGTH_UNIT ( ) NAMED_UNIT ( * ) SI_UNIT ( .CENTI., .METRE. ) );
#1011 =( NAMED_UNIT ( * ) SI_UNIT ( $, .STERADIAN. ) SOLID_ANGLE_UNIT ( ) );
#1012 = VERTEX_POINT ( 'NONE', #2100 ) ;
#1013 = EDGE_CURVE ( 'NONE', #797, #1103, #912, .T. ) ;
#1014 =( NAMED_UNIT ( * ) SI_UNIT ( $, .STERADIAN. ) SOLID_ANGLE_UNIT ( ) );
#1015 = FILL_AREA_STYLE_COLOUR ( '', #2028 ) ;
#1016 = SURFACE_STYLE_FILL_AREA ( #549 ) ;
#1017 = PRESENTATION_STYLE_ASSIGNMENT (( #1406 ) ) ;
#1018 = ORIENTED_EDGE ( 'NONE', *, *, #1866, .F. ) ;
#1019 = SURFACE_SIDE_STYLE ('',( #1041 ) ) ;
#1020 = SURFACE_SIDE_STYLE ('',( #140 ) ) ;
#1021 = UNCERTAINTY_MEASURE_WITH_UNIT (LENGTH_MEASURE( 1.000000000000000082E-05 ), #395, 'distance_accuracy_value', 'NONE');
#1022 = VERTEX_POINT ( 'NONE', #298 ) ;
#1023 =( LENGTH_UNIT ( ) NAMED_UNIT ( * ) SI_UNIT ( .CENTI., .METRE. ) );
#1024 = PRODUCT_DEFINITION_CONTEXT ( 'detailed design', #585, 'design' ) ;
#1025 = SURFACE_SIDE_STYLE ('',( #1860 ) ) ;
#1026 = FACE_OUTER_BOUND ( 'NONE', #1359, .T. ) ;
#1027 = FILL_AREA_STYLE_COLOUR ( '', #271 ) ;
#1028 = COLOUR_RGB ( '',0.9843137254901960231, 0.8431372549019607865, 0.3490196078431372362 ) ;
#1029 = CARTESIAN_POINT ( 'NONE',  ( 0.02500000000000000139, -0.006500000000000000569, -0.002000000000000000042 ) ) ;
#1030 = SURFACE_STYLE_USAGE ( .BOTH. , #1019 ) ;
#1031 =( GEOMETRIC_REPRESENTATION_CONTEXT ( 3 ) GLOBAL_UNCERTAINTY_ASSIGNED_CONTEXT ( ( #514 ) ) GLOBAL_UNIT_ASSIGNED_CONTEXT ( ( #647, #1335, #1507 ) ) REPRESENTATION_CONTEXT ( 'NONE', 'WORKASPACE' ) );
#1032 = COLOUR_RGB ( '',0.1019607843137254888, 0.1019607843137254888, 0.1019607843137254888 ) ;
#1033 = AXIS2_PLACEMENT_3D ( 'NONE', #784, #1655, #1986 ) ;
#1034 = PRESENTATION_STYLE_ASSIGNMENT (( #1867 ) ) ;
#1035 = VECTOR ( 'NONE', #322, 100.0000000000000000 ) ;
#1036 = VECTOR ( 'NONE', #699, 100.0000000000000000 ) ;
#1037 = FACE_OUTER_BOUND ( 'NONE', #319, .T. ) ;
#1038 = PRODUCT_DEFINITION_FORMATION_WITH_SPECIFIED_SOURCE ( 'ANY', '', #2062, .NOT_KNOWN. ) ;
#1039 = EDGE_CURVE ( 'NONE', #791, #1766, #289, .T. ) ;
#1040 = SURFACE_SIDE_STYLE ('',( #2086 ) ) ;
#1041 = SURFACE_STYLE_FILL_AREA ( #889 ) ;
#1042 =( LENGTH_UNIT ( ) NAMED_UNIT ( * ) SI_UNIT ( .CENTI., .METRE. ) );
#1043 = UNCERTAINTY_MEASURE_WITH_UNIT (LENGTH_MEASURE( 1.000000000000000082E-05 ), #237, 'distance_accuracy_value', 'NONE');
#1044 = DIRECTION ( 'NONE',  ( -0.0000000000000000000, 0.0000000000000000000, -1.000000000000000000 ) ) ;
#1045 = CARTESIAN_POINT ( 'NONE',  ( 0.0000000000000000000, 0.0000000000000000000, 0.002000000000000000042 ) ) ;
#1046 =( NAMED_UNIT ( * ) SI_UNIT ( $, .STERADIAN. ) SOLID_ANGLE_UNIT ( ) );
#1047 = LINE ( 'NONE', #391, #95 ) ;
#1048 =( NAMED_UNIT ( * ) PLANE_ANGLE_UNIT ( ) SI_UNIT ( $, .RADIAN. ) );
#1049 = EDGE_CURVE ( 'NONE', #1461, #1012, #786, .T. ) ;
#1050 = DIRECTION ( 'NONE',  ( -0.0000000000000000000, -1.000000000000000000, 0.0000000000000000000 ) ) ;
#1051 = SURFACE_STYLE_FILL_AREA ( #1418 ) ;
#1052 =( NAMED_UNIT ( * ) PLANE_ANGLE_UNIT ( ) SI_UNIT ( $, .RADIAN. ) );
#1053 = PRODUCT_CONTEXT ( 'NONE', #212, 'mechanical' ) ;
#1054 = CARTESIAN_POINT ( 'NONE',  ( -5.645736403633610000E-17, 0.04000000000000000083, 0.03799999999999999906 ) ) ;
#1055 =( NAMED_UNIT ( * ) SI_UNIT ( $, .STERADIAN. ) SOLID_ANGLE_UNIT ( ) );
#1056 = DIRECTION ( 'NONE',  ( 0.0000000000000000000, 0.0000000000000000000, -1.000000000000000000 ) ) ;
#1057 = VECTOR ( 'NONE', #1088, 100.0000000000000000 ) ;
#1058 =( LENGTH_UNIT ( ) NAMED_UNIT ( * ) SI_UNIT ( .CENTI., .METRE. ) );
#1059 =( NAMED_UNIT ( * ) SI_UNIT ( $, .STERADIAN. ) SOLID_ANGLE_UNIT ( ) );
#1060 = MECHANICAL_DESIGN_GEOMETRIC_PRESENTATION_REPRESENTATION (  '', ( #45 ), #1594 ) ;
#1061 = ORIENTED_EDGE ( 'NONE', *, *, #2116, .T. ) ;
#1062 =( GEOMETRIC_REPRESENTATION_CONTEXT ( 3 ) GLOBAL_UNCERTAINTY_ASSIGNED_CONTEXT ( ( #2031 ) ) GLOBAL_UNIT_ASSIGNED_CONTEXT ( ( #1690, #25, #1164 ) ) REPRESENTATION_CONTEXT ( 'NONE', 'WORKASPACE' ) );
#1063 = SURFACE_STYLE_FILL_AREA ( #854 ) ;
#1064 = DIRECTION ( 'NONE',  ( -1.387778780781450113E-16, 1.000000000000000000, 0.0000000000000000000 ) ) ;
#1065 = VECTOR ( 'NONE', #805, 100.0000000000000000 ) ;
#1066 = UNCERTAINTY_MEASURE_WITH_UNIT (LENGTH_MEASURE( 1.000000000000000082E-05 ), #250, 'distance_accuracy_value', 'NONE');
#1067 =( NAMED_UNIT ( * ) SI_UNIT ( $, .STERADIAN. ) SOLID_ANGLE_UNIT ( ) );
#1068 = MECHANICAL_DESIGN_GEOMETRIC_PRESENTATION_REPRESENTATION (  '', ( #1769 ), #1107 ) ;
#1069 = CONTEXT_DEPENDENT_SHAPE_REPRESENTATION ( #1757, #1730 ) ;
#1070 = ADVANCED_FACE ( 'NONE', ( #1451 ), #751, .F. ) ;
#1071 = FILL_AREA_STYLE_COLOUR ( '', #93 ) ;
#1072 = MECHANICAL_DESIGN_GEOMETRIC_PRESENTATION_REPRESENTATION (  '', ( #1572 ), #301 ) ;
#1073 = DIRECTION ( 'NONE',  ( 0.0000000000000000000, -0.0000000000000000000, -1.000000000000000000 ) ) ;
#1074 = AXIS2_PLACEMENT_3D ( 'NONE', #674, #38, #516 ) ;
#1075 = VECTOR ( 'NONE', #553, 100.0000000000000000 ) ;
#1076 = SURFACE_STYLE_USAGE ( .BOTH. , #769 ) ;
#1077 = VECTOR ( 'NONE', #650, 100.0000000000000000 ) ;
#1078 = PRESENTATION_LAYER_ASSIGNMENT (  '', '', ( #2042 ) ) ;
#1079 = FILL_AREA_STYLE ('',( #581 ) ) ;
#1080 = STYLED_ITEM ( 'NONE', ( #1671 ), #69 ) ;
#1081 = ORIENTED_EDGE ( 'NONE', *, *, #1039, .F. ) ;
#1082 =( NAMED_UNIT ( * ) PLANE_ANGLE_UNIT ( ) SI_UNIT ( $, .RADIAN. ) );
#1083 =( NAMED_UNIT ( * ) SI_UNIT ( $, .STERADIAN. ) SOLID_ANGLE_UNIT ( ) );
#1084 = CARTESIAN_POINT ( 'NONE',  ( -0.02500000000000000139, 0.01899999999999999953, -0.002000000000000000042 ) ) ;
#1085 = EDGE_CURVE ( 'NONE', #522, #404, #1790, .T. ) ;
#1086 = CARTESIAN_POINT ( 'NONE',  ( -5.645736403633610000E-17, -0.04000000000000000083, 0.03799999999999999906 ) ) ;
#1087 = DIRECTION ( 'NONE',  ( 1.734723475976810053E-16, -1.000000000000000000, 0.0000000000000000000 ) ) ;
#1088 = DIRECTION ( 'NONE',  ( -1.000000000000000000, -0.0000000000000000000, -1.721838860728290001E-30 ) ) ;
#1089 = APPLICATION_CONTEXT ( 'automotive_design' ) ;
#1090 = DIRECTION ( 'NONE',  ( 0.0000000000000000000, -0.0000000000000000000, 1.000000000000000000 ) ) ;
#1091 = EDGE_LOOP ( 'NONE', ( #1955, #406, #658, #948 ) ) ;
#1092 = PRESENTATION_STYLE_ASSIGNMENT (( #773 ) ) ;
#1093 = UNCERTAINTY_MEASURE_WITH_UNIT (LENGTH_MEASURE( 1.000000000000000082E-05 ), #1201, 'distance_accuracy_value', 'NONE');
#1094 =( LENGTH_UNIT ( ) NAMED_UNIT ( * ) SI_UNIT ( .CENTI., .METRE. ) );
#1095 = PLANE ( 'NONE',  #158 ) ;
#1096 = UNCERTAINTY_MEASURE_WITH_UNIT (LENGTH_MEASURE( 1.000000000000000082E-05 ), #315, 'distance_accuracy_value', 'NONE');
#1097 = DIRECTION ( 'NONE',  ( -1.721838860728290001E-30, 6.898853532133379905E-32, 1.000000000000000000 ) ) ;
#1098 = CARTESIAN_POINT ( 'NONE',  ( -5.645736403633610000E-17, -2.255140518769850147E-17, 0.03799999999999999906 ) ) ;
#1099 = CARTESIAN_POINT ( 'NONE',  ( -0.04000000000000000083, -2.341876692568689577E-17, 0.03899999999999999994 ) ) ;
#1100 = PRESENTATION_STYLE_ASSIGNMENT (( #414 ) ) ;
#1101 = ADVANCED_FACE ( 'NONE', ( #1121 ), #1957, .T. ) ;
#1102 = PRESENTATION_LAYER_ASSIGNMENT (  '', '', ( #2103 ) ) ;
#1103 = VERTEX_POINT ( 'NONE', #449 ) ;
#1104 =( LENGTH_UNIT ( ) NAMED_UNIT ( * ) SI_UNIT ( .CENTI., .METRE. ) );
#1105 =( NAMED_UNIT ( * ) SI_UNIT ( $, .STERADIAN. ) SOLID_ANGLE_UNIT ( ) );
#1106 = DIRECTION ( 'NONE',  ( 0.0000000000000000000, 1.000000000000000000, -0.0000000000000000000 ) ) ;
#1107 =( GEOMETRIC_REPRESENTATION_CONTEXT ( 3 ) GLOBAL_UNCERTAINTY_ASSIGNED_CONTEXT ( ( #886 ) ) GLOBAL_UNIT_ASSIGNED_CONTEXT ( ( #1592, #1437, #1055 ) ) REPRESENTATION_CONTEXT ( 'NONE', 'WORKASPACE' ) );
#1108 = LINE ( 'NONE', #453, #566 ) ;
#1109 = DIRECTION ( 'NONE',  ( -2.202823461557850095E-16, -1.000000000000000000, 0.0000000000000000000 ) ) ;
#1110 = VECTOR ( 'NONE', #1481, 100.0000000000000000 ) ;
#1111 = PLANE ( 'NONE',  #231 ) ;
#1112 = PRESENTATION_LAYER_ASSIGNMENT (  '', '', ( #1605 ) ) ;
#1113 =( GEOMETRIC_REPRESENTATION_CONTEXT ( 3 ) GLOBAL_UNCERTAINTY_ASSIGNED_CONTEXT ( ( #1021 ) ) GLOBAL_UNIT_ASSIGNED_CONTEXT ( ( #395, #1527, #563 ) ) REPRESENTATION_CONTEXT ( 'NONE', 'WORKASPACE' ) );
#1114 = COLOUR_RGB ( '',0.8823529411764705621, 0.8823529411764705621, 0.8823529411764705621 ) ;
#1115 = MECHANICAL_DESIGN_GEOMETRIC_PRESENTATION_REPRESENTATION (  '', ( #199 ), #645 ) ;
#1116 = MANIFOLD_SOLID_BREP ( 'Imported3', #1242 ) ;
#1117 = ORIENTED_EDGE ( 'NONE', *, *, #1013, .T. ) ;
#1118 = EDGE_CURVE ( 'NONE', #1871, #103, #1782, .T. ) ;
#1119 = CARTESIAN_POINT ( 'NONE',  ( -0.07199999999999999456, -2.602085213965209871E-18, -0.002000000000000000042 ) ) ;
#1120 = COLOUR_RGB ( '',0.9843137254901960231, 0.8431372549019607865, 0.3490196078431372362 ) ;
#1121 = FACE_OUTER_BOUND ( 'NONE', #817, .T. ) ;
#1122 = PRESENTATION_STYLE_ASSIGNMENT (( #417 ) ) ;
#1123 = ORIENTED_EDGE ( 'NONE', *, *, #824, .F. ) ;
#1124 = SURFACE_STYLE_USAGE ( .BOTH. , #1455 ) ;
#1125 = SURFACE_STYLE_FILL_AREA ( #761 ) ;
#1126 = FILL_AREA_STYLE_COLOUR ( '', #357 ) ;
#1127 = ORIENTED_EDGE ( 'NONE', *, *, #606, .F. ) ;
#1128 = DIRECTION ( 'NONE',  ( 1.000000000000000000, 0.0000000000000000000, 0.0000000000000000000 ) ) ;
#1129 = DIRECTION ( 'NONE',  ( 1.000000000000000000, 0.0000000000000000000, -0.0000000000000000000 ) ) ;
#1130 = CARTESIAN_POINT ( 'NONE',  ( -0.07199999999999999456, 0.0000000000000000000, 0.0000000000000000000 ) ) ;
#1131 = CARTESIAN_POINT ( 'NONE',  ( -0.005000000000000000104, -0.01899999999999999953, 0.0000000000000000000 ) ) ;
#1132 = PRESENTATION_STYLE_ASSIGNMENT (( #286 ) ) ;
#1133 = DIRECTION ( 'NONE',  ( -1.000000000000000000, -1.734723475976810053E-16, 0.0000000000000000000 ) ) ;
#1134 = DIRECTION ( 'NONE',  ( -0.0000000000000000000, 1.000000000000000000, 0.0000000000000000000 ) ) ;
#1135 = ORIENTED_EDGE ( 'NONE', *, *, #198, .F. ) ;
#1136 =( NAMED_UNIT ( * ) SI_UNIT ( $, .STERADIAN. ) SOLID_ANGLE_UNIT ( ) );
#1137 = FILL_AREA_STYLE_COLOUR ( '', #1606 ) ;
#1138 = COLOUR_RGB ( '',0.9843137254901960231, 0.8431372549019607865, 0.3490196078431372362 ) ;
#1139 = VERTEX_POINT ( 'NONE', #461 ) ;
#1140 = DIRECTION ( 'NONE',  ( 1.000000000000000000, 0.0000000000000000000, -0.0000000000000000000 ) ) ;
#1141 = EDGE_CURVE ( 'NONE', #345, #2004, #1826, .T. ) ;
#1142 = DIRECTION ( 'NONE',  ( 0.0000000000000000000, -0.0000000000000000000, -1.000000000000000000 ) ) ;
#1143 = PLANE ( 'NONE',  #2105 ) ;
#1144 = FILL_AREA_STYLE ('',( #2189 ) ) ;
#1145 = VECTOR ( 'NONE', #1383, 100.0000000000000000 ) ;
#1146 = MANIFOLD_SOLID_BREP ( 'Imported1', #1353 ) ;
#1147 = EDGE_LOOP ( 'NONE', ( #1636, #1442, #2025, #2153 ) ) ;
#1148 = FILL_AREA_STYLE ('',( #629 ) ) ;
#1149 = VECTOR ( 'NONE', #587, 100.0000000000000000 ) ;
#1150 =( GEOMETRIC_REPRESENTATION_CONTEXT ( 3 ) GLOBAL_UNCERTAINTY_ASSIGNED_CONTEXT ( ( #1384 ) ) GLOBAL_UNIT_ASSIGNED_CONTEXT ( ( #1813, #2007, #1501 ) ) REPRESENTATION_CONTEXT ( 'NONE', 'WORKASPACE' ) );
#1151 = AXIS2_PLACEMENT_3D ( 'NONE', #905, #245, #915 ) ;
#1152 = DIRECTION ( 'NONE',  ( 0.0000000000000000000, -1.000000000000000000, 0.0000000000000000000 ) ) ;
#1153 = FILL_AREA_STYLE ('',( #670 ) ) ;
#1154 = MECHANICAL_DESIGN_GEOMETRIC_PRESENTATION_REPRESENTATION (  '', ( #864 ), #1613 ) ;
#1155 = VERTEX_POINT ( 'NONE', #669 ) ;
#1156 = DIRECTION ( 'NONE',  ( 0.0000000000000000000, 0.0000000000000000000, 1.000000000000000000 ) ) ;
#1157 = SURFACE_STYLE_FILL_AREA ( #1343 ) ;
#1158 = EDGE_CURVE ( 'NONE', #430, #2144, #630, .T. ) ;
#1159 = LINE ( 'NONE', #1496, #1358 ) ;
#1160 = FILL_AREA_STYLE ('',( #474 ) ) ;
#1161 = ORIENTED_EDGE ( 'NONE', *, *, #540, .F. ) ;
#1162 = LINE ( 'NONE', #1991, #1770 ) ;
#1163 = VERTEX_POINT ( 'NONE', #511 ) ;
#1164 =( NAMED_UNIT ( * ) SI_UNIT ( $, .STERADIAN. ) SOLID_ANGLE_UNIT ( ) );
#1165 = LINE ( 'NONE', #1829, #1110 ) ;
#1166 = LINE ( 'NONE', #493, #1993 ) ;
#1167 = CARTESIAN_POINT ( 'NONE',  ( -0.01499999999999999944, 0.01899999999999999953, 0.0000000000000000000 ) ) ;
#1168 = CARTESIAN_POINT ( 'NONE',  ( 0.01499999999999999944, -0.03150000000000000022, -0.002000000000000000042 ) ) ;
#1169 = ADVANCED_FACE ( 'NONE', ( #168 ), #1194, .T. ) ;
#1170 =( LENGTH_UNIT ( ) NAMED_UNIT ( * ) SI_UNIT ( .CENTI., .METRE. ) );
#1171 = VERTEX_POINT ( 'NONE', #1029 ) ;
#1172 = FILL_AREA_STYLE ('',( #2012 ) ) ;
#1173 =( GEOMETRIC_REPRESENTATION_CONTEXT ( 3 ) GLOBAL_UNCERTAINTY_ASSIGNED_CONTEXT ( ( #1839 ) ) GLOBAL_UNIT_ASSIGNED_CONTEXT ( ( #257, #739, #104 ) ) REPRESENTATION_CONTEXT ( 'NONE', 'WORKASPACE' ) );
#1174 =( NAMED_UNIT ( * ) PLANE_ANGLE_UNIT ( ) SI_UNIT ( $, .RADIAN. ) );
#1175 = COLOUR_RGB ( '',0.9843137254901960231, 0.8431372549019607865, 0.3490196078431372362 ) ;
#1176 = FILL_AREA_STYLE ('',( #1015 ) ) ;
#1177 = LINE ( 'NONE', #1463, #262 ) ;
#1178 = SURFACE_SIDE_STYLE ('',( #494 ) ) ;
#1179 = SURFACE_STYLE_FILL_AREA ( #1297 ) ;
#1180 = MECHANICAL_DESIGN_GEOMETRIC_PRESENTATION_REPRESENTATION (  '', ( #607 ), #1960 ) ;
#1181 = EDGE_CURVE ( 'NONE', #467, #1163, #1910, .T. ) ;
#1182 = VECTOR ( 'NONE', #312, 100.0000000000000000 ) ;
#1183 = PRESENTATION_STYLE_ASSIGNMENT (( #323 ) ) ;
#1184 = UNCERTAINTY_MEASURE_WITH_UNIT (LENGTH_MEASURE( 1.000000000000000082E-05 ), #1094, 'distance_accuracy_value', 'NONE');
#1185 = EDGE_LOOP ( 'NONE', ( #2133, #24, #1282, #337 ) ) ;
#1186 = FACE_OUTER_BOUND ( 'NONE', #4, .T. ) ;
#1187 =( GEOMETRIC_REPRESENTATION_CONTEXT ( 3 ) GLOBAL_UNCERTAINTY_ASSIGNED_CONTEXT ( ( #81 ) ) GLOBAL_UNIT_ASSIGNED_CONTEXT ( ( #1774, #1805, #939 ) ) REPRESENTATION_CONTEXT ( 'NONE', 'WORKASPACE' ) );
#1188 = CARTESIAN_POINT ( 'NONE',  ( 0.004999999999999999237, 0.01899999999999999953, -0.002000000000000000042 ) ) ;
#1189 = UNCERTAINTY_MEASURE_WITH_UNIT (LENGTH_MEASURE( 1.000000000000000082E-05 ), #2196, 'distance_accuracy_value', 'NONE');
#1190 = FILL_AREA_STYLE ('',( #655 ) ) ;
#1191 = FILL_AREA_STYLE ('',( #1870 ) ) ;
#1192 = PRODUCT_DEFINITION_SHAPE ( 'NONE', 'NONE',  #2202 ) ;
#1193 = ORIENTED_EDGE ( 'NONE', *, *, #695, .F. ) ;
#1194 = PLANE ( 'NONE',  #268 ) ;
#1195 =( NAMED_UNIT ( * ) PLANE_ANGLE_UNIT ( ) SI_UNIT ( $, .RADIAN. ) );
#1196 = EDGE_LOOP ( 'NONE', ( #16, #1857, #1981, #932 ) ) ;
#1197 = SURFACE_STYLE_FILL_AREA ( #2066 ) ;
#1198 = DIRECTION ( 'NONE',  ( -0.0000000000000000000, -0.0000000000000000000, -1.000000000000000000 ) ) ;
#1199 = SURFACE_SIDE_STYLE ('',( #1882 ) ) ;
#1200 = ORIENTED_EDGE ( 'NONE', *, *, #1618, .T. ) ;
#1201 =( LENGTH_UNIT ( ) NAMED_UNIT ( * ) SI_UNIT ( .CENTI., .METRE. ) );
#1202 = UNCERTAINTY_MEASURE_WITH_UNIT (LENGTH_MEASURE( 1.000000000000000082E-05 ), #780, 'distance_accuracy_value', 'NONE');
#1203 = EDGE_LOOP ( 'NONE', ( #1061, #420, #1468, #1760 ) ) ;
#1204 = CARTESIAN_POINT ( 'NONE',  ( -0.05049999999999990608, 0.0000000000000000000, 0.0000000000000000000 ) ) ;
#1205 = FILL_AREA_STYLE_COLOUR ( '', #466 ) ;
#1206 = ADVANCED_FACE ( 'NONE', ( #852 ), #2073, .F. ) ;
#1207 = COLOUR_RGB ( '',0.9843137254901960231, 0.8431372549019607865, 0.3490196078431372362 ) ;
#1208 = CARTESIAN_POINT ( 'NONE',  ( -0.01499999999999999944, -0.006500000000000000569, -0.002000000000000000042 ) ) ;
#1209 = VECTOR ( 'NONE', #1315, 100.0000000000000000 ) ;
#1210 = EDGE_LOOP ( 'NONE', ( #1009, #1630, #331, #836 ) ) ;
#1211 = FACE_OUTER_BOUND ( 'NONE', #943, .T. ) ;
#1212 = PRESENTATION_STYLE_ASSIGNMENT (( #1382 ) ) ;
#1213 = PRESENTATION_LAYER_ASSIGNMENT (  '', '', ( #822 ) ) ;
#1214 = CARTESIAN_POINT ( 'NONE',  ( 0.07199999999999999456, -0.03150000000000000022, 0.0000000000000000000 ) ) ;
#1215 = VECTOR ( 'NONE', #1631, 100.0000000000000000 ) ;
#1216 = PRESENTATION_LAYER_ASSIGNMENT (  '', '', ( #1889 ) ) ;
#1217 = LINE ( 'NONE', #1721, #148 ) ;
#1218 = DIRECTION ( 'NONE',  ( -0.0000000000000000000, 0.0000000000000000000, 1.000000000000000000 ) ) ;
#1219 = VECTOR ( 'NONE', #519, 100.0000000000000000 ) ;
#1220 =( NAMED_UNIT ( * ) SI_UNIT ( $, .STERADIAN. ) SOLID_ANGLE_UNIT ( ) );
#1221 = DIRECTION ( 'NONE',  ( -1.000000000000000000, 0.0000000000000000000, 0.0000000000000000000 ) ) ;
#1222 = FACE_OUTER_BOUND ( 'NONE', #925, .T. ) ;
#1223 = EDGE_CURVE ( 'NONE', #1369, #1171, #690, .T. ) ;
#1224 = ORIENTED_EDGE ( 'NONE', *, *, #710, .F. ) ;
#1225 =( LENGTH_UNIT ( ) NAMED_UNIT ( * ) SI_UNIT ( .CENTI., .METRE. ) );
#1226 = PRODUCT_DEFINITION_SHAPE ( 'NONE', 'NONE',  #248 ) ;
#1227 =( NAMED_UNIT ( * ) PLANE_ANGLE_UNIT ( ) SI_UNIT ( $, .RADIAN. ) );
#1228 = UNCERTAINTY_MEASURE_WITH_UNIT (LENGTH_MEASURE( 1.000000000000000082E-05 ), #625, 'distance_accuracy_value', 'NONE');
#1229 = FACE_OUTER_BOUND ( 'NONE', #1657, .T. ) ;
#1230 = DIRECTION ( 'NONE',  ( 0.0000000000000000000, 0.0000000000000000000, 1.000000000000000000 ) ) ;
#1231 = FACE_OUTER_BOUND ( 'NONE', #850, .T. ) ;
#1232 = CARTESIAN_POINT ( 'NONE',  ( -0.08000000000000000167, -2.775557561562890118E-17, 0.0000000000000000000 ) ) ;
#1233 = VERTEX_POINT ( 'NONE', #528 ) ;
#1234 = EDGE_CURVE ( 'NONE', #515, #1871, #521, .T. ) ;
#1235 = SURFACE_SIDE_STYLE ('',( #1063 ) ) ;
#1236 = DIRECTION ( 'NONE',  ( 1.000000000000000000, 1.387778780781450113E-16, 0.0000000000000000000 ) ) ;
#1237 = SURFACE_STYLE_FILL_AREA ( #718 ) ;
#1238 = SURFACE_STYLE_USAGE ( .BOTH. , #1906 ) ;
#1239 =( NAMED_UNIT ( * ) PLANE_ANGLE_UNIT ( ) SI_UNIT ( $, .RADIAN. ) );
#1240 = PRESENTATION_STYLE_ASSIGNMENT (( #1076 ) ) ;
#1241 = FILL_AREA_STYLE ('',( #1289 ) ) ;
#1242 = CLOSED_SHELL ( 'NONE', ( #1717, #1555, #1266, #280, #451, #1407 ) ) ;
#1243 = EDGE_LOOP ( 'NONE', ( #1689, #350, #502, #2054 ) ) ;
#1244 = FILL_AREA_STYLE_COLOUR ( '', #787 ) ;
#1245 = STYLED_ITEM ( 'NONE', ( #1537 ), #280 ) ;
#1246 = ORIENTED_EDGE ( 'NONE', *, *, #2067, .F. ) ;
#1247 = PLANE ( 'NONE',  #825 ) ;
#1248 = EDGE_CURVE ( 'NONE', #1103, #1369, #1694, .T. ) ;
#1249 = UNCERTAINTY_MEASURE_WITH_UNIT (LENGTH_MEASURE( 1.000000000000000082E-05 ), #1589, 'distance_accuracy_value', 'NONE');
#1250 = CARTESIAN_POINT ( 'NONE',  ( -0.05049999999999993383, 0.03150000000000000022, -0.002000000000000000042 ) ) ;
#1251 = PRESENTATION_LAYER_ASSIGNMENT (  '', '', ( #1360 ) ) ;
#1252 = DIRECTION ( 'NONE',  ( 0.0000000000000000000, 0.0000000000000000000, 1.000000000000000000 ) ) ;
#1253 = DIRECTION ( 'NONE',  ( 1.000000000000000000, 0.0000000000000000000, -0.0000000000000000000 ) ) ;
#1254 =( GEOMETRIC_REPRESENTATION_CONTEXT ( 3 ) GLOBAL_UNCERTAINTY_ASSIGNED_CONTEXT ( ( #189 ) ) GLOBAL_UNIT_ASSIGNED_CONTEXT ( ( #471, #1174, #1977 ) ) REPRESENTATION_CONTEXT ( 'NONE', 'WORKASPACE' ) );
#1255 = STYLED_ITEM ( 'NONE', ( #1551 ), #1008 ) ;
#1256 = SURFACE_STYLE_USAGE ( .BOTH. , #536 ) ;
#1257 = VECTOR ( 'NONE', #399, 100.0000000000000000 ) ;
#1258 = VECTOR ( 'NONE', #1090, 100.0000000000000000 ) ;
#1259 = COLOUR_RGB ( '',0.9843137254901960231, 0.8431372549019607865, 0.3490196078431372362 ) ;
#1260 =( GEOMETRIC_REPRESENTATION_CONTEXT ( 3 ) GLOBAL_UNCERTAINTY_ASSIGNED_CONTEXT ( ( #725 ) ) GLOBAL_UNIT_ASSIGNED_CONTEXT ( ( #276, #1280, #1944 ) ) REPRESENTATION_CONTEXT ( 'NONE', 'WORKASPACE' ) );
#1261 =( GEOMETRIC_REPRESENTATION_CONTEXT ( 3 ) GLOBAL_UNCERTAINTY_ASSIGNED_CONTEXT ( ( #1711 ) ) GLOBAL_UNIT_ASSIGNED_CONTEXT ( ( #1023, #172, #5 ) ) REPRESENTATION_CONTEXT ( 'NONE', 'WORKASPACE' ) );
#1262 = EDGE_LOOP ( 'NONE', ( #290, #1301, #901, #382 ) ) ;
#1263 = SURFACE_STYLE_FILL_AREA ( #574 ) ;
#1264 = CARTESIAN_POINT ( 'NONE',  ( -0.06500000000000000222, -0.02500000000000000486, 0.03799999999999999906 ) ) ;
#1265 = DIRECTION ( 'NONE',  ( -2.202823461557850095E-16, 1.000000000000000000, 0.0000000000000000000 ) ) ;
#1266 = ADVANCED_FACE ( 'NONE', ( #1211 ), #1408, .T. ) ;
#1267 = CARTESIAN_POINT ( 'NONE',  ( -0.01500000000000000118, -2.341876692568689577E-17, 0.03899999999999999994 ) ) ;
#1268 = FILL_AREA_STYLE ('',( #558 ) ) ;
#1269 = EDGE_CURVE ( 'NONE', #1871, #1945, #1745, .T. ) ;
#1270 = FILL_AREA_STYLE_COLOUR ( '', #1495 ) ;
#1271 = ORIENTED_EDGE ( 'NONE', *, *, #1181, .F. ) ;
#1272 = DIRECTION ( 'NONE',  ( -0.0000000000000000000, 1.000000000000000000, 0.0000000000000000000 ) ) ;
#1273 = ORIENTED_EDGE ( 'NONE', *, *, #2016, .F. ) ;
#1274 =( NAMED_UNIT ( * ) PLANE_ANGLE_UNIT ( ) SI_UNIT ( $, .RADIAN. ) );
#1275 = LINE ( 'NONE', #569, #893 ) ;
#1276 = DIRECTION ( 'NONE',  ( -1.000000000000000000, -0.0000000000000000000, 0.0000000000000000000 ) ) ;
#1277 = CARTESIAN_POINT ( 'NONE',  ( -0.005000000000000000104, -0.01899999999999999953, 0.0000000000000000000 ) ) ;
#1278 = EDGE_CURVE ( 'NONE', #2144, #2160, #909, .T. ) ;
#1279 = ORIENTED_EDGE ( 'NONE', *, *, #1742, .T. ) ;
#1280 =( NAMED_UNIT ( * ) PLANE_ANGLE_UNIT ( ) SI_UNIT ( $, .RADIAN. ) );
#1281 = AXIS2_PLACEMENT_3D ( 'NONE', #1309, #2015, #962 ) ;
#1282 = ORIENTED_EDGE ( 'NONE', *, *, #198, .T. ) ;
#1283 = SURFACE_STYLE_FILL_AREA ( #1587 ) ;
#1284 = AXIS2_PLACEMENT_3D ( 'NONE', #135, #1473, #1994 ) ;
#1285 = CARTESIAN_POINT ( 'NONE',  ( -0.06124999999999999889, -2.602085213965209871E-18, -0.002000000000000000042 ) ) ;
#1286 = ORIENTED_EDGE ( 'NONE', *, *, #1640, .F. ) ;
#1287 = COLOUR_RGB ( '',0.9843137254901960231, 0.8431372549019607865, 0.3490196078431372362 ) ;
#1288 = PRESENTATION_STYLE_ASSIGNMENT (( #1818 ) ) ;
#1289 = FILL_AREA_STYLE_COLOUR ( '', #856 ) ;
#1290 = CARTESIAN_POINT ( 'NONE',  ( -0.005000000000000000971, -0.03150000000000000022, 0.0000000000000000000 ) ) ;
#1291 = MECHANICAL_DESIGN_GEOMETRIC_PRESENTATION_REPRESENTATION (  '', ( #822 ), #1886 ) ;
#1292 = MECHANICAL_DESIGN_GEOMETRIC_PRESENTATION_REPRESENTATION (  '', ( #2117 ), #1439 ) ;
#1293 = PRESENTATION_LAYER_ASSIGNMENT (  '', '', ( #576 ) ) ;
#1294 = EDGE_LOOP ( 'NONE', ( #1200, #2162, #2097, #1514 ) ) ;
#1295 = CARTESIAN_POINT ( 'NONE',  ( 0.02500000000000000139, -0.01899999999999999953, -0.002000000000000000042 ) ) ;
#1296 = COLOUR_RGB ( '',0.9843137254901960231, 0.8431372549019607865, 0.3490196078431372362 ) ;
#1297 = FILL_AREA_STYLE ('',( #2150 ) ) ;
#1298 =( LENGTH_UNIT ( ) NAMED_UNIT ( * ) SI_UNIT ( .CENTI., .METRE. ) );
#1299 = ORIENTED_EDGE ( 'NONE', *, *, #1158, .F. ) ;
#1300 = LINE ( 'NONE', #29, #2181 ) ;
#1301 = ORIENTED_EDGE ( 'NONE', *, *, #376, .F. ) ;
#1302 = LINE ( 'NONE', #808, #365 ) ;
#1303 = CARTESIAN_POINT ( 'NONE',  ( -0.07199999999999999456, -0.03150000000000000022, 0.0000000000000000000 ) ) ;
#1304 = EDGE_CURVE ( 'NONE', #599, #263, #733, .T. ) ;
#1305 = CARTESIAN_POINT ( 'NONE',  ( -2.775557561562890118E-17, -0.04000000000000000083, 0.0000000000000000000 ) ) ;
#1306 = ORIENTED_EDGE ( 'NONE', *, *, #2043, .F. ) ;
#1307 = PLANE ( 'NONE',  #1951 ) ;
#1308 = DIRECTION ( 'NONE',  ( 1.000000000000000000, 0.0000000000000000000, 1.721838860728290001E-30 ) ) ;
#1309 = CARTESIAN_POINT ( 'NONE',  ( -0.06500000000000000222, -2.081668171172170054E-17, 0.03799999999999999906 ) ) ;
#1310 = FILL_AREA_STYLE ('',( #296 ) ) ;
#1311 = ORIENTED_EDGE ( 'NONE', *, *, #1995, .F. ) ;
#1312 = LINE ( 'NONE', #1679, #1466 ) ;
#1313 = FILL_AREA_STYLE_COLOUR ( '', #712 ) ;
#1314 = VECTOR ( 'NONE', #762, 100.0000000000000000 ) ;
#1315 = DIRECTION ( 'NONE',  ( 1.000000000000000000, -1.734723475976810053E-16, -0.0000000000000000000 ) ) ;
#1316 = EDGE_CURVE ( 'NONE', #1662, #1022, #617, .T. ) ;
#1317 = MECHANICAL_DESIGN_GEOMETRIC_PRESENTATION_REPRESENTATION (  '', ( #84 ), #1557 ) ;
#1318 = EDGE_LOOP ( 'NONE', ( #1948, #1475, #592, #1306 ) ) ;
#1319 = AXIS2_PLACEMENT_3D ( 'NONE', #1648, #1617, #299 ) ;
#1320 = PRESENTATION_STYLE_ASSIGNMENT (( #983 ) ) ;
#1321 = LINE ( 'NONE', #491, #781 ) ;
#1322 = CARTESIAN_POINT ( 'NONE',  ( -0.06124999999999999889, -0.03150000000000000022, -0.002000000000000000042 ) ) ;
#1323 = PRESENTATION_STYLE_ASSIGNMENT (( #1797 ) ) ;
#1324 = VECTOR ( 'NONE', #1429, 100.0000000000000000 ) ;
#1325 = EDGE_LOOP ( 'NONE', ( #272, #288, #1875, #484 ) ) ;
#1326 = LINE ( 'NONE', #320, #1680 ) ;
#1327 =( GEOMETRIC_REPRESENTATION_CONTEXT ( 3 ) GLOBAL_UNCERTAINTY_ASSIGNED_CONTEXT ( ( #1552 ) ) GLOBAL_UNIT_ASSIGNED_CONTEXT ( ( #1339, #1851, #986 ) ) REPRESENTATION_CONTEXT ( 'NONE', 'WORKASPACE' ) );
#1328 = AXIS2_PLACEMENT_3D ( 'NONE', #796, #2165, #330 ) ;
#1329 = CARTESIAN_POINT ( 'NONE',  ( 0.01499999999999999944, 0.03150000000000000022, 0.0000000000000000000 ) ) ;
#1330 = ORIENTED_EDGE ( 'NONE', *, *, #2121, .F. ) ;
#1331 = DIRECTION ( 'NONE',  ( 1.000000000000000000, 0.0000000000000000000, -0.0000000000000000000 ) ) ;
#1332 = PRODUCT_DEFINITION_SHAPE ( 'NONE', 'NONE',  #2084 ) ;
#1333 = FILL_AREA_STYLE_COLOUR ( '', #1561 ) ;
#1334 = ADVANCED_FACE ( 'NONE', ( #405 ), #106, .F. ) ;
#1335 =( NAMED_UNIT ( * ) PLANE_ANGLE_UNIT ( ) SI_UNIT ( $, .RADIAN. ) );
#1336 = SURFACE_SIDE_STYLE ('',( #648 ) ) ;
#1337 = VERTEX_POINT ( 'NONE', #2139 ) ;
#1338 = LINE ( 'NONE', #1168, #969 ) ;
#1339 =( LENGTH_UNIT ( ) NAMED_UNIT ( * ) SI_UNIT ( .CENTI., .METRE. ) );
#1340 = CARTESIAN_POINT ( 'NONE',  ( 0.01499999999999999944, 0.006499999999999999702, 0.0000000000000000000 ) ) ;
#1341 = UNCERTAINTY_MEASURE_WITH_UNIT (LENGTH_MEASURE( 1.000000000000000082E-05 ), #1661, 'distance_accuracy_value', 'NONE');
#1342 = ORIENTED_EDGE ( 'NONE', *, *, #2087, .T. ) ;
#1343 = FILL_AREA_STYLE ('',( #1494 ) ) ;
#1344 = SURFACE_SIDE_STYLE ('',( #481 ) ) ;
#1345 = PLANE ( 'NONE',  #1518 ) ;
#1346 = LINE ( 'NONE', #1674, #1065 ) ;
#1347 = PLANE ( 'NONE',  #897 ) ;
#1348 = EDGE_CURVE ( 'NONE', #609, #78, #918, .T. ) ;
#1349 = ORIENTED_EDGE ( 'NONE', *, *, #90, .F. ) ;
#1350 = CARTESIAN_POINT ( 'NONE',  ( 0.07199999999999999456, 0.03150000000000000022, -0.002000000000000000042 ) ) ;
#1351 = DIRECTION ( 'NONE',  ( -0.0000000000000000000, 0.0000000000000000000, -1.000000000000000000 ) ) ;
#1352 =( NAMED_UNIT ( * ) PLANE_ANGLE_UNIT ( ) SI_UNIT ( $, .RADIAN. ) );
#1353 = CLOSED_SHELL ( 'NONE', ( #1206, #931, #171, #867, #1101, #363 ) ) ;
#1354 = ORIENTED_EDGE ( 'NONE', *, *, #1884, .F. ) ;
#1355 = SURFACE_SIDE_STYLE ('',( #2033 ) ) ;
#1356 = FACE_OUTER_BOUND ( 'NONE', #479, .T. ) ;
#1357 = FILL_AREA_STYLE ('',( #1907 ) ) ;
#1358 = VECTOR ( 'NONE', #343, 100.0000000000000000 ) ;
#1359 = EDGE_LOOP ( 'NONE', ( #953, #1427, #583, #1833 ) ) ;
#1360 = STYLED_ITEM ( 'NONE', ( #1751 ), #867 ) ;
#1361 = SURFACE_SIDE_STYLE ('',( #10 ) ) ;
#1362 =( NAMED_UNIT ( * ) PLANE_ANGLE_UNIT ( ) SI_UNIT ( $, .RADIAN. ) );
#1363 =( GEOMETRIC_REPRESENTATION_CONTEXT ( 3 ) GLOBAL_UNCERTAINTY_ASSIGNED_CONTEXT ( ( #1249 ) ) GLOBAL_UNIT_ASSIGNED_CONTEXT ( ( #1589, #82, #578 ) ) REPRESENTATION_CONTEXT ( 'NONE', 'WORKASPACE' ) );
#1364 = VECTOR ( 'NONE', #1272, 100.0000000000000000 ) ;
#1365 = FACE_OUTER_BOUND ( 'NONE', #1147, .T. ) ;
#1366 = VECTOR ( 'NONE', #49, 100.0000000000000000 ) ;
#1367 = STYLED_ITEM ( 'NONE', ( #1100 ), #1377 ) ;
#1368 = UNCERTAINTY_MEASURE_WITH_UNIT (LENGTH_MEASURE( 1.000000000000000082E-05 ), #799, 'distance_accuracy_value', 'NONE');
#1369 = VERTEX_POINT ( 'NONE', #1596 ) ;
#1370 = CARTESIAN_POINT ( 'NONE',  ( 0.01499999999999999944, -0.01899999999999999953, -0.002000000000000000042 ) ) ;
#1371 = PRESENTATION_STYLE_ASSIGNMENT (( #1861 ) ) ;
#1372 = CARTESIAN_POINT ( 'NONE',  ( -0.01500000000000000118, -0.02500000000000000139, 0.03899999999999999994 ) ) ;
#1373 = VERTEX_POINT ( 'NONE', #745 ) ;
#1374 = CARTESIAN_POINT ( 'NONE',  ( 0.02500000000000000139, -0.006499999999999997967, 0.0000000000000000000 ) ) ;
#1375 = SURFACE_STYLE_USAGE ( .BOTH. , #684 ) ;
#1376 = SURFACE_STYLE_USAGE ( .BOTH. , #1562 ) ;
#1377 = ADVANCED_FACE ( 'NONE', ( #942 ), #1934, .T. ) ;
#1378 = VERTEX_POINT ( 'NONE', #138 ) ;
#1379 = PLANE ( 'NONE',  #1074 ) ;
#1380 = SURFACE_SIDE_STYLE ('',( #1016 ) ) ;
#1381 = DIRECTION ( 'NONE',  ( 1.000000000000000000, 1.387778780781450113E-16, 0.0000000000000000000 ) ) ;
#1382 = SURFACE_STYLE_USAGE ( .BOTH. , #1235 ) ;
#1383 = DIRECTION ( 'NONE',  ( -1.000000000000000000, -0.0000000000000000000, 0.0000000000000000000 ) ) ;
#1384 = UNCERTAINTY_MEASURE_WITH_UNIT (LENGTH_MEASURE( 1.000000000000000082E-05 ), #1813, 'distance_accuracy_value', 'NONE');
#1385 = FILL_AREA_STYLE ('',( #1419 ) ) ;
#1386 = ADVANCED_FACE ( 'NONE', ( #1653 ), #1347, .T. ) ;
#1387 = APPLICATION_PROTOCOL_DEFINITION ( 'draft international standard', 'automotive_design', 1998, #388 ) ;
#1388 = PLANE ( 'NONE',  #265 ) ;
#1389 =( LENGTH_UNIT ( ) NAMED_UNIT ( * ) SI_UNIT ( .CENTI., .METRE. ) );
#1390 = VECTOR ( 'NONE', #492, 100.0000000000000000 ) ;
#1391 = CARTESIAN_POINT ( 'NONE',  ( -0.01499999999999999944, -0.03150000000000000022, 0.0000000000000000000 ) ) ;
#1392 = PLANE ( 'NONE',  #934 ) ;
#1393 = MECHANICAL_DESIGN_GEOMETRIC_PRESENTATION_REPRESENTATION (  '', ( #422 ), #1880 ) ;
#1394 = ORIENTED_EDGE ( 'NONE', *, *, #454, .F. ) ;
#1395 = DIRECTION ( 'NONE',  ( 1.000000000000000000, 0.0000000000000000000, -0.0000000000000000000 ) ) ;
#1396 = VECTOR ( 'NONE', #1582, 100.0000000000000000 ) ;
#1397 = VECTOR ( 'NONE', #2185, 100.0000000000000000 ) ;
#1398 = LINE ( 'NONE', #2052, #709 ) ;
#1399 = AXIS2_PLACEMENT_3D ( 'NONE', #1329, #2045, #465 ) ;
#1400 = FILL_AREA_STYLE ('',( #1553 ) ) ;
#1401 = DIRECTION ( 'NONE',  ( 1.000000000000000000, 0.0000000000000000000, 0.0000000000000000000 ) ) ;
#1402 =( GEOMETRIC_REPRESENTATION_CONTEXT ( 3 ) GLOBAL_UNCERTAINTY_ASSIGNED_CONTEXT ( ( #2101 ) ) GLOBAL_UNIT_ASSIGNED_CONTEXT ( ( #659, #2161, #1136 ) ) REPRESENTATION_CONTEXT ( 'NONE', 'WORKASPACE' ) );
#1403 =( LENGTH_UNIT ( ) NAMED_UNIT ( * ) SI_UNIT ( .CENTI., .METRE. ) );
#1404 = DIRECTION ( 'NONE',  ( 0.0000000000000000000, -1.000000000000000000, -0.0000000000000000000 ) ) ;
#1405 = AXIS2_PLACEMENT_3D ( 'NONE', #1806, #455, #1505 ) ;
#1406 = SURFACE_STYLE_USAGE ( .BOTH. , #1714 ) ;
#1407 = ADVANCED_FACE ( 'NONE', ( #1822 ), #310, .T. ) ;
#1408 = PLANE ( 'NONE',  #1775 ) ;
#1409 =( NAMED_UNIT ( * ) SI_UNIT ( $, .STERADIAN. ) SOLID_ANGLE_UNIT ( ) );
#1410 = UNCERTAINTY_MEASURE_WITH_UNIT (LENGTH_MEASURE( 1.000000000000000082E-05 ), #2041, 'distance_accuracy_value', 'NONE');
#1411 = LINE ( 'NONE', #2107, #1396 ) ;
#1412 =( LENGTH_UNIT ( ) NAMED_UNIT ( * ) SI_UNIT ( .CENTI., .METRE. ) );
#1413 = LINE ( 'NONE', #1584, #2146 ) ;
#1414 = EDGE_CURVE ( 'NONE', #1499, #1766, #1675, .T. ) ;
#1415 = FILL_AREA_STYLE ('',( #1244 ) ) ;
#1416 = ORIENTED_EDGE ( 'NONE', *, *, #695, .T. ) ;
#1417 = LINE ( 'NONE', #1295, #785 ) ;
#1418 = FILL_AREA_STYLE ('',( #80 ) ) ;
#1419 = FILL_AREA_STYLE_COLOUR ( '', #1175 ) ;
#1420 = SURFACE_STYLE_USAGE ( .BOTH. , #730 ) ;
#1421 =( NAMED_UNIT ( * ) SI_UNIT ( $, .STERADIAN. ) SOLID_ANGLE_UNIT ( ) );
#1422 = VECTOR ( 'NONE', #1978, 100.0000000000000000 ) ;
#1423 = CARTESIAN_POINT ( 'NONE',  ( -0.01499999999999999944, 0.03150000000000000022, 0.0000000000000000000 ) ) ;
#1424 = DIRECTION ( 'NONE',  ( 0.0000000000000000000, 0.0000000000000000000, 1.000000000000000000 ) ) ;
#1425 = PRESENTATION_LAYER_ASSIGNMENT (  '', '', ( #1597 ) ) ;
#1426 = PRODUCT_RELATED_PRODUCT_CATEGORY ( 'part', '', ( #2062 ) ) ;
#1427 = ORIENTED_EDGE ( 'NONE', *, *, #947, .T. ) ;
#1428 = PRESENTATION_STYLE_ASSIGNMENT (( #71 ) ) ;
#1429 = DIRECTION ( 'NONE',  ( 0.0000000000000000000, -0.0000000000000000000, -1.000000000000000000 ) ) ;
#1430 = UNCERTAINTY_MEASURE_WITH_UNIT (LENGTH_MEASURE( 1.000000000000000082E-05 ), #512, 'distance_accuracy_value', 'NONE');
#1431 = SURFACE_STYLE_FILL_AREA ( #1400 ) ;
#1432 = MECHANICAL_DESIGN_GEOMETRIC_PRESENTATION_REPRESENTATION (  '', ( #17 ), #1603 ) ;
#1433 = DIRECTION ( 'NONE',  ( 0.0000000000000000000, 0.0000000000000000000, 1.000000000000000000 ) ) ;
#1434 = VECTOR ( 'NONE', #1647, 100.0000000000000000 ) ;
#1435 = CARTESIAN_POINT ( 'NONE',  ( -0.01499999999999999944, -0.03150000000000000022, 0.0000000000000000000 ) ) ;
#1436 = COLOUR_RGB ( '',0.9843137254901960231, 0.8431372549019607865, 0.3490196078431372362 ) ;
#1437 =( NAMED_UNIT ( * ) PLANE_ANGLE_UNIT ( ) SI_UNIT ( $, .RADIAN. ) );
#1438 = PLANE ( 'NONE',  #1405 ) ;
#1439 =( GEOMETRIC_REPRESENTATION_CONTEXT ( 3 ) GLOBAL_UNCERTAINTY_ASSIGNED_CONTEXT ( ( #1688 ) ) GLOBAL_UNIT_ASSIGNED_CONTEXT ( ( #749, #724, #1747 ) ) REPRESENTATION_CONTEXT ( 'NONE', 'WORKASPACE' ) );
#1440 = FILL_AREA_STYLE_COLOUR ( '', #470 ) ;
#1441 = ADVANCED_BREP_SHAPE_REPRESENTATION ( '', ( #1008, #2155 ), #269 ) ;
#1442 = ORIENTED_EDGE ( 'NONE', *, *, #1692, .T. ) ;
#1443 = SURFACE_STYLE_USAGE ( .BOTH. , #1936 ) ;
#1444 = FILL_AREA_STYLE ('',( #610 ) ) ;
#1445 = ADVANCED_FACE ( 'NONE', ( #344 ), #2002, .T. ) ;
#1446 = ORIENTED_EDGE ( 'NONE', *, *, #2135, .F. ) ;
#1447 = DIRECTION ( 'NONE',  ( 1.387778780781450113E-16, -1.000000000000000000, -0.0000000000000000000 ) ) ;
#1448 = DIRECTION ( 'NONE',  ( -1.387778780781450113E-16, 1.000000000000000000, 0.0000000000000000000 ) ) ;
#1449 = DIRECTION ( 'NONE',  ( 0.0000000000000000000, 0.0000000000000000000, 1.000000000000000000 ) ) ;
#1450 = ORIENTED_EDGE ( 'NONE', *, *, #1316, .T. ) ;
#1451 = FACE_OUTER_BOUND ( 'NONE', #256, .T. ) ;
#1452 = CARTESIAN_POINT ( 'NONE',  ( -0.02500000000000000139, -0.03150000000000000022, -0.002000000000000000042 ) ) ;
#1453 = ORIENTED_EDGE ( 'NONE', *, *, #589, .T. ) ;
#1454 = FILL_AREA_STYLE ('',( #949 ) ) ;
#1455 = SURFACE_SIDE_STYLE ('',( #959 ) ) ;
#1456 = ORIENTED_EDGE ( 'NONE', *, *, #1223, .F. ) ;
#1457 = CARTESIAN_POINT ( 'NONE',  ( 0.01499999999999999944, -0.03150000000000000022, 0.0000000000000000000 ) ) ;
#1458 = PRESENTATION_STYLE_ASSIGNMENT (( #2130 ) ) ;
#1459 = MECHANICAL_DESIGN_GEOMETRIC_PRESENTATION_REPRESENTATION (  '', ( #2109 ), #958 ) ;
#1460 = SURFACE_SIDE_STYLE ('',( #774 ) ) ;
#1461 = VERTEX_POINT ( 'NONE', #863 ) ;
#1462 = DIRECTION ( 'NONE',  ( 1.000000000000000000, 0.0000000000000000000, -0.0000000000000000000 ) ) ;
#1463 = CARTESIAN_POINT ( 'NONE',  ( 0.06124999999999999889, 0.03150000000000000022, 0.0000000000000000000 ) ) ;
#1464 = CARTESIAN_POINT ( 'NONE',  ( 0.05049999999999990608, 0.0000000000000000000, 0.0000000000000000000 ) ) ;
#1465 = EDGE_CURVE ( 'NONE', #1945, #1012, #51, .T. ) ;
#1466 = VECTOR ( 'NONE', #819, 100.0000000000000000 ) ;
#1467 = PRESENTATION_LAYER_ASSIGNMENT (  '', '', ( #1367 ) ) ;
#1468 = ORIENTED_EDGE ( 'NONE', *, *, #292, .T. ) ;
#1469 =( GEOMETRIC_REPRESENTATION_CONTEXT ( 3 ) GLOBAL_UNCERTAINTY_ASSIGNED_CONTEXT ( ( #1043 ) ) GLOBAL_UNIT_ASSIGNED_CONTEXT ( ( #237, #2108, #403 ) ) REPRESENTATION_CONTEXT ( 'NONE', 'WORKASPACE' ) );
#1470 =( NAMED_UNIT ( * ) SI_UNIT ( $, .STERADIAN. ) SOLID_ANGLE_UNIT ( ) );
#1471 = ORIENTED_EDGE ( 'NONE', *, *, #1118, .F. ) ;
#1472 = SHAPE_REPRESENTATION ( 'Imported', ( #2155 ), #269 ) ;
#1473 = DIRECTION ( 'NONE',  ( 0.0000000000000000000, -1.000000000000000000, 0.0000000000000000000 ) ) ;
#1474 = SURFACE_STYLE_USAGE ( .BOTH. , #97 ) ;
#1475 = ORIENTED_EDGE ( 'NONE', *, *, #67, .F. ) ;
#1476 = EDGE_CURVE ( 'NONE', #1155, #452, #1732, .T. ) ;
#1477 = SURFACE_SIDE_STYLE ('',( #1811 ) ) ;
#1478 = PLANE ( 'NONE',  #1958 ) ;
#1479 = ORIENTED_EDGE ( 'NONE', *, *, #2121, .T. ) ;
#1480 = CARTESIAN_POINT ( 'NONE',  ( -0.06124999999999999889, 0.03150000000000000022, 0.0000000000000000000 ) ) ;
#1481 = DIRECTION ( 'NONE',  ( -1.000000000000000000, -0.0000000000000000000, -0.0000000000000000000 ) ) ;
#1482 = DIRECTION ( 'NONE',  ( 0.0000000000000000000, -1.000000000000000000, -0.0000000000000000000 ) ) ;
#1483 = LINE ( 'NONE', #1322, #922 ) ;
#1484 = PRESENTATION_STYLE_ASSIGNMENT (( #2190 ) ) ;
#1485 = PRODUCT ( 'Imported_2', 'Imported_2', '', ( #2064 ) ) ;
#1486 = ORIENTED_EDGE ( 'NONE', *, *, #1278, .F. ) ;
#1487 = PRESENTATION_STYLE_ASSIGNMENT (( #1988 ) ) ;
#1488 = PRODUCT_DEFINITION ( 'UNKNOWN', '', #543, #39 ) ;
#1489 =( NAMED_UNIT ( * ) PLANE_ANGLE_UNIT ( ) SI_UNIT ( $, .RADIAN. ) );
#1490 = ADVANCED_FACE ( 'NONE', ( #1222 ), #1392, .T. ) ;
#1491 = VERTEX_POINT ( 'NONE', #1372 ) ;
#1492 = DIRECTION ( 'NONE',  ( 2.202823461557850095E-16, -1.000000000000000000, -0.0000000000000000000 ) ) ;
#1493 = MECHANICAL_DESIGN_GEOMETRIC_PRESENTATION_REPRESENTATION (  '', ( #1802 ), #1031 ) ;
#1494 = FILL_AREA_STYLE_COLOUR ( '', #1891 ) ;
#1495 = COLOUR_RGB ( '',0.9843137254901960231, 0.8431372549019607865, 0.3490196078431372362 ) ;
#1496 = CARTESIAN_POINT ( 'NONE',  ( 0.02500000000000000139, -0.01899999999999999953, 0.0000000000000000000 ) ) ;
#1497 = VECTOR ( 'NONE', #904, 100.0000000000000000 ) ;
#1498 = VECTOR ( 'NONE', #1515, 100.0000000000000000 ) ;
#1499 = VERTEX_POINT ( 'NONE', #1523 ) ;
#1500 =( GEOMETRIC_REPRESENTATION_CONTEXT ( 3 ) GLOBAL_UNCERTAINTY_ASSIGNED_CONTEXT ( ( #1577 ) ) GLOBAL_UNIT_ASSIGNED_CONTEXT ( ( #584, #933, #2167 ) ) REPRESENTATION_CONTEXT ( 'NONE', 'WORKASPACE' ) );
#1501 =( NAMED_UNIT ( * ) SI_UNIT ( $, .STERADIAN. ) SOLID_ANGLE_UNIT ( ) );
#1502 = STYLED_ITEM ( 'NONE', ( #2059 ), #1540 ) ;
#1503 = ORIENTED_EDGE ( 'NONE', *, *, #2087, .F. ) ;
#1504 = EDGE_CURVE ( 'NONE', #1337, #771, #356, .T. ) ;
#1505 = DIRECTION ( 'NONE',  ( 1.387778780781450113E-16, -1.000000000000000000, 0.0000000000000000000 ) ) ;
#1506 = DIRECTION ( 'NONE',  ( 0.0000000000000000000, 0.0000000000000000000, 1.000000000000000000 ) ) ;
#1507 =( NAMED_UNIT ( * ) SI_UNIT ( $, .STERADIAN. ) SOLID_ANGLE_UNIT ( ) );
#1508 =( NAMED_UNIT ( * ) SI_UNIT ( $, .STERADIAN. ) SOLID_ANGLE_UNIT ( ) );
#1509 = ORIENTED_EDGE ( 'NONE', *, *, #2098, .F. ) ;
#1510 = SURFACE_STYLE_USAGE ( .BOTH. , #1361 ) ;
#1511 = UNCERTAINTY_MEASURE_WITH_UNIT (LENGTH_MEASURE( 1.000000000000000082E-05 ), #111, 'distance_accuracy_value', 'NONE');
#1512 = ORIENTED_EDGE ( 'NONE', *, *, #619, .F. ) ;
#1513 = CARTESIAN_POINT ( 'NONE',  ( -0.01500000000000000118, 0.02500000000000000139, 0.03899999999999999994 ) ) ;
#1514 = ORIENTED_EDGE ( 'NONE', *, *, #683, .T. ) ;
#1515 = DIRECTION ( 'NONE',  ( 0.0000000000000000000, -1.000000000000000000, -0.0000000000000000000 ) ) ;
#1516 = CLOSED_SHELL ( 'NONE', ( #1070, #1702, #735, #1900, #385, #1652 ) ) ;
#1517 = ORIENTED_EDGE ( 'NONE', *, *, #368, .F. ) ;
#1518 = AXIS2_PLACEMENT_3D ( 'NONE', #2037, #1521, #2047 ) ;
#1519 = DIRECTION ( 'NONE',  ( -0.0000000000000000000, 0.0000000000000000000, -1.000000000000000000 ) ) ;
#1520 = STYLED_ITEM ( 'NONE', ( #1122 ), #513 ) ;
#1521 = DIRECTION ( 'NONE',  ( 1.000000000000000000, 0.0000000000000000000, 0.0000000000000000000 ) ) ;
#1522 = SURFACE_SIDE_STYLE ('',( #50 ) ) ;
#1523 = CARTESIAN_POINT ( 'NONE',  ( -0.07199999999999999456, 0.03150000000000000022, -0.002000000000000000042 ) ) ;
#1524 = ORIENTED_EDGE ( 'NONE', *, *, #985, .F. ) ;
#1525 = MECHANICAL_DESIGN_GEOMETRIC_PRESENTATION_REPRESENTATION (  '', ( #1360 ), #464 ) ;
#1526 = EDGE_CURVE ( 'NONE', #78, #475, #381, .T. ) ;
#1527 =( NAMED_UNIT ( * ) PLANE_ANGLE_UNIT ( ) SI_UNIT ( $, .RADIAN. ) );
#1528 = STYLED_ITEM ( 'NONE', ( #1672 ), #1583 ) ;
#1529 = MECHANICAL_DESIGN_GEOMETRIC_PRESENTATION_REPRESENTATION (  '', ( #1255 ), #194 ) ;
#1530 =( NAMED_UNIT ( * ) SI_UNIT ( $, .STERADIAN. ) SOLID_ANGLE_UNIT ( ) );
#1531 = MECHANICAL_DESIGN_GEOMETRIC_PRESENTATION_REPRESENTATION (  '', ( #642 ), #1113 ) ;
#1532 = PRESENTATION_LAYER_ASSIGNMENT (  '', '', ( #1002 ) ) ;
#1533 = COLOUR_RGB ( '',0.8823529411764705621, 0.8823529411764705621, 0.8823529411764705621 ) ;
#1534 = UNCERTAINTY_MEASURE_WITH_UNIT (LENGTH_MEASURE( 1.000000000000000082E-05 ), #940, 'distance_accuracy_value', 'NONE');
#1535 = ORIENTED_EDGE ( 'NONE', *, *, #206, .T. ) ;
#1536 = PRODUCT_DEFINITION_CONTEXT ( 'detailed design', #476, 'design' ) ;
#1537 = PRESENTATION_STYLE_ASSIGNMENT (( #349 ) ) ;
#1538 = DIRECTION ( 'NONE',  ( 0.0000000000000000000, 0.0000000000000000000, 1.000000000000000000 ) ) ;
#1539 = CARTESIAN_POINT ( 'NONE',  ( 0.01499999999999999944, -0.006499999999999999702, 0.0000000000000000000 ) ) ;
#1540 = ADVANCED_FACE ( 'NONE', ( #223 ), #896, .T. ) ;
#1541 = CARTESIAN_POINT ( 'NONE',  ( -0.06500000000000000222, -2.081668171172170054E-17, 0.03799999999999999906 ) ) ;
#1542 = FACE_OUTER_BOUND ( 'NONE', #1586, .T. ) ;
#1543 = ADVANCED_FACE ( 'NONE', ( #2137 ), #1111, .T. ) ;
#1544 = SHAPE_REPRESENTATION_RELATIONSHIP ( 'NONE' , 'NONE' ,  #800, #69 ) ;
#1545 = LINE ( 'NONE', #1054, #891 ) ;
#1546 = SURFACE_SIDE_STYLE ('',( #2057 ) ) ;
#1547 = PLANE ( 'NONE',  #2111 ) ;
#1548 = SURFACE_SIDE_STYLE ('',( #42 ) ) ;
#1549 = ORIENTED_EDGE ( 'NONE', *, *, #1414, .T. ) ;
#1550 = SURFACE_STYLE_FILL_AREA ( #1415 ) ;
#1551 = PRESENTATION_STYLE_ASSIGNMENT (( #692 ) ) ;
#1552 = UNCERTAINTY_MEASURE_WITH_UNIT (LENGTH_MEASURE( 1.000000000000000082E-05 ), #1339, 'distance_accuracy_value', 'NONE');
#1553 = FILL_AREA_STYLE_COLOUR ( '', #333 ) ;
#1554 = ITEM_DEFINED_TRANSFORMATION ( 'NONE', 'NONE', #472,  #2155 ) ;
#1555 = ADVANCED_FACE ( 'NONE', ( #1761 ), #1752, .T. ) ;
#1556 = STYLED_ITEM ( 'NONE', ( #2187 ), #154 ) ;
#1557 =( GEOMETRIC_REPRESENTATION_CONTEXT ( 3 ) GLOBAL_UNCERTAINTY_ASSIGNED_CONTEXT ( ( #1096 ) ) GLOBAL_UNIT_ASSIGNED_CONTEXT ( ( #315, #1658, #812 ) ) REPRESENTATION_CONTEXT ( 'NONE', 'WORKASPACE' ) );
#1558 = CARTESIAN_POINT ( 'NONE',  ( -0.05049999999999990608, -2.602085213965209871E-18, -0.002000000000000000042 ) ) ;
#1559 = STYLED_ITEM ( 'NONE', ( #876 ), #389 ) ;
#1560 = DIRECTION ( 'NONE',  ( 1.000000000000000000, 0.0000000000000000000, -0.0000000000000000000 ) ) ;
#1561 = COLOUR_RGB ( '',0.9843137254901960231, 0.8431372549019607865, 0.3490196078431372362 ) ;
#1562 = SURFACE_SIDE_STYLE ('',( #874 ) ) ;
#1563 = PRESENTATION_LAYER_ASSIGNMENT (  '', '', ( #338 ) ) ;
#1564 = STYLED_ITEM ( 'NONE', ( #2051 ), #1856 ) ;
#1565 = MECHANICAL_DESIGN_GEOMETRIC_PRESENTATION_REPRESENTATION (  '', ( #341 ), #1150 ) ;
#1566 = PLANE ( 'NONE',  #1319 ) ;
#1567 = APPLICATION_PROTOCOL_DEFINITION ( 'draft international standard', 'automotive_design', 1998, #476 ) ;
#1568 = STYLED_ITEM ( 'NONE', ( #2123 ), #2147 ) ;
#1569 = SURFACE_STYLE_FILL_AREA ( #557 ) ;
#1570 = COLOUR_RGB ( '',0.9843137254901960231, 0.8431372549019607865, 0.3490196078431372362 ) ;
#1571 = ADVANCED_FACE ( 'NONE', ( #916 ), #1438, .T. ) ;
#1572 = STYLED_ITEM ( 'NONE', ( #1034 ), #1702 ) ;
#1573 = CARTESIAN_POINT ( 'NONE',  ( -0.02500000000000000139, 0.03150000000000000022, 0.0000000000000000000 ) ) ;
#1574 = FILL_AREA_STYLE_COLOUR ( '', #1287 ) ;
#1575 = SURFACE_STYLE_USAGE ( .BOTH. , #2110 ) ;
#1576 = ORIENTED_EDGE ( 'NONE', *, *, #1884, .T. ) ;
#1577 = UNCERTAINTY_MEASURE_WITH_UNIT (LENGTH_MEASURE( 1.000000000000000082E-05 ), #584, 'distance_accuracy_value', 'NONE');
#1578 = SURFACE_STYLE_USAGE ( .BOTH. , #1913 ) ;
#1579 = DIRECTION ( 'NONE',  ( 1.000000000000000000, 0.0000000000000000000, 0.0000000000000000000 ) ) ;
#1580 = CARTESIAN_POINT ( 'NONE',  ( 0.07999999999999989064, 0.04000000000000000083, 0.0000000000000000000 ) ) ;
#1581 =( LENGTH_UNIT ( ) NAMED_UNIT ( * ) SI_UNIT ( .CENTI., .METRE. ) );
#1582 = DIRECTION ( 'NONE',  ( 8.673617379884029556E-16, -1.000000000000000000, 0.0000000000000000000 ) ) ;
#1583 = ADVANCED_FACE ( 'NONE', ( #990 ), #159, .T. ) ;
#1584 = CARTESIAN_POINT ( 'NONE',  ( -0.01499999999999999944, -1.734723475976809868E-17, 0.03799999999999999906 ) ) ;
#1585 = SURFACE_STYLE_FILL_AREA ( #100 ) ;
#1586 = EDGE_LOOP ( 'NONE', ( #1921, #1909, #2050, #1734 ) ) ;
#1587 = FILL_AREA_STYLE ('',( #1789 ) ) ;
#1588 = PLANE ( 'NONE',  #120 ) ;
#1589 =( LENGTH_UNIT ( ) NAMED_UNIT ( * ) SI_UNIT ( .CENTI., .METRE. ) );
#1590 = LINE ( 'NONE', #1794, #1708 ) ;
#1591 = MECHANICAL_DESIGN_GEOMETRIC_PRESENTATION_REPRESENTATION (  '', ( #700 ), #44 ) ;
#1592 =( LENGTH_UNIT ( ) NAMED_UNIT ( * ) SI_UNIT ( .CENTI., .METRE. ) );
#1593 = SURFACE_SIDE_STYLE ('',( #1125 ) ) ;
#1594 =( GEOMETRIC_REPRESENTATION_CONTEXT ( 3 ) GLOBAL_UNCERTAINTY_ASSIGNED_CONTEXT ( ( #489 ) ) GLOBAL_UNIT_ASSIGNED_CONTEXT ( ( #1389, #1684, #525 ) ) REPRESENTATION_CONTEXT ( 'NONE', 'WORKASPACE' ) );
#1595 = PLANE ( 'NONE',  #185 ) ;
#1596 = CARTESIAN_POINT ( 'NONE',  ( 0.02500000000000000139, -0.006500000000000000569, 0.0000000000000000000 ) ) ;
#1597 = STYLED_ITEM ( 'NONE', ( #614 ), #363 ) ;
#1598 = VERTEX_POINT ( 'NONE', #2164 ) ;
#1599 = STYLED_ITEM ( 'NONE', ( #442 ), #552 ) ;
#1600 = EDGE_CURVE ( 'NONE', #771, #358, #305, .T. ) ;
#1601 = UNCERTAINTY_MEASURE_WITH_UNIT (LENGTH_MEASURE( 1.000000000000000082E-05 ), #458, 'distance_accuracy_value', 'NONE');
#1602 = SURFACE_STYLE_FILL_AREA ( #586 ) ;
#1603 =( GEOMETRIC_REPRESENTATION_CONTEXT ( 3 ) GLOBAL_UNCERTAINTY_ASSIGNED_CONTEXT ( ( #686 ) ) GLOBAL_UNIT_ASSIGNED_CONTEXT ( ( #880, #2082, #2169 ) ) REPRESENTATION_CONTEXT ( 'NONE', 'WORKASPACE' ) );
#1604 = LINE ( 'NONE', #1541, #1924 ) ;
#1605 = STYLED_ITEM ( 'NONE', ( #2091 ), #1726 ) ;
#1606 = COLOUR_RGB ( '',0.9843137254901960231, 0.8431372549019607865, 0.3490196078431372362 ) ;
#1607 = VERTEX_POINT ( 'NONE', #653 ) ;
#1608 = PLANE ( 'NONE',  #1284 ) ;
#1609 = FILL_AREA_STYLE_COLOUR ( '', #1741 ) ;
#1610 = STYLED_ITEM ( 'NONE', ( #284 ), #2183 ) ;
#1611 = COLOUR_RGB ( '',0.9843137254901960231, 0.8431372549019607865, 0.3490196078431372362 ) ;
#1612 = DIRECTION ( 'NONE',  ( 1.000000000000000000, 0.0000000000000000000, -0.0000000000000000000 ) ) ;
#1613 =( GEOMETRIC_REPRESENTATION_CONTEXT ( 3 ) GLOBAL_UNCERTAINTY_ASSIGNED_CONTEXT ( ( #1691 ) ) GLOBAL_UNIT_ASSIGNED_CONTEXT ( ( #846, #1659, #1014 ) ) REPRESENTATION_CONTEXT ( 'NONE', 'WORKASPACE' ) );
#1614 = VERTEX_POINT ( 'NONE', #1820 ) ;
#1615 = FILL_AREA_STYLE_COLOUR ( '', #2076 ) ;
#1616 = EDGE_CURVE ( 'NONE', #1607, #475, #2021, .T. ) ;
#1617 = DIRECTION ( 'NONE',  ( 0.0000000000000000000, 0.0000000000000000000, 1.000000000000000000 ) ) ;
#1618 = EDGE_CURVE ( 'NONE', #2095, #791, #1165, .T. ) ;
#1619 = EDGE_LOOP ( 'NONE', ( #1018, #1246, #957, #1286 ) ) ;
#1620 = FILL_AREA_STYLE ('',( #941 ) ) ;
#1621 = CARTESIAN_POINT ( 'NONE',  ( -0.01499999999999999944, -0.01899999999999999953, -0.002000000000000000042 ) ) ;
#1622 = EDGE_LOOP ( 'NONE', ( #1416, #857, #783, #1624 ) ) ;
#1623 = FILL_AREA_STYLE ('',( #946 ) ) ;
#1624 = ORIENTED_EDGE ( 'NONE', *, *, #130, .T. ) ;
#1625 = SURFACE_STYLE_FILL_AREA ( #1454 ) ;
#1626 = EDGE_CURVE ( 'NONE', #249, #452, #2172, .T. ) ;
#1627 =( NAMED_UNIT ( * ) PLANE_ANGLE_UNIT ( ) SI_UNIT ( $, .RADIAN. ) );
#1628 = PLANE ( 'NONE',  #1767 ) ;
#1629 = VECTOR ( 'NONE', #1482, 100.0000000000000000 ) ;
#1630 = ORIENTED_EDGE ( 'NONE', *, *, #206, .F. ) ;
#1631 = DIRECTION ( 'NONE',  ( 0.0000000000000000000, -1.000000000000000000, -0.0000000000000000000 ) ) ;
#1632 = MECHANICAL_DESIGN_GEOMETRIC_PRESENTATION_REPRESENTATION (  '', ( #1245 ), #495 ) ;
#1633 = SURFACE_STYLE_FILL_AREA ( #408 ) ;
#1634 = VECTOR ( 'NONE', #1044, 100.0000000000000000 ) ;
#1635 = FACE_OUTER_BOUND ( 'NONE', #2170, .T. ) ;
#1636 = ORIENTED_EDGE ( 'NONE', *, *, #1600, .T. ) ;
#1637 = PRESENTATION_LAYER_ASSIGNMENT (  '', '', ( #1703 ) ) ;
#1638 = VECTOR ( 'NONE', #975, 100.0000000000000000 ) ;
#1639 = VECTOR ( 'NONE', #842, 100.0000000000000000 ) ;
#1640 = EDGE_CURVE ( 'NONE', #1171, #797, #1321, .T. ) ;
#1641 = FACE_OUTER_BOUND ( 'NONE', #1619, .T. ) ;
#1642 = SURFACE_STYLE_USAGE ( .BOTH. , #115 ) ;
#1643 =( NAMED_UNIT ( * ) SI_UNIT ( $, .STERADIAN. ) SOLID_ANGLE_UNIT ( ) );
#1644 =( GEOMETRIC_REPRESENTATION_CONTEXT ( 3 ) GLOBAL_UNCERTAINTY_ASSIGNED_CONTEXT ( ( #15 ) ) GLOBAL_UNIT_ASSIGNED_CONTEXT ( ( #713, #1898, #720 ) ) REPRESENTATION_CONTEXT ( 'NONE', 'WORKASPACE' ) );
#1645 = VERTEX_POINT ( 'NONE', #1997 ) ;
#1646 =( GEOMETRIC_REPRESENTATION_CONTEXT ( 3 ) GLOBAL_UNCERTAINTY_ASSIGNED_CONTEXT ( ( #1748 ) ) GLOBAL_UNIT_ASSIGNED_CONTEXT ( ( #792, #1627, #974 ) ) REPRESENTATION_CONTEXT ( 'NONE', 'WORKASPACE' ) );
#1647 = DIRECTION ( 'NONE',  ( 0.0000000000000000000, 0.0000000000000000000, 1.000000000000000000 ) ) ;
#1648 = CARTESIAN_POINT ( 'NONE',  ( -5.645736403633610000E-17, -2.255140518769850147E-17, 0.0000000000000000000 ) ) ;
#1649 = ORIENTED_EDGE ( 'NONE', *, *, #947, .F. ) ;
#1650 =( LENGTH_UNIT ( ) NAMED_UNIT ( * ) SI_UNIT ( .CENTI., .METRE. ) );
#1651 = CARTESIAN_POINT ( 'NONE',  ( -0.004999999999999999237, 0.006500000000000000569, 0.0000000000000000000 ) ) ;
#1652 = ADVANCED_FACE ( 'NONE', ( #646 ), #2197, .T. ) ;
#1653 = FACE_OUTER_BOUND ( 'NONE', #1622, .T. ) ;
#1654 = ORIENTED_EDGE ( 'NONE', *, *, #77, .F. ) ;
#1655 = DIRECTION ( 'NONE',  ( 0.0000000000000000000, 0.0000000000000000000, 1.000000000000000000 ) ) ;
#1656 = EDGE_CURVE ( 'NONE', #1784, #490, #2036, .T. ) ;
#1657 = EDGE_LOOP ( 'NONE', ( #1848, #1311, #435, #1952 ) ) ;
#1658 =( NAMED_UNIT ( * ) PLANE_ANGLE_UNIT ( ) SI_UNIT ( $, .RADIAN. ) );
#1659 =( NAMED_UNIT ( * ) PLANE_ANGLE_UNIT ( ) SI_UNIT ( $, .RADIAN. ) );
#1660 = CARTESIAN_POINT ( 'NONE',  ( -0.05050000000000000322, 0.03150000000000000022, 0.0000000000000000000 ) ) ;
#1661 =( LENGTH_UNIT ( ) NAMED_UNIT ( * ) SI_UNIT ( .CENTI., .METRE. ) );
#1662 = VERTEX_POINT ( 'NONE', #1896 ) ;
#1663 = DIRECTION ( 'NONE',  ( 1.000000000000000000, 0.0000000000000000000, 1.721838860728290001E-30 ) ) ;
#1664 = CARTESIAN_POINT ( 'NONE',  ( -0.004999999999999999237, -0.03150000000000000022, 0.0000000000000000000 ) ) ;
#1665 = VECTOR ( 'NONE', #1787, 100.0000000000000000 ) ;
#1666 = EDGE_CURVE ( 'NONE', #666, #467, #1545, .T. ) ;
#1667 =( GEOMETRIC_REPRESENTATION_CONTEXT ( 3 ) GLOBAL_UNCERTAINTY_ASSIGNED_CONTEXT ( ( #1511 ) ) GLOBAL_UNIT_ASSIGNED_CONTEXT ( ( #111, #421, #445 ) ) REPRESENTATION_CONTEXT ( 'NONE', 'WORKASPACE' ) );
#1668 = SURFACE_STYLE_FILL_AREA ( #1153 ) ;
#1669 = PRESENTATION_LAYER_ASSIGNMENT (  '', '', ( #422 ) ) ;
#1670 = EDGE_LOOP ( 'NONE', ( #832, #1161, #748, #1509 ) ) ;
#1671 = PRESENTATION_STYLE_ASSIGNMENT (( #142 ) ) ;
#1672 = PRESENTATION_STYLE_ASSIGNMENT (( #326 ) ) ;
#1673 = AXIS2_PLACEMENT_3D ( 'NONE', #1098, #591, #2093 ) ;
#1674 = CARTESIAN_POINT ( 'NONE',  ( 0.07199999999999999456, -0.03150000000000000022, 0.0000000000000000000 ) ) ;
#1675 = LINE ( 'NONE', #1119, #2078 ) ;
#1676 = MECHANICAL_DESIGN_GEOMETRIC_PRESENTATION_REPRESENTATION (  '', ( #2184 ), #1962 ) ;
#1677 = STYLED_ITEM ( 'NONE', ( #133 ), #1146 ) ;
#1678 = ORIENTED_EDGE ( 'NONE', *, *, #540, .T. ) ;
#1679 = CARTESIAN_POINT ( 'NONE',  ( 0.06124999999999999889, 0.03150000000000000022, -0.002000000000000000042 ) ) ;
#1680 = VECTOR ( 'NONE', #1663, 100.0000000000000000 ) ;
#1681 =( NAMED_UNIT ( * ) SI_UNIT ( $, .STERADIAN. ) SOLID_ANGLE_UNIT ( ) );
#1682 = MECHANICAL_DESIGN_GEOMETRIC_PRESENTATION_REPRESENTATION (  '', ( #576 ), #1260 ) ;
#1683 = EDGE_LOOP ( 'NONE', ( #1224, #1349, #131, #21 ) ) ;
#1684 =( NAMED_UNIT ( * ) PLANE_ANGLE_UNIT ( ) SI_UNIT ( $, .RADIAN. ) );
#1685 = CARTESIAN_POINT ( 'NONE',  ( -0.07199999999999999456, 0.0000000000000000000, 0.0000000000000000000 ) ) ;
#1686 = PRESENTATION_STYLE_ASSIGNMENT (( #840 ) ) ;
#1687 = ORIENTED_EDGE ( 'NONE', *, *, #1476, .T. ) ;
#1688 = UNCERTAINTY_MEASURE_WITH_UNIT (LENGTH_MEASURE( 1.000000000000000082E-05 ), #749, 'distance_accuracy_value', 'NONE');
#1689 = ORIENTED_EDGE ( 'NONE', *, *, #2014, .T. ) ;
#1690 =( LENGTH_UNIT ( ) NAMED_UNIT ( * ) SI_UNIT ( .CENTI., .METRE. ) );
#1691 = UNCERTAINTY_MEASURE_WITH_UNIT (LENGTH_MEASURE( 1.000000000000000082E-05 ), #846, 'distance_accuracy_value', 'NONE');
#1692 = EDGE_CURVE ( 'NONE', #358, #1985, #202, .T. ) ;
#1693 = CARTESIAN_POINT ( 'NONE',  ( 0.01499999999999999944, 0.03150000000000000022, -0.002000000000000000042 ) ) ;
#1694 = LINE ( 'NONE', #1539, #2152 ) ;
#1695 =( LENGTH_UNIT ( ) NAMED_UNIT ( * ) SI_UNIT ( .CENTI., .METRE. ) );
#1696 = LINE ( 'NONE', #1838, #157 ) ;
#1697 = ORIENTED_EDGE ( 'NONE', *, *, #1316, .F. ) ;
#1698 =( GEOMETRIC_REPRESENTATION_CONTEXT ( 3 ) GLOBAL_UNCERTAINTY_ASSIGNED_CONTEXT ( ( #869 ) ) GLOBAL_UNIT_ASSIGNED_CONTEXT ( ( #1298, #1974, #1470 ) ) REPRESENTATION_CONTEXT ( 'NONE', 'WORKASPACE' ) );
#1699 = PRESENTATION_STYLE_ASSIGNMENT (( #1723 ) ) ;
#1700 = FILL_AREA_STYLE ('',( #1027 ) ) ;
#1701 = COLOUR_RGB ( '',0.9843137254901960231, 0.8431372549019607865, 0.3490196078431372362 ) ;
#1702 = ADVANCED_FACE ( 'NONE', ( #371 ), #1379, .T. ) ;
#1703 = STYLED_ITEM ( 'NONE', ( #2069 ), #735 ) ;
#1704 = DIRECTION ( 'NONE',  ( 1.000000000000000000, 1.734723475976810053E-16, -0.0000000000000000000 ) ) ;
#1705 = STYLED_ITEM ( 'NONE', ( #1718 ), #1814 ) ;
#1706 = STYLED_ITEM ( 'NONE', ( #1183 ), #931 ) ;
#1707 = AXIS2_PLACEMENT_3D ( 'NONE', #266, #595, #441 ) ;
#1708 = VECTOR ( 'NONE', #1142, 100.0000000000000000 ) ;
#1709 = AXIS2_PLACEMENT_3D ( 'NONE', #195, #509, #1056 ) ;
#1710 = AXIS2_PLACEMENT_3D ( 'NONE', #1729, #524, #370 ) ;
#1711 = UNCERTAINTY_MEASURE_WITH_UNIT (LENGTH_MEASURE( 1.000000000000000082E-05 ), #1023, 'distance_accuracy_value', 'NONE');
#1712 =( NAMED_UNIT ( * ) SI_UNIT ( $, .STERADIAN. ) SOLID_ANGLE_UNIT ( ) );
#1713 =( LENGTH_UNIT ( ) NAMED_UNIT ( * ) SI_UNIT ( .CENTI., .METRE. ) );
#1714 = SURFACE_SIDE_STYLE ('',( #1883 ) ) ;
#1715 = PRODUCT_DEFINITION_SHAPE ( 'NONE', 'NONE',  #1488 ) ;
#1716 = PRESENTATION_STYLE_ASSIGNMENT (( #375 ) ) ;
#1717 = ADVANCED_FACE ( 'NONE', ( #696 ), #1388, .F. ) ;
#1718 = PRESENTATION_STYLE_ASSIGNMENT (( #1030 ) ) ;
#1719 = LINE ( 'NONE', #693, #188 ) ;
#1720 = CARTESIAN_POINT ( 'NONE',  ( 0.02500000000000000139, 0.03150000000000000022, 0.0000000000000000000 ) ) ;
#1721 = CARTESIAN_POINT ( 'NONE',  ( 0.004999999999999999237, -0.01899999999999999953, -0.002000000000000000042 ) ) ;
#1722 = LINE ( 'NONE', #740, #1929 ) ;
#1723 = SURFACE_STYLE_USAGE ( .BOTH. , #1199 ) ;
#1724 = VERTEX_POINT ( 'NONE', #738 ) ;
#1725 = FILL_AREA_STYLE ('',( #377 ) ) ;
#1726 = ADVANCED_FACE ( 'NONE', ( #63 ), #1095, .T. ) ;
#1727 = UNCERTAINTY_MEASURE_WITH_UNIT (LENGTH_MEASURE( 1.000000000000000082E-05 ), #1713, 'distance_accuracy_value', 'NONE');
#1728 = CARTESIAN_POINT ( 'NONE',  ( -0.005000000000000000104, 0.01899999999999999953, 0.0000000000000000000 ) ) ;
#1729 = CARTESIAN_POINT ( 'NONE',  ( 0.0000000000000000000, 0.0000000000000000000, 0.002000000000000000042 ) ) ;
#1730 = PRODUCT_DEFINITION_SHAPE ( 'NONE', 'NONE',  #2201 ) ;
#1731 = AXIS2_PLACEMENT_3D ( 'NONE', #83, #758, #2134 ) ;
#1732 = LINE ( 'NONE', #1558, #678 ) ;
#1733 = PRESENTATION_LAYER_ASSIGNMENT (  '', '', ( #500 ) ) ;
#1734 = ORIENTED_EDGE ( 'NONE', *, *, #426, .F. ) ;
#1735 = SURFACE_STYLE_FILL_AREA ( #56 ) ;
#1736 = AXIS2_PLACEMENT_3D ( 'NONE', #1795, #984, #1462 ) ;
#1737 = COLOUR_RGB ( '',0.9843137254901960231, 0.8431372549019607865, 0.3490196078431372362 ) ;
#1738 = AXIS2_PLACEMENT_3D ( 'NONE', #407, #1128, #1973 ) ;
#1739 = VECTOR ( 'NONE', #899, 100.0000000000000000 ) ;
#1740 = VECTOR ( 'NONE', #332, 100.0000000000000000 ) ;
#1741 = COLOUR_RGB ( '',0.7921568627450980005, 0.8196078431372548767, 0.9333333333333333481 ) ;
#1742 = EDGE_CURVE ( 'NONE', #1139, #666, #1749, .T. ) ;
#1743 = SURFACE_STYLE_USAGE ( .BOTH. , #892 ) ;
#1744 = PLANE ( 'NONE',  #429 ) ;
#1745 = LINE ( 'NONE', #1779, #1364 ) ;
#1746 = ORIENTED_EDGE ( 'NONE', *, *, #1269, .F. ) ;
#1747 =( NAMED_UNIT ( * ) SI_UNIT ( $, .STERADIAN. ) SOLID_ANGLE_UNIT ( ) );
#1748 = UNCERTAINTY_MEASURE_WITH_UNIT (LENGTH_MEASURE( 1.000000000000000082E-05 ), #792, 'distance_accuracy_value', 'NONE');
#1749 = LINE ( 'NONE', #1580, #1497 ) ;
#1750 =( NAMED_UNIT ( * ) PLANE_ANGLE_UNIT ( ) SI_UNIT ( $, .RADIAN. ) );
#1751 = PRESENTATION_STYLE_ASSIGNMENT (( #1420 ) ) ;
#1752 = PLANE ( 'NONE',  #428 ) ;
#1753 = EDGE_CURVE ( 'NONE', #1598, #9, #1930, .T. ) ;
#1754 = PRESENTATION_STYLE_ASSIGNMENT (( #1575 ) ) ;
#1755 = DIRECTION ( 'NONE',  ( 1.000000000000000000, 0.0000000000000000000, -0.0000000000000000000 ) ) ;
#1756 = ORIENTED_EDGE ( 'NONE', *, *, #2179, .F. ) ;
#1757 =( REPRESENTATION_RELATIONSHIP ('NONE','NONE', #945, #488 ) REPRESENTATION_RELATIONSHIP_WITH_TRANSFORMATION ( #62 )SHAPE_REPRESENTATION_RELATIONSHIP( ) );
#1758 = LINE ( 'NONE', #706, #2065 ) ;
#1759 = CARTESIAN_POINT ( 'NONE',  ( -0.07199999999999999456, -0.03150000000000000022, -0.002000000000000000042 ) ) ;
#1760 = ORIENTED_EDGE ( 'NONE', *, *, #936, .F. ) ;
#1761 = FACE_OUTER_BOUND ( 'NONE', #277, .T. ) ;
#1762 = LINE ( 'NONE', #68, #1314 ) ;
#1763 = EDGE_CURVE ( 'NONE', #1614, #2140, #1275, .T. ) ;
#1764 = DIRECTION ( 'NONE',  ( 2.202823461557850095E-16, 1.000000000000000000, -0.0000000000000000000 ) ) ;
#1765 = MECHANICAL_DESIGN_GEOMETRIC_PRESENTATION_REPRESENTATION (  '', ( #1520 ), #1698 ) ;
#1766 = VERTEX_POINT ( 'NONE', #1759 ) ;
#1767 = AXIS2_PLACEMENT_3D ( 'NONE', #795, #446, #1133 ) ;
#1768 = DIRECTION ( 'NONE',  ( -0.0000000000000000000, 1.000000000000000000, 0.0000000000000000000 ) ) ;
#1769 = STYLED_ITEM ( 'NONE', ( #1240 ), #778 ) ;
#1770 = VECTOR ( 'NONE', #1827, 100.0000000000000000 ) ;
#1771 = MECHANICAL_DESIGN_GEOMETRIC_PRESENTATION_REPRESENTATION (  '', ( #1605 ), #1363 ) ;
#1772 = UNCERTAINTY_MEASURE_WITH_UNIT (LENGTH_MEASURE( 1.000000000000000082E-05 ), #1058, 'distance_accuracy_value', 'NONE');
#1773 = ORIENTED_EDGE ( 'NONE', *, *, #1049, .F. ) ;
#1774 =( LENGTH_UNIT ( ) NAMED_UNIT ( * ) SI_UNIT ( .CENTI., .METRE. ) );
#1775 = AXIS2_PLACEMENT_3D ( 'NONE', #722, #261, #1424 ) ;
#1776 = DIRECTION ( 'NONE',  ( 1.000000000000000000, 0.0000000000000000000, 1.721838860728290001E-30 ) ) ;
#1777 = AXIS2_PLACEMENT_3D ( 'NONE', #1621, #1449, #238 ) ;
#1778 = LINE ( 'NONE', #551, #1057 ) ;
#1779 = CARTESIAN_POINT ( 'NONE',  ( -0.004999999999999999237, -0.01899999999999999953, -0.002000000000000000042 ) ) ;
#1780 = EDGE_CURVE ( 'NONE', #1840, #609, #402, .T. ) ;
#1781 = EDGE_LOOP ( 'NONE', ( #1678, #1004, #594, #1773 ) ) ;
#1782 = LINE ( 'NONE', #1664, #1182 ) ;
#1783 =( LENGTH_UNIT ( ) NAMED_UNIT ( * ) SI_UNIT ( .CENTI., .METRE. ) );
#1784 = VERTEX_POINT ( 'NONE', #221 ) ;
#1785 = LINE ( 'NONE', #1131, #529 ) ;
#1786 = FILL_AREA_STYLE ('',( #1919 ) ) ;
#1787 = DIRECTION ( 'NONE',  ( -0.0000000000000000000, -0.0000000000000000000, -1.000000000000000000 ) ) ;
#1788 = ORIENTED_EDGE ( 'NONE', *, *, #589, .F. ) ;
#1789 = FILL_AREA_STYLE_COLOUR ( '', #859 ) ;
#1790 = LINE ( 'NONE', #1264, #2186 ) ;
#1791 = EDGE_CURVE ( 'NONE', #1491, #263, #244, .T. ) ;
#1792 = ORIENTED_EDGE ( 'NONE', *, *, #235, .T. ) ;
#1793 = FILL_AREA_STYLE_COLOUR ( '', #813 ) ;
#1794 = CARTESIAN_POINT ( 'NONE',  ( 0.05049999999999990608, -0.03150000000000000022, 0.0000000000000000000 ) ) ;
#1795 = CARTESIAN_POINT ( 'NONE',  ( -0.01499999999999999944, -0.01899999999999999953, 0.0000000000000000000 ) ) ;
#1796 = CARTESIAN_POINT ( 'NONE',  ( 0.05049999999999992689, -0.03150000000000000022, -0.002000000000000000042 ) ) ;
#1797 = SURFACE_STYLE_USAGE ( .BOTH. , #1336 ) ;
#1798 = LINE ( 'NONE', #485, #1215 ) ;
#1799 = PRESENTATION_LAYER_ASSIGNMENT (  '', '', ( #1245 ) ) ;
#1800 =( NAMED_UNIT ( * ) SI_UNIT ( $, .STERADIAN. ) SOLID_ANGLE_UNIT ( ) );
#1801 = SURFACE_STYLE_USAGE ( .BOTH. , #1460 ) ;
#1802 = STYLED_ITEM ( 'NONE', ( #656 ), #644 ) ;
#1803 = VERTEX_POINT ( 'NONE', #253 ) ;
#1804 = VECTOR ( 'NONE', #977, 100.0000000000000000 ) ;
#1805 =( NAMED_UNIT ( * ) PLANE_ANGLE_UNIT ( ) SI_UNIT ( $, .RADIAN. ) );
#1806 = CARTESIAN_POINT ( 'NONE',  ( 0.005000000000000000104, -0.01899999999999999953, 0.0000000000000000000 ) ) ;
#1807 = VECTOR ( 'NONE', #2099, 100.0000000000000000 ) ;
#1808 = VECTOR ( 'NONE', #1560, 100.0000000000000000 ) ;
#1809 = PLANE ( 'NONE',  #119 ) ;
#1810 = MECHANICAL_DESIGN_GEOMETRIC_PRESENTATION_REPRESENTATION (  '', ( #1002 ), #2119 ) ;
#1811 = SURFACE_STYLE_FILL_AREA ( #1148 ) ;
#1812 = PRESENTATION_LAYER_ASSIGNMENT (  '', '', ( #864 ) ) ;
#1813 =( LENGTH_UNIT ( ) NAMED_UNIT ( * ) SI_UNIT ( .CENTI., .METRE. ) );
#1814 = MANIFOLD_SOLID_BREP ( 'Imported6', #11 ) ;
#1815 = DIRECTION ( 'NONE',  ( 0.0000000000000000000, 1.000000000000000000, -0.0000000000000000000 ) ) ;
#1816 = ORIENTED_EDGE ( 'NONE', *, *, #875, .F. ) ;
#1817 = MANIFOLD_SOLID_BREP ( 'Imported4', #2174 ) ;
#1818 = SURFACE_STYLE_USAGE ( .BOTH. , #291 ) ;
#1819 = SURFACE_SIDE_STYLE ('',( #2020 ) ) ;
#1820 = CARTESIAN_POINT ( 'NONE',  ( -0.02500000000000000139, 0.006500000000000000569, 0.0000000000000000000 ) ) ;
#1821 =( LENGTH_UNIT ( ) NAMED_UNIT ( * ) SI_UNIT ( .CENTI., .METRE. ) );
#1822 = FACE_OUTER_BOUND ( 'NONE', #1318, .T. ) ;
#1823 = EDGE_CURVE ( 'NONE', #190, #404, #1604, .T. ) ;
#1824 = EDGE_LOOP ( 'NONE', ( #618, #1279, #1649, #1450 ) ) ;
#1825 = CARTESIAN_POINT ( 'NONE',  ( -0.07199999999999999456, 0.03150000000000000022, 0.0000000000000000000 ) ) ;
#1826 = LINE ( 'NONE', #1835, #2118 ) ;
#1827 = DIRECTION ( 'NONE',  ( 0.0000000000000000000, -0.0000000000000000000, -1.000000000000000000 ) ) ;
#1828 = ORIENTED_EDGE ( 'NONE', *, *, #1234, .T. ) ;
#1829 = CARTESIAN_POINT ( 'NONE',  ( -0.06124999999999990175, -0.03150000000000000022, 0.0000000000000000000 ) ) ;
#1830 = PRESENTATION_STYLE_ASSIGNMENT (( #2022 ) ) ;
#1831 = DIRECTION ( 'NONE',  ( -1.000000000000000000, -0.0000000000000000000, -0.0000000000000000000 ) ) ;
#1832 = DIRECTION ( 'NONE',  ( 1.000000000000000000, 0.0000000000000000000, -0.0000000000000000000 ) ) ;
#1833 = ORIENTED_EDGE ( 'NONE', *, *, #1181, .T. ) ;
#1834 = CARTESIAN_POINT ( 'NONE',  ( -0.004999999999999999237, 0.006500000000000000569, 0.0000000000000000000 ) ) ;
#1835 = CARTESIAN_POINT ( 'NONE',  ( 0.07199999999999999456, 0.03150000000000000022, 0.0000000000000000000 ) ) ;
#1836 = MECHANICAL_DESIGN_GEOMETRIC_PRESENTATION_REPRESENTATION (  '', ( #1556 ), #920 ) ;
#1837 = PRESENTATION_LAYER_ASSIGNMENT (  '', '', ( #84 ) ) ;
#1838 = CARTESIAN_POINT ( 'NONE',  ( -0.04000000000000000083, -0.02500000000000000139, 0.03799999999999999906 ) ) ;
#1839 = UNCERTAINTY_MEASURE_WITH_UNIT (LENGTH_MEASURE( 1.000000000000000082E-05 ), #257, 'distance_accuracy_value', 'NONE');
#1840 = VERTEX_POINT ( 'NONE', #868 ) ;
#1841 = MANIFOLD_SOLID_BREP ( 'Imported1', #214 ) ;
#1842 =( NAMED_UNIT ( * ) PLANE_ANGLE_UNIT ( ) SI_UNIT ( $, .RADIAN. ) );
#1843 = SURFACE_STYLE_USAGE ( .BOTH. , #1344 ) ;
#1844 = CARTESIAN_POINT ( 'NONE',  ( -2.775557561562890118E-17, -0.04000000000000000083, 0.0000000000000000000 ) ) ;
#1845 = AXIS2_PLACEMENT_3D ( 'NONE', #380, #27, #662 ) ;
#1846 = AXIS2_PLACEMENT_3D ( 'NONE', #1890, #1236, #1064 ) ;
#1847 = DIRECTION ( 'NONE',  ( -1.734723475976810053E-16, 1.000000000000000000, 0.0000000000000000000 ) ) ;
#1848 = ORIENTED_EDGE ( 'NONE', *, *, #849, .T. ) ;
#1849 = FILL_AREA_STYLE_COLOUR ( '', #1259 ) ;
#1850 = MECHANICAL_DESIGN_GEOMETRIC_PRESENTATION_REPRESENTATION (  '', ( #1568 ), #677 ) ;
#1851 =( NAMED_UNIT ( * ) PLANE_ANGLE_UNIT ( ) SI_UNIT ( $, .RADIAN. ) );
#1852 =( GEOMETRIC_REPRESENTATION_CONTEXT ( 3 ) GLOBAL_UNCERTAINTY_ASSIGNED_CONTEXT ( ( #1601 ) ) GLOBAL_UNIT_ASSIGNED_CONTEXT ( ( #458, #657, #1508 ) ) REPRESENTATION_CONTEXT ( 'NONE', 'WORKASPACE' ) );
#1853 = MECHANICAL_DESIGN_GEOMETRIC_PRESENTATION_REPRESENTATION (  '', ( #1080 ), #827 ) ;
#1854 = PRESENTATION_LAYER_ASSIGNMENT (  '', '', ( #2114 ) ) ;
#1855 = ADVANCED_BREP_SHAPE_REPRESENTATION ( '', ( #1841, #2155 ), #200 ) ;
#1856 = ADVANCED_FACE ( 'NONE', ( #2088 ), #703, .T. ) ;
#1857 = ORIENTED_EDGE ( 'NONE', *, *, #1791, .T. ) ;
#1858 =( NAMED_UNIT ( * ) SI_UNIT ( $, .STERADIAN. ) SOLID_ANGLE_UNIT ( ) );
#1859 = SURFACE_SIDE_STYLE ('',( #1878 ) ) ;
#1860 = SURFACE_STYLE_FILL_AREA ( #1190 ) ;
#1861 = SURFACE_STYLE_USAGE ( .BOTH. , #1380 ) ;
#1862 = ORIENTED_EDGE ( 'NONE', *, *, #907, .F. ) ;
#1863 = SURFACE_SIDE_STYLE ('',( #1179 ) ) ;
#1864 = UNCERTAINTY_MEASURE_WITH_UNIT (LENGTH_MEASURE( 1.000000000000000082E-05 ), #1104, 'distance_accuracy_value', 'NONE');
#1865 = ORIENTED_EDGE ( 'NONE', *, *, #1866, .T. ) ;
#1866 = EDGE_CURVE ( 'NONE', #1724, #1171, #1417, .T. ) ;
#1867 = SURFACE_STYLE_USAGE ( .BOTH. , #1859 ) ;
#1868 = CARTESIAN_POINT ( 'NONE',  ( -0.05049999999999993383, 0.03150000000000000022, 0.0000000000000000000 ) ) ;
#1869 = DIRECTION ( 'NONE',  ( 0.0000000000000000000, 0.0000000000000000000, 1.000000000000000000 ) ) ;
#1870 = FILL_AREA_STYLE_COLOUR ( '', #1533 ) ;
#1871 = VERTEX_POINT ( 'NONE', #440 ) ;
#1872 = CARTESIAN_POINT ( 'NONE',  ( -0.04000000000000000083, -0.02500000000000000139, 0.03799999999999999906 ) ) ;
#1873 = DIRECTION ( 'NONE',  ( -1.000000000000000000, 0.0000000000000000000, 0.0000000000000000000 ) ) ;
#1874 = VECTOR ( 'NONE', #1331, 100.0000000000000000 ) ;
#1875 = ORIENTED_EDGE ( 'NONE', *, *, #523, .F. ) ;
#1876 = DIRECTION ( 'NONE',  ( 1.000000000000000000, 2.202823461557850095E-16, 0.0000000000000000000 ) ) ;
#1877 = CARTESIAN_POINT ( 'NONE',  ( 0.0000000000000000000, 0.0000000000000000000, 0.0000000000000000000 ) ) ;
#1878 = SURFACE_STYLE_FILL_AREA ( #2056 ) ;
#1879 = EDGE_CURVE ( 'NONE', #826, #522, #2141, .T. ) ;
#1880 =( GEOMETRIC_REPRESENTATION_CONTEXT ( 3 ) GLOBAL_UNCERTAINTY_ASSIGNED_CONTEXT ( ( #2104 ) ) GLOBAL_UNIT_ASSIGNED_CONTEXT ( ( #1926, #1052, #1067 ) ) REPRESENTATION_CONTEXT ( 'NONE', 'WORKASPACE' ) );
#1881 =( NAMED_UNIT ( * ) PLANE_ANGLE_UNIT ( ) SI_UNIT ( $, .RADIAN. ) );
#1882 = SURFACE_STYLE_FILL_AREA ( #518 ) ;
#1883 = SURFACE_STYLE_FILL_AREA ( #1191 ) ;
#1884 = EDGE_CURVE ( 'NONE', #1233, #87, #772, .T. ) ;
#1885 = FILL_AREA_STYLE_COLOUR ( '', #196 ) ;
#1886 =( GEOMETRIC_REPRESENTATION_CONTEXT ( 3 ) GLOBAL_UNCERTAINTY_ASSIGNED_CONTEXT ( ( #1893 ) ) GLOBAL_UNIT_ASSIGNED_CONTEXT ( ( #1403, #547, #756 ) ) REPRESENTATION_CONTEXT ( 'NONE', 'WORKASPACE' ) );
#1887 = SURFACE_STYLE_FILL_AREA ( #1725 ) ;
#1888 = PRESENTATION_LAYER_ASSIGNMENT (  '', '', ( #1610 ) ) ;
#1889 = STYLED_ITEM ( 'NONE', ( #477 ), #1116 ) ;
#1890 = CARTESIAN_POINT ( 'NONE',  ( -0.01499999999999999944, -1.734723475976809868E-17, 0.03799999999999999906 ) ) ;
#1891 = COLOUR_RGB ( '',0.7921568627450980005, 0.8196078431372548767, 0.9333333333333333481 ) ;
#1892 = PRESENTATION_LAYER_ASSIGNMENT (  '', '', ( #199 ) ) ;
#1893 = UNCERTAINTY_MEASURE_WITH_UNIT (LENGTH_MEASURE( 1.000000000000000082E-05 ), #1403, 'distance_accuracy_value', 'NONE');
#1894 = SURFACE_STYLE_FILL_AREA ( #1385 ) ;
#1895 = APPLICATION_PROTOCOL_DEFINITION ( 'draft international standard', 'automotive_design', 1998, #815 ) ;
#1896 = CARTESIAN_POINT ( 'NONE',  ( 0.07999999999999990452, -0.04000000000000000083, 0.03799999999999999906 ) ) ;
#1897 = DIRECTION ( 'NONE',  ( -1.000000000000000000, -0.0000000000000000000, -0.0000000000000000000 ) ) ;
#1898 =( NAMED_UNIT ( * ) PLANE_ANGLE_UNIT ( ) SI_UNIT ( $, .RADIAN. ) );
#1899 = ORIENTED_EDGE ( 'NONE', *, *, #668, .F. ) ;
#1900 = ADVANCED_FACE ( 'NONE', ( #92 ), #1247, .T. ) ;
#1901 = FILL_AREA_STYLE ('',( #1885 ) ) ;
#1902 =( NAMED_UNIT ( * ) SI_UNIT ( $, .STERADIAN. ) SOLID_ANGLE_UNIT ( ) );
#1903 = SURFACE_SIDE_STYLE ('',( #1894 ) ) ;
#1904 = PRODUCT_CONTEXT ( 'NONE', #2126, 'mechanical' ) ;
#1905 = PRESENTATION_STYLE_ASSIGNMENT (( #1843 ) ) ;
#1906 = SURFACE_SIDE_STYLE ('',( #48 ) ) ;
#1907 = FILL_AREA_STYLE_COLOUR ( '', #425 ) ;
#1908 = DIRECTION ( 'NONE',  ( 1.387778780781450113E-16, 1.000000000000000000, -0.0000000000000000000 ) ) ;
#1909 = ORIENTED_EDGE ( 'NONE', *, *, #1049, .T. ) ;
#1910 = LINE ( 'NONE', #184, #1739 ) ;
#1911 = PRESENTATION_STYLE_ASSIGNMENT (( #545 ) ) ;
#1912 = UNCERTAINTY_MEASURE_WITH_UNIT (LENGTH_MEASURE( 1.000000000000000082E-05 ), #175, 'distance_accuracy_value', 'NONE');
#1913 = SURFACE_SIDE_STYLE ('',( #1237 ) ) ;
#1914 = DIRECTION ( 'NONE',  ( 1.000000000000000000, 0.0000000000000000000, 0.0000000000000000000 ) ) ;
#1915 = SURFACE_STYLE_USAGE ( .BOTH. , #419 ) ;
#1916 = PRESENTATION_STYLE_ASSIGNMENT (( #1238 ) ) ;
#1917 = FACE_OUTER_BOUND ( 'NONE', #459, .T. ) ;
#1918 = CARTESIAN_POINT ( 'NONE',  ( -0.06500000000000000222, 0.02500000000000000139, 0.03899999999999999994 ) ) ;
#1919 = FILL_AREA_STYLE_COLOUR ( '', #2156 ) ;
#1920 =( NAMED_UNIT ( * ) PLANE_ANGLE_UNIT ( ) SI_UNIT ( $, .RADIAN. ) );
#1921 = ORIENTED_EDGE ( 'NONE', *, *, #1001, .T. ) ;
#1922 = DIRECTION ( 'NONE',  ( -0.0000000000000000000, 1.000000000000000000, 0.0000000000000000000 ) ) ;
#1923 = COLOUR_RGB ( '',0.9843137254901960231, 0.8431372549019607865, 0.3490196078431372362 ) ;
#1924 = VECTOR ( 'NONE', #1050, 100.0000000000000000 ) ;
#1925 = PRESENTATION_LAYER_ASSIGNMENT (  '', '', ( #642 ) ) ;
#1926 =( LENGTH_UNIT ( ) NAMED_UNIT ( * ) SI_UNIT ( .CENTI., .METRE. ) );
#1927 = CARTESIAN_POINT ( 'NONE',  ( 0.0000000000000000000, 0.0000000000000000000, 0.002000000000000000042 ) ) ;
#1928 = ADVANCED_FACE ( 'NONE', ( #2113 ), #2129, .F. ) ;
#1929 = VECTOR ( 'NONE', #729, 100.0000000000000000 ) ;
#1930 = LINE ( 'NONE', #74, #1149 ) ;
#1931 = DIRECTION ( 'NONE',  ( 1.000000000000000000, 0.0000000000000000000, -0.0000000000000000000 ) ) ;
#1932 = SURFACE_STYLE_FILL_AREA ( #760 ) ;
#1933 = SURFACE_STYLE_FILL_AREA ( #1241 ) ;
#1934 = PLANE ( 'NONE',  #1328 ) ;
#1935 = EDGE_LOOP ( 'NONE', ( #649, #622, #520, #141 ) ) ;
#1936 = SURFACE_SIDE_STYLE ('',( #1263 ) ) ;
#1937 = SURFACE_SIDE_STYLE ('',( #944 ) ) ;
#1938 = UNCERTAINTY_MEASURE_WITH_UNIT (LENGTH_MEASURE( 1.000000000000000082E-05 ), #1412, 'distance_accuracy_value', 'NONE');
#1939 = LINE ( 'NONE', #409, #1634 ) ;
#1940 = ADVANCED_FACE ( 'NONE', ( #954 ), #1980, .T. ) ;
#1941 = CARTESIAN_POINT ( 'NONE',  ( -0.07199999999999999456, -0.03150000000000000022, 0.0000000000000000000 ) ) ;
#1942 = PRESENTATION_STYLE_ASSIGNMENT (( #247 ) ) ;
#1943 = CARTESIAN_POINT ( 'NONE',  ( 0.02500000000000000139, 0.006499999999999999702, -0.002000000000000000042 ) ) ;
#1944 =( NAMED_UNIT ( * ) SI_UNIT ( $, .STERADIAN. ) SOLID_ANGLE_UNIT ( ) );
#1945 = VERTEX_POINT ( 'NONE', #2194 ) ;
#1946 = CARTESIAN_POINT ( 'NONE',  ( -0.02500000000000000139, -0.006500000000000000569, 0.0000000000000000000 ) ) ;
#1947 = FILL_AREA_STYLE_COLOUR ( '', #1436 ) ;
#1948 = ORIENTED_EDGE ( 'NONE', *, *, #849, .F. ) ;
#1949 = CARTESIAN_POINT ( 'NONE',  ( 0.01499999999999999944, 0.01899999999999999953, 0.0000000000000000000 ) ) ;
#1950 = CARTESIAN_POINT ( 'NONE',  ( -0.005000000000000000104, 0.01899999999999999953, 0.0000000000000000000 ) ) ;
#1951 = AXIS2_PLACEMENT_3D ( 'NONE', #1949, #1156, #273 ) ;
#1952 = ORIENTED_EDGE ( 'NONE', *, *, #1616, .F. ) ;
#1953 =( GEOMETRIC_REPRESENTATION_CONTEXT ( 3 ) GLOBAL_UNCERTAINTY_ASSIGNED_CONTEXT ( ( #1184 ) ) GLOBAL_UNIT_ASSIGNED_CONTEXT ( ( #1094, #2090, #36 ) ) REPRESENTATION_CONTEXT ( 'NONE', 'WORKASPACE' ) );
#1954 = EDGE_CURVE ( 'NONE', #2004, #1378, #1312, .T. ) ;
#1955 = ORIENTED_EDGE ( 'NONE', *, *, #917, .T. ) ;
#1956 = SURFACE_SIDE_STYLE ('',( #1283 ) ) ;
#1957 = PLANE ( 'NONE',  #1707 ) ;
#1958 = AXIS2_PLACEMENT_3D ( 'NONE', #222, #98, #1109 ) ;
#1959 = CARTESIAN_POINT ( 'NONE',  ( -0.01499999999999999944, -0.006499999999999999702, 0.0000000000000000000 ) ) ;
#1960 =( GEOMETRIC_REPRESENTATION_CONTEXT ( 3 ) GLOBAL_UNCERTAINTY_ASSIGNED_CONTEXT ( ( #705 ) ) GLOBAL_UNIT_ASSIGNED_CONTEXT ( ( #173, #348, #1046 ) ) REPRESENTATION_CONTEXT ( 'NONE', 'WORKASPACE' ) );
#1961 = PRESENTATION_LAYER_ASSIGNMENT (  '', '', ( #2115 ) ) ;
#1962 =( GEOMETRIC_REPRESENTATION_CONTEXT ( 3 ) GLOBAL_UNCERTAINTY_ASSIGNED_CONTEXT ( ( #379 ) ) GLOBAL_UNIT_ASSIGNED_CONTEXT ( ( #1695, #717, #691 ) ) REPRESENTATION_CONTEXT ( 'NONE', 'WORKASPACE' ) );
#1963 = PRESENTATION_LAYER_ASSIGNMENT (  '', '', ( #341 ) ) ;
#1964 = ORIENTED_EDGE ( 'NONE', *, *, #321, .T. ) ;
#1965 = SHAPE_REPRESENTATION_RELATIONSHIP ( 'NONE' , 'NONE' ,  #1472, #1441 ) ;
#1966 = VECTOR ( 'NONE', #2092, 100.0000000000000000 ) ;
#1967 = STYLED_ITEM ( 'NONE', ( #1484 ), #1386 ) ;
#1968 = FILL_AREA_STYLE_COLOUR ( '', #336 ) ;
#1969 = AXIS2_PLACEMENT_3D ( 'NONE', #1877, #401, #1579 ) ;
#1970 = SURFACE_STYLE_USAGE ( .BOTH. , #2159 ) ;
#1971 = VERTEX_POINT ( 'NONE', #132 ) ;
#1972 = EDGE_CURVE ( 'NONE', #197, #1499, #967, .T. ) ;
#1973 = DIRECTION ( 'NONE',  ( 0.0000000000000000000, 0.0000000000000000000, -1.000000000000000000 ) ) ;
#1974 =( NAMED_UNIT ( * ) PLANE_ANGLE_UNIT ( ) SI_UNIT ( $, .RADIAN. ) );
#1975 = ORIENTED_EDGE ( 'NONE', *, *, #577, .F. ) ;
#1976 = FILL_AREA_STYLE_COLOUR ( '', #2003 ) ;
#1977 =( NAMED_UNIT ( * ) SI_UNIT ( $, .STERADIAN. ) SOLID_ANGLE_UNIT ( ) );
#1978 = DIRECTION ( 'NONE',  ( 0.0000000000000000000, -0.0000000000000000000, 1.000000000000000000 ) ) ;
#1979 = ORIENTED_EDGE ( 'NONE', *, *, #1223, .T. ) ;
#1980 = PLANE ( 'NONE',  #229 ) ;
#1981 = ORIENTED_EDGE ( 'NONE', *, *, #8, .T. ) ;
#1982 = DIRECTION ( 'NONE',  ( 1.000000000000000000, 0.0000000000000000000, 0.0000000000000000000 ) ) ;
#1983 = CARTESIAN_POINT ( 'NONE',  ( 0.05050000000000000322, -2.602085213965209871E-18, -0.002000000000000000042 ) ) ;
#1984 =( LENGTH_UNIT ( ) NAMED_UNIT ( * ) SI_UNIT ( .CENTI., .METRE. ) );
#1985 = VERTEX_POINT ( 'NONE', #117 ) ;
#1986 = DIRECTION ( 'NONE',  ( 1.000000000000000000, 0.0000000000000000000, -0.0000000000000000000 ) ) ;
#1987 = COLOUR_RGB ( '',0.9843137254901960231, 0.8431372549019607865, 0.3490196078431372362 ) ;
#1988 = SURFACE_STYLE_USAGE ( .BOTH. , #151 ) ;
#1989 = VECTOR ( 'NONE', #1815, 100.0000000000000000 ) ;
#1990 =( NAMED_UNIT ( * ) PLANE_ANGLE_UNIT ( ) SI_UNIT ( $, .RADIAN. ) );
#1991 = CARTESIAN_POINT ( 'NONE',  ( 0.004999999999999999237, -0.03150000000000000022, 0.0000000000000000000 ) ) ;
#1992 = ORIENTED_EDGE ( 'NONE', *, *, #809, .T. ) ;
#1993 = VECTOR ( 'NONE', #1831, 100.0000000000000000 ) ;
#1994 = DIRECTION ( 'NONE',  ( 0.0000000000000000000, -0.0000000000000000000, -1.000000000000000000 ) ) ;
#1995 = EDGE_CURVE ( 'NONE', #78, #672, #2178, .T. ) ;
#1996 =( GEOMETRIC_REPRESENTATION_CONTEXT ( 3 ) GLOBAL_UNCERTAINTY_ASSIGNED_CONTEXT ( ( #2079 ) ) GLOBAL_UNIT_ASSIGNED_CONTEXT ( ( #1225, #554, #1530 ) ) REPRESENTATION_CONTEXT ( 'NONE', 'WORKASPACE' ) );
#1997 = CARTESIAN_POINT ( 'NONE',  ( -0.01500000000000000118, -0.02500000000000000139, 0.03799999999999999906 ) ) ;
#1998 = PRESENTATION_LAYER_ASSIGNMENT (  '', '', ( #1706 ) ) ;
#1999 = SURFACE_SIDE_STYLE ('',( #2173 ) ) ;
#2000 =( GEOMETRIC_REPRESENTATION_CONTEXT ( 3 ) GLOBAL_UNCERTAINTY_ASSIGNED_CONTEXT ( ( #1410 ) ) GLOBAL_UNIT_ASSIGNED_CONTEXT ( ( #2041, #334, #1681 ) ) REPRESENTATION_CONTEXT ( 'NONE', 'WORKASPACE' ) );
#2001 = SURFACE_STYLE_FILL_AREA ( #1144 ) ;
#2002 = PLANE ( 'NONE',  #1709 ) ;
#2003 = COLOUR_RGB ( '',0.1019607843137254888, 0.1019607843137254888, 0.1019607843137254888 ) ;
#2004 = VERTEX_POINT ( 'NONE', #1350 ) ;
#2005 = CARTESIAN_POINT ( 'NONE',  ( -0.01499999999999999944, 0.006499999999999999702, 0.0000000000000000000 ) ) ;
#2006 = PRODUCT_DEFINITION_FORMATION_WITH_SPECIFIED_SOURCE ( 'ANY', '', #1485, .NOT_KNOWN. ) ;
#2007 =( NAMED_UNIT ( * ) PLANE_ANGLE_UNIT ( ) SI_UNIT ( $, .RADIAN. ) );
#2008 = PRODUCT_DEFINITION_SHAPE ( 'NONE', 'NONE',  #216 ) ;
#2009 = CARTESIAN_POINT ( 'NONE',  ( -0.08000000000000000167, -0.04000000000000000083, 0.0000000000000000000 ) ) ;
#2010 = ORIENTED_EDGE ( 'NONE', *, *, #985, .T. ) ;
#2011 = FILL_AREA_STYLE_COLOUR ( '', #989 ) ;
#2012 = FILL_AREA_STYLE_COLOUR ( '', #366 ) ;
#2013 = FILL_AREA_STYLE ('',( #1333 ) ) ;
#2014 = EDGE_CURVE ( 'NONE', #345, #430, #1798, .T. ) ;
#2015 = DIRECTION ( 'NONE',  ( -1.000000000000000000, 0.0000000000000000000, 0.0000000000000000000 ) ) ;
#2016 = EDGE_CURVE ( 'NONE', #1598, #1337, #297, .T. ) ;
#2017 = DIRECTION ( 'NONE',  ( -1.000000000000000000, 1.734723475976810053E-16, -0.0000000000000000000 ) ) ;
#2018 = DIRECTION ( 'NONE',  ( -0.0000000000000000000, 1.000000000000000000, 0.0000000000000000000 ) ) ;
#2019 = ORIENTED_EDGE ( 'NONE', *, *, #654, .T. ) ;
#2020 = SURFACE_STYLE_FILL_AREA ( #1172 ) ;
#2021 = LINE ( 'NONE', #317, #2071 ) ;
#2022 = SURFACE_STYLE_USAGE ( .BOTH. , #1546 ) ;
#2023 = CARTESIAN_POINT ( 'NONE',  ( -0.02500000000000000139, 0.006499999999999997967, 0.0000000000000000000 ) ) ;
#2024 = PRODUCT_RELATED_PRODUCT_CATEGORY ( 'part', '', ( #1485 ) ) ;
#2025 = ORIENTED_EDGE ( 'NONE', *, *, #264, .T. ) ;
#2026 = EDGE_CURVE ( 'NONE', #1491, #1645, #1302, .T. ) ;
#2027 = FILL_AREA_STYLE_COLOUR ( '', #747 ) ;
#2028 = COLOUR_RGB ( '',0.9843137254901960231, 0.8431372549019607865, 0.3490196078431372362 ) ;
#2029 = SURFACE_STYLE_USAGE ( .BOTH. , #823 ) ;
#2030 = PRESENTATION_LAYER_ASSIGNMENT (  '', '', ( #1559 ) ) ;
#2031 = UNCERTAINTY_MEASURE_WITH_UNIT (LENGTH_MEASURE( 1.000000000000000082E-05 ), #1690, 'distance_accuracy_value', 'NONE');
#2032 = ORIENTED_EDGE ( 'NONE', *, *, #1626, .T. ) ;
#2033 = SURFACE_STYLE_FILL_AREA ( #2182 ) ;
#2034 =( GEOMETRIC_REPRESENTATION_CONTEXT ( 3 ) GLOBAL_UNCERTAINTY_ASSIGNED_CONTEXT ( ( #1368 ) ) GLOBAL_UNIT_ASSIGNED_CONTEXT ( ( #799, #1990, #418 ) ) REPRESENTATION_CONTEXT ( 'NONE', 'WORKASPACE' ) );
#2035 =( LENGTH_UNIT ( ) NAMED_UNIT ( * ) SI_UNIT ( .CENTI., .METRE. ) );
#2036 = LINE ( 'NONE', #1188, #1005 ) ;
#2037 = CARTESIAN_POINT ( 'NONE',  ( 0.02500000000000000139, 0.01899999999999999953, 0.0000000000000000000 ) ) ;
#2038 = PRESENTATION_LAYER_ASSIGNMENT (  '', '', ( #1572 ) ) ;
#2039 = ORIENTED_EDGE ( 'NONE', *, *, #102, .F. ) ;
#2040 = PRESENTATION_LAYER_ASSIGNMENT (  '', '', ( #641 ) ) ;
#2041 =( LENGTH_UNIT ( ) NAMED_UNIT ( * ) SI_UNIT ( .CENTI., .METRE. ) );
#2042 = STYLED_ITEM ( 'NONE', ( #1686 ), #1445 ) ;
#2043 = EDGE_CURVE ( 'NONE', #672, #1614, #980, .T. ) ;
#2044 = AXIS2_PLACEMENT_3D ( 'NONE', #1045, #1252, #556 ) ;
#2045 = DIRECTION ( 'NONE',  ( -0.0000000000000000000, 1.000000000000000000, 0.0000000000000000000 ) ) ;
#2046 = ORIENTED_EDGE ( 'NONE', *, *, #2198, .F. ) ;
#2047 = DIRECTION ( 'NONE',  ( 0.0000000000000000000, 0.0000000000000000000, -1.000000000000000000 ) ) ;
#2048 = FILL_AREA_STYLE_COLOUR ( '', #192 ) ;
#2049 = DIRECTION ( 'NONE',  ( 8.673617379884029556E-16, -1.000000000000000000, 0.0000000000000000000 ) ) ;
#2050 = ORIENTED_EDGE ( 'NONE', *, *, #907, .T. ) ;
#2051 = PRESENTATION_STYLE_ASSIGNMENT (( #1375 ) ) ;
#2052 = CARTESIAN_POINT ( 'NONE',  ( -0.02500000000000000139, -0.01899999999999999953, 0.0000000000000000000 ) ) ;
#2053 = UNCERTAINTY_MEASURE_WITH_UNIT (LENGTH_MEASURE( 1.000000000000000082E-05 ), #1042, 'distance_accuracy_value', 'NONE');
#2054 = ORIENTED_EDGE ( 'NONE', *, *, #1141, .F. ) ;
#2055 = EDGE_CURVE ( 'NONE', #522, #1491, #1326, .T. ) ;
#2056 = FILL_AREA_STYLE ('',( #210 ) ) ;
#2057 = SURFACE_STYLE_FILL_AREA ( #1176 ) ;
#2058 = DIRECTION ( 'NONE',  ( 1.000000000000000000, 0.0000000000000000000, -0.0000000000000000000 ) ) ;
#2059 = PRESENTATION_STYLE_ASSIGNMENT (( #30 ) ) ;
#2060 = EDGE_LOOP ( 'NONE', ( #1899, #1127, #801, #91 ) ) ;
#2061 = DIRECTION ( 'NONE',  ( 1.387778780781450113E-16, -1.000000000000000000, 0.0000000000000000000 ) ) ;
#2062 = PRODUCT ( 'Imported', 'Imported', '', ( #1053 ) ) ;
#2063 = CLOSED_SHELL ( 'NONE', ( #767, #1377, #513, #1490, #1940, #483 ) ) ;
#2064 = PRODUCT_CONTEXT ( 'NONE', #388, 'mechanical' ) ;
#2065 = VECTOR ( 'NONE', #903, 100.0000000000000000 ) ;
#2066 = FILL_AREA_STYLE ('',( #1205 ) ) ;
#2067 = EDGE_CURVE ( 'NONE', #1373, #1724, #1338, .T. ) ;
#2068 = PLANE ( 'NONE',  #342 ) ;
#2069 = PRESENTATION_STYLE_ASSIGNMENT (( #203 ) ) ;
#2070 =( GEOMETRIC_REPRESENTATION_CONTEXT ( 3 ) GLOBAL_UNCERTAINTY_ASSIGNED_CONTEXT ( ( #1912 ) ) GLOBAL_UNIT_ASSIGNED_CONTEXT ( ( #175, #526, #180 ) ) REPRESENTATION_CONTEXT ( 'NONE', 'WORKASPACE' ) );
#2071 = VECTOR ( 'NONE', #136, 100.0000000000000000 ) ;
#2072 = PRESENTATION_LAYER_ASSIGNMENT (  '', '', ( #1255 ) ) ;
#2073 = PLANE ( 'NONE',  #2074 ) ;
#2074 = AXIS2_PLACEMENT_3D ( 'NONE', #715, #54, #1395 ) ;
#2075 = FILL_AREA_STYLE_COLOUR ( '', #998 ) ;
#2076 = COLOUR_RGB ( '',0.9843137254901960231, 0.8431372549019607865, 0.3490196078431372362 ) ;
#2077 = PRESENTATION_LAYER_ASSIGNMENT (  '', '', ( #55 ) ) ;
#2078 = VECTOR ( 'NONE', #831, 100.0000000000000000 ) ;
#2079 = UNCERTAINTY_MEASURE_WITH_UNIT (LENGTH_MEASURE( 1.000000000000000082E-05 ), #1225, 'distance_accuracy_value', 'NONE');
#2080 = SURFACE_STYLE_USAGE ( .BOTH. , #252 ) ;
#2081 = PRODUCT_CONTEXT ( 'NONE', #364, 'mechanical' ) ;
#2082 =( NAMED_UNIT ( * ) PLANE_ANGLE_UNIT ( ) SI_UNIT ( $, .RADIAN. ) );
#2083 = DIRECTION ( 'NONE',  ( -0.0000000000000000000, 1.000000000000000000, 0.0000000000000000000 ) ) ;
#2084 = PRODUCT_DEFINITION ( 'UNKNOWN', '', #1038, #1536 ) ;
#2085 = DIRECTION ( 'NONE',  ( 0.0000000000000000000, -0.0000000000000000000, 1.000000000000000000 ) ) ;
#2086 = SURFACE_STYLE_FILL_AREA ( #1901 ) ;
#2087 = EDGE_CURVE ( 'NONE', #2140, #1840, #167, .T. ) ;
#2088 = FACE_OUTER_BOUND ( 'NONE', #1243, .T. ) ;
#2089 = CARTESIAN_POINT ( 'NONE',  ( -0.02500000000000000139, -0.01899999999999999953, 0.0000000000000000000 ) ) ;
#2090 =( NAMED_UNIT ( * ) PLANE_ANGLE_UNIT ( ) SI_UNIT ( $, .RADIAN. ) );
#2091 = PRESENTATION_STYLE_ASSIGNMENT (( #1915 ) ) ;
#2092 = DIRECTION ( 'NONE',  ( -0.0000000000000000000, -0.0000000000000000000, -1.000000000000000000 ) ) ;
#2093 = DIRECTION ( 'NONE',  ( 1.000000000000000000, 0.0000000000000000000, -0.0000000000000000000 ) ) ;
#2094 = DIRECTION ( 'NONE',  ( 1.387778780781450113E-16, 1.000000000000000000, 0.0000000000000000000 ) ) ;
#2095 = VERTEX_POINT ( 'NONE', #41 ) ;
#2096 = PRESENTATION_STYLE_ASSIGNMENT (( #23 ) ) ;
#2097 = ORIENTED_EDGE ( 'NONE', *, *, #577, .T. ) ;
#2098 = EDGE_CURVE ( 'NONE', #103, #1803, #548, .T. ) ;
#2099 = DIRECTION ( 'NONE',  ( -1.000000000000000000, -0.0000000000000000000, -0.0000000000000000000 ) ) ;
#2100 = CARTESIAN_POINT ( 'NONE',  ( -0.02500000000000000139, -0.006499999999999999702, -0.002000000000000000042 ) ) ;
#2101 = UNCERTAINTY_MEASURE_WITH_UNIT (LENGTH_MEASURE( 1.000000000000000082E-05 ), #659, 'distance_accuracy_value', 'NONE');
#2102 = DIRECTION ( 'NONE',  ( 1.000000000000000000, 1.387778780781450113E-16, 0.0000000000000000000 ) ) ;
#2103 = STYLED_ITEM ( 'NONE', ( #1754 ), #34 ) ;
#2104 = UNCERTAINTY_MEASURE_WITH_UNIT (LENGTH_MEASURE( 1.000000000000000082E-05 ), #1926, 'distance_accuracy_value', 'NONE');
#2105 = AXIS2_PLACEMENT_3D ( 'NONE', #1370, #1506, #1931 ) ;
#2106 = DIRECTION ( 'NONE',  ( 0.0000000000000000000, -1.000000000000000000, 0.0000000000000000000 ) ) ;
#2107 = CARTESIAN_POINT ( 'NONE',  ( -0.08000000000000000167, -2.775557561562890118E-17, 0.0000000000000000000 ) ) ;
#2108 =( NAMED_UNIT ( * ) PLANE_ANGLE_UNIT ( ) SI_UNIT ( $, .RADIAN. ) );
#2109 = STYLED_ITEM ( 'NONE', ( #72 ), #483 ) ;
#2110 = SURFACE_SIDE_STYLE ('',( #732 ) ) ;
#2111 = AXIS2_PLACEMENT_3D ( 'NONE', #539, #1869, #2058 ) ;
#2112 = ORIENTED_EDGE ( 'NONE', *, *, #1465, .F. ) ;
#2113 = FACE_OUTER_BOUND ( 'NONE', #1262, .T. ) ;
#2114 = STYLED_ITEM ( 'NONE', ( #285 ), #1571 ) ;
#2115 = STYLED_ITEM ( 'NONE', ( #359 ), #979 ) ;
#2116 = EDGE_CURVE ( 'NONE', #87, #1103, #559, .T. ) ;
#2117 = STYLED_ITEM ( 'NONE', ( #1428 ), #1900 ) ;
#2118 = VECTOR ( 'NONE', #1351, 100.0000000000000000 ) ;
#2119 =( GEOMETRIC_REPRESENTATION_CONTEXT ( 3 ) GLOBAL_UNCERTAINTY_ASSIGNED_CONTEXT ( ( #400 ) ) GLOBAL_UNIT_ASSIGNED_CONTEXT ( ( #1010, #1750, #698 ) ) REPRESENTATION_CONTEXT ( 'NONE', 'WORKASPACE' ) );
#2120 = MECHANICAL_DESIGN_GEOMETRIC_PRESENTATION_REPRESENTATION (  '', ( #1967 ), #1852 ) ;
#2121 = EDGE_CURVE ( 'NONE', #826, #190, #1722, .T. ) ;
#2122 = PRESENTATION_LAYER_ASSIGNMENT (  '', '', ( #1080 ) ) ;
#2123 = PRESENTATION_STYLE_ASSIGNMENT (( #1743 ) ) ;
#2124 = LINE ( 'NONE', #1950, #52 ) ;
#2125 = DIRECTION ( 'NONE',  ( 1.000000000000000000, 0.0000000000000000000, 0.0000000000000000000 ) ) ;
#2126 = APPLICATION_CONTEXT ( 'automotive_design' ) ;
#2127 = FILL_AREA_STYLE ('',( #1440 ) ) ;
#2128 = ORIENTED_EDGE ( 'NONE', *, *, #1780, .T. ) ;
#2129 = PLANE ( 'NONE',  #1033 ) ;
#2130 = SURFACE_STYLE_USAGE ( .BOTH. , #1937 ) ;
#2131 = SURFACE_SIDE_STYLE ('',( #1602 ) ) ;
#2132 = CARTESIAN_POINT ( 'NONE',  ( 0.01499999999999999944, -0.01899999999999999953, 0.0000000000000000000 ) ) ;
#2133 = ORIENTED_EDGE ( 'NONE', *, *, #2135, .T. ) ;
#2134 = DIRECTION ( 'NONE',  ( 0.0000000000000000000, -0.0000000000000000000, 1.000000000000000000 ) ) ;
#2135 = EDGE_CURVE ( 'NONE', #358, #1598, #1047, .T. ) ;
#2136 =( NAMED_UNIT ( * ) SI_UNIT ( $, .STERADIAN. ) SOLID_ANGLE_UNIT ( ) );
#2137 = FACE_OUTER_BOUND ( 'NONE', #1196, .T. ) ;
#2138 = LINE ( 'NONE', #1983, #1629 ) ;
#2139 = CARTESIAN_POINT ( 'NONE',  ( 0.004999999999999999237, 0.006500000000000000569, 0.0000000000000000000 ) ) ;
#2140 = VERTEX_POINT ( 'NONE', #1573 ) ;
#2141 = LINE ( 'NONE', #431, #1257 ) ;
#2142 = DIRECTION ( 'NONE',  ( 0.0000000000000000000, 0.0000000000000000000, 1.000000000000000000 ) ) ;
#2143 = CARTESIAN_POINT ( 'NONE',  ( -0.06500000000000000222, -0.02500000000000000139, 0.03899999999999999994 ) ) ;
#2144 = VERTEX_POINT ( 'NONE', #570 ) ;
#2145 = FACE_OUTER_BOUND ( 'NONE', #632, .T. ) ;
#2146 = VECTOR ( 'NONE', #1448, 100.0000000000000000 ) ;
#2147 = ADVANCED_FACE ( 'NONE', ( #1917 ), #2068, .T. ) ;
#2148 = MECHANICAL_DESIGN_GEOMETRIC_PRESENTATION_REPRESENTATION (  '', ( #598 ), #1062 ) ;
#2149 = ORIENTED_EDGE ( 'NONE', *, *, #2198, .T. ) ;
#2150 = FILL_AREA_STYLE_COLOUR ( '', #1611 ) ;
#2151 = PRESENTATION_LAYER_ASSIGNMENT (  '', '', ( #155 ) ) ;
#2152 = VECTOR ( 'NONE', #1704, 100.0000000000000000 ) ;
#2153 = ORIENTED_EDGE ( 'NONE', *, *, #77, .T. ) ;
#2154 = MECHANICAL_DESIGN_GEOMETRIC_PRESENTATION_REPRESENTATION (  '', ( #641 ), #1500 ) ;
#2155 = AXIS2_PLACEMENT_3D ( 'NONE', #293, #923, #1982 ) ;
#2156 = COLOUR_RGB ( '',0.1019607843137254888, 0.1019607843137254888, 0.1019607843137254888 ) ;
#2157 = LINE ( 'NONE', #437, #1422 ) ;
#2158 = CARTESIAN_POINT ( 'NONE',  ( 0.07999999999999990452, 0.04000000000000000083, 0.03799999999999999906 ) ) ;
#2159 = SURFACE_SIDE_STYLE ('',( #1585 ) ) ;
#2160 = VERTEX_POINT ( 'NONE', #373 ) ;
#2161 =( NAMED_UNIT ( * ) PLANE_ANGLE_UNIT ( ) SI_UNIT ( $, .RADIAN. ) );
#2162 = ORIENTED_EDGE ( 'NONE', *, *, #1039, .T. ) ;
#2163 = DIRECTION ( 'NONE',  ( -1.387778780781450113E-16, -1.000000000000000000, -0.0000000000000000000 ) ) ;
#2164 = CARTESIAN_POINT ( 'NONE',  ( 0.02500000000000000139, 0.006500000000000000569, 0.0000000000000000000 ) ) ;
#2165 = DIRECTION ( 'NONE',  ( 1.000000000000000000, 1.734723475976810053E-16, 0.0000000000000000000 ) ) ;
#2166 = ORIENTED_EDGE ( 'NONE', *, *, #426, .T. ) ;
#2167 =( NAMED_UNIT ( * ) SI_UNIT ( $, .STERADIAN. ) SOLID_ANGLE_UNIT ( ) );
#2168 = ADVANCED_FACE ( 'NONE', ( #579 ), #64, .T. ) ;
#2169 =( NAMED_UNIT ( * ) SI_UNIT ( $, .STERADIAN. ) SOLID_ANGLE_UNIT ( ) );
#2170 = EDGE_LOOP ( 'NONE', ( #643, #1979, #571, #1117 ) ) ;
#2171 = DIRECTION ( 'NONE',  ( 1.000000000000000000, 0.0000000000000000000, 0.0000000000000000000 ) ) ;
#2172 = LINE ( 'NONE', #1660, #1397 ) ;
#2173 = SURFACE_STYLE_FILL_AREA ( #308 ) ;
#2174 = CLOSED_SHELL ( 'NONE', ( #154, #552, #1445, #2168, #1571, #1726 ) ) ;
#2175 = FACE_OUTER_BOUND ( 'NONE', #1781, .T. ) ;
#2176 = VECTOR ( 'NONE', #697, 100.0000000000000000 ) ;
#2177 = EDGE_LOOP ( 'NONE', ( #1453, #2149, #1865, #1456 ) ) ;
#2178 = LINE ( 'NONE', #1834, #1740 ) ;
#2179 = EDGE_CURVE ( 'NONE', #2144, #637, #1590, .T. ) ;
#2180 = ORIENTED_EDGE ( 'NONE', *, *, #1656, .T. ) ;
#2181 = VECTOR ( 'NONE', #1897, 100.0000000000000000 ) ;
#2182 = FILL_AREA_STYLE ('',( #2011 ) ) ;
#2183 = ADVANCED_FACE ( 'NONE', ( #803 ), #411, .F. ) ;
#2184 = STYLED_ITEM ( 'NONE', ( #1212 ), #1841 ) ;
#2185 = DIRECTION ( 'NONE',  ( -0.0000000000000000000, 0.0000000000000000000, -1.000000000000000000 ) ) ;
#2186 = VECTOR ( 'NONE', #108, 100.0000000000000000 ) ;
#2187 = PRESENTATION_STYLE_ASSIGNMENT (( #976 ) ) ;
#2188 =( GEOMETRIC_REPRESENTATION_CONTEXT ( 3 ) GLOBAL_UNCERTAINTY_ASSIGNED_CONTEXT ( ( #232 ) ) GLOBAL_UNIT_ASSIGNED_CONTEXT ( ( #205, #1048, #1059 ) ) REPRESENTATION_CONTEXT ( 'NONE', 'WORKASPACE' ) );
#2189 = FILL_AREA_STYLE_COLOUR ( '', #1701 ) ;
#2190 = SURFACE_STYLE_USAGE ( .BOTH. , #1178 ) ;
#2191 = PRESENTATION_LAYER_ASSIGNMENT (  '', '', ( #307 ) ) ;
#2192 = VECTOR ( 'NONE', #1908, 100.0000000000000000 ) ;
#2193 = ORIENTED_EDGE ( 'NONE', *, *, #523, .T. ) ;
#2194 = CARTESIAN_POINT ( 'NONE',  ( -0.004999999999999999237, -0.006500000000000000569, -0.002000000000000000042 ) ) ;
#2195 = ORIENTED_EDGE ( 'NONE', *, *, #875, .T. ) ;
#2196 =( LENGTH_UNIT ( ) NAMED_UNIT ( * ) SI_UNIT ( .CENTI., .METRE. ) );
#2197 = PLANE ( 'NONE',  #1845 ) ;
#2198 = EDGE_CURVE ( 'NONE', #1233, #1724, #615, .T. ) ;
#2199 = EDGE_LOOP ( 'NONE', ( #844, #1524, #775, #415 ) ) ;
#2200 = NEXT_ASSEMBLY_USAGE_OCCURRENCE ( 'NAUO1', ' ', ' ', #1488, #2084, $ ) ;
#2201 = NEXT_ASSEMBLY_USAGE_OCCURRENCE ( 'NAUO2', ' ', ' ', #1488, #248, $ ) ;
#2202 = NEXT_ASSEMBLY_USAGE_OCCURRENCE ( 'NAUO3', ' ', ' ', #1488, #216, $ ) ;
ENDSEC;
END-ISO-10303-21;
