ISO-10303-21;
HEADER;
/* Generated by software containing ST-Developer
 * from STEP Tools, Inc. (www.steptools.com) 
 */

FILE_DESCRIPTION(
/* description */ (''),
/* implementation_level */ '2;1');

FILE_NAME(
/* name */ 
'H:\\_UPVERTER\\Upverter 3D models\\JST\\BM03B-ACHSS-GAN-ETF(LF)(SN)\\
JST BM03B-ACHSS-GAN-ETF(LF)(SN).stp',
/* time_stamp */ '2021-10-26T22:32:51-04:00',
/* author */ ('rabri'),
/* organization */ (''),
/* preprocessor_version */ 'ST-DEVELOPER v18',
/* originating_system */ 'Autodesk Inventor 2020',
/* authorisation */ '');

FILE_SCHEMA (('AUTOMOTIVE_DESIGN { 1 0 10303 214 3 1 1 }'));
ENDSEC;

DATA;
#10=MECHANICAL_DESIGN_GEOMETRIC_PRESENTATION_REPRESENTATION('',(#221,#222,
#223,#224,#225,#226,#227,#228,#229,#230),#7313);
#11=ITEM_DEFINED_TRANSFORMATION($,$,#4285,#4470);
#12=ITEM_DEFINED_TRANSFORMATION($,$,#4389,#4471);
#13=ITEM_DEFINED_TRANSFORMATION($,$,#4414,#4472);
#14=ITEM_DEFINED_TRANSFORMATION($,$,#4431,#4473);
#15=(
REPRESENTATION_RELATIONSHIP($,$,#7333,#7332)
REPRESENTATION_RELATIONSHIP_WITH_TRANSFORMATION(#11)
SHAPE_REPRESENTATION_RELATIONSHIP()
);
#16=(
REPRESENTATION_RELATIONSHIP($,$,#7334,#7332)
REPRESENTATION_RELATIONSHIP_WITH_TRANSFORMATION(#12)
SHAPE_REPRESENTATION_RELATIONSHIP()
);
#17=(
REPRESENTATION_RELATIONSHIP($,$,#7335,#7332)
REPRESENTATION_RELATIONSHIP_WITH_TRANSFORMATION(#13)
SHAPE_REPRESENTATION_RELATIONSHIP()
);
#18=(
REPRESENTATION_RELATIONSHIP($,$,#7336,#7332)
REPRESENTATION_RELATIONSHIP_WITH_TRANSFORMATION(#14)
SHAPE_REPRESENTATION_RELATIONSHIP()
);
#19=CONTEXT_DEPENDENT_SHAPE_REPRESENTATION(#15,#7328);
#20=CONTEXT_DEPENDENT_SHAPE_REPRESENTATION(#16,#7329);
#21=CONTEXT_DEPENDENT_SHAPE_REPRESENTATION(#17,#7330);
#22=CONTEXT_DEPENDENT_SHAPE_REPRESENTATION(#18,#7331);
#23=NEXT_ASSEMBLY_USAGE_OCCURRENCE('body:1','body:1','body:1',#7338,#7339,
'body:1');
#24=NEXT_ASSEMBLY_USAGE_OCCURRENCE('terminal:1','terminal:1',
'terminal:1',#7338,#7340,'terminal:1');
#25=NEXT_ASSEMBLY_USAGE_OCCURRENCE('mtn:1','mtn:1','mtn:1',#7338,#7341,
'mtn:1');
#26=NEXT_ASSEMBLY_USAGE_OCCURRENCE('logo:1','logo:1','logo:1',#7338,#7342,
'logo:1');
#27=ELLIPSE('',#4443,0.0951272195273539,0.0711552404572482);
#28=ELLIPSE('',#4444,0.0951272195273539,0.0711552404572482);
#29=ELLIPSE('',#4445,0.0310711620075296,0.0174283355715011);
#30=ELLIPSE('',#4446,0.0310711620075296,0.0174283355715011);
#31=ELLIPSE('',#4453,0.0792937363865818,0.0619225622446865);
#32=ELLIPSE('',#4454,0.0792937363865818,0.0619225622446865);
#33=ELLIPSE('',#4455,0.0890194062076075,0.0636657232027774);
#34=ELLIPSE('',#4456,0.0890194062076075,0.0636657232027774);
#35=ELLIPSE('',#4459,0.122245942725486,0.0674786449288545);
#36=ELLIPSE('',#4460,0.122245942725486,0.0674786449288545);
#37=ELLIPSE('',#4461,0.0695833514352775,0.0561570893937636);
#38=ELLIPSE('',#4462,0.0695833514352775,0.0561570893937636);
#39=(
BOUNDED_SURFACE()
B_SPLINE_SURFACE(1,2,((#6315,#6316,#6317),(#6318,#6319,#6320)),
 .UNSPECIFIED.,.F.,.F.,.F.)
B_SPLINE_SURFACE_WITH_KNOTS((2,2),(3,3),(0.,0.0315367148846114),(1.79880509636275,
2.86988947003478),.UNSPECIFIED.)
GEOMETRIC_REPRESENTATION_ITEM()
RATIONAL_B_SPLINE_SURFACE(((1.,0.859992073743158,1.),(1.,0.859992073743158,
1.)))
REPRESENTATION_ITEM('')
SURFACE()
);
#40=(
BOUNDED_SURFACE()
B_SPLINE_SURFACE(1,2,((#6364,#6365,#6366),(#6367,#6368,#6369)),
 .UNSPECIFIED.,.F.,.F.,.F.)
B_SPLINE_SURFACE_WITH_KNOTS((2,2),(3,3),(0.,0.0965525524688456),(0.869157179980851,
2.19647072075691),.UNSPECIFIED.)
GEOMETRIC_REPRESENTATION_ITEM()
RATIONAL_B_SPLINE_SURFACE(((1.,0.787744927075192,1.),(1.,0.787744927075192,
1.)))
REPRESENTATION_ITEM('')
SURFACE()
);
#41=(
BOUNDED_SURFACE()
B_SPLINE_SURFACE(1,2,((#6835,#6836,#6837),(#6838,#6839,#6840)),
 .UNSPECIFIED.,.F.,.F.,.F.)
B_SPLINE_SURFACE_WITH_KNOTS((2,2),(3,3),(0.,0.0378340098059456),(-2.07830966947264,
-0.930968415134915),.UNSPECIFIED.)
GEOMETRIC_REPRESENTATION_ITEM()
RATIONAL_B_SPLINE_SURFACE(((1.,0.839914519879389,1.),(1.,0.839914519879389,
1.)))
REPRESENTATION_ITEM('')
SURFACE()
);
#42=(
BOUNDED_SURFACE()
B_SPLINE_SURFACE(1,2,((#6884,#6885,#6886),(#6887,#6888,#6889)),
 .UNSPECIFIED.,.F.,.F.,.F.)
B_SPLINE_SURFACE_WITH_KNOTS((2,2),(3,3),(0.,0.0337005168626212),(-0.373933931794269,
0.395412266971485),.UNSPECIFIED.)
GEOMETRIC_REPRESENTATION_ITEM()
RATIONAL_B_SPLINE_SURFACE(((1.,0.926921153663867,1.),(1.,0.926921153663867,
1.)))
REPRESENTATION_ITEM('')
SURFACE()
);
#43=(
BOUNDED_SURFACE()
B_SPLINE_SURFACE(1,2,((#7162,#7163,#7164),(#7165,#7166,#7167)),
 .UNSPECIFIED.,.F.,.F.,.F.)
B_SPLINE_SURFACE_WITH_KNOTS((2,2),(3,3),(0.,0.0245406917654254),(0.268243618721726,
0.952990319431806),.UNSPECIFIED.)
GEOMETRIC_REPRESENTATION_ITEM()
RATIONAL_B_SPLINE_SURFACE(((1.,0.941960529393675,1.),(1.,0.941960529393675,
1.)))
REPRESENTATION_ITEM('')
SURFACE()
);
#44=(
BOUNDED_SURFACE()
B_SPLINE_SURFACE(1,2,((#7268,#7269,#7270),(#7271,#7272,#7273)),
 .UNSPECIFIED.,.F.,.F.,.F.)
B_SPLINE_SURFACE_WITH_KNOTS((2,2),(3,3),(0.,0.043113761239144),(-3.3969526913047,
-2.67764973869303),.UNSPECIFIED.)
GEOMETRIC_REPRESENTATION_ITEM()
RATIONAL_B_SPLINE_SURFACE(((1.,0.936019542751475,1.),(1.,0.936019542751475,
1.)))
REPRESENTATION_ITEM('')
SURFACE()
);
#45=B_SPLINE_CURVE_WITH_KNOTS('',3,(#6038,#6039,#6040,#6041),
 .UNSPECIFIED.,.F.,.F.,(4,4),(0.,0.998876925604749),.UNSPECIFIED.);
#46=B_SPLINE_CURVE_WITH_KNOTS('',3,(#6045,#6046,#6047,#6048),
 .UNSPECIFIED.,.F.,.F.,(4,4),(0.,0.998876925604749),.UNSPECIFIED.);
#47=B_SPLINE_CURVE_WITH_KNOTS('',3,(#6059,#6060,#6061,#6062),
 .UNSPECIFIED.,.F.,.F.,(4,4),(0.000951531242977977,1.),.UNSPECIFIED.);
#48=B_SPLINE_CURVE_WITH_KNOTS('',3,(#6064,#6065,#6066,#6067),
 .UNSPECIFIED.,.F.,.F.,(4,4),(0.000951531242977977,1.),.UNSPECIFIED.);
#49=B_SPLINE_CURVE_WITH_KNOTS('',3,(#6078,#6079,#6080,#6081),
 .UNSPECIFIED.,.F.,.F.,(4,4),(0.,1.),.UNSPECIFIED.);
#50=B_SPLINE_CURVE_WITH_KNOTS('',3,(#6083,#6084,#6085,#6086),
 .UNSPECIFIED.,.F.,.F.,(4,4),(0.,1.),.UNSPECIFIED.);
#51=B_SPLINE_CURVE_WITH_KNOTS('',3,(#6097,#6098,#6099,#6100),
 .UNSPECIFIED.,.F.,.F.,(4,4),(0.,1.),.UNSPECIFIED.);
#52=B_SPLINE_CURVE_WITH_KNOTS('',3,(#6102,#6103,#6104,#6105),
 .UNSPECIFIED.,.F.,.F.,(4,4),(0.,1.),.UNSPECIFIED.);
#53=B_SPLINE_CURVE_WITH_KNOTS('',3,(#6140,#6141,#6142,#6143),
 .UNSPECIFIED.,.F.,.F.,(4,4),(0.,1.),.UNSPECIFIED.);
#54=B_SPLINE_CURVE_WITH_KNOTS('',3,(#6145,#6146,#6147,#6148),
 .UNSPECIFIED.,.F.,.F.,(4,4),(0.,1.),.UNSPECIFIED.);
#55=B_SPLINE_CURVE_WITH_KNOTS('',3,(#6159,#6160,#6161,#6162),
 .UNSPECIFIED.,.F.,.F.,(4,4),(0.,1.),.UNSPECIFIED.);
#56=B_SPLINE_CURVE_WITH_KNOTS('',3,(#6164,#6165,#6166,#6167),
 .UNSPECIFIED.,.F.,.F.,(4,4),(0.,1.),.UNSPECIFIED.);
#57=B_SPLINE_CURVE_WITH_KNOTS('',3,(#6178,#6179,#6180,#6181),
 .UNSPECIFIED.,.F.,.F.,(4,4),(0.,1.),.UNSPECIFIED.);
#58=B_SPLINE_CURVE_WITH_KNOTS('',3,(#6183,#6184,#6185,#6186),
 .UNSPECIFIED.,.F.,.F.,(4,4),(0.,1.),.UNSPECIFIED.);
#59=B_SPLINE_CURVE_WITH_KNOTS('',3,(#6197,#6198,#6199,#6200),
 .UNSPECIFIED.,.F.,.F.,(4,4),(0.,1.),.UNSPECIFIED.);
#60=B_SPLINE_CURVE_WITH_KNOTS('',3,(#6202,#6203,#6204,#6205),
 .UNSPECIFIED.,.F.,.F.,(4,4),(0.,1.),.UNSPECIFIED.);
#61=B_SPLINE_CURVE_WITH_KNOTS('',3,(#6234,#6235,#6236,#6237),
 .UNSPECIFIED.,.F.,.F.,(4,4),(0.,1.),.UNSPECIFIED.);
#62=B_SPLINE_CURVE_WITH_KNOTS('',3,(#6241,#6242,#6243,#6244),
 .UNSPECIFIED.,.F.,.F.,(4,4),(0.,1.),.UNSPECIFIED.);
#63=B_SPLINE_CURVE_WITH_KNOTS('',3,(#6255,#6256,#6257,#6258),
 .UNSPECIFIED.,.F.,.F.,(4,4),(0.,1.),.UNSPECIFIED.);
#64=B_SPLINE_CURVE_WITH_KNOTS('',3,(#6260,#6261,#6262,#6263),
 .UNSPECIFIED.,.F.,.F.,(4,4),(0.,1.),.UNSPECIFIED.);
#65=B_SPLINE_CURVE_WITH_KNOTS('',3,(#6286,#6287,#6288,#6289),
 .UNSPECIFIED.,.F.,.F.,(4,4),(0.,1.),.UNSPECIFIED.);
#66=B_SPLINE_CURVE_WITH_KNOTS('',3,(#6291,#6292,#6293,#6294),
 .UNSPECIFIED.,.F.,.F.,(4,4),(0.,1.),.UNSPECIFIED.);
#67=B_SPLINE_CURVE_WITH_KNOTS('',3,(#6305,#6306,#6307,#6308),
 .UNSPECIFIED.,.F.,.F.,(4,4),(0.,1.),.UNSPECIFIED.);
#68=B_SPLINE_CURVE_WITH_KNOTS('',3,(#6310,#6311,#6312,#6313),
 .UNSPECIFIED.,.F.,.F.,(4,4),(0.,1.),.UNSPECIFIED.);
#69=B_SPLINE_CURVE_WITH_KNOTS('',3,(#6335,#6336,#6337,#6338),
 .UNSPECIFIED.,.F.,.F.,(4,4),(0.,1.),.UNSPECIFIED.);
#70=B_SPLINE_CURVE_WITH_KNOTS('',3,(#6340,#6341,#6342,#6343),
 .UNSPECIFIED.,.F.,.F.,(4,4),(0.,1.),.UNSPECIFIED.);
#71=B_SPLINE_CURVE_WITH_KNOTS('',3,(#6354,#6355,#6356,#6357),
 .UNSPECIFIED.,.F.,.F.,(4,4),(0.,1.),.UNSPECIFIED.);
#72=B_SPLINE_CURVE_WITH_KNOTS('',3,(#6359,#6360,#6361,#6362),
 .UNSPECIFIED.,.F.,.F.,(4,4),(0.,1.),.UNSPECIFIED.);
#73=B_SPLINE_CURVE_WITH_KNOTS('',3,(#6388,#6389,#6390,#6391,#6392,#6393),
 .UNSPECIFIED.,.F.,.F.,(4,2,4),(0.,0.00340494657300034,0.00681593259713104),
 .UNSPECIFIED.);
#74=B_SPLINE_CURVE_WITH_KNOTS('',3,(#6395,#6396,#6397,#6398,#6399,#6400),
 .UNSPECIFIED.,.F.,.F.,(4,2,4),(0.,0.00340494657300034,0.00681593259713104),
 .UNSPECIFIED.);
#75=B_SPLINE_CURVE_WITH_KNOTS('',3,(#6411,#6412,#6413,#6414),
 .UNSPECIFIED.,.F.,.F.,(4,4),(0.,1.),.UNSPECIFIED.);
#76=B_SPLINE_CURVE_WITH_KNOTS('',3,(#6416,#6417,#6418,#6419),
 .UNSPECIFIED.,.F.,.F.,(4,4),(0.,1.),.UNSPECIFIED.);
#77=B_SPLINE_CURVE_WITH_KNOTS('',3,(#6442,#6443,#6444,#6445),
 .UNSPECIFIED.,.F.,.F.,(4,4),(0.,1.),.UNSPECIFIED.);
#78=B_SPLINE_CURVE_WITH_KNOTS('',3,(#6447,#6448,#6449,#6450),
 .UNSPECIFIED.,.F.,.F.,(4,4),(0.,1.),.UNSPECIFIED.);
#79=B_SPLINE_CURVE_WITH_KNOTS('',3,(#6461,#6462,#6463,#6464),
 .UNSPECIFIED.,.F.,.F.,(4,4),(0.,1.),.UNSPECIFIED.);
#80=B_SPLINE_CURVE_WITH_KNOTS('',3,(#6466,#6467,#6468,#6469),
 .UNSPECIFIED.,.F.,.F.,(4,4),(0.,1.),.UNSPECIFIED.);
#81=B_SPLINE_CURVE_WITH_KNOTS('',3,(#6480,#6481,#6482,#6483),
 .UNSPECIFIED.,.F.,.F.,(4,4),(0.,1.),.UNSPECIFIED.);
#82=B_SPLINE_CURVE_WITH_KNOTS('',3,(#6485,#6486,#6487,#6488),
 .UNSPECIFIED.,.F.,.F.,(4,4),(0.,1.),.UNSPECIFIED.);
#83=B_SPLINE_CURVE_WITH_KNOTS('',3,(#6498,#6499,#6500,#6501),
 .UNSPECIFIED.,.F.,.F.,(4,4),(0.,1.),.UNSPECIFIED.);
#84=B_SPLINE_CURVE_WITH_KNOTS('',3,(#6502,#6503,#6504,#6505),
 .UNSPECIFIED.,.F.,.F.,(4,4),(0.,1.),.UNSPECIFIED.);
#85=B_SPLINE_CURVE_WITH_KNOTS('',3,(#6518,#6519,#6520,#6521),
 .UNSPECIFIED.,.F.,.F.,(4,4),(0.,1.),.UNSPECIFIED.);
#86=B_SPLINE_CURVE_WITH_KNOTS('',3,(#6525,#6526,#6527,#6528),
 .UNSPECIFIED.,.F.,.F.,(4,4),(0.,1.),.UNSPECIFIED.);
#87=B_SPLINE_CURVE_WITH_KNOTS('',3,(#6539,#6540,#6541,#6542),
 .UNSPECIFIED.,.F.,.F.,(4,4),(0.,1.),.UNSPECIFIED.);
#88=B_SPLINE_CURVE_WITH_KNOTS('',3,(#6544,#6545,#6546,#6547),
 .UNSPECIFIED.,.F.,.F.,(4,4),(0.,1.),.UNSPECIFIED.);
#89=B_SPLINE_CURVE_WITH_KNOTS('',3,(#6570,#6571,#6572,#6573),
 .UNSPECIFIED.,.F.,.F.,(4,4),(0.,1.),.UNSPECIFIED.);
#90=B_SPLINE_CURVE_WITH_KNOTS('',3,(#6575,#6576,#6577,#6578),
 .UNSPECIFIED.,.F.,.F.,(4,4),(0.,1.),.UNSPECIFIED.);
#91=B_SPLINE_CURVE_WITH_KNOTS('',3,(#6589,#6590,#6591,#6592),
 .UNSPECIFIED.,.F.,.F.,(4,4),(0.,1.),.UNSPECIFIED.);
#92=B_SPLINE_CURVE_WITH_KNOTS('',3,(#6594,#6595,#6596,#6597),
 .UNSPECIFIED.,.F.,.F.,(4,4),(0.,1.),.UNSPECIFIED.);
#93=B_SPLINE_CURVE_WITH_KNOTS('',3,(#6608,#6609,#6610,#6611),
 .UNSPECIFIED.,.F.,.F.,(4,4),(0.,1.),.UNSPECIFIED.);
#94=B_SPLINE_CURVE_WITH_KNOTS('',3,(#6613,#6614,#6615,#6616),
 .UNSPECIFIED.,.F.,.F.,(4,4),(0.,1.),.UNSPECIFIED.);
#95=B_SPLINE_CURVE_WITH_KNOTS('',3,(#6627,#6628,#6629,#6630),
 .UNSPECIFIED.,.F.,.F.,(4,4),(0.,1.),.UNSPECIFIED.);
#96=B_SPLINE_CURVE_WITH_KNOTS('',3,(#6632,#6633,#6634,#6635),
 .UNSPECIFIED.,.F.,.F.,(4,4),(0.,1.),.UNSPECIFIED.);
#97=B_SPLINE_CURVE_WITH_KNOTS('',3,(#6646,#6647,#6648,#6649),
 .UNSPECIFIED.,.F.,.F.,(4,4),(0.,1.),.UNSPECIFIED.);
#98=B_SPLINE_CURVE_WITH_KNOTS('',3,(#6651,#6652,#6653,#6654),
 .UNSPECIFIED.,.F.,.F.,(4,4),(0.,1.),.UNSPECIFIED.);
#99=B_SPLINE_CURVE_WITH_KNOTS('',3,(#6665,#6666,#6667,#6668),
 .UNSPECIFIED.,.F.,.F.,(4,4),(0.,1.),.UNSPECIFIED.);
#100=B_SPLINE_CURVE_WITH_KNOTS('',3,(#6670,#6671,#6672,#6673),
 .UNSPECIFIED.,.F.,.F.,(4,4),(0.,1.),.UNSPECIFIED.);
#101=B_SPLINE_CURVE_WITH_KNOTS('',3,(#6684,#6685,#6686,#6687),
 .UNSPECIFIED.,.F.,.F.,(4,4),(0.,1.),.UNSPECIFIED.);
#102=B_SPLINE_CURVE_WITH_KNOTS('',3,(#6689,#6690,#6691,#6692),
 .UNSPECIFIED.,.F.,.F.,(4,4),(0.,1.),.UNSPECIFIED.);
#103=B_SPLINE_CURVE_WITH_KNOTS('',3,(#6703,#6704,#6705,#6706),
 .UNSPECIFIED.,.F.,.F.,(4,4),(0.,1.),.UNSPECIFIED.);
#104=B_SPLINE_CURVE_WITH_KNOTS('',3,(#6708,#6709,#6710,#6711),
 .UNSPECIFIED.,.F.,.F.,(4,4),(0.,1.),.UNSPECIFIED.);
#105=B_SPLINE_CURVE_WITH_KNOTS('',3,(#6722,#6723,#6724,#6725),
 .UNSPECIFIED.,.F.,.F.,(4,4),(0.,1.),.UNSPECIFIED.);
#106=B_SPLINE_CURVE_WITH_KNOTS('',3,(#6727,#6728,#6729,#6730),
 .UNSPECIFIED.,.F.,.F.,(4,4),(0.,1.),.UNSPECIFIED.);
#107=B_SPLINE_CURVE_WITH_KNOTS('',3,(#6741,#6742,#6743,#6744),
 .UNSPECIFIED.,.F.,.F.,(4,4),(0.,1.),.UNSPECIFIED.);
#108=B_SPLINE_CURVE_WITH_KNOTS('',3,(#6746,#6747,#6748,#6749),
 .UNSPECIFIED.,.F.,.F.,(4,4),(0.,1.),.UNSPECIFIED.);
#109=B_SPLINE_CURVE_WITH_KNOTS('',3,(#6764,#6765,#6766,#6767,#6768,#6769),
 .UNSPECIFIED.,.F.,.F.,(4,2,4),(0.,0.00610548749101915,0.0119117152942624),
 .UNSPECIFIED.);
#110=B_SPLINE_CURVE_WITH_KNOTS('',3,(#6771,#6772,#6773,#6774,#6775,#6776),
 .UNSPECIFIED.,.F.,.F.,(4,2,4),(0.,0.00610548749101915,0.0119117152942624),
 .UNSPECIFIED.);
#111=B_SPLINE_CURVE_WITH_KNOTS('',3,(#6787,#6788,#6789,#6790),
 .UNSPECIFIED.,.F.,.F.,(4,4),(0.,1.),.UNSPECIFIED.);
#112=B_SPLINE_CURVE_WITH_KNOTS('',3,(#6792,#6793,#6794,#6795),
 .UNSPECIFIED.,.F.,.F.,(4,4),(0.,1.),.UNSPECIFIED.);
#113=B_SPLINE_CURVE_WITH_KNOTS('',3,(#6806,#6807,#6808,#6809),
 .UNSPECIFIED.,.F.,.F.,(4,4),(0.,1.),.UNSPECIFIED.);
#114=B_SPLINE_CURVE_WITH_KNOTS('',3,(#6811,#6812,#6813,#6814),
 .UNSPECIFIED.,.F.,.F.,(4,4),(0.,1.),.UNSPECIFIED.);
#115=B_SPLINE_CURVE_WITH_KNOTS('',3,(#6825,#6826,#6827,#6828),
 .UNSPECIFIED.,.F.,.F.,(4,4),(0.,1.),.UNSPECIFIED.);
#116=B_SPLINE_CURVE_WITH_KNOTS('',3,(#6830,#6831,#6832,#6833),
 .UNSPECIFIED.,.F.,.F.,(4,4),(0.,1.),.UNSPECIFIED.);
#117=B_SPLINE_CURVE_WITH_KNOTS('',3,(#6855,#6856,#6857,#6858),
 .UNSPECIFIED.,.F.,.F.,(4,4),(0.,1.),.UNSPECIFIED.);
#118=B_SPLINE_CURVE_WITH_KNOTS('',3,(#6860,#6861,#6862,#6863),
 .UNSPECIFIED.,.F.,.F.,(4,4),(0.,1.),.UNSPECIFIED.);
#119=B_SPLINE_CURVE_WITH_KNOTS('',3,(#6874,#6875,#6876,#6877),
 .UNSPECIFIED.,.F.,.F.,(4,4),(0.,1.),.UNSPECIFIED.);
#120=B_SPLINE_CURVE_WITH_KNOTS('',3,(#6879,#6880,#6881,#6882),
 .UNSPECIFIED.,.F.,.F.,(4,4),(0.,1.),.UNSPECIFIED.);
#121=B_SPLINE_CURVE_WITH_KNOTS('',3,(#6904,#6905,#6906,#6907),
 .UNSPECIFIED.,.F.,.F.,(4,4),(0.,1.),.UNSPECIFIED.);
#122=B_SPLINE_CURVE_WITH_KNOTS('',3,(#6909,#6910,#6911,#6912),
 .UNSPECIFIED.,.F.,.F.,(4,4),(0.,1.),.UNSPECIFIED.);
#123=B_SPLINE_CURVE_WITH_KNOTS('',3,(#6923,#6924,#6925,#6926),
 .UNSPECIFIED.,.F.,.F.,(4,4),(0.,1.),.UNSPECIFIED.);
#124=B_SPLINE_CURVE_WITH_KNOTS('',3,(#6928,#6929,#6930,#6931),
 .UNSPECIFIED.,.F.,.F.,(4,4),(0.,1.),.UNSPECIFIED.);
#125=B_SPLINE_CURVE_WITH_KNOTS('',3,(#6942,#6943,#6944,#6945),
 .UNSPECIFIED.,.F.,.F.,(4,4),(0.,1.),.UNSPECIFIED.);
#126=B_SPLINE_CURVE_WITH_KNOTS('',3,(#6947,#6948,#6949,#6950),
 .UNSPECIFIED.,.F.,.F.,(4,4),(0.,1.),.UNSPECIFIED.);
#127=B_SPLINE_CURVE_WITH_KNOTS('',3,(#6961,#6962,#6963,#6964),
 .UNSPECIFIED.,.F.,.F.,(4,4),(0.,1.),.UNSPECIFIED.);
#128=B_SPLINE_CURVE_WITH_KNOTS('',3,(#6966,#6967,#6968,#6969),
 .UNSPECIFIED.,.F.,.F.,(4,4),(0.,1.),.UNSPECIFIED.);
#129=B_SPLINE_CURVE_WITH_KNOTS('',3,(#6992,#6993,#6994,#6995),
 .UNSPECIFIED.,.F.,.F.,(4,4),(0.,1.),.UNSPECIFIED.);
#130=B_SPLINE_CURVE_WITH_KNOTS('',3,(#6997,#6998,#6999,#7000),
 .UNSPECIFIED.,.F.,.F.,(4,4),(0.,1.),.UNSPECIFIED.);
#131=B_SPLINE_CURVE_WITH_KNOTS('',3,(#7011,#7012,#7013,#7014),
 .UNSPECIFIED.,.F.,.F.,(4,4),(0.,1.),.UNSPECIFIED.);
#132=B_SPLINE_CURVE_WITH_KNOTS('',3,(#7016,#7017,#7018,#7019),
 .UNSPECIFIED.,.F.,.F.,(4,4),(0.,1.),.UNSPECIFIED.);
#133=B_SPLINE_CURVE_WITH_KNOTS('',3,(#7030,#7031,#7032,#7033),
 .UNSPECIFIED.,.F.,.F.,(4,4),(0.,1.),.UNSPECIFIED.);
#134=B_SPLINE_CURVE_WITH_KNOTS('',3,(#7035,#7036,#7037,#7038),
 .UNSPECIFIED.,.F.,.F.,(4,4),(0.,1.),.UNSPECIFIED.);
#135=B_SPLINE_CURVE_WITH_KNOTS('',3,(#7049,#7050,#7051,#7052),
 .UNSPECIFIED.,.F.,.F.,(4,4),(0.,1.),.UNSPECIFIED.);
#136=B_SPLINE_CURVE_WITH_KNOTS('',3,(#7054,#7055,#7056,#7057),
 .UNSPECIFIED.,.F.,.F.,(4,4),(0.,1.),.UNSPECIFIED.);
#137=B_SPLINE_CURVE_WITH_KNOTS('',3,(#7068,#7069,#7070,#7071),
 .UNSPECIFIED.,.F.,.F.,(4,4),(0.,1.),.UNSPECIFIED.);
#138=B_SPLINE_CURVE_WITH_KNOTS('',3,(#7073,#7074,#7075,#7076),
 .UNSPECIFIED.,.F.,.F.,(4,4),(0.,1.),.UNSPECIFIED.);
#139=B_SPLINE_CURVE_WITH_KNOTS('',3,(#7091,#7092,#7093,#7094,#7095,#7096),
 .UNSPECIFIED.,.F.,.F.,(4,2,4),(0.,0.00341161916773641,0.00681253452095995),
 .UNSPECIFIED.);
#140=B_SPLINE_CURVE_WITH_KNOTS('',3,(#7098,#7099,#7100,#7101,#7102,#7103),
 .UNSPECIFIED.,.F.,.F.,(4,2,4),(0.,0.00341161916773641,0.00681253452095995),
 .UNSPECIFIED.);
#141=B_SPLINE_CURVE_WITH_KNOTS('',3,(#7114,#7115,#7116,#7117),
 .UNSPECIFIED.,.F.,.F.,(4,4),(0.,1.),.UNSPECIFIED.);
#142=B_SPLINE_CURVE_WITH_KNOTS('',3,(#7119,#7120,#7121,#7122),
 .UNSPECIFIED.,.F.,.F.,(4,4),(0.,1.),.UNSPECIFIED.);
#143=B_SPLINE_CURVE_WITH_KNOTS('',3,(#7133,#7134,#7135,#7136),
 .UNSPECIFIED.,.F.,.F.,(4,4),(0.,1.),.UNSPECIFIED.);
#144=B_SPLINE_CURVE_WITH_KNOTS('',3,(#7138,#7139,#7140,#7141),
 .UNSPECIFIED.,.F.,.F.,(4,4),(0.,1.),.UNSPECIFIED.);
#145=B_SPLINE_CURVE_WITH_KNOTS('',3,(#7152,#7153,#7154,#7155),
 .UNSPECIFIED.,.F.,.F.,(4,4),(0.,1.),.UNSPECIFIED.);
#146=B_SPLINE_CURVE_WITH_KNOTS('',3,(#7157,#7158,#7159,#7160),
 .UNSPECIFIED.,.F.,.F.,(4,4),(0.,1.),.UNSPECIFIED.);
#147=B_SPLINE_CURVE_WITH_KNOTS('',3,(#7182,#7183,#7184,#7185),
 .UNSPECIFIED.,.F.,.F.,(4,4),(0.,1.),.UNSPECIFIED.);
#148=B_SPLINE_CURVE_WITH_KNOTS('',3,(#7187,#7188,#7189,#7190),
 .UNSPECIFIED.,.F.,.F.,(4,4),(0.,1.),.UNSPECIFIED.);
#149=B_SPLINE_CURVE_WITH_KNOTS('',3,(#7201,#7202,#7203,#7204),
 .UNSPECIFIED.,.F.,.F.,(4,4),(0.,1.),.UNSPECIFIED.);
#150=B_SPLINE_CURVE_WITH_KNOTS('',3,(#7206,#7207,#7208,#7209),
 .UNSPECIFIED.,.F.,.F.,(4,4),(0.,1.),.UNSPECIFIED.);
#151=B_SPLINE_CURVE_WITH_KNOTS('',3,(#7220,#7221,#7222,#7223),
 .UNSPECIFIED.,.F.,.F.,(4,4),(0.,1.),.UNSPECIFIED.);
#152=B_SPLINE_CURVE_WITH_KNOTS('',3,(#7225,#7226,#7227,#7228),
 .UNSPECIFIED.,.F.,.F.,(4,4),(0.,1.),.UNSPECIFIED.);
#153=B_SPLINE_CURVE_WITH_KNOTS('',3,(#7239,#7240,#7241,#7242),
 .UNSPECIFIED.,.F.,.F.,(4,4),(0.,1.),.UNSPECIFIED.);
#154=B_SPLINE_CURVE_WITH_KNOTS('',3,(#7244,#7245,#7246,#7247),
 .UNSPECIFIED.,.F.,.F.,(4,4),(0.,1.),.UNSPECIFIED.);
#155=B_SPLINE_CURVE_WITH_KNOTS('',3,(#7258,#7259,#7260,#7261),
 .UNSPECIFIED.,.F.,.F.,(4,4),(0.,0.99927404485894),.UNSPECIFIED.);
#156=B_SPLINE_CURVE_WITH_KNOTS('',3,(#7263,#7264,#7265,#7266),
 .UNSPECIFIED.,.F.,.F.,(4,4),(0.,0.99927404485894),.UNSPECIFIED.);
#157=B_SPLINE_SURFACE_WITH_KNOTS('',3,1,((#6028,#6029),(#6030,#6031),(#6032,
#6033),(#6034,#6035)),.UNSPECIFIED.,.F.,.F.,.F.,(4,4),(2,2),(0.,0.998876925604749),
(0.,0.0003),.UNSPECIFIED.);
#158=B_SPLINE_SURFACE_WITH_KNOTS('',3,1,((#6050,#6051),(#6052,#6053),(#6054,
#6055),(#6056,#6057)),.UNSPECIFIED.,.F.,.F.,.F.,(4,4),(2,2),(0.000951531242977977,
1.),(0.,0.0003),.UNSPECIFIED.);
#159=B_SPLINE_SURFACE_WITH_KNOTS('',3,1,((#6069,#6070),(#6071,#6072),(#6073,
#6074),(#6075,#6076)),.UNSPECIFIED.,.F.,.F.,.F.,(4,4),(2,2),(0.,1.),(0.,
0.0003),.UNSPECIFIED.);
#160=B_SPLINE_SURFACE_WITH_KNOTS('',3,1,((#6088,#6089),(#6090,#6091),(#6092,
#6093),(#6094,#6095)),.UNSPECIFIED.,.F.,.F.,.F.,(4,4),(2,2),(0.,1.),(0.,
0.0003),.UNSPECIFIED.);
#161=B_SPLINE_SURFACE_WITH_KNOTS('',3,1,((#6131,#6132),(#6133,#6134),(#6135,
#6136),(#6137,#6138)),.UNSPECIFIED.,.F.,.F.,.F.,(4,4),(2,2),(0.,1.),(0.,
0.0003),.UNSPECIFIED.);
#162=B_SPLINE_SURFACE_WITH_KNOTS('',3,1,((#6150,#6151),(#6152,#6153),(#6154,
#6155),(#6156,#6157)),.UNSPECIFIED.,.F.,.F.,.F.,(4,4),(2,2),(0.,1.),(0.,
0.0003),.UNSPECIFIED.);
#163=B_SPLINE_SURFACE_WITH_KNOTS('',3,1,((#6169,#6170),(#6171,#6172),(#6173,
#6174),(#6175,#6176)),.UNSPECIFIED.,.F.,.F.,.F.,(4,4),(2,2),(0.,1.),(0.,
0.0003),.UNSPECIFIED.);
#164=B_SPLINE_SURFACE_WITH_KNOTS('',3,1,((#6188,#6189),(#6190,#6191),(#6192,
#6193),(#6194,#6195)),.UNSPECIFIED.,.F.,.F.,.F.,(4,4),(2,2),(0.,1.),(0.,
0.0003),.UNSPECIFIED.);
#165=B_SPLINE_SURFACE_WITH_KNOTS('',3,1,((#6224,#6225),(#6226,#6227),(#6228,
#6229),(#6230,#6231)),.UNSPECIFIED.,.F.,.F.,.F.,(4,4),(2,2),(0.,1.),(0.,
0.0003),.UNSPECIFIED.);
#166=B_SPLINE_SURFACE_WITH_KNOTS('',3,1,((#6246,#6247),(#6248,#6249),(#6250,
#6251),(#6252,#6253)),.UNSPECIFIED.,.F.,.F.,.F.,(4,4),(2,2),(0.,1.),(0.,
0.0003),.UNSPECIFIED.);
#167=B_SPLINE_SURFACE_WITH_KNOTS('',3,1,((#6277,#6278),(#6279,#6280),(#6281,
#6282),(#6283,#6284)),.UNSPECIFIED.,.F.,.F.,.F.,(4,4),(2,2),(0.,1.),(0.,
0.0003),.UNSPECIFIED.);
#168=B_SPLINE_SURFACE_WITH_KNOTS('',3,1,((#6296,#6297),(#6298,#6299),(#6300,
#6301),(#6302,#6303)),.UNSPECIFIED.,.F.,.F.,.F.,(4,4),(2,2),(0.,1.),(0.,
0.0003),.UNSPECIFIED.);
#169=B_SPLINE_SURFACE_WITH_KNOTS('',3,1,((#6326,#6327),(#6328,#6329),(#6330,
#6331),(#6332,#6333)),.UNSPECIFIED.,.F.,.F.,.F.,(4,4),(2,2),(0.,1.),(0.,
0.0003),.UNSPECIFIED.);
#170=B_SPLINE_SURFACE_WITH_KNOTS('',3,1,((#6345,#6346),(#6347,#6348),(#6349,
#6350),(#6351,#6352)),.UNSPECIFIED.,.F.,.F.,.F.,(4,4),(2,2),(0.,1.),(0.,
0.0003),.UNSPECIFIED.);
#171=B_SPLINE_SURFACE_WITH_KNOTS('',3,1,((#6375,#6376),(#6377,#6378),(#6379,
#6380),(#6381,#6382),(#6383,#6384),(#6385,#6386)),.UNSPECIFIED.,.F.,.F.,
 .F.,(4,2,4),(2,2),(0.,0.00340494657300034,0.00681593259713104),(0.,0.0003),
 .UNSPECIFIED.);
#172=B_SPLINE_SURFACE_WITH_KNOTS('',3,1,((#6402,#6403),(#6404,#6405),(#6406,
#6407),(#6408,#6409)),.UNSPECIFIED.,.F.,.F.,.F.,(4,4),(2,2),(0.,1.),(0.,
0.0003),.UNSPECIFIED.);
#173=B_SPLINE_SURFACE_WITH_KNOTS('',3,1,((#6433,#6434),(#6435,#6436),(#6437,
#6438),(#6439,#6440)),.UNSPECIFIED.,.F.,.F.,.F.,(4,4),(2,2),(0.,1.),(0.,
0.0003),.UNSPECIFIED.);
#174=B_SPLINE_SURFACE_WITH_KNOTS('',3,1,((#6452,#6453),(#6454,#6455),(#6456,
#6457),(#6458,#6459)),.UNSPECIFIED.,.F.,.F.,.F.,(4,4),(2,2),(0.,1.),(0.,
0.0003),.UNSPECIFIED.);
#175=B_SPLINE_SURFACE_WITH_KNOTS('',3,1,((#6471,#6472),(#6473,#6474),(#6475,
#6476),(#6477,#6478)),.UNSPECIFIED.,.F.,.F.,.F.,(4,4),(2,2),(0.,1.),(0.,
0.0003),.UNSPECIFIED.);
#176=B_SPLINE_SURFACE_WITH_KNOTS('',3,1,((#6490,#6491),(#6492,#6493),(#6494,
#6495),(#6496,#6497)),.UNSPECIFIED.,.F.,.F.,.F.,(4,4),(2,2),(0.,1.),(0.,
0.0003),.UNSPECIFIED.);
#177=B_SPLINE_SURFACE_WITH_KNOTS('',3,1,((#6508,#6509),(#6510,#6511),(#6512,
#6513),(#6514,#6515)),.UNSPECIFIED.,.F.,.F.,.F.,(4,4),(2,2),(0.,1.),(0.,
0.0003),.UNSPECIFIED.);
#178=B_SPLINE_SURFACE_WITH_KNOTS('',3,1,((#6530,#6531),(#6532,#6533),(#6534,
#6535),(#6536,#6537)),.UNSPECIFIED.,.F.,.F.,.F.,(4,4),(2,2),(0.,1.),(0.,
0.0003),.UNSPECIFIED.);
#179=B_SPLINE_SURFACE_WITH_KNOTS('',3,1,((#6561,#6562),(#6563,#6564),(#6565,
#6566),(#6567,#6568)),.UNSPECIFIED.,.F.,.F.,.F.,(4,4),(2,2),(0.,1.),(0.,
0.0003),.UNSPECIFIED.);
#180=B_SPLINE_SURFACE_WITH_KNOTS('',3,1,((#6580,#6581),(#6582,#6583),(#6584,
#6585),(#6586,#6587)),.UNSPECIFIED.,.F.,.F.,.F.,(4,4),(2,2),(0.,1.),(0.,
0.0003),.UNSPECIFIED.);
#181=B_SPLINE_SURFACE_WITH_KNOTS('',3,1,((#6599,#6600),(#6601,#6602),(#6603,
#6604),(#6605,#6606)),.UNSPECIFIED.,.F.,.F.,.F.,(4,4),(2,2),(0.,1.),(0.,
0.0003),.UNSPECIFIED.);
#182=B_SPLINE_SURFACE_WITH_KNOTS('',3,1,((#6618,#6619),(#6620,#6621),(#6622,
#6623),(#6624,#6625)),.UNSPECIFIED.,.F.,.F.,.F.,(4,4),(2,2),(0.,1.),(0.,
0.0003),.UNSPECIFIED.);
#183=B_SPLINE_SURFACE_WITH_KNOTS('',3,1,((#6637,#6638),(#6639,#6640),(#6641,
#6642),(#6643,#6644)),.UNSPECIFIED.,.F.,.F.,.F.,(4,4),(2,2),(0.,1.),(0.,
0.0003),.UNSPECIFIED.);
#184=B_SPLINE_SURFACE_WITH_KNOTS('',3,1,((#6656,#6657),(#6658,#6659),(#6660,
#6661),(#6662,#6663)),.UNSPECIFIED.,.F.,.F.,.F.,(4,4),(2,2),(0.,1.),(0.,
0.0003),.UNSPECIFIED.);
#185=B_SPLINE_SURFACE_WITH_KNOTS('',3,1,((#6675,#6676),(#6677,#6678),(#6679,
#6680),(#6681,#6682)),.UNSPECIFIED.,.F.,.F.,.F.,(4,4),(2,2),(0.,1.),(0.,
0.0003),.UNSPECIFIED.);
#186=B_SPLINE_SURFACE_WITH_KNOTS('',3,1,((#6694,#6695),(#6696,#6697),(#6698,
#6699),(#6700,#6701)),.UNSPECIFIED.,.F.,.F.,.F.,(4,4),(2,2),(0.,1.),(0.,
0.0003),.UNSPECIFIED.);
#187=B_SPLINE_SURFACE_WITH_KNOTS('',3,1,((#6713,#6714),(#6715,#6716),(#6717,
#6718),(#6719,#6720)),.UNSPECIFIED.,.F.,.F.,.F.,(4,4),(2,2),(0.,1.),(0.,
0.0003),.UNSPECIFIED.);
#188=B_SPLINE_SURFACE_WITH_KNOTS('',3,1,((#6732,#6733),(#6734,#6735),(#6736,
#6737),(#6738,#6739)),.UNSPECIFIED.,.F.,.F.,.F.,(4,4),(2,2),(0.,1.),(0.,
0.0003),.UNSPECIFIED.);
#189=B_SPLINE_SURFACE_WITH_KNOTS('',3,1,((#6751,#6752),(#6753,#6754),(#6755,
#6756),(#6757,#6758),(#6759,#6760),(#6761,#6762)),.UNSPECIFIED.,.F.,.F.,
 .F.,(4,2,4),(2,2),(0.,0.00610548749101915,0.0119117152942624),(0.,0.0003),
 .UNSPECIFIED.);
#190=B_SPLINE_SURFACE_WITH_KNOTS('',3,1,((#6778,#6779),(#6780,#6781),(#6782,
#6783),(#6784,#6785)),.UNSPECIFIED.,.F.,.F.,.F.,(4,4),(2,2),(0.,1.),(0.,
0.0003),.UNSPECIFIED.);
#191=B_SPLINE_SURFACE_WITH_KNOTS('',3,1,((#6797,#6798),(#6799,#6800),(#6801,
#6802),(#6803,#6804)),.UNSPECIFIED.,.F.,.F.,.F.,(4,4),(2,2),(0.,1.),(0.,
0.0003),.UNSPECIFIED.);
#192=B_SPLINE_SURFACE_WITH_KNOTS('',3,1,((#6816,#6817),(#6818,#6819),(#6820,
#6821),(#6822,#6823)),.UNSPECIFIED.,.F.,.F.,.F.,(4,4),(2,2),(0.,1.),(0.,
0.0003),.UNSPECIFIED.);
#193=B_SPLINE_SURFACE_WITH_KNOTS('',3,1,((#6846,#6847),(#6848,#6849),(#6850,
#6851),(#6852,#6853)),.UNSPECIFIED.,.F.,.F.,.F.,(4,4),(2,2),(0.,1.),(0.,
0.0003),.UNSPECIFIED.);
#194=B_SPLINE_SURFACE_WITH_KNOTS('',3,1,((#6865,#6866),(#6867,#6868),(#6869,
#6870),(#6871,#6872)),.UNSPECIFIED.,.F.,.F.,.F.,(4,4),(2,2),(0.,1.),(0.,
0.0003),.UNSPECIFIED.);
#195=B_SPLINE_SURFACE_WITH_KNOTS('',3,1,((#6895,#6896),(#6897,#6898),(#6899,
#6900),(#6901,#6902)),.UNSPECIFIED.,.F.,.F.,.F.,(4,4),(2,2),(0.,1.),(0.,
0.0003),.UNSPECIFIED.);
#196=B_SPLINE_SURFACE_WITH_KNOTS('',3,1,((#6914,#6915),(#6916,#6917),(#6918,
#6919),(#6920,#6921)),.UNSPECIFIED.,.F.,.F.,.F.,(4,4),(2,2),(0.,1.),(0.,
0.0003),.UNSPECIFIED.);
#197=B_SPLINE_SURFACE_WITH_KNOTS('',3,1,((#6933,#6934),(#6935,#6936),(#6937,
#6938),(#6939,#6940)),.UNSPECIFIED.,.F.,.F.,.F.,(4,4),(2,2),(0.,1.),(0.,
0.0003),.UNSPECIFIED.);
#198=B_SPLINE_SURFACE_WITH_KNOTS('',3,1,((#6952,#6953),(#6954,#6955),(#6956,
#6957),(#6958,#6959)),.UNSPECIFIED.,.F.,.F.,.F.,(4,4),(2,2),(0.,1.),(0.,
0.0003),.UNSPECIFIED.);
#199=B_SPLINE_SURFACE_WITH_KNOTS('',3,1,((#6983,#6984),(#6985,#6986),(#6987,
#6988),(#6989,#6990)),.UNSPECIFIED.,.F.,.F.,.F.,(4,4),(2,2),(0.,1.),(0.,
0.0003),.UNSPECIFIED.);
#200=B_SPLINE_SURFACE_WITH_KNOTS('',3,1,((#7002,#7003),(#7004,#7005),(#7006,
#7007),(#7008,#7009)),.UNSPECIFIED.,.F.,.F.,.F.,(4,4),(2,2),(0.,1.),(0.,
0.0003),.UNSPECIFIED.);
#201=B_SPLINE_SURFACE_WITH_KNOTS('',3,1,((#7021,#7022),(#7023,#7024),(#7025,
#7026),(#7027,#7028)),.UNSPECIFIED.,.F.,.F.,.F.,(4,4),(2,2),(0.,1.),(0.,
0.0003),.UNSPECIFIED.);
#202=B_SPLINE_SURFACE_WITH_KNOTS('',3,1,((#7040,#7041),(#7042,#7043),(#7044,
#7045),(#7046,#7047)),.UNSPECIFIED.,.F.,.F.,.F.,(4,4),(2,2),(0.,1.),(0.,
0.0003),.UNSPECIFIED.);
#203=B_SPLINE_SURFACE_WITH_KNOTS('',3,1,((#7059,#7060),(#7061,#7062),(#7063,
#7064),(#7065,#7066)),.UNSPECIFIED.,.F.,.F.,.F.,(4,4),(2,2),(0.,1.),(0.,
0.0003),.UNSPECIFIED.);
#204=B_SPLINE_SURFACE_WITH_KNOTS('',3,1,((#7078,#7079),(#7080,#7081),(#7082,
#7083),(#7084,#7085),(#7086,#7087),(#7088,#7089)),.UNSPECIFIED.,.F.,.F.,
 .F.,(4,2,4),(2,2),(0.,0.00341161916773641,0.00681253452095995),(0.,0.0003),
 .UNSPECIFIED.);
#205=B_SPLINE_SURFACE_WITH_KNOTS('',3,1,((#7105,#7106),(#7107,#7108),(#7109,
#7110),(#7111,#7112)),.UNSPECIFIED.,.F.,.F.,.F.,(4,4),(2,2),(0.,1.),(0.,
0.0003),.UNSPECIFIED.);
#206=B_SPLINE_SURFACE_WITH_KNOTS('',3,1,((#7124,#7125),(#7126,#7127),(#7128,
#7129),(#7130,#7131)),.UNSPECIFIED.,.F.,.F.,.F.,(4,4),(2,2),(0.,1.),(0.,
0.0003),.UNSPECIFIED.);
#207=B_SPLINE_SURFACE_WITH_KNOTS('',3,1,((#7143,#7144),(#7145,#7146),(#7147,
#7148),(#7149,#7150)),.UNSPECIFIED.,.F.,.F.,.F.,(4,4),(2,2),(0.,1.),(0.,
0.0003),.UNSPECIFIED.);
#208=B_SPLINE_SURFACE_WITH_KNOTS('',3,1,((#7173,#7174),(#7175,#7176),(#7177,
#7178),(#7179,#7180)),.UNSPECIFIED.,.F.,.F.,.F.,(4,4),(2,2),(0.,1.),(0.,
0.0003),.UNSPECIFIED.);
#209=B_SPLINE_SURFACE_WITH_KNOTS('',3,1,((#7192,#7193),(#7194,#7195),(#7196,
#7197),(#7198,#7199)),.UNSPECIFIED.,.F.,.F.,.F.,(4,4),(2,2),(0.,1.),(0.,
0.0003),.UNSPECIFIED.);
#210=B_SPLINE_SURFACE_WITH_KNOTS('',3,1,((#7211,#7212),(#7213,#7214),(#7215,
#7216),(#7217,#7218)),.UNSPECIFIED.,.F.,.F.,.F.,(4,4),(2,2),(0.,1.),(0.,
0.0003),.UNSPECIFIED.);
#211=B_SPLINE_SURFACE_WITH_KNOTS('',3,1,((#7230,#7231),(#7232,#7233),(#7234,
#7235),(#7236,#7237)),.UNSPECIFIED.,.F.,.F.,.F.,(4,4),(2,2),(0.,1.),(0.,
0.0003),.UNSPECIFIED.);
#212=B_SPLINE_SURFACE_WITH_KNOTS('',3,1,((#7249,#7250),(#7251,#7252),(#7253,
#7254),(#7255,#7256)),.UNSPECIFIED.,.F.,.F.,.F.,(4,4),(2,2),(0.,0.99927404485894),
(0.,0.0003),.UNSPECIFIED.);
#213=SHAPE_REPRESENTATION_RELATIONSHIP('SRR','None',#7333,#217);
#214=SHAPE_REPRESENTATION_RELATIONSHIP('SRR','None',#7334,#218);
#215=SHAPE_REPRESENTATION_RELATIONSHIP('SRR','None',#7335,#219);
#216=SHAPE_REPRESENTATION_RELATIONSHIP('SRR','None',#7336,#220);
#217=ADVANCED_BREP_SHAPE_REPRESENTATION('',(#231),#7309);
#218=ADVANCED_BREP_SHAPE_REPRESENTATION('',(#232,#233,#234),#7310);
#219=ADVANCED_BREP_SHAPE_REPRESENTATION('',(#235,#236),#7311);
#220=ADVANCED_BREP_SHAPE_REPRESENTATION('',(#237,#238,#239,#240),#7312);
#221=STYLED_ITEM('',(#4210),#231);
#222=STYLED_ITEM('',(#4211),#232);
#223=STYLED_ITEM('',(#4211),#233);
#224=STYLED_ITEM('',(#4211),#234);
#225=STYLED_ITEM('',(#4212),#235);
#226=STYLED_ITEM('',(#4212),#236);
#227=STYLED_ITEM('',(#4213),#237);
#228=STYLED_ITEM('',(#4213),#238);
#229=STYLED_ITEM('',(#4213),#239);
#230=STYLED_ITEM('',(#4213),#240);
#231=MANIFOLD_SOLID_BREP('Solid1',#4154);
#232=MANIFOLD_SOLID_BREP('Solid1',#4155);
#233=MANIFOLD_SOLID_BREP('Solid1',#4156);
#234=MANIFOLD_SOLID_BREP('Solid1',#4157);
#235=MANIFOLD_SOLID_BREP('Solid1',#4158);
#236=MANIFOLD_SOLID_BREP('Solid1',#4159);
#237=MANIFOLD_SOLID_BREP('Solid1',#4160);
#238=MANIFOLD_SOLID_BREP('Solid1',#4161);
#239=MANIFOLD_SOLID_BREP('Solid1',#4162);
#240=MANIFOLD_SOLID_BREP('Solid1',#4163);
#241=CYLINDRICAL_SURFACE('',#4317,0.1);
#242=CYLINDRICAL_SURFACE('',#4323,0.1);
#243=CYLINDRICAL_SURFACE('',#4338,0.1);
#244=CYLINDRICAL_SURFACE('',#4344,0.1);
#245=CIRCLE('',#4310,0.1);
#246=CIRCLE('',#4312,0.1);
#247=CIRCLE('',#4314,0.1);
#248=CIRCLE('',#4316,0.1);
#249=CIRCLE('',#4318,0.1);
#250=CIRCLE('',#4324,0.1);
#251=CIRCLE('',#4339,0.1);
#252=CIRCLE('',#4345,0.1);
#253=CONICAL_SURFACE('',#4309,0.1,0.785398163397448);
#254=CONICAL_SURFACE('',#4311,0.1,0.785398163397448);
#255=CONICAL_SURFACE('',#4313,0.1,0.785398163397448);
#256=CONICAL_SURFACE('',#4315,0.1,0.785398163397448);
#257=FACE_OUTER_BOUND('',#480,.T.);
#258=FACE_OUTER_BOUND('',#481,.T.);
#259=FACE_OUTER_BOUND('',#482,.T.);
#260=FACE_OUTER_BOUND('',#483,.T.);
#261=FACE_OUTER_BOUND('',#484,.T.);
#262=FACE_OUTER_BOUND('',#485,.T.);
#263=FACE_OUTER_BOUND('',#486,.T.);
#264=FACE_OUTER_BOUND('',#487,.T.);
#265=FACE_OUTER_BOUND('',#488,.T.);
#266=FACE_OUTER_BOUND('',#489,.T.);
#267=FACE_OUTER_BOUND('',#490,.T.);
#268=FACE_OUTER_BOUND('',#491,.T.);
#269=FACE_OUTER_BOUND('',#492,.T.);
#270=FACE_OUTER_BOUND('',#493,.T.);
#271=FACE_OUTER_BOUND('',#494,.T.);
#272=FACE_OUTER_BOUND('',#495,.T.);
#273=FACE_OUTER_BOUND('',#496,.T.);
#274=FACE_OUTER_BOUND('',#497,.T.);
#275=FACE_OUTER_BOUND('',#498,.T.);
#276=FACE_OUTER_BOUND('',#499,.T.);
#277=FACE_OUTER_BOUND('',#500,.T.);
#278=FACE_OUTER_BOUND('',#501,.T.);
#279=FACE_OUTER_BOUND('',#502,.T.);
#280=FACE_OUTER_BOUND('',#503,.T.);
#281=FACE_OUTER_BOUND('',#504,.T.);
#282=FACE_OUTER_BOUND('',#505,.T.);
#283=FACE_OUTER_BOUND('',#506,.T.);
#284=FACE_OUTER_BOUND('',#507,.T.);
#285=FACE_OUTER_BOUND('',#508,.T.);
#286=FACE_OUTER_BOUND('',#509,.T.);
#287=FACE_OUTER_BOUND('',#510,.T.);
#288=FACE_OUTER_BOUND('',#511,.T.);
#289=FACE_OUTER_BOUND('',#512,.T.);
#290=FACE_OUTER_BOUND('',#513,.T.);
#291=FACE_OUTER_BOUND('',#514,.T.);
#292=FACE_OUTER_BOUND('',#515,.T.);
#293=FACE_OUTER_BOUND('',#516,.T.);
#294=FACE_OUTER_BOUND('',#517,.T.);
#295=FACE_OUTER_BOUND('',#518,.T.);
#296=FACE_OUTER_BOUND('',#519,.T.);
#297=FACE_OUTER_BOUND('',#520,.T.);
#298=FACE_OUTER_BOUND('',#521,.T.);
#299=FACE_OUTER_BOUND('',#522,.T.);
#300=FACE_OUTER_BOUND('',#523,.T.);
#301=FACE_OUTER_BOUND('',#524,.T.);
#302=FACE_OUTER_BOUND('',#525,.T.);
#303=FACE_OUTER_BOUND('',#526,.T.);
#304=FACE_OUTER_BOUND('',#527,.T.);
#305=FACE_OUTER_BOUND('',#528,.T.);
#306=FACE_OUTER_BOUND('',#529,.T.);
#307=FACE_OUTER_BOUND('',#530,.T.);
#308=FACE_OUTER_BOUND('',#531,.T.);
#309=FACE_OUTER_BOUND('',#532,.T.);
#310=FACE_OUTER_BOUND('',#533,.T.);
#311=FACE_OUTER_BOUND('',#534,.T.);
#312=FACE_OUTER_BOUND('',#535,.T.);
#313=FACE_OUTER_BOUND('',#536,.T.);
#314=FACE_OUTER_BOUND('',#537,.T.);
#315=FACE_OUTER_BOUND('',#538,.T.);
#316=FACE_OUTER_BOUND('',#539,.T.);
#317=FACE_OUTER_BOUND('',#540,.T.);
#318=FACE_OUTER_BOUND('',#541,.T.);
#319=FACE_OUTER_BOUND('',#542,.T.);
#320=FACE_OUTER_BOUND('',#543,.T.);
#321=FACE_OUTER_BOUND('',#544,.T.);
#322=FACE_OUTER_BOUND('',#545,.T.);
#323=FACE_OUTER_BOUND('',#546,.T.);
#324=FACE_OUTER_BOUND('',#547,.T.);
#325=FACE_OUTER_BOUND('',#548,.T.);
#326=FACE_OUTER_BOUND('',#549,.T.);
#327=FACE_OUTER_BOUND('',#550,.T.);
#328=FACE_OUTER_BOUND('',#551,.T.);
#329=FACE_OUTER_BOUND('',#552,.T.);
#330=FACE_OUTER_BOUND('',#553,.T.);
#331=FACE_OUTER_BOUND('',#554,.T.);
#332=FACE_OUTER_BOUND('',#555,.T.);
#333=FACE_OUTER_BOUND('',#556,.T.);
#334=FACE_OUTER_BOUND('',#557,.T.);
#335=FACE_OUTER_BOUND('',#558,.T.);
#336=FACE_OUTER_BOUND('',#559,.T.);
#337=FACE_OUTER_BOUND('',#560,.T.);
#338=FACE_OUTER_BOUND('',#561,.T.);
#339=FACE_OUTER_BOUND('',#562,.T.);
#340=FACE_OUTER_BOUND('',#563,.T.);
#341=FACE_OUTER_BOUND('',#564,.T.);
#342=FACE_OUTER_BOUND('',#565,.T.);
#343=FACE_OUTER_BOUND('',#566,.T.);
#344=FACE_OUTER_BOUND('',#567,.T.);
#345=FACE_OUTER_BOUND('',#568,.T.);
#346=FACE_OUTER_BOUND('',#569,.T.);
#347=FACE_OUTER_BOUND('',#570,.T.);
#348=FACE_OUTER_BOUND('',#571,.T.);
#349=FACE_OUTER_BOUND('',#572,.T.);
#350=FACE_OUTER_BOUND('',#573,.T.);
#351=FACE_OUTER_BOUND('',#574,.T.);
#352=FACE_OUTER_BOUND('',#575,.T.);
#353=FACE_OUTER_BOUND('',#576,.T.);
#354=FACE_OUTER_BOUND('',#577,.T.);
#355=FACE_OUTER_BOUND('',#578,.T.);
#356=FACE_OUTER_BOUND('',#579,.T.);
#357=FACE_OUTER_BOUND('',#580,.T.);
#358=FACE_OUTER_BOUND('',#581,.T.);
#359=FACE_OUTER_BOUND('',#582,.T.);
#360=FACE_OUTER_BOUND('',#583,.T.);
#361=FACE_OUTER_BOUND('',#584,.T.);
#362=FACE_OUTER_BOUND('',#585,.T.);
#363=FACE_OUTER_BOUND('',#586,.T.);
#364=FACE_OUTER_BOUND('',#587,.T.);
#365=FACE_OUTER_BOUND('',#588,.T.);
#366=FACE_OUTER_BOUND('',#589,.T.);
#367=FACE_OUTER_BOUND('',#590,.T.);
#368=FACE_OUTER_BOUND('',#591,.T.);
#369=FACE_OUTER_BOUND('',#592,.T.);
#370=FACE_OUTER_BOUND('',#593,.T.);
#371=FACE_OUTER_BOUND('',#594,.T.);
#372=FACE_OUTER_BOUND('',#595,.T.);
#373=FACE_OUTER_BOUND('',#596,.T.);
#374=FACE_OUTER_BOUND('',#597,.T.);
#375=FACE_OUTER_BOUND('',#598,.T.);
#376=FACE_OUTER_BOUND('',#599,.T.);
#377=FACE_OUTER_BOUND('',#600,.T.);
#378=FACE_OUTER_BOUND('',#601,.T.);
#379=FACE_OUTER_BOUND('',#602,.T.);
#380=FACE_OUTER_BOUND('',#603,.T.);
#381=FACE_OUTER_BOUND('',#604,.T.);
#382=FACE_OUTER_BOUND('',#605,.T.);
#383=FACE_OUTER_BOUND('',#606,.T.);
#384=FACE_OUTER_BOUND('',#607,.T.);
#385=FACE_OUTER_BOUND('',#608,.T.);
#386=FACE_OUTER_BOUND('',#609,.T.);
#387=FACE_OUTER_BOUND('',#610,.T.);
#388=FACE_OUTER_BOUND('',#611,.T.);
#389=FACE_OUTER_BOUND('',#612,.T.);
#390=FACE_OUTER_BOUND('',#613,.T.);
#391=FACE_OUTER_BOUND('',#614,.T.);
#392=FACE_OUTER_BOUND('',#615,.T.);
#393=FACE_OUTER_BOUND('',#616,.T.);
#394=FACE_OUTER_BOUND('',#617,.T.);
#395=FACE_OUTER_BOUND('',#618,.T.);
#396=FACE_OUTER_BOUND('',#619,.T.);
#397=FACE_OUTER_BOUND('',#620,.T.);
#398=FACE_OUTER_BOUND('',#621,.T.);
#399=FACE_OUTER_BOUND('',#622,.T.);
#400=FACE_OUTER_BOUND('',#623,.T.);
#401=FACE_OUTER_BOUND('',#624,.T.);
#402=FACE_OUTER_BOUND('',#625,.T.);
#403=FACE_OUTER_BOUND('',#626,.T.);
#404=FACE_OUTER_BOUND('',#627,.T.);
#405=FACE_OUTER_BOUND('',#628,.T.);
#406=FACE_OUTER_BOUND('',#629,.T.);
#407=FACE_OUTER_BOUND('',#630,.T.);
#408=FACE_OUTER_BOUND('',#631,.T.);
#409=FACE_OUTER_BOUND('',#632,.T.);
#410=FACE_OUTER_BOUND('',#633,.T.);
#411=FACE_OUTER_BOUND('',#634,.T.);
#412=FACE_OUTER_BOUND('',#635,.T.);
#413=FACE_OUTER_BOUND('',#636,.T.);
#414=FACE_OUTER_BOUND('',#637,.T.);
#415=FACE_OUTER_BOUND('',#638,.T.);
#416=FACE_OUTER_BOUND('',#639,.T.);
#417=FACE_OUTER_BOUND('',#640,.T.);
#418=FACE_OUTER_BOUND('',#641,.T.);
#419=FACE_OUTER_BOUND('',#642,.T.);
#420=FACE_OUTER_BOUND('',#643,.T.);
#421=FACE_OUTER_BOUND('',#644,.T.);
#422=FACE_OUTER_BOUND('',#645,.T.);
#423=FACE_OUTER_BOUND('',#646,.T.);
#424=FACE_OUTER_BOUND('',#647,.T.);
#425=FACE_OUTER_BOUND('',#648,.T.);
#426=FACE_OUTER_BOUND('',#649,.T.);
#427=FACE_OUTER_BOUND('',#650,.T.);
#428=FACE_OUTER_BOUND('',#651,.T.);
#429=FACE_OUTER_BOUND('',#652,.T.);
#430=FACE_OUTER_BOUND('',#653,.T.);
#431=FACE_OUTER_BOUND('',#654,.T.);
#432=FACE_OUTER_BOUND('',#655,.T.);
#433=FACE_OUTER_BOUND('',#656,.T.);
#434=FACE_OUTER_BOUND('',#657,.T.);
#435=FACE_OUTER_BOUND('',#658,.T.);
#436=FACE_OUTER_BOUND('',#659,.T.);
#437=FACE_OUTER_BOUND('',#660,.T.);
#438=FACE_OUTER_BOUND('',#661,.T.);
#439=FACE_OUTER_BOUND('',#662,.T.);
#440=FACE_OUTER_BOUND('',#663,.T.);
#441=FACE_OUTER_BOUND('',#664,.T.);
#442=FACE_OUTER_BOUND('',#665,.T.);
#443=FACE_OUTER_BOUND('',#666,.T.);
#444=FACE_OUTER_BOUND('',#667,.T.);
#445=FACE_OUTER_BOUND('',#668,.T.);
#446=FACE_OUTER_BOUND('',#669,.T.);
#447=FACE_OUTER_BOUND('',#670,.T.);
#448=FACE_OUTER_BOUND('',#671,.T.);
#449=FACE_OUTER_BOUND('',#672,.T.);
#450=FACE_OUTER_BOUND('',#673,.T.);
#451=FACE_OUTER_BOUND('',#674,.T.);
#452=FACE_OUTER_BOUND('',#675,.T.);
#453=FACE_OUTER_BOUND('',#676,.T.);
#454=FACE_OUTER_BOUND('',#677,.T.);
#455=FACE_OUTER_BOUND('',#678,.T.);
#456=FACE_OUTER_BOUND('',#679,.T.);
#457=FACE_OUTER_BOUND('',#680,.T.);
#458=FACE_OUTER_BOUND('',#681,.T.);
#459=FACE_OUTER_BOUND('',#682,.T.);
#460=FACE_OUTER_BOUND('',#683,.T.);
#461=FACE_OUTER_BOUND('',#684,.T.);
#462=FACE_OUTER_BOUND('',#685,.T.);
#463=FACE_OUTER_BOUND('',#686,.T.);
#464=FACE_OUTER_BOUND('',#687,.T.);
#465=FACE_OUTER_BOUND('',#688,.T.);
#466=FACE_OUTER_BOUND('',#689,.T.);
#467=FACE_OUTER_BOUND('',#690,.T.);
#468=FACE_OUTER_BOUND('',#691,.T.);
#469=FACE_OUTER_BOUND('',#692,.T.);
#470=FACE_OUTER_BOUND('',#693,.T.);
#471=FACE_OUTER_BOUND('',#694,.T.);
#472=FACE_OUTER_BOUND('',#695,.T.);
#473=FACE_OUTER_BOUND('',#696,.T.);
#474=FACE_OUTER_BOUND('',#697,.T.);
#475=FACE_OUTER_BOUND('',#698,.T.);
#476=FACE_OUTER_BOUND('',#699,.T.);
#477=FACE_OUTER_BOUND('',#700,.T.);
#478=FACE_OUTER_BOUND('',#701,.T.);
#479=FACE_OUTER_BOUND('',#702,.T.);
#480=EDGE_LOOP('',(#2596,#2597,#2598,#2599));
#481=EDGE_LOOP('',(#2600,#2601,#2602,#2603));
#482=EDGE_LOOP('',(#2604,#2605,#2606,#2607));
#483=EDGE_LOOP('',(#2608,#2609,#2610,#2611));
#484=EDGE_LOOP('',(#2612,#2613,#2614,#2615));
#485=EDGE_LOOP('',(#2616,#2617,#2618,#2619));
#486=EDGE_LOOP('',(#2620,#2621,#2622,#2623));
#487=EDGE_LOOP('',(#2624,#2625,#2626,#2627));
#488=EDGE_LOOP('',(#2628,#2629,#2630,#2631));
#489=EDGE_LOOP('',(#2632,#2633,#2634,#2635));
#490=EDGE_LOOP('',(#2636,#2637,#2638,#2639));
#491=EDGE_LOOP('',(#2640,#2641,#2642,#2643));
#492=EDGE_LOOP('',(#2644,#2645,#2646,#2647));
#493=EDGE_LOOP('',(#2648,#2649,#2650,#2651));
#494=EDGE_LOOP('',(#2652,#2653,#2654,#2655));
#495=EDGE_LOOP('',(#2656,#2657,#2658,#2659));
#496=EDGE_LOOP('',(#2660,#2661,#2662,#2663));
#497=EDGE_LOOP('',(#2664,#2665,#2666,#2667));
#498=EDGE_LOOP('',(#2668,#2669,#2670,#2671));
#499=EDGE_LOOP('',(#2672,#2673,#2674,#2675));
#500=EDGE_LOOP('',(#2676,#2677,#2678,#2679));
#501=EDGE_LOOP('',(#2680,#2681,#2682,#2683));
#502=EDGE_LOOP('',(#2684,#2685,#2686,#2687));
#503=EDGE_LOOP('',(#2688,#2689,#2690));
#504=EDGE_LOOP('',(#2691,#2692,#2693));
#505=EDGE_LOOP('',(#2694,#2695,#2696));
#506=EDGE_LOOP('',(#2697,#2698,#2699));
#507=EDGE_LOOP('',(#2700,#2701,#2702,#2703));
#508=EDGE_LOOP('',(#2704,#2705,#2706,#2707));
#509=EDGE_LOOP('',(#2708,#2709,#2710,#2711));
#510=EDGE_LOOP('',(#2712,#2713,#2714,#2715));
#511=EDGE_LOOP('',(#2716,#2717,#2718,#2719));
#512=EDGE_LOOP('',(#2720,#2721,#2722,#2723));
#513=EDGE_LOOP('',(#2724,#2725,#2726,#2727));
#514=EDGE_LOOP('',(#2728,#2729,#2730,#2731));
#515=EDGE_LOOP('',(#2732,#2733,#2734,#2735));
#516=EDGE_LOOP('',(#2736,#2737,#2738,#2739,#2740,#2741,#2742,#2743));
#517=EDGE_LOOP('',(#2744,#2745,#2746,#2747));
#518=EDGE_LOOP('',(#2748,#2749,#2750,#2751,#2752,#2753,#2754,#2755));
#519=EDGE_LOOP('',(#2756,#2757,#2758,#2759));
#520=EDGE_LOOP('',(#2760,#2761,#2762,#2763,#2764,#2765,#2766,#2767));
#521=EDGE_LOOP('',(#2768,#2769,#2770,#2771));
#522=EDGE_LOOP('',(#2772,#2773,#2774,#2775,#2776,#2777,#2778,#2779));
#523=EDGE_LOOP('',(#2780,#2781,#2782,#2783));
#524=EDGE_LOOP('',(#2784,#2785,#2786,#2787));
#525=EDGE_LOOP('',(#2788,#2789,#2790,#2791));
#526=EDGE_LOOP('',(#2792,#2793,#2794,#2795));
#527=EDGE_LOOP('',(#2796,#2797,#2798,#2799));
#528=EDGE_LOOP('',(#2800,#2801,#2802,#2803));
#529=EDGE_LOOP('',(#2804,#2805,#2806,#2807));
#530=EDGE_LOOP('',(#2808,#2809,#2810,#2811));
#531=EDGE_LOOP('',(#2812,#2813,#2814,#2815));
#532=EDGE_LOOP('',(#2816,#2817,#2818,#2819));
#533=EDGE_LOOP('',(#2820,#2821,#2822,#2823,#2824));
#534=EDGE_LOOP('',(#2825,#2826,#2827,#2828));
#535=EDGE_LOOP('',(#2829,#2830,#2831,#2832));
#536=EDGE_LOOP('',(#2833,#2834,#2835,#2836));
#537=EDGE_LOOP('',(#2837,#2838,#2839,#2840,#2841,#2842,#2843,#2844,#2845));
#538=EDGE_LOOP('',(#2846,#2847,#2848,#2849,#2850,#2851,#2852,#2853,#2854,
#2855,#2856,#2857,#2858,#2859,#2860,#2861,#2862,#2863,#2864,#2865));
#539=EDGE_LOOP('',(#2866,#2867,#2868,#2869));
#540=EDGE_LOOP('',(#2870,#2871,#2872,#2873));
#541=EDGE_LOOP('',(#2874,#2875,#2876,#2877));
#542=EDGE_LOOP('',(#2878,#2879,#2880,#2881,#2882));
#543=EDGE_LOOP('',(#2883,#2884,#2885,#2886,#2887,#2888,#2889,#2890,#2891));
#544=EDGE_LOOP('',(#2892,#2893,#2894,#2895));
#545=EDGE_LOOP('',(#2896,#2897,#2898,#2899));
#546=EDGE_LOOP('',(#2900,#2901,#2902,#2903));
#547=EDGE_LOOP('',(#2904,#2905,#2906,#2907));
#548=EDGE_LOOP('',(#2908,#2909,#2910,#2911));
#549=EDGE_LOOP('',(#2912,#2913,#2914,#2915));
#550=EDGE_LOOP('',(#2916,#2917,#2918,#2919));
#551=EDGE_LOOP('',(#2920,#2921,#2922,#2923));
#552=EDGE_LOOP('',(#2924,#2925,#2926,#2927));
#553=EDGE_LOOP('',(#2928,#2929,#2930,#2931,#2932,#2933,#2934,#2935));
#554=EDGE_LOOP('',(#2936,#2937,#2938,#2939));
#555=EDGE_LOOP('',(#2940,#2941,#2942,#2943,#2944,#2945,#2946,#2947));
#556=EDGE_LOOP('',(#2948,#2949,#2950,#2951,#2952,#2953,#2954,#2955,#2956,
#2957,#2958,#2959,#2960,#2961,#2962,#2963,#2964,#2965,#2966,#2967));
#557=EDGE_LOOP('',(#2968,#2969,#2970,#2971));
#558=EDGE_LOOP('',(#2972,#2973,#2974,#2975,#2976,#2977,#2978,#2979));
#559=EDGE_LOOP('',(#2980,#2981,#2982,#2983));
#560=EDGE_LOOP('',(#2984,#2985,#2986,#2987,#2988,#2989,#2990,#2991,#2992,
#2993));
#561=EDGE_LOOP('',(#2994,#2995,#2996,#2997));
#562=EDGE_LOOP('',(#2998,#2999,#3000,#3001,#3002,#3003,#3004,#3005,#3006));
#563=EDGE_LOOP('',(#3007,#3008,#3009,#3010));
#564=EDGE_LOOP('',(#3011,#3012,#3013,#3014));
#565=EDGE_LOOP('',(#3015,#3016,#3017,#3018,#3019,#3020,#3021,#3022,#3023,
#3024));
#566=EDGE_LOOP('',(#3025,#3026,#3027,#3028));
#567=EDGE_LOOP('',(#3029,#3030,#3031,#3032));
#568=EDGE_LOOP('',(#3033,#3034,#3035,#3036,#3037,#3038,#3039,#3040,#3041,
#3042,#3043,#3044,#3045,#3046,#3047,#3048,#3049,#3050,#3051,#3052,#3053,
#3054,#3055,#3056,#3057,#3058,#3059,#3060,#3061,#3062,#3063,#3064));
#569=EDGE_LOOP('',(#3065,#3066,#3067,#3068));
#570=EDGE_LOOP('',(#3069,#3070,#3071,#3072));
#571=EDGE_LOOP('',(#3073,#3074,#3075,#3076,#3077,#3078,#3079,#3080,#3081));
#572=EDGE_LOOP('',(#3082,#3083,#3084,#3085));
#573=EDGE_LOOP('',(#3086,#3087,#3088,#3089));
#574=EDGE_LOOP('',(#3090,#3091,#3092,#3093,#3094,#3095,#3096,#3097,#3098,
#3099,#3100,#3101,#3102,#3103,#3104,#3105,#3106,#3107,#3108,#3109,#3110,
#3111,#3112,#3113,#3114,#3115,#3116,#3117));
#575=EDGE_LOOP('',(#3118,#3119,#3120,#3121));
#576=EDGE_LOOP('',(#3122,#3123,#3124,#3125));
#577=EDGE_LOOP('',(#3126,#3127,#3128,#3129,#3130,#3131));
#578=EDGE_LOOP('',(#3132,#3133,#3134,#3135));
#579=EDGE_LOOP('',(#3136,#3137,#3138,#3139,#3140,#3141));
#580=EDGE_LOOP('',(#3142,#3143,#3144,#3145));
#581=EDGE_LOOP('',(#3146,#3147,#3148,#3149));
#582=EDGE_LOOP('',(#3150,#3151,#3152,#3153));
#583=EDGE_LOOP('',(#3154,#3155,#3156,#3157));
#584=EDGE_LOOP('',(#3158,#3159,#3160,#3161));
#585=EDGE_LOOP('',(#3162,#3163,#3164,#3165));
#586=EDGE_LOOP('',(#3166,#3167,#3168,#3169,#3170,#3171));
#587=EDGE_LOOP('',(#3172,#3173,#3174,#3175));
#588=EDGE_LOOP('',(#3176,#3177,#3178,#3179,#3180,#3181));
#589=EDGE_LOOP('',(#3182,#3183,#3184,#3185));
#590=EDGE_LOOP('',(#3186,#3187,#3188,#3189));
#591=EDGE_LOOP('',(#3190,#3191,#3192,#3193));
#592=EDGE_LOOP('',(#3194,#3195,#3196,#3197));
#593=EDGE_LOOP('',(#3198,#3199,#3200,#3201));
#594=EDGE_LOOP('',(#3202,#3203,#3204,#3205,#3206,#3207));
#595=EDGE_LOOP('',(#3208,#3209,#3210,#3211));
#596=EDGE_LOOP('',(#3212,#3213,#3214,#3215,#3216,#3217));
#597=EDGE_LOOP('',(#3218,#3219,#3220,#3221));
#598=EDGE_LOOP('',(#3222,#3223,#3224,#3225));
#599=EDGE_LOOP('',(#3226,#3227,#3228,#3229));
#600=EDGE_LOOP('',(#3230,#3231,#3232,#3233));
#601=EDGE_LOOP('',(#3234,#3235,#3236,#3237,#3238,#3239));
#602=EDGE_LOOP('',(#3240,#3241,#3242,#3243));
#603=EDGE_LOOP('',(#3244,#3245,#3246,#3247));
#604=EDGE_LOOP('',(#3248,#3249,#3250,#3251));
#605=EDGE_LOOP('',(#3252,#3253,#3254,#3255,#3256,#3257));
#606=EDGE_LOOP('',(#3258,#3259,#3260,#3261));
#607=EDGE_LOOP('',(#3262,#3263,#3264,#3265));
#608=EDGE_LOOP('',(#3266,#3267,#3268,#3269));
#609=EDGE_LOOP('',(#3270,#3271,#3272,#3273,#3274,#3275));
#610=EDGE_LOOP('',(#3276,#3277,#3278,#3279));
#611=EDGE_LOOP('',(#3280,#3281,#3282,#3283));
#612=EDGE_LOOP('',(#3284,#3285,#3286,#3287,#3288,#3289));
#613=EDGE_LOOP('',(#3290,#3291,#3292,#3293));
#614=EDGE_LOOP('',(#3294,#3295,#3296,#3297));
#615=EDGE_LOOP('',(#3298,#3299,#3300,#3301));
#616=EDGE_LOOP('',(#3302,#3303,#3304,#3305));
#617=EDGE_LOOP('',(#3306,#3307,#3308,#3309));
#618=EDGE_LOOP('',(#3310,#3311,#3312,#3313));
#619=EDGE_LOOP('',(#3314,#3315,#3316,#3317));
#620=EDGE_LOOP('',(#3318,#3319,#3320,#3321));
#621=EDGE_LOOP('',(#3322,#3323,#3324,#3325));
#622=EDGE_LOOP('',(#3326,#3327,#3328,#3329));
#623=EDGE_LOOP('',(#3330,#3331,#3332,#3333));
#624=EDGE_LOOP('',(#3334,#3335,#3336,#3337));
#625=EDGE_LOOP('',(#3338,#3339,#3340,#3341));
#626=EDGE_LOOP('',(#3342,#3343,#3344,#3345));
#627=EDGE_LOOP('',(#3346,#3347,#3348,#3349));
#628=EDGE_LOOP('',(#3350,#3351,#3352,#3353));
#629=EDGE_LOOP('',(#3354,#3355,#3356,#3357));
#630=EDGE_LOOP('',(#3358,#3359,#3360,#3361,#3362,#3363,#3364,#3365,#3366,
#3367,#3368,#3369,#3370,#3371,#3372));
#631=EDGE_LOOP('',(#3373,#3374,#3375,#3376,#3377,#3378,#3379,#3380,#3381,
#3382,#3383,#3384,#3385,#3386,#3387));
#632=EDGE_LOOP('',(#3388,#3389,#3390,#3391));
#633=EDGE_LOOP('',(#3392,#3393,#3394,#3395));
#634=EDGE_LOOP('',(#3396,#3397,#3398,#3399));
#635=EDGE_LOOP('',(#3400,#3401,#3402,#3403));
#636=EDGE_LOOP('',(#3404,#3405,#3406,#3407));
#637=EDGE_LOOP('',(#3408,#3409,#3410,#3411));
#638=EDGE_LOOP('',(#3412,#3413,#3414,#3415));
#639=EDGE_LOOP('',(#3416,#3417,#3418,#3419));
#640=EDGE_LOOP('',(#3420,#3421,#3422,#3423));
#641=EDGE_LOOP('',(#3424,#3425,#3426,#3427));
#642=EDGE_LOOP('',(#3428,#3429,#3430,#3431));
#643=EDGE_LOOP('',(#3432,#3433,#3434,#3435));
#644=EDGE_LOOP('',(#3436,#3437,#3438,#3439));
#645=EDGE_LOOP('',(#3440,#3441,#3442,#3443));
#646=EDGE_LOOP('',(#3444,#3445,#3446,#3447));
#647=EDGE_LOOP('',(#3448,#3449,#3450,#3451));
#648=EDGE_LOOP('',(#3452,#3453,#3454,#3455));
#649=EDGE_LOOP('',(#3456,#3457,#3458,#3459));
#650=EDGE_LOOP('',(#3460,#3461,#3462,#3463,#3464,#3465,#3466,#3467,#3468,
#3469,#3470,#3471,#3472,#3473,#3474,#3475,#3476,#3477));
#651=EDGE_LOOP('',(#3478,#3479,#3480,#3481,#3482,#3483,#3484,#3485,#3486,
#3487,#3488,#3489,#3490,#3491,#3492,#3493,#3494,#3495));
#652=EDGE_LOOP('',(#3496,#3497,#3498,#3499));
#653=EDGE_LOOP('',(#3500,#3501,#3502,#3503));
#654=EDGE_LOOP('',(#3504,#3505,#3506,#3507));
#655=EDGE_LOOP('',(#3508,#3509,#3510,#3511));
#656=EDGE_LOOP('',(#3512,#3513,#3514,#3515));
#657=EDGE_LOOP('',(#3516,#3517,#3518,#3519));
#658=EDGE_LOOP('',(#3520,#3521,#3522,#3523));
#659=EDGE_LOOP('',(#3524,#3525,#3526,#3527));
#660=EDGE_LOOP('',(#3528,#3529,#3530,#3531));
#661=EDGE_LOOP('',(#3532,#3533,#3534,#3535));
#662=EDGE_LOOP('',(#3536,#3537,#3538,#3539));
#663=EDGE_LOOP('',(#3540,#3541,#3542,#3543));
#664=EDGE_LOOP('',(#3544,#3545,#3546,#3547));
#665=EDGE_LOOP('',(#3548,#3549,#3550,#3551));
#666=EDGE_LOOP('',(#3552,#3553,#3554,#3555));
#667=EDGE_LOOP('',(#3556,#3557,#3558,#3559));
#668=EDGE_LOOP('',(#3560,#3561,#3562,#3563));
#669=EDGE_LOOP('',(#3564,#3565,#3566,#3567));
#670=EDGE_LOOP('',(#3568,#3569,#3570,#3571));
#671=EDGE_LOOP('',(#3572,#3573,#3574,#3575));
#672=EDGE_LOOP('',(#3576,#3577,#3578,#3579));
#673=EDGE_LOOP('',(#3580,#3581,#3582,#3583));
#674=EDGE_LOOP('',(#3584,#3585,#3586,#3587));
#675=EDGE_LOOP('',(#3588,#3589,#3590,#3591));
#676=EDGE_LOOP('',(#3592,#3593,#3594,#3595));
#677=EDGE_LOOP('',(#3596,#3597,#3598,#3599));
#678=EDGE_LOOP('',(#3600,#3601,#3602,#3603));
#679=EDGE_LOOP('',(#3604,#3605,#3606,#3607));
#680=EDGE_LOOP('',(#3608,#3609,#3610,#3611));
#681=EDGE_LOOP('',(#3612,#3613,#3614,#3615));
#682=EDGE_LOOP('',(#3616,#3617,#3618,#3619));
#683=EDGE_LOOP('',(#3620,#3621,#3622,#3623));
#684=EDGE_LOOP('',(#3624,#3625,#3626,#3627));
#685=EDGE_LOOP('',(#3628,#3629,#3630,#3631));
#686=EDGE_LOOP('',(#3632,#3633,#3634,#3635));
#687=EDGE_LOOP('',(#3636,#3637,#3638,#3639));
#688=EDGE_LOOP('',(#3640,#3641,#3642,#3643));
#689=EDGE_LOOP('',(#3644,#3645,#3646,#3647));
#690=EDGE_LOOP('',(#3648,#3649,#3650,#3651));
#691=EDGE_LOOP('',(#3652,#3653,#3654,#3655));
#692=EDGE_LOOP('',(#3656,#3657,#3658,#3659));
#693=EDGE_LOOP('',(#3660,#3661,#3662,#3663));
#694=EDGE_LOOP('',(#3664,#3665,#3666,#3667));
#695=EDGE_LOOP('',(#3668,#3669,#3670,#3671));
#696=EDGE_LOOP('',(#3672,#3673,#3674,#3675,#3676,#3677,#3678,#3679,#3680,
#3681,#3682,#3683,#3684,#3685,#3686,#3687,#3688,#3689,#3690,#3691,#3692,
#3693,#3694,#3695,#3696,#3697,#3698,#3699,#3700,#3701,#3702,#3703,#3704,
#3705,#3706,#3707,#3708,#3709,#3710,#3711,#3712,#3713,#3714,#3715));
#697=EDGE_LOOP('',(#3716,#3717,#3718,#3719,#3720,#3721,#3722,#3723,#3724,
#3725,#3726,#3727,#3728,#3729,#3730,#3731,#3732,#3733,#3734,#3735,#3736,
#3737,#3738,#3739,#3740,#3741,#3742,#3743,#3744,#3745,#3746,#3747,#3748,
#3749,#3750,#3751,#3752,#3753,#3754,#3755,#3756,#3757,#3758,#3759));
#698=EDGE_LOOP('',(#3760,#3761,#3762,#3763));
#699=EDGE_LOOP('',(#3764,#3765,#3766,#3767));
#700=EDGE_LOOP('',(#3768,#3769,#3770,#3771));
#701=EDGE_LOOP('',(#3772,#3773,#3774));
#702=EDGE_LOOP('',(#3775,#3776,#3777));
#703=LINE('',#5318,#1162);
#704=LINE('',#5320,#1163);
#705=LINE('',#5322,#1164);
#706=LINE('',#5323,#1165);
#707=LINE('',#5327,#1166);
#708=LINE('',#5329,#1167);
#709=LINE('',#5331,#1168);
#710=LINE('',#5332,#1169);
#711=LINE('',#5335,#1170);
#712=LINE('',#5337,#1171);
#713=LINE('',#5338,#1172);
#714=LINE('',#5341,#1173);
#715=LINE('',#5343,#1174);
#716=LINE('',#5344,#1175);
#717=LINE('',#5347,#1176);
#718=LINE('',#5348,#1177);
#719=LINE('',#5349,#1178);
#720=LINE('',#5353,#1179);
#721=LINE('',#5355,#1180);
#722=LINE('',#5357,#1181);
#723=LINE('',#5358,#1182);
#724=LINE('',#5361,#1183);
#725=LINE('',#5363,#1184);
#726=LINE('',#5364,#1185);
#727=LINE('',#5367,#1186);
#728=LINE('',#5369,#1187);
#729=LINE('',#5370,#1188);
#730=LINE('',#5373,#1189);
#731=LINE('',#5375,#1190);
#732=LINE('',#5376,#1191);
#733=LINE('',#5379,#1192);
#734=LINE('',#5381,#1193);
#735=LINE('',#5382,#1194);
#736=LINE('',#5385,#1195);
#737=LINE('',#5387,#1196);
#738=LINE('',#5388,#1197);
#739=LINE('',#5391,#1198);
#740=LINE('',#5393,#1199);
#741=LINE('',#5394,#1200);
#742=LINE('',#5397,#1201);
#743=LINE('',#5399,#1202);
#744=LINE('',#5400,#1203);
#745=LINE('',#5403,#1204);
#746=LINE('',#5405,#1205);
#747=LINE('',#5406,#1206);
#748=LINE('',#5409,#1207);
#749=LINE('',#5411,#1208);
#750=LINE('',#5412,#1209);
#751=LINE('',#5415,#1210);
#752=LINE('',#5417,#1211);
#753=LINE('',#5418,#1212);
#754=LINE('',#5421,#1213);
#755=LINE('',#5423,#1214);
#756=LINE('',#5424,#1215);
#757=LINE('',#5427,#1216);
#758=LINE('',#5428,#1217);
#759=LINE('',#5429,#1218);
#760=LINE('',#5433,#1219);
#761=LINE('',#5435,#1220);
#762=LINE('',#5437,#1221);
#763=LINE('',#5438,#1222);
#764=LINE('',#5441,#1223);
#765=LINE('',#5443,#1224);
#766=LINE('',#5444,#1225);
#767=LINE('',#5447,#1226);
#768=LINE('',#5449,#1227);
#769=LINE('',#5450,#1228);
#770=LINE('',#5453,#1229);
#771=LINE('',#5454,#1230);
#772=LINE('',#5455,#1231);
#773=LINE('',#5459,#1232);
#774=LINE('',#5461,#1233);
#775=LINE('',#5462,#1234);
#776=LINE('',#5463,#1235);
#777=LINE('',#5474,#1236);
#778=LINE('',#5477,#1237);
#779=LINE('',#5480,#1238);
#780=LINE('',#5481,#1239);
#781=LINE('',#5484,#1240);
#782=LINE('',#5485,#1241);
#783=LINE('',#5488,#1242);
#784=LINE('',#5489,#1243);
#785=LINE('',#5492,#1244);
#786=LINE('',#5493,#1245);
#787=LINE('',#5496,#1246);
#788=LINE('',#5500,#1247);
#789=LINE('',#5501,#1248);
#790=LINE('',#5504,#1249);
#791=LINE('',#5505,#1250);
#792=LINE('',#5508,#1251);
#793=LINE('',#5509,#1252);
#794=LINE('',#5512,#1253);
#795=LINE('',#5514,#1254);
#796=LINE('',#5516,#1255);
#797=LINE('',#5518,#1256);
#798=LINE('',#5520,#1257);
#799=LINE('',#5521,#1258);
#800=LINE('',#5524,#1259);
#801=LINE('',#5525,#1260);
#802=LINE('',#5528,#1261);
#803=LINE('',#5530,#1262);
#804=LINE('',#5532,#1263);
#805=LINE('',#5534,#1264);
#806=LINE('',#5536,#1265);
#807=LINE('',#5537,#1266);
#808=LINE('',#5540,#1267);
#809=LINE('',#5541,#1268);
#810=LINE('',#5544,#1269);
#811=LINE('',#5546,#1270);
#812=LINE('',#5548,#1271);
#813=LINE('',#5550,#1272);
#814=LINE('',#5552,#1273);
#815=LINE('',#5553,#1274);
#816=LINE('',#5556,#1275);
#817=LINE('',#5557,#1276);
#818=LINE('',#5560,#1277);
#819=LINE('',#5562,#1278);
#820=LINE('',#5564,#1279);
#821=LINE('',#5566,#1280);
#822=LINE('',#5568,#1281);
#823=LINE('',#5569,#1282);
#824=LINE('',#5572,#1283);
#825=LINE('',#5573,#1284);
#826=LINE('',#5576,#1285);
#827=LINE('',#5577,#1286);
#828=LINE('',#5580,#1287);
#829=LINE('',#5581,#1288);
#830=LINE('',#5584,#1289);
#831=LINE('',#5588,#1290);
#832=LINE('',#5589,#1291);
#833=LINE('',#5592,#1292);
#834=LINE('',#5593,#1293);
#835=LINE('',#5596,#1294);
#836=LINE('',#5597,#1295);
#837=LINE('',#5600,#1296);
#838=LINE('',#5601,#1297);
#839=LINE('',#5604,#1298);
#840=LINE('',#5608,#1299);
#841=LINE('',#5609,#1300);
#842=LINE('',#5613,#1301);
#843=LINE('',#5615,#1302);
#844=LINE('',#5617,#1303);
#845=LINE('',#5619,#1304);
#846=LINE('',#5620,#1305);
#847=LINE('',#5623,#1306);
#848=LINE('',#5625,#1307);
#849=LINE('',#5626,#1308);
#850=LINE('',#5629,#1309);
#851=LINE('',#5630,#1310);
#852=LINE('',#5633,#1311);
#853=LINE('',#5634,#1312);
#854=LINE('',#5637,#1313);
#855=LINE('',#5638,#1314);
#856=LINE('',#5640,#1315);
#857=LINE('',#5642,#1316);
#858=LINE('',#5643,#1317);
#859=LINE('',#5646,#1318);
#860=LINE('',#5647,#1319);
#861=LINE('',#5648,#1320);
#862=LINE('',#5649,#1321);
#863=LINE('',#5650,#1322);
#864=LINE('',#5652,#1323);
#865=LINE('',#5654,#1324);
#866=LINE('',#5656,#1325);
#867=LINE('',#5658,#1326);
#868=LINE('',#5660,#1327);
#869=LINE('',#5662,#1328);
#870=LINE('',#5664,#1329);
#871=LINE('',#5665,#1330);
#872=LINE('',#5668,#1331);
#873=LINE('',#5670,#1332);
#874=LINE('',#5671,#1333);
#875=LINE('',#5674,#1334);
#876=LINE('',#5676,#1335);
#877=LINE('',#5677,#1336);
#878=LINE('',#5681,#1337);
#879=LINE('',#5682,#1338);
#880=LINE('',#5683,#1339);
#881=LINE('',#5685,#1340);
#882=LINE('',#5688,#1341);
#883=LINE('',#5690,#1342);
#884=LINE('',#5692,#1343);
#885=LINE('',#5694,#1344);
#886=LINE('',#5695,#1345);
#887=LINE('',#5699,#1346);
#888=LINE('',#5701,#1347);
#889=LINE('',#5703,#1348);
#890=LINE('',#5704,#1349);
#891=LINE('',#5707,#1350);
#892=LINE('',#5709,#1351);
#893=LINE('',#5710,#1352);
#894=LINE('',#5713,#1353);
#895=LINE('',#5715,#1354);
#896=LINE('',#5716,#1355);
#897=LINE('',#5720,#1356);
#898=LINE('',#5722,#1357);
#899=LINE('',#5724,#1358);
#900=LINE('',#5725,#1359);
#901=LINE('',#5728,#1360);
#902=LINE('',#5730,#1361);
#903=LINE('',#5731,#1362);
#904=LINE('',#5734,#1363);
#905=LINE('',#5736,#1364);
#906=LINE('',#5737,#1365);
#907=LINE('',#5741,#1366);
#908=LINE('',#5743,#1367);
#909=LINE('',#5745,#1368);
#910=LINE('',#5746,#1369);
#911=LINE('',#5749,#1370);
#912=LINE('',#5751,#1371);
#913=LINE('',#5752,#1372);
#914=LINE('',#5755,#1373);
#915=LINE('',#5757,#1374);
#916=LINE('',#5758,#1375);
#917=LINE('',#5760,#1376);
#918=LINE('',#5761,#1377);
#919=LINE('',#5762,#1378);
#920=LINE('',#5765,#1379);
#921=LINE('',#5767,#1380);
#922=LINE('',#5768,#1381);
#923=LINE('',#5770,#1382);
#924=LINE('',#5771,#1383);
#925=LINE('',#5772,#1384);
#926=LINE('',#5775,#1385);
#927=LINE('',#5777,#1386);
#928=LINE('',#5779,#1387);
#929=LINE('',#5780,#1388);
#930=LINE('',#5782,#1389);
#931=LINE('',#5784,#1390);
#932=LINE('',#5785,#1391);
#933=LINE('',#5788,#1392);
#934=LINE('',#5789,#1393);
#935=LINE('',#5793,#1394);
#936=LINE('',#5795,#1395);
#937=LINE('',#5796,#1396);
#938=LINE('',#5798,#1397);
#939=LINE('',#5799,#1398);
#940=LINE('',#5802,#1399);
#941=LINE('',#5805,#1400);
#942=LINE('',#5806,#1401);
#943=LINE('',#5808,#1402);
#944=LINE('',#5811,#1403);
#945=LINE('',#5813,#1404);
#946=LINE('',#5816,#1405);
#947=LINE('',#5818,#1406);
#948=LINE('',#5820,#1407);
#949=LINE('',#5822,#1408);
#950=LINE('',#5823,#1409);
#951=LINE('',#5825,#1410);
#952=LINE('',#5827,#1411);
#953=LINE('',#5829,#1412);
#954=LINE('',#5830,#1413);
#955=LINE('',#5831,#1414);
#956=LINE('',#5839,#1415);
#957=LINE('',#5841,#1416);
#958=LINE('',#5843,#1417);
#959=LINE('',#5844,#1418);
#960=LINE('',#5847,#1419);
#961=LINE('',#5849,#1420);
#962=LINE('',#5850,#1421);
#963=LINE('',#5854,#1422);
#964=LINE('',#5856,#1423);
#965=LINE('',#5857,#1424);
#966=LINE('',#5858,#1425);
#967=LINE('',#5862,#1426);
#968=LINE('',#5863,#1427);
#969=LINE('',#5864,#1428);
#970=LINE('',#5867,#1429);
#971=LINE('',#5868,#1430);
#972=LINE('',#5869,#1431);
#973=LINE('',#5871,#1432);
#974=LINE('',#5877,#1433);
#975=LINE('',#5879,#1434);
#976=LINE('',#5881,#1435);
#977=LINE('',#5882,#1436);
#978=LINE('',#5885,#1437);
#979=LINE('',#5887,#1438);
#980=LINE('',#5888,#1439);
#981=LINE('',#5892,#1440);
#982=LINE('',#5894,#1441);
#983=LINE('',#5896,#1442);
#984=LINE('',#5897,#1443);
#985=LINE('',#5900,#1444);
#986=LINE('',#5901,#1445);
#987=LINE('',#5902,#1446);
#988=LINE('',#5905,#1447);
#989=LINE('',#5906,#1448);
#990=LINE('',#5908,#1449);
#991=LINE('',#5909,#1450);
#992=LINE('',#5915,#1451);
#993=LINE('',#5917,#1452);
#994=LINE('',#5919,#1453);
#995=LINE('',#5920,#1454);
#996=LINE('',#5923,#1455);
#997=LINE('',#5925,#1456);
#998=LINE('',#5926,#1457);
#999=LINE('',#5929,#1458);
#1000=LINE('',#5931,#1459);
#1001=LINE('',#5932,#1460);
#1002=LINE('',#5936,#1461);
#1003=LINE('',#5937,#1462);
#1004=LINE('',#5938,#1463);
#1005=LINE('',#5942,#1464);
#1006=LINE('',#5943,#1465);
#1007=LINE('',#5944,#1466);
#1008=LINE('',#5946,#1467);
#1009=LINE('',#5947,#1468);
#1010=LINE('',#5954,#1469);
#1011=LINE('',#5956,#1470);
#1012=LINE('',#5958,#1471);
#1013=LINE('',#5959,#1472);
#1014=LINE('',#5962,#1473);
#1015=LINE('',#5964,#1474);
#1016=LINE('',#5965,#1475);
#1017=LINE('',#5968,#1476);
#1018=LINE('',#5970,#1477);
#1019=LINE('',#5972,#1478);
#1020=LINE('',#5973,#1479);
#1021=LINE('',#5976,#1480);
#1022=LINE('',#5977,#1481);
#1023=LINE('',#5980,#1482);
#1024=LINE('',#5981,#1483);
#1025=LINE('',#5984,#1484);
#1026=LINE('',#5985,#1485);
#1027=LINE('',#5987,#1486);
#1028=LINE('',#5992,#1487);
#1029=LINE('',#5994,#1488);
#1030=LINE('',#5996,#1489);
#1031=LINE('',#5997,#1490);
#1032=LINE('',#6000,#1491);
#1033=LINE('',#6002,#1492);
#1034=LINE('',#6003,#1493);
#1035=LINE('',#6006,#1494);
#1036=LINE('',#6008,#1495);
#1037=LINE('',#6010,#1496);
#1038=LINE('',#6011,#1497);
#1039=LINE('',#6015,#1498);
#1040=LINE('',#6016,#1499);
#1041=LINE('',#6017,#1500);
#1042=LINE('',#6020,#1501);
#1043=LINE('',#6021,#1502);
#1044=LINE('',#6023,#1503);
#1045=LINE('',#6024,#1504);
#1046=LINE('',#6043,#1505);
#1047=LINE('',#6049,#1506);
#1048=LINE('',#6068,#1507);
#1049=LINE('',#6087,#1508);
#1050=LINE('',#6106,#1509);
#1051=LINE('',#6109,#1510);
#1052=LINE('',#6111,#1511);
#1053=LINE('',#6112,#1512);
#1054=LINE('',#6115,#1513);
#1055=LINE('',#6117,#1514);
#1056=LINE('',#6118,#1515);
#1057=LINE('',#6121,#1516);
#1058=LINE('',#6123,#1517);
#1059=LINE('',#6124,#1518);
#1060=LINE('',#6127,#1519);
#1061=LINE('',#6129,#1520);
#1062=LINE('',#6130,#1521);
#1063=LINE('',#6149,#1522);
#1064=LINE('',#6168,#1523);
#1065=LINE('',#6187,#1524);
#1066=LINE('',#6206,#1525);
#1067=LINE('',#6209,#1526);
#1068=LINE('',#6211,#1527);
#1069=LINE('',#6212,#1528);
#1070=LINE('',#6215,#1529);
#1071=LINE('',#6217,#1530);
#1072=LINE('',#6218,#1531);
#1073=LINE('',#6220,#1532);
#1074=LINE('',#6221,#1533);
#1075=LINE('',#6239,#1534);
#1076=LINE('',#6245,#1535);
#1077=LINE('',#6264,#1536);
#1078=LINE('',#6267,#1537);
#1079=LINE('',#6269,#1538);
#1080=LINE('',#6270,#1539);
#1081=LINE('',#6273,#1540);
#1082=LINE('',#6275,#1541);
#1083=LINE('',#6276,#1542);
#1084=LINE('',#6295,#1543);
#1085=LINE('',#6314,#1544);
#1086=LINE('',#6325,#1545);
#1087=LINE('',#6344,#1546);
#1088=LINE('',#6363,#1547);
#1089=LINE('',#6374,#1548);
#1090=LINE('',#6401,#1549);
#1091=LINE('',#6420,#1550);
#1092=LINE('',#6423,#1551);
#1093=LINE('',#6425,#1552);
#1094=LINE('',#6426,#1553);
#1095=LINE('',#6429,#1554);
#1096=LINE('',#6431,#1555);
#1097=LINE('',#6432,#1556);
#1098=LINE('',#6451,#1557);
#1099=LINE('',#6470,#1558);
#1100=LINE('',#6489,#1559);
#1101=LINE('',#6523,#1560);
#1102=LINE('',#6529,#1561);
#1103=LINE('',#6548,#1562);
#1104=LINE('',#6551,#1563);
#1105=LINE('',#6553,#1564);
#1106=LINE('',#6554,#1565);
#1107=LINE('',#6557,#1566);
#1108=LINE('',#6559,#1567);
#1109=LINE('',#6560,#1568);
#1110=LINE('',#6579,#1569);
#1111=LINE('',#6598,#1570);
#1112=LINE('',#6617,#1571);
#1113=LINE('',#6636,#1572);
#1114=LINE('',#6655,#1573);
#1115=LINE('',#6674,#1574);
#1116=LINE('',#6693,#1575);
#1117=LINE('',#6712,#1576);
#1118=LINE('',#6731,#1577);
#1119=LINE('',#6750,#1578);
#1120=LINE('',#6777,#1579);
#1121=LINE('',#6796,#1580);
#1122=LINE('',#6815,#1581);
#1123=LINE('',#6834,#1582);
#1124=LINE('',#6845,#1583);
#1125=LINE('',#6864,#1584);
#1126=LINE('',#6883,#1585);
#1127=LINE('',#6894,#1586);
#1128=LINE('',#6913,#1587);
#1129=LINE('',#6932,#1588);
#1130=LINE('',#6951,#1589);
#1131=LINE('',#6970,#1590);
#1132=LINE('',#6973,#1591);
#1133=LINE('',#6975,#1592);
#1134=LINE('',#6976,#1593);
#1135=LINE('',#6979,#1594);
#1136=LINE('',#6981,#1595);
#1137=LINE('',#6982,#1596);
#1138=LINE('',#7001,#1597);
#1139=LINE('',#7020,#1598);
#1140=LINE('',#7039,#1599);
#1141=LINE('',#7058,#1600);
#1142=LINE('',#7077,#1601);
#1143=LINE('',#7104,#1602);
#1144=LINE('',#7123,#1603);
#1145=LINE('',#7142,#1604);
#1146=LINE('',#7161,#1605);
#1147=LINE('',#7172,#1606);
#1148=LINE('',#7191,#1607);
#1149=LINE('',#7210,#1608);
#1150=LINE('',#7229,#1609);
#1151=LINE('',#7248,#1610);
#1152=LINE('',#7267,#1611);
#1153=LINE('',#7281,#1612);
#1154=LINE('',#7283,#1613);
#1155=LINE('',#7285,#1614);
#1156=LINE('',#7286,#1615);
#1157=LINE('',#7289,#1616);
#1158=LINE('',#7291,#1617);
#1159=LINE('',#7292,#1618);
#1160=LINE('',#7294,#1619);
#1161=LINE('',#7295,#1620);
#1162=VECTOR('',#4480,10.);
#1163=VECTOR('',#4481,10.);
#1164=VECTOR('',#4482,10.);
#1165=VECTOR('',#4483,10.);
#1166=VECTOR('',#4486,10.);
#1167=VECTOR('',#4487,10.);
#1168=VECTOR('',#4488,10.);
#1169=VECTOR('',#4489,10.);
#1170=VECTOR('',#4492,10.);
#1171=VECTOR('',#4493,10.);
#1172=VECTOR('',#4494,10.);
#1173=VECTOR('',#4497,10.);
#1174=VECTOR('',#4498,10.);
#1175=VECTOR('',#4499,10.);
#1176=VECTOR('',#4502,10.);
#1177=VECTOR('',#4503,10.);
#1178=VECTOR('',#4504,10.);
#1179=VECTOR('',#4507,10.);
#1180=VECTOR('',#4508,10.);
#1181=VECTOR('',#4509,10.);
#1182=VECTOR('',#4510,10.);
#1183=VECTOR('',#4513,10.);
#1184=VECTOR('',#4514,10.);
#1185=VECTOR('',#4515,10.);
#1186=VECTOR('',#4518,10.);
#1187=VECTOR('',#4519,10.);
#1188=VECTOR('',#4520,10.);
#1189=VECTOR('',#4523,10.);
#1190=VECTOR('',#4524,10.);
#1191=VECTOR('',#4525,10.);
#1192=VECTOR('',#4528,10.);
#1193=VECTOR('',#4529,10.);
#1194=VECTOR('',#4530,10.);
#1195=VECTOR('',#4533,10.);
#1196=VECTOR('',#4534,10.);
#1197=VECTOR('',#4535,10.);
#1198=VECTOR('',#4538,10.);
#1199=VECTOR('',#4539,10.);
#1200=VECTOR('',#4540,10.);
#1201=VECTOR('',#4543,10.);
#1202=VECTOR('',#4544,10.);
#1203=VECTOR('',#4545,10.);
#1204=VECTOR('',#4548,10.);
#1205=VECTOR('',#4549,10.);
#1206=VECTOR('',#4550,10.);
#1207=VECTOR('',#4553,10.);
#1208=VECTOR('',#4554,10.);
#1209=VECTOR('',#4555,10.);
#1210=VECTOR('',#4558,10.);
#1211=VECTOR('',#4559,10.);
#1212=VECTOR('',#4560,10.);
#1213=VECTOR('',#4563,10.);
#1214=VECTOR('',#4564,10.);
#1215=VECTOR('',#4565,10.);
#1216=VECTOR('',#4568,10.);
#1217=VECTOR('',#4569,10.);
#1218=VECTOR('',#4570,10.);
#1219=VECTOR('',#4573,10.);
#1220=VECTOR('',#4574,10.);
#1221=VECTOR('',#4575,10.);
#1222=VECTOR('',#4576,10.);
#1223=VECTOR('',#4579,10.);
#1224=VECTOR('',#4580,10.);
#1225=VECTOR('',#4581,10.);
#1226=VECTOR('',#4584,10.);
#1227=VECTOR('',#4585,10.);
#1228=VECTOR('',#4586,10.);
#1229=VECTOR('',#4589,10.);
#1230=VECTOR('',#4590,10.);
#1231=VECTOR('',#4591,10.);
#1232=VECTOR('',#4594,10.);
#1233=VECTOR('',#4595,10.);
#1234=VECTOR('',#4596,10.);
#1235=VECTOR('',#4597,10.);
#1236=VECTOR('',#4616,10.);
#1237=VECTOR('',#4619,10.);
#1238=VECTOR('',#4622,1000.);
#1239=VECTOR('',#4623,1000.);
#1240=VECTOR('',#4626,1000.);
#1241=VECTOR('',#4627,1000.);
#1242=VECTOR('',#4630,1000.);
#1243=VECTOR('',#4631,1000.);
#1244=VECTOR('',#4634,10.);
#1245=VECTOR('',#4635,1000.);
#1246=VECTOR('',#4638,10.);
#1247=VECTOR('',#4643,1000.);
#1248=VECTOR('',#4644,1000.);
#1249=VECTOR('',#4647,1000.);
#1250=VECTOR('',#4648,1000.);
#1251=VECTOR('',#4651,1000.);
#1252=VECTOR('',#4652,1000.);
#1253=VECTOR('',#4655,10.);
#1254=VECTOR('',#4656,10.);
#1255=VECTOR('',#4657,10.);
#1256=VECTOR('',#4658,10.);
#1257=VECTOR('',#4659,10.);
#1258=VECTOR('',#4660,10.);
#1259=VECTOR('',#4663,10.);
#1260=VECTOR('',#4664,10.);
#1261=VECTOR('',#4667,1000.);
#1262=VECTOR('',#4668,10.);
#1263=VECTOR('',#4669,10.);
#1264=VECTOR('',#4670,10.);
#1265=VECTOR('',#4671,10.);
#1266=VECTOR('',#4672,10.);
#1267=VECTOR('',#4675,1000.);
#1268=VECTOR('',#4676,1000.);
#1269=VECTOR('',#4679,10.);
#1270=VECTOR('',#4680,10.);
#1271=VECTOR('',#4681,10.);
#1272=VECTOR('',#4682,10.);
#1273=VECTOR('',#4683,10.);
#1274=VECTOR('',#4684,10.);
#1275=VECTOR('',#4687,10.);
#1276=VECTOR('',#4688,10.);
#1277=VECTOR('',#4691,1000.);
#1278=VECTOR('',#4692,10.);
#1279=VECTOR('',#4693,10.);
#1280=VECTOR('',#4694,10.);
#1281=VECTOR('',#4695,10.);
#1282=VECTOR('',#4696,10.);
#1283=VECTOR('',#4699,1000.);
#1284=VECTOR('',#4700,1000.);
#1285=VECTOR('',#4703,1000.);
#1286=VECTOR('',#4704,1000.);
#1287=VECTOR('',#4707,10.);
#1288=VECTOR('',#4708,1000.);
#1289=VECTOR('',#4711,10.);
#1290=VECTOR('',#4716,1000.);
#1291=VECTOR('',#4717,1000.);
#1292=VECTOR('',#4720,1000.);
#1293=VECTOR('',#4721,1000.);
#1294=VECTOR('',#4724,1000.);
#1295=VECTOR('',#4725,1000.);
#1296=VECTOR('',#4728,10.);
#1297=VECTOR('',#4729,1000.);
#1298=VECTOR('',#4732,10.);
#1299=VECTOR('',#4737,1000.);
#1300=VECTOR('',#4738,1000.);
#1301=VECTOR('',#4741,10.);
#1302=VECTOR('',#4742,10.);
#1303=VECTOR('',#4743,10.);
#1304=VECTOR('',#4744,10.);
#1305=VECTOR('',#4745,10.);
#1306=VECTOR('',#4748,10.);
#1307=VECTOR('',#4749,10.);
#1308=VECTOR('',#4750,10.);
#1309=VECTOR('',#4753,10.);
#1310=VECTOR('',#4754,10.);
#1311=VECTOR('',#4757,10.);
#1312=VECTOR('',#4758,10.);
#1313=VECTOR('',#4761,10.);
#1314=VECTOR('',#4762,1000.);
#1315=VECTOR('',#4763,1000.);
#1316=VECTOR('',#4764,1000.);
#1317=VECTOR('',#4765,1000.);
#1318=VECTOR('',#4768,1000.);
#1319=VECTOR('',#4769,10.);
#1320=VECTOR('',#4770,10.);
#1321=VECTOR('',#4771,10.);
#1322=VECTOR('',#4772,10.);
#1323=VECTOR('',#4773,10.);
#1324=VECTOR('',#4774,1000.);
#1325=VECTOR('',#4775,10.);
#1326=VECTOR('',#4776,10.);
#1327=VECTOR('',#4777,1000.);
#1328=VECTOR('',#4778,1000.);
#1329=VECTOR('',#4779,1000.);
#1330=VECTOR('',#4780,1000.);
#1331=VECTOR('',#4783,10.);
#1332=VECTOR('',#4784,10.);
#1333=VECTOR('',#4785,10.);
#1334=VECTOR('',#4788,10.);
#1335=VECTOR('',#4789,10.);
#1336=VECTOR('',#4790,10.);
#1337=VECTOR('',#4793,10.);
#1338=VECTOR('',#4794,10.);
#1339=VECTOR('',#4795,10.);
#1340=VECTOR('',#4798,10.);
#1341=VECTOR('',#4801,10.);
#1342=VECTOR('',#4802,10.);
#1343=VECTOR('',#4803,1000.);
#1344=VECTOR('',#4804,10.);
#1345=VECTOR('',#4805,1000.);
#1346=VECTOR('',#4808,10.);
#1347=VECTOR('',#4809,10.);
#1348=VECTOR('',#4810,10.);
#1349=VECTOR('',#4811,10.);
#1350=VECTOR('',#4814,10.);
#1351=VECTOR('',#4815,10.);
#1352=VECTOR('',#4816,10.);
#1353=VECTOR('',#4819,10.);
#1354=VECTOR('',#4820,10.);
#1355=VECTOR('',#4821,10.);
#1356=VECTOR('',#4824,10.);
#1357=VECTOR('',#4825,10.);
#1358=VECTOR('',#4826,10.);
#1359=VECTOR('',#4827,10.);
#1360=VECTOR('',#4830,10.);
#1361=VECTOR('',#4831,10.);
#1362=VECTOR('',#4832,10.);
#1363=VECTOR('',#4835,10.);
#1364=VECTOR('',#4836,10.);
#1365=VECTOR('',#4837,10.);
#1366=VECTOR('',#4840,10.);
#1367=VECTOR('',#4841,10.);
#1368=VECTOR('',#4842,10.);
#1369=VECTOR('',#4843,10.);
#1370=VECTOR('',#4846,10.);
#1371=VECTOR('',#4847,10.);
#1372=VECTOR('',#4848,10.);
#1373=VECTOR('',#4851,10.);
#1374=VECTOR('',#4852,10.);
#1375=VECTOR('',#4853,10.);
#1376=VECTOR('',#4856,10.);
#1377=VECTOR('',#4857,10.);
#1378=VECTOR('',#4858,10.);
#1379=VECTOR('',#4861,10.);
#1380=VECTOR('',#4862,10.);
#1381=VECTOR('',#4863,10.);
#1382=VECTOR('',#4866,10.);
#1383=VECTOR('',#4867,10.);
#1384=VECTOR('',#4868,10.);
#1385=VECTOR('',#4871,10.);
#1386=VECTOR('',#4872,10.);
#1387=VECTOR('',#4873,1000.);
#1388=VECTOR('',#4874,10.);
#1389=VECTOR('',#4875,10.);
#1390=VECTOR('',#4876,10.);
#1391=VECTOR('',#4877,10.);
#1392=VECTOR('',#4880,10.);
#1393=VECTOR('',#4881,10.);
#1394=VECTOR('',#4886,10.);
#1395=VECTOR('',#4887,10.);
#1396=VECTOR('',#4888,10.);
#1397=VECTOR('',#4891,10.);
#1398=VECTOR('',#4892,10.);
#1399=VECTOR('',#4897,10.);
#1400=VECTOR('',#4900,10.);
#1401=VECTOR('',#4901,10.);
#1402=VECTOR('',#4904,10.);
#1403=VECTOR('',#4909,10.);
#1404=VECTOR('',#4912,10.);
#1405=VECTOR('',#4915,1000.);
#1406=VECTOR('',#4916,1000.);
#1407=VECTOR('',#4917,1000.);
#1408=VECTOR('',#4918,1000.);
#1409=VECTOR('',#4919,1000.);
#1410=VECTOR('',#4922,1000.);
#1411=VECTOR('',#4925,1000.);
#1412=VECTOR('',#4928,1000.);
#1413=VECTOR('',#4929,1000.);
#1414=VECTOR('',#4930,10.);
#1415=VECTOR('',#4941,10.);
#1416=VECTOR('',#4942,10.);
#1417=VECTOR('',#4943,10.);
#1418=VECTOR('',#4944,10.);
#1419=VECTOR('',#4947,10.);
#1420=VECTOR('',#4948,10.);
#1421=VECTOR('',#4949,10.);
#1422=VECTOR('',#4952,10.);
#1423=VECTOR('',#4953,10.);
#1424=VECTOR('',#4954,10.);
#1425=VECTOR('',#4955,10.);
#1426=VECTOR('',#4958,10.);
#1427=VECTOR('',#4959,10.);
#1428=VECTOR('',#4960,10.);
#1429=VECTOR('',#4963,10.);
#1430=VECTOR('',#4964,10.);
#1431=VECTOR('',#4965,10.);
#1432=VECTOR('',#4968,10.);
#1433=VECTOR('',#4975,10.);
#1434=VECTOR('',#4976,10.);
#1435=VECTOR('',#4977,10.);
#1436=VECTOR('',#4978,10.);
#1437=VECTOR('',#4981,10.);
#1438=VECTOR('',#4982,10.);
#1439=VECTOR('',#4983,10.);
#1440=VECTOR('',#4986,10.);
#1441=VECTOR('',#4987,10.);
#1442=VECTOR('',#4988,10.);
#1443=VECTOR('',#4989,10.);
#1444=VECTOR('',#4992,10.);
#1445=VECTOR('',#4993,10.);
#1446=VECTOR('',#4994,10.);
#1447=VECTOR('',#4997,10.);
#1448=VECTOR('',#4998,10.);
#1449=VECTOR('',#5001,10.);
#1450=VECTOR('',#5002,10.);
#1451=VECTOR('',#5009,10.);
#1452=VECTOR('',#5010,10.);
#1453=VECTOR('',#5011,10.);
#1454=VECTOR('',#5012,10.);
#1455=VECTOR('',#5015,10.);
#1456=VECTOR('',#5016,10.);
#1457=VECTOR('',#5017,10.);
#1458=VECTOR('',#5020,10.);
#1459=VECTOR('',#5021,10.);
#1460=VECTOR('',#5022,10.);
#1461=VECTOR('',#5025,10.);
#1462=VECTOR('',#5026,10.);
#1463=VECTOR('',#5027,10.);
#1464=VECTOR('',#5030,10.);
#1465=VECTOR('',#5031,10.);
#1466=VECTOR('',#5032,10.);
#1467=VECTOR('',#5035,10.);
#1468=VECTOR('',#5036,10.);
#1469=VECTOR('',#5045,10.);
#1470=VECTOR('',#5046,10.);
#1471=VECTOR('',#5047,10.);
#1472=VECTOR('',#5048,10.);
#1473=VECTOR('',#5051,10.);
#1474=VECTOR('',#5052,10.);
#1475=VECTOR('',#5053,10.);
#1476=VECTOR('',#5056,10.);
#1477=VECTOR('',#5057,10.);
#1478=VECTOR('',#5058,10.);
#1479=VECTOR('',#5059,10.);
#1480=VECTOR('',#5062,10.);
#1481=VECTOR('',#5063,10.);
#1482=VECTOR('',#5066,10.);
#1483=VECTOR('',#5067,10.);
#1484=VECTOR('',#5070,10.);
#1485=VECTOR('',#5071,10.);
#1486=VECTOR('',#5074,10.);
#1487=VECTOR('',#5079,10.);
#1488=VECTOR('',#5080,10.);
#1489=VECTOR('',#5081,10.);
#1490=VECTOR('',#5082,10.);
#1491=VECTOR('',#5085,10.);
#1492=VECTOR('',#5086,10.);
#1493=VECTOR('',#5087,10.);
#1494=VECTOR('',#5090,10.);
#1495=VECTOR('',#5091,10.);
#1496=VECTOR('',#5092,10.);
#1497=VECTOR('',#5093,10.);
#1498=VECTOR('',#5096,10.);
#1499=VECTOR('',#5097,10.);
#1500=VECTOR('',#5098,10.);
#1501=VECTOR('',#5101,10.);
#1502=VECTOR('',#5102,10.);
#1503=VECTOR('',#5105,10.);
#1504=VECTOR('',#5106,10.);
#1505=VECTOR('',#5113,10.);
#1506=VECTOR('',#5114,10.);
#1507=VECTOR('',#5115,10.);
#1508=VECTOR('',#5116,10.);
#1509=VECTOR('',#5117,10.);
#1510=VECTOR('',#5120,10.);
#1511=VECTOR('',#5121,10.);
#1512=VECTOR('',#5122,10.);
#1513=VECTOR('',#5125,10.);
#1514=VECTOR('',#5126,10.);
#1515=VECTOR('',#5127,10.);
#1516=VECTOR('',#5130,10.);
#1517=VECTOR('',#5131,10.);
#1518=VECTOR('',#5132,10.);
#1519=VECTOR('',#5135,10.);
#1520=VECTOR('',#5136,10.);
#1521=VECTOR('',#5137,10.);
#1522=VECTOR('',#5138,10.);
#1523=VECTOR('',#5139,10.);
#1524=VECTOR('',#5140,10.);
#1525=VECTOR('',#5141,10.);
#1526=VECTOR('',#5144,10.);
#1527=VECTOR('',#5145,10.);
#1528=VECTOR('',#5146,10.);
#1529=VECTOR('',#5149,10.);
#1530=VECTOR('',#5150,10.);
#1531=VECTOR('',#5151,10.);
#1532=VECTOR('',#5154,10.);
#1533=VECTOR('',#5155,10.);
#1534=VECTOR('',#5160,10.);
#1535=VECTOR('',#5161,10.);
#1536=VECTOR('',#5162,10.);
#1537=VECTOR('',#5165,10.);
#1538=VECTOR('',#5166,10.);
#1539=VECTOR('',#5167,10.);
#1540=VECTOR('',#5170,10.);
#1541=VECTOR('',#5171,10.);
#1542=VECTOR('',#5172,10.);
#1543=VECTOR('',#5173,10.);
#1544=VECTOR('',#5174,10.);
#1545=VECTOR('',#5179,10.);
#1546=VECTOR('',#5180,10.);
#1547=VECTOR('',#5181,10.);
#1548=VECTOR('',#5186,10.);
#1549=VECTOR('',#5187,10.);
#1550=VECTOR('',#5188,10.);
#1551=VECTOR('',#5191,10.);
#1552=VECTOR('',#5192,10.);
#1553=VECTOR('',#5193,10.);
#1554=VECTOR('',#5196,10.);
#1555=VECTOR('',#5197,10.);
#1556=VECTOR('',#5198,10.);
#1557=VECTOR('',#5199,10.);
#1558=VECTOR('',#5200,10.);
#1559=VECTOR('',#5201,10.);
#1560=VECTOR('',#5206,10.);
#1561=VECTOR('',#5207,10.);
#1562=VECTOR('',#5208,10.);
#1563=VECTOR('',#5211,10.);
#1564=VECTOR('',#5212,10.);
#1565=VECTOR('',#5213,10.);
#1566=VECTOR('',#5216,10.);
#1567=VECTOR('',#5217,10.);
#1568=VECTOR('',#5218,10.);
#1569=VECTOR('',#5219,10.);
#1570=VECTOR('',#5220,10.);
#1571=VECTOR('',#5221,10.);
#1572=VECTOR('',#5222,10.);
#1573=VECTOR('',#5223,10.);
#1574=VECTOR('',#5224,10.);
#1575=VECTOR('',#5225,10.);
#1576=VECTOR('',#5226,10.);
#1577=VECTOR('',#5227,10.);
#1578=VECTOR('',#5228,10.);
#1579=VECTOR('',#5229,10.);
#1580=VECTOR('',#5230,10.);
#1581=VECTOR('',#5231,10.);
#1582=VECTOR('',#5232,10.);
#1583=VECTOR('',#5237,10.);
#1584=VECTOR('',#5238,10.);
#1585=VECTOR('',#5239,10.);
#1586=VECTOR('',#5244,10.);
#1587=VECTOR('',#5245,10.);
#1588=VECTOR('',#5246,10.);
#1589=VECTOR('',#5247,10.);
#1590=VECTOR('',#5248,10.);
#1591=VECTOR('',#5251,10.);
#1592=VECTOR('',#5252,10.);
#1593=VECTOR('',#5253,10.);
#1594=VECTOR('',#5256,10.);
#1595=VECTOR('',#5257,10.);
#1596=VECTOR('',#5258,10.);
#1597=VECTOR('',#5259,10.);
#1598=VECTOR('',#5260,10.);
#1599=VECTOR('',#5261,10.);
#1600=VECTOR('',#5262,10.);
#1601=VECTOR('',#5263,10.);
#1602=VECTOR('',#5264,10.);
#1603=VECTOR('',#5265,10.);
#1604=VECTOR('',#5266,10.);
#1605=VECTOR('',#5267,10.);
#1606=VECTOR('',#5272,10.);
#1607=VECTOR('',#5273,10.);
#1608=VECTOR('',#5274,10.);
#1609=VECTOR('',#5275,10.);
#1610=VECTOR('',#5276,10.);
#1611=VECTOR('',#5277,10.);
#1612=VECTOR('',#5288,10.);
#1613=VECTOR('',#5289,10.);
#1614=VECTOR('',#5290,10.);
#1615=VECTOR('',#5291,10.);
#1616=VECTOR('',#5294,10.);
#1617=VECTOR('',#5295,10.);
#1618=VECTOR('',#5296,10.);
#1619=VECTOR('',#5299,10.);
#1620=VECTOR('',#5300,10.);
#1621=VERTEX_POINT('',#5316);
#1622=VERTEX_POINT('',#5317);
#1623=VERTEX_POINT('',#5319);
#1624=VERTEX_POINT('',#5321);
#1625=VERTEX_POINT('',#5325);
#1626=VERTEX_POINT('',#5326);
#1627=VERTEX_POINT('',#5328);
#1628=VERTEX_POINT('',#5330);
#1629=VERTEX_POINT('',#5334);
#1630=VERTEX_POINT('',#5336);
#1631=VERTEX_POINT('',#5340);
#1632=VERTEX_POINT('',#5342);
#1633=VERTEX_POINT('',#5346);
#1634=VERTEX_POINT('',#5351);
#1635=VERTEX_POINT('',#5352);
#1636=VERTEX_POINT('',#5354);
#1637=VERTEX_POINT('',#5356);
#1638=VERTEX_POINT('',#5360);
#1639=VERTEX_POINT('',#5362);
#1640=VERTEX_POINT('',#5366);
#1641=VERTEX_POINT('',#5368);
#1642=VERTEX_POINT('',#5372);
#1643=VERTEX_POINT('',#5374);
#1644=VERTEX_POINT('',#5378);
#1645=VERTEX_POINT('',#5380);
#1646=VERTEX_POINT('',#5384);
#1647=VERTEX_POINT('',#5386);
#1648=VERTEX_POINT('',#5390);
#1649=VERTEX_POINT('',#5392);
#1650=VERTEX_POINT('',#5396);
#1651=VERTEX_POINT('',#5398);
#1652=VERTEX_POINT('',#5402);
#1653=VERTEX_POINT('',#5404);
#1654=VERTEX_POINT('',#5408);
#1655=VERTEX_POINT('',#5410);
#1656=VERTEX_POINT('',#5414);
#1657=VERTEX_POINT('',#5416);
#1658=VERTEX_POINT('',#5420);
#1659=VERTEX_POINT('',#5422);
#1660=VERTEX_POINT('',#5426);
#1661=VERTEX_POINT('',#5431);
#1662=VERTEX_POINT('',#5432);
#1663=VERTEX_POINT('',#5434);
#1664=VERTEX_POINT('',#5436);
#1665=VERTEX_POINT('',#5440);
#1666=VERTEX_POINT('',#5442);
#1667=VERTEX_POINT('',#5446);
#1668=VERTEX_POINT('',#5448);
#1669=VERTEX_POINT('',#5452);
#1670=VERTEX_POINT('',#5457);
#1671=VERTEX_POINT('',#5458);
#1672=VERTEX_POINT('',#5460);
#1673=VERTEX_POINT('',#5473);
#1674=VERTEX_POINT('',#5475);
#1675=VERTEX_POINT('',#5479);
#1676=VERTEX_POINT('',#5483);
#1677=VERTEX_POINT('',#5487);
#1678=VERTEX_POINT('',#5491);
#1679=VERTEX_POINT('',#5495);
#1680=VERTEX_POINT('',#5499);
#1681=VERTEX_POINT('',#5503);
#1682=VERTEX_POINT('',#5507);
#1683=VERTEX_POINT('',#5511);
#1684=VERTEX_POINT('',#5513);
#1685=VERTEX_POINT('',#5515);
#1686=VERTEX_POINT('',#5517);
#1687=VERTEX_POINT('',#5519);
#1688=VERTEX_POINT('',#5523);
#1689=VERTEX_POINT('',#5527);
#1690=VERTEX_POINT('',#5529);
#1691=VERTEX_POINT('',#5531);
#1692=VERTEX_POINT('',#5533);
#1693=VERTEX_POINT('',#5535);
#1694=VERTEX_POINT('',#5539);
#1695=VERTEX_POINT('',#5543);
#1696=VERTEX_POINT('',#5545);
#1697=VERTEX_POINT('',#5547);
#1698=VERTEX_POINT('',#5549);
#1699=VERTEX_POINT('',#5551);
#1700=VERTEX_POINT('',#5555);
#1701=VERTEX_POINT('',#5559);
#1702=VERTEX_POINT('',#5561);
#1703=VERTEX_POINT('',#5563);
#1704=VERTEX_POINT('',#5565);
#1705=VERTEX_POINT('',#5567);
#1706=VERTEX_POINT('',#5571);
#1707=VERTEX_POINT('',#5575);
#1708=VERTEX_POINT('',#5579);
#1709=VERTEX_POINT('',#5583);
#1710=VERTEX_POINT('',#5587);
#1711=VERTEX_POINT('',#5591);
#1712=VERTEX_POINT('',#5595);
#1713=VERTEX_POINT('',#5599);
#1714=VERTEX_POINT('',#5603);
#1715=VERTEX_POINT('',#5607);
#1716=VERTEX_POINT('',#5611);
#1717=VERTEX_POINT('',#5612);
#1718=VERTEX_POINT('',#5614);
#1719=VERTEX_POINT('',#5616);
#1720=VERTEX_POINT('',#5618);
#1721=VERTEX_POINT('',#5622);
#1722=VERTEX_POINT('',#5624);
#1723=VERTEX_POINT('',#5628);
#1724=VERTEX_POINT('',#5632);
#1725=VERTEX_POINT('',#5636);
#1726=VERTEX_POINT('',#5639);
#1727=VERTEX_POINT('',#5641);
#1728=VERTEX_POINT('',#5645);
#1729=VERTEX_POINT('',#5651);
#1730=VERTEX_POINT('',#5653);
#1731=VERTEX_POINT('',#5655);
#1732=VERTEX_POINT('',#5657);
#1733=VERTEX_POINT('',#5659);
#1734=VERTEX_POINT('',#5661);
#1735=VERTEX_POINT('',#5663);
#1736=VERTEX_POINT('',#5667);
#1737=VERTEX_POINT('',#5669);
#1738=VERTEX_POINT('',#5673);
#1739=VERTEX_POINT('',#5675);
#1740=VERTEX_POINT('',#5679);
#1741=VERTEX_POINT('',#5680);
#1742=VERTEX_POINT('',#5687);
#1743=VERTEX_POINT('',#5689);
#1744=VERTEX_POINT('',#5691);
#1745=VERTEX_POINT('',#5693);
#1746=VERTEX_POINT('',#5697);
#1747=VERTEX_POINT('',#5698);
#1748=VERTEX_POINT('',#5700);
#1749=VERTEX_POINT('',#5702);
#1750=VERTEX_POINT('',#5706);
#1751=VERTEX_POINT('',#5708);
#1752=VERTEX_POINT('',#5712);
#1753=VERTEX_POINT('',#5714);
#1754=VERTEX_POINT('',#5718);
#1755=VERTEX_POINT('',#5719);
#1756=VERTEX_POINT('',#5721);
#1757=VERTEX_POINT('',#5723);
#1758=VERTEX_POINT('',#5727);
#1759=VERTEX_POINT('',#5729);
#1760=VERTEX_POINT('',#5733);
#1761=VERTEX_POINT('',#5735);
#1762=VERTEX_POINT('',#5739);
#1763=VERTEX_POINT('',#5740);
#1764=VERTEX_POINT('',#5742);
#1765=VERTEX_POINT('',#5744);
#1766=VERTEX_POINT('',#5748);
#1767=VERTEX_POINT('',#5750);
#1768=VERTEX_POINT('',#5754);
#1769=VERTEX_POINT('',#5756);
#1770=VERTEX_POINT('',#5764);
#1771=VERTEX_POINT('',#5766);
#1772=VERTEX_POINT('',#5774);
#1773=VERTEX_POINT('',#5776);
#1774=VERTEX_POINT('',#5778);
#1775=VERTEX_POINT('',#5781);
#1776=VERTEX_POINT('',#5783);
#1777=VERTEX_POINT('',#5787);
#1778=VERTEX_POINT('',#5792);
#1779=VERTEX_POINT('',#5794);
#1780=VERTEX_POINT('',#5804);
#1781=VERTEX_POINT('',#5815);
#1782=VERTEX_POINT('',#5817);
#1783=VERTEX_POINT('',#5819);
#1784=VERTEX_POINT('',#5821);
#1785=VERTEX_POINT('',#5837);
#1786=VERTEX_POINT('',#5838);
#1787=VERTEX_POINT('',#5840);
#1788=VERTEX_POINT('',#5842);
#1789=VERTEX_POINT('',#5846);
#1790=VERTEX_POINT('',#5848);
#1791=VERTEX_POINT('',#5852);
#1792=VERTEX_POINT('',#5853);
#1793=VERTEX_POINT('',#5855);
#1794=VERTEX_POINT('',#5860);
#1795=VERTEX_POINT('',#5861);
#1796=VERTEX_POINT('',#5866);
#1797=VERTEX_POINT('',#5875);
#1798=VERTEX_POINT('',#5876);
#1799=VERTEX_POINT('',#5878);
#1800=VERTEX_POINT('',#5880);
#1801=VERTEX_POINT('',#5884);
#1802=VERTEX_POINT('',#5886);
#1803=VERTEX_POINT('',#5890);
#1804=VERTEX_POINT('',#5891);
#1805=VERTEX_POINT('',#5893);
#1806=VERTEX_POINT('',#5895);
#1807=VERTEX_POINT('',#5899);
#1808=VERTEX_POINT('',#5904);
#1809=VERTEX_POINT('',#5913);
#1810=VERTEX_POINT('',#5914);
#1811=VERTEX_POINT('',#5916);
#1812=VERTEX_POINT('',#5918);
#1813=VERTEX_POINT('',#5922);
#1814=VERTEX_POINT('',#5924);
#1815=VERTEX_POINT('',#5928);
#1816=VERTEX_POINT('',#5930);
#1817=VERTEX_POINT('',#5934);
#1818=VERTEX_POINT('',#5935);
#1819=VERTEX_POINT('',#5940);
#1820=VERTEX_POINT('',#5941);
#1821=VERTEX_POINT('',#5952);
#1822=VERTEX_POINT('',#5953);
#1823=VERTEX_POINT('',#5955);
#1824=VERTEX_POINT('',#5957);
#1825=VERTEX_POINT('',#5961);
#1826=VERTEX_POINT('',#5963);
#1827=VERTEX_POINT('',#5967);
#1828=VERTEX_POINT('',#5969);
#1829=VERTEX_POINT('',#5971);
#1830=VERTEX_POINT('',#5975);
#1831=VERTEX_POINT('',#5979);
#1832=VERTEX_POINT('',#5983);
#1833=VERTEX_POINT('',#5990);
#1834=VERTEX_POINT('',#5991);
#1835=VERTEX_POINT('',#5993);
#1836=VERTEX_POINT('',#5995);
#1837=VERTEX_POINT('',#5999);
#1838=VERTEX_POINT('',#6001);
#1839=VERTEX_POINT('',#6005);
#1840=VERTEX_POINT('',#6007);
#1841=VERTEX_POINT('',#6009);
#1842=VERTEX_POINT('',#6013);
#1843=VERTEX_POINT('',#6014);
#1844=VERTEX_POINT('',#6019);
#1845=VERTEX_POINT('',#6036);
#1846=VERTEX_POINT('',#6037);
#1847=VERTEX_POINT('',#6042);
#1848=VERTEX_POINT('',#6044);
#1849=VERTEX_POINT('',#6058);
#1850=VERTEX_POINT('',#6063);
#1851=VERTEX_POINT('',#6077);
#1852=VERTEX_POINT('',#6082);
#1853=VERTEX_POINT('',#6096);
#1854=VERTEX_POINT('',#6101);
#1855=VERTEX_POINT('',#6108);
#1856=VERTEX_POINT('',#6110);
#1857=VERTEX_POINT('',#6114);
#1858=VERTEX_POINT('',#6116);
#1859=VERTEX_POINT('',#6120);
#1860=VERTEX_POINT('',#6122);
#1861=VERTEX_POINT('',#6126);
#1862=VERTEX_POINT('',#6128);
#1863=VERTEX_POINT('',#6139);
#1864=VERTEX_POINT('',#6144);
#1865=VERTEX_POINT('',#6158);
#1866=VERTEX_POINT('',#6163);
#1867=VERTEX_POINT('',#6177);
#1868=VERTEX_POINT('',#6182);
#1869=VERTEX_POINT('',#6196);
#1870=VERTEX_POINT('',#6201);
#1871=VERTEX_POINT('',#6208);
#1872=VERTEX_POINT('',#6210);
#1873=VERTEX_POINT('',#6214);
#1874=VERTEX_POINT('',#6216);
#1875=VERTEX_POINT('',#6232);
#1876=VERTEX_POINT('',#6233);
#1877=VERTEX_POINT('',#6238);
#1878=VERTEX_POINT('',#6240);
#1879=VERTEX_POINT('',#6254);
#1880=VERTEX_POINT('',#6259);
#1881=VERTEX_POINT('',#6266);
#1882=VERTEX_POINT('',#6268);
#1883=VERTEX_POINT('',#6272);
#1884=VERTEX_POINT('',#6274);
#1885=VERTEX_POINT('',#6285);
#1886=VERTEX_POINT('',#6290);
#1887=VERTEX_POINT('',#6304);
#1888=VERTEX_POINT('',#6309);
#1889=VERTEX_POINT('',#6321);
#1890=VERTEX_POINT('',#6323);
#1891=VERTEX_POINT('',#6334);
#1892=VERTEX_POINT('',#6339);
#1893=VERTEX_POINT('',#6353);
#1894=VERTEX_POINT('',#6358);
#1895=VERTEX_POINT('',#6370);
#1896=VERTEX_POINT('',#6372);
#1897=VERTEX_POINT('',#6387);
#1898=VERTEX_POINT('',#6394);
#1899=VERTEX_POINT('',#6410);
#1900=VERTEX_POINT('',#6415);
#1901=VERTEX_POINT('',#6422);
#1902=VERTEX_POINT('',#6424);
#1903=VERTEX_POINT('',#6428);
#1904=VERTEX_POINT('',#6430);
#1905=VERTEX_POINT('',#6441);
#1906=VERTEX_POINT('',#6446);
#1907=VERTEX_POINT('',#6460);
#1908=VERTEX_POINT('',#6465);
#1909=VERTEX_POINT('',#6479);
#1910=VERTEX_POINT('',#6484);
#1911=VERTEX_POINT('',#6516);
#1912=VERTEX_POINT('',#6517);
#1913=VERTEX_POINT('',#6522);
#1914=VERTEX_POINT('',#6524);
#1915=VERTEX_POINT('',#6538);
#1916=VERTEX_POINT('',#6543);
#1917=VERTEX_POINT('',#6550);
#1918=VERTEX_POINT('',#6552);
#1919=VERTEX_POINT('',#6556);
#1920=VERTEX_POINT('',#6558);
#1921=VERTEX_POINT('',#6569);
#1922=VERTEX_POINT('',#6574);
#1923=VERTEX_POINT('',#6588);
#1924=VERTEX_POINT('',#6593);
#1925=VERTEX_POINT('',#6607);
#1926=VERTEX_POINT('',#6612);
#1927=VERTEX_POINT('',#6626);
#1928=VERTEX_POINT('',#6631);
#1929=VERTEX_POINT('',#6645);
#1930=VERTEX_POINT('',#6650);
#1931=VERTEX_POINT('',#6664);
#1932=VERTEX_POINT('',#6669);
#1933=VERTEX_POINT('',#6683);
#1934=VERTEX_POINT('',#6688);
#1935=VERTEX_POINT('',#6702);
#1936=VERTEX_POINT('',#6707);
#1937=VERTEX_POINT('',#6721);
#1938=VERTEX_POINT('',#6726);
#1939=VERTEX_POINT('',#6740);
#1940=VERTEX_POINT('',#6745);
#1941=VERTEX_POINT('',#6763);
#1942=VERTEX_POINT('',#6770);
#1943=VERTEX_POINT('',#6786);
#1944=VERTEX_POINT('',#6791);
#1945=VERTEX_POINT('',#6805);
#1946=VERTEX_POINT('',#6810);
#1947=VERTEX_POINT('',#6824);
#1948=VERTEX_POINT('',#6829);
#1949=VERTEX_POINT('',#6841);
#1950=VERTEX_POINT('',#6843);
#1951=VERTEX_POINT('',#6854);
#1952=VERTEX_POINT('',#6859);
#1953=VERTEX_POINT('',#6873);
#1954=VERTEX_POINT('',#6878);
#1955=VERTEX_POINT('',#6890);
#1956=VERTEX_POINT('',#6892);
#1957=VERTEX_POINT('',#6903);
#1958=VERTEX_POINT('',#6908);
#1959=VERTEX_POINT('',#6922);
#1960=VERTEX_POINT('',#6927);
#1961=VERTEX_POINT('',#6941);
#1962=VERTEX_POINT('',#6946);
#1963=VERTEX_POINT('',#6960);
#1964=VERTEX_POINT('',#6965);
#1965=VERTEX_POINT('',#6972);
#1966=VERTEX_POINT('',#6974);
#1967=VERTEX_POINT('',#6978);
#1968=VERTEX_POINT('',#6980);
#1969=VERTEX_POINT('',#6991);
#1970=VERTEX_POINT('',#6996);
#1971=VERTEX_POINT('',#7010);
#1972=VERTEX_POINT('',#7015);
#1973=VERTEX_POINT('',#7029);
#1974=VERTEX_POINT('',#7034);
#1975=VERTEX_POINT('',#7048);
#1976=VERTEX_POINT('',#7053);
#1977=VERTEX_POINT('',#7067);
#1978=VERTEX_POINT('',#7072);
#1979=VERTEX_POINT('',#7090);
#1980=VERTEX_POINT('',#7097);
#1981=VERTEX_POINT('',#7113);
#1982=VERTEX_POINT('',#7118);
#1983=VERTEX_POINT('',#7132);
#1984=VERTEX_POINT('',#7137);
#1985=VERTEX_POINT('',#7151);
#1986=VERTEX_POINT('',#7156);
#1987=VERTEX_POINT('',#7168);
#1988=VERTEX_POINT('',#7170);
#1989=VERTEX_POINT('',#7181);
#1990=VERTEX_POINT('',#7186);
#1991=VERTEX_POINT('',#7200);
#1992=VERTEX_POINT('',#7205);
#1993=VERTEX_POINT('',#7219);
#1994=VERTEX_POINT('',#7224);
#1995=VERTEX_POINT('',#7238);
#1996=VERTEX_POINT('',#7243);
#1997=VERTEX_POINT('',#7257);
#1998=VERTEX_POINT('',#7262);
#1999=VERTEX_POINT('',#7279);
#2000=VERTEX_POINT('',#7280);
#2001=VERTEX_POINT('',#7282);
#2002=VERTEX_POINT('',#7284);
#2003=VERTEX_POINT('',#7288);
#2004=VERTEX_POINT('',#7290);
#2005=EDGE_CURVE('',#1621,#1622,#703,.T.);
#2006=EDGE_CURVE('',#1622,#1623,#704,.T.);
#2007=EDGE_CURVE('',#1623,#1624,#705,.T.);
#2008=EDGE_CURVE('',#1624,#1621,#706,.T.);
#2009=EDGE_CURVE('',#1625,#1626,#707,.T.);
#2010=EDGE_CURVE('',#1626,#1627,#708,.T.);
#2011=EDGE_CURVE('',#1627,#1628,#709,.T.);
#2012=EDGE_CURVE('',#1628,#1625,#710,.T.);
#2013=EDGE_CURVE('',#1629,#1625,#711,.T.);
#2014=EDGE_CURVE('',#1628,#1630,#712,.T.);
#2015=EDGE_CURVE('',#1630,#1629,#713,.T.);
#2016=EDGE_CURVE('',#1631,#1629,#714,.T.);
#2017=EDGE_CURVE('',#1630,#1632,#715,.T.);
#2018=EDGE_CURVE('',#1632,#1631,#716,.T.);
#2019=EDGE_CURVE('',#1632,#1633,#717,.T.);
#2020=EDGE_CURVE('',#1633,#1623,#718,.T.);
#2021=EDGE_CURVE('',#1623,#1631,#719,.T.);
#2022=EDGE_CURVE('',#1634,#1635,#720,.T.);
#2023=EDGE_CURVE('',#1635,#1636,#721,.T.);
#2024=EDGE_CURVE('',#1636,#1637,#722,.T.);
#2025=EDGE_CURVE('',#1637,#1634,#723,.T.);
#2026=EDGE_CURVE('',#1638,#1634,#724,.T.);
#2027=EDGE_CURVE('',#1637,#1639,#725,.T.);
#2028=EDGE_CURVE('',#1639,#1638,#726,.T.);
#2029=EDGE_CURVE('',#1640,#1638,#727,.T.);
#2030=EDGE_CURVE('',#1639,#1641,#728,.T.);
#2031=EDGE_CURVE('',#1641,#1640,#729,.T.);
#2032=EDGE_CURVE('',#1642,#1640,#730,.T.);
#2033=EDGE_CURVE('',#1641,#1643,#731,.T.);
#2034=EDGE_CURVE('',#1643,#1642,#732,.T.);
#2035=EDGE_CURVE('',#1644,#1642,#733,.T.);
#2036=EDGE_CURVE('',#1643,#1645,#734,.T.);
#2037=EDGE_CURVE('',#1645,#1644,#735,.T.);
#2038=EDGE_CURVE('',#1646,#1644,#736,.T.);
#2039=EDGE_CURVE('',#1645,#1647,#737,.T.);
#2040=EDGE_CURVE('',#1647,#1646,#738,.T.);
#2041=EDGE_CURVE('',#1648,#1646,#739,.T.);
#2042=EDGE_CURVE('',#1647,#1649,#740,.T.);
#2043=EDGE_CURVE('',#1649,#1648,#741,.T.);
#2044=EDGE_CURVE('',#1650,#1648,#742,.T.);
#2045=EDGE_CURVE('',#1649,#1651,#743,.T.);
#2046=EDGE_CURVE('',#1651,#1650,#744,.T.);
#2047=EDGE_CURVE('',#1652,#1650,#745,.T.);
#2048=EDGE_CURVE('',#1651,#1653,#746,.T.);
#2049=EDGE_CURVE('',#1653,#1652,#747,.T.);
#2050=EDGE_CURVE('',#1654,#1652,#748,.T.);
#2051=EDGE_CURVE('',#1653,#1655,#749,.T.);
#2052=EDGE_CURVE('',#1655,#1654,#750,.T.);
#2053=EDGE_CURVE('',#1656,#1654,#751,.T.);
#2054=EDGE_CURVE('',#1655,#1657,#752,.T.);
#2055=EDGE_CURVE('',#1657,#1656,#753,.T.);
#2056=EDGE_CURVE('',#1658,#1656,#754,.T.);
#2057=EDGE_CURVE('',#1657,#1659,#755,.T.);
#2058=EDGE_CURVE('',#1659,#1658,#756,.T.);
#2059=EDGE_CURVE('',#1659,#1660,#757,.T.);
#2060=EDGE_CURVE('',#1660,#1626,#758,.T.);
#2061=EDGE_CURVE('',#1626,#1658,#759,.T.);
#2062=EDGE_CURVE('',#1661,#1662,#760,.T.);
#2063=EDGE_CURVE('',#1662,#1663,#761,.T.);
#2064=EDGE_CURVE('',#1663,#1664,#762,.T.);
#2065=EDGE_CURVE('',#1664,#1661,#763,.T.);
#2066=EDGE_CURVE('',#1665,#1661,#764,.T.);
#2067=EDGE_CURVE('',#1664,#1666,#765,.T.);
#2068=EDGE_CURVE('',#1666,#1665,#766,.T.);
#2069=EDGE_CURVE('',#1667,#1665,#767,.T.);
#2070=EDGE_CURVE('',#1666,#1668,#768,.T.);
#2071=EDGE_CURVE('',#1668,#1667,#769,.T.);
#2072=EDGE_CURVE('',#1668,#1669,#770,.T.);
#2073=EDGE_CURVE('',#1669,#1635,#771,.T.);
#2074=EDGE_CURVE('',#1635,#1667,#772,.T.);
#2075=EDGE_CURVE('',#1670,#1671,#773,.T.);
#2076=EDGE_CURVE('',#1671,#1672,#774,.T.);
#2077=EDGE_CURVE('',#1672,#1662,#775,.T.);
#2078=EDGE_CURVE('',#1662,#1670,#776,.T.);
#2079=EDGE_CURVE('',#1672,#1663,#245,.T.);
#2080=EDGE_CURVE('',#1669,#1636,#246,.T.);
#2081=EDGE_CURVE('',#1660,#1627,#247,.T.);
#2082=EDGE_CURVE('',#1633,#1624,#248,.T.);
#2083=EDGE_CURVE('',#1633,#1673,#777,.T.);
#2084=EDGE_CURVE('',#1673,#1674,#249,.F.);
#2085=EDGE_CURVE('',#1674,#1624,#778,.T.);
#2086=EDGE_CURVE('',#1675,#1632,#779,.T.);
#2087=EDGE_CURVE('',#1673,#1675,#780,.T.);
#2088=EDGE_CURVE('',#1630,#1676,#781,.T.);
#2089=EDGE_CURVE('',#1675,#1676,#782,.T.);
#2090=EDGE_CURVE('',#1677,#1628,#783,.T.);
#2091=EDGE_CURVE('',#1676,#1677,#784,.T.);
#2092=EDGE_CURVE('',#1678,#1627,#785,.T.);
#2093=EDGE_CURVE('',#1677,#1678,#786,.T.);
#2094=EDGE_CURVE('',#1660,#1679,#787,.T.);
#2095=EDGE_CURVE('',#1679,#1678,#250,.F.);
#2096=EDGE_CURVE('',#1680,#1659,#788,.T.);
#2097=EDGE_CURVE('',#1679,#1680,#789,.T.);
#2098=EDGE_CURVE('',#1681,#1657,#790,.T.);
#2099=EDGE_CURVE('',#1680,#1681,#791,.T.);
#2100=EDGE_CURVE('',#1655,#1682,#792,.T.);
#2101=EDGE_CURVE('',#1681,#1682,#793,.T.);
#2102=EDGE_CURVE('',#1653,#1683,#794,.T.);
#2103=EDGE_CURVE('',#1683,#1684,#795,.T.);
#2104=EDGE_CURVE('',#1685,#1684,#796,.T.);
#2105=EDGE_CURVE('',#1686,#1685,#797,.T.);
#2106=EDGE_CURVE('',#1687,#1686,#798,.T.);
#2107=EDGE_CURVE('',#1682,#1687,#799,.T.);
#2108=EDGE_CURVE('',#1651,#1688,#800,.T.);
#2109=EDGE_CURVE('',#1688,#1683,#801,.T.);
#2110=EDGE_CURVE('',#1689,#1649,#802,.T.);
#2111=EDGE_CURVE('',#1690,#1689,#803,.T.);
#2112=EDGE_CURVE('',#1690,#1691,#804,.T.);
#2113=EDGE_CURVE('',#1692,#1691,#805,.T.);
#2114=EDGE_CURVE('',#1692,#1693,#806,.T.);
#2115=EDGE_CURVE('',#1693,#1688,#807,.T.);
#2116=EDGE_CURVE('',#1647,#1694,#808,.T.);
#2117=EDGE_CURVE('',#1689,#1694,#809,.T.);
#2118=EDGE_CURVE('',#1645,#1695,#810,.T.);
#2119=EDGE_CURVE('',#1695,#1696,#811,.T.);
#2120=EDGE_CURVE('',#1697,#1696,#812,.T.);
#2121=EDGE_CURVE('',#1698,#1697,#813,.T.);
#2122=EDGE_CURVE('',#1699,#1698,#814,.T.);
#2123=EDGE_CURVE('',#1694,#1699,#815,.T.);
#2124=EDGE_CURVE('',#1643,#1700,#816,.T.);
#2125=EDGE_CURVE('',#1700,#1695,#817,.T.);
#2126=EDGE_CURVE('',#1701,#1641,#818,.T.);
#2127=EDGE_CURVE('',#1702,#1701,#819,.T.);
#2128=EDGE_CURVE('',#1702,#1703,#820,.T.);
#2129=EDGE_CURVE('',#1704,#1703,#821,.T.);
#2130=EDGE_CURVE('',#1704,#1705,#822,.T.);
#2131=EDGE_CURVE('',#1705,#1700,#823,.T.);
#2132=EDGE_CURVE('',#1639,#1706,#824,.T.);
#2133=EDGE_CURVE('',#1701,#1706,#825,.T.);
#2134=EDGE_CURVE('',#1637,#1707,#826,.T.);
#2135=EDGE_CURVE('',#1706,#1707,#827,.T.);
#2136=EDGE_CURVE('',#1708,#1636,#828,.T.);
#2137=EDGE_CURVE('',#1707,#1708,#829,.T.);
#2138=EDGE_CURVE('',#1669,#1709,#830,.T.);
#2139=EDGE_CURVE('',#1709,#1708,#251,.F.);
#2140=EDGE_CURVE('',#1710,#1668,#831,.T.);
#2141=EDGE_CURVE('',#1709,#1710,#832,.T.);
#2142=EDGE_CURVE('',#1666,#1711,#833,.T.);
#2143=EDGE_CURVE('',#1710,#1711,#834,.T.);
#2144=EDGE_CURVE('',#1712,#1664,#835,.T.);
#2145=EDGE_CURVE('',#1711,#1712,#836,.T.);
#2146=EDGE_CURVE('',#1713,#1663,#837,.T.);
#2147=EDGE_CURVE('',#1712,#1713,#838,.T.);
#2148=EDGE_CURVE('',#1672,#1714,#839,.T.);
#2149=EDGE_CURVE('',#1714,#1713,#252,.F.);
#2150=EDGE_CURVE('',#1671,#1715,#840,.T.);
#2151=EDGE_CURVE('',#1714,#1715,#841,.T.);
#2152=EDGE_CURVE('',#1716,#1717,#842,.T.);
#2153=EDGE_CURVE('',#1718,#1716,#843,.T.);
#2154=EDGE_CURVE('',#1719,#1718,#844,.T.);
#2155=EDGE_CURVE('',#1720,#1719,#845,.T.);
#2156=EDGE_CURVE('',#1717,#1720,#846,.T.);
#2157=EDGE_CURVE('',#1721,#1719,#847,.T.);
#2158=EDGE_CURVE('',#1722,#1721,#848,.T.);
#2159=EDGE_CURVE('',#1720,#1722,#849,.T.);
#2160=EDGE_CURVE('',#1723,#1718,#850,.T.);
#2161=EDGE_CURVE('',#1721,#1723,#851,.T.);
#2162=EDGE_CURVE('',#1724,#1716,#852,.T.);
#2163=EDGE_CURVE('',#1723,#1724,#853,.T.);
#2164=EDGE_CURVE('',#1725,#1670,#854,.F.);
#2165=EDGE_CURVE('',#1724,#1725,#855,.T.);
#2166=EDGE_CURVE('',#1726,#1717,#856,.T.);
#2167=EDGE_CURVE('',#1727,#1726,#857,.T.);
#2168=EDGE_CURVE('',#1715,#1727,#858,.T.);
#2169=EDGE_CURVE('',#1722,#1728,#859,.T.);
#2170=EDGE_CURVE('',#1728,#1704,#860,.T.);
#2171=EDGE_CURVE('',#1703,#1698,#861,.T.);
#2172=EDGE_CURVE('',#1697,#1692,#862,.T.);
#2173=EDGE_CURVE('',#1691,#1686,#863,.T.);
#2174=EDGE_CURVE('',#1685,#1729,#864,.T.);
#2175=EDGE_CURVE('',#1729,#1730,#865,.T.);
#2176=EDGE_CURVE('',#1730,#1731,#866,.T.);
#2177=EDGE_CURVE('',#1731,#1732,#867,.T.);
#2178=EDGE_CURVE('',#1732,#1733,#868,.T.);
#2179=EDGE_CURVE('',#1733,#1734,#869,.T.);
#2180=EDGE_CURVE('',#1734,#1735,#870,.T.);
#2181=EDGE_CURVE('',#1735,#1726,#871,.T.);
#2182=EDGE_CURVE('',#1731,#1736,#872,.T.);
#2183=EDGE_CURVE('',#1737,#1730,#873,.T.);
#2184=EDGE_CURVE('',#1737,#1736,#874,.T.);
#2185=EDGE_CURVE('',#1736,#1738,#875,.T.);
#2186=EDGE_CURVE('',#1739,#1737,#876,.T.);
#2187=EDGE_CURVE('',#1739,#1738,#877,.T.);
#2188=EDGE_CURVE('',#1740,#1741,#878,.T.);
#2189=EDGE_CURVE('',#1738,#1740,#879,.T.);
#2190=EDGE_CURVE('',#1741,#1739,#880,.T.);
#2191=EDGE_CURVE('',#1732,#1740,#881,.T.);
#2192=EDGE_CURVE('',#1729,#1742,#882,.T.);
#2193=EDGE_CURVE('',#1742,#1743,#883,.T.);
#2194=EDGE_CURVE('',#1743,#1744,#884,.T.);
#2195=EDGE_CURVE('',#1744,#1745,#885,.F.);
#2196=EDGE_CURVE('',#1741,#1745,#886,.T.);
#2197=EDGE_CURVE('',#1746,#1747,#887,.T.);
#2198=EDGE_CURVE('',#1746,#1748,#888,.T.);
#2199=EDGE_CURVE('',#1748,#1749,#889,.T.);
#2200=EDGE_CURVE('',#1749,#1747,#890,.T.);
#2201=EDGE_CURVE('',#1747,#1750,#891,.T.);
#2202=EDGE_CURVE('',#1751,#1749,#892,.T.);
#2203=EDGE_CURVE('',#1750,#1751,#893,.T.);
#2204=EDGE_CURVE('',#1752,#1746,#894,.T.);
#2205=EDGE_CURVE('',#1753,#1752,#895,.T.);
#2206=EDGE_CURVE('',#1753,#1748,#896,.T.);
#2207=EDGE_CURVE('',#1754,#1755,#897,.T.);
#2208=EDGE_CURVE('',#1754,#1756,#898,.T.);
#2209=EDGE_CURVE('',#1756,#1757,#899,.T.);
#2210=EDGE_CURVE('',#1757,#1755,#900,.T.);
#2211=EDGE_CURVE('',#1755,#1758,#901,.T.);
#2212=EDGE_CURVE('',#1759,#1757,#902,.T.);
#2213=EDGE_CURVE('',#1758,#1759,#903,.T.);
#2214=EDGE_CURVE('',#1760,#1754,#904,.T.);
#2215=EDGE_CURVE('',#1761,#1760,#905,.T.);
#2216=EDGE_CURVE('',#1761,#1756,#906,.T.);
#2217=EDGE_CURVE('',#1762,#1763,#907,.T.);
#2218=EDGE_CURVE('',#1762,#1764,#908,.T.);
#2219=EDGE_CURVE('',#1764,#1765,#909,.T.);
#2220=EDGE_CURVE('',#1765,#1763,#910,.T.);
#2221=EDGE_CURVE('',#1763,#1766,#911,.T.);
#2222=EDGE_CURVE('',#1767,#1765,#912,.T.);
#2223=EDGE_CURVE('',#1766,#1767,#913,.T.);
#2224=EDGE_CURVE('',#1768,#1762,#914,.T.);
#2225=EDGE_CURVE('',#1769,#1768,#915,.T.);
#2226=EDGE_CURVE('',#1769,#1764,#916,.T.);
#2227=EDGE_CURVE('',#1696,#1759,#917,.T.);
#2228=EDGE_CURVE('',#1769,#1705,#918,.T.);
#2229=EDGE_CURVE('',#1758,#1768,#919,.T.);
#2230=EDGE_CURVE('',#1770,#1767,#920,.T.);
#2231=EDGE_CURVE('',#1771,#1770,#921,.T.);
#2232=EDGE_CURVE('',#1766,#1771,#922,.T.);
#2233=EDGE_CURVE('',#1684,#1751,#923,.T.);
#2234=EDGE_CURVE('',#1761,#1693,#924,.T.);
#2235=EDGE_CURVE('',#1750,#1760,#925,.T.);
#2236=EDGE_CURVE('',#1771,#1772,#926,.T.);
#2237=EDGE_CURVE('',#1772,#1773,#927,.T.);
#2238=EDGE_CURVE('',#1773,#1774,#928,.T.);
#2239=EDGE_CURVE('',#1774,#1744,#929,.F.);
#2240=EDGE_CURVE('',#1743,#1775,#930,.T.);
#2241=EDGE_CURVE('',#1775,#1776,#931,.T.);
#2242=EDGE_CURVE('',#1776,#1752,#932,.T.);
#2243=EDGE_CURVE('',#1777,#1776,#933,.T.);
#2244=EDGE_CURVE('',#1753,#1777,#934,.T.);
#2245=EDGE_CURVE('',#1778,#1772,#935,.T.);
#2246=EDGE_CURVE('',#1779,#1778,#936,.T.);
#2247=EDGE_CURVE('',#1773,#1779,#937,.T.);
#2248=EDGE_CURVE('',#1779,#1728,#938,.T.);
#2249=EDGE_CURVE('',#1770,#1778,#939,.T.);
#2250=EDGE_CURVE('',#1725,#1774,#940,.F.);
#2251=EDGE_CURVE('',#1742,#1780,#941,.T.);
#2252=EDGE_CURVE('',#1780,#1775,#942,.T.);
#2253=EDGE_CURVE('',#1777,#1780,#943,.T.);
#2254=EDGE_CURVE('',#1687,#1690,#944,.T.);
#2255=EDGE_CURVE('',#1699,#1702,#945,.T.);
#2256=EDGE_CURVE('',#1781,#1727,#946,.T.);
#2257=EDGE_CURVE('',#1781,#1782,#947,.T.);
#2258=EDGE_CURVE('',#1782,#1783,#948,.T.);
#2259=EDGE_CURVE('',#1784,#1783,#949,.T.);
#2260=EDGE_CURVE('',#1784,#1674,#950,.T.);
#2261=EDGE_CURVE('',#1735,#1781,#951,.T.);
#2262=EDGE_CURVE('',#1782,#1734,#952,.T.);
#2263=EDGE_CURVE('',#1621,#1784,#953,.T.);
#2264=EDGE_CURVE('',#1783,#1733,#954,.T.);
#2265=EDGE_CURVE('',#1622,#1745,#955,.T.);
#2266=EDGE_CURVE('',#1785,#1786,#956,.T.);
#2267=EDGE_CURVE('',#1787,#1785,#957,.T.);
#2268=EDGE_CURVE('',#1787,#1788,#958,.T.);
#2269=EDGE_CURVE('',#1786,#1788,#959,.T.);
#2270=EDGE_CURVE('',#1788,#1789,#960,.T.);
#2271=EDGE_CURVE('',#1790,#1787,#961,.T.);
#2272=EDGE_CURVE('',#1790,#1789,#962,.T.);
#2273=EDGE_CURVE('',#1791,#1792,#963,.T.);
#2274=EDGE_CURVE('',#1791,#1793,#964,.T.);
#2275=EDGE_CURVE('',#1793,#1786,#965,.T.);
#2276=EDGE_CURVE('',#1792,#1789,#966,.T.);
#2277=EDGE_CURVE('',#1794,#1795,#967,.T.);
#2278=EDGE_CURVE('',#1794,#1791,#968,.T.);
#2279=EDGE_CURVE('',#1795,#1792,#969,.T.);
#2280=EDGE_CURVE('',#1796,#1785,#970,.T.);
#2281=EDGE_CURVE('',#1796,#1794,#971,.T.);
#2282=EDGE_CURVE('',#1795,#1790,#972,.T.);
#2283=EDGE_CURVE('',#1793,#1796,#973,.T.);
#2284=EDGE_CURVE('',#1797,#1798,#974,.T.);
#2285=EDGE_CURVE('',#1799,#1797,#975,.T.);
#2286=EDGE_CURVE('',#1799,#1800,#976,.T.);
#2287=EDGE_CURVE('',#1798,#1800,#977,.T.);
#2288=EDGE_CURVE('',#1800,#1801,#978,.T.);
#2289=EDGE_CURVE('',#1802,#1799,#979,.T.);
#2290=EDGE_CURVE('',#1802,#1801,#980,.T.);
#2291=EDGE_CURVE('',#1803,#1804,#981,.T.);
#2292=EDGE_CURVE('',#1803,#1805,#982,.T.);
#2293=EDGE_CURVE('',#1805,#1806,#983,.T.);
#2294=EDGE_CURVE('',#1804,#1806,#984,.T.);
#2295=EDGE_CURVE('',#1807,#1797,#985,.T.);
#2296=EDGE_CURVE('',#1807,#1803,#986,.T.);
#2297=EDGE_CURVE('',#1804,#1802,#987,.T.);
#2298=EDGE_CURVE('',#1808,#1798,#988,.T.);
#2299=EDGE_CURVE('',#1808,#1807,#989,.T.);
#2300=EDGE_CURVE('',#1805,#1808,#990,.T.);
#2301=EDGE_CURVE('',#1806,#1801,#991,.T.);
#2302=EDGE_CURVE('',#1809,#1810,#992,.T.);
#2303=EDGE_CURVE('',#1811,#1809,#993,.T.);
#2304=EDGE_CURVE('',#1811,#1812,#994,.T.);
#2305=EDGE_CURVE('',#1810,#1812,#995,.T.);
#2306=EDGE_CURVE('',#1812,#1813,#996,.T.);
#2307=EDGE_CURVE('',#1814,#1811,#997,.T.);
#2308=EDGE_CURVE('',#1814,#1813,#998,.T.);
#2309=EDGE_CURVE('',#1815,#1810,#999,.T.);
#2310=EDGE_CURVE('',#1815,#1816,#1000,.T.);
#2311=EDGE_CURVE('',#1816,#1809,#1001,.T.);
#2312=EDGE_CURVE('',#1817,#1818,#1002,.T.);
#2313=EDGE_CURVE('',#1817,#1815,#1003,.T.);
#2314=EDGE_CURVE('',#1818,#1813,#1004,.T.);
#2315=EDGE_CURVE('',#1819,#1820,#1005,.T.);
#2316=EDGE_CURVE('',#1819,#1817,#1006,.T.);
#2317=EDGE_CURVE('',#1820,#1818,#1007,.T.);
#2318=EDGE_CURVE('',#1816,#1819,#1008,.T.);
#2319=EDGE_CURVE('',#1820,#1814,#1009,.T.);
#2320=EDGE_CURVE('',#1821,#1822,#1010,.T.);
#2321=EDGE_CURVE('',#1822,#1823,#1011,.T.);
#2322=EDGE_CURVE('',#1823,#1824,#1012,.T.);
#2323=EDGE_CURVE('',#1824,#1821,#1013,.T.);
#2324=EDGE_CURVE('',#1825,#1824,#1014,.T.);
#2325=EDGE_CURVE('',#1826,#1825,#1015,.T.);
#2326=EDGE_CURVE('',#1821,#1826,#1016,.T.);
#2327=EDGE_CURVE('',#1823,#1827,#1017,.T.);
#2328=EDGE_CURVE('',#1828,#1827,#1018,.T.);
#2329=EDGE_CURVE('',#1829,#1828,#1019,.T.);
#2330=EDGE_CURVE('',#1825,#1829,#1020,.T.);
#2331=EDGE_CURVE('',#1829,#1830,#1021,.T.);
#2332=EDGE_CURVE('',#1830,#1826,#1022,.T.);
#2333=EDGE_CURVE('',#1831,#1828,#1023,.T.);
#2334=EDGE_CURVE('',#1830,#1831,#1024,.T.);
#2335=EDGE_CURVE('',#1822,#1832,#1025,.T.);
#2336=EDGE_CURVE('',#1827,#1832,#1026,.T.);
#2337=EDGE_CURVE('',#1832,#1831,#1027,.T.);
#2338=EDGE_CURVE('',#1833,#1834,#1028,.T.);
#2339=EDGE_CURVE('',#1834,#1835,#1029,.T.);
#2340=EDGE_CURVE('',#1835,#1836,#1030,.T.);
#2341=EDGE_CURVE('',#1836,#1833,#1031,.T.);
#2342=EDGE_CURVE('',#1834,#1837,#1032,.T.);
#2343=EDGE_CURVE('',#1838,#1837,#1033,.T.);
#2344=EDGE_CURVE('',#1835,#1838,#1034,.T.);
#2345=EDGE_CURVE('',#1833,#1839,#1035,.T.);
#2346=EDGE_CURVE('',#1840,#1839,#1036,.T.);
#2347=EDGE_CURVE('',#1840,#1841,#1037,.T.);
#2348=EDGE_CURVE('',#1837,#1841,#1038,.T.);
#2349=EDGE_CURVE('',#1842,#1843,#1039,.T.);
#2350=EDGE_CURVE('',#1843,#1840,#1040,.T.);
#2351=EDGE_CURVE('',#1839,#1842,#1041,.T.);
#2352=EDGE_CURVE('',#1843,#1844,#1042,.T.);
#2353=EDGE_CURVE('',#1841,#1844,#1043,.T.);
#2354=EDGE_CURVE('',#1844,#1838,#1044,.T.);
#2355=EDGE_CURVE('',#1842,#1836,#1045,.T.);
#2356=EDGE_CURVE('',#1845,#1846,#45,.T.);
#2357=EDGE_CURVE('',#1846,#1847,#1046,.T.);
#2358=EDGE_CURVE('',#1848,#1847,#46,.T.);
#2359=EDGE_CURVE('',#1845,#1848,#1047,.T.);
#2360=EDGE_CURVE('',#1849,#1845,#47,.T.);
#2361=EDGE_CURVE('',#1850,#1848,#48,.T.);
#2362=EDGE_CURVE('',#1849,#1850,#1048,.T.);
#2363=EDGE_CURVE('',#1851,#1849,#49,.T.);
#2364=EDGE_CURVE('',#1852,#1850,#50,.T.);
#2365=EDGE_CURVE('',#1851,#1852,#1049,.T.);
#2366=EDGE_CURVE('',#1853,#1851,#51,.T.);
#2367=EDGE_CURVE('',#1854,#1852,#52,.T.);
#2368=EDGE_CURVE('',#1853,#1854,#1050,.T.);
#2369=EDGE_CURVE('',#1855,#1853,#1051,.T.);
#2370=EDGE_CURVE('',#1856,#1854,#1052,.T.);
#2371=EDGE_CURVE('',#1855,#1856,#1053,.T.);
#2372=EDGE_CURVE('',#1857,#1855,#1054,.T.);
#2373=EDGE_CURVE('',#1858,#1856,#1055,.T.);
#2374=EDGE_CURVE('',#1857,#1858,#1056,.T.);
#2375=EDGE_CURVE('',#1859,#1857,#1057,.T.);
#2376=EDGE_CURVE('',#1860,#1858,#1058,.T.);
#2377=EDGE_CURVE('',#1859,#1860,#1059,.T.);
#2378=EDGE_CURVE('',#1861,#1859,#1060,.T.);
#2379=EDGE_CURVE('',#1862,#1860,#1061,.T.);
#2380=EDGE_CURVE('',#1861,#1862,#1062,.T.);
#2381=EDGE_CURVE('',#1863,#1861,#53,.T.);
#2382=EDGE_CURVE('',#1864,#1862,#54,.T.);
#2383=EDGE_CURVE('',#1863,#1864,#1063,.T.);
#2384=EDGE_CURVE('',#1865,#1863,#55,.T.);
#2385=EDGE_CURVE('',#1866,#1864,#56,.T.);
#2386=EDGE_CURVE('',#1865,#1866,#1064,.T.);
#2387=EDGE_CURVE('',#1867,#1865,#57,.T.);
#2388=EDGE_CURVE('',#1868,#1866,#58,.T.);
#2389=EDGE_CURVE('',#1867,#1868,#1065,.T.);
#2390=EDGE_CURVE('',#1869,#1867,#59,.T.);
#2391=EDGE_CURVE('',#1870,#1868,#60,.T.);
#2392=EDGE_CURVE('',#1869,#1870,#1066,.T.);
#2393=EDGE_CURVE('',#1871,#1869,#1067,.T.);
#2394=EDGE_CURVE('',#1872,#1870,#1068,.T.);
#2395=EDGE_CURVE('',#1871,#1872,#1069,.T.);
#2396=EDGE_CURVE('',#1873,#1871,#1070,.T.);
#2397=EDGE_CURVE('',#1874,#1872,#1071,.T.);
#2398=EDGE_CURVE('',#1873,#1874,#1072,.T.);
#2399=EDGE_CURVE('',#1846,#1873,#1073,.T.);
#2400=EDGE_CURVE('',#1847,#1874,#1074,.T.);
#2401=EDGE_CURVE('',#1875,#1876,#61,.T.);
#2402=EDGE_CURVE('',#1876,#1877,#1075,.T.);
#2403=EDGE_CURVE('',#1878,#1877,#62,.T.);
#2404=EDGE_CURVE('',#1875,#1878,#1076,.T.);
#2405=EDGE_CURVE('',#1879,#1875,#63,.T.);
#2406=EDGE_CURVE('',#1880,#1878,#64,.T.);
#2407=EDGE_CURVE('',#1879,#1880,#1077,.T.);
#2408=EDGE_CURVE('',#1881,#1879,#1078,.T.);
#2409=EDGE_CURVE('',#1882,#1880,#1079,.T.);
#2410=EDGE_CURVE('',#1881,#1882,#1080,.T.);
#2411=EDGE_CURVE('',#1883,#1881,#1081,.T.);
#2412=EDGE_CURVE('',#1884,#1882,#1082,.T.);
#2413=EDGE_CURVE('',#1883,#1884,#1083,.T.);
#2414=EDGE_CURVE('',#1885,#1883,#65,.T.);
#2415=EDGE_CURVE('',#1886,#1884,#66,.T.);
#2416=EDGE_CURVE('',#1885,#1886,#1084,.T.);
#2417=EDGE_CURVE('',#1887,#1885,#67,.T.);
#2418=EDGE_CURVE('',#1888,#1886,#68,.T.);
#2419=EDGE_CURVE('',#1887,#1888,#1085,.T.);
#2420=EDGE_CURVE('',#1889,#1887,#27,.T.);
#2421=EDGE_CURVE('',#1890,#1888,#28,.T.);
#2422=EDGE_CURVE('',#1889,#1890,#1086,.T.);
#2423=EDGE_CURVE('',#1891,#1889,#69,.T.);
#2424=EDGE_CURVE('',#1892,#1890,#70,.T.);
#2425=EDGE_CURVE('',#1891,#1892,#1087,.T.);
#2426=EDGE_CURVE('',#1893,#1891,#71,.T.);
#2427=EDGE_CURVE('',#1894,#1892,#72,.T.);
#2428=EDGE_CURVE('',#1893,#1894,#1088,.T.);
#2429=EDGE_CURVE('',#1895,#1893,#29,.T.);
#2430=EDGE_CURVE('',#1896,#1894,#30,.T.);
#2431=EDGE_CURVE('',#1895,#1896,#1089,.T.);
#2432=EDGE_CURVE('',#1897,#1895,#73,.T.);
#2433=EDGE_CURVE('',#1898,#1896,#74,.T.);
#2434=EDGE_CURVE('',#1897,#1898,#1090,.T.);
#2435=EDGE_CURVE('',#1899,#1897,#75,.T.);
#2436=EDGE_CURVE('',#1900,#1898,#76,.T.);
#2437=EDGE_CURVE('',#1899,#1900,#1091,.T.);
#2438=EDGE_CURVE('',#1901,#1899,#1092,.T.);
#2439=EDGE_CURVE('',#1902,#1900,#1093,.T.);
#2440=EDGE_CURVE('',#1901,#1902,#1094,.T.);
#2441=EDGE_CURVE('',#1903,#1901,#1095,.T.);
#2442=EDGE_CURVE('',#1904,#1902,#1096,.T.);
#2443=EDGE_CURVE('',#1903,#1904,#1097,.T.);
#2444=EDGE_CURVE('',#1905,#1903,#77,.T.);
#2445=EDGE_CURVE('',#1906,#1904,#78,.T.);
#2446=EDGE_CURVE('',#1905,#1906,#1098,.T.);
#2447=EDGE_CURVE('',#1907,#1905,#79,.T.);
#2448=EDGE_CURVE('',#1908,#1906,#80,.T.);
#2449=EDGE_CURVE('',#1907,#1908,#1099,.T.);
#2450=EDGE_CURVE('',#1909,#1907,#81,.T.);
#2451=EDGE_CURVE('',#1910,#1908,#82,.T.);
#2452=EDGE_CURVE('',#1909,#1910,#1100,.T.);
#2453=EDGE_CURVE('',#1876,#1909,#83,.T.);
#2454=EDGE_CURVE('',#1877,#1910,#84,.T.);
#2455=EDGE_CURVE('',#1911,#1912,#85,.T.);
#2456=EDGE_CURVE('',#1912,#1913,#1101,.T.);
#2457=EDGE_CURVE('',#1914,#1913,#86,.T.);
#2458=EDGE_CURVE('',#1911,#1914,#1102,.T.);
#2459=EDGE_CURVE('',#1915,#1911,#87,.T.);
#2460=EDGE_CURVE('',#1916,#1914,#88,.T.);
#2461=EDGE_CURVE('',#1915,#1916,#1103,.T.);
#2462=EDGE_CURVE('',#1917,#1915,#1104,.T.);
#2463=EDGE_CURVE('',#1918,#1916,#1105,.T.);
#2464=EDGE_CURVE('',#1917,#1918,#1106,.T.);
#2465=EDGE_CURVE('',#1919,#1917,#1107,.T.);
#2466=EDGE_CURVE('',#1920,#1918,#1108,.T.);
#2467=EDGE_CURVE('',#1919,#1920,#1109,.T.);
#2468=EDGE_CURVE('',#1921,#1919,#89,.T.);
#2469=EDGE_CURVE('',#1922,#1920,#90,.T.);
#2470=EDGE_CURVE('',#1921,#1922,#1110,.T.);
#2471=EDGE_CURVE('',#1923,#1921,#91,.T.);
#2472=EDGE_CURVE('',#1924,#1922,#92,.T.);
#2473=EDGE_CURVE('',#1923,#1924,#1111,.T.);
#2474=EDGE_CURVE('',#1925,#1923,#93,.T.);
#2475=EDGE_CURVE('',#1926,#1924,#94,.T.);
#2476=EDGE_CURVE('',#1925,#1926,#1112,.T.);
#2477=EDGE_CURVE('',#1927,#1925,#95,.T.);
#2478=EDGE_CURVE('',#1928,#1926,#96,.T.);
#2479=EDGE_CURVE('',#1927,#1928,#1113,.T.);
#2480=EDGE_CURVE('',#1929,#1927,#97,.T.);
#2481=EDGE_CURVE('',#1930,#1928,#98,.T.);
#2482=EDGE_CURVE('',#1929,#1930,#1114,.T.);
#2483=EDGE_CURVE('',#1931,#1929,#99,.T.);
#2484=EDGE_CURVE('',#1932,#1930,#100,.T.);
#2485=EDGE_CURVE('',#1931,#1932,#1115,.T.);
#2486=EDGE_CURVE('',#1933,#1931,#101,.T.);
#2487=EDGE_CURVE('',#1934,#1932,#102,.T.);
#2488=EDGE_CURVE('',#1933,#1934,#1116,.T.);
#2489=EDGE_CURVE('',#1935,#1933,#103,.T.);
#2490=EDGE_CURVE('',#1936,#1934,#104,.T.);
#2491=EDGE_CURVE('',#1935,#1936,#1117,.T.);
#2492=EDGE_CURVE('',#1937,#1935,#105,.T.);
#2493=EDGE_CURVE('',#1938,#1936,#106,.T.);
#2494=EDGE_CURVE('',#1937,#1938,#1118,.T.);
#2495=EDGE_CURVE('',#1939,#1937,#107,.T.);
#2496=EDGE_CURVE('',#1940,#1938,#108,.T.);
#2497=EDGE_CURVE('',#1939,#1940,#1119,.T.);
#2498=EDGE_CURVE('',#1941,#1939,#109,.T.);
#2499=EDGE_CURVE('',#1942,#1940,#110,.T.);
#2500=EDGE_CURVE('',#1941,#1942,#1120,.T.);
#2501=EDGE_CURVE('',#1943,#1941,#111,.T.);
#2502=EDGE_CURVE('',#1944,#1942,#112,.T.);
#2503=EDGE_CURVE('',#1943,#1944,#1121,.T.);
#2504=EDGE_CURVE('',#1945,#1943,#113,.T.);
#2505=EDGE_CURVE('',#1946,#1944,#114,.T.);
#2506=EDGE_CURVE('',#1945,#1946,#1122,.T.);
#2507=EDGE_CURVE('',#1947,#1945,#115,.T.);
#2508=EDGE_CURVE('',#1948,#1946,#116,.T.);
#2509=EDGE_CURVE('',#1947,#1948,#1123,.T.);
#2510=EDGE_CURVE('',#1949,#1947,#31,.T.);
#2511=EDGE_CURVE('',#1950,#1948,#32,.T.);
#2512=EDGE_CURVE('',#1949,#1950,#1124,.T.);
#2513=EDGE_CURVE('',#1951,#1949,#117,.T.);
#2514=EDGE_CURVE('',#1952,#1950,#118,.T.);
#2515=EDGE_CURVE('',#1951,#1952,#1125,.T.);
#2516=EDGE_CURVE('',#1953,#1951,#119,.T.);
#2517=EDGE_CURVE('',#1954,#1952,#120,.T.);
#2518=EDGE_CURVE('',#1953,#1954,#1126,.T.);
#2519=EDGE_CURVE('',#1955,#1953,#33,.T.);
#2520=EDGE_CURVE('',#1956,#1954,#34,.T.);
#2521=EDGE_CURVE('',#1955,#1956,#1127,.T.);
#2522=EDGE_CURVE('',#1957,#1955,#121,.T.);
#2523=EDGE_CURVE('',#1958,#1956,#122,.T.);
#2524=EDGE_CURVE('',#1957,#1958,#1128,.T.);
#2525=EDGE_CURVE('',#1959,#1957,#123,.T.);
#2526=EDGE_CURVE('',#1960,#1958,#124,.T.);
#2527=EDGE_CURVE('',#1959,#1960,#1129,.T.);
#2528=EDGE_CURVE('',#1961,#1959,#125,.T.);
#2529=EDGE_CURVE('',#1962,#1960,#126,.T.);
#2530=EDGE_CURVE('',#1961,#1962,#1130,.T.);
#2531=EDGE_CURVE('',#1963,#1961,#127,.T.);
#2532=EDGE_CURVE('',#1964,#1962,#128,.T.);
#2533=EDGE_CURVE('',#1963,#1964,#1131,.T.);
#2534=EDGE_CURVE('',#1965,#1963,#1132,.T.);
#2535=EDGE_CURVE('',#1966,#1964,#1133,.T.);
#2536=EDGE_CURVE('',#1965,#1966,#1134,.T.);
#2537=EDGE_CURVE('',#1967,#1965,#1135,.T.);
#2538=EDGE_CURVE('',#1968,#1966,#1136,.T.);
#2539=EDGE_CURVE('',#1967,#1968,#1137,.T.);
#2540=EDGE_CURVE('',#1969,#1967,#129,.T.);
#2541=EDGE_CURVE('',#1970,#1968,#130,.T.);
#2542=EDGE_CURVE('',#1969,#1970,#1138,.T.);
#2543=EDGE_CURVE('',#1971,#1969,#131,.T.);
#2544=EDGE_CURVE('',#1972,#1970,#132,.T.);
#2545=EDGE_CURVE('',#1971,#1972,#1139,.T.);
#2546=EDGE_CURVE('',#1973,#1971,#133,.T.);
#2547=EDGE_CURVE('',#1974,#1972,#134,.T.);
#2548=EDGE_CURVE('',#1973,#1974,#1140,.T.);
#2549=EDGE_CURVE('',#1975,#1973,#135,.T.);
#2550=EDGE_CURVE('',#1976,#1974,#136,.T.);
#2551=EDGE_CURVE('',#1975,#1976,#1141,.T.);
#2552=EDGE_CURVE('',#1977,#1975,#137,.T.);
#2553=EDGE_CURVE('',#1978,#1976,#138,.T.);
#2554=EDGE_CURVE('',#1977,#1978,#1142,.T.);
#2555=EDGE_CURVE('',#1979,#1977,#139,.T.);
#2556=EDGE_CURVE('',#1980,#1978,#140,.T.);
#2557=EDGE_CURVE('',#1979,#1980,#1143,.T.);
#2558=EDGE_CURVE('',#1981,#1979,#141,.T.);
#2559=EDGE_CURVE('',#1982,#1980,#142,.T.);
#2560=EDGE_CURVE('',#1981,#1982,#1144,.T.);
#2561=EDGE_CURVE('',#1983,#1981,#143,.T.);
#2562=EDGE_CURVE('',#1984,#1982,#144,.T.);
#2563=EDGE_CURVE('',#1983,#1984,#1145,.T.);
#2564=EDGE_CURVE('',#1985,#1983,#145,.T.);
#2565=EDGE_CURVE('',#1986,#1984,#146,.T.);
#2566=EDGE_CURVE('',#1985,#1986,#1146,.T.);
#2567=EDGE_CURVE('',#1987,#1985,#35,.T.);
#2568=EDGE_CURVE('',#1988,#1986,#36,.T.);
#2569=EDGE_CURVE('',#1987,#1988,#1147,.T.);
#2570=EDGE_CURVE('',#1989,#1987,#147,.T.);
#2571=EDGE_CURVE('',#1990,#1988,#148,.T.);
#2572=EDGE_CURVE('',#1989,#1990,#1148,.T.);
#2573=EDGE_CURVE('',#1991,#1989,#149,.T.);
#2574=EDGE_CURVE('',#1992,#1990,#150,.T.);
#2575=EDGE_CURVE('',#1991,#1992,#1149,.T.);
#2576=EDGE_CURVE('',#1993,#1991,#151,.T.);
#2577=EDGE_CURVE('',#1994,#1992,#152,.T.);
#2578=EDGE_CURVE('',#1993,#1994,#1150,.T.);
#2579=EDGE_CURVE('',#1995,#1993,#153,.T.);
#2580=EDGE_CURVE('',#1996,#1994,#154,.T.);
#2581=EDGE_CURVE('',#1995,#1996,#1151,.T.);
#2582=EDGE_CURVE('',#1997,#1995,#155,.T.);
#2583=EDGE_CURVE('',#1998,#1996,#156,.T.);
#2584=EDGE_CURVE('',#1997,#1998,#1152,.T.);
#2585=EDGE_CURVE('',#1912,#1997,#37,.T.);
#2586=EDGE_CURVE('',#1913,#1998,#38,.T.);
#2587=EDGE_CURVE('',#1999,#2000,#1153,.T.);
#2588=EDGE_CURVE('',#2000,#2001,#1154,.T.);
#2589=EDGE_CURVE('',#2002,#2001,#1155,.T.);
#2590=EDGE_CURVE('',#1999,#2002,#1156,.T.);
#2591=EDGE_CURVE('',#2003,#1999,#1157,.T.);
#2592=EDGE_CURVE('',#2004,#2002,#1158,.T.);
#2593=EDGE_CURVE('',#2003,#2004,#1159,.T.);
#2594=EDGE_CURVE('',#2000,#2003,#1160,.T.);
#2595=EDGE_CURVE('',#2001,#2004,#1161,.T.);
#2596=ORIENTED_EDGE('',*,*,#2005,.T.);
#2597=ORIENTED_EDGE('',*,*,#2006,.T.);
#2598=ORIENTED_EDGE('',*,*,#2007,.T.);
#2599=ORIENTED_EDGE('',*,*,#2008,.T.);
#2600=ORIENTED_EDGE('',*,*,#2009,.T.);
#2601=ORIENTED_EDGE('',*,*,#2010,.T.);
#2602=ORIENTED_EDGE('',*,*,#2011,.T.);
#2603=ORIENTED_EDGE('',*,*,#2012,.T.);
#2604=ORIENTED_EDGE('',*,*,#2013,.T.);
#2605=ORIENTED_EDGE('',*,*,#2012,.F.);
#2606=ORIENTED_EDGE('',*,*,#2014,.T.);
#2607=ORIENTED_EDGE('',*,*,#2015,.T.);
#2608=ORIENTED_EDGE('',*,*,#2016,.T.);
#2609=ORIENTED_EDGE('',*,*,#2015,.F.);
#2610=ORIENTED_EDGE('',*,*,#2017,.T.);
#2611=ORIENTED_EDGE('',*,*,#2018,.T.);
#2612=ORIENTED_EDGE('',*,*,#2019,.T.);
#2613=ORIENTED_EDGE('',*,*,#2020,.T.);
#2614=ORIENTED_EDGE('',*,*,#2021,.T.);
#2615=ORIENTED_EDGE('',*,*,#2018,.F.);
#2616=ORIENTED_EDGE('',*,*,#2022,.T.);
#2617=ORIENTED_EDGE('',*,*,#2023,.T.);
#2618=ORIENTED_EDGE('',*,*,#2024,.T.);
#2619=ORIENTED_EDGE('',*,*,#2025,.T.);
#2620=ORIENTED_EDGE('',*,*,#2026,.T.);
#2621=ORIENTED_EDGE('',*,*,#2025,.F.);
#2622=ORIENTED_EDGE('',*,*,#2027,.T.);
#2623=ORIENTED_EDGE('',*,*,#2028,.T.);
#2624=ORIENTED_EDGE('',*,*,#2029,.T.);
#2625=ORIENTED_EDGE('',*,*,#2028,.F.);
#2626=ORIENTED_EDGE('',*,*,#2030,.T.);
#2627=ORIENTED_EDGE('',*,*,#2031,.T.);
#2628=ORIENTED_EDGE('',*,*,#2032,.T.);
#2629=ORIENTED_EDGE('',*,*,#2031,.F.);
#2630=ORIENTED_EDGE('',*,*,#2033,.T.);
#2631=ORIENTED_EDGE('',*,*,#2034,.T.);
#2632=ORIENTED_EDGE('',*,*,#2035,.T.);
#2633=ORIENTED_EDGE('',*,*,#2034,.F.);
#2634=ORIENTED_EDGE('',*,*,#2036,.T.);
#2635=ORIENTED_EDGE('',*,*,#2037,.T.);
#2636=ORIENTED_EDGE('',*,*,#2038,.T.);
#2637=ORIENTED_EDGE('',*,*,#2037,.F.);
#2638=ORIENTED_EDGE('',*,*,#2039,.T.);
#2639=ORIENTED_EDGE('',*,*,#2040,.T.);
#2640=ORIENTED_EDGE('',*,*,#2041,.T.);
#2641=ORIENTED_EDGE('',*,*,#2040,.F.);
#2642=ORIENTED_EDGE('',*,*,#2042,.T.);
#2643=ORIENTED_EDGE('',*,*,#2043,.T.);
#2644=ORIENTED_EDGE('',*,*,#2044,.T.);
#2645=ORIENTED_EDGE('',*,*,#2043,.F.);
#2646=ORIENTED_EDGE('',*,*,#2045,.T.);
#2647=ORIENTED_EDGE('',*,*,#2046,.T.);
#2648=ORIENTED_EDGE('',*,*,#2047,.T.);
#2649=ORIENTED_EDGE('',*,*,#2046,.F.);
#2650=ORIENTED_EDGE('',*,*,#2048,.T.);
#2651=ORIENTED_EDGE('',*,*,#2049,.T.);
#2652=ORIENTED_EDGE('',*,*,#2050,.T.);
#2653=ORIENTED_EDGE('',*,*,#2049,.F.);
#2654=ORIENTED_EDGE('',*,*,#2051,.T.);
#2655=ORIENTED_EDGE('',*,*,#2052,.T.);
#2656=ORIENTED_EDGE('',*,*,#2053,.T.);
#2657=ORIENTED_EDGE('',*,*,#2052,.F.);
#2658=ORIENTED_EDGE('',*,*,#2054,.T.);
#2659=ORIENTED_EDGE('',*,*,#2055,.T.);
#2660=ORIENTED_EDGE('',*,*,#2056,.T.);
#2661=ORIENTED_EDGE('',*,*,#2055,.F.);
#2662=ORIENTED_EDGE('',*,*,#2057,.T.);
#2663=ORIENTED_EDGE('',*,*,#2058,.T.);
#2664=ORIENTED_EDGE('',*,*,#2059,.T.);
#2665=ORIENTED_EDGE('',*,*,#2060,.T.);
#2666=ORIENTED_EDGE('',*,*,#2061,.T.);
#2667=ORIENTED_EDGE('',*,*,#2058,.F.);
#2668=ORIENTED_EDGE('',*,*,#2062,.T.);
#2669=ORIENTED_EDGE('',*,*,#2063,.T.);
#2670=ORIENTED_EDGE('',*,*,#2064,.T.);
#2671=ORIENTED_EDGE('',*,*,#2065,.T.);
#2672=ORIENTED_EDGE('',*,*,#2066,.T.);
#2673=ORIENTED_EDGE('',*,*,#2065,.F.);
#2674=ORIENTED_EDGE('',*,*,#2067,.T.);
#2675=ORIENTED_EDGE('',*,*,#2068,.T.);
#2676=ORIENTED_EDGE('',*,*,#2069,.T.);
#2677=ORIENTED_EDGE('',*,*,#2068,.F.);
#2678=ORIENTED_EDGE('',*,*,#2070,.T.);
#2679=ORIENTED_EDGE('',*,*,#2071,.T.);
#2680=ORIENTED_EDGE('',*,*,#2072,.T.);
#2681=ORIENTED_EDGE('',*,*,#2073,.T.);
#2682=ORIENTED_EDGE('',*,*,#2074,.T.);
#2683=ORIENTED_EDGE('',*,*,#2071,.F.);
#2684=ORIENTED_EDGE('',*,*,#2075,.T.);
#2685=ORIENTED_EDGE('',*,*,#2076,.T.);
#2686=ORIENTED_EDGE('',*,*,#2077,.T.);
#2687=ORIENTED_EDGE('',*,*,#2078,.T.);
#2688=ORIENTED_EDGE('',*,*,#2077,.F.);
#2689=ORIENTED_EDGE('',*,*,#2079,.T.);
#2690=ORIENTED_EDGE('',*,*,#2063,.F.);
#2691=ORIENTED_EDGE('',*,*,#2073,.F.);
#2692=ORIENTED_EDGE('',*,*,#2080,.T.);
#2693=ORIENTED_EDGE('',*,*,#2023,.F.);
#2694=ORIENTED_EDGE('',*,*,#2060,.F.);
#2695=ORIENTED_EDGE('',*,*,#2081,.T.);
#2696=ORIENTED_EDGE('',*,*,#2010,.F.);
#2697=ORIENTED_EDGE('',*,*,#2020,.F.);
#2698=ORIENTED_EDGE('',*,*,#2082,.T.);
#2699=ORIENTED_EDGE('',*,*,#2007,.F.);
#2700=ORIENTED_EDGE('',*,*,#2082,.F.);
#2701=ORIENTED_EDGE('',*,*,#2083,.T.);
#2702=ORIENTED_EDGE('',*,*,#2084,.T.);
#2703=ORIENTED_EDGE('',*,*,#2085,.T.);
#2704=ORIENTED_EDGE('',*,*,#2019,.F.);
#2705=ORIENTED_EDGE('',*,*,#2086,.F.);
#2706=ORIENTED_EDGE('',*,*,#2087,.F.);
#2707=ORIENTED_EDGE('',*,*,#2083,.F.);
#2708=ORIENTED_EDGE('',*,*,#2017,.F.);
#2709=ORIENTED_EDGE('',*,*,#2088,.T.);
#2710=ORIENTED_EDGE('',*,*,#2089,.F.);
#2711=ORIENTED_EDGE('',*,*,#2086,.T.);
#2712=ORIENTED_EDGE('',*,*,#2014,.F.);
#2713=ORIENTED_EDGE('',*,*,#2090,.F.);
#2714=ORIENTED_EDGE('',*,*,#2091,.F.);
#2715=ORIENTED_EDGE('',*,*,#2088,.F.);
#2716=ORIENTED_EDGE('',*,*,#2011,.F.);
#2717=ORIENTED_EDGE('',*,*,#2092,.F.);
#2718=ORIENTED_EDGE('',*,*,#2093,.F.);
#2719=ORIENTED_EDGE('',*,*,#2090,.T.);
#2720=ORIENTED_EDGE('',*,*,#2081,.F.);
#2721=ORIENTED_EDGE('',*,*,#2094,.T.);
#2722=ORIENTED_EDGE('',*,*,#2095,.T.);
#2723=ORIENTED_EDGE('',*,*,#2092,.T.);
#2724=ORIENTED_EDGE('',*,*,#2059,.F.);
#2725=ORIENTED_EDGE('',*,*,#2096,.F.);
#2726=ORIENTED_EDGE('',*,*,#2097,.F.);
#2727=ORIENTED_EDGE('',*,*,#2094,.F.);
#2728=ORIENTED_EDGE('',*,*,#2057,.F.);
#2729=ORIENTED_EDGE('',*,*,#2098,.F.);
#2730=ORIENTED_EDGE('',*,*,#2099,.F.);
#2731=ORIENTED_EDGE('',*,*,#2096,.T.);
#2732=ORIENTED_EDGE('',*,*,#2054,.F.);
#2733=ORIENTED_EDGE('',*,*,#2100,.T.);
#2734=ORIENTED_EDGE('',*,*,#2101,.F.);
#2735=ORIENTED_EDGE('',*,*,#2098,.T.);
#2736=ORIENTED_EDGE('',*,*,#2051,.F.);
#2737=ORIENTED_EDGE('',*,*,#2102,.T.);
#2738=ORIENTED_EDGE('',*,*,#2103,.T.);
#2739=ORIENTED_EDGE('',*,*,#2104,.F.);
#2740=ORIENTED_EDGE('',*,*,#2105,.F.);
#2741=ORIENTED_EDGE('',*,*,#2106,.F.);
#2742=ORIENTED_EDGE('',*,*,#2107,.F.);
#2743=ORIENTED_EDGE('',*,*,#2100,.F.);
#2744=ORIENTED_EDGE('',*,*,#2048,.F.);
#2745=ORIENTED_EDGE('',*,*,#2108,.T.);
#2746=ORIENTED_EDGE('',*,*,#2109,.T.);
#2747=ORIENTED_EDGE('',*,*,#2102,.F.);
#2748=ORIENTED_EDGE('',*,*,#2045,.F.);
#2749=ORIENTED_EDGE('',*,*,#2110,.F.);
#2750=ORIENTED_EDGE('',*,*,#2111,.F.);
#2751=ORIENTED_EDGE('',*,*,#2112,.T.);
#2752=ORIENTED_EDGE('',*,*,#2113,.F.);
#2753=ORIENTED_EDGE('',*,*,#2114,.T.);
#2754=ORIENTED_EDGE('',*,*,#2115,.T.);
#2755=ORIENTED_EDGE('',*,*,#2108,.F.);
#2756=ORIENTED_EDGE('',*,*,#2042,.F.);
#2757=ORIENTED_EDGE('',*,*,#2116,.T.);
#2758=ORIENTED_EDGE('',*,*,#2117,.F.);
#2759=ORIENTED_EDGE('',*,*,#2110,.T.);
#2760=ORIENTED_EDGE('',*,*,#2039,.F.);
#2761=ORIENTED_EDGE('',*,*,#2118,.T.);
#2762=ORIENTED_EDGE('',*,*,#2119,.T.);
#2763=ORIENTED_EDGE('',*,*,#2120,.F.);
#2764=ORIENTED_EDGE('',*,*,#2121,.F.);
#2765=ORIENTED_EDGE('',*,*,#2122,.F.);
#2766=ORIENTED_EDGE('',*,*,#2123,.F.);
#2767=ORIENTED_EDGE('',*,*,#2116,.F.);
#2768=ORIENTED_EDGE('',*,*,#2036,.F.);
#2769=ORIENTED_EDGE('',*,*,#2124,.T.);
#2770=ORIENTED_EDGE('',*,*,#2125,.T.);
#2771=ORIENTED_EDGE('',*,*,#2118,.F.);
#2772=ORIENTED_EDGE('',*,*,#2033,.F.);
#2773=ORIENTED_EDGE('',*,*,#2126,.F.);
#2774=ORIENTED_EDGE('',*,*,#2127,.F.);
#2775=ORIENTED_EDGE('',*,*,#2128,.T.);
#2776=ORIENTED_EDGE('',*,*,#2129,.F.);
#2777=ORIENTED_EDGE('',*,*,#2130,.T.);
#2778=ORIENTED_EDGE('',*,*,#2131,.T.);
#2779=ORIENTED_EDGE('',*,*,#2124,.F.);
#2780=ORIENTED_EDGE('',*,*,#2030,.F.);
#2781=ORIENTED_EDGE('',*,*,#2132,.T.);
#2782=ORIENTED_EDGE('',*,*,#2133,.F.);
#2783=ORIENTED_EDGE('',*,*,#2126,.T.);
#2784=ORIENTED_EDGE('',*,*,#2027,.F.);
#2785=ORIENTED_EDGE('',*,*,#2134,.T.);
#2786=ORIENTED_EDGE('',*,*,#2135,.F.);
#2787=ORIENTED_EDGE('',*,*,#2132,.F.);
#2788=ORIENTED_EDGE('',*,*,#2024,.F.);
#2789=ORIENTED_EDGE('',*,*,#2136,.F.);
#2790=ORIENTED_EDGE('',*,*,#2137,.F.);
#2791=ORIENTED_EDGE('',*,*,#2134,.F.);
#2792=ORIENTED_EDGE('',*,*,#2080,.F.);
#2793=ORIENTED_EDGE('',*,*,#2138,.T.);
#2794=ORIENTED_EDGE('',*,*,#2139,.T.);
#2795=ORIENTED_EDGE('',*,*,#2136,.T.);
#2796=ORIENTED_EDGE('',*,*,#2072,.F.);
#2797=ORIENTED_EDGE('',*,*,#2140,.F.);
#2798=ORIENTED_EDGE('',*,*,#2141,.F.);
#2799=ORIENTED_EDGE('',*,*,#2138,.F.);
#2800=ORIENTED_EDGE('',*,*,#2070,.F.);
#2801=ORIENTED_EDGE('',*,*,#2142,.T.);
#2802=ORIENTED_EDGE('',*,*,#2143,.F.);
#2803=ORIENTED_EDGE('',*,*,#2140,.T.);
#2804=ORIENTED_EDGE('',*,*,#2067,.F.);
#2805=ORIENTED_EDGE('',*,*,#2144,.F.);
#2806=ORIENTED_EDGE('',*,*,#2145,.F.);
#2807=ORIENTED_EDGE('',*,*,#2142,.F.);
#2808=ORIENTED_EDGE('',*,*,#2064,.F.);
#2809=ORIENTED_EDGE('',*,*,#2146,.F.);
#2810=ORIENTED_EDGE('',*,*,#2147,.F.);
#2811=ORIENTED_EDGE('',*,*,#2144,.T.);
#2812=ORIENTED_EDGE('',*,*,#2079,.F.);
#2813=ORIENTED_EDGE('',*,*,#2148,.T.);
#2814=ORIENTED_EDGE('',*,*,#2149,.T.);
#2815=ORIENTED_EDGE('',*,*,#2146,.T.);
#2816=ORIENTED_EDGE('',*,*,#2076,.F.);
#2817=ORIENTED_EDGE('',*,*,#2150,.T.);
#2818=ORIENTED_EDGE('',*,*,#2151,.F.);
#2819=ORIENTED_EDGE('',*,*,#2148,.F.);
#2820=ORIENTED_EDGE('',*,*,#2152,.F.);
#2821=ORIENTED_EDGE('',*,*,#2153,.F.);
#2822=ORIENTED_EDGE('',*,*,#2154,.F.);
#2823=ORIENTED_EDGE('',*,*,#2155,.F.);
#2824=ORIENTED_EDGE('',*,*,#2156,.F.);
#2825=ORIENTED_EDGE('',*,*,#2155,.T.);
#2826=ORIENTED_EDGE('',*,*,#2157,.F.);
#2827=ORIENTED_EDGE('',*,*,#2158,.F.);
#2828=ORIENTED_EDGE('',*,*,#2159,.F.);
#2829=ORIENTED_EDGE('',*,*,#2154,.T.);
#2830=ORIENTED_EDGE('',*,*,#2160,.F.);
#2831=ORIENTED_EDGE('',*,*,#2161,.F.);
#2832=ORIENTED_EDGE('',*,*,#2157,.T.);
#2833=ORIENTED_EDGE('',*,*,#2162,.F.);
#2834=ORIENTED_EDGE('',*,*,#2163,.F.);
#2835=ORIENTED_EDGE('',*,*,#2160,.T.);
#2836=ORIENTED_EDGE('',*,*,#2153,.T.);
#2837=ORIENTED_EDGE('',*,*,#2075,.F.);
#2838=ORIENTED_EDGE('',*,*,#2164,.F.);
#2839=ORIENTED_EDGE('',*,*,#2165,.F.);
#2840=ORIENTED_EDGE('',*,*,#2162,.T.);
#2841=ORIENTED_EDGE('',*,*,#2152,.T.);
#2842=ORIENTED_EDGE('',*,*,#2166,.F.);
#2843=ORIENTED_EDGE('',*,*,#2167,.F.);
#2844=ORIENTED_EDGE('',*,*,#2168,.F.);
#2845=ORIENTED_EDGE('',*,*,#2150,.F.);
#2846=ORIENTED_EDGE('',*,*,#2156,.T.);
#2847=ORIENTED_EDGE('',*,*,#2159,.T.);
#2848=ORIENTED_EDGE('',*,*,#2169,.T.);
#2849=ORIENTED_EDGE('',*,*,#2170,.T.);
#2850=ORIENTED_EDGE('',*,*,#2129,.T.);
#2851=ORIENTED_EDGE('',*,*,#2171,.T.);
#2852=ORIENTED_EDGE('',*,*,#2121,.T.);
#2853=ORIENTED_EDGE('',*,*,#2172,.T.);
#2854=ORIENTED_EDGE('',*,*,#2113,.T.);
#2855=ORIENTED_EDGE('',*,*,#2173,.T.);
#2856=ORIENTED_EDGE('',*,*,#2105,.T.);
#2857=ORIENTED_EDGE('',*,*,#2174,.T.);
#2858=ORIENTED_EDGE('',*,*,#2175,.T.);
#2859=ORIENTED_EDGE('',*,*,#2176,.T.);
#2860=ORIENTED_EDGE('',*,*,#2177,.T.);
#2861=ORIENTED_EDGE('',*,*,#2178,.T.);
#2862=ORIENTED_EDGE('',*,*,#2179,.T.);
#2863=ORIENTED_EDGE('',*,*,#2180,.T.);
#2864=ORIENTED_EDGE('',*,*,#2181,.T.);
#2865=ORIENTED_EDGE('',*,*,#2166,.T.);
#2866=ORIENTED_EDGE('',*,*,#2182,.F.);
#2867=ORIENTED_EDGE('',*,*,#2176,.F.);
#2868=ORIENTED_EDGE('',*,*,#2183,.F.);
#2869=ORIENTED_EDGE('',*,*,#2184,.T.);
#2870=ORIENTED_EDGE('',*,*,#2185,.F.);
#2871=ORIENTED_EDGE('',*,*,#2184,.F.);
#2872=ORIENTED_EDGE('',*,*,#2186,.F.);
#2873=ORIENTED_EDGE('',*,*,#2187,.T.);
#2874=ORIENTED_EDGE('',*,*,#2188,.F.);
#2875=ORIENTED_EDGE('',*,*,#2189,.F.);
#2876=ORIENTED_EDGE('',*,*,#2187,.F.);
#2877=ORIENTED_EDGE('',*,*,#2190,.F.);
#2878=ORIENTED_EDGE('',*,*,#2191,.F.);
#2879=ORIENTED_EDGE('',*,*,#2177,.F.);
#2880=ORIENTED_EDGE('',*,*,#2182,.T.);
#2881=ORIENTED_EDGE('',*,*,#2185,.T.);
#2882=ORIENTED_EDGE('',*,*,#2189,.T.);
#2883=ORIENTED_EDGE('',*,*,#2190,.T.);
#2884=ORIENTED_EDGE('',*,*,#2186,.T.);
#2885=ORIENTED_EDGE('',*,*,#2183,.T.);
#2886=ORIENTED_EDGE('',*,*,#2175,.F.);
#2887=ORIENTED_EDGE('',*,*,#2192,.T.);
#2888=ORIENTED_EDGE('',*,*,#2193,.T.);
#2889=ORIENTED_EDGE('',*,*,#2194,.T.);
#2890=ORIENTED_EDGE('',*,*,#2195,.T.);
#2891=ORIENTED_EDGE('',*,*,#2196,.F.);
#2892=ORIENTED_EDGE('',*,*,#2197,.F.);
#2893=ORIENTED_EDGE('',*,*,#2198,.T.);
#2894=ORIENTED_EDGE('',*,*,#2199,.T.);
#2895=ORIENTED_EDGE('',*,*,#2200,.T.);
#2896=ORIENTED_EDGE('',*,*,#2201,.F.);
#2897=ORIENTED_EDGE('',*,*,#2200,.F.);
#2898=ORIENTED_EDGE('',*,*,#2202,.F.);
#2899=ORIENTED_EDGE('',*,*,#2203,.F.);
#2900=ORIENTED_EDGE('',*,*,#2204,.F.);
#2901=ORIENTED_EDGE('',*,*,#2205,.F.);
#2902=ORIENTED_EDGE('',*,*,#2206,.T.);
#2903=ORIENTED_EDGE('',*,*,#2198,.F.);
#2904=ORIENTED_EDGE('',*,*,#2207,.F.);
#2905=ORIENTED_EDGE('',*,*,#2208,.T.);
#2906=ORIENTED_EDGE('',*,*,#2209,.T.);
#2907=ORIENTED_EDGE('',*,*,#2210,.T.);
#2908=ORIENTED_EDGE('',*,*,#2211,.F.);
#2909=ORIENTED_EDGE('',*,*,#2210,.F.);
#2910=ORIENTED_EDGE('',*,*,#2212,.F.);
#2911=ORIENTED_EDGE('',*,*,#2213,.F.);
#2912=ORIENTED_EDGE('',*,*,#2214,.F.);
#2913=ORIENTED_EDGE('',*,*,#2215,.F.);
#2914=ORIENTED_EDGE('',*,*,#2216,.T.);
#2915=ORIENTED_EDGE('',*,*,#2208,.F.);
#2916=ORIENTED_EDGE('',*,*,#2217,.F.);
#2917=ORIENTED_EDGE('',*,*,#2218,.T.);
#2918=ORIENTED_EDGE('',*,*,#2219,.T.);
#2919=ORIENTED_EDGE('',*,*,#2220,.T.);
#2920=ORIENTED_EDGE('',*,*,#2221,.F.);
#2921=ORIENTED_EDGE('',*,*,#2220,.F.);
#2922=ORIENTED_EDGE('',*,*,#2222,.F.);
#2923=ORIENTED_EDGE('',*,*,#2223,.F.);
#2924=ORIENTED_EDGE('',*,*,#2224,.F.);
#2925=ORIENTED_EDGE('',*,*,#2225,.F.);
#2926=ORIENTED_EDGE('',*,*,#2226,.T.);
#2927=ORIENTED_EDGE('',*,*,#2218,.F.);
#2928=ORIENTED_EDGE('',*,*,#2213,.T.);
#2929=ORIENTED_EDGE('',*,*,#2227,.F.);
#2930=ORIENTED_EDGE('',*,*,#2119,.F.);
#2931=ORIENTED_EDGE('',*,*,#2125,.F.);
#2932=ORIENTED_EDGE('',*,*,#2131,.F.);
#2933=ORIENTED_EDGE('',*,*,#2228,.F.);
#2934=ORIENTED_EDGE('',*,*,#2225,.T.);
#2935=ORIENTED_EDGE('',*,*,#2229,.F.);
#2936=ORIENTED_EDGE('',*,*,#2223,.T.);
#2937=ORIENTED_EDGE('',*,*,#2230,.F.);
#2938=ORIENTED_EDGE('',*,*,#2231,.F.);
#2939=ORIENTED_EDGE('',*,*,#2232,.F.);
#2940=ORIENTED_EDGE('',*,*,#2203,.T.);
#2941=ORIENTED_EDGE('',*,*,#2233,.F.);
#2942=ORIENTED_EDGE('',*,*,#2103,.F.);
#2943=ORIENTED_EDGE('',*,*,#2109,.F.);
#2944=ORIENTED_EDGE('',*,*,#2115,.F.);
#2945=ORIENTED_EDGE('',*,*,#2234,.F.);
#2946=ORIENTED_EDGE('',*,*,#2215,.T.);
#2947=ORIENTED_EDGE('',*,*,#2235,.F.);
#2948=ORIENTED_EDGE('',*,*,#2204,.T.);
#2949=ORIENTED_EDGE('',*,*,#2197,.T.);
#2950=ORIENTED_EDGE('',*,*,#2201,.T.);
#2951=ORIENTED_EDGE('',*,*,#2235,.T.);
#2952=ORIENTED_EDGE('',*,*,#2214,.T.);
#2953=ORIENTED_EDGE('',*,*,#2207,.T.);
#2954=ORIENTED_EDGE('',*,*,#2211,.T.);
#2955=ORIENTED_EDGE('',*,*,#2229,.T.);
#2956=ORIENTED_EDGE('',*,*,#2224,.T.);
#2957=ORIENTED_EDGE('',*,*,#2217,.T.);
#2958=ORIENTED_EDGE('',*,*,#2221,.T.);
#2959=ORIENTED_EDGE('',*,*,#2232,.T.);
#2960=ORIENTED_EDGE('',*,*,#2236,.T.);
#2961=ORIENTED_EDGE('',*,*,#2237,.T.);
#2962=ORIENTED_EDGE('',*,*,#2238,.T.);
#2963=ORIENTED_EDGE('',*,*,#2239,.T.);
#2964=ORIENTED_EDGE('',*,*,#2194,.F.);
#2965=ORIENTED_EDGE('',*,*,#2240,.T.);
#2966=ORIENTED_EDGE('',*,*,#2241,.T.);
#2967=ORIENTED_EDGE('',*,*,#2242,.T.);
#2968=ORIENTED_EDGE('',*,*,#2205,.T.);
#2969=ORIENTED_EDGE('',*,*,#2242,.F.);
#2970=ORIENTED_EDGE('',*,*,#2243,.F.);
#2971=ORIENTED_EDGE('',*,*,#2244,.F.);
#2972=ORIENTED_EDGE('',*,*,#2172,.F.);
#2973=ORIENTED_EDGE('',*,*,#2120,.T.);
#2974=ORIENTED_EDGE('',*,*,#2227,.T.);
#2975=ORIENTED_EDGE('',*,*,#2212,.T.);
#2976=ORIENTED_EDGE('',*,*,#2209,.F.);
#2977=ORIENTED_EDGE('',*,*,#2216,.F.);
#2978=ORIENTED_EDGE('',*,*,#2234,.T.);
#2979=ORIENTED_EDGE('',*,*,#2114,.F.);
#2980=ORIENTED_EDGE('',*,*,#2237,.F.);
#2981=ORIENTED_EDGE('',*,*,#2245,.F.);
#2982=ORIENTED_EDGE('',*,*,#2246,.F.);
#2983=ORIENTED_EDGE('',*,*,#2247,.F.);
#2984=ORIENTED_EDGE('',*,*,#2170,.F.);
#2985=ORIENTED_EDGE('',*,*,#2248,.F.);
#2986=ORIENTED_EDGE('',*,*,#2246,.T.);
#2987=ORIENTED_EDGE('',*,*,#2249,.F.);
#2988=ORIENTED_EDGE('',*,*,#2230,.T.);
#2989=ORIENTED_EDGE('',*,*,#2222,.T.);
#2990=ORIENTED_EDGE('',*,*,#2219,.F.);
#2991=ORIENTED_EDGE('',*,*,#2226,.F.);
#2992=ORIENTED_EDGE('',*,*,#2228,.T.);
#2993=ORIENTED_EDGE('',*,*,#2130,.F.);
#2994=ORIENTED_EDGE('',*,*,#2231,.T.);
#2995=ORIENTED_EDGE('',*,*,#2249,.T.);
#2996=ORIENTED_EDGE('',*,*,#2245,.T.);
#2997=ORIENTED_EDGE('',*,*,#2236,.F.);
#2998=ORIENTED_EDGE('',*,*,#2163,.T.);
#2999=ORIENTED_EDGE('',*,*,#2165,.T.);
#3000=ORIENTED_EDGE('',*,*,#2250,.T.);
#3001=ORIENTED_EDGE('',*,*,#2238,.F.);
#3002=ORIENTED_EDGE('',*,*,#2247,.T.);
#3003=ORIENTED_EDGE('',*,*,#2248,.T.);
#3004=ORIENTED_EDGE('',*,*,#2169,.F.);
#3005=ORIENTED_EDGE('',*,*,#2158,.T.);
#3006=ORIENTED_EDGE('',*,*,#2161,.T.);
#3007=ORIENTED_EDGE('',*,*,#2240,.F.);
#3008=ORIENTED_EDGE('',*,*,#2193,.F.);
#3009=ORIENTED_EDGE('',*,*,#2251,.T.);
#3010=ORIENTED_EDGE('',*,*,#2252,.T.);
#3011=ORIENTED_EDGE('',*,*,#2243,.T.);
#3012=ORIENTED_EDGE('',*,*,#2241,.F.);
#3013=ORIENTED_EDGE('',*,*,#2252,.F.);
#3014=ORIENTED_EDGE('',*,*,#2253,.F.);
#3015=ORIENTED_EDGE('',*,*,#2174,.F.);
#3016=ORIENTED_EDGE('',*,*,#2104,.T.);
#3017=ORIENTED_EDGE('',*,*,#2233,.T.);
#3018=ORIENTED_EDGE('',*,*,#2202,.T.);
#3019=ORIENTED_EDGE('',*,*,#2199,.F.);
#3020=ORIENTED_EDGE('',*,*,#2206,.F.);
#3021=ORIENTED_EDGE('',*,*,#2244,.T.);
#3022=ORIENTED_EDGE('',*,*,#2253,.T.);
#3023=ORIENTED_EDGE('',*,*,#2251,.F.);
#3024=ORIENTED_EDGE('',*,*,#2192,.F.);
#3025=ORIENTED_EDGE('',*,*,#2173,.F.);
#3026=ORIENTED_EDGE('',*,*,#2112,.F.);
#3027=ORIENTED_EDGE('',*,*,#2254,.F.);
#3028=ORIENTED_EDGE('',*,*,#2106,.T.);
#3029=ORIENTED_EDGE('',*,*,#2171,.F.);
#3030=ORIENTED_EDGE('',*,*,#2128,.F.);
#3031=ORIENTED_EDGE('',*,*,#2255,.F.);
#3032=ORIENTED_EDGE('',*,*,#2122,.T.);
#3033=ORIENTED_EDGE('',*,*,#2107,.T.);
#3034=ORIENTED_EDGE('',*,*,#2254,.T.);
#3035=ORIENTED_EDGE('',*,*,#2111,.T.);
#3036=ORIENTED_EDGE('',*,*,#2117,.T.);
#3037=ORIENTED_EDGE('',*,*,#2123,.T.);
#3038=ORIENTED_EDGE('',*,*,#2255,.T.);
#3039=ORIENTED_EDGE('',*,*,#2127,.T.);
#3040=ORIENTED_EDGE('',*,*,#2133,.T.);
#3041=ORIENTED_EDGE('',*,*,#2135,.T.);
#3042=ORIENTED_EDGE('',*,*,#2137,.T.);
#3043=ORIENTED_EDGE('',*,*,#2139,.F.);
#3044=ORIENTED_EDGE('',*,*,#2141,.T.);
#3045=ORIENTED_EDGE('',*,*,#2143,.T.);
#3046=ORIENTED_EDGE('',*,*,#2145,.T.);
#3047=ORIENTED_EDGE('',*,*,#2147,.T.);
#3048=ORIENTED_EDGE('',*,*,#2149,.F.);
#3049=ORIENTED_EDGE('',*,*,#2151,.T.);
#3050=ORIENTED_EDGE('',*,*,#2168,.T.);
#3051=ORIENTED_EDGE('',*,*,#2256,.F.);
#3052=ORIENTED_EDGE('',*,*,#2257,.T.);
#3053=ORIENTED_EDGE('',*,*,#2258,.T.);
#3054=ORIENTED_EDGE('',*,*,#2259,.F.);
#3055=ORIENTED_EDGE('',*,*,#2260,.T.);
#3056=ORIENTED_EDGE('',*,*,#2084,.F.);
#3057=ORIENTED_EDGE('',*,*,#2087,.T.);
#3058=ORIENTED_EDGE('',*,*,#2089,.T.);
#3059=ORIENTED_EDGE('',*,*,#2091,.T.);
#3060=ORIENTED_EDGE('',*,*,#2093,.T.);
#3061=ORIENTED_EDGE('',*,*,#2095,.F.);
#3062=ORIENTED_EDGE('',*,*,#2097,.T.);
#3063=ORIENTED_EDGE('',*,*,#2099,.T.);
#3064=ORIENTED_EDGE('',*,*,#2101,.T.);
#3065=ORIENTED_EDGE('',*,*,#2167,.T.);
#3066=ORIENTED_EDGE('',*,*,#2181,.F.);
#3067=ORIENTED_EDGE('',*,*,#2261,.T.);
#3068=ORIENTED_EDGE('',*,*,#2256,.T.);
#3069=ORIENTED_EDGE('',*,*,#2262,.F.);
#3070=ORIENTED_EDGE('',*,*,#2257,.F.);
#3071=ORIENTED_EDGE('',*,*,#2261,.F.);
#3072=ORIENTED_EDGE('',*,*,#2180,.F.);
#3073=ORIENTED_EDGE('',*,*,#2005,.F.);
#3074=ORIENTED_EDGE('',*,*,#2263,.T.);
#3075=ORIENTED_EDGE('',*,*,#2259,.T.);
#3076=ORIENTED_EDGE('',*,*,#2264,.T.);
#3077=ORIENTED_EDGE('',*,*,#2178,.F.);
#3078=ORIENTED_EDGE('',*,*,#2191,.T.);
#3079=ORIENTED_EDGE('',*,*,#2188,.T.);
#3080=ORIENTED_EDGE('',*,*,#2196,.T.);
#3081=ORIENTED_EDGE('',*,*,#2265,.F.);
#3082=ORIENTED_EDGE('',*,*,#2264,.F.);
#3083=ORIENTED_EDGE('',*,*,#2258,.F.);
#3084=ORIENTED_EDGE('',*,*,#2262,.T.);
#3085=ORIENTED_EDGE('',*,*,#2179,.F.);
#3086=ORIENTED_EDGE('',*,*,#2008,.F.);
#3087=ORIENTED_EDGE('',*,*,#2085,.F.);
#3088=ORIENTED_EDGE('',*,*,#2260,.F.);
#3089=ORIENTED_EDGE('',*,*,#2263,.F.);
#3090=ORIENTED_EDGE('',*,*,#2006,.F.);
#3091=ORIENTED_EDGE('',*,*,#2265,.T.);
#3092=ORIENTED_EDGE('',*,*,#2195,.F.);
#3093=ORIENTED_EDGE('',*,*,#2239,.F.);
#3094=ORIENTED_EDGE('',*,*,#2250,.F.);
#3095=ORIENTED_EDGE('',*,*,#2164,.T.);
#3096=ORIENTED_EDGE('',*,*,#2078,.F.);
#3097=ORIENTED_EDGE('',*,*,#2062,.F.);
#3098=ORIENTED_EDGE('',*,*,#2066,.F.);
#3099=ORIENTED_EDGE('',*,*,#2069,.F.);
#3100=ORIENTED_EDGE('',*,*,#2074,.F.);
#3101=ORIENTED_EDGE('',*,*,#2022,.F.);
#3102=ORIENTED_EDGE('',*,*,#2026,.F.);
#3103=ORIENTED_EDGE('',*,*,#2029,.F.);
#3104=ORIENTED_EDGE('',*,*,#2032,.F.);
#3105=ORIENTED_EDGE('',*,*,#2035,.F.);
#3106=ORIENTED_EDGE('',*,*,#2038,.F.);
#3107=ORIENTED_EDGE('',*,*,#2041,.F.);
#3108=ORIENTED_EDGE('',*,*,#2044,.F.);
#3109=ORIENTED_EDGE('',*,*,#2047,.F.);
#3110=ORIENTED_EDGE('',*,*,#2050,.F.);
#3111=ORIENTED_EDGE('',*,*,#2053,.F.);
#3112=ORIENTED_EDGE('',*,*,#2056,.F.);
#3113=ORIENTED_EDGE('',*,*,#2061,.F.);
#3114=ORIENTED_EDGE('',*,*,#2009,.F.);
#3115=ORIENTED_EDGE('',*,*,#2013,.F.);
#3116=ORIENTED_EDGE('',*,*,#2016,.F.);
#3117=ORIENTED_EDGE('',*,*,#2021,.F.);
#3118=ORIENTED_EDGE('',*,*,#2266,.F.);
#3119=ORIENTED_EDGE('',*,*,#2267,.F.);
#3120=ORIENTED_EDGE('',*,*,#2268,.T.);
#3121=ORIENTED_EDGE('',*,*,#2269,.F.);
#3122=ORIENTED_EDGE('',*,*,#2270,.F.);
#3123=ORIENTED_EDGE('',*,*,#2268,.F.);
#3124=ORIENTED_EDGE('',*,*,#2271,.F.);
#3125=ORIENTED_EDGE('',*,*,#2272,.T.);
#3126=ORIENTED_EDGE('',*,*,#2273,.F.);
#3127=ORIENTED_EDGE('',*,*,#2274,.T.);
#3128=ORIENTED_EDGE('',*,*,#2275,.T.);
#3129=ORIENTED_EDGE('',*,*,#2269,.T.);
#3130=ORIENTED_EDGE('',*,*,#2270,.T.);
#3131=ORIENTED_EDGE('',*,*,#2276,.F.);
#3132=ORIENTED_EDGE('',*,*,#2277,.F.);
#3133=ORIENTED_EDGE('',*,*,#2278,.T.);
#3134=ORIENTED_EDGE('',*,*,#2273,.T.);
#3135=ORIENTED_EDGE('',*,*,#2279,.F.);
#3136=ORIENTED_EDGE('',*,*,#2280,.F.);
#3137=ORIENTED_EDGE('',*,*,#2281,.T.);
#3138=ORIENTED_EDGE('',*,*,#2277,.T.);
#3139=ORIENTED_EDGE('',*,*,#2282,.T.);
#3140=ORIENTED_EDGE('',*,*,#2271,.T.);
#3141=ORIENTED_EDGE('',*,*,#2267,.T.);
#3142=ORIENTED_EDGE('',*,*,#2266,.T.);
#3143=ORIENTED_EDGE('',*,*,#2275,.F.);
#3144=ORIENTED_EDGE('',*,*,#2283,.T.);
#3145=ORIENTED_EDGE('',*,*,#2280,.T.);
#3146=ORIENTED_EDGE('',*,*,#2279,.T.);
#3147=ORIENTED_EDGE('',*,*,#2276,.T.);
#3148=ORIENTED_EDGE('',*,*,#2272,.F.);
#3149=ORIENTED_EDGE('',*,*,#2282,.F.);
#3150=ORIENTED_EDGE('',*,*,#2278,.F.);
#3151=ORIENTED_EDGE('',*,*,#2281,.F.);
#3152=ORIENTED_EDGE('',*,*,#2283,.F.);
#3153=ORIENTED_EDGE('',*,*,#2274,.F.);
#3154=ORIENTED_EDGE('',*,*,#2284,.F.);
#3155=ORIENTED_EDGE('',*,*,#2285,.F.);
#3156=ORIENTED_EDGE('',*,*,#2286,.T.);
#3157=ORIENTED_EDGE('',*,*,#2287,.F.);
#3158=ORIENTED_EDGE('',*,*,#2288,.F.);
#3159=ORIENTED_EDGE('',*,*,#2286,.F.);
#3160=ORIENTED_EDGE('',*,*,#2289,.F.);
#3161=ORIENTED_EDGE('',*,*,#2290,.T.);
#3162=ORIENTED_EDGE('',*,*,#2291,.F.);
#3163=ORIENTED_EDGE('',*,*,#2292,.T.);
#3164=ORIENTED_EDGE('',*,*,#2293,.T.);
#3165=ORIENTED_EDGE('',*,*,#2294,.F.);
#3166=ORIENTED_EDGE('',*,*,#2295,.F.);
#3167=ORIENTED_EDGE('',*,*,#2296,.T.);
#3168=ORIENTED_EDGE('',*,*,#2291,.T.);
#3169=ORIENTED_EDGE('',*,*,#2297,.T.);
#3170=ORIENTED_EDGE('',*,*,#2289,.T.);
#3171=ORIENTED_EDGE('',*,*,#2285,.T.);
#3172=ORIENTED_EDGE('',*,*,#2284,.T.);
#3173=ORIENTED_EDGE('',*,*,#2298,.F.);
#3174=ORIENTED_EDGE('',*,*,#2299,.T.);
#3175=ORIENTED_EDGE('',*,*,#2295,.T.);
#3176=ORIENTED_EDGE('',*,*,#2293,.F.);
#3177=ORIENTED_EDGE('',*,*,#2300,.T.);
#3178=ORIENTED_EDGE('',*,*,#2298,.T.);
#3179=ORIENTED_EDGE('',*,*,#2287,.T.);
#3180=ORIENTED_EDGE('',*,*,#2288,.T.);
#3181=ORIENTED_EDGE('',*,*,#2301,.F.);
#3182=ORIENTED_EDGE('',*,*,#2297,.F.);
#3183=ORIENTED_EDGE('',*,*,#2294,.T.);
#3184=ORIENTED_EDGE('',*,*,#2301,.T.);
#3185=ORIENTED_EDGE('',*,*,#2290,.F.);
#3186=ORIENTED_EDGE('',*,*,#2296,.F.);
#3187=ORIENTED_EDGE('',*,*,#2299,.F.);
#3188=ORIENTED_EDGE('',*,*,#2300,.F.);
#3189=ORIENTED_EDGE('',*,*,#2292,.F.);
#3190=ORIENTED_EDGE('',*,*,#2302,.F.);
#3191=ORIENTED_EDGE('',*,*,#2303,.F.);
#3192=ORIENTED_EDGE('',*,*,#2304,.T.);
#3193=ORIENTED_EDGE('',*,*,#2305,.F.);
#3194=ORIENTED_EDGE('',*,*,#2306,.F.);
#3195=ORIENTED_EDGE('',*,*,#2304,.F.);
#3196=ORIENTED_EDGE('',*,*,#2307,.F.);
#3197=ORIENTED_EDGE('',*,*,#2308,.T.);
#3198=ORIENTED_EDGE('',*,*,#2302,.T.);
#3199=ORIENTED_EDGE('',*,*,#2309,.F.);
#3200=ORIENTED_EDGE('',*,*,#2310,.T.);
#3201=ORIENTED_EDGE('',*,*,#2311,.T.);
#3202=ORIENTED_EDGE('',*,*,#2312,.F.);
#3203=ORIENTED_EDGE('',*,*,#2313,.T.);
#3204=ORIENTED_EDGE('',*,*,#2309,.T.);
#3205=ORIENTED_EDGE('',*,*,#2305,.T.);
#3206=ORIENTED_EDGE('',*,*,#2306,.T.);
#3207=ORIENTED_EDGE('',*,*,#2314,.F.);
#3208=ORIENTED_EDGE('',*,*,#2315,.F.);
#3209=ORIENTED_EDGE('',*,*,#2316,.T.);
#3210=ORIENTED_EDGE('',*,*,#2312,.T.);
#3211=ORIENTED_EDGE('',*,*,#2317,.F.);
#3212=ORIENTED_EDGE('',*,*,#2311,.F.);
#3213=ORIENTED_EDGE('',*,*,#2318,.T.);
#3214=ORIENTED_EDGE('',*,*,#2315,.T.);
#3215=ORIENTED_EDGE('',*,*,#2319,.T.);
#3216=ORIENTED_EDGE('',*,*,#2307,.T.);
#3217=ORIENTED_EDGE('',*,*,#2303,.T.);
#3218=ORIENTED_EDGE('',*,*,#2314,.T.);
#3219=ORIENTED_EDGE('',*,*,#2308,.F.);
#3220=ORIENTED_EDGE('',*,*,#2319,.F.);
#3221=ORIENTED_EDGE('',*,*,#2317,.T.);
#3222=ORIENTED_EDGE('',*,*,#2313,.F.);
#3223=ORIENTED_EDGE('',*,*,#2316,.F.);
#3224=ORIENTED_EDGE('',*,*,#2318,.F.);
#3225=ORIENTED_EDGE('',*,*,#2310,.F.);
#3226=ORIENTED_EDGE('',*,*,#2320,.T.);
#3227=ORIENTED_EDGE('',*,*,#2321,.T.);
#3228=ORIENTED_EDGE('',*,*,#2322,.T.);
#3229=ORIENTED_EDGE('',*,*,#2323,.T.);
#3230=ORIENTED_EDGE('',*,*,#2323,.F.);
#3231=ORIENTED_EDGE('',*,*,#2324,.F.);
#3232=ORIENTED_EDGE('',*,*,#2325,.F.);
#3233=ORIENTED_EDGE('',*,*,#2326,.F.);
#3234=ORIENTED_EDGE('',*,*,#2322,.F.);
#3235=ORIENTED_EDGE('',*,*,#2327,.T.);
#3236=ORIENTED_EDGE('',*,*,#2328,.F.);
#3237=ORIENTED_EDGE('',*,*,#2329,.F.);
#3238=ORIENTED_EDGE('',*,*,#2330,.F.);
#3239=ORIENTED_EDGE('',*,*,#2324,.T.);
#3240=ORIENTED_EDGE('',*,*,#2330,.T.);
#3241=ORIENTED_EDGE('',*,*,#2331,.T.);
#3242=ORIENTED_EDGE('',*,*,#2332,.T.);
#3243=ORIENTED_EDGE('',*,*,#2325,.T.);
#3244=ORIENTED_EDGE('',*,*,#2331,.F.);
#3245=ORIENTED_EDGE('',*,*,#2329,.T.);
#3246=ORIENTED_EDGE('',*,*,#2333,.F.);
#3247=ORIENTED_EDGE('',*,*,#2334,.F.);
#3248=ORIENTED_EDGE('',*,*,#2321,.F.);
#3249=ORIENTED_EDGE('',*,*,#2335,.T.);
#3250=ORIENTED_EDGE('',*,*,#2336,.F.);
#3251=ORIENTED_EDGE('',*,*,#2327,.F.);
#3252=ORIENTED_EDGE('',*,*,#2320,.F.);
#3253=ORIENTED_EDGE('',*,*,#2326,.T.);
#3254=ORIENTED_EDGE('',*,*,#2332,.F.);
#3255=ORIENTED_EDGE('',*,*,#2334,.T.);
#3256=ORIENTED_EDGE('',*,*,#2337,.F.);
#3257=ORIENTED_EDGE('',*,*,#2335,.F.);
#3258=ORIENTED_EDGE('',*,*,#2337,.T.);
#3259=ORIENTED_EDGE('',*,*,#2333,.T.);
#3260=ORIENTED_EDGE('',*,*,#2328,.T.);
#3261=ORIENTED_EDGE('',*,*,#2336,.T.);
#3262=ORIENTED_EDGE('',*,*,#2338,.T.);
#3263=ORIENTED_EDGE('',*,*,#2339,.T.);
#3264=ORIENTED_EDGE('',*,*,#2340,.T.);
#3265=ORIENTED_EDGE('',*,*,#2341,.T.);
#3266=ORIENTED_EDGE('',*,*,#2339,.F.);
#3267=ORIENTED_EDGE('',*,*,#2342,.T.);
#3268=ORIENTED_EDGE('',*,*,#2343,.F.);
#3269=ORIENTED_EDGE('',*,*,#2344,.F.);
#3270=ORIENTED_EDGE('',*,*,#2338,.F.);
#3271=ORIENTED_EDGE('',*,*,#2345,.T.);
#3272=ORIENTED_EDGE('',*,*,#2346,.F.);
#3273=ORIENTED_EDGE('',*,*,#2347,.T.);
#3274=ORIENTED_EDGE('',*,*,#2348,.F.);
#3275=ORIENTED_EDGE('',*,*,#2342,.F.);
#3276=ORIENTED_EDGE('',*,*,#2349,.T.);
#3277=ORIENTED_EDGE('',*,*,#2350,.T.);
#3278=ORIENTED_EDGE('',*,*,#2346,.T.);
#3279=ORIENTED_EDGE('',*,*,#2351,.T.);
#3280=ORIENTED_EDGE('',*,*,#2350,.F.);
#3281=ORIENTED_EDGE('',*,*,#2352,.T.);
#3282=ORIENTED_EDGE('',*,*,#2353,.F.);
#3283=ORIENTED_EDGE('',*,*,#2347,.F.);
#3284=ORIENTED_EDGE('',*,*,#2340,.F.);
#3285=ORIENTED_EDGE('',*,*,#2344,.T.);
#3286=ORIENTED_EDGE('',*,*,#2354,.F.);
#3287=ORIENTED_EDGE('',*,*,#2352,.F.);
#3288=ORIENTED_EDGE('',*,*,#2349,.F.);
#3289=ORIENTED_EDGE('',*,*,#2355,.T.);
#3290=ORIENTED_EDGE('',*,*,#2354,.T.);
#3291=ORIENTED_EDGE('',*,*,#2343,.T.);
#3292=ORIENTED_EDGE('',*,*,#2348,.T.);
#3293=ORIENTED_EDGE('',*,*,#2353,.T.);
#3294=ORIENTED_EDGE('',*,*,#2341,.F.);
#3295=ORIENTED_EDGE('',*,*,#2355,.F.);
#3296=ORIENTED_EDGE('',*,*,#2351,.F.);
#3297=ORIENTED_EDGE('',*,*,#2345,.F.);
#3298=ORIENTED_EDGE('',*,*,#2356,.T.);
#3299=ORIENTED_EDGE('',*,*,#2357,.T.);
#3300=ORIENTED_EDGE('',*,*,#2358,.F.);
#3301=ORIENTED_EDGE('',*,*,#2359,.F.);
#3302=ORIENTED_EDGE('',*,*,#2360,.T.);
#3303=ORIENTED_EDGE('',*,*,#2359,.T.);
#3304=ORIENTED_EDGE('',*,*,#2361,.F.);
#3305=ORIENTED_EDGE('',*,*,#2362,.F.);
#3306=ORIENTED_EDGE('',*,*,#2363,.T.);
#3307=ORIENTED_EDGE('',*,*,#2362,.T.);
#3308=ORIENTED_EDGE('',*,*,#2364,.F.);
#3309=ORIENTED_EDGE('',*,*,#2365,.F.);
#3310=ORIENTED_EDGE('',*,*,#2366,.T.);
#3311=ORIENTED_EDGE('',*,*,#2365,.T.);
#3312=ORIENTED_EDGE('',*,*,#2367,.F.);
#3313=ORIENTED_EDGE('',*,*,#2368,.F.);
#3314=ORIENTED_EDGE('',*,*,#2369,.T.);
#3315=ORIENTED_EDGE('',*,*,#2368,.T.);
#3316=ORIENTED_EDGE('',*,*,#2370,.F.);
#3317=ORIENTED_EDGE('',*,*,#2371,.F.);
#3318=ORIENTED_EDGE('',*,*,#2372,.T.);
#3319=ORIENTED_EDGE('',*,*,#2371,.T.);
#3320=ORIENTED_EDGE('',*,*,#2373,.F.);
#3321=ORIENTED_EDGE('',*,*,#2374,.F.);
#3322=ORIENTED_EDGE('',*,*,#2375,.T.);
#3323=ORIENTED_EDGE('',*,*,#2374,.T.);
#3324=ORIENTED_EDGE('',*,*,#2376,.F.);
#3325=ORIENTED_EDGE('',*,*,#2377,.F.);
#3326=ORIENTED_EDGE('',*,*,#2378,.T.);
#3327=ORIENTED_EDGE('',*,*,#2377,.T.);
#3328=ORIENTED_EDGE('',*,*,#2379,.F.);
#3329=ORIENTED_EDGE('',*,*,#2380,.F.);
#3330=ORIENTED_EDGE('',*,*,#2381,.T.);
#3331=ORIENTED_EDGE('',*,*,#2380,.T.);
#3332=ORIENTED_EDGE('',*,*,#2382,.F.);
#3333=ORIENTED_EDGE('',*,*,#2383,.F.);
#3334=ORIENTED_EDGE('',*,*,#2384,.T.);
#3335=ORIENTED_EDGE('',*,*,#2383,.T.);
#3336=ORIENTED_EDGE('',*,*,#2385,.F.);
#3337=ORIENTED_EDGE('',*,*,#2386,.F.);
#3338=ORIENTED_EDGE('',*,*,#2387,.T.);
#3339=ORIENTED_EDGE('',*,*,#2386,.T.);
#3340=ORIENTED_EDGE('',*,*,#2388,.F.);
#3341=ORIENTED_EDGE('',*,*,#2389,.F.);
#3342=ORIENTED_EDGE('',*,*,#2390,.T.);
#3343=ORIENTED_EDGE('',*,*,#2389,.T.);
#3344=ORIENTED_EDGE('',*,*,#2391,.F.);
#3345=ORIENTED_EDGE('',*,*,#2392,.F.);
#3346=ORIENTED_EDGE('',*,*,#2393,.T.);
#3347=ORIENTED_EDGE('',*,*,#2392,.T.);
#3348=ORIENTED_EDGE('',*,*,#2394,.F.);
#3349=ORIENTED_EDGE('',*,*,#2395,.F.);
#3350=ORIENTED_EDGE('',*,*,#2396,.T.);
#3351=ORIENTED_EDGE('',*,*,#2395,.T.);
#3352=ORIENTED_EDGE('',*,*,#2397,.F.);
#3353=ORIENTED_EDGE('',*,*,#2398,.F.);
#3354=ORIENTED_EDGE('',*,*,#2399,.T.);
#3355=ORIENTED_EDGE('',*,*,#2398,.T.);
#3356=ORIENTED_EDGE('',*,*,#2400,.F.);
#3357=ORIENTED_EDGE('',*,*,#2357,.F.);
#3358=ORIENTED_EDGE('',*,*,#2400,.T.);
#3359=ORIENTED_EDGE('',*,*,#2397,.T.);
#3360=ORIENTED_EDGE('',*,*,#2394,.T.);
#3361=ORIENTED_EDGE('',*,*,#2391,.T.);
#3362=ORIENTED_EDGE('',*,*,#2388,.T.);
#3363=ORIENTED_EDGE('',*,*,#2385,.T.);
#3364=ORIENTED_EDGE('',*,*,#2382,.T.);
#3365=ORIENTED_EDGE('',*,*,#2379,.T.);
#3366=ORIENTED_EDGE('',*,*,#2376,.T.);
#3367=ORIENTED_EDGE('',*,*,#2373,.T.);
#3368=ORIENTED_EDGE('',*,*,#2370,.T.);
#3369=ORIENTED_EDGE('',*,*,#2367,.T.);
#3370=ORIENTED_EDGE('',*,*,#2364,.T.);
#3371=ORIENTED_EDGE('',*,*,#2361,.T.);
#3372=ORIENTED_EDGE('',*,*,#2358,.T.);
#3373=ORIENTED_EDGE('',*,*,#2399,.F.);
#3374=ORIENTED_EDGE('',*,*,#2356,.F.);
#3375=ORIENTED_EDGE('',*,*,#2360,.F.);
#3376=ORIENTED_EDGE('',*,*,#2363,.F.);
#3377=ORIENTED_EDGE('',*,*,#2366,.F.);
#3378=ORIENTED_EDGE('',*,*,#2369,.F.);
#3379=ORIENTED_EDGE('',*,*,#2372,.F.);
#3380=ORIENTED_EDGE('',*,*,#2375,.F.);
#3381=ORIENTED_EDGE('',*,*,#2378,.F.);
#3382=ORIENTED_EDGE('',*,*,#2381,.F.);
#3383=ORIENTED_EDGE('',*,*,#2384,.F.);
#3384=ORIENTED_EDGE('',*,*,#2387,.F.);
#3385=ORIENTED_EDGE('',*,*,#2390,.F.);
#3386=ORIENTED_EDGE('',*,*,#2393,.F.);
#3387=ORIENTED_EDGE('',*,*,#2396,.F.);
#3388=ORIENTED_EDGE('',*,*,#2401,.T.);
#3389=ORIENTED_EDGE('',*,*,#2402,.T.);
#3390=ORIENTED_EDGE('',*,*,#2403,.F.);
#3391=ORIENTED_EDGE('',*,*,#2404,.F.);
#3392=ORIENTED_EDGE('',*,*,#2405,.T.);
#3393=ORIENTED_EDGE('',*,*,#2404,.T.);
#3394=ORIENTED_EDGE('',*,*,#2406,.F.);
#3395=ORIENTED_EDGE('',*,*,#2407,.F.);
#3396=ORIENTED_EDGE('',*,*,#2408,.T.);
#3397=ORIENTED_EDGE('',*,*,#2407,.T.);
#3398=ORIENTED_EDGE('',*,*,#2409,.F.);
#3399=ORIENTED_EDGE('',*,*,#2410,.F.);
#3400=ORIENTED_EDGE('',*,*,#2411,.T.);
#3401=ORIENTED_EDGE('',*,*,#2410,.T.);
#3402=ORIENTED_EDGE('',*,*,#2412,.F.);
#3403=ORIENTED_EDGE('',*,*,#2413,.F.);
#3404=ORIENTED_EDGE('',*,*,#2414,.T.);
#3405=ORIENTED_EDGE('',*,*,#2413,.T.);
#3406=ORIENTED_EDGE('',*,*,#2415,.F.);
#3407=ORIENTED_EDGE('',*,*,#2416,.F.);
#3408=ORIENTED_EDGE('',*,*,#2417,.T.);
#3409=ORIENTED_EDGE('',*,*,#2416,.T.);
#3410=ORIENTED_EDGE('',*,*,#2418,.F.);
#3411=ORIENTED_EDGE('',*,*,#2419,.F.);
#3412=ORIENTED_EDGE('',*,*,#2420,.T.);
#3413=ORIENTED_EDGE('',*,*,#2419,.T.);
#3414=ORIENTED_EDGE('',*,*,#2421,.F.);
#3415=ORIENTED_EDGE('',*,*,#2422,.F.);
#3416=ORIENTED_EDGE('',*,*,#2423,.T.);
#3417=ORIENTED_EDGE('',*,*,#2422,.T.);
#3418=ORIENTED_EDGE('',*,*,#2424,.F.);
#3419=ORIENTED_EDGE('',*,*,#2425,.F.);
#3420=ORIENTED_EDGE('',*,*,#2426,.T.);
#3421=ORIENTED_EDGE('',*,*,#2425,.T.);
#3422=ORIENTED_EDGE('',*,*,#2427,.F.);
#3423=ORIENTED_EDGE('',*,*,#2428,.F.);
#3424=ORIENTED_EDGE('',*,*,#2429,.T.);
#3425=ORIENTED_EDGE('',*,*,#2428,.T.);
#3426=ORIENTED_EDGE('',*,*,#2430,.F.);
#3427=ORIENTED_EDGE('',*,*,#2431,.F.);
#3428=ORIENTED_EDGE('',*,*,#2432,.T.);
#3429=ORIENTED_EDGE('',*,*,#2431,.T.);
#3430=ORIENTED_EDGE('',*,*,#2433,.F.);
#3431=ORIENTED_EDGE('',*,*,#2434,.F.);
#3432=ORIENTED_EDGE('',*,*,#2435,.T.);
#3433=ORIENTED_EDGE('',*,*,#2434,.T.);
#3434=ORIENTED_EDGE('',*,*,#2436,.F.);
#3435=ORIENTED_EDGE('',*,*,#2437,.F.);
#3436=ORIENTED_EDGE('',*,*,#2438,.T.);
#3437=ORIENTED_EDGE('',*,*,#2437,.T.);
#3438=ORIENTED_EDGE('',*,*,#2439,.F.);
#3439=ORIENTED_EDGE('',*,*,#2440,.F.);
#3440=ORIENTED_EDGE('',*,*,#2441,.T.);
#3441=ORIENTED_EDGE('',*,*,#2440,.T.);
#3442=ORIENTED_EDGE('',*,*,#2442,.F.);
#3443=ORIENTED_EDGE('',*,*,#2443,.F.);
#3444=ORIENTED_EDGE('',*,*,#2444,.T.);
#3445=ORIENTED_EDGE('',*,*,#2443,.T.);
#3446=ORIENTED_EDGE('',*,*,#2445,.F.);
#3447=ORIENTED_EDGE('',*,*,#2446,.F.);
#3448=ORIENTED_EDGE('',*,*,#2447,.T.);
#3449=ORIENTED_EDGE('',*,*,#2446,.T.);
#3450=ORIENTED_EDGE('',*,*,#2448,.F.);
#3451=ORIENTED_EDGE('',*,*,#2449,.F.);
#3452=ORIENTED_EDGE('',*,*,#2450,.T.);
#3453=ORIENTED_EDGE('',*,*,#2449,.T.);
#3454=ORIENTED_EDGE('',*,*,#2451,.F.);
#3455=ORIENTED_EDGE('',*,*,#2452,.F.);
#3456=ORIENTED_EDGE('',*,*,#2453,.T.);
#3457=ORIENTED_EDGE('',*,*,#2452,.T.);
#3458=ORIENTED_EDGE('',*,*,#2454,.F.);
#3459=ORIENTED_EDGE('',*,*,#2402,.F.);
#3460=ORIENTED_EDGE('',*,*,#2454,.T.);
#3461=ORIENTED_EDGE('',*,*,#2451,.T.);
#3462=ORIENTED_EDGE('',*,*,#2448,.T.);
#3463=ORIENTED_EDGE('',*,*,#2445,.T.);
#3464=ORIENTED_EDGE('',*,*,#2442,.T.);
#3465=ORIENTED_EDGE('',*,*,#2439,.T.);
#3466=ORIENTED_EDGE('',*,*,#2436,.T.);
#3467=ORIENTED_EDGE('',*,*,#2433,.T.);
#3468=ORIENTED_EDGE('',*,*,#2430,.T.);
#3469=ORIENTED_EDGE('',*,*,#2427,.T.);
#3470=ORIENTED_EDGE('',*,*,#2424,.T.);
#3471=ORIENTED_EDGE('',*,*,#2421,.T.);
#3472=ORIENTED_EDGE('',*,*,#2418,.T.);
#3473=ORIENTED_EDGE('',*,*,#2415,.T.);
#3474=ORIENTED_EDGE('',*,*,#2412,.T.);
#3475=ORIENTED_EDGE('',*,*,#2409,.T.);
#3476=ORIENTED_EDGE('',*,*,#2406,.T.);
#3477=ORIENTED_EDGE('',*,*,#2403,.T.);
#3478=ORIENTED_EDGE('',*,*,#2453,.F.);
#3479=ORIENTED_EDGE('',*,*,#2401,.F.);
#3480=ORIENTED_EDGE('',*,*,#2405,.F.);
#3481=ORIENTED_EDGE('',*,*,#2408,.F.);
#3482=ORIENTED_EDGE('',*,*,#2411,.F.);
#3483=ORIENTED_EDGE('',*,*,#2414,.F.);
#3484=ORIENTED_EDGE('',*,*,#2417,.F.);
#3485=ORIENTED_EDGE('',*,*,#2420,.F.);
#3486=ORIENTED_EDGE('',*,*,#2423,.F.);
#3487=ORIENTED_EDGE('',*,*,#2426,.F.);
#3488=ORIENTED_EDGE('',*,*,#2429,.F.);
#3489=ORIENTED_EDGE('',*,*,#2432,.F.);
#3490=ORIENTED_EDGE('',*,*,#2435,.F.);
#3491=ORIENTED_EDGE('',*,*,#2438,.F.);
#3492=ORIENTED_EDGE('',*,*,#2441,.F.);
#3493=ORIENTED_EDGE('',*,*,#2444,.F.);
#3494=ORIENTED_EDGE('',*,*,#2447,.F.);
#3495=ORIENTED_EDGE('',*,*,#2450,.F.);
#3496=ORIENTED_EDGE('',*,*,#2455,.T.);
#3497=ORIENTED_EDGE('',*,*,#2456,.T.);
#3498=ORIENTED_EDGE('',*,*,#2457,.F.);
#3499=ORIENTED_EDGE('',*,*,#2458,.F.);
#3500=ORIENTED_EDGE('',*,*,#2459,.T.);
#3501=ORIENTED_EDGE('',*,*,#2458,.T.);
#3502=ORIENTED_EDGE('',*,*,#2460,.F.);
#3503=ORIENTED_EDGE('',*,*,#2461,.F.);
#3504=ORIENTED_EDGE('',*,*,#2462,.T.);
#3505=ORIENTED_EDGE('',*,*,#2461,.T.);
#3506=ORIENTED_EDGE('',*,*,#2463,.F.);
#3507=ORIENTED_EDGE('',*,*,#2464,.F.);
#3508=ORIENTED_EDGE('',*,*,#2465,.T.);
#3509=ORIENTED_EDGE('',*,*,#2464,.T.);
#3510=ORIENTED_EDGE('',*,*,#2466,.F.);
#3511=ORIENTED_EDGE('',*,*,#2467,.F.);
#3512=ORIENTED_EDGE('',*,*,#2468,.T.);
#3513=ORIENTED_EDGE('',*,*,#2467,.T.);
#3514=ORIENTED_EDGE('',*,*,#2469,.F.);
#3515=ORIENTED_EDGE('',*,*,#2470,.F.);
#3516=ORIENTED_EDGE('',*,*,#2471,.T.);
#3517=ORIENTED_EDGE('',*,*,#2470,.T.);
#3518=ORIENTED_EDGE('',*,*,#2472,.F.);
#3519=ORIENTED_EDGE('',*,*,#2473,.F.);
#3520=ORIENTED_EDGE('',*,*,#2474,.T.);
#3521=ORIENTED_EDGE('',*,*,#2473,.T.);
#3522=ORIENTED_EDGE('',*,*,#2475,.F.);
#3523=ORIENTED_EDGE('',*,*,#2476,.F.);
#3524=ORIENTED_EDGE('',*,*,#2477,.T.);
#3525=ORIENTED_EDGE('',*,*,#2476,.T.);
#3526=ORIENTED_EDGE('',*,*,#2478,.F.);
#3527=ORIENTED_EDGE('',*,*,#2479,.F.);
#3528=ORIENTED_EDGE('',*,*,#2480,.T.);
#3529=ORIENTED_EDGE('',*,*,#2479,.T.);
#3530=ORIENTED_EDGE('',*,*,#2481,.F.);
#3531=ORIENTED_EDGE('',*,*,#2482,.F.);
#3532=ORIENTED_EDGE('',*,*,#2483,.T.);
#3533=ORIENTED_EDGE('',*,*,#2482,.T.);
#3534=ORIENTED_EDGE('',*,*,#2484,.F.);
#3535=ORIENTED_EDGE('',*,*,#2485,.F.);
#3536=ORIENTED_EDGE('',*,*,#2486,.T.);
#3537=ORIENTED_EDGE('',*,*,#2485,.T.);
#3538=ORIENTED_EDGE('',*,*,#2487,.F.);
#3539=ORIENTED_EDGE('',*,*,#2488,.F.);
#3540=ORIENTED_EDGE('',*,*,#2489,.T.);
#3541=ORIENTED_EDGE('',*,*,#2488,.T.);
#3542=ORIENTED_EDGE('',*,*,#2490,.F.);
#3543=ORIENTED_EDGE('',*,*,#2491,.F.);
#3544=ORIENTED_EDGE('',*,*,#2492,.T.);
#3545=ORIENTED_EDGE('',*,*,#2491,.T.);
#3546=ORIENTED_EDGE('',*,*,#2493,.F.);
#3547=ORIENTED_EDGE('',*,*,#2494,.F.);
#3548=ORIENTED_EDGE('',*,*,#2495,.T.);
#3549=ORIENTED_EDGE('',*,*,#2494,.T.);
#3550=ORIENTED_EDGE('',*,*,#2496,.F.);
#3551=ORIENTED_EDGE('',*,*,#2497,.F.);
#3552=ORIENTED_EDGE('',*,*,#2498,.T.);
#3553=ORIENTED_EDGE('',*,*,#2497,.T.);
#3554=ORIENTED_EDGE('',*,*,#2499,.F.);
#3555=ORIENTED_EDGE('',*,*,#2500,.F.);
#3556=ORIENTED_EDGE('',*,*,#2501,.T.);
#3557=ORIENTED_EDGE('',*,*,#2500,.T.);
#3558=ORIENTED_EDGE('',*,*,#2502,.F.);
#3559=ORIENTED_EDGE('',*,*,#2503,.F.);
#3560=ORIENTED_EDGE('',*,*,#2504,.T.);
#3561=ORIENTED_EDGE('',*,*,#2503,.T.);
#3562=ORIENTED_EDGE('',*,*,#2505,.F.);
#3563=ORIENTED_EDGE('',*,*,#2506,.F.);
#3564=ORIENTED_EDGE('',*,*,#2507,.T.);
#3565=ORIENTED_EDGE('',*,*,#2506,.T.);
#3566=ORIENTED_EDGE('',*,*,#2508,.F.);
#3567=ORIENTED_EDGE('',*,*,#2509,.F.);
#3568=ORIENTED_EDGE('',*,*,#2510,.T.);
#3569=ORIENTED_EDGE('',*,*,#2509,.T.);
#3570=ORIENTED_EDGE('',*,*,#2511,.F.);
#3571=ORIENTED_EDGE('',*,*,#2512,.F.);
#3572=ORIENTED_EDGE('',*,*,#2513,.T.);
#3573=ORIENTED_EDGE('',*,*,#2512,.T.);
#3574=ORIENTED_EDGE('',*,*,#2514,.F.);
#3575=ORIENTED_EDGE('',*,*,#2515,.F.);
#3576=ORIENTED_EDGE('',*,*,#2516,.T.);
#3577=ORIENTED_EDGE('',*,*,#2515,.T.);
#3578=ORIENTED_EDGE('',*,*,#2517,.F.);
#3579=ORIENTED_EDGE('',*,*,#2518,.F.);
#3580=ORIENTED_EDGE('',*,*,#2519,.T.);
#3581=ORIENTED_EDGE('',*,*,#2518,.T.);
#3582=ORIENTED_EDGE('',*,*,#2520,.F.);
#3583=ORIENTED_EDGE('',*,*,#2521,.F.);
#3584=ORIENTED_EDGE('',*,*,#2522,.T.);
#3585=ORIENTED_EDGE('',*,*,#2521,.T.);
#3586=ORIENTED_EDGE('',*,*,#2523,.F.);
#3587=ORIENTED_EDGE('',*,*,#2524,.F.);
#3588=ORIENTED_EDGE('',*,*,#2525,.T.);
#3589=ORIENTED_EDGE('',*,*,#2524,.T.);
#3590=ORIENTED_EDGE('',*,*,#2526,.F.);
#3591=ORIENTED_EDGE('',*,*,#2527,.F.);
#3592=ORIENTED_EDGE('',*,*,#2528,.T.);
#3593=ORIENTED_EDGE('',*,*,#2527,.T.);
#3594=ORIENTED_EDGE('',*,*,#2529,.F.);
#3595=ORIENTED_EDGE('',*,*,#2530,.F.);
#3596=ORIENTED_EDGE('',*,*,#2531,.T.);
#3597=ORIENTED_EDGE('',*,*,#2530,.T.);
#3598=ORIENTED_EDGE('',*,*,#2532,.F.);
#3599=ORIENTED_EDGE('',*,*,#2533,.F.);
#3600=ORIENTED_EDGE('',*,*,#2534,.T.);
#3601=ORIENTED_EDGE('',*,*,#2533,.T.);
#3602=ORIENTED_EDGE('',*,*,#2535,.F.);
#3603=ORIENTED_EDGE('',*,*,#2536,.F.);
#3604=ORIENTED_EDGE('',*,*,#2537,.T.);
#3605=ORIENTED_EDGE('',*,*,#2536,.T.);
#3606=ORIENTED_EDGE('',*,*,#2538,.F.);
#3607=ORIENTED_EDGE('',*,*,#2539,.F.);
#3608=ORIENTED_EDGE('',*,*,#2540,.T.);
#3609=ORIENTED_EDGE('',*,*,#2539,.T.);
#3610=ORIENTED_EDGE('',*,*,#2541,.F.);
#3611=ORIENTED_EDGE('',*,*,#2542,.F.);
#3612=ORIENTED_EDGE('',*,*,#2543,.T.);
#3613=ORIENTED_EDGE('',*,*,#2542,.T.);
#3614=ORIENTED_EDGE('',*,*,#2544,.F.);
#3615=ORIENTED_EDGE('',*,*,#2545,.F.);
#3616=ORIENTED_EDGE('',*,*,#2546,.T.);
#3617=ORIENTED_EDGE('',*,*,#2545,.T.);
#3618=ORIENTED_EDGE('',*,*,#2547,.F.);
#3619=ORIENTED_EDGE('',*,*,#2548,.F.);
#3620=ORIENTED_EDGE('',*,*,#2549,.T.);
#3621=ORIENTED_EDGE('',*,*,#2548,.T.);
#3622=ORIENTED_EDGE('',*,*,#2550,.F.);
#3623=ORIENTED_EDGE('',*,*,#2551,.F.);
#3624=ORIENTED_EDGE('',*,*,#2552,.T.);
#3625=ORIENTED_EDGE('',*,*,#2551,.T.);
#3626=ORIENTED_EDGE('',*,*,#2553,.F.);
#3627=ORIENTED_EDGE('',*,*,#2554,.F.);
#3628=ORIENTED_EDGE('',*,*,#2555,.T.);
#3629=ORIENTED_EDGE('',*,*,#2554,.T.);
#3630=ORIENTED_EDGE('',*,*,#2556,.F.);
#3631=ORIENTED_EDGE('',*,*,#2557,.F.);
#3632=ORIENTED_EDGE('',*,*,#2558,.T.);
#3633=ORIENTED_EDGE('',*,*,#2557,.T.);
#3634=ORIENTED_EDGE('',*,*,#2559,.F.);
#3635=ORIENTED_EDGE('',*,*,#2560,.F.);
#3636=ORIENTED_EDGE('',*,*,#2561,.T.);
#3637=ORIENTED_EDGE('',*,*,#2560,.T.);
#3638=ORIENTED_EDGE('',*,*,#2562,.F.);
#3639=ORIENTED_EDGE('',*,*,#2563,.F.);
#3640=ORIENTED_EDGE('',*,*,#2564,.T.);
#3641=ORIENTED_EDGE('',*,*,#2563,.T.);
#3642=ORIENTED_EDGE('',*,*,#2565,.F.);
#3643=ORIENTED_EDGE('',*,*,#2566,.F.);
#3644=ORIENTED_EDGE('',*,*,#2567,.T.);
#3645=ORIENTED_EDGE('',*,*,#2566,.T.);
#3646=ORIENTED_EDGE('',*,*,#2568,.F.);
#3647=ORIENTED_EDGE('',*,*,#2569,.F.);
#3648=ORIENTED_EDGE('',*,*,#2570,.T.);
#3649=ORIENTED_EDGE('',*,*,#2569,.T.);
#3650=ORIENTED_EDGE('',*,*,#2571,.F.);
#3651=ORIENTED_EDGE('',*,*,#2572,.F.);
#3652=ORIENTED_EDGE('',*,*,#2573,.T.);
#3653=ORIENTED_EDGE('',*,*,#2572,.T.);
#3654=ORIENTED_EDGE('',*,*,#2574,.F.);
#3655=ORIENTED_EDGE('',*,*,#2575,.F.);
#3656=ORIENTED_EDGE('',*,*,#2576,.T.);
#3657=ORIENTED_EDGE('',*,*,#2575,.T.);
#3658=ORIENTED_EDGE('',*,*,#2577,.F.);
#3659=ORIENTED_EDGE('',*,*,#2578,.F.);
#3660=ORIENTED_EDGE('',*,*,#2579,.T.);
#3661=ORIENTED_EDGE('',*,*,#2578,.T.);
#3662=ORIENTED_EDGE('',*,*,#2580,.F.);
#3663=ORIENTED_EDGE('',*,*,#2581,.F.);
#3664=ORIENTED_EDGE('',*,*,#2582,.T.);
#3665=ORIENTED_EDGE('',*,*,#2581,.T.);
#3666=ORIENTED_EDGE('',*,*,#2583,.F.);
#3667=ORIENTED_EDGE('',*,*,#2584,.F.);
#3668=ORIENTED_EDGE('',*,*,#2585,.T.);
#3669=ORIENTED_EDGE('',*,*,#2584,.T.);
#3670=ORIENTED_EDGE('',*,*,#2586,.F.);
#3671=ORIENTED_EDGE('',*,*,#2456,.F.);
#3672=ORIENTED_EDGE('',*,*,#2586,.T.);
#3673=ORIENTED_EDGE('',*,*,#2583,.T.);
#3674=ORIENTED_EDGE('',*,*,#2580,.T.);
#3675=ORIENTED_EDGE('',*,*,#2577,.T.);
#3676=ORIENTED_EDGE('',*,*,#2574,.T.);
#3677=ORIENTED_EDGE('',*,*,#2571,.T.);
#3678=ORIENTED_EDGE('',*,*,#2568,.T.);
#3679=ORIENTED_EDGE('',*,*,#2565,.T.);
#3680=ORIENTED_EDGE('',*,*,#2562,.T.);
#3681=ORIENTED_EDGE('',*,*,#2559,.T.);
#3682=ORIENTED_EDGE('',*,*,#2556,.T.);
#3683=ORIENTED_EDGE('',*,*,#2553,.T.);
#3684=ORIENTED_EDGE('',*,*,#2550,.T.);
#3685=ORIENTED_EDGE('',*,*,#2547,.T.);
#3686=ORIENTED_EDGE('',*,*,#2544,.T.);
#3687=ORIENTED_EDGE('',*,*,#2541,.T.);
#3688=ORIENTED_EDGE('',*,*,#2538,.T.);
#3689=ORIENTED_EDGE('',*,*,#2535,.T.);
#3690=ORIENTED_EDGE('',*,*,#2532,.T.);
#3691=ORIENTED_EDGE('',*,*,#2529,.T.);
#3692=ORIENTED_EDGE('',*,*,#2526,.T.);
#3693=ORIENTED_EDGE('',*,*,#2523,.T.);
#3694=ORIENTED_EDGE('',*,*,#2520,.T.);
#3695=ORIENTED_EDGE('',*,*,#2517,.T.);
#3696=ORIENTED_EDGE('',*,*,#2514,.T.);
#3697=ORIENTED_EDGE('',*,*,#2511,.T.);
#3698=ORIENTED_EDGE('',*,*,#2508,.T.);
#3699=ORIENTED_EDGE('',*,*,#2505,.T.);
#3700=ORIENTED_EDGE('',*,*,#2502,.T.);
#3701=ORIENTED_EDGE('',*,*,#2499,.T.);
#3702=ORIENTED_EDGE('',*,*,#2496,.T.);
#3703=ORIENTED_EDGE('',*,*,#2493,.T.);
#3704=ORIENTED_EDGE('',*,*,#2490,.T.);
#3705=ORIENTED_EDGE('',*,*,#2487,.T.);
#3706=ORIENTED_EDGE('',*,*,#2484,.T.);
#3707=ORIENTED_EDGE('',*,*,#2481,.T.);
#3708=ORIENTED_EDGE('',*,*,#2478,.T.);
#3709=ORIENTED_EDGE('',*,*,#2475,.T.);
#3710=ORIENTED_EDGE('',*,*,#2472,.T.);
#3711=ORIENTED_EDGE('',*,*,#2469,.T.);
#3712=ORIENTED_EDGE('',*,*,#2466,.T.);
#3713=ORIENTED_EDGE('',*,*,#2463,.T.);
#3714=ORIENTED_EDGE('',*,*,#2460,.T.);
#3715=ORIENTED_EDGE('',*,*,#2457,.T.);
#3716=ORIENTED_EDGE('',*,*,#2585,.F.);
#3717=ORIENTED_EDGE('',*,*,#2455,.F.);
#3718=ORIENTED_EDGE('',*,*,#2459,.F.);
#3719=ORIENTED_EDGE('',*,*,#2462,.F.);
#3720=ORIENTED_EDGE('',*,*,#2465,.F.);
#3721=ORIENTED_EDGE('',*,*,#2468,.F.);
#3722=ORIENTED_EDGE('',*,*,#2471,.F.);
#3723=ORIENTED_EDGE('',*,*,#2474,.F.);
#3724=ORIENTED_EDGE('',*,*,#2477,.F.);
#3725=ORIENTED_EDGE('',*,*,#2480,.F.);
#3726=ORIENTED_EDGE('',*,*,#2483,.F.);
#3727=ORIENTED_EDGE('',*,*,#2486,.F.);
#3728=ORIENTED_EDGE('',*,*,#2489,.F.);
#3729=ORIENTED_EDGE('',*,*,#2492,.F.);
#3730=ORIENTED_EDGE('',*,*,#2495,.F.);
#3731=ORIENTED_EDGE('',*,*,#2498,.F.);
#3732=ORIENTED_EDGE('',*,*,#2501,.F.);
#3733=ORIENTED_EDGE('',*,*,#2504,.F.);
#3734=ORIENTED_EDGE('',*,*,#2507,.F.);
#3735=ORIENTED_EDGE('',*,*,#2510,.F.);
#3736=ORIENTED_EDGE('',*,*,#2513,.F.);
#3737=ORIENTED_EDGE('',*,*,#2516,.F.);
#3738=ORIENTED_EDGE('',*,*,#2519,.F.);
#3739=ORIENTED_EDGE('',*,*,#2522,.F.);
#3740=ORIENTED_EDGE('',*,*,#2525,.F.);
#3741=ORIENTED_EDGE('',*,*,#2528,.F.);
#3742=ORIENTED_EDGE('',*,*,#2531,.F.);
#3743=ORIENTED_EDGE('',*,*,#2534,.F.);
#3744=ORIENTED_EDGE('',*,*,#2537,.F.);
#3745=ORIENTED_EDGE('',*,*,#2540,.F.);
#3746=ORIENTED_EDGE('',*,*,#2543,.F.);
#3747=ORIENTED_EDGE('',*,*,#2546,.F.);
#3748=ORIENTED_EDGE('',*,*,#2549,.F.);
#3749=ORIENTED_EDGE('',*,*,#2552,.F.);
#3750=ORIENTED_EDGE('',*,*,#2555,.F.);
#3751=ORIENTED_EDGE('',*,*,#2558,.F.);
#3752=ORIENTED_EDGE('',*,*,#2561,.F.);
#3753=ORIENTED_EDGE('',*,*,#2564,.F.);
#3754=ORIENTED_EDGE('',*,*,#2567,.F.);
#3755=ORIENTED_EDGE('',*,*,#2570,.F.);
#3756=ORIENTED_EDGE('',*,*,#2573,.F.);
#3757=ORIENTED_EDGE('',*,*,#2576,.F.);
#3758=ORIENTED_EDGE('',*,*,#2579,.F.);
#3759=ORIENTED_EDGE('',*,*,#2582,.F.);
#3760=ORIENTED_EDGE('',*,*,#2587,.T.);
#3761=ORIENTED_EDGE('',*,*,#2588,.T.);
#3762=ORIENTED_EDGE('',*,*,#2589,.F.);
#3763=ORIENTED_EDGE('',*,*,#2590,.F.);
#3764=ORIENTED_EDGE('',*,*,#2591,.T.);
#3765=ORIENTED_EDGE('',*,*,#2590,.T.);
#3766=ORIENTED_EDGE('',*,*,#2592,.F.);
#3767=ORIENTED_EDGE('',*,*,#2593,.F.);
#3768=ORIENTED_EDGE('',*,*,#2594,.T.);
#3769=ORIENTED_EDGE('',*,*,#2593,.T.);
#3770=ORIENTED_EDGE('',*,*,#2595,.F.);
#3771=ORIENTED_EDGE('',*,*,#2588,.F.);
#3772=ORIENTED_EDGE('',*,*,#2595,.T.);
#3773=ORIENTED_EDGE('',*,*,#2592,.T.);
#3774=ORIENTED_EDGE('',*,*,#2589,.T.);
#3775=ORIENTED_EDGE('',*,*,#2594,.F.);
#3776=ORIENTED_EDGE('',*,*,#2587,.F.);
#3777=ORIENTED_EDGE('',*,*,#2591,.F.);
#3778=PLANE('',#4286);
#3779=PLANE('',#4287);
#3780=PLANE('',#4288);
#3781=PLANE('',#4289);
#3782=PLANE('',#4290);
#3783=PLANE('',#4291);
#3784=PLANE('',#4292);
#3785=PLANE('',#4293);
#3786=PLANE('',#4294);
#3787=PLANE('',#4295);
#3788=PLANE('',#4296);
#3789=PLANE('',#4297);
#3790=PLANE('',#4298);
#3791=PLANE('',#4299);
#3792=PLANE('',#4300);
#3793=PLANE('',#4301);
#3794=PLANE('',#4302);
#3795=PLANE('',#4303);
#3796=PLANE('',#4304);
#3797=PLANE('',#4305);
#3798=PLANE('',#4306);
#3799=PLANE('',#4307);
#3800=PLANE('',#4308);
#3801=PLANE('',#4319);
#3802=PLANE('',#4320);
#3803=PLANE('',#4321);
#3804=PLANE('',#4322);
#3805=PLANE('',#4325);
#3806=PLANE('',#4326);
#3807=PLANE('',#4327);
#3808=PLANE('',#4328);
#3809=PLANE('',#4329);
#3810=PLANE('',#4330);
#3811=PLANE('',#4331);
#3812=PLANE('',#4332);
#3813=PLANE('',#4333);
#3814=PLANE('',#4334);
#3815=PLANE('',#4335);
#3816=PLANE('',#4336);
#3817=PLANE('',#4337);
#3818=PLANE('',#4340);
#3819=PLANE('',#4341);
#3820=PLANE('',#4342);
#3821=PLANE('',#4343);
#3822=PLANE('',#4346);
#3823=PLANE('',#4347);
#3824=PLANE('',#4348);
#3825=PLANE('',#4349);
#3826=PLANE('',#4350);
#3827=PLANE('',#4351);
#3828=PLANE('',#4352);
#3829=PLANE('',#4353);
#3830=PLANE('',#4354);
#3831=PLANE('',#4355);
#3832=PLANE('',#4356);
#3833=PLANE('',#4357);
#3834=PLANE('',#4358);
#3835=PLANE('',#4359);
#3836=PLANE('',#4360);
#3837=PLANE('',#4361);
#3838=PLANE('',#4362);
#3839=PLANE('',#4363);
#3840=PLANE('',#4364);
#3841=PLANE('',#4365);
#3842=PLANE('',#4366);
#3843=PLANE('',#4367);
#3844=PLANE('',#4368);
#3845=PLANE('',#4369);
#3846=PLANE('',#4370);
#3847=PLANE('',#4371);
#3848=PLANE('',#4372);
#3849=PLANE('',#4373);
#3850=PLANE('',#4374);
#3851=PLANE('',#4375);
#3852=PLANE('',#4376);
#3853=PLANE('',#4377);
#3854=PLANE('',#4378);
#3855=PLANE('',#4379);
#3856=PLANE('',#4380);
#3857=PLANE('',#4381);
#3858=PLANE('',#4382);
#3859=PLANE('',#4383);
#3860=PLANE('',#4384);
#3861=PLANE('',#4385);
#3862=PLANE('',#4386);
#3863=PLANE('',#4387);
#3864=PLANE('',#4388);
#3865=PLANE('',#4390);
#3866=PLANE('',#4391);
#3867=PLANE('',#4392);
#3868=PLANE('',#4393);
#3869=PLANE('',#4394);
#3870=PLANE('',#4395);
#3871=PLANE('',#4396);
#3872=PLANE('',#4397);
#3873=PLANE('',#4398);
#3874=PLANE('',#4399);
#3875=PLANE('',#4400);
#3876=PLANE('',#4401);
#3877=PLANE('',#4402);
#3878=PLANE('',#4403);
#3879=PLANE('',#4404);
#3880=PLANE('',#4405);
#3881=PLANE('',#4406);
#3882=PLANE('',#4407);
#3883=PLANE('',#4408);
#3884=PLANE('',#4409);
#3885=PLANE('',#4410);
#3886=PLANE('',#4411);
#3887=PLANE('',#4412);
#3888=PLANE('',#4413);
#3889=PLANE('',#4415);
#3890=PLANE('',#4416);
#3891=PLANE('',#4417);
#3892=PLANE('',#4418);
#3893=PLANE('',#4419);
#3894=PLANE('',#4420);
#3895=PLANE('',#4421);
#3896=PLANE('',#4422);
#3897=PLANE('',#4423);
#3898=PLANE('',#4424);
#3899=PLANE('',#4425);
#3900=PLANE('',#4426);
#3901=PLANE('',#4427);
#3902=PLANE('',#4428);
#3903=PLANE('',#4429);
#3904=PLANE('',#4430);
#3905=PLANE('',#4432);
#3906=PLANE('',#4433);
#3907=PLANE('',#4434);
#3908=PLANE('',#4435);
#3909=PLANE('',#4436);
#3910=PLANE('',#4437);
#3911=PLANE('',#4438);
#3912=PLANE('',#4439);
#3913=PLANE('',#4440);
#3914=PLANE('',#4441);
#3915=PLANE('',#4442);
#3916=PLANE('',#4447);
#3917=PLANE('',#4448);
#3918=PLANE('',#4449);
#3919=PLANE('',#4450);
#3920=PLANE('',#4451);
#3921=PLANE('',#4452);
#3922=PLANE('',#4457);
#3923=PLANE('',#4458);
#3924=PLANE('',#4463);
#3925=PLANE('',#4464);
#3926=PLANE('',#4465);
#3927=PLANE('',#4466);
#3928=PLANE('',#4467);
#3929=PLANE('',#4468);
#3930=PLANE('',#4469);
#3931=ADVANCED_FACE('',(#257),#3778,.T.);
#3932=ADVANCED_FACE('',(#258),#3779,.T.);
#3933=ADVANCED_FACE('',(#259),#3780,.T.);
#3934=ADVANCED_FACE('',(#260),#3781,.T.);
#3935=ADVANCED_FACE('',(#261),#3782,.T.);
#3936=ADVANCED_FACE('',(#262),#3783,.T.);
#3937=ADVANCED_FACE('',(#263),#3784,.T.);
#3938=ADVANCED_FACE('',(#264),#3785,.T.);
#3939=ADVANCED_FACE('',(#265),#3786,.T.);
#3940=ADVANCED_FACE('',(#266),#3787,.T.);
#3941=ADVANCED_FACE('',(#267),#3788,.T.);
#3942=ADVANCED_FACE('',(#268),#3789,.T.);
#3943=ADVANCED_FACE('',(#269),#3790,.T.);
#3944=ADVANCED_FACE('',(#270),#3791,.T.);
#3945=ADVANCED_FACE('',(#271),#3792,.T.);
#3946=ADVANCED_FACE('',(#272),#3793,.T.);
#3947=ADVANCED_FACE('',(#273),#3794,.T.);
#3948=ADVANCED_FACE('',(#274),#3795,.T.);
#3949=ADVANCED_FACE('',(#275),#3796,.T.);
#3950=ADVANCED_FACE('',(#276),#3797,.T.);
#3951=ADVANCED_FACE('',(#277),#3798,.T.);
#3952=ADVANCED_FACE('',(#278),#3799,.T.);
#3953=ADVANCED_FACE('',(#279),#3800,.T.);
#3954=ADVANCED_FACE('',(#280),#253,.T.);
#3955=ADVANCED_FACE('',(#281),#254,.T.);
#3956=ADVANCED_FACE('',(#282),#255,.T.);
#3957=ADVANCED_FACE('',(#283),#256,.T.);
#3958=ADVANCED_FACE('',(#284),#241,.T.);
#3959=ADVANCED_FACE('',(#285),#3801,.F.);
#3960=ADVANCED_FACE('',(#286),#3802,.T.);
#3961=ADVANCED_FACE('',(#287),#3803,.F.);
#3962=ADVANCED_FACE('',(#288),#3804,.T.);
#3963=ADVANCED_FACE('',(#289),#242,.T.);
#3964=ADVANCED_FACE('',(#290),#3805,.T.);
#3965=ADVANCED_FACE('',(#291),#3806,.T.);
#3966=ADVANCED_FACE('',(#292),#3807,.T.);
#3967=ADVANCED_FACE('',(#293),#3808,.F.);
#3968=ADVANCED_FACE('',(#294),#3809,.T.);
#3969=ADVANCED_FACE('',(#295),#3810,.F.);
#3970=ADVANCED_FACE('',(#296),#3811,.T.);
#3971=ADVANCED_FACE('',(#297),#3812,.T.);
#3972=ADVANCED_FACE('',(#298),#3813,.T.);
#3973=ADVANCED_FACE('',(#299),#3814,.T.);
#3974=ADVANCED_FACE('',(#300),#3815,.T.);
#3975=ADVANCED_FACE('',(#301),#3816,.F.);
#3976=ADVANCED_FACE('',(#302),#3817,.F.);
#3977=ADVANCED_FACE('',(#303),#243,.T.);
#3978=ADVANCED_FACE('',(#304),#3818,.F.);
#3979=ADVANCED_FACE('',(#305),#3819,.T.);
#3980=ADVANCED_FACE('',(#306),#3820,.F.);
#3981=ADVANCED_FACE('',(#307),#3821,.T.);
#3982=ADVANCED_FACE('',(#308),#244,.T.);
#3983=ADVANCED_FACE('',(#309),#3822,.F.);
#3984=ADVANCED_FACE('',(#310),#3823,.T.);
#3985=ADVANCED_FACE('',(#311),#3824,.T.);
#3986=ADVANCED_FACE('',(#312),#3825,.T.);
#3987=ADVANCED_FACE('',(#313),#3826,.T.);
#3988=ADVANCED_FACE('',(#314),#3827,.F.);
#3989=ADVANCED_FACE('',(#315),#3828,.T.);
#3990=ADVANCED_FACE('',(#316),#3829,.F.);
#3991=ADVANCED_FACE('',(#317),#3830,.F.);
#3992=ADVANCED_FACE('',(#318),#3831,.F.);
#3993=ADVANCED_FACE('',(#319),#3832,.F.);
#3994=ADVANCED_FACE('',(#320),#3833,.T.);
#3995=ADVANCED_FACE('',(#321),#3834,.F.);
#3996=ADVANCED_FACE('',(#322),#3835,.F.);
#3997=ADVANCED_FACE('',(#323),#3836,.F.);
#3998=ADVANCED_FACE('',(#324),#3837,.F.);
#3999=ADVANCED_FACE('',(#325),#3838,.F.);
#4000=ADVANCED_FACE('',(#326),#3839,.F.);
#4001=ADVANCED_FACE('',(#327),#3840,.F.);
#4002=ADVANCED_FACE('',(#328),#3841,.F.);
#4003=ADVANCED_FACE('',(#329),#3842,.F.);
#4004=ADVANCED_FACE('',(#330),#3843,.F.);
#4005=ADVANCED_FACE('',(#331),#3844,.F.);
#4006=ADVANCED_FACE('',(#332),#3845,.F.);
#4007=ADVANCED_FACE('',(#333),#3846,.T.);
#4008=ADVANCED_FACE('',(#334),#3847,.F.);
#4009=ADVANCED_FACE('',(#335),#3848,.F.);
#4010=ADVANCED_FACE('',(#336),#3849,.T.);
#4011=ADVANCED_FACE('',(#337),#3850,.T.);
#4012=ADVANCED_FACE('',(#338),#3851,.T.);
#4013=ADVANCED_FACE('',(#339),#3852,.T.);
#4014=ADVANCED_FACE('',(#340),#3853,.F.);
#4015=ADVANCED_FACE('',(#341),#3854,.F.);
#4016=ADVANCED_FACE('',(#342),#3855,.F.);
#4017=ADVANCED_FACE('',(#343),#3856,.F.);
#4018=ADVANCED_FACE('',(#344),#3857,.F.);
#4019=ADVANCED_FACE('',(#345),#3858,.T.);
#4020=ADVANCED_FACE('',(#346),#3859,.T.);
#4021=ADVANCED_FACE('',(#347),#3860,.F.);
#4022=ADVANCED_FACE('',(#348),#3861,.T.);
#4023=ADVANCED_FACE('',(#349),#3862,.F.);
#4024=ADVANCED_FACE('',(#350),#3863,.T.);
#4025=ADVANCED_FACE('',(#351),#3864,.F.);
#4026=ADVANCED_FACE('',(#352),#3865,.T.);
#4027=ADVANCED_FACE('',(#353),#3866,.T.);
#4028=ADVANCED_FACE('',(#354),#3867,.T.);
#4029=ADVANCED_FACE('',(#355),#3868,.T.);
#4030=ADVANCED_FACE('',(#356),#3869,.T.);
#4031=ADVANCED_FACE('',(#357),#3870,.T.);
#4032=ADVANCED_FACE('',(#358),#3871,.T.);
#4033=ADVANCED_FACE('',(#359),#3872,.F.);
#4034=ADVANCED_FACE('',(#360),#3873,.T.);
#4035=ADVANCED_FACE('',(#361),#3874,.T.);
#4036=ADVANCED_FACE('',(#362),#3875,.T.);
#4037=ADVANCED_FACE('',(#363),#3876,.T.);
#4038=ADVANCED_FACE('',(#364),#3877,.T.);
#4039=ADVANCED_FACE('',(#365),#3878,.T.);
#4040=ADVANCED_FACE('',(#366),#3879,.T.);
#4041=ADVANCED_FACE('',(#367),#3880,.F.);
#4042=ADVANCED_FACE('',(#368),#3881,.T.);
#4043=ADVANCED_FACE('',(#369),#3882,.T.);
#4044=ADVANCED_FACE('',(#370),#3883,.T.);
#4045=ADVANCED_FACE('',(#371),#3884,.T.);
#4046=ADVANCED_FACE('',(#372),#3885,.T.);
#4047=ADVANCED_FACE('',(#373),#3886,.T.);
#4048=ADVANCED_FACE('',(#374),#3887,.T.);
#4049=ADVANCED_FACE('',(#375),#3888,.F.);
#4050=ADVANCED_FACE('',(#376),#3889,.T.);
#4051=ADVANCED_FACE('',(#377),#3890,.F.);
#4052=ADVANCED_FACE('',(#378),#3891,.T.);
#4053=ADVANCED_FACE('',(#379),#3892,.T.);
#4054=ADVANCED_FACE('',(#380),#3893,.T.);
#4055=ADVANCED_FACE('',(#381),#3894,.T.);
#4056=ADVANCED_FACE('',(#382),#3895,.T.);
#4057=ADVANCED_FACE('',(#383),#3896,.T.);
#4058=ADVANCED_FACE('',(#384),#3897,.T.);
#4059=ADVANCED_FACE('',(#385),#3898,.T.);
#4060=ADVANCED_FACE('',(#386),#3899,.T.);
#4061=ADVANCED_FACE('',(#387),#3900,.T.);
#4062=ADVANCED_FACE('',(#388),#3901,.T.);
#4063=ADVANCED_FACE('',(#389),#3902,.T.);
#4064=ADVANCED_FACE('',(#390),#3903,.T.);
#4065=ADVANCED_FACE('',(#391),#3904,.F.);
#4066=ADVANCED_FACE('',(#392),#157,.T.);
#4067=ADVANCED_FACE('',(#393),#158,.T.);
#4068=ADVANCED_FACE('',(#394),#159,.T.);
#4069=ADVANCED_FACE('',(#395),#160,.T.);
#4070=ADVANCED_FACE('',(#396),#3905,.T.);
#4071=ADVANCED_FACE('',(#397),#3906,.T.);
#4072=ADVANCED_FACE('',(#398),#3907,.T.);
#4073=ADVANCED_FACE('',(#399),#3908,.T.);
#4074=ADVANCED_FACE('',(#400),#161,.T.);
#4075=ADVANCED_FACE('',(#401),#162,.T.);
#4076=ADVANCED_FACE('',(#402),#163,.T.);
#4077=ADVANCED_FACE('',(#403),#164,.T.);
#4078=ADVANCED_FACE('',(#404),#3909,.T.);
#4079=ADVANCED_FACE('',(#405),#3910,.T.);
#4080=ADVANCED_FACE('',(#406),#3911,.T.);
#4081=ADVANCED_FACE('',(#407),#3912,.T.);
#4082=ADVANCED_FACE('',(#408),#3913,.F.);
#4083=ADVANCED_FACE('',(#409),#165,.T.);
#4084=ADVANCED_FACE('',(#410),#166,.T.);
#4085=ADVANCED_FACE('',(#411),#3914,.T.);
#4086=ADVANCED_FACE('',(#412),#3915,.T.);
#4087=ADVANCED_FACE('',(#413),#167,.T.);
#4088=ADVANCED_FACE('',(#414),#168,.T.);
#4089=ADVANCED_FACE('',(#415),#39,.F.);
#4090=ADVANCED_FACE('',(#416),#169,.T.);
#4091=ADVANCED_FACE('',(#417),#170,.T.);
#4092=ADVANCED_FACE('',(#418),#40,.F.);
#4093=ADVANCED_FACE('',(#419),#171,.T.);
#4094=ADVANCED_FACE('',(#420),#172,.T.);
#4095=ADVANCED_FACE('',(#421),#3916,.T.);
#4096=ADVANCED_FACE('',(#422),#3917,.T.);
#4097=ADVANCED_FACE('',(#423),#173,.T.);
#4098=ADVANCED_FACE('',(#424),#174,.T.);
#4099=ADVANCED_FACE('',(#425),#175,.T.);
#4100=ADVANCED_FACE('',(#426),#176,.T.);
#4101=ADVANCED_FACE('',(#427),#3918,.T.);
#4102=ADVANCED_FACE('',(#428),#3919,.F.);
#4103=ADVANCED_FACE('',(#429),#177,.T.);
#4104=ADVANCED_FACE('',(#430),#178,.T.);
#4105=ADVANCED_FACE('',(#431),#3920,.T.);
#4106=ADVANCED_FACE('',(#432),#3921,.T.);
#4107=ADVANCED_FACE('',(#433),#179,.T.);
#4108=ADVANCED_FACE('',(#434),#180,.T.);
#4109=ADVANCED_FACE('',(#435),#181,.T.);
#4110=ADVANCED_FACE('',(#436),#182,.T.);
#4111=ADVANCED_FACE('',(#437),#183,.T.);
#4112=ADVANCED_FACE('',(#438),#184,.T.);
#4113=ADVANCED_FACE('',(#439),#185,.T.);
#4114=ADVANCED_FACE('',(#440),#186,.T.);
#4115=ADVANCED_FACE('',(#441),#187,.T.);
#4116=ADVANCED_FACE('',(#442),#188,.T.);
#4117=ADVANCED_FACE('',(#443),#189,.T.);
#4118=ADVANCED_FACE('',(#444),#190,.T.);
#4119=ADVANCED_FACE('',(#445),#191,.T.);
#4120=ADVANCED_FACE('',(#446),#192,.T.);
#4121=ADVANCED_FACE('',(#447),#41,.F.);
#4122=ADVANCED_FACE('',(#448),#193,.T.);
#4123=ADVANCED_FACE('',(#449),#194,.T.);
#4124=ADVANCED_FACE('',(#450),#42,.F.);
#4125=ADVANCED_FACE('',(#451),#195,.T.);
#4126=ADVANCED_FACE('',(#452),#196,.T.);
#4127=ADVANCED_FACE('',(#453),#197,.T.);
#4128=ADVANCED_FACE('',(#454),#198,.T.);
#4129=ADVANCED_FACE('',(#455),#3922,.T.);
#4130=ADVANCED_FACE('',(#456),#3923,.T.);
#4131=ADVANCED_FACE('',(#457),#199,.T.);
#4132=ADVANCED_FACE('',(#458),#200,.T.);
#4133=ADVANCED_FACE('',(#459),#201,.T.);
#4134=ADVANCED_FACE('',(#460),#202,.T.);
#4135=ADVANCED_FACE('',(#461),#203,.T.);
#4136=ADVANCED_FACE('',(#462),#204,.T.);
#4137=ADVANCED_FACE('',(#463),#205,.T.);
#4138=ADVANCED_FACE('',(#464),#206,.T.);
#4139=ADVANCED_FACE('',(#465),#207,.T.);
#4140=ADVANCED_FACE('',(#466),#43,.F.);
#4141=ADVANCED_FACE('',(#467),#208,.T.);
#4142=ADVANCED_FACE('',(#468),#209,.T.);
#4143=ADVANCED_FACE('',(#469),#210,.T.);
#4144=ADVANCED_FACE('',(#470),#211,.T.);
#4145=ADVANCED_FACE('',(#471),#212,.T.);
#4146=ADVANCED_FACE('',(#472),#44,.F.);
#4147=ADVANCED_FACE('',(#473),#3924,.T.);
#4148=ADVANCED_FACE('',(#474),#3925,.F.);
#4149=ADVANCED_FACE('',(#475),#3926,.T.);
#4150=ADVANCED_FACE('',(#476),#3927,.T.);
#4151=ADVANCED_FACE('',(#477),#3928,.T.);
#4152=ADVANCED_FACE('',(#478),#3929,.T.);
#4153=ADVANCED_FACE('',(#479),#3930,.F.);
#4154=CLOSED_SHELL('',(#3931,#3932,#3933,#3934,#3935,#3936,#3937,#3938,
#3939,#3940,#3941,#3942,#3943,#3944,#3945,#3946,#3947,#3948,#3949,#3950,
#3951,#3952,#3953,#3954,#3955,#3956,#3957,#3958,#3959,#3960,#3961,#3962,
#3963,#3964,#3965,#3966,#3967,#3968,#3969,#3970,#3971,#3972,#3973,#3974,
#3975,#3976,#3977,#3978,#3979,#3980,#3981,#3982,#3983,#3984,#3985,#3986,
#3987,#3988,#3989,#3990,#3991,#3992,#3993,#3994,#3995,#3996,#3997,#3998,
#3999,#4000,#4001,#4002,#4003,#4004,#4005,#4006,#4007,#4008,#4009,#4010,
#4011,#4012,#4013,#4014,#4015,#4016,#4017,#4018,#4019,#4020,#4021,#4022,
#4023,#4024,#4025));
#4155=CLOSED_SHELL('',(#4026,#4027,#4028,#4029,#4030,#4031,#4032,#4033));
#4156=CLOSED_SHELL('',(#4034,#4035,#4036,#4037,#4038,#4039,#4040,#4041));
#4157=CLOSED_SHELL('',(#4042,#4043,#4044,#4045,#4046,#4047,#4048,#4049));
#4158=CLOSED_SHELL('',(#4050,#4051,#4052,#4053,#4054,#4055,#4056,#4057));
#4159=CLOSED_SHELL('',(#4058,#4059,#4060,#4061,#4062,#4063,#4064,#4065));
#4160=CLOSED_SHELL('',(#4066,#4067,#4068,#4069,#4070,#4071,#4072,#4073,
#4074,#4075,#4076,#4077,#4078,#4079,#4080,#4081,#4082));
#4161=CLOSED_SHELL('',(#4083,#4084,#4085,#4086,#4087,#4088,#4089,#4090,
#4091,#4092,#4093,#4094,#4095,#4096,#4097,#4098,#4099,#4100,#4101,#4102));
#4162=CLOSED_SHELL('',(#4103,#4104,#4105,#4106,#4107,#4108,#4109,#4110,
#4111,#4112,#4113,#4114,#4115,#4116,#4117,#4118,#4119,#4120,#4121,#4122,
#4123,#4124,#4125,#4126,#4127,#4128,#4129,#4130,#4131,#4132,#4133,#4134,
#4135,#4136,#4137,#4138,#4139,#4140,#4141,#4142,#4143,#4144,#4145,#4146,
#4147,#4148));
#4163=CLOSED_SHELL('',(#4149,#4150,#4151,#4152,#4153));
#4164=DERIVED_UNIT_ELEMENT(#4172,1.);
#4165=DERIVED_UNIT_ELEMENT(#7315,3.);
#4166=DERIVED_UNIT_ELEMENT(#4172,1.);
#4167=DERIVED_UNIT_ELEMENT(#7315,3.);
#4168=DERIVED_UNIT_ELEMENT(#4172,1.);
#4169=DERIVED_UNIT_ELEMENT(#7315,3.);
#4170=DERIVED_UNIT_ELEMENT(#4172,1.);
#4171=DERIVED_UNIT_ELEMENT(#7315,3.);
#4172=(
MASS_UNIT()
NAMED_UNIT(*)
SI_UNIT($,.GRAM.)
);
#4173=DERIVED_UNIT((#4164,#4165));
#4174=DERIVED_UNIT((#4166,#4167));
#4175=DERIVED_UNIT((#4168,#4169));
#4176=DERIVED_UNIT((#4170,#4171));
#4177=MEASURE_REPRESENTATION_ITEM('density measure',
POSITIVE_RATIO_MEASURE(1.),#4173);
#4178=MEASURE_REPRESENTATION_ITEM('density measure',
POSITIVE_RATIO_MEASURE(1.),#4174);
#4179=MEASURE_REPRESENTATION_ITEM('density measure',
POSITIVE_RATIO_MEASURE(1.),#4175);
#4180=MEASURE_REPRESENTATION_ITEM('density measure',
POSITIVE_RATIO_MEASURE(1.),#4176);
#4181=PROPERTY_DEFINITION_REPRESENTATION(#4201,#4189);
#4182=PROPERTY_DEFINITION_REPRESENTATION(#4202,#4190);
#4183=PROPERTY_DEFINITION_REPRESENTATION(#4203,#4191);
#4184=PROPERTY_DEFINITION_REPRESENTATION(#4204,#4192);
#4185=PROPERTY_DEFINITION_REPRESENTATION(#4205,#4193);
#4186=PROPERTY_DEFINITION_REPRESENTATION(#4206,#4194);
#4187=PROPERTY_DEFINITION_REPRESENTATION(#4207,#4195);
#4188=PROPERTY_DEFINITION_REPRESENTATION(#4208,#4196);
#4189=REPRESENTATION('material name',(#4197),#7309);
#4190=REPRESENTATION('density',(#4177),#7309);
#4191=REPRESENTATION('material name',(#4198),#7310);
#4192=REPRESENTATION('density',(#4178),#7310);
#4193=REPRESENTATION('material name',(#4199),#7311);
#4194=REPRESENTATION('density',(#4179),#7311);
#4195=REPRESENTATION('material name',(#4200),#7312);
#4196=REPRESENTATION('density',(#4180),#7312);
#4197=DESCRIPTIVE_REPRESENTATION_ITEM('Generic','Generic');
#4198=DESCRIPTIVE_REPRESENTATION_ITEM('Generic','Generic');
#4199=DESCRIPTIVE_REPRESENTATION_ITEM('Generic','Generic');
#4200=DESCRIPTIVE_REPRESENTATION_ITEM('Generic','Generic');
#4201=PROPERTY_DEFINITION('material property','material name',#7339);
#4202=PROPERTY_DEFINITION('material property','density of part',#7339);
#4203=PROPERTY_DEFINITION('material property','material name',#7340);
#4204=PROPERTY_DEFINITION('material property','density of part',#7340);
#4205=PROPERTY_DEFINITION('material property','material name',#7341);
#4206=PROPERTY_DEFINITION('material property','density of part',#7341);
#4207=PROPERTY_DEFINITION('material property','material name',#7342);
#4208=PROPERTY_DEFINITION('material property','density of part',#7342);
#4209=PRESENTATION_STYLE_ASSIGNMENT((#4214));
#4210=PRESENTATION_STYLE_ASSIGNMENT((#4215));
#4211=PRESENTATION_STYLE_ASSIGNMENT((#4216));
#4212=PRESENTATION_STYLE_ASSIGNMENT((#4217));
#4213=PRESENTATION_STYLE_ASSIGNMENT((#4218));
#4214=SURFACE_STYLE_USAGE(.BOTH.,#4229);
#4215=SURFACE_STYLE_USAGE(.BOTH.,#4230);
#4216=SURFACE_STYLE_USAGE(.BOTH.,#4231);
#4217=SURFACE_STYLE_USAGE(.BOTH.,#4232);
#4218=SURFACE_STYLE_USAGE(.BOTH.,#4233);
#4219=SURFACE_STYLE_RENDERING_WITH_PROPERTIES($,#4249,(#4224));
#4220=SURFACE_STYLE_RENDERING_WITH_PROPERTIES($,#4250,(#4225));
#4221=SURFACE_STYLE_RENDERING_WITH_PROPERTIES($,#4251,(#4226));
#4222=SURFACE_STYLE_RENDERING_WITH_PROPERTIES($,#4252,(#4227));
#4223=SURFACE_STYLE_RENDERING_WITH_PROPERTIES($,#4253,(#4228));
#4224=SURFACE_STYLE_TRANSPARENT(0.);
#4225=SURFACE_STYLE_TRANSPARENT(0.);
#4226=SURFACE_STYLE_TRANSPARENT(0.);
#4227=SURFACE_STYLE_TRANSPARENT(0.);
#4228=SURFACE_STYLE_TRANSPARENT(0.);
#4229=SURFACE_SIDE_STYLE('',(#4234,#4219));
#4230=SURFACE_SIDE_STYLE('',(#4235,#4220));
#4231=SURFACE_SIDE_STYLE('',(#4236,#4221));
#4232=SURFACE_SIDE_STYLE('',(#4237,#4222));
#4233=SURFACE_SIDE_STYLE('',(#4238,#4223));
#4234=SURFACE_STYLE_FILL_AREA(#4239);
#4235=SURFACE_STYLE_FILL_AREA(#4240);
#4236=SURFACE_STYLE_FILL_AREA(#4241);
#4237=SURFACE_STYLE_FILL_AREA(#4242);
#4238=SURFACE_STYLE_FILL_AREA(#4243);
#4239=FILL_AREA_STYLE('',(#4244));
#4240=FILL_AREA_STYLE('',(#4245));
#4241=FILL_AREA_STYLE('',(#4246));
#4242=FILL_AREA_STYLE('',(#4247));
#4243=FILL_AREA_STYLE('',(#4248));
#4244=FILL_AREA_STYLE_COLOUR('',#4249);
#4245=FILL_AREA_STYLE_COLOUR('',#4250);
#4246=FILL_AREA_STYLE_COLOUR('',#4251);
#4247=FILL_AREA_STYLE_COLOUR('',#4252);
#4248=FILL_AREA_STYLE_COLOUR('',#4253);
#4249=COLOUR_RGB('',0.749019607843137,0.749019607843137,0.749019607843137);
#4250=COLOUR_RGB('',0.980392156862745,0.941176470588235,0.784313725490196);
#4251=COLOUR_RGB('',0.862745098039216,0.627450980392157,0.0588235294117647);
#4252=COLOUR_RGB('',0.831372549019608,0.831372549019608,0.831372549019608);
#4253=COLOUR_RGB('',0.286274509803922,0.286274509803922,0.286274509803922);
#4254=DATE_TIME_ROLE('creation_date');
#4255=DATE_TIME_ROLE('creation_date');
#4256=DATE_TIME_ROLE('creation_date');
#4257=DATE_TIME_ROLE('creation_date');
#4258=DATE_TIME_ROLE('creation_date');
#4259=APPLIED_DATE_AND_TIME_ASSIGNMENT(#4264,#4254,(#7338));
#4260=APPLIED_DATE_AND_TIME_ASSIGNMENT(#4265,#4255,(#7339));
#4261=APPLIED_DATE_AND_TIME_ASSIGNMENT(#4266,#4256,(#7340));
#4262=APPLIED_DATE_AND_TIME_ASSIGNMENT(#4267,#4257,(#7341));
#4263=APPLIED_DATE_AND_TIME_ASSIGNMENT(#4268,#4258,(#7342));
#4264=DATE_AND_TIME(#4269,#4274);
#4265=DATE_AND_TIME(#4270,#4275);
#4266=DATE_AND_TIME(#4271,#4276);
#4267=DATE_AND_TIME(#4272,#4277);
#4268=DATE_AND_TIME(#4273,#4278);
#4269=CALENDAR_DATE(2021,27,10);
#4270=CALENDAR_DATE(2010,23,6);
#4271=CALENDAR_DATE(2021,27,10);
#4272=CALENDAR_DATE(2021,27,10);
#4273=CALENDAR_DATE(2021,27,10);
#4274=LOCAL_TIME(2,17,14.,#4279);
#4275=LOCAL_TIME(7,50,30.,#4280);
#4276=LOCAL_TIME(2,18,3.,#4281);
#4277=LOCAL_TIME(2,20,49.,#4282);
#4278=LOCAL_TIME(2,28,56.,#4283);
#4279=COORDINATED_UNIVERSAL_TIME_OFFSET(0,0,.BEHIND.);
#4280=COORDINATED_UNIVERSAL_TIME_OFFSET(0,0,.BEHIND.);
#4281=COORDINATED_UNIVERSAL_TIME_OFFSET(0,0,.BEHIND.);
#4282=COORDINATED_UNIVERSAL_TIME_OFFSET(0,0,.BEHIND.);
#4283=COORDINATED_UNIVERSAL_TIME_OFFSET(0,0,.BEHIND.);
#4284=AXIS2_PLACEMENT_3D('placement',#5313,#4474,#4475);
#4285=AXIS2_PLACEMENT_3D('placement',#5314,#4476,#4477);
#4286=AXIS2_PLACEMENT_3D('',#5315,#4478,#4479);
#4287=AXIS2_PLACEMENT_3D('',#5324,#4484,#4485);
#4288=AXIS2_PLACEMENT_3D('',#5333,#4490,#4491);
#4289=AXIS2_PLACEMENT_3D('',#5339,#4495,#4496);
#4290=AXIS2_PLACEMENT_3D('',#5345,#4500,#4501);
#4291=AXIS2_PLACEMENT_3D('',#5350,#4505,#4506);
#4292=AXIS2_PLACEMENT_3D('',#5359,#4511,#4512);
#4293=AXIS2_PLACEMENT_3D('',#5365,#4516,#4517);
#4294=AXIS2_PLACEMENT_3D('',#5371,#4521,#4522);
#4295=AXIS2_PLACEMENT_3D('',#5377,#4526,#4527);
#4296=AXIS2_PLACEMENT_3D('',#5383,#4531,#4532);
#4297=AXIS2_PLACEMENT_3D('',#5389,#4536,#4537);
#4298=AXIS2_PLACEMENT_3D('',#5395,#4541,#4542);
#4299=AXIS2_PLACEMENT_3D('',#5401,#4546,#4547);
#4300=AXIS2_PLACEMENT_3D('',#5407,#4551,#4552);
#4301=AXIS2_PLACEMENT_3D('',#5413,#4556,#4557);
#4302=AXIS2_PLACEMENT_3D('',#5419,#4561,#4562);
#4303=AXIS2_PLACEMENT_3D('',#5425,#4566,#4567);
#4304=AXIS2_PLACEMENT_3D('',#5430,#4571,#4572);
#4305=AXIS2_PLACEMENT_3D('',#5439,#4577,#4578);
#4306=AXIS2_PLACEMENT_3D('',#5445,#4582,#4583);
#4307=AXIS2_PLACEMENT_3D('',#5451,#4587,#4588);
#4308=AXIS2_PLACEMENT_3D('',#5456,#4592,#4593);
#4309=AXIS2_PLACEMENT_3D('',#5464,#4598,#4599);
#4310=AXIS2_PLACEMENT_3D('',#5465,#4600,#4601);
#4311=AXIS2_PLACEMENT_3D('',#5466,#4602,#4603);
#4312=AXIS2_PLACEMENT_3D('',#5467,#4604,#4605);
#4313=AXIS2_PLACEMENT_3D('',#5468,#4606,#4607);
#4314=AXIS2_PLACEMENT_3D('',#5469,#4608,#4609);
#4315=AXIS2_PLACEMENT_3D('',#5470,#4610,#4611);
#4316=AXIS2_PLACEMENT_3D('',#5471,#4612,#4613);
#4317=AXIS2_PLACEMENT_3D('',#5472,#4614,#4615);
#4318=AXIS2_PLACEMENT_3D('',#5476,#4617,#4618);
#4319=AXIS2_PLACEMENT_3D('',#5478,#4620,#4621);
#4320=AXIS2_PLACEMENT_3D('',#5482,#4624,#4625);
#4321=AXIS2_PLACEMENT_3D('',#5486,#4628,#4629);
#4322=AXIS2_PLACEMENT_3D('',#5490,#4632,#4633);
#4323=AXIS2_PLACEMENT_3D('',#5494,#4636,#4637);
#4324=AXIS2_PLACEMENT_3D('',#5497,#4639,#4640);
#4325=AXIS2_PLACEMENT_3D('',#5498,#4641,#4642);
#4326=AXIS2_PLACEMENT_3D('',#5502,#4645,#4646);
#4327=AXIS2_PLACEMENT_3D('',#5506,#4649,#4650);
#4328=AXIS2_PLACEMENT_3D('',#5510,#4653,#4654);
#4329=AXIS2_PLACEMENT_3D('',#5522,#4661,#4662);
#4330=AXIS2_PLACEMENT_3D('',#5526,#4665,#4666);
#4331=AXIS2_PLACEMENT_3D('',#5538,#4673,#4674);
#4332=AXIS2_PLACEMENT_3D('',#5542,#4677,#4678);
#4333=AXIS2_PLACEMENT_3D('',#5554,#4685,#4686);
#4334=AXIS2_PLACEMENT_3D('',#5558,#4689,#4690);
#4335=AXIS2_PLACEMENT_3D('',#5570,#4697,#4698);
#4336=AXIS2_PLACEMENT_3D('',#5574,#4701,#4702);
#4337=AXIS2_PLACEMENT_3D('',#5578,#4705,#4706);
#4338=AXIS2_PLACEMENT_3D('',#5582,#4709,#4710);
#4339=AXIS2_PLACEMENT_3D('',#5585,#4712,#4713);
#4340=AXIS2_PLACEMENT_3D('',#5586,#4714,#4715);
#4341=AXIS2_PLACEMENT_3D('',#5590,#4718,#4719);
#4342=AXIS2_PLACEMENT_3D('',#5594,#4722,#4723);
#4343=AXIS2_PLACEMENT_3D('',#5598,#4726,#4727);
#4344=AXIS2_PLACEMENT_3D('',#5602,#4730,#4731);
#4345=AXIS2_PLACEMENT_3D('',#5605,#4733,#4734);
#4346=AXIS2_PLACEMENT_3D('',#5606,#4735,#4736);
#4347=AXIS2_PLACEMENT_3D('',#5610,#4739,#4740);
#4348=AXIS2_PLACEMENT_3D('',#5621,#4746,#4747);
#4349=AXIS2_PLACEMENT_3D('',#5627,#4751,#4752);
#4350=AXIS2_PLACEMENT_3D('',#5631,#4755,#4756);
#4351=AXIS2_PLACEMENT_3D('',#5635,#4759,#4760);
#4352=AXIS2_PLACEMENT_3D('',#5644,#4766,#4767);
#4353=AXIS2_PLACEMENT_3D('',#5666,#4781,#4782);
#4354=AXIS2_PLACEMENT_3D('',#5672,#4786,#4787);
#4355=AXIS2_PLACEMENT_3D('',#5678,#4791,#4792);
#4356=AXIS2_PLACEMENT_3D('',#5684,#4796,#4797);
#4357=AXIS2_PLACEMENT_3D('',#5686,#4799,#4800);
#4358=AXIS2_PLACEMENT_3D('',#5696,#4806,#4807);
#4359=AXIS2_PLACEMENT_3D('',#5705,#4812,#4813);
#4360=AXIS2_PLACEMENT_3D('',#5711,#4817,#4818);
#4361=AXIS2_PLACEMENT_3D('',#5717,#4822,#4823);
#4362=AXIS2_PLACEMENT_3D('',#5726,#4828,#4829);
#4363=AXIS2_PLACEMENT_3D('',#5732,#4833,#4834);
#4364=AXIS2_PLACEMENT_3D('',#5738,#4838,#4839);
#4365=AXIS2_PLACEMENT_3D('',#5747,#4844,#4845);
#4366=AXIS2_PLACEMENT_3D('',#5753,#4849,#4850);
#4367=AXIS2_PLACEMENT_3D('',#5759,#4854,#4855);
#4368=AXIS2_PLACEMENT_3D('',#5763,#4859,#4860);
#4369=AXIS2_PLACEMENT_3D('',#5769,#4864,#4865);
#4370=AXIS2_PLACEMENT_3D('',#5773,#4869,#4870);
#4371=AXIS2_PLACEMENT_3D('',#5786,#4878,#4879);
#4372=AXIS2_PLACEMENT_3D('',#5790,#4882,#4883);
#4373=AXIS2_PLACEMENT_3D('',#5791,#4884,#4885);
#4374=AXIS2_PLACEMENT_3D('',#5797,#4889,#4890);
#4375=AXIS2_PLACEMENT_3D('',#5800,#4893,#4894);
#4376=AXIS2_PLACEMENT_3D('',#5801,#4895,#4896);
#4377=AXIS2_PLACEMENT_3D('',#5803,#4898,#4899);
#4378=AXIS2_PLACEMENT_3D('',#5807,#4902,#4903);
#4379=AXIS2_PLACEMENT_3D('',#5809,#4905,#4906);
#4380=AXIS2_PLACEMENT_3D('',#5810,#4907,#4908);
#4381=AXIS2_PLACEMENT_3D('',#5812,#4910,#4911);
#4382=AXIS2_PLACEMENT_3D('',#5814,#4913,#4914);
#4383=AXIS2_PLACEMENT_3D('',#5824,#4920,#4921);
#4384=AXIS2_PLACEMENT_3D('',#5826,#4923,#4924);
#4385=AXIS2_PLACEMENT_3D('',#5828,#4926,#4927);
#4386=AXIS2_PLACEMENT_3D('',#5832,#4931,#4932);
#4387=AXIS2_PLACEMENT_3D('',#5833,#4933,#4934);
#4388=AXIS2_PLACEMENT_3D('',#5834,#4935,#4936);
#4389=AXIS2_PLACEMENT_3D('placement',#5835,#4937,#4938);
#4390=AXIS2_PLACEMENT_3D('',#5836,#4939,#4940);
#4391=AXIS2_PLACEMENT_3D('',#5845,#4945,#4946);
#4392=AXIS2_PLACEMENT_3D('',#5851,#4950,#4951);
#4393=AXIS2_PLACEMENT_3D('',#5859,#4956,#4957);
#4394=AXIS2_PLACEMENT_3D('',#5865,#4961,#4962);
#4395=AXIS2_PLACEMENT_3D('',#5870,#4966,#4967);
#4396=AXIS2_PLACEMENT_3D('',#5872,#4969,#4970);
#4397=AXIS2_PLACEMENT_3D('',#5873,#4971,#4972);
#4398=AXIS2_PLACEMENT_3D('',#5874,#4973,#4974);
#4399=AXIS2_PLACEMENT_3D('',#5883,#4979,#4980);
#4400=AXIS2_PLACEMENT_3D('',#5889,#4984,#4985);
#4401=AXIS2_PLACEMENT_3D('',#5898,#4990,#4991);
#4402=AXIS2_PLACEMENT_3D('',#5903,#4995,#4996);
#4403=AXIS2_PLACEMENT_3D('',#5907,#4999,#5000);
#4404=AXIS2_PLACEMENT_3D('',#5910,#5003,#5004);
#4405=AXIS2_PLACEMENT_3D('',#5911,#5005,#5006);
#4406=AXIS2_PLACEMENT_3D('',#5912,#5007,#5008);
#4407=AXIS2_PLACEMENT_3D('',#5921,#5013,#5014);
#4408=AXIS2_PLACEMENT_3D('',#5927,#5018,#5019);
#4409=AXIS2_PLACEMENT_3D('',#5933,#5023,#5024);
#4410=AXIS2_PLACEMENT_3D('',#5939,#5028,#5029);
#4411=AXIS2_PLACEMENT_3D('',#5945,#5033,#5034);
#4412=AXIS2_PLACEMENT_3D('',#5948,#5037,#5038);
#4413=AXIS2_PLACEMENT_3D('',#5949,#5039,#5040);
#4414=AXIS2_PLACEMENT_3D('placement',#5950,#5041,#5042);
#4415=AXIS2_PLACEMENT_3D('',#5951,#5043,#5044);
#4416=AXIS2_PLACEMENT_3D('',#5960,#5049,#5050);
#4417=AXIS2_PLACEMENT_3D('',#5966,#5054,#5055);
#4418=AXIS2_PLACEMENT_3D('',#5974,#5060,#5061);
#4419=AXIS2_PLACEMENT_3D('',#5978,#5064,#5065);
#4420=AXIS2_PLACEMENT_3D('',#5982,#5068,#5069);
#4421=AXIS2_PLACEMENT_3D('',#5986,#5072,#5073);
#4422=AXIS2_PLACEMENT_3D('',#5988,#5075,#5076);
#4423=AXIS2_PLACEMENT_3D('',#5989,#5077,#5078);
#4424=AXIS2_PLACEMENT_3D('',#5998,#5083,#5084);
#4425=AXIS2_PLACEMENT_3D('',#6004,#5088,#5089);
#4426=AXIS2_PLACEMENT_3D('',#6012,#5094,#5095);
#4427=AXIS2_PLACEMENT_3D('',#6018,#5099,#5100);
#4428=AXIS2_PLACEMENT_3D('',#6022,#5103,#5104);
#4429=AXIS2_PLACEMENT_3D('',#6025,#5107,#5108);
#4430=AXIS2_PLACEMENT_3D('',#6026,#5109,#5110);
#4431=AXIS2_PLACEMENT_3D('placement',#6027,#5111,#5112);
#4432=AXIS2_PLACEMENT_3D('',#6107,#5118,#5119);
#4433=AXIS2_PLACEMENT_3D('',#6113,#5123,#5124);
#4434=AXIS2_PLACEMENT_3D('',#6119,#5128,#5129);
#4435=AXIS2_PLACEMENT_3D('',#6125,#5133,#5134);
#4436=AXIS2_PLACEMENT_3D('',#6207,#5142,#5143);
#4437=AXIS2_PLACEMENT_3D('',#6213,#5147,#5148);
#4438=AXIS2_PLACEMENT_3D('',#6219,#5152,#5153);
#4439=AXIS2_PLACEMENT_3D('',#6222,#5156,#5157);
#4440=AXIS2_PLACEMENT_3D('',#6223,#5158,#5159);
#4441=AXIS2_PLACEMENT_3D('',#6265,#5163,#5164);
#4442=AXIS2_PLACEMENT_3D('',#6271,#5168,#5169);
#4443=AXIS2_PLACEMENT_3D('',#6322,#5175,#5176);
#4444=AXIS2_PLACEMENT_3D('',#6324,#5177,#5178);
#4445=AXIS2_PLACEMENT_3D('',#6371,#5182,#5183);
#4446=AXIS2_PLACEMENT_3D('',#6373,#5184,#5185);
#4447=AXIS2_PLACEMENT_3D('',#6421,#5189,#5190);
#4448=AXIS2_PLACEMENT_3D('',#6427,#5194,#5195);
#4449=AXIS2_PLACEMENT_3D('',#6506,#5202,#5203);
#4450=AXIS2_PLACEMENT_3D('',#6507,#5204,#5205);
#4451=AXIS2_PLACEMENT_3D('',#6549,#5209,#5210);
#4452=AXIS2_PLACEMENT_3D('',#6555,#5214,#5215);
#4453=AXIS2_PLACEMENT_3D('',#6842,#5233,#5234);
#4454=AXIS2_PLACEMENT_3D('',#6844,#5235,#5236);
#4455=AXIS2_PLACEMENT_3D('',#6891,#5240,#5241);
#4456=AXIS2_PLACEMENT_3D('',#6893,#5242,#5243);
#4457=AXIS2_PLACEMENT_3D('',#6971,#5249,#5250);
#4458=AXIS2_PLACEMENT_3D('',#6977,#5254,#5255);
#4459=AXIS2_PLACEMENT_3D('',#7169,#5268,#5269);
#4460=AXIS2_PLACEMENT_3D('',#7171,#5270,#5271);
#4461=AXIS2_PLACEMENT_3D('',#7274,#5278,#5279);
#4462=AXIS2_PLACEMENT_3D('',#7275,#5280,#5281);
#4463=AXIS2_PLACEMENT_3D('',#7276,#5282,#5283);
#4464=AXIS2_PLACEMENT_3D('',#7277,#5284,#5285);
#4465=AXIS2_PLACEMENT_3D('',#7278,#5286,#5287);
#4466=AXIS2_PLACEMENT_3D('',#7287,#5292,#5293);
#4467=AXIS2_PLACEMENT_3D('',#7293,#5297,#5298);
#4468=AXIS2_PLACEMENT_3D('',#7296,#5301,#5302);
#4469=AXIS2_PLACEMENT_3D('',#7297,#5303,#5304);
#4470=AXIS2_PLACEMENT_3D('',#7298,#5305,#5306);
#4471=AXIS2_PLACEMENT_3D('',#7299,#5307,#5308);
#4472=AXIS2_PLACEMENT_3D('',#7300,#5309,#5310);
#4473=AXIS2_PLACEMENT_3D('',#7301,#5311,#5312);
#4474=DIRECTION('axis',(0.,0.,1.));
#4475=DIRECTION('refdir',(1.,0.,0.));
#4476=DIRECTION('axis',(0.,0.,1.));
#4477=DIRECTION('refdir',(1.,0.,0.));
#4478=DIRECTION('center_axis',(-0.707106781186548,0.707106781186548,7.1315972868994E-17));
#4479=DIRECTION('ref_axis',(1.00856016045163E-16,0.,1.));
#4480=DIRECTION('',(0.707106781186548,0.707106781186548,0.));
#4481=DIRECTION('',(0.,1.00856016045163E-16,-1.));
#4482=DIRECTION('',(-0.707106781186548,-0.707106781186548,0.));
#4483=DIRECTION('',(0.,-1.00856016045163E-16,1.));
#4484=DIRECTION('center_axis',(-0.707106781186548,0.707106781186548,7.1315972868994E-17));
#4485=DIRECTION('ref_axis',(1.00856016045163E-16,0.,1.));
#4486=DIRECTION('',(0.,1.00856016045163E-16,-1.));
#4487=DIRECTION('',(-0.707106781186548,-0.707106781186548,0.));
#4488=DIRECTION('',(0.,-1.00856016045163E-16,1.));
#4489=DIRECTION('',(0.577350269189607,0.57735026918961,-0.577350269189661));
#4490=DIRECTION('center_axis',(0.,0.707106781186553,0.707106781186542));
#4491=DIRECTION('ref_axis',(1.,0.,0.));
#4492=DIRECTION('',(-1.,0.,0.));
#4493=DIRECTION('',(1.,0.,0.));
#4494=DIRECTION('',(0.577350269189623,0.577350269189623,-0.577350269189632));
#4495=DIRECTION('center_axis',(-0.707106781186548,0.707106781186548,7.1315972868994E-17));
#4496=DIRECTION('ref_axis',(1.00856016045163E-16,0.,1.));
#4497=DIRECTION('',(0.,1.00856016045163E-16,-1.));
#4498=DIRECTION('',(0.,-1.00856016045163E-16,1.));
#4499=DIRECTION('',(0.577350269189624,0.577350269189627,0.577350269189627));
#4500=DIRECTION('center_axis',(0.,0.707106781186548,-0.707106781186548));
#4501=DIRECTION('ref_axis',(-1.,0.,0.));
#4502=DIRECTION('',(-1.,0.,0.));
#4503=DIRECTION('',(-3.92523114670943E-15,0.707106781186548,0.707106781186548));
#4504=DIRECTION('',(1.,0.,0.));
#4505=DIRECTION('center_axis',(0.,0.707106781186547,-0.707106781186548));
#4506=DIRECTION('ref_axis',(-1.,0.,0.));
#4507=DIRECTION('',(1.,0.,0.));
#4508=DIRECTION('',(0.,-0.707106781186549,-0.707106781186546));
#4509=DIRECTION('',(-1.,0.,0.));
#4510=DIRECTION('',(-0.577350269189627,0.577350269189623,0.577350269189627));
#4511=DIRECTION('center_axis',(0.707106781186547,0.707106781186548,7.13159728689941E-17));
#4512=DIRECTION('ref_axis',(1.00856016045163E-16,0.,-1.));
#4513=DIRECTION('',(0.,-1.00856016045163E-16,1.));
#4514=DIRECTION('',(0.,1.00856016045163E-16,-1.));
#4515=DIRECTION('',(-0.577350269189629,0.577350269189625,-0.577350269189624));
#4516=DIRECTION('center_axis',(1.65313423622824E-16,0.707106781186548,0.707106781186547));
#4517=DIRECTION('ref_axis',(1.,0.,-2.33788485729727E-16));
#4518=DIRECTION('',(-1.,-2.35789752679317E-32,2.33788485729727E-16));
#4519=DIRECTION('',(1.,2.35789752679317E-32,-2.33788485729727E-16));
#4520=DIRECTION('',(-0.57735026918963,0.577350269189624,-0.577350269189624));
#4521=DIRECTION('center_axis',(0.707106781186547,0.707106781186548,7.1315972868994E-17));
#4522=DIRECTION('ref_axis',(1.00856016045163E-16,0.,-1.));
#4523=DIRECTION('',(1.79259527384262E-32,-1.00856016045163E-16,1.));
#4524=DIRECTION('',(-1.79259527384262E-32,1.00856016045163E-16,-1.));
#4525=DIRECTION('',(-0.57735026918963,0.577350269189622,-0.577350269189625));
#4526=DIRECTION('center_axis',(0.,0.70710678118655,0.707106781186546));
#4527=DIRECTION('ref_axis',(1.,0.,0.));
#4528=DIRECTION('',(-1.,0.,0.));
#4529=DIRECTION('',(1.,0.,0.));
#4530=DIRECTION('',(0.577350269189626,0.577350269189624,-0.577350269189627));
#4531=DIRECTION('center_axis',(-0.707106781186547,0.707106781186548,7.13159728689941E-17));
#4532=DIRECTION('ref_axis',(1.00856016045163E-16,0.,1.));
#4533=DIRECTION('',(8.74786493635198E-33,1.00856016045163E-16,-1.));
#4534=DIRECTION('',(-8.74786493635198E-33,-1.00856016045163E-16,1.));
#4535=DIRECTION('',(0.577350269189622,0.577350269189627,-0.577350269189628));
#4536=DIRECTION('center_axis',(1.65313423622824E-16,0.707106781186548,0.707106781186547));
#4537=DIRECTION('ref_axis',(1.,0.,-2.33788485729727E-16));
#4538=DIRECTION('',(-1.,-2.35789752679317E-32,2.33788485729727E-16));
#4539=DIRECTION('',(1.,2.35789752679317E-32,-2.33788485729727E-16));
#4540=DIRECTION('',(-0.577350269189624,0.577350269189626,-0.577350269189626));
#4541=DIRECTION('center_axis',(0.707106781186547,0.707106781186548,7.13159728689941E-17));
#4542=DIRECTION('ref_axis',(1.00856016045163E-16,0.,-1.));
#4543=DIRECTION('',(8.74786493635198E-33,-1.00856016045163E-16,1.));
#4544=DIRECTION('',(-8.74786493635198E-33,1.00856016045163E-16,-1.));
#4545=DIRECTION('',(-0.577350269189627,0.577350269189624,-0.577350269189627));
#4546=DIRECTION('center_axis',(0.,0.70710678118655,0.707106781186546));
#4547=DIRECTION('ref_axis',(1.,0.,0.));
#4548=DIRECTION('',(-1.,0.,0.));
#4549=DIRECTION('',(1.,0.,0.));
#4550=DIRECTION('',(0.57735026918963,0.577350269189622,-0.577350269189625));
#4551=DIRECTION('center_axis',(-0.707106781186546,0.707106781186549,7.13159728689942E-17));
#4552=DIRECTION('ref_axis',(1.00856016045164E-16,0.,1.));
#4553=DIRECTION('',(0.,1.00856016045163E-16,-1.));
#4554=DIRECTION('',(0.,-1.00856016045163E-16,1.));
#4555=DIRECTION('',(0.577350269189629,0.577350269189625,-0.577350269189625));
#4556=DIRECTION('center_axis',(1.65313423622824E-16,0.707106781186548,0.707106781186547));
#4557=DIRECTION('ref_axis',(1.,0.,-2.33788485729727E-16));
#4558=DIRECTION('',(-1.,-2.35789752679317E-32,2.33788485729727E-16));
#4559=DIRECTION('',(1.,2.35789752679317E-32,-2.33788485729727E-16));
#4560=DIRECTION('',(0.577350269189624,0.577350269189627,-0.577350269189627));
#4561=DIRECTION('center_axis',(-0.707106781186548,0.707106781186548,7.1315972868994E-17));
#4562=DIRECTION('ref_axis',(1.00856016045163E-16,0.,1.));
#4563=DIRECTION('',(0.,1.00856016045163E-16,-1.));
#4564=DIRECTION('',(0.,-1.00856016045163E-16,1.));
#4565=DIRECTION('',(0.577350269189626,0.577350269189626,0.577350269189626));
#4566=DIRECTION('center_axis',(0.,0.707106781186547,-0.707106781186548));
#4567=DIRECTION('ref_axis',(-1.,0.,0.));
#4568=DIRECTION('',(-1.,0.,0.));
#4569=DIRECTION('',(0.,0.707106781186549,0.707106781186546));
#4570=DIRECTION('',(1.,0.,0.));
#4571=DIRECTION('center_axis',(0.,0.707106781186548,-0.707106781186548));
#4572=DIRECTION('ref_axis',(-1.,0.,0.));
#4573=DIRECTION('',(1.,0.,0.));
#4574=DIRECTION('',(0.,-0.707106781186548,-0.707106781186548));
#4575=DIRECTION('',(-1.,0.,0.));
#4576=DIRECTION('',(-0.577350269189626,0.577350269189625,0.577350269189626));
#4577=DIRECTION('center_axis',(0.707106781186548,0.707106781186548,7.1315972868994E-17));
#4578=DIRECTION('ref_axis',(1.00856016045163E-16,0.,-1.));
#4579=DIRECTION('',(0.,-1.00856016045163E-16,1.));
#4580=DIRECTION('',(0.,1.00856016045163E-16,-1.));
#4581=DIRECTION('',(-0.57735026918962,0.57735026918962,-0.577350269189637));
#4582=DIRECTION('center_axis',(0.,0.707106781186553,0.707106781186542));
#4583=DIRECTION('ref_axis',(1.,0.,0.));
#4584=DIRECTION('',(-1.,0.,0.));
#4585=DIRECTION('',(1.,0.,0.));
#4586=DIRECTION('',(-0.577350269189623,0.577350269189622,-0.577350269189632));
#4587=DIRECTION('center_axis',(0.707106781186548,0.707106781186548,7.1315972868994E-17));
#4588=DIRECTION('ref_axis',(1.00856016045163E-16,0.,-1.));
#4589=DIRECTION('',(0.,1.00856016045163E-16,-1.));
#4590=DIRECTION('',(-0.707106781186548,0.707106781186548,0.));
#4591=DIRECTION('',(0.,-1.00856016045163E-16,1.));
#4592=DIRECTION('center_axis',(0.707106781186548,0.707106781186548,7.1315972868994E-17));
#4593=DIRECTION('ref_axis',(1.00856016045163E-16,0.,-1.));
#4594=DIRECTION('',(0.707106781186548,-0.707106781186548,0.));
#4595=DIRECTION('',(0.,1.00856016045163E-16,-1.));
#4596=DIRECTION('',(-0.707106781186548,0.707106781186548,0.));
#4597=DIRECTION('',(0.,-1.00856016045163E-16,1.));
#4598=DIRECTION('center_axis',(0.,-1.,0.));
#4599=DIRECTION('ref_axis',(0.707106781186548,0.,-0.707106781186548));
#4600=DIRECTION('center_axis',(0.,1.,0.));
#4601=DIRECTION('ref_axis',(0.707106781186548,0.,-0.707106781186548));
#4602=DIRECTION('center_axis',(0.,-1.,0.));
#4603=DIRECTION('ref_axis',(0.707106781186548,0.,-0.707106781186548));
#4604=DIRECTION('center_axis',(0.,1.,0.));
#4605=DIRECTION('ref_axis',(0.707106781186548,0.,-0.707106781186548));
#4606=DIRECTION('center_axis',(0.,-1.,0.));
#4607=DIRECTION('ref_axis',(-0.707106781186548,0.,-0.707106781186548));
#4608=DIRECTION('center_axis',(0.,1.,0.));
#4609=DIRECTION('ref_axis',(-0.707106781186548,0.,-0.707106781186548));
#4610=DIRECTION('center_axis',(0.,-1.,0.));
#4611=DIRECTION('ref_axis',(-0.707106781186548,0.,-0.707106781186548));
#4612=DIRECTION('center_axis',(0.,1.,0.));
#4613=DIRECTION('ref_axis',(-0.707106781186548,0.,-0.707106781186548));
#4614=DIRECTION('center_axis',(0.,-1.,0.));
#4615=DIRECTION('ref_axis',(-0.707106781186548,0.,-0.707106781186548));
#4616=DIRECTION('',(0.,-1.,0.));
#4617=DIRECTION('center_axis',(0.,-1.,0.));
#4618=DIRECTION('ref_axis',(-0.707106781186548,0.,-0.707106781186548));
#4619=DIRECTION('',(0.,1.,0.));
#4620=DIRECTION('center_axis',(0.,0.,1.));
#4621=DIRECTION('ref_axis',(1.,0.,0.));
#4622=DIRECTION('',(0.,1.,0.));
#4623=DIRECTION('',(1.,0.,0.));
#4624=DIRECTION('center_axis',(-1.,0.,0.));
#4625=DIRECTION('ref_axis',(0.,0.,1.));
#4626=DIRECTION('',(0.,-1.,1.15648231731787E-14));
#4627=DIRECTION('',(0.,0.,-1.));
#4628=DIRECTION('center_axis',(0.,-1.15648231731787E-14,-1.));
#4629=DIRECTION('ref_axis',(0.,1.,-1.15648231731787E-14));
#4630=DIRECTION('',(0.,1.,0.));
#4631=DIRECTION('',(-1.,0.,0.));
#4632=DIRECTION('center_axis',(-1.,0.,0.));
#4633=DIRECTION('ref_axis',(0.,0.,1.));
#4634=DIRECTION('',(0.,1.,0.));
#4635=DIRECTION('',(0.,0.,-1.));
#4636=DIRECTION('center_axis',(0.,1.,0.));
#4637=DIRECTION('ref_axis',(-0.707106781186548,0.,-0.707106781186548));
#4638=DIRECTION('',(0.,-1.,0.));
#4639=DIRECTION('center_axis',(0.,-1.,0.));
#4640=DIRECTION('ref_axis',(-0.707106781186548,0.,-0.707106781186548));
#4641=DIRECTION('center_axis',(0.,0.,-1.));
#4642=DIRECTION('ref_axis',(-1.,0.,0.));
#4643=DIRECTION('',(0.,1.,0.));
#4644=DIRECTION('',(1.,0.,0.));
#4645=DIRECTION('center_axis',(-1.,0.,0.));
#4646=DIRECTION('ref_axis',(0.,0.,1.));
#4647=DIRECTION('',(0.,1.,0.));
#4648=DIRECTION('',(0.,0.,-1.));
#4649=DIRECTION('center_axis',(2.33788485729727E-16,0.,1.));
#4650=DIRECTION('ref_axis',(1.,0.,-2.33788485729727E-16));
#4651=DIRECTION('',(0.,-1.,0.));
#4652=DIRECTION('',(-1.,0.,0.));
#4653=DIRECTION('center_axis',(1.,0.,0.));
#4654=DIRECTION('ref_axis',(0.,0.,-1.));
#4655=DIRECTION('',(0.,-1.,-1.11022302462516E-16));
#4656=DIRECTION('',(-3.26536183713281E-16,1.29071687200655E-17,-1.));
#4657=DIRECTION('',(0.,1.,0.));
#4658=DIRECTION('',(0.,1.29071687200655E-17,-1.));
#4659=DIRECTION('',(0.,-1.,-1.11022302462516E-16));
#4660=DIRECTION('',(0.,0.,1.));
#4661=DIRECTION('center_axis',(0.,0.,1.));
#4662=DIRECTION('ref_axis',(1.,0.,0.));
#4663=DIRECTION('',(0.,-1.,-1.11022302462516E-16));
#4664=DIRECTION('',(1.,0.,0.));
#4665=DIRECTION('center_axis',(-1.,-8.67361737988412E-17,0.));
#4666=DIRECTION('ref_axis',(8.67361737988412E-17,-1.,0.));
#4667=DIRECTION('',(0.,1.,0.));
#4668=DIRECTION('',(0.,0.,-1.));
#4669=DIRECTION('',(0.,-1.,-1.11022302462516E-16));
#4670=DIRECTION('',(-2.04085114820802E-17,-1.29071687200655E-17,1.));
#4671=DIRECTION('',(0.,1.,0.));
#4672=DIRECTION('',(-2.04085114820802E-17,-1.29071687200655E-17,1.));
#4673=DIRECTION('center_axis',(2.33788485729727E-16,0.,1.));
#4674=DIRECTION('ref_axis',(1.,0.,-2.33788485729727E-16));
#4675=DIRECTION('',(0.,-1.,0.));
#4676=DIRECTION('',(-1.,0.,0.));
#4677=DIRECTION('center_axis',(-1.,8.67361737988412E-17,0.));
#4678=DIRECTION('ref_axis',(-8.67361737988412E-17,-1.,0.));
#4679=DIRECTION('',(0.,-1.,-1.11022302462516E-16));
#4680=DIRECTION('',(-3.26536183713281E-16,1.29071687200655E-17,-1.));
#4681=DIRECTION('',(0.,1.,0.));
#4682=DIRECTION('',(0.,1.29071687200655E-17,-1.));
#4683=DIRECTION('',(0.,-1.,-1.11022302462516E-16));
#4684=DIRECTION('',(0.,0.,1.));
#4685=DIRECTION('center_axis',(0.,0.,1.));
#4686=DIRECTION('ref_axis',(1.,0.,0.));
#4687=DIRECTION('',(0.,-1.,-1.11022302462516E-16));
#4688=DIRECTION('',(1.,0.,0.));
#4689=DIRECTION('center_axis',(1.,1.777380610632E-16,0.));
#4690=DIRECTION('ref_axis',(-1.777380610632E-16,1.,0.));
#4691=DIRECTION('',(0.,1.,0.));
#4692=DIRECTION('',(0.,0.,-1.));
#4693=DIRECTION('',(0.,-1.,-1.11022302462516E-16));
#4694=DIRECTION('',(3.26536183713281E-16,-1.29071687200655E-17,1.));
#4695=DIRECTION('',(0.,1.,0.));
#4696=DIRECTION('',(3.26536183713281E-16,-1.29071687200655E-17,1.));
#4697=DIRECTION('center_axis',(2.33788485729727E-16,0.,1.));
#4698=DIRECTION('ref_axis',(1.,0.,-2.33788485729727E-16));
#4699=DIRECTION('',(0.,-1.,0.));
#4700=DIRECTION('',(-1.,0.,0.));
#4701=DIRECTION('center_axis',(-1.,0.,0.));
#4702=DIRECTION('ref_axis',(0.,0.,1.));
#4703=DIRECTION('',(0.,-1.,0.));
#4704=DIRECTION('',(0.,0.,1.));
#4705=DIRECTION('center_axis',(0.,0.,1.));
#4706=DIRECTION('ref_axis',(1.,0.,0.));
#4707=DIRECTION('',(0.,1.,0.));
#4708=DIRECTION('',(1.,0.,0.));
#4709=DIRECTION('center_axis',(0.,-1.,0.));
#4710=DIRECTION('ref_axis',(0.707106781186548,0.,-0.707106781186548));
#4711=DIRECTION('',(0.,-1.,0.));
#4712=DIRECTION('center_axis',(0.,-1.,0.));
#4713=DIRECTION('ref_axis',(0.707106781186548,0.,-0.707106781186548));
#4714=DIRECTION('center_axis',(-1.,0.,0.));
#4715=DIRECTION('ref_axis',(0.,0.,1.));
#4716=DIRECTION('',(0.,1.,-1.15648231731787E-14));
#4717=DIRECTION('',(0.,0.,1.));
#4718=DIRECTION('center_axis',(0.,1.15648231731787E-14,1.));
#4719=DIRECTION('ref_axis',(0.,-1.,1.15648231731787E-14));
#4720=DIRECTION('',(0.,-1.,0.));
#4721=DIRECTION('',(-1.,0.,0.));
#4722=DIRECTION('center_axis',(-1.,0.,0.));
#4723=DIRECTION('ref_axis',(0.,0.,1.));
#4724=DIRECTION('',(0.,1.,0.));
#4725=DIRECTION('',(0.,0.,1.));
#4726=DIRECTION('center_axis',(0.,0.,-1.));
#4727=DIRECTION('ref_axis',(-1.,0.,0.));
#4728=DIRECTION('',(0.,1.,0.));
#4729=DIRECTION('',(1.,0.,0.));
#4730=DIRECTION('center_axis',(0.,-1.,0.));
#4731=DIRECTION('ref_axis',(0.707106781186548,0.,-0.707106781186548));
#4732=DIRECTION('',(0.,-1.,0.));
#4733=DIRECTION('center_axis',(0.,-1.,0.));
#4734=DIRECTION('ref_axis',(0.707106781186548,0.,-0.707106781186548));
#4735=DIRECTION('center_axis',(-1.,0.,0.));
#4736=DIRECTION('ref_axis',(0.,0.,1.));
#4737=DIRECTION('',(0.,-1.,0.));
#4738=DIRECTION('',(0.,0.,1.));
#4739=DIRECTION('center_axis',(-1.,0.,0.));
#4740=DIRECTION('ref_axis',(0.,0.,1.));
#4741=DIRECTION('',(0.,-1.,0.));
#4742=DIRECTION('',(0.,-9.91270557701022E-16,1.));
#4743=DIRECTION('',(0.,1.,9.91270557701022E-16));
#4744=DIRECTION('',(0.,0.577815514723269,0.816167403750655));
#4745=DIRECTION('',(0.,1.29071687200655E-17,-1.));
#4746=DIRECTION('center_axis',(0.,-0.816167403750655,0.577815514723269));
#4747=DIRECTION('ref_axis',(0.,-0.577815514723269,-0.816167403750655));
#4748=DIRECTION('',(1.,0.,0.));
#4749=DIRECTION('',(0.,0.577815514723269,0.816167403750655));
#4750=DIRECTION('',(-1.,0.,0.));
#4751=DIRECTION('center_axis',(0.,-9.91270557701022E-16,1.));
#4752=DIRECTION('ref_axis',(0.,-1.,-9.91270557701022E-16));
#4753=DIRECTION('',(1.,0.,0.));
#4754=DIRECTION('',(0.,1.,9.91270557701022E-16));
#4755=DIRECTION('center_axis',(0.,-1.,-9.91270557701022E-16));
#4756=DIRECTION('ref_axis',(0.,9.91270557701022E-16,-1.));
#4757=DIRECTION('',(1.,0.,0.));
#4758=DIRECTION('',(0.,-9.91270557701022E-16,1.));
#4759=DIRECTION('center_axis',(0.,0.,-1.));
#4760=DIRECTION('ref_axis',(-1.,0.,0.));
#4761=DIRECTION('',(-1.,0.,0.));
#4762=DIRECTION('',(0.,1.,0.));
#4763=DIRECTION('',(-1.,0.,0.));
#4764=DIRECTION('',(0.,-1.,0.));
#4765=DIRECTION('',(1.,0.,0.));
#4766=DIRECTION('center_axis',(0.,-1.,-1.29071687200655E-17));
#4767=DIRECTION('ref_axis',(0.,1.29071687200655E-17,-1.));
#4768=DIRECTION('',(0.,1.29071687200655E-17,-1.));
#4769=DIRECTION('',(1.,0.,0.));
#4770=DIRECTION('',(1.,0.,0.));
#4771=DIRECTION('',(1.,4.21465761639362E-33,-3.26536183713281E-16));
#4772=DIRECTION('',(1.,0.,0.));
#4773=DIRECTION('',(1.,0.,0.));
#4774=DIRECTION('',(0.,-1.29071687200655E-17,1.));
#4775=DIRECTION('',(-1.,0.,0.));
#4776=DIRECTION('',(0.,-1.29071687200655E-17,1.));
#4777=DIRECTION('',(-1.,0.,0.));
#4778=DIRECTION('',(-0.70710678118655,0.,-0.707106781186545));
#4779=DIRECTION('',(-1.,0.,0.));
#4780=DIRECTION('',(-0.707106781186544,0.,0.707106781186551));
#4781=DIRECTION('center_axis',(0.,0.816167403750655,-0.577815514723269));
#4782=DIRECTION('ref_axis',(0.,-0.577815514723269,-0.816167403750655));
#4783=DIRECTION('',(0.,0.577815514723269,0.816167403750655));
#4784=DIRECTION('',(0.,-0.577815514723269,-0.816167403750655));
#4785=DIRECTION('',(-1.,0.,0.));
#4786=DIRECTION('center_axis',(0.,9.91270557701022E-16,-1.));
#4787=DIRECTION('ref_axis',(0.,-1.,-9.91270557701022E-16));
#4788=DIRECTION('',(0.,1.,9.91270557701022E-16));
#4789=DIRECTION('',(0.,-1.,-9.91270557701022E-16));
#4790=DIRECTION('',(-1.,0.,0.));
#4791=DIRECTION('center_axis',(0.,1.,9.91270557701022E-16));
#4792=DIRECTION('ref_axis',(0.,9.91270557701022E-16,-1.));
#4793=DIRECTION('',(1.,0.,0.));
#4794=DIRECTION('',(0.,-9.91270557701022E-16,1.));
#4795=DIRECTION('',(0.,9.91270557701022E-16,-1.));
#4796=DIRECTION('center_axis',(-1.,0.,0.));
#4797=DIRECTION('ref_axis',(0.,0.,1.));
#4798=DIRECTION('',(0.,1.,0.));
#4799=DIRECTION('center_axis',(1.,0.,0.));
#4800=DIRECTION('ref_axis',(0.,0.,-1.));
#4801=DIRECTION('',(0.,1.,-1.88848598463486E-15));
#4802=DIRECTION('',(0.,-1.98254111540205E-15,-1.));
#4803=DIRECTION('',(0.,1.,0.));
#4804=DIRECTION('',(0.,1.00856016045163E-16,-1.));
#4805=DIRECTION('',(0.,1.,0.));
#4806=DIRECTION('center_axis',(0.,1.,-2.9837243786801E-16));
#4807=DIRECTION('ref_axis',(0.,2.9837243786801E-16,1.));
#4808=DIRECTION('',(-1.,0.,0.));
#4809=DIRECTION('',(3.26536183713281E-16,2.9837243786801E-16,1.));
#4810=DIRECTION('',(-1.,9.74293971866481E-32,3.26536183713281E-16));
#4811=DIRECTION('',(-3.26536183713281E-16,-2.9837243786801E-16,-1.));
#4812=DIRECTION('center_axis',(-1.,0.,3.26536183713281E-16));
#4813=DIRECTION('ref_axis',(3.26536183713281E-16,0.,1.));
#4814=DIRECTION('',(1.20370621524191E-30,-1.,3.68628738645037E-15));
#4815=DIRECTION('',(0.,1.,0.));
#4816=DIRECTION('',(3.26536183713281E-16,0.,1.));
#4817=DIRECTION('center_axis',(1.,0.,-3.26536183713281E-16));
#4818=DIRECTION('ref_axis',(-3.26536183713281E-16,0.,-1.));
#4819=DIRECTION('',(-1.20370621524191E-30,1.,-3.68628738645037E-15));
#4820=DIRECTION('',(-3.26536183713281E-16,0.,-1.));
#4821=DIRECTION('',(0.,1.,0.));
#4822=DIRECTION('center_axis',(0.,1.,-2.9837243786801E-16));
#4823=DIRECTION('ref_axis',(0.,2.9837243786801E-16,1.));
#4824=DIRECTION('',(-1.,0.,0.));
#4825=DIRECTION('',(3.26536183713281E-16,2.9837243786801E-16,1.));
#4826=DIRECTION('',(-1.,9.74293971866481E-32,3.26536183713281E-16));
#4827=DIRECTION('',(6.99720393671217E-17,-2.9837243786801E-16,-1.));
#4828=DIRECTION('center_axis',(-1.,0.,-6.99720393671217E-17));
#4829=DIRECTION('ref_axis',(-6.99720393671217E-17,0.,1.));
#4830=DIRECTION('',(-2.57937046123229E-31,-1.,3.68628738645037E-15));
#4831=DIRECTION('',(0.,1.,0.));
#4832=DIRECTION('',(-6.99720393671217E-17,0.,1.));
#4833=DIRECTION('center_axis',(1.,0.,-3.26536183713281E-16));
#4834=DIRECTION('ref_axis',(-3.26536183713281E-16,0.,-1.));
#4835=DIRECTION('',(-1.20370621524191E-30,1.,-3.68628738645037E-15));
#4836=DIRECTION('',(-3.26536183713281E-16,0.,-1.));
#4837=DIRECTION('',(0.,1.,0.));
#4838=DIRECTION('center_axis',(0.,1.,-2.9837243786801E-16));
#4839=DIRECTION('ref_axis',(0.,2.9837243786801E-16,1.));
#4840=DIRECTION('',(-1.,0.,0.));
#4841=DIRECTION('',(3.26536183713281E-16,2.9837243786801E-16,1.));
#4842=DIRECTION('',(-1.,9.74293971866481E-32,3.26536183713281E-16));
#4843=DIRECTION('',(-3.26536183713281E-16,-2.9837243786801E-16,-1.));
#4844=DIRECTION('center_axis',(-1.,0.,3.26536183713281E-16));
#4845=DIRECTION('ref_axis',(3.26536183713281E-16,0.,1.));
#4846=DIRECTION('',(1.20370621524191E-30,-1.,3.68628738645037E-15));
#4847=DIRECTION('',(0.,1.,0.));
#4848=DIRECTION('',(3.26536183713281E-16,0.,1.));
#4849=DIRECTION('center_axis',(1.,0.,-3.26536183713281E-16));
#4850=DIRECTION('ref_axis',(-3.26536183713281E-16,0.,-1.));
#4851=DIRECTION('',(-1.20370621524191E-30,1.,-3.68628738645037E-15));
#4852=DIRECTION('',(-3.26536183713281E-16,0.,-1.));
#4853=DIRECTION('',(0.,1.,0.));
#4854=DIRECTION('center_axis',(0.,1.,0.));
#4855=DIRECTION('ref_axis',(0.,0.,1.));
#4856=DIRECTION('',(1.,0.,-3.26536183713281E-16));
#4857=DIRECTION('',(1.,0.,-3.26536183713281E-16));
#4858=DIRECTION('',(-1.,0.,0.));
#4859=DIRECTION('center_axis',(0.,1.,0.));
#4860=DIRECTION('ref_axis',(0.,0.,1.));
#4861=DIRECTION('',(1.,0.,-3.26536183713281E-16));
#4862=DIRECTION('',(0.,0.,1.));
#4863=DIRECTION('',(-1.,0.,0.));
#4864=DIRECTION('center_axis',(0.,1.,0.));
#4865=DIRECTION('ref_axis',(0.,0.,1.));
#4866=DIRECTION('',(1.,0.,-3.26536183713281E-16));
#4867=DIRECTION('',(1.,0.,-3.26536183713281E-16));
#4868=DIRECTION('',(-1.,0.,0.));
#4869=DIRECTION('center_axis',(0.,-3.68628738645037E-15,-1.));
#4870=DIRECTION('ref_axis',(0.,1.,-3.68628738645037E-15));
#4871=DIRECTION('',(0.,1.,-3.68628738645037E-15));
#4872=DIRECTION('',(-1.,0.,0.));
#4873=DIRECTION('',(0.,1.,-3.68628738645037E-15));
#4874=DIRECTION('',(-1.,0.,0.));
#4875=DIRECTION('',(-1.,0.,0.));
#4876=DIRECTION('',(0.,-1.,3.68628738645037E-15));
#4877=DIRECTION('',(-1.,0.,0.));
#4878=DIRECTION('center_axis',(0.,1.,0.));
#4879=DIRECTION('ref_axis',(0.,0.,1.));
#4880=DIRECTION('',(0.,0.,-1.));
#4881=DIRECTION('',(1.,0.,-3.26536183713281E-16));
#4882=DIRECTION('center_axis',(3.26536183713281E-16,0.,1.));
#4883=DIRECTION('ref_axis',(1.,0.,-3.26536183713281E-16));
#4884=DIRECTION('center_axis',(0.,-1.,1.98254111540205E-15));
#4885=DIRECTION('ref_axis',(0.,-1.98254111540205E-15,-1.));
#4886=DIRECTION('',(0.,-1.98254111540205E-15,-1.));
#4887=DIRECTION('',(1.,0.,0.));
#4888=DIRECTION('',(0.,1.98254111540205E-15,1.));
#4889=DIRECTION('center_axis',(0.,-1.88848598463486E-15,-1.));
#4890=DIRECTION('ref_axis',(0.,1.,-1.88848598463486E-15));
#4891=DIRECTION('',(0.,-1.,1.88848598463486E-15));
#4892=DIRECTION('',(0.,1.,-1.88848598463486E-15));
#4893=DIRECTION('center_axis',(-1.,0.,0.));
#4894=DIRECTION('ref_axis',(0.,0.,1.));
#4895=DIRECTION('center_axis',(-1.,0.,0.));
#4896=DIRECTION('ref_axis',(0.,0.,1.));
#4897=DIRECTION('',(0.,-1.00856016045163E-16,1.));
#4898=DIRECTION('center_axis',(0.,1.,-1.98254111540205E-15));
#4899=DIRECTION('ref_axis',(0.,-1.98254111540205E-15,-1.));
#4900=DIRECTION('',(-1.,0.,0.));
#4901=DIRECTION('',(0.,-1.98254111540205E-15,-1.));
#4902=DIRECTION('center_axis',(-1.,0.,0.));
#4903=DIRECTION('ref_axis',(0.,0.,1.));
#4904=DIRECTION('',(0.,1.,-1.88848598463486E-15));
#4905=DIRECTION('center_axis',(0.,1.88848598463486E-15,1.));
#4906=DIRECTION('ref_axis',(0.,1.,-1.88848598463486E-15));
#4907=DIRECTION('center_axis',(0.,-1.11022302462516E-16,1.));
#4908=DIRECTION('ref_axis',(-1.,0.,0.));
#4909=DIRECTION('',(-1.,0.,0.));
#4910=DIRECTION('center_axis',(0.,-1.11022302462516E-16,1.));
#4911=DIRECTION('ref_axis',(-1.,0.,0.));
#4912=DIRECTION('',(-1.,0.,0.));
#4913=DIRECTION('center_axis',(0.,1.,0.));
#4914=DIRECTION('ref_axis',(0.,0.,1.));
#4915=DIRECTION('',(-0.707106781186547,0.,0.707106781186547));
#4916=DIRECTION('',(1.,0.,1.21430643318377E-14));
#4917=DIRECTION('',(0.707106781186547,0.,0.707106781186547));
#4918=DIRECTION('',(-1.,0.,0.));
#4919=DIRECTION('',(0.,0.,-1.));
#4920=DIRECTION('center_axis',(0.707106781186548,0.,0.707106781186548));
#4921=DIRECTION('ref_axis',(0.707106781186548,0.,-0.707106781186548));
#4922=DIRECTION('',(0.,1.,0.));
#4923=DIRECTION('center_axis',(1.21430643318377E-14,0.,-1.));
#4924=DIRECTION('ref_axis',(-1.,0.,-1.21430643318377E-14));
#4925=DIRECTION('',(0.,-1.,0.));
#4926=DIRECTION('center_axis',(0.,0.,1.));
#4927=DIRECTION('ref_axis',(1.,0.,0.));
#4928=DIRECTION('',(0.,-1.,0.));
#4929=DIRECTION('',(0.,-1.,0.));
#4930=DIRECTION('',(1.,0.,0.));
#4931=DIRECTION('center_axis',(0.707106781186548,0.,-0.707106781186548));
#4932=DIRECTION('ref_axis',(-0.707106781186548,0.,-0.707106781186548));
#4933=DIRECTION('center_axis',(-1.,0.,0.));
#4934=DIRECTION('ref_axis',(0.,0.,1.));
#4935=DIRECTION('center_axis',(0.,-1.,0.));
#4936=DIRECTION('ref_axis',(0.,0.,-1.));
#4937=DIRECTION('axis',(0.,0.,1.));
#4938=DIRECTION('refdir',(1.,0.,0.));
#4939=DIRECTION('center_axis',(0.,4.81867632215777E-16,-1.));
#4940=DIRECTION('ref_axis',(4.95635278850503E-17,-1.,-4.81867632215777E-16));
#4941=DIRECTION('',(-1.,0.,0.));
#4942=DIRECTION('',(-4.95635278850503E-17,1.,4.81867632215777E-16));
#4943=DIRECTION('',(-1.,0.,0.));
#4944=DIRECTION('',(4.95635278850503E-17,-1.,-4.81867632215777E-16));
#4945=DIRECTION('center_axis',(0.,-1.,-4.7854440716601E-16));
#4946=DIRECTION('ref_axis',(2.37183490688074E-32,-4.7854440716601E-16,1.));
#4947=DIRECTION('',(2.37183490688074E-32,-4.7854440716601E-16,1.));
#4948=DIRECTION('',(-2.37183490688074E-32,4.7854440716601E-16,-1.));
#4949=DIRECTION('',(-1.,0.,0.));
#4950=DIRECTION('center_axis',(-1.,0.,0.));
#4951=DIRECTION('ref_axis',(0.,-1.,0.));
#4952=DIRECTION('',(0.,0.,1.));
#4953=DIRECTION('',(0.,-1.,0.));
#4954=DIRECTION('',(0.,0.,1.));
#4955=DIRECTION('',(0.,-1.,0.));
#4956=DIRECTION('center_axis',(0.,1.,0.));
#4957=DIRECTION('ref_axis',(-1.,0.,0.));
#4958=DIRECTION('',(0.,0.,1.));
#4959=DIRECTION('',(-1.,0.,0.));
#4960=DIRECTION('',(-1.,0.,0.));
#4961=DIRECTION('center_axis',(1.,0.,0.));
#4962=DIRECTION('ref_axis',(0.,1.,0.));
#4963=DIRECTION('',(0.,0.,1.));
#4964=DIRECTION('',(0.,1.,0.));
#4965=DIRECTION('',(4.95635278850503E-17,-1.,-4.62592926927146E-16));
#4966=DIRECTION('center_axis',(0.,-1.,0.));
#4967=DIRECTION('ref_axis',(1.,0.,0.));
#4968=DIRECTION('',(1.,0.,0.));
#4969=DIRECTION('center_axis',(0.,0.,1.));
#4970=DIRECTION('ref_axis',(1.,0.,0.));
#4971=DIRECTION('center_axis',(0.,0.,1.));
#4972=DIRECTION('ref_axis',(1.,0.,0.));
#4973=DIRECTION('center_axis',(0.,4.81867632215777E-16,-1.));
#4974=DIRECTION('ref_axis',(4.95635278850503E-17,-1.,-4.81867632215777E-16));
#4975=DIRECTION('',(-1.,0.,0.));
#4976=DIRECTION('',(-4.95635278850503E-17,1.,4.81867632215777E-16));
#4977=DIRECTION('',(-1.,0.,0.));
#4978=DIRECTION('',(4.95635278850503E-17,-1.,-4.81867632215777E-16));
#4979=DIRECTION('center_axis',(0.,-1.,-4.7854440716601E-16));
#4980=DIRECTION('ref_axis',(2.37183490688074E-32,-4.7854440716601E-16,1.));
#4981=DIRECTION('',(2.37183490688074E-32,-4.7854440716601E-16,1.));
#4982=DIRECTION('',(-2.37183490688074E-32,4.7854440716601E-16,-1.));
#4983=DIRECTION('',(-1.,0.,0.));
#4984=DIRECTION('center_axis',(0.,1.,0.));
#4985=DIRECTION('ref_axis',(-1.,0.,0.));
#4986=DIRECTION('',(0.,0.,1.));
#4987=DIRECTION('',(-1.,0.,0.));
#4988=DIRECTION('',(0.,0.,1.));
#4989=DIRECTION('',(-1.,0.,0.));
#4990=DIRECTION('center_axis',(1.,4.95635278850503E-17,0.));
#4991=DIRECTION('ref_axis',(-4.95635278850503E-17,1.,0.));
#4992=DIRECTION('',(0.,0.,1.));
#4993=DIRECTION('',(-4.95635278850503E-17,1.,0.));
#4994=DIRECTION('',(4.95635278850503E-17,-1.,-4.62592926927146E-16));
#4995=DIRECTION('center_axis',(0.,-1.,0.));
#4996=DIRECTION('ref_axis',(1.,0.,0.));
#4997=DIRECTION('',(0.,0.,1.));
#4998=DIRECTION('',(1.,0.,0.));
#4999=DIRECTION('center_axis',(-1.,1.48690583655151E-16,0.));
#5000=DIRECTION('ref_axis',(-1.48690583655151E-16,-1.,0.));
#5001=DIRECTION('',(-1.48690583655151E-16,-1.,0.));
#5002=DIRECTION('',(-1.48690583655151E-16,-1.,0.));
#5003=DIRECTION('center_axis',(0.,0.,1.));
#5004=DIRECTION('ref_axis',(1.,0.,0.));
#5005=DIRECTION('center_axis',(0.,0.,1.));
#5006=DIRECTION('ref_axis',(1.,0.,0.));
#5007=DIRECTION('center_axis',(0.,4.81867632215777E-16,-1.));
#5008=DIRECTION('ref_axis',(4.95635278850503E-17,-1.,-4.81867632215777E-16));
#5009=DIRECTION('',(-1.,0.,0.));
#5010=DIRECTION('',(-4.95635278850503E-17,1.,4.81867632215777E-16));
#5011=DIRECTION('',(-1.,0.,0.));
#5012=DIRECTION('',(4.95635278850503E-17,-1.,-4.81867632215777E-16));
#5013=DIRECTION('center_axis',(0.,-1.,-4.7854440716601E-16));
#5014=DIRECTION('ref_axis',(2.37183490688074E-32,-4.7854440716601E-16,1.));
#5015=DIRECTION('',(2.37183490688074E-32,-4.7854440716601E-16,1.));
#5016=DIRECTION('',(-2.37183490688074E-32,4.7854440716601E-16,-1.));
#5017=DIRECTION('',(-1.,0.,0.));
#5018=DIRECTION('center_axis',(0.,-1.,0.));
#5019=DIRECTION('ref_axis',(1.,0.,0.));
#5020=DIRECTION('',(0.,0.,1.));
#5021=DIRECTION('',(1.,0.,0.));
#5022=DIRECTION('',(0.,0.,1.));
#5023=DIRECTION('center_axis',(-1.,0.,0.));
#5024=DIRECTION('ref_axis',(0.,-1.,0.));
#5025=DIRECTION('',(0.,0.,1.));
#5026=DIRECTION('',(0.,-1.,0.));
#5027=DIRECTION('',(0.,-1.,0.));
#5028=DIRECTION('center_axis',(0.,1.,0.));
#5029=DIRECTION('ref_axis',(-1.,0.,0.));
#5030=DIRECTION('',(0.,0.,1.));
#5031=DIRECTION('',(-1.,0.,0.));
#5032=DIRECTION('',(-1.,0.,0.));
#5033=DIRECTION('center_axis',(1.,0.,0.));
#5034=DIRECTION('ref_axis',(0.,1.,0.));
#5035=DIRECTION('',(0.,1.,0.));
#5036=DIRECTION('',(4.95635278850503E-17,-1.,-4.62592926927146E-16));
#5037=DIRECTION('center_axis',(0.,0.,1.));
#5038=DIRECTION('ref_axis',(1.,0.,0.));
#5039=DIRECTION('center_axis',(0.,0.,1.));
#5040=DIRECTION('ref_axis',(1.,0.,0.));
#5041=DIRECTION('axis',(0.,0.,1.));
#5042=DIRECTION('refdir',(1.,0.,0.));
#5043=DIRECTION('center_axis',(9.81307786677358E-16,-0.707106781186548,
-0.707106781186547));
#5044=DIRECTION('ref_axis',(-1.,0.,-1.38777878078145E-15));
#5045=DIRECTION('',(0.,-0.707106781186547,0.707106781186548));
#5046=DIRECTION('',(-1.,-1.38777878078144E-15,0.));
#5047=DIRECTION('',(0.,0.707106781186547,-0.707106781186548));
#5048=DIRECTION('',(1.,1.38777878078144E-15,0.));
#5049=DIRECTION('center_axis',(0.,0.,1.));
#5050=DIRECTION('ref_axis',(1.,0.,0.));
#5051=DIRECTION('',(0.,-1.,0.));
#5052=DIRECTION('',(-1.,-1.38777878078144E-15,0.));
#5053=DIRECTION('',(0.,1.,0.));
#5054=DIRECTION('center_axis',(-1.,0.,0.));
#5055=DIRECTION('ref_axis',(0.,-1.,0.));
#5056=DIRECTION('',(0.,0.,1.));
#5057=DIRECTION('',(0.,-1.,0.));
#5058=DIRECTION('',(0.,0.,1.));
#5059=DIRECTION('',(0.,0.707106781186549,0.707106781186546));
#5060=DIRECTION('center_axis',(-9.81307786677356E-16,0.707106781186546,
-0.707106781186549));
#5061=DIRECTION('ref_axis',(-1.,0.,1.38777878078144E-15));
#5062=DIRECTION('',(1.,1.38777878078144E-15,0.));
#5063=DIRECTION('',(0.,-0.707106781186549,-0.707106781186546));
#5064=DIRECTION('center_axis',(-1.38777878078144E-15,1.,0.));
#5065=DIRECTION('ref_axis',(-1.,-1.38777878078144E-15,0.));
#5066=DIRECTION('',(-1.,-1.38777878078144E-15,0.));
#5067=DIRECTION('',(0.,0.,1.));
#5068=DIRECTION('center_axis',(1.38777878078144E-15,-1.,0.));
#5069=DIRECTION('ref_axis',(1.,1.38777878078144E-15,0.));
#5070=DIRECTION('',(0.,0.,1.));
#5071=DIRECTION('',(1.,1.38777878078144E-15,0.));
#5072=DIRECTION('center_axis',(1.,0.,0.));
#5073=DIRECTION('ref_axis',(0.,1.,0.));
#5074=DIRECTION('',(0.,1.,0.));
#5075=DIRECTION('center_axis',(0.,0.,1.));
#5076=DIRECTION('ref_axis',(1.,0.,0.));
#5077=DIRECTION('center_axis',(-9.81307786677357E-16,0.707106781186546,
-0.707106781186549));
#5078=DIRECTION('ref_axis',(-1.,0.,1.38777878078144E-15));
#5079=DIRECTION('',(0.,0.707106781186549,0.707106781186546));
#5080=DIRECTION('',(1.,1.38777878078144E-15,0.));
#5081=DIRECTION('',(0.,-0.707106781186549,-0.707106781186546));
#5082=DIRECTION('',(-1.,-1.38777878078144E-15,0.));
#5083=DIRECTION('center_axis',(-1.38777878078144E-15,1.,0.));
#5084=DIRECTION('ref_axis',(-1.,-1.38777878078144E-15,0.));
#5085=DIRECTION('',(0.,0.,1.));
#5086=DIRECTION('',(-1.,-1.38777878078144E-15,0.));
#5087=DIRECTION('',(0.,0.,1.));
#5088=DIRECTION('center_axis',(-1.,0.,0.));
#5089=DIRECTION('ref_axis',(0.,-1.,0.));
#5090=DIRECTION('',(0.,-1.,0.));
#5091=DIRECTION('',(0.,0.707106781186548,-0.707106781186547));
#5092=DIRECTION('',(0.,0.,1.));
#5093=DIRECTION('',(0.,-1.,0.));
#5094=DIRECTION('center_axis',(9.81307786677358E-16,-0.707106781186547,
-0.707106781186548));
#5095=DIRECTION('ref_axis',(-1.,0.,-1.38777878078144E-15));
#5096=DIRECTION('',(0.,-0.707106781186548,0.707106781186547));
#5097=DIRECTION('',(-1.,-1.38777878078144E-15,0.));
#5098=DIRECTION('',(1.,1.38777878078144E-15,0.));
#5099=DIRECTION('center_axis',(1.38777878078144E-15,-1.,0.));
#5100=DIRECTION('ref_axis',(1.,1.38777878078144E-15,0.));
#5101=DIRECTION('',(0.,0.,1.));
#5102=DIRECTION('',(1.,1.38777878078144E-15,0.));
#5103=DIRECTION('center_axis',(1.,0.,0.));
#5104=DIRECTION('ref_axis',(0.,1.,0.));
#5105=DIRECTION('',(0.,1.,0.));
#5106=DIRECTION('',(0.,1.,0.));
#5107=DIRECTION('center_axis',(0.,0.,1.));
#5108=DIRECTION('ref_axis',(1.,0.,0.));
#5109=DIRECTION('center_axis',(0.,0.,1.));
#5110=DIRECTION('ref_axis',(1.,0.,0.));
#5111=DIRECTION('axis',(0.,0.,1.));
#5112=DIRECTION('refdir',(1.,0.,0.));
#5113=DIRECTION('',(0.,0.,1.));
#5114=DIRECTION('',(0.,0.,1.));
#5115=DIRECTION('',(0.,0.,1.));
#5116=DIRECTION('',(0.,0.,1.));
#5117=DIRECTION('',(0.,0.,1.));
#5118=DIRECTION('center_axis',(0.,1.,0.));
#5119=DIRECTION('ref_axis',(-1.,0.,0.));
#5120=DIRECTION('',(-1.,0.,0.));
#5121=DIRECTION('',(-1.,0.,0.));
#5122=DIRECTION('',(0.,0.,1.));
#5123=DIRECTION('center_axis',(0.982215208915159,-0.18775857736932,0.));
#5124=DIRECTION('ref_axis',(0.18775857736932,0.982215208915159,0.));
#5125=DIRECTION('',(0.18775857736932,0.982215208915159,0.));
#5126=DIRECTION('',(0.18775857736932,0.982215208915159,0.));
#5127=DIRECTION('',(0.,0.,1.));
#5128=DIRECTION('center_axis',(0.980756776337936,-0.195233566958196,0.));
#5129=DIRECTION('ref_axis',(0.195233566958196,0.980756776337936,0.));
#5130=DIRECTION('',(0.195233566958196,0.980756776337936,0.));
#5131=DIRECTION('',(0.195233566958196,0.980756776337936,0.));
#5132=DIRECTION('',(0.,0.,1.));
#5133=DIRECTION('center_axis',(0.,-1.,0.));
#5134=DIRECTION('ref_axis',(1.,0.,0.));
#5135=DIRECTION('',(1.,0.,0.));
#5136=DIRECTION('',(1.,0.,0.));
#5137=DIRECTION('',(0.,0.,1.));
#5138=DIRECTION('',(0.,0.,1.));
#5139=DIRECTION('',(0.,0.,1.));
#5140=DIRECTION('',(0.,0.,1.));
#5141=DIRECTION('',(0.,0.,1.));
#5142=DIRECTION('center_axis',(-9.67436112801452E-5,0.999999995320337,0.));
#5143=DIRECTION('ref_axis',(-0.999999995320337,-9.67436112801452E-5,0.));
#5144=DIRECTION('',(-0.999999995320337,-9.67436112801452E-5,0.));
#5145=DIRECTION('',(-0.999999995320337,-9.67436112801452E-5,0.));
#5146=DIRECTION('',(0.,0.,1.));
#5147=DIRECTION('center_axis',(-0.980490906051652,0.196564450371909,0.));
#5148=DIRECTION('ref_axis',(-0.196564450371909,-0.980490906051652,0.));
#5149=DIRECTION('',(-0.196564450371909,-0.980490906051652,0.));
#5150=DIRECTION('',(-0.196564450371909,-0.980490906051652,0.));
#5151=DIRECTION('',(0.,0.,1.));
#5152=DIRECTION('center_axis',(-3.85852106138282E-5,0.999999999255591,0.));
#5153=DIRECTION('ref_axis',(-0.999999999255591,-3.85852106138282E-5,0.));
#5154=DIRECTION('',(-0.999999999255591,-3.85852106138282E-5,0.));
#5155=DIRECTION('',(-0.999999999255591,-3.85852106138282E-5,0.));
#5156=DIRECTION('center_axis',(0.,0.,1.));
#5157=DIRECTION('ref_axis',(1.,0.,0.));
#5158=DIRECTION('center_axis',(0.,0.,1.));
#5159=DIRECTION('ref_axis',(1.,0.,0.));
#5160=DIRECTION('',(0.,0.,1.));
#5161=DIRECTION('',(0.,0.,1.));
#5162=DIRECTION('',(0.,0.,1.));
#5163=DIRECTION('center_axis',(0.980541673985859,-0.196311042931897,0.));
#5164=DIRECTION('ref_axis',(0.196311042931897,0.980541673985859,0.));
#5165=DIRECTION('',(0.196311042931897,0.980541673985859,0.));
#5166=DIRECTION('',(0.196311042931897,0.980541673985859,0.));
#5167=DIRECTION('',(0.,0.,1.));
#5168=DIRECTION('center_axis',(0.00329646333970216,-0.999994566649964,0.));
#5169=DIRECTION('ref_axis',(0.999994566649964,0.00329646333970215,0.));
#5170=DIRECTION('',(0.999994566649964,0.00329646333970215,0.));
#5171=DIRECTION('',(0.999994566649964,0.00329646333970215,0.));
#5172=DIRECTION('',(0.,0.,1.));
#5173=DIRECTION('',(0.,0.,1.));
#5174=DIRECTION('',(0.,0.,1.));
#5175=DIRECTION('center_axis',(0.,0.,1.));
#5176=DIRECTION('ref_axis',(0.99999599614013,-0.00282978863330481,0.));
#5177=DIRECTION('center_axis',(0.,0.,1.));
#5178=DIRECTION('ref_axis',(0.99999599614013,-0.00282978863330481,0.));
#5179=DIRECTION('',(0.,0.,1.));
#5180=DIRECTION('',(0.,0.,1.));
#5181=DIRECTION('',(0.,0.,1.));
#5182=DIRECTION('center_axis',(0.,0.,1.));
#5183=DIRECTION('ref_axis',(0.798118702868382,-0.602500237453639,0.));
#5184=DIRECTION('center_axis',(0.,0.,1.));
#5185=DIRECTION('ref_axis',(0.798118702868382,-0.602500237453639,0.));
#5186=DIRECTION('',(0.,0.,1.));
#5187=DIRECTION('',(0.,0.,1.));
#5188=DIRECTION('',(0.,0.,1.));
#5189=DIRECTION('center_axis',(0.974384626393768,-0.224887971771452,0.));
#5190=DIRECTION('ref_axis',(0.224887971771452,0.974384626393768,0.));
#5191=DIRECTION('',(0.224887971771452,0.974384626393768,0.));
#5192=DIRECTION('',(0.224887971771452,0.974384626393768,0.));
#5193=DIRECTION('',(0.,0.,1.));
#5194=DIRECTION('center_axis',(0.,-1.,0.));
#5195=DIRECTION('ref_axis',(1.,0.,0.));
#5196=DIRECTION('',(1.,0.,0.));
#5197=DIRECTION('',(1.,0.,0.));
#5198=DIRECTION('',(0.,0.,1.));
#5199=DIRECTION('',(0.,0.,1.));
#5200=DIRECTION('',(0.,0.,1.));
#5201=DIRECTION('',(0.,0.,1.));
#5202=DIRECTION('center_axis',(0.,0.,1.));
#5203=DIRECTION('ref_axis',(1.,0.,0.));
#5204=DIRECTION('center_axis',(0.,0.,1.));
#5205=DIRECTION('ref_axis',(1.,0.,0.));
#5206=DIRECTION('',(0.,0.,1.));
#5207=DIRECTION('',(0.,0.,1.));
#5208=DIRECTION('',(0.,0.,1.));
#5209=DIRECTION('center_axis',(0.977790051443656,-0.209586772716725,0.));
#5210=DIRECTION('ref_axis',(0.209586772716725,0.977790051443656,0.));
#5211=DIRECTION('',(0.209586772716725,0.977790051443656,0.));
#5212=DIRECTION('',(0.209586772716725,0.977790051443656,0.));
#5213=DIRECTION('',(0.,0.,1.));
#5214=DIRECTION('center_axis',(0.,-1.,0.));
#5215=DIRECTION('ref_axis',(1.,0.,0.));
#5216=DIRECTION('',(1.,0.,0.));
#5217=DIRECTION('',(1.,0.,0.));
#5218=DIRECTION('',(0.,0.,1.));
#5219=DIRECTION('',(0.,0.,1.));
#5220=DIRECTION('',(0.,0.,1.));
#5221=DIRECTION('',(0.,0.,1.));
#5222=DIRECTION('',(0.,0.,1.));
#5223=DIRECTION('',(0.,0.,1.));
#5224=DIRECTION('',(0.,0.,1.));
#5225=DIRECTION('',(0.,0.,1.));
#5226=DIRECTION('',(0.,0.,1.));
#5227=DIRECTION('',(0.,0.,1.));
#5228=DIRECTION('',(0.,0.,1.));
#5229=DIRECTION('',(0.,0.,1.));
#5230=DIRECTION('',(0.,0.,1.));
#5231=DIRECTION('',(0.,0.,1.));
#5232=DIRECTION('',(0.,0.,1.));
#5233=DIRECTION('center_axis',(0.,0.,1.));
#5234=DIRECTION('ref_axis',(0.742465433810904,0.669884377781708,0.));
#5235=DIRECTION('center_axis',(0.,0.,1.));
#5236=DIRECTION('ref_axis',(0.742465433810904,0.669884377781708,0.));
#5237=DIRECTION('',(0.,0.,1.));
#5238=DIRECTION('',(0.,0.,1.));
#5239=DIRECTION('',(0.,0.,1.));
#5240=DIRECTION('center_axis',(0.,0.,1.));
#5241=DIRECTION('ref_axis',(-0.702255066151763,-0.711925432938157,0.));
#5242=DIRECTION('center_axis',(0.,0.,1.));
#5243=DIRECTION('ref_axis',(-0.702255066151763,-0.711925432938157,0.));
#5244=DIRECTION('',(0.,0.,1.));
#5245=DIRECTION('',(0.,0.,1.));
#5246=DIRECTION('',(0.,0.,1.));
#5247=DIRECTION('',(0.,0.,1.));
#5248=DIRECTION('',(0.,0.,1.));
#5249=DIRECTION('center_axis',(0.,1.,0.));
#5250=DIRECTION('ref_axis',(-1.,0.,0.));
#5251=DIRECTION('',(-1.,0.,0.));
#5252=DIRECTION('',(-1.,0.,0.));
#5253=DIRECTION('',(0.,0.,1.));
#5254=DIRECTION('center_axis',(0.972789094268257,-0.231692421267388,0.));
#5255=DIRECTION('ref_axis',(0.231692421267388,0.972789094268257,0.));
#5256=DIRECTION('',(0.231692421267388,0.972789094268257,0.));
#5257=DIRECTION('',(0.231692421267388,0.972789094268257,0.));
#5258=DIRECTION('',(0.,0.,1.));
#5259=DIRECTION('',(0.,0.,1.));
#5260=DIRECTION('',(0.,0.,1.));
#5261=DIRECTION('',(0.,0.,1.));
#5262=DIRECTION('',(0.,0.,1.));
#5263=DIRECTION('',(0.,0.,1.));
#5264=DIRECTION('',(0.,0.,1.));
#5265=DIRECTION('',(0.,0.,1.));
#5266=DIRECTION('',(0.,0.,1.));
#5267=DIRECTION('',(0.,0.,1.));
#5268=DIRECTION('center_axis',(0.,0.,1.));
#5269=DIRECTION('ref_axis',(-0.86214093890155,0.506668532148933,0.));
#5270=DIRECTION('center_axis',(0.,0.,1.));
#5271=DIRECTION('ref_axis',(-0.86214093890155,0.506668532148933,0.));
#5272=DIRECTION('',(0.,0.,1.));
#5273=DIRECTION('',(0.,0.,1.));
#5274=DIRECTION('',(0.,0.,1.));
#5275=DIRECTION('',(0.,0.,1.));
#5276=DIRECTION('',(0.,0.,1.));
#5277=DIRECTION('',(0.,0.,1.));
#5278=DIRECTION('center_axis',(0.,0.,1.));
#5279=DIRECTION('ref_axis',(-0.713170658783428,-0.700990450327542,0.));
#5280=DIRECTION('center_axis',(0.,0.,1.));
#5281=DIRECTION('ref_axis',(-0.713170658783428,-0.700990450327542,0.));
#5282=DIRECTION('center_axis',(0.,0.,1.));
#5283=DIRECTION('ref_axis',(1.,0.,0.));
#5284=DIRECTION('center_axis',(0.,0.,1.));
#5285=DIRECTION('ref_axis',(1.,0.,0.));
#5286=DIRECTION('center_axis',(-0.866025403784439,-0.499999999999999,0.));
#5287=DIRECTION('ref_axis',(0.499999999999999,-0.866025403784439,0.));
#5288=DIRECTION('',(0.499999999999999,-0.866025403784439,0.));
#5289=DIRECTION('',(0.,0.,1.));
#5290=DIRECTION('',(0.499999999999999,-0.866025403784439,0.));
#5291=DIRECTION('',(0.,0.,1.));
#5292=DIRECTION('center_axis',(1.20185167898973E-15,1.,0.));
#5293=DIRECTION('ref_axis',(-1.,1.20185167898973E-15,0.));
#5294=DIRECTION('',(-1.,1.20185167898973E-15,0.));
#5295=DIRECTION('',(-1.,1.20185167898973E-15,0.));
#5296=DIRECTION('',(0.,0.,1.));
#5297=DIRECTION('center_axis',(0.866025403784439,-0.499999999999999,0.));
#5298=DIRECTION('ref_axis',(0.499999999999999,0.866025403784439,0.));
#5299=DIRECTION('',(0.499999999999999,0.866025403784439,0.));
#5300=DIRECTION('',(0.499999999999999,0.866025403784439,0.));
#5301=DIRECTION('center_axis',(0.,0.,1.));
#5302=DIRECTION('ref_axis',(1.,0.,0.));
#5303=DIRECTION('center_axis',(0.,0.,1.));
#5304=DIRECTION('ref_axis',(1.,0.,0.));
#5305=DIRECTION('',(-1.,4.92661467177412E-16,-2.98372437868011E-16));
#5306=DIRECTION('',(-4.92661467177412E-16,-1.,0.));
#5307=DIRECTION('',(0.,0.,1.));
#5308=DIRECTION('',(-4.92661467177412E-16,-1.,0.));
#5309=DIRECTION('',(0.,0.,1.));
#5310=DIRECTION('',(-4.92661467177412E-16,-1.,0.));
#5311=DIRECTION('',(-3.99228453913172E-16,1.96684475843833E-31,1.));
#5312=DIRECTION('',(4.92661467177412E-16,1.,0.));
#5313=CARTESIAN_POINT('',(0.,0.,0.));
#5314=CARTESIAN_POINT('',(0.,0.,0.));
#5315=CARTESIAN_POINT('Origin',(1.95,1.30000000000002,2.15));
#5316=CARTESIAN_POINT('',(1.9,1.25000000000002,2.15));
#5317=CARTESIAN_POINT('',(2.,1.35000000000002,2.15));
#5318=CARTESIAN_POINT('',(0.356958094540495,-0.293041905459489,2.15));
#5319=CARTESIAN_POINT('',(2.,1.35000000000002,1.35));
#5320=CARTESIAN_POINT('',(2.,1.35000000000002,2.15));
#5321=CARTESIAN_POINT('',(1.9,1.25000000000002,1.35));
#5322=CARTESIAN_POINT('',(2.,1.35000000000002,1.35));
#5323=CARTESIAN_POINT('',(1.9,1.25000000000002,2.15));
#5324=CARTESIAN_POINT('Origin',(1.95,1.30000000000002,2.15));
#5325=CARTESIAN_POINT('',(2.,1.35000000000002,-0.450000000000005));
#5326=CARTESIAN_POINT('',(2.,1.35000000000002,-0.85));
#5327=CARTESIAN_POINT('',(2.,1.35000000000002,2.15));
#5328=CARTESIAN_POINT('',(1.9,1.25000000000002,-0.85));
#5329=CARTESIAN_POINT('',(2.,1.35000000000002,-0.85));
#5330=CARTESIAN_POINT('',(1.9,1.25000000000002,-0.349999999999996));
#5331=CARTESIAN_POINT('',(1.9,1.25000000000002,2.15));
#5332=CARTESIAN_POINT('',(1.9,1.25000000000002,-0.349999999999996));
#5333=CARTESIAN_POINT('Origin',(-3.42727418988807,1.30000000000002,-0.400000000000004));
#5334=CARTESIAN_POINT('',(2.3,1.35000000000002,-0.450000000000005));
#5335=CARTESIAN_POINT('',(-3.42727418988807,1.35000000000002,-0.450000000000005));
#5336=CARTESIAN_POINT('',(2.2,1.25000000000002,-0.350000000000004));
#5337=CARTESIAN_POINT('',(-3.42727418988807,1.25000000000002,-0.350000000000004));
#5338=CARTESIAN_POINT('',(2.2,1.25000000000002,-0.350000000000004));
#5339=CARTESIAN_POINT('Origin',(2.25,1.30000000000002,-0.250000000000005));
#5340=CARTESIAN_POINT('',(2.3,1.35000000000002,1.35));
#5341=CARTESIAN_POINT('',(2.3,1.35000000000002,-0.250000000000005));
#5342=CARTESIAN_POINT('',(2.2,1.25000000000002,1.25));
#5343=CARTESIAN_POINT('',(2.2,1.25000000000002,-0.250000000000005));
#5344=CARTESIAN_POINT('',(2.2,1.25000000000002,1.25));
#5345=CARTESIAN_POINT('Origin',(-3.42727418988807,1.30000000000002,1.3));
#5346=CARTESIAN_POINT('',(2.,1.25000000000002,1.25));
#5347=CARTESIAN_POINT('',(-3.42727418988807,1.25000000000002,1.25));
#5348=CARTESIAN_POINT('',(2.,1.25000000000002,1.25));
#5349=CARTESIAN_POINT('',(-3.42727418988807,1.35000000000002,1.35));
#5350=CARTESIAN_POINT('Origin',(-3.36108381091901,1.30000000000002,-0.9));
#5351=CARTESIAN_POINT('',(-2.3,1.35000000000002,-0.85));
#5352=CARTESIAN_POINT('',(-2.,1.35000000000002,-0.85));
#5353=CARTESIAN_POINT('',(-3.36108381091901,1.35000000000002,-0.85));
#5354=CARTESIAN_POINT('',(-2.,1.25000000000002,-0.95));
#5355=CARTESIAN_POINT('',(-2.,1.35000000000002,-0.85));
#5356=CARTESIAN_POINT('',(-2.2,1.25000000000002,-0.95));
#5357=CARTESIAN_POINT('',(-3.36108381091901,1.25000000000002,-0.95));
#5358=CARTESIAN_POINT('',(-2.2,1.25000000000002,-0.95));
#5359=CARTESIAN_POINT('Origin',(-2.25,1.30000000000002,0.400000000000002));
#5360=CARTESIAN_POINT('',(-2.3,1.35000000000002,-1.45));
#5361=CARTESIAN_POINT('',(-2.3,1.35000000000002,0.400000000000002));
#5362=CARTESIAN_POINT('',(-2.2,1.25000000000002,-1.35));
#5363=CARTESIAN_POINT('',(-2.2,1.25000000000002,0.400000000000002));
#5364=CARTESIAN_POINT('',(-2.2,1.25000000000002,-1.35));
#5365=CARTESIAN_POINT('Origin',(-1.16108381091901,1.30000000000002,-1.4));
#5366=CARTESIAN_POINT('',(-1.,1.35000000000002,-1.45));
#5367=CARTESIAN_POINT('',(-1.16108381091901,1.35000000000002,-1.45));
#5368=CARTESIAN_POINT('',(-0.900000000000002,1.25000000000002,-1.35));
#5369=CARTESIAN_POINT('',(-1.16108381091901,1.25000000000002,-1.35));
#5370=CARTESIAN_POINT('',(-0.900000000000002,1.25000000000002,-1.35));
#5371=CARTESIAN_POINT('Origin',(-0.950000000000003,1.30000000000002,-0.556225774829849));
#5372=CARTESIAN_POINT('',(-1.,1.35000000000002,-1.75));
#5373=CARTESIAN_POINT('',(-1.,1.35000000000002,-0.556225774829849));
#5374=CARTESIAN_POINT('',(-0.900000000000002,1.25000000000002,-1.65));
#5375=CARTESIAN_POINT('',(-0.900000000000003,1.25000000000002,-0.556225774829849));
#5376=CARTESIAN_POINT('',(-0.900000000000002,1.25000000000002,-1.65));
#5377=CARTESIAN_POINT('Origin',(-2.26108381091901,1.30000000000002,-1.7));
#5378=CARTESIAN_POINT('',(-0.299999999999999,1.35000000000002,-1.75));
#5379=CARTESIAN_POINT('',(-2.26108381091901,1.35000000000002,-1.75));
#5380=CARTESIAN_POINT('',(-0.399999999999999,1.25000000000002,-1.65));
#5381=CARTESIAN_POINT('',(-2.26108381091901,1.25000000000002,-1.65));
#5382=CARTESIAN_POINT('',(-0.399999999999999,1.25000000000002,-1.65));
#5383=CARTESIAN_POINT('Origin',(-0.35,1.30000000000002,-0.556225774829849));
#5384=CARTESIAN_POINT('',(-0.299999999999999,1.35000000000002,-1.45));
#5385=CARTESIAN_POINT('',(-0.299999999999999,1.35000000000002,-0.556225774829849));
#5386=CARTESIAN_POINT('',(-0.399999999999998,1.25000000000002,-1.35));
#5387=CARTESIAN_POINT('',(-0.4,1.25000000000002,-0.556225774829849));
#5388=CARTESIAN_POINT('',(-0.399999999999998,1.25000000000002,-1.35));
#5389=CARTESIAN_POINT('Origin',(-1.16108381091901,1.30000000000002,-1.4));
#5390=CARTESIAN_POINT('',(0.299999999999999,1.35000000000002,-1.45));
#5391=CARTESIAN_POINT('',(-1.16108381091901,1.35000000000002,-1.45));
#5392=CARTESIAN_POINT('',(0.399999999999999,1.25000000000002,-1.35));
#5393=CARTESIAN_POINT('',(-1.16108381091901,1.25000000000002,-1.35));
#5394=CARTESIAN_POINT('',(0.399999999999999,1.25000000000002,-1.35));
#5395=CARTESIAN_POINT('Origin',(0.35,1.30000000000002,-0.556225774829849));
#5396=CARTESIAN_POINT('',(0.299999999999999,1.35000000000002,-1.75));
#5397=CARTESIAN_POINT('',(0.299999999999999,1.35000000000002,-0.556225774829849));
#5398=CARTESIAN_POINT('',(0.399999999999999,1.25000000000002,-1.65));
#5399=CARTESIAN_POINT('',(0.4,1.25000000000002,-0.556225774829849));
#5400=CARTESIAN_POINT('',(0.399999999999999,1.25000000000002,-1.65));
#5401=CARTESIAN_POINT('Origin',(-2.26108381091901,1.30000000000002,-1.7));
#5402=CARTESIAN_POINT('',(1.,1.35000000000002,-1.75));
#5403=CARTESIAN_POINT('',(-2.26108381091901,1.35000000000002,-1.75));
#5404=CARTESIAN_POINT('',(0.900000000000002,1.25000000000002,-1.65));
#5405=CARTESIAN_POINT('',(-2.26108381091901,1.25000000000002,-1.65));
#5406=CARTESIAN_POINT('',(0.900000000000002,1.25000000000002,-1.65));
#5407=CARTESIAN_POINT('Origin',(0.950000000000003,1.30000000000002,-0.556225774829849));
#5408=CARTESIAN_POINT('',(1.,1.35000000000002,-1.45));
#5409=CARTESIAN_POINT('',(1.,1.35000000000002,-0.556225774829849));
#5410=CARTESIAN_POINT('',(0.900000000000002,1.25000000000002,-1.35));
#5411=CARTESIAN_POINT('',(0.900000000000002,1.25000000000002,-0.556225774829849));
#5412=CARTESIAN_POINT('',(0.900000000000002,1.25000000000002,-1.35));
#5413=CARTESIAN_POINT('Origin',(-1.16108381091901,1.30000000000002,-1.4));
#5414=CARTESIAN_POINT('',(2.3,1.35000000000002,-1.45));
#5415=CARTESIAN_POINT('',(-1.16108381091901,1.35000000000002,-1.45));
#5416=CARTESIAN_POINT('',(2.2,1.25000000000002,-1.35));
#5417=CARTESIAN_POINT('',(-1.16108381091901,1.25000000000002,-1.35));
#5418=CARTESIAN_POINT('',(2.2,1.25000000000002,-1.35));
#5419=CARTESIAN_POINT('Origin',(2.25,1.30000000000002,0.400000000000002));
#5420=CARTESIAN_POINT('',(2.3,1.35000000000002,-0.85));
#5421=CARTESIAN_POINT('',(2.3,1.35000000000002,0.400000000000002));
#5422=CARTESIAN_POINT('',(2.2,1.25000000000002,-0.95));
#5423=CARTESIAN_POINT('',(2.2,1.25000000000002,0.400000000000002));
#5424=CARTESIAN_POINT('',(2.2,1.25000000000002,-0.95));
#5425=CARTESIAN_POINT('Origin',(-1.16108381091901,1.30000000000002,-0.9));
#5426=CARTESIAN_POINT('',(2.,1.25000000000002,-0.95));
#5427=CARTESIAN_POINT('',(-1.16108381091901,1.25000000000002,-0.95));
#5428=CARTESIAN_POINT('',(2.,1.25000000000002,-0.95));
#5429=CARTESIAN_POINT('',(-1.16108381091901,1.35000000000002,-0.85));
#5430=CARTESIAN_POINT('Origin',(-1.09489343194995,1.30000000000002,1.3));
#5431=CARTESIAN_POINT('',(-2.3,1.35000000000002,1.35));
#5432=CARTESIAN_POINT('',(-2.,1.35000000000002,1.35));
#5433=CARTESIAN_POINT('',(-1.09489343194995,1.35000000000002,1.35));
#5434=CARTESIAN_POINT('',(-2.,1.25000000000002,1.25));
#5435=CARTESIAN_POINT('',(-2.,1.35000000000002,1.35));
#5436=CARTESIAN_POINT('',(-2.2,1.25000000000002,1.25));
#5437=CARTESIAN_POINT('',(-1.09489343194995,1.25000000000002,1.25));
#5438=CARTESIAN_POINT('',(-2.2,1.25000000000002,1.25));
#5439=CARTESIAN_POINT('Origin',(-2.25,1.30000000000002,-0.250000000000005));
#5440=CARTESIAN_POINT('',(-2.3,1.35000000000002,-0.450000000000005));
#5441=CARTESIAN_POINT('',(-2.3,1.35000000000002,-0.250000000000005));
#5442=CARTESIAN_POINT('',(-2.2,1.25000000000002,-0.350000000000002));
#5443=CARTESIAN_POINT('',(-2.2,1.25000000000002,-0.250000000000005));
#5444=CARTESIAN_POINT('',(-2.2,1.25000000000002,-0.350000000000002));
#5445=CARTESIAN_POINT('Origin',(-1.09489343194995,1.30000000000002,-0.400000000000004));
#5446=CARTESIAN_POINT('',(-2.,1.35000000000002,-0.450000000000005));
#5447=CARTESIAN_POINT('',(-1.09489343194995,1.35000000000002,-0.450000000000005));
#5448=CARTESIAN_POINT('',(-1.9,1.25000000000002,-0.350000000000004));
#5449=CARTESIAN_POINT('',(-1.09489343194995,1.25000000000002,-0.350000000000004));
#5450=CARTESIAN_POINT('',(-1.9,1.25000000000002,-0.350000000000004));
#5451=CARTESIAN_POINT('Origin',(-1.95,1.30000000000002,2.15));
#5452=CARTESIAN_POINT('',(-1.9,1.25000000000002,-0.85));
#5453=CARTESIAN_POINT('',(-1.9,1.25000000000002,2.15));
#5454=CARTESIAN_POINT('',(-1.9,1.25000000000002,-0.85));
#5455=CARTESIAN_POINT('',(-2.,1.35000000000002,2.15));
#5456=CARTESIAN_POINT('Origin',(-1.95,1.30000000000002,2.15));
#5457=CARTESIAN_POINT('',(-2.,1.35000000000002,2.15));
#5458=CARTESIAN_POINT('',(-1.9,1.25000000000002,2.15));
#5459=CARTESIAN_POINT('',(-0.356958094540495,-0.293041905459489,2.15));
#5460=CARTESIAN_POINT('',(-1.9,1.25000000000002,1.35));
#5461=CARTESIAN_POINT('',(-1.9,1.25000000000002,2.15));
#5462=CARTESIAN_POINT('',(-1.9,1.25000000000002,1.35));
#5463=CARTESIAN_POINT('',(-2.,1.35000000000002,2.15));
#5464=CARTESIAN_POINT('Origin',(-2.,1.25000000000002,1.35));
#5465=CARTESIAN_POINT('Origin',(-2.,1.25000000000002,1.35));
#5466=CARTESIAN_POINT('Origin',(-2.,1.25000000000002,-0.85));
#5467=CARTESIAN_POINT('Origin',(-2.,1.25000000000002,-0.85));
#5468=CARTESIAN_POINT('Origin',(2.,1.25000000000002,-0.85));
#5469=CARTESIAN_POINT('Origin',(2.,1.25000000000002,-0.85));
#5470=CARTESIAN_POINT('Origin',(2.,1.25000000000002,1.35));
#5471=CARTESIAN_POINT('Origin',(2.,1.25000000000002,1.35));
#5472=CARTESIAN_POINT('Origin',(2.,1.17500000000001,1.35));
#5473=CARTESIAN_POINT('',(2.,0.2,1.25));
#5474=CARTESIAN_POINT('',(2.,1.17500000000001,1.25));
#5475=CARTESIAN_POINT('',(1.9,0.2,1.35));
#5476=CARTESIAN_POINT('Origin',(2.,0.2,1.35));
#5477=CARTESIAN_POINT('',(1.9,1.17500000000001,1.35));
#5478=CARTESIAN_POINT('Origin',(-2.33238075793813,0.95,1.25));
#5479=CARTESIAN_POINT('',(2.2,0.2,1.25));
#5480=CARTESIAN_POINT('',(2.2,1.1,1.25));
#5481=CARTESIAN_POINT('',(2.05,0.2,1.25));
#5482=CARTESIAN_POINT('Origin',(2.2,1.1,-2.65000000000002));
#5483=CARTESIAN_POINT('',(2.2,0.199999999999999,-0.349999999999999));
#5484=CARTESIAN_POINT('',(2.2,0.95,-0.35));
#5485=CARTESIAN_POINT('',(2.2,0.2,-0.799999999999999));
#5486=CARTESIAN_POINT('Origin',(-2.33238075793813,0.95,-0.35));
#5487=CARTESIAN_POINT('',(1.9,0.2,-0.349999999999994));
#5488=CARTESIAN_POINT('',(1.9,1.40000000000002,-0.349999999999996));
#5489=CARTESIAN_POINT('',(2.05,0.2,-0.349999999999999));
#5490=CARTESIAN_POINT('Origin',(1.9,1.40000000000002,2.15));
#5491=CARTESIAN_POINT('',(1.9,0.2,-0.85));
#5492=CARTESIAN_POINT('',(1.9,5.80000000000001,-0.85));
#5493=CARTESIAN_POINT('',(1.9,0.2,-0.799999999999999));
#5494=CARTESIAN_POINT('Origin',(2.,5.80000000000001,-0.85));
#5495=CARTESIAN_POINT('',(2.,0.2,-0.95));
#5496=CARTESIAN_POINT('',(2.,5.80000000000001,-0.95));
#5497=CARTESIAN_POINT('Origin',(2.,0.2,-0.85));
#5498=CARTESIAN_POINT('Origin',(2.2,10.2,-0.95));
#5499=CARTESIAN_POINT('',(2.2,0.199999999999999,-0.95));
#5500=CARTESIAN_POINT('',(2.2,1.40000000000002,-0.95));
#5501=CARTESIAN_POINT('',(2.05,0.2,-0.95));
#5502=CARTESIAN_POINT('Origin',(2.2,1.40000000000002,-1.35));
#5503=CARTESIAN_POINT('',(2.2,0.199999999999993,-1.35));
#5504=CARTESIAN_POINT('',(2.2,1.40000000000002,-1.35));
#5505=CARTESIAN_POINT('',(2.2,0.2,-0.799999999999999));
#5506=CARTESIAN_POINT('Origin',(2.2,1.40000000000002,-1.35));
#5507=CARTESIAN_POINT('',(0.900000000000002,0.2,-1.35));
#5508=CARTESIAN_POINT('',(0.900000000000002,1.24999999999999,-1.35));
#5509=CARTESIAN_POINT('',(2.05,0.2,-1.35));
#5510=CARTESIAN_POINT('Origin',(0.900000000000002,1.24999999999999,-3.2624515496597));
#5511=CARTESIAN_POINT('',(0.900000000000002,0.25,-1.65));
#5512=CARTESIAN_POINT('',(0.900000000000002,1.40000000000002,-1.65));
#5513=CARTESIAN_POINT('',(0.900000000000002,0.25,-1.75));
#5514=CARTESIAN_POINT('',(0.900000000000001,0.25,-3.17884993131939));
#5515=CARTESIAN_POINT('',(0.900000000000002,-3.92377929089992E-16,-1.75));
#5516=CARTESIAN_POINT('',(0.900000000000002,-3.92377929089992E-16,-1.75));
#5517=CARTESIAN_POINT('',(0.900000000000002,-5.55111512312578E-16,-1.25));
#5518=CARTESIAN_POINT('',(0.900000000000002,-4.16333634234434E-16,-0.0999999999999984));
#5519=CARTESIAN_POINT('',(0.900000000000002,0.2,-1.25));
#5520=CARTESIAN_POINT('',(0.900000000000002,1.40000000000002,-1.25));
#5521=CARTESIAN_POINT('',(0.900000000000002,0.2,-1.225));
#5522=CARTESIAN_POINT('Origin',(0.,0.2,-1.65));
#5523=CARTESIAN_POINT('',(0.399999999999999,0.25,-1.65));
#5524=CARTESIAN_POINT('',(0.399999999999999,1.40000000000002,-1.65));
#5525=CARTESIAN_POINT('',(0.,0.25,-1.65));
#5526=CARTESIAN_POINT('Origin',(0.4,1.24999999999999,-3.2624515496597));
#5527=CARTESIAN_POINT('',(0.399999999999999,0.199999999999996,-1.35));
#5528=CARTESIAN_POINT('',(0.399999999999999,1.40000000000002,-1.35));
#5529=CARTESIAN_POINT('',(0.399999999999999,0.2,-1.25));
#5530=CARTESIAN_POINT('',(0.399999999999999,0.2,-1.025));
#5531=CARTESIAN_POINT('',(0.399999999999999,-5.55111512312578E-16,-1.25));
#5532=CARTESIAN_POINT('',(0.399999999999999,1.40000000000002,-1.25));
#5533=CARTESIAN_POINT('',(0.399999999999999,-3.92377929089992E-16,-1.75));
#5534=CARTESIAN_POINT('',(0.399999999999999,-4.13029399042097E-16,-0.149999999999996));
#5535=CARTESIAN_POINT('',(0.399999999999999,0.25,-1.75));
#5536=CARTESIAN_POINT('',(0.399999999999999,-3.92377929089992E-16,-1.75));
#5537=CARTESIAN_POINT('',(0.399999999999999,0.25,-1.25));
#5538=CARTESIAN_POINT('Origin',(2.2,1.40000000000002,-1.35));
#5539=CARTESIAN_POINT('',(-0.399999999999999,0.2,-1.35));
#5540=CARTESIAN_POINT('',(-0.399999999999998,1.40000000000002,-1.35));
#5541=CARTESIAN_POINT('',(2.05,0.2,-1.35));
#5542=CARTESIAN_POINT('Origin',(-0.4,1.24999999999999,-3.2624515496597));
#5543=CARTESIAN_POINT('',(-0.4,0.25,-1.65));
#5544=CARTESIAN_POINT('',(-0.399999999999999,1.40000000000002,-1.65));
#5545=CARTESIAN_POINT('',(-0.4,0.25,-1.75));
#5546=CARTESIAN_POINT('',(-0.4,0.25,-3.17884993131939));
#5547=CARTESIAN_POINT('',(-0.4,-3.92377929089992E-16,-1.75));
#5548=CARTESIAN_POINT('',(-0.4,-3.92377929089992E-16,-1.75));
#5549=CARTESIAN_POINT('',(-0.4,-5.55111512312578E-16,-1.25));
#5550=CARTESIAN_POINT('',(-0.399999999999999,-4.16333634234434E-16,-0.0999999999999984));
#5551=CARTESIAN_POINT('',(-0.4,0.2,-1.25));
#5552=CARTESIAN_POINT('',(-0.4,1.40000000000002,-1.25));
#5553=CARTESIAN_POINT('',(-0.4,0.2,-1.225));
#5554=CARTESIAN_POINT('Origin',(0.,0.2,-1.65));
#5555=CARTESIAN_POINT('',(-0.900000000000002,0.25,-1.65));
#5556=CARTESIAN_POINT('',(-0.900000000000002,1.40000000000002,-1.65));
#5557=CARTESIAN_POINT('',(0.,0.25,-1.65));
#5558=CARTESIAN_POINT('Origin',(-0.900000000000002,6.45100292628875E-15,
-3.2624515496597));
#5559=CARTESIAN_POINT('',(-0.900000000000002,0.199999999999993,-1.35));
#5560=CARTESIAN_POINT('',(-0.900000000000002,1.40000000000002,-1.35));
#5561=CARTESIAN_POINT('',(-0.900000000000002,0.2,-1.25));
#5562=CARTESIAN_POINT('',(-0.900000000000002,0.2,-1.025));
#5563=CARTESIAN_POINT('',(-0.900000000000002,-5.55111512312578E-16,-1.25));
#5564=CARTESIAN_POINT('',(-0.900000000000002,1.40000000000002,-1.25));
#5565=CARTESIAN_POINT('',(-0.900000000000002,-3.92377929089992E-16,-1.75));
#5566=CARTESIAN_POINT('',(-0.900000000000001,-4.13029399042097E-16,-0.149999999999997));
#5567=CARTESIAN_POINT('',(-0.900000000000002,0.25,-1.75));
#5568=CARTESIAN_POINT('',(-0.900000000000002,-3.92377929089992E-16,-1.75));
#5569=CARTESIAN_POINT('',(-0.900000000000002,0.25,-1.25));
#5570=CARTESIAN_POINT('Origin',(2.2,1.40000000000002,-1.35));
#5571=CARTESIAN_POINT('',(-2.2,0.2,-1.35));
#5572=CARTESIAN_POINT('',(-2.2,1.40005000000002,-1.35));
#5573=CARTESIAN_POINT('',(2.05,0.2,-1.35));
#5574=CARTESIAN_POINT('Origin',(-2.2,1.40005000000002,-1.35));
#5575=CARTESIAN_POINT('',(-2.2,0.2,-0.95));
#5576=CARTESIAN_POINT('',(-2.2,10.2,-0.95));
#5577=CARTESIAN_POINT('',(-2.2,0.2,-0.799999999999999));
#5578=CARTESIAN_POINT('Origin',(-2.2,10.2,-0.95));
#5579=CARTESIAN_POINT('',(-2.,0.2,-0.95));
#5580=CARTESIAN_POINT('',(-2.,5.80002500000001,-0.95));
#5581=CARTESIAN_POINT('',(2.05,0.2,-0.95));
#5582=CARTESIAN_POINT('Origin',(-2.,5.80002500000001,-0.85));
#5583=CARTESIAN_POINT('',(-1.9,0.2,-0.85));
#5584=CARTESIAN_POINT('',(-1.9,5.80002500000001,-0.85));
#5585=CARTESIAN_POINT('Origin',(-2.,0.2,-0.85));
#5586=CARTESIAN_POINT('Origin',(-1.9,1.40005000000002,2.15));
#5587=CARTESIAN_POINT('',(-1.9,0.2,-0.349999999999997));
#5588=CARTESIAN_POINT('',(-1.9,0.95,-0.35));
#5589=CARTESIAN_POINT('',(-1.9,0.2,-0.799999999999999));
#5590=CARTESIAN_POINT('Origin',(2.33238075793813,0.95,-0.35));
#5591=CARTESIAN_POINT('',(-2.2,0.2,-0.349999999999996));
#5592=CARTESIAN_POINT('',(-2.2,1.1,-0.350000000000002));
#5593=CARTESIAN_POINT('',(2.05,0.2,-0.349999999999999));
#5594=CARTESIAN_POINT('Origin',(-2.2,1.1,-2.65000000000002));
#5595=CARTESIAN_POINT('',(-2.2,0.2,1.25));
#5596=CARTESIAN_POINT('',(-2.2,0.95,1.25));
#5597=CARTESIAN_POINT('',(-2.2,0.2,-0.799999999999999));
#5598=CARTESIAN_POINT('Origin',(2.33238075793813,0.95,1.25));
#5599=CARTESIAN_POINT('',(-2.,0.2,1.25));
#5600=CARTESIAN_POINT('',(-2.,1.17502500000001,1.25));
#5601=CARTESIAN_POINT('',(2.05,0.2,1.25));
#5602=CARTESIAN_POINT('Origin',(-2.,1.17502500000001,1.35));
#5603=CARTESIAN_POINT('',(-1.9,0.2,1.35));
#5604=CARTESIAN_POINT('',(-1.9,1.17502500000001,1.35));
#5605=CARTESIAN_POINT('Origin',(-2.,0.2,1.35));
#5606=CARTESIAN_POINT('Origin',(-1.9,1.40005000000002,2.15));
#5607=CARTESIAN_POINT('',(-1.9,0.2,2.15000000000001));
#5608=CARTESIAN_POINT('',(-1.9,1.40000000000002,2.15));
#5609=CARTESIAN_POINT('',(-1.9,0.2,-0.799999999999999));
#5610=CARTESIAN_POINT('Origin',(-2.2,0.0500828401687919,1.98502010344295));
#5611=CARTESIAN_POINT('',(-2.2,0.35016568116177,2.15));
#5612=CARTESIAN_POINT('',(-2.2,-4.33680868994202E-16,2.15000000000001));
#5613=CARTESIAN_POINT('',(-2.2,0.725041420084404,2.15));
#5614=CARTESIAN_POINT('',(-2.2,0.350165681161771,1.55));
#5615=CARTESIAN_POINT('',(-2.2,0.35016568116177,2.29126089315144));
#5616=CARTESIAN_POINT('',(-2.2,0.125635982750657,1.55));
#5617=CARTESIAN_POINT('',(-2.2,0.200124260665281,1.55));
#5618=CARTESIAN_POINT('',(-2.2,-2.74722345759876E-10,1.37253852402597));
#5619=CARTESIAN_POINT('',(-2.2,0.215599966173359,1.67707459199385));
#5620=CARTESIAN_POINT('',(-2.2,-4.38017677684144E-16,1.71751005172148));
#5621=CARTESIAN_POINT('Origin',(-2.7,0.125635982750657,1.55));
#5622=CARTESIAN_POINT('',(-2.7,0.125635982750657,1.55));
#5623=CARTESIAN_POINT('',(-2.7,0.125635982750657,1.55));
#5624=CARTESIAN_POINT('',(-2.7,-2.74722345759876E-10,1.37253852402597));
#5625=CARTESIAN_POINT('',(-2.7,-0.594485999678697,0.532823974422662));
#5626=CARTESIAN_POINT('',(-3.61108381091901,-4.5102810375397E-16,1.37253852441402));
#5627=CARTESIAN_POINT('Origin',(-2.7,0.350165681161771,1.55));
#5628=CARTESIAN_POINT('',(-2.7,0.350165681161771,1.55));
#5629=CARTESIAN_POINT('',(-2.7,0.350165681161771,1.55));
#5630=CARTESIAN_POINT('',(-2.7,0.235082840554302,1.55));
#5631=CARTESIAN_POINT('Origin',(-2.7,0.35016568116177,2.59750168285993));
#5632=CARTESIAN_POINT('',(-2.7,0.35016568116177,2.15000000000001));
#5633=CARTESIAN_POINT('',(0.911083810919009,0.35016568116177,2.15));
#5634=CARTESIAN_POINT('',(-2.7,0.350165681161772,0.548750841403382));
#5635=CARTESIAN_POINT('Origin',(4.52216762183802,1.40000000000002,2.15));
#5636=CARTESIAN_POINT('',(-2.7,1.35000000000002,2.15000000000001));
#5637=CARTESIAN_POINT('',(0.,1.35000000000002,2.15));
#5638=CARTESIAN_POINT('',(-2.7,0.119999999946837,2.15000000000001));
#5639=CARTESIAN_POINT('',(-1.,-1.89735380184963E-16,2.15000000000001));
#5640=CARTESIAN_POINT('',(-4.52216762183802,-4.33680868994202E-16,2.15000000000001));
#5641=CARTESIAN_POINT('',(-1.,0.2,2.15000000000001));
#5642=CARTESIAN_POINT('',(-1.,1.40000000000002,2.15));
#5643=CARTESIAN_POINT('',(4.52216762183802,0.2,2.15));
#5644=CARTESIAN_POINT('Origin',(-4.52216762183802,-4.33680868994202E-16,
1.45));
#5645=CARTESIAN_POINT('',(-2.7,-4.16333634234434E-16,-1.75));
#5646=CARTESIAN_POINT('',(-2.7,-4.33680868994202E-16,1.45));
#5647=CARTESIAN_POINT('',(-3.61108381091901,-4.16333634234434E-16,-1.75));
#5648=CARTESIAN_POINT('',(-2.46108381091901,-4.16333634234434E-16,-1.25));
#5649=CARTESIAN_POINT('',(-2.46108381091901,-3.92377929089992E-16,-1.75));
#5650=CARTESIAN_POINT('',(-1.81108381091901,-4.16333634234434E-16,-1.25));
#5651=CARTESIAN_POINT('',(2.7,-4.16333634234434E-16,-1.75));
#5652=CARTESIAN_POINT('',(-0.911083810919009,-4.16333634234434E-16,-1.75));
#5653=CARTESIAN_POINT('',(2.7,-2.74722345759876E-10,1.37253852402597));
#5654=CARTESIAN_POINT('',(2.7,-4.33680868994202E-16,1.45));
#5655=CARTESIAN_POINT('',(2.2,-2.74722345759876E-10,1.37253852402597));
#5656=CARTESIAN_POINT('',(-0.911083810919009,-4.5102810375397E-16,1.37253852441402));
#5657=CARTESIAN_POINT('',(2.2,-4.33680868994202E-16,2.15));
#5658=CARTESIAN_POINT('',(2.2,-4.38017677684144E-16,1.71751005172148));
#5659=CARTESIAN_POINT('',(0.999999999999998,-1.89735380184963E-16,2.15));
#5660=CARTESIAN_POINT('',(-4.52216762183802,-4.33680868994202E-16,2.15));
#5661=CARTESIAN_POINT('',(0.499999999999999,-1.89735380184963E-16,1.65000000000001));
#5662=CARTESIAN_POINT('',(0.999999999999998,-4.33680868994202E-16,2.15));
#5663=CARTESIAN_POINT('',(-0.499999999999999,-1.89735380184963E-16,1.65000000000001));
#5664=CARTESIAN_POINT('',(-4.52216762183802,-4.33680868994202E-16,1.65000000000001));
#5665=CARTESIAN_POINT('',(-0.499999999999999,-4.33680868994202E-16,1.65));
#5666=CARTESIAN_POINT('Origin',(2.7,0.125635982750657,1.55));
#5667=CARTESIAN_POINT('',(2.2,0.125635982750657,1.55));
#5668=CARTESIAN_POINT('',(2.2,0.215599966173359,1.67707459199385));
#5669=CARTESIAN_POINT('',(2.7,0.125635982750657,1.55));
#5670=CARTESIAN_POINT('',(2.7,-0.594485999678697,0.532823974422662));
#5671=CARTESIAN_POINT('',(2.7,0.125635982750657,1.55));
#5672=CARTESIAN_POINT('Origin',(2.7,0.350165681161771,1.55));
#5673=CARTESIAN_POINT('',(2.2,0.350165681161771,1.55));
#5674=CARTESIAN_POINT('',(2.2,0.200124260665281,1.55));
#5675=CARTESIAN_POINT('',(2.7,0.350165681161771,1.55));
#5676=CARTESIAN_POINT('',(2.7,0.235082840554302,1.55));
#5677=CARTESIAN_POINT('',(2.7,0.350165681161771,1.55));
#5678=CARTESIAN_POINT('Origin',(2.7,0.35016568116177,2.59750168285993));
#5679=CARTESIAN_POINT('',(2.2,0.35016568116177,2.15));
#5680=CARTESIAN_POINT('',(2.7,0.35016568116177,2.15));
#5681=CARTESIAN_POINT('',(-0.911083810919009,0.35016568116177,2.15));
#5682=CARTESIAN_POINT('',(2.2,0.35016568116177,2.29126089315144));
#5683=CARTESIAN_POINT('',(2.7,0.350165681161772,0.548750841403382));
#5684=CARTESIAN_POINT('Origin',(2.2,0.0500828401687919,1.98502010344295));
#5685=CARTESIAN_POINT('',(2.2,0.725041420084404,2.15));
#5686=CARTESIAN_POINT('Origin',(2.7,0.119999999946837,-1.50000000005316));
#5687=CARTESIAN_POINT('',(2.7,0.992125362944108,-1.75));
#5688=CARTESIAN_POINT('',(2.7,-0.18168483400726,-1.74999999999999));
#5689=CARTESIAN_POINT('',(2.7,0.992125362944107,-2.15));
#5690=CARTESIAN_POINT('',(2.7,0.992125362944108,-1.62500000002658));
#5691=CARTESIAN_POINT('',(2.7,1.35000000000002,-2.15));
#5692=CARTESIAN_POINT('',(2.7,0.119999999946837,-2.15));
#5693=CARTESIAN_POINT('',(2.7,1.35000000000002,2.15));
#5694=CARTESIAN_POINT('',(2.7,1.35000000000002,0.32499999997342));
#5695=CARTESIAN_POINT('',(2.7,1.40000000000002,2.15));
#5696=CARTESIAN_POINT('Origin',(-6.93889390390723E-16,0.779999999725275,
-2.24802041692117));
#5697=CARTESIAN_POINT('',(1.3,0.779999999725275,-2.15));
#5698=CARTESIAN_POINT('',(1.1,0.779999999725275,-2.15));
#5699=CARTESIAN_POINT('',(-2.26108381091901,0.779999999725275,-2.15));
#5700=CARTESIAN_POINT('',(1.3,0.779999999725275,-1.75));
#5701=CARTESIAN_POINT('',(1.3,0.779999999725275,-1.99901020846058));
#5702=CARTESIAN_POINT('',(1.1,0.779999999725275,-1.75));
#5703=CARTESIAN_POINT('',(0.55,0.779999999725275,-1.74999999999999));
#5704=CARTESIAN_POINT('',(1.1,0.779999999725275,-2.37439298491645));
#5705=CARTESIAN_POINT('Origin',(1.1,0.25,-2.50076555291173));
#5706=CARTESIAN_POINT('',(1.1,0.25,-2.15));
#5707=CARTESIAN_POINT('',(1.1,0.825000000000009,-2.15));
#5708=CARTESIAN_POINT('',(1.1,0.25,-1.75));
#5709=CARTESIAN_POINT('',(1.1,0.25,-1.75));
#5710=CARTESIAN_POINT('',(1.1,0.25,-2.35759525928571));
#5711=CARTESIAN_POINT('Origin',(1.3,0.25,-1.75));
#5712=CARTESIAN_POINT('',(1.3,0.25,-2.15));
#5713=CARTESIAN_POINT('',(1.3,0.825000000000007,-2.15));
#5714=CARTESIAN_POINT('',(1.3,0.25,-1.75));
#5715=CARTESIAN_POINT('',(1.3,0.25,-1.98221248282985));
#5716=CARTESIAN_POINT('',(1.3,0.25,-1.75));
#5717=CARTESIAN_POINT('Origin',(-6.93889390390723E-16,0.779999999725275,
-2.24802041692117));
#5718=CARTESIAN_POINT('',(0.1,0.779999999725275,-2.15));
#5719=CARTESIAN_POINT('',(-0.0999999999999997,0.779999999725275,-2.15));
#5720=CARTESIAN_POINT('',(-2.26108381091901,0.779999999725275,-2.15));
#5721=CARTESIAN_POINT('',(0.1,0.779999999725275,-1.74999999999999));
#5722=CARTESIAN_POINT('',(0.1,0.779999999725275,-1.99901020846058));
#5723=CARTESIAN_POINT('',(-0.0999999999999997,0.779999999725275,-1.74999999999999));
#5724=CARTESIAN_POINT('',(-0.0500000000000001,0.779999999725275,-1.74999999999999));
#5725=CARTESIAN_POINT('',(-0.0999999999999996,0.779999999725275,-2.40114924819583));
#5726=CARTESIAN_POINT('Origin',(-0.0999999999999996,0.25,-2.55427807947049));
#5727=CARTESIAN_POINT('',(-0.0999999999999995,0.25,-2.15));
#5728=CARTESIAN_POINT('',(-0.0999999999999995,0.825000000000009,-2.15));
#5729=CARTESIAN_POINT('',(-0.0999999999999997,0.25,-1.74999999999999));
#5730=CARTESIAN_POINT('',(-0.0999999999999997,0.25,-1.74999999999999));
#5731=CARTESIAN_POINT('',(-0.0999999999999996,0.25,-2.38435152256509));
#5732=CARTESIAN_POINT('Origin',(0.1,0.25,-1.74999999999999));
#5733=CARTESIAN_POINT('',(0.1,0.25,-2.15));
#5734=CARTESIAN_POINT('',(0.1,0.825000000000007,-2.15));
#5735=CARTESIAN_POINT('',(0.1,0.25,-1.74999999999999));
#5736=CARTESIAN_POINT('',(0.1,0.25,-1.98221248282984));
#5737=CARTESIAN_POINT('',(0.1,0.25,-1.74999999999999));
#5738=CARTESIAN_POINT('Origin',(-6.93889390390723E-16,0.779999999725275,
-2.24802041692117));
#5739=CARTESIAN_POINT('',(-1.1,0.779999999725275,-2.15));
#5740=CARTESIAN_POINT('',(-1.3,0.779999999725275,-2.15));
#5741=CARTESIAN_POINT('',(-2.26108381091901,0.779999999725275,-2.15));
#5742=CARTESIAN_POINT('',(-1.1,0.779999999725275,-1.75));
#5743=CARTESIAN_POINT('',(-1.1,0.779999999725275,-1.99901020846058));
#5744=CARTESIAN_POINT('',(-1.3,0.779999999725275,-1.75));
#5745=CARTESIAN_POINT('',(-0.65,0.779999999725275,-1.75));
#5746=CARTESIAN_POINT('',(-1.3,0.779999999725275,-2.49703062538176));
#5747=CARTESIAN_POINT('Origin',(-1.3,0.25,-2.74604083384235));
#5748=CARTESIAN_POINT('',(-1.3,0.25,-2.15));
#5749=CARTESIAN_POINT('',(-1.3,0.825000000000009,-2.15));
#5750=CARTESIAN_POINT('',(-1.3,0.25,-1.75));
#5751=CARTESIAN_POINT('',(-1.3,0.25,-1.75));
#5752=CARTESIAN_POINT('',(-1.3,0.25,-2.48023289975102));
#5753=CARTESIAN_POINT('Origin',(-1.1,0.25,-1.75));
#5754=CARTESIAN_POINT('',(-1.1,0.25,-2.15));
#5755=CARTESIAN_POINT('',(-1.1,0.825000000000007,-2.15));
#5756=CARTESIAN_POINT('',(-1.1,0.25,-1.75));
#5757=CARTESIAN_POINT('',(-1.1,0.25,-1.98221248282984));
#5758=CARTESIAN_POINT('',(-1.1,0.25,-1.75));
#5759=CARTESIAN_POINT('Origin',(0.,0.25,-2.21442496565969));
#5760=CARTESIAN_POINT('',(1.7,0.25,-1.75));
#5761=CARTESIAN_POINT('',(1.7,0.25,-1.75));
#5762=CARTESIAN_POINT('',(-2.26108381091901,0.25,-2.15));
#5763=CARTESIAN_POINT('Origin',(0.,0.25,-2.21442496565969));
#5764=CARTESIAN_POINT('',(-1.7,0.25,-1.75));
#5765=CARTESIAN_POINT('',(1.7,0.25,-1.75));
#5766=CARTESIAN_POINT('',(-1.7,0.25,-2.15));
#5767=CARTESIAN_POINT('',(-1.7,0.25,-2.14895232604185));
#5768=CARTESIAN_POINT('',(-2.26108381091901,0.25,-2.15));
#5769=CARTESIAN_POINT('Origin',(0.,0.25,-2.21442496565969));
#5770=CARTESIAN_POINT('',(1.7,0.25,-1.75));
#5771=CARTESIAN_POINT('',(1.7,0.25,-1.75));
#5772=CARTESIAN_POINT('',(-2.26108381091901,0.25,-2.15));
#5773=CARTESIAN_POINT('Origin',(-4.52216762183802,1.40000000000002,-2.15));
#5774=CARTESIAN_POINT('',(-1.7,0.992125362944107,-2.15));
#5775=CARTESIAN_POINT('',(-1.7,0.827188923745696,-2.15));
#5776=CARTESIAN_POINT('',(-2.7,0.992125362944107,-2.15));
#5777=CARTESIAN_POINT('',(-3.61108381091901,0.992125362944107,-2.15));
#5778=CARTESIAN_POINT('',(-2.7,1.35000000000002,-2.15));
#5779=CARTESIAN_POINT('',(-2.7,1.40000000000002,-2.15));
#5780=CARTESIAN_POINT('',(-4.52216762183802,1.35000000000002,-2.15));
#5781=CARTESIAN_POINT('',(1.7,0.992125362944107,-2.15));
#5782=CARTESIAN_POINT('',(-0.911083810919009,0.992125362944107,-2.15));
#5783=CARTESIAN_POINT('',(1.7,0.25,-2.15));
#5784=CARTESIAN_POINT('',(1.7,0.827188923745696,-2.15));
#5785=CARTESIAN_POINT('',(-2.26108381091901,0.25,-2.15));
#5786=CARTESIAN_POINT('Origin',(0.,0.25,-2.21442496565969));
#5787=CARTESIAN_POINT('',(1.7,0.25,-1.75));
#5788=CARTESIAN_POINT('',(1.7,0.25,-2.14895232604185));
#5789=CARTESIAN_POINT('',(1.7,0.25,-1.75));
#5790=CARTESIAN_POINT('Origin',(-0.4,-3.92377929089992E-16,-1.75));
#5791=CARTESIAN_POINT('Origin',(-2.7,0.992125362944108,-1.75));
#5792=CARTESIAN_POINT('',(-1.7,0.992125362944108,-1.75));
#5793=CARTESIAN_POINT('',(-1.7,0.992125362944106,-2.416959372848));
#5794=CARTESIAN_POINT('',(-2.7,0.992125362944108,-1.75));
#5795=CARTESIAN_POINT('',(-2.7,0.992125362944108,-1.75));
#5796=CARTESIAN_POINT('',(-2.7,0.992125362944108,-1.62500000002658));
#5797=CARTESIAN_POINT('Origin',(-2.7,-0.483369667961356,-1.74999999999999));
#5798=CARTESIAN_POINT('',(-2.7,-0.18168483400726,-1.74999999999999));
#5799=CARTESIAN_POINT('',(-1.7,0.992125362944108,-1.75));
#5800=CARTESIAN_POINT('Origin',(-1.7,0.254377847491375,-2.083479686424));
#5801=CARTESIAN_POINT('Origin',(-2.7,0.119999999946837,-1.50000000005316));
#5802=CARTESIAN_POINT('',(-2.7,1.35000000000002,0.32499999997342));
#5803=CARTESIAN_POINT('Origin',(2.7,0.992125362944108,-1.75));
#5804=CARTESIAN_POINT('',(1.7,0.992125362944108,-1.75));
#5805=CARTESIAN_POINT('',(2.7,0.992125362944108,-1.75));
#5806=CARTESIAN_POINT('',(1.7,0.992125362944106,-2.416959372848));
#5807=CARTESIAN_POINT('Origin',(1.7,0.254377847491375,-2.083479686424));
#5808=CARTESIAN_POINT('',(1.7,0.992125362944108,-1.75));
#5809=CARTESIAN_POINT('Origin',(2.7,-0.483369667961356,-1.74999999999999));
#5810=CARTESIAN_POINT('Origin',(0.900000000000002,1.40000000000002,-1.25));
#5811=CARTESIAN_POINT('',(1.475,0.2,-1.25));
#5812=CARTESIAN_POINT('Origin',(-0.4,1.40000000000002,-1.25));
#5813=CARTESIAN_POINT('',(0.825000000000001,0.2,-1.25));
#5814=CARTESIAN_POINT('Origin',(2.05,0.2,-0.799999999999999));
#5815=CARTESIAN_POINT('',(-0.499999999999997,0.2,1.65));
#5816=CARTESIAN_POINT('',(-1.,0.2,2.15000000000001));
#5817=CARTESIAN_POINT('',(0.499999999999995,0.2,1.65000000000001));
#5818=CARTESIAN_POINT('',(0.499999999999999,0.2,1.65000000000001));
#5819=CARTESIAN_POINT('',(0.999999999999999,0.2,2.15000000000001));
#5820=CARTESIAN_POINT('',(1.,0.2,2.15000000000001));
#5821=CARTESIAN_POINT('',(1.9,0.2,2.15000000000001));
#5822=CARTESIAN_POINT('',(-4.52216762183802,0.2,2.15));
#5823=CARTESIAN_POINT('',(1.9,0.2,-0.799999999999999));
#5824=CARTESIAN_POINT('Origin',(-1.,-2.98155597433514E-16,2.15000000000001));
#5825=CARTESIAN_POINT('',(-0.499999999999999,-2.98155597433514E-16,1.65));
#5826=CARTESIAN_POINT('Origin',(0.499999999999999,-2.98155597433514E-16,
1.65000000000001));
#5827=CARTESIAN_POINT('',(0.499999999999999,-2.98155597433514E-16,1.65000000000001));
#5828=CARTESIAN_POINT('Origin',(-4.52216762183802,1.40000000000002,2.15));
#5829=CARTESIAN_POINT('',(1.9,1.40000000000002,2.15));
#5830=CARTESIAN_POINT('',(0.999999999999997,-2.98155597433514E-16,2.15000000000001));
#5831=CARTESIAN_POINT('',(-4.52216762183802,1.35000000000002,2.15));
#5832=CARTESIAN_POINT('Origin',(1.,-2.98155597433514E-16,2.15000000000001));
#5833=CARTESIAN_POINT('Origin',(1.9,1.40000000000002,2.15));
#5834=CARTESIAN_POINT('Origin',(-1.46905989232414,1.35000000000002,-1.65000000007758));
#5835=CARTESIAN_POINT('',(0.,0.,0.));
#5836=CARTESIAN_POINT('Origin',(1.3,2.10000000000001,0.250000000274712));
#5837=CARTESIAN_POINT('',(1.3,1.75,0.250000000274712));
#5838=CARTESIAN_POINT('',(1.1,1.75,0.250000000274712));
#5839=CARTESIAN_POINT('',(1.2,1.75,0.250000000274712));
#5840=CARTESIAN_POINT('',(1.3,0.300000000000001,0.250000000274711));
#5841=CARTESIAN_POINT('',(1.3,0.300000000000001,0.250000000274711));
#5842=CARTESIAN_POINT('',(1.1,0.300000000000001,0.250000000274711));
#5843=CARTESIAN_POINT('',(1.3,0.300000000000001,0.250000000274711));
#5844=CARTESIAN_POINT('',(1.1,1.65000000000001,0.250000000274712));
#5845=CARTESIAN_POINT('Origin',(1.3,0.300000000000001,0.250000000274711));
#5846=CARTESIAN_POINT('',(1.1,0.3,0.830000000274719));
#5847=CARTESIAN_POINT('',(1.1,0.3,0.395000000274713));
#5848=CARTESIAN_POINT('',(1.3,0.3,0.830000000274719));
#5849=CARTESIAN_POINT('',(1.3,0.3,0.830000000274719));
#5850=CARTESIAN_POINT('',(1.3,0.3,0.830000000274719));
#5851=CARTESIAN_POINT('Origin',(1.1,2.10000000000001,0.));
#5852=CARTESIAN_POINT('',(1.1,2.10000000000001,0.));
#5853=CARTESIAN_POINT('',(1.1,2.10000000000001,0.83));
#5854=CARTESIAN_POINT('',(1.1,2.10000000000001,0.));
#5855=CARTESIAN_POINT('',(1.1,1.75,0.));
#5856=CARTESIAN_POINT('',(1.1,2.10000000000001,0.));
#5857=CARTESIAN_POINT('',(1.1,1.75,0.));
#5858=CARTESIAN_POINT('',(1.1,2.10000000000001,0.83));
#5859=CARTESIAN_POINT('Origin',(1.3,2.10000000000001,0.));
#5860=CARTESIAN_POINT('',(1.3,2.10000000000001,0.));
#5861=CARTESIAN_POINT('',(1.3,2.10000000000001,0.83));
#5862=CARTESIAN_POINT('',(1.3,2.10000000000001,0.));
#5863=CARTESIAN_POINT('',(1.3,2.10000000000001,0.));
#5864=CARTESIAN_POINT('',(1.3,2.10000000000001,0.83));
#5865=CARTESIAN_POINT('Origin',(1.3,1.75,0.));
#5866=CARTESIAN_POINT('',(1.3,1.75,0.));
#5867=CARTESIAN_POINT('',(1.3,1.75,0.));
#5868=CARTESIAN_POINT('',(1.3,1.75,0.));
#5869=CARTESIAN_POINT('',(1.3,2.10000000000001,0.830000000274719));
#5870=CARTESIAN_POINT('Origin',(1.1,1.75,0.));
#5871=CARTESIAN_POINT('',(1.1,1.75,0.));
#5872=CARTESIAN_POINT('Origin',(1.2,1.92500000000001,0.83));
#5873=CARTESIAN_POINT('Origin',(1.2,1.92500000000001,0.));
#5874=CARTESIAN_POINT('Origin',(0.1,2.10000000000001,0.250000000274712));
#5875=CARTESIAN_POINT('',(0.1,1.75,0.250000000274712));
#5876=CARTESIAN_POINT('',(-0.0999999999999997,1.75,0.250000000274712));
#5877=CARTESIAN_POINT('',(2.77555756156289E-16,1.75,0.250000000274712));
#5878=CARTESIAN_POINT('',(0.1,0.300000000000001,0.250000000274711));
#5879=CARTESIAN_POINT('',(0.1,0.300000000000001,0.250000000274711));
#5880=CARTESIAN_POINT('',(-0.0999999999999997,0.300000000000001,0.250000000274711));
#5881=CARTESIAN_POINT('',(0.1,0.300000000000001,0.250000000274711));
#5882=CARTESIAN_POINT('',(-0.0999999999999997,1.65000000000001,0.250000000274712));
#5883=CARTESIAN_POINT('Origin',(0.1,0.300000000000001,0.250000000274711));
#5884=CARTESIAN_POINT('',(-0.0999999999999997,0.3,0.830000000274719));
#5885=CARTESIAN_POINT('',(-0.0999999999999997,0.3,0.395000000274713));
#5886=CARTESIAN_POINT('',(0.1,0.3,0.830000000274719));
#5887=CARTESIAN_POINT('',(0.1,0.3,0.830000000274719));
#5888=CARTESIAN_POINT('',(0.1,0.3,0.830000000274719));
#5889=CARTESIAN_POINT('Origin',(0.1,2.10000000000001,0.));
#5890=CARTESIAN_POINT('',(0.1,2.10000000000001,0.));
#5891=CARTESIAN_POINT('',(0.1,2.10000000000001,0.83));
#5892=CARTESIAN_POINT('',(0.1,2.10000000000001,0.));
#5893=CARTESIAN_POINT('',(-0.0999999999999996,2.10000000000001,0.));
#5894=CARTESIAN_POINT('',(0.1,2.10000000000001,0.));
#5895=CARTESIAN_POINT('',(-0.0999999999999996,2.10000000000001,0.83));
#5896=CARTESIAN_POINT('',(-0.0999999999999996,2.10000000000001,0.));
#5897=CARTESIAN_POINT('',(0.1,2.10000000000001,0.83));
#5898=CARTESIAN_POINT('Origin',(0.1,1.75,0.));
#5899=CARTESIAN_POINT('',(0.1,1.75,0.));
#5900=CARTESIAN_POINT('',(0.1,1.75,0.));
#5901=CARTESIAN_POINT('',(0.1,1.75,0.));
#5902=CARTESIAN_POINT('',(0.1,2.10000000000001,0.830000000274719));
#5903=CARTESIAN_POINT('Origin',(-0.0999999999999997,1.75,0.));
#5904=CARTESIAN_POINT('',(-0.0999999999999997,1.75,0.));
#5905=CARTESIAN_POINT('',(-0.0999999999999997,1.75,0.));
#5906=CARTESIAN_POINT('',(-0.0999999999999997,1.75,0.));
#5907=CARTESIAN_POINT('Origin',(-0.0999999999999996,2.10000000000001,0.));
#5908=CARTESIAN_POINT('',(-0.0999999999999996,2.10000000000001,0.));
#5909=CARTESIAN_POINT('',(-0.0999999999999996,2.10000000000001,0.83));
#5910=CARTESIAN_POINT('Origin',(2.94902990916057E-16,1.92500000000001,0.83));
#5911=CARTESIAN_POINT('Origin',(2.94902990916057E-16,1.92500000000001,0.));
#5912=CARTESIAN_POINT('Origin',(-1.1,2.10000000000001,0.250000000274712));
#5913=CARTESIAN_POINT('',(-1.1,1.75,0.250000000274712));
#5914=CARTESIAN_POINT('',(-1.3,1.75,0.250000000274712));
#5915=CARTESIAN_POINT('',(-1.2,1.75,0.250000000274712));
#5916=CARTESIAN_POINT('',(-1.1,0.3,0.250000000274711));
#5917=CARTESIAN_POINT('',(-1.1,0.3,0.250000000274711));
#5918=CARTESIAN_POINT('',(-1.3,0.3,0.250000000274711));
#5919=CARTESIAN_POINT('',(-1.1,0.3,0.250000000274711));
#5920=CARTESIAN_POINT('',(-1.3,1.65000000000001,0.250000000274712));
#5921=CARTESIAN_POINT('Origin',(-1.1,0.3,0.250000000274711));
#5922=CARTESIAN_POINT('',(-1.3,0.3,0.830000000274719));
#5923=CARTESIAN_POINT('',(-1.3,0.3,0.395000000274713));
#5924=CARTESIAN_POINT('',(-1.1,0.3,0.830000000274719));
#5925=CARTESIAN_POINT('',(-1.1,0.3,0.830000000274719));
#5926=CARTESIAN_POINT('',(-1.1,0.3,0.830000000274719));
#5927=CARTESIAN_POINT('Origin',(-1.3,1.75,0.));
#5928=CARTESIAN_POINT('',(-1.3,1.75,0.));
#5929=CARTESIAN_POINT('',(-1.3,1.75,0.));
#5930=CARTESIAN_POINT('',(-1.1,1.75,0.));
#5931=CARTESIAN_POINT('',(-1.3,1.75,0.));
#5932=CARTESIAN_POINT('',(-1.1,1.75,0.));
#5933=CARTESIAN_POINT('Origin',(-1.3,2.10000000000001,0.));
#5934=CARTESIAN_POINT('',(-1.3,2.10000000000001,0.));
#5935=CARTESIAN_POINT('',(-1.3,2.10000000000001,0.83));
#5936=CARTESIAN_POINT('',(-1.3,2.10000000000001,0.));
#5937=CARTESIAN_POINT('',(-1.3,2.10000000000001,0.));
#5938=CARTESIAN_POINT('',(-1.3,2.10000000000001,0.83));
#5939=CARTESIAN_POINT('Origin',(-1.1,2.10000000000001,0.));
#5940=CARTESIAN_POINT('',(-1.1,2.10000000000001,0.));
#5941=CARTESIAN_POINT('',(-1.1,2.10000000000001,0.83));
#5942=CARTESIAN_POINT('',(-1.1,2.10000000000001,0.));
#5943=CARTESIAN_POINT('',(-1.1,2.10000000000001,0.));
#5944=CARTESIAN_POINT('',(-1.1,2.10000000000001,0.83));
#5945=CARTESIAN_POINT('Origin',(-1.1,1.75,0.));
#5946=CARTESIAN_POINT('',(-1.1,1.75,0.));
#5947=CARTESIAN_POINT('',(-1.1,2.10000000000001,0.830000000274719));
#5948=CARTESIAN_POINT('Origin',(-1.2,1.92500000000001,0.83));
#5949=CARTESIAN_POINT('Origin',(-1.2,1.92500000000001,0.));
#5950=CARTESIAN_POINT('',(0.,0.,0.));
#5951=CARTESIAN_POINT('Origin',(2.25,-1.80000000054946,0.05));
#5952=CARTESIAN_POINT('',(2.4,-1.75000000054946,0.));
#5953=CARTESIAN_POINT('',(2.4,-1.85000000054946,0.1));
#5954=CARTESIAN_POINT('',(2.4,-1.80000000054946,0.05));
#5955=CARTESIAN_POINT('',(2.2,-1.85000000054947,0.1));
#5956=CARTESIAN_POINT('',(2.25,-1.85000000054947,0.1));
#5957=CARTESIAN_POINT('',(2.2,-1.75000000054947,0.));
#5958=CARTESIAN_POINT('',(2.2,-1.7250000004121,-0.0250000001373654));
#5959=CARTESIAN_POINT('',(2.25,-1.75000000054947,0.));
#5960=CARTESIAN_POINT('Origin',(2.3,-1.70000000027473,0.));
#5961=CARTESIAN_POINT('',(2.2,-1.65,0.));
#5962=CARTESIAN_POINT('',(2.2,-1.55,0.));
#5963=CARTESIAN_POINT('',(2.4,-1.65,0.));
#5964=CARTESIAN_POINT('',(2.35,-1.65,0.));
#5965=CARTESIAN_POINT('',(2.4,-1.85000000054946,0.));
#5966=CARTESIAN_POINT('Origin',(2.2,-1.55,0.));
#5967=CARTESIAN_POINT('',(2.2,-1.85000000054947,1.2));
#5968=CARTESIAN_POINT('',(2.2,-1.85000000054947,0.));
#5969=CARTESIAN_POINT('',(2.2,-1.55,1.2));
#5970=CARTESIAN_POINT('',(2.2,-1.55,1.2));
#5971=CARTESIAN_POINT('',(2.2,-1.55,0.1));
#5972=CARTESIAN_POINT('',(2.2,-1.55,0.));
#5973=CARTESIAN_POINT('',(2.2,-1.6,0.0500000000000002));
#5974=CARTESIAN_POINT('Origin',(2.35,-1.6,0.05));
#5975=CARTESIAN_POINT('',(2.4,-1.55,0.1));
#5976=CARTESIAN_POINT('',(2.35,-1.55,0.1));
#5977=CARTESIAN_POINT('',(2.4,-1.67500000013737,-0.0250000001373652));
#5978=CARTESIAN_POINT('Origin',(2.4,-1.55,0.));
#5979=CARTESIAN_POINT('',(2.4,-1.55,1.2));
#5980=CARTESIAN_POINT('',(2.4,-1.55,1.2));
#5981=CARTESIAN_POINT('',(2.4,-1.55,0.));
#5982=CARTESIAN_POINT('Origin',(2.2,-1.85000000054947,0.));
#5983=CARTESIAN_POINT('',(2.4,-1.85000000054946,1.2));
#5984=CARTESIAN_POINT('',(2.4,-1.85000000054946,0.));
#5985=CARTESIAN_POINT('',(2.2,-1.85000000054947,1.2));
#5986=CARTESIAN_POINT('Origin',(2.4,-1.85000000054946,0.));
#5987=CARTESIAN_POINT('',(2.4,-1.85000000054946,1.2));
#5988=CARTESIAN_POINT('Origin',(2.3,-1.70000000027473,1.2));
#5989=CARTESIAN_POINT('Origin',(-2.25,-1.6,0.05));
#5990=CARTESIAN_POINT('',(-2.4,-1.65,0.));
#5991=CARTESIAN_POINT('',(-2.4,-1.55,0.1));
#5992=CARTESIAN_POINT('',(-2.4,-1.6,0.0500000000000002));
#5993=CARTESIAN_POINT('',(-2.2,-1.55,0.1));
#5994=CARTESIAN_POINT('',(-2.25,-1.55,0.1));
#5995=CARTESIAN_POINT('',(-2.2,-1.65,0.));
#5996=CARTESIAN_POINT('',(-2.2,-1.67500000013737,-0.0250000001373652));
#5997=CARTESIAN_POINT('',(-2.25,-1.65,0.));
#5998=CARTESIAN_POINT('Origin',(-2.2,-1.55,0.));
#5999=CARTESIAN_POINT('',(-2.4,-1.55,1.2));
#6000=CARTESIAN_POINT('',(-2.4,-1.55,0.));
#6001=CARTESIAN_POINT('',(-2.2,-1.55,1.2));
#6002=CARTESIAN_POINT('',(-2.2,-1.55,1.2));
#6003=CARTESIAN_POINT('',(-2.2,-1.55,0.));
#6004=CARTESIAN_POINT('Origin',(-2.4,-1.55,0.));
#6005=CARTESIAN_POINT('',(-2.4,-1.75000000054946,0.));
#6006=CARTESIAN_POINT('',(-2.4,-1.55,0.));
#6007=CARTESIAN_POINT('',(-2.4,-1.85000000054947,0.1));
#6008=CARTESIAN_POINT('',(-2.4,-1.7250000004121,-0.0250000001373653));
#6009=CARTESIAN_POINT('',(-2.4,-1.85000000054947,1.2));
#6010=CARTESIAN_POINT('',(-2.4,-1.85000000054947,0.));
#6011=CARTESIAN_POINT('',(-2.4,-1.55,1.2));
#6012=CARTESIAN_POINT('Origin',(-2.35,-1.80000000054946,0.05));
#6013=CARTESIAN_POINT('',(-2.2,-1.75000000054946,0.));
#6014=CARTESIAN_POINT('',(-2.2,-1.85000000054946,0.1));
#6015=CARTESIAN_POINT('',(-2.2,-1.80000000054946,0.0500000000000001));
#6016=CARTESIAN_POINT('',(-2.35,-1.85000000054947,0.1));
#6017=CARTESIAN_POINT('',(-2.35,-1.75000000054946,0.));
#6018=CARTESIAN_POINT('Origin',(-2.4,-1.85000000054947,0.));
#6019=CARTESIAN_POINT('',(-2.2,-1.85000000054946,1.2));
#6020=CARTESIAN_POINT('',(-2.2,-1.85000000054946,0.));
#6021=CARTESIAN_POINT('',(-2.4,-1.85000000054947,1.2));
#6022=CARTESIAN_POINT('Origin',(-2.2,-1.85000000054946,0.));
#6023=CARTESIAN_POINT('',(-2.2,-1.85000000054946,1.2));
#6024=CARTESIAN_POINT('',(-2.2,-1.85000000054946,0.));
#6025=CARTESIAN_POINT('Origin',(-2.3,-1.70000000027473,1.2));
#6026=CARTESIAN_POINT('Origin',(-2.3,-1.70000000027473,0.));
#6027=CARTESIAN_POINT('',(0.,0.,0.));
#6028=CARTESIAN_POINT('Ctrl Pts',(-6.62541302442372,-3.77441774380396,0.));
#6029=CARTESIAN_POINT('Ctrl Pts',(-6.62541302442372,-3.77441774380396,0.003));
#6030=CARTESIAN_POINT('Ctrl Pts',(-6.62547587245315,-3.7740238631336,0.));
#6031=CARTESIAN_POINT('Ctrl Pts',(-6.62547587245315,-3.7740238631336,0.003));
#6032=CARTESIAN_POINT('Ctrl Pts',(-6.65347602438564,-3.77371205357027,0.));
#6033=CARTESIAN_POINT('Ctrl Pts',(-6.65347602438564,-3.77371205357027,0.003));
#6034=CARTESIAN_POINT('Ctrl Pts',(-6.688739775082,-3.77371368072747,0.));
#6035=CARTESIAN_POINT('Ctrl Pts',(-6.688739775082,-3.77371368072747,0.003));
#6036=CARTESIAN_POINT('',(-6.62541302442372,-3.77441774380396,0.));
#6037=CARTESIAN_POINT('',(-6.688739775082,-3.77371368072747,0.));
#6038=CARTESIAN_POINT('Ctrl Pts',(-6.62541302442372,-3.77441774380396,0.));
#6039=CARTESIAN_POINT('Ctrl Pts',(-6.62547587245315,-3.7740238631336,0.));
#6040=CARTESIAN_POINT('Ctrl Pts',(-6.65347602438564,-3.77371205357027,0.));
#6041=CARTESIAN_POINT('Ctrl Pts',(-6.688739775082,-3.77371368072747,0.));
#6042=CARTESIAN_POINT('',(-6.688739775082,-3.77371368072747,0.003));
#6043=CARTESIAN_POINT('',(-6.688739775082,-3.77371368072747,0.));
#6044=CARTESIAN_POINT('',(-6.62541302442372,-3.77441774380396,0.003));
#6045=CARTESIAN_POINT('Ctrl Pts',(-6.62541302442372,-3.77441774380396,0.003));
#6046=CARTESIAN_POINT('Ctrl Pts',(-6.62547587245315,-3.7740238631336,0.003));
#6047=CARTESIAN_POINT('Ctrl Pts',(-6.65347602438564,-3.77371205357027,0.003));
#6048=CARTESIAN_POINT('Ctrl Pts',(-6.688739775082,-3.77371368072747,0.003));
#6049=CARTESIAN_POINT('',(-6.62541302442372,-3.77441774380396,0.));
#6050=CARTESIAN_POINT('Ctrl Pts',(-6.66002917829971,-3.94805825930884,0.));
#6051=CARTESIAN_POINT('Ctrl Pts',(-6.66002917829971,-3.94805825930884,0.003));
#6052=CARTESIAN_POINT('Ctrl Pts',(-6.64100838700943,-3.85303467329659,0.));
#6053=CARTESIAN_POINT('Ctrl Pts',(-6.64100838700943,-3.85303467329659,0.003));
#6054=CARTESIAN_POINT('Ctrl Pts',(-6.62544263030143,-3.77495434529079,0.));
#6055=CARTESIAN_POINT('Ctrl Pts',(-6.62544263030143,-3.77495434529079,0.003));
#6056=CARTESIAN_POINT('Ctrl Pts',(-6.62541302442372,-3.77441774380396,0.));
#6057=CARTESIAN_POINT('Ctrl Pts',(-6.62541302442372,-3.77441774380396,0.003));
#6058=CARTESIAN_POINT('',(-6.66002917829971,-3.94805825930884,0.));
#6059=CARTESIAN_POINT('Ctrl Pts',(-6.66002917829971,-3.94805825930884,0.));
#6060=CARTESIAN_POINT('Ctrl Pts',(-6.64100838700943,-3.85303467329659,0.));
#6061=CARTESIAN_POINT('Ctrl Pts',(-6.62544263030143,-3.77495434529079,0.));
#6062=CARTESIAN_POINT('Ctrl Pts',(-6.62541302442372,-3.77441774380396,0.));
#6063=CARTESIAN_POINT('',(-6.66002917829971,-3.94805825930884,0.003));
#6064=CARTESIAN_POINT('Ctrl Pts',(-6.66002917829971,-3.94805825930884,0.003));
#6065=CARTESIAN_POINT('Ctrl Pts',(-6.64100838700943,-3.85303467329659,0.003));
#6066=CARTESIAN_POINT('Ctrl Pts',(-6.62544263030143,-3.77495434529079,0.003));
#6067=CARTESIAN_POINT('Ctrl Pts',(-6.62541302442372,-3.77441774380396,0.003));
#6068=CARTESIAN_POINT('',(-6.66002917829971,-3.94805825930884,0.));
#6069=CARTESIAN_POINT('Ctrl Pts',(-6.69464514496634,-4.12205847010894,0.));
#6070=CARTESIAN_POINT('Ctrl Pts',(-6.69464514496634,-4.12205847010894,0.003));
#6071=CARTESIAN_POINT('Ctrl Pts',(-6.69464514496627,-4.12147203490886,0.));
#6072=CARTESIAN_POINT('Ctrl Pts',(-6.69464514496627,-4.12147203490886,0.003));
#6073=CARTESIAN_POINT('Ctrl Pts',(-6.67906795996633,-4.04317234729543,0.));
#6074=CARTESIAN_POINT('Ctrl Pts',(-6.67906795996633,-4.04317234729543,0.003));
#6075=CARTESIAN_POINT('Ctrl Pts',(-6.66002917829971,-3.94805825930884,0.));
#6076=CARTESIAN_POINT('Ctrl Pts',(-6.66002917829971,-3.94805825930884,0.003));
#6077=CARTESIAN_POINT('',(-6.69464514496634,-4.12205847010894,0.));
#6078=CARTESIAN_POINT('Ctrl Pts',(-6.69464514496634,-4.12205847010894,0.));
#6079=CARTESIAN_POINT('Ctrl Pts',(-6.69464514496627,-4.12147203490886,0.));
#6080=CARTESIAN_POINT('Ctrl Pts',(-6.67906795996633,-4.04317234729543,0.));
#6081=CARTESIAN_POINT('Ctrl Pts',(-6.66002917829971,-3.94805825930884,0.));
#6082=CARTESIAN_POINT('',(-6.69464514496634,-4.12205847010894,0.003));
#6083=CARTESIAN_POINT('Ctrl Pts',(-6.69464514496634,-4.12205847010894,0.003));
#6084=CARTESIAN_POINT('Ctrl Pts',(-6.69464514496627,-4.12147203490886,0.003));
#6085=CARTESIAN_POINT('Ctrl Pts',(-6.67906795996633,-4.04317234729543,0.003));
#6086=CARTESIAN_POINT('Ctrl Pts',(-6.66002917829971,-3.94805825930884,0.003));
#6087=CARTESIAN_POINT('',(-6.69464514496634,-4.12205847010894,0.));
#6088=CARTESIAN_POINT('Ctrl Pts',(-6.65260344257971,-4.12312545637536,0.));
#6089=CARTESIAN_POINT('Ctrl Pts',(-6.65260344257971,-4.12312545637536,0.003));
#6090=CARTESIAN_POINT('Ctrl Pts',(-6.68672175385116,-4.12312545661152,0.));
#6091=CARTESIAN_POINT('Ctrl Pts',(-6.68672175385116,-4.12312545661152,0.003));
#6092=CARTESIAN_POINT('Ctrl Pts',(-6.694645144992,-4.12292443942076,0.));
#6093=CARTESIAN_POINT('Ctrl Pts',(-6.694645144992,-4.12292443942076,0.003));
#6094=CARTESIAN_POINT('Ctrl Pts',(-6.69464514496634,-4.12205847010894,0.));
#6095=CARTESIAN_POINT('Ctrl Pts',(-6.69464514496634,-4.12205847010894,0.003));
#6096=CARTESIAN_POINT('',(-6.65260344257971,-4.12312545637536,0.));
#6097=CARTESIAN_POINT('Ctrl Pts',(-6.65260344257971,-4.12312545637536,0.));
#6098=CARTESIAN_POINT('Ctrl Pts',(-6.68672175385116,-4.12312545661152,0.));
#6099=CARTESIAN_POINT('Ctrl Pts',(-6.694645144992,-4.12292443942076,0.));
#6100=CARTESIAN_POINT('Ctrl Pts',(-6.69464514496634,-4.12205847010894,0.));
#6101=CARTESIAN_POINT('',(-6.65260344257971,-4.12312545637536,0.003));
#6102=CARTESIAN_POINT('Ctrl Pts',(-6.65260344257971,-4.12312545637536,0.003));
#6103=CARTESIAN_POINT('Ctrl Pts',(-6.68672175385116,-4.12312545661152,0.003));
#6104=CARTESIAN_POINT('Ctrl Pts',(-6.694645144992,-4.12292443942076,0.003));
#6105=CARTESIAN_POINT('Ctrl Pts',(-6.69464514496634,-4.12205847010894,0.003));
#6106=CARTESIAN_POINT('',(-6.65260344257971,-4.12312545637536,0.));
#6107=CARTESIAN_POINT('Origin',(-6.61056174019308,-4.12312545637536,0.));
#6108=CARTESIAN_POINT('',(-6.61056174019308,-4.12312545637536,0.));
#6109=CARTESIAN_POINT('',(-6.61056174019308,-4.12312545637536,0.));
#6110=CARTESIAN_POINT('',(-6.61056174019308,-4.12312545637536,0.003));
#6111=CARTESIAN_POINT('',(-6.61056174019308,-4.12312545637536,0.003));
#6112=CARTESIAN_POINT('',(-6.61056174019308,-4.12312545637536,0.));
#6113=CARTESIAN_POINT('Origin',(-6.61096217769537,-4.12522025177957,0.));
#6114=CARTESIAN_POINT('',(-6.61096217769537,-4.12522025177957,0.));
#6115=CARTESIAN_POINT('',(-6.61096217769537,-4.12522025177957,0.));
#6116=CARTESIAN_POINT('',(-6.61096217769537,-4.12522025177957,0.003));
#6117=CARTESIAN_POINT('',(-6.61096217769537,-4.12522025177957,0.003));
#6118=CARTESIAN_POINT('',(-6.61096217769537,-4.12522025177957,0.));
#6119=CARTESIAN_POINT('Origin',(-6.62416462593263,-4.19154281492631,0.));
#6120=CARTESIAN_POINT('',(-6.62416462593263,-4.19154281492631,0.));
#6121=CARTESIAN_POINT('',(-6.62416462593263,-4.19154281492631,0.));
#6122=CARTESIAN_POINT('',(-6.62416462593263,-4.19154281492631,0.003));
#6123=CARTESIAN_POINT('',(-6.62416462593263,-4.19154281492631,0.003));
#6124=CARTESIAN_POINT('',(-6.62416462593263,-4.19154281492631,0.));
#6125=CARTESIAN_POINT('Origin',(-6.77226394873274,-4.19154281492631,0.));
#6126=CARTESIAN_POINT('',(-6.77226394873274,-4.19154281492631,0.));
#6127=CARTESIAN_POINT('',(-6.77226394873274,-4.19154281492631,0.));
#6128=CARTESIAN_POINT('',(-6.77226394873274,-4.19154281492631,0.003));
#6129=CARTESIAN_POINT('',(-6.77226394873274,-4.19154281492631,0.003));
#6130=CARTESIAN_POINT('',(-6.77226394873274,-4.19154281492631,0.));
#6131=CARTESIAN_POINT('Ctrl Pts',(-6.91995602486611,-4.19011745159273,0.));
#6132=CARTESIAN_POINT('Ctrl Pts',(-6.91995602486611,-4.19011745159273,0.003));
#6133=CARTESIAN_POINT('Ctrl Pts',(-6.92034698166597,-4.19147122096207,0.));
#6134=CARTESIAN_POINT('Ctrl Pts',(-6.92034698166597,-4.19147122096207,0.003));
#6135=CARTESIAN_POINT('Ctrl Pts',(-6.91292694739917,-4.19154281492634,0.));
#6136=CARTESIAN_POINT('Ctrl Pts',(-6.91292694739917,-4.19154281492634,0.003));
#6137=CARTESIAN_POINT('Ctrl Pts',(-6.77226394873274,-4.19154281492631,0.));
#6138=CARTESIAN_POINT('Ctrl Pts',(-6.77226394873274,-4.19154281492631,0.003));
#6139=CARTESIAN_POINT('',(-6.91995602486611,-4.19011745159273,0.));
#6140=CARTESIAN_POINT('Ctrl Pts',(-6.91995602486611,-4.19011745159273,0.));
#6141=CARTESIAN_POINT('Ctrl Pts',(-6.92034698166597,-4.19147122096207,0.));
#6142=CARTESIAN_POINT('Ctrl Pts',(-6.91292694739917,-4.19154281492634,0.));
#6143=CARTESIAN_POINT('Ctrl Pts',(-6.77226394873274,-4.19154281492631,0.));
#6144=CARTESIAN_POINT('',(-6.91995602486611,-4.19011745159273,0.003));
#6145=CARTESIAN_POINT('Ctrl Pts',(-6.91995602486611,-4.19011745159273,0.003));
#6146=CARTESIAN_POINT('Ctrl Pts',(-6.92034698166597,-4.19147122096207,0.003));
#6147=CARTESIAN_POINT('Ctrl Pts',(-6.91292694739917,-4.19154281492634,0.003));
#6148=CARTESIAN_POINT('Ctrl Pts',(-6.77226394873274,-4.19154281492631,0.003));
#6149=CARTESIAN_POINT('',(-6.91995602486611,-4.19011745159273,0.));
#6150=CARTESIAN_POINT('Ctrl Pts',(-6.9133368818939,-4.1573340949261,0.));
#6151=CARTESIAN_POINT('Ctrl Pts',(-6.9133368818939,-4.1573340949261,0.003));
#6152=CARTESIAN_POINT('Ctrl Pts',(-6.91674977185936,-4.17458099125947,0.));
#6153=CARTESIAN_POINT('Ctrl Pts',(-6.91674977185936,-4.17458099125947,0.003));
#6154=CARTESIAN_POINT('Ctrl Pts',(-6.91972837397946,-4.18933350175942,0.));
#6155=CARTESIAN_POINT('Ctrl Pts',(-6.91972837397946,-4.18933350175942,0.003));
#6156=CARTESIAN_POINT('Ctrl Pts',(-6.91995602486611,-4.19011745159273,0.));
#6157=CARTESIAN_POINT('Ctrl Pts',(-6.91995602486611,-4.19011745159273,0.003));
#6158=CARTESIAN_POINT('',(-6.9133368818939,-4.1573340949261,0.));
#6159=CARTESIAN_POINT('Ctrl Pts',(-6.9133368818939,-4.1573340949261,0.));
#6160=CARTESIAN_POINT('Ctrl Pts',(-6.91674977185936,-4.17458099125947,0.));
#6161=CARTESIAN_POINT('Ctrl Pts',(-6.91972837397946,-4.18933350175942,0.));
#6162=CARTESIAN_POINT('Ctrl Pts',(-6.91995602486611,-4.19011745159273,0.));
#6163=CARTESIAN_POINT('',(-6.9133368818939,-4.1573340949261,0.003));
#6164=CARTESIAN_POINT('Ctrl Pts',(-6.9133368818939,-4.1573340949261,0.003));
#6165=CARTESIAN_POINT('Ctrl Pts',(-6.91674977185936,-4.17458099125947,0.003));
#6166=CARTESIAN_POINT('Ctrl Pts',(-6.91972837397946,-4.18933350175942,0.003));
#6167=CARTESIAN_POINT('Ctrl Pts',(-6.91995602486611,-4.19011745159273,0.003));
#6168=CARTESIAN_POINT('',(-6.9133368818939,-4.1573340949261,0.));
#6169=CARTESIAN_POINT('Ctrl Pts',(-6.906717738922,-4.12455073825947,0.));
#6170=CARTESIAN_POINT('Ctrl Pts',(-6.906717738922,-4.12455073825947,0.003));
#6171=CARTESIAN_POINT('Ctrl Pts',(-6.90694538980874,-4.1253342808463,0.));
#6172=CARTESIAN_POINT('Ctrl Pts',(-6.90694538980874,-4.1253342808463,0.003));
#6173=CARTESIAN_POINT('Ctrl Pts',(-6.90992399192849,-4.14008719859267,0.));
#6174=CARTESIAN_POINT('Ctrl Pts',(-6.90992399192849,-4.14008719859267,0.003));
#6175=CARTESIAN_POINT('Ctrl Pts',(-6.9133368818939,-4.1573340949261,0.));
#6176=CARTESIAN_POINT('Ctrl Pts',(-6.9133368818939,-4.1573340949261,0.003));
#6177=CARTESIAN_POINT('',(-6.906717738922,-4.12455073825947,0.));
#6178=CARTESIAN_POINT('Ctrl Pts',(-6.906717738922,-4.12455073825947,0.));
#6179=CARTESIAN_POINT('Ctrl Pts',(-6.90694538980874,-4.1253342808463,0.));
#6180=CARTESIAN_POINT('Ctrl Pts',(-6.90992399192849,-4.14008719859267,0.));
#6181=CARTESIAN_POINT('Ctrl Pts',(-6.9133368818939,-4.1573340949261,0.));
#6182=CARTESIAN_POINT('',(-6.906717738922,-4.12455073825947,0.003));
#6183=CARTESIAN_POINT('Ctrl Pts',(-6.906717738922,-4.12455073825947,0.003));
#6184=CARTESIAN_POINT('Ctrl Pts',(-6.90694538980874,-4.1253342808463,0.003));
#6185=CARTESIAN_POINT('Ctrl Pts',(-6.90992399192849,-4.14008719859267,0.003));
#6186=CARTESIAN_POINT('Ctrl Pts',(-6.9133368818939,-4.1573340949261,0.003));
#6187=CARTESIAN_POINT('',(-6.906717738922,-4.12455073825947,0.));
#6188=CARTESIAN_POINT('Ctrl Pts',(-6.864208517362,-4.12312154680757,0.));
#6189=CARTESIAN_POINT('Ctrl Pts',(-6.864208517362,-4.12312154680757,0.003));
#6190=CARTESIAN_POINT('Ctrl Pts',(-6.90359684481662,-4.12312513057809,0.));
#6191=CARTESIAN_POINT('Ctrl Pts',(-6.90359684481662,-4.12312513057809,0.003));
#6192=CARTESIAN_POINT('Ctrl Pts',(-6.90633052879146,-4.12321700542628,0.));
#6193=CARTESIAN_POINT('Ctrl Pts',(-6.90633052879146,-4.12321700542628,0.003));
#6194=CARTESIAN_POINT('Ctrl Pts',(-6.906717738922,-4.12455073825947,0.));
#6195=CARTESIAN_POINT('Ctrl Pts',(-6.906717738922,-4.12455073825947,0.003));
#6196=CARTESIAN_POINT('',(-6.864208517362,-4.12312154680757,0.));
#6197=CARTESIAN_POINT('Ctrl Pts',(-6.864208517362,-4.12312154680757,0.));
#6198=CARTESIAN_POINT('Ctrl Pts',(-6.90359684481662,-4.12312513057809,0.));
#6199=CARTESIAN_POINT('Ctrl Pts',(-6.90633052879146,-4.12321700542628,0.));
#6200=CARTESIAN_POINT('Ctrl Pts',(-6.906717738922,-4.12455073825947,0.));
#6201=CARTESIAN_POINT('',(-6.864208517362,-4.12312154680757,0.003));
#6202=CARTESIAN_POINT('Ctrl Pts',(-6.864208517362,-4.12312154680757,0.003));
#6203=CARTESIAN_POINT('Ctrl Pts',(-6.90359684481662,-4.12312513057809,0.003));
#6204=CARTESIAN_POINT('Ctrl Pts',(-6.90633052879146,-4.12321700542628,0.003));
#6205=CARTESIAN_POINT('Ctrl Pts',(-6.906717738922,-4.12455073825947,0.003));
#6206=CARTESIAN_POINT('',(-6.864208517362,-4.12312154680757,0.));
#6207=CARTESIAN_POINT('Origin',(-6.82211305841527,-4.12311747434084,0.));
#6208=CARTESIAN_POINT('',(-6.82211305841527,-4.12311747434084,0.));
#6209=CARTESIAN_POINT('',(-6.82211305841527,-4.12311747434084,0.));
#6210=CARTESIAN_POINT('',(-6.82211305841527,-4.12311747434084,0.003));
#6211=CARTESIAN_POINT('',(-6.82211305841527,-4.12311747434084,0.003));
#6212=CARTESIAN_POINT('',(-6.82211305841527,-4.12311747434084,0.));
#6213=CARTESIAN_POINT('Origin',(-6.75206663174853,-3.77371612420757,0.));
#6214=CARTESIAN_POINT('',(-6.75206663174853,-3.77371612420757,0.));
#6215=CARTESIAN_POINT('',(-6.75206663174853,-3.77371612420757,0.));
#6216=CARTESIAN_POINT('',(-6.75206663174853,-3.77371612420757,0.003));
#6217=CARTESIAN_POINT('',(-6.75206663174853,-3.77371612420757,0.003));
#6218=CARTESIAN_POINT('',(-6.75206663174853,-3.77371612420757,0.));
#6219=CARTESIAN_POINT('Origin',(-6.688739775082,-3.77371368072747,0.));
#6220=CARTESIAN_POINT('',(-6.688739775082,-3.77371368072747,0.));
#6221=CARTESIAN_POINT('',(-6.688739775082,-3.77371368072747,0.003));
#6222=CARTESIAN_POINT('Origin',(-6.76545436092952,-3.9826274342483,0.003));
#6223=CARTESIAN_POINT('Origin',(-6.76545436092952,-3.9826274342483,0.));
#6224=CARTESIAN_POINT('Ctrl Pts',(-6.0899684708236,-3.84904676370764,0.));
#6225=CARTESIAN_POINT('Ctrl Pts',(-6.0899684708236,-3.84904676370764,0.003));
#6226=CARTESIAN_POINT('Ctrl Pts',(-6.08694670055682,-3.84198640969684,0.));
#6227=CARTESIAN_POINT('Ctrl Pts',(-6.08694670055682,-3.84198640969684,0.003));
#6228=CARTESIAN_POINT('Ctrl Pts',(-6.08126886753028,-3.83839829778095,0.));
#6229=CARTESIAN_POINT('Ctrl Pts',(-6.08126886753028,-3.83839829778095,0.003));
#6230=CARTESIAN_POINT('Ctrl Pts',(-6.07188508983708,-3.83761942224111,0.));
#6231=CARTESIAN_POINT('Ctrl Pts',(-6.07188508983708,-3.83761942224111,0.003));
#6232=CARTESIAN_POINT('',(-6.0899684708236,-3.84904676370764,0.));
#6233=CARTESIAN_POINT('',(-6.07188508983708,-3.83761942224111,0.));
#6234=CARTESIAN_POINT('Ctrl Pts',(-6.0899684708236,-3.84904676370764,0.));
#6235=CARTESIAN_POINT('Ctrl Pts',(-6.08694670055682,-3.84198640969684,0.));
#6236=CARTESIAN_POINT('Ctrl Pts',(-6.08126886753028,-3.83839829778095,0.));
#6237=CARTESIAN_POINT('Ctrl Pts',(-6.07188508983708,-3.83761942224111,0.));
#6238=CARTESIAN_POINT('',(-6.07188508983708,-3.83761942224111,0.003));
#6239=CARTESIAN_POINT('',(-6.07188508983708,-3.83761942224111,0.));
#6240=CARTESIAN_POINT('',(-6.0899684708236,-3.84904676370764,0.003));
#6241=CARTESIAN_POINT('Ctrl Pts',(-6.0899684708236,-3.84904676370764,0.003));
#6242=CARTESIAN_POINT('Ctrl Pts',(-6.08694670055682,-3.84198640969684,0.003));
#6243=CARTESIAN_POINT('Ctrl Pts',(-6.08126886753028,-3.83839829778095,0.003));
#6244=CARTESIAN_POINT('Ctrl Pts',(-6.07188508983708,-3.83761942224111,0.003));
#6245=CARTESIAN_POINT('',(-6.0899684708236,-3.84904676370764,0.));
#6246=CARTESIAN_POINT('Ctrl Pts',(-6.12528082929023,-4.02171935037437,0.));
#6247=CARTESIAN_POINT('Ctrl Pts',(-6.12528082929023,-4.02171935037437,0.003));
#6248=CARTESIAN_POINT('Ctrl Pts',(-6.10662567230861,-3.92854131339197,0.));
#6249=CARTESIAN_POINT('Ctrl Pts',(-6.10662567230861,-3.92854131339197,0.003));
#6250=CARTESIAN_POINT('Ctrl Pts',(-6.09073534069392,-3.85083864905712,0.));
#6251=CARTESIAN_POINT('Ctrl Pts',(-6.09073534069392,-3.85083864905712,0.003));
#6252=CARTESIAN_POINT('Ctrl Pts',(-6.0899684708236,-3.84904676370764,0.));
#6253=CARTESIAN_POINT('Ctrl Pts',(-6.0899684708236,-3.84904676370764,0.003));
#6254=CARTESIAN_POINT('',(-6.12528082929023,-4.02171935037437,0.));
#6255=CARTESIAN_POINT('Ctrl Pts',(-6.12528082929023,-4.02171935037437,0.));
#6256=CARTESIAN_POINT('Ctrl Pts',(-6.10662567230861,-3.92854131339197,0.));
#6257=CARTESIAN_POINT('Ctrl Pts',(-6.09073534069392,-3.85083864905712,0.));
#6258=CARTESIAN_POINT('Ctrl Pts',(-6.0899684708236,-3.84904676370764,0.));
#6259=CARTESIAN_POINT('',(-6.12528082929023,-4.02171935037437,0.003));
#6260=CARTESIAN_POINT('Ctrl Pts',(-6.12528082929023,-4.02171935037437,0.003));
#6261=CARTESIAN_POINT('Ctrl Pts',(-6.10662567230861,-3.92854131339197,0.003));
#6262=CARTESIAN_POINT('Ctrl Pts',(-6.09073534069392,-3.85083864905712,0.003));
#6263=CARTESIAN_POINT('Ctrl Pts',(-6.0899684708236,-3.84904676370764,0.003));
#6264=CARTESIAN_POINT('',(-6.12528082929023,-4.02171935037437,0.));
#6265=CARTESIAN_POINT('Origin',(-6.15919877517023,-4.19113396370753,0.));
#6266=CARTESIAN_POINT('',(-6.15919877517023,-4.19113396370753,0.));
#6267=CARTESIAN_POINT('',(-6.15919877517023,-4.19113396370753,0.));
#6268=CARTESIAN_POINT('',(-6.15919877517023,-4.19113396370753,0.003));
#6269=CARTESIAN_POINT('',(-6.15919877517023,-4.19113396370753,0.003));
#6270=CARTESIAN_POINT('',(-6.15919877517023,-4.19113396370753,0.));
#6271=CARTESIAN_POINT('Origin',(-6.22248327818371,-4.19134257988517,0.));
#6272=CARTESIAN_POINT('',(-6.22248327818371,-4.19134257988517,0.));
#6273=CARTESIAN_POINT('',(-6.22248327818371,-4.19134257988517,0.));
#6274=CARTESIAN_POINT('',(-6.22248327818371,-4.19134257988517,0.003));
#6275=CARTESIAN_POINT('',(-6.22248327818371,-4.19134257988517,0.003));
#6276=CARTESIAN_POINT('',(-6.22248327818371,-4.19134257988517,0.));
#6277=CARTESIAN_POINT('Ctrl Pts',(-6.28576778119687,-4.1905280865517,0.));
#6278=CARTESIAN_POINT('Ctrl Pts',(-6.28576778119687,-4.1905280865517,0.003));
#6279=CARTESIAN_POINT('Ctrl Pts',(-6.28576778119682,-4.19134225408787,0.));
#6280=CARTESIAN_POINT('Ctrl Pts',(-6.28576778119682,-4.19134225408787,0.003));
#6281=CARTESIAN_POINT('Ctrl Pts',(-6.2728434009837,-4.19150859806134,0.));
#6282=CARTESIAN_POINT('Ctrl Pts',(-6.2728434009837,-4.19150859806134,0.003));
#6283=CARTESIAN_POINT('Ctrl Pts',(-6.22248327818371,-4.19134257988517,0.));
#6284=CARTESIAN_POINT('Ctrl Pts',(-6.22248327818371,-4.19134257988517,0.003));
#6285=CARTESIAN_POINT('',(-6.28576778119687,-4.1905280865517,0.));
#6286=CARTESIAN_POINT('Ctrl Pts',(-6.28576778119687,-4.1905280865517,0.));
#6287=CARTESIAN_POINT('Ctrl Pts',(-6.28576778119682,-4.19134225408787,0.));
#6288=CARTESIAN_POINT('Ctrl Pts',(-6.2728434009837,-4.19150859806134,0.));
#6289=CARTESIAN_POINT('Ctrl Pts',(-6.22248327818371,-4.19134257988517,0.));
#6290=CARTESIAN_POINT('',(-6.28576778119687,-4.1905280865517,0.003));
#6291=CARTESIAN_POINT('Ctrl Pts',(-6.28576778119687,-4.1905280865517,0.003));
#6292=CARTESIAN_POINT('Ctrl Pts',(-6.28576778119682,-4.19134225408787,0.003));
#6293=CARTESIAN_POINT('Ctrl Pts',(-6.2728434009837,-4.19150859806134,0.003));
#6294=CARTESIAN_POINT('Ctrl Pts',(-6.22248327818371,-4.19134257988517,0.003));
#6295=CARTESIAN_POINT('',(-6.28576778119687,-4.1905280865517,0.));
#6296=CARTESIAN_POINT('Ctrl Pts',(-6.2119396619836,-3.82504049308517,0.));
#6297=CARTESIAN_POINT('Ctrl Pts',(-6.2119396619836,-3.82504049308517,0.003));
#6298=CARTESIAN_POINT('Ctrl Pts',(-6.2135808660501,-3.82939803241847,0.));
#6299=CARTESIAN_POINT('Ctrl Pts',(-6.2135808660501,-3.82939803241847,0.003));
#6300=CARTESIAN_POINT('Ctrl Pts',(-6.28576859569036,-4.18676765228109,0.));
#6301=CARTESIAN_POINT('Ctrl Pts',(-6.28576859569036,-4.18676765228109,0.003));
#6302=CARTESIAN_POINT('Ctrl Pts',(-6.28576778119687,-4.1905280865517,0.));
#6303=CARTESIAN_POINT('Ctrl Pts',(-6.28576778119687,-4.1905280865517,0.003));
#6304=CARTESIAN_POINT('',(-6.2119396619836,-3.82504049308517,0.));
#6305=CARTESIAN_POINT('Ctrl Pts',(-6.2119396619836,-3.82504049308517,0.));
#6306=CARTESIAN_POINT('Ctrl Pts',(-6.2135808660501,-3.82939803241847,0.));
#6307=CARTESIAN_POINT('Ctrl Pts',(-6.28576859569036,-4.18676765228109,0.));
#6308=CARTESIAN_POINT('Ctrl Pts',(-6.28576778119687,-4.1905280865517,0.));
#6309=CARTESIAN_POINT('',(-6.2119396619836,-3.82504049308517,0.003));
#6310=CARTESIAN_POINT('Ctrl Pts',(-6.2119396619836,-3.82504049308517,0.003));
#6311=CARTESIAN_POINT('Ctrl Pts',(-6.2135808660501,-3.82939803241847,0.003));
#6312=CARTESIAN_POINT('Ctrl Pts',(-6.28576859569036,-4.18676765228109,0.003));
#6313=CARTESIAN_POINT('Ctrl Pts',(-6.28576778119687,-4.1905280865517,0.003));
#6314=CARTESIAN_POINT('',(-6.2119396619836,-3.82504049308517,0.));
#6315=CARTESIAN_POINT('Ctrl Pts',(-6.1416627337036,-3.77502164299191,0.));
#6316=CARTESIAN_POINT('Ctrl Pts',(-6.19667575384655,-3.78440991440781,0.));
#6317=CARTESIAN_POINT('Ctrl Pts',(-6.2119396619836,-3.82504049308517,0.));
#6318=CARTESIAN_POINT('Ctrl Pts',(-6.1416627337036,-3.77502164299191,0.003));
#6319=CARTESIAN_POINT('Ctrl Pts',(-6.19667575384655,-3.78440991440781,0.003));
#6320=CARTESIAN_POINT('Ctrl Pts',(-6.2119396619836,-3.82504049308517,0.003));
#6321=CARTESIAN_POINT('',(-6.1416627337036,-3.77502164299191,0.));
#6322=CARTESIAN_POINT('Origin',(-6.12035656976069,-3.84439584311989,0.));
#6323=CARTESIAN_POINT('',(-6.1416627337036,-3.77502164299191,0.003));
#6324=CARTESIAN_POINT('Origin',(-6.12035656976069,-3.84439584311989,0.003));
#6325=CARTESIAN_POINT('',(-6.1416627337036,-3.77502164299191,0.));
#6326=CARTESIAN_POINT('Ctrl Pts',(-6.05043948037034,-3.77376211050096,0.));
#6327=CARTESIAN_POINT('Ctrl Pts',(-6.05043948037034,-3.77376211050096,0.003));
#6328=CARTESIAN_POINT('Ctrl Pts',(-6.12373410645037,-3.77371503278637,0.));
#6329=CARTESIAN_POINT('Ctrl Pts',(-6.12373410645037,-3.77371503278637,0.003));
#6330=CARTESIAN_POINT('Ctrl Pts',(-6.13492719963423,-3.77386962362115,0.));
#6331=CARTESIAN_POINT('Ctrl Pts',(-6.13492719963423,-3.77386962362115,0.003));
#6332=CARTESIAN_POINT('Ctrl Pts',(-6.1416627337036,-3.77502164299191,0.));
#6333=CARTESIAN_POINT('Ctrl Pts',(-6.1416627337036,-3.77502164299191,0.003));
#6334=CARTESIAN_POINT('',(-6.05043948037034,-3.77376211050096,0.));
#6335=CARTESIAN_POINT('Ctrl Pts',(-6.05043948037034,-3.77376211050096,0.));
#6336=CARTESIAN_POINT('Ctrl Pts',(-6.12373410645037,-3.77371503278637,0.));
#6337=CARTESIAN_POINT('Ctrl Pts',(-6.13492719963423,-3.77386962362115,0.));
#6338=CARTESIAN_POINT('Ctrl Pts',(-6.1416627337036,-3.77502164299191,0.));
#6339=CARTESIAN_POINT('',(-6.05043948037034,-3.77376211050096,0.003));
#6340=CARTESIAN_POINT('Ctrl Pts',(-6.05043948037034,-3.77376211050096,0.003));
#6341=CARTESIAN_POINT('Ctrl Pts',(-6.12373410645037,-3.77371503278637,0.003));
#6342=CARTESIAN_POINT('Ctrl Pts',(-6.13492719963423,-3.77386962362115,0.003));
#6343=CARTESIAN_POINT('Ctrl Pts',(-6.1416627337036,-3.77502164299191,0.003));
#6344=CARTESIAN_POINT('',(-6.05043948037034,-3.77376211050096,0.));
#6345=CARTESIAN_POINT('Ctrl Pts',(-5.96247265283287,-3.77500459564637,0.));
#6346=CARTESIAN_POINT('Ctrl Pts',(-5.96247265283287,-3.77500459564637,0.003));
#6347=CARTESIAN_POINT('Ctrl Pts',(-5.96620309578576,-3.77400089385966,0.));
#6348=CARTESIAN_POINT('Ctrl Pts',(-5.96620309578576,-3.77400089385966,0.003));
#6349=CARTESIAN_POINT('Ctrl Pts',(-5.9798949695906,-3.77380755592882,0.));
#6350=CARTESIAN_POINT('Ctrl Pts',(-5.9798949695906,-3.77380755592882,0.003));
#6351=CARTESIAN_POINT('Ctrl Pts',(-6.05043948037034,-3.77376211050096,0.));
#6352=CARTESIAN_POINT('Ctrl Pts',(-6.05043948037034,-3.77376211050096,0.003));
#6353=CARTESIAN_POINT('',(-5.96247265283287,-3.77500459564637,0.));
#6354=CARTESIAN_POINT('Ctrl Pts',(-5.96247265283287,-3.77500459564637,0.));
#6355=CARTESIAN_POINT('Ctrl Pts',(-5.96620309578576,-3.77400089385966,0.));
#6356=CARTESIAN_POINT('Ctrl Pts',(-5.9798949695906,-3.77380755592882,0.));
#6357=CARTESIAN_POINT('Ctrl Pts',(-6.05043948037034,-3.77376211050096,0.));
#6358=CARTESIAN_POINT('',(-5.96247265283287,-3.77500459564637,0.003));
#6359=CARTESIAN_POINT('Ctrl Pts',(-5.96247265283287,-3.77500459564637,0.003));
#6360=CARTESIAN_POINT('Ctrl Pts',(-5.96620309578576,-3.77400089385966,0.003));
#6361=CARTESIAN_POINT('Ctrl Pts',(-5.9798949695906,-3.77380755592882,0.003));
#6362=CARTESIAN_POINT('Ctrl Pts',(-6.05043948037034,-3.77376211050096,0.003));
#6363=CARTESIAN_POINT('',(-5.96247265283287,-3.77500459564637,0.));
#6364=CARTESIAN_POINT('Ctrl Pts',(-5.9324341386995,-3.79870227917974,0.));
#6365=CARTESIAN_POINT('Ctrl Pts',(-5.94194529232983,-3.78050028832826,0.));
#6366=CARTESIAN_POINT('Ctrl Pts',(-5.96247265283287,-3.77500459564637,0.));
#6367=CARTESIAN_POINT('Ctrl Pts',(-5.9324341386995,-3.79870227917974,0.003));
#6368=CARTESIAN_POINT('Ctrl Pts',(-5.94194529232983,-3.78050028832826,0.003));
#6369=CARTESIAN_POINT('Ctrl Pts',(-5.96247265283287,-3.77500459564637,0.003));
#6370=CARTESIAN_POINT('',(-5.9324341386995,-3.79870227917974,0.));
#6371=CARTESIAN_POINT('Origin',(-5.9564610080464,-3.7972429851722,0.));
#6372=CARTESIAN_POINT('',(-5.9324341386995,-3.79870227917974,0.003));
#6373=CARTESIAN_POINT('Origin',(-5.9564610080464,-3.7972429851722,0.003));
#6374=CARTESIAN_POINT('',(-5.9324341386995,-3.79870227917974,0.));
#6375=CARTESIAN_POINT('Ctrl Pts',(-5.92657646554497,-3.8211342400729,0.));
#6376=CARTESIAN_POINT('Ctrl Pts',(-5.92657646554497,-3.8211342400729,0.003));
#6377=CARTESIAN_POINT('Ctrl Pts',(-5.92657646513898,-3.81797490934791,0.));
#6378=CARTESIAN_POINT('Ctrl Pts',(-5.92657646513898,-3.81797490934791,0.003));
#6379=CARTESIAN_POINT('Ctrl Pts',(-5.92721789555867,-3.81393759168208,0.));
#6380=CARTESIAN_POINT('Ctrl Pts',(-5.92721789555867,-3.81393759168208,0.003));
#6381=CARTESIAN_POINT('Ctrl Pts',(-5.92932668416674,-3.80586198806086,0.));
#6382=CARTESIAN_POINT('Ctrl Pts',(-5.92932668416674,-3.80586198806086,0.003));
#6383=CARTESIAN_POINT('Ctrl Pts',(-5.93078785107145,-3.80184456568426,0.));
#6384=CARTESIAN_POINT('Ctrl Pts',(-5.93078785107145,-3.80184456568426,0.003));
#6385=CARTESIAN_POINT('Ctrl Pts',(-5.9324341386995,-3.79870227917974,0.));
#6386=CARTESIAN_POINT('Ctrl Pts',(-5.9324341386995,-3.79870227917974,0.003));
#6387=CARTESIAN_POINT('',(-5.92657646554497,-3.8211342400729,0.));
#6388=CARTESIAN_POINT('Ctrl Pts',(-5.92657646554497,-3.8211342400729,0.));
#6389=CARTESIAN_POINT('Ctrl Pts',(-5.92657646513898,-3.81797490934791,0.));
#6390=CARTESIAN_POINT('Ctrl Pts',(-5.92721789555867,-3.81393759168208,0.));
#6391=CARTESIAN_POINT('Ctrl Pts',(-5.92932668416674,-3.80586198806086,0.));
#6392=CARTESIAN_POINT('Ctrl Pts',(-5.93078785107145,-3.80184456568426,0.));
#6393=CARTESIAN_POINT('Ctrl Pts',(-5.9324341386995,-3.79870227917974,0.));
#6394=CARTESIAN_POINT('',(-5.92657646554497,-3.8211342400729,0.003));
#6395=CARTESIAN_POINT('Ctrl Pts',(-5.92657646554497,-3.8211342400729,0.003));
#6396=CARTESIAN_POINT('Ctrl Pts',(-5.92657646513898,-3.81797490934791,0.003));
#6397=CARTESIAN_POINT('Ctrl Pts',(-5.92721789555867,-3.81393759168208,0.003));
#6398=CARTESIAN_POINT('Ctrl Pts',(-5.92932668416674,-3.80586198806086,0.003));
#6399=CARTESIAN_POINT('Ctrl Pts',(-5.93078785107145,-3.80184456568426,0.003));
#6400=CARTESIAN_POINT('Ctrl Pts',(-5.9324341386995,-3.79870227917974,0.003));
#6401=CARTESIAN_POINT('',(-5.92657646554497,-3.8211342400729,0.));
#6402=CARTESIAN_POINT('Ctrl Pts',(-5.94410354758497,-3.91441001660616,0.));
#6403=CARTESIAN_POINT('Ctrl Pts',(-5.94410354758497,-3.91441001660616,0.003));
#6404=CARTESIAN_POINT('Ctrl Pts',(-5.94045217281721,-3.89859174178632,0.));
#6405=CARTESIAN_POINT('Ctrl Pts',(-5.94045217281721,-3.89859174178632,0.003));
#6406=CARTESIAN_POINT('Ctrl Pts',(-5.92657646549108,-3.82474619220908,0.));
#6407=CARTESIAN_POINT('Ctrl Pts',(-5.92657646549108,-3.82474619220908,0.003));
#6408=CARTESIAN_POINT('Ctrl Pts',(-5.92657646554497,-3.8211342400729,0.));
#6409=CARTESIAN_POINT('Ctrl Pts',(-5.92657646554497,-3.8211342400729,0.003));
#6410=CARTESIAN_POINT('',(-5.94410354758497,-3.91441001660616,0.));
#6411=CARTESIAN_POINT('Ctrl Pts',(-5.94410354758497,-3.91441001660616,0.));
#6412=CARTESIAN_POINT('Ctrl Pts',(-5.94045217281721,-3.89859174178632,0.));
#6413=CARTESIAN_POINT('Ctrl Pts',(-5.92657646549108,-3.82474619220908,0.));
#6414=CARTESIAN_POINT('Ctrl Pts',(-5.92657646554497,-3.8211342400729,0.));
#6415=CARTESIAN_POINT('',(-5.94410354758497,-3.91441001660616,0.003));
#6416=CARTESIAN_POINT('Ctrl Pts',(-5.94410354758497,-3.91441001660616,0.003));
#6417=CARTESIAN_POINT('Ctrl Pts',(-5.94045217281721,-3.89859174178632,0.003));
#6418=CARTESIAN_POINT('Ctrl Pts',(-5.92657646549108,-3.82474619220908,0.003));
#6419=CARTESIAN_POINT('Ctrl Pts',(-5.92657646554497,-3.8211342400729,0.003));
#6420=CARTESIAN_POINT('',(-5.94410354758497,-3.91441001660616,0.));
#6421=CARTESIAN_POINT('Origin',(-5.94452651397297,-3.91624262660616,0.));
#6422=CARTESIAN_POINT('',(-5.94452651397297,-3.91624262660616,0.));
#6423=CARTESIAN_POINT('',(-5.94452651397297,-3.91624262660616,0.));
#6424=CARTESIAN_POINT('',(-5.94452651397297,-3.91624262660616,0.003));
#6425=CARTESIAN_POINT('',(-5.94452651397297,-3.91624262660616,0.003));
#6426=CARTESIAN_POINT('',(-5.94452651397297,-3.91624262660616,0.));
#6427=CARTESIAN_POINT('Origin',(-6.00809608965297,-3.91624262660616,0.));
#6428=CARTESIAN_POINT('',(-6.00809608965297,-3.91624262660616,0.));
#6429=CARTESIAN_POINT('',(-6.00809608965297,-3.91624262660616,0.));
#6430=CARTESIAN_POINT('',(-6.00809608965297,-3.91624262660616,0.003));
#6431=CARTESIAN_POINT('',(-6.00809608965297,-3.91624262660616,0.003));
#6432=CARTESIAN_POINT('',(-6.00809608965297,-3.91624262660616,0.));
#6433=CARTESIAN_POINT('Ctrl Pts',(-6.07124375778624,-3.9148172632729,0.));
#6434=CARTESIAN_POINT('Ctrl Pts',(-6.07124375778624,-3.9148172632729,0.003));
#6435=CARTESIAN_POINT('Ctrl Pts',(-6.07164367401291,-3.91616622713146,0.));
#6436=CARTESIAN_POINT('Ctrl Pts',(-6.07164367401291,-3.91616622713146,0.003));
#6437=CARTESIAN_POINT('Ctrl Pts',(-6.06825701073286,-3.91624262660622,0.));
#6438=CARTESIAN_POINT('Ctrl Pts',(-6.06825701073286,-3.91624262660622,0.003));
#6439=CARTESIAN_POINT('Ctrl Pts',(-6.00809608965297,-3.91624262660616,0.));
#6440=CARTESIAN_POINT('Ctrl Pts',(-6.00809608965297,-3.91624262660616,0.003));
#6441=CARTESIAN_POINT('',(-6.07124375778624,-3.9148172632729,0.));
#6442=CARTESIAN_POINT('Ctrl Pts',(-6.07124375778624,-3.9148172632729,0.));
#6443=CARTESIAN_POINT('Ctrl Pts',(-6.07164367401291,-3.91616622713146,0.));
#6444=CARTESIAN_POINT('Ctrl Pts',(-6.06825701073286,-3.91624262660622,0.));
#6445=CARTESIAN_POINT('Ctrl Pts',(-6.00809608965297,-3.91624262660616,0.));
#6446=CARTESIAN_POINT('',(-6.07124375778624,-3.9148172632729,0.003));
#6447=CARTESIAN_POINT('Ctrl Pts',(-6.07124375778624,-3.9148172632729,0.003));
#6448=CARTESIAN_POINT('Ctrl Pts',(-6.07164367401291,-3.91616622713146,0.003));
#6449=CARTESIAN_POINT('Ctrl Pts',(-6.06825701073286,-3.91624262660622,0.003));
#6450=CARTESIAN_POINT('Ctrl Pts',(-6.00809608965297,-3.91624262660616,0.003));
#6451=CARTESIAN_POINT('',(-6.07124375778624,-3.9148172632729,0.));
#6452=CARTESIAN_POINT('Ctrl Pts',(-6.06460791770097,-3.88203390660627,0.));
#6453=CARTESIAN_POINT('Ctrl Pts',(-6.06460791770097,-3.88203390660627,0.003));
#6454=CARTESIAN_POINT('Ctrl Pts',(-6.06802520593046,-3.8992808029397,0.));
#6455=CARTESIAN_POINT('Ctrl Pts',(-6.06802520593046,-3.8992808029397,0.003));
#6456=CARTESIAN_POINT('Ctrl Pts',(-6.07101136654839,-3.91403331343966,0.));
#6457=CARTESIAN_POINT('Ctrl Pts',(-6.07101136654839,-3.91403331343966,0.003));
#6458=CARTESIAN_POINT('Ctrl Pts',(-6.07124375778624,-3.9148172632729,0.));
#6459=CARTESIAN_POINT('Ctrl Pts',(-6.07124375778624,-3.9148172632729,0.003));
#6460=CARTESIAN_POINT('',(-6.06460791770097,-3.88203390660627,0.));
#6461=CARTESIAN_POINT('Ctrl Pts',(-6.06460791770097,-3.88203390660627,0.));
#6462=CARTESIAN_POINT('Ctrl Pts',(-6.06802520593046,-3.8992808029397,0.));
#6463=CARTESIAN_POINT('Ctrl Pts',(-6.07101136654839,-3.91403331343966,0.));
#6464=CARTESIAN_POINT('Ctrl Pts',(-6.07124375778624,-3.9148172632729,0.));
#6465=CARTESIAN_POINT('',(-6.06460791770097,-3.88203390660627,0.003));
#6466=CARTESIAN_POINT('Ctrl Pts',(-6.06460791770097,-3.88203390660627,0.003));
#6467=CARTESIAN_POINT('Ctrl Pts',(-6.06802520593046,-3.8992808029397,0.003));
#6468=CARTESIAN_POINT('Ctrl Pts',(-6.07101136654839,-3.91403331343966,0.003));
#6469=CARTESIAN_POINT('Ctrl Pts',(-6.07124375778624,-3.9148172632729,0.003));
#6470=CARTESIAN_POINT('',(-6.06460791770097,-3.88203390660627,0.));
#6471=CARTESIAN_POINT('Ctrl Pts',(-6.06075340945034,-3.841420011033,0.));
#6472=CARTESIAN_POINT('Ctrl Pts',(-6.06075340945034,-3.841420011033,0.003));
#6473=CARTESIAN_POINT('Ctrl Pts',(-6.05773139483575,-3.84549166320625,0.));
#6474=CARTESIAN_POINT('Ctrl Pts',(-6.05773139483575,-3.84549166320625,0.003));
#6475=CARTESIAN_POINT('Ctrl Pts',(-6.05806607014618,-3.84901760484619,0.));
#6476=CARTESIAN_POINT('Ctrl Pts',(-6.05806607014618,-3.84901760484619,0.003));
#6477=CARTESIAN_POINT('Ctrl Pts',(-6.06460791770097,-3.88203390660627,0.));
#6478=CARTESIAN_POINT('Ctrl Pts',(-6.06460791770097,-3.88203390660627,0.003));
#6479=CARTESIAN_POINT('',(-6.06075340945034,-3.841420011033,0.));
#6480=CARTESIAN_POINT('Ctrl Pts',(-6.06075340945034,-3.841420011033,0.));
#6481=CARTESIAN_POINT('Ctrl Pts',(-6.05773139483575,-3.84549166320625,0.));
#6482=CARTESIAN_POINT('Ctrl Pts',(-6.05806607014618,-3.84901760484619,0.));
#6483=CARTESIAN_POINT('Ctrl Pts',(-6.06460791770097,-3.88203390660627,0.));
#6484=CARTESIAN_POINT('',(-6.06075340945034,-3.841420011033,0.003));
#6485=CARTESIAN_POINT('Ctrl Pts',(-6.06075340945034,-3.841420011033,0.003));
#6486=CARTESIAN_POINT('Ctrl Pts',(-6.05773139483575,-3.84549166320625,0.003));
#6487=CARTESIAN_POINT('Ctrl Pts',(-6.05806607014618,-3.84901760484619,0.003));
#6488=CARTESIAN_POINT('Ctrl Pts',(-6.06460791770097,-3.88203390660627,0.003));
#6489=CARTESIAN_POINT('',(-6.06075340945034,-3.841420011033,0.));
#6490=CARTESIAN_POINT('Ctrl Pts',(-6.07188508983708,-3.83761942224111,0.));
#6491=CARTESIAN_POINT('Ctrl Pts',(-6.07188508983708,-3.83761942224111,0.003));
#6492=CARTESIAN_POINT('Ctrl Pts',(-6.06564354597428,-3.83710132303169,0.));
#6493=CARTESIAN_POINT('Ctrl Pts',(-6.06564354597428,-3.83710132303169,0.003));
#6494=CARTESIAN_POINT('Ctrl Pts',(-6.06338715509292,-3.8378716708263,0.));
#6495=CARTESIAN_POINT('Ctrl Pts',(-6.06338715509292,-3.8378716708263,0.003));
#6496=CARTESIAN_POINT('Ctrl Pts',(-6.06075340945034,-3.841420011033,0.));
#6497=CARTESIAN_POINT('Ctrl Pts',(-6.06075340945034,-3.841420011033,0.003));
#6498=CARTESIAN_POINT('Ctrl Pts',(-6.07188508983708,-3.83761942224111,0.));
#6499=CARTESIAN_POINT('Ctrl Pts',(-6.06564354597428,-3.83710132303169,0.));
#6500=CARTESIAN_POINT('Ctrl Pts',(-6.06338715509292,-3.8378716708263,0.));
#6501=CARTESIAN_POINT('Ctrl Pts',(-6.06075340945034,-3.841420011033,0.));
#6502=CARTESIAN_POINT('Ctrl Pts',(-6.07188508983708,-3.83761942224111,0.003));
#6503=CARTESIAN_POINT('Ctrl Pts',(-6.06564354597428,-3.83710132303169,0.003));
#6504=CARTESIAN_POINT('Ctrl Pts',(-6.06338715509292,-3.8378716708263,0.003));
#6505=CARTESIAN_POINT('Ctrl Pts',(-6.06075340945034,-3.841420011033,0.003));
#6506=CARTESIAN_POINT('Origin',(-6.10617253041467,-3.98261181542385,0.003));
#6507=CARTESIAN_POINT('Origin',(-6.10617253041467,-3.98261181542385,0.));
#6508=CARTESIAN_POINT('Ctrl Pts',(-6.24144623052107,-3.82135602660763,0.));
#6509=CARTESIAN_POINT('Ctrl Pts',(-6.24144623052107,-3.82135602660763,0.003));
#6510=CARTESIAN_POINT('Ctrl Pts',(-6.24151790593416,-3.81257171600758,0.));
#6511=CARTESIAN_POINT('Ctrl Pts',(-6.24151790593416,-3.81257171600758,0.003));
#6512=CARTESIAN_POINT('Ctrl Pts',(-6.24291215562207,-3.80642831859159,0.));
#6513=CARTESIAN_POINT('Ctrl Pts',(-6.24291215562207,-3.80642831859159,0.003));
#6514=CARTESIAN_POINT('Ctrl Pts',(-6.24642946363307,-3.799399729821,0.));
#6515=CARTESIAN_POINT('Ctrl Pts',(-6.24642946363307,-3.799399729821,0.003));
#6516=CARTESIAN_POINT('',(-6.24144623052107,-3.82135602660763,0.));
#6517=CARTESIAN_POINT('',(-6.24642946363307,-3.799399729821,0.));
#6518=CARTESIAN_POINT('Ctrl Pts',(-6.24144623052107,-3.82135602660763,0.));
#6519=CARTESIAN_POINT('Ctrl Pts',(-6.24151790593416,-3.81257171600758,0.));
#6520=CARTESIAN_POINT('Ctrl Pts',(-6.24291215562207,-3.80642831859159,0.));
#6521=CARTESIAN_POINT('Ctrl Pts',(-6.24642946363307,-3.799399729821,0.));
#6522=CARTESIAN_POINT('',(-6.24642946363307,-3.799399729821,0.003));
#6523=CARTESIAN_POINT('',(-6.24642946363307,-3.799399729821,0.));
#6524=CARTESIAN_POINT('',(-6.24144623052107,-3.82135602660763,0.003));
#6525=CARTESIAN_POINT('Ctrl Pts',(-6.24144623052107,-3.82135602660763,0.003));
#6526=CARTESIAN_POINT('Ctrl Pts',(-6.24151790593416,-3.81257171600758,0.003));
#6527=CARTESIAN_POINT('Ctrl Pts',(-6.24291215562207,-3.80642831859159,0.003));
#6528=CARTESIAN_POINT('Ctrl Pts',(-6.24642946363307,-3.799399729821,0.003));
#6529=CARTESIAN_POINT('',(-6.24144623052107,-3.82135602660763,0.));
#6530=CARTESIAN_POINT('Ctrl Pts',(-6.2506768834677,-3.872872729941,0.));
#6531=CARTESIAN_POINT('Ctrl Pts',(-6.2506768834677,-3.872872729941,0.003));
#6532=CARTESIAN_POINT('Ctrl Pts',(-6.24218194605907,-3.8332435568075,0.));
#6533=CARTESIAN_POINT('Ctrl Pts',(-6.24218194605907,-3.8332435568075,0.003));
#6534=CARTESIAN_POINT('Ctrl Pts',(-6.24138546931827,-3.82879813364367,0.));
#6535=CARTESIAN_POINT('Ctrl Pts',(-6.24138546931827,-3.82879813364367,0.003));
#6536=CARTESIAN_POINT('Ctrl Pts',(-6.24144623052107,-3.82135602660763,0.));
#6537=CARTESIAN_POINT('Ctrl Pts',(-6.24144623052107,-3.82135602660763,0.003));
#6538=CARTESIAN_POINT('',(-6.2506768834677,-3.872872729941,0.));
#6539=CARTESIAN_POINT('Ctrl Pts',(-6.2506768834677,-3.872872729941,0.));
#6540=CARTESIAN_POINT('Ctrl Pts',(-6.24218194605907,-3.8332435568075,0.));
#6541=CARTESIAN_POINT('Ctrl Pts',(-6.24138546931827,-3.82879813364367,0.));
#6542=CARTESIAN_POINT('Ctrl Pts',(-6.24144623052107,-3.82135602660763,0.));
#6543=CARTESIAN_POINT('',(-6.2506768834677,-3.872872729941,0.003));
#6544=CARTESIAN_POINT('Ctrl Pts',(-6.2506768834677,-3.872872729941,0.003));
#6545=CARTESIAN_POINT('Ctrl Pts',(-6.24218194605907,-3.8332435568075,0.003));
#6546=CARTESIAN_POINT('Ctrl Pts',(-6.24138546931827,-3.82879813364367,0.003));
#6547=CARTESIAN_POINT('Ctrl Pts',(-6.24144623052107,-3.82135602660763,0.003));
#6548=CARTESIAN_POINT('',(-6.2506768834677,-3.872872729941,0.));
#6549=CARTESIAN_POINT('Origin',(-6.25997351037434,-3.9162444999409,0.));
#6550=CARTESIAN_POINT('',(-6.25997351037434,-3.9162444999409,0.));
#6551=CARTESIAN_POINT('',(-6.25997351037434,-3.9162444999409,0.));
#6552=CARTESIAN_POINT('',(-6.25997351037434,-3.9162444999409,0.003));
#6553=CARTESIAN_POINT('',(-6.25997351037434,-3.9162444999409,0.003));
#6554=CARTESIAN_POINT('',(-6.25997351037434,-3.9162444999409,0.));
#6555=CARTESIAN_POINT('Origin',(-6.32133418013423,-3.9162444999409,0.));
#6556=CARTESIAN_POINT('',(-6.32133418013423,-3.9162444999409,0.));
#6557=CARTESIAN_POINT('',(-6.32133418013423,-3.9162444999409,0.));
#6558=CARTESIAN_POINT('',(-6.32133418013423,-3.9162444999409,0.003));
#6559=CARTESIAN_POINT('',(-6.32133418013423,-3.9162444999409,0.003));
#6560=CARTESIAN_POINT('',(-6.32133418013423,-3.9162444999409,0.));
#6561=CARTESIAN_POINT('Ctrl Pts',(-6.38269484989426,-3.91601201910884,0.));
#6562=CARTESIAN_POINT('Ctrl Pts',(-6.38269484989426,-3.91601201910884,0.003));
#6563=CARTESIAN_POINT('Ctrl Pts',(-6.38269484989265,-3.91613988550293,0.));
#6564=CARTESIAN_POINT('Ctrl Pts',(-6.38269484989265,-3.91613988550293,0.003));
#6565=CARTESIAN_POINT('Ctrl Pts',(-6.35508271140106,-3.91624449943806,0.));
#6566=CARTESIAN_POINT('Ctrl Pts',(-6.35508271140106,-3.91624449943806,0.003));
#6567=CARTESIAN_POINT('Ctrl Pts',(-6.32133418013423,-3.9162444999409,0.));
#6568=CARTESIAN_POINT('Ctrl Pts',(-6.32133418013423,-3.9162444999409,0.003));
#6569=CARTESIAN_POINT('',(-6.38269484989426,-3.91601201910884,0.));
#6570=CARTESIAN_POINT('Ctrl Pts',(-6.38269484989426,-3.91601201910884,0.));
#6571=CARTESIAN_POINT('Ctrl Pts',(-6.38269484989265,-3.91613988550293,0.));
#6572=CARTESIAN_POINT('Ctrl Pts',(-6.35508271140106,-3.91624449943806,0.));
#6573=CARTESIAN_POINT('Ctrl Pts',(-6.32133418013423,-3.9162444999409,0.));
#6574=CARTESIAN_POINT('',(-6.38269484989426,-3.91601201910884,0.003));
#6575=CARTESIAN_POINT('Ctrl Pts',(-6.38269484989426,-3.91601201910884,0.003));
#6576=CARTESIAN_POINT('Ctrl Pts',(-6.38269484989265,-3.91613988550293,0.003));
#6577=CARTESIAN_POINT('Ctrl Pts',(-6.35508271140106,-3.91624449943806,0.003));
#6578=CARTESIAN_POINT('Ctrl Pts',(-6.32133418013423,-3.9162444999409,0.003));
#6579=CARTESIAN_POINT('',(-6.38269484989426,-3.91601201910884,0.));
#6580=CARTESIAN_POINT('Ctrl Pts',(-6.37617890322759,-3.88325716970873,0.));
#6581=CARTESIAN_POINT('Ctrl Pts',(-6.37617890322759,-3.88325716970873,0.003));
#6582=CARTESIAN_POINT('Ctrl Pts',(-6.37976267389424,-3.90114425780229,0.));
#6583=CARTESIAN_POINT('Ctrl Pts',(-6.37976267389424,-3.90114425780229,0.003));
#6584=CARTESIAN_POINT('Ctrl Pts',(-6.38269484989438,-3.91588415994534,0.));
#6585=CARTESIAN_POINT('Ctrl Pts',(-6.38269484989438,-3.91588415994534,0.003));
#6586=CARTESIAN_POINT('Ctrl Pts',(-6.38269484989426,-3.91601201910884,0.));
#6587=CARTESIAN_POINT('Ctrl Pts',(-6.38269484989426,-3.91601201910884,0.003));
#6588=CARTESIAN_POINT('',(-6.37617890322759,-3.88325716970873,0.));
#6589=CARTESIAN_POINT('Ctrl Pts',(-6.37617890322759,-3.88325716970873,0.));
#6590=CARTESIAN_POINT('Ctrl Pts',(-6.37976267389424,-3.90114425780229,0.));
#6591=CARTESIAN_POINT('Ctrl Pts',(-6.38269484989438,-3.91588415994534,0.));
#6592=CARTESIAN_POINT('Ctrl Pts',(-6.38269484989426,-3.91601201910884,0.));
#6593=CARTESIAN_POINT('',(-6.37617890322759,-3.88325716970873,0.003));
#6594=CARTESIAN_POINT('Ctrl Pts',(-6.37617890322759,-3.88325716970873,0.003));
#6595=CARTESIAN_POINT('Ctrl Pts',(-6.37976267389424,-3.90114425780229,0.003));
#6596=CARTESIAN_POINT('Ctrl Pts',(-6.38269484989438,-3.91588415994534,0.003));
#6597=CARTESIAN_POINT('Ctrl Pts',(-6.38269484989426,-3.91601201910884,0.003));
#6598=CARTESIAN_POINT('',(-6.37617890322759,-3.88325716970873,0.));
#6599=CARTESIAN_POINT('Ctrl Pts',(-6.36966295656108,-3.84802218810884,0.));
#6600=CARTESIAN_POINT('Ctrl Pts',(-6.36966295656108,-3.84802218810884,0.003));
#6601=CARTESIAN_POINT('Ctrl Pts',(-6.36966295584996,-3.8495143400329,0.));
#6602=CARTESIAN_POINT('Ctrl Pts',(-6.36966295584996,-3.8495143400329,0.003));
#6603=CARTESIAN_POINT('Ctrl Pts',(-6.37259513218401,-3.86537008169114,0.));
#6604=CARTESIAN_POINT('Ctrl Pts',(-6.37259513218401,-3.86537008169114,0.003));
#6605=CARTESIAN_POINT('Ctrl Pts',(-6.37617890322759,-3.88325716970873,0.));
#6606=CARTESIAN_POINT('Ctrl Pts',(-6.37617890322759,-3.88325716970873,0.003));
#6607=CARTESIAN_POINT('',(-6.36966295656108,-3.84802218810884,0.));
#6608=CARTESIAN_POINT('Ctrl Pts',(-6.36966295656108,-3.84802218810884,0.));
#6609=CARTESIAN_POINT('Ctrl Pts',(-6.36966295584996,-3.8495143400329,0.));
#6610=CARTESIAN_POINT('Ctrl Pts',(-6.37259513218401,-3.86537008169114,0.));
#6611=CARTESIAN_POINT('Ctrl Pts',(-6.37617890322759,-3.88325716970873,0.));
#6612=CARTESIAN_POINT('',(-6.36966295656108,-3.84802218810884,0.003));
#6613=CARTESIAN_POINT('Ctrl Pts',(-6.36966295656108,-3.84802218810884,0.003));
#6614=CARTESIAN_POINT('Ctrl Pts',(-6.36966295584996,-3.8495143400329,0.003));
#6615=CARTESIAN_POINT('Ctrl Pts',(-6.37259513218401,-3.86537008169114,0.003));
#6616=CARTESIAN_POINT('Ctrl Pts',(-6.37617890322759,-3.88325716970873,0.003));
#6617=CARTESIAN_POINT('',(-6.36966295656108,-3.84802218810884,0.));
#6618=CARTESIAN_POINT('Ctrl Pts',(-6.38693102972092,-3.83968666333536,0.));
#6619=CARTESIAN_POINT('Ctrl Pts',(-6.38693102972092,-3.83968666333536,0.003));
#6620=CARTESIAN_POINT('Ctrl Pts',(-6.37511110246775,-3.83969399377537,0.));
#6621=CARTESIAN_POINT('Ctrl Pts',(-6.37511110246775,-3.83969399377537,0.003));
#6622=CARTESIAN_POINT('Ctrl Pts',(-6.36966295656109,-3.84232391129964,0.));
#6623=CARTESIAN_POINT('Ctrl Pts',(-6.36966295656109,-3.84232391129964,0.003));
#6624=CARTESIAN_POINT('Ctrl Pts',(-6.36966295656108,-3.84802218810884,0.));
#6625=CARTESIAN_POINT('Ctrl Pts',(-6.36966295656108,-3.84802218810884,0.003));
#6626=CARTESIAN_POINT('',(-6.38693102972092,-3.83968666333536,0.));
#6627=CARTESIAN_POINT('Ctrl Pts',(-6.38693102972092,-3.83968666333536,0.));
#6628=CARTESIAN_POINT('Ctrl Pts',(-6.37511110246775,-3.83969399377537,0.));
#6629=CARTESIAN_POINT('Ctrl Pts',(-6.36966295656109,-3.84232391129964,0.));
#6630=CARTESIAN_POINT('Ctrl Pts',(-6.36966295656108,-3.84802218810884,0.));
#6631=CARTESIAN_POINT('',(-6.38693102972092,-3.83968666333536,0.003));
#6632=CARTESIAN_POINT('Ctrl Pts',(-6.38693102972092,-3.83968666333536,0.003));
#6633=CARTESIAN_POINT('Ctrl Pts',(-6.37511110246775,-3.83969399377537,0.003));
#6634=CARTESIAN_POINT('Ctrl Pts',(-6.36966295656109,-3.84232391129964,0.003));
#6635=CARTESIAN_POINT('Ctrl Pts',(-6.36966295656108,-3.84802218810884,0.003));
#6636=CARTESIAN_POINT('',(-6.38693102972092,-3.83968666333536,0.));
#6637=CARTESIAN_POINT('Ctrl Pts',(-6.41250449140092,-3.8596368630421,0.));
#6638=CARTESIAN_POINT('Ctrl Pts',(-6.41250449140092,-3.8596368630421,0.003));
#6639=CARTESIAN_POINT('Ctrl Pts',(-6.40791563596083,-3.8428436394956,0.));
#6640=CARTESIAN_POINT('Ctrl Pts',(-6.40791563596083,-3.8428436394956,0.003));
#6641=CARTESIAN_POINT('Ctrl Pts',(-6.40385538669421,-3.8396758305743,0.));
#6642=CARTESIAN_POINT('Ctrl Pts',(-6.40385538669421,-3.8396758305743,0.003));
#6643=CARTESIAN_POINT('Ctrl Pts',(-6.38693102972092,-3.83968666333536,0.));
#6644=CARTESIAN_POINT('Ctrl Pts',(-6.38693102972092,-3.83968666333536,0.003));
#6645=CARTESIAN_POINT('',(-6.41250449140092,-3.8596368630421,0.));
#6646=CARTESIAN_POINT('Ctrl Pts',(-6.41250449140092,-3.8596368630421,0.));
#6647=CARTESIAN_POINT('Ctrl Pts',(-6.40791563596083,-3.8428436394956,0.));
#6648=CARTESIAN_POINT('Ctrl Pts',(-6.40385538669421,-3.8396758305743,0.));
#6649=CARTESIAN_POINT('Ctrl Pts',(-6.38693102972092,-3.83968666333536,0.));
#6650=CARTESIAN_POINT('',(-6.41250449140092,-3.8596368630421,0.003));
#6651=CARTESIAN_POINT('Ctrl Pts',(-6.41250449140092,-3.8596368630421,0.003));
#6652=CARTESIAN_POINT('Ctrl Pts',(-6.40791563596083,-3.8428436394956,0.003));
#6653=CARTESIAN_POINT('Ctrl Pts',(-6.40385538669421,-3.8396758305743,0.003));
#6654=CARTESIAN_POINT('Ctrl Pts',(-6.38693102972092,-3.83968666333536,0.003));
#6655=CARTESIAN_POINT('',(-6.41250449140092,-3.8596368630421,0.));
#6656=CARTESIAN_POINT('Ctrl Pts',(-6.41424441205959,-3.8748475260421,0.));
#6657=CARTESIAN_POINT('Ctrl Pts',(-6.41424441205959,-3.8748475260421,0.003));
#6658=CARTESIAN_POINT('Ctrl Pts',(-6.41402034494357,-3.86912978284211,0.));
#6659=CARTESIAN_POINT('Ctrl Pts',(-6.41402034494357,-3.86912978284211,0.003));
#6660=CARTESIAN_POINT('Ctrl Pts',(-6.41324402691267,-3.86234342438866,0.));
#6661=CARTESIAN_POINT('Ctrl Pts',(-6.41324402691267,-3.86234342438866,0.003));
#6662=CARTESIAN_POINT('Ctrl Pts',(-6.41250449140092,-3.8596368630421,0.));
#6663=CARTESIAN_POINT('Ctrl Pts',(-6.41250449140092,-3.8596368630421,0.003));
#6664=CARTESIAN_POINT('',(-6.41424441205959,-3.8748475260421,0.));
#6665=CARTESIAN_POINT('Ctrl Pts',(-6.41424441205959,-3.8748475260421,0.));
#6666=CARTESIAN_POINT('Ctrl Pts',(-6.41402034494357,-3.86912978284211,0.));
#6667=CARTESIAN_POINT('Ctrl Pts',(-6.41324402691267,-3.86234342438866,0.));
#6668=CARTESIAN_POINT('Ctrl Pts',(-6.41250449140092,-3.8596368630421,0.));
#6669=CARTESIAN_POINT('',(-6.41424441205959,-3.8748475260421,0.003));
#6670=CARTESIAN_POINT('Ctrl Pts',(-6.41424441205959,-3.8748475260421,0.003));
#6671=CARTESIAN_POINT('Ctrl Pts',(-6.41402034494357,-3.86912978284211,0.003));
#6672=CARTESIAN_POINT('Ctrl Pts',(-6.41324402691267,-3.86234342438866,0.003));
#6673=CARTESIAN_POINT('Ctrl Pts',(-6.41250449140092,-3.8596368630421,0.003));
#6674=CARTESIAN_POINT('',(-6.41424441205959,-3.8748475260421,0.));
#6675=CARTESIAN_POINT('Ctrl Pts',(-6.41252908909959,-3.89256194154883,0.));
#6676=CARTESIAN_POINT('Ctrl Pts',(-6.41252908909959,-3.89256194154883,0.003));
#6677=CARTESIAN_POINT('Ctrl Pts',(-6.41445663667413,-3.88584237154449,0.));
#6678=CARTESIAN_POINT('Ctrl Pts',(-6.41445663667413,-3.88584237154449,0.003));
#6679=CARTESIAN_POINT('Ctrl Pts',(-6.41461233518609,-3.88423456170115,0.));
#6680=CARTESIAN_POINT('Ctrl Pts',(-6.41461233518609,-3.88423456170115,0.003));
#6681=CARTESIAN_POINT('Ctrl Pts',(-6.41424441205959,-3.8748475260421,0.));
#6682=CARTESIAN_POINT('Ctrl Pts',(-6.41424441205959,-3.8748475260421,0.003));
#6683=CARTESIAN_POINT('',(-6.41252908909959,-3.89256194154883,0.));
#6684=CARTESIAN_POINT('Ctrl Pts',(-6.41252908909959,-3.89256194154883,0.));
#6685=CARTESIAN_POINT('Ctrl Pts',(-6.41445663667413,-3.88584237154449,0.));
#6686=CARTESIAN_POINT('Ctrl Pts',(-6.41461233518609,-3.88423456170115,0.));
#6687=CARTESIAN_POINT('Ctrl Pts',(-6.41424441205959,-3.8748475260421,0.));
#6688=CARTESIAN_POINT('',(-6.41252908909959,-3.89256194154883,0.003));
#6689=CARTESIAN_POINT('Ctrl Pts',(-6.41252908909959,-3.89256194154883,0.003));
#6690=CARTESIAN_POINT('Ctrl Pts',(-6.41445663667413,-3.88584237154449,0.003));
#6691=CARTESIAN_POINT('Ctrl Pts',(-6.41461233518609,-3.88423456170115,0.003));
#6692=CARTESIAN_POINT('Ctrl Pts',(-6.41424441205959,-3.8748475260421,0.003));
#6693=CARTESIAN_POINT('',(-6.41252908909959,-3.89256194154883,0.));
#6694=CARTESIAN_POINT('Ctrl Pts',(-6.39991584533959,-3.91833006713547,0.));
#6695=CARTESIAN_POINT('Ctrl Pts',(-6.39991584533959,-3.91833006713547,0.003));
#6696=CARTESIAN_POINT('Ctrl Pts',(-6.40649190185293,-3.90856917911873,0.));
#6697=CARTESIAN_POINT('Ctrl Pts',(-6.40649190185293,-3.90856917911873,0.003));
#6698=CARTESIAN_POINT('Ctrl Pts',(-6.40998404191298,-3.90143421746694,0.));
#6699=CARTESIAN_POINT('Ctrl Pts',(-6.40998404191298,-3.90143421746694,0.003));
#6700=CARTESIAN_POINT('Ctrl Pts',(-6.41252908909959,-3.89256194154883,0.));
#6701=CARTESIAN_POINT('Ctrl Pts',(-6.41252908909959,-3.89256194154883,0.003));
#6702=CARTESIAN_POINT('',(-6.39991584533959,-3.91833006713547,0.));
#6703=CARTESIAN_POINT('Ctrl Pts',(-6.39991584533959,-3.91833006713547,0.));
#6704=CARTESIAN_POINT('Ctrl Pts',(-6.40649190185293,-3.90856917911873,0.));
#6705=CARTESIAN_POINT('Ctrl Pts',(-6.40998404191298,-3.90143421746694,0.));
#6706=CARTESIAN_POINT('Ctrl Pts',(-6.41252908909959,-3.89256194154883,0.));
#6707=CARTESIAN_POINT('',(-6.39991584533959,-3.91833006713547,0.003));
#6708=CARTESIAN_POINT('Ctrl Pts',(-6.39991584533959,-3.91833006713547,0.003));
#6709=CARTESIAN_POINT('Ctrl Pts',(-6.40649190185293,-3.90856917911873,0.003));
#6710=CARTESIAN_POINT('Ctrl Pts',(-6.40998404191298,-3.90143421746694,0.003));
#6711=CARTESIAN_POINT('Ctrl Pts',(-6.41252908909959,-3.89256194154883,0.003));
#6712=CARTESIAN_POINT('',(-6.39991584533959,-3.91833006713547,0.));
#6713=CARTESIAN_POINT('Ctrl Pts',(-6.3658928298196,-3.95663080164217,0.));
#6714=CARTESIAN_POINT('Ctrl Pts',(-6.3658928298196,-3.95663080164217,0.003));
#6715=CARTESIAN_POINT('Ctrl Pts',(-6.38899349004101,-3.93262686884573,0.));
#6716=CARTESIAN_POINT('Ctrl Pts',(-6.38899349004101,-3.93262686884573,0.003));
#6717=CARTESIAN_POINT('Ctrl Pts',(-6.39433461139684,-3.92661509343985,0.));
#6718=CARTESIAN_POINT('Ctrl Pts',(-6.39433461139684,-3.92661509343985,0.003));
#6719=CARTESIAN_POINT('Ctrl Pts',(-6.39991584533959,-3.91833006713547,0.));
#6720=CARTESIAN_POINT('Ctrl Pts',(-6.39991584533959,-3.91833006713547,0.003));
#6721=CARTESIAN_POINT('',(-6.3658928298196,-3.95663080164217,0.));
#6722=CARTESIAN_POINT('Ctrl Pts',(-6.3658928298196,-3.95663080164217,0.));
#6723=CARTESIAN_POINT('Ctrl Pts',(-6.38899349004101,-3.93262686884573,0.));
#6724=CARTESIAN_POINT('Ctrl Pts',(-6.39433461139684,-3.92661509343985,0.));
#6725=CARTESIAN_POINT('Ctrl Pts',(-6.39991584533959,-3.91833006713547,0.));
#6726=CARTESIAN_POINT('',(-6.3658928298196,-3.95663080164217,0.003));
#6727=CARTESIAN_POINT('Ctrl Pts',(-6.3658928298196,-3.95663080164217,0.003));
#6728=CARTESIAN_POINT('Ctrl Pts',(-6.38899349004101,-3.93262686884573,0.003));
#6729=CARTESIAN_POINT('Ctrl Pts',(-6.39433461139684,-3.92661509343985,0.003));
#6730=CARTESIAN_POINT('Ctrl Pts',(-6.39991584533959,-3.91833006713547,0.003));
#6731=CARTESIAN_POINT('',(-6.3658928298196,-3.95663080164217,0.));
#6732=CARTESIAN_POINT('Ctrl Pts',(-6.31157508391308,-4.01735616660231,0.));
#6733=CARTESIAN_POINT('Ctrl Pts',(-6.31157508391308,-4.01735616660231,0.003));
#6734=CARTESIAN_POINT('Ctrl Pts',(-6.3181765516112,-4.00819800285119,0.));
#6735=CARTESIAN_POINT('Ctrl Pts',(-6.3181765516112,-4.00819800285119,0.003));
#6736=CARTESIAN_POINT('Ctrl Pts',(-6.34335905691086,-3.98004504115969,0.));
#6737=CARTESIAN_POINT('Ctrl Pts',(-6.34335905691086,-3.98004504115969,0.003));
#6738=CARTESIAN_POINT('Ctrl Pts',(-6.3658928298196,-3.95663080164217,0.));
#6739=CARTESIAN_POINT('Ctrl Pts',(-6.3658928298196,-3.95663080164217,0.003));
#6740=CARTESIAN_POINT('',(-6.31157508391308,-4.01735616660231,0.));
#6741=CARTESIAN_POINT('Ctrl Pts',(-6.31157508391308,-4.01735616660231,0.));
#6742=CARTESIAN_POINT('Ctrl Pts',(-6.3181765516112,-4.00819800285119,0.));
#6743=CARTESIAN_POINT('Ctrl Pts',(-6.34335905691086,-3.98004504115969,0.));
#6744=CARTESIAN_POINT('Ctrl Pts',(-6.3658928298196,-3.95663080164217,0.));
#6745=CARTESIAN_POINT('',(-6.31157508391308,-4.01735616660231,0.003));
#6746=CARTESIAN_POINT('Ctrl Pts',(-6.31157508391308,-4.01735616660231,0.003));
#6747=CARTESIAN_POINT('Ctrl Pts',(-6.3181765516112,-4.00819800285119,0.003));
#6748=CARTESIAN_POINT('Ctrl Pts',(-6.34335905691086,-3.98004504115969,0.003));
#6749=CARTESIAN_POINT('Ctrl Pts',(-6.3658928298196,-3.95663080164217,0.003));
#6750=CARTESIAN_POINT('',(-6.31157508391308,-4.01735616660231,0.));
#6751=CARTESIAN_POINT('Ctrl Pts',(-6.29542856807287,-4.0494146242021,0.));
#6752=CARTESIAN_POINT('Ctrl Pts',(-6.29542856807287,-4.0494146242021,0.003));
#6753=CARTESIAN_POINT('Ctrl Pts',(-6.29661105851976,-4.04505029039337,0.));
#6754=CARTESIAN_POINT('Ctrl Pts',(-6.29661105851976,-4.04505029039337,0.003));
#6755=CARTESIAN_POINT('Ctrl Pts',(-6.29896546859071,-4.03937022352066,0.));
#6756=CARTESIAN_POINT('Ctrl Pts',(-6.29896546859071,-4.03937022352066,0.003));
#6757=CARTESIAN_POINT('Ctrl Pts',(-6.30461712687403,-4.02814901679721,0.));
#6758=CARTESIAN_POINT('Ctrl Pts',(-6.30461712687403,-4.02814901679721,0.003));
#6759=CARTESIAN_POINT('Ctrl Pts',(-6.30804393310854,-4.02225455179051,0.));
#6760=CARTESIAN_POINT('Ctrl Pts',(-6.30804393310854,-4.02225455179051,0.003));
#6761=CARTESIAN_POINT('Ctrl Pts',(-6.31157508391308,-4.01735616660231,0.));
#6762=CARTESIAN_POINT('Ctrl Pts',(-6.31157508391308,-4.01735616660231,0.003));
#6763=CARTESIAN_POINT('',(-6.29542856807287,-4.0494146242021,0.));
#6764=CARTESIAN_POINT('Ctrl Pts',(-6.29542856807287,-4.0494146242021,0.));
#6765=CARTESIAN_POINT('Ctrl Pts',(-6.29661105851976,-4.04505029039337,0.));
#6766=CARTESIAN_POINT('Ctrl Pts',(-6.29896546859071,-4.03937022352066,0.));
#6767=CARTESIAN_POINT('Ctrl Pts',(-6.30461712687403,-4.02814901679721,0.));
#6768=CARTESIAN_POINT('Ctrl Pts',(-6.30804393310854,-4.02225455179051,0.));
#6769=CARTESIAN_POINT('Ctrl Pts',(-6.31157508391308,-4.01735616660231,0.));
#6770=CARTESIAN_POINT('',(-6.29542856807287,-4.0494146242021,0.003));
#6771=CARTESIAN_POINT('Ctrl Pts',(-6.29542856807287,-4.0494146242021,0.003));
#6772=CARTESIAN_POINT('Ctrl Pts',(-6.29661105851976,-4.04505029039337,0.003));
#6773=CARTESIAN_POINT('Ctrl Pts',(-6.29896546859071,-4.03937022352066,0.003));
#6774=CARTESIAN_POINT('Ctrl Pts',(-6.30461712687403,-4.02814901679721,0.003));
#6775=CARTESIAN_POINT('Ctrl Pts',(-6.30804393310854,-4.02225455179051,0.003));
#6776=CARTESIAN_POINT('Ctrl Pts',(-6.31157508391308,-4.01735616660231,0.003));
#6777=CARTESIAN_POINT('',(-6.29542856807287,-4.0494146242021,0.));
#6778=CARTESIAN_POINT('Ctrl Pts',(-6.29364572361571,-4.06529724420231,0.));
#6779=CARTESIAN_POINT('Ctrl Pts',(-6.29364572361571,-4.06529724420231,0.003));
#6780=CARTESIAN_POINT('Ctrl Pts',(-6.29365867405952,-4.05827875514866,0.));
#6781=CARTESIAN_POINT('Ctrl Pts',(-6.29365867405952,-4.05827875514866,0.003));
#6782=CARTESIAN_POINT('Ctrl Pts',(-6.29410566800096,-4.05429694159013,0.));
#6783=CARTESIAN_POINT('Ctrl Pts',(-6.29410566800096,-4.05429694159013,0.003));
#6784=CARTESIAN_POINT('Ctrl Pts',(-6.29542856807287,-4.0494146242021,0.));
#6785=CARTESIAN_POINT('Ctrl Pts',(-6.29542856807287,-4.0494146242021,0.003));
#6786=CARTESIAN_POINT('',(-6.29364572361571,-4.06529724420231,0.));
#6787=CARTESIAN_POINT('Ctrl Pts',(-6.29364572361571,-4.06529724420231,0.));
#6788=CARTESIAN_POINT('Ctrl Pts',(-6.29365867405952,-4.05827875514866,0.));
#6789=CARTESIAN_POINT('Ctrl Pts',(-6.29410566800096,-4.05429694159013,0.));
#6790=CARTESIAN_POINT('Ctrl Pts',(-6.29542856807287,-4.0494146242021,0.));
#6791=CARTESIAN_POINT('',(-6.29364572361571,-4.06529724420231,0.003));
#6792=CARTESIAN_POINT('Ctrl Pts',(-6.29364572361571,-4.06529724420231,0.003));
#6793=CARTESIAN_POINT('Ctrl Pts',(-6.29365867405952,-4.05827875514866,0.003));
#6794=CARTESIAN_POINT('Ctrl Pts',(-6.29410566800096,-4.05429694159013,0.003));
#6795=CARTESIAN_POINT('Ctrl Pts',(-6.29542856807287,-4.0494146242021,0.003));
#6796=CARTESIAN_POINT('',(-6.29364572361571,-4.06529724420231,0.));
#6797=CARTESIAN_POINT('Ctrl Pts',(-6.2986629210995,-4.09787697753557,0.));
#6798=CARTESIAN_POINT('Ctrl Pts',(-6.2986629210995,-4.09787697753557,0.003));
#6799=CARTESIAN_POINT('Ctrl Pts',(-6.29411124727997,-4.07689074230871,0.));
#6800=CARTESIAN_POINT('Ctrl Pts',(-6.29411124727997,-4.07689074230871,0.003));
#6801=CARTESIAN_POINT('Ctrl Pts',(-6.29363000389421,-4.07376553138895,0.));
#6802=CARTESIAN_POINT('Ctrl Pts',(-6.29363000389421,-4.07376553138895,0.003));
#6803=CARTESIAN_POINT('Ctrl Pts',(-6.29364572361571,-4.06529724420231,0.));
#6804=CARTESIAN_POINT('Ctrl Pts',(-6.29364572361571,-4.06529724420231,0.003));
#6805=CARTESIAN_POINT('',(-6.2986629210995,-4.09787697753557,0.));
#6806=CARTESIAN_POINT('Ctrl Pts',(-6.2986629210995,-4.09787697753557,0.));
#6807=CARTESIAN_POINT('Ctrl Pts',(-6.29411124727997,-4.07689074230871,0.));
#6808=CARTESIAN_POINT('Ctrl Pts',(-6.29363000389421,-4.07376553138895,0.));
#6809=CARTESIAN_POINT('Ctrl Pts',(-6.29364572361571,-4.06529724420231,0.));
#6810=CARTESIAN_POINT('',(-6.2986629210995,-4.09787697753557,0.003));
#6811=CARTESIAN_POINT('Ctrl Pts',(-6.2986629210995,-4.09787697753557,0.003));
#6812=CARTESIAN_POINT('Ctrl Pts',(-6.29411124727997,-4.07689074230871,0.003));
#6813=CARTESIAN_POINT('Ctrl Pts',(-6.29363000389421,-4.07376553138895,0.003));
#6814=CARTESIAN_POINT('Ctrl Pts',(-6.29364572361571,-4.06529724420231,0.003));
#6815=CARTESIAN_POINT('',(-6.2986629210995,-4.09787697753557,0.));
#6816=CARTESIAN_POINT('Ctrl Pts',(-6.30537955892371,-4.1263256006821,0.));
#6817=CARTESIAN_POINT('Ctrl Pts',(-6.30537955892371,-4.1263256006821,0.003));
#6818=CARTESIAN_POINT('Ctrl Pts',(-6.30445445739572,-4.12344555225556,0.));
#6819=CARTESIAN_POINT('Ctrl Pts',(-6.30445445739572,-4.12344555225556,0.003));
#6820=CARTESIAN_POINT('Ctrl Pts',(-6.30143195408494,-4.11064416053552,0.));
#6821=CARTESIAN_POINT('Ctrl Pts',(-6.30143195408494,-4.11064416053552,0.003));
#6822=CARTESIAN_POINT('Ctrl Pts',(-6.2986629210995,-4.09787697753557,0.));
#6823=CARTESIAN_POINT('Ctrl Pts',(-6.2986629210995,-4.09787697753557,0.003));
#6824=CARTESIAN_POINT('',(-6.30537955892371,-4.1263256006821,0.));
#6825=CARTESIAN_POINT('Ctrl Pts',(-6.30537955892371,-4.1263256006821,0.));
#6826=CARTESIAN_POINT('Ctrl Pts',(-6.30445445739572,-4.12344555225556,0.));
#6827=CARTESIAN_POINT('Ctrl Pts',(-6.30143195408494,-4.11064416053552,0.));
#6828=CARTESIAN_POINT('Ctrl Pts',(-6.2986629210995,-4.09787697753557,0.));
#6829=CARTESIAN_POINT('',(-6.30537955892371,-4.1263256006821,0.003));
#6830=CARTESIAN_POINT('Ctrl Pts',(-6.30537955892371,-4.1263256006821,0.003));
#6831=CARTESIAN_POINT('Ctrl Pts',(-6.30445445739572,-4.12344555225556,0.003));
#6832=CARTESIAN_POINT('Ctrl Pts',(-6.30143195408494,-4.11064416053552,0.003));
#6833=CARTESIAN_POINT('Ctrl Pts',(-6.2986629210995,-4.09787697753557,0.003));
#6834=CARTESIAN_POINT('',(-6.30537955892371,-4.1263256006821,0.));
#6835=CARTESIAN_POINT('Ctrl Pts',(-6.3661660108835,-4.18715440629557,0.));
#6836=CARTESIAN_POINT('Ctrl Pts',(-6.31989308040827,-4.17159606112032,0.));
#6837=CARTESIAN_POINT('Ctrl Pts',(-6.30537955892371,-4.1263256006821,0.));
#6838=CARTESIAN_POINT('Ctrl Pts',(-6.3661660108835,-4.18715440629557,0.003));
#6839=CARTESIAN_POINT('Ctrl Pts',(-6.31989308040827,-4.17159606112032,0.003));
#6840=CARTESIAN_POINT('Ctrl Pts',(-6.30537955892371,-4.1263256006821,0.003));
#6841=CARTESIAN_POINT('',(-6.3661660108835,-4.18715440629557,0.));
#6842=CARTESIAN_POINT('Origin',(-6.3738059969792,-4.12115851073049,0.));
#6843=CARTESIAN_POINT('',(-6.3661660108835,-4.18715440629557,0.003));
#6844=CARTESIAN_POINT('Origin',(-6.3738059969792,-4.12115851073049,0.003));
#6845=CARTESIAN_POINT('',(-6.3661660108835,-4.18715440629557,0.));
#6846=CARTESIAN_POINT('Ctrl Pts',(-6.46910167835013,-4.19151561084884,0.));
#6847=CARTESIAN_POINT('Ctrl Pts',(-6.46910167835013,-4.19151561084884,0.003));
#6848=CARTESIAN_POINT('Ctrl Pts',(-6.37821969772346,-4.19148498589942,0.));
#6849=CARTESIAN_POINT('Ctrl Pts',(-6.37821969772346,-4.19148498589942,0.003));
#6850=CARTESIAN_POINT('Ctrl Pts',(-6.37913600272342,-4.19152383723154,0.));
#6851=CARTESIAN_POINT('Ctrl Pts',(-6.37913600272342,-4.19152383723154,0.003));
#6852=CARTESIAN_POINT('Ctrl Pts',(-6.3661660108835,-4.18715440629557,0.));
#6853=CARTESIAN_POINT('Ctrl Pts',(-6.3661660108835,-4.18715440629557,0.003));
#6854=CARTESIAN_POINT('',(-6.46910167835013,-4.19151561084884,0.));
#6855=CARTESIAN_POINT('Ctrl Pts',(-6.46910167835013,-4.19151561084884,0.));
#6856=CARTESIAN_POINT('Ctrl Pts',(-6.37821969772346,-4.19148498589942,0.));
#6857=CARTESIAN_POINT('Ctrl Pts',(-6.37913600272342,-4.19152383723154,0.));
#6858=CARTESIAN_POINT('Ctrl Pts',(-6.3661660108835,-4.18715440629557,0.));
#6859=CARTESIAN_POINT('',(-6.46910167835013,-4.19151561084884,0.003));
#6860=CARTESIAN_POINT('Ctrl Pts',(-6.46910167835013,-4.19151561084884,0.003));
#6861=CARTESIAN_POINT('Ctrl Pts',(-6.37821969772346,-4.19148498589942,0.003));
#6862=CARTESIAN_POINT('Ctrl Pts',(-6.37913600272342,-4.19152383723154,0.003));
#6863=CARTESIAN_POINT('Ctrl Pts',(-6.3661660108835,-4.18715440629557,0.003));
#6864=CARTESIAN_POINT('',(-6.46910167835013,-4.19151561084884,0.));
#6865=CARTESIAN_POINT('Ctrl Pts',(-6.55962446741697,-4.18997051699547,0.));
#6866=CARTESIAN_POINT('Ctrl Pts',(-6.55962446741697,-4.18997051699547,0.003));
#6867=CARTESIAN_POINT('Ctrl Pts',(-6.55373568061599,-4.19147675773322,0.));
#6868=CARTESIAN_POINT('Ctrl Pts',(-6.55373568061599,-4.19147675773322,0.003));
#6869=CARTESIAN_POINT('Ctrl Pts',(-6.54986846627073,-4.1915428132243,0.));
#6870=CARTESIAN_POINT('Ctrl Pts',(-6.54986846627073,-4.1915428132243,0.003));
#6871=CARTESIAN_POINT('Ctrl Pts',(-6.46910167835013,-4.19151561084884,0.));
#6872=CARTESIAN_POINT('Ctrl Pts',(-6.46910167835013,-4.19151561084884,0.003));
#6873=CARTESIAN_POINT('',(-6.55962446741697,-4.18997051699547,0.));
#6874=CARTESIAN_POINT('Ctrl Pts',(-6.55962446741697,-4.18997051699547,0.));
#6875=CARTESIAN_POINT('Ctrl Pts',(-6.55373568061599,-4.19147675773322,0.));
#6876=CARTESIAN_POINT('Ctrl Pts',(-6.54986846627073,-4.1915428132243,0.));
#6877=CARTESIAN_POINT('Ctrl Pts',(-6.46910167835013,-4.19151561084884,0.));
#6878=CARTESIAN_POINT('',(-6.55962446741697,-4.18997051699547,0.003));
#6879=CARTESIAN_POINT('Ctrl Pts',(-6.55962446741697,-4.18997051699547,0.003));
#6880=CARTESIAN_POINT('Ctrl Pts',(-6.55373568061599,-4.19147675773322,0.003));
#6881=CARTESIAN_POINT('Ctrl Pts',(-6.54986846627073,-4.1915428132243,0.003));
#6882=CARTESIAN_POINT('Ctrl Pts',(-6.46910167835013,-4.19151561084884,0.003));
#6883=CARTESIAN_POINT('',(-6.55962446741697,-4.18997051699547,0.));
#6884=CARTESIAN_POINT('Ctrl Pts',(-6.59414350937697,-4.15692815144873,0.));
#6885=CARTESIAN_POINT('Ctrl Pts',(-6.58630662519155,-4.18314963098276,0.));
#6886=CARTESIAN_POINT('Ctrl Pts',(-6.55962446741697,-4.18997051699547,0.));
#6887=CARTESIAN_POINT('Ctrl Pts',(-6.59414350937697,-4.15692815144873,0.003));
#6888=CARTESIAN_POINT('Ctrl Pts',(-6.58630662519155,-4.18314963098276,0.003));
#6889=CARTESIAN_POINT('Ctrl Pts',(-6.55962446741697,-4.18997051699547,0.003));
#6890=CARTESIAN_POINT('',(-6.59414350937697,-4.15692815144873,0.));
#6891=CARTESIAN_POINT('Origin',(-6.51939265108357,-4.11426388058899,0.));
#6892=CARTESIAN_POINT('',(-6.59414350937697,-4.15692815144873,0.003));
#6893=CARTESIAN_POINT('Origin',(-6.51939265108357,-4.11426388058899,0.003));
#6894=CARTESIAN_POINT('',(-6.59414350937697,-4.15692815144873,0.));
#6895=CARTESIAN_POINT('Ctrl Pts',(-6.59559371475708,-4.14348901144894,0.));
#6896=CARTESIAN_POINT('Ctrl Pts',(-6.59559371475708,-4.14348901144894,0.003));
#6897=CARTESIAN_POINT('Ctrl Pts',(-6.5956012079832,-4.14938195214326,0.));
#6898=CARTESIAN_POINT('Ctrl Pts',(-6.5956012079832,-4.14938195214326,0.003));
#6899=CARTESIAN_POINT('Ctrl Pts',(-6.59515030453609,-4.15356079164577,0.));
#6900=CARTESIAN_POINT('Ctrl Pts',(-6.59515030453609,-4.15356079164577,0.003));
#6901=CARTESIAN_POINT('Ctrl Pts',(-6.59414350937697,-4.15692815144873,0.));
#6902=CARTESIAN_POINT('Ctrl Pts',(-6.59414350937697,-4.15692815144873,0.003));
#6903=CARTESIAN_POINT('',(-6.59559371475708,-4.14348901144894,0.));
#6904=CARTESIAN_POINT('Ctrl Pts',(-6.59559371475708,-4.14348901144894,0.));
#6905=CARTESIAN_POINT('Ctrl Pts',(-6.5956012079832,-4.14938195214326,0.));
#6906=CARTESIAN_POINT('Ctrl Pts',(-6.59515030453609,-4.15356079164577,0.));
#6907=CARTESIAN_POINT('Ctrl Pts',(-6.59414350937697,-4.15692815144873,0.));
#6908=CARTESIAN_POINT('',(-6.59559371475708,-4.14348901144894,0.003));
#6909=CARTESIAN_POINT('Ctrl Pts',(-6.59559371475708,-4.14348901144894,0.003));
#6910=CARTESIAN_POINT('Ctrl Pts',(-6.5956012079832,-4.14938195214326,0.003));
#6911=CARTESIAN_POINT('Ctrl Pts',(-6.59515030453609,-4.15356079164577,0.003));
#6912=CARTESIAN_POINT('Ctrl Pts',(-6.59414350937697,-4.15692815144873,0.003));
#6913=CARTESIAN_POINT('',(-6.59559371475708,-4.14348901144894,0.));
#6914=CARTESIAN_POINT('Ctrl Pts',(-6.58646813145023,-4.09251883314231,0.));
#6915=CARTESIAN_POINT('Ctrl Pts',(-6.58646813145023,-4.09251883314231,0.003));
#6916=CARTESIAN_POINT('Ctrl Pts',(-6.59478278908708,-4.13121378241016,0.));
#6917=CARTESIAN_POINT('Ctrl Pts',(-6.59478278908708,-4.13121378241016,0.003));
#6918=CARTESIAN_POINT('Ctrl Pts',(-6.59558377805466,-4.13568746850464,0.));
#6919=CARTESIAN_POINT('Ctrl Pts',(-6.59558377805466,-4.13568746850464,0.003));
#6920=CARTESIAN_POINT('Ctrl Pts',(-6.59559371475708,-4.14348901144894,0.));
#6921=CARTESIAN_POINT('Ctrl Pts',(-6.59559371475708,-4.14348901144894,0.003));
#6922=CARTESIAN_POINT('',(-6.58646813145023,-4.09251883314231,0.));
#6923=CARTESIAN_POINT('Ctrl Pts',(-6.58646813145023,-4.09251883314231,0.));
#6924=CARTESIAN_POINT('Ctrl Pts',(-6.59478278908708,-4.13121378241016,0.));
#6925=CARTESIAN_POINT('Ctrl Pts',(-6.59558377805466,-4.13568746850464,0.));
#6926=CARTESIAN_POINT('Ctrl Pts',(-6.59559371475708,-4.14348901144894,0.));
#6927=CARTESIAN_POINT('',(-6.58646813145023,-4.09251883314231,0.003));
#6928=CARTESIAN_POINT('Ctrl Pts',(-6.58646813145023,-4.09251883314231,0.003));
#6929=CARTESIAN_POINT('Ctrl Pts',(-6.59478278908708,-4.13121378241016,0.003));
#6930=CARTESIAN_POINT('Ctrl Pts',(-6.59558377805466,-4.13568746850464,0.003));
#6931=CARTESIAN_POINT('Ctrl Pts',(-6.59559371475708,-4.14348901144894,0.003));
#6932=CARTESIAN_POINT('',(-6.58646813145023,-4.09251883314231,0.));
#6933=CARTESIAN_POINT('Ctrl Pts',(-6.57735313655697,-4.04955430980884,0.));
#6934=CARTESIAN_POINT('Ctrl Pts',(-6.57735313655697,-4.04955430980884,0.003));
#6935=CARTESIAN_POINT('Ctrl Pts',(-6.57735313655681,-4.04985485784877,0.));
#6936=CARTESIAN_POINT('Ctrl Pts',(-6.57735313655681,-4.04985485784877,0.003));
#6937=CARTESIAN_POINT('Ctrl Pts',(-6.58145492498388,-4.06918848610208,0.));
#6938=CARTESIAN_POINT('Ctrl Pts',(-6.58145492498388,-4.06918848610208,0.003));
#6939=CARTESIAN_POINT('Ctrl Pts',(-6.58646813145023,-4.09251883314231,0.));
#6940=CARTESIAN_POINT('Ctrl Pts',(-6.58646813145023,-4.09251883314231,0.003));
#6941=CARTESIAN_POINT('',(-6.57735313655697,-4.04955430980884,0.));
#6942=CARTESIAN_POINT('Ctrl Pts',(-6.57735313655697,-4.04955430980884,0.));
#6943=CARTESIAN_POINT('Ctrl Pts',(-6.57735313655681,-4.04985485784877,0.));
#6944=CARTESIAN_POINT('Ctrl Pts',(-6.58145492498388,-4.06918848610208,0.));
#6945=CARTESIAN_POINT('Ctrl Pts',(-6.58646813145023,-4.09251883314231,0.));
#6946=CARTESIAN_POINT('',(-6.57735313655697,-4.04955430980884,0.003));
#6947=CARTESIAN_POINT('Ctrl Pts',(-6.57735313655697,-4.04955430980884,0.003));
#6948=CARTESIAN_POINT('Ctrl Pts',(-6.57735313655681,-4.04985485784877,0.003));
#6949=CARTESIAN_POINT('Ctrl Pts',(-6.58145492498388,-4.06918848610208,0.003));
#6950=CARTESIAN_POINT('Ctrl Pts',(-6.58646813145023,-4.09251883314231,0.003));
#6951=CARTESIAN_POINT('',(-6.57735313655697,-4.04955430980884,0.));
#6952=CARTESIAN_POINT('Ctrl Pts',(-6.51577092461013,-4.04900796397056,0.));
#6953=CARTESIAN_POINT('Ctrl Pts',(-6.51577092461013,-4.04900796397056,0.003));
#6954=CARTESIAN_POINT('Ctrl Pts',(-6.54964081538378,-4.04900796397053,0.));
#6955=CARTESIAN_POINT('Ctrl Pts',(-6.54964081538378,-4.04900796397053,0.003));
#6956=CARTESIAN_POINT('Ctrl Pts',(-6.57735313655681,-4.04925376176885,0.));
#6957=CARTESIAN_POINT('Ctrl Pts',(-6.57735313655681,-4.04925376176885,0.003));
#6958=CARTESIAN_POINT('Ctrl Pts',(-6.57735313655697,-4.04955430980884,0.));
#6959=CARTESIAN_POINT('Ctrl Pts',(-6.57735313655697,-4.04955430980884,0.003));
#6960=CARTESIAN_POINT('',(-6.51577092461013,-4.04900796397056,0.));
#6961=CARTESIAN_POINT('Ctrl Pts',(-6.51577092461013,-4.04900796397056,0.));
#6962=CARTESIAN_POINT('Ctrl Pts',(-6.54964081538378,-4.04900796397053,0.));
#6963=CARTESIAN_POINT('Ctrl Pts',(-6.57735313655681,-4.04925376176885,0.));
#6964=CARTESIAN_POINT('Ctrl Pts',(-6.57735313655697,-4.04955430980884,0.));
#6965=CARTESIAN_POINT('',(-6.51577092461013,-4.04900796397056,0.003));
#6966=CARTESIAN_POINT('Ctrl Pts',(-6.51577092461013,-4.04900796397056,0.003));
#6967=CARTESIAN_POINT('Ctrl Pts',(-6.54964081538378,-4.04900796397053,0.003));
#6968=CARTESIAN_POINT('Ctrl Pts',(-6.57735313655681,-4.04925376176885,0.003));
#6969=CARTESIAN_POINT('Ctrl Pts',(-6.57735313655697,-4.04955430980884,0.003));
#6970=CARTESIAN_POINT('',(-6.51577092461013,-4.04900796397056,0.));
#6971=CARTESIAN_POINT('Origin',(-6.4541887126636,-4.04900796397056,0.));
#6972=CARTESIAN_POINT('',(-6.4541887126636,-4.04900796397056,0.));
#6973=CARTESIAN_POINT('',(-6.4541887126636,-4.04900796397056,0.));
#6974=CARTESIAN_POINT('',(-6.4541887126636,-4.04900796397056,0.003));
#6975=CARTESIAN_POINT('',(-6.4541887126636,-4.04900796397056,0.003));
#6976=CARTESIAN_POINT('',(-6.4541887126636,-4.04900796397056,0.));
#6977=CARTESIAN_POINT('Origin',(-6.45462519149611,-4.05084057397056,0.));
#6978=CARTESIAN_POINT('',(-6.45462519149611,-4.05084057397056,0.));
#6979=CARTESIAN_POINT('',(-6.45462519149611,-4.05084057397056,0.));
#6980=CARTESIAN_POINT('',(-6.45462519149611,-4.05084057397056,0.003));
#6981=CARTESIAN_POINT('',(-6.45462519149611,-4.05084057397056,0.003));
#6982=CARTESIAN_POINT('',(-6.45462519149611,-4.05084057397056,0.));
#6983=CARTESIAN_POINT('Ctrl Pts',(-6.46136015542,-4.08428774270393,0.));
#6984=CARTESIAN_POINT('Ctrl Pts',(-6.46136015542,-4.08428774270393,0.003));
#6985=CARTESIAN_POINT('Ctrl Pts',(-6.45789603358484,-4.06689993907273,0.));
#6986=CARTESIAN_POINT('Ctrl Pts',(-6.45789603358484,-4.06689993907273,0.003));
#6987=CARTESIAN_POINT('Ctrl Pts',(-6.45486525524618,-4.05184850947418,0.));
#6988=CARTESIAN_POINT('Ctrl Pts',(-6.45486525524618,-4.05184850947418,0.003));
#6989=CARTESIAN_POINT('Ctrl Pts',(-6.45462519149611,-4.05084057397056,0.));
#6990=CARTESIAN_POINT('Ctrl Pts',(-6.45462519149611,-4.05084057397056,0.003));
#6991=CARTESIAN_POINT('',(-6.46136015542,-4.08428774270393,0.));
#6992=CARTESIAN_POINT('Ctrl Pts',(-6.46136015542,-4.08428774270393,0.));
#6993=CARTESIAN_POINT('Ctrl Pts',(-6.45789603358484,-4.06689993907273,0.));
#6994=CARTESIAN_POINT('Ctrl Pts',(-6.45486525524618,-4.05184850947418,0.));
#6995=CARTESIAN_POINT('Ctrl Pts',(-6.45462519149611,-4.05084057397056,0.));
#6996=CARTESIAN_POINT('',(-6.46136015542,-4.08428774270393,0.003));
#6997=CARTESIAN_POINT('Ctrl Pts',(-6.46136015542,-4.08428774270393,0.003));
#6998=CARTESIAN_POINT('Ctrl Pts',(-6.45789603358484,-4.06689993907273,0.003));
#6999=CARTESIAN_POINT('Ctrl Pts',(-6.45486525524618,-4.05184850947418,0.003));
#7000=CARTESIAN_POINT('Ctrl Pts',(-6.45462519149611,-4.05084057397056,0.003));
#7001=CARTESIAN_POINT('',(-6.46136015542,-4.08428774270393,0.));
#7002=CARTESIAN_POINT('Ctrl Pts',(-6.46332471334,-4.12349419379751,0.));
#7003=CARTESIAN_POINT('Ctrl Pts',(-6.46332471334,-4.12349419379751,0.003));
#7004=CARTESIAN_POINT('Ctrl Pts',(-6.46846400337462,-4.12048545542396,0.));
#7005=CARTESIAN_POINT('Ctrl Pts',(-6.46846400337462,-4.12048545542396,0.003));
#7006=CARTESIAN_POINT('Ctrl Pts',(-6.46842783987083,-4.11976299983752,0.));
#7007=CARTESIAN_POINT('Ctrl Pts',(-6.46842783987083,-4.11976299983752,0.003));
#7008=CARTESIAN_POINT('Ctrl Pts',(-6.46136015542,-4.08428774270393,0.));
#7009=CARTESIAN_POINT('Ctrl Pts',(-6.46136015542,-4.08428774270393,0.003));
#7010=CARTESIAN_POINT('',(-6.46332471334,-4.12349419379751,0.));
#7011=CARTESIAN_POINT('Ctrl Pts',(-6.46332471334,-4.12349419379751,0.));
#7012=CARTESIAN_POINT('Ctrl Pts',(-6.46846400337462,-4.12048545542396,0.));
#7013=CARTESIAN_POINT('Ctrl Pts',(-6.46842783987083,-4.11976299983752,0.));
#7014=CARTESIAN_POINT('Ctrl Pts',(-6.46136015542,-4.08428774270393,0.));
#7015=CARTESIAN_POINT('',(-6.46332471334,-4.12349419379751,0.003));
#7016=CARTESIAN_POINT('Ctrl Pts',(-6.46332471334,-4.12349419379751,0.003));
#7017=CARTESIAN_POINT('Ctrl Pts',(-6.46846400337462,-4.12048545542396,0.003));
#7018=CARTESIAN_POINT('Ctrl Pts',(-6.46842783987083,-4.11976299983752,0.003));
#7019=CARTESIAN_POINT('Ctrl Pts',(-6.46136015542,-4.08428774270393,0.003));
#7020=CARTESIAN_POINT('',(-6.46332471334,-4.12349419379751,0.));
#7021=CARTESIAN_POINT('Ctrl Pts',(-6.44947832667348,-4.12512700858277,0.));
#7022=CARTESIAN_POINT('Ctrl Pts',(-6.44947832667348,-4.12512700858277,0.003));
#7023=CARTESIAN_POINT('Ctrl Pts',(-6.45913137586278,-4.12515877382259,0.));
#7024=CARTESIAN_POINT('Ctrl Pts',(-6.45913137586278,-4.12515877382259,0.003));
#7025=CARTESIAN_POINT('Ctrl Pts',(-6.46082210112383,-4.1249594673041,0.));
#7026=CARTESIAN_POINT('Ctrl Pts',(-6.46082210112383,-4.1249594673041,0.003));
#7027=CARTESIAN_POINT('Ctrl Pts',(-6.46332471334,-4.12349419379751,0.));
#7028=CARTESIAN_POINT('Ctrl Pts',(-6.46332471334,-4.12349419379751,0.003));
#7029=CARTESIAN_POINT('',(-6.44947832667348,-4.12512700858277,0.));
#7030=CARTESIAN_POINT('Ctrl Pts',(-6.44947832667348,-4.12512700858277,0.));
#7031=CARTESIAN_POINT('Ctrl Pts',(-6.45913137586278,-4.12515877382259,0.));
#7032=CARTESIAN_POINT('Ctrl Pts',(-6.46082210112383,-4.1249594673041,0.));
#7033=CARTESIAN_POINT('Ctrl Pts',(-6.46332471334,-4.12349419379751,0.));
#7034=CARTESIAN_POINT('',(-6.44947832667348,-4.12512700858277,0.003));
#7035=CARTESIAN_POINT('Ctrl Pts',(-6.44947832667348,-4.12512700858277,0.003));
#7036=CARTESIAN_POINT('Ctrl Pts',(-6.45913137586278,-4.12515877382259,0.003));
#7037=CARTESIAN_POINT('Ctrl Pts',(-6.46082210112383,-4.1249594673041,0.003));
#7038=CARTESIAN_POINT('Ctrl Pts',(-6.46332471334,-4.12349419379751,0.003));
#7039=CARTESIAN_POINT('',(-6.44947832667348,-4.12512700858277,0.));
#7040=CARTESIAN_POINT('Ctrl Pts',(-6.43508948744663,-4.12331280613193,0.));
#7041=CARTESIAN_POINT('Ctrl Pts',(-6.43508948744663,-4.12331280613193,0.003));
#7042=CARTESIAN_POINT('Ctrl Pts',(-6.43807704899345,-4.12487825417384,0.));
#7043=CARTESIAN_POINT('Ctrl Pts',(-6.43807704899345,-4.12487825417384,0.003));
#7044=CARTESIAN_POINT('Ctrl Pts',(-6.43979725891335,-4.12509516189345,0.));
#7045=CARTESIAN_POINT('Ctrl Pts',(-6.43979725891335,-4.12509516189345,0.003));
#7046=CARTESIAN_POINT('Ctrl Pts',(-6.44947832667348,-4.12512700858277,0.));
#7047=CARTESIAN_POINT('Ctrl Pts',(-6.44947832667348,-4.12512700858277,0.003));
#7048=CARTESIAN_POINT('',(-6.43508948744663,-4.12331280613193,0.));
#7049=CARTESIAN_POINT('Ctrl Pts',(-6.43508948744663,-4.12331280613193,0.));
#7050=CARTESIAN_POINT('Ctrl Pts',(-6.43807704899345,-4.12487825417384,0.));
#7051=CARTESIAN_POINT('Ctrl Pts',(-6.43979725891335,-4.12509516189345,0.));
#7052=CARTESIAN_POINT('Ctrl Pts',(-6.44947832667348,-4.12512700858277,0.));
#7053=CARTESIAN_POINT('',(-6.43508948744663,-4.12331280613193,0.003));
#7054=CARTESIAN_POINT('Ctrl Pts',(-6.43508948744663,-4.12331280613193,0.003));
#7055=CARTESIAN_POINT('Ctrl Pts',(-6.43807704899345,-4.12487825417384,0.003));
#7056=CARTESIAN_POINT('Ctrl Pts',(-6.43979725891335,-4.12509516189345,0.003));
#7057=CARTESIAN_POINT('Ctrl Pts',(-6.44947832667348,-4.12512700858277,0.003));
#7058=CARTESIAN_POINT('',(-6.43508948744663,-4.12331280613193,0.));
#7059=CARTESIAN_POINT('Ctrl Pts',(-6.42993121971732,-4.11905577527614,0.));
#7060=CARTESIAN_POINT('Ctrl Pts',(-6.42993121971732,-4.11905577527614,0.003));
#7061=CARTESIAN_POINT('Ctrl Pts',(-6.4309020957275,-4.12041923717859,0.));
#7062=CARTESIAN_POINT('Ctrl Pts',(-6.4309020957275,-4.12041923717859,0.003));
#7063=CARTESIAN_POINT('Ctrl Pts',(-6.43322332030686,-4.12233492546379,0.));
#7064=CARTESIAN_POINT('Ctrl Pts',(-6.43322332030686,-4.12233492546379,0.003));
#7065=CARTESIAN_POINT('Ctrl Pts',(-6.43508948744663,-4.12331280613193,0.));
#7066=CARTESIAN_POINT('Ctrl Pts',(-6.43508948744663,-4.12331280613193,0.003));
#7067=CARTESIAN_POINT('',(-6.42993121971732,-4.11905577527614,0.));
#7068=CARTESIAN_POINT('Ctrl Pts',(-6.42993121971732,-4.11905577527614,0.));
#7069=CARTESIAN_POINT('Ctrl Pts',(-6.4309020957275,-4.12041923717859,0.));
#7070=CARTESIAN_POINT('Ctrl Pts',(-6.43322332030686,-4.12233492546379,0.));
#7071=CARTESIAN_POINT('Ctrl Pts',(-6.43508948744663,-4.12331280613193,0.));
#7072=CARTESIAN_POINT('',(-6.42993121971732,-4.11905577527614,0.003));
#7073=CARTESIAN_POINT('Ctrl Pts',(-6.42993121971732,-4.11905577527614,0.003));
#7074=CARTESIAN_POINT('Ctrl Pts',(-6.4309020957275,-4.12041923717859,0.003));
#7075=CARTESIAN_POINT('Ctrl Pts',(-6.43322332030686,-4.12233492546379,0.003));
#7076=CARTESIAN_POINT('Ctrl Pts',(-6.43508948744663,-4.12331280613193,0.003));
#7077=CARTESIAN_POINT('',(-6.42993121971732,-4.11905577527614,0.));
#7078=CARTESIAN_POINT('Ctrl Pts',(-6.42262887973732,-4.08752755283614,0.));
#7079=CARTESIAN_POINT('Ctrl Pts',(-6.42262887973732,-4.08752755283614,0.003));
#7080=CARTESIAN_POINT('Ctrl Pts',(-6.42260752558595,-4.09339304295265,0.));
#7081=CARTESIAN_POINT('Ctrl Pts',(-6.42260752558595,-4.09339304295265,0.003));
#7082=CARTESIAN_POINT('Ctrl Pts',(-6.42340321122213,-4.09983516678112,0.));
#7083=CARTESIAN_POINT('Ctrl Pts',(-6.42340321122213,-4.09983516678112,0.003));
#7084=CARTESIAN_POINT('Ctrl Pts',(-6.42604339546797,-4.11123428942918,0.));
#7085=CARTESIAN_POINT('Ctrl Pts',(-6.42604339546797,-4.11123428942918,0.003));
#7086=CARTESIAN_POINT('Ctrl Pts',(-6.42787966363978,-4.11617460418075,0.));
#7087=CARTESIAN_POINT('Ctrl Pts',(-6.42787966363978,-4.11617460418075,0.003));
#7088=CARTESIAN_POINT('Ctrl Pts',(-6.42993121971732,-4.11905577527614,0.));
#7089=CARTESIAN_POINT('Ctrl Pts',(-6.42993121971732,-4.11905577527614,0.003));
#7090=CARTESIAN_POINT('',(-6.42262887973732,-4.08752755283614,0.));
#7091=CARTESIAN_POINT('Ctrl Pts',(-6.42262887973732,-4.08752755283614,0.));
#7092=CARTESIAN_POINT('Ctrl Pts',(-6.42260752558595,-4.09339304295265,0.));
#7093=CARTESIAN_POINT('Ctrl Pts',(-6.42340321122213,-4.09983516678112,0.));
#7094=CARTESIAN_POINT('Ctrl Pts',(-6.42604339546797,-4.11123428942918,0.));
#7095=CARTESIAN_POINT('Ctrl Pts',(-6.42787966363978,-4.11617460418075,0.));
#7096=CARTESIAN_POINT('Ctrl Pts',(-6.42993121971732,-4.11905577527614,0.));
#7097=CARTESIAN_POINT('',(-6.42262887973732,-4.08752755283614,0.003));
#7098=CARTESIAN_POINT('Ctrl Pts',(-6.42262887973732,-4.08752755283614,0.003));
#7099=CARTESIAN_POINT('Ctrl Pts',(-6.42260752558595,-4.09339304295265,0.003));
#7100=CARTESIAN_POINT('Ctrl Pts',(-6.42340321122213,-4.09983516678112,0.003));
#7101=CARTESIAN_POINT('Ctrl Pts',(-6.42604339546797,-4.11123428942918,0.003));
#7102=CARTESIAN_POINT('Ctrl Pts',(-6.42787966363978,-4.11617460418075,0.003));
#7103=CARTESIAN_POINT('Ctrl Pts',(-6.42993121971732,-4.11905577527614,0.003));
#7104=CARTESIAN_POINT('',(-6.42262887973732,-4.08752755283614,0.));
#7105=CARTESIAN_POINT('Ctrl Pts',(-6.43242397656399,-4.0543752306894,0.));
#7106=CARTESIAN_POINT('Ctrl Pts',(-6.43242397656399,-4.0543752306894,0.003));
#7107=CARTESIAN_POINT('Ctrl Pts',(-6.42513401688278,-4.06708865712949,0.));
#7108=CARTESIAN_POINT('Ctrl Pts',(-6.42513401688278,-4.06708865712949,0.003));
#7109=CARTESIAN_POINT('Ctrl Pts',(-6.42267294382662,-4.07541848044931,0.));
#7110=CARTESIAN_POINT('Ctrl Pts',(-6.42267294382662,-4.07541848044931,0.003));
#7111=CARTESIAN_POINT('Ctrl Pts',(-6.42262887973732,-4.08752755283614,0.));
#7112=CARTESIAN_POINT('Ctrl Pts',(-6.42262887973732,-4.08752755283614,0.003));
#7113=CARTESIAN_POINT('',(-6.43242397656399,-4.0543752306894,0.));
#7114=CARTESIAN_POINT('Ctrl Pts',(-6.43242397656399,-4.0543752306894,0.));
#7115=CARTESIAN_POINT('Ctrl Pts',(-6.42513401688278,-4.06708865712949,0.));
#7116=CARTESIAN_POINT('Ctrl Pts',(-6.42267294382662,-4.07541848044931,0.));
#7117=CARTESIAN_POINT('Ctrl Pts',(-6.42262887973732,-4.08752755283614,0.));
#7118=CARTESIAN_POINT('',(-6.43242397656399,-4.0543752306894,0.003));
#7119=CARTESIAN_POINT('Ctrl Pts',(-6.43242397656399,-4.0543752306894,0.003));
#7120=CARTESIAN_POINT('Ctrl Pts',(-6.42513401688278,-4.06708865712949,0.003));
#7121=CARTESIAN_POINT('Ctrl Pts',(-6.42267294382662,-4.07541848044931,0.003));
#7122=CARTESIAN_POINT('Ctrl Pts',(-6.42262887973732,-4.08752755283614,0.003));
#7123=CARTESIAN_POINT('',(-6.43242397656399,-4.0543752306894,0.));
#7124=CARTESIAN_POINT('Ctrl Pts',(-6.46946550437748,-4.01032010078256,0.));
#7125=CARTESIAN_POINT('Ctrl Pts',(-6.46946550437748,-4.01032010078256,0.003));
#7126=CARTESIAN_POINT('Ctrl Pts',(-6.44248622744198,-4.03840220207936,0.));
#7127=CARTESIAN_POINT('Ctrl Pts',(-6.44248622744198,-4.03840220207936,0.003));
#7128=CARTESIAN_POINT('Ctrl Pts',(-6.43964657783438,-4.04177909139688,0.));
#7129=CARTESIAN_POINT('Ctrl Pts',(-6.43964657783438,-4.04177909139688,0.003));
#7130=CARTESIAN_POINT('Ctrl Pts',(-6.43242397656399,-4.0543752306894,0.));
#7131=CARTESIAN_POINT('Ctrl Pts',(-6.43242397656399,-4.0543752306894,0.003));
#7132=CARTESIAN_POINT('',(-6.46946550437748,-4.01032010078256,0.));
#7133=CARTESIAN_POINT('Ctrl Pts',(-6.46946550437748,-4.01032010078256,0.));
#7134=CARTESIAN_POINT('Ctrl Pts',(-6.44248622744198,-4.03840220207936,0.));
#7135=CARTESIAN_POINT('Ctrl Pts',(-6.43964657783438,-4.04177909139688,0.));
#7136=CARTESIAN_POINT('Ctrl Pts',(-6.43242397656399,-4.0543752306894,0.));
#7137=CARTESIAN_POINT('',(-6.46946550437748,-4.01032010078256,0.003));
#7138=CARTESIAN_POINT('Ctrl Pts',(-6.46946550437748,-4.01032010078256,0.003));
#7139=CARTESIAN_POINT('Ctrl Pts',(-6.44248622744198,-4.03840220207936,0.003));
#7140=CARTESIAN_POINT('Ctrl Pts',(-6.43964657783438,-4.04177909139688,0.003));
#7141=CARTESIAN_POINT('Ctrl Pts',(-6.43242397656399,-4.0543752306894,0.003));
#7142=CARTESIAN_POINT('',(-6.46946550437748,-4.01032010078256,0.));
#7143=CARTESIAN_POINT('Ctrl Pts',(-6.52187896487063,-3.95254727415604,0.));
#7144=CARTESIAN_POINT('Ctrl Pts',(-6.52187896487063,-3.95254727415604,0.003));
#7145=CARTESIAN_POINT('Ctrl Pts',(-6.51462671623037,-3.96178362855605,0.));
#7146=CARTESIAN_POINT('Ctrl Pts',(-6.51462671623037,-3.96178362855605,0.003));
#7147=CARTESIAN_POINT('Ctrl Pts',(-6.48969751877755,-3.98926137564951,0.));
#7148=CARTESIAN_POINT('Ctrl Pts',(-6.48969751877755,-3.98926137564951,0.003));
#7149=CARTESIAN_POINT('Ctrl Pts',(-6.46946550437748,-4.01032010078256,0.));
#7150=CARTESIAN_POINT('Ctrl Pts',(-6.46946550437748,-4.01032010078256,0.003));
#7151=CARTESIAN_POINT('',(-6.52187896487063,-3.95254727415604,0.));
#7152=CARTESIAN_POINT('Ctrl Pts',(-6.52187896487063,-3.95254727415604,0.));
#7153=CARTESIAN_POINT('Ctrl Pts',(-6.51462671623037,-3.96178362855605,0.));
#7154=CARTESIAN_POINT('Ctrl Pts',(-6.48969751877755,-3.98926137564951,0.));
#7155=CARTESIAN_POINT('Ctrl Pts',(-6.46946550437748,-4.01032010078256,0.));
#7156=CARTESIAN_POINT('',(-6.52187896487063,-3.95254727415604,0.003));
#7157=CARTESIAN_POINT('Ctrl Pts',(-6.52187896487063,-3.95254727415604,0.003));
#7158=CARTESIAN_POINT('Ctrl Pts',(-6.51462671623037,-3.96178362855605,0.003));
#7159=CARTESIAN_POINT('Ctrl Pts',(-6.48969751877755,-3.98926137564951,0.003));
#7160=CARTESIAN_POINT('Ctrl Pts',(-6.46946550437748,-4.01032010078256,0.003));
#7161=CARTESIAN_POINT('',(-6.52187896487063,-3.95254727415604,0.));
#7162=CARTESIAN_POINT('Ctrl Pts',(-6.5436462992039,-3.89669828078256,0.));
#7163=CARTESIAN_POINT('Ctrl Pts',(-6.54544024475467,-3.92254209651826,0.));
#7164=CARTESIAN_POINT('Ctrl Pts',(-6.52187896487063,-3.95254727415604,0.));
#7165=CARTESIAN_POINT('Ctrl Pts',(-6.5436462992039,-3.89669828078256,0.003));
#7166=CARTESIAN_POINT('Ctrl Pts',(-6.54544024475467,-3.92254209651826,0.003));
#7167=CARTESIAN_POINT('Ctrl Pts',(-6.52187896487063,-3.95254727415604,0.003));
#7168=CARTESIAN_POINT('',(-6.5436462992039,-3.89669828078256,0.));
#7169=CARTESIAN_POINT('Origin',(-6.43296067679227,-3.94100251960089,0.));
#7170=CARTESIAN_POINT('',(-6.5436462992039,-3.89669828078256,0.003));
#7171=CARTESIAN_POINT('Origin',(-6.43296067679227,-3.94100251960089,0.003));
#7172=CARTESIAN_POINT('',(-6.5436462992039,-3.89669828078256,0.));
#7173=CARTESIAN_POINT('Ctrl Pts',(-6.53167324720411,-3.83892789763604,0.));
#7174=CARTESIAN_POINT('Ctrl Pts',(-6.53167324720411,-3.83892789763604,0.003));
#7175=CARTESIAN_POINT('Ctrl Pts',(-6.53452967532389,-3.8478555590626,0.));
#7176=CARTESIAN_POINT('Ctrl Pts',(-6.53452967532389,-3.8478555590626,0.003));
#7177=CARTESIAN_POINT('Ctrl Pts',(-6.54314059658312,-3.889402863996,0.));
#7178=CARTESIAN_POINT('Ctrl Pts',(-6.54314059658312,-3.889402863996,0.003));
#7179=CARTESIAN_POINT('Ctrl Pts',(-6.5436462992039,-3.89669828078256,0.));
#7180=CARTESIAN_POINT('Ctrl Pts',(-6.5436462992039,-3.89669828078256,0.003));
#7181=CARTESIAN_POINT('',(-6.53167324720411,-3.83892789763604,0.));
#7182=CARTESIAN_POINT('Ctrl Pts',(-6.53167324720411,-3.83892789763604,0.));
#7183=CARTESIAN_POINT('Ctrl Pts',(-6.53452967532389,-3.8478555590626,0.));
#7184=CARTESIAN_POINT('Ctrl Pts',(-6.54314059658312,-3.889402863996,0.));
#7185=CARTESIAN_POINT('Ctrl Pts',(-6.5436462992039,-3.89669828078256,0.));
#7186=CARTESIAN_POINT('',(-6.53167324720411,-3.83892789763604,0.003));
#7187=CARTESIAN_POINT('Ctrl Pts',(-6.53167324720411,-3.83892789763604,0.003));
#7188=CARTESIAN_POINT('Ctrl Pts',(-6.53452967532389,-3.8478555590626,0.003));
#7189=CARTESIAN_POINT('Ctrl Pts',(-6.54314059658312,-3.889402863996,0.003));
#7190=CARTESIAN_POINT('Ctrl Pts',(-6.5436462992039,-3.89669828078256,0.003));
#7191=CARTESIAN_POINT('',(-6.53167324720411,-3.83892789763604,0.));
#7192=CARTESIAN_POINT('Ctrl Pts',(-6.508162082644,-3.80140256078256,0.));
#7193=CARTESIAN_POINT('Ctrl Pts',(-6.508162082644,-3.80140256078256,0.003));
#7194=CARTESIAN_POINT('Ctrl Pts',(-6.51950145883051,-3.81265722966272,0.));
#7195=CARTESIAN_POINT('Ctrl Pts',(-6.51950145883051,-3.81265722966272,0.003));
#7196=CARTESIAN_POINT('Ctrl Pts',(-6.52719793213457,-3.82494141811608,0.));
#7197=CARTESIAN_POINT('Ctrl Pts',(-6.52719793213457,-3.82494141811608,0.003));
#7198=CARTESIAN_POINT('Ctrl Pts',(-6.53167324720411,-3.83892789763604,0.));
#7199=CARTESIAN_POINT('Ctrl Pts',(-6.53167324720411,-3.83892789763604,0.003));
#7200=CARTESIAN_POINT('',(-6.508162082644,-3.80140256078256,0.));
#7201=CARTESIAN_POINT('Ctrl Pts',(-6.508162082644,-3.80140256078256,0.));
#7202=CARTESIAN_POINT('Ctrl Pts',(-6.51950145883051,-3.81265722966272,0.));
#7203=CARTESIAN_POINT('Ctrl Pts',(-6.52719793213457,-3.82494141811608,0.));
#7204=CARTESIAN_POINT('Ctrl Pts',(-6.53167324720411,-3.83892789763604,0.));
#7205=CARTESIAN_POINT('',(-6.508162082644,-3.80140256078256,0.003));
#7206=CARTESIAN_POINT('Ctrl Pts',(-6.508162082644,-3.80140256078256,0.003));
#7207=CARTESIAN_POINT('Ctrl Pts',(-6.51950145883051,-3.81265722966272,0.003));
#7208=CARTESIAN_POINT('Ctrl Pts',(-6.52719793213457,-3.82494141811608,0.003));
#7209=CARTESIAN_POINT('Ctrl Pts',(-6.53167324720411,-3.83892789763604,0.003));
#7210=CARTESIAN_POINT('',(-6.508162082644,-3.80140256078256,0.));
#7211=CARTESIAN_POINT('Ctrl Pts',(-6.45906931147053,-3.77494537383593,0.));
#7212=CARTESIAN_POINT('Ctrl Pts',(-6.45906931147053,-3.77494537383593,0.003));
#7213=CARTESIAN_POINT('Ctrl Pts',(-6.47769025805759,-3.77847783142277,0.));
#7214=CARTESIAN_POINT('Ctrl Pts',(-6.47769025805759,-3.77847783142277,0.003));
#7215=CARTESIAN_POINT('Ctrl Pts',(-6.49382699997734,-3.78717417674261,0.));
#7216=CARTESIAN_POINT('Ctrl Pts',(-6.49382699997734,-3.78717417674261,0.003));
#7217=CARTESIAN_POINT('Ctrl Pts',(-6.508162082644,-3.80140256078256,0.));
#7218=CARTESIAN_POINT('Ctrl Pts',(-6.508162082644,-3.80140256078256,0.003));
#7219=CARTESIAN_POINT('',(-6.45906931147053,-3.77494537383593,0.));
#7220=CARTESIAN_POINT('Ctrl Pts',(-6.45906931147053,-3.77494537383593,0.));
#7221=CARTESIAN_POINT('Ctrl Pts',(-6.47769025805759,-3.77847783142277,0.));
#7222=CARTESIAN_POINT('Ctrl Pts',(-6.49382699997734,-3.78717417674261,0.));
#7223=CARTESIAN_POINT('Ctrl Pts',(-6.508162082644,-3.80140256078256,0.));
#7224=CARTESIAN_POINT('',(-6.45906931147053,-3.77494537383593,0.003));
#7225=CARTESIAN_POINT('Ctrl Pts',(-6.45906931147053,-3.77494537383593,0.003));
#7226=CARTESIAN_POINT('Ctrl Pts',(-6.47769025805759,-3.77847783142277,0.003));
#7227=CARTESIAN_POINT('Ctrl Pts',(-6.49382699997734,-3.78717417674261,0.003));
#7228=CARTESIAN_POINT('Ctrl Pts',(-6.508162082644,-3.80140256078256,0.003));
#7229=CARTESIAN_POINT('',(-6.45906931147053,-3.77494537383593,0.));
#7230=CARTESIAN_POINT('Ctrl Pts',(-6.36732478240411,-3.77377755329477,0.));
#7231=CARTESIAN_POINT('Ctrl Pts',(-6.36732478240411,-3.77377755329477,0.003));
#7232=CARTESIAN_POINT('Ctrl Pts',(-6.44030664304395,-3.77371947992012,0.));
#7233=CARTESIAN_POINT('Ctrl Pts',(-6.44030664304395,-3.77371947992012,0.003));
#7234=CARTESIAN_POINT('Ctrl Pts',(-6.45349174257353,-3.77388734699614,0.));
#7235=CARTESIAN_POINT('Ctrl Pts',(-6.45349174257353,-3.77388734699614,0.003));
#7236=CARTESIAN_POINT('Ctrl Pts',(-6.45906931147053,-3.77494537383593,0.));
#7237=CARTESIAN_POINT('Ctrl Pts',(-6.45906931147053,-3.77494537383593,0.003));
#7238=CARTESIAN_POINT('',(-6.36732478240411,-3.77377755329477,0.));
#7239=CARTESIAN_POINT('Ctrl Pts',(-6.36732478240411,-3.77377755329477,0.));
#7240=CARTESIAN_POINT('Ctrl Pts',(-6.44030664304395,-3.77371947992012,0.));
#7241=CARTESIAN_POINT('Ctrl Pts',(-6.45349174257353,-3.77388734699614,0.));
#7242=CARTESIAN_POINT('Ctrl Pts',(-6.45906931147053,-3.77494537383593,0.));
#7243=CARTESIAN_POINT('',(-6.36732478240411,-3.77377755329477,0.003));
#7244=CARTESIAN_POINT('Ctrl Pts',(-6.36732478240411,-3.77377755329477,0.003));
#7245=CARTESIAN_POINT('Ctrl Pts',(-6.44030664304395,-3.77371947992012,0.003));
#7246=CARTESIAN_POINT('Ctrl Pts',(-6.45349174257353,-3.77388734699614,0.003));
#7247=CARTESIAN_POINT('Ctrl Pts',(-6.45906931147053,-3.77494537383593,0.003));
#7248=CARTESIAN_POINT('',(-6.36732478240411,-3.77377755329477,0.));
#7249=CARTESIAN_POINT('Ctrl Pts',(-6.27762455978756,-3.77493642219177,0.));
#7250=CARTESIAN_POINT('Ctrl Pts',(-6.27762455978756,-3.77493642219177,0.003));
#7251=CARTESIAN_POINT('Ctrl Pts',(-6.28123450180241,-3.77406281668459,0.));
#7252=CARTESIAN_POINT('Ctrl Pts',(-6.28123450180241,-3.77406281668459,0.003));
#7253=CARTESIAN_POINT('Ctrl Pts',(-6.29907112145611,-3.77383263562511,0.));
#7254=CARTESIAN_POINT('Ctrl Pts',(-6.29907112145611,-3.77383263562511,0.003));
#7255=CARTESIAN_POINT('Ctrl Pts',(-6.36732478240411,-3.77377755329477,0.));
#7256=CARTESIAN_POINT('Ctrl Pts',(-6.36732478240411,-3.77377755329477,0.003));
#7257=CARTESIAN_POINT('',(-6.27762455914105,-3.77493642234931,0.));
#7258=CARTESIAN_POINT('Ctrl Pts',(-6.27762455978756,-3.77493642219177,0.));
#7259=CARTESIAN_POINT('Ctrl Pts',(-6.28123450180241,-3.77406281668459,0.));
#7260=CARTESIAN_POINT('Ctrl Pts',(-6.29907112145611,-3.77383263562511,0.));
#7261=CARTESIAN_POINT('Ctrl Pts',(-6.36732478240411,-3.77377755329477,0.));
#7262=CARTESIAN_POINT('',(-6.27762455914105,-3.77493642234931,0.003));
#7263=CARTESIAN_POINT('Ctrl Pts',(-6.27762455978756,-3.77493642219177,0.003));
#7264=CARTESIAN_POINT('Ctrl Pts',(-6.28123450180241,-3.77406281668459,0.003));
#7265=CARTESIAN_POINT('Ctrl Pts',(-6.29907112145611,-3.77383263562511,0.003));
#7266=CARTESIAN_POINT('Ctrl Pts',(-6.36732478240411,-3.77377755329477,0.003));
#7267=CARTESIAN_POINT('',(-6.27762455914105,-3.77493642234931,0.));
#7268=CARTESIAN_POINT('Ctrl Pts',(-6.24642946363308,-3.799399729821,0.));
#7269=CARTESIAN_POINT('Ctrl Pts',(-6.25603794629474,-3.7801965110122,0.));
#7270=CARTESIAN_POINT('Ctrl Pts',(-6.27762455945053,-3.7749364222739,0.));
#7271=CARTESIAN_POINT('Ctrl Pts',(-6.24642946363308,-3.799399729821,0.003));
#7272=CARTESIAN_POINT('Ctrl Pts',(-6.25603794629474,-3.7801965110122,0.003));
#7273=CARTESIAN_POINT('Ctrl Pts',(-6.27762455945053,-3.7749364222739,0.003));
#7274=CARTESIAN_POINT('Origin',(-6.30438855745963,-3.83647898854831,0.));
#7275=CARTESIAN_POINT('Origin',(-6.30438855745963,-3.83647898854831,0.003));
#7276=CARTESIAN_POINT('Origin',(-6.41849333865073,-3.98263114657221,0.003));
#7277=CARTESIAN_POINT('Origin',(-6.41849333865073,-3.98263114657221,0.));
#7278=CARTESIAN_POINT('Origin',(-3.05310772951388,-3.80000000007759,0.));
#7279=CARTESIAN_POINT('',(-3.05310772951388,-3.80000000007759,0.));
#7280=CARTESIAN_POINT('',(-2.82216762183803,-4.20000000007759,0.));
#7281=CARTESIAN_POINT('',(-3.05310772951388,-3.80000000007759,0.));
#7282=CARTESIAN_POINT('',(-2.82216762183803,-4.20000000007759,0.003));
#7283=CARTESIAN_POINT('',(-2.82216762183803,-4.20000000007759,0.));
#7284=CARTESIAN_POINT('',(-3.05310772951388,-3.80000000007759,0.003));
#7285=CARTESIAN_POINT('',(-3.05310772951388,-3.80000000007759,0.003));
#7286=CARTESIAN_POINT('',(-3.05310772951388,-3.80000000007759,0.));
#7287=CARTESIAN_POINT('Origin',(-2.59122751416218,-3.80000000007759,0.));
#7288=CARTESIAN_POINT('',(-2.59122751416218,-3.80000000007759,0.));
#7289=CARTESIAN_POINT('',(-2.59122751416218,-3.80000000007759,0.));
#7290=CARTESIAN_POINT('',(-2.59122751416218,-3.80000000007759,0.003));
#7291=CARTESIAN_POINT('',(-2.59122751416218,-3.80000000007759,0.003));
#7292=CARTESIAN_POINT('',(-2.59122751416218,-3.80000000007759,0.));
#7293=CARTESIAN_POINT('Origin',(-2.82216762183803,-4.20000000007759,0.));
#7294=CARTESIAN_POINT('',(-2.82216762183803,-4.20000000007759,0.));
#7295=CARTESIAN_POINT('',(-2.82216762183803,-4.20000000007759,0.003));
#7296=CARTESIAN_POINT('Origin',(-2.82216762183803,-4.00000000007759,0.003));
#7297=CARTESIAN_POINT('Origin',(-2.82216762183803,-4.00000000007759,0.));
#7298=CARTESIAN_POINT('',(3.67084834743257E-15,-1.80848553263191E-30,0.0500000002747231));
#7299=CARTESIAN_POINT('',(0.,0.,0.));
#7300=CARTESIAN_POINT('',(0.,0.,0.));
#7301=CARTESIAN_POINT('',(-2.15000000000001,4.52216762183803,1.40000000027474));
#7302=UNCERTAINTY_MEASURE_WITH_UNIT(LENGTH_MEASURE(0.01),#7314,
'DISTANCE_ACCURACY_VALUE',
'Maximum model space distance between geometric entities at asserted c
onnectivities');
#7303=UNCERTAINTY_MEASURE_WITH_UNIT(LENGTH_MEASURE(0.01),#7314,
'DISTANCE_ACCURACY_VALUE',
'Maximum model space distance between geometric entities at asserted c
onnectivities');
#7304=UNCERTAINTY_MEASURE_WITH_UNIT(LENGTH_MEASURE(0.01),#7314,
'DISTANCE_ACCURACY_VALUE',
'Maximum model space distance between geometric entities at asserted c
onnectivities');
#7305=UNCERTAINTY_MEASURE_WITH_UNIT(LENGTH_MEASURE(0.01),#7314,
'DISTANCE_ACCURACY_VALUE',
'Maximum model space distance between geometric entities at asserted c
onnectivities');
#7306=UNCERTAINTY_MEASURE_WITH_UNIT(LENGTH_MEASURE(0.01),#7314,
'DISTANCE_ACCURACY_VALUE',
'Maximum model space distance between geometric entities at asserted c
onnectivities');
#7307=UNCERTAINTY_MEASURE_WITH_UNIT(LENGTH_MEASURE(0.01),#7314,
'DISTANCE_ACCURACY_VALUE',
'Maximum model space distance between geometric entities at asserted c
onnectivities');
#7308=(
GEOMETRIC_REPRESENTATION_CONTEXT(3)
GLOBAL_UNCERTAINTY_ASSIGNED_CONTEXT((#7302))
GLOBAL_UNIT_ASSIGNED_CONTEXT((#7314,#7316,#7317))
REPRESENTATION_CONTEXT('','3D')
);
#7309=(
GEOMETRIC_REPRESENTATION_CONTEXT(3)
GLOBAL_UNCERTAINTY_ASSIGNED_CONTEXT((#7303))
GLOBAL_UNIT_ASSIGNED_CONTEXT((#7314,#7316,#7317))
REPRESENTATION_CONTEXT('','3D')
);
#7310=(
GEOMETRIC_REPRESENTATION_CONTEXT(3)
GLOBAL_UNCERTAINTY_ASSIGNED_CONTEXT((#7304))
GLOBAL_UNIT_ASSIGNED_CONTEXT((#7314,#7316,#7317))
REPRESENTATION_CONTEXT('','3D')
);
#7311=(
GEOMETRIC_REPRESENTATION_CONTEXT(3)
GLOBAL_UNCERTAINTY_ASSIGNED_CONTEXT((#7305))
GLOBAL_UNIT_ASSIGNED_CONTEXT((#7314,#7316,#7317))
REPRESENTATION_CONTEXT('','3D')
);
#7312=(
GEOMETRIC_REPRESENTATION_CONTEXT(3)
GLOBAL_UNCERTAINTY_ASSIGNED_CONTEXT((#7306))
GLOBAL_UNIT_ASSIGNED_CONTEXT((#7314,#7316,#7317))
REPRESENTATION_CONTEXT('','3D')
);
#7313=(
GEOMETRIC_REPRESENTATION_CONTEXT(3)
GLOBAL_UNCERTAINTY_ASSIGNED_CONTEXT((#7307))
GLOBAL_UNIT_ASSIGNED_CONTEXT((#7314,#7316,#7317))
REPRESENTATION_CONTEXT('','3D')
);
#7314=(
LENGTH_UNIT()
NAMED_UNIT(*)
SI_UNIT(.MILLI.,.METRE.)
);
#7315=(
LENGTH_UNIT()
NAMED_UNIT(*)
SI_UNIT(.CENTI.,.METRE.)
);
#7316=(
NAMED_UNIT(*)
PLANE_ANGLE_UNIT()
SI_UNIT($,.RADIAN.)
);
#7317=(
NAMED_UNIT(*)
SI_UNIT($,.STERADIAN.)
SOLID_ANGLE_UNIT()
);
#7318=SHAPE_DEFINITION_REPRESENTATION(#7323,#7332);
#7319=SHAPE_DEFINITION_REPRESENTATION(#7324,#7333);
#7320=SHAPE_DEFINITION_REPRESENTATION(#7325,#7334);
#7321=SHAPE_DEFINITION_REPRESENTATION(#7326,#7335);
#7322=SHAPE_DEFINITION_REPRESENTATION(#7327,#7336);
#7323=PRODUCT_DEFINITION_SHAPE('',$,#7338);
#7324=PRODUCT_DEFINITION_SHAPE('',$,#7339);
#7325=PRODUCT_DEFINITION_SHAPE('',$,#7340);
#7326=PRODUCT_DEFINITION_SHAPE('',$,#7341);
#7327=PRODUCT_DEFINITION_SHAPE('',$,#7342);
#7328=PRODUCT_DEFINITION_SHAPE($,$,#23);
#7329=PRODUCT_DEFINITION_SHAPE($,$,#24);
#7330=PRODUCT_DEFINITION_SHAPE($,$,#25);
#7331=PRODUCT_DEFINITION_SHAPE($,$,#26);
#7332=SHAPE_REPRESENTATION('',(#4284,#4470,#4471,#4472,#4473),#7308);
#7333=SHAPE_REPRESENTATION('',(#4285),#7309);
#7334=SHAPE_REPRESENTATION('',(#4389),#7310);
#7335=SHAPE_REPRESENTATION('',(#4414),#7311);
#7336=SHAPE_REPRESENTATION('',(#4431),#7312);
#7337=PRODUCT_DEFINITION_CONTEXT('part definition',#7354,'design');
#7338=PRODUCT_DEFINITION('JST BM03B-ACHSS-GAN-ETF(LF)(SN)',
'JST BM03B-ACHSS-GAN-ETF(LF)(SN)',#7343,#7337);
#7339=PRODUCT_DEFINITION('body','body',#7344,#7337);
#7340=PRODUCT_DEFINITION('terminal','terminal',#7345,#7337);
#7341=PRODUCT_DEFINITION('mtn','mtn',#7346,#7337);
#7342=PRODUCT_DEFINITION('logo','logo',#7347,#7337);
#7343=PRODUCT_DEFINITION_FORMATION('',$,#7356);
#7344=PRODUCT_DEFINITION_FORMATION('ANY',$,#7357);
#7345=PRODUCT_DEFINITION_FORMATION('',$,#7358);
#7346=PRODUCT_DEFINITION_FORMATION('',$,#7359);
#7347=PRODUCT_DEFINITION_FORMATION('',$,#7360);
#7348=PRODUCT_RELATED_PRODUCT_CATEGORY(
'JST BM03B-ACHSS-GAN-ETF(LF)(SN)','JST BM03B-ACHSS-GAN-ETF(LF)(SN)',(#7356));
#7349=PRODUCT_RELATED_PRODUCT_CATEGORY('body','body',(#7357));
#7350=PRODUCT_RELATED_PRODUCT_CATEGORY('terminal','terminal',(#7358));
#7351=PRODUCT_RELATED_PRODUCT_CATEGORY('mtn','mtn',(#7359));
#7352=PRODUCT_RELATED_PRODUCT_CATEGORY('logo','logo',(#7360));
#7353=APPLICATION_PROTOCOL_DEFINITION('international standard',
'automotive_design',2009,#7354);
#7354=APPLICATION_CONTEXT(
'Core Data for Automotive Mechanical Design Process');
#7355=PRODUCT_CONTEXT('part definition',#7354,'mechanical');
#7356=PRODUCT('JST BM03B-ACHSS-GAN-ETF(LF)(SN)',
'JST BM03B-ACHSS-GAN-ETF(LF)(SN)',$,(#7355));
#7357=PRODUCT('body','body','STEP AP214',(#7355));
#7358=PRODUCT('terminal','terminal',$,(#7355));
#7359=PRODUCT('mtn','mtn',$,(#7355));
#7360=PRODUCT('logo','logo',$,(#7355));
ENDSEC;
END-ISO-10303-21;
