ISO-10303-21;
HEADER;
FILE_DESCRIPTION(('KiCad electronic assembly'),'2;1');
FILE_NAME('connection pcb.step','2024-05-08T11:36:05',('Pcbnew'),(
    'Kicad'),'Open CASCADE STEP processor 7.7','KiCad to STEP converter'
  ,'Unknown');
FILE_SCHEMA(('AUTOMOTIVE_DESIGN { 1 0 10303 214 1 1 1 1 }'));
ENDSEC;
DATA;
#1 = APPLICATION_PROTOCOL_DEFINITION('international standard',
  'automotive_design',2000,#2);
#2 = APPLICATION_CONTEXT(
  'core data for automotive mechanical design processes');
#3 = SHAPE_DEFINITION_REPRESENTATION(#4,#10);
#4 = PRODUCT_DEFINITION_SHAPE('','',#5);
#5 = PRODUCT_DEFINITION('design','',#6,#9);
#6 = PRODUCT_DEFINITION_FORMATION('','',#7);
#7 = PRODUCT('connection pcb 1','connection pcb 1','',(#8));
#8 = PRODUCT_CONTEXT('',#2,'mechanical');
#9 = PRODUCT_DEFINITION_CONTEXT('part definition',#2,'design');
#10 = SHAPE_REPRESENTATION('',(#11,#15,#19,#23,#27,#31,#35,#39,#43,#47,
    #51,#55,#59,#63,#67,#71,#75,#79,#83,#87,#91,#95,#99,#103,#107,#111,
    #115,#119,#123,#127,#131,#135,#139,#143,#147,#151,#155,#159,#163,
    #167,#171,#175,#179,#183,#187,#191,#195,#199,#203,#207,#211,#215,
    #219,#223,#227,#231,#235,#239,#243,#247,#251,#255,#259),#263);
#11 = AXIS2_PLACEMENT_3D('',#12,#13,#14);
#12 = CARTESIAN_POINT('',(0.,0.,0.));
#13 = DIRECTION('',(0.,0.,1.));
#14 = DIRECTION('',(1.,0.,-0.));
#15 = AXIS2_PLACEMENT_3D('',#16,#17,#18);
#16 = CARTESIAN_POINT('',(0.,0.,0.));
#17 = DIRECTION('',(0.,0.,1.));
#18 = DIRECTION('',(1.,0.,-0.));
#19 = AXIS2_PLACEMENT_3D('',#20,#21,#22);
#20 = CARTESIAN_POINT('',(0.,0.,0.));
#21 = DIRECTION('',(0.,0.,1.));
#22 = DIRECTION('',(1.,0.,-0.));
#23 = AXIS2_PLACEMENT_3D('',#24,#25,#26);
#24 = CARTESIAN_POINT('',(0.,0.,0.));
#25 = DIRECTION('',(0.,0.,1.));
#26 = DIRECTION('',(1.,0.,-0.));
#27 = AXIS2_PLACEMENT_3D('',#28,#29,#30);
#28 = CARTESIAN_POINT('',(0.,0.,0.));
#29 = DIRECTION('',(0.,0.,1.));
#30 = DIRECTION('',(1.,0.,-0.));
#31 = AXIS2_PLACEMENT_3D('',#32,#33,#34);
#32 = CARTESIAN_POINT('',(0.,0.,0.));
#33 = DIRECTION('',(0.,0.,1.));
#34 = DIRECTION('',(1.,0.,-0.));
#35 = AXIS2_PLACEMENT_3D('',#36,#37,#38);
#36 = CARTESIAN_POINT('',(0.,0.,0.));
#37 = DIRECTION('',(0.,0.,1.));
#38 = DIRECTION('',(1.,0.,-0.));
#39 = AXIS2_PLACEMENT_3D('',#40,#41,#42);
#40 = CARTESIAN_POINT('',(0.,0.,0.));
#41 = DIRECTION('',(0.,0.,1.));
#42 = DIRECTION('',(1.,0.,-0.));
#43 = AXIS2_PLACEMENT_3D('',#44,#45,#46);
#44 = CARTESIAN_POINT('',(0.,0.,0.));
#45 = DIRECTION('',(0.,0.,1.));
#46 = DIRECTION('',(1.,0.,-0.));
#47 = AXIS2_PLACEMENT_3D('',#48,#49,#50);
#48 = CARTESIAN_POINT('',(0.,0.,0.));
#49 = DIRECTION('',(0.,0.,1.));
#50 = DIRECTION('',(1.,0.,-0.));
#51 = AXIS2_PLACEMENT_3D('',#52,#53,#54);
#52 = CARTESIAN_POINT('',(0.,0.,0.));
#53 = DIRECTION('',(0.,0.,1.));
#54 = DIRECTION('',(1.,0.,-0.));
#55 = AXIS2_PLACEMENT_3D('',#56,#57,#58);
#56 = CARTESIAN_POINT('',(0.,0.,0.));
#57 = DIRECTION('',(0.,0.,1.));
#58 = DIRECTION('',(1.,0.,-0.));
#59 = AXIS2_PLACEMENT_3D('',#60,#61,#62);
#60 = CARTESIAN_POINT('',(0.,0.,0.));
#61 = DIRECTION('',(0.,0.,1.));
#62 = DIRECTION('',(1.,0.,-0.));
#63 = AXIS2_PLACEMENT_3D('',#64,#65,#66);
#64 = CARTESIAN_POINT('',(0.,0.,0.));
#65 = DIRECTION('',(0.,0.,1.));
#66 = DIRECTION('',(1.,0.,-0.));
#67 = AXIS2_PLACEMENT_3D('',#68,#69,#70);
#68 = CARTESIAN_POINT('',(0.,0.,0.));
#69 = DIRECTION('',(0.,0.,1.));
#70 = DIRECTION('',(1.,0.,-0.));
#71 = AXIS2_PLACEMENT_3D('',#72,#73,#74);
#72 = CARTESIAN_POINT('',(0.,0.,0.));
#73 = DIRECTION('',(0.,0.,1.));
#74 = DIRECTION('',(1.,0.,-0.));
#75 = AXIS2_PLACEMENT_3D('',#76,#77,#78);
#76 = CARTESIAN_POINT('',(0.,0.,0.));
#77 = DIRECTION('',(0.,0.,1.));
#78 = DIRECTION('',(1.,0.,-0.));
#79 = AXIS2_PLACEMENT_3D('',#80,#81,#82);
#80 = CARTESIAN_POINT('',(0.,0.,0.));
#81 = DIRECTION('',(0.,0.,1.));
#82 = DIRECTION('',(1.,0.,-0.));
#83 = AXIS2_PLACEMENT_3D('',#84,#85,#86);
#84 = CARTESIAN_POINT('',(0.,0.,0.));
#85 = DIRECTION('',(0.,0.,1.));
#86 = DIRECTION('',(1.,0.,-0.));
#87 = AXIS2_PLACEMENT_3D('',#88,#89,#90);
#88 = CARTESIAN_POINT('',(0.,0.,0.));
#89 = DIRECTION('',(0.,0.,1.));
#90 = DIRECTION('',(1.,0.,-0.));
#91 = AXIS2_PLACEMENT_3D('',#92,#93,#94);
#92 = CARTESIAN_POINT('',(0.,0.,0.));
#93 = DIRECTION('',(0.,0.,1.));
#94 = DIRECTION('',(1.,0.,-0.));
#95 = AXIS2_PLACEMENT_3D('',#96,#97,#98);
#96 = CARTESIAN_POINT('',(0.,0.,0.));
#97 = DIRECTION('',(0.,0.,1.));
#98 = DIRECTION('',(1.,0.,-0.));
#99 = AXIS2_PLACEMENT_3D('',#100,#101,#102);
#100 = CARTESIAN_POINT('',(0.,0.,0.));
#101 = DIRECTION('',(0.,0.,1.));
#102 = DIRECTION('',(1.,0.,-0.));
#103 = AXIS2_PLACEMENT_3D('',#104,#105,#106);
#104 = CARTESIAN_POINT('',(0.,0.,0.));
#105 = DIRECTION('',(0.,0.,1.));
#106 = DIRECTION('',(1.,0.,-0.));
#107 = AXIS2_PLACEMENT_3D('',#108,#109,#110);
#108 = CARTESIAN_POINT('',(0.,0.,0.));
#109 = DIRECTION('',(0.,0.,1.));
#110 = DIRECTION('',(1.,0.,-0.));
#111 = AXIS2_PLACEMENT_3D('',#112,#113,#114);
#112 = CARTESIAN_POINT('',(0.,0.,0.));
#113 = DIRECTION('',(0.,0.,1.));
#114 = DIRECTION('',(1.,0.,-0.));
#115 = AXIS2_PLACEMENT_3D('',#116,#117,#118);
#116 = CARTESIAN_POINT('',(0.,0.,0.));
#117 = DIRECTION('',(0.,0.,1.));
#118 = DIRECTION('',(1.,0.,-0.));
#119 = AXIS2_PLACEMENT_3D('',#120,#121,#122);
#120 = CARTESIAN_POINT('',(0.,0.,0.));
#121 = DIRECTION('',(0.,0.,1.));
#122 = DIRECTION('',(1.,0.,-0.));
#123 = AXIS2_PLACEMENT_3D('',#124,#125,#126);
#124 = CARTESIAN_POINT('',(0.,0.,0.));
#125 = DIRECTION('',(0.,0.,1.));
#126 = DIRECTION('',(1.,0.,-0.));
#127 = AXIS2_PLACEMENT_3D('',#128,#129,#130);
#128 = CARTESIAN_POINT('',(0.,0.,0.));
#129 = DIRECTION('',(0.,0.,1.));
#130 = DIRECTION('',(1.,0.,-0.));
#131 = AXIS2_PLACEMENT_3D('',#132,#133,#134);
#132 = CARTESIAN_POINT('',(0.,0.,0.));
#133 = DIRECTION('',(0.,0.,1.));
#134 = DIRECTION('',(1.,0.,-0.));
#135 = AXIS2_PLACEMENT_3D('',#136,#137,#138);
#136 = CARTESIAN_POINT('',(0.,0.,0.));
#137 = DIRECTION('',(0.,0.,1.));
#138 = DIRECTION('',(1.,0.,-0.));
#139 = AXIS2_PLACEMENT_3D('',#140,#141,#142);
#140 = CARTESIAN_POINT('',(0.,0.,0.));
#141 = DIRECTION('',(0.,0.,1.));
#142 = DIRECTION('',(1.,0.,-0.));
#143 = AXIS2_PLACEMENT_3D('',#144,#145,#146);
#144 = CARTESIAN_POINT('',(0.,0.,0.));
#145 = DIRECTION('',(0.,0.,1.));
#146 = DIRECTION('',(1.,0.,-0.));
#147 = AXIS2_PLACEMENT_3D('',#148,#149,#150);
#148 = CARTESIAN_POINT('',(0.,0.,0.));
#149 = DIRECTION('',(0.,0.,1.));
#150 = DIRECTION('',(1.,0.,-0.));
#151 = AXIS2_PLACEMENT_3D('',#152,#153,#154);
#152 = CARTESIAN_POINT('',(0.,0.,0.));
#153 = DIRECTION('',(0.,0.,1.));
#154 = DIRECTION('',(1.,0.,-0.));
#155 = AXIS2_PLACEMENT_3D('',#156,#157,#158);
#156 = CARTESIAN_POINT('',(0.,0.,0.));
#157 = DIRECTION('',(0.,0.,1.));
#158 = DIRECTION('',(1.,0.,-0.));
#159 = AXIS2_PLACEMENT_3D('',#160,#161,#162);
#160 = CARTESIAN_POINT('',(0.,0.,0.));
#161 = DIRECTION('',(0.,0.,1.));
#162 = DIRECTION('',(1.,0.,-0.));
#163 = AXIS2_PLACEMENT_3D('',#164,#165,#166);
#164 = CARTESIAN_POINT('',(0.,0.,0.));
#165 = DIRECTION('',(0.,0.,1.));
#166 = DIRECTION('',(1.,0.,-0.));
#167 = AXIS2_PLACEMENT_3D('',#168,#169,#170);
#168 = CARTESIAN_POINT('',(0.,0.,0.));
#169 = DIRECTION('',(0.,0.,1.));
#170 = DIRECTION('',(1.,0.,-0.));
#171 = AXIS2_PLACEMENT_3D('',#172,#173,#174);
#172 = CARTESIAN_POINT('',(0.,0.,0.));
#173 = DIRECTION('',(0.,0.,1.));
#174 = DIRECTION('',(1.,0.,-0.));
#175 = AXIS2_PLACEMENT_3D('',#176,#177,#178);
#176 = CARTESIAN_POINT('',(0.,0.,0.));
#177 = DIRECTION('',(0.,0.,1.));
#178 = DIRECTION('',(1.,0.,-0.));
#179 = AXIS2_PLACEMENT_3D('',#180,#181,#182);
#180 = CARTESIAN_POINT('',(0.,0.,0.));
#181 = DIRECTION('',(0.,0.,1.));
#182 = DIRECTION('',(1.,0.,-0.));
#183 = AXIS2_PLACEMENT_3D('',#184,#185,#186);
#184 = CARTESIAN_POINT('',(0.,0.,0.));
#185 = DIRECTION('',(0.,0.,1.));
#186 = DIRECTION('',(1.,0.,-0.));
#187 = AXIS2_PLACEMENT_3D('',#188,#189,#190);
#188 = CARTESIAN_POINT('',(0.,0.,0.));
#189 = DIRECTION('',(0.,0.,1.));
#190 = DIRECTION('',(1.,0.,-0.));
#191 = AXIS2_PLACEMENT_3D('',#192,#193,#194);
#192 = CARTESIAN_POINT('',(0.,0.,0.));
#193 = DIRECTION('',(0.,0.,1.));
#194 = DIRECTION('',(1.,0.,-0.));
#195 = AXIS2_PLACEMENT_3D('',#196,#197,#198);
#196 = CARTESIAN_POINT('',(0.,0.,0.));
#197 = DIRECTION('',(0.,0.,1.));
#198 = DIRECTION('',(1.,0.,-0.));
#199 = AXIS2_PLACEMENT_3D('',#200,#201,#202);
#200 = CARTESIAN_POINT('',(0.,0.,0.));
#201 = DIRECTION('',(0.,0.,1.));
#202 = DIRECTION('',(1.,0.,-0.));
#203 = AXIS2_PLACEMENT_3D('',#204,#205,#206);
#204 = CARTESIAN_POINT('',(0.,0.,0.));
#205 = DIRECTION('',(0.,0.,1.));
#206 = DIRECTION('',(1.,0.,-0.));
#207 = AXIS2_PLACEMENT_3D('',#208,#209,#210);
#208 = CARTESIAN_POINT('',(0.,0.,0.));
#209 = DIRECTION('',(0.,0.,1.));
#210 = DIRECTION('',(1.,0.,-0.));
#211 = AXIS2_PLACEMENT_3D('',#212,#213,#214);
#212 = CARTESIAN_POINT('',(0.,0.,0.));
#213 = DIRECTION('',(0.,0.,1.));
#214 = DIRECTION('',(1.,0.,-0.));
#215 = AXIS2_PLACEMENT_3D('',#216,#217,#218);
#216 = CARTESIAN_POINT('',(0.,0.,0.));
#217 = DIRECTION('',(0.,0.,1.));
#218 = DIRECTION('',(1.,0.,-0.));
#219 = AXIS2_PLACEMENT_3D('',#220,#221,#222);
#220 = CARTESIAN_POINT('',(0.,0.,0.));
#221 = DIRECTION('',(0.,0.,1.));
#222 = DIRECTION('',(1.,0.,-0.));
#223 = AXIS2_PLACEMENT_3D('',#224,#225,#226);
#224 = CARTESIAN_POINT('',(0.,0.,0.));
#225 = DIRECTION('',(0.,0.,1.));
#226 = DIRECTION('',(1.,0.,-0.));
#227 = AXIS2_PLACEMENT_3D('',#228,#229,#230);
#228 = CARTESIAN_POINT('',(0.,0.,0.));
#229 = DIRECTION('',(0.,0.,1.));
#230 = DIRECTION('',(1.,0.,-0.));
#231 = AXIS2_PLACEMENT_3D('',#232,#233,#234);
#232 = CARTESIAN_POINT('',(0.,0.,0.));
#233 = DIRECTION('',(0.,0.,1.));
#234 = DIRECTION('',(1.,0.,-0.));
#235 = AXIS2_PLACEMENT_3D('',#236,#237,#238);
#236 = CARTESIAN_POINT('',(0.,0.,0.));
#237 = DIRECTION('',(0.,0.,1.));
#238 = DIRECTION('',(1.,0.,-0.));
#239 = AXIS2_PLACEMENT_3D('',#240,#241,#242);
#240 = CARTESIAN_POINT('',(0.,0.,0.));
#241 = DIRECTION('',(0.,0.,1.));
#242 = DIRECTION('',(1.,0.,-0.));
#243 = AXIS2_PLACEMENT_3D('',#244,#245,#246);
#244 = CARTESIAN_POINT('',(0.,0.,0.));
#245 = DIRECTION('',(0.,0.,1.));
#246 = DIRECTION('',(1.,0.,-0.));
#247 = AXIS2_PLACEMENT_3D('',#248,#249,#250);
#248 = CARTESIAN_POINT('',(0.,0.,0.));
#249 = DIRECTION('',(0.,0.,1.));
#250 = DIRECTION('',(1.,0.,-0.));
#251 = AXIS2_PLACEMENT_3D('',#252,#253,#254);
#252 = CARTESIAN_POINT('',(0.,0.,0.));
#253 = DIRECTION('',(0.,0.,1.));
#254 = DIRECTION('',(1.,0.,-0.));
#255 = AXIS2_PLACEMENT_3D('',#256,#257,#258);
#256 = CARTESIAN_POINT('',(0.,0.,0.));
#257 = DIRECTION('',(0.,0.,1.));
#258 = DIRECTION('',(1.,0.,-0.));
#259 = AXIS2_PLACEMENT_3D('',#260,#261,#262);
#260 = CARTESIAN_POINT('',(0.,0.,0.));
#261 = DIRECTION('',(0.,0.,1.));
#262 = DIRECTION('',(1.,0.,-0.));
#263 = ( GEOMETRIC_REPRESENTATION_CONTEXT(3) 
GLOBAL_UNCERTAINTY_ASSIGNED_CONTEXT((#267)) GLOBAL_UNIT_ASSIGNED_CONTEXT
((#264,#265,#266)) REPRESENTATION_CONTEXT('Context #1',
  '3D Context with UNIT and UNCERTAINTY') );
#264 = ( LENGTH_UNIT() NAMED_UNIT(*) SI_UNIT(.MILLI.,.METRE.) );
#265 = ( NAMED_UNIT(*) PLANE_ANGLE_UNIT() SI_UNIT($,.RADIAN.) );
#266 = ( NAMED_UNIT(*) SI_UNIT($,.STERADIAN.) SOLID_ANGLE_UNIT() );
#267 = UNCERTAINTY_MEASURE_WITH_UNIT(LENGTH_MEASURE(1.E-07),#264,
  'distance_accuracy_value','confusion accuracy');
#268 = PRODUCT_RELATED_PRODUCT_CATEGORY('part',$,(#7));
#269 = SHAPE_DEFINITION_REPRESENTATION(#270,#276);
#270 = PRODUCT_DEFINITION_SHAPE('','',#271);
#271 = PRODUCT_DEFINITION('design','',#272,#275);
#272 = PRODUCT_DEFINITION_FORMATION('','',#273);
#273 = PRODUCT('_autosave-connection pcb_track_1',
  '_autosave-connection pcb_track_1','',(#274));
#274 = PRODUCT_CONTEXT('',#2,'mechanical');
#275 = PRODUCT_DEFINITION_CONTEXT('part definition',#2,'design');
#276 = ADVANCED_BREP_SHAPE_REPRESENTATION('',(#11,#277),#431);
#277 = MANIFOLD_SOLID_BREP('',#278);
#278 = CLOSED_SHELL('',(#279,#319,#352,#383,#407,#419));
#279 = ADVANCED_FACE('',(#280),#314,.F.);
#280 = FACE_BOUND('',#281,.F.);
#281 = EDGE_LOOP('',(#282,#292,#300,#308));
#282 = ORIENTED_EDGE('',*,*,#283,.T.);
#283 = EDGE_CURVE('',#284,#286,#288,.T.);
#284 = VERTEX_POINT('',#285);
#285 = CARTESIAN_POINT('',(133.068933,-108.681066,1.6));
#286 = VERTEX_POINT('',#287);
#287 = CARTESIAN_POINT('',(133.068933,-108.681066,1.635));
#288 = LINE('',#289,#290);
#289 = CARTESIAN_POINT('',(133.068933,-108.681066,1.6));
#290 = VECTOR('',#291,1.);
#291 = DIRECTION('',(0.,0.,1.));
#292 = ORIENTED_EDGE('',*,*,#293,.T.);
#293 = EDGE_CURVE('',#286,#294,#296,.T.);
#294 = VERTEX_POINT('',#295);
#295 = CARTESIAN_POINT('',(134.193933,-109.806066,1.635));
#296 = LINE('',#297,#298);
#297 = CARTESIAN_POINT('',(133.068933,-108.681066,1.635));
#298 = VECTOR('',#299,1.);
#299 = DIRECTION('',(0.707106781187,-0.707106781187,0.));
#300 = ORIENTED_EDGE('',*,*,#301,.F.);
#301 = EDGE_CURVE('',#302,#294,#304,.T.);
#302 = VERTEX_POINT('',#303);
#303 = CARTESIAN_POINT('',(134.193933,-109.806066,1.6));
#304 = LINE('',#305,#306);
#305 = CARTESIAN_POINT('',(134.193933,-109.806066,1.6));
#306 = VECTOR('',#307,1.);
#307 = DIRECTION('',(0.,0.,1.));
#308 = ORIENTED_EDGE('',*,*,#309,.F.);
#309 = EDGE_CURVE('',#284,#302,#310,.T.);
#310 = LINE('',#311,#312);
#311 = CARTESIAN_POINT('',(133.068933,-108.681066,1.6));
#312 = VECTOR('',#313,1.);
#313 = DIRECTION('',(0.707106781187,-0.707106781187,0.));
#314 = PLANE('',#315);
#315 = AXIS2_PLACEMENT_3D('',#316,#317,#318);
#316 = CARTESIAN_POINT('',(133.068933,-108.681066,1.6));
#317 = DIRECTION('',(0.707106781187,0.707106781187,-0.));
#318 = DIRECTION('',(0.707106781187,-0.707106781187,0.));
#319 = ADVANCED_FACE('',(#320),#347,.T.);
#320 = FACE_BOUND('',#321,.F.);
#321 = EDGE_LOOP('',(#322,#323,#332,#340));
#322 = ORIENTED_EDGE('',*,*,#301,.T.);
#323 = ORIENTED_EDGE('',*,*,#324,.T.);
#324 = EDGE_CURVE('',#294,#325,#327,.T.);
#325 = VERTEX_POINT('',#326);
#326 = CARTESIAN_POINT('',(134.406066,-109.593933,1.635));
#327 = CIRCLE('',#328,0.150000682813);
#328 = AXIS2_PLACEMENT_3D('',#329,#330,#331);
#329 = CARTESIAN_POINT('',(134.2999995,-109.6999995,1.635));
#330 = DIRECTION('',(0.,0.,1.));
#331 = DIRECTION('',(-0.707106781187,-0.707106781186,0.));
#332 = ORIENTED_EDGE('',*,*,#333,.F.);
#333 = EDGE_CURVE('',#334,#325,#336,.T.);
#334 = VERTEX_POINT('',#335);
#335 = CARTESIAN_POINT('',(134.406066,-109.593933,1.6));
#336 = LINE('',#337,#338);
#337 = CARTESIAN_POINT('',(134.406066,-109.593933,1.6));
#338 = VECTOR('',#339,1.);
#339 = DIRECTION('',(0.,0.,1.));
#340 = ORIENTED_EDGE('',*,*,#341,.F.);
#341 = EDGE_CURVE('',#302,#334,#342,.T.);
#342 = CIRCLE('',#343,0.150000682813);
#343 = AXIS2_PLACEMENT_3D('',#344,#345,#346);
#344 = CARTESIAN_POINT('',(134.2999995,-109.6999995,1.6));
#345 = DIRECTION('',(0.,0.,1.));
#346 = DIRECTION('',(-0.707106781187,-0.707106781186,0.));
#347 = CYLINDRICAL_SURFACE('',#348,0.150000682813);
#348 = AXIS2_PLACEMENT_3D('',#349,#350,#351);
#349 = CARTESIAN_POINT('',(134.2999995,-109.6999995,1.6));
#350 = DIRECTION('',(-0.,-0.,-1.));
#351 = DIRECTION('',(-0.707106781187,-0.707106781186,0.));
#352 = ADVANCED_FACE('',(#353),#378,.F.);
#353 = FACE_BOUND('',#354,.F.);
#354 = EDGE_LOOP('',(#355,#356,#364,#372));
#355 = ORIENTED_EDGE('',*,*,#333,.T.);
#356 = ORIENTED_EDGE('',*,*,#357,.T.);
#357 = EDGE_CURVE('',#325,#358,#360,.T.);
#358 = VERTEX_POINT('',#359);
#359 = CARTESIAN_POINT('',(133.281066,-108.468933,1.635));
#360 = LINE('',#361,#362);
#361 = CARTESIAN_POINT('',(134.406066,-109.593933,1.635));
#362 = VECTOR('',#363,1.);
#363 = DIRECTION('',(-0.707106781187,0.707106781187,0.));
#364 = ORIENTED_EDGE('',*,*,#365,.F.);
#365 = EDGE_CURVE('',#366,#358,#368,.T.);
#366 = VERTEX_POINT('',#367);
#367 = CARTESIAN_POINT('',(133.281066,-108.468933,1.6));
#368 = LINE('',#369,#370);
#369 = CARTESIAN_POINT('',(133.281066,-108.468933,1.6));
#370 = VECTOR('',#371,1.);
#371 = DIRECTION('',(0.,0.,1.));
#372 = ORIENTED_EDGE('',*,*,#373,.F.);
#373 = EDGE_CURVE('',#334,#366,#374,.T.);
#374 = LINE('',#375,#376);
#375 = CARTESIAN_POINT('',(134.406066,-109.593933,1.6));
#376 = VECTOR('',#377,1.);
#377 = DIRECTION('',(-0.707106781187,0.707106781187,0.));
#378 = PLANE('',#379);
#379 = AXIS2_PLACEMENT_3D('',#380,#381,#382);
#380 = CARTESIAN_POINT('',(134.406066,-109.593933,1.6));
#381 = DIRECTION('',(-0.707106781187,-0.707106781187,0.));
#382 = DIRECTION('',(-0.707106781187,0.707106781187,0.));
#383 = ADVANCED_FACE('',(#384),#402,.T.);
#384 = FACE_BOUND('',#385,.F.);
#385 = EDGE_LOOP('',(#386,#387,#394,#395));
#386 = ORIENTED_EDGE('',*,*,#365,.T.);
#387 = ORIENTED_EDGE('',*,*,#388,.T.);
#388 = EDGE_CURVE('',#358,#286,#389,.T.);
#389 = CIRCLE('',#390,0.150000682813);
#390 = AXIS2_PLACEMENT_3D('',#391,#392,#393);
#391 = CARTESIAN_POINT('',(133.1749995,-108.5749995,1.635));
#392 = DIRECTION('',(0.,0.,1.));
#393 = DIRECTION('',(0.707106781187,0.707106781187,-0.));
#394 = ORIENTED_EDGE('',*,*,#283,.F.);
#395 = ORIENTED_EDGE('',*,*,#396,.F.);
#396 = EDGE_CURVE('',#366,#284,#397,.T.);
#397 = CIRCLE('',#398,0.150000682813);
#398 = AXIS2_PLACEMENT_3D('',#399,#400,#401);
#399 = CARTESIAN_POINT('',(133.1749995,-108.5749995,1.6));
#400 = DIRECTION('',(0.,0.,1.));
#401 = DIRECTION('',(0.707106781187,0.707106781187,-0.));
#402 = CYLINDRICAL_SURFACE('',#403,0.150000682813);
#403 = AXIS2_PLACEMENT_3D('',#404,#405,#406);
#404 = CARTESIAN_POINT('',(133.1749995,-108.5749995,1.6));
#405 = DIRECTION('',(-0.,-0.,-1.));
#406 = DIRECTION('',(0.707106781187,0.707106781187,-0.));
#407 = ADVANCED_FACE('',(#408),#414,.F.);
#408 = FACE_BOUND('',#409,.F.);
#409 = EDGE_LOOP('',(#410,#411,#412,#413));
#410 = ORIENTED_EDGE('',*,*,#309,.T.);
#411 = ORIENTED_EDGE('',*,*,#341,.T.);
#412 = ORIENTED_EDGE('',*,*,#373,.T.);
#413 = ORIENTED_EDGE('',*,*,#396,.T.);
#414 = PLANE('',#415);
#415 = AXIS2_PLACEMENT_3D('',#416,#417,#418);
#416 = CARTESIAN_POINT('',(133.068933,-108.681066,1.6));
#417 = DIRECTION('',(0.,0.,1.));
#418 = DIRECTION('',(1.,0.,-0.));
#419 = ADVANCED_FACE('',(#420),#426,.T.);
#420 = FACE_BOUND('',#421,.T.);
#421 = EDGE_LOOP('',(#422,#423,#424,#425));
#422 = ORIENTED_EDGE('',*,*,#293,.T.);
#423 = ORIENTED_EDGE('',*,*,#324,.T.);
#424 = ORIENTED_EDGE('',*,*,#357,.T.);
#425 = ORIENTED_EDGE('',*,*,#388,.T.);
#426 = PLANE('',#427);
#427 = AXIS2_PLACEMENT_3D('',#428,#429,#430);
#428 = CARTESIAN_POINT('',(133.068933,-108.681066,1.635));
#429 = DIRECTION('',(0.,0.,1.));
#430 = DIRECTION('',(1.,0.,-0.));
#431 = ( GEOMETRIC_REPRESENTATION_CONTEXT(3) 
GLOBAL_UNCERTAINTY_ASSIGNED_CONTEXT((#435)) GLOBAL_UNIT_ASSIGNED_CONTEXT
((#432,#433,#434)) REPRESENTATION_CONTEXT('Context #1',
  '3D Context with UNIT and UNCERTAINTY') );
#432 = ( LENGTH_UNIT() NAMED_UNIT(*) SI_UNIT(.MILLI.,.METRE.) );
#433 = ( NAMED_UNIT(*) PLANE_ANGLE_UNIT() SI_UNIT($,.RADIAN.) );
#434 = ( NAMED_UNIT(*) SI_UNIT($,.STERADIAN.) SOLID_ANGLE_UNIT() );
#435 = UNCERTAINTY_MEASURE_WITH_UNIT(LENGTH_MEASURE(1.E-07),#432,
  'distance_accuracy_value','confusion accuracy');
#436 = CONTEXT_DEPENDENT_SHAPE_REPRESENTATION(#437,#439);
#437 = ( REPRESENTATION_RELATIONSHIP('','',#276,#10) 
REPRESENTATION_RELATIONSHIP_WITH_TRANSFORMATION(#438) 
SHAPE_REPRESENTATION_RELATIONSHIP() );
#438 = ITEM_DEFINED_TRANSFORMATION('','',#11,#15);
#439 = PRODUCT_DEFINITION_SHAPE('Placement','Placement of an item',#440
  );
#440 = NEXT_ASSEMBLY_USAGE_OCCURRENCE('1','=>[0:1:1:2]','',#5,#271,$);
#441 = PRODUCT_RELATED_PRODUCT_CATEGORY('part',$,(#273));
#442 = SHAPE_DEFINITION_REPRESENTATION(#443,#449);
#443 = PRODUCT_DEFINITION_SHAPE('','',#444);
#444 = PRODUCT_DEFINITION('design','',#445,#448);
#445 = PRODUCT_DEFINITION_FORMATION('','',#446);
#446 = PRODUCT('_autosave-connection pcb_track_2',
  '_autosave-connection pcb_track_2','',(#447));
#447 = PRODUCT_CONTEXT('',#2,'mechanical');
#448 = PRODUCT_DEFINITION_CONTEXT('part definition',#2,'design');
#449 = ADVANCED_BREP_SHAPE_REPRESENTATION('',(#11,#450),#604);
#450 = MANIFOLD_SOLID_BREP('',#451);
#451 = CLOSED_SHELL('',(#452,#492,#525,#556,#580,#592));
#452 = ADVANCED_FACE('',(#453),#487,.F.);
#453 = FACE_BOUND('',#454,.F.);
#454 = EDGE_LOOP('',(#455,#465,#473,#481));
#455 = ORIENTED_EDGE('',*,*,#456,.T.);
#456 = EDGE_CURVE('',#457,#459,#461,.T.);
#457 = VERTEX_POINT('',#458);
#458 = CARTESIAN_POINT('',(134.093933,-97.693933,1.6));
#459 = VERTEX_POINT('',#460);
#460 = CARTESIAN_POINT('',(134.093933,-97.693933,1.635));
#461 = LINE('',#462,#463);
#462 = CARTESIAN_POINT('',(134.093933,-97.693933,1.6));
#463 = VECTOR('',#464,1.);
#464 = DIRECTION('',(0.,0.,1.));
#465 = ORIENTED_EDGE('',*,*,#466,.T.);
#466 = EDGE_CURVE('',#459,#467,#469,.T.);
#467 = VERTEX_POINT('',#468);
#468 = CARTESIAN_POINT('',(133.068933,-98.718933,1.635));
#469 = LINE('',#470,#471);
#470 = CARTESIAN_POINT('',(134.093933,-97.693933,1.635));
#471 = VECTOR('',#472,1.);
#472 = DIRECTION('',(-0.707106781187,-0.707106781187,0.));
#473 = ORIENTED_EDGE('',*,*,#474,.F.);
#474 = EDGE_CURVE('',#475,#467,#477,.T.);
#475 = VERTEX_POINT('',#476);
#476 = CARTESIAN_POINT('',(133.068933,-98.718933,1.6));
#477 = LINE('',#478,#479);
#478 = CARTESIAN_POINT('',(133.068933,-98.718933,1.6));
#479 = VECTOR('',#480,1.);
#480 = DIRECTION('',(0.,0.,1.));
#481 = ORIENTED_EDGE('',*,*,#482,.F.);
#482 = EDGE_CURVE('',#457,#475,#483,.T.);
#483 = LINE('',#484,#485);
#484 = CARTESIAN_POINT('',(134.093933,-97.693933,1.6));
#485 = VECTOR('',#486,1.);
#486 = DIRECTION('',(-0.707106781187,-0.707106781187,0.));
#487 = PLANE('',#488);
#488 = AXIS2_PLACEMENT_3D('',#489,#490,#491);
#489 = CARTESIAN_POINT('',(134.093933,-97.693933,1.6));
#490 = DIRECTION('',(0.707106781187,-0.707106781187,0.));
#491 = DIRECTION('',(-0.707106781187,-0.707106781187,0.));
#492 = ADVANCED_FACE('',(#493),#520,.T.);
#493 = FACE_BOUND('',#494,.F.);
#494 = EDGE_LOOP('',(#495,#496,#505,#513));
#495 = ORIENTED_EDGE('',*,*,#474,.T.);
#496 = ORIENTED_EDGE('',*,*,#497,.T.);
#497 = EDGE_CURVE('',#467,#498,#500,.T.);
#498 = VERTEX_POINT('',#499);
#499 = CARTESIAN_POINT('',(133.281066,-98.931066,1.635));
#500 = CIRCLE('',#501,0.150000682813);
#501 = AXIS2_PLACEMENT_3D('',#502,#503,#504);
#502 = CARTESIAN_POINT('',(133.1749995,-98.8249995,1.635));
#503 = DIRECTION('',(0.,0.,1.));
#504 = DIRECTION('',(-0.707106781187,0.707106781186,-0.));
#505 = ORIENTED_EDGE('',*,*,#506,.F.);
#506 = EDGE_CURVE('',#507,#498,#509,.T.);
#507 = VERTEX_POINT('',#508);
#508 = CARTESIAN_POINT('',(133.281066,-98.931066,1.6));
#509 = LINE('',#510,#511);
#510 = CARTESIAN_POINT('',(133.281066,-98.931066,1.6));
#511 = VECTOR('',#512,1.);
#512 = DIRECTION('',(0.,0.,1.));
#513 = ORIENTED_EDGE('',*,*,#514,.F.);
#514 = EDGE_CURVE('',#475,#507,#515,.T.);
#515 = CIRCLE('',#516,0.150000682813);
#516 = AXIS2_PLACEMENT_3D('',#517,#518,#519);
#517 = CARTESIAN_POINT('',(133.1749995,-98.8249995,1.6));
#518 = DIRECTION('',(0.,0.,1.));
#519 = DIRECTION('',(-0.707106781187,0.707106781186,-0.));
#520 = CYLINDRICAL_SURFACE('',#521,0.150000682813);
#521 = AXIS2_PLACEMENT_3D('',#522,#523,#524);
#522 = CARTESIAN_POINT('',(133.1749995,-98.8249995,1.6));
#523 = DIRECTION('',(-0.,-0.,-1.));
#524 = DIRECTION('',(-0.707106781187,0.707106781186,-0.));
#525 = ADVANCED_FACE('',(#526),#551,.F.);
#526 = FACE_BOUND('',#527,.F.);
#527 = EDGE_LOOP('',(#528,#529,#537,#545));
#528 = ORIENTED_EDGE('',*,*,#506,.T.);
#529 = ORIENTED_EDGE('',*,*,#530,.T.);
#530 = EDGE_CURVE('',#498,#531,#533,.T.);
#531 = VERTEX_POINT('',#532);
#532 = CARTESIAN_POINT('',(134.306066,-97.906066,1.635));
#533 = LINE('',#534,#535);
#534 = CARTESIAN_POINT('',(133.281066,-98.931066,1.635));
#535 = VECTOR('',#536,1.);
#536 = DIRECTION('',(0.707106781187,0.707106781187,0.));
#537 = ORIENTED_EDGE('',*,*,#538,.F.);
#538 = EDGE_CURVE('',#539,#531,#541,.T.);
#539 = VERTEX_POINT('',#540);
#540 = CARTESIAN_POINT('',(134.306066,-97.906066,1.6));
#541 = LINE('',#542,#543);
#542 = CARTESIAN_POINT('',(134.306066,-97.906066,1.6));
#543 = VECTOR('',#544,1.);
#544 = DIRECTION('',(0.,0.,1.));
#545 = ORIENTED_EDGE('',*,*,#546,.F.);
#546 = EDGE_CURVE('',#507,#539,#547,.T.);
#547 = LINE('',#548,#549);
#548 = CARTESIAN_POINT('',(133.281066,-98.931066,1.6));
#549 = VECTOR('',#550,1.);
#550 = DIRECTION('',(0.707106781187,0.707106781187,0.));
#551 = PLANE('',#552);
#552 = AXIS2_PLACEMENT_3D('',#553,#554,#555);
#553 = CARTESIAN_POINT('',(133.281066,-98.931066,1.6));
#554 = DIRECTION('',(-0.707106781187,0.707106781187,0.));
#555 = DIRECTION('',(0.707106781187,0.707106781187,0.));
#556 = ADVANCED_FACE('',(#557),#575,.T.);
#557 = FACE_BOUND('',#558,.F.);
#558 = EDGE_LOOP('',(#559,#560,#567,#568));
#559 = ORIENTED_EDGE('',*,*,#538,.T.);
#560 = ORIENTED_EDGE('',*,*,#561,.T.);
#561 = EDGE_CURVE('',#531,#459,#562,.T.);
#562 = CIRCLE('',#563,0.150000682813);
#563 = AXIS2_PLACEMENT_3D('',#564,#565,#566);
#564 = CARTESIAN_POINT('',(134.1999995,-97.7999995,1.635));
#565 = DIRECTION('',(0.,-0.,1.));
#566 = DIRECTION('',(0.707106781187,-0.707106781187,-0.));
#567 = ORIENTED_EDGE('',*,*,#456,.F.);
#568 = ORIENTED_EDGE('',*,*,#569,.F.);
#569 = EDGE_CURVE('',#539,#457,#570,.T.);
#570 = CIRCLE('',#571,0.150000682813);
#571 = AXIS2_PLACEMENT_3D('',#572,#573,#574);
#572 = CARTESIAN_POINT('',(134.1999995,-97.7999995,1.6));
#573 = DIRECTION('',(0.,-0.,1.));
#574 = DIRECTION('',(0.707106781187,-0.707106781187,-0.));
#575 = CYLINDRICAL_SURFACE('',#576,0.150000682813);
#576 = AXIS2_PLACEMENT_3D('',#577,#578,#579);
#577 = CARTESIAN_POINT('',(134.1999995,-97.7999995,1.6));
#578 = DIRECTION('',(-0.,0.,-1.));
#579 = DIRECTION('',(0.707106781187,-0.707106781187,-0.));
#580 = ADVANCED_FACE('',(#581),#587,.F.);
#581 = FACE_BOUND('',#582,.F.);
#582 = EDGE_LOOP('',(#583,#584,#585,#586));
#583 = ORIENTED_EDGE('',*,*,#482,.T.);
#584 = ORIENTED_EDGE('',*,*,#514,.T.);
#585 = ORIENTED_EDGE('',*,*,#546,.T.);
#586 = ORIENTED_EDGE('',*,*,#569,.T.);
#587 = PLANE('',#588);
#588 = AXIS2_PLACEMENT_3D('',#589,#590,#591);
#589 = CARTESIAN_POINT('',(134.093933,-97.693933,1.6));
#590 = DIRECTION('',(0.,0.,1.));
#591 = DIRECTION('',(1.,0.,-0.));
#592 = ADVANCED_FACE('',(#593),#599,.T.);
#593 = FACE_BOUND('',#594,.T.);
#594 = EDGE_LOOP('',(#595,#596,#597,#598));
#595 = ORIENTED_EDGE('',*,*,#466,.T.);
#596 = ORIENTED_EDGE('',*,*,#497,.T.);
#597 = ORIENTED_EDGE('',*,*,#530,.T.);
#598 = ORIENTED_EDGE('',*,*,#561,.T.);
#599 = PLANE('',#600);
#600 = AXIS2_PLACEMENT_3D('',#601,#602,#603);
#601 = CARTESIAN_POINT('',(134.093933,-97.693933,1.635));
#602 = DIRECTION('',(0.,0.,1.));
#603 = DIRECTION('',(1.,0.,-0.));
#604 = ( GEOMETRIC_REPRESENTATION_CONTEXT(3) 
GLOBAL_UNCERTAINTY_ASSIGNED_CONTEXT((#608)) GLOBAL_UNIT_ASSIGNED_CONTEXT
((#605,#606,#607)) REPRESENTATION_CONTEXT('Context #1',
  '3D Context with UNIT and UNCERTAINTY') );
#605 = ( LENGTH_UNIT() NAMED_UNIT(*) SI_UNIT(.MILLI.,.METRE.) );
#606 = ( NAMED_UNIT(*) PLANE_ANGLE_UNIT() SI_UNIT($,.RADIAN.) );
#607 = ( NAMED_UNIT(*) SI_UNIT($,.STERADIAN.) SOLID_ANGLE_UNIT() );
#608 = UNCERTAINTY_MEASURE_WITH_UNIT(LENGTH_MEASURE(1.E-07),#605,
  'distance_accuracy_value','confusion accuracy');
#609 = CONTEXT_DEPENDENT_SHAPE_REPRESENTATION(#610,#612);
#610 = ( REPRESENTATION_RELATIONSHIP('','',#449,#10) 
REPRESENTATION_RELATIONSHIP_WITH_TRANSFORMATION(#611) 
SHAPE_REPRESENTATION_RELATIONSHIP() );
#611 = ITEM_DEFINED_TRANSFORMATION('','',#11,#19);
#612 = PRODUCT_DEFINITION_SHAPE('Placement','Placement of an item',#613
  );
#613 = NEXT_ASSEMBLY_USAGE_OCCURRENCE('2','=>[0:1:1:3]','',#5,#444,$);
#614 = PRODUCT_RELATED_PRODUCT_CATEGORY('part',$,(#446));
#615 = SHAPE_DEFINITION_REPRESENTATION(#616,#622);
#616 = PRODUCT_DEFINITION_SHAPE('','',#617);
#617 = PRODUCT_DEFINITION('design','',#618,#621);
#618 = PRODUCT_DEFINITION_FORMATION('','',#619);
#619 = PRODUCT('_autosave-connection pcb_track_3',
  '_autosave-connection pcb_track_3','',(#620));
#620 = PRODUCT_CONTEXT('',#2,'mechanical');
#621 = PRODUCT_DEFINITION_CONTEXT('part definition',#2,'design');
#622 = ADVANCED_BREP_SHAPE_REPRESENTATION('',(#11,#623),#777);
#623 = MANIFOLD_SOLID_BREP('',#624);
#624 = CLOSED_SHELL('',(#625,#665,#698,#729,#753,#765));
#625 = ADVANCED_FACE('',(#626),#660,.F.);
#626 = FACE_BOUND('',#627,.F.);
#627 = EDGE_LOOP('',(#628,#638,#646,#654));
#628 = ORIENTED_EDGE('',*,*,#629,.T.);
#629 = EDGE_CURVE('',#630,#632,#634,.T.);
#630 = VERTEX_POINT('',#631);
#631 = CARTESIAN_POINT('',(133.025,-98.825,1.6));
#632 = VERTEX_POINT('',#633);
#633 = CARTESIAN_POINT('',(133.025,-98.825,1.635));
#634 = LINE('',#635,#636);
#635 = CARTESIAN_POINT('',(133.025,-98.825,1.6));
#636 = VECTOR('',#637,1.);
#637 = DIRECTION('',(0.,0.,1.));
#638 = ORIENTED_EDGE('',*,*,#639,.T.);
#639 = EDGE_CURVE('',#632,#640,#642,.T.);
#640 = VERTEX_POINT('',#641);
#641 = CARTESIAN_POINT('',(133.025,-108.575,1.635));
#642 = LINE('',#643,#644);
#643 = CARTESIAN_POINT('',(133.025,-98.825,1.635));
#644 = VECTOR('',#645,1.);
#645 = DIRECTION('',(0.,-1.,0.));
#646 = ORIENTED_EDGE('',*,*,#647,.F.);
#647 = EDGE_CURVE('',#648,#640,#650,.T.);
#648 = VERTEX_POINT('',#649);
#649 = CARTESIAN_POINT('',(133.025,-108.575,1.6));
#650 = LINE('',#651,#652);
#651 = CARTESIAN_POINT('',(133.025,-108.575,1.6));
#652 = VECTOR('',#653,1.);
#653 = DIRECTION('',(0.,0.,1.));
#654 = ORIENTED_EDGE('',*,*,#655,.F.);
#655 = EDGE_CURVE('',#630,#648,#656,.T.);
#656 = LINE('',#657,#658);
#657 = CARTESIAN_POINT('',(133.025,-98.825,1.6));
#658 = VECTOR('',#659,1.);
#659 = DIRECTION('',(0.,-1.,0.));
#660 = PLANE('',#661);
#661 = AXIS2_PLACEMENT_3D('',#662,#663,#664);
#662 = CARTESIAN_POINT('',(133.025,-98.825,1.6));
#663 = DIRECTION('',(1.,0.,-0.));
#664 = DIRECTION('',(0.,-1.,0.));
#665 = ADVANCED_FACE('',(#666),#693,.T.);
#666 = FACE_BOUND('',#667,.F.);
#667 = EDGE_LOOP('',(#668,#669,#678,#686));
#668 = ORIENTED_EDGE('',*,*,#647,.T.);
#669 = ORIENTED_EDGE('',*,*,#670,.T.);
#670 = EDGE_CURVE('',#640,#671,#673,.T.);
#671 = VERTEX_POINT('',#672);
#672 = CARTESIAN_POINT('',(133.325,-108.575,1.635));
#673 = CIRCLE('',#674,0.15);
#674 = AXIS2_PLACEMENT_3D('',#675,#676,#677);
#675 = CARTESIAN_POINT('',(133.175,-108.575,1.635));
#676 = DIRECTION('',(0.,0.,1.));
#677 = DIRECTION('',(-1.,9.473903143468E-14,-0.));
#678 = ORIENTED_EDGE('',*,*,#679,.F.);
#679 = EDGE_CURVE('',#680,#671,#682,.T.);
#680 = VERTEX_POINT('',#681);
#681 = CARTESIAN_POINT('',(133.325,-108.575,1.6));
#682 = LINE('',#683,#684);
#683 = CARTESIAN_POINT('',(133.325,-108.575,1.6));
#684 = VECTOR('',#685,1.);
#685 = DIRECTION('',(0.,0.,1.));
#686 = ORIENTED_EDGE('',*,*,#687,.F.);
#687 = EDGE_CURVE('',#648,#680,#688,.T.);
#688 = CIRCLE('',#689,0.15);
#689 = AXIS2_PLACEMENT_3D('',#690,#691,#692);
#690 = CARTESIAN_POINT('',(133.175,-108.575,1.6));
#691 = DIRECTION('',(0.,0.,1.));
#692 = DIRECTION('',(-1.,9.473903143468E-14,-0.));
#693 = CYLINDRICAL_SURFACE('',#694,0.15);
#694 = AXIS2_PLACEMENT_3D('',#695,#696,#697);
#695 = CARTESIAN_POINT('',(133.175,-108.575,1.6));
#696 = DIRECTION('',(-0.,-0.,-1.));
#697 = DIRECTION('',(-1.,9.473903143468E-14,-0.));
#698 = ADVANCED_FACE('',(#699),#724,.F.);
#699 = FACE_BOUND('',#700,.F.);
#700 = EDGE_LOOP('',(#701,#702,#710,#718));
#701 = ORIENTED_EDGE('',*,*,#679,.T.);
#702 = ORIENTED_EDGE('',*,*,#703,.T.);
#703 = EDGE_CURVE('',#671,#704,#706,.T.);
#704 = VERTEX_POINT('',#705);
#705 = CARTESIAN_POINT('',(133.325,-98.825,1.635));
#706 = LINE('',#707,#708);
#707 = CARTESIAN_POINT('',(133.325,-108.575,1.635));
#708 = VECTOR('',#709,1.);
#709 = DIRECTION('',(0.,1.,0.));
#710 = ORIENTED_EDGE('',*,*,#711,.F.);
#711 = EDGE_CURVE('',#712,#704,#714,.T.);
#712 = VERTEX_POINT('',#713);
#713 = CARTESIAN_POINT('',(133.325,-98.825,1.6));
#714 = LINE('',#715,#716);
#715 = CARTESIAN_POINT('',(133.325,-98.825,1.6));
#716 = VECTOR('',#717,1.);
#717 = DIRECTION('',(0.,0.,1.));
#718 = ORIENTED_EDGE('',*,*,#719,.F.);
#719 = EDGE_CURVE('',#680,#712,#720,.T.);
#720 = LINE('',#721,#722);
#721 = CARTESIAN_POINT('',(133.325,-108.575,1.6));
#722 = VECTOR('',#723,1.);
#723 = DIRECTION('',(0.,1.,0.));
#724 = PLANE('',#725);
#725 = AXIS2_PLACEMENT_3D('',#726,#727,#728);
#726 = CARTESIAN_POINT('',(133.325,-108.575,1.6));
#727 = DIRECTION('',(-1.,0.,0.));
#728 = DIRECTION('',(0.,1.,0.));
#729 = ADVANCED_FACE('',(#730),#748,.T.);
#730 = FACE_BOUND('',#731,.F.);
#731 = EDGE_LOOP('',(#732,#733,#740,#741));
#732 = ORIENTED_EDGE('',*,*,#711,.T.);
#733 = ORIENTED_EDGE('',*,*,#734,.T.);
#734 = EDGE_CURVE('',#704,#632,#735,.T.);
#735 = CIRCLE('',#736,0.15);
#736 = AXIS2_PLACEMENT_3D('',#737,#738,#739);
#737 = CARTESIAN_POINT('',(133.175,-98.825,1.635));
#738 = DIRECTION('',(0.,0.,1.));
#739 = DIRECTION('',(1.,-9.473903143469E-14,0.));
#740 = ORIENTED_EDGE('',*,*,#629,.F.);
#741 = ORIENTED_EDGE('',*,*,#742,.F.);
#742 = EDGE_CURVE('',#712,#630,#743,.T.);
#743 = CIRCLE('',#744,0.15);
#744 = AXIS2_PLACEMENT_3D('',#745,#746,#747);
#745 = CARTESIAN_POINT('',(133.175,-98.825,1.6));
#746 = DIRECTION('',(0.,0.,1.));
#747 = DIRECTION('',(1.,-9.473903143469E-14,0.));
#748 = CYLINDRICAL_SURFACE('',#749,0.15);
#749 = AXIS2_PLACEMENT_3D('',#750,#751,#752);
#750 = CARTESIAN_POINT('',(133.175,-98.825,1.6));
#751 = DIRECTION('',(-0.,-0.,-1.));
#752 = DIRECTION('',(1.,-9.473903143469E-14,0.));
#753 = ADVANCED_FACE('',(#754),#760,.F.);
#754 = FACE_BOUND('',#755,.F.);
#755 = EDGE_LOOP('',(#756,#757,#758,#759));
#756 = ORIENTED_EDGE('',*,*,#655,.T.);
#757 = ORIENTED_EDGE('',*,*,#687,.T.);
#758 = ORIENTED_EDGE('',*,*,#719,.T.);
#759 = ORIENTED_EDGE('',*,*,#742,.T.);
#760 = PLANE('',#761);
#761 = AXIS2_PLACEMENT_3D('',#762,#763,#764);
#762 = CARTESIAN_POINT('',(133.025,-98.825,1.6));
#763 = DIRECTION('',(0.,0.,1.));
#764 = DIRECTION('',(1.,0.,-0.));
#765 = ADVANCED_FACE('',(#766),#772,.T.);
#766 = FACE_BOUND('',#767,.T.);
#767 = EDGE_LOOP('',(#768,#769,#770,#771));
#768 = ORIENTED_EDGE('',*,*,#639,.T.);
#769 = ORIENTED_EDGE('',*,*,#670,.T.);
#770 = ORIENTED_EDGE('',*,*,#703,.T.);
#771 = ORIENTED_EDGE('',*,*,#734,.T.);
#772 = PLANE('',#773);
#773 = AXIS2_PLACEMENT_3D('',#774,#775,#776);
#774 = CARTESIAN_POINT('',(133.025,-98.825,1.635));
#775 = DIRECTION('',(0.,0.,1.));
#776 = DIRECTION('',(1.,0.,-0.));
#777 = ( GEOMETRIC_REPRESENTATION_CONTEXT(3) 
GLOBAL_UNCERTAINTY_ASSIGNED_CONTEXT((#781)) GLOBAL_UNIT_ASSIGNED_CONTEXT
((#778,#779,#780)) REPRESENTATION_CONTEXT('Context #1',
  '3D Context with UNIT and UNCERTAINTY') );
#778 = ( LENGTH_UNIT() NAMED_UNIT(*) SI_UNIT(.MILLI.,.METRE.) );
#779 = ( NAMED_UNIT(*) PLANE_ANGLE_UNIT() SI_UNIT($,.RADIAN.) );
#780 = ( NAMED_UNIT(*) SI_UNIT($,.STERADIAN.) SOLID_ANGLE_UNIT() );
#781 = UNCERTAINTY_MEASURE_WITH_UNIT(LENGTH_MEASURE(1.E-07),#778,
  'distance_accuracy_value','confusion accuracy');
#782 = CONTEXT_DEPENDENT_SHAPE_REPRESENTATION(#783,#785);
#783 = ( REPRESENTATION_RELATIONSHIP('','',#622,#10) 
REPRESENTATION_RELATIONSHIP_WITH_TRANSFORMATION(#784) 
SHAPE_REPRESENTATION_RELATIONSHIP() );
#784 = ITEM_DEFINED_TRANSFORMATION('','',#11,#23);
#785 = PRODUCT_DEFINITION_SHAPE('Placement','Placement of an item',#786
  );
#786 = NEXT_ASSEMBLY_USAGE_OCCURRENCE('3','=>[0:1:1:4]','',#5,#617,$);
#787 = PRODUCT_RELATED_PRODUCT_CATEGORY('part',$,(#619));
#788 = SHAPE_DEFINITION_REPRESENTATION(#789,#795);
#789 = PRODUCT_DEFINITION_SHAPE('','',#790);
#790 = PRODUCT_DEFINITION('design','',#791,#794);
#791 = PRODUCT_DEFINITION_FORMATION('','',#792);
#792 = PRODUCT('_autosave-connection pcb_track_4',
  '_autosave-connection pcb_track_4','',(#793));
#793 = PRODUCT_CONTEXT('',#2,'mechanical');
#794 = PRODUCT_DEFINITION_CONTEXT('part definition',#2,'design');
#795 = ADVANCED_BREP_SHAPE_REPRESENTATION('',(#11,#796),#950);
#796 = MANIFOLD_SOLID_BREP('',#797);
#797 = CLOSED_SHELL('',(#798,#838,#871,#902,#926,#938));
#798 = ADVANCED_FACE('',(#799),#833,.F.);
#799 = FACE_BOUND('',#800,.F.);
#800 = EDGE_LOOP('',(#801,#811,#819,#827));
#801 = ORIENTED_EDGE('',*,*,#802,.T.);
#802 = EDGE_CURVE('',#803,#805,#807,.T.);
#803 = VERTEX_POINT('',#804);
#804 = CARTESIAN_POINT('',(144.693933,-103.606066,1.6));
#805 = VERTEX_POINT('',#806);
#806 = CARTESIAN_POINT('',(144.693933,-103.606066,1.635));
#807 = LINE('',#808,#809);
#808 = CARTESIAN_POINT('',(144.693933,-103.606066,1.6));
#809 = VECTOR('',#810,1.);
#810 = DIRECTION('',(0.,0.,1.));
#811 = ORIENTED_EDGE('',*,*,#812,.T.);
#812 = EDGE_CURVE('',#805,#813,#815,.T.);
#813 = VERTEX_POINT('',#814);
#814 = CARTESIAN_POINT('',(145.443933,-104.356066,1.635));
#815 = LINE('',#816,#817);
#816 = CARTESIAN_POINT('',(144.693933,-103.606066,1.635));
#817 = VECTOR('',#818,1.);
#818 = DIRECTION('',(0.707106781187,-0.707106781187,0.));
#819 = ORIENTED_EDGE('',*,*,#820,.F.);
#820 = EDGE_CURVE('',#821,#813,#823,.T.);
#821 = VERTEX_POINT('',#822);
#822 = CARTESIAN_POINT('',(145.443933,-104.356066,1.6));
#823 = LINE('',#824,#825);
#824 = CARTESIAN_POINT('',(145.443933,-104.356066,1.6));
#825 = VECTOR('',#826,1.);
#826 = DIRECTION('',(0.,0.,1.));
#827 = ORIENTED_EDGE('',*,*,#828,.F.);
#828 = EDGE_CURVE('',#803,#821,#829,.T.);
#829 = LINE('',#830,#831);
#830 = CARTESIAN_POINT('',(144.693933,-103.606066,1.6));
#831 = VECTOR('',#832,1.);
#832 = DIRECTION('',(0.707106781187,-0.707106781187,0.));
#833 = PLANE('',#834);
#834 = AXIS2_PLACEMENT_3D('',#835,#836,#837);
#835 = CARTESIAN_POINT('',(144.693933,-103.606066,1.6));
#836 = DIRECTION('',(0.707106781187,0.707106781187,-0.));
#837 = DIRECTION('',(0.707106781187,-0.707106781187,0.));
#838 = ADVANCED_FACE('',(#839),#866,.T.);
#839 = FACE_BOUND('',#840,.F.);
#840 = EDGE_LOOP('',(#841,#842,#851,#859));
#841 = ORIENTED_EDGE('',*,*,#820,.T.);
#842 = ORIENTED_EDGE('',*,*,#843,.T.);
#843 = EDGE_CURVE('',#813,#844,#846,.T.);
#844 = VERTEX_POINT('',#845);
#845 = CARTESIAN_POINT('',(145.656066,-104.143933,1.635));
#846 = CIRCLE('',#847,0.150000682813);
#847 = AXIS2_PLACEMENT_3D('',#848,#849,#850);
#848 = CARTESIAN_POINT('',(145.5499995,-104.2499995,1.635));
#849 = DIRECTION('',(0.,0.,1.));
#850 = DIRECTION('',(-0.707106781187,-0.707106781186,0.));
#851 = ORIENTED_EDGE('',*,*,#852,.F.);
#852 = EDGE_CURVE('',#853,#844,#855,.T.);
#853 = VERTEX_POINT('',#854);
#854 = CARTESIAN_POINT('',(145.656066,-104.143933,1.6));
#855 = LINE('',#856,#857);
#856 = CARTESIAN_POINT('',(145.656066,-104.143933,1.6));
#857 = VECTOR('',#858,1.);
#858 = DIRECTION('',(0.,0.,1.));
#859 = ORIENTED_EDGE('',*,*,#860,.F.);
#860 = EDGE_CURVE('',#821,#853,#861,.T.);
#861 = CIRCLE('',#862,0.150000682813);
#862 = AXIS2_PLACEMENT_3D('',#863,#864,#865);
#863 = CARTESIAN_POINT('',(145.5499995,-104.2499995,1.6));
#864 = DIRECTION('',(0.,0.,1.));
#865 = DIRECTION('',(-0.707106781187,-0.707106781186,0.));
#866 = CYLINDRICAL_SURFACE('',#867,0.150000682813);
#867 = AXIS2_PLACEMENT_3D('',#868,#869,#870);
#868 = CARTESIAN_POINT('',(145.5499995,-104.2499995,1.6));
#869 = DIRECTION('',(-0.,-0.,-1.));
#870 = DIRECTION('',(-0.707106781187,-0.707106781186,0.));
#871 = ADVANCED_FACE('',(#872),#897,.F.);
#872 = FACE_BOUND('',#873,.F.);
#873 = EDGE_LOOP('',(#874,#875,#883,#891));
#874 = ORIENTED_EDGE('',*,*,#852,.T.);
#875 = ORIENTED_EDGE('',*,*,#876,.T.);
#876 = EDGE_CURVE('',#844,#877,#879,.T.);
#877 = VERTEX_POINT('',#878);
#878 = CARTESIAN_POINT('',(144.906066,-103.393933,1.635));
#879 = LINE('',#880,#881);
#880 = CARTESIAN_POINT('',(145.656066,-104.143933,1.635));
#881 = VECTOR('',#882,1.);
#882 = DIRECTION('',(-0.707106781187,0.707106781187,0.));
#883 = ORIENTED_EDGE('',*,*,#884,.F.);
#884 = EDGE_CURVE('',#885,#877,#887,.T.);
#885 = VERTEX_POINT('',#886);
#886 = CARTESIAN_POINT('',(144.906066,-103.393933,1.6));
#887 = LINE('',#888,#889);
#888 = CARTESIAN_POINT('',(144.906066,-103.393933,1.6));
#889 = VECTOR('',#890,1.);
#890 = DIRECTION('',(0.,0.,1.));
#891 = ORIENTED_EDGE('',*,*,#892,.F.);
#892 = EDGE_CURVE('',#853,#885,#893,.T.);
#893 = LINE('',#894,#895);
#894 = CARTESIAN_POINT('',(145.656066,-104.143933,1.6));
#895 = VECTOR('',#896,1.);
#896 = DIRECTION('',(-0.707106781187,0.707106781187,0.));
#897 = PLANE('',#898);
#898 = AXIS2_PLACEMENT_3D('',#899,#900,#901);
#899 = CARTESIAN_POINT('',(145.656066,-104.143933,1.6));
#900 = DIRECTION('',(-0.707106781187,-0.707106781187,0.));
#901 = DIRECTION('',(-0.707106781187,0.707106781187,0.));
#902 = ADVANCED_FACE('',(#903),#921,.T.);
#903 = FACE_BOUND('',#904,.F.);
#904 = EDGE_LOOP('',(#905,#906,#913,#914));
#905 = ORIENTED_EDGE('',*,*,#884,.T.);
#906 = ORIENTED_EDGE('',*,*,#907,.T.);
#907 = EDGE_CURVE('',#877,#805,#908,.T.);
#908 = CIRCLE('',#909,0.150000682813);
#909 = AXIS2_PLACEMENT_3D('',#910,#911,#912);
#910 = CARTESIAN_POINT('',(144.7999995,-103.4999995,1.635));
#911 = DIRECTION('',(0.,0.,1.));
#912 = DIRECTION('',(0.707106781187,0.707106781187,-0.));
#913 = ORIENTED_EDGE('',*,*,#802,.F.);
#914 = ORIENTED_EDGE('',*,*,#915,.F.);
#915 = EDGE_CURVE('',#885,#803,#916,.T.);
#916 = CIRCLE('',#917,0.150000682813);
#917 = AXIS2_PLACEMENT_3D('',#918,#919,#920);
#918 = CARTESIAN_POINT('',(144.7999995,-103.4999995,1.6));
#919 = DIRECTION('',(0.,0.,1.));
#920 = DIRECTION('',(0.707106781187,0.707106781187,-0.));
#921 = CYLINDRICAL_SURFACE('',#922,0.150000682813);
#922 = AXIS2_PLACEMENT_3D('',#923,#924,#925);
#923 = CARTESIAN_POINT('',(144.7999995,-103.4999995,1.6));
#924 = DIRECTION('',(-0.,-0.,-1.));
#925 = DIRECTION('',(0.707106781187,0.707106781187,-0.));
#926 = ADVANCED_FACE('',(#927),#933,.F.);
#927 = FACE_BOUND('',#928,.F.);
#928 = EDGE_LOOP('',(#929,#930,#931,#932));
#929 = ORIENTED_EDGE('',*,*,#828,.T.);
#930 = ORIENTED_EDGE('',*,*,#860,.T.);
#931 = ORIENTED_EDGE('',*,*,#892,.T.);
#932 = ORIENTED_EDGE('',*,*,#915,.T.);
#933 = PLANE('',#934);
#934 = AXIS2_PLACEMENT_3D('',#935,#936,#937);
#935 = CARTESIAN_POINT('',(144.693933,-103.606066,1.6));
#936 = DIRECTION('',(0.,0.,1.));
#937 = DIRECTION('',(1.,0.,-0.));
#938 = ADVANCED_FACE('',(#939),#945,.T.);
#939 = FACE_BOUND('',#940,.T.);
#940 = EDGE_LOOP('',(#941,#942,#943,#944));
#941 = ORIENTED_EDGE('',*,*,#812,.T.);
#942 = ORIENTED_EDGE('',*,*,#843,.T.);
#943 = ORIENTED_EDGE('',*,*,#876,.T.);
#944 = ORIENTED_EDGE('',*,*,#907,.T.);
#945 = PLANE('',#946);
#946 = AXIS2_PLACEMENT_3D('',#947,#948,#949);
#947 = CARTESIAN_POINT('',(144.693933,-103.606066,1.635));
#948 = DIRECTION('',(0.,0.,1.));
#949 = DIRECTION('',(1.,0.,-0.));
#950 = ( GEOMETRIC_REPRESENTATION_CONTEXT(3) 
GLOBAL_UNCERTAINTY_ASSIGNED_CONTEXT((#954)) GLOBAL_UNIT_ASSIGNED_CONTEXT
((#951,#952,#953)) REPRESENTATION_CONTEXT('Context #1',
  '3D Context with UNIT and UNCERTAINTY') );
#951 = ( LENGTH_UNIT() NAMED_UNIT(*) SI_UNIT(.MILLI.,.METRE.) );
#952 = ( NAMED_UNIT(*) PLANE_ANGLE_UNIT() SI_UNIT($,.RADIAN.) );
#953 = ( NAMED_UNIT(*) SI_UNIT($,.STERADIAN.) SOLID_ANGLE_UNIT() );
#954 = UNCERTAINTY_MEASURE_WITH_UNIT(LENGTH_MEASURE(1.E-07),#951,
  'distance_accuracy_value','confusion accuracy');
#955 = CONTEXT_DEPENDENT_SHAPE_REPRESENTATION(#956,#958);
#956 = ( REPRESENTATION_RELATIONSHIP('','',#795,#10) 
REPRESENTATION_RELATIONSHIP_WITH_TRANSFORMATION(#957) 
SHAPE_REPRESENTATION_RELATIONSHIP() );
#957 = ITEM_DEFINED_TRANSFORMATION('','',#11,#27);
#958 = PRODUCT_DEFINITION_SHAPE('Placement','Placement of an item',#959
  );
#959 = NEXT_ASSEMBLY_USAGE_OCCURRENCE('4','=>[0:1:1:5]','',#5,#790,$);
#960 = PRODUCT_RELATED_PRODUCT_CATEGORY('part',$,(#792));
#961 = SHAPE_DEFINITION_REPRESENTATION(#962,#968);
#962 = PRODUCT_DEFINITION_SHAPE('','',#963);
#963 = PRODUCT_DEFINITION('design','',#964,#967);
#964 = PRODUCT_DEFINITION_FORMATION('','',#965);
#965 = PRODUCT('_autosave-connection pcb_track_5',
  '_autosave-connection pcb_track_5','',(#966));
#966 = PRODUCT_CONTEXT('',#2,'mechanical');
#967 = PRODUCT_DEFINITION_CONTEXT('part definition',#2,'design');
#968 = ADVANCED_BREP_SHAPE_REPRESENTATION('',(#11,#969),#1123);
#969 = MANIFOLD_SOLID_BREP('',#970);
#970 = CLOSED_SHELL('',(#971,#1011,#1044,#1075,#1099,#1111));
#971 = ADVANCED_FACE('',(#972),#1006,.F.);
#972 = FACE_BOUND('',#973,.F.);
#973 = EDGE_LOOP('',(#974,#984,#992,#1000));
#974 = ORIENTED_EDGE('',*,*,#975,.T.);
#975 = EDGE_CURVE('',#976,#978,#980,.T.);
#976 = VERTEX_POINT('',#977);
#977 = CARTESIAN_POINT('',(145.443933,-108.543933,1.6));
#978 = VERTEX_POINT('',#979);
#979 = CARTESIAN_POINT('',(145.443933,-108.543933,1.635));
#980 = LINE('',#981,#982);
#981 = CARTESIAN_POINT('',(145.443933,-108.543933,1.6));
#982 = VECTOR('',#983,1.);
#983 = DIRECTION('',(0.,0.,1.));
#984 = ORIENTED_EDGE('',*,*,#985,.T.);
#985 = EDGE_CURVE('',#978,#986,#988,.T.);
#986 = VERTEX_POINT('',#987);
#987 = CARTESIAN_POINT('',(144.393933,-109.593933,1.635));
#988 = LINE('',#989,#990);
#989 = CARTESIAN_POINT('',(145.443933,-108.543933,1.635));
#990 = VECTOR('',#991,1.);
#991 = DIRECTION('',(-0.707106781187,-0.707106781187,0.));
#992 = ORIENTED_EDGE('',*,*,#993,.F.);
#993 = EDGE_CURVE('',#994,#986,#996,.T.);
#994 = VERTEX_POINT('',#995);
#995 = CARTESIAN_POINT('',(144.393933,-109.593933,1.6));
#996 = LINE('',#997,#998);
#997 = CARTESIAN_POINT('',(144.393933,-109.593933,1.6));
#998 = VECTOR('',#999,1.);
#999 = DIRECTION('',(0.,0.,1.));
#1000 = ORIENTED_EDGE('',*,*,#1001,.F.);
#1001 = EDGE_CURVE('',#976,#994,#1002,.T.);
#1002 = LINE('',#1003,#1004);
#1003 = CARTESIAN_POINT('',(145.443933,-108.543933,1.6));
#1004 = VECTOR('',#1005,1.);
#1005 = DIRECTION('',(-0.707106781187,-0.707106781187,0.));
#1006 = PLANE('',#1007);
#1007 = AXIS2_PLACEMENT_3D('',#1008,#1009,#1010);
#1008 = CARTESIAN_POINT('',(145.443933,-108.543933,1.6));
#1009 = DIRECTION('',(0.707106781187,-0.707106781187,0.));
#1010 = DIRECTION('',(-0.707106781187,-0.707106781187,0.));
#1011 = ADVANCED_FACE('',(#1012),#1039,.T.);
#1012 = FACE_BOUND('',#1013,.F.);
#1013 = EDGE_LOOP('',(#1014,#1015,#1024,#1032));
#1014 = ORIENTED_EDGE('',*,*,#993,.T.);
#1015 = ORIENTED_EDGE('',*,*,#1016,.T.);
#1016 = EDGE_CURVE('',#986,#1017,#1019,.T.);
#1017 = VERTEX_POINT('',#1018);
#1018 = CARTESIAN_POINT('',(144.606066,-109.806066,1.635));
#1019 = CIRCLE('',#1020,0.150000682813);
#1020 = AXIS2_PLACEMENT_3D('',#1021,#1022,#1023);
#1021 = CARTESIAN_POINT('',(144.4999995,-109.6999995,1.635));
#1022 = DIRECTION('',(0.,0.,1.));
#1023 = DIRECTION('',(-0.707106781187,0.707106781187,-0.));
#1024 = ORIENTED_EDGE('',*,*,#1025,.F.);
#1025 = EDGE_CURVE('',#1026,#1017,#1028,.T.);
#1026 = VERTEX_POINT('',#1027);
#1027 = CARTESIAN_POINT('',(144.606066,-109.806066,1.6));
#1028 = LINE('',#1029,#1030);
#1029 = CARTESIAN_POINT('',(144.606066,-109.806066,1.6));
#1030 = VECTOR('',#1031,1.);
#1031 = DIRECTION('',(0.,0.,1.));
#1032 = ORIENTED_EDGE('',*,*,#1033,.F.);
#1033 = EDGE_CURVE('',#994,#1026,#1034,.T.);
#1034 = CIRCLE('',#1035,0.150000682813);
#1035 = AXIS2_PLACEMENT_3D('',#1036,#1037,#1038);
#1036 = CARTESIAN_POINT('',(144.4999995,-109.6999995,1.6));
#1037 = DIRECTION('',(0.,0.,1.));
#1038 = DIRECTION('',(-0.707106781187,0.707106781187,-0.));
#1039 = CYLINDRICAL_SURFACE('',#1040,0.150000682813);
#1040 = AXIS2_PLACEMENT_3D('',#1041,#1042,#1043);
#1041 = CARTESIAN_POINT('',(144.4999995,-109.6999995,1.6));
#1042 = DIRECTION('',(-0.,-0.,-1.));
#1043 = DIRECTION('',(-0.707106781187,0.707106781187,-0.));
#1044 = ADVANCED_FACE('',(#1045),#1070,.F.);
#1045 = FACE_BOUND('',#1046,.F.);
#1046 = EDGE_LOOP('',(#1047,#1048,#1056,#1064));
#1047 = ORIENTED_EDGE('',*,*,#1025,.T.);
#1048 = ORIENTED_EDGE('',*,*,#1049,.T.);
#1049 = EDGE_CURVE('',#1017,#1050,#1052,.T.);
#1050 = VERTEX_POINT('',#1051);
#1051 = CARTESIAN_POINT('',(145.656066,-108.756066,1.635));
#1052 = LINE('',#1053,#1054);
#1053 = CARTESIAN_POINT('',(144.606066,-109.806066,1.635));
#1054 = VECTOR('',#1055,1.);
#1055 = DIRECTION('',(0.707106781187,0.707106781187,0.));
#1056 = ORIENTED_EDGE('',*,*,#1057,.F.);
#1057 = EDGE_CURVE('',#1058,#1050,#1060,.T.);
#1058 = VERTEX_POINT('',#1059);
#1059 = CARTESIAN_POINT('',(145.656066,-108.756066,1.6));
#1060 = LINE('',#1061,#1062);
#1061 = CARTESIAN_POINT('',(145.656066,-108.756066,1.6));
#1062 = VECTOR('',#1063,1.);
#1063 = DIRECTION('',(0.,0.,1.));
#1064 = ORIENTED_EDGE('',*,*,#1065,.F.);
#1065 = EDGE_CURVE('',#1026,#1058,#1066,.T.);
#1066 = LINE('',#1067,#1068);
#1067 = CARTESIAN_POINT('',(144.606066,-109.806066,1.6));
#1068 = VECTOR('',#1069,1.);
#1069 = DIRECTION('',(0.707106781187,0.707106781187,0.));
#1070 = PLANE('',#1071);
#1071 = AXIS2_PLACEMENT_3D('',#1072,#1073,#1074);
#1072 = CARTESIAN_POINT('',(144.606066,-109.806066,1.6));
#1073 = DIRECTION('',(-0.707106781187,0.707106781187,0.));
#1074 = DIRECTION('',(0.707106781187,0.707106781187,0.));
#1075 = ADVANCED_FACE('',(#1076),#1094,.T.);
#1076 = FACE_BOUND('',#1077,.F.);
#1077 = EDGE_LOOP('',(#1078,#1079,#1086,#1087));
#1078 = ORIENTED_EDGE('',*,*,#1057,.T.);
#1079 = ORIENTED_EDGE('',*,*,#1080,.T.);
#1080 = EDGE_CURVE('',#1050,#978,#1081,.T.);
#1081 = CIRCLE('',#1082,0.150000682813);
#1082 = AXIS2_PLACEMENT_3D('',#1083,#1084,#1085);
#1083 = CARTESIAN_POINT('',(145.5499995,-108.6499995,1.635));
#1084 = DIRECTION('',(0.,-0.,1.));
#1085 = DIRECTION('',(0.707106781187,-0.707106781187,-0.));
#1086 = ORIENTED_EDGE('',*,*,#975,.F.);
#1087 = ORIENTED_EDGE('',*,*,#1088,.F.);
#1088 = EDGE_CURVE('',#1058,#976,#1089,.T.);
#1089 = CIRCLE('',#1090,0.150000682813);
#1090 = AXIS2_PLACEMENT_3D('',#1091,#1092,#1093);
#1091 = CARTESIAN_POINT('',(145.5499995,-108.6499995,1.6));
#1092 = DIRECTION('',(0.,-0.,1.));
#1093 = DIRECTION('',(0.707106781187,-0.707106781187,-0.));
#1094 = CYLINDRICAL_SURFACE('',#1095,0.150000682813);
#1095 = AXIS2_PLACEMENT_3D('',#1096,#1097,#1098);
#1096 = CARTESIAN_POINT('',(145.5499995,-108.6499995,1.6));
#1097 = DIRECTION('',(-0.,0.,-1.));
#1098 = DIRECTION('',(0.707106781187,-0.707106781187,-0.));
#1099 = ADVANCED_FACE('',(#1100),#1106,.F.);
#1100 = FACE_BOUND('',#1101,.F.);
#1101 = EDGE_LOOP('',(#1102,#1103,#1104,#1105));
#1102 = ORIENTED_EDGE('',*,*,#1001,.T.);
#1103 = ORIENTED_EDGE('',*,*,#1033,.T.);
#1104 = ORIENTED_EDGE('',*,*,#1065,.T.);
#1105 = ORIENTED_EDGE('',*,*,#1088,.T.);
#1106 = PLANE('',#1107);
#1107 = AXIS2_PLACEMENT_3D('',#1108,#1109,#1110);
#1108 = CARTESIAN_POINT('',(145.443933,-108.543933,1.6));
#1109 = DIRECTION('',(0.,0.,1.));
#1110 = DIRECTION('',(1.,0.,-0.));
#1111 = ADVANCED_FACE('',(#1112),#1118,.T.);
#1112 = FACE_BOUND('',#1113,.T.);
#1113 = EDGE_LOOP('',(#1114,#1115,#1116,#1117));
#1114 = ORIENTED_EDGE('',*,*,#985,.T.);
#1115 = ORIENTED_EDGE('',*,*,#1016,.T.);
#1116 = ORIENTED_EDGE('',*,*,#1049,.T.);
#1117 = ORIENTED_EDGE('',*,*,#1080,.T.);
#1118 = PLANE('',#1119);
#1119 = AXIS2_PLACEMENT_3D('',#1120,#1121,#1122);
#1120 = CARTESIAN_POINT('',(145.443933,-108.543933,1.635));
#1121 = DIRECTION('',(0.,0.,1.));
#1122 = DIRECTION('',(1.,0.,-0.));
#1123 = ( GEOMETRIC_REPRESENTATION_CONTEXT(3) 
GLOBAL_UNCERTAINTY_ASSIGNED_CONTEXT((#1127)) 
GLOBAL_UNIT_ASSIGNED_CONTEXT((#1124,#1125,#1126)) REPRESENTATION_CONTEXT
('Context #1','3D Context with UNIT and UNCERTAINTY') );
#1124 = ( LENGTH_UNIT() NAMED_UNIT(*) SI_UNIT(.MILLI.,.METRE.) );
#1125 = ( NAMED_UNIT(*) PLANE_ANGLE_UNIT() SI_UNIT($,.RADIAN.) );
#1126 = ( NAMED_UNIT(*) SI_UNIT($,.STERADIAN.) SOLID_ANGLE_UNIT() );
#1127 = UNCERTAINTY_MEASURE_WITH_UNIT(LENGTH_MEASURE(1.E-07),#1124,
  'distance_accuracy_value','confusion accuracy');
#1128 = CONTEXT_DEPENDENT_SHAPE_REPRESENTATION(#1129,#1131);
#1129 = ( REPRESENTATION_RELATIONSHIP('','',#968,#10) 
REPRESENTATION_RELATIONSHIP_WITH_TRANSFORMATION(#1130) 
SHAPE_REPRESENTATION_RELATIONSHIP() );
#1130 = ITEM_DEFINED_TRANSFORMATION('','',#11,#31);
#1131 = PRODUCT_DEFINITION_SHAPE('Placement','Placement of an item',
  #1132);
#1132 = NEXT_ASSEMBLY_USAGE_OCCURRENCE('5','=>[0:1:1:6]','',#5,#963,$);
#1133 = PRODUCT_RELATED_PRODUCT_CATEGORY('part',$,(#965));
#1134 = SHAPE_DEFINITION_REPRESENTATION(#1135,#1141);
#1135 = PRODUCT_DEFINITION_SHAPE('','',#1136);
#1136 = PRODUCT_DEFINITION('design','',#1137,#1140);
#1137 = PRODUCT_DEFINITION_FORMATION('','',#1138);
#1138 = PRODUCT('_autosave-connection pcb_track_6',
  '_autosave-connection pcb_track_6','',(#1139));
#1139 = PRODUCT_CONTEXT('',#2,'mechanical');
#1140 = PRODUCT_DEFINITION_CONTEXT('part definition',#2,'design');
#1141 = ADVANCED_BREP_SHAPE_REPRESENTATION('',(#11,#1142),#1296);
#1142 = MANIFOLD_SOLID_BREP('',#1143);
#1143 = CLOSED_SHELL('',(#1144,#1184,#1217,#1248,#1272,#1284));
#1144 = ADVANCED_FACE('',(#1145),#1179,.F.);
#1145 = FACE_BOUND('',#1146,.F.);
#1146 = EDGE_LOOP('',(#1147,#1157,#1165,#1173));
#1147 = ORIENTED_EDGE('',*,*,#1148,.T.);
#1148 = EDGE_CURVE('',#1149,#1151,#1153,.T.);
#1149 = VERTEX_POINT('',#1150);
#1150 = CARTESIAN_POINT('',(145.4,-104.25,1.6));
#1151 = VERTEX_POINT('',#1152);
#1152 = CARTESIAN_POINT('',(145.4,-104.25,1.635));
#1153 = LINE('',#1154,#1155);
#1154 = CARTESIAN_POINT('',(145.4,-104.25,1.6));
#1155 = VECTOR('',#1156,1.);
#1156 = DIRECTION('',(0.,0.,1.));
#1157 = ORIENTED_EDGE('',*,*,#1158,.T.);
#1158 = EDGE_CURVE('',#1151,#1159,#1161,.T.);
#1159 = VERTEX_POINT('',#1160);
#1160 = CARTESIAN_POINT('',(145.4,-108.65,1.635));
#1161 = LINE('',#1162,#1163);
#1162 = CARTESIAN_POINT('',(145.4,-104.25,1.635));
#1163 = VECTOR('',#1164,1.);
#1164 = DIRECTION('',(0.,-1.,0.));
#1165 = ORIENTED_EDGE('',*,*,#1166,.F.);
#1166 = EDGE_CURVE('',#1167,#1159,#1169,.T.);
#1167 = VERTEX_POINT('',#1168);
#1168 = CARTESIAN_POINT('',(145.4,-108.65,1.6));
#1169 = LINE('',#1170,#1171);
#1170 = CARTESIAN_POINT('',(145.4,-108.65,1.6));
#1171 = VECTOR('',#1172,1.);
#1172 = DIRECTION('',(0.,0.,1.));
#1173 = ORIENTED_EDGE('',*,*,#1174,.F.);
#1174 = EDGE_CURVE('',#1149,#1167,#1175,.T.);
#1175 = LINE('',#1176,#1177);
#1176 = CARTESIAN_POINT('',(145.4,-104.25,1.6));
#1177 = VECTOR('',#1178,1.);
#1178 = DIRECTION('',(0.,-1.,0.));
#1179 = PLANE('',#1180);
#1180 = AXIS2_PLACEMENT_3D('',#1181,#1182,#1183);
#1181 = CARTESIAN_POINT('',(145.4,-104.25,1.6));
#1182 = DIRECTION('',(1.,0.,-0.));
#1183 = DIRECTION('',(0.,-1.,0.));
#1184 = ADVANCED_FACE('',(#1185),#1212,.T.);
#1185 = FACE_BOUND('',#1186,.F.);
#1186 = EDGE_LOOP('',(#1187,#1188,#1197,#1205));
#1187 = ORIENTED_EDGE('',*,*,#1166,.T.);
#1188 = ORIENTED_EDGE('',*,*,#1189,.T.);
#1189 = EDGE_CURVE('',#1159,#1190,#1192,.T.);
#1190 = VERTEX_POINT('',#1191);
#1191 = CARTESIAN_POINT('',(145.7,-108.65,1.635));
#1192 = CIRCLE('',#1193,0.15);
#1193 = AXIS2_PLACEMENT_3D('',#1194,#1195,#1196);
#1194 = CARTESIAN_POINT('',(145.55,-108.65,1.635));
#1195 = DIRECTION('',(0.,0.,1.));
#1196 = DIRECTION('',(-1.,0.,-0.));
#1197 = ORIENTED_EDGE('',*,*,#1198,.F.);
#1198 = EDGE_CURVE('',#1199,#1190,#1201,.T.);
#1199 = VERTEX_POINT('',#1200);
#1200 = CARTESIAN_POINT('',(145.7,-108.65,1.6));
#1201 = LINE('',#1202,#1203);
#1202 = CARTESIAN_POINT('',(145.7,-108.65,1.6));
#1203 = VECTOR('',#1204,1.);
#1204 = DIRECTION('',(0.,0.,1.));
#1205 = ORIENTED_EDGE('',*,*,#1206,.F.);
#1206 = EDGE_CURVE('',#1167,#1199,#1207,.T.);
#1207 = CIRCLE('',#1208,0.15);
#1208 = AXIS2_PLACEMENT_3D('',#1209,#1210,#1211);
#1209 = CARTESIAN_POINT('',(145.55,-108.65,1.6));
#1210 = DIRECTION('',(0.,0.,1.));
#1211 = DIRECTION('',(-1.,0.,-0.));
#1212 = CYLINDRICAL_SURFACE('',#1213,0.15);
#1213 = AXIS2_PLACEMENT_3D('',#1214,#1215,#1216);
#1214 = CARTESIAN_POINT('',(145.55,-108.65,1.6));
#1215 = DIRECTION('',(-0.,-0.,-1.));
#1216 = DIRECTION('',(-1.,0.,-0.));
#1217 = ADVANCED_FACE('',(#1218),#1243,.F.);
#1218 = FACE_BOUND('',#1219,.F.);
#1219 = EDGE_LOOP('',(#1220,#1221,#1229,#1237));
#1220 = ORIENTED_EDGE('',*,*,#1198,.T.);
#1221 = ORIENTED_EDGE('',*,*,#1222,.T.);
#1222 = EDGE_CURVE('',#1190,#1223,#1225,.T.);
#1223 = VERTEX_POINT('',#1224);
#1224 = CARTESIAN_POINT('',(145.7,-104.25,1.635));
#1225 = LINE('',#1226,#1227);
#1226 = CARTESIAN_POINT('',(145.7,-108.65,1.635));
#1227 = VECTOR('',#1228,1.);
#1228 = DIRECTION('',(0.,1.,0.));
#1229 = ORIENTED_EDGE('',*,*,#1230,.F.);
#1230 = EDGE_CURVE('',#1231,#1223,#1233,.T.);
#1231 = VERTEX_POINT('',#1232);
#1232 = CARTESIAN_POINT('',(145.7,-104.25,1.6));
#1233 = LINE('',#1234,#1235);
#1234 = CARTESIAN_POINT('',(145.7,-104.25,1.6));
#1235 = VECTOR('',#1236,1.);
#1236 = DIRECTION('',(0.,0.,1.));
#1237 = ORIENTED_EDGE('',*,*,#1238,.F.);
#1238 = EDGE_CURVE('',#1199,#1231,#1239,.T.);
#1239 = LINE('',#1240,#1241);
#1240 = CARTESIAN_POINT('',(145.7,-108.65,1.6));
#1241 = VECTOR('',#1242,1.);
#1242 = DIRECTION('',(0.,1.,0.));
#1243 = PLANE('',#1244);
#1244 = AXIS2_PLACEMENT_3D('',#1245,#1246,#1247);
#1245 = CARTESIAN_POINT('',(145.7,-108.65,1.6));
#1246 = DIRECTION('',(-1.,0.,0.));
#1247 = DIRECTION('',(0.,1.,0.));
#1248 = ADVANCED_FACE('',(#1249),#1267,.T.);
#1249 = FACE_BOUND('',#1250,.F.);
#1250 = EDGE_LOOP('',(#1251,#1252,#1259,#1260));
#1251 = ORIENTED_EDGE('',*,*,#1230,.T.);
#1252 = ORIENTED_EDGE('',*,*,#1253,.T.);
#1253 = EDGE_CURVE('',#1223,#1151,#1254,.T.);
#1254 = CIRCLE('',#1255,0.15);
#1255 = AXIS2_PLACEMENT_3D('',#1256,#1257,#1258);
#1256 = CARTESIAN_POINT('',(145.55,-104.25,1.635));
#1257 = DIRECTION('',(0.,0.,1.));
#1258 = DIRECTION('',(1.,-1.894780628694E-13,0.));
#1259 = ORIENTED_EDGE('',*,*,#1148,.F.);
#1260 = ORIENTED_EDGE('',*,*,#1261,.F.);
#1261 = EDGE_CURVE('',#1231,#1149,#1262,.T.);
#1262 = CIRCLE('',#1263,0.15);
#1263 = AXIS2_PLACEMENT_3D('',#1264,#1265,#1266);
#1264 = CARTESIAN_POINT('',(145.55,-104.25,1.6));
#1265 = DIRECTION('',(0.,0.,1.));
#1266 = DIRECTION('',(1.,-1.894780628694E-13,0.));
#1267 = CYLINDRICAL_SURFACE('',#1268,0.15);
#1268 = AXIS2_PLACEMENT_3D('',#1269,#1270,#1271);
#1269 = CARTESIAN_POINT('',(145.55,-104.25,1.6));
#1270 = DIRECTION('',(-0.,-0.,-1.));
#1271 = DIRECTION('',(1.,-1.894780628694E-13,0.));
#1272 = ADVANCED_FACE('',(#1273),#1279,.F.);
#1273 = FACE_BOUND('',#1274,.F.);
#1274 = EDGE_LOOP('',(#1275,#1276,#1277,#1278));
#1275 = ORIENTED_EDGE('',*,*,#1174,.T.);
#1276 = ORIENTED_EDGE('',*,*,#1206,.T.);
#1277 = ORIENTED_EDGE('',*,*,#1238,.T.);
#1278 = ORIENTED_EDGE('',*,*,#1261,.T.);
#1279 = PLANE('',#1280);
#1280 = AXIS2_PLACEMENT_3D('',#1281,#1282,#1283);
#1281 = CARTESIAN_POINT('',(145.4,-104.25,1.6));
#1282 = DIRECTION('',(0.,0.,1.));
#1283 = DIRECTION('',(1.,0.,-0.));
#1284 = ADVANCED_FACE('',(#1285),#1291,.T.);
#1285 = FACE_BOUND('',#1286,.T.);
#1286 = EDGE_LOOP('',(#1287,#1288,#1289,#1290));
#1287 = ORIENTED_EDGE('',*,*,#1158,.T.);
#1288 = ORIENTED_EDGE('',*,*,#1189,.T.);
#1289 = ORIENTED_EDGE('',*,*,#1222,.T.);
#1290 = ORIENTED_EDGE('',*,*,#1253,.T.);
#1291 = PLANE('',#1292);
#1292 = AXIS2_PLACEMENT_3D('',#1293,#1294,#1295);
#1293 = CARTESIAN_POINT('',(145.4,-104.25,1.635));
#1294 = DIRECTION('',(0.,0.,1.));
#1295 = DIRECTION('',(1.,0.,-0.));
#1296 = ( GEOMETRIC_REPRESENTATION_CONTEXT(3) 
GLOBAL_UNCERTAINTY_ASSIGNED_CONTEXT((#1300)) 
GLOBAL_UNIT_ASSIGNED_CONTEXT((#1297,#1298,#1299)) REPRESENTATION_CONTEXT
('Context #1','3D Context with UNIT and UNCERTAINTY') );
#1297 = ( LENGTH_UNIT() NAMED_UNIT(*) SI_UNIT(.MILLI.,.METRE.) );
#1298 = ( NAMED_UNIT(*) PLANE_ANGLE_UNIT() SI_UNIT($,.RADIAN.) );
#1299 = ( NAMED_UNIT(*) SI_UNIT($,.STERADIAN.) SOLID_ANGLE_UNIT() );
#1300 = UNCERTAINTY_MEASURE_WITH_UNIT(LENGTH_MEASURE(1.E-07),#1297,
  'distance_accuracy_value','confusion accuracy');
#1301 = CONTEXT_DEPENDENT_SHAPE_REPRESENTATION(#1302,#1304);
#1302 = ( REPRESENTATION_RELATIONSHIP('','',#1141,#10) 
REPRESENTATION_RELATIONSHIP_WITH_TRANSFORMATION(#1303) 
SHAPE_REPRESENTATION_RELATIONSHIP() );
#1303 = ITEM_DEFINED_TRANSFORMATION('','',#11,#35);
#1304 = PRODUCT_DEFINITION_SHAPE('Placement','Placement of an item',
  #1305);
#1305 = NEXT_ASSEMBLY_USAGE_OCCURRENCE('6','=>[0:1:1:7]','',#5,#1136,$);
#1306 = PRODUCT_RELATED_PRODUCT_CATEGORY('part',$,(#1138));
#1307 = SHAPE_DEFINITION_REPRESENTATION(#1308,#1314);
#1308 = PRODUCT_DEFINITION_SHAPE('','',#1309);
#1309 = PRODUCT_DEFINITION('design','',#1310,#1313);
#1310 = PRODUCT_DEFINITION_FORMATION('','',#1311);
#1311 = PRODUCT('_autosave-connection pcb_track_7',
  '_autosave-connection pcb_track_7','',(#1312));
#1312 = PRODUCT_CONTEXT('',#2,'mechanical');
#1313 = PRODUCT_DEFINITION_CONTEXT('part definition',#2,'design');
#1314 = ADVANCED_BREP_SHAPE_REPRESENTATION('',(#11,#1315),#1469);
#1315 = MANIFOLD_SOLID_BREP('',#1316);
#1316 = CLOSED_SHELL('',(#1317,#1357,#1390,#1421,#1445,#1457));
#1317 = ADVANCED_FACE('',(#1318),#1352,.F.);
#1318 = FACE_BOUND('',#1319,.F.);
#1319 = EDGE_LOOP('',(#1320,#1330,#1338,#1346));
#1320 = ORIENTED_EDGE('',*,*,#1321,.T.);
#1321 = EDGE_CURVE('',#1322,#1324,#1326,.T.);
#1322 = VERTEX_POINT('',#1323);
#1323 = CARTESIAN_POINT('',(144.65,-102.4,1.6));
#1324 = VERTEX_POINT('',#1325);
#1325 = CARTESIAN_POINT('',(144.65,-102.4,1.635));
#1326 = LINE('',#1327,#1328);
#1327 = CARTESIAN_POINT('',(144.65,-102.4,1.6));
#1328 = VECTOR('',#1329,1.);
#1329 = DIRECTION('',(0.,0.,1.));
#1330 = ORIENTED_EDGE('',*,*,#1331,.T.);
#1331 = EDGE_CURVE('',#1324,#1332,#1334,.T.);
#1332 = VERTEX_POINT('',#1333);
#1333 = CARTESIAN_POINT('',(144.65,-103.5,1.635));
#1334 = LINE('',#1335,#1336);
#1335 = CARTESIAN_POINT('',(144.65,-102.4,1.635));
#1336 = VECTOR('',#1337,1.);
#1337 = DIRECTION('',(0.,-1.,0.));
#1338 = ORIENTED_EDGE('',*,*,#1339,.F.);
#1339 = EDGE_CURVE('',#1340,#1332,#1342,.T.);
#1340 = VERTEX_POINT('',#1341);
#1341 = CARTESIAN_POINT('',(144.65,-103.5,1.6));
#1342 = LINE('',#1343,#1344);
#1343 = CARTESIAN_POINT('',(144.65,-103.5,1.6));
#1344 = VECTOR('',#1345,1.);
#1345 = DIRECTION('',(0.,0.,1.));
#1346 = ORIENTED_EDGE('',*,*,#1347,.F.);
#1347 = EDGE_CURVE('',#1322,#1340,#1348,.T.);
#1348 = LINE('',#1349,#1350);
#1349 = CARTESIAN_POINT('',(144.65,-102.4,1.6));
#1350 = VECTOR('',#1351,1.);
#1351 = DIRECTION('',(0.,-1.,0.));
#1352 = PLANE('',#1353);
#1353 = AXIS2_PLACEMENT_3D('',#1354,#1355,#1356);
#1354 = CARTESIAN_POINT('',(144.65,-102.4,1.6));
#1355 = DIRECTION('',(1.,0.,-0.));
#1356 = DIRECTION('',(0.,-1.,0.));
#1357 = ADVANCED_FACE('',(#1358),#1385,.T.);
#1358 = FACE_BOUND('',#1359,.F.);
#1359 = EDGE_LOOP('',(#1360,#1361,#1370,#1378));
#1360 = ORIENTED_EDGE('',*,*,#1339,.T.);
#1361 = ORIENTED_EDGE('',*,*,#1362,.T.);
#1362 = EDGE_CURVE('',#1332,#1363,#1365,.T.);
#1363 = VERTEX_POINT('',#1364);
#1364 = CARTESIAN_POINT('',(144.95,-103.5,1.635));
#1365 = CIRCLE('',#1366,0.15);
#1366 = AXIS2_PLACEMENT_3D('',#1367,#1368,#1369);
#1367 = CARTESIAN_POINT('',(144.8,-103.5,1.635));
#1368 = DIRECTION('',(0.,0.,1.));
#1369 = DIRECTION('',(-1.,1.894780628694E-13,-0.));
#1370 = ORIENTED_EDGE('',*,*,#1371,.F.);
#1371 = EDGE_CURVE('',#1372,#1363,#1374,.T.);
#1372 = VERTEX_POINT('',#1373);
#1373 = CARTESIAN_POINT('',(144.95,-103.5,1.6));
#1374 = LINE('',#1375,#1376);
#1375 = CARTESIAN_POINT('',(144.95,-103.5,1.6));
#1376 = VECTOR('',#1377,1.);
#1377 = DIRECTION('',(0.,0.,1.));
#1378 = ORIENTED_EDGE('',*,*,#1379,.F.);
#1379 = EDGE_CURVE('',#1340,#1372,#1380,.T.);
#1380 = CIRCLE('',#1381,0.15);
#1381 = AXIS2_PLACEMENT_3D('',#1382,#1383,#1384);
#1382 = CARTESIAN_POINT('',(144.8,-103.5,1.6));
#1383 = DIRECTION('',(0.,0.,1.));
#1384 = DIRECTION('',(-1.,1.894780628694E-13,-0.));
#1385 = CYLINDRICAL_SURFACE('',#1386,0.15);
#1386 = AXIS2_PLACEMENT_3D('',#1387,#1388,#1389);
#1387 = CARTESIAN_POINT('',(144.8,-103.5,1.6));
#1388 = DIRECTION('',(-0.,-0.,-1.));
#1389 = DIRECTION('',(-1.,1.894780628694E-13,-0.));
#1390 = ADVANCED_FACE('',(#1391),#1416,.F.);
#1391 = FACE_BOUND('',#1392,.F.);
#1392 = EDGE_LOOP('',(#1393,#1394,#1402,#1410));
#1393 = ORIENTED_EDGE('',*,*,#1371,.T.);
#1394 = ORIENTED_EDGE('',*,*,#1395,.T.);
#1395 = EDGE_CURVE('',#1363,#1396,#1398,.T.);
#1396 = VERTEX_POINT('',#1397);
#1397 = CARTESIAN_POINT('',(144.95,-102.4,1.635));
#1398 = LINE('',#1399,#1400);
#1399 = CARTESIAN_POINT('',(144.95,-103.5,1.635));
#1400 = VECTOR('',#1401,1.);
#1401 = DIRECTION('',(0.,1.,0.));
#1402 = ORIENTED_EDGE('',*,*,#1403,.F.);
#1403 = EDGE_CURVE('',#1404,#1396,#1406,.T.);
#1404 = VERTEX_POINT('',#1405);
#1405 = CARTESIAN_POINT('',(144.95,-102.4,1.6));
#1406 = LINE('',#1407,#1408);
#1407 = CARTESIAN_POINT('',(144.95,-102.4,1.6));
#1408 = VECTOR('',#1409,1.);
#1409 = DIRECTION('',(0.,0.,1.));
#1410 = ORIENTED_EDGE('',*,*,#1411,.F.);
#1411 = EDGE_CURVE('',#1372,#1404,#1412,.T.);
#1412 = LINE('',#1413,#1414);
#1413 = CARTESIAN_POINT('',(144.95,-103.5,1.6));
#1414 = VECTOR('',#1415,1.);
#1415 = DIRECTION('',(0.,1.,0.));
#1416 = PLANE('',#1417);
#1417 = AXIS2_PLACEMENT_3D('',#1418,#1419,#1420);
#1418 = CARTESIAN_POINT('',(144.95,-103.5,1.6));
#1419 = DIRECTION('',(-1.,0.,0.));
#1420 = DIRECTION('',(0.,1.,0.));
#1421 = ADVANCED_FACE('',(#1422),#1440,.T.);
#1422 = FACE_BOUND('',#1423,.F.);
#1423 = EDGE_LOOP('',(#1424,#1425,#1432,#1433));
#1424 = ORIENTED_EDGE('',*,*,#1403,.T.);
#1425 = ORIENTED_EDGE('',*,*,#1426,.T.);
#1426 = EDGE_CURVE('',#1396,#1324,#1427,.T.);
#1427 = CIRCLE('',#1428,0.15);
#1428 = AXIS2_PLACEMENT_3D('',#1429,#1430,#1431);
#1429 = CARTESIAN_POINT('',(144.8,-102.4,1.635));
#1430 = DIRECTION('',(0.,0.,1.));
#1431 = DIRECTION('',(1.,-1.894780628694E-13,0.));
#1432 = ORIENTED_EDGE('',*,*,#1321,.F.);
#1433 = ORIENTED_EDGE('',*,*,#1434,.F.);
#1434 = EDGE_CURVE('',#1404,#1322,#1435,.T.);
#1435 = CIRCLE('',#1436,0.15);
#1436 = AXIS2_PLACEMENT_3D('',#1437,#1438,#1439);
#1437 = CARTESIAN_POINT('',(144.8,-102.4,1.6));
#1438 = DIRECTION('',(0.,0.,1.));
#1439 = DIRECTION('',(1.,-1.894780628694E-13,0.));
#1440 = CYLINDRICAL_SURFACE('',#1441,0.15);
#1441 = AXIS2_PLACEMENT_3D('',#1442,#1443,#1444);
#1442 = CARTESIAN_POINT('',(144.8,-102.4,1.6));
#1443 = DIRECTION('',(-0.,-0.,-1.));
#1444 = DIRECTION('',(1.,-1.894780628694E-13,0.));
#1445 = ADVANCED_FACE('',(#1446),#1452,.F.);
#1446 = FACE_BOUND('',#1447,.F.);
#1447 = EDGE_LOOP('',(#1448,#1449,#1450,#1451));
#1448 = ORIENTED_EDGE('',*,*,#1347,.T.);
#1449 = ORIENTED_EDGE('',*,*,#1379,.T.);
#1450 = ORIENTED_EDGE('',*,*,#1411,.T.);
#1451 = ORIENTED_EDGE('',*,*,#1434,.T.);
#1452 = PLANE('',#1453);
#1453 = AXIS2_PLACEMENT_3D('',#1454,#1455,#1456);
#1454 = CARTESIAN_POINT('',(144.65,-102.4,1.6));
#1455 = DIRECTION('',(0.,0.,1.));
#1456 = DIRECTION('',(1.,0.,-0.));
#1457 = ADVANCED_FACE('',(#1458),#1464,.T.);
#1458 = FACE_BOUND('',#1459,.T.);
#1459 = EDGE_LOOP('',(#1460,#1461,#1462,#1463));
#1460 = ORIENTED_EDGE('',*,*,#1331,.T.);
#1461 = ORIENTED_EDGE('',*,*,#1362,.T.);
#1462 = ORIENTED_EDGE('',*,*,#1395,.T.);
#1463 = ORIENTED_EDGE('',*,*,#1426,.T.);
#1464 = PLANE('',#1465);
#1465 = AXIS2_PLACEMENT_3D('',#1466,#1467,#1468);
#1466 = CARTESIAN_POINT('',(144.65,-102.4,1.635));
#1467 = DIRECTION('',(0.,0.,1.));
#1468 = DIRECTION('',(1.,0.,-0.));
#1469 = ( GEOMETRIC_REPRESENTATION_CONTEXT(3) 
GLOBAL_UNCERTAINTY_ASSIGNED_CONTEXT((#1473)) 
GLOBAL_UNIT_ASSIGNED_CONTEXT((#1470,#1471,#1472)) REPRESENTATION_CONTEXT
('Context #1','3D Context with UNIT and UNCERTAINTY') );
#1470 = ( LENGTH_UNIT() NAMED_UNIT(*) SI_UNIT(.MILLI.,.METRE.) );
#1471 = ( NAMED_UNIT(*) PLANE_ANGLE_UNIT() SI_UNIT($,.RADIAN.) );
#1472 = ( NAMED_UNIT(*) SI_UNIT($,.STERADIAN.) SOLID_ANGLE_UNIT() );
#1473 = UNCERTAINTY_MEASURE_WITH_UNIT(LENGTH_MEASURE(1.E-07),#1470,
  'distance_accuracy_value','confusion accuracy');
#1474 = CONTEXT_DEPENDENT_SHAPE_REPRESENTATION(#1475,#1477);
#1475 = ( REPRESENTATION_RELATIONSHIP('','',#1314,#10) 
REPRESENTATION_RELATIONSHIP_WITH_TRANSFORMATION(#1476) 
SHAPE_REPRESENTATION_RELATIONSHIP() );
#1476 = ITEM_DEFINED_TRANSFORMATION('','',#11,#39);
#1477 = PRODUCT_DEFINITION_SHAPE('Placement','Placement of an item',
  #1478);
#1478 = NEXT_ASSEMBLY_USAGE_OCCURRENCE('7','=>[0:1:1:8]','',#5,#1309,$);
#1479 = PRODUCT_RELATED_PRODUCT_CATEGORY('part',$,(#1311));
#1480 = SHAPE_DEFINITION_REPRESENTATION(#1481,#1487);
#1481 = PRODUCT_DEFINITION_SHAPE('','',#1482);
#1482 = PRODUCT_DEFINITION('design','',#1483,#1486);
#1483 = PRODUCT_DEFINITION_FORMATION('','',#1484);
#1484 = PRODUCT('_autosave-connection pcb_track_8',
  '_autosave-connection pcb_track_8','',(#1485));
#1485 = PRODUCT_CONTEXT('',#2,'mechanical');
#1486 = PRODUCT_DEFINITION_CONTEXT('part definition',#2,'design');
#1487 = ADVANCED_BREP_SHAPE_REPRESENTATION('',(#11,#1488),#1642);
#1488 = MANIFOLD_SOLID_BREP('',#1489);
#1489 = CLOSED_SHELL('',(#1490,#1530,#1563,#1594,#1618,#1630));
#1490 = ADVANCED_FACE('',(#1491),#1525,.F.);
#1491 = FACE_BOUND('',#1492,.F.);
#1492 = EDGE_LOOP('',(#1493,#1503,#1511,#1519));
#1493 = ORIENTED_EDGE('',*,*,#1494,.T.);
#1494 = EDGE_CURVE('',#1495,#1497,#1499,.T.);
#1495 = VERTEX_POINT('',#1496);
#1496 = CARTESIAN_POINT('',(139.906066,-99.106066,1.6));
#1497 = VERTEX_POINT('',#1498);
#1498 = CARTESIAN_POINT('',(139.906066,-99.106066,1.635));
#1499 = LINE('',#1500,#1501);
#1500 = CARTESIAN_POINT('',(139.906066,-99.106066,1.6));
#1501 = VECTOR('',#1502,1.);
#1502 = DIRECTION('',(0.,0.,1.));
#1503 = ORIENTED_EDGE('',*,*,#1504,.T.);
#1504 = EDGE_CURVE('',#1497,#1505,#1507,.T.);
#1505 = VERTEX_POINT('',#1506);
#1506 = CARTESIAN_POINT('',(141.706066,-97.306066,1.635));
#1507 = LINE('',#1508,#1509);
#1508 = CARTESIAN_POINT('',(139.906066,-99.106066,1.635));
#1509 = VECTOR('',#1510,1.);
#1510 = DIRECTION('',(0.707106781187,0.707106781187,0.));
#1511 = ORIENTED_EDGE('',*,*,#1512,.F.);
#1512 = EDGE_CURVE('',#1513,#1505,#1515,.T.);
#1513 = VERTEX_POINT('',#1514);
#1514 = CARTESIAN_POINT('',(141.706066,-97.306066,1.6));
#1515 = LINE('',#1516,#1517);
#1516 = CARTESIAN_POINT('',(141.706066,-97.306066,1.6));
#1517 = VECTOR('',#1518,1.);
#1518 = DIRECTION('',(0.,0.,1.));
#1519 = ORIENTED_EDGE('',*,*,#1520,.F.);
#1520 = EDGE_CURVE('',#1495,#1513,#1521,.T.);
#1521 = LINE('',#1522,#1523);
#1522 = CARTESIAN_POINT('',(139.906066,-99.106066,1.6));
#1523 = VECTOR('',#1524,1.);
#1524 = DIRECTION('',(0.707106781187,0.707106781187,0.));
#1525 = PLANE('',#1526);
#1526 = AXIS2_PLACEMENT_3D('',#1527,#1528,#1529);
#1527 = CARTESIAN_POINT('',(139.906066,-99.106066,1.6));
#1528 = DIRECTION('',(-0.707106781187,0.707106781187,0.));
#1529 = DIRECTION('',(0.707106781187,0.707106781187,0.));
#1530 = ADVANCED_FACE('',(#1531),#1558,.T.);
#1531 = FACE_BOUND('',#1532,.F.);
#1532 = EDGE_LOOP('',(#1533,#1534,#1543,#1551));
#1533 = ORIENTED_EDGE('',*,*,#1512,.T.);
#1534 = ORIENTED_EDGE('',*,*,#1535,.T.);
#1535 = EDGE_CURVE('',#1505,#1536,#1538,.T.);
#1536 = VERTEX_POINT('',#1537);
#1537 = CARTESIAN_POINT('',(141.493933,-97.093933,1.635));
#1538 = CIRCLE('',#1539,0.150000682813);
#1539 = AXIS2_PLACEMENT_3D('',#1540,#1541,#1542);
#1540 = CARTESIAN_POINT('',(141.5999995,-97.1999995,1.635));
#1541 = DIRECTION('',(0.,-0.,1.));
#1542 = DIRECTION('',(0.707106781187,-0.707106781187,-0.));
#1543 = ORIENTED_EDGE('',*,*,#1544,.F.);
#1544 = EDGE_CURVE('',#1545,#1536,#1547,.T.);
#1545 = VERTEX_POINT('',#1546);
#1546 = CARTESIAN_POINT('',(141.493933,-97.093933,1.6));
#1547 = LINE('',#1548,#1549);
#1548 = CARTESIAN_POINT('',(141.493933,-97.093933,1.6));
#1549 = VECTOR('',#1550,1.);
#1550 = DIRECTION('',(0.,0.,1.));
#1551 = ORIENTED_EDGE('',*,*,#1552,.F.);
#1552 = EDGE_CURVE('',#1513,#1545,#1553,.T.);
#1553 = CIRCLE('',#1554,0.150000682813);
#1554 = AXIS2_PLACEMENT_3D('',#1555,#1556,#1557);
#1555 = CARTESIAN_POINT('',(141.5999995,-97.1999995,1.6));
#1556 = DIRECTION('',(0.,-0.,1.));
#1557 = DIRECTION('',(0.707106781187,-0.707106781187,-0.));
#1558 = CYLINDRICAL_SURFACE('',#1559,0.150000682813);
#1559 = AXIS2_PLACEMENT_3D('',#1560,#1561,#1562);
#1560 = CARTESIAN_POINT('',(141.5999995,-97.1999995,1.6));
#1561 = DIRECTION('',(-0.,0.,-1.));
#1562 = DIRECTION('',(0.707106781187,-0.707106781187,-0.));
#1563 = ADVANCED_FACE('',(#1564),#1589,.F.);
#1564 = FACE_BOUND('',#1565,.F.);
#1565 = EDGE_LOOP('',(#1566,#1567,#1575,#1583));
#1566 = ORIENTED_EDGE('',*,*,#1544,.T.);
#1567 = ORIENTED_EDGE('',*,*,#1568,.T.);
#1568 = EDGE_CURVE('',#1536,#1569,#1571,.T.);
#1569 = VERTEX_POINT('',#1570);
#1570 = CARTESIAN_POINT('',(139.693933,-98.893933,1.635));
#1571 = LINE('',#1572,#1573);
#1572 = CARTESIAN_POINT('',(141.493933,-97.093933,1.635));
#1573 = VECTOR('',#1574,1.);
#1574 = DIRECTION('',(-0.707106781187,-0.707106781187,0.));
#1575 = ORIENTED_EDGE('',*,*,#1576,.F.);
#1576 = EDGE_CURVE('',#1577,#1569,#1579,.T.);
#1577 = VERTEX_POINT('',#1578);
#1578 = CARTESIAN_POINT('',(139.693933,-98.893933,1.6));
#1579 = LINE('',#1580,#1581);
#1580 = CARTESIAN_POINT('',(139.693933,-98.893933,1.6));
#1581 = VECTOR('',#1582,1.);
#1582 = DIRECTION('',(0.,0.,1.));
#1583 = ORIENTED_EDGE('',*,*,#1584,.F.);
#1584 = EDGE_CURVE('',#1545,#1577,#1585,.T.);
#1585 = LINE('',#1586,#1587);
#1586 = CARTESIAN_POINT('',(141.493933,-97.093933,1.6));
#1587 = VECTOR('',#1588,1.);
#1588 = DIRECTION('',(-0.707106781187,-0.707106781187,0.));
#1589 = PLANE('',#1590);
#1590 = AXIS2_PLACEMENT_3D('',#1591,#1592,#1593);
#1591 = CARTESIAN_POINT('',(141.493933,-97.093933,1.6));
#1592 = DIRECTION('',(0.707106781187,-0.707106781187,0.));
#1593 = DIRECTION('',(-0.707106781187,-0.707106781187,0.));
#1594 = ADVANCED_FACE('',(#1595),#1613,.T.);
#1595 = FACE_BOUND('',#1596,.F.);
#1596 = EDGE_LOOP('',(#1597,#1598,#1605,#1606));
#1597 = ORIENTED_EDGE('',*,*,#1576,.T.);
#1598 = ORIENTED_EDGE('',*,*,#1599,.T.);
#1599 = EDGE_CURVE('',#1569,#1497,#1600,.T.);
#1600 = CIRCLE('',#1601,0.150000682813);
#1601 = AXIS2_PLACEMENT_3D('',#1602,#1603,#1604);
#1602 = CARTESIAN_POINT('',(139.7999995,-98.9999995,1.635));
#1603 = DIRECTION('',(0.,0.,1.));
#1604 = DIRECTION('',(-0.707106781187,0.707106781186,-0.));
#1605 = ORIENTED_EDGE('',*,*,#1494,.F.);
#1606 = ORIENTED_EDGE('',*,*,#1607,.F.);
#1607 = EDGE_CURVE('',#1577,#1495,#1608,.T.);
#1608 = CIRCLE('',#1609,0.150000682813);
#1609 = AXIS2_PLACEMENT_3D('',#1610,#1611,#1612);
#1610 = CARTESIAN_POINT('',(139.7999995,-98.9999995,1.6));
#1611 = DIRECTION('',(0.,0.,1.));
#1612 = DIRECTION('',(-0.707106781187,0.707106781186,-0.));
#1613 = CYLINDRICAL_SURFACE('',#1614,0.150000682813);
#1614 = AXIS2_PLACEMENT_3D('',#1615,#1616,#1617);
#1615 = CARTESIAN_POINT('',(139.7999995,-98.9999995,1.6));
#1616 = DIRECTION('',(-0.,-0.,-1.));
#1617 = DIRECTION('',(-0.707106781187,0.707106781186,-0.));
#1618 = ADVANCED_FACE('',(#1619),#1625,.F.);
#1619 = FACE_BOUND('',#1620,.F.);
#1620 = EDGE_LOOP('',(#1621,#1622,#1623,#1624));
#1621 = ORIENTED_EDGE('',*,*,#1520,.T.);
#1622 = ORIENTED_EDGE('',*,*,#1552,.T.);
#1623 = ORIENTED_EDGE('',*,*,#1584,.T.);
#1624 = ORIENTED_EDGE('',*,*,#1607,.T.);
#1625 = PLANE('',#1626);
#1626 = AXIS2_PLACEMENT_3D('',#1627,#1628,#1629);
#1627 = CARTESIAN_POINT('',(139.906066,-99.106066,1.6));
#1628 = DIRECTION('',(0.,0.,1.));
#1629 = DIRECTION('',(1.,0.,-0.));
#1630 = ADVANCED_FACE('',(#1631),#1637,.T.);
#1631 = FACE_BOUND('',#1632,.T.);
#1632 = EDGE_LOOP('',(#1633,#1634,#1635,#1636));
#1633 = ORIENTED_EDGE('',*,*,#1504,.T.);
#1634 = ORIENTED_EDGE('',*,*,#1535,.T.);
#1635 = ORIENTED_EDGE('',*,*,#1568,.T.);
#1636 = ORIENTED_EDGE('',*,*,#1599,.T.);
#1637 = PLANE('',#1638);
#1638 = AXIS2_PLACEMENT_3D('',#1639,#1640,#1641);
#1639 = CARTESIAN_POINT('',(139.906066,-99.106066,1.635));
#1640 = DIRECTION('',(0.,0.,1.));
#1641 = DIRECTION('',(1.,0.,-0.));
#1642 = ( GEOMETRIC_REPRESENTATION_CONTEXT(3) 
GLOBAL_UNCERTAINTY_ASSIGNED_CONTEXT((#1646)) 
GLOBAL_UNIT_ASSIGNED_CONTEXT((#1643,#1644,#1645)) REPRESENTATION_CONTEXT
('Context #1','3D Context with UNIT and UNCERTAINTY') );
#1643 = ( LENGTH_UNIT() NAMED_UNIT(*) SI_UNIT(.MILLI.,.METRE.) );
#1644 = ( NAMED_UNIT(*) PLANE_ANGLE_UNIT() SI_UNIT($,.RADIAN.) );
#1645 = ( NAMED_UNIT(*) SI_UNIT($,.STERADIAN.) SOLID_ANGLE_UNIT() );
#1646 = UNCERTAINTY_MEASURE_WITH_UNIT(LENGTH_MEASURE(1.E-07),#1643,
  'distance_accuracy_value','confusion accuracy');
#1647 = CONTEXT_DEPENDENT_SHAPE_REPRESENTATION(#1648,#1650);
#1648 = ( REPRESENTATION_RELATIONSHIP('','',#1487,#10) 
REPRESENTATION_RELATIONSHIP_WITH_TRANSFORMATION(#1649) 
SHAPE_REPRESENTATION_RELATIONSHIP() );
#1649 = ITEM_DEFINED_TRANSFORMATION('','',#11,#43);
#1650 = PRODUCT_DEFINITION_SHAPE('Placement','Placement of an item',
  #1651);
#1651 = NEXT_ASSEMBLY_USAGE_OCCURRENCE('8','=>[0:1:1:9]','',#5,#1482,$);
#1652 = PRODUCT_RELATED_PRODUCT_CATEGORY('part',$,(#1484));
#1653 = SHAPE_DEFINITION_REPRESENTATION(#1654,#1660);
#1654 = PRODUCT_DEFINITION_SHAPE('','',#1655);
#1655 = PRODUCT_DEFINITION('design','',#1656,#1659);
#1656 = PRODUCT_DEFINITION_FORMATION('','',#1657);
#1657 = PRODUCT('_autosave-connection pcb_track_9',
  '_autosave-connection pcb_track_9','',(#1658));
#1658 = PRODUCT_CONTEXT('',#2,'mechanical');
#1659 = PRODUCT_DEFINITION_CONTEXT('part definition',#2,'design');
#1660 = ADVANCED_BREP_SHAPE_REPRESENTATION('',(#11,#1661),#1815);
#1661 = MANIFOLD_SOLID_BREP('',#1662);
#1662 = CLOSED_SHELL('',(#1663,#1703,#1736,#1767,#1791,#1803));
#1663 = ADVANCED_FACE('',(#1664),#1698,.F.);
#1664 = FACE_BOUND('',#1665,.F.);
#1665 = EDGE_LOOP('',(#1666,#1676,#1684,#1692));
#1666 = ORIENTED_EDGE('',*,*,#1667,.T.);
#1667 = EDGE_CURVE('',#1668,#1670,#1672,.T.);
#1668 = VERTEX_POINT('',#1669);
#1669 = CARTESIAN_POINT('',(142.85,-105.6,1.6));
#1670 = VERTEX_POINT('',#1671);
#1671 = CARTESIAN_POINT('',(142.85,-105.6,1.635));
#1672 = LINE('',#1673,#1674);
#1673 = CARTESIAN_POINT('',(142.85,-105.6,1.6));
#1674 = VECTOR('',#1675,1.);
#1675 = DIRECTION('',(0.,0.,1.));
#1676 = ORIENTED_EDGE('',*,*,#1677,.T.);
#1677 = EDGE_CURVE('',#1670,#1678,#1680,.T.);
#1678 = VERTEX_POINT('',#1679);
#1679 = CARTESIAN_POINT('',(142.85,-99.8,1.635));
#1680 = LINE('',#1681,#1682);
#1681 = CARTESIAN_POINT('',(142.85,-105.6,1.635));
#1682 = VECTOR('',#1683,1.);
#1683 = DIRECTION('',(0.,1.,0.));
#1684 = ORIENTED_EDGE('',*,*,#1685,.F.);
#1685 = EDGE_CURVE('',#1686,#1678,#1688,.T.);
#1686 = VERTEX_POINT('',#1687);
#1687 = CARTESIAN_POINT('',(142.85,-99.8,1.6));
#1688 = LINE('',#1689,#1690);
#1689 = CARTESIAN_POINT('',(142.85,-99.8,1.6));
#1690 = VECTOR('',#1691,1.);
#1691 = DIRECTION('',(0.,0.,1.));
#1692 = ORIENTED_EDGE('',*,*,#1693,.F.);
#1693 = EDGE_CURVE('',#1668,#1686,#1694,.T.);
#1694 = LINE('',#1695,#1696);
#1695 = CARTESIAN_POINT('',(142.85,-105.6,1.6));
#1696 = VECTOR('',#1697,1.);
#1697 = DIRECTION('',(0.,1.,0.));
#1698 = PLANE('',#1699);
#1699 = AXIS2_PLACEMENT_3D('',#1700,#1701,#1702);
#1700 = CARTESIAN_POINT('',(142.85,-105.6,1.6));
#1701 = DIRECTION('',(-1.,0.,0.));
#1702 = DIRECTION('',(0.,1.,0.));
#1703 = ADVANCED_FACE('',(#1704),#1731,.T.);
#1704 = FACE_BOUND('',#1705,.F.);
#1705 = EDGE_LOOP('',(#1706,#1707,#1716,#1724));
#1706 = ORIENTED_EDGE('',*,*,#1685,.T.);
#1707 = ORIENTED_EDGE('',*,*,#1708,.T.);
#1708 = EDGE_CURVE('',#1678,#1709,#1711,.T.);
#1709 = VERTEX_POINT('',#1710);
#1710 = CARTESIAN_POINT('',(142.55,-99.8,1.635));
#1711 = CIRCLE('',#1712,0.15);
#1712 = AXIS2_PLACEMENT_3D('',#1713,#1714,#1715);
#1713 = CARTESIAN_POINT('',(142.7,-99.8,1.635));
#1714 = DIRECTION('',(0.,0.,1.));
#1715 = DIRECTION('',(1.,-9.473903143468E-14,0.));
#1716 = ORIENTED_EDGE('',*,*,#1717,.F.);
#1717 = EDGE_CURVE('',#1718,#1709,#1720,.T.);
#1718 = VERTEX_POINT('',#1719);
#1719 = CARTESIAN_POINT('',(142.55,-99.8,1.6));
#1720 = LINE('',#1721,#1722);
#1721 = CARTESIAN_POINT('',(142.55,-99.8,1.6));
#1722 = VECTOR('',#1723,1.);
#1723 = DIRECTION('',(0.,0.,1.));
#1724 = ORIENTED_EDGE('',*,*,#1725,.F.);
#1725 = EDGE_CURVE('',#1686,#1718,#1726,.T.);
#1726 = CIRCLE('',#1727,0.15);
#1727 = AXIS2_PLACEMENT_3D('',#1728,#1729,#1730);
#1728 = CARTESIAN_POINT('',(142.7,-99.8,1.6));
#1729 = DIRECTION('',(0.,0.,1.));
#1730 = DIRECTION('',(1.,-9.473903143468E-14,0.));
#1731 = CYLINDRICAL_SURFACE('',#1732,0.15);
#1732 = AXIS2_PLACEMENT_3D('',#1733,#1734,#1735);
#1733 = CARTESIAN_POINT('',(142.7,-99.8,1.6));
#1734 = DIRECTION('',(-0.,-0.,-1.));
#1735 = DIRECTION('',(1.,-9.473903143468E-14,0.));
#1736 = ADVANCED_FACE('',(#1737),#1762,.F.);
#1737 = FACE_BOUND('',#1738,.F.);
#1738 = EDGE_LOOP('',(#1739,#1740,#1748,#1756));
#1739 = ORIENTED_EDGE('',*,*,#1717,.T.);
#1740 = ORIENTED_EDGE('',*,*,#1741,.T.);
#1741 = EDGE_CURVE('',#1709,#1742,#1744,.T.);
#1742 = VERTEX_POINT('',#1743);
#1743 = CARTESIAN_POINT('',(142.55,-105.6,1.635));
#1744 = LINE('',#1745,#1746);
#1745 = CARTESIAN_POINT('',(142.55,-99.8,1.635));
#1746 = VECTOR('',#1747,1.);
#1747 = DIRECTION('',(0.,-1.,0.));
#1748 = ORIENTED_EDGE('',*,*,#1749,.F.);
#1749 = EDGE_CURVE('',#1750,#1742,#1752,.T.);
#1750 = VERTEX_POINT('',#1751);
#1751 = CARTESIAN_POINT('',(142.55,-105.6,1.6));
#1752 = LINE('',#1753,#1754);
#1753 = CARTESIAN_POINT('',(142.55,-105.6,1.6));
#1754 = VECTOR('',#1755,1.);
#1755 = DIRECTION('',(0.,0.,1.));
#1756 = ORIENTED_EDGE('',*,*,#1757,.F.);
#1757 = EDGE_CURVE('',#1718,#1750,#1758,.T.);
#1758 = LINE('',#1759,#1760);
#1759 = CARTESIAN_POINT('',(142.55,-99.8,1.6));
#1760 = VECTOR('',#1761,1.);
#1761 = DIRECTION('',(0.,-1.,0.));
#1762 = PLANE('',#1763);
#1763 = AXIS2_PLACEMENT_3D('',#1764,#1765,#1766);
#1764 = CARTESIAN_POINT('',(142.55,-99.8,1.6));
#1765 = DIRECTION('',(1.,0.,-0.));
#1766 = DIRECTION('',(0.,-1.,0.));
#1767 = ADVANCED_FACE('',(#1768),#1786,.T.);
#1768 = FACE_BOUND('',#1769,.F.);
#1769 = EDGE_LOOP('',(#1770,#1771,#1778,#1779));
#1770 = ORIENTED_EDGE('',*,*,#1749,.T.);
#1771 = ORIENTED_EDGE('',*,*,#1772,.T.);
#1772 = EDGE_CURVE('',#1742,#1670,#1773,.T.);
#1773 = CIRCLE('',#1774,0.15);
#1774 = AXIS2_PLACEMENT_3D('',#1775,#1776,#1777);
#1775 = CARTESIAN_POINT('',(142.7,-105.6,1.635));
#1776 = DIRECTION('',(0.,0.,1.));
#1777 = DIRECTION('',(-1.,1.894780628694E-13,-0.));
#1778 = ORIENTED_EDGE('',*,*,#1667,.F.);
#1779 = ORIENTED_EDGE('',*,*,#1780,.F.);
#1780 = EDGE_CURVE('',#1750,#1668,#1781,.T.);
#1781 = CIRCLE('',#1782,0.15);
#1782 = AXIS2_PLACEMENT_3D('',#1783,#1784,#1785);
#1783 = CARTESIAN_POINT('',(142.7,-105.6,1.6));
#1784 = DIRECTION('',(0.,0.,1.));
#1785 = DIRECTION('',(-1.,1.894780628694E-13,-0.));
#1786 = CYLINDRICAL_SURFACE('',#1787,0.15);
#1787 = AXIS2_PLACEMENT_3D('',#1788,#1789,#1790);
#1788 = CARTESIAN_POINT('',(142.7,-105.6,1.6));
#1789 = DIRECTION('',(-0.,-0.,-1.));
#1790 = DIRECTION('',(-1.,1.894780628694E-13,-0.));
#1791 = ADVANCED_FACE('',(#1792),#1798,.F.);
#1792 = FACE_BOUND('',#1793,.F.);
#1793 = EDGE_LOOP('',(#1794,#1795,#1796,#1797));
#1794 = ORIENTED_EDGE('',*,*,#1693,.T.);
#1795 = ORIENTED_EDGE('',*,*,#1725,.T.);
#1796 = ORIENTED_EDGE('',*,*,#1757,.T.);
#1797 = ORIENTED_EDGE('',*,*,#1780,.T.);
#1798 = PLANE('',#1799);
#1799 = AXIS2_PLACEMENT_3D('',#1800,#1801,#1802);
#1800 = CARTESIAN_POINT('',(142.85,-105.6,1.6));
#1801 = DIRECTION('',(0.,0.,1.));
#1802 = DIRECTION('',(1.,0.,-0.));
#1803 = ADVANCED_FACE('',(#1804),#1810,.T.);
#1804 = FACE_BOUND('',#1805,.T.);
#1805 = EDGE_LOOP('',(#1806,#1807,#1808,#1809));
#1806 = ORIENTED_EDGE('',*,*,#1677,.T.);
#1807 = ORIENTED_EDGE('',*,*,#1708,.T.);
#1808 = ORIENTED_EDGE('',*,*,#1741,.T.);
#1809 = ORIENTED_EDGE('',*,*,#1772,.T.);
#1810 = PLANE('',#1811);
#1811 = AXIS2_PLACEMENT_3D('',#1812,#1813,#1814);
#1812 = CARTESIAN_POINT('',(142.85,-105.6,1.635));
#1813 = DIRECTION('',(0.,0.,1.));
#1814 = DIRECTION('',(1.,0.,-0.));
#1815 = ( GEOMETRIC_REPRESENTATION_CONTEXT(3) 
GLOBAL_UNCERTAINTY_ASSIGNED_CONTEXT((#1819)) 
GLOBAL_UNIT_ASSIGNED_CONTEXT((#1816,#1817,#1818)) REPRESENTATION_CONTEXT
('Context #1','3D Context with UNIT and UNCERTAINTY') );
#1816 = ( LENGTH_UNIT() NAMED_UNIT(*) SI_UNIT(.MILLI.,.METRE.) );
#1817 = ( NAMED_UNIT(*) PLANE_ANGLE_UNIT() SI_UNIT($,.RADIAN.) );
#1818 = ( NAMED_UNIT(*) SI_UNIT($,.STERADIAN.) SOLID_ANGLE_UNIT() );
#1819 = UNCERTAINTY_MEASURE_WITH_UNIT(LENGTH_MEASURE(1.E-07),#1816,
  'distance_accuracy_value','confusion accuracy');
#1820 = CONTEXT_DEPENDENT_SHAPE_REPRESENTATION(#1821,#1823);
#1821 = ( REPRESENTATION_RELATIONSHIP('','',#1660,#10) 
REPRESENTATION_RELATIONSHIP_WITH_TRANSFORMATION(#1822) 
SHAPE_REPRESENTATION_RELATIONSHIP() );
#1822 = ITEM_DEFINED_TRANSFORMATION('','',#11,#47);
#1823 = PRODUCT_DEFINITION_SHAPE('Placement','Placement of an item',
  #1824);
#1824 = NEXT_ASSEMBLY_USAGE_OCCURRENCE('9','=>[0:1:1:10]','',#5,#1655,$
  );
#1825 = PRODUCT_RELATED_PRODUCT_CATEGORY('part',$,(#1657));
#1826 = SHAPE_DEFINITION_REPRESENTATION(#1827,#1833);
#1827 = PRODUCT_DEFINITION_SHAPE('','',#1828);
#1828 = PRODUCT_DEFINITION('design','',#1829,#1832);
#1829 = PRODUCT_DEFINITION_FORMATION('','',#1830);
#1830 = PRODUCT('_autosave-connection pcb_track_10',
  '_autosave-connection pcb_track_10','',(#1831));
#1831 = PRODUCT_CONTEXT('',#2,'mechanical');
#1832 = PRODUCT_DEFINITION_CONTEXT('part definition',#2,'design');
#1833 = ADVANCED_BREP_SHAPE_REPRESENTATION('',(#11,#1834),#1988);
#1834 = MANIFOLD_SOLID_BREP('',#1835);
#1835 = CLOSED_SHELL('',(#1836,#1876,#1909,#1940,#1964,#1976));
#1836 = ADVANCED_FACE('',(#1837),#1871,.F.);
#1837 = FACE_BOUND('',#1838,.F.);
#1838 = EDGE_LOOP('',(#1839,#1849,#1857,#1865));
#1839 = ORIENTED_EDGE('',*,*,#1840,.T.);
#1840 = EDGE_CURVE('',#1841,#1843,#1845,.T.);
#1841 = VERTEX_POINT('',#1842);
#1842 = CARTESIAN_POINT('',(141.75,-98.7,1.6));
#1843 = VERTEX_POINT('',#1844);
#1844 = CARTESIAN_POINT('',(141.75,-98.7,1.635));
#1845 = LINE('',#1846,#1847);
#1846 = CARTESIAN_POINT('',(141.75,-98.7,1.6));
#1847 = VECTOR('',#1848,1.);
#1848 = DIRECTION('',(0.,0.,1.));
#1849 = ORIENTED_EDGE('',*,*,#1850,.T.);
#1850 = EDGE_CURVE('',#1843,#1851,#1853,.T.);
#1851 = VERTEX_POINT('',#1852);
#1852 = CARTESIAN_POINT('',(141.75,-97.2,1.635));
#1853 = LINE('',#1854,#1855);
#1854 = CARTESIAN_POINT('',(141.75,-98.7,1.635));
#1855 = VECTOR('',#1856,1.);
#1856 = DIRECTION('',(0.,1.,0.));
#1857 = ORIENTED_EDGE('',*,*,#1858,.F.);
#1858 = EDGE_CURVE('',#1859,#1851,#1861,.T.);
#1859 = VERTEX_POINT('',#1860);
#1860 = CARTESIAN_POINT('',(141.75,-97.2,1.6));
#1861 = LINE('',#1862,#1863);
#1862 = CARTESIAN_POINT('',(141.75,-97.2,1.6));
#1863 = VECTOR('',#1864,1.);
#1864 = DIRECTION('',(0.,0.,1.));
#1865 = ORIENTED_EDGE('',*,*,#1866,.F.);
#1866 = EDGE_CURVE('',#1841,#1859,#1867,.T.);
#1867 = LINE('',#1868,#1869);
#1868 = CARTESIAN_POINT('',(141.75,-98.7,1.6));
#1869 = VECTOR('',#1870,1.);
#1870 = DIRECTION('',(0.,1.,0.));
#1871 = PLANE('',#1872);
#1872 = AXIS2_PLACEMENT_3D('',#1873,#1874,#1875);
#1873 = CARTESIAN_POINT('',(141.75,-98.7,1.6));
#1874 = DIRECTION('',(-1.,0.,0.));
#1875 = DIRECTION('',(0.,1.,0.));
#1876 = ADVANCED_FACE('',(#1877),#1904,.T.);
#1877 = FACE_BOUND('',#1878,.F.);
#1878 = EDGE_LOOP('',(#1879,#1880,#1889,#1897));
#1879 = ORIENTED_EDGE('',*,*,#1858,.T.);
#1880 = ORIENTED_EDGE('',*,*,#1881,.T.);
#1881 = EDGE_CURVE('',#1851,#1882,#1884,.T.);
#1882 = VERTEX_POINT('',#1883);
#1883 = CARTESIAN_POINT('',(141.45,-97.2,1.635));
#1884 = CIRCLE('',#1885,0.15);
#1885 = AXIS2_PLACEMENT_3D('',#1886,#1887,#1888);
#1886 = CARTESIAN_POINT('',(141.6,-97.2,1.635));
#1887 = DIRECTION('',(0.,0.,1.));
#1888 = DIRECTION('',(1.,9.473903143468E-14,-0.));
#1889 = ORIENTED_EDGE('',*,*,#1890,.F.);
#1890 = EDGE_CURVE('',#1891,#1882,#1893,.T.);
#1891 = VERTEX_POINT('',#1892);
#1892 = CARTESIAN_POINT('',(141.45,-97.2,1.6));
#1893 = LINE('',#1894,#1895);
#1894 = CARTESIAN_POINT('',(141.45,-97.2,1.6));
#1895 = VECTOR('',#1896,1.);
#1896 = DIRECTION('',(0.,0.,1.));
#1897 = ORIENTED_EDGE('',*,*,#1898,.F.);
#1898 = EDGE_CURVE('',#1859,#1891,#1899,.T.);
#1899 = CIRCLE('',#1900,0.15);
#1900 = AXIS2_PLACEMENT_3D('',#1901,#1902,#1903);
#1901 = CARTESIAN_POINT('',(141.6,-97.2,1.6));
#1902 = DIRECTION('',(0.,0.,1.));
#1903 = DIRECTION('',(1.,9.473903143468E-14,-0.));
#1904 = CYLINDRICAL_SURFACE('',#1905,0.15);
#1905 = AXIS2_PLACEMENT_3D('',#1906,#1907,#1908);
#1906 = CARTESIAN_POINT('',(141.6,-97.2,1.6));
#1907 = DIRECTION('',(-0.,-0.,-1.));
#1908 = DIRECTION('',(1.,9.473903143468E-14,-0.));
#1909 = ADVANCED_FACE('',(#1910),#1935,.F.);
#1910 = FACE_BOUND('',#1911,.F.);
#1911 = EDGE_LOOP('',(#1912,#1913,#1921,#1929));
#1912 = ORIENTED_EDGE('',*,*,#1890,.T.);
#1913 = ORIENTED_EDGE('',*,*,#1914,.T.);
#1914 = EDGE_CURVE('',#1882,#1915,#1917,.T.);
#1915 = VERTEX_POINT('',#1916);
#1916 = CARTESIAN_POINT('',(141.45,-98.7,1.635));
#1917 = LINE('',#1918,#1919);
#1918 = CARTESIAN_POINT('',(141.45,-97.2,1.635));
#1919 = VECTOR('',#1920,1.);
#1920 = DIRECTION('',(0.,-1.,0.));
#1921 = ORIENTED_EDGE('',*,*,#1922,.F.);
#1922 = EDGE_CURVE('',#1923,#1915,#1925,.T.);
#1923 = VERTEX_POINT('',#1924);
#1924 = CARTESIAN_POINT('',(141.45,-98.7,1.6));
#1925 = LINE('',#1926,#1927);
#1926 = CARTESIAN_POINT('',(141.45,-98.7,1.6));
#1927 = VECTOR('',#1928,1.);
#1928 = DIRECTION('',(0.,0.,1.));
#1929 = ORIENTED_EDGE('',*,*,#1930,.F.);
#1930 = EDGE_CURVE('',#1891,#1923,#1931,.T.);
#1931 = LINE('',#1932,#1933);
#1932 = CARTESIAN_POINT('',(141.45,-97.2,1.6));
#1933 = VECTOR('',#1934,1.);
#1934 = DIRECTION('',(0.,-1.,0.));
#1935 = PLANE('',#1936);
#1936 = AXIS2_PLACEMENT_3D('',#1937,#1938,#1939);
#1937 = CARTESIAN_POINT('',(141.45,-97.2,1.6));
#1938 = DIRECTION('',(1.,0.,-0.));
#1939 = DIRECTION('',(0.,-1.,0.));
#1940 = ADVANCED_FACE('',(#1941),#1959,.T.);
#1941 = FACE_BOUND('',#1942,.F.);
#1942 = EDGE_LOOP('',(#1943,#1944,#1951,#1952));
#1943 = ORIENTED_EDGE('',*,*,#1922,.T.);
#1944 = ORIENTED_EDGE('',*,*,#1945,.T.);
#1945 = EDGE_CURVE('',#1915,#1843,#1946,.T.);
#1946 = CIRCLE('',#1947,0.15);
#1947 = AXIS2_PLACEMENT_3D('',#1948,#1949,#1950);
#1948 = CARTESIAN_POINT('',(141.6,-98.7,1.635));
#1949 = DIRECTION('',(0.,0.,1.));
#1950 = DIRECTION('',(-1.,-9.473903143468E-14,0.));
#1951 = ORIENTED_EDGE('',*,*,#1840,.F.);
#1952 = ORIENTED_EDGE('',*,*,#1953,.F.);
#1953 = EDGE_CURVE('',#1923,#1841,#1954,.T.);
#1954 = CIRCLE('',#1955,0.15);
#1955 = AXIS2_PLACEMENT_3D('',#1956,#1957,#1958);
#1956 = CARTESIAN_POINT('',(141.6,-98.7,1.6));
#1957 = DIRECTION('',(0.,0.,1.));
#1958 = DIRECTION('',(-1.,-9.473903143468E-14,0.));
#1959 = CYLINDRICAL_SURFACE('',#1960,0.15);
#1960 = AXIS2_PLACEMENT_3D('',#1961,#1962,#1963);
#1961 = CARTESIAN_POINT('',(141.6,-98.7,1.6));
#1962 = DIRECTION('',(-0.,-0.,-1.));
#1963 = DIRECTION('',(-1.,-9.473903143468E-14,0.));
#1964 = ADVANCED_FACE('',(#1965),#1971,.F.);
#1965 = FACE_BOUND('',#1966,.F.);
#1966 = EDGE_LOOP('',(#1967,#1968,#1969,#1970));
#1967 = ORIENTED_EDGE('',*,*,#1866,.T.);
#1968 = ORIENTED_EDGE('',*,*,#1898,.T.);
#1969 = ORIENTED_EDGE('',*,*,#1930,.T.);
#1970 = ORIENTED_EDGE('',*,*,#1953,.T.);
#1971 = PLANE('',#1972);
#1972 = AXIS2_PLACEMENT_3D('',#1973,#1974,#1975);
#1973 = CARTESIAN_POINT('',(141.75,-98.7,1.6));
#1974 = DIRECTION('',(0.,0.,1.));
#1975 = DIRECTION('',(1.,0.,-0.));
#1976 = ADVANCED_FACE('',(#1977),#1983,.T.);
#1977 = FACE_BOUND('',#1978,.T.);
#1978 = EDGE_LOOP('',(#1979,#1980,#1981,#1982));
#1979 = ORIENTED_EDGE('',*,*,#1850,.T.);
#1980 = ORIENTED_EDGE('',*,*,#1881,.T.);
#1981 = ORIENTED_EDGE('',*,*,#1914,.T.);
#1982 = ORIENTED_EDGE('',*,*,#1945,.T.);
#1983 = PLANE('',#1984);
#1984 = AXIS2_PLACEMENT_3D('',#1985,#1986,#1987);
#1985 = CARTESIAN_POINT('',(141.75,-98.7,1.635));
#1986 = DIRECTION('',(0.,0.,1.));
#1987 = DIRECTION('',(1.,0.,-0.));
#1988 = ( GEOMETRIC_REPRESENTATION_CONTEXT(3) 
GLOBAL_UNCERTAINTY_ASSIGNED_CONTEXT((#1992)) 
GLOBAL_UNIT_ASSIGNED_CONTEXT((#1989,#1990,#1991)) REPRESENTATION_CONTEXT
('Context #1','3D Context with UNIT and UNCERTAINTY') );
#1989 = ( LENGTH_UNIT() NAMED_UNIT(*) SI_UNIT(.MILLI.,.METRE.) );
#1990 = ( NAMED_UNIT(*) PLANE_ANGLE_UNIT() SI_UNIT($,.RADIAN.) );
#1991 = ( NAMED_UNIT(*) SI_UNIT($,.STERADIAN.) SOLID_ANGLE_UNIT() );
#1992 = UNCERTAINTY_MEASURE_WITH_UNIT(LENGTH_MEASURE(1.E-07),#1989,
  'distance_accuracy_value','confusion accuracy');
#1993 = CONTEXT_DEPENDENT_SHAPE_REPRESENTATION(#1994,#1996);
#1994 = ( REPRESENTATION_RELATIONSHIP('','',#1833,#10) 
REPRESENTATION_RELATIONSHIP_WITH_TRANSFORMATION(#1995) 
SHAPE_REPRESENTATION_RELATIONSHIP() );
#1995 = ITEM_DEFINED_TRANSFORMATION('','',#11,#51);
#1996 = PRODUCT_DEFINITION_SHAPE('Placement','Placement of an item',
  #1997);
#1997 = NEXT_ASSEMBLY_USAGE_OCCURRENCE('10','=>[0:1:1:11]','',#5,#1828,$
  );
#1998 = PRODUCT_RELATED_PRODUCT_CATEGORY('part',$,(#1830));
#1999 = SHAPE_DEFINITION_REPRESENTATION(#2000,#2006);
#2000 = PRODUCT_DEFINITION_SHAPE('','',#2001);
#2001 = PRODUCT_DEFINITION('design','',#2002,#2005);
#2002 = PRODUCT_DEFINITION_FORMATION('','',#2003);
#2003 = PRODUCT('_autosave-connection pcb_track_11',
  '_autosave-connection pcb_track_11','',(#2004));
#2004 = PRODUCT_CONTEXT('',#2,'mechanical');
#2005 = PRODUCT_DEFINITION_CONTEXT('part definition',#2,'design');
#2006 = ADVANCED_BREP_SHAPE_REPRESENTATION('',(#11,#2007),#2161);
#2007 = MANIFOLD_SOLID_BREP('',#2008);
#2008 = CLOSED_SHELL('',(#2009,#2049,#2082,#2113,#2137,#2149));
#2009 = ADVANCED_FACE('',(#2010),#2044,.F.);
#2010 = FACE_BOUND('',#2011,.F.);
#2011 = EDGE_LOOP('',(#2012,#2022,#2030,#2038));
#2012 = ORIENTED_EDGE('',*,*,#2013,.T.);
#2013 = EDGE_CURVE('',#2014,#2016,#2018,.T.);
#2014 = VERTEX_POINT('',#2015);
#2015 = CARTESIAN_POINT('',(143.306066,-105.993933,1.6));
#2016 = VERTEX_POINT('',#2017);
#2017 = CARTESIAN_POINT('',(143.306066,-105.993933,1.635));
#2018 = LINE('',#2019,#2020);
#2019 = CARTESIAN_POINT('',(143.306066,-105.993933,1.6));
#2020 = VECTOR('',#2021,1.);
#2021 = DIRECTION('',(0.,0.,1.));
#2022 = ORIENTED_EDGE('',*,*,#2023,.T.);
#2023 = EDGE_CURVE('',#2016,#2024,#2026,.T.);
#2024 = VERTEX_POINT('',#2025);
#2025 = CARTESIAN_POINT('',(142.806066,-105.493933,1.635));
#2026 = LINE('',#2027,#2028);
#2027 = CARTESIAN_POINT('',(143.306066,-105.993933,1.635));
#2028 = VECTOR('',#2029,1.);
#2029 = DIRECTION('',(-0.707106781187,0.707106781187,0.));
#2030 = ORIENTED_EDGE('',*,*,#2031,.F.);
#2031 = EDGE_CURVE('',#2032,#2024,#2034,.T.);
#2032 = VERTEX_POINT('',#2033);
#2033 = CARTESIAN_POINT('',(142.806066,-105.493933,1.6));
#2034 = LINE('',#2035,#2036);
#2035 = CARTESIAN_POINT('',(142.806066,-105.493933,1.6));
#2036 = VECTOR('',#2037,1.);
#2037 = DIRECTION('',(0.,0.,1.));
#2038 = ORIENTED_EDGE('',*,*,#2039,.F.);
#2039 = EDGE_CURVE('',#2014,#2032,#2040,.T.);
#2040 = LINE('',#2041,#2042);
#2041 = CARTESIAN_POINT('',(143.306066,-105.993933,1.6));
#2042 = VECTOR('',#2043,1.);
#2043 = DIRECTION('',(-0.707106781187,0.707106781187,0.));
#2044 = PLANE('',#2045);
#2045 = AXIS2_PLACEMENT_3D('',#2046,#2047,#2048);
#2046 = CARTESIAN_POINT('',(143.306066,-105.993933,1.6));
#2047 = DIRECTION('',(-0.707106781187,-0.707106781187,0.));
#2048 = DIRECTION('',(-0.707106781187,0.707106781187,0.));
#2049 = ADVANCED_FACE('',(#2050),#2077,.T.);
#2050 = FACE_BOUND('',#2051,.F.);
#2051 = EDGE_LOOP('',(#2052,#2053,#2062,#2070));
#2052 = ORIENTED_EDGE('',*,*,#2031,.T.);
#2053 = ORIENTED_EDGE('',*,*,#2054,.T.);
#2054 = EDGE_CURVE('',#2024,#2055,#2057,.T.);
#2055 = VERTEX_POINT('',#2056);
#2056 = CARTESIAN_POINT('',(142.593933,-105.706066,1.635));
#2057 = CIRCLE('',#2058,0.150000682813);
#2058 = AXIS2_PLACEMENT_3D('',#2059,#2060,#2061);
#2059 = CARTESIAN_POINT('',(142.6999995,-105.5999995,1.635));
#2060 = DIRECTION('',(0.,0.,1.));
#2061 = DIRECTION('',(0.707106781187,0.707106781187,-0.));
#2062 = ORIENTED_EDGE('',*,*,#2063,.F.);
#2063 = EDGE_CURVE('',#2064,#2055,#2066,.T.);
#2064 = VERTEX_POINT('',#2065);
#2065 = CARTESIAN_POINT('',(142.593933,-105.706066,1.6));
#2066 = LINE('',#2067,#2068);
#2067 = CARTESIAN_POINT('',(142.593933,-105.706066,1.6));
#2068 = VECTOR('',#2069,1.);
#2069 = DIRECTION('',(0.,0.,1.));
#2070 = ORIENTED_EDGE('',*,*,#2071,.F.);
#2071 = EDGE_CURVE('',#2032,#2064,#2072,.T.);
#2072 = CIRCLE('',#2073,0.150000682813);
#2073 = AXIS2_PLACEMENT_3D('',#2074,#2075,#2076);
#2074 = CARTESIAN_POINT('',(142.6999995,-105.5999995,1.6));
#2075 = DIRECTION('',(0.,0.,1.));
#2076 = DIRECTION('',(0.707106781187,0.707106781187,-0.));
#2077 = CYLINDRICAL_SURFACE('',#2078,0.150000682813);
#2078 = AXIS2_PLACEMENT_3D('',#2079,#2080,#2081);
#2079 = CARTESIAN_POINT('',(142.6999995,-105.5999995,1.6));
#2080 = DIRECTION('',(-0.,-0.,-1.));
#2081 = DIRECTION('',(0.707106781187,0.707106781187,-0.));
#2082 = ADVANCED_FACE('',(#2083),#2108,.F.);
#2083 = FACE_BOUND('',#2084,.F.);
#2084 = EDGE_LOOP('',(#2085,#2086,#2094,#2102));
#2085 = ORIENTED_EDGE('',*,*,#2063,.T.);
#2086 = ORIENTED_EDGE('',*,*,#2087,.T.);
#2087 = EDGE_CURVE('',#2055,#2088,#2090,.T.);
#2088 = VERTEX_POINT('',#2089);
#2089 = CARTESIAN_POINT('',(143.093933,-106.206066,1.635));
#2090 = LINE('',#2091,#2092);
#2091 = CARTESIAN_POINT('',(142.593933,-105.706066,1.635));
#2092 = VECTOR('',#2093,1.);
#2093 = DIRECTION('',(0.707106781187,-0.707106781187,0.));
#2094 = ORIENTED_EDGE('',*,*,#2095,.F.);
#2095 = EDGE_CURVE('',#2096,#2088,#2098,.T.);
#2096 = VERTEX_POINT('',#2097);
#2097 = CARTESIAN_POINT('',(143.093933,-106.206066,1.6));
#2098 = LINE('',#2099,#2100);
#2099 = CARTESIAN_POINT('',(143.093933,-106.206066,1.6));
#2100 = VECTOR('',#2101,1.);
#2101 = DIRECTION('',(0.,0.,1.));
#2102 = ORIENTED_EDGE('',*,*,#2103,.F.);
#2103 = EDGE_CURVE('',#2064,#2096,#2104,.T.);
#2104 = LINE('',#2105,#2106);
#2105 = CARTESIAN_POINT('',(142.593933,-105.706066,1.6));
#2106 = VECTOR('',#2107,1.);
#2107 = DIRECTION('',(0.707106781187,-0.707106781187,0.));
#2108 = PLANE('',#2109);
#2109 = AXIS2_PLACEMENT_3D('',#2110,#2111,#2112);
#2110 = CARTESIAN_POINT('',(142.593933,-105.706066,1.6));
#2111 = DIRECTION('',(0.707106781187,0.707106781187,-0.));
#2112 = DIRECTION('',(0.707106781187,-0.707106781187,0.));
#2113 = ADVANCED_FACE('',(#2114),#2132,.T.);
#2114 = FACE_BOUND('',#2115,.F.);
#2115 = EDGE_LOOP('',(#2116,#2117,#2124,#2125));
#2116 = ORIENTED_EDGE('',*,*,#2095,.T.);
#2117 = ORIENTED_EDGE('',*,*,#2118,.T.);
#2118 = EDGE_CURVE('',#2088,#2016,#2119,.T.);
#2119 = CIRCLE('',#2120,0.150000682813);
#2120 = AXIS2_PLACEMENT_3D('',#2121,#2122,#2123);
#2121 = CARTESIAN_POINT('',(143.1999995,-106.0999995,1.635));
#2122 = DIRECTION('',(0.,0.,1.));
#2123 = DIRECTION('',(-0.707106781187,-0.707106781187,0.));
#2124 = ORIENTED_EDGE('',*,*,#2013,.F.);
#2125 = ORIENTED_EDGE('',*,*,#2126,.F.);
#2126 = EDGE_CURVE('',#2096,#2014,#2127,.T.);
#2127 = CIRCLE('',#2128,0.150000682813);
#2128 = AXIS2_PLACEMENT_3D('',#2129,#2130,#2131);
#2129 = CARTESIAN_POINT('',(143.1999995,-106.0999995,1.6));
#2130 = DIRECTION('',(0.,0.,1.));
#2131 = DIRECTION('',(-0.707106781187,-0.707106781187,0.));
#2132 = CYLINDRICAL_SURFACE('',#2133,0.150000682813);
#2133 = AXIS2_PLACEMENT_3D('',#2134,#2135,#2136);
#2134 = CARTESIAN_POINT('',(143.1999995,-106.0999995,1.6));
#2135 = DIRECTION('',(-0.,-0.,-1.));
#2136 = DIRECTION('',(-0.707106781187,-0.707106781187,0.));
#2137 = ADVANCED_FACE('',(#2138),#2144,.F.);
#2138 = FACE_BOUND('',#2139,.F.);
#2139 = EDGE_LOOP('',(#2140,#2141,#2142,#2143));
#2140 = ORIENTED_EDGE('',*,*,#2039,.T.);
#2141 = ORIENTED_EDGE('',*,*,#2071,.T.);
#2142 = ORIENTED_EDGE('',*,*,#2103,.T.);
#2143 = ORIENTED_EDGE('',*,*,#2126,.T.);
#2144 = PLANE('',#2145);
#2145 = AXIS2_PLACEMENT_3D('',#2146,#2147,#2148);
#2146 = CARTESIAN_POINT('',(143.306066,-105.993933,1.6));
#2147 = DIRECTION('',(0.,0.,1.));
#2148 = DIRECTION('',(1.,0.,-0.));
#2149 = ADVANCED_FACE('',(#2150),#2156,.T.);
#2150 = FACE_BOUND('',#2151,.T.);
#2151 = EDGE_LOOP('',(#2152,#2153,#2154,#2155));
#2152 = ORIENTED_EDGE('',*,*,#2023,.T.);
#2153 = ORIENTED_EDGE('',*,*,#2054,.T.);
#2154 = ORIENTED_EDGE('',*,*,#2087,.T.);
#2155 = ORIENTED_EDGE('',*,*,#2118,.T.);
#2156 = PLANE('',#2157);
#2157 = AXIS2_PLACEMENT_3D('',#2158,#2159,#2160);
#2158 = CARTESIAN_POINT('',(143.306066,-105.993933,1.635));
#2159 = DIRECTION('',(0.,0.,1.));
#2160 = DIRECTION('',(1.,0.,-0.));
#2161 = ( GEOMETRIC_REPRESENTATION_CONTEXT(3) 
GLOBAL_UNCERTAINTY_ASSIGNED_CONTEXT((#2165)) 
GLOBAL_UNIT_ASSIGNED_CONTEXT((#2162,#2163,#2164)) REPRESENTATION_CONTEXT
('Context #1','3D Context with UNIT and UNCERTAINTY') );
#2162 = ( LENGTH_UNIT() NAMED_UNIT(*) SI_UNIT(.MILLI.,.METRE.) );
#2163 = ( NAMED_UNIT(*) PLANE_ANGLE_UNIT() SI_UNIT($,.RADIAN.) );
#2164 = ( NAMED_UNIT(*) SI_UNIT($,.STERADIAN.) SOLID_ANGLE_UNIT() );
#2165 = UNCERTAINTY_MEASURE_WITH_UNIT(LENGTH_MEASURE(1.E-07),#2162,
  'distance_accuracy_value','confusion accuracy');
#2166 = CONTEXT_DEPENDENT_SHAPE_REPRESENTATION(#2167,#2169);
#2167 = ( REPRESENTATION_RELATIONSHIP('','',#2006,#10) 
REPRESENTATION_RELATIONSHIP_WITH_TRANSFORMATION(#2168) 
SHAPE_REPRESENTATION_RELATIONSHIP() );
#2168 = ITEM_DEFINED_TRANSFORMATION('','',#11,#55);
#2169 = PRODUCT_DEFINITION_SHAPE('Placement','Placement of an item',
  #2170);
#2170 = NEXT_ASSEMBLY_USAGE_OCCURRENCE('11','=>[0:1:1:12]','',#5,#2001,$
  );
#2171 = PRODUCT_RELATED_PRODUCT_CATEGORY('part',$,(#2003));
#2172 = SHAPE_DEFINITION_REPRESENTATION(#2173,#2179);
#2173 = PRODUCT_DEFINITION_SHAPE('','',#2174);
#2174 = PRODUCT_DEFINITION('design','',#2175,#2178);
#2175 = PRODUCT_DEFINITION_FORMATION('','',#2176);
#2176 = PRODUCT('_autosave-connection pcb_track_12',
  '_autosave-connection pcb_track_12','',(#2177));
#2177 = PRODUCT_CONTEXT('',#2,'mechanical');
#2178 = PRODUCT_DEFINITION_CONTEXT('part definition',#2,'design');
#2179 = ADVANCED_BREP_SHAPE_REPRESENTATION('',(#11,#2180),#2334);
#2180 = MANIFOLD_SOLID_BREP('',#2181);
#2181 = CLOSED_SHELL('',(#2182,#2222,#2255,#2286,#2310,#2322));
#2182 = ADVANCED_FACE('',(#2183),#2217,.F.);
#2183 = FACE_BOUND('',#2184,.F.);
#2184 = EDGE_LOOP('',(#2185,#2195,#2203,#2211));
#2185 = ORIENTED_EDGE('',*,*,#2186,.T.);
#2186 = EDGE_CURVE('',#2187,#2189,#2191,.T.);
#2187 = VERTEX_POINT('',#2188);
#2188 = CARTESIAN_POINT('',(137.7,-99.15,1.6));
#2189 = VERTEX_POINT('',#2190);
#2190 = CARTESIAN_POINT('',(137.7,-99.15,1.635));
#2191 = LINE('',#2192,#2193);
#2192 = CARTESIAN_POINT('',(137.7,-99.15,1.6));
#2193 = VECTOR('',#2194,1.);
#2194 = DIRECTION('',(0.,0.,1.));
#2195 = ORIENTED_EDGE('',*,*,#2196,.T.);
#2196 = EDGE_CURVE('',#2189,#2197,#2199,.T.);
#2197 = VERTEX_POINT('',#2198);
#2198 = CARTESIAN_POINT('',(139.8,-99.15,1.635));
#2199 = LINE('',#2200,#2201);
#2200 = CARTESIAN_POINT('',(137.7,-99.15,1.635));
#2201 = VECTOR('',#2202,1.);
#2202 = DIRECTION('',(1.,0.,0.));
#2203 = ORIENTED_EDGE('',*,*,#2204,.F.);
#2204 = EDGE_CURVE('',#2205,#2197,#2207,.T.);
#2205 = VERTEX_POINT('',#2206);
#2206 = CARTESIAN_POINT('',(139.8,-99.15,1.6));
#2207 = LINE('',#2208,#2209);
#2208 = CARTESIAN_POINT('',(139.8,-99.15,1.6));
#2209 = VECTOR('',#2210,1.);
#2210 = DIRECTION('',(0.,0.,1.));
#2211 = ORIENTED_EDGE('',*,*,#2212,.F.);
#2212 = EDGE_CURVE('',#2187,#2205,#2213,.T.);
#2213 = LINE('',#2214,#2215);
#2214 = CARTESIAN_POINT('',(137.7,-99.15,1.6));
#2215 = VECTOR('',#2216,1.);
#2216 = DIRECTION('',(1.,0.,0.));
#2217 = PLANE('',#2218);
#2218 = AXIS2_PLACEMENT_3D('',#2219,#2220,#2221);
#2219 = CARTESIAN_POINT('',(137.7,-99.15,1.6));
#2220 = DIRECTION('',(0.,1.,0.));
#2221 = DIRECTION('',(1.,0.,0.));
#2222 = ADVANCED_FACE('',(#2223),#2250,.T.);
#2223 = FACE_BOUND('',#2224,.F.);
#2224 = EDGE_LOOP('',(#2225,#2226,#2235,#2243));
#2225 = ORIENTED_EDGE('',*,*,#2204,.T.);
#2226 = ORIENTED_EDGE('',*,*,#2227,.T.);
#2227 = EDGE_CURVE('',#2197,#2228,#2230,.T.);
#2228 = VERTEX_POINT('',#2229);
#2229 = CARTESIAN_POINT('',(139.8,-98.85,1.635));
#2230 = CIRCLE('',#2231,0.15);
#2231 = AXIS2_PLACEMENT_3D('',#2232,#2233,#2234);
#2232 = CARTESIAN_POINT('',(139.8,-99.,1.635));
#2233 = DIRECTION('',(0.,-0.,1.));
#2234 = DIRECTION('',(1.894780628694E-13,-1.,-0.));
#2235 = ORIENTED_EDGE('',*,*,#2236,.F.);
#2236 = EDGE_CURVE('',#2237,#2228,#2239,.T.);
#2237 = VERTEX_POINT('',#2238);
#2238 = CARTESIAN_POINT('',(139.8,-98.85,1.6));
#2239 = LINE('',#2240,#2241);
#2240 = CARTESIAN_POINT('',(139.8,-98.85,1.6));
#2241 = VECTOR('',#2242,1.);
#2242 = DIRECTION('',(0.,0.,1.));
#2243 = ORIENTED_EDGE('',*,*,#2244,.F.);
#2244 = EDGE_CURVE('',#2205,#2237,#2245,.T.);
#2245 = CIRCLE('',#2246,0.15);
#2246 = AXIS2_PLACEMENT_3D('',#2247,#2248,#2249);
#2247 = CARTESIAN_POINT('',(139.8,-99.,1.6));
#2248 = DIRECTION('',(0.,-0.,1.));
#2249 = DIRECTION('',(1.894780628694E-13,-1.,-0.));
#2250 = CYLINDRICAL_SURFACE('',#2251,0.15);
#2251 = AXIS2_PLACEMENT_3D('',#2252,#2253,#2254);
#2252 = CARTESIAN_POINT('',(139.8,-99.,1.6));
#2253 = DIRECTION('',(-0.,0.,-1.));
#2254 = DIRECTION('',(1.894780628694E-13,-1.,-0.));
#2255 = ADVANCED_FACE('',(#2256),#2281,.F.);
#2256 = FACE_BOUND('',#2257,.F.);
#2257 = EDGE_LOOP('',(#2258,#2259,#2267,#2275));
#2258 = ORIENTED_EDGE('',*,*,#2236,.T.);
#2259 = ORIENTED_EDGE('',*,*,#2260,.T.);
#2260 = EDGE_CURVE('',#2228,#2261,#2263,.T.);
#2261 = VERTEX_POINT('',#2262);
#2262 = CARTESIAN_POINT('',(137.7,-98.85,1.635));
#2263 = LINE('',#2264,#2265);
#2264 = CARTESIAN_POINT('',(139.8,-98.85,1.635));
#2265 = VECTOR('',#2266,1.);
#2266 = DIRECTION('',(-1.,0.,0.));
#2267 = ORIENTED_EDGE('',*,*,#2268,.F.);
#2268 = EDGE_CURVE('',#2269,#2261,#2271,.T.);
#2269 = VERTEX_POINT('',#2270);
#2270 = CARTESIAN_POINT('',(137.7,-98.85,1.6));
#2271 = LINE('',#2272,#2273);
#2272 = CARTESIAN_POINT('',(137.7,-98.85,1.6));
#2273 = VECTOR('',#2274,1.);
#2274 = DIRECTION('',(0.,0.,1.));
#2275 = ORIENTED_EDGE('',*,*,#2276,.F.);
#2276 = EDGE_CURVE('',#2237,#2269,#2277,.T.);
#2277 = LINE('',#2278,#2279);
#2278 = CARTESIAN_POINT('',(139.8,-98.85,1.6));
#2279 = VECTOR('',#2280,1.);
#2280 = DIRECTION('',(-1.,0.,0.));
#2281 = PLANE('',#2282);
#2282 = AXIS2_PLACEMENT_3D('',#2283,#2284,#2285);
#2283 = CARTESIAN_POINT('',(139.8,-98.85,1.6));
#2284 = DIRECTION('',(0.,-1.,0.));
#2285 = DIRECTION('',(-1.,0.,0.));
#2286 = ADVANCED_FACE('',(#2287),#2305,.T.);
#2287 = FACE_BOUND('',#2288,.F.);
#2288 = EDGE_LOOP('',(#2289,#2290,#2297,#2298));
#2289 = ORIENTED_EDGE('',*,*,#2268,.T.);
#2290 = ORIENTED_EDGE('',*,*,#2291,.T.);
#2291 = EDGE_CURVE('',#2261,#2189,#2292,.T.);
#2292 = CIRCLE('',#2293,0.15);
#2293 = AXIS2_PLACEMENT_3D('',#2294,#2295,#2296);
#2294 = CARTESIAN_POINT('',(137.7,-99.,1.635));
#2295 = DIRECTION('',(0.,0.,1.));
#2296 = DIRECTION('',(-1.894780628694E-13,1.,0.));
#2297 = ORIENTED_EDGE('',*,*,#2186,.F.);
#2298 = ORIENTED_EDGE('',*,*,#2299,.F.);
#2299 = EDGE_CURVE('',#2269,#2187,#2300,.T.);
#2300 = CIRCLE('',#2301,0.15);
#2301 = AXIS2_PLACEMENT_3D('',#2302,#2303,#2304);
#2302 = CARTESIAN_POINT('',(137.7,-99.,1.6));
#2303 = DIRECTION('',(0.,0.,1.));
#2304 = DIRECTION('',(-1.894780628694E-13,1.,0.));
#2305 = CYLINDRICAL_SURFACE('',#2306,0.15);
#2306 = AXIS2_PLACEMENT_3D('',#2307,#2308,#2309);
#2307 = CARTESIAN_POINT('',(137.7,-99.,1.6));
#2308 = DIRECTION('',(-0.,-0.,-1.));
#2309 = DIRECTION('',(-1.894780628694E-13,1.,0.));
#2310 = ADVANCED_FACE('',(#2311),#2317,.F.);
#2311 = FACE_BOUND('',#2312,.F.);
#2312 = EDGE_LOOP('',(#2313,#2314,#2315,#2316));
#2313 = ORIENTED_EDGE('',*,*,#2212,.T.);
#2314 = ORIENTED_EDGE('',*,*,#2244,.T.);
#2315 = ORIENTED_EDGE('',*,*,#2276,.T.);
#2316 = ORIENTED_EDGE('',*,*,#2299,.T.);
#2317 = PLANE('',#2318);
#2318 = AXIS2_PLACEMENT_3D('',#2319,#2320,#2321);
#2319 = CARTESIAN_POINT('',(137.7,-99.15,1.6));
#2320 = DIRECTION('',(0.,0.,1.));
#2321 = DIRECTION('',(1.,0.,-0.));
#2322 = ADVANCED_FACE('',(#2323),#2329,.T.);
#2323 = FACE_BOUND('',#2324,.T.);
#2324 = EDGE_LOOP('',(#2325,#2326,#2327,#2328));
#2325 = ORIENTED_EDGE('',*,*,#2196,.T.);
#2326 = ORIENTED_EDGE('',*,*,#2227,.T.);
#2327 = ORIENTED_EDGE('',*,*,#2260,.T.);
#2328 = ORIENTED_EDGE('',*,*,#2291,.T.);
#2329 = PLANE('',#2330);
#2330 = AXIS2_PLACEMENT_3D('',#2331,#2332,#2333);
#2331 = CARTESIAN_POINT('',(137.7,-99.15,1.635));
#2332 = DIRECTION('',(0.,0.,1.));
#2333 = DIRECTION('',(1.,0.,-0.));
#2334 = ( GEOMETRIC_REPRESENTATION_CONTEXT(3) 
GLOBAL_UNCERTAINTY_ASSIGNED_CONTEXT((#2338)) 
GLOBAL_UNIT_ASSIGNED_CONTEXT((#2335,#2336,#2337)) REPRESENTATION_CONTEXT
('Context #1','3D Context with UNIT and UNCERTAINTY') );
#2335 = ( LENGTH_UNIT() NAMED_UNIT(*) SI_UNIT(.MILLI.,.METRE.) );
#2336 = ( NAMED_UNIT(*) PLANE_ANGLE_UNIT() SI_UNIT($,.RADIAN.) );
#2337 = ( NAMED_UNIT(*) SI_UNIT($,.STERADIAN.) SOLID_ANGLE_UNIT() );
#2338 = UNCERTAINTY_MEASURE_WITH_UNIT(LENGTH_MEASURE(1.E-07),#2335,
  'distance_accuracy_value','confusion accuracy');
#2339 = CONTEXT_DEPENDENT_SHAPE_REPRESENTATION(#2340,#2342);
#2340 = ( REPRESENTATION_RELATIONSHIP('','',#2179,#10) 
REPRESENTATION_RELATIONSHIP_WITH_TRANSFORMATION(#2341) 
SHAPE_REPRESENTATION_RELATIONSHIP() );
#2341 = ITEM_DEFINED_TRANSFORMATION('','',#11,#59);
#2342 = PRODUCT_DEFINITION_SHAPE('Placement','Placement of an item',
  #2343);
#2343 = NEXT_ASSEMBLY_USAGE_OCCURRENCE('12','=>[0:1:1:13]','',#5,#2174,$
  );
#2344 = PRODUCT_RELATED_PRODUCT_CATEGORY('part',$,(#2176));
#2345 = SHAPE_DEFINITION_REPRESENTATION(#2346,#2352);
#2346 = PRODUCT_DEFINITION_SHAPE('','',#2347);
#2347 = PRODUCT_DEFINITION('design','',#2348,#2351);
#2348 = PRODUCT_DEFINITION_FORMATION('','',#2349);
#2349 = PRODUCT('_autosave-connection pcb_track_13',
  '_autosave-connection pcb_track_13','',(#2350));
#2350 = PRODUCT_CONTEXT('',#2,'mechanical');
#2351 = PRODUCT_DEFINITION_CONTEXT('part definition',#2,'design');
#2352 = ADVANCED_BREP_SHAPE_REPRESENTATION('',(#11,#2353),#2507);
#2353 = MANIFOLD_SOLID_BREP('',#2354);
#2354 = CLOSED_SHELL('',(#2355,#2395,#2428,#2459,#2483,#2495));
#2355 = ADVANCED_FACE('',(#2356),#2390,.F.);
#2356 = FACE_BOUND('',#2357,.F.);
#2357 = EDGE_LOOP('',(#2358,#2368,#2376,#2384));
#2358 = ORIENTED_EDGE('',*,*,#2359,.T.);
#2359 = EDGE_CURVE('',#2360,#2362,#2364,.T.);
#2360 = VERTEX_POINT('',#2361);
#2361 = CARTESIAN_POINT('',(142.806066,-99.693933,1.6));
#2362 = VERTEX_POINT('',#2363);
#2363 = CARTESIAN_POINT('',(142.806066,-99.693933,1.635));
#2364 = LINE('',#2365,#2366);
#2365 = CARTESIAN_POINT('',(142.806066,-99.693933,1.6));
#2366 = VECTOR('',#2367,1.);
#2367 = DIRECTION('',(0.,0.,1.));
#2368 = ORIENTED_EDGE('',*,*,#2369,.T.);
#2369 = EDGE_CURVE('',#2362,#2370,#2372,.T.);
#2370 = VERTEX_POINT('',#2371);
#2371 = CARTESIAN_POINT('',(141.706066,-98.593933,1.635));
#2372 = LINE('',#2373,#2374);
#2373 = CARTESIAN_POINT('',(142.806066,-99.693933,1.635));
#2374 = VECTOR('',#2375,1.);
#2375 = DIRECTION('',(-0.707106781187,0.707106781187,0.));
#2376 = ORIENTED_EDGE('',*,*,#2377,.F.);
#2377 = EDGE_CURVE('',#2378,#2370,#2380,.T.);
#2378 = VERTEX_POINT('',#2379);
#2379 = CARTESIAN_POINT('',(141.706066,-98.593933,1.6));
#2380 = LINE('',#2381,#2382);
#2381 = CARTESIAN_POINT('',(141.706066,-98.593933,1.6));
#2382 = VECTOR('',#2383,1.);
#2383 = DIRECTION('',(0.,0.,1.));
#2384 = ORIENTED_EDGE('',*,*,#2385,.F.);
#2385 = EDGE_CURVE('',#2360,#2378,#2386,.T.);
#2386 = LINE('',#2387,#2388);
#2387 = CARTESIAN_POINT('',(142.806066,-99.693933,1.6));
#2388 = VECTOR('',#2389,1.);
#2389 = DIRECTION('',(-0.707106781187,0.707106781187,0.));
#2390 = PLANE('',#2391);
#2391 = AXIS2_PLACEMENT_3D('',#2392,#2393,#2394);
#2392 = CARTESIAN_POINT('',(142.806066,-99.693933,1.6));
#2393 = DIRECTION('',(-0.707106781187,-0.707106781187,0.));
#2394 = DIRECTION('',(-0.707106781187,0.707106781187,0.));
#2395 = ADVANCED_FACE('',(#2396),#2423,.T.);
#2396 = FACE_BOUND('',#2397,.F.);
#2397 = EDGE_LOOP('',(#2398,#2399,#2408,#2416));
#2398 = ORIENTED_EDGE('',*,*,#2377,.T.);
#2399 = ORIENTED_EDGE('',*,*,#2400,.T.);
#2400 = EDGE_CURVE('',#2370,#2401,#2403,.T.);
#2401 = VERTEX_POINT('',#2402);
#2402 = CARTESIAN_POINT('',(141.493933,-98.806066,1.635));
#2403 = CIRCLE('',#2404,0.150000682813);
#2404 = AXIS2_PLACEMENT_3D('',#2405,#2406,#2407);
#2405 = CARTESIAN_POINT('',(141.5999995,-98.6999995,1.635));
#2406 = DIRECTION('',(0.,0.,1.));
#2407 = DIRECTION('',(0.707106781187,0.707106781187,-0.));
#2408 = ORIENTED_EDGE('',*,*,#2409,.F.);
#2409 = EDGE_CURVE('',#2410,#2401,#2412,.T.);
#2410 = VERTEX_POINT('',#2411);
#2411 = CARTESIAN_POINT('',(141.493933,-98.806066,1.6));
#2412 = LINE('',#2413,#2414);
#2413 = CARTESIAN_POINT('',(141.493933,-98.806066,1.6));
#2414 = VECTOR('',#2415,1.);
#2415 = DIRECTION('',(0.,0.,1.));
#2416 = ORIENTED_EDGE('',*,*,#2417,.F.);
#2417 = EDGE_CURVE('',#2378,#2410,#2418,.T.);
#2418 = CIRCLE('',#2419,0.150000682813);
#2419 = AXIS2_PLACEMENT_3D('',#2420,#2421,#2422);
#2420 = CARTESIAN_POINT('',(141.5999995,-98.6999995,1.6));
#2421 = DIRECTION('',(0.,0.,1.));
#2422 = DIRECTION('',(0.707106781187,0.707106781187,-0.));
#2423 = CYLINDRICAL_SURFACE('',#2424,0.150000682813);
#2424 = AXIS2_PLACEMENT_3D('',#2425,#2426,#2427);
#2425 = CARTESIAN_POINT('',(141.5999995,-98.6999995,1.6));
#2426 = DIRECTION('',(-0.,-0.,-1.));
#2427 = DIRECTION('',(0.707106781187,0.707106781187,-0.));
#2428 = ADVANCED_FACE('',(#2429),#2454,.F.);
#2429 = FACE_BOUND('',#2430,.F.);
#2430 = EDGE_LOOP('',(#2431,#2432,#2440,#2448));
#2431 = ORIENTED_EDGE('',*,*,#2409,.T.);
#2432 = ORIENTED_EDGE('',*,*,#2433,.T.);
#2433 = EDGE_CURVE('',#2401,#2434,#2436,.T.);
#2434 = VERTEX_POINT('',#2435);
#2435 = CARTESIAN_POINT('',(142.593933,-99.906066,1.635));
#2436 = LINE('',#2437,#2438);
#2437 = CARTESIAN_POINT('',(141.493933,-98.806066,1.635));
#2438 = VECTOR('',#2439,1.);
#2439 = DIRECTION('',(0.707106781187,-0.707106781187,0.));
#2440 = ORIENTED_EDGE('',*,*,#2441,.F.);
#2441 = EDGE_CURVE('',#2442,#2434,#2444,.T.);
#2442 = VERTEX_POINT('',#2443);
#2443 = CARTESIAN_POINT('',(142.593933,-99.906066,1.6));
#2444 = LINE('',#2445,#2446);
#2445 = CARTESIAN_POINT('',(142.593933,-99.906066,1.6));
#2446 = VECTOR('',#2447,1.);
#2447 = DIRECTION('',(0.,0.,1.));
#2448 = ORIENTED_EDGE('',*,*,#2449,.F.);
#2449 = EDGE_CURVE('',#2410,#2442,#2450,.T.);
#2450 = LINE('',#2451,#2452);
#2451 = CARTESIAN_POINT('',(141.493933,-98.806066,1.6));
#2452 = VECTOR('',#2453,1.);
#2453 = DIRECTION('',(0.707106781187,-0.707106781187,0.));
#2454 = PLANE('',#2455);
#2455 = AXIS2_PLACEMENT_3D('',#2456,#2457,#2458);
#2456 = CARTESIAN_POINT('',(141.493933,-98.806066,1.6));
#2457 = DIRECTION('',(0.707106781187,0.707106781187,-0.));
#2458 = DIRECTION('',(0.707106781187,-0.707106781187,0.));
#2459 = ADVANCED_FACE('',(#2460),#2478,.T.);
#2460 = FACE_BOUND('',#2461,.F.);
#2461 = EDGE_LOOP('',(#2462,#2463,#2470,#2471));
#2462 = ORIENTED_EDGE('',*,*,#2441,.T.);
#2463 = ORIENTED_EDGE('',*,*,#2464,.T.);
#2464 = EDGE_CURVE('',#2434,#2362,#2465,.T.);
#2465 = CIRCLE('',#2466,0.150000682813);
#2466 = AXIS2_PLACEMENT_3D('',#2467,#2468,#2469);
#2467 = CARTESIAN_POINT('',(142.6999995,-99.7999995,1.635));
#2468 = DIRECTION('',(0.,0.,1.));
#2469 = DIRECTION('',(-0.707106781187,-0.707106781187,0.));
#2470 = ORIENTED_EDGE('',*,*,#2359,.F.);
#2471 = ORIENTED_EDGE('',*,*,#2472,.F.);
#2472 = EDGE_CURVE('',#2442,#2360,#2473,.T.);
#2473 = CIRCLE('',#2474,0.150000682813);
#2474 = AXIS2_PLACEMENT_3D('',#2475,#2476,#2477);
#2475 = CARTESIAN_POINT('',(142.6999995,-99.7999995,1.6));
#2476 = DIRECTION('',(0.,0.,1.));
#2477 = DIRECTION('',(-0.707106781187,-0.707106781187,0.));
#2478 = CYLINDRICAL_SURFACE('',#2479,0.150000682813);
#2479 = AXIS2_PLACEMENT_3D('',#2480,#2481,#2482);
#2480 = CARTESIAN_POINT('',(142.6999995,-99.7999995,1.6));
#2481 = DIRECTION('',(-0.,-0.,-1.));
#2482 = DIRECTION('',(-0.707106781187,-0.707106781187,0.));
#2483 = ADVANCED_FACE('',(#2484),#2490,.F.);
#2484 = FACE_BOUND('',#2485,.F.);
#2485 = EDGE_LOOP('',(#2486,#2487,#2488,#2489));
#2486 = ORIENTED_EDGE('',*,*,#2385,.T.);
#2487 = ORIENTED_EDGE('',*,*,#2417,.T.);
#2488 = ORIENTED_EDGE('',*,*,#2449,.T.);
#2489 = ORIENTED_EDGE('',*,*,#2472,.T.);
#2490 = PLANE('',#2491);
#2491 = AXIS2_PLACEMENT_3D('',#2492,#2493,#2494);
#2492 = CARTESIAN_POINT('',(142.806066,-99.693933,1.6));
#2493 = DIRECTION('',(0.,0.,1.));
#2494 = DIRECTION('',(1.,0.,-0.));
#2495 = ADVANCED_FACE('',(#2496),#2502,.T.);
#2496 = FACE_BOUND('',#2497,.T.);
#2497 = EDGE_LOOP('',(#2498,#2499,#2500,#2501));
#2498 = ORIENTED_EDGE('',*,*,#2369,.T.);
#2499 = ORIENTED_EDGE('',*,*,#2400,.T.);
#2500 = ORIENTED_EDGE('',*,*,#2433,.T.);
#2501 = ORIENTED_EDGE('',*,*,#2464,.T.);
#2502 = PLANE('',#2503);
#2503 = AXIS2_PLACEMENT_3D('',#2504,#2505,#2506);
#2504 = CARTESIAN_POINT('',(142.806066,-99.693933,1.635));
#2505 = DIRECTION('',(0.,0.,1.));
#2506 = DIRECTION('',(1.,0.,-0.));
#2507 = ( GEOMETRIC_REPRESENTATION_CONTEXT(3) 
GLOBAL_UNCERTAINTY_ASSIGNED_CONTEXT((#2511)) 
GLOBAL_UNIT_ASSIGNED_CONTEXT((#2508,#2509,#2510)) REPRESENTATION_CONTEXT
('Context #1','3D Context with UNIT and UNCERTAINTY') );
#2508 = ( LENGTH_UNIT() NAMED_UNIT(*) SI_UNIT(.MILLI.,.METRE.) );
#2509 = ( NAMED_UNIT(*) PLANE_ANGLE_UNIT() SI_UNIT($,.RADIAN.) );
#2510 = ( NAMED_UNIT(*) SI_UNIT($,.STERADIAN.) SOLID_ANGLE_UNIT() );
#2511 = UNCERTAINTY_MEASURE_WITH_UNIT(LENGTH_MEASURE(1.E-07),#2508,
  'distance_accuracy_value','confusion accuracy');
#2512 = CONTEXT_DEPENDENT_SHAPE_REPRESENTATION(#2513,#2515);
#2513 = ( REPRESENTATION_RELATIONSHIP('','',#2352,#10) 
REPRESENTATION_RELATIONSHIP_WITH_TRANSFORMATION(#2514) 
SHAPE_REPRESENTATION_RELATIONSHIP() );
#2514 = ITEM_DEFINED_TRANSFORMATION('','',#11,#63);
#2515 = PRODUCT_DEFINITION_SHAPE('Placement','Placement of an item',
  #2516);
#2516 = NEXT_ASSEMBLY_USAGE_OCCURRENCE('13','=>[0:1:1:14]','',#5,#2347,$
  );
#2517 = PRODUCT_RELATED_PRODUCT_CATEGORY('part',$,(#2349));
#2518 = SHAPE_DEFINITION_REPRESENTATION(#2519,#2525);
#2519 = PRODUCT_DEFINITION_SHAPE('','',#2520);
#2520 = PRODUCT_DEFINITION('design','',#2521,#2524);
#2521 = PRODUCT_DEFINITION_FORMATION('','',#2522);
#2522 = PRODUCT('_autosave-connection pcb_track_14',
  '_autosave-connection pcb_track_14','',(#2523));
#2523 = PRODUCT_CONTEXT('',#2,'mechanical');
#2524 = PRODUCT_DEFINITION_CONTEXT('part definition',#2,'design');
#2525 = ADVANCED_BREP_SHAPE_REPRESENTATION('',(#11,#2526),#2680);
#2526 = MANIFOLD_SOLID_BREP('',#2527);
#2527 = CLOSED_SHELL('',(#2528,#2568,#2601,#2632,#2656,#2668));
#2528 = ADVANCED_FACE('',(#2529),#2563,.F.);
#2529 = FACE_BOUND('',#2530,.F.);
#2530 = EDGE_LOOP('',(#2531,#2541,#2549,#2557));
#2531 = ORIENTED_EDGE('',*,*,#2532,.T.);
#2532 = EDGE_CURVE('',#2533,#2535,#2537,.T.);
#2533 = VERTEX_POINT('',#2534);
#2534 = CARTESIAN_POINT('',(136.5,-109.85,1.6));
#2535 = VERTEX_POINT('',#2536);
#2536 = CARTESIAN_POINT('',(136.5,-109.85,1.635));
#2537 = LINE('',#2538,#2539);
#2538 = CARTESIAN_POINT('',(136.5,-109.85,1.6));
#2539 = VECTOR('',#2540,1.);
#2540 = DIRECTION('',(0.,0.,1.));
#2541 = ORIENTED_EDGE('',*,*,#2542,.T.);
#2542 = EDGE_CURVE('',#2535,#2543,#2545,.T.);
#2543 = VERTEX_POINT('',#2544);
#2544 = CARTESIAN_POINT('',(136.9,-109.85,1.635));
#2545 = LINE('',#2546,#2547);
#2546 = CARTESIAN_POINT('',(136.5,-109.85,1.635));
#2547 = VECTOR('',#2548,1.);
#2548 = DIRECTION('',(1.,0.,0.));
#2549 = ORIENTED_EDGE('',*,*,#2550,.F.);
#2550 = EDGE_CURVE('',#2551,#2543,#2553,.T.);
#2551 = VERTEX_POINT('',#2552);
#2552 = CARTESIAN_POINT('',(136.9,-109.85,1.6));
#2553 = LINE('',#2554,#2555);
#2554 = CARTESIAN_POINT('',(136.9,-109.85,1.6));
#2555 = VECTOR('',#2556,1.);
#2556 = DIRECTION('',(0.,0.,1.));
#2557 = ORIENTED_EDGE('',*,*,#2558,.F.);
#2558 = EDGE_CURVE('',#2533,#2551,#2559,.T.);
#2559 = LINE('',#2560,#2561);
#2560 = CARTESIAN_POINT('',(136.5,-109.85,1.6));
#2561 = VECTOR('',#2562,1.);
#2562 = DIRECTION('',(1.,0.,0.));
#2563 = PLANE('',#2564);
#2564 = AXIS2_PLACEMENT_3D('',#2565,#2566,#2567);
#2565 = CARTESIAN_POINT('',(136.5,-109.85,1.6));
#2566 = DIRECTION('',(0.,1.,0.));
#2567 = DIRECTION('',(1.,0.,0.));
#2568 = ADVANCED_FACE('',(#2569),#2596,.T.);
#2569 = FACE_BOUND('',#2570,.F.);
#2570 = EDGE_LOOP('',(#2571,#2572,#2581,#2589));
#2571 = ORIENTED_EDGE('',*,*,#2550,.T.);
#2572 = ORIENTED_EDGE('',*,*,#2573,.T.);
#2573 = EDGE_CURVE('',#2543,#2574,#2576,.T.);
#2574 = VERTEX_POINT('',#2575);
#2575 = CARTESIAN_POINT('',(136.9,-109.55,1.635));
#2576 = CIRCLE('',#2577,0.15);
#2577 = AXIS2_PLACEMENT_3D('',#2578,#2579,#2580);
#2578 = CARTESIAN_POINT('',(136.9,-109.7,1.635));
#2579 = DIRECTION('',(0.,0.,1.));
#2580 = DIRECTION('',(-1.894780628694E-13,-1.,0.));
#2581 = ORIENTED_EDGE('',*,*,#2582,.F.);
#2582 = EDGE_CURVE('',#2583,#2574,#2585,.T.);
#2583 = VERTEX_POINT('',#2584);
#2584 = CARTESIAN_POINT('',(136.9,-109.55,1.6));
#2585 = LINE('',#2586,#2587);
#2586 = CARTESIAN_POINT('',(136.9,-109.55,1.6));
#2587 = VECTOR('',#2588,1.);
#2588 = DIRECTION('',(0.,0.,1.));
#2589 = ORIENTED_EDGE('',*,*,#2590,.F.);
#2590 = EDGE_CURVE('',#2551,#2583,#2591,.T.);
#2591 = CIRCLE('',#2592,0.15);
#2592 = AXIS2_PLACEMENT_3D('',#2593,#2594,#2595);
#2593 = CARTESIAN_POINT('',(136.9,-109.7,1.6));
#2594 = DIRECTION('',(0.,0.,1.));
#2595 = DIRECTION('',(-1.894780628694E-13,-1.,0.));
#2596 = CYLINDRICAL_SURFACE('',#2597,0.15);
#2597 = AXIS2_PLACEMENT_3D('',#2598,#2599,#2600);
#2598 = CARTESIAN_POINT('',(136.9,-109.7,1.6));
#2599 = DIRECTION('',(-0.,-0.,-1.));
#2600 = DIRECTION('',(-1.894780628694E-13,-1.,0.));
#2601 = ADVANCED_FACE('',(#2602),#2627,.F.);
#2602 = FACE_BOUND('',#2603,.F.);
#2603 = EDGE_LOOP('',(#2604,#2605,#2613,#2621));
#2604 = ORIENTED_EDGE('',*,*,#2582,.T.);
#2605 = ORIENTED_EDGE('',*,*,#2606,.T.);
#2606 = EDGE_CURVE('',#2574,#2607,#2609,.T.);
#2607 = VERTEX_POINT('',#2608);
#2608 = CARTESIAN_POINT('',(136.5,-109.55,1.635));
#2609 = LINE('',#2610,#2611);
#2610 = CARTESIAN_POINT('',(136.9,-109.55,1.635));
#2611 = VECTOR('',#2612,1.);
#2612 = DIRECTION('',(-1.,0.,0.));
#2613 = ORIENTED_EDGE('',*,*,#2614,.F.);
#2614 = EDGE_CURVE('',#2615,#2607,#2617,.T.);
#2615 = VERTEX_POINT('',#2616);
#2616 = CARTESIAN_POINT('',(136.5,-109.55,1.6));
#2617 = LINE('',#2618,#2619);
#2618 = CARTESIAN_POINT('',(136.5,-109.55,1.6));
#2619 = VECTOR('',#2620,1.);
#2620 = DIRECTION('',(0.,0.,1.));
#2621 = ORIENTED_EDGE('',*,*,#2622,.F.);
#2622 = EDGE_CURVE('',#2583,#2615,#2623,.T.);
#2623 = LINE('',#2624,#2625);
#2624 = CARTESIAN_POINT('',(136.9,-109.55,1.6));
#2625 = VECTOR('',#2626,1.);
#2626 = DIRECTION('',(-1.,0.,0.));
#2627 = PLANE('',#2628);
#2628 = AXIS2_PLACEMENT_3D('',#2629,#2630,#2631);
#2629 = CARTESIAN_POINT('',(136.9,-109.55,1.6));
#2630 = DIRECTION('',(0.,-1.,0.));
#2631 = DIRECTION('',(-1.,0.,0.));
#2632 = ADVANCED_FACE('',(#2633),#2651,.T.);
#2633 = FACE_BOUND('',#2634,.F.);
#2634 = EDGE_LOOP('',(#2635,#2636,#2643,#2644));
#2635 = ORIENTED_EDGE('',*,*,#2614,.T.);
#2636 = ORIENTED_EDGE('',*,*,#2637,.T.);
#2637 = EDGE_CURVE('',#2607,#2535,#2638,.T.);
#2638 = CIRCLE('',#2639,0.15);
#2639 = AXIS2_PLACEMENT_3D('',#2640,#2641,#2642);
#2640 = CARTESIAN_POINT('',(136.5,-109.7,1.635));
#2641 = DIRECTION('',(0.,-0.,1.));
#2642 = DIRECTION('',(0.,1.,0.));
#2643 = ORIENTED_EDGE('',*,*,#2532,.F.);
#2644 = ORIENTED_EDGE('',*,*,#2645,.F.);
#2645 = EDGE_CURVE('',#2615,#2533,#2646,.T.);
#2646 = CIRCLE('',#2647,0.15);
#2647 = AXIS2_PLACEMENT_3D('',#2648,#2649,#2650);
#2648 = CARTESIAN_POINT('',(136.5,-109.7,1.6));
#2649 = DIRECTION('',(0.,-0.,1.));
#2650 = DIRECTION('',(0.,1.,0.));
#2651 = CYLINDRICAL_SURFACE('',#2652,0.15);
#2652 = AXIS2_PLACEMENT_3D('',#2653,#2654,#2655);
#2653 = CARTESIAN_POINT('',(136.5,-109.7,1.6));
#2654 = DIRECTION('',(-0.,0.,-1.));
#2655 = DIRECTION('',(0.,1.,0.));
#2656 = ADVANCED_FACE('',(#2657),#2663,.F.);
#2657 = FACE_BOUND('',#2658,.F.);
#2658 = EDGE_LOOP('',(#2659,#2660,#2661,#2662));
#2659 = ORIENTED_EDGE('',*,*,#2558,.T.);
#2660 = ORIENTED_EDGE('',*,*,#2590,.T.);
#2661 = ORIENTED_EDGE('',*,*,#2622,.T.);
#2662 = ORIENTED_EDGE('',*,*,#2645,.T.);
#2663 = PLANE('',#2664);
#2664 = AXIS2_PLACEMENT_3D('',#2665,#2666,#2667);
#2665 = CARTESIAN_POINT('',(136.5,-109.85,1.6));
#2666 = DIRECTION('',(0.,0.,1.));
#2667 = DIRECTION('',(1.,0.,-0.));
#2668 = ADVANCED_FACE('',(#2669),#2675,.T.);
#2669 = FACE_BOUND('',#2670,.T.);
#2670 = EDGE_LOOP('',(#2671,#2672,#2673,#2674));
#2671 = ORIENTED_EDGE('',*,*,#2542,.T.);
#2672 = ORIENTED_EDGE('',*,*,#2573,.T.);
#2673 = ORIENTED_EDGE('',*,*,#2606,.T.);
#2674 = ORIENTED_EDGE('',*,*,#2637,.T.);
#2675 = PLANE('',#2676);
#2676 = AXIS2_PLACEMENT_3D('',#2677,#2678,#2679);
#2677 = CARTESIAN_POINT('',(136.5,-109.85,1.635));
#2678 = DIRECTION('',(0.,0.,1.));
#2679 = DIRECTION('',(1.,0.,-0.));
#2680 = ( GEOMETRIC_REPRESENTATION_CONTEXT(3) 
GLOBAL_UNCERTAINTY_ASSIGNED_CONTEXT((#2684)) 
GLOBAL_UNIT_ASSIGNED_CONTEXT((#2681,#2682,#2683)) REPRESENTATION_CONTEXT
('Context #1','3D Context with UNIT and UNCERTAINTY') );
#2681 = ( LENGTH_UNIT() NAMED_UNIT(*) SI_UNIT(.MILLI.,.METRE.) );
#2682 = ( NAMED_UNIT(*) PLANE_ANGLE_UNIT() SI_UNIT($,.RADIAN.) );
#2683 = ( NAMED_UNIT(*) SI_UNIT($,.STERADIAN.) SOLID_ANGLE_UNIT() );
#2684 = UNCERTAINTY_MEASURE_WITH_UNIT(LENGTH_MEASURE(1.E-07),#2681,
  'distance_accuracy_value','confusion accuracy');
#2685 = CONTEXT_DEPENDENT_SHAPE_REPRESENTATION(#2686,#2688);
#2686 = ( REPRESENTATION_RELATIONSHIP('','',#2525,#10) 
REPRESENTATION_RELATIONSHIP_WITH_TRANSFORMATION(#2687) 
SHAPE_REPRESENTATION_RELATIONSHIP() );
#2687 = ITEM_DEFINED_TRANSFORMATION('','',#11,#67);
#2688 = PRODUCT_DEFINITION_SHAPE('Placement','Placement of an item',
  #2689);
#2689 = NEXT_ASSEMBLY_USAGE_OCCURRENCE('14','=>[0:1:1:15]','',#5,#2520,$
  );
#2690 = PRODUCT_RELATED_PRODUCT_CATEGORY('part',$,(#2522));
#2691 = SHAPE_DEFINITION_REPRESENTATION(#2692,#2698);
#2692 = PRODUCT_DEFINITION_SHAPE('','',#2693);
#2693 = PRODUCT_DEFINITION('design','',#2694,#2697);
#2694 = PRODUCT_DEFINITION_FORMATION('','',#2695);
#2695 = PRODUCT('_autosave-connection pcb_track_15',
  '_autosave-connection pcb_track_15','',(#2696));
#2696 = PRODUCT_CONTEXT('',#2,'mechanical');
#2697 = PRODUCT_DEFINITION_CONTEXT('part definition',#2,'design');
#2698 = ADVANCED_BREP_SHAPE_REPRESENTATION('',(#11,#2699),#2853);
#2699 = MANIFOLD_SOLID_BREP('',#2700);
#2700 = CLOSED_SHELL('',(#2701,#2741,#2774,#2805,#2829,#2841));
#2701 = ADVANCED_FACE('',(#2702),#2736,.F.);
#2702 = FACE_BOUND('',#2703,.F.);
#2703 = EDGE_LOOP('',(#2704,#2714,#2722,#2730));
#2704 = ORIENTED_EDGE('',*,*,#2705,.T.);
#2705 = EDGE_CURVE('',#2706,#2708,#2710,.T.);
#2706 = VERTEX_POINT('',#2707);
#2707 = CARTESIAN_POINT('',(134.05,-102.7,1.6));
#2708 = VERTEX_POINT('',#2709);
#2709 = CARTESIAN_POINT('',(134.05,-102.7,1.635));
#2710 = LINE('',#2711,#2712);
#2711 = CARTESIAN_POINT('',(134.05,-102.7,1.6));
#2712 = VECTOR('',#2713,1.);
#2713 = DIRECTION('',(0.,0.,1.));
#2714 = ORIENTED_EDGE('',*,*,#2715,.T.);
#2715 = EDGE_CURVE('',#2708,#2716,#2718,.T.);
#2716 = VERTEX_POINT('',#2717);
#2717 = CARTESIAN_POINT('',(134.05,-107.4,1.635));
#2718 = LINE('',#2719,#2720);
#2719 = CARTESIAN_POINT('',(134.05,-102.7,1.635));
#2720 = VECTOR('',#2721,1.);
#2721 = DIRECTION('',(0.,-1.,0.));
#2722 = ORIENTED_EDGE('',*,*,#2723,.F.);
#2723 = EDGE_CURVE('',#2724,#2716,#2726,.T.);
#2724 = VERTEX_POINT('',#2725);
#2725 = CARTESIAN_POINT('',(134.05,-107.4,1.6));
#2726 = LINE('',#2727,#2728);
#2727 = CARTESIAN_POINT('',(134.05,-107.4,1.6));
#2728 = VECTOR('',#2729,1.);
#2729 = DIRECTION('',(0.,0.,1.));
#2730 = ORIENTED_EDGE('',*,*,#2731,.F.);
#2731 = EDGE_CURVE('',#2706,#2724,#2732,.T.);
#2732 = LINE('',#2733,#2734);
#2733 = CARTESIAN_POINT('',(134.05,-102.7,1.6));
#2734 = VECTOR('',#2735,1.);
#2735 = DIRECTION('',(0.,-1.,0.));
#2736 = PLANE('',#2737);
#2737 = AXIS2_PLACEMENT_3D('',#2738,#2739,#2740);
#2738 = CARTESIAN_POINT('',(134.05,-102.7,1.6));
#2739 = DIRECTION('',(1.,0.,-0.));
#2740 = DIRECTION('',(0.,-1.,0.));
#2741 = ADVANCED_FACE('',(#2742),#2769,.T.);
#2742 = FACE_BOUND('',#2743,.F.);
#2743 = EDGE_LOOP('',(#2744,#2745,#2754,#2762));
#2744 = ORIENTED_EDGE('',*,*,#2723,.T.);
#2745 = ORIENTED_EDGE('',*,*,#2746,.T.);
#2746 = EDGE_CURVE('',#2716,#2747,#2749,.T.);
#2747 = VERTEX_POINT('',#2748);
#2748 = CARTESIAN_POINT('',(134.35,-107.4,1.635));
#2749 = CIRCLE('',#2750,0.15);
#2750 = AXIS2_PLACEMENT_3D('',#2751,#2752,#2753);
#2751 = CARTESIAN_POINT('',(134.2,-107.4,1.635));
#2752 = DIRECTION('',(0.,0.,1.));
#2753 = DIRECTION('',(-1.,0.,-0.));
#2754 = ORIENTED_EDGE('',*,*,#2755,.F.);
#2755 = EDGE_CURVE('',#2756,#2747,#2758,.T.);
#2756 = VERTEX_POINT('',#2757);
#2757 = CARTESIAN_POINT('',(134.35,-107.4,1.6));
#2758 = LINE('',#2759,#2760);
#2759 = CARTESIAN_POINT('',(134.35,-107.4,1.6));
#2760 = VECTOR('',#2761,1.);
#2761 = DIRECTION('',(0.,0.,1.));
#2762 = ORIENTED_EDGE('',*,*,#2763,.F.);
#2763 = EDGE_CURVE('',#2724,#2756,#2764,.T.);
#2764 = CIRCLE('',#2765,0.15);
#2765 = AXIS2_PLACEMENT_3D('',#2766,#2767,#2768);
#2766 = CARTESIAN_POINT('',(134.2,-107.4,1.6));
#2767 = DIRECTION('',(0.,0.,1.));
#2768 = DIRECTION('',(-1.,0.,-0.));
#2769 = CYLINDRICAL_SURFACE('',#2770,0.15);
#2770 = AXIS2_PLACEMENT_3D('',#2771,#2772,#2773);
#2771 = CARTESIAN_POINT('',(134.2,-107.4,1.6));
#2772 = DIRECTION('',(-0.,-0.,-1.));
#2773 = DIRECTION('',(-1.,0.,-0.));
#2774 = ADVANCED_FACE('',(#2775),#2800,.F.);
#2775 = FACE_BOUND('',#2776,.F.);
#2776 = EDGE_LOOP('',(#2777,#2778,#2786,#2794));
#2777 = ORIENTED_EDGE('',*,*,#2755,.T.);
#2778 = ORIENTED_EDGE('',*,*,#2779,.T.);
#2779 = EDGE_CURVE('',#2747,#2780,#2782,.T.);
#2780 = VERTEX_POINT('',#2781);
#2781 = CARTESIAN_POINT('',(134.35,-102.7,1.635));
#2782 = LINE('',#2783,#2784);
#2783 = CARTESIAN_POINT('',(134.35,-107.4,1.635));
#2784 = VECTOR('',#2785,1.);
#2785 = DIRECTION('',(0.,1.,0.));
#2786 = ORIENTED_EDGE('',*,*,#2787,.F.);
#2787 = EDGE_CURVE('',#2788,#2780,#2790,.T.);
#2788 = VERTEX_POINT('',#2789);
#2789 = CARTESIAN_POINT('',(134.35,-102.7,1.6));
#2790 = LINE('',#2791,#2792);
#2791 = CARTESIAN_POINT('',(134.35,-102.7,1.6));
#2792 = VECTOR('',#2793,1.);
#2793 = DIRECTION('',(0.,0.,1.));
#2794 = ORIENTED_EDGE('',*,*,#2795,.F.);
#2795 = EDGE_CURVE('',#2756,#2788,#2796,.T.);
#2796 = LINE('',#2797,#2798);
#2797 = CARTESIAN_POINT('',(134.35,-107.4,1.6));
#2798 = VECTOR('',#2799,1.);
#2799 = DIRECTION('',(0.,1.,0.));
#2800 = PLANE('',#2801);
#2801 = AXIS2_PLACEMENT_3D('',#2802,#2803,#2804);
#2802 = CARTESIAN_POINT('',(134.35,-107.4,1.6));
#2803 = DIRECTION('',(-1.,0.,0.));
#2804 = DIRECTION('',(0.,1.,0.));
#2805 = ADVANCED_FACE('',(#2806),#2824,.T.);
#2806 = FACE_BOUND('',#2807,.F.);
#2807 = EDGE_LOOP('',(#2808,#2809,#2816,#2817));
#2808 = ORIENTED_EDGE('',*,*,#2787,.T.);
#2809 = ORIENTED_EDGE('',*,*,#2810,.T.);
#2810 = EDGE_CURVE('',#2780,#2708,#2811,.T.);
#2811 = CIRCLE('',#2812,0.15);
#2812 = AXIS2_PLACEMENT_3D('',#2813,#2814,#2815);
#2813 = CARTESIAN_POINT('',(134.2,-102.7,1.635));
#2814 = DIRECTION('',(0.,0.,1.));
#2815 = DIRECTION('',(1.,-9.473903143468E-14,0.));
#2816 = ORIENTED_EDGE('',*,*,#2705,.F.);
#2817 = ORIENTED_EDGE('',*,*,#2818,.F.);
#2818 = EDGE_CURVE('',#2788,#2706,#2819,.T.);
#2819 = CIRCLE('',#2820,0.15);
#2820 = AXIS2_PLACEMENT_3D('',#2821,#2822,#2823);
#2821 = CARTESIAN_POINT('',(134.2,-102.7,1.6));
#2822 = DIRECTION('',(0.,0.,1.));
#2823 = DIRECTION('',(1.,-9.473903143468E-14,0.));
#2824 = CYLINDRICAL_SURFACE('',#2825,0.15);
#2825 = AXIS2_PLACEMENT_3D('',#2826,#2827,#2828);
#2826 = CARTESIAN_POINT('',(134.2,-102.7,1.6));
#2827 = DIRECTION('',(-0.,-0.,-1.));
#2828 = DIRECTION('',(1.,-9.473903143468E-14,0.));
#2829 = ADVANCED_FACE('',(#2830),#2836,.F.);
#2830 = FACE_BOUND('',#2831,.F.);
#2831 = EDGE_LOOP('',(#2832,#2833,#2834,#2835));
#2832 = ORIENTED_EDGE('',*,*,#2731,.T.);
#2833 = ORIENTED_EDGE('',*,*,#2763,.T.);
#2834 = ORIENTED_EDGE('',*,*,#2795,.T.);
#2835 = ORIENTED_EDGE('',*,*,#2818,.T.);
#2836 = PLANE('',#2837);
#2837 = AXIS2_PLACEMENT_3D('',#2838,#2839,#2840);
#2838 = CARTESIAN_POINT('',(134.05,-102.7,1.6));
#2839 = DIRECTION('',(0.,0.,1.));
#2840 = DIRECTION('',(1.,0.,-0.));
#2841 = ADVANCED_FACE('',(#2842),#2848,.T.);
#2842 = FACE_BOUND('',#2843,.T.);
#2843 = EDGE_LOOP('',(#2844,#2845,#2846,#2847));
#2844 = ORIENTED_EDGE('',*,*,#2715,.T.);
#2845 = ORIENTED_EDGE('',*,*,#2746,.T.);
#2846 = ORIENTED_EDGE('',*,*,#2779,.T.);
#2847 = ORIENTED_EDGE('',*,*,#2810,.T.);
#2848 = PLANE('',#2849);
#2849 = AXIS2_PLACEMENT_3D('',#2850,#2851,#2852);
#2850 = CARTESIAN_POINT('',(134.05,-102.7,1.635));
#2851 = DIRECTION('',(0.,0.,1.));
#2852 = DIRECTION('',(1.,0.,-0.));
#2853 = ( GEOMETRIC_REPRESENTATION_CONTEXT(3) 
GLOBAL_UNCERTAINTY_ASSIGNED_CONTEXT((#2857)) 
GLOBAL_UNIT_ASSIGNED_CONTEXT((#2854,#2855,#2856)) REPRESENTATION_CONTEXT
('Context #1','3D Context with UNIT and UNCERTAINTY') );
#2854 = ( LENGTH_UNIT() NAMED_UNIT(*) SI_UNIT(.MILLI.,.METRE.) );
#2855 = ( NAMED_UNIT(*) PLANE_ANGLE_UNIT() SI_UNIT($,.RADIAN.) );
#2856 = ( NAMED_UNIT(*) SI_UNIT($,.STERADIAN.) SOLID_ANGLE_UNIT() );
#2857 = UNCERTAINTY_MEASURE_WITH_UNIT(LENGTH_MEASURE(1.E-07),#2854,
  'distance_accuracy_value','confusion accuracy');
#2858 = CONTEXT_DEPENDENT_SHAPE_REPRESENTATION(#2859,#2861);
#2859 = ( REPRESENTATION_RELATIONSHIP('','',#2698,#10) 
REPRESENTATION_RELATIONSHIP_WITH_TRANSFORMATION(#2860) 
SHAPE_REPRESENTATION_RELATIONSHIP() );
#2860 = ITEM_DEFINED_TRANSFORMATION('','',#11,#71);
#2861 = PRODUCT_DEFINITION_SHAPE('Placement','Placement of an item',
  #2862);
#2862 = NEXT_ASSEMBLY_USAGE_OCCURRENCE('15','=>[0:1:1:16]','',#5,#2693,$
  );
#2863 = PRODUCT_RELATED_PRODUCT_CATEGORY('part',$,(#2695));
#2864 = SHAPE_DEFINITION_REPRESENTATION(#2865,#2871);
#2865 = PRODUCT_DEFINITION_SHAPE('','',#2866);
#2866 = PRODUCT_DEFINITION('design','',#2867,#2870);
#2867 = PRODUCT_DEFINITION_FORMATION('','',#2868);
#2868 = PRODUCT('_autosave-connection pcb_track_16',
  '_autosave-connection pcb_track_16','',(#2869));
#2869 = PRODUCT_CONTEXT('',#2,'mechanical');
#2870 = PRODUCT_DEFINITION_CONTEXT('part definition',#2,'design');
#2871 = ADVANCED_BREP_SHAPE_REPRESENTATION('',(#11,#2872),#3026);
#2872 = MANIFOLD_SOLID_BREP('',#2873);
#2873 = CLOSED_SHELL('',(#2874,#2914,#2947,#2978,#3002,#3014));
#2874 = ADVANCED_FACE('',(#2875),#2909,.F.);
#2875 = FACE_BOUND('',#2876,.F.);
#2876 = EDGE_LOOP('',(#2877,#2887,#2895,#2903));
#2877 = ORIENTED_EDGE('',*,*,#2878,.T.);
#2878 = EDGE_CURVE('',#2879,#2881,#2883,.T.);
#2879 = VERTEX_POINT('',#2880);
#2880 = CARTESIAN_POINT('',(134.093933,-107.506066,1.6));
#2881 = VERTEX_POINT('',#2882);
#2882 = CARTESIAN_POINT('',(134.093933,-107.506066,1.635));
#2883 = LINE('',#2884,#2885);
#2884 = CARTESIAN_POINT('',(134.093933,-107.506066,1.6));
#2885 = VECTOR('',#2886,1.);
#2886 = DIRECTION('',(0.,0.,1.));
#2887 = ORIENTED_EDGE('',*,*,#2888,.T.);
#2888 = EDGE_CURVE('',#2881,#2889,#2891,.T.);
#2889 = VERTEX_POINT('',#2890);
#2890 = CARTESIAN_POINT('',(136.393933,-109.806066,1.635));
#2891 = LINE('',#2892,#2893);
#2892 = CARTESIAN_POINT('',(134.093933,-107.506066,1.635));
#2893 = VECTOR('',#2894,1.);
#2894 = DIRECTION('',(0.707106781187,-0.707106781187,0.));
#2895 = ORIENTED_EDGE('',*,*,#2896,.F.);
#2896 = EDGE_CURVE('',#2897,#2889,#2899,.T.);
#2897 = VERTEX_POINT('',#2898);
#2898 = CARTESIAN_POINT('',(136.393933,-109.806066,1.6));
#2899 = LINE('',#2900,#2901);
#2900 = CARTESIAN_POINT('',(136.393933,-109.806066,1.6));
#2901 = VECTOR('',#2902,1.);
#2902 = DIRECTION('',(0.,0.,1.));
#2903 = ORIENTED_EDGE('',*,*,#2904,.F.);
#2904 = EDGE_CURVE('',#2879,#2897,#2905,.T.);
#2905 = LINE('',#2906,#2907);
#2906 = CARTESIAN_POINT('',(134.093933,-107.506066,1.6));
#2907 = VECTOR('',#2908,1.);
#2908 = DIRECTION('',(0.707106781187,-0.707106781187,0.));
#2909 = PLANE('',#2910);
#2910 = AXIS2_PLACEMENT_3D('',#2911,#2912,#2913);
#2911 = CARTESIAN_POINT('',(134.093933,-107.506066,1.6));
#2912 = DIRECTION('',(0.707106781187,0.707106781187,-0.));
#2913 = DIRECTION('',(0.707106781187,-0.707106781187,0.));
#2914 = ADVANCED_FACE('',(#2915),#2942,.T.);
#2915 = FACE_BOUND('',#2916,.F.);
#2916 = EDGE_LOOP('',(#2917,#2918,#2927,#2935));
#2917 = ORIENTED_EDGE('',*,*,#2896,.T.);
#2918 = ORIENTED_EDGE('',*,*,#2919,.T.);
#2919 = EDGE_CURVE('',#2889,#2920,#2922,.T.);
#2920 = VERTEX_POINT('',#2921);
#2921 = CARTESIAN_POINT('',(136.606066,-109.593933,1.635));
#2922 = CIRCLE('',#2923,0.150000682813);
#2923 = AXIS2_PLACEMENT_3D('',#2924,#2925,#2926);
#2924 = CARTESIAN_POINT('',(136.4999995,-109.6999995,1.635));
#2925 = DIRECTION('',(0.,0.,1.));
#2926 = DIRECTION('',(-0.707106781187,-0.707106781187,0.));
#2927 = ORIENTED_EDGE('',*,*,#2928,.F.);
#2928 = EDGE_CURVE('',#2929,#2920,#2931,.T.);
#2929 = VERTEX_POINT('',#2930);
#2930 = CARTESIAN_POINT('',(136.606066,-109.593933,1.6));
#2931 = LINE('',#2932,#2933);
#2932 = CARTESIAN_POINT('',(136.606066,-109.593933,1.6));
#2933 = VECTOR('',#2934,1.);
#2934 = DIRECTION('',(0.,0.,1.));
#2935 = ORIENTED_EDGE('',*,*,#2936,.F.);
#2936 = EDGE_CURVE('',#2897,#2929,#2937,.T.);
#2937 = CIRCLE('',#2938,0.150000682813);
#2938 = AXIS2_PLACEMENT_3D('',#2939,#2940,#2941);
#2939 = CARTESIAN_POINT('',(136.4999995,-109.6999995,1.6));
#2940 = DIRECTION('',(0.,0.,1.));
#2941 = DIRECTION('',(-0.707106781187,-0.707106781187,0.));
#2942 = CYLINDRICAL_SURFACE('',#2943,0.150000682813);
#2943 = AXIS2_PLACEMENT_3D('',#2944,#2945,#2946);
#2944 = CARTESIAN_POINT('',(136.4999995,-109.6999995,1.6));
#2945 = DIRECTION('',(-0.,-0.,-1.));
#2946 = DIRECTION('',(-0.707106781187,-0.707106781187,0.));
#2947 = ADVANCED_FACE('',(#2948),#2973,.F.);
#2948 = FACE_BOUND('',#2949,.F.);
#2949 = EDGE_LOOP('',(#2950,#2951,#2959,#2967));
#2950 = ORIENTED_EDGE('',*,*,#2928,.T.);
#2951 = ORIENTED_EDGE('',*,*,#2952,.T.);
#2952 = EDGE_CURVE('',#2920,#2953,#2955,.T.);
#2953 = VERTEX_POINT('',#2954);
#2954 = CARTESIAN_POINT('',(134.306066,-107.293933,1.635));
#2955 = LINE('',#2956,#2957);
#2956 = CARTESIAN_POINT('',(136.606066,-109.593933,1.635));
#2957 = VECTOR('',#2958,1.);
#2958 = DIRECTION('',(-0.707106781187,0.707106781187,0.));
#2959 = ORIENTED_EDGE('',*,*,#2960,.F.);
#2960 = EDGE_CURVE('',#2961,#2953,#2963,.T.);
#2961 = VERTEX_POINT('',#2962);
#2962 = CARTESIAN_POINT('',(134.306066,-107.293933,1.6));
#2963 = LINE('',#2964,#2965);
#2964 = CARTESIAN_POINT('',(134.306066,-107.293933,1.6));
#2965 = VECTOR('',#2966,1.);
#2966 = DIRECTION('',(0.,0.,1.));
#2967 = ORIENTED_EDGE('',*,*,#2968,.F.);
#2968 = EDGE_CURVE('',#2929,#2961,#2969,.T.);
#2969 = LINE('',#2970,#2971);
#2970 = CARTESIAN_POINT('',(136.606066,-109.593933,1.6));
#2971 = VECTOR('',#2972,1.);
#2972 = DIRECTION('',(-0.707106781187,0.707106781187,0.));
#2973 = PLANE('',#2974);
#2974 = AXIS2_PLACEMENT_3D('',#2975,#2976,#2977);
#2975 = CARTESIAN_POINT('',(136.606066,-109.593933,1.6));
#2976 = DIRECTION('',(-0.707106781187,-0.707106781187,0.));
#2977 = DIRECTION('',(-0.707106781187,0.707106781187,0.));
#2978 = ADVANCED_FACE('',(#2979),#2997,.T.);
#2979 = FACE_BOUND('',#2980,.F.);
#2980 = EDGE_LOOP('',(#2981,#2982,#2989,#2990));
#2981 = ORIENTED_EDGE('',*,*,#2960,.T.);
#2982 = ORIENTED_EDGE('',*,*,#2983,.T.);
#2983 = EDGE_CURVE('',#2953,#2881,#2984,.T.);
#2984 = CIRCLE('',#2985,0.150000682813);
#2985 = AXIS2_PLACEMENT_3D('',#2986,#2987,#2988);
#2986 = CARTESIAN_POINT('',(134.1999995,-107.3999995,1.635));
#2987 = DIRECTION('',(0.,0.,1.));
#2988 = DIRECTION('',(0.707106781187,0.707106781187,-0.));
#2989 = ORIENTED_EDGE('',*,*,#2878,.F.);
#2990 = ORIENTED_EDGE('',*,*,#2991,.F.);
#2991 = EDGE_CURVE('',#2961,#2879,#2992,.T.);
#2992 = CIRCLE('',#2993,0.150000682813);
#2993 = AXIS2_PLACEMENT_3D('',#2994,#2995,#2996);
#2994 = CARTESIAN_POINT('',(134.1999995,-107.3999995,1.6));
#2995 = DIRECTION('',(0.,0.,1.));
#2996 = DIRECTION('',(0.707106781187,0.707106781187,-0.));
#2997 = CYLINDRICAL_SURFACE('',#2998,0.150000682813);
#2998 = AXIS2_PLACEMENT_3D('',#2999,#3000,#3001);
#2999 = CARTESIAN_POINT('',(134.1999995,-107.3999995,1.6));
#3000 = DIRECTION('',(-0.,-0.,-1.));
#3001 = DIRECTION('',(0.707106781187,0.707106781187,-0.));
#3002 = ADVANCED_FACE('',(#3003),#3009,.F.);
#3003 = FACE_BOUND('',#3004,.F.);
#3004 = EDGE_LOOP('',(#3005,#3006,#3007,#3008));
#3005 = ORIENTED_EDGE('',*,*,#2904,.T.);
#3006 = ORIENTED_EDGE('',*,*,#2936,.T.);
#3007 = ORIENTED_EDGE('',*,*,#2968,.T.);
#3008 = ORIENTED_EDGE('',*,*,#2991,.T.);
#3009 = PLANE('',#3010);
#3010 = AXIS2_PLACEMENT_3D('',#3011,#3012,#3013);
#3011 = CARTESIAN_POINT('',(134.093933,-107.506066,1.6));
#3012 = DIRECTION('',(0.,0.,1.));
#3013 = DIRECTION('',(1.,0.,-0.));
#3014 = ADVANCED_FACE('',(#3015),#3021,.T.);
#3015 = FACE_BOUND('',#3016,.T.);
#3016 = EDGE_LOOP('',(#3017,#3018,#3019,#3020));
#3017 = ORIENTED_EDGE('',*,*,#2888,.T.);
#3018 = ORIENTED_EDGE('',*,*,#2919,.T.);
#3019 = ORIENTED_EDGE('',*,*,#2952,.T.);
#3020 = ORIENTED_EDGE('',*,*,#2983,.T.);
#3021 = PLANE('',#3022);
#3022 = AXIS2_PLACEMENT_3D('',#3023,#3024,#3025);
#3023 = CARTESIAN_POINT('',(134.093933,-107.506066,1.635));
#3024 = DIRECTION('',(0.,0.,1.));
#3025 = DIRECTION('',(1.,0.,-0.));
#3026 = ( GEOMETRIC_REPRESENTATION_CONTEXT(3) 
GLOBAL_UNCERTAINTY_ASSIGNED_CONTEXT((#3030)) 
GLOBAL_UNIT_ASSIGNED_CONTEXT((#3027,#3028,#3029)) REPRESENTATION_CONTEXT
('Context #1','3D Context with UNIT and UNCERTAINTY') );
#3027 = ( LENGTH_UNIT() NAMED_UNIT(*) SI_UNIT(.MILLI.,.METRE.) );
#3028 = ( NAMED_UNIT(*) PLANE_ANGLE_UNIT() SI_UNIT($,.RADIAN.) );
#3029 = ( NAMED_UNIT(*) SI_UNIT($,.STERADIAN.) SOLID_ANGLE_UNIT() );
#3030 = UNCERTAINTY_MEASURE_WITH_UNIT(LENGTH_MEASURE(1.E-07),#3027,
  'distance_accuracy_value','confusion accuracy');
#3031 = CONTEXT_DEPENDENT_SHAPE_REPRESENTATION(#3032,#3034);
#3032 = ( REPRESENTATION_RELATIONSHIP('','',#2871,#10) 
REPRESENTATION_RELATIONSHIP_WITH_TRANSFORMATION(#3033) 
SHAPE_REPRESENTATION_RELATIONSHIP() );
#3033 = ITEM_DEFINED_TRANSFORMATION('','',#11,#75);
#3034 = PRODUCT_DEFINITION_SHAPE('Placement','Placement of an item',
  #3035);
#3035 = NEXT_ASSEMBLY_USAGE_OCCURRENCE('16','=>[0:1:1:17]','',#5,#2866,$
  );
#3036 = PRODUCT_RELATED_PRODUCT_CATEGORY('part',$,(#2868));
#3037 = SHAPE_DEFINITION_REPRESENTATION(#3038,#3044);
#3038 = PRODUCT_DEFINITION_SHAPE('','',#3039);
#3039 = PRODUCT_DEFINITION('design','',#3040,#3043);
#3040 = PRODUCT_DEFINITION_FORMATION('','',#3041);
#3041 = PRODUCT('_autosave-connection pcb_track_17',
  '_autosave-connection pcb_track_17','',(#3042));
#3042 = PRODUCT_CONTEXT('',#2,'mechanical');
#3043 = PRODUCT_DEFINITION_CONTEXT('part definition',#2,'design');
#3044 = ADVANCED_BREP_SHAPE_REPRESENTATION('',(#11,#3045),#3199);
#3045 = MANIFOLD_SOLID_BREP('',#3046);
#3046 = CLOSED_SHELL('',(#3047,#3087,#3120,#3151,#3175,#3187));
#3047 = ADVANCED_FACE('',(#3048),#3082,.F.);
#3048 = FACE_BOUND('',#3049,.F.);
#3049 = EDGE_LOOP('',(#3050,#3060,#3068,#3076));
#3050 = ORIENTED_EDGE('',*,*,#3051,.T.);
#3051 = EDGE_CURVE('',#3052,#3054,#3056,.T.);
#3052 = VERTEX_POINT('',#3053);
#3053 = CARTESIAN_POINT('',(140.85,-106.1,1.6));
#3054 = VERTEX_POINT('',#3055);
#3055 = CARTESIAN_POINT('',(140.85,-106.1,1.635));
#3056 = LINE('',#3057,#3058);
#3057 = CARTESIAN_POINT('',(140.85,-106.1,1.6));
#3058 = VECTOR('',#3059,1.);
#3059 = DIRECTION('',(0.,0.,1.));
#3060 = ORIENTED_EDGE('',*,*,#3061,.T.);
#3061 = EDGE_CURVE('',#3054,#3062,#3064,.T.);
#3062 = VERTEX_POINT('',#3063);
#3063 = CARTESIAN_POINT('',(140.85,-101.5,1.635));
#3064 = LINE('',#3065,#3066);
#3065 = CARTESIAN_POINT('',(140.85,-106.1,1.635));
#3066 = VECTOR('',#3067,1.);
#3067 = DIRECTION('',(0.,1.,0.));
#3068 = ORIENTED_EDGE('',*,*,#3069,.F.);
#3069 = EDGE_CURVE('',#3070,#3062,#3072,.T.);
#3070 = VERTEX_POINT('',#3071);
#3071 = CARTESIAN_POINT('',(140.85,-101.5,1.6));
#3072 = LINE('',#3073,#3074);
#3073 = CARTESIAN_POINT('',(140.85,-101.5,1.6));
#3074 = VECTOR('',#3075,1.);
#3075 = DIRECTION('',(0.,0.,1.));
#3076 = ORIENTED_EDGE('',*,*,#3077,.F.);
#3077 = EDGE_CURVE('',#3052,#3070,#3078,.T.);
#3078 = LINE('',#3079,#3080);
#3079 = CARTESIAN_POINT('',(140.85,-106.1,1.6));
#3080 = VECTOR('',#3081,1.);
#3081 = DIRECTION('',(0.,1.,0.));
#3082 = PLANE('',#3083);
#3083 = AXIS2_PLACEMENT_3D('',#3084,#3085,#3086);
#3084 = CARTESIAN_POINT('',(140.85,-106.1,1.6));
#3085 = DIRECTION('',(-1.,0.,0.));
#3086 = DIRECTION('',(0.,1.,0.));
#3087 = ADVANCED_FACE('',(#3088),#3115,.T.);
#3088 = FACE_BOUND('',#3089,.F.);
#3089 = EDGE_LOOP('',(#3090,#3091,#3100,#3108));
#3090 = ORIENTED_EDGE('',*,*,#3069,.T.);
#3091 = ORIENTED_EDGE('',*,*,#3092,.T.);
#3092 = EDGE_CURVE('',#3062,#3093,#3095,.T.);
#3093 = VERTEX_POINT('',#3094);
#3094 = CARTESIAN_POINT('',(140.55,-101.5,1.635));
#3095 = CIRCLE('',#3096,0.15);
#3096 = AXIS2_PLACEMENT_3D('',#3097,#3098,#3099);
#3097 = CARTESIAN_POINT('',(140.7,-101.5,1.635));
#3098 = DIRECTION('',(0.,0.,1.));
#3099 = DIRECTION('',(1.,-1.894780628694E-13,0.));
#3100 = ORIENTED_EDGE('',*,*,#3101,.F.);
#3101 = EDGE_CURVE('',#3102,#3093,#3104,.T.);
#3102 = VERTEX_POINT('',#3103);
#3103 = CARTESIAN_POINT('',(140.55,-101.5,1.6));
#3104 = LINE('',#3105,#3106);
#3105 = CARTESIAN_POINT('',(140.55,-101.5,1.6));
#3106 = VECTOR('',#3107,1.);
#3107 = DIRECTION('',(0.,0.,1.));
#3108 = ORIENTED_EDGE('',*,*,#3109,.F.);
#3109 = EDGE_CURVE('',#3070,#3102,#3110,.T.);
#3110 = CIRCLE('',#3111,0.15);
#3111 = AXIS2_PLACEMENT_3D('',#3112,#3113,#3114);
#3112 = CARTESIAN_POINT('',(140.7,-101.5,1.6));
#3113 = DIRECTION('',(0.,0.,1.));
#3114 = DIRECTION('',(1.,-1.894780628694E-13,0.));
#3115 = CYLINDRICAL_SURFACE('',#3116,0.15);
#3116 = AXIS2_PLACEMENT_3D('',#3117,#3118,#3119);
#3117 = CARTESIAN_POINT('',(140.7,-101.5,1.6));
#3118 = DIRECTION('',(-0.,-0.,-1.));
#3119 = DIRECTION('',(1.,-1.894780628694E-13,0.));
#3120 = ADVANCED_FACE('',(#3121),#3146,.F.);
#3121 = FACE_BOUND('',#3122,.F.);
#3122 = EDGE_LOOP('',(#3123,#3124,#3132,#3140));
#3123 = ORIENTED_EDGE('',*,*,#3101,.T.);
#3124 = ORIENTED_EDGE('',*,*,#3125,.T.);
#3125 = EDGE_CURVE('',#3093,#3126,#3128,.T.);
#3126 = VERTEX_POINT('',#3127);
#3127 = CARTESIAN_POINT('',(140.55,-106.1,1.635));
#3128 = LINE('',#3129,#3130);
#3129 = CARTESIAN_POINT('',(140.55,-101.5,1.635));
#3130 = VECTOR('',#3131,1.);
#3131 = DIRECTION('',(0.,-1.,0.));
#3132 = ORIENTED_EDGE('',*,*,#3133,.F.);
#3133 = EDGE_CURVE('',#3134,#3126,#3136,.T.);
#3134 = VERTEX_POINT('',#3135);
#3135 = CARTESIAN_POINT('',(140.55,-106.1,1.6));
#3136 = LINE('',#3137,#3138);
#3137 = CARTESIAN_POINT('',(140.55,-106.1,1.6));
#3138 = VECTOR('',#3139,1.);
#3139 = DIRECTION('',(0.,0.,1.));
#3140 = ORIENTED_EDGE('',*,*,#3141,.F.);
#3141 = EDGE_CURVE('',#3102,#3134,#3142,.T.);
#3142 = LINE('',#3143,#3144);
#3143 = CARTESIAN_POINT('',(140.55,-101.5,1.6));
#3144 = VECTOR('',#3145,1.);
#3145 = DIRECTION('',(0.,-1.,0.));
#3146 = PLANE('',#3147);
#3147 = AXIS2_PLACEMENT_3D('',#3148,#3149,#3150);
#3148 = CARTESIAN_POINT('',(140.55,-101.5,1.6));
#3149 = DIRECTION('',(1.,0.,-0.));
#3150 = DIRECTION('',(0.,-1.,0.));
#3151 = ADVANCED_FACE('',(#3152),#3170,.T.);
#3152 = FACE_BOUND('',#3153,.F.);
#3153 = EDGE_LOOP('',(#3154,#3155,#3162,#3163));
#3154 = ORIENTED_EDGE('',*,*,#3133,.T.);
#3155 = ORIENTED_EDGE('',*,*,#3156,.T.);
#3156 = EDGE_CURVE('',#3126,#3054,#3157,.T.);
#3157 = CIRCLE('',#3158,0.15);
#3158 = AXIS2_PLACEMENT_3D('',#3159,#3160,#3161);
#3159 = CARTESIAN_POINT('',(140.7,-106.1,1.635));
#3160 = DIRECTION('',(0.,0.,1.));
#3161 = DIRECTION('',(-1.,1.894780628694E-13,-0.));
#3162 = ORIENTED_EDGE('',*,*,#3051,.F.);
#3163 = ORIENTED_EDGE('',*,*,#3164,.F.);
#3164 = EDGE_CURVE('',#3134,#3052,#3165,.T.);
#3165 = CIRCLE('',#3166,0.15);
#3166 = AXIS2_PLACEMENT_3D('',#3167,#3168,#3169);
#3167 = CARTESIAN_POINT('',(140.7,-106.1,1.6));
#3168 = DIRECTION('',(0.,0.,1.));
#3169 = DIRECTION('',(-1.,1.894780628694E-13,-0.));
#3170 = CYLINDRICAL_SURFACE('',#3171,0.15);
#3171 = AXIS2_PLACEMENT_3D('',#3172,#3173,#3174);
#3172 = CARTESIAN_POINT('',(140.7,-106.1,1.6));
#3173 = DIRECTION('',(-0.,-0.,-1.));
#3174 = DIRECTION('',(-1.,1.894780628694E-13,-0.));
#3175 = ADVANCED_FACE('',(#3176),#3182,.F.);
#3176 = FACE_BOUND('',#3177,.F.);
#3177 = EDGE_LOOP('',(#3178,#3179,#3180,#3181));
#3178 = ORIENTED_EDGE('',*,*,#3077,.T.);
#3179 = ORIENTED_EDGE('',*,*,#3109,.T.);
#3180 = ORIENTED_EDGE('',*,*,#3141,.T.);
#3181 = ORIENTED_EDGE('',*,*,#3164,.T.);
#3182 = PLANE('',#3183);
#3183 = AXIS2_PLACEMENT_3D('',#3184,#3185,#3186);
#3184 = CARTESIAN_POINT('',(140.85,-106.1,1.6));
#3185 = DIRECTION('',(0.,0.,1.));
#3186 = DIRECTION('',(1.,0.,-0.));
#3187 = ADVANCED_FACE('',(#3188),#3194,.T.);
#3188 = FACE_BOUND('',#3189,.T.);
#3189 = EDGE_LOOP('',(#3190,#3191,#3192,#3193));
#3190 = ORIENTED_EDGE('',*,*,#3061,.T.);
#3191 = ORIENTED_EDGE('',*,*,#3092,.T.);
#3192 = ORIENTED_EDGE('',*,*,#3125,.T.);
#3193 = ORIENTED_EDGE('',*,*,#3156,.T.);
#3194 = PLANE('',#3195);
#3195 = AXIS2_PLACEMENT_3D('',#3196,#3197,#3198);
#3196 = CARTESIAN_POINT('',(140.85,-106.1,1.635));
#3197 = DIRECTION('',(0.,0.,1.));
#3198 = DIRECTION('',(1.,0.,-0.));
#3199 = ( GEOMETRIC_REPRESENTATION_CONTEXT(3) 
GLOBAL_UNCERTAINTY_ASSIGNED_CONTEXT((#3203)) 
GLOBAL_UNIT_ASSIGNED_CONTEXT((#3200,#3201,#3202)) REPRESENTATION_CONTEXT
('Context #1','3D Context with UNIT and UNCERTAINTY') );
#3200 = ( LENGTH_UNIT() NAMED_UNIT(*) SI_UNIT(.MILLI.,.METRE.) );
#3201 = ( NAMED_UNIT(*) PLANE_ANGLE_UNIT() SI_UNIT($,.RADIAN.) );
#3202 = ( NAMED_UNIT(*) SI_UNIT($,.STERADIAN.) SOLID_ANGLE_UNIT() );
#3203 = UNCERTAINTY_MEASURE_WITH_UNIT(LENGTH_MEASURE(1.E-07),#3200,
  'distance_accuracy_value','confusion accuracy');
#3204 = CONTEXT_DEPENDENT_SHAPE_REPRESENTATION(#3205,#3207);
#3205 = ( REPRESENTATION_RELATIONSHIP('','',#3044,#10) 
REPRESENTATION_RELATIONSHIP_WITH_TRANSFORMATION(#3206) 
SHAPE_REPRESENTATION_RELATIONSHIP() );
#3206 = ITEM_DEFINED_TRANSFORMATION('','',#11,#79);
#3207 = PRODUCT_DEFINITION_SHAPE('Placement','Placement of an item',
  #3208);
#3208 = NEXT_ASSEMBLY_USAGE_OCCURRENCE('17','=>[0:1:1:18]','',#5,#3039,$
  );
#3209 = PRODUCT_RELATED_PRODUCT_CATEGORY('part',$,(#3041));
#3210 = SHAPE_DEFINITION_REPRESENTATION(#3211,#3217);
#3211 = PRODUCT_DEFINITION_SHAPE('','',#3212);
#3212 = PRODUCT_DEFINITION('design','',#3213,#3216);
#3213 = PRODUCT_DEFINITION_FORMATION('','',#3214);
#3214 = PRODUCT('_autosave-connection pcb_track_18',
  '_autosave-connection pcb_track_18','',(#3215));
#3215 = PRODUCT_CONTEXT('',#2,'mechanical');
#3216 = PRODUCT_DEFINITION_CONTEXT('part definition',#2,'design');
#3217 = ADVANCED_BREP_SHAPE_REPRESENTATION('',(#11,#3218),#3372);
#3218 = MANIFOLD_SOLID_BREP('',#3219);
#3219 = CLOSED_SHELL('',(#3220,#3260,#3293,#3324,#3348,#3360));
#3220 = ADVANCED_FACE('',(#3221),#3255,.F.);
#3221 = FACE_BOUND('',#3222,.F.);
#3222 = EDGE_LOOP('',(#3223,#3233,#3241,#3249));
#3223 = ORIENTED_EDGE('',*,*,#3224,.T.);
#3224 = EDGE_CURVE('',#3225,#3227,#3229,.T.);
#3225 = VERTEX_POINT('',#3226);
#3226 = CARTESIAN_POINT('',(140.906066,-101.506066,1.6));
#3227 = VERTEX_POINT('',#3228);
#3228 = CARTESIAN_POINT('',(140.906066,-101.506066,1.635));
#3229 = LINE('',#3230,#3231);
#3230 = CARTESIAN_POINT('',(140.906066,-101.506066,1.6));
#3231 = VECTOR('',#3232,1.);
#3232 = DIRECTION('',(0.,0.,1.));
#3233 = ORIENTED_EDGE('',*,*,#3234,.T.);
#3234 = EDGE_CURVE('',#3227,#3235,#3237,.T.);
#3235 = VERTEX_POINT('',#3236);
#3236 = CARTESIAN_POINT('',(141.806066,-100.606066,1.635));
#3237 = LINE('',#3238,#3239);
#3238 = CARTESIAN_POINT('',(140.906066,-101.506066,1.635));
#3239 = VECTOR('',#3240,1.);
#3240 = DIRECTION('',(0.707106781187,0.707106781187,0.));
#3241 = ORIENTED_EDGE('',*,*,#3242,.F.);
#3242 = EDGE_CURVE('',#3243,#3235,#3245,.T.);
#3243 = VERTEX_POINT('',#3244);
#3244 = CARTESIAN_POINT('',(141.806066,-100.606066,1.6));
#3245 = LINE('',#3246,#3247);
#3246 = CARTESIAN_POINT('',(141.806066,-100.606066,1.6));
#3247 = VECTOR('',#3248,1.);
#3248 = DIRECTION('',(0.,0.,1.));
#3249 = ORIENTED_EDGE('',*,*,#3250,.F.);
#3250 = EDGE_CURVE('',#3225,#3243,#3251,.T.);
#3251 = LINE('',#3252,#3253);
#3252 = CARTESIAN_POINT('',(140.906066,-101.506066,1.6));
#3253 = VECTOR('',#3254,1.);
#3254 = DIRECTION('',(0.707106781187,0.707106781187,0.));
#3255 = PLANE('',#3256);
#3256 = AXIS2_PLACEMENT_3D('',#3257,#3258,#3259);
#3257 = CARTESIAN_POINT('',(140.906066,-101.506066,1.6));
#3258 = DIRECTION('',(-0.707106781187,0.707106781187,0.));
#3259 = DIRECTION('',(0.707106781187,0.707106781187,0.));
#3260 = ADVANCED_FACE('',(#3261),#3288,.T.);
#3261 = FACE_BOUND('',#3262,.F.);
#3262 = EDGE_LOOP('',(#3263,#3264,#3273,#3281));
#3263 = ORIENTED_EDGE('',*,*,#3242,.T.);
#3264 = ORIENTED_EDGE('',*,*,#3265,.T.);
#3265 = EDGE_CURVE('',#3235,#3266,#3268,.T.);
#3266 = VERTEX_POINT('',#3267);
#3267 = CARTESIAN_POINT('',(141.593933,-100.393933,1.635));
#3268 = CIRCLE('',#3269,0.150000682813);
#3269 = AXIS2_PLACEMENT_3D('',#3270,#3271,#3272);
#3270 = CARTESIAN_POINT('',(141.6999995,-100.4999995,1.635));
#3271 = DIRECTION('',(0.,-0.,1.));
#3272 = DIRECTION('',(0.707106781187,-0.707106781187,-0.));
#3273 = ORIENTED_EDGE('',*,*,#3274,.F.);
#3274 = EDGE_CURVE('',#3275,#3266,#3277,.T.);
#3275 = VERTEX_POINT('',#3276);
#3276 = CARTESIAN_POINT('',(141.593933,-100.393933,1.6));
#3277 = LINE('',#3278,#3279);
#3278 = CARTESIAN_POINT('',(141.593933,-100.393933,1.6));
#3279 = VECTOR('',#3280,1.);
#3280 = DIRECTION('',(0.,0.,1.));
#3281 = ORIENTED_EDGE('',*,*,#3282,.F.);
#3282 = EDGE_CURVE('',#3243,#3275,#3283,.T.);
#3283 = CIRCLE('',#3284,0.150000682813);
#3284 = AXIS2_PLACEMENT_3D('',#3285,#3286,#3287);
#3285 = CARTESIAN_POINT('',(141.6999995,-100.4999995,1.6));
#3286 = DIRECTION('',(0.,-0.,1.));
#3287 = DIRECTION('',(0.707106781187,-0.707106781187,-0.));
#3288 = CYLINDRICAL_SURFACE('',#3289,0.150000682813);
#3289 = AXIS2_PLACEMENT_3D('',#3290,#3291,#3292);
#3290 = CARTESIAN_POINT('',(141.6999995,-100.4999995,1.6));
#3291 = DIRECTION('',(-0.,0.,-1.));
#3292 = DIRECTION('',(0.707106781187,-0.707106781187,-0.));
#3293 = ADVANCED_FACE('',(#3294),#3319,.F.);
#3294 = FACE_BOUND('',#3295,.F.);
#3295 = EDGE_LOOP('',(#3296,#3297,#3305,#3313));
#3296 = ORIENTED_EDGE('',*,*,#3274,.T.);
#3297 = ORIENTED_EDGE('',*,*,#3298,.T.);
#3298 = EDGE_CURVE('',#3266,#3299,#3301,.T.);
#3299 = VERTEX_POINT('',#3300);
#3300 = CARTESIAN_POINT('',(140.693933,-101.293933,1.635));
#3301 = LINE('',#3302,#3303);
#3302 = CARTESIAN_POINT('',(141.593933,-100.393933,1.635));
#3303 = VECTOR('',#3304,1.);
#3304 = DIRECTION('',(-0.707106781187,-0.707106781187,0.));
#3305 = ORIENTED_EDGE('',*,*,#3306,.F.);
#3306 = EDGE_CURVE('',#3307,#3299,#3309,.T.);
#3307 = VERTEX_POINT('',#3308);
#3308 = CARTESIAN_POINT('',(140.693933,-101.293933,1.6));
#3309 = LINE('',#3310,#3311);
#3310 = CARTESIAN_POINT('',(140.693933,-101.293933,1.6));
#3311 = VECTOR('',#3312,1.);
#3312 = DIRECTION('',(0.,0.,1.));
#3313 = ORIENTED_EDGE('',*,*,#3314,.F.);
#3314 = EDGE_CURVE('',#3275,#3307,#3315,.T.);
#3315 = LINE('',#3316,#3317);
#3316 = CARTESIAN_POINT('',(141.593933,-100.393933,1.6));
#3317 = VECTOR('',#3318,1.);
#3318 = DIRECTION('',(-0.707106781187,-0.707106781187,0.));
#3319 = PLANE('',#3320);
#3320 = AXIS2_PLACEMENT_3D('',#3321,#3322,#3323);
#3321 = CARTESIAN_POINT('',(141.593933,-100.393933,1.6));
#3322 = DIRECTION('',(0.707106781187,-0.707106781187,0.));
#3323 = DIRECTION('',(-0.707106781187,-0.707106781187,0.));
#3324 = ADVANCED_FACE('',(#3325),#3343,.T.);
#3325 = FACE_BOUND('',#3326,.F.);
#3326 = EDGE_LOOP('',(#3327,#3328,#3335,#3336));
#3327 = ORIENTED_EDGE('',*,*,#3306,.T.);
#3328 = ORIENTED_EDGE('',*,*,#3329,.T.);
#3329 = EDGE_CURVE('',#3299,#3227,#3330,.T.);
#3330 = CIRCLE('',#3331,0.150000682813);
#3331 = AXIS2_PLACEMENT_3D('',#3332,#3333,#3334);
#3332 = CARTESIAN_POINT('',(140.7999995,-101.3999995,1.635));
#3333 = DIRECTION('',(0.,0.,1.));
#3334 = DIRECTION('',(-0.707106781187,0.707106781187,-0.));
#3335 = ORIENTED_EDGE('',*,*,#3224,.F.);
#3336 = ORIENTED_EDGE('',*,*,#3337,.F.);
#3337 = EDGE_CURVE('',#3307,#3225,#3338,.T.);
#3338 = CIRCLE('',#3339,0.150000682813);
#3339 = AXIS2_PLACEMENT_3D('',#3340,#3341,#3342);
#3340 = CARTESIAN_POINT('',(140.7999995,-101.3999995,1.6));
#3341 = DIRECTION('',(0.,0.,1.));
#3342 = DIRECTION('',(-0.707106781187,0.707106781187,-0.));
#3343 = CYLINDRICAL_SURFACE('',#3344,0.150000682813);
#3344 = AXIS2_PLACEMENT_3D('',#3345,#3346,#3347);
#3345 = CARTESIAN_POINT('',(140.7999995,-101.3999995,1.6));
#3346 = DIRECTION('',(-0.,-0.,-1.));
#3347 = DIRECTION('',(-0.707106781187,0.707106781187,-0.));
#3348 = ADVANCED_FACE('',(#3349),#3355,.F.);
#3349 = FACE_BOUND('',#3350,.F.);
#3350 = EDGE_LOOP('',(#3351,#3352,#3353,#3354));
#3351 = ORIENTED_EDGE('',*,*,#3250,.T.);
#3352 = ORIENTED_EDGE('',*,*,#3282,.T.);
#3353 = ORIENTED_EDGE('',*,*,#3314,.T.);
#3354 = ORIENTED_EDGE('',*,*,#3337,.T.);
#3355 = PLANE('',#3356);
#3356 = AXIS2_PLACEMENT_3D('',#3357,#3358,#3359);
#3357 = CARTESIAN_POINT('',(140.906066,-101.506066,1.6));
#3358 = DIRECTION('',(0.,0.,1.));
#3359 = DIRECTION('',(1.,0.,-0.));
#3360 = ADVANCED_FACE('',(#3361),#3367,.T.);
#3361 = FACE_BOUND('',#3362,.T.);
#3362 = EDGE_LOOP('',(#3363,#3364,#3365,#3366));
#3363 = ORIENTED_EDGE('',*,*,#3234,.T.);
#3364 = ORIENTED_EDGE('',*,*,#3265,.T.);
#3365 = ORIENTED_EDGE('',*,*,#3298,.T.);
#3366 = ORIENTED_EDGE('',*,*,#3329,.T.);
#3367 = PLANE('',#3368);
#3368 = AXIS2_PLACEMENT_3D('',#3369,#3370,#3371);
#3369 = CARTESIAN_POINT('',(140.906066,-101.506066,1.635));
#3370 = DIRECTION('',(0.,0.,1.));
#3371 = DIRECTION('',(1.,0.,-0.));
#3372 = ( GEOMETRIC_REPRESENTATION_CONTEXT(3) 
GLOBAL_UNCERTAINTY_ASSIGNED_CONTEXT((#3376)) 
GLOBAL_UNIT_ASSIGNED_CONTEXT((#3373,#3374,#3375)) REPRESENTATION_CONTEXT
('Context #1','3D Context with UNIT and UNCERTAINTY') );
#3373 = ( LENGTH_UNIT() NAMED_UNIT(*) SI_UNIT(.MILLI.,.METRE.) );
#3374 = ( NAMED_UNIT(*) PLANE_ANGLE_UNIT() SI_UNIT($,.RADIAN.) );
#3375 = ( NAMED_UNIT(*) SI_UNIT($,.STERADIAN.) SOLID_ANGLE_UNIT() );
#3376 = UNCERTAINTY_MEASURE_WITH_UNIT(LENGTH_MEASURE(1.E-07),#3373,
  'distance_accuracy_value','confusion accuracy');
#3377 = CONTEXT_DEPENDENT_SHAPE_REPRESENTATION(#3378,#3380);
#3378 = ( REPRESENTATION_RELATIONSHIP('','',#3217,#10) 
REPRESENTATION_RELATIONSHIP_WITH_TRANSFORMATION(#3379) 
SHAPE_REPRESENTATION_RELATIONSHIP() );
#3379 = ITEM_DEFINED_TRANSFORMATION('','',#11,#83);
#3380 = PRODUCT_DEFINITION_SHAPE('Placement','Placement of an item',
  #3381);
#3381 = NEXT_ASSEMBLY_USAGE_OCCURRENCE('18','=>[0:1:1:19]','',#5,#3212,$
  );
#3382 = PRODUCT_RELATED_PRODUCT_CATEGORY('part',$,(#3214));
#3383 = SHAPE_DEFINITION_REPRESENTATION(#3384,#3390);
#3384 = PRODUCT_DEFINITION_SHAPE('','',#3385);
#3385 = PRODUCT_DEFINITION('design','',#3386,#3389);
#3386 = PRODUCT_DEFINITION_FORMATION('','',#3387);
#3387 = PRODUCT('_autosave-connection pcb_track_19',
  '_autosave-connection pcb_track_19','',(#3388));
#3388 = PRODUCT_CONTEXT('',#2,'mechanical');
#3389 = PRODUCT_DEFINITION_CONTEXT('part definition',#2,'design');
#3390 = ADVANCED_BREP_SHAPE_REPRESENTATION('',(#11,#3391),#3545);
#3391 = MANIFOLD_SOLID_BREP('',#3392);
#3392 = CLOSED_SHELL('',(#3393,#3433,#3466,#3497,#3521,#3533));
#3393 = ADVANCED_FACE('',(#3394),#3428,.F.);
#3394 = FACE_BOUND('',#3395,.F.);
#3395 = EDGE_LOOP('',(#3396,#3406,#3414,#3422));
#3396 = ORIENTED_EDGE('',*,*,#3397,.T.);
#3397 = EDGE_CURVE('',#3398,#3400,#3402,.T.);
#3398 = VERTEX_POINT('',#3399);
#3399 = CARTESIAN_POINT('',(137.7,-101.55,1.6));
#3400 = VERTEX_POINT('',#3401);
#3401 = CARTESIAN_POINT('',(137.7,-101.55,1.635));
#3402 = LINE('',#3403,#3404);
#3403 = CARTESIAN_POINT('',(137.7,-101.55,1.6));
#3404 = VECTOR('',#3405,1.);
#3405 = DIRECTION('',(0.,0.,1.));
#3406 = ORIENTED_EDGE('',*,*,#3407,.T.);
#3407 = EDGE_CURVE('',#3400,#3408,#3410,.T.);
#3408 = VERTEX_POINT('',#3409);
#3409 = CARTESIAN_POINT('',(140.8,-101.55,1.635));
#3410 = LINE('',#3411,#3412);
#3411 = CARTESIAN_POINT('',(137.7,-101.55,1.635));
#3412 = VECTOR('',#3413,1.);
#3413 = DIRECTION('',(1.,0.,0.));
#3414 = ORIENTED_EDGE('',*,*,#3415,.F.);
#3415 = EDGE_CURVE('',#3416,#3408,#3418,.T.);
#3416 = VERTEX_POINT('',#3417);
#3417 = CARTESIAN_POINT('',(140.8,-101.55,1.6));
#3418 = LINE('',#3419,#3420);
#3419 = CARTESIAN_POINT('',(140.8,-101.55,1.6));
#3420 = VECTOR('',#3421,1.);
#3421 = DIRECTION('',(0.,0.,1.));
#3422 = ORIENTED_EDGE('',*,*,#3423,.F.);
#3423 = EDGE_CURVE('',#3398,#3416,#3424,.T.);
#3424 = LINE('',#3425,#3426);
#3425 = CARTESIAN_POINT('',(137.7,-101.55,1.6));
#3426 = VECTOR('',#3427,1.);
#3427 = DIRECTION('',(1.,0.,0.));
#3428 = PLANE('',#3429);
#3429 = AXIS2_PLACEMENT_3D('',#3430,#3431,#3432);
#3430 = CARTESIAN_POINT('',(137.7,-101.55,1.6));
#3431 = DIRECTION('',(0.,1.,0.));
#3432 = DIRECTION('',(1.,0.,0.));
#3433 = ADVANCED_FACE('',(#3434),#3461,.T.);
#3434 = FACE_BOUND('',#3435,.F.);
#3435 = EDGE_LOOP('',(#3436,#3437,#3446,#3454));
#3436 = ORIENTED_EDGE('',*,*,#3415,.T.);
#3437 = ORIENTED_EDGE('',*,*,#3438,.T.);
#3438 = EDGE_CURVE('',#3408,#3439,#3441,.T.);
#3439 = VERTEX_POINT('',#3440);
#3440 = CARTESIAN_POINT('',(140.8,-101.25,1.635));
#3441 = CIRCLE('',#3442,0.15);
#3442 = AXIS2_PLACEMENT_3D('',#3443,#3444,#3445);
#3443 = CARTESIAN_POINT('',(140.8,-101.4,1.635));
#3444 = DIRECTION('',(0.,-0.,1.));
#3445 = DIRECTION('',(1.894780628694E-13,-1.,-0.));
#3446 = ORIENTED_EDGE('',*,*,#3447,.F.);
#3447 = EDGE_CURVE('',#3448,#3439,#3450,.T.);
#3448 = VERTEX_POINT('',#3449);
#3449 = CARTESIAN_POINT('',(140.8,-101.25,1.6));
#3450 = LINE('',#3451,#3452);
#3451 = CARTESIAN_POINT('',(140.8,-101.25,1.6));
#3452 = VECTOR('',#3453,1.);
#3453 = DIRECTION('',(0.,0.,1.));
#3454 = ORIENTED_EDGE('',*,*,#3455,.F.);
#3455 = EDGE_CURVE('',#3416,#3448,#3456,.T.);
#3456 = CIRCLE('',#3457,0.15);
#3457 = AXIS2_PLACEMENT_3D('',#3458,#3459,#3460);
#3458 = CARTESIAN_POINT('',(140.8,-101.4,1.6));
#3459 = DIRECTION('',(0.,-0.,1.));
#3460 = DIRECTION('',(1.894780628694E-13,-1.,-0.));
#3461 = CYLINDRICAL_SURFACE('',#3462,0.15);
#3462 = AXIS2_PLACEMENT_3D('',#3463,#3464,#3465);
#3463 = CARTESIAN_POINT('',(140.8,-101.4,1.6));
#3464 = DIRECTION('',(-0.,0.,-1.));
#3465 = DIRECTION('',(1.894780628694E-13,-1.,-0.));
#3466 = ADVANCED_FACE('',(#3467),#3492,.F.);
#3467 = FACE_BOUND('',#3468,.F.);
#3468 = EDGE_LOOP('',(#3469,#3470,#3478,#3486));
#3469 = ORIENTED_EDGE('',*,*,#3447,.T.);
#3470 = ORIENTED_EDGE('',*,*,#3471,.T.);
#3471 = EDGE_CURVE('',#3439,#3472,#3474,.T.);
#3472 = VERTEX_POINT('',#3473);
#3473 = CARTESIAN_POINT('',(137.7,-101.25,1.635));
#3474 = LINE('',#3475,#3476);
#3475 = CARTESIAN_POINT('',(140.8,-101.25,1.635));
#3476 = VECTOR('',#3477,1.);
#3477 = DIRECTION('',(-1.,0.,0.));
#3478 = ORIENTED_EDGE('',*,*,#3479,.F.);
#3479 = EDGE_CURVE('',#3480,#3472,#3482,.T.);
#3480 = VERTEX_POINT('',#3481);
#3481 = CARTESIAN_POINT('',(137.7,-101.25,1.6));
#3482 = LINE('',#3483,#3484);
#3483 = CARTESIAN_POINT('',(137.7,-101.25,1.6));
#3484 = VECTOR('',#3485,1.);
#3485 = DIRECTION('',(0.,0.,1.));
#3486 = ORIENTED_EDGE('',*,*,#3487,.F.);
#3487 = EDGE_CURVE('',#3448,#3480,#3488,.T.);
#3488 = LINE('',#3489,#3490);
#3489 = CARTESIAN_POINT('',(140.8,-101.25,1.6));
#3490 = VECTOR('',#3491,1.);
#3491 = DIRECTION('',(-1.,0.,0.));
#3492 = PLANE('',#3493);
#3493 = AXIS2_PLACEMENT_3D('',#3494,#3495,#3496);
#3494 = CARTESIAN_POINT('',(140.8,-101.25,1.6));
#3495 = DIRECTION('',(0.,-1.,0.));
#3496 = DIRECTION('',(-1.,0.,0.));
#3497 = ADVANCED_FACE('',(#3498),#3516,.T.);
#3498 = FACE_BOUND('',#3499,.F.);
#3499 = EDGE_LOOP('',(#3500,#3501,#3508,#3509));
#3500 = ORIENTED_EDGE('',*,*,#3479,.T.);
#3501 = ORIENTED_EDGE('',*,*,#3502,.T.);
#3502 = EDGE_CURVE('',#3472,#3400,#3503,.T.);
#3503 = CIRCLE('',#3504,0.15);
#3504 = AXIS2_PLACEMENT_3D('',#3505,#3506,#3507);
#3505 = CARTESIAN_POINT('',(137.7,-101.4,1.635));
#3506 = DIRECTION('',(0.,0.,1.));
#3507 = DIRECTION('',(-1.894780628694E-13,1.,0.));
#3508 = ORIENTED_EDGE('',*,*,#3397,.F.);
#3509 = ORIENTED_EDGE('',*,*,#3510,.F.);
#3510 = EDGE_CURVE('',#3480,#3398,#3511,.T.);
#3511 = CIRCLE('',#3512,0.15);
#3512 = AXIS2_PLACEMENT_3D('',#3513,#3514,#3515);
#3513 = CARTESIAN_POINT('',(137.7,-101.4,1.6));
#3514 = DIRECTION('',(0.,0.,1.));
#3515 = DIRECTION('',(-1.894780628694E-13,1.,0.));
#3516 = CYLINDRICAL_SURFACE('',#3517,0.15);
#3517 = AXIS2_PLACEMENT_3D('',#3518,#3519,#3520);
#3518 = CARTESIAN_POINT('',(137.7,-101.4,1.6));
#3519 = DIRECTION('',(-0.,-0.,-1.));
#3520 = DIRECTION('',(-1.894780628694E-13,1.,0.));
#3521 = ADVANCED_FACE('',(#3522),#3528,.F.);
#3522 = FACE_BOUND('',#3523,.F.);
#3523 = EDGE_LOOP('',(#3524,#3525,#3526,#3527));
#3524 = ORIENTED_EDGE('',*,*,#3423,.T.);
#3525 = ORIENTED_EDGE('',*,*,#3455,.T.);
#3526 = ORIENTED_EDGE('',*,*,#3487,.T.);
#3527 = ORIENTED_EDGE('',*,*,#3510,.T.);
#3528 = PLANE('',#3529);
#3529 = AXIS2_PLACEMENT_3D('',#3530,#3531,#3532);
#3530 = CARTESIAN_POINT('',(137.7,-101.55,1.6));
#3531 = DIRECTION('',(0.,0.,1.));
#3532 = DIRECTION('',(1.,0.,-0.));
#3533 = ADVANCED_FACE('',(#3534),#3540,.T.);
#3534 = FACE_BOUND('',#3535,.T.);
#3535 = EDGE_LOOP('',(#3536,#3537,#3538,#3539));
#3536 = ORIENTED_EDGE('',*,*,#3407,.T.);
#3537 = ORIENTED_EDGE('',*,*,#3438,.T.);
#3538 = ORIENTED_EDGE('',*,*,#3471,.T.);
#3539 = ORIENTED_EDGE('',*,*,#3502,.T.);
#3540 = PLANE('',#3541);
#3541 = AXIS2_PLACEMENT_3D('',#3542,#3543,#3544);
#3542 = CARTESIAN_POINT('',(137.7,-101.55,1.635));
#3543 = DIRECTION('',(0.,0.,1.));
#3544 = DIRECTION('',(1.,0.,-0.));
#3545 = ( GEOMETRIC_REPRESENTATION_CONTEXT(3) 
GLOBAL_UNCERTAINTY_ASSIGNED_CONTEXT((#3549)) 
GLOBAL_UNIT_ASSIGNED_CONTEXT((#3546,#3547,#3548)) REPRESENTATION_CONTEXT
('Context #1','3D Context with UNIT and UNCERTAINTY') );
#3546 = ( LENGTH_UNIT() NAMED_UNIT(*) SI_UNIT(.MILLI.,.METRE.) );
#3547 = ( NAMED_UNIT(*) PLANE_ANGLE_UNIT() SI_UNIT($,.RADIAN.) );
#3548 = ( NAMED_UNIT(*) SI_UNIT($,.STERADIAN.) SOLID_ANGLE_UNIT() );
#3549 = UNCERTAINTY_MEASURE_WITH_UNIT(LENGTH_MEASURE(1.E-07),#3546,
  'distance_accuracy_value','confusion accuracy');
#3550 = CONTEXT_DEPENDENT_SHAPE_REPRESENTATION(#3551,#3553);
#3551 = ( REPRESENTATION_RELATIONSHIP('','',#3390,#10) 
REPRESENTATION_RELATIONSHIP_WITH_TRANSFORMATION(#3552) 
SHAPE_REPRESENTATION_RELATIONSHIP() );
#3552 = ITEM_DEFINED_TRANSFORMATION('','',#11,#87);
#3553 = PRODUCT_DEFINITION_SHAPE('Placement','Placement of an item',
  #3554);
#3554 = NEXT_ASSEMBLY_USAGE_OCCURRENCE('19','=>[0:1:1:20]','',#5,#3385,$
  );
#3555 = PRODUCT_RELATED_PRODUCT_CATEGORY('part',$,(#3387));
#3556 = SHAPE_DEFINITION_REPRESENTATION(#3557,#3563);
#3557 = PRODUCT_DEFINITION_SHAPE('','',#3558);
#3558 = PRODUCT_DEFINITION('design','',#3559,#3562);
#3559 = PRODUCT_DEFINITION_FORMATION('','',#3560);
#3560 = PRODUCT('_autosave-connection pcb_track_20',
  '_autosave-connection pcb_track_20','',(#3561));
#3561 = PRODUCT_CONTEXT('',#2,'mechanical');
#3562 = PRODUCT_DEFINITION_CONTEXT('part definition',#2,'design');
#3563 = ADVANCED_BREP_SHAPE_REPRESENTATION('',(#11,#3564),#3718);
#3564 = MANIFOLD_SOLID_BREP('',#3565);
#3565 = CLOSED_SHELL('',(#3566,#3606,#3639,#3670,#3694,#3706));
#3566 = ADVANCED_FACE('',(#3567),#3601,.F.);
#3567 = FACE_BOUND('',#3568,.F.);
#3568 = EDGE_LOOP('',(#3569,#3579,#3587,#3595));
#3569 = ORIENTED_EDGE('',*,*,#3570,.T.);
#3570 = EDGE_CURVE('',#3571,#3573,#3575,.T.);
#3571 = VERTEX_POINT('',#3572);
#3572 = CARTESIAN_POINT('',(140.806066,-101.606066,1.6));
#3573 = VERTEX_POINT('',#3574);
#3574 = CARTESIAN_POINT('',(140.806066,-101.606066,1.635));
#3575 = LINE('',#3576,#3577);
#3576 = CARTESIAN_POINT('',(140.806066,-101.606066,1.6));
#3577 = VECTOR('',#3578,1.);
#3578 = DIRECTION('',(0.,0.,1.));
#3579 = ORIENTED_EDGE('',*,*,#3580,.T.);
#3580 = EDGE_CURVE('',#3573,#3581,#3583,.T.);
#3581 = VERTEX_POINT('',#3582);
#3582 = CARTESIAN_POINT('',(140.906066,-101.506066,1.635));
#3583 = LINE('',#3584,#3585);
#3584 = CARTESIAN_POINT('',(140.806066,-101.606066,1.635));
#3585 = VECTOR('',#3586,1.);
#3586 = DIRECTION('',(0.707106781187,0.707106781186,0.));
#3587 = ORIENTED_EDGE('',*,*,#3588,.F.);
#3588 = EDGE_CURVE('',#3589,#3581,#3591,.T.);
#3589 = VERTEX_POINT('',#3590);
#3590 = CARTESIAN_POINT('',(140.906066,-101.506066,1.6));
#3591 = LINE('',#3592,#3593);
#3592 = CARTESIAN_POINT('',(140.906066,-101.506066,1.6));
#3593 = VECTOR('',#3594,1.);
#3594 = DIRECTION('',(0.,0.,1.));
#3595 = ORIENTED_EDGE('',*,*,#3596,.F.);
#3596 = EDGE_CURVE('',#3571,#3589,#3597,.T.);
#3597 = LINE('',#3598,#3599);
#3598 = CARTESIAN_POINT('',(140.806066,-101.606066,1.6));
#3599 = VECTOR('',#3600,1.);
#3600 = DIRECTION('',(0.707106781187,0.707106781186,0.));
#3601 = PLANE('',#3602);
#3602 = AXIS2_PLACEMENT_3D('',#3603,#3604,#3605);
#3603 = CARTESIAN_POINT('',(140.806066,-101.606066,1.6));
#3604 = DIRECTION('',(-0.707106781186,0.707106781187,0.));
#3605 = DIRECTION('',(0.707106781187,0.707106781186,0.));
#3606 = ADVANCED_FACE('',(#3607),#3634,.T.);
#3607 = FACE_BOUND('',#3608,.F.);
#3608 = EDGE_LOOP('',(#3609,#3610,#3619,#3627));
#3609 = ORIENTED_EDGE('',*,*,#3588,.T.);
#3610 = ORIENTED_EDGE('',*,*,#3611,.T.);
#3611 = EDGE_CURVE('',#3581,#3612,#3614,.T.);
#3612 = VERTEX_POINT('',#3613);
#3613 = CARTESIAN_POINT('',(140.693933,-101.293933,1.635));
#3614 = CIRCLE('',#3615,0.150000682813);
#3615 = AXIS2_PLACEMENT_3D('',#3616,#3617,#3618);
#3616 = CARTESIAN_POINT('',(140.7999995,-101.3999995,1.635));
#3617 = DIRECTION('',(0.,-0.,1.));
#3618 = DIRECTION('',(0.707106781187,-0.707106781187,-0.));
#3619 = ORIENTED_EDGE('',*,*,#3620,.F.);
#3620 = EDGE_CURVE('',#3621,#3612,#3623,.T.);
#3621 = VERTEX_POINT('',#3622);
#3622 = CARTESIAN_POINT('',(140.693933,-101.293933,1.6));
#3623 = LINE('',#3624,#3625);
#3624 = CARTESIAN_POINT('',(140.693933,-101.293933,1.6));
#3625 = VECTOR('',#3626,1.);
#3626 = DIRECTION('',(0.,0.,1.));
#3627 = ORIENTED_EDGE('',*,*,#3628,.F.);
#3628 = EDGE_CURVE('',#3589,#3621,#3629,.T.);
#3629 = CIRCLE('',#3630,0.150000682813);
#3630 = AXIS2_PLACEMENT_3D('',#3631,#3632,#3633);
#3631 = CARTESIAN_POINT('',(140.7999995,-101.3999995,1.6));
#3632 = DIRECTION('',(0.,-0.,1.));
#3633 = DIRECTION('',(0.707106781187,-0.707106781187,-0.));
#3634 = CYLINDRICAL_SURFACE('',#3635,0.150000682813);
#3635 = AXIS2_PLACEMENT_3D('',#3636,#3637,#3638);
#3636 = CARTESIAN_POINT('',(140.7999995,-101.3999995,1.6));
#3637 = DIRECTION('',(-0.,0.,-1.));
#3638 = DIRECTION('',(0.707106781187,-0.707106781187,-0.));
#3639 = ADVANCED_FACE('',(#3640),#3665,.F.);
#3640 = FACE_BOUND('',#3641,.F.);
#3641 = EDGE_LOOP('',(#3642,#3643,#3651,#3659));
#3642 = ORIENTED_EDGE('',*,*,#3620,.T.);
#3643 = ORIENTED_EDGE('',*,*,#3644,.T.);
#3644 = EDGE_CURVE('',#3612,#3645,#3647,.T.);
#3645 = VERTEX_POINT('',#3646);
#3646 = CARTESIAN_POINT('',(140.593933,-101.393933,1.635));
#3647 = LINE('',#3648,#3649);
#3648 = CARTESIAN_POINT('',(140.693933,-101.293933,1.635));
#3649 = VECTOR('',#3650,1.);
#3650 = DIRECTION('',(-0.707106781186,-0.707106781187,0.));
#3651 = ORIENTED_EDGE('',*,*,#3652,.F.);
#3652 = EDGE_CURVE('',#3653,#3645,#3655,.T.);
#3653 = VERTEX_POINT('',#3654);
#3654 = CARTESIAN_POINT('',(140.593933,-101.393933,1.6));
#3655 = LINE('',#3656,#3657);
#3656 = CARTESIAN_POINT('',(140.593933,-101.393933,1.6));
#3657 = VECTOR('',#3658,1.);
#3658 = DIRECTION('',(0.,0.,1.));
#3659 = ORIENTED_EDGE('',*,*,#3660,.F.);
#3660 = EDGE_CURVE('',#3621,#3653,#3661,.T.);
#3661 = LINE('',#3662,#3663);
#3662 = CARTESIAN_POINT('',(140.693933,-101.293933,1.6));
#3663 = VECTOR('',#3664,1.);
#3664 = DIRECTION('',(-0.707106781186,-0.707106781187,0.));
#3665 = PLANE('',#3666);
#3666 = AXIS2_PLACEMENT_3D('',#3667,#3668,#3669);
#3667 = CARTESIAN_POINT('',(140.693933,-101.293933,1.6));
#3668 = DIRECTION('',(0.707106781187,-0.707106781186,0.));
#3669 = DIRECTION('',(-0.707106781186,-0.707106781187,0.));
#3670 = ADVANCED_FACE('',(#3671),#3689,.T.);
#3671 = FACE_BOUND('',#3672,.F.);
#3672 = EDGE_LOOP('',(#3673,#3674,#3681,#3682));
#3673 = ORIENTED_EDGE('',*,*,#3652,.T.);
#3674 = ORIENTED_EDGE('',*,*,#3675,.T.);
#3675 = EDGE_CURVE('',#3645,#3573,#3676,.T.);
#3676 = CIRCLE('',#3677,0.150000682813);
#3677 = AXIS2_PLACEMENT_3D('',#3678,#3679,#3680);
#3678 = CARTESIAN_POINT('',(140.6999995,-101.4999995,1.635));
#3679 = DIRECTION('',(0.,0.,1.));
#3680 = DIRECTION('',(-0.707106781187,0.707106781187,-0.));
#3681 = ORIENTED_EDGE('',*,*,#3570,.F.);
#3682 = ORIENTED_EDGE('',*,*,#3683,.F.);
#3683 = EDGE_CURVE('',#3653,#3571,#3684,.T.);
#3684 = CIRCLE('',#3685,0.150000682813);
#3685 = AXIS2_PLACEMENT_3D('',#3686,#3687,#3688);
#3686 = CARTESIAN_POINT('',(140.6999995,-101.4999995,1.6));
#3687 = DIRECTION('',(0.,0.,1.));
#3688 = DIRECTION('',(-0.707106781187,0.707106781187,-0.));
#3689 = CYLINDRICAL_SURFACE('',#3690,0.150000682813);
#3690 = AXIS2_PLACEMENT_3D('',#3691,#3692,#3693);
#3691 = CARTESIAN_POINT('',(140.6999995,-101.4999995,1.6));
#3692 = DIRECTION('',(-0.,-0.,-1.));
#3693 = DIRECTION('',(-0.707106781187,0.707106781187,-0.));
#3694 = ADVANCED_FACE('',(#3695),#3701,.F.);
#3695 = FACE_BOUND('',#3696,.F.);
#3696 = EDGE_LOOP('',(#3697,#3698,#3699,#3700));
#3697 = ORIENTED_EDGE('',*,*,#3596,.T.);
#3698 = ORIENTED_EDGE('',*,*,#3628,.T.);
#3699 = ORIENTED_EDGE('',*,*,#3660,.T.);
#3700 = ORIENTED_EDGE('',*,*,#3683,.T.);
#3701 = PLANE('',#3702);
#3702 = AXIS2_PLACEMENT_3D('',#3703,#3704,#3705);
#3703 = CARTESIAN_POINT('',(140.806066,-101.606066,1.6));
#3704 = DIRECTION('',(0.,0.,1.));
#3705 = DIRECTION('',(1.,0.,-0.));
#3706 = ADVANCED_FACE('',(#3707),#3713,.T.);
#3707 = FACE_BOUND('',#3708,.T.);
#3708 = EDGE_LOOP('',(#3709,#3710,#3711,#3712));
#3709 = ORIENTED_EDGE('',*,*,#3580,.T.);
#3710 = ORIENTED_EDGE('',*,*,#3611,.T.);
#3711 = ORIENTED_EDGE('',*,*,#3644,.T.);
#3712 = ORIENTED_EDGE('',*,*,#3675,.T.);
#3713 = PLANE('',#3714);
#3714 = AXIS2_PLACEMENT_3D('',#3715,#3716,#3717);
#3715 = CARTESIAN_POINT('',(140.806066,-101.606066,1.635));
#3716 = DIRECTION('',(0.,0.,1.));
#3717 = DIRECTION('',(1.,0.,-0.));
#3718 = ( GEOMETRIC_REPRESENTATION_CONTEXT(3) 
GLOBAL_UNCERTAINTY_ASSIGNED_CONTEXT((#3722)) 
GLOBAL_UNIT_ASSIGNED_CONTEXT((#3719,#3720,#3721)) REPRESENTATION_CONTEXT
('Context #1','3D Context with UNIT and UNCERTAINTY') );
#3719 = ( LENGTH_UNIT() NAMED_UNIT(*) SI_UNIT(.MILLI.,.METRE.) );
#3720 = ( NAMED_UNIT(*) PLANE_ANGLE_UNIT() SI_UNIT($,.RADIAN.) );
#3721 = ( NAMED_UNIT(*) SI_UNIT($,.STERADIAN.) SOLID_ANGLE_UNIT() );
#3722 = UNCERTAINTY_MEASURE_WITH_UNIT(LENGTH_MEASURE(1.E-07),#3719,
  'distance_accuracy_value','confusion accuracy');
#3723 = CONTEXT_DEPENDENT_SHAPE_REPRESENTATION(#3724,#3726);
#3724 = ( REPRESENTATION_RELATIONSHIP('','',#3563,#10) 
REPRESENTATION_RELATIONSHIP_WITH_TRANSFORMATION(#3725) 
SHAPE_REPRESENTATION_RELATIONSHIP() );
#3725 = ITEM_DEFINED_TRANSFORMATION('','',#11,#91);
#3726 = PRODUCT_DEFINITION_SHAPE('Placement','Placement of an item',
  #3727);
#3727 = NEXT_ASSEMBLY_USAGE_OCCURRENCE('20','=>[0:1:1:21]','',#5,#3558,$
  );
#3728 = PRODUCT_RELATED_PRODUCT_CATEGORY('part',$,(#3560));
#3729 = SHAPE_DEFINITION_REPRESENTATION(#3730,#3736);
#3730 = PRODUCT_DEFINITION_SHAPE('','',#3731);
#3731 = PRODUCT_DEFINITION('design','',#3732,#3735);
#3732 = PRODUCT_DEFINITION_FORMATION('','',#3733);
#3733 = PRODUCT('_autosave-connection pcb_track_21',
  '_autosave-connection pcb_track_21','',(#3734));
#3734 = PRODUCT_CONTEXT('',#2,'mechanical');
#3735 = PRODUCT_DEFINITION_CONTEXT('part definition',#2,'design');
#3736 = ADVANCED_BREP_SHAPE_REPRESENTATION('',(#11,#3737),#3891);
#3737 = MANIFOLD_SOLID_BREP('',#3738);
#3738 = CLOSED_SHELL('',(#3739,#3779,#3812,#3843,#3867,#3879));
#3739 = ADVANCED_FACE('',(#3740),#3774,.F.);
#3740 = FACE_BOUND('',#3741,.F.);
#3741 = EDGE_LOOP('',(#3742,#3752,#3760,#3768));
#3742 = ORIENTED_EDGE('',*,*,#3743,.T.);
#3743 = EDGE_CURVE('',#3744,#3746,#3748,.T.);
#3744 = VERTEX_POINT('',#3745);
#3745 = CARTESIAN_POINT('',(136.6,-97.55,1.6));
#3746 = VERTEX_POINT('',#3747);
#3747 = CARTESIAN_POINT('',(136.6,-97.55,1.635));
#3748 = LINE('',#3749,#3750);
#3749 = CARTESIAN_POINT('',(136.6,-97.55,1.6));
#3750 = VECTOR('',#3751,1.);
#3751 = DIRECTION('',(0.,0.,1.));
#3752 = ORIENTED_EDGE('',*,*,#3753,.T.);
#3753 = EDGE_CURVE('',#3746,#3754,#3756,.T.);
#3754 = VERTEX_POINT('',#3755);
#3755 = CARTESIAN_POINT('',(136.6,-103.25,1.635));
#3756 = LINE('',#3757,#3758);
#3757 = CARTESIAN_POINT('',(136.6,-97.55,1.635));
#3758 = VECTOR('',#3759,1.);
#3759 = DIRECTION('',(0.,-1.,0.));
#3760 = ORIENTED_EDGE('',*,*,#3761,.F.);
#3761 = EDGE_CURVE('',#3762,#3754,#3764,.T.);
#3762 = VERTEX_POINT('',#3763);
#3763 = CARTESIAN_POINT('',(136.6,-103.25,1.6));
#3764 = LINE('',#3765,#3766);
#3765 = CARTESIAN_POINT('',(136.6,-103.25,1.6));
#3766 = VECTOR('',#3767,1.);
#3767 = DIRECTION('',(0.,0.,1.));
#3768 = ORIENTED_EDGE('',*,*,#3769,.F.);
#3769 = EDGE_CURVE('',#3744,#3762,#3770,.T.);
#3770 = LINE('',#3771,#3772);
#3771 = CARTESIAN_POINT('',(136.6,-97.55,1.6));
#3772 = VECTOR('',#3773,1.);
#3773 = DIRECTION('',(0.,-1.,0.));
#3774 = PLANE('',#3775);
#3775 = AXIS2_PLACEMENT_3D('',#3776,#3777,#3778);
#3776 = CARTESIAN_POINT('',(136.6,-97.55,1.6));
#3777 = DIRECTION('',(1.,0.,-0.));
#3778 = DIRECTION('',(0.,-1.,0.));
#3779 = ADVANCED_FACE('',(#3780),#3807,.T.);
#3780 = FACE_BOUND('',#3781,.F.);
#3781 = EDGE_LOOP('',(#3782,#3783,#3792,#3800));
#3782 = ORIENTED_EDGE('',*,*,#3761,.T.);
#3783 = ORIENTED_EDGE('',*,*,#3784,.T.);
#3784 = EDGE_CURVE('',#3754,#3785,#3787,.T.);
#3785 = VERTEX_POINT('',#3786);
#3786 = CARTESIAN_POINT('',(136.9,-103.25,1.635));
#3787 = CIRCLE('',#3788,0.15);
#3788 = AXIS2_PLACEMENT_3D('',#3789,#3790,#3791);
#3789 = CARTESIAN_POINT('',(136.75,-103.25,1.635));
#3790 = DIRECTION('',(0.,0.,1.));
#3791 = DIRECTION('',(-1.,9.473903143468E-14,-0.));
#3792 = ORIENTED_EDGE('',*,*,#3793,.F.);
#3793 = EDGE_CURVE('',#3794,#3785,#3796,.T.);
#3794 = VERTEX_POINT('',#3795);
#3795 = CARTESIAN_POINT('',(136.9,-103.25,1.6));
#3796 = LINE('',#3797,#3798);
#3797 = CARTESIAN_POINT('',(136.9,-103.25,1.6));
#3798 = VECTOR('',#3799,1.);
#3799 = DIRECTION('',(0.,0.,1.));
#3800 = ORIENTED_EDGE('',*,*,#3801,.F.);
#3801 = EDGE_CURVE('',#3762,#3794,#3802,.T.);
#3802 = CIRCLE('',#3803,0.15);
#3803 = AXIS2_PLACEMENT_3D('',#3804,#3805,#3806);
#3804 = CARTESIAN_POINT('',(136.75,-103.25,1.6));
#3805 = DIRECTION('',(0.,0.,1.));
#3806 = DIRECTION('',(-1.,9.473903143468E-14,-0.));
#3807 = CYLINDRICAL_SURFACE('',#3808,0.15);
#3808 = AXIS2_PLACEMENT_3D('',#3809,#3810,#3811);
#3809 = CARTESIAN_POINT('',(136.75,-103.25,1.6));
#3810 = DIRECTION('',(-0.,-0.,-1.));
#3811 = DIRECTION('',(-1.,9.473903143468E-14,-0.));
#3812 = ADVANCED_FACE('',(#3813),#3838,.F.);
#3813 = FACE_BOUND('',#3814,.F.);
#3814 = EDGE_LOOP('',(#3815,#3816,#3824,#3832));
#3815 = ORIENTED_EDGE('',*,*,#3793,.T.);
#3816 = ORIENTED_EDGE('',*,*,#3817,.T.);
#3817 = EDGE_CURVE('',#3785,#3818,#3820,.T.);
#3818 = VERTEX_POINT('',#3819);
#3819 = CARTESIAN_POINT('',(136.9,-97.55,1.635));
#3820 = LINE('',#3821,#3822);
#3821 = CARTESIAN_POINT('',(136.9,-103.25,1.635));
#3822 = VECTOR('',#3823,1.);
#3823 = DIRECTION('',(0.,1.,0.));
#3824 = ORIENTED_EDGE('',*,*,#3825,.F.);
#3825 = EDGE_CURVE('',#3826,#3818,#3828,.T.);
#3826 = VERTEX_POINT('',#3827);
#3827 = CARTESIAN_POINT('',(136.9,-97.55,1.6));
#3828 = LINE('',#3829,#3830);
#3829 = CARTESIAN_POINT('',(136.9,-97.55,1.6));
#3830 = VECTOR('',#3831,1.);
#3831 = DIRECTION('',(0.,0.,1.));
#3832 = ORIENTED_EDGE('',*,*,#3833,.F.);
#3833 = EDGE_CURVE('',#3794,#3826,#3834,.T.);
#3834 = LINE('',#3835,#3836);
#3835 = CARTESIAN_POINT('',(136.9,-103.25,1.6));
#3836 = VECTOR('',#3837,1.);
#3837 = DIRECTION('',(0.,1.,0.));
#3838 = PLANE('',#3839);
#3839 = AXIS2_PLACEMENT_3D('',#3840,#3841,#3842);
#3840 = CARTESIAN_POINT('',(136.9,-103.25,1.6));
#3841 = DIRECTION('',(-1.,0.,0.));
#3842 = DIRECTION('',(0.,1.,0.));
#3843 = ADVANCED_FACE('',(#3844),#3862,.T.);
#3844 = FACE_BOUND('',#3845,.F.);
#3845 = EDGE_LOOP('',(#3846,#3847,#3854,#3855));
#3846 = ORIENTED_EDGE('',*,*,#3825,.T.);
#3847 = ORIENTED_EDGE('',*,*,#3848,.T.);
#3848 = EDGE_CURVE('',#3818,#3746,#3849,.T.);
#3849 = CIRCLE('',#3850,0.15);
#3850 = AXIS2_PLACEMENT_3D('',#3851,#3852,#3853);
#3851 = CARTESIAN_POINT('',(136.75,-97.55,1.635));
#3852 = DIRECTION('',(0.,0.,1.));
#3853 = DIRECTION('',(1.,-9.473903143468E-14,0.));
#3854 = ORIENTED_EDGE('',*,*,#3743,.F.);
#3855 = ORIENTED_EDGE('',*,*,#3856,.F.);
#3856 = EDGE_CURVE('',#3826,#3744,#3857,.T.);
#3857 = CIRCLE('',#3858,0.15);
#3858 = AXIS2_PLACEMENT_3D('',#3859,#3860,#3861);
#3859 = CARTESIAN_POINT('',(136.75,-97.55,1.6));
#3860 = DIRECTION('',(0.,0.,1.));
#3861 = DIRECTION('',(1.,-9.473903143468E-14,0.));
#3862 = CYLINDRICAL_SURFACE('',#3863,0.15);
#3863 = AXIS2_PLACEMENT_3D('',#3864,#3865,#3866);
#3864 = CARTESIAN_POINT('',(136.75,-97.55,1.6));
#3865 = DIRECTION('',(-0.,-0.,-1.));
#3866 = DIRECTION('',(1.,-9.473903143468E-14,0.));
#3867 = ADVANCED_FACE('',(#3868),#3874,.F.);
#3868 = FACE_BOUND('',#3869,.F.);
#3869 = EDGE_LOOP('',(#3870,#3871,#3872,#3873));
#3870 = ORIENTED_EDGE('',*,*,#3769,.T.);
#3871 = ORIENTED_EDGE('',*,*,#3801,.T.);
#3872 = ORIENTED_EDGE('',*,*,#3833,.T.);
#3873 = ORIENTED_EDGE('',*,*,#3856,.T.);
#3874 = PLANE('',#3875);
#3875 = AXIS2_PLACEMENT_3D('',#3876,#3877,#3878);
#3876 = CARTESIAN_POINT('',(136.6,-97.55,1.6));
#3877 = DIRECTION('',(0.,0.,1.));
#3878 = DIRECTION('',(1.,0.,-0.));
#3879 = ADVANCED_FACE('',(#3880),#3886,.T.);
#3880 = FACE_BOUND('',#3881,.T.);
#3881 = EDGE_LOOP('',(#3882,#3883,#3884,#3885));
#3882 = ORIENTED_EDGE('',*,*,#3753,.T.);
#3883 = ORIENTED_EDGE('',*,*,#3784,.T.);
#3884 = ORIENTED_EDGE('',*,*,#3817,.T.);
#3885 = ORIENTED_EDGE('',*,*,#3848,.T.);
#3886 = PLANE('',#3887);
#3887 = AXIS2_PLACEMENT_3D('',#3888,#3889,#3890);
#3888 = CARTESIAN_POINT('',(136.6,-97.55,1.635));
#3889 = DIRECTION('',(0.,0.,1.));
#3890 = DIRECTION('',(1.,0.,-0.));
#3891 = ( GEOMETRIC_REPRESENTATION_CONTEXT(3) 
GLOBAL_UNCERTAINTY_ASSIGNED_CONTEXT((#3895)) 
GLOBAL_UNIT_ASSIGNED_CONTEXT((#3892,#3893,#3894)) REPRESENTATION_CONTEXT
('Context #1','3D Context with UNIT and UNCERTAINTY') );
#3892 = ( LENGTH_UNIT() NAMED_UNIT(*) SI_UNIT(.MILLI.,.METRE.) );
#3893 = ( NAMED_UNIT(*) PLANE_ANGLE_UNIT() SI_UNIT($,.RADIAN.) );
#3894 = ( NAMED_UNIT(*) SI_UNIT($,.STERADIAN.) SOLID_ANGLE_UNIT() );
#3895 = UNCERTAINTY_MEASURE_WITH_UNIT(LENGTH_MEASURE(1.E-07),#3892,
  'distance_accuracy_value','confusion accuracy');
#3896 = CONTEXT_DEPENDENT_SHAPE_REPRESENTATION(#3897,#3899);
#3897 = ( REPRESENTATION_RELATIONSHIP('','',#3736,#10) 
REPRESENTATION_RELATIONSHIP_WITH_TRANSFORMATION(#3898) 
SHAPE_REPRESENTATION_RELATIONSHIP() );
#3898 = ITEM_DEFINED_TRANSFORMATION('','',#11,#95);
#3899 = PRODUCT_DEFINITION_SHAPE('Placement','Placement of an item',
  #3900);
#3900 = NEXT_ASSEMBLY_USAGE_OCCURRENCE('21','=>[0:1:1:22]','',#5,#3731,$
  );
#3901 = PRODUCT_RELATED_PRODUCT_CATEGORY('part',$,(#3733));
#3902 = SHAPE_DEFINITION_REPRESENTATION(#3903,#3909);
#3903 = PRODUCT_DEFINITION_SHAPE('','',#3904);
#3904 = PRODUCT_DEFINITION('design','',#3905,#3908);
#3905 = PRODUCT_DEFINITION_FORMATION('','',#3906);
#3906 = PRODUCT('_autosave-connection pcb_track_22',
  '_autosave-connection pcb_track_22','',(#3907));
#3907 = PRODUCT_CONTEXT('',#2,'mechanical');
#3908 = PRODUCT_DEFINITION_CONTEXT('part definition',#2,'design');
#3909 = ADVANCED_BREP_SHAPE_REPRESENTATION('',(#11,#3910),#4064);
#3910 = MANIFOLD_SOLID_BREP('',#3911);
#3911 = CLOSED_SHELL('',(#3912,#3952,#3985,#4016,#4040,#4052));
#3912 = ADVANCED_FACE('',(#3913),#3947,.F.);
#3913 = FACE_BOUND('',#3914,.F.);
#3914 = EDGE_LOOP('',(#3915,#3925,#3933,#3941));
#3915 = ORIENTED_EDGE('',*,*,#3916,.T.);
#3916 = EDGE_CURVE('',#3917,#3919,#3921,.T.);
#3917 = VERTEX_POINT('',#3918);
#3918 = CARTESIAN_POINT('',(138.8,-95.65,1.6));
#3919 = VERTEX_POINT('',#3920);
#3920 = CARTESIAN_POINT('',(138.8,-95.65,1.635));
#3921 = LINE('',#3922,#3923);
#3922 = CARTESIAN_POINT('',(138.8,-95.65,1.6));
#3923 = VECTOR('',#3924,1.);
#3924 = DIRECTION('',(0.,0.,1.));
#3925 = ORIENTED_EDGE('',*,*,#3926,.T.);
#3926 = EDGE_CURVE('',#3919,#3927,#3929,.T.);
#3927 = VERTEX_POINT('',#3928);
#3928 = CARTESIAN_POINT('',(144.8,-95.65,1.635));
#3929 = LINE('',#3930,#3931);
#3930 = CARTESIAN_POINT('',(138.8,-95.65,1.635));
#3931 = VECTOR('',#3932,1.);
#3932 = DIRECTION('',(1.,0.,0.));
#3933 = ORIENTED_EDGE('',*,*,#3934,.F.);
#3934 = EDGE_CURVE('',#3935,#3927,#3937,.T.);
#3935 = VERTEX_POINT('',#3936);
#3936 = CARTESIAN_POINT('',(144.8,-95.65,1.6));
#3937 = LINE('',#3938,#3939);
#3938 = CARTESIAN_POINT('',(144.8,-95.65,1.6));
#3939 = VECTOR('',#3940,1.);
#3940 = DIRECTION('',(0.,0.,1.));
#3941 = ORIENTED_EDGE('',*,*,#3942,.F.);
#3942 = EDGE_CURVE('',#3917,#3935,#3943,.T.);
#3943 = LINE('',#3944,#3945);
#3944 = CARTESIAN_POINT('',(138.8,-95.65,1.6));
#3945 = VECTOR('',#3946,1.);
#3946 = DIRECTION('',(1.,0.,0.));
#3947 = PLANE('',#3948);
#3948 = AXIS2_PLACEMENT_3D('',#3949,#3950,#3951);
#3949 = CARTESIAN_POINT('',(138.8,-95.65,1.6));
#3950 = DIRECTION('',(0.,1.,0.));
#3951 = DIRECTION('',(1.,0.,0.));
#3952 = ADVANCED_FACE('',(#3953),#3980,.T.);
#3953 = FACE_BOUND('',#3954,.F.);
#3954 = EDGE_LOOP('',(#3955,#3956,#3965,#3973));
#3955 = ORIENTED_EDGE('',*,*,#3934,.T.);
#3956 = ORIENTED_EDGE('',*,*,#3957,.T.);
#3957 = EDGE_CURVE('',#3927,#3958,#3960,.T.);
#3958 = VERTEX_POINT('',#3959);
#3959 = CARTESIAN_POINT('',(144.8,-95.35,1.635));
#3960 = CIRCLE('',#3961,0.15);
#3961 = AXIS2_PLACEMENT_3D('',#3962,#3963,#3964);
#3962 = CARTESIAN_POINT('',(144.8,-95.5,1.635));
#3963 = DIRECTION('',(0.,-0.,1.));
#3964 = DIRECTION('',(1.894780628694E-13,-1.,-0.));
#3965 = ORIENTED_EDGE('',*,*,#3966,.F.);
#3966 = EDGE_CURVE('',#3967,#3958,#3969,.T.);
#3967 = VERTEX_POINT('',#3968);
#3968 = CARTESIAN_POINT('',(144.8,-95.35,1.6));
#3969 = LINE('',#3970,#3971);
#3970 = CARTESIAN_POINT('',(144.8,-95.35,1.6));
#3971 = VECTOR('',#3972,1.);
#3972 = DIRECTION('',(0.,0.,1.));
#3973 = ORIENTED_EDGE('',*,*,#3974,.F.);
#3974 = EDGE_CURVE('',#3935,#3967,#3975,.T.);
#3975 = CIRCLE('',#3976,0.15);
#3976 = AXIS2_PLACEMENT_3D('',#3977,#3978,#3979);
#3977 = CARTESIAN_POINT('',(144.8,-95.5,1.6));
#3978 = DIRECTION('',(0.,-0.,1.));
#3979 = DIRECTION('',(1.894780628694E-13,-1.,-0.));
#3980 = CYLINDRICAL_SURFACE('',#3981,0.15);
#3981 = AXIS2_PLACEMENT_3D('',#3982,#3983,#3984);
#3982 = CARTESIAN_POINT('',(144.8,-95.5,1.6));
#3983 = DIRECTION('',(-0.,0.,-1.));
#3984 = DIRECTION('',(1.894780628694E-13,-1.,-0.));
#3985 = ADVANCED_FACE('',(#3986),#4011,.F.);
#3986 = FACE_BOUND('',#3987,.F.);
#3987 = EDGE_LOOP('',(#3988,#3989,#3997,#4005));
#3988 = ORIENTED_EDGE('',*,*,#3966,.T.);
#3989 = ORIENTED_EDGE('',*,*,#3990,.T.);
#3990 = EDGE_CURVE('',#3958,#3991,#3993,.T.);
#3991 = VERTEX_POINT('',#3992);
#3992 = CARTESIAN_POINT('',(138.8,-95.35,1.635));
#3993 = LINE('',#3994,#3995);
#3994 = CARTESIAN_POINT('',(144.8,-95.35,1.635));
#3995 = VECTOR('',#3996,1.);
#3996 = DIRECTION('',(-1.,0.,0.));
#3997 = ORIENTED_EDGE('',*,*,#3998,.F.);
#3998 = EDGE_CURVE('',#3999,#3991,#4001,.T.);
#3999 = VERTEX_POINT('',#4000);
#4000 = CARTESIAN_POINT('',(138.8,-95.35,1.6));
#4001 = LINE('',#4002,#4003);
#4002 = CARTESIAN_POINT('',(138.8,-95.35,1.6));
#4003 = VECTOR('',#4004,1.);
#4004 = DIRECTION('',(0.,0.,1.));
#4005 = ORIENTED_EDGE('',*,*,#4006,.F.);
#4006 = EDGE_CURVE('',#3967,#3999,#4007,.T.);
#4007 = LINE('',#4008,#4009);
#4008 = CARTESIAN_POINT('',(144.8,-95.35,1.6));
#4009 = VECTOR('',#4010,1.);
#4010 = DIRECTION('',(-1.,0.,0.));
#4011 = PLANE('',#4012);
#4012 = AXIS2_PLACEMENT_3D('',#4013,#4014,#4015);
#4013 = CARTESIAN_POINT('',(144.8,-95.35,1.6));
#4014 = DIRECTION('',(0.,-1.,0.));
#4015 = DIRECTION('',(-1.,0.,0.));
#4016 = ADVANCED_FACE('',(#4017),#4035,.T.);
#4017 = FACE_BOUND('',#4018,.F.);
#4018 = EDGE_LOOP('',(#4019,#4020,#4027,#4028));
#4019 = ORIENTED_EDGE('',*,*,#3998,.T.);
#4020 = ORIENTED_EDGE('',*,*,#4021,.T.);
#4021 = EDGE_CURVE('',#3991,#3919,#4022,.T.);
#4022 = CIRCLE('',#4023,0.15);
#4023 = AXIS2_PLACEMENT_3D('',#4024,#4025,#4026);
#4024 = CARTESIAN_POINT('',(138.8,-95.5,1.635));
#4025 = DIRECTION('',(0.,-0.,1.));
#4026 = DIRECTION('',(0.,1.,0.));
#4027 = ORIENTED_EDGE('',*,*,#3916,.F.);
#4028 = ORIENTED_EDGE('',*,*,#4029,.F.);
#4029 = EDGE_CURVE('',#3999,#3917,#4030,.T.);
#4030 = CIRCLE('',#4031,0.15);
#4031 = AXIS2_PLACEMENT_3D('',#4032,#4033,#4034);
#4032 = CARTESIAN_POINT('',(138.8,-95.5,1.6));
#4033 = DIRECTION('',(0.,-0.,1.));
#4034 = DIRECTION('',(0.,1.,0.));
#4035 = CYLINDRICAL_SURFACE('',#4036,0.15);
#4036 = AXIS2_PLACEMENT_3D('',#4037,#4038,#4039);
#4037 = CARTESIAN_POINT('',(138.8,-95.5,1.6));
#4038 = DIRECTION('',(-0.,0.,-1.));
#4039 = DIRECTION('',(0.,1.,0.));
#4040 = ADVANCED_FACE('',(#4041),#4047,.F.);
#4041 = FACE_BOUND('',#4042,.F.);
#4042 = EDGE_LOOP('',(#4043,#4044,#4045,#4046));
#4043 = ORIENTED_EDGE('',*,*,#3942,.T.);
#4044 = ORIENTED_EDGE('',*,*,#3974,.T.);
#4045 = ORIENTED_EDGE('',*,*,#4006,.T.);
#4046 = ORIENTED_EDGE('',*,*,#4029,.T.);
#4047 = PLANE('',#4048);
#4048 = AXIS2_PLACEMENT_3D('',#4049,#4050,#4051);
#4049 = CARTESIAN_POINT('',(138.8,-95.65,1.6));
#4050 = DIRECTION('',(0.,0.,1.));
#4051 = DIRECTION('',(1.,0.,-0.));
#4052 = ADVANCED_FACE('',(#4053),#4059,.T.);
#4053 = FACE_BOUND('',#4054,.T.);
#4054 = EDGE_LOOP('',(#4055,#4056,#4057,#4058));
#4055 = ORIENTED_EDGE('',*,*,#3926,.T.);
#4056 = ORIENTED_EDGE('',*,*,#3957,.T.);
#4057 = ORIENTED_EDGE('',*,*,#3990,.T.);
#4058 = ORIENTED_EDGE('',*,*,#4021,.T.);
#4059 = PLANE('',#4060);
#4060 = AXIS2_PLACEMENT_3D('',#4061,#4062,#4063);
#4061 = CARTESIAN_POINT('',(138.8,-95.65,1.635));
#4062 = DIRECTION('',(0.,0.,1.));
#4063 = DIRECTION('',(1.,0.,-0.));
#4064 = ( GEOMETRIC_REPRESENTATION_CONTEXT(3) 
GLOBAL_UNCERTAINTY_ASSIGNED_CONTEXT((#4068)) 
GLOBAL_UNIT_ASSIGNED_CONTEXT((#4065,#4066,#4067)) REPRESENTATION_CONTEXT
('Context #1','3D Context with UNIT and UNCERTAINTY') );
#4065 = ( LENGTH_UNIT() NAMED_UNIT(*) SI_UNIT(.MILLI.,.METRE.) );
#4066 = ( NAMED_UNIT(*) PLANE_ANGLE_UNIT() SI_UNIT($,.RADIAN.) );
#4067 = ( NAMED_UNIT(*) SI_UNIT($,.STERADIAN.) SOLID_ANGLE_UNIT() );
#4068 = UNCERTAINTY_MEASURE_WITH_UNIT(LENGTH_MEASURE(1.E-07),#4065,
  'distance_accuracy_value','confusion accuracy');
#4069 = CONTEXT_DEPENDENT_SHAPE_REPRESENTATION(#4070,#4072);
#4070 = ( REPRESENTATION_RELATIONSHIP('','',#3909,#10) 
REPRESENTATION_RELATIONSHIP_WITH_TRANSFORMATION(#4071) 
SHAPE_REPRESENTATION_RELATIONSHIP() );
#4071 = ITEM_DEFINED_TRANSFORMATION('','',#11,#99);
#4072 = PRODUCT_DEFINITION_SHAPE('Placement','Placement of an item',
  #4073);
#4073 = NEXT_ASSEMBLY_USAGE_OCCURRENCE('22','=>[0:1:1:23]','',#5,#3904,$
  );
#4074 = PRODUCT_RELATED_PRODUCT_CATEGORY('part',$,(#3906));
#4075 = SHAPE_DEFINITION_REPRESENTATION(#4076,#4082);
#4076 = PRODUCT_DEFINITION_SHAPE('','',#4077);
#4077 = PRODUCT_DEFINITION('design','',#4078,#4081);
#4078 = PRODUCT_DEFINITION_FORMATION('','',#4079);
#4079 = PRODUCT('_autosave-connection pcb_track_23',
  '_autosave-connection pcb_track_23','',(#4080));
#4080 = PRODUCT_CONTEXT('',#2,'mechanical');
#4081 = PRODUCT_DEFINITION_CONTEXT('part definition',#2,'design');
#4082 = ADVANCED_BREP_SHAPE_REPRESENTATION('',(#11,#4083),#4237);
#4083 = MANIFOLD_SOLID_BREP('',#4084);
#4084 = CLOSED_SHELL('',(#4085,#4125,#4158,#4189,#4213,#4225));
#4085 = ADVANCED_FACE('',(#4086),#4120,.F.);
#4086 = FACE_BOUND('',#4087,.F.);
#4087 = EDGE_LOOP('',(#4088,#4098,#4106,#4114));
#4088 = ORIENTED_EDGE('',*,*,#4089,.T.);
#4089 = EDGE_CURVE('',#4090,#4092,#4094,.T.);
#4090 = VERTEX_POINT('',#4091);
#4091 = CARTESIAN_POINT('',(137.806066,-96.706066,1.6));
#4092 = VERTEX_POINT('',#4093);
#4093 = CARTESIAN_POINT('',(137.806066,-96.706066,1.635));
#4094 = LINE('',#4095,#4096);
#4095 = CARTESIAN_POINT('',(137.806066,-96.706066,1.6));
#4096 = VECTOR('',#4097,1.);
#4097 = DIRECTION('',(0.,0.,1.));
#4098 = ORIENTED_EDGE('',*,*,#4099,.T.);
#4099 = EDGE_CURVE('',#4092,#4100,#4102,.T.);
#4100 = VERTEX_POINT('',#4101);
#4101 = CARTESIAN_POINT('',(138.906066,-95.606066,1.635));
#4102 = LINE('',#4103,#4104);
#4103 = CARTESIAN_POINT('',(137.806066,-96.706066,1.635));
#4104 = VECTOR('',#4105,1.);
#4105 = DIRECTION('',(0.707106781187,0.707106781187,0.));
#4106 = ORIENTED_EDGE('',*,*,#4107,.F.);
#4107 = EDGE_CURVE('',#4108,#4100,#4110,.T.);
#4108 = VERTEX_POINT('',#4109);
#4109 = CARTESIAN_POINT('',(138.906066,-95.606066,1.6));
#4110 = LINE('',#4111,#4112);
#4111 = CARTESIAN_POINT('',(138.906066,-95.606066,1.6));
#4112 = VECTOR('',#4113,1.);
#4113 = DIRECTION('',(0.,0.,1.));
#4114 = ORIENTED_EDGE('',*,*,#4115,.F.);
#4115 = EDGE_CURVE('',#4090,#4108,#4116,.T.);
#4116 = LINE('',#4117,#4118);
#4117 = CARTESIAN_POINT('',(137.806066,-96.706066,1.6));
#4118 = VECTOR('',#4119,1.);
#4119 = DIRECTION('',(0.707106781187,0.707106781187,0.));
#4120 = PLANE('',#4121);
#4121 = AXIS2_PLACEMENT_3D('',#4122,#4123,#4124);
#4122 = CARTESIAN_POINT('',(137.806066,-96.706066,1.6));
#4123 = DIRECTION('',(-0.707106781187,0.707106781187,0.));
#4124 = DIRECTION('',(0.707106781187,0.707106781187,0.));
#4125 = ADVANCED_FACE('',(#4126),#4153,.T.);
#4126 = FACE_BOUND('',#4127,.F.);
#4127 = EDGE_LOOP('',(#4128,#4129,#4138,#4146));
#4128 = ORIENTED_EDGE('',*,*,#4107,.T.);
#4129 = ORIENTED_EDGE('',*,*,#4130,.T.);
#4130 = EDGE_CURVE('',#4100,#4131,#4133,.T.);
#4131 = VERTEX_POINT('',#4132);
#4132 = CARTESIAN_POINT('',(138.693933,-95.393933,1.635));
#4133 = CIRCLE('',#4134,0.150000682813);
#4134 = AXIS2_PLACEMENT_3D('',#4135,#4136,#4137);
#4135 = CARTESIAN_POINT('',(138.7999995,-95.4999995,1.635));
#4136 = DIRECTION('',(0.,-0.,1.));
#4137 = DIRECTION('',(0.707106781187,-0.707106781187,-0.));
#4138 = ORIENTED_EDGE('',*,*,#4139,.F.);
#4139 = EDGE_CURVE('',#4140,#4131,#4142,.T.);
#4140 = VERTEX_POINT('',#4141);
#4141 = CARTESIAN_POINT('',(138.693933,-95.393933,1.6));
#4142 = LINE('',#4143,#4144);
#4143 = CARTESIAN_POINT('',(138.693933,-95.393933,1.6));
#4144 = VECTOR('',#4145,1.);
#4145 = DIRECTION('',(0.,0.,1.));
#4146 = ORIENTED_EDGE('',*,*,#4147,.F.);
#4147 = EDGE_CURVE('',#4108,#4140,#4148,.T.);
#4148 = CIRCLE('',#4149,0.150000682813);
#4149 = AXIS2_PLACEMENT_3D('',#4150,#4151,#4152);
#4150 = CARTESIAN_POINT('',(138.7999995,-95.4999995,1.6));
#4151 = DIRECTION('',(0.,-0.,1.));
#4152 = DIRECTION('',(0.707106781187,-0.707106781187,-0.));
#4153 = CYLINDRICAL_SURFACE('',#4154,0.150000682813);
#4154 = AXIS2_PLACEMENT_3D('',#4155,#4156,#4157);
#4155 = CARTESIAN_POINT('',(138.7999995,-95.4999995,1.6));
#4156 = DIRECTION('',(-0.,0.,-1.));
#4157 = DIRECTION('',(0.707106781187,-0.707106781187,-0.));
#4158 = ADVANCED_FACE('',(#4159),#4184,.F.);
#4159 = FACE_BOUND('',#4160,.F.);
#4160 = EDGE_LOOP('',(#4161,#4162,#4170,#4178));
#4161 = ORIENTED_EDGE('',*,*,#4139,.T.);
#4162 = ORIENTED_EDGE('',*,*,#4163,.T.);
#4163 = EDGE_CURVE('',#4131,#4164,#4166,.T.);
#4164 = VERTEX_POINT('',#4165);
#4165 = CARTESIAN_POINT('',(137.593933,-96.493933,1.635));
#4166 = LINE('',#4167,#4168);
#4167 = CARTESIAN_POINT('',(138.693933,-95.393933,1.635));
#4168 = VECTOR('',#4169,1.);
#4169 = DIRECTION('',(-0.707106781187,-0.707106781187,0.));
#4170 = ORIENTED_EDGE('',*,*,#4171,.F.);
#4171 = EDGE_CURVE('',#4172,#4164,#4174,.T.);
#4172 = VERTEX_POINT('',#4173);
#4173 = CARTESIAN_POINT('',(137.593933,-96.493933,1.6));
#4174 = LINE('',#4175,#4176);
#4175 = CARTESIAN_POINT('',(137.593933,-96.493933,1.6));
#4176 = VECTOR('',#4177,1.);
#4177 = DIRECTION('',(0.,0.,1.));
#4178 = ORIENTED_EDGE('',*,*,#4179,.F.);
#4179 = EDGE_CURVE('',#4140,#4172,#4180,.T.);
#4180 = LINE('',#4181,#4182);
#4181 = CARTESIAN_POINT('',(138.693933,-95.393933,1.6));
#4182 = VECTOR('',#4183,1.);
#4183 = DIRECTION('',(-0.707106781187,-0.707106781187,0.));
#4184 = PLANE('',#4185);
#4185 = AXIS2_PLACEMENT_3D('',#4186,#4187,#4188);
#4186 = CARTESIAN_POINT('',(138.693933,-95.393933,1.6));
#4187 = DIRECTION('',(0.707106781187,-0.707106781187,0.));
#4188 = DIRECTION('',(-0.707106781187,-0.707106781187,0.));
#4189 = ADVANCED_FACE('',(#4190),#4208,.T.);
#4190 = FACE_BOUND('',#4191,.F.);
#4191 = EDGE_LOOP('',(#4192,#4193,#4200,#4201));
#4192 = ORIENTED_EDGE('',*,*,#4171,.T.);
#4193 = ORIENTED_EDGE('',*,*,#4194,.T.);
#4194 = EDGE_CURVE('',#4164,#4092,#4195,.T.);
#4195 = CIRCLE('',#4196,0.150000682813);
#4196 = AXIS2_PLACEMENT_3D('',#4197,#4198,#4199);
#4197 = CARTESIAN_POINT('',(137.6999995,-96.5999995,1.635));
#4198 = DIRECTION('',(0.,0.,1.));
#4199 = DIRECTION('',(-0.707106781187,0.707106781187,-0.));
#4200 = ORIENTED_EDGE('',*,*,#4089,.F.);
#4201 = ORIENTED_EDGE('',*,*,#4202,.F.);
#4202 = EDGE_CURVE('',#4172,#4090,#4203,.T.);
#4203 = CIRCLE('',#4204,0.150000682813);
#4204 = AXIS2_PLACEMENT_3D('',#4205,#4206,#4207);
#4205 = CARTESIAN_POINT('',(137.6999995,-96.5999995,1.6));
#4206 = DIRECTION('',(0.,0.,1.));
#4207 = DIRECTION('',(-0.707106781187,0.707106781187,-0.));
#4208 = CYLINDRICAL_SURFACE('',#4209,0.150000682813);
#4209 = AXIS2_PLACEMENT_3D('',#4210,#4211,#4212);
#4210 = CARTESIAN_POINT('',(137.6999995,-96.5999995,1.6));
#4211 = DIRECTION('',(-0.,-0.,-1.));
#4212 = DIRECTION('',(-0.707106781187,0.707106781187,-0.));
#4213 = ADVANCED_FACE('',(#4214),#4220,.F.);
#4214 = FACE_BOUND('',#4215,.F.);
#4215 = EDGE_LOOP('',(#4216,#4217,#4218,#4219));
#4216 = ORIENTED_EDGE('',*,*,#4115,.T.);
#4217 = ORIENTED_EDGE('',*,*,#4147,.T.);
#4218 = ORIENTED_EDGE('',*,*,#4179,.T.);
#4219 = ORIENTED_EDGE('',*,*,#4202,.T.);
#4220 = PLANE('',#4221);
#4221 = AXIS2_PLACEMENT_3D('',#4222,#4223,#4224);
#4222 = CARTESIAN_POINT('',(137.806066,-96.706066,1.6));
#4223 = DIRECTION('',(0.,0.,1.));
#4224 = DIRECTION('',(1.,0.,-0.));
#4225 = ADVANCED_FACE('',(#4226),#4232,.T.);
#4226 = FACE_BOUND('',#4227,.T.);
#4227 = EDGE_LOOP('',(#4228,#4229,#4230,#4231));
#4228 = ORIENTED_EDGE('',*,*,#4099,.T.);
#4229 = ORIENTED_EDGE('',*,*,#4130,.T.);
#4230 = ORIENTED_EDGE('',*,*,#4163,.T.);
#4231 = ORIENTED_EDGE('',*,*,#4194,.T.);
#4232 = PLANE('',#4233);
#4233 = AXIS2_PLACEMENT_3D('',#4234,#4235,#4236);
#4234 = CARTESIAN_POINT('',(137.806066,-96.706066,1.635));
#4235 = DIRECTION('',(0.,0.,1.));
#4236 = DIRECTION('',(1.,0.,-0.));
#4237 = ( GEOMETRIC_REPRESENTATION_CONTEXT(3) 
GLOBAL_UNCERTAINTY_ASSIGNED_CONTEXT((#4241)) 
GLOBAL_UNIT_ASSIGNED_CONTEXT((#4238,#4239,#4240)) REPRESENTATION_CONTEXT
('Context #1','3D Context with UNIT and UNCERTAINTY') );
#4238 = ( LENGTH_UNIT() NAMED_UNIT(*) SI_UNIT(.MILLI.,.METRE.) );
#4239 = ( NAMED_UNIT(*) PLANE_ANGLE_UNIT() SI_UNIT($,.RADIAN.) );
#4240 = ( NAMED_UNIT(*) SI_UNIT($,.STERADIAN.) SOLID_ANGLE_UNIT() );
#4241 = UNCERTAINTY_MEASURE_WITH_UNIT(LENGTH_MEASURE(1.E-07),#4238,
  'distance_accuracy_value','confusion accuracy');
#4242 = CONTEXT_DEPENDENT_SHAPE_REPRESENTATION(#4243,#4245);
#4243 = ( REPRESENTATION_RELATIONSHIP('','',#4082,#10) 
REPRESENTATION_RELATIONSHIP_WITH_TRANSFORMATION(#4244) 
SHAPE_REPRESENTATION_RELATIONSHIP() );
#4244 = ITEM_DEFINED_TRANSFORMATION('','',#11,#103);
#4245 = PRODUCT_DEFINITION_SHAPE('Placement','Placement of an item',
  #4246);
#4246 = NEXT_ASSEMBLY_USAGE_OCCURRENCE('23','=>[0:1:1:24]','',#5,#4077,$
  );
#4247 = PRODUCT_RELATED_PRODUCT_CATEGORY('part',$,(#4079));
#4248 = SHAPE_DEFINITION_REPRESENTATION(#4249,#4255);
#4249 = PRODUCT_DEFINITION_SHAPE('','',#4250);
#4250 = PRODUCT_DEFINITION('design','',#4251,#4254);
#4251 = PRODUCT_DEFINITION_FORMATION('','',#4252);
#4252 = PRODUCT('_autosave-connection pcb_track_24',
  '_autosave-connection pcb_track_24','',(#4253));
#4253 = PRODUCT_CONTEXT('',#2,'mechanical');
#4254 = PRODUCT_DEFINITION_CONTEXT('part definition',#2,'design');
#4255 = ADVANCED_BREP_SHAPE_REPRESENTATION('',(#11,#4256),#4410);
#4256 = MANIFOLD_SOLID_BREP('',#4257);
#4257 = CLOSED_SHELL('',(#4258,#4298,#4331,#4362,#4386,#4398));
#4258 = ADVANCED_FACE('',(#4259),#4293,.F.);
#4259 = FACE_BOUND('',#4260,.F.);
#4260 = EDGE_LOOP('',(#4261,#4271,#4279,#4287));
#4261 = ORIENTED_EDGE('',*,*,#4262,.T.);
#4262 = EDGE_CURVE('',#4263,#4265,#4267,.T.);
#4263 = VERTEX_POINT('',#4264);
#4264 = CARTESIAN_POINT('',(137.593933,-96.493933,1.6));
#4265 = VERTEX_POINT('',#4266);
#4266 = CARTESIAN_POINT('',(137.593933,-96.493933,1.635));
#4267 = LINE('',#4268,#4269);
#4268 = CARTESIAN_POINT('',(137.593933,-96.493933,1.6));
#4269 = VECTOR('',#4270,1.);
#4270 = DIRECTION('',(0.,0.,1.));
#4271 = ORIENTED_EDGE('',*,*,#4272,.T.);
#4272 = EDGE_CURVE('',#4265,#4273,#4275,.T.);
#4273 = VERTEX_POINT('',#4274);
#4274 = CARTESIAN_POINT('',(136.643933,-97.443933,1.635));
#4275 = LINE('',#4276,#4277);
#4276 = CARTESIAN_POINT('',(137.593933,-96.493933,1.635));
#4277 = VECTOR('',#4278,1.);
#4278 = DIRECTION('',(-0.707106781187,-0.707106781187,0.));
#4279 = ORIENTED_EDGE('',*,*,#4280,.F.);
#4280 = EDGE_CURVE('',#4281,#4273,#4283,.T.);
#4281 = VERTEX_POINT('',#4282);
#4282 = CARTESIAN_POINT('',(136.643933,-97.443933,1.6));
#4283 = LINE('',#4284,#4285);
#4284 = CARTESIAN_POINT('',(136.643933,-97.443933,1.6));
#4285 = VECTOR('',#4286,1.);
#4286 = DIRECTION('',(0.,0.,1.));
#4287 = ORIENTED_EDGE('',*,*,#4288,.F.);
#4288 = EDGE_CURVE('',#4263,#4281,#4289,.T.);
#4289 = LINE('',#4290,#4291);
#4290 = CARTESIAN_POINT('',(137.593933,-96.493933,1.6));
#4291 = VECTOR('',#4292,1.);
#4292 = DIRECTION('',(-0.707106781187,-0.707106781187,0.));
#4293 = PLANE('',#4294);
#4294 = AXIS2_PLACEMENT_3D('',#4295,#4296,#4297);
#4295 = CARTESIAN_POINT('',(137.593933,-96.493933,1.6));
#4296 = DIRECTION('',(0.707106781187,-0.707106781187,0.));
#4297 = DIRECTION('',(-0.707106781187,-0.707106781187,0.));
#4298 = ADVANCED_FACE('',(#4299),#4326,.T.);
#4299 = FACE_BOUND('',#4300,.F.);
#4300 = EDGE_LOOP('',(#4301,#4302,#4311,#4319));
#4301 = ORIENTED_EDGE('',*,*,#4280,.T.);
#4302 = ORIENTED_EDGE('',*,*,#4303,.T.);
#4303 = EDGE_CURVE('',#4273,#4304,#4306,.T.);
#4304 = VERTEX_POINT('',#4305);
#4305 = CARTESIAN_POINT('',(136.856066,-97.656066,1.635));
#4306 = CIRCLE('',#4307,0.150000682813);
#4307 = AXIS2_PLACEMENT_3D('',#4308,#4309,#4310);
#4308 = CARTESIAN_POINT('',(136.7499995,-97.5499995,1.635));
#4309 = DIRECTION('',(0.,0.,1.));
#4310 = DIRECTION('',(-0.707106781187,0.707106781187,-0.));
#4311 = ORIENTED_EDGE('',*,*,#4312,.F.);
#4312 = EDGE_CURVE('',#4313,#4304,#4315,.T.);
#4313 = VERTEX_POINT('',#4314);
#4314 = CARTESIAN_POINT('',(136.856066,-97.656066,1.6));
#4315 = LINE('',#4316,#4317);
#4316 = CARTESIAN_POINT('',(136.856066,-97.656066,1.6));
#4317 = VECTOR('',#4318,1.);
#4318 = DIRECTION('',(0.,0.,1.));
#4319 = ORIENTED_EDGE('',*,*,#4320,.F.);
#4320 = EDGE_CURVE('',#4281,#4313,#4321,.T.);
#4321 = CIRCLE('',#4322,0.150000682813);
#4322 = AXIS2_PLACEMENT_3D('',#4323,#4324,#4325);
#4323 = CARTESIAN_POINT('',(136.7499995,-97.5499995,1.6));
#4324 = DIRECTION('',(0.,0.,1.));
#4325 = DIRECTION('',(-0.707106781187,0.707106781187,-0.));
#4326 = CYLINDRICAL_SURFACE('',#4327,0.150000682813);
#4327 = AXIS2_PLACEMENT_3D('',#4328,#4329,#4330);
#4328 = CARTESIAN_POINT('',(136.7499995,-97.5499995,1.6));
#4329 = DIRECTION('',(-0.,-0.,-1.));
#4330 = DIRECTION('',(-0.707106781187,0.707106781187,-0.));
#4331 = ADVANCED_FACE('',(#4332),#4357,.F.);
#4332 = FACE_BOUND('',#4333,.F.);
#4333 = EDGE_LOOP('',(#4334,#4335,#4343,#4351));
#4334 = ORIENTED_EDGE('',*,*,#4312,.T.);
#4335 = ORIENTED_EDGE('',*,*,#4336,.T.);
#4336 = EDGE_CURVE('',#4304,#4337,#4339,.T.);
#4337 = VERTEX_POINT('',#4338);
#4338 = CARTESIAN_POINT('',(137.806066,-96.706066,1.635));
#4339 = LINE('',#4340,#4341);
#4340 = CARTESIAN_POINT('',(136.856066,-97.656066,1.635));
#4341 = VECTOR('',#4342,1.);
#4342 = DIRECTION('',(0.707106781187,0.707106781187,0.));
#4343 = ORIENTED_EDGE('',*,*,#4344,.F.);
#4344 = EDGE_CURVE('',#4345,#4337,#4347,.T.);
#4345 = VERTEX_POINT('',#4346);
#4346 = CARTESIAN_POINT('',(137.806066,-96.706066,1.6));
#4347 = LINE('',#4348,#4349);
#4348 = CARTESIAN_POINT('',(137.806066,-96.706066,1.6));
#4349 = VECTOR('',#4350,1.);
#4350 = DIRECTION('',(0.,0.,1.));
#4351 = ORIENTED_EDGE('',*,*,#4352,.F.);
#4352 = EDGE_CURVE('',#4313,#4345,#4353,.T.);
#4353 = LINE('',#4354,#4355);
#4354 = CARTESIAN_POINT('',(136.856066,-97.656066,1.6));
#4355 = VECTOR('',#4356,1.);
#4356 = DIRECTION('',(0.707106781187,0.707106781187,0.));
#4357 = PLANE('',#4358);
#4358 = AXIS2_PLACEMENT_3D('',#4359,#4360,#4361);
#4359 = CARTESIAN_POINT('',(136.856066,-97.656066,1.6));
#4360 = DIRECTION('',(-0.707106781187,0.707106781187,0.));
#4361 = DIRECTION('',(0.707106781187,0.707106781187,0.));
#4362 = ADVANCED_FACE('',(#4363),#4381,.T.);
#4363 = FACE_BOUND('',#4364,.F.);
#4364 = EDGE_LOOP('',(#4365,#4366,#4373,#4374));
#4365 = ORIENTED_EDGE('',*,*,#4344,.T.);
#4366 = ORIENTED_EDGE('',*,*,#4367,.T.);
#4367 = EDGE_CURVE('',#4337,#4265,#4368,.T.);
#4368 = CIRCLE('',#4369,0.150000682813);
#4369 = AXIS2_PLACEMENT_3D('',#4370,#4371,#4372);
#4370 = CARTESIAN_POINT('',(137.6999995,-96.5999995,1.635));
#4371 = DIRECTION('',(0.,-0.,1.));
#4372 = DIRECTION('',(0.707106781187,-0.707106781187,-0.));
#4373 = ORIENTED_EDGE('',*,*,#4262,.F.);
#4374 = ORIENTED_EDGE('',*,*,#4375,.F.);
#4375 = EDGE_CURVE('',#4345,#4263,#4376,.T.);
#4376 = CIRCLE('',#4377,0.150000682813);
#4377 = AXIS2_PLACEMENT_3D('',#4378,#4379,#4380);
#4378 = CARTESIAN_POINT('',(137.6999995,-96.5999995,1.6));
#4379 = DIRECTION('',(0.,-0.,1.));
#4380 = DIRECTION('',(0.707106781187,-0.707106781187,-0.));
#4381 = CYLINDRICAL_SURFACE('',#4382,0.150000682813);
#4382 = AXIS2_PLACEMENT_3D('',#4383,#4384,#4385);
#4383 = CARTESIAN_POINT('',(137.6999995,-96.5999995,1.6));
#4384 = DIRECTION('',(-0.,0.,-1.));
#4385 = DIRECTION('',(0.707106781187,-0.707106781187,-0.));
#4386 = ADVANCED_FACE('',(#4387),#4393,.F.);
#4387 = FACE_BOUND('',#4388,.F.);
#4388 = EDGE_LOOP('',(#4389,#4390,#4391,#4392));
#4389 = ORIENTED_EDGE('',*,*,#4288,.T.);
#4390 = ORIENTED_EDGE('',*,*,#4320,.T.);
#4391 = ORIENTED_EDGE('',*,*,#4352,.T.);
#4392 = ORIENTED_EDGE('',*,*,#4375,.T.);
#4393 = PLANE('',#4394);
#4394 = AXIS2_PLACEMENT_3D('',#4395,#4396,#4397);
#4395 = CARTESIAN_POINT('',(137.593933,-96.493933,1.6));
#4396 = DIRECTION('',(0.,0.,1.));
#4397 = DIRECTION('',(1.,0.,-0.));
#4398 = ADVANCED_FACE('',(#4399),#4405,.T.);
#4399 = FACE_BOUND('',#4400,.T.);
#4400 = EDGE_LOOP('',(#4401,#4402,#4403,#4404));
#4401 = ORIENTED_EDGE('',*,*,#4272,.T.);
#4402 = ORIENTED_EDGE('',*,*,#4303,.T.);
#4403 = ORIENTED_EDGE('',*,*,#4336,.T.);
#4404 = ORIENTED_EDGE('',*,*,#4367,.T.);
#4405 = PLANE('',#4406);
#4406 = AXIS2_PLACEMENT_3D('',#4407,#4408,#4409);
#4407 = CARTESIAN_POINT('',(137.593933,-96.493933,1.635));
#4408 = DIRECTION('',(0.,0.,1.));
#4409 = DIRECTION('',(1.,0.,-0.));
#4410 = ( GEOMETRIC_REPRESENTATION_CONTEXT(3) 
GLOBAL_UNCERTAINTY_ASSIGNED_CONTEXT((#4414)) 
GLOBAL_UNIT_ASSIGNED_CONTEXT((#4411,#4412,#4413)) REPRESENTATION_CONTEXT
('Context #1','3D Context with UNIT and UNCERTAINTY') );
#4411 = ( LENGTH_UNIT() NAMED_UNIT(*) SI_UNIT(.MILLI.,.METRE.) );
#4412 = ( NAMED_UNIT(*) PLANE_ANGLE_UNIT() SI_UNIT($,.RADIAN.) );
#4413 = ( NAMED_UNIT(*) SI_UNIT($,.STERADIAN.) SOLID_ANGLE_UNIT() );
#4414 = UNCERTAINTY_MEASURE_WITH_UNIT(LENGTH_MEASURE(1.E-07),#4411,
  'distance_accuracy_value','confusion accuracy');
#4415 = CONTEXT_DEPENDENT_SHAPE_REPRESENTATION(#4416,#4418);
#4416 = ( REPRESENTATION_RELATIONSHIP('','',#4255,#10) 
REPRESENTATION_RELATIONSHIP_WITH_TRANSFORMATION(#4417) 
SHAPE_REPRESENTATION_RELATIONSHIP() );
#4417 = ITEM_DEFINED_TRANSFORMATION('','',#11,#107);
#4418 = PRODUCT_DEFINITION_SHAPE('Placement','Placement of an item',
  #4419);
#4419 = NEXT_ASSEMBLY_USAGE_OCCURRENCE('24','=>[0:1:1:25]','',#5,#4250,$
  );
#4420 = PRODUCT_RELATED_PRODUCT_CATEGORY('part',$,(#4252));
#4421 = SHAPE_DEFINITION_REPRESENTATION(#4422,#4428);
#4422 = PRODUCT_DEFINITION_SHAPE('','',#4423);
#4423 = PRODUCT_DEFINITION('design','',#4424,#4427);
#4424 = PRODUCT_DEFINITION_FORMATION('','',#4425);
#4425 = PRODUCT('_autosave-connection pcb_track_25',
  '_autosave-connection pcb_track_25','',(#4426));
#4426 = PRODUCT_CONTEXT('',#2,'mechanical');
#4427 = PRODUCT_DEFINITION_CONTEXT('part definition',#2,'design');
#4428 = ADVANCED_BREP_SHAPE_REPRESENTATION('',(#11,#4429),#4583);
#4429 = MANIFOLD_SOLID_BREP('',#4430);
#4430 = CLOSED_SHELL('',(#4431,#4471,#4504,#4535,#4559,#4571));
#4431 = ADVANCED_FACE('',(#4432),#4466,.F.);
#4432 = FACE_BOUND('',#4433,.F.);
#4433 = EDGE_LOOP('',(#4434,#4444,#4452,#4460));
#4434 = ORIENTED_EDGE('',*,*,#4435,.T.);
#4435 = EDGE_CURVE('',#4436,#4438,#4440,.T.);
#4436 = VERTEX_POINT('',#4437);
#4437 = CARTESIAN_POINT('',(136.643933,-103.356066,1.6));
#4438 = VERTEX_POINT('',#4439);
#4439 = CARTESIAN_POINT('',(136.643933,-103.356066,1.635));
#4440 = LINE('',#4441,#4442);
#4441 = CARTESIAN_POINT('',(136.643933,-103.356066,1.6));
#4442 = VECTOR('',#4443,1.);
#4443 = DIRECTION('',(0.,0.,1.));
#4444 = ORIENTED_EDGE('',*,*,#4445,.T.);
#4445 = EDGE_CURVE('',#4438,#4446,#4448,.T.);
#4446 = VERTEX_POINT('',#4447);
#4447 = CARTESIAN_POINT('',(138.093933,-104.806066,1.635));
#4448 = LINE('',#4449,#4450);
#4449 = CARTESIAN_POINT('',(136.643933,-103.356066,1.635));
#4450 = VECTOR('',#4451,1.);
#4451 = DIRECTION('',(0.707106781187,-0.707106781187,0.));
#4452 = ORIENTED_EDGE('',*,*,#4453,.F.);
#4453 = EDGE_CURVE('',#4454,#4446,#4456,.T.);
#4454 = VERTEX_POINT('',#4455);
#4455 = CARTESIAN_POINT('',(138.093933,-104.806066,1.6));
#4456 = LINE('',#4457,#4458);
#4457 = CARTESIAN_POINT('',(138.093933,-104.806066,1.6));
#4458 = VECTOR('',#4459,1.);
#4459 = DIRECTION('',(0.,0.,1.));
#4460 = ORIENTED_EDGE('',*,*,#4461,.F.);
#4461 = EDGE_CURVE('',#4436,#4454,#4462,.T.);
#4462 = LINE('',#4463,#4464);
#4463 = CARTESIAN_POINT('',(136.643933,-103.356066,1.6));
#4464 = VECTOR('',#4465,1.);
#4465 = DIRECTION('',(0.707106781187,-0.707106781187,0.));
#4466 = PLANE('',#4467);
#4467 = AXIS2_PLACEMENT_3D('',#4468,#4469,#4470);
#4468 = CARTESIAN_POINT('',(136.643933,-103.356066,1.6));
#4469 = DIRECTION('',(0.707106781187,0.707106781187,-0.));
#4470 = DIRECTION('',(0.707106781187,-0.707106781187,0.));
#4471 = ADVANCED_FACE('',(#4472),#4499,.T.);
#4472 = FACE_BOUND('',#4473,.F.);
#4473 = EDGE_LOOP('',(#4474,#4475,#4484,#4492));
#4474 = ORIENTED_EDGE('',*,*,#4453,.T.);
#4475 = ORIENTED_EDGE('',*,*,#4476,.T.);
#4476 = EDGE_CURVE('',#4446,#4477,#4479,.T.);
#4477 = VERTEX_POINT('',#4478);
#4478 = CARTESIAN_POINT('',(138.306066,-104.593933,1.635));
#4479 = CIRCLE('',#4480,0.150000682813);
#4480 = AXIS2_PLACEMENT_3D('',#4481,#4482,#4483);
#4481 = CARTESIAN_POINT('',(138.1999995,-104.6999995,1.635));
#4482 = DIRECTION('',(0.,0.,1.));
#4483 = DIRECTION('',(-0.707106781187,-0.707106781187,0.));
#4484 = ORIENTED_EDGE('',*,*,#4485,.F.);
#4485 = EDGE_CURVE('',#4486,#4477,#4488,.T.);
#4486 = VERTEX_POINT('',#4487);
#4487 = CARTESIAN_POINT('',(138.306066,-104.593933,1.6));
#4488 = LINE('',#4489,#4490);
#4489 = CARTESIAN_POINT('',(138.306066,-104.593933,1.6));
#4490 = VECTOR('',#4491,1.);
#4491 = DIRECTION('',(0.,0.,1.));
#4492 = ORIENTED_EDGE('',*,*,#4493,.F.);
#4493 = EDGE_CURVE('',#4454,#4486,#4494,.T.);
#4494 = CIRCLE('',#4495,0.150000682813);
#4495 = AXIS2_PLACEMENT_3D('',#4496,#4497,#4498);
#4496 = CARTESIAN_POINT('',(138.1999995,-104.6999995,1.6));
#4497 = DIRECTION('',(0.,0.,1.));
#4498 = DIRECTION('',(-0.707106781187,-0.707106781187,0.));
#4499 = CYLINDRICAL_SURFACE('',#4500,0.150000682813);
#4500 = AXIS2_PLACEMENT_3D('',#4501,#4502,#4503);
#4501 = CARTESIAN_POINT('',(138.1999995,-104.6999995,1.6));
#4502 = DIRECTION('',(-0.,-0.,-1.));
#4503 = DIRECTION('',(-0.707106781187,-0.707106781187,0.));
#4504 = ADVANCED_FACE('',(#4505),#4530,.F.);
#4505 = FACE_BOUND('',#4506,.F.);
#4506 = EDGE_LOOP('',(#4507,#4508,#4516,#4524));
#4507 = ORIENTED_EDGE('',*,*,#4485,.T.);
#4508 = ORIENTED_EDGE('',*,*,#4509,.T.);
#4509 = EDGE_CURVE('',#4477,#4510,#4512,.T.);
#4510 = VERTEX_POINT('',#4511);
#4511 = CARTESIAN_POINT('',(136.856066,-103.143933,1.635));
#4512 = LINE('',#4513,#4514);
#4513 = CARTESIAN_POINT('',(138.306066,-104.593933,1.635));
#4514 = VECTOR('',#4515,1.);
#4515 = DIRECTION('',(-0.707106781187,0.707106781187,0.));
#4516 = ORIENTED_EDGE('',*,*,#4517,.F.);
#4517 = EDGE_CURVE('',#4518,#4510,#4520,.T.);
#4518 = VERTEX_POINT('',#4519);
#4519 = CARTESIAN_POINT('',(136.856066,-103.143933,1.6));
#4520 = LINE('',#4521,#4522);
#4521 = CARTESIAN_POINT('',(136.856066,-103.143933,1.6));
#4522 = VECTOR('',#4523,1.);
#4523 = DIRECTION('',(0.,0.,1.));
#4524 = ORIENTED_EDGE('',*,*,#4525,.F.);
#4525 = EDGE_CURVE('',#4486,#4518,#4526,.T.);
#4526 = LINE('',#4527,#4528);
#4527 = CARTESIAN_POINT('',(138.306066,-104.593933,1.6));
#4528 = VECTOR('',#4529,1.);
#4529 = DIRECTION('',(-0.707106781187,0.707106781187,0.));
#4530 = PLANE('',#4531);
#4531 = AXIS2_PLACEMENT_3D('',#4532,#4533,#4534);
#4532 = CARTESIAN_POINT('',(138.306066,-104.593933,1.6));
#4533 = DIRECTION('',(-0.707106781187,-0.707106781187,0.));
#4534 = DIRECTION('',(-0.707106781187,0.707106781187,0.));
#4535 = ADVANCED_FACE('',(#4536),#4554,.T.);
#4536 = FACE_BOUND('',#4537,.F.);
#4537 = EDGE_LOOP('',(#4538,#4539,#4546,#4547));
#4538 = ORIENTED_EDGE('',*,*,#4517,.T.);
#4539 = ORIENTED_EDGE('',*,*,#4540,.T.);
#4540 = EDGE_CURVE('',#4510,#4438,#4541,.T.);
#4541 = CIRCLE('',#4542,0.150000682813);
#4542 = AXIS2_PLACEMENT_3D('',#4543,#4544,#4545);
#4543 = CARTESIAN_POINT('',(136.7499995,-103.2499995,1.635));
#4544 = DIRECTION('',(0.,0.,1.));
#4545 = DIRECTION('',(0.707106781187,0.707106781187,-0.));
#4546 = ORIENTED_EDGE('',*,*,#4435,.F.);
#4547 = ORIENTED_EDGE('',*,*,#4548,.F.);
#4548 = EDGE_CURVE('',#4518,#4436,#4549,.T.);
#4549 = CIRCLE('',#4550,0.150000682813);
#4550 = AXIS2_PLACEMENT_3D('',#4551,#4552,#4553);
#4551 = CARTESIAN_POINT('',(136.7499995,-103.2499995,1.6));
#4552 = DIRECTION('',(0.,0.,1.));
#4553 = DIRECTION('',(0.707106781187,0.707106781187,-0.));
#4554 = CYLINDRICAL_SURFACE('',#4555,0.150000682813);
#4555 = AXIS2_PLACEMENT_3D('',#4556,#4557,#4558);
#4556 = CARTESIAN_POINT('',(136.7499995,-103.2499995,1.6));
#4557 = DIRECTION('',(-0.,-0.,-1.));
#4558 = DIRECTION('',(0.707106781187,0.707106781187,-0.));
#4559 = ADVANCED_FACE('',(#4560),#4566,.F.);
#4560 = FACE_BOUND('',#4561,.F.);
#4561 = EDGE_LOOP('',(#4562,#4563,#4564,#4565));
#4562 = ORIENTED_EDGE('',*,*,#4461,.T.);
#4563 = ORIENTED_EDGE('',*,*,#4493,.T.);
#4564 = ORIENTED_EDGE('',*,*,#4525,.T.);
#4565 = ORIENTED_EDGE('',*,*,#4548,.T.);
#4566 = PLANE('',#4567);
#4567 = AXIS2_PLACEMENT_3D('',#4568,#4569,#4570);
#4568 = CARTESIAN_POINT('',(136.643933,-103.356066,1.6));
#4569 = DIRECTION('',(0.,0.,1.));
#4570 = DIRECTION('',(1.,0.,-0.));
#4571 = ADVANCED_FACE('',(#4572),#4578,.T.);
#4572 = FACE_BOUND('',#4573,.T.);
#4573 = EDGE_LOOP('',(#4574,#4575,#4576,#4577));
#4574 = ORIENTED_EDGE('',*,*,#4445,.T.);
#4575 = ORIENTED_EDGE('',*,*,#4476,.T.);
#4576 = ORIENTED_EDGE('',*,*,#4509,.T.);
#4577 = ORIENTED_EDGE('',*,*,#4540,.T.);
#4578 = PLANE('',#4579);
#4579 = AXIS2_PLACEMENT_3D('',#4580,#4581,#4582);
#4580 = CARTESIAN_POINT('',(136.643933,-103.356066,1.635));
#4581 = DIRECTION('',(0.,0.,1.));
#4582 = DIRECTION('',(1.,0.,-0.));
#4583 = ( GEOMETRIC_REPRESENTATION_CONTEXT(3) 
GLOBAL_UNCERTAINTY_ASSIGNED_CONTEXT((#4587)) 
GLOBAL_UNIT_ASSIGNED_CONTEXT((#4584,#4585,#4586)) REPRESENTATION_CONTEXT
('Context #1','3D Context with UNIT and UNCERTAINTY') );
#4584 = ( LENGTH_UNIT() NAMED_UNIT(*) SI_UNIT(.MILLI.,.METRE.) );
#4585 = ( NAMED_UNIT(*) PLANE_ANGLE_UNIT() SI_UNIT($,.RADIAN.) );
#4586 = ( NAMED_UNIT(*) SI_UNIT($,.STERADIAN.) SOLID_ANGLE_UNIT() );
#4587 = UNCERTAINTY_MEASURE_WITH_UNIT(LENGTH_MEASURE(1.E-07),#4584,
  'distance_accuracy_value','confusion accuracy');
#4588 = CONTEXT_DEPENDENT_SHAPE_REPRESENTATION(#4589,#4591);
#4589 = ( REPRESENTATION_RELATIONSHIP('','',#4428,#10) 
REPRESENTATION_RELATIONSHIP_WITH_TRANSFORMATION(#4590) 
SHAPE_REPRESENTATION_RELATIONSHIP() );
#4590 = ITEM_DEFINED_TRANSFORMATION('','',#11,#111);
#4591 = PRODUCT_DEFINITION_SHAPE('Placement','Placement of an item',
  #4592);
#4592 = NEXT_ASSEMBLY_USAGE_OCCURRENCE('25','=>[0:1:1:26]','',#5,#4423,$
  );
#4593 = PRODUCT_RELATED_PRODUCT_CATEGORY('part',$,(#4425));
#4594 = SHAPE_DEFINITION_REPRESENTATION(#4595,#4601);
#4595 = PRODUCT_DEFINITION_SHAPE('','',#4596);
#4596 = PRODUCT_DEFINITION('design','',#4597,#4600);
#4597 = PRODUCT_DEFINITION_FORMATION('','',#4598);
#4598 = PRODUCT('_autosave-connection pcb_track_26',
  '_autosave-connection pcb_track_26','',(#4599));
#4599 = PRODUCT_CONTEXT('',#2,'mechanical');
#4600 = PRODUCT_DEFINITION_CONTEXT('part definition',#2,'design');
#4601 = ADVANCED_BREP_SHAPE_REPRESENTATION('',(#11,#4602),#4756);
#4602 = MANIFOLD_SOLID_BREP('',#4603);
#4603 = CLOSED_SHELL('',(#4604,#4644,#4677,#4708,#4732,#4744));
#4604 = ADVANCED_FACE('',(#4605),#4639,.F.);
#4605 = FACE_BOUND('',#4606,.F.);
#4606 = EDGE_LOOP('',(#4607,#4617,#4625,#4633));
#4607 = ORIENTED_EDGE('',*,*,#4608,.T.);
#4608 = EDGE_CURVE('',#4609,#4611,#4613,.T.);
#4609 = VERTEX_POINT('',#4610);
#4610 = CARTESIAN_POINT('',(138.05,-104.7,1.6));
#4611 = VERTEX_POINT('',#4612);
#4612 = CARTESIAN_POINT('',(138.05,-104.7,1.635));
#4613 = LINE('',#4614,#4615);
#4614 = CARTESIAN_POINT('',(138.05,-104.7,1.6));
#4615 = VECTOR('',#4616,1.);
#4616 = DIRECTION('',(0.,0.,1.));
#4617 = ORIENTED_EDGE('',*,*,#4618,.T.);
#4618 = EDGE_CURVE('',#4611,#4619,#4621,.T.);
#4619 = VERTEX_POINT('',#4620);
#4620 = CARTESIAN_POINT('',(138.05,-106.1,1.635));
#4621 = LINE('',#4622,#4623);
#4622 = CARTESIAN_POINT('',(138.05,-104.7,1.635));
#4623 = VECTOR('',#4624,1.);
#4624 = DIRECTION('',(0.,-1.,0.));
#4625 = ORIENTED_EDGE('',*,*,#4626,.F.);
#4626 = EDGE_CURVE('',#4627,#4619,#4629,.T.);
#4627 = VERTEX_POINT('',#4628);
#4628 = CARTESIAN_POINT('',(138.05,-106.1,1.6));
#4629 = LINE('',#4630,#4631);
#4630 = CARTESIAN_POINT('',(138.05,-106.1,1.6));
#4631 = VECTOR('',#4632,1.);
#4632 = DIRECTION('',(0.,0.,1.));
#4633 = ORIENTED_EDGE('',*,*,#4634,.F.);
#4634 = EDGE_CURVE('',#4609,#4627,#4635,.T.);
#4635 = LINE('',#4636,#4637);
#4636 = CARTESIAN_POINT('',(138.05,-104.7,1.6));
#4637 = VECTOR('',#4638,1.);
#4638 = DIRECTION('',(0.,-1.,0.));
#4639 = PLANE('',#4640);
#4640 = AXIS2_PLACEMENT_3D('',#4641,#4642,#4643);
#4641 = CARTESIAN_POINT('',(138.05,-104.7,1.6));
#4642 = DIRECTION('',(1.,0.,-0.));
#4643 = DIRECTION('',(0.,-1.,0.));
#4644 = ADVANCED_FACE('',(#4645),#4672,.T.);
#4645 = FACE_BOUND('',#4646,.F.);
#4646 = EDGE_LOOP('',(#4647,#4648,#4657,#4665));
#4647 = ORIENTED_EDGE('',*,*,#4626,.T.);
#4648 = ORIENTED_EDGE('',*,*,#4649,.T.);
#4649 = EDGE_CURVE('',#4619,#4650,#4652,.T.);
#4650 = VERTEX_POINT('',#4651);
#4651 = CARTESIAN_POINT('',(138.35,-106.1,1.635));
#4652 = CIRCLE('',#4653,0.15);
#4653 = AXIS2_PLACEMENT_3D('',#4654,#4655,#4656);
#4654 = CARTESIAN_POINT('',(138.2,-106.1,1.635));
#4655 = DIRECTION('',(0.,0.,1.));
#4656 = DIRECTION('',(-1.,1.894780628694E-13,-0.));
#4657 = ORIENTED_EDGE('',*,*,#4658,.F.);
#4658 = EDGE_CURVE('',#4659,#4650,#4661,.T.);
#4659 = VERTEX_POINT('',#4660);
#4660 = CARTESIAN_POINT('',(138.35,-106.1,1.6));
#4661 = LINE('',#4662,#4663);
#4662 = CARTESIAN_POINT('',(138.35,-106.1,1.6));
#4663 = VECTOR('',#4664,1.);
#4664 = DIRECTION('',(0.,0.,1.));
#4665 = ORIENTED_EDGE('',*,*,#4666,.F.);
#4666 = EDGE_CURVE('',#4627,#4659,#4667,.T.);
#4667 = CIRCLE('',#4668,0.15);
#4668 = AXIS2_PLACEMENT_3D('',#4669,#4670,#4671);
#4669 = CARTESIAN_POINT('',(138.2,-106.1,1.6));
#4670 = DIRECTION('',(0.,0.,1.));
#4671 = DIRECTION('',(-1.,1.894780628694E-13,-0.));
#4672 = CYLINDRICAL_SURFACE('',#4673,0.15);
#4673 = AXIS2_PLACEMENT_3D('',#4674,#4675,#4676);
#4674 = CARTESIAN_POINT('',(138.2,-106.1,1.6));
#4675 = DIRECTION('',(-0.,-0.,-1.));
#4676 = DIRECTION('',(-1.,1.894780628694E-13,-0.));
#4677 = ADVANCED_FACE('',(#4678),#4703,.F.);
#4678 = FACE_BOUND('',#4679,.F.);
#4679 = EDGE_LOOP('',(#4680,#4681,#4689,#4697));
#4680 = ORIENTED_EDGE('',*,*,#4658,.T.);
#4681 = ORIENTED_EDGE('',*,*,#4682,.T.);
#4682 = EDGE_CURVE('',#4650,#4683,#4685,.T.);
#4683 = VERTEX_POINT('',#4684);
#4684 = CARTESIAN_POINT('',(138.35,-104.7,1.635));
#4685 = LINE('',#4686,#4687);
#4686 = CARTESIAN_POINT('',(138.35,-106.1,1.635));
#4687 = VECTOR('',#4688,1.);
#4688 = DIRECTION('',(0.,1.,0.));
#4689 = ORIENTED_EDGE('',*,*,#4690,.F.);
#4690 = EDGE_CURVE('',#4691,#4683,#4693,.T.);
#4691 = VERTEX_POINT('',#4692);
#4692 = CARTESIAN_POINT('',(138.35,-104.7,1.6));
#4693 = LINE('',#4694,#4695);
#4694 = CARTESIAN_POINT('',(138.35,-104.7,1.6));
#4695 = VECTOR('',#4696,1.);
#4696 = DIRECTION('',(0.,0.,1.));
#4697 = ORIENTED_EDGE('',*,*,#4698,.F.);
#4698 = EDGE_CURVE('',#4659,#4691,#4699,.T.);
#4699 = LINE('',#4700,#4701);
#4700 = CARTESIAN_POINT('',(138.35,-106.1,1.6));
#4701 = VECTOR('',#4702,1.);
#4702 = DIRECTION('',(0.,1.,0.));
#4703 = PLANE('',#4704);
#4704 = AXIS2_PLACEMENT_3D('',#4705,#4706,#4707);
#4705 = CARTESIAN_POINT('',(138.35,-106.1,1.6));
#4706 = DIRECTION('',(-1.,0.,0.));
#4707 = DIRECTION('',(0.,1.,0.));
#4708 = ADVANCED_FACE('',(#4709),#4727,.T.);
#4709 = FACE_BOUND('',#4710,.F.);
#4710 = EDGE_LOOP('',(#4711,#4712,#4719,#4720));
#4711 = ORIENTED_EDGE('',*,*,#4690,.T.);
#4712 = ORIENTED_EDGE('',*,*,#4713,.T.);
#4713 = EDGE_CURVE('',#4683,#4611,#4714,.T.);
#4714 = CIRCLE('',#4715,0.15);
#4715 = AXIS2_PLACEMENT_3D('',#4716,#4717,#4718);
#4716 = CARTESIAN_POINT('',(138.2,-104.7,1.635));
#4717 = DIRECTION('',(0.,0.,1.));
#4718 = DIRECTION('',(1.,-9.473903143468E-14,0.));
#4719 = ORIENTED_EDGE('',*,*,#4608,.F.);
#4720 = ORIENTED_EDGE('',*,*,#4721,.F.);
#4721 = EDGE_CURVE('',#4691,#4609,#4722,.T.);
#4722 = CIRCLE('',#4723,0.15);
#4723 = AXIS2_PLACEMENT_3D('',#4724,#4725,#4726);
#4724 = CARTESIAN_POINT('',(138.2,-104.7,1.6));
#4725 = DIRECTION('',(0.,0.,1.));
#4726 = DIRECTION('',(1.,-9.473903143468E-14,0.));
#4727 = CYLINDRICAL_SURFACE('',#4728,0.15);
#4728 = AXIS2_PLACEMENT_3D('',#4729,#4730,#4731);
#4729 = CARTESIAN_POINT('',(138.2,-104.7,1.6));
#4730 = DIRECTION('',(-0.,-0.,-1.));
#4731 = DIRECTION('',(1.,-9.473903143468E-14,0.));
#4732 = ADVANCED_FACE('',(#4733),#4739,.F.);
#4733 = FACE_BOUND('',#4734,.F.);
#4734 = EDGE_LOOP('',(#4735,#4736,#4737,#4738));
#4735 = ORIENTED_EDGE('',*,*,#4634,.T.);
#4736 = ORIENTED_EDGE('',*,*,#4666,.T.);
#4737 = ORIENTED_EDGE('',*,*,#4698,.T.);
#4738 = ORIENTED_EDGE('',*,*,#4721,.T.);
#4739 = PLANE('',#4740);
#4740 = AXIS2_PLACEMENT_3D('',#4741,#4742,#4743);
#4741 = CARTESIAN_POINT('',(138.05,-104.7,1.6));
#4742 = DIRECTION('',(0.,0.,1.));
#4743 = DIRECTION('',(1.,0.,-0.));
#4744 = ADVANCED_FACE('',(#4745),#4751,.T.);
#4745 = FACE_BOUND('',#4746,.T.);
#4746 = EDGE_LOOP('',(#4747,#4748,#4749,#4750));
#4747 = ORIENTED_EDGE('',*,*,#4618,.T.);
#4748 = ORIENTED_EDGE('',*,*,#4649,.T.);
#4749 = ORIENTED_EDGE('',*,*,#4682,.T.);
#4750 = ORIENTED_EDGE('',*,*,#4713,.T.);
#4751 = PLANE('',#4752);
#4752 = AXIS2_PLACEMENT_3D('',#4753,#4754,#4755);
#4753 = CARTESIAN_POINT('',(138.05,-104.7,1.635));
#4754 = DIRECTION('',(0.,0.,1.));
#4755 = DIRECTION('',(1.,0.,-0.));
#4756 = ( GEOMETRIC_REPRESENTATION_CONTEXT(3) 
GLOBAL_UNCERTAINTY_ASSIGNED_CONTEXT((#4760)) 
GLOBAL_UNIT_ASSIGNED_CONTEXT((#4757,#4758,#4759)) REPRESENTATION_CONTEXT
('Context #1','3D Context with UNIT and UNCERTAINTY') );
#4757 = ( LENGTH_UNIT() NAMED_UNIT(*) SI_UNIT(.MILLI.,.METRE.) );
#4758 = ( NAMED_UNIT(*) PLANE_ANGLE_UNIT() SI_UNIT($,.RADIAN.) );
#4759 = ( NAMED_UNIT(*) SI_UNIT($,.STERADIAN.) SOLID_ANGLE_UNIT() );
#4760 = UNCERTAINTY_MEASURE_WITH_UNIT(LENGTH_MEASURE(1.E-07),#4757,
  'distance_accuracy_value','confusion accuracy');
#4761 = CONTEXT_DEPENDENT_SHAPE_REPRESENTATION(#4762,#4764);
#4762 = ( REPRESENTATION_RELATIONSHIP('','',#4601,#10) 
REPRESENTATION_RELATIONSHIP_WITH_TRANSFORMATION(#4763) 
SHAPE_REPRESENTATION_RELATIONSHIP() );
#4763 = ITEM_DEFINED_TRANSFORMATION('','',#11,#115);
#4764 = PRODUCT_DEFINITION_SHAPE('Placement','Placement of an item',
  #4765);
#4765 = NEXT_ASSEMBLY_USAGE_OCCURRENCE('26','=>[0:1:1:27]','',#5,#4596,$
  );
#4766 = PRODUCT_RELATED_PRODUCT_CATEGORY('part',$,(#4598));
#4767 = SHAPE_DEFINITION_REPRESENTATION(#4768,#4774);
#4768 = PRODUCT_DEFINITION_SHAPE('','',#4769);
#4769 = PRODUCT_DEFINITION('design','',#4770,#4773);
#4770 = PRODUCT_DEFINITION_FORMATION('','',#4771);
#4771 = PRODUCT('_autosave-connection pcb_track_27',
  '_autosave-connection pcb_track_27','',(#4772));
#4772 = PRODUCT_CONTEXT('',#2,'mechanical');
#4773 = PRODUCT_DEFINITION_CONTEXT('part definition',#2,'design');
#4774 = ADVANCED_BREP_SHAPE_REPRESENTATION('',(#11,#4775),#4929);
#4775 = MANIFOLD_SOLID_BREP('',#4776);
#4776 = CLOSED_SHELL('',(#4777,#4817,#4850,#4881,#4905,#4917));
#4777 = ADVANCED_FACE('',(#4778),#4812,.F.);
#4778 = FACE_BOUND('',#4779,.F.);
#4779 = EDGE_LOOP('',(#4780,#4790,#4798,#4806));
#4780 = ORIENTED_EDGE('',*,*,#4781,.T.);
#4781 = EDGE_CURVE('',#4782,#4784,#4786,.T.);
#4782 = VERTEX_POINT('',#4783);
#4783 = CARTESIAN_POINT('',(134.093933,-100.306066,1.6));
#4784 = VERTEX_POINT('',#4785);
#4785 = CARTESIAN_POINT('',(134.093933,-100.306066,1.635));
#4786 = LINE('',#4787,#4788);
#4787 = CARTESIAN_POINT('',(134.093933,-100.306066,1.6));
#4788 = VECTOR('',#4789,1.);
#4789 = DIRECTION('',(0.,0.,1.));
#4790 = ORIENTED_EDGE('',*,*,#4791,.T.);
#4791 = EDGE_CURVE('',#4784,#4792,#4794,.T.);
#4792 = VERTEX_POINT('',#4793);
#4793 = CARTESIAN_POINT('',(135.293933,-101.506066,1.635));
#4794 = LINE('',#4795,#4796);
#4795 = CARTESIAN_POINT('',(134.093933,-100.306066,1.635));
#4796 = VECTOR('',#4797,1.);
#4797 = DIRECTION('',(0.707106781187,-0.707106781187,0.));
#4798 = ORIENTED_EDGE('',*,*,#4799,.F.);
#4799 = EDGE_CURVE('',#4800,#4792,#4802,.T.);
#4800 = VERTEX_POINT('',#4801);
#4801 = CARTESIAN_POINT('',(135.293933,-101.506066,1.6));
#4802 = LINE('',#4803,#4804);
#4803 = CARTESIAN_POINT('',(135.293933,-101.506066,1.6));
#4804 = VECTOR('',#4805,1.);
#4805 = DIRECTION('',(0.,0.,1.));
#4806 = ORIENTED_EDGE('',*,*,#4807,.F.);
#4807 = EDGE_CURVE('',#4782,#4800,#4808,.T.);
#4808 = LINE('',#4809,#4810);
#4809 = CARTESIAN_POINT('',(134.093933,-100.306066,1.6));
#4810 = VECTOR('',#4811,1.);
#4811 = DIRECTION('',(0.707106781187,-0.707106781187,0.));
#4812 = PLANE('',#4813);
#4813 = AXIS2_PLACEMENT_3D('',#4814,#4815,#4816);
#4814 = CARTESIAN_POINT('',(134.093933,-100.306066,1.6));
#4815 = DIRECTION('',(0.707106781187,0.707106781187,-0.));
#4816 = DIRECTION('',(0.707106781187,-0.707106781187,0.));
#4817 = ADVANCED_FACE('',(#4818),#4845,.T.);
#4818 = FACE_BOUND('',#4819,.F.);
#4819 = EDGE_LOOP('',(#4820,#4821,#4830,#4838));
#4820 = ORIENTED_EDGE('',*,*,#4799,.T.);
#4821 = ORIENTED_EDGE('',*,*,#4822,.T.);
#4822 = EDGE_CURVE('',#4792,#4823,#4825,.T.);
#4823 = VERTEX_POINT('',#4824);
#4824 = CARTESIAN_POINT('',(135.506066,-101.293933,1.635));
#4825 = CIRCLE('',#4826,0.150000682813);
#4826 = AXIS2_PLACEMENT_3D('',#4827,#4828,#4829);
#4827 = CARTESIAN_POINT('',(135.3999995,-101.3999995,1.635));
#4828 = DIRECTION('',(0.,0.,1.));
#4829 = DIRECTION('',(-0.707106781187,-0.707106781187,0.));
#4830 = ORIENTED_EDGE('',*,*,#4831,.F.);
#4831 = EDGE_CURVE('',#4832,#4823,#4834,.T.);
#4832 = VERTEX_POINT('',#4833);
#4833 = CARTESIAN_POINT('',(135.506066,-101.293933,1.6));
#4834 = LINE('',#4835,#4836);
#4835 = CARTESIAN_POINT('',(135.506066,-101.293933,1.6));
#4836 = VECTOR('',#4837,1.);
#4837 = DIRECTION('',(0.,0.,1.));
#4838 = ORIENTED_EDGE('',*,*,#4839,.F.);
#4839 = EDGE_CURVE('',#4800,#4832,#4840,.T.);
#4840 = CIRCLE('',#4841,0.150000682813);
#4841 = AXIS2_PLACEMENT_3D('',#4842,#4843,#4844);
#4842 = CARTESIAN_POINT('',(135.3999995,-101.3999995,1.6));
#4843 = DIRECTION('',(0.,0.,1.));
#4844 = DIRECTION('',(-0.707106781187,-0.707106781187,0.));
#4845 = CYLINDRICAL_SURFACE('',#4846,0.150000682813);
#4846 = AXIS2_PLACEMENT_3D('',#4847,#4848,#4849);
#4847 = CARTESIAN_POINT('',(135.3999995,-101.3999995,1.6));
#4848 = DIRECTION('',(-0.,-0.,-1.));
#4849 = DIRECTION('',(-0.707106781187,-0.707106781187,0.));
#4850 = ADVANCED_FACE('',(#4851),#4876,.F.);
#4851 = FACE_BOUND('',#4852,.F.);
#4852 = EDGE_LOOP('',(#4853,#4854,#4862,#4870));
#4853 = ORIENTED_EDGE('',*,*,#4831,.T.);
#4854 = ORIENTED_EDGE('',*,*,#4855,.T.);
#4855 = EDGE_CURVE('',#4823,#4856,#4858,.T.);
#4856 = VERTEX_POINT('',#4857);
#4857 = CARTESIAN_POINT('',(134.306066,-100.093933,1.635));
#4858 = LINE('',#4859,#4860);
#4859 = CARTESIAN_POINT('',(135.506066,-101.293933,1.635));
#4860 = VECTOR('',#4861,1.);
#4861 = DIRECTION('',(-0.707106781187,0.707106781187,0.));
#4862 = ORIENTED_EDGE('',*,*,#4863,.F.);
#4863 = EDGE_CURVE('',#4864,#4856,#4866,.T.);
#4864 = VERTEX_POINT('',#4865);
#4865 = CARTESIAN_POINT('',(134.306066,-100.093933,1.6));
#4866 = LINE('',#4867,#4868);
#4867 = CARTESIAN_POINT('',(134.306066,-100.093933,1.6));
#4868 = VECTOR('',#4869,1.);
#4869 = DIRECTION('',(0.,0.,1.));
#4870 = ORIENTED_EDGE('',*,*,#4871,.F.);
#4871 = EDGE_CURVE('',#4832,#4864,#4872,.T.);
#4872 = LINE('',#4873,#4874);
#4873 = CARTESIAN_POINT('',(135.506066,-101.293933,1.6));
#4874 = VECTOR('',#4875,1.);
#4875 = DIRECTION('',(-0.707106781187,0.707106781187,0.));
#4876 = PLANE('',#4877);
#4877 = AXIS2_PLACEMENT_3D('',#4878,#4879,#4880);
#4878 = CARTESIAN_POINT('',(135.506066,-101.293933,1.6));
#4879 = DIRECTION('',(-0.707106781187,-0.707106781187,0.));
#4880 = DIRECTION('',(-0.707106781187,0.707106781187,0.));
#4881 = ADVANCED_FACE('',(#4882),#4900,.T.);
#4882 = FACE_BOUND('',#4883,.F.);
#4883 = EDGE_LOOP('',(#4884,#4885,#4892,#4893));
#4884 = ORIENTED_EDGE('',*,*,#4863,.T.);
#4885 = ORIENTED_EDGE('',*,*,#4886,.T.);
#4886 = EDGE_CURVE('',#4856,#4784,#4887,.T.);
#4887 = CIRCLE('',#4888,0.150000682813);
#4888 = AXIS2_PLACEMENT_3D('',#4889,#4890,#4891);
#4889 = CARTESIAN_POINT('',(134.1999995,-100.1999995,1.635));
#4890 = DIRECTION('',(0.,0.,1.));
#4891 = DIRECTION('',(0.707106781187,0.707106781187,-0.));
#4892 = ORIENTED_EDGE('',*,*,#4781,.F.);
#4893 = ORIENTED_EDGE('',*,*,#4894,.F.);
#4894 = EDGE_CURVE('',#4864,#4782,#4895,.T.);
#4895 = CIRCLE('',#4896,0.150000682813);
#4896 = AXIS2_PLACEMENT_3D('',#4897,#4898,#4899);
#4897 = CARTESIAN_POINT('',(134.1999995,-100.1999995,1.6));
#4898 = DIRECTION('',(0.,0.,1.));
#4899 = DIRECTION('',(0.707106781187,0.707106781187,-0.));
#4900 = CYLINDRICAL_SURFACE('',#4901,0.150000682813);
#4901 = AXIS2_PLACEMENT_3D('',#4902,#4903,#4904);
#4902 = CARTESIAN_POINT('',(134.1999995,-100.1999995,1.6));
#4903 = DIRECTION('',(-0.,-0.,-1.));
#4904 = DIRECTION('',(0.707106781187,0.707106781187,-0.));
#4905 = ADVANCED_FACE('',(#4906),#4912,.F.);
#4906 = FACE_BOUND('',#4907,.F.);
#4907 = EDGE_LOOP('',(#4908,#4909,#4910,#4911));
#4908 = ORIENTED_EDGE('',*,*,#4807,.T.);
#4909 = ORIENTED_EDGE('',*,*,#4839,.T.);
#4910 = ORIENTED_EDGE('',*,*,#4871,.T.);
#4911 = ORIENTED_EDGE('',*,*,#4894,.T.);
#4912 = PLANE('',#4913);
#4913 = AXIS2_PLACEMENT_3D('',#4914,#4915,#4916);
#4914 = CARTESIAN_POINT('',(134.093933,-100.306066,1.6));
#4915 = DIRECTION('',(0.,0.,1.));
#4916 = DIRECTION('',(1.,0.,-0.));
#4917 = ADVANCED_FACE('',(#4918),#4924,.T.);
#4918 = FACE_BOUND('',#4919,.T.);
#4919 = EDGE_LOOP('',(#4920,#4921,#4922,#4923));
#4920 = ORIENTED_EDGE('',*,*,#4791,.T.);
#4921 = ORIENTED_EDGE('',*,*,#4822,.T.);
#4922 = ORIENTED_EDGE('',*,*,#4855,.T.);
#4923 = ORIENTED_EDGE('',*,*,#4886,.T.);
#4924 = PLANE('',#4925);
#4925 = AXIS2_PLACEMENT_3D('',#4926,#4927,#4928);
#4926 = CARTESIAN_POINT('',(134.093933,-100.306066,1.635));
#4927 = DIRECTION('',(0.,0.,1.));
#4928 = DIRECTION('',(1.,0.,-0.));
#4929 = ( GEOMETRIC_REPRESENTATION_CONTEXT(3) 
GLOBAL_UNCERTAINTY_ASSIGNED_CONTEXT((#4933)) 
GLOBAL_UNIT_ASSIGNED_CONTEXT((#4930,#4931,#4932)) REPRESENTATION_CONTEXT
('Context #1','3D Context with UNIT and UNCERTAINTY') );
#4930 = ( LENGTH_UNIT() NAMED_UNIT(*) SI_UNIT(.MILLI.,.METRE.) );
#4931 = ( NAMED_UNIT(*) PLANE_ANGLE_UNIT() SI_UNIT($,.RADIAN.) );
#4932 = ( NAMED_UNIT(*) SI_UNIT($,.STERADIAN.) SOLID_ANGLE_UNIT() );
#4933 = UNCERTAINTY_MEASURE_WITH_UNIT(LENGTH_MEASURE(1.E-07),#4930,
  'distance_accuracy_value','confusion accuracy');
#4934 = CONTEXT_DEPENDENT_SHAPE_REPRESENTATION(#4935,#4937);
#4935 = ( REPRESENTATION_RELATIONSHIP('','',#4774,#10) 
REPRESENTATION_RELATIONSHIP_WITH_TRANSFORMATION(#4936) 
SHAPE_REPRESENTATION_RELATIONSHIP() );
#4936 = ITEM_DEFINED_TRANSFORMATION('','',#11,#119);
#4937 = PRODUCT_DEFINITION_SHAPE('Placement','Placement of an item',
  #4938);
#4938 = NEXT_ASSEMBLY_USAGE_OCCURRENCE('27','=>[0:1:1:28]','',#5,#4769,$
  );
#4939 = PRODUCT_RELATED_PRODUCT_CATEGORY('part',$,(#4771));
#4940 = SHAPE_DEFINITION_REPRESENTATION(#4941,#4947);
#4941 = PRODUCT_DEFINITION_SHAPE('','',#4942);
#4942 = PRODUCT_DEFINITION('design','',#4943,#4946);
#4943 = PRODUCT_DEFINITION_FORMATION('','',#4944);
#4944 = PRODUCT('_autosave-connection pcb_track_28',
  '_autosave-connection pcb_track_28','',(#4945));
#4945 = PRODUCT_CONTEXT('',#2,'mechanical');
#4946 = PRODUCT_DEFINITION_CONTEXT('part definition',#2,'design');
#4947 = ADVANCED_BREP_SHAPE_REPRESENTATION('',(#11,#4948),#5102);
#4948 = MANIFOLD_SOLID_BREP('',#4949);
#4949 = CLOSED_SHELL('',(#4950,#4990,#5023,#5054,#5078,#5090));
#4950 = ADVANCED_FACE('',(#4951),#4985,.F.);
#4951 = FACE_BOUND('',#4952,.F.);
#4952 = EDGE_LOOP('',(#4953,#4963,#4971,#4979));
#4953 = ORIENTED_EDGE('',*,*,#4954,.T.);
#4954 = EDGE_CURVE('',#4955,#4957,#4959,.T.);
#4955 = VERTEX_POINT('',#4956);
#4956 = CARTESIAN_POINT('',(135.25,-101.4,1.6));
#4957 = VERTEX_POINT('',#4958);
#4958 = CARTESIAN_POINT('',(135.25,-101.4,1.635));
#4959 = LINE('',#4960,#4961);
#4960 = CARTESIAN_POINT('',(135.25,-101.4,1.6));
#4961 = VECTOR('',#4962,1.);
#4962 = DIRECTION('',(0.,0.,1.));
#4963 = ORIENTED_EDGE('',*,*,#4964,.T.);
#4964 = EDGE_CURVE('',#4957,#4965,#4967,.T.);
#4965 = VERTEX_POINT('',#4966);
#4966 = CARTESIAN_POINT('',(135.25,-105.9,1.635));
#4967 = LINE('',#4968,#4969);
#4968 = CARTESIAN_POINT('',(135.25,-101.4,1.635));
#4969 = VECTOR('',#4970,1.);
#4970 = DIRECTION('',(0.,-1.,0.));
#4971 = ORIENTED_EDGE('',*,*,#4972,.F.);
#4972 = EDGE_CURVE('',#4973,#4965,#4975,.T.);
#4973 = VERTEX_POINT('',#4974);
#4974 = CARTESIAN_POINT('',(135.25,-105.9,1.6));
#4975 = LINE('',#4976,#4977);
#4976 = CARTESIAN_POINT('',(135.25,-105.9,1.6));
#4977 = VECTOR('',#4978,1.);
#4978 = DIRECTION('',(0.,0.,1.));
#4979 = ORIENTED_EDGE('',*,*,#4980,.F.);
#4980 = EDGE_CURVE('',#4955,#4973,#4981,.T.);
#4981 = LINE('',#4982,#4983);
#4982 = CARTESIAN_POINT('',(135.25,-101.4,1.6));
#4983 = VECTOR('',#4984,1.);
#4984 = DIRECTION('',(0.,-1.,0.));
#4985 = PLANE('',#4986);
#4986 = AXIS2_PLACEMENT_3D('',#4987,#4988,#4989);
#4987 = CARTESIAN_POINT('',(135.25,-101.4,1.6));
#4988 = DIRECTION('',(1.,0.,-0.));
#4989 = DIRECTION('',(0.,-1.,0.));
#4990 = ADVANCED_FACE('',(#4991),#5018,.T.);
#4991 = FACE_BOUND('',#4992,.F.);
#4992 = EDGE_LOOP('',(#4993,#4994,#5003,#5011));
#4993 = ORIENTED_EDGE('',*,*,#4972,.T.);
#4994 = ORIENTED_EDGE('',*,*,#4995,.T.);
#4995 = EDGE_CURVE('',#4965,#4996,#4998,.T.);
#4996 = VERTEX_POINT('',#4997);
#4997 = CARTESIAN_POINT('',(135.55,-105.9,1.635));
#4998 = CIRCLE('',#4999,0.15);
#4999 = AXIS2_PLACEMENT_3D('',#5000,#5001,#5002);
#5000 = CARTESIAN_POINT('',(135.4,-105.9,1.635));
#5001 = DIRECTION('',(0.,0.,1.));
#5002 = DIRECTION('',(-1.,-1.894780628694E-13,0.));
#5003 = ORIENTED_EDGE('',*,*,#5004,.F.);
#5004 = EDGE_CURVE('',#5005,#4996,#5007,.T.);
#5005 = VERTEX_POINT('',#5006);
#5006 = CARTESIAN_POINT('',(135.55,-105.9,1.6));
#5007 = LINE('',#5008,#5009);
#5008 = CARTESIAN_POINT('',(135.55,-105.9,1.6));
#5009 = VECTOR('',#5010,1.);
#5010 = DIRECTION('',(0.,0.,1.));
#5011 = ORIENTED_EDGE('',*,*,#5012,.F.);
#5012 = EDGE_CURVE('',#4973,#5005,#5013,.T.);
#5013 = CIRCLE('',#5014,0.15);
#5014 = AXIS2_PLACEMENT_3D('',#5015,#5016,#5017);
#5015 = CARTESIAN_POINT('',(135.4,-105.9,1.6));
#5016 = DIRECTION('',(0.,0.,1.));
#5017 = DIRECTION('',(-1.,-1.894780628694E-13,0.));
#5018 = CYLINDRICAL_SURFACE('',#5019,0.15);
#5019 = AXIS2_PLACEMENT_3D('',#5020,#5021,#5022);
#5020 = CARTESIAN_POINT('',(135.4,-105.9,1.6));
#5021 = DIRECTION('',(-0.,-0.,-1.));
#5022 = DIRECTION('',(-1.,-1.894780628694E-13,0.));
#5023 = ADVANCED_FACE('',(#5024),#5049,.F.);
#5024 = FACE_BOUND('',#5025,.F.);
#5025 = EDGE_LOOP('',(#5026,#5027,#5035,#5043));
#5026 = ORIENTED_EDGE('',*,*,#5004,.T.);
#5027 = ORIENTED_EDGE('',*,*,#5028,.T.);
#5028 = EDGE_CURVE('',#4996,#5029,#5031,.T.);
#5029 = VERTEX_POINT('',#5030);
#5030 = CARTESIAN_POINT('',(135.55,-101.4,1.635));
#5031 = LINE('',#5032,#5033);
#5032 = CARTESIAN_POINT('',(135.55,-105.9,1.635));
#5033 = VECTOR('',#5034,1.);
#5034 = DIRECTION('',(0.,1.,0.));
#5035 = ORIENTED_EDGE('',*,*,#5036,.F.);
#5036 = EDGE_CURVE('',#5037,#5029,#5039,.T.);
#5037 = VERTEX_POINT('',#5038);
#5038 = CARTESIAN_POINT('',(135.55,-101.4,1.6));
#5039 = LINE('',#5040,#5041);
#5040 = CARTESIAN_POINT('',(135.55,-101.4,1.6));
#5041 = VECTOR('',#5042,1.);
#5042 = DIRECTION('',(0.,0.,1.));
#5043 = ORIENTED_EDGE('',*,*,#5044,.F.);
#5044 = EDGE_CURVE('',#5005,#5037,#5045,.T.);
#5045 = LINE('',#5046,#5047);
#5046 = CARTESIAN_POINT('',(135.55,-105.9,1.6));
#5047 = VECTOR('',#5048,1.);
#5048 = DIRECTION('',(0.,1.,0.));
#5049 = PLANE('',#5050);
#5050 = AXIS2_PLACEMENT_3D('',#5051,#5052,#5053);
#5051 = CARTESIAN_POINT('',(135.55,-105.9,1.6));
#5052 = DIRECTION('',(-1.,0.,0.));
#5053 = DIRECTION('',(0.,1.,0.));
#5054 = ADVANCED_FACE('',(#5055),#5073,.T.);
#5055 = FACE_BOUND('',#5056,.F.);
#5056 = EDGE_LOOP('',(#5057,#5058,#5065,#5066));
#5057 = ORIENTED_EDGE('',*,*,#5036,.T.);
#5058 = ORIENTED_EDGE('',*,*,#5059,.T.);
#5059 = EDGE_CURVE('',#5029,#4957,#5060,.T.);
#5060 = CIRCLE('',#5061,0.15);
#5061 = AXIS2_PLACEMENT_3D('',#5062,#5063,#5064);
#5062 = CARTESIAN_POINT('',(135.4,-101.4,1.635));
#5063 = DIRECTION('',(0.,0.,1.));
#5064 = DIRECTION('',(1.,9.473903143468E-14,-0.));
#5065 = ORIENTED_EDGE('',*,*,#4954,.F.);
#5066 = ORIENTED_EDGE('',*,*,#5067,.F.);
#5067 = EDGE_CURVE('',#5037,#4955,#5068,.T.);
#5068 = CIRCLE('',#5069,0.15);
#5069 = AXIS2_PLACEMENT_3D('',#5070,#5071,#5072);
#5070 = CARTESIAN_POINT('',(135.4,-101.4,1.6));
#5071 = DIRECTION('',(0.,0.,1.));
#5072 = DIRECTION('',(1.,9.473903143468E-14,-0.));
#5073 = CYLINDRICAL_SURFACE('',#5074,0.15);
#5074 = AXIS2_PLACEMENT_3D('',#5075,#5076,#5077);
#5075 = CARTESIAN_POINT('',(135.4,-101.4,1.6));
#5076 = DIRECTION('',(-0.,-0.,-1.));
#5077 = DIRECTION('',(1.,9.473903143468E-14,-0.));
#5078 = ADVANCED_FACE('',(#5079),#5085,.F.);
#5079 = FACE_BOUND('',#5080,.F.);
#5080 = EDGE_LOOP('',(#5081,#5082,#5083,#5084));
#5081 = ORIENTED_EDGE('',*,*,#4980,.T.);
#5082 = ORIENTED_EDGE('',*,*,#5012,.T.);
#5083 = ORIENTED_EDGE('',*,*,#5044,.T.);
#5084 = ORIENTED_EDGE('',*,*,#5067,.T.);
#5085 = PLANE('',#5086);
#5086 = AXIS2_PLACEMENT_3D('',#5087,#5088,#5089);
#5087 = CARTESIAN_POINT('',(135.25,-101.4,1.6));
#5088 = DIRECTION('',(0.,0.,1.));
#5089 = DIRECTION('',(1.,0.,-0.));
#5090 = ADVANCED_FACE('',(#5091),#5097,.T.);
#5091 = FACE_BOUND('',#5092,.T.);
#5092 = EDGE_LOOP('',(#5093,#5094,#5095,#5096));
#5093 = ORIENTED_EDGE('',*,*,#4964,.T.);
#5094 = ORIENTED_EDGE('',*,*,#4995,.T.);
#5095 = ORIENTED_EDGE('',*,*,#5028,.T.);
#5096 = ORIENTED_EDGE('',*,*,#5059,.T.);
#5097 = PLANE('',#5098);
#5098 = AXIS2_PLACEMENT_3D('',#5099,#5100,#5101);
#5099 = CARTESIAN_POINT('',(135.25,-101.4,1.635));
#5100 = DIRECTION('',(0.,0.,1.));
#5101 = DIRECTION('',(1.,0.,-0.));
#5102 = ( GEOMETRIC_REPRESENTATION_CONTEXT(3) 
GLOBAL_UNCERTAINTY_ASSIGNED_CONTEXT((#5106)) 
GLOBAL_UNIT_ASSIGNED_CONTEXT((#5103,#5104,#5105)) REPRESENTATION_CONTEXT
('Context #1','3D Context with UNIT and UNCERTAINTY') );
#5103 = ( LENGTH_UNIT() NAMED_UNIT(*) SI_UNIT(.MILLI.,.METRE.) );
#5104 = ( NAMED_UNIT(*) PLANE_ANGLE_UNIT() SI_UNIT($,.RADIAN.) );
#5105 = ( NAMED_UNIT(*) SI_UNIT($,.STERADIAN.) SOLID_ANGLE_UNIT() );
#5106 = UNCERTAINTY_MEASURE_WITH_UNIT(LENGTH_MEASURE(1.E-07),#5103,
  'distance_accuracy_value','confusion accuracy');
#5107 = CONTEXT_DEPENDENT_SHAPE_REPRESENTATION(#5108,#5110);
#5108 = ( REPRESENTATION_RELATIONSHIP('','',#4947,#10) 
REPRESENTATION_RELATIONSHIP_WITH_TRANSFORMATION(#5109) 
SHAPE_REPRESENTATION_RELATIONSHIP() );
#5109 = ITEM_DEFINED_TRANSFORMATION('','',#11,#123);
#5110 = PRODUCT_DEFINITION_SHAPE('Placement','Placement of an item',
  #5111);
#5111 = NEXT_ASSEMBLY_USAGE_OCCURRENCE('28','=>[0:1:1:29]','',#5,#4942,$
  );
#5112 = PRODUCT_RELATED_PRODUCT_CATEGORY('part',$,(#4944));
#5113 = SHAPE_DEFINITION_REPRESENTATION(#5114,#5120);
#5114 = PRODUCT_DEFINITION_SHAPE('','',#5115);
#5115 = PRODUCT_DEFINITION('design','',#5116,#5119);
#5116 = PRODUCT_DEFINITION_FORMATION('','',#5117);
#5117 = PRODUCT('_autosave-connection pcb_track_29',
  '_autosave-connection pcb_track_29','',(#5118));
#5118 = PRODUCT_CONTEXT('',#2,'mechanical');
#5119 = PRODUCT_DEFINITION_CONTEXT('part definition',#2,'design');
#5120 = ADVANCED_BREP_SHAPE_REPRESENTATION('',(#11,#5121),#5275);
#5121 = MANIFOLD_SOLID_BREP('',#5122);
#5122 = CLOSED_SHELL('',(#5123,#5163,#5196,#5227,#5251,#5263));
#5123 = ADVANCED_FACE('',(#5124),#5158,.F.);
#5124 = FACE_BOUND('',#5125,.F.);
#5125 = EDGE_LOOP('',(#5126,#5136,#5144,#5152));
#5126 = ORIENTED_EDGE('',*,*,#5127,.T.);
#5127 = EDGE_CURVE('',#5128,#5130,#5132,.T.);
#5128 = VERTEX_POINT('',#5129);
#5129 = CARTESIAN_POINT('',(135.293933,-106.006066,1.6));
#5130 = VERTEX_POINT('',#5131);
#5131 = CARTESIAN_POINT('',(135.293933,-106.006066,1.635));
#5132 = LINE('',#5133,#5134);
#5133 = CARTESIAN_POINT('',(135.293933,-106.006066,1.6));
#5134 = VECTOR('',#5135,1.);
#5135 = DIRECTION('',(0.,0.,1.));
#5136 = ORIENTED_EDGE('',*,*,#5137,.T.);
#5137 = EDGE_CURVE('',#5130,#5138,#5140,.T.);
#5138 = VERTEX_POINT('',#5139);
#5139 = CARTESIAN_POINT('',(135.493933,-106.206066,1.635));
#5140 = LINE('',#5141,#5142);
#5141 = CARTESIAN_POINT('',(135.293933,-106.006066,1.635));
#5142 = VECTOR('',#5143,1.);
#5143 = DIRECTION('',(0.707106781187,-0.707106781187,0.));
#5144 = ORIENTED_EDGE('',*,*,#5145,.F.);
#5145 = EDGE_CURVE('',#5146,#5138,#5148,.T.);
#5146 = VERTEX_POINT('',#5147);
#5147 = CARTESIAN_POINT('',(135.493933,-106.206066,1.6));
#5148 = LINE('',#5149,#5150);
#5149 = CARTESIAN_POINT('',(135.493933,-106.206066,1.6));
#5150 = VECTOR('',#5151,1.);
#5151 = DIRECTION('',(0.,0.,1.));
#5152 = ORIENTED_EDGE('',*,*,#5153,.F.);
#5153 = EDGE_CURVE('',#5128,#5146,#5154,.T.);
#5154 = LINE('',#5155,#5156);
#5155 = CARTESIAN_POINT('',(135.293933,-106.006066,1.6));
#5156 = VECTOR('',#5157,1.);
#5157 = DIRECTION('',(0.707106781187,-0.707106781187,0.));
#5158 = PLANE('',#5159);
#5159 = AXIS2_PLACEMENT_3D('',#5160,#5161,#5162);
#5160 = CARTESIAN_POINT('',(135.293933,-106.006066,1.6));
#5161 = DIRECTION('',(0.707106781187,0.707106781187,-0.));
#5162 = DIRECTION('',(0.707106781187,-0.707106781187,0.));
#5163 = ADVANCED_FACE('',(#5164),#5191,.T.);
#5164 = FACE_BOUND('',#5165,.F.);
#5165 = EDGE_LOOP('',(#5166,#5167,#5176,#5184));
#5166 = ORIENTED_EDGE('',*,*,#5145,.T.);
#5167 = ORIENTED_EDGE('',*,*,#5168,.T.);
#5168 = EDGE_CURVE('',#5138,#5169,#5171,.T.);
#5169 = VERTEX_POINT('',#5170);
#5170 = CARTESIAN_POINT('',(135.706066,-105.993933,1.635));
#5171 = CIRCLE('',#5172,0.150000682813);
#5172 = AXIS2_PLACEMENT_3D('',#5173,#5174,#5175);
#5173 = CARTESIAN_POINT('',(135.5999995,-106.0999995,1.635));
#5174 = DIRECTION('',(0.,0.,1.));
#5175 = DIRECTION('',(-0.707106781187,-0.707106781187,0.));
#5176 = ORIENTED_EDGE('',*,*,#5177,.F.);
#5177 = EDGE_CURVE('',#5178,#5169,#5180,.T.);
#5178 = VERTEX_POINT('',#5179);
#5179 = CARTESIAN_POINT('',(135.706066,-105.993933,1.6));
#5180 = LINE('',#5181,#5182);
#5181 = CARTESIAN_POINT('',(135.706066,-105.993933,1.6));
#5182 = VECTOR('',#5183,1.);
#5183 = DIRECTION('',(0.,0.,1.));
#5184 = ORIENTED_EDGE('',*,*,#5185,.F.);
#5185 = EDGE_CURVE('',#5146,#5178,#5186,.T.);
#5186 = CIRCLE('',#5187,0.150000682813);
#5187 = AXIS2_PLACEMENT_3D('',#5188,#5189,#5190);
#5188 = CARTESIAN_POINT('',(135.5999995,-106.0999995,1.6));
#5189 = DIRECTION('',(0.,0.,1.));
#5190 = DIRECTION('',(-0.707106781187,-0.707106781187,0.));
#5191 = CYLINDRICAL_SURFACE('',#5192,0.150000682813);
#5192 = AXIS2_PLACEMENT_3D('',#5193,#5194,#5195);
#5193 = CARTESIAN_POINT('',(135.5999995,-106.0999995,1.6));
#5194 = DIRECTION('',(-0.,-0.,-1.));
#5195 = DIRECTION('',(-0.707106781187,-0.707106781187,0.));
#5196 = ADVANCED_FACE('',(#5197),#5222,.F.);
#5197 = FACE_BOUND('',#5198,.F.);
#5198 = EDGE_LOOP('',(#5199,#5200,#5208,#5216));
#5199 = ORIENTED_EDGE('',*,*,#5177,.T.);
#5200 = ORIENTED_EDGE('',*,*,#5201,.T.);
#5201 = EDGE_CURVE('',#5169,#5202,#5204,.T.);
#5202 = VERTEX_POINT('',#5203);
#5203 = CARTESIAN_POINT('',(135.506066,-105.793933,1.635));
#5204 = LINE('',#5205,#5206);
#5205 = CARTESIAN_POINT('',(135.706066,-105.993933,1.635));
#5206 = VECTOR('',#5207,1.);
#5207 = DIRECTION('',(-0.707106781187,0.707106781187,0.));
#5208 = ORIENTED_EDGE('',*,*,#5209,.F.);
#5209 = EDGE_CURVE('',#5210,#5202,#5212,.T.);
#5210 = VERTEX_POINT('',#5211);
#5211 = CARTESIAN_POINT('',(135.506066,-105.793933,1.6));
#5212 = LINE('',#5213,#5214);
#5213 = CARTESIAN_POINT('',(135.506066,-105.793933,1.6));
#5214 = VECTOR('',#5215,1.);
#5215 = DIRECTION('',(0.,0.,1.));
#5216 = ORIENTED_EDGE('',*,*,#5217,.F.);
#5217 = EDGE_CURVE('',#5178,#5210,#5218,.T.);
#5218 = LINE('',#5219,#5220);
#5219 = CARTESIAN_POINT('',(135.706066,-105.993933,1.6));
#5220 = VECTOR('',#5221,1.);
#5221 = DIRECTION('',(-0.707106781187,0.707106781187,0.));
#5222 = PLANE('',#5223);
#5223 = AXIS2_PLACEMENT_3D('',#5224,#5225,#5226);
#5224 = CARTESIAN_POINT('',(135.706066,-105.993933,1.6));
#5225 = DIRECTION('',(-0.707106781187,-0.707106781187,0.));
#5226 = DIRECTION('',(-0.707106781187,0.707106781187,0.));
#5227 = ADVANCED_FACE('',(#5228),#5246,.T.);
#5228 = FACE_BOUND('',#5229,.F.);
#5229 = EDGE_LOOP('',(#5230,#5231,#5238,#5239));
#5230 = ORIENTED_EDGE('',*,*,#5209,.T.);
#5231 = ORIENTED_EDGE('',*,*,#5232,.T.);
#5232 = EDGE_CURVE('',#5202,#5130,#5233,.T.);
#5233 = CIRCLE('',#5234,0.150000682813);
#5234 = AXIS2_PLACEMENT_3D('',#5235,#5236,#5237);
#5235 = CARTESIAN_POINT('',(135.3999995,-105.8999995,1.635));
#5236 = DIRECTION('',(0.,0.,1.));
#5237 = DIRECTION('',(0.707106781187,0.707106781187,-0.));
#5238 = ORIENTED_EDGE('',*,*,#5127,.F.);
#5239 = ORIENTED_EDGE('',*,*,#5240,.F.);
#5240 = EDGE_CURVE('',#5210,#5128,#5241,.T.);
#5241 = CIRCLE('',#5242,0.150000682813);
#5242 = AXIS2_PLACEMENT_3D('',#5243,#5244,#5245);
#5243 = CARTESIAN_POINT('',(135.3999995,-105.8999995,1.6));
#5244 = DIRECTION('',(0.,0.,1.));
#5245 = DIRECTION('',(0.707106781187,0.707106781187,-0.));
#5246 = CYLINDRICAL_SURFACE('',#5247,0.150000682813);
#5247 = AXIS2_PLACEMENT_3D('',#5248,#5249,#5250);
#5248 = CARTESIAN_POINT('',(135.3999995,-105.8999995,1.6));
#5249 = DIRECTION('',(-0.,-0.,-1.));
#5250 = DIRECTION('',(0.707106781187,0.707106781187,-0.));
#5251 = ADVANCED_FACE('',(#5252),#5258,.F.);
#5252 = FACE_BOUND('',#5253,.F.);
#5253 = EDGE_LOOP('',(#5254,#5255,#5256,#5257));
#5254 = ORIENTED_EDGE('',*,*,#5153,.T.);
#5255 = ORIENTED_EDGE('',*,*,#5185,.T.);
#5256 = ORIENTED_EDGE('',*,*,#5217,.T.);
#5257 = ORIENTED_EDGE('',*,*,#5240,.T.);
#5258 = PLANE('',#5259);
#5259 = AXIS2_PLACEMENT_3D('',#5260,#5261,#5262);
#5260 = CARTESIAN_POINT('',(135.293933,-106.006066,1.6));
#5261 = DIRECTION('',(0.,0.,1.));
#5262 = DIRECTION('',(1.,0.,-0.));
#5263 = ADVANCED_FACE('',(#5264),#5270,.T.);
#5264 = FACE_BOUND('',#5265,.T.);
#5265 = EDGE_LOOP('',(#5266,#5267,#5268,#5269));
#5266 = ORIENTED_EDGE('',*,*,#5137,.T.);
#5267 = ORIENTED_EDGE('',*,*,#5168,.T.);
#5268 = ORIENTED_EDGE('',*,*,#5201,.T.);
#5269 = ORIENTED_EDGE('',*,*,#5232,.T.);
#5270 = PLANE('',#5271);
#5271 = AXIS2_PLACEMENT_3D('',#5272,#5273,#5274);
#5272 = CARTESIAN_POINT('',(135.293933,-106.006066,1.635));
#5273 = DIRECTION('',(0.,0.,1.));
#5274 = DIRECTION('',(1.,0.,-0.));
#5275 = ( GEOMETRIC_REPRESENTATION_CONTEXT(3) 
GLOBAL_UNCERTAINTY_ASSIGNED_CONTEXT((#5279)) 
GLOBAL_UNIT_ASSIGNED_CONTEXT((#5276,#5277,#5278)) REPRESENTATION_CONTEXT
('Context #1','3D Context with UNIT and UNCERTAINTY') );
#5276 = ( LENGTH_UNIT() NAMED_UNIT(*) SI_UNIT(.MILLI.,.METRE.) );
#5277 = ( NAMED_UNIT(*) PLANE_ANGLE_UNIT() SI_UNIT($,.RADIAN.) );
#5278 = ( NAMED_UNIT(*) SI_UNIT($,.STERADIAN.) SOLID_ANGLE_UNIT() );
#5279 = UNCERTAINTY_MEASURE_WITH_UNIT(LENGTH_MEASURE(1.E-07),#5276,
  'distance_accuracy_value','confusion accuracy');
#5280 = CONTEXT_DEPENDENT_SHAPE_REPRESENTATION(#5281,#5283);
#5281 = ( REPRESENTATION_RELATIONSHIP('','',#5120,#10) 
REPRESENTATION_RELATIONSHIP_WITH_TRANSFORMATION(#5282) 
SHAPE_REPRESENTATION_RELATIONSHIP() );
#5282 = ITEM_DEFINED_TRANSFORMATION('','',#11,#127);
#5283 = PRODUCT_DEFINITION_SHAPE('Placement','Placement of an item',
  #5284);
#5284 = NEXT_ASSEMBLY_USAGE_OCCURRENCE('29','=>[0:1:1:30]','',#5,#5115,$
  );
#5285 = PRODUCT_RELATED_PRODUCT_CATEGORY('part',$,(#5117));
#5286 = SHAPE_DEFINITION_REPRESENTATION(#5287,#5293);
#5287 = PRODUCT_DEFINITION_SHAPE('','',#5288);
#5288 = PRODUCT_DEFINITION('design','',#5289,#5292);
#5289 = PRODUCT_DEFINITION_FORMATION('','',#5290);
#5290 = PRODUCT('_autosave-connection pcb_track_30',
  '_autosave-connection pcb_track_30','',(#5291));
#5291 = PRODUCT_CONTEXT('',#2,'mechanical');
#5292 = PRODUCT_DEFINITION_CONTEXT('part definition',#2,'design');
#5293 = ADVANCED_BREP_SHAPE_REPRESENTATION('',(#11,#5294),#5448);
#5294 = MANIFOLD_SOLID_BREP('',#5295);
#5295 = CLOSED_SHELL('',(#5296,#5336,#5369,#5400,#5424,#5436));
#5296 = ADVANCED_FACE('',(#5297),#5331,.F.);
#5297 = FACE_BOUND('',#5298,.F.);
#5298 = EDGE_LOOP('',(#5299,#5309,#5317,#5325));
#5299 = ORIENTED_EDGE('',*,*,#5300,.T.);
#5300 = EDGE_CURVE('',#5301,#5303,#5305,.T.);
#5301 = VERTEX_POINT('',#5302);
#5302 = CARTESIAN_POINT('',(139.606066,-109.593933,1.6));
#5303 = VERTEX_POINT('',#5304);
#5304 = CARTESIAN_POINT('',(139.606066,-109.593933,1.635));
#5305 = LINE('',#5306,#5307);
#5306 = CARTESIAN_POINT('',(139.606066,-109.593933,1.6));
#5307 = VECTOR('',#5308,1.);
#5308 = DIRECTION('',(0.,0.,1.));
#5309 = ORIENTED_EDGE('',*,*,#5310,.T.);
#5310 = EDGE_CURVE('',#5303,#5311,#5313,.T.);
#5311 = VERTEX_POINT('',#5312);
#5312 = CARTESIAN_POINT('',(137.006066,-106.993933,1.635));
#5313 = LINE('',#5314,#5315);
#5314 = CARTESIAN_POINT('',(139.606066,-109.593933,1.635));
#5315 = VECTOR('',#5316,1.);
#5316 = DIRECTION('',(-0.707106781187,0.707106781187,0.));
#5317 = ORIENTED_EDGE('',*,*,#5318,.F.);
#5318 = EDGE_CURVE('',#5319,#5311,#5321,.T.);
#5319 = VERTEX_POINT('',#5320);
#5320 = CARTESIAN_POINT('',(137.006066,-106.993933,1.6));
#5321 = LINE('',#5322,#5323);
#5322 = CARTESIAN_POINT('',(137.006066,-106.993933,1.6));
#5323 = VECTOR('',#5324,1.);
#5324 = DIRECTION('',(0.,0.,1.));
#5325 = ORIENTED_EDGE('',*,*,#5326,.F.);
#5326 = EDGE_CURVE('',#5301,#5319,#5327,.T.);
#5327 = LINE('',#5328,#5329);
#5328 = CARTESIAN_POINT('',(139.606066,-109.593933,1.6));
#5329 = VECTOR('',#5330,1.);
#5330 = DIRECTION('',(-0.707106781187,0.707106781187,0.));
#5331 = PLANE('',#5332);
#5332 = AXIS2_PLACEMENT_3D('',#5333,#5334,#5335);
#5333 = CARTESIAN_POINT('',(139.606066,-109.593933,1.6));
#5334 = DIRECTION('',(-0.707106781187,-0.707106781187,0.));
#5335 = DIRECTION('',(-0.707106781187,0.707106781187,0.));
#5336 = ADVANCED_FACE('',(#5337),#5364,.T.);
#5337 = FACE_BOUND('',#5338,.F.);
#5338 = EDGE_LOOP('',(#5339,#5340,#5349,#5357));
#5339 = ORIENTED_EDGE('',*,*,#5318,.T.);
#5340 = ORIENTED_EDGE('',*,*,#5341,.T.);
#5341 = EDGE_CURVE('',#5311,#5342,#5344,.T.);
#5342 = VERTEX_POINT('',#5343);
#5343 = CARTESIAN_POINT('',(136.793933,-107.206066,1.635));
#5344 = CIRCLE('',#5345,0.150000682813);
#5345 = AXIS2_PLACEMENT_3D('',#5346,#5347,#5348);
#5346 = CARTESIAN_POINT('',(136.8999995,-107.0999995,1.635));
#5347 = DIRECTION('',(0.,0.,1.));
#5348 = DIRECTION('',(0.707106781187,0.707106781187,-0.));
#5349 = ORIENTED_EDGE('',*,*,#5350,.F.);
#5350 = EDGE_CURVE('',#5351,#5342,#5353,.T.);
#5351 = VERTEX_POINT('',#5352);
#5352 = CARTESIAN_POINT('',(136.793933,-107.206066,1.6));
#5353 = LINE('',#5354,#5355);
#5354 = CARTESIAN_POINT('',(136.793933,-107.206066,1.6));
#5355 = VECTOR('',#5356,1.);
#5356 = DIRECTION('',(0.,0.,1.));
#5357 = ORIENTED_EDGE('',*,*,#5358,.F.);
#5358 = EDGE_CURVE('',#5319,#5351,#5359,.T.);
#5359 = CIRCLE('',#5360,0.150000682813);
#5360 = AXIS2_PLACEMENT_3D('',#5361,#5362,#5363);
#5361 = CARTESIAN_POINT('',(136.8999995,-107.0999995,1.6));
#5362 = DIRECTION('',(0.,0.,1.));
#5363 = DIRECTION('',(0.707106781187,0.707106781187,-0.));
#5364 = CYLINDRICAL_SURFACE('',#5365,0.150000682813);
#5365 = AXIS2_PLACEMENT_3D('',#5366,#5367,#5368);
#5366 = CARTESIAN_POINT('',(136.8999995,-107.0999995,1.6));
#5367 = DIRECTION('',(-0.,-0.,-1.));
#5368 = DIRECTION('',(0.707106781187,0.707106781187,-0.));
#5369 = ADVANCED_FACE('',(#5370),#5395,.F.);
#5370 = FACE_BOUND('',#5371,.F.);
#5371 = EDGE_LOOP('',(#5372,#5373,#5381,#5389));
#5372 = ORIENTED_EDGE('',*,*,#5350,.T.);
#5373 = ORIENTED_EDGE('',*,*,#5374,.T.);
#5374 = EDGE_CURVE('',#5342,#5375,#5377,.T.);
#5375 = VERTEX_POINT('',#5376);
#5376 = CARTESIAN_POINT('',(139.393933,-109.806066,1.635));
#5377 = LINE('',#5378,#5379);
#5378 = CARTESIAN_POINT('',(136.793933,-107.206066,1.635));
#5379 = VECTOR('',#5380,1.);
#5380 = DIRECTION('',(0.707106781187,-0.707106781187,0.));
#5381 = ORIENTED_EDGE('',*,*,#5382,.F.);
#5382 = EDGE_CURVE('',#5383,#5375,#5385,.T.);
#5383 = VERTEX_POINT('',#5384);
#5384 = CARTESIAN_POINT('',(139.393933,-109.806066,1.6));
#5385 = LINE('',#5386,#5387);
#5386 = CARTESIAN_POINT('',(139.393933,-109.806066,1.6));
#5387 = VECTOR('',#5388,1.);
#5388 = DIRECTION('',(0.,0.,1.));
#5389 = ORIENTED_EDGE('',*,*,#5390,.F.);
#5390 = EDGE_CURVE('',#5351,#5383,#5391,.T.);
#5391 = LINE('',#5392,#5393);
#5392 = CARTESIAN_POINT('',(136.793933,-107.206066,1.6));
#5393 = VECTOR('',#5394,1.);
#5394 = DIRECTION('',(0.707106781187,-0.707106781187,0.));
#5395 = PLANE('',#5396);
#5396 = AXIS2_PLACEMENT_3D('',#5397,#5398,#5399);
#5397 = CARTESIAN_POINT('',(136.793933,-107.206066,1.6));
#5398 = DIRECTION('',(0.707106781187,0.707106781187,-0.));
#5399 = DIRECTION('',(0.707106781187,-0.707106781187,0.));
#5400 = ADVANCED_FACE('',(#5401),#5419,.T.);
#5401 = FACE_BOUND('',#5402,.F.);
#5402 = EDGE_LOOP('',(#5403,#5404,#5411,#5412));
#5403 = ORIENTED_EDGE('',*,*,#5382,.T.);
#5404 = ORIENTED_EDGE('',*,*,#5405,.T.);
#5405 = EDGE_CURVE('',#5375,#5303,#5406,.T.);
#5406 = CIRCLE('',#5407,0.150000682813);
#5407 = AXIS2_PLACEMENT_3D('',#5408,#5409,#5410);
#5408 = CARTESIAN_POINT('',(139.4999995,-109.6999995,1.635));
#5409 = DIRECTION('',(0.,0.,1.));
#5410 = DIRECTION('',(-0.707106781187,-0.707106781187,0.));
#5411 = ORIENTED_EDGE('',*,*,#5300,.F.);
#5412 = ORIENTED_EDGE('',*,*,#5413,.F.);
#5413 = EDGE_CURVE('',#5383,#5301,#5414,.T.);
#5414 = CIRCLE('',#5415,0.150000682813);
#5415 = AXIS2_PLACEMENT_3D('',#5416,#5417,#5418);
#5416 = CARTESIAN_POINT('',(139.4999995,-109.6999995,1.6));
#5417 = DIRECTION('',(0.,0.,1.));
#5418 = DIRECTION('',(-0.707106781187,-0.707106781187,0.));
#5419 = CYLINDRICAL_SURFACE('',#5420,0.150000682813);
#5420 = AXIS2_PLACEMENT_3D('',#5421,#5422,#5423);
#5421 = CARTESIAN_POINT('',(139.4999995,-109.6999995,1.6));
#5422 = DIRECTION('',(-0.,-0.,-1.));
#5423 = DIRECTION('',(-0.707106781187,-0.707106781187,0.));
#5424 = ADVANCED_FACE('',(#5425),#5431,.F.);
#5425 = FACE_BOUND('',#5426,.F.);
#5426 = EDGE_LOOP('',(#5427,#5428,#5429,#5430));
#5427 = ORIENTED_EDGE('',*,*,#5326,.T.);
#5428 = ORIENTED_EDGE('',*,*,#5358,.T.);
#5429 = ORIENTED_EDGE('',*,*,#5390,.T.);
#5430 = ORIENTED_EDGE('',*,*,#5413,.T.);
#5431 = PLANE('',#5432);
#5432 = AXIS2_PLACEMENT_3D('',#5433,#5434,#5435);
#5433 = CARTESIAN_POINT('',(139.606066,-109.593933,1.6));
#5434 = DIRECTION('',(0.,0.,1.));
#5435 = DIRECTION('',(1.,0.,-0.));
#5436 = ADVANCED_FACE('',(#5437),#5443,.T.);
#5437 = FACE_BOUND('',#5438,.T.);
#5438 = EDGE_LOOP('',(#5439,#5440,#5441,#5442));
#5439 = ORIENTED_EDGE('',*,*,#5310,.T.);
#5440 = ORIENTED_EDGE('',*,*,#5341,.T.);
#5441 = ORIENTED_EDGE('',*,*,#5374,.T.);
#5442 = ORIENTED_EDGE('',*,*,#5405,.T.);
#5443 = PLANE('',#5444);
#5444 = AXIS2_PLACEMENT_3D('',#5445,#5446,#5447);
#5445 = CARTESIAN_POINT('',(139.606066,-109.593933,1.635));
#5446 = DIRECTION('',(0.,0.,1.));
#5447 = DIRECTION('',(1.,0.,-0.));
#5448 = ( GEOMETRIC_REPRESENTATION_CONTEXT(3) 
GLOBAL_UNCERTAINTY_ASSIGNED_CONTEXT((#5452)) 
GLOBAL_UNIT_ASSIGNED_CONTEXT((#5449,#5450,#5451)) REPRESENTATION_CONTEXT
('Context #1','3D Context with UNIT and UNCERTAINTY') );
#5449 = ( LENGTH_UNIT() NAMED_UNIT(*) SI_UNIT(.MILLI.,.METRE.) );
#5450 = ( NAMED_UNIT(*) PLANE_ANGLE_UNIT() SI_UNIT($,.RADIAN.) );
#5451 = ( NAMED_UNIT(*) SI_UNIT($,.STERADIAN.) SOLID_ANGLE_UNIT() );
#5452 = UNCERTAINTY_MEASURE_WITH_UNIT(LENGTH_MEASURE(1.E-07),#5449,
  'distance_accuracy_value','confusion accuracy');
#5453 = CONTEXT_DEPENDENT_SHAPE_REPRESENTATION(#5454,#5456);
#5454 = ( REPRESENTATION_RELATIONSHIP('','',#5293,#10) 
REPRESENTATION_RELATIONSHIP_WITH_TRANSFORMATION(#5455) 
SHAPE_REPRESENTATION_RELATIONSHIP() );
#5455 = ITEM_DEFINED_TRANSFORMATION('','',#11,#131);
#5456 = PRODUCT_DEFINITION_SHAPE('Placement','Placement of an item',
  #5457);
#5457 = NEXT_ASSEMBLY_USAGE_OCCURRENCE('30','=>[0:1:1:31]','',#5,#5288,$
  );
#5458 = PRODUCT_RELATED_PRODUCT_CATEGORY('part',$,(#5290));
#5459 = SHAPE_DEFINITION_REPRESENTATION(#5460,#5466);
#5460 = PRODUCT_DEFINITION_SHAPE('','',#5461);
#5461 = PRODUCT_DEFINITION('design','',#5462,#5465);
#5462 = PRODUCT_DEFINITION_FORMATION('','',#5463);
#5463 = PRODUCT('_autosave-connection pcb_track_31',
  '_autosave-connection pcb_track_31','',(#5464));
#5464 = PRODUCT_CONTEXT('',#2,'mechanical');
#5465 = PRODUCT_DEFINITION_CONTEXT('part definition',#2,'design');
#5466 = ADVANCED_BREP_SHAPE_REPRESENTATION('',(#11,#5467),#5621);
#5467 = MANIFOLD_SOLID_BREP('',#5468);
#5468 = CLOSED_SHELL('',(#5469,#5509,#5542,#5573,#5597,#5609));
#5469 = ADVANCED_FACE('',(#5470),#5504,.F.);
#5470 = FACE_BOUND('',#5471,.F.);
#5471 = EDGE_LOOP('',(#5472,#5482,#5490,#5498));
#5472 = ORIENTED_EDGE('',*,*,#5473,.T.);
#5473 = EDGE_CURVE('',#5474,#5476,#5478,.T.);
#5474 = VERTEX_POINT('',#5475);
#5475 = CARTESIAN_POINT('',(137.05,-107.1,1.6));
#5476 = VERTEX_POINT('',#5477);
#5477 = CARTESIAN_POINT('',(137.05,-107.1,1.635));
#5478 = LINE('',#5479,#5480);
#5479 = CARTESIAN_POINT('',(137.05,-107.1,1.6));
#5480 = VECTOR('',#5481,1.);
#5481 = DIRECTION('',(0.,0.,1.));
#5482 = ORIENTED_EDGE('',*,*,#5483,.T.);
#5483 = EDGE_CURVE('',#5476,#5484,#5486,.T.);
#5484 = VERTEX_POINT('',#5485);
#5485 = CARTESIAN_POINT('',(137.05,-104.8,1.635));
#5486 = LINE('',#5487,#5488);
#5487 = CARTESIAN_POINT('',(137.05,-107.1,1.635));
#5488 = VECTOR('',#5489,1.);
#5489 = DIRECTION('',(0.,1.,0.));
#5490 = ORIENTED_EDGE('',*,*,#5491,.F.);
#5491 = EDGE_CURVE('',#5492,#5484,#5494,.T.);
#5492 = VERTEX_POINT('',#5493);
#5493 = CARTESIAN_POINT('',(137.05,-104.8,1.6));
#5494 = LINE('',#5495,#5496);
#5495 = CARTESIAN_POINT('',(137.05,-104.8,1.6));
#5496 = VECTOR('',#5497,1.);
#5497 = DIRECTION('',(0.,0.,1.));
#5498 = ORIENTED_EDGE('',*,*,#5499,.F.);
#5499 = EDGE_CURVE('',#5474,#5492,#5500,.T.);
#5500 = LINE('',#5501,#5502);
#5501 = CARTESIAN_POINT('',(137.05,-107.1,1.6));
#5502 = VECTOR('',#5503,1.);
#5503 = DIRECTION('',(0.,1.,0.));
#5504 = PLANE('',#5505);
#5505 = AXIS2_PLACEMENT_3D('',#5506,#5507,#5508);
#5506 = CARTESIAN_POINT('',(137.05,-107.1,1.6));
#5507 = DIRECTION('',(-1.,0.,0.));
#5508 = DIRECTION('',(0.,1.,0.));
#5509 = ADVANCED_FACE('',(#5510),#5537,.T.);
#5510 = FACE_BOUND('',#5511,.F.);
#5511 = EDGE_LOOP('',(#5512,#5513,#5522,#5530));
#5512 = ORIENTED_EDGE('',*,*,#5491,.T.);
#5513 = ORIENTED_EDGE('',*,*,#5514,.T.);
#5514 = EDGE_CURVE('',#5484,#5515,#5517,.T.);
#5515 = VERTEX_POINT('',#5516);
#5516 = CARTESIAN_POINT('',(136.75,-104.8,1.635));
#5517 = CIRCLE('',#5518,0.15);
#5518 = AXIS2_PLACEMENT_3D('',#5519,#5520,#5521);
#5519 = CARTESIAN_POINT('',(136.9,-104.8,1.635));
#5520 = DIRECTION('',(0.,0.,1.));
#5521 = DIRECTION('',(1.,9.473903143468E-14,-0.));
#5522 = ORIENTED_EDGE('',*,*,#5523,.F.);
#5523 = EDGE_CURVE('',#5524,#5515,#5526,.T.);
#5524 = VERTEX_POINT('',#5525);
#5525 = CARTESIAN_POINT('',(136.75,-104.8,1.6));
#5526 = LINE('',#5527,#5528);
#5527 = CARTESIAN_POINT('',(136.75,-104.8,1.6));
#5528 = VECTOR('',#5529,1.);
#5529 = DIRECTION('',(0.,0.,1.));
#5530 = ORIENTED_EDGE('',*,*,#5531,.F.);
#5531 = EDGE_CURVE('',#5492,#5524,#5532,.T.);
#5532 = CIRCLE('',#5533,0.15);
#5533 = AXIS2_PLACEMENT_3D('',#5534,#5535,#5536);
#5534 = CARTESIAN_POINT('',(136.9,-104.8,1.6));
#5535 = DIRECTION('',(0.,0.,1.));
#5536 = DIRECTION('',(1.,9.473903143468E-14,-0.));
#5537 = CYLINDRICAL_SURFACE('',#5538,0.15);
#5538 = AXIS2_PLACEMENT_3D('',#5539,#5540,#5541);
#5539 = CARTESIAN_POINT('',(136.9,-104.8,1.6));
#5540 = DIRECTION('',(-0.,-0.,-1.));
#5541 = DIRECTION('',(1.,9.473903143468E-14,-0.));
#5542 = ADVANCED_FACE('',(#5543),#5568,.F.);
#5543 = FACE_BOUND('',#5544,.F.);
#5544 = EDGE_LOOP('',(#5545,#5546,#5554,#5562));
#5545 = ORIENTED_EDGE('',*,*,#5523,.T.);
#5546 = ORIENTED_EDGE('',*,*,#5547,.T.);
#5547 = EDGE_CURVE('',#5515,#5548,#5550,.T.);
#5548 = VERTEX_POINT('',#5549);
#5549 = CARTESIAN_POINT('',(136.75,-107.1,1.635));
#5550 = LINE('',#5551,#5552);
#5551 = CARTESIAN_POINT('',(136.75,-104.8,1.635));
#5552 = VECTOR('',#5553,1.);
#5553 = DIRECTION('',(0.,-1.,0.));
#5554 = ORIENTED_EDGE('',*,*,#5555,.F.);
#5555 = EDGE_CURVE('',#5556,#5548,#5558,.T.);
#5556 = VERTEX_POINT('',#5557);
#5557 = CARTESIAN_POINT('',(136.75,-107.1,1.6));
#5558 = LINE('',#5559,#5560);
#5559 = CARTESIAN_POINT('',(136.75,-107.1,1.6));
#5560 = VECTOR('',#5561,1.);
#5561 = DIRECTION('',(0.,0.,1.));
#5562 = ORIENTED_EDGE('',*,*,#5563,.F.);
#5563 = EDGE_CURVE('',#5524,#5556,#5564,.T.);
#5564 = LINE('',#5565,#5566);
#5565 = CARTESIAN_POINT('',(136.75,-104.8,1.6));
#5566 = VECTOR('',#5567,1.);
#5567 = DIRECTION('',(0.,-1.,0.));
#5568 = PLANE('',#5569);
#5569 = AXIS2_PLACEMENT_3D('',#5570,#5571,#5572);
#5570 = CARTESIAN_POINT('',(136.75,-104.8,1.6));
#5571 = DIRECTION('',(1.,0.,-0.));
#5572 = DIRECTION('',(0.,-1.,0.));
#5573 = ADVANCED_FACE('',(#5574),#5592,.T.);
#5574 = FACE_BOUND('',#5575,.F.);
#5575 = EDGE_LOOP('',(#5576,#5577,#5584,#5585));
#5576 = ORIENTED_EDGE('',*,*,#5555,.T.);
#5577 = ORIENTED_EDGE('',*,*,#5578,.T.);
#5578 = EDGE_CURVE('',#5548,#5476,#5579,.T.);
#5579 = CIRCLE('',#5580,0.15);
#5580 = AXIS2_PLACEMENT_3D('',#5581,#5582,#5583);
#5581 = CARTESIAN_POINT('',(136.9,-107.1,1.635));
#5582 = DIRECTION('',(0.,0.,1.));
#5583 = DIRECTION('',(-1.,-9.473903143468E-14,0.));
#5584 = ORIENTED_EDGE('',*,*,#5473,.F.);
#5585 = ORIENTED_EDGE('',*,*,#5586,.F.);
#5586 = EDGE_CURVE('',#5556,#5474,#5587,.T.);
#5587 = CIRCLE('',#5588,0.15);
#5588 = AXIS2_PLACEMENT_3D('',#5589,#5590,#5591);
#5589 = CARTESIAN_POINT('',(136.9,-107.1,1.6));
#5590 = DIRECTION('',(0.,0.,1.));
#5591 = DIRECTION('',(-1.,-9.473903143468E-14,0.));
#5592 = CYLINDRICAL_SURFACE('',#5593,0.15);
#5593 = AXIS2_PLACEMENT_3D('',#5594,#5595,#5596);
#5594 = CARTESIAN_POINT('',(136.9,-107.1,1.6));
#5595 = DIRECTION('',(-0.,-0.,-1.));
#5596 = DIRECTION('',(-1.,-9.473903143468E-14,0.));
#5597 = ADVANCED_FACE('',(#5598),#5604,.F.);
#5598 = FACE_BOUND('',#5599,.F.);
#5599 = EDGE_LOOP('',(#5600,#5601,#5602,#5603));
#5600 = ORIENTED_EDGE('',*,*,#5499,.T.);
#5601 = ORIENTED_EDGE('',*,*,#5531,.T.);
#5602 = ORIENTED_EDGE('',*,*,#5563,.T.);
#5603 = ORIENTED_EDGE('',*,*,#5586,.T.);
#5604 = PLANE('',#5605);
#5605 = AXIS2_PLACEMENT_3D('',#5606,#5607,#5608);
#5606 = CARTESIAN_POINT('',(137.05,-107.1,1.6));
#5607 = DIRECTION('',(0.,0.,1.));
#5608 = DIRECTION('',(1.,0.,-0.));
#5609 = ADVANCED_FACE('',(#5610),#5616,.T.);
#5610 = FACE_BOUND('',#5611,.T.);
#5611 = EDGE_LOOP('',(#5612,#5613,#5614,#5615));
#5612 = ORIENTED_EDGE('',*,*,#5483,.T.);
#5613 = ORIENTED_EDGE('',*,*,#5514,.T.);
#5614 = ORIENTED_EDGE('',*,*,#5547,.T.);
#5615 = ORIENTED_EDGE('',*,*,#5578,.T.);
#5616 = PLANE('',#5617);
#5617 = AXIS2_PLACEMENT_3D('',#5618,#5619,#5620);
#5618 = CARTESIAN_POINT('',(137.05,-107.1,1.635));
#5619 = DIRECTION('',(0.,0.,1.));
#5620 = DIRECTION('',(1.,0.,-0.));
#5621 = ( GEOMETRIC_REPRESENTATION_CONTEXT(3) 
GLOBAL_UNCERTAINTY_ASSIGNED_CONTEXT((#5625)) 
GLOBAL_UNIT_ASSIGNED_CONTEXT((#5622,#5623,#5624)) REPRESENTATION_CONTEXT
('Context #1','3D Context with UNIT and UNCERTAINTY') );
#5622 = ( LENGTH_UNIT() NAMED_UNIT(*) SI_UNIT(.MILLI.,.METRE.) );
#5623 = ( NAMED_UNIT(*) PLANE_ANGLE_UNIT() SI_UNIT($,.RADIAN.) );
#5624 = ( NAMED_UNIT(*) SI_UNIT($,.STERADIAN.) SOLID_ANGLE_UNIT() );
#5625 = UNCERTAINTY_MEASURE_WITH_UNIT(LENGTH_MEASURE(1.E-07),#5622,
  'distance_accuracy_value','confusion accuracy');
#5626 = CONTEXT_DEPENDENT_SHAPE_REPRESENTATION(#5627,#5629);
#5627 = ( REPRESENTATION_RELATIONSHIP('','',#5466,#10) 
REPRESENTATION_RELATIONSHIP_WITH_TRANSFORMATION(#5628) 
SHAPE_REPRESENTATION_RELATIONSHIP() );
#5628 = ITEM_DEFINED_TRANSFORMATION('','',#11,#135);
#5629 = PRODUCT_DEFINITION_SHAPE('Placement','Placement of an item',
  #5630);
#5630 = NEXT_ASSEMBLY_USAGE_OCCURRENCE('31','=>[0:1:1:32]','',#5,#5461,$
  );
#5631 = PRODUCT_RELATED_PRODUCT_CATEGORY('part',$,(#5463));
#5632 = SHAPE_DEFINITION_REPRESENTATION(#5633,#5639);
#5633 = PRODUCT_DEFINITION_SHAPE('','',#5634);
#5634 = PRODUCT_DEFINITION('design','',#5635,#5638);
#5635 = PRODUCT_DEFINITION_FORMATION('','',#5636);
#5636 = PRODUCT('_autosave-connection pcb_track_32',
  '_autosave-connection pcb_track_32','',(#5637));
#5637 = PRODUCT_CONTEXT('',#2,'mechanical');
#5638 = PRODUCT_DEFINITION_CONTEXT('part definition',#2,'design');
#5639 = ADVANCED_BREP_SHAPE_REPRESENTATION('',(#11,#5640),#5794);
#5640 = MANIFOLD_SOLID_BREP('',#5641);
#5641 = CLOSED_SHELL('',(#5642,#5682,#5715,#5746,#5770,#5782));
#5642 = ADVANCED_FACE('',(#5643),#5677,.F.);
#5643 = FACE_BOUND('',#5644,.F.);
#5644 = EDGE_LOOP('',(#5645,#5655,#5663,#5671));
#5645 = ORIENTED_EDGE('',*,*,#5646,.T.);
#5646 = EDGE_CURVE('',#5647,#5649,#5651,.T.);
#5647 = VERTEX_POINT('',#5648);
#5648 = CARTESIAN_POINT('',(136.006066,-96.893933,1.6));
#5649 = VERTEX_POINT('',#5650);
#5650 = CARTESIAN_POINT('',(136.006066,-96.893933,1.635));
#5651 = LINE('',#5652,#5653);
#5652 = CARTESIAN_POINT('',(136.006066,-96.893933,1.6));
#5653 = VECTOR('',#5654,1.);
#5654 = DIRECTION('',(0.,0.,1.));
#5655 = ORIENTED_EDGE('',*,*,#5656,.T.);
#5656 = EDGE_CURVE('',#5649,#5657,#5659,.T.);
#5657 = VERTEX_POINT('',#5658);
#5658 = CARTESIAN_POINT('',(134.306066,-95.193933,1.635));
#5659 = LINE('',#5660,#5661);
#5660 = CARTESIAN_POINT('',(136.006066,-96.893933,1.635));
#5661 = VECTOR('',#5662,1.);
#5662 = DIRECTION('',(-0.707106781187,0.707106781187,0.));
#5663 = ORIENTED_EDGE('',*,*,#5664,.F.);
#5664 = EDGE_CURVE('',#5665,#5657,#5667,.T.);
#5665 = VERTEX_POINT('',#5666);
#5666 = CARTESIAN_POINT('',(134.306066,-95.193933,1.6));
#5667 = LINE('',#5668,#5669);
#5668 = CARTESIAN_POINT('',(134.306066,-95.193933,1.6));
#5669 = VECTOR('',#5670,1.);
#5670 = DIRECTION('',(0.,0.,1.));
#5671 = ORIENTED_EDGE('',*,*,#5672,.F.);
#5672 = EDGE_CURVE('',#5647,#5665,#5673,.T.);
#5673 = LINE('',#5674,#5675);
#5674 = CARTESIAN_POINT('',(136.006066,-96.893933,1.6));
#5675 = VECTOR('',#5676,1.);
#5676 = DIRECTION('',(-0.707106781187,0.707106781187,0.));
#5677 = PLANE('',#5678);
#5678 = AXIS2_PLACEMENT_3D('',#5679,#5680,#5681);
#5679 = CARTESIAN_POINT('',(136.006066,-96.893933,1.6));
#5680 = DIRECTION('',(-0.707106781187,-0.707106781187,0.));
#5681 = DIRECTION('',(-0.707106781187,0.707106781187,0.));
#5682 = ADVANCED_FACE('',(#5683),#5710,.T.);
#5683 = FACE_BOUND('',#5684,.F.);
#5684 = EDGE_LOOP('',(#5685,#5686,#5695,#5703));
#5685 = ORIENTED_EDGE('',*,*,#5664,.T.);
#5686 = ORIENTED_EDGE('',*,*,#5687,.T.);
#5687 = EDGE_CURVE('',#5657,#5688,#5690,.T.);
#5688 = VERTEX_POINT('',#5689);
#5689 = CARTESIAN_POINT('',(134.093933,-95.406066,1.635));
#5690 = CIRCLE('',#5691,0.150000682813);
#5691 = AXIS2_PLACEMENT_3D('',#5692,#5693,#5694);
#5692 = CARTESIAN_POINT('',(134.1999995,-95.2999995,1.635));
#5693 = DIRECTION('',(0.,0.,1.));
#5694 = DIRECTION('',(0.707106781187,0.707106781187,-0.));
#5695 = ORIENTED_EDGE('',*,*,#5696,.F.);
#5696 = EDGE_CURVE('',#5697,#5688,#5699,.T.);
#5697 = VERTEX_POINT('',#5698);
#5698 = CARTESIAN_POINT('',(134.093933,-95.406066,1.6));
#5699 = LINE('',#5700,#5701);
#5700 = CARTESIAN_POINT('',(134.093933,-95.406066,1.6));
#5701 = VECTOR('',#5702,1.);
#5702 = DIRECTION('',(0.,0.,1.));
#5703 = ORIENTED_EDGE('',*,*,#5704,.F.);
#5704 = EDGE_CURVE('',#5665,#5697,#5705,.T.);
#5705 = CIRCLE('',#5706,0.150000682813);
#5706 = AXIS2_PLACEMENT_3D('',#5707,#5708,#5709);
#5707 = CARTESIAN_POINT('',(134.1999995,-95.2999995,1.6));
#5708 = DIRECTION('',(0.,0.,1.));
#5709 = DIRECTION('',(0.707106781187,0.707106781187,-0.));
#5710 = CYLINDRICAL_SURFACE('',#5711,0.150000682813);
#5711 = AXIS2_PLACEMENT_3D('',#5712,#5713,#5714);
#5712 = CARTESIAN_POINT('',(134.1999995,-95.2999995,1.6));
#5713 = DIRECTION('',(-0.,-0.,-1.));
#5714 = DIRECTION('',(0.707106781187,0.707106781187,-0.));
#5715 = ADVANCED_FACE('',(#5716),#5741,.F.);
#5716 = FACE_BOUND('',#5717,.F.);
#5717 = EDGE_LOOP('',(#5718,#5719,#5727,#5735));
#5718 = ORIENTED_EDGE('',*,*,#5696,.T.);
#5719 = ORIENTED_EDGE('',*,*,#5720,.T.);
#5720 = EDGE_CURVE('',#5688,#5721,#5723,.T.);
#5721 = VERTEX_POINT('',#5722);
#5722 = CARTESIAN_POINT('',(135.793933,-97.106066,1.635));
#5723 = LINE('',#5724,#5725);
#5724 = CARTESIAN_POINT('',(134.093933,-95.406066,1.635));
#5725 = VECTOR('',#5726,1.);
#5726 = DIRECTION('',(0.707106781187,-0.707106781187,0.));
#5727 = ORIENTED_EDGE('',*,*,#5728,.F.);
#5728 = EDGE_CURVE('',#5729,#5721,#5731,.T.);
#5729 = VERTEX_POINT('',#5730);
#5730 = CARTESIAN_POINT('',(135.793933,-97.106066,1.6));
#5731 = LINE('',#5732,#5733);
#5732 = CARTESIAN_POINT('',(135.793933,-97.106066,1.6));
#5733 = VECTOR('',#5734,1.);
#5734 = DIRECTION('',(0.,0.,1.));
#5735 = ORIENTED_EDGE('',*,*,#5736,.F.);
#5736 = EDGE_CURVE('',#5697,#5729,#5737,.T.);
#5737 = LINE('',#5738,#5739);
#5738 = CARTESIAN_POINT('',(134.093933,-95.406066,1.6));
#5739 = VECTOR('',#5740,1.);
#5740 = DIRECTION('',(0.707106781187,-0.707106781187,0.));
#5741 = PLANE('',#5742);
#5742 = AXIS2_PLACEMENT_3D('',#5743,#5744,#5745);
#5743 = CARTESIAN_POINT('',(134.093933,-95.406066,1.6));
#5744 = DIRECTION('',(0.707106781187,0.707106781187,-0.));
#5745 = DIRECTION('',(0.707106781187,-0.707106781187,0.));
#5746 = ADVANCED_FACE('',(#5747),#5765,.T.);
#5747 = FACE_BOUND('',#5748,.F.);
#5748 = EDGE_LOOP('',(#5749,#5750,#5757,#5758));
#5749 = ORIENTED_EDGE('',*,*,#5728,.T.);
#5750 = ORIENTED_EDGE('',*,*,#5751,.T.);
#5751 = EDGE_CURVE('',#5721,#5649,#5752,.T.);
#5752 = CIRCLE('',#5753,0.150000682813);
#5753 = AXIS2_PLACEMENT_3D('',#5754,#5755,#5756);
#5754 = CARTESIAN_POINT('',(135.8999995,-96.9999995,1.635));
#5755 = DIRECTION('',(0.,0.,1.));
#5756 = DIRECTION('',(-0.707106781187,-0.707106781187,0.));
#5757 = ORIENTED_EDGE('',*,*,#5646,.F.);
#5758 = ORIENTED_EDGE('',*,*,#5759,.F.);
#5759 = EDGE_CURVE('',#5729,#5647,#5760,.T.);
#5760 = CIRCLE('',#5761,0.150000682813);
#5761 = AXIS2_PLACEMENT_3D('',#5762,#5763,#5764);
#5762 = CARTESIAN_POINT('',(135.8999995,-96.9999995,1.6));
#5763 = DIRECTION('',(0.,0.,1.));
#5764 = DIRECTION('',(-0.707106781187,-0.707106781187,0.));
#5765 = CYLINDRICAL_SURFACE('',#5766,0.150000682813);
#5766 = AXIS2_PLACEMENT_3D('',#5767,#5768,#5769);
#5767 = CARTESIAN_POINT('',(135.8999995,-96.9999995,1.6));
#5768 = DIRECTION('',(-0.,-0.,-1.));
#5769 = DIRECTION('',(-0.707106781187,-0.707106781187,0.));
#5770 = ADVANCED_FACE('',(#5771),#5777,.F.);
#5771 = FACE_BOUND('',#5772,.F.);
#5772 = EDGE_LOOP('',(#5773,#5774,#5775,#5776));
#5773 = ORIENTED_EDGE('',*,*,#5672,.T.);
#5774 = ORIENTED_EDGE('',*,*,#5704,.T.);
#5775 = ORIENTED_EDGE('',*,*,#5736,.T.);
#5776 = ORIENTED_EDGE('',*,*,#5759,.T.);
#5777 = PLANE('',#5778);
#5778 = AXIS2_PLACEMENT_3D('',#5779,#5780,#5781);
#5779 = CARTESIAN_POINT('',(136.006066,-96.893933,1.6));
#5780 = DIRECTION('',(0.,0.,1.));
#5781 = DIRECTION('',(1.,0.,-0.));
#5782 = ADVANCED_FACE('',(#5783),#5789,.T.);
#5783 = FACE_BOUND('',#5784,.T.);
#5784 = EDGE_LOOP('',(#5785,#5786,#5787,#5788));
#5785 = ORIENTED_EDGE('',*,*,#5656,.T.);
#5786 = ORIENTED_EDGE('',*,*,#5687,.T.);
#5787 = ORIENTED_EDGE('',*,*,#5720,.T.);
#5788 = ORIENTED_EDGE('',*,*,#5751,.T.);
#5789 = PLANE('',#5790);
#5790 = AXIS2_PLACEMENT_3D('',#5791,#5792,#5793);
#5791 = CARTESIAN_POINT('',(136.006066,-96.893933,1.635));
#5792 = DIRECTION('',(0.,0.,1.));
#5793 = DIRECTION('',(1.,0.,-0.));
#5794 = ( GEOMETRIC_REPRESENTATION_CONTEXT(3) 
GLOBAL_UNCERTAINTY_ASSIGNED_CONTEXT((#5798)) 
GLOBAL_UNIT_ASSIGNED_CONTEXT((#5795,#5796,#5797)) REPRESENTATION_CONTEXT
('Context #1','3D Context with UNIT and UNCERTAINTY') );
#5795 = ( LENGTH_UNIT() NAMED_UNIT(*) SI_UNIT(.MILLI.,.METRE.) );
#5796 = ( NAMED_UNIT(*) PLANE_ANGLE_UNIT() SI_UNIT($,.RADIAN.) );
#5797 = ( NAMED_UNIT(*) SI_UNIT($,.STERADIAN.) SOLID_ANGLE_UNIT() );
#5798 = UNCERTAINTY_MEASURE_WITH_UNIT(LENGTH_MEASURE(1.E-07),#5795,
  'distance_accuracy_value','confusion accuracy');
#5799 = CONTEXT_DEPENDENT_SHAPE_REPRESENTATION(#5800,#5802);
#5800 = ( REPRESENTATION_RELATIONSHIP('','',#5639,#10) 
REPRESENTATION_RELATIONSHIP_WITH_TRANSFORMATION(#5801) 
SHAPE_REPRESENTATION_RELATIONSHIP() );
#5801 = ITEM_DEFINED_TRANSFORMATION('','',#11,#139);
#5802 = PRODUCT_DEFINITION_SHAPE('Placement','Placement of an item',
  #5803);
#5803 = NEXT_ASSEMBLY_USAGE_OCCURRENCE('32','=>[0:1:1:33]','',#5,#5634,$
  );
#5804 = PRODUCT_RELATED_PRODUCT_CATEGORY('part',$,(#5636));
#5805 = SHAPE_DEFINITION_REPRESENTATION(#5806,#5812);
#5806 = PRODUCT_DEFINITION_SHAPE('','',#5807);
#5807 = PRODUCT_DEFINITION('design','',#5808,#5811);
#5808 = PRODUCT_DEFINITION_FORMATION('','',#5809);
#5809 = PRODUCT('_autosave-connection pcb_track_33',
  '_autosave-connection pcb_track_33','',(#5810));
#5810 = PRODUCT_CONTEXT('',#2,'mechanical');
#5811 = PRODUCT_DEFINITION_CONTEXT('part definition',#2,'design');
#5812 = ADVANCED_BREP_SHAPE_REPRESENTATION('',(#11,#5813),#5967);
#5813 = MANIFOLD_SOLID_BREP('',#5814);
#5814 = CLOSED_SHELL('',(#5815,#5855,#5888,#5919,#5943,#5955));
#5815 = ADVANCED_FACE('',(#5816),#5850,.F.);
#5816 = FACE_BOUND('',#5817,.F.);
#5817 = EDGE_LOOP('',(#5818,#5828,#5836,#5844));
#5818 = ORIENTED_EDGE('',*,*,#5819,.T.);
#5819 = EDGE_CURVE('',#5820,#5822,#5824,.T.);
#5820 = VERTEX_POINT('',#5821);
#5821 = CARTESIAN_POINT('',(136.05,-103.8,1.6));
#5822 = VERTEX_POINT('',#5823);
#5823 = CARTESIAN_POINT('',(136.05,-103.8,1.635));
#5824 = LINE('',#5825,#5826);
#5825 = CARTESIAN_POINT('',(136.05,-103.8,1.6));
#5826 = VECTOR('',#5827,1.);
#5827 = DIRECTION('',(0.,0.,1.));
#5828 = ORIENTED_EDGE('',*,*,#5829,.T.);
#5829 = EDGE_CURVE('',#5822,#5830,#5832,.T.);
#5830 = VERTEX_POINT('',#5831);
#5831 = CARTESIAN_POINT('',(136.05,-97.,1.635));
#5832 = LINE('',#5833,#5834);
#5833 = CARTESIAN_POINT('',(136.05,-103.8,1.635));
#5834 = VECTOR('',#5835,1.);
#5835 = DIRECTION('',(0.,1.,0.));
#5836 = ORIENTED_EDGE('',*,*,#5837,.F.);
#5837 = EDGE_CURVE('',#5838,#5830,#5840,.T.);
#5838 = VERTEX_POINT('',#5839);
#5839 = CARTESIAN_POINT('',(136.05,-97.,1.6));
#5840 = LINE('',#5841,#5842);
#5841 = CARTESIAN_POINT('',(136.05,-97.,1.6));
#5842 = VECTOR('',#5843,1.);
#5843 = DIRECTION('',(0.,0.,1.));
#5844 = ORIENTED_EDGE('',*,*,#5845,.F.);
#5845 = EDGE_CURVE('',#5820,#5838,#5846,.T.);
#5846 = LINE('',#5847,#5848);
#5847 = CARTESIAN_POINT('',(136.05,-103.8,1.6));
#5848 = VECTOR('',#5849,1.);
#5849 = DIRECTION('',(0.,1.,0.));
#5850 = PLANE('',#5851);
#5851 = AXIS2_PLACEMENT_3D('',#5852,#5853,#5854);
#5852 = CARTESIAN_POINT('',(136.05,-103.8,1.6));
#5853 = DIRECTION('',(-1.,0.,0.));
#5854 = DIRECTION('',(0.,1.,0.));
#5855 = ADVANCED_FACE('',(#5856),#5883,.T.);
#5856 = FACE_BOUND('',#5857,.F.);
#5857 = EDGE_LOOP('',(#5858,#5859,#5868,#5876));
#5858 = ORIENTED_EDGE('',*,*,#5837,.T.);
#5859 = ORIENTED_EDGE('',*,*,#5860,.T.);
#5860 = EDGE_CURVE('',#5830,#5861,#5863,.T.);
#5861 = VERTEX_POINT('',#5862);
#5862 = CARTESIAN_POINT('',(135.75,-97.,1.635));
#5863 = CIRCLE('',#5864,0.15);
#5864 = AXIS2_PLACEMENT_3D('',#5865,#5866,#5867);
#5865 = CARTESIAN_POINT('',(135.9,-97.,1.635));
#5866 = DIRECTION('',(0.,0.,1.));
#5867 = DIRECTION('',(1.,9.473903143468E-14,-0.));
#5868 = ORIENTED_EDGE('',*,*,#5869,.F.);
#5869 = EDGE_CURVE('',#5870,#5861,#5872,.T.);
#5870 = VERTEX_POINT('',#5871);
#5871 = CARTESIAN_POINT('',(135.75,-97.,1.6));
#5872 = LINE('',#5873,#5874);
#5873 = CARTESIAN_POINT('',(135.75,-97.,1.6));
#5874 = VECTOR('',#5875,1.);
#5875 = DIRECTION('',(0.,0.,1.));
#5876 = ORIENTED_EDGE('',*,*,#5877,.F.);
#5877 = EDGE_CURVE('',#5838,#5870,#5878,.T.);
#5878 = CIRCLE('',#5879,0.15);
#5879 = AXIS2_PLACEMENT_3D('',#5880,#5881,#5882);
#5880 = CARTESIAN_POINT('',(135.9,-97.,1.6));
#5881 = DIRECTION('',(0.,0.,1.));
#5882 = DIRECTION('',(1.,9.473903143468E-14,-0.));
#5883 = CYLINDRICAL_SURFACE('',#5884,0.15);
#5884 = AXIS2_PLACEMENT_3D('',#5885,#5886,#5887);
#5885 = CARTESIAN_POINT('',(135.9,-97.,1.6));
#5886 = DIRECTION('',(-0.,-0.,-1.));
#5887 = DIRECTION('',(1.,9.473903143468E-14,-0.));
#5888 = ADVANCED_FACE('',(#5889),#5914,.F.);
#5889 = FACE_BOUND('',#5890,.F.);
#5890 = EDGE_LOOP('',(#5891,#5892,#5900,#5908));
#5891 = ORIENTED_EDGE('',*,*,#5869,.T.);
#5892 = ORIENTED_EDGE('',*,*,#5893,.T.);
#5893 = EDGE_CURVE('',#5861,#5894,#5896,.T.);
#5894 = VERTEX_POINT('',#5895);
#5895 = CARTESIAN_POINT('',(135.75,-103.8,1.635));
#5896 = LINE('',#5897,#5898);
#5897 = CARTESIAN_POINT('',(135.75,-97.,1.635));
#5898 = VECTOR('',#5899,1.);
#5899 = DIRECTION('',(0.,-1.,0.));
#5900 = ORIENTED_EDGE('',*,*,#5901,.F.);
#5901 = EDGE_CURVE('',#5902,#5894,#5904,.T.);
#5902 = VERTEX_POINT('',#5903);
#5903 = CARTESIAN_POINT('',(135.75,-103.8,1.6));
#5904 = LINE('',#5905,#5906);
#5905 = CARTESIAN_POINT('',(135.75,-103.8,1.6));
#5906 = VECTOR('',#5907,1.);
#5907 = DIRECTION('',(0.,0.,1.));
#5908 = ORIENTED_EDGE('',*,*,#5909,.F.);
#5909 = EDGE_CURVE('',#5870,#5902,#5910,.T.);
#5910 = LINE('',#5911,#5912);
#5911 = CARTESIAN_POINT('',(135.75,-97.,1.6));
#5912 = VECTOR('',#5913,1.);
#5913 = DIRECTION('',(0.,-1.,0.));
#5914 = PLANE('',#5915);
#5915 = AXIS2_PLACEMENT_3D('',#5916,#5917,#5918);
#5916 = CARTESIAN_POINT('',(135.75,-97.,1.6));
#5917 = DIRECTION('',(1.,0.,-0.));
#5918 = DIRECTION('',(0.,-1.,0.));
#5919 = ADVANCED_FACE('',(#5920),#5938,.T.);
#5920 = FACE_BOUND('',#5921,.F.);
#5921 = EDGE_LOOP('',(#5922,#5923,#5930,#5931));
#5922 = ORIENTED_EDGE('',*,*,#5901,.T.);
#5923 = ORIENTED_EDGE('',*,*,#5924,.T.);
#5924 = EDGE_CURVE('',#5894,#5822,#5925,.T.);
#5925 = CIRCLE('',#5926,0.15);
#5926 = AXIS2_PLACEMENT_3D('',#5927,#5928,#5929);
#5927 = CARTESIAN_POINT('',(135.9,-103.8,1.635));
#5928 = DIRECTION('',(0.,0.,1.));
#5929 = DIRECTION('',(-1.,-9.473903143468E-14,0.));
#5930 = ORIENTED_EDGE('',*,*,#5819,.F.);
#5931 = ORIENTED_EDGE('',*,*,#5932,.F.);
#5932 = EDGE_CURVE('',#5902,#5820,#5933,.T.);
#5933 = CIRCLE('',#5934,0.15);
#5934 = AXIS2_PLACEMENT_3D('',#5935,#5936,#5937);
#5935 = CARTESIAN_POINT('',(135.9,-103.8,1.6));
#5936 = DIRECTION('',(0.,0.,1.));
#5937 = DIRECTION('',(-1.,-9.473903143468E-14,0.));
#5938 = CYLINDRICAL_SURFACE('',#5939,0.15);
#5939 = AXIS2_PLACEMENT_3D('',#5940,#5941,#5942);
#5940 = CARTESIAN_POINT('',(135.9,-103.8,1.6));
#5941 = DIRECTION('',(-0.,-0.,-1.));
#5942 = DIRECTION('',(-1.,-9.473903143468E-14,0.));
#5943 = ADVANCED_FACE('',(#5944),#5950,.F.);
#5944 = FACE_BOUND('',#5945,.F.);
#5945 = EDGE_LOOP('',(#5946,#5947,#5948,#5949));
#5946 = ORIENTED_EDGE('',*,*,#5845,.T.);
#5947 = ORIENTED_EDGE('',*,*,#5877,.T.);
#5948 = ORIENTED_EDGE('',*,*,#5909,.T.);
#5949 = ORIENTED_EDGE('',*,*,#5932,.T.);
#5950 = PLANE('',#5951);
#5951 = AXIS2_PLACEMENT_3D('',#5952,#5953,#5954);
#5952 = CARTESIAN_POINT('',(136.05,-103.8,1.6));
#5953 = DIRECTION('',(0.,0.,1.));
#5954 = DIRECTION('',(1.,0.,-0.));
#5955 = ADVANCED_FACE('',(#5956),#5962,.T.);
#5956 = FACE_BOUND('',#5957,.T.);
#5957 = EDGE_LOOP('',(#5958,#5959,#5960,#5961));
#5958 = ORIENTED_EDGE('',*,*,#5829,.T.);
#5959 = ORIENTED_EDGE('',*,*,#5860,.T.);
#5960 = ORIENTED_EDGE('',*,*,#5893,.T.);
#5961 = ORIENTED_EDGE('',*,*,#5924,.T.);
#5962 = PLANE('',#5963);
#5963 = AXIS2_PLACEMENT_3D('',#5964,#5965,#5966);
#5964 = CARTESIAN_POINT('',(136.05,-103.8,1.635));
#5965 = DIRECTION('',(0.,0.,1.));
#5966 = DIRECTION('',(1.,0.,-0.));
#5967 = ( GEOMETRIC_REPRESENTATION_CONTEXT(3) 
GLOBAL_UNCERTAINTY_ASSIGNED_CONTEXT((#5971)) 
GLOBAL_UNIT_ASSIGNED_CONTEXT((#5968,#5969,#5970)) REPRESENTATION_CONTEXT
('Context #1','3D Context with UNIT and UNCERTAINTY') );
#5968 = ( LENGTH_UNIT() NAMED_UNIT(*) SI_UNIT(.MILLI.,.METRE.) );
#5969 = ( NAMED_UNIT(*) PLANE_ANGLE_UNIT() SI_UNIT($,.RADIAN.) );
#5970 = ( NAMED_UNIT(*) SI_UNIT($,.STERADIAN.) SOLID_ANGLE_UNIT() );
#5971 = UNCERTAINTY_MEASURE_WITH_UNIT(LENGTH_MEASURE(1.E-07),#5968,
  'distance_accuracy_value','confusion accuracy');
#5972 = CONTEXT_DEPENDENT_SHAPE_REPRESENTATION(#5973,#5975);
#5973 = ( REPRESENTATION_RELATIONSHIP('','',#5812,#10) 
REPRESENTATION_RELATIONSHIP_WITH_TRANSFORMATION(#5974) 
SHAPE_REPRESENTATION_RELATIONSHIP() );
#5974 = ITEM_DEFINED_TRANSFORMATION('','',#11,#143);
#5975 = PRODUCT_DEFINITION_SHAPE('Placement','Placement of an item',
  #5976);
#5976 = NEXT_ASSEMBLY_USAGE_OCCURRENCE('33','=>[0:1:1:34]','',#5,#5807,$
  );
#5977 = PRODUCT_RELATED_PRODUCT_CATEGORY('part',$,(#5809));
#5978 = SHAPE_DEFINITION_REPRESENTATION(#5979,#5985);
#5979 = PRODUCT_DEFINITION_SHAPE('','',#5980);
#5980 = PRODUCT_DEFINITION('design','',#5981,#5984);
#5981 = PRODUCT_DEFINITION_FORMATION('','',#5982);
#5982 = PRODUCT('_autosave-connection pcb_track_34',
  '_autosave-connection pcb_track_34','',(#5983));
#5983 = PRODUCT_CONTEXT('',#2,'mechanical');
#5984 = PRODUCT_DEFINITION_CONTEXT('part definition',#2,'design');
#5985 = ADVANCED_BREP_SHAPE_REPRESENTATION('',(#11,#5986),#6140);
#5986 = MANIFOLD_SOLID_BREP('',#5987);
#5987 = CLOSED_SHELL('',(#5988,#6028,#6061,#6092,#6116,#6128));
#5988 = ADVANCED_FACE('',(#5989),#6023,.F.);
#5989 = FACE_BOUND('',#5990,.F.);
#5990 = EDGE_LOOP('',(#5991,#6001,#6009,#6017));
#5991 = ORIENTED_EDGE('',*,*,#5992,.T.);
#5992 = EDGE_CURVE('',#5993,#5995,#5997,.T.);
#5993 = VERTEX_POINT('',#5994);
#5994 = CARTESIAN_POINT('',(137.006066,-104.693933,1.6));
#5995 = VERTEX_POINT('',#5996);
#5996 = CARTESIAN_POINT('',(137.006066,-104.693933,1.635));
#5997 = LINE('',#5998,#5999);
#5998 = CARTESIAN_POINT('',(137.006066,-104.693933,1.6));
#5999 = VECTOR('',#6000,1.);
#6000 = DIRECTION('',(0.,0.,1.));
#6001 = ORIENTED_EDGE('',*,*,#6002,.T.);
#6002 = EDGE_CURVE('',#5995,#6003,#6005,.T.);
#6003 = VERTEX_POINT('',#6004);
#6004 = CARTESIAN_POINT('',(136.006066,-103.693933,1.635));
#6005 = LINE('',#6006,#6007);
#6006 = CARTESIAN_POINT('',(137.006066,-104.693933,1.635));
#6007 = VECTOR('',#6008,1.);
#6008 = DIRECTION('',(-0.707106781187,0.707106781187,0.));
#6009 = ORIENTED_EDGE('',*,*,#6010,.F.);
#6010 = EDGE_CURVE('',#6011,#6003,#6013,.T.);
#6011 = VERTEX_POINT('',#6012);
#6012 = CARTESIAN_POINT('',(136.006066,-103.693933,1.6));
#6013 = LINE('',#6014,#6015);
#6014 = CARTESIAN_POINT('',(136.006066,-103.693933,1.6));
#6015 = VECTOR('',#6016,1.);
#6016 = DIRECTION('',(0.,0.,1.));
#6017 = ORIENTED_EDGE('',*,*,#6018,.F.);
#6018 = EDGE_CURVE('',#5993,#6011,#6019,.T.);
#6019 = LINE('',#6020,#6021);
#6020 = CARTESIAN_POINT('',(137.006066,-104.693933,1.6));
#6021 = VECTOR('',#6022,1.);
#6022 = DIRECTION('',(-0.707106781187,0.707106781187,0.));
#6023 = PLANE('',#6024);
#6024 = AXIS2_PLACEMENT_3D('',#6025,#6026,#6027);
#6025 = CARTESIAN_POINT('',(137.006066,-104.693933,1.6));
#6026 = DIRECTION('',(-0.707106781187,-0.707106781187,0.));
#6027 = DIRECTION('',(-0.707106781187,0.707106781187,0.));
#6028 = ADVANCED_FACE('',(#6029),#6056,.T.);
#6029 = FACE_BOUND('',#6030,.F.);
#6030 = EDGE_LOOP('',(#6031,#6032,#6041,#6049));
#6031 = ORIENTED_EDGE('',*,*,#6010,.T.);
#6032 = ORIENTED_EDGE('',*,*,#6033,.T.);
#6033 = EDGE_CURVE('',#6003,#6034,#6036,.T.);
#6034 = VERTEX_POINT('',#6035);
#6035 = CARTESIAN_POINT('',(135.793933,-103.906066,1.635));
#6036 = CIRCLE('',#6037,0.150000682813);
#6037 = AXIS2_PLACEMENT_3D('',#6038,#6039,#6040);
#6038 = CARTESIAN_POINT('',(135.8999995,-103.7999995,1.635));
#6039 = DIRECTION('',(0.,0.,1.));
#6040 = DIRECTION('',(0.707106781187,0.707106781187,-0.));
#6041 = ORIENTED_EDGE('',*,*,#6042,.F.);
#6042 = EDGE_CURVE('',#6043,#6034,#6045,.T.);
#6043 = VERTEX_POINT('',#6044);
#6044 = CARTESIAN_POINT('',(135.793933,-103.906066,1.6));
#6045 = LINE('',#6046,#6047);
#6046 = CARTESIAN_POINT('',(135.793933,-103.906066,1.6));
#6047 = VECTOR('',#6048,1.);
#6048 = DIRECTION('',(0.,0.,1.));
#6049 = ORIENTED_EDGE('',*,*,#6050,.F.);
#6050 = EDGE_CURVE('',#6011,#6043,#6051,.T.);
#6051 = CIRCLE('',#6052,0.150000682813);
#6052 = AXIS2_PLACEMENT_3D('',#6053,#6054,#6055);
#6053 = CARTESIAN_POINT('',(135.8999995,-103.7999995,1.6));
#6054 = DIRECTION('',(0.,0.,1.));
#6055 = DIRECTION('',(0.707106781187,0.707106781187,-0.));
#6056 = CYLINDRICAL_SURFACE('',#6057,0.150000682813);
#6057 = AXIS2_PLACEMENT_3D('',#6058,#6059,#6060);
#6058 = CARTESIAN_POINT('',(135.8999995,-103.7999995,1.6));
#6059 = DIRECTION('',(-0.,-0.,-1.));
#6060 = DIRECTION('',(0.707106781187,0.707106781187,-0.));
#6061 = ADVANCED_FACE('',(#6062),#6087,.F.);
#6062 = FACE_BOUND('',#6063,.F.);
#6063 = EDGE_LOOP('',(#6064,#6065,#6073,#6081));
#6064 = ORIENTED_EDGE('',*,*,#6042,.T.);
#6065 = ORIENTED_EDGE('',*,*,#6066,.T.);
#6066 = EDGE_CURVE('',#6034,#6067,#6069,.T.);
#6067 = VERTEX_POINT('',#6068);
#6068 = CARTESIAN_POINT('',(136.793933,-104.906066,1.635));
#6069 = LINE('',#6070,#6071);
#6070 = CARTESIAN_POINT('',(135.793933,-103.906066,1.635));
#6071 = VECTOR('',#6072,1.);
#6072 = DIRECTION('',(0.707106781187,-0.707106781187,0.));
#6073 = ORIENTED_EDGE('',*,*,#6074,.F.);
#6074 = EDGE_CURVE('',#6075,#6067,#6077,.T.);
#6075 = VERTEX_POINT('',#6076);
#6076 = CARTESIAN_POINT('',(136.793933,-104.906066,1.6));
#6077 = LINE('',#6078,#6079);
#6078 = CARTESIAN_POINT('',(136.793933,-104.906066,1.6));
#6079 = VECTOR('',#6080,1.);
#6080 = DIRECTION('',(0.,0.,1.));
#6081 = ORIENTED_EDGE('',*,*,#6082,.F.);
#6082 = EDGE_CURVE('',#6043,#6075,#6083,.T.);
#6083 = LINE('',#6084,#6085);
#6084 = CARTESIAN_POINT('',(135.793933,-103.906066,1.6));
#6085 = VECTOR('',#6086,1.);
#6086 = DIRECTION('',(0.707106781187,-0.707106781187,0.));
#6087 = PLANE('',#6088);
#6088 = AXIS2_PLACEMENT_3D('',#6089,#6090,#6091);
#6089 = CARTESIAN_POINT('',(135.793933,-103.906066,1.6));
#6090 = DIRECTION('',(0.707106781187,0.707106781187,-0.));
#6091 = DIRECTION('',(0.707106781187,-0.707106781187,0.));
#6092 = ADVANCED_FACE('',(#6093),#6111,.T.);
#6093 = FACE_BOUND('',#6094,.F.);
#6094 = EDGE_LOOP('',(#6095,#6096,#6103,#6104));
#6095 = ORIENTED_EDGE('',*,*,#6074,.T.);
#6096 = ORIENTED_EDGE('',*,*,#6097,.T.);
#6097 = EDGE_CURVE('',#6067,#5995,#6098,.T.);
#6098 = CIRCLE('',#6099,0.150000682813);
#6099 = AXIS2_PLACEMENT_3D('',#6100,#6101,#6102);
#6100 = CARTESIAN_POINT('',(136.8999995,-104.7999995,1.635));
#6101 = DIRECTION('',(0.,0.,1.));
#6102 = DIRECTION('',(-0.707106781187,-0.707106781187,0.));
#6103 = ORIENTED_EDGE('',*,*,#5992,.F.);
#6104 = ORIENTED_EDGE('',*,*,#6105,.F.);
#6105 = EDGE_CURVE('',#6075,#5993,#6106,.T.);
#6106 = CIRCLE('',#6107,0.150000682813);
#6107 = AXIS2_PLACEMENT_3D('',#6108,#6109,#6110);
#6108 = CARTESIAN_POINT('',(136.8999995,-104.7999995,1.6));
#6109 = DIRECTION('',(0.,0.,1.));
#6110 = DIRECTION('',(-0.707106781187,-0.707106781187,0.));
#6111 = CYLINDRICAL_SURFACE('',#6112,0.150000682813);
#6112 = AXIS2_PLACEMENT_3D('',#6113,#6114,#6115);
#6113 = CARTESIAN_POINT('',(136.8999995,-104.7999995,1.6));
#6114 = DIRECTION('',(-0.,-0.,-1.));
#6115 = DIRECTION('',(-0.707106781187,-0.707106781187,0.));
#6116 = ADVANCED_FACE('',(#6117),#6123,.F.);
#6117 = FACE_BOUND('',#6118,.F.);
#6118 = EDGE_LOOP('',(#6119,#6120,#6121,#6122));
#6119 = ORIENTED_EDGE('',*,*,#6018,.T.);
#6120 = ORIENTED_EDGE('',*,*,#6050,.T.);
#6121 = ORIENTED_EDGE('',*,*,#6082,.T.);
#6122 = ORIENTED_EDGE('',*,*,#6105,.T.);
#6123 = PLANE('',#6124);
#6124 = AXIS2_PLACEMENT_3D('',#6125,#6126,#6127);
#6125 = CARTESIAN_POINT('',(137.006066,-104.693933,1.6));
#6126 = DIRECTION('',(0.,0.,1.));
#6127 = DIRECTION('',(1.,0.,-0.));
#6128 = ADVANCED_FACE('',(#6129),#6135,.T.);
#6129 = FACE_BOUND('',#6130,.T.);
#6130 = EDGE_LOOP('',(#6131,#6132,#6133,#6134));
#6131 = ORIENTED_EDGE('',*,*,#6002,.T.);
#6132 = ORIENTED_EDGE('',*,*,#6033,.T.);
#6133 = ORIENTED_EDGE('',*,*,#6066,.T.);
#6134 = ORIENTED_EDGE('',*,*,#6097,.T.);
#6135 = PLANE('',#6136);
#6136 = AXIS2_PLACEMENT_3D('',#6137,#6138,#6139);
#6137 = CARTESIAN_POINT('',(137.006066,-104.693933,1.635));
#6138 = DIRECTION('',(0.,0.,1.));
#6139 = DIRECTION('',(1.,0.,-0.));
#6140 = ( GEOMETRIC_REPRESENTATION_CONTEXT(3) 
GLOBAL_UNCERTAINTY_ASSIGNED_CONTEXT((#6144)) 
GLOBAL_UNIT_ASSIGNED_CONTEXT((#6141,#6142,#6143)) REPRESENTATION_CONTEXT
('Context #1','3D Context with UNIT and UNCERTAINTY') );
#6141 = ( LENGTH_UNIT() NAMED_UNIT(*) SI_UNIT(.MILLI.,.METRE.) );
#6142 = ( NAMED_UNIT(*) PLANE_ANGLE_UNIT() SI_UNIT($,.RADIAN.) );
#6143 = ( NAMED_UNIT(*) SI_UNIT($,.STERADIAN.) SOLID_ANGLE_UNIT() );
#6144 = UNCERTAINTY_MEASURE_WITH_UNIT(LENGTH_MEASURE(1.E-07),#6141,
  'distance_accuracy_value','confusion accuracy');
#6145 = CONTEXT_DEPENDENT_SHAPE_REPRESENTATION(#6146,#6148);
#6146 = ( REPRESENTATION_RELATIONSHIP('','',#5985,#10) 
REPRESENTATION_RELATIONSHIP_WITH_TRANSFORMATION(#6147) 
SHAPE_REPRESENTATION_RELATIONSHIP() );
#6147 = ITEM_DEFINED_TRANSFORMATION('','',#11,#147);
#6148 = PRODUCT_DEFINITION_SHAPE('Placement','Placement of an item',
  #6149);
#6149 = NEXT_ASSEMBLY_USAGE_OCCURRENCE('34','=>[0:1:1:35]','',#5,#5980,$
  );
#6150 = PRODUCT_RELATED_PRODUCT_CATEGORY('part',$,(#5982));
#6151 = SHAPE_DEFINITION_REPRESENTATION(#6152,#6158);
#6152 = PRODUCT_DEFINITION_SHAPE('','',#6153);
#6153 = PRODUCT_DEFINITION('design','',#6154,#6157);
#6154 = PRODUCT_DEFINITION_FORMATION('','',#6155);
#6155 = PRODUCT('_autosave-connection pcb_track_35',
  '_autosave-connection pcb_track_35','',(#6156));
#6156 = PRODUCT_CONTEXT('',#2,'mechanical');
#6157 = PRODUCT_DEFINITION_CONTEXT('part definition',#2,'design');
#6158 = ADVANCED_BREP_SHAPE_REPRESENTATION('',(#11,#6159),#6313);
#6159 = MANIFOLD_SOLID_BREP('',#6160);
#6160 = CLOSED_SHELL('',(#6161,#6201,#6234,#6265,#6289,#6301));
#6161 = ADVANCED_FACE('',(#6162),#6196,.F.);
#6162 = FACE_BOUND('',#6163,.F.);
#6163 = EDGE_LOOP('',(#6164,#6174,#6182,#6190));
#6164 = ORIENTED_EDGE('',*,*,#6165,.T.);
#6165 = EDGE_CURVE('',#6166,#6168,#6170,.T.);
#6166 = VERTEX_POINT('',#6167);
#6167 = CARTESIAN_POINT('',(144.625,-104.775,1.6));
#6168 = VERTEX_POINT('',#6169);
#6169 = CARTESIAN_POINT('',(144.625,-104.775,1.635));
#6170 = LINE('',#6171,#6172);
#6171 = CARTESIAN_POINT('',(144.625,-104.775,1.6));
#6172 = VECTOR('',#6173,1.);
#6173 = DIRECTION('',(0.,0.,1.));
#6174 = ORIENTED_EDGE('',*,*,#6175,.T.);
#6175 = EDGE_CURVE('',#6168,#6176,#6178,.T.);
#6176 = VERTEX_POINT('',#6177);
#6177 = CARTESIAN_POINT('',(144.625,-107.325,1.635));
#6178 = LINE('',#6179,#6180);
#6179 = CARTESIAN_POINT('',(144.625,-104.775,1.635));
#6180 = VECTOR('',#6181,1.);
#6181 = DIRECTION('',(0.,-1.,0.));
#6182 = ORIENTED_EDGE('',*,*,#6183,.F.);
#6183 = EDGE_CURVE('',#6184,#6176,#6186,.T.);
#6184 = VERTEX_POINT('',#6185);
#6185 = CARTESIAN_POINT('',(144.625,-107.325,1.6));
#6186 = LINE('',#6187,#6188);
#6187 = CARTESIAN_POINT('',(144.625,-107.325,1.6));
#6188 = VECTOR('',#6189,1.);
#6189 = DIRECTION('',(0.,0.,1.));
#6190 = ORIENTED_EDGE('',*,*,#6191,.F.);
#6191 = EDGE_CURVE('',#6166,#6184,#6192,.T.);
#6192 = LINE('',#6193,#6194);
#6193 = CARTESIAN_POINT('',(144.625,-104.775,1.6));
#6194 = VECTOR('',#6195,1.);
#6195 = DIRECTION('',(0.,-1.,0.));
#6196 = PLANE('',#6197);
#6197 = AXIS2_PLACEMENT_3D('',#6198,#6199,#6200);
#6198 = CARTESIAN_POINT('',(144.625,-104.775,1.6));
#6199 = DIRECTION('',(1.,0.,-0.));
#6200 = DIRECTION('',(0.,-1.,0.));
#6201 = ADVANCED_FACE('',(#6202),#6229,.T.);
#6202 = FACE_BOUND('',#6203,.F.);
#6203 = EDGE_LOOP('',(#6204,#6205,#6214,#6222));
#6204 = ORIENTED_EDGE('',*,*,#6183,.T.);
#6205 = ORIENTED_EDGE('',*,*,#6206,.T.);
#6206 = EDGE_CURVE('',#6176,#6207,#6209,.T.);
#6207 = VERTEX_POINT('',#6208);
#6208 = CARTESIAN_POINT('',(144.925,-107.325,1.635));
#6209 = CIRCLE('',#6210,0.15);
#6210 = AXIS2_PLACEMENT_3D('',#6211,#6212,#6213);
#6211 = CARTESIAN_POINT('',(144.775,-107.325,1.635));
#6212 = DIRECTION('',(0.,0.,1.));
#6213 = DIRECTION('',(-1.,-9.473903143468E-14,0.));
#6214 = ORIENTED_EDGE('',*,*,#6215,.F.);
#6215 = EDGE_CURVE('',#6216,#6207,#6218,.T.);
#6216 = VERTEX_POINT('',#6217);
#6217 = CARTESIAN_POINT('',(144.925,-107.325,1.6));
#6218 = LINE('',#6219,#6220);
#6219 = CARTESIAN_POINT('',(144.925,-107.325,1.6));
#6220 = VECTOR('',#6221,1.);
#6221 = DIRECTION('',(0.,0.,1.));
#6222 = ORIENTED_EDGE('',*,*,#6223,.F.);
#6223 = EDGE_CURVE('',#6184,#6216,#6224,.T.);
#6224 = CIRCLE('',#6225,0.15);
#6225 = AXIS2_PLACEMENT_3D('',#6226,#6227,#6228);
#6226 = CARTESIAN_POINT('',(144.775,-107.325,1.6));
#6227 = DIRECTION('',(0.,0.,1.));
#6228 = DIRECTION('',(-1.,-9.473903143468E-14,0.));
#6229 = CYLINDRICAL_SURFACE('',#6230,0.15);
#6230 = AXIS2_PLACEMENT_3D('',#6231,#6232,#6233);
#6231 = CARTESIAN_POINT('',(144.775,-107.325,1.6));
#6232 = DIRECTION('',(-0.,-0.,-1.));
#6233 = DIRECTION('',(-1.,-9.473903143468E-14,0.));
#6234 = ADVANCED_FACE('',(#6235),#6260,.F.);
#6235 = FACE_BOUND('',#6236,.F.);
#6236 = EDGE_LOOP('',(#6237,#6238,#6246,#6254));
#6237 = ORIENTED_EDGE('',*,*,#6215,.T.);
#6238 = ORIENTED_EDGE('',*,*,#6239,.T.);
#6239 = EDGE_CURVE('',#6207,#6240,#6242,.T.);
#6240 = VERTEX_POINT('',#6241);
#6241 = CARTESIAN_POINT('',(144.925,-104.775,1.635));
#6242 = LINE('',#6243,#6244);
#6243 = CARTESIAN_POINT('',(144.925,-107.325,1.635));
#6244 = VECTOR('',#6245,1.);
#6245 = DIRECTION('',(0.,1.,0.));
#6246 = ORIENTED_EDGE('',*,*,#6247,.F.);
#6247 = EDGE_CURVE('',#6248,#6240,#6250,.T.);
#6248 = VERTEX_POINT('',#6249);
#6249 = CARTESIAN_POINT('',(144.925,-104.775,1.6));
#6250 = LINE('',#6251,#6252);
#6251 = CARTESIAN_POINT('',(144.925,-104.775,1.6));
#6252 = VECTOR('',#6253,1.);
#6253 = DIRECTION('',(0.,0.,1.));
#6254 = ORIENTED_EDGE('',*,*,#6255,.F.);
#6255 = EDGE_CURVE('',#6216,#6248,#6256,.T.);
#6256 = LINE('',#6257,#6258);
#6257 = CARTESIAN_POINT('',(144.925,-107.325,1.6));
#6258 = VECTOR('',#6259,1.);
#6259 = DIRECTION('',(0.,1.,0.));
#6260 = PLANE('',#6261);
#6261 = AXIS2_PLACEMENT_3D('',#6262,#6263,#6264);
#6262 = CARTESIAN_POINT('',(144.925,-107.325,1.6));
#6263 = DIRECTION('',(-1.,0.,0.));
#6264 = DIRECTION('',(0.,1.,0.));
#6265 = ADVANCED_FACE('',(#6266),#6284,.T.);
#6266 = FACE_BOUND('',#6267,.F.);
#6267 = EDGE_LOOP('',(#6268,#6269,#6276,#6277));
#6268 = ORIENTED_EDGE('',*,*,#6247,.T.);
#6269 = ORIENTED_EDGE('',*,*,#6270,.T.);
#6270 = EDGE_CURVE('',#6240,#6168,#6271,.T.);
#6271 = CIRCLE('',#6272,0.15);
#6272 = AXIS2_PLACEMENT_3D('',#6273,#6274,#6275);
#6273 = CARTESIAN_POINT('',(144.775,-104.775,1.635));
#6274 = DIRECTION('',(0.,0.,1.));
#6275 = DIRECTION('',(1.,9.473903143468E-14,-0.));
#6276 = ORIENTED_EDGE('',*,*,#6165,.F.);
#6277 = ORIENTED_EDGE('',*,*,#6278,.F.);
#6278 = EDGE_CURVE('',#6248,#6166,#6279,.T.);
#6279 = CIRCLE('',#6280,0.15);
#6280 = AXIS2_PLACEMENT_3D('',#6281,#6282,#6283);
#6281 = CARTESIAN_POINT('',(144.775,-104.775,1.6));
#6282 = DIRECTION('',(0.,0.,1.));
#6283 = DIRECTION('',(1.,9.473903143468E-14,-0.));
#6284 = CYLINDRICAL_SURFACE('',#6285,0.15);
#6285 = AXIS2_PLACEMENT_3D('',#6286,#6287,#6288);
#6286 = CARTESIAN_POINT('',(144.775,-104.775,1.6));
#6287 = DIRECTION('',(-0.,-0.,-1.));
#6288 = DIRECTION('',(1.,9.473903143468E-14,-0.));
#6289 = ADVANCED_FACE('',(#6290),#6296,.F.);
#6290 = FACE_BOUND('',#6291,.F.);
#6291 = EDGE_LOOP('',(#6292,#6293,#6294,#6295));
#6292 = ORIENTED_EDGE('',*,*,#6191,.T.);
#6293 = ORIENTED_EDGE('',*,*,#6223,.T.);
#6294 = ORIENTED_EDGE('',*,*,#6255,.T.);
#6295 = ORIENTED_EDGE('',*,*,#6278,.T.);
#6296 = PLANE('',#6297);
#6297 = AXIS2_PLACEMENT_3D('',#6298,#6299,#6300);
#6298 = CARTESIAN_POINT('',(144.625,-104.775,1.6));
#6299 = DIRECTION('',(0.,0.,1.));
#6300 = DIRECTION('',(1.,0.,-0.));
#6301 = ADVANCED_FACE('',(#6302),#6308,.T.);
#6302 = FACE_BOUND('',#6303,.T.);
#6303 = EDGE_LOOP('',(#6304,#6305,#6306,#6307));
#6304 = ORIENTED_EDGE('',*,*,#6175,.T.);
#6305 = ORIENTED_EDGE('',*,*,#6206,.T.);
#6306 = ORIENTED_EDGE('',*,*,#6239,.T.);
#6307 = ORIENTED_EDGE('',*,*,#6270,.T.);
#6308 = PLANE('',#6309);
#6309 = AXIS2_PLACEMENT_3D('',#6310,#6311,#6312);
#6310 = CARTESIAN_POINT('',(144.625,-104.775,1.635));
#6311 = DIRECTION('',(0.,0.,1.));
#6312 = DIRECTION('',(1.,0.,-0.));
#6313 = ( GEOMETRIC_REPRESENTATION_CONTEXT(3) 
GLOBAL_UNCERTAINTY_ASSIGNED_CONTEXT((#6317)) 
GLOBAL_UNIT_ASSIGNED_CONTEXT((#6314,#6315,#6316)) REPRESENTATION_CONTEXT
('Context #1','3D Context with UNIT and UNCERTAINTY') );
#6314 = ( LENGTH_UNIT() NAMED_UNIT(*) SI_UNIT(.MILLI.,.METRE.) );
#6315 = ( NAMED_UNIT(*) PLANE_ANGLE_UNIT() SI_UNIT($,.RADIAN.) );
#6316 = ( NAMED_UNIT(*) SI_UNIT($,.STERADIAN.) SOLID_ANGLE_UNIT() );
#6317 = UNCERTAINTY_MEASURE_WITH_UNIT(LENGTH_MEASURE(1.E-07),#6314,
  'distance_accuracy_value','confusion accuracy');
#6318 = CONTEXT_DEPENDENT_SHAPE_REPRESENTATION(#6319,#6321);
#6319 = ( REPRESENTATION_RELATIONSHIP('','',#6158,#10) 
REPRESENTATION_RELATIONSHIP_WITH_TRANSFORMATION(#6320) 
SHAPE_REPRESENTATION_RELATIONSHIP() );
#6320 = ITEM_DEFINED_TRANSFORMATION('','',#11,#151);
#6321 = PRODUCT_DEFINITION_SHAPE('Placement','Placement of an item',
  #6322);
#6322 = NEXT_ASSEMBLY_USAGE_OCCURRENCE('35','=>[0:1:1:36]','',#5,#6153,$
  );
#6323 = PRODUCT_RELATED_PRODUCT_CATEGORY('part',$,(#6155));
#6324 = SHAPE_DEFINITION_REPRESENTATION(#6325,#6331);
#6325 = PRODUCT_DEFINITION_SHAPE('','',#6326);
#6326 = PRODUCT_DEFINITION('design','',#6327,#6330);
#6327 = PRODUCT_DEFINITION_FORMATION('','',#6328);
#6328 = PRODUCT('_autosave-connection pcb_track_36',
  '_autosave-connection pcb_track_36','',(#6329));
#6329 = PRODUCT_CONTEXT('',#2,'mechanical');
#6330 = PRODUCT_DEFINITION_CONTEXT('part definition',#2,'design');
#6331 = ADVANCED_BREP_SHAPE_REPRESENTATION('',(#11,#6332),#6486);
#6332 = MANIFOLD_SOLID_BREP('',#6333);
#6333 = CLOSED_SHELL('',(#6334,#6374,#6407,#6438,#6462,#6474));
#6334 = ADVANCED_FACE('',(#6335),#6369,.F.);
#6335 = FACE_BOUND('',#6336,.F.);
#6336 = EDGE_LOOP('',(#6337,#6347,#6355,#6363));
#6337 = ORIENTED_EDGE('',*,*,#6338,.T.);
#6338 = EDGE_CURVE('',#6339,#6341,#6343,.T.);
#6339 = VERTEX_POINT('',#6340);
#6340 = CARTESIAN_POINT('',(144.693933,-98.793933,1.6));
#6341 = VERTEX_POINT('',#6342);
#6342 = CARTESIAN_POINT('',(144.693933,-98.793933,1.635));
#6343 = LINE('',#6344,#6345);
#6344 = CARTESIAN_POINT('',(144.693933,-98.793933,1.6));
#6345 = VECTOR('',#6346,1.);
#6346 = DIRECTION('',(0.,0.,1.));
#6347 = ORIENTED_EDGE('',*,*,#6348,.T.);
#6348 = EDGE_CURVE('',#6341,#6349,#6351,.T.);
#6349 = VERTEX_POINT('',#6350);
#6350 = CARTESIAN_POINT('',(143.393933,-100.093933,1.635));
#6351 = LINE('',#6352,#6353);
#6352 = CARTESIAN_POINT('',(144.693933,-98.793933,1.635));
#6353 = VECTOR('',#6354,1.);
#6354 = DIRECTION('',(-0.707106781187,-0.707106781187,0.));
#6355 = ORIENTED_EDGE('',*,*,#6356,.F.);
#6356 = EDGE_CURVE('',#6357,#6349,#6359,.T.);
#6357 = VERTEX_POINT('',#6358);
#6358 = CARTESIAN_POINT('',(143.393933,-100.093933,1.6));
#6359 = LINE('',#6360,#6361);
#6360 = CARTESIAN_POINT('',(143.393933,-100.093933,1.6));
#6361 = VECTOR('',#6362,1.);
#6362 = DIRECTION('',(0.,0.,1.));
#6363 = ORIENTED_EDGE('',*,*,#6364,.F.);
#6364 = EDGE_CURVE('',#6339,#6357,#6365,.T.);
#6365 = LINE('',#6366,#6367);
#6366 = CARTESIAN_POINT('',(144.693933,-98.793933,1.6));
#6367 = VECTOR('',#6368,1.);
#6368 = DIRECTION('',(-0.707106781187,-0.707106781187,0.));
#6369 = PLANE('',#6370);
#6370 = AXIS2_PLACEMENT_3D('',#6371,#6372,#6373);
#6371 = CARTESIAN_POINT('',(144.693933,-98.793933,1.6));
#6372 = DIRECTION('',(0.707106781187,-0.707106781187,0.));
#6373 = DIRECTION('',(-0.707106781187,-0.707106781187,0.));
#6374 = ADVANCED_FACE('',(#6375),#6402,.T.);
#6375 = FACE_BOUND('',#6376,.F.);
#6376 = EDGE_LOOP('',(#6377,#6378,#6387,#6395));
#6377 = ORIENTED_EDGE('',*,*,#6356,.T.);
#6378 = ORIENTED_EDGE('',*,*,#6379,.T.);
#6379 = EDGE_CURVE('',#6349,#6380,#6382,.T.);
#6380 = VERTEX_POINT('',#6381);
#6381 = CARTESIAN_POINT('',(143.606066,-100.306066,1.635));
#6382 = CIRCLE('',#6383,0.150000682813);
#6383 = AXIS2_PLACEMENT_3D('',#6384,#6385,#6386);
#6384 = CARTESIAN_POINT('',(143.4999995,-100.1999995,1.635));
#6385 = DIRECTION('',(0.,0.,1.));
#6386 = DIRECTION('',(-0.707106781187,0.707106781187,-0.));
#6387 = ORIENTED_EDGE('',*,*,#6388,.F.);
#6388 = EDGE_CURVE('',#6389,#6380,#6391,.T.);
#6389 = VERTEX_POINT('',#6390);
#6390 = CARTESIAN_POINT('',(143.606066,-100.306066,1.6));
#6391 = LINE('',#6392,#6393);
#6392 = CARTESIAN_POINT('',(143.606066,-100.306066,1.6));
#6393 = VECTOR('',#6394,1.);
#6394 = DIRECTION('',(0.,0.,1.));
#6395 = ORIENTED_EDGE('',*,*,#6396,.F.);
#6396 = EDGE_CURVE('',#6357,#6389,#6397,.T.);
#6397 = CIRCLE('',#6398,0.150000682813);
#6398 = AXIS2_PLACEMENT_3D('',#6399,#6400,#6401);
#6399 = CARTESIAN_POINT('',(143.4999995,-100.1999995,1.6));
#6400 = DIRECTION('',(0.,0.,1.));
#6401 = DIRECTION('',(-0.707106781187,0.707106781187,-0.));
#6402 = CYLINDRICAL_SURFACE('',#6403,0.150000682813);
#6403 = AXIS2_PLACEMENT_3D('',#6404,#6405,#6406);
#6404 = CARTESIAN_POINT('',(143.4999995,-100.1999995,1.6));
#6405 = DIRECTION('',(-0.,-0.,-1.));
#6406 = DIRECTION('',(-0.707106781187,0.707106781187,-0.));
#6407 = ADVANCED_FACE('',(#6408),#6433,.F.);
#6408 = FACE_BOUND('',#6409,.F.);
#6409 = EDGE_LOOP('',(#6410,#6411,#6419,#6427));
#6410 = ORIENTED_EDGE('',*,*,#6388,.T.);
#6411 = ORIENTED_EDGE('',*,*,#6412,.T.);
#6412 = EDGE_CURVE('',#6380,#6413,#6415,.T.);
#6413 = VERTEX_POINT('',#6414);
#6414 = CARTESIAN_POINT('',(144.906066,-99.006066,1.635));
#6415 = LINE('',#6416,#6417);
#6416 = CARTESIAN_POINT('',(143.606066,-100.306066,1.635));
#6417 = VECTOR('',#6418,1.);
#6418 = DIRECTION('',(0.707106781187,0.707106781187,0.));
#6419 = ORIENTED_EDGE('',*,*,#6420,.F.);
#6420 = EDGE_CURVE('',#6421,#6413,#6423,.T.);
#6421 = VERTEX_POINT('',#6422);
#6422 = CARTESIAN_POINT('',(144.906066,-99.006066,1.6));
#6423 = LINE('',#6424,#6425);
#6424 = CARTESIAN_POINT('',(144.906066,-99.006066,1.6));
#6425 = VECTOR('',#6426,1.);
#6426 = DIRECTION('',(0.,0.,1.));
#6427 = ORIENTED_EDGE('',*,*,#6428,.F.);
#6428 = EDGE_CURVE('',#6389,#6421,#6429,.T.);
#6429 = LINE('',#6430,#6431);
#6430 = CARTESIAN_POINT('',(143.606066,-100.306066,1.6));
#6431 = VECTOR('',#6432,1.);
#6432 = DIRECTION('',(0.707106781187,0.707106781187,0.));
#6433 = PLANE('',#6434);
#6434 = AXIS2_PLACEMENT_3D('',#6435,#6436,#6437);
#6435 = CARTESIAN_POINT('',(143.606066,-100.306066,1.6));
#6436 = DIRECTION('',(-0.707106781187,0.707106781187,0.));
#6437 = DIRECTION('',(0.707106781187,0.707106781187,0.));
#6438 = ADVANCED_FACE('',(#6439),#6457,.T.);
#6439 = FACE_BOUND('',#6440,.F.);
#6440 = EDGE_LOOP('',(#6441,#6442,#6449,#6450));
#6441 = ORIENTED_EDGE('',*,*,#6420,.T.);
#6442 = ORIENTED_EDGE('',*,*,#6443,.T.);
#6443 = EDGE_CURVE('',#6413,#6341,#6444,.T.);
#6444 = CIRCLE('',#6445,0.150000682813);
#6445 = AXIS2_PLACEMENT_3D('',#6446,#6447,#6448);
#6446 = CARTESIAN_POINT('',(144.7999995,-98.8999995,1.635));
#6447 = DIRECTION('',(0.,-0.,1.));
#6448 = DIRECTION('',(0.707106781187,-0.707106781187,-0.));
#6449 = ORIENTED_EDGE('',*,*,#6338,.F.);
#6450 = ORIENTED_EDGE('',*,*,#6451,.F.);
#6451 = EDGE_CURVE('',#6421,#6339,#6452,.T.);
#6452 = CIRCLE('',#6453,0.150000682813);
#6453 = AXIS2_PLACEMENT_3D('',#6454,#6455,#6456);
#6454 = CARTESIAN_POINT('',(144.7999995,-98.8999995,1.6));
#6455 = DIRECTION('',(0.,-0.,1.));
#6456 = DIRECTION('',(0.707106781187,-0.707106781187,-0.));
#6457 = CYLINDRICAL_SURFACE('',#6458,0.150000682813);
#6458 = AXIS2_PLACEMENT_3D('',#6459,#6460,#6461);
#6459 = CARTESIAN_POINT('',(144.7999995,-98.8999995,1.6));
#6460 = DIRECTION('',(-0.,0.,-1.));
#6461 = DIRECTION('',(0.707106781187,-0.707106781187,-0.));
#6462 = ADVANCED_FACE('',(#6463),#6469,.F.);
#6463 = FACE_BOUND('',#6464,.F.);
#6464 = EDGE_LOOP('',(#6465,#6466,#6467,#6468));
#6465 = ORIENTED_EDGE('',*,*,#6364,.T.);
#6466 = ORIENTED_EDGE('',*,*,#6396,.T.);
#6467 = ORIENTED_EDGE('',*,*,#6428,.T.);
#6468 = ORIENTED_EDGE('',*,*,#6451,.T.);
#6469 = PLANE('',#6470);
#6470 = AXIS2_PLACEMENT_3D('',#6471,#6472,#6473);
#6471 = CARTESIAN_POINT('',(144.693933,-98.793933,1.6));
#6472 = DIRECTION('',(0.,0.,1.));
#6473 = DIRECTION('',(1.,0.,-0.));
#6474 = ADVANCED_FACE('',(#6475),#6481,.T.);
#6475 = FACE_BOUND('',#6476,.T.);
#6476 = EDGE_LOOP('',(#6477,#6478,#6479,#6480));
#6477 = ORIENTED_EDGE('',*,*,#6348,.T.);
#6478 = ORIENTED_EDGE('',*,*,#6379,.T.);
#6479 = ORIENTED_EDGE('',*,*,#6412,.T.);
#6480 = ORIENTED_EDGE('',*,*,#6443,.T.);
#6481 = PLANE('',#6482);
#6482 = AXIS2_PLACEMENT_3D('',#6483,#6484,#6485);
#6483 = CARTESIAN_POINT('',(144.693933,-98.793933,1.635));
#6484 = DIRECTION('',(0.,0.,1.));
#6485 = DIRECTION('',(1.,0.,-0.));
#6486 = ( GEOMETRIC_REPRESENTATION_CONTEXT(3) 
GLOBAL_UNCERTAINTY_ASSIGNED_CONTEXT((#6490)) 
GLOBAL_UNIT_ASSIGNED_CONTEXT((#6487,#6488,#6489)) REPRESENTATION_CONTEXT
('Context #1','3D Context with UNIT and UNCERTAINTY') );
#6487 = ( LENGTH_UNIT() NAMED_UNIT(*) SI_UNIT(.MILLI.,.METRE.) );
#6488 = ( NAMED_UNIT(*) PLANE_ANGLE_UNIT() SI_UNIT($,.RADIAN.) );
#6489 = ( NAMED_UNIT(*) SI_UNIT($,.STERADIAN.) SOLID_ANGLE_UNIT() );
#6490 = UNCERTAINTY_MEASURE_WITH_UNIT(LENGTH_MEASURE(1.E-07),#6487,
  'distance_accuracy_value','confusion accuracy');
#6491 = CONTEXT_DEPENDENT_SHAPE_REPRESENTATION(#6492,#6494);
#6492 = ( REPRESENTATION_RELATIONSHIP('','',#6331,#10) 
REPRESENTATION_RELATIONSHIP_WITH_TRANSFORMATION(#6493) 
SHAPE_REPRESENTATION_RELATIONSHIP() );
#6493 = ITEM_DEFINED_TRANSFORMATION('','',#11,#155);
#6494 = PRODUCT_DEFINITION_SHAPE('Placement','Placement of an item',
  #6495);
#6495 = NEXT_ASSEMBLY_USAGE_OCCURRENCE('36','=>[0:1:1:37]','',#5,#6326,$
  );
#6496 = PRODUCT_RELATED_PRODUCT_CATEGORY('part',$,(#6328));
#6497 = SHAPE_DEFINITION_REPRESENTATION(#6498,#6504);
#6498 = PRODUCT_DEFINITION_SHAPE('','',#6499);
#6499 = PRODUCT_DEFINITION('design','',#6500,#6503);
#6500 = PRODUCT_DEFINITION_FORMATION('','',#6501);
#6501 = PRODUCT('_autosave-connection pcb_track_37',
  '_autosave-connection pcb_track_37','',(#6502));
#6502 = PRODUCT_CONTEXT('',#2,'mechanical');
#6503 = PRODUCT_DEFINITION_CONTEXT('part definition',#2,'design');
#6504 = ADVANCED_BREP_SHAPE_REPRESENTATION('',(#11,#6505),#6659);
#6505 = MANIFOLD_SOLID_BREP('',#6506);
#6506 = CLOSED_SHELL('',(#6507,#6547,#6580,#6611,#6635,#6647));
#6507 = ADVANCED_FACE('',(#6508),#6542,.F.);
#6508 = FACE_BOUND('',#6509,.F.);
#6509 = EDGE_LOOP('',(#6510,#6520,#6528,#6536));
#6510 = ORIENTED_EDGE('',*,*,#6511,.T.);
#6511 = EDGE_CURVE('',#6512,#6514,#6516,.T.);
#6512 = VERTEX_POINT('',#6513);
#6513 = CARTESIAN_POINT('',(143.393933,-103.606066,1.6));
#6514 = VERTEX_POINT('',#6515);
#6515 = CARTESIAN_POINT('',(143.393933,-103.606066,1.635));
#6516 = LINE('',#6517,#6518);
#6517 = CARTESIAN_POINT('',(143.393933,-103.606066,1.6));
#6518 = VECTOR('',#6519,1.);
#6519 = DIRECTION('',(0.,0.,1.));
#6520 = ORIENTED_EDGE('',*,*,#6521,.T.);
#6521 = EDGE_CURVE('',#6514,#6522,#6524,.T.);
#6522 = VERTEX_POINT('',#6523);
#6523 = CARTESIAN_POINT('',(144.668933,-104.881066,1.635));
#6524 = LINE('',#6525,#6526);
#6525 = CARTESIAN_POINT('',(143.393933,-103.606066,1.635));
#6526 = VECTOR('',#6527,1.);
#6527 = DIRECTION('',(0.707106781187,-0.707106781187,0.));
#6528 = ORIENTED_EDGE('',*,*,#6529,.F.);
#6529 = EDGE_CURVE('',#6530,#6522,#6532,.T.);
#6530 = VERTEX_POINT('',#6531);
#6531 = CARTESIAN_POINT('',(144.668933,-104.881066,1.6));
#6532 = LINE('',#6533,#6534);
#6533 = CARTESIAN_POINT('',(144.668933,-104.881066,1.6));
#6534 = VECTOR('',#6535,1.);
#6535 = DIRECTION('',(0.,0.,1.));
#6536 = ORIENTED_EDGE('',*,*,#6537,.F.);
#6537 = EDGE_CURVE('',#6512,#6530,#6538,.T.);
#6538 = LINE('',#6539,#6540);
#6539 = CARTESIAN_POINT('',(143.393933,-103.606066,1.6));
#6540 = VECTOR('',#6541,1.);
#6541 = DIRECTION('',(0.707106781187,-0.707106781187,0.));
#6542 = PLANE('',#6543);
#6543 = AXIS2_PLACEMENT_3D('',#6544,#6545,#6546);
#6544 = CARTESIAN_POINT('',(143.393933,-103.606066,1.6));
#6545 = DIRECTION('',(0.707106781187,0.707106781187,-0.));
#6546 = DIRECTION('',(0.707106781187,-0.707106781187,0.));
#6547 = ADVANCED_FACE('',(#6548),#6575,.T.);
#6548 = FACE_BOUND('',#6549,.F.);
#6549 = EDGE_LOOP('',(#6550,#6551,#6560,#6568));
#6550 = ORIENTED_EDGE('',*,*,#6529,.T.);
#6551 = ORIENTED_EDGE('',*,*,#6552,.T.);
#6552 = EDGE_CURVE('',#6522,#6553,#6555,.T.);
#6553 = VERTEX_POINT('',#6554);
#6554 = CARTESIAN_POINT('',(144.881066,-104.668933,1.635));
#6555 = CIRCLE('',#6556,0.150000682813);
#6556 = AXIS2_PLACEMENT_3D('',#6557,#6558,#6559);
#6557 = CARTESIAN_POINT('',(144.7749995,-104.7749995,1.635));
#6558 = DIRECTION('',(0.,0.,1.));
#6559 = DIRECTION('',(-0.707106781187,-0.707106781187,0.));
#6560 = ORIENTED_EDGE('',*,*,#6561,.F.);
#6561 = EDGE_CURVE('',#6562,#6553,#6564,.T.);
#6562 = VERTEX_POINT('',#6563);
#6563 = CARTESIAN_POINT('',(144.881066,-104.668933,1.6));
#6564 = LINE('',#6565,#6566);
#6565 = CARTESIAN_POINT('',(144.881066,-104.668933,1.6));
#6566 = VECTOR('',#6567,1.);
#6567 = DIRECTION('',(0.,0.,1.));
#6568 = ORIENTED_EDGE('',*,*,#6569,.F.);
#6569 = EDGE_CURVE('',#6530,#6562,#6570,.T.);
#6570 = CIRCLE('',#6571,0.150000682813);
#6571 = AXIS2_PLACEMENT_3D('',#6572,#6573,#6574);
#6572 = CARTESIAN_POINT('',(144.7749995,-104.7749995,1.6));
#6573 = DIRECTION('',(0.,0.,1.));
#6574 = DIRECTION('',(-0.707106781187,-0.707106781187,0.));
#6575 = CYLINDRICAL_SURFACE('',#6576,0.150000682813);
#6576 = AXIS2_PLACEMENT_3D('',#6577,#6578,#6579);
#6577 = CARTESIAN_POINT('',(144.7749995,-104.7749995,1.6));
#6578 = DIRECTION('',(-0.,-0.,-1.));
#6579 = DIRECTION('',(-0.707106781187,-0.707106781187,0.));
#6580 = ADVANCED_FACE('',(#6581),#6606,.F.);
#6581 = FACE_BOUND('',#6582,.F.);
#6582 = EDGE_LOOP('',(#6583,#6584,#6592,#6600));
#6583 = ORIENTED_EDGE('',*,*,#6561,.T.);
#6584 = ORIENTED_EDGE('',*,*,#6585,.T.);
#6585 = EDGE_CURVE('',#6553,#6586,#6588,.T.);
#6586 = VERTEX_POINT('',#6587);
#6587 = CARTESIAN_POINT('',(143.606066,-103.393933,1.635));
#6588 = LINE('',#6589,#6590);
#6589 = CARTESIAN_POINT('',(144.881066,-104.668933,1.635));
#6590 = VECTOR('',#6591,1.);
#6591 = DIRECTION('',(-0.707106781187,0.707106781187,0.));
#6592 = ORIENTED_EDGE('',*,*,#6593,.F.);
#6593 = EDGE_CURVE('',#6594,#6586,#6596,.T.);
#6594 = VERTEX_POINT('',#6595);
#6595 = CARTESIAN_POINT('',(143.606066,-103.393933,1.6));
#6596 = LINE('',#6597,#6598);
#6597 = CARTESIAN_POINT('',(143.606066,-103.393933,1.6));
#6598 = VECTOR('',#6599,1.);
#6599 = DIRECTION('',(0.,0.,1.));
#6600 = ORIENTED_EDGE('',*,*,#6601,.F.);
#6601 = EDGE_CURVE('',#6562,#6594,#6602,.T.);
#6602 = LINE('',#6603,#6604);
#6603 = CARTESIAN_POINT('',(144.881066,-104.668933,1.6));
#6604 = VECTOR('',#6605,1.);
#6605 = DIRECTION('',(-0.707106781187,0.707106781187,0.));
#6606 = PLANE('',#6607);
#6607 = AXIS2_PLACEMENT_3D('',#6608,#6609,#6610);
#6608 = CARTESIAN_POINT('',(144.881066,-104.668933,1.6));
#6609 = DIRECTION('',(-0.707106781187,-0.707106781187,0.));
#6610 = DIRECTION('',(-0.707106781187,0.707106781187,0.));
#6611 = ADVANCED_FACE('',(#6612),#6630,.T.);
#6612 = FACE_BOUND('',#6613,.F.);
#6613 = EDGE_LOOP('',(#6614,#6615,#6622,#6623));
#6614 = ORIENTED_EDGE('',*,*,#6593,.T.);
#6615 = ORIENTED_EDGE('',*,*,#6616,.T.);
#6616 = EDGE_CURVE('',#6586,#6514,#6617,.T.);
#6617 = CIRCLE('',#6618,0.150000682813);
#6618 = AXIS2_PLACEMENT_3D('',#6619,#6620,#6621);
#6619 = CARTESIAN_POINT('',(143.4999995,-103.4999995,1.635));
#6620 = DIRECTION('',(0.,0.,1.));
#6621 = DIRECTION('',(0.707106781187,0.707106781187,-0.));
#6622 = ORIENTED_EDGE('',*,*,#6511,.F.);
#6623 = ORIENTED_EDGE('',*,*,#6624,.F.);
#6624 = EDGE_CURVE('',#6594,#6512,#6625,.T.);
#6625 = CIRCLE('',#6626,0.150000682813);
#6626 = AXIS2_PLACEMENT_3D('',#6627,#6628,#6629);
#6627 = CARTESIAN_POINT('',(143.4999995,-103.4999995,1.6));
#6628 = DIRECTION('',(0.,0.,1.));
#6629 = DIRECTION('',(0.707106781187,0.707106781187,-0.));
#6630 = CYLINDRICAL_SURFACE('',#6631,0.150000682813);
#6631 = AXIS2_PLACEMENT_3D('',#6632,#6633,#6634);
#6632 = CARTESIAN_POINT('',(143.4999995,-103.4999995,1.6));
#6633 = DIRECTION('',(-0.,-0.,-1.));
#6634 = DIRECTION('',(0.707106781187,0.707106781187,-0.));
#6635 = ADVANCED_FACE('',(#6636),#6642,.F.);
#6636 = FACE_BOUND('',#6637,.F.);
#6637 = EDGE_LOOP('',(#6638,#6639,#6640,#6641));
#6638 = ORIENTED_EDGE('',*,*,#6537,.T.);
#6639 = ORIENTED_EDGE('',*,*,#6569,.T.);
#6640 = ORIENTED_EDGE('',*,*,#6601,.T.);
#6641 = ORIENTED_EDGE('',*,*,#6624,.T.);
#6642 = PLANE('',#6643);
#6643 = AXIS2_PLACEMENT_3D('',#6644,#6645,#6646);
#6644 = CARTESIAN_POINT('',(143.393933,-103.606066,1.6));
#6645 = DIRECTION('',(0.,0.,1.));
#6646 = DIRECTION('',(1.,0.,-0.));
#6647 = ADVANCED_FACE('',(#6648),#6654,.T.);
#6648 = FACE_BOUND('',#6649,.T.);
#6649 = EDGE_LOOP('',(#6650,#6651,#6652,#6653));
#6650 = ORIENTED_EDGE('',*,*,#6521,.T.);
#6651 = ORIENTED_EDGE('',*,*,#6552,.T.);
#6652 = ORIENTED_EDGE('',*,*,#6585,.T.);
#6653 = ORIENTED_EDGE('',*,*,#6616,.T.);
#6654 = PLANE('',#6655);
#6655 = AXIS2_PLACEMENT_3D('',#6656,#6657,#6658);
#6656 = CARTESIAN_POINT('',(143.393933,-103.606066,1.635));
#6657 = DIRECTION('',(0.,0.,1.));
#6658 = DIRECTION('',(1.,0.,-0.));
#6659 = ( GEOMETRIC_REPRESENTATION_CONTEXT(3) 
GLOBAL_UNCERTAINTY_ASSIGNED_CONTEXT((#6663)) 
GLOBAL_UNIT_ASSIGNED_CONTEXT((#6660,#6661,#6662)) REPRESENTATION_CONTEXT
('Context #1','3D Context with UNIT and UNCERTAINTY') );
#6660 = ( LENGTH_UNIT() NAMED_UNIT(*) SI_UNIT(.MILLI.,.METRE.) );
#6661 = ( NAMED_UNIT(*) PLANE_ANGLE_UNIT() SI_UNIT($,.RADIAN.) );
#6662 = ( NAMED_UNIT(*) SI_UNIT($,.STERADIAN.) SOLID_ANGLE_UNIT() );
#6663 = UNCERTAINTY_MEASURE_WITH_UNIT(LENGTH_MEASURE(1.E-07),#6660,
  'distance_accuracy_value','confusion accuracy');
#6664 = CONTEXT_DEPENDENT_SHAPE_REPRESENTATION(#6665,#6667);
#6665 = ( REPRESENTATION_RELATIONSHIP('','',#6504,#10) 
REPRESENTATION_RELATIONSHIP_WITH_TRANSFORMATION(#6666) 
SHAPE_REPRESENTATION_RELATIONSHIP() );
#6666 = ITEM_DEFINED_TRANSFORMATION('','',#11,#159);
#6667 = PRODUCT_DEFINITION_SHAPE('Placement','Placement of an item',
  #6668);
#6668 = NEXT_ASSEMBLY_USAGE_OCCURRENCE('37','=>[0:1:1:38]','',#5,#6499,$
  );
#6669 = PRODUCT_RELATED_PRODUCT_CATEGORY('part',$,(#6501));
#6670 = SHAPE_DEFINITION_REPRESENTATION(#6671,#6677);
#6671 = PRODUCT_DEFINITION_SHAPE('','',#6672);
#6672 = PRODUCT_DEFINITION('design','',#6673,#6676);
#6673 = PRODUCT_DEFINITION_FORMATION('','',#6674);
#6674 = PRODUCT('_autosave-connection pcb_track_38',
  '_autosave-connection pcb_track_38','',(#6675));
#6675 = PRODUCT_CONTEXT('',#2,'mechanical');
#6676 = PRODUCT_DEFINITION_CONTEXT('part definition',#2,'design');
#6677 = ADVANCED_BREP_SHAPE_REPRESENTATION('',(#11,#6678),#6832);
#6678 = MANIFOLD_SOLID_BREP('',#6679);
#6679 = CLOSED_SHELL('',(#6680,#6720,#6753,#6784,#6808,#6820));
#6680 = ADVANCED_FACE('',(#6681),#6715,.F.);
#6681 = FACE_BOUND('',#6682,.F.);
#6682 = EDGE_LOOP('',(#6683,#6693,#6701,#6709));
#6683 = ORIENTED_EDGE('',*,*,#6684,.T.);
#6684 = EDGE_CURVE('',#6685,#6687,#6689,.T.);
#6685 = VERTEX_POINT('',#6686);
#6686 = CARTESIAN_POINT('',(143.35,-100.2,1.6));
#6687 = VERTEX_POINT('',#6688);
#6688 = CARTESIAN_POINT('',(143.35,-100.2,1.635));
#6689 = LINE('',#6690,#6691);
#6690 = CARTESIAN_POINT('',(143.35,-100.2,1.6));
#6691 = VECTOR('',#6692,1.);
#6692 = DIRECTION('',(0.,0.,1.));
#6693 = ORIENTED_EDGE('',*,*,#6694,.T.);
#6694 = EDGE_CURVE('',#6687,#6695,#6697,.T.);
#6695 = VERTEX_POINT('',#6696);
#6696 = CARTESIAN_POINT('',(143.35,-103.5,1.635));
#6697 = LINE('',#6698,#6699);
#6698 = CARTESIAN_POINT('',(143.35,-100.2,1.635));
#6699 = VECTOR('',#6700,1.);
#6700 = DIRECTION('',(0.,-1.,0.));
#6701 = ORIENTED_EDGE('',*,*,#6702,.F.);
#6702 = EDGE_CURVE('',#6703,#6695,#6705,.T.);
#6703 = VERTEX_POINT('',#6704);
#6704 = CARTESIAN_POINT('',(143.35,-103.5,1.6));
#6705 = LINE('',#6706,#6707);
#6706 = CARTESIAN_POINT('',(143.35,-103.5,1.6));
#6707 = VECTOR('',#6708,1.);
#6708 = DIRECTION('',(0.,0.,1.));
#6709 = ORIENTED_EDGE('',*,*,#6710,.F.);
#6710 = EDGE_CURVE('',#6685,#6703,#6711,.T.);
#6711 = LINE('',#6712,#6713);
#6712 = CARTESIAN_POINT('',(143.35,-100.2,1.6));
#6713 = VECTOR('',#6714,1.);
#6714 = DIRECTION('',(0.,-1.,0.));
#6715 = PLANE('',#6716);
#6716 = AXIS2_PLACEMENT_3D('',#6717,#6718,#6719);
#6717 = CARTESIAN_POINT('',(143.35,-100.2,1.6));
#6718 = DIRECTION('',(1.,0.,-0.));
#6719 = DIRECTION('',(0.,-1.,0.));
#6720 = ADVANCED_FACE('',(#6721),#6748,.T.);
#6721 = FACE_BOUND('',#6722,.F.);
#6722 = EDGE_LOOP('',(#6723,#6724,#6733,#6741));
#6723 = ORIENTED_EDGE('',*,*,#6702,.T.);
#6724 = ORIENTED_EDGE('',*,*,#6725,.T.);
#6725 = EDGE_CURVE('',#6695,#6726,#6728,.T.);
#6726 = VERTEX_POINT('',#6727);
#6727 = CARTESIAN_POINT('',(143.65,-103.5,1.635));
#6728 = CIRCLE('',#6729,0.15);
#6729 = AXIS2_PLACEMENT_3D('',#6730,#6731,#6732);
#6730 = CARTESIAN_POINT('',(143.5,-103.5,1.635));
#6731 = DIRECTION('',(0.,0.,1.));
#6732 = DIRECTION('',(-1.,9.473903143468E-14,-0.));
#6733 = ORIENTED_EDGE('',*,*,#6734,.F.);
#6734 = EDGE_CURVE('',#6735,#6726,#6737,.T.);
#6735 = VERTEX_POINT('',#6736);
#6736 = CARTESIAN_POINT('',(143.65,-103.5,1.6));
#6737 = LINE('',#6738,#6739);
#6738 = CARTESIAN_POINT('',(143.65,-103.5,1.6));
#6739 = VECTOR('',#6740,1.);
#6740 = DIRECTION('',(0.,0.,1.));
#6741 = ORIENTED_EDGE('',*,*,#6742,.F.);
#6742 = EDGE_CURVE('',#6703,#6735,#6743,.T.);
#6743 = CIRCLE('',#6744,0.15);
#6744 = AXIS2_PLACEMENT_3D('',#6745,#6746,#6747);
#6745 = CARTESIAN_POINT('',(143.5,-103.5,1.6));
#6746 = DIRECTION('',(0.,0.,1.));
#6747 = DIRECTION('',(-1.,9.473903143468E-14,-0.));
#6748 = CYLINDRICAL_SURFACE('',#6749,0.15);
#6749 = AXIS2_PLACEMENT_3D('',#6750,#6751,#6752);
#6750 = CARTESIAN_POINT('',(143.5,-103.5,1.6));
#6751 = DIRECTION('',(-0.,-0.,-1.));
#6752 = DIRECTION('',(-1.,9.473903143468E-14,-0.));
#6753 = ADVANCED_FACE('',(#6754),#6779,.F.);
#6754 = FACE_BOUND('',#6755,.F.);
#6755 = EDGE_LOOP('',(#6756,#6757,#6765,#6773));
#6756 = ORIENTED_EDGE('',*,*,#6734,.T.);
#6757 = ORIENTED_EDGE('',*,*,#6758,.T.);
#6758 = EDGE_CURVE('',#6726,#6759,#6761,.T.);
#6759 = VERTEX_POINT('',#6760);
#6760 = CARTESIAN_POINT('',(143.65,-100.2,1.635));
#6761 = LINE('',#6762,#6763);
#6762 = CARTESIAN_POINT('',(143.65,-103.5,1.635));
#6763 = VECTOR('',#6764,1.);
#6764 = DIRECTION('',(0.,1.,0.));
#6765 = ORIENTED_EDGE('',*,*,#6766,.F.);
#6766 = EDGE_CURVE('',#6767,#6759,#6769,.T.);
#6767 = VERTEX_POINT('',#6768);
#6768 = CARTESIAN_POINT('',(143.65,-100.2,1.6));
#6769 = LINE('',#6770,#6771);
#6770 = CARTESIAN_POINT('',(143.65,-100.2,1.6));
#6771 = VECTOR('',#6772,1.);
#6772 = DIRECTION('',(0.,0.,1.));
#6773 = ORIENTED_EDGE('',*,*,#6774,.F.);
#6774 = EDGE_CURVE('',#6735,#6767,#6775,.T.);
#6775 = LINE('',#6776,#6777);
#6776 = CARTESIAN_POINT('',(143.65,-103.5,1.6));
#6777 = VECTOR('',#6778,1.);
#6778 = DIRECTION('',(0.,1.,0.));
#6779 = PLANE('',#6780);
#6780 = AXIS2_PLACEMENT_3D('',#6781,#6782,#6783);
#6781 = CARTESIAN_POINT('',(143.65,-103.5,1.6));
#6782 = DIRECTION('',(-1.,0.,0.));
#6783 = DIRECTION('',(0.,1.,0.));
#6784 = ADVANCED_FACE('',(#6785),#6803,.T.);
#6785 = FACE_BOUND('',#6786,.F.);
#6786 = EDGE_LOOP('',(#6787,#6788,#6795,#6796));
#6787 = ORIENTED_EDGE('',*,*,#6766,.T.);
#6788 = ORIENTED_EDGE('',*,*,#6789,.T.);
#6789 = EDGE_CURVE('',#6759,#6687,#6790,.T.);
#6790 = CIRCLE('',#6791,0.15);
#6791 = AXIS2_PLACEMENT_3D('',#6792,#6793,#6794);
#6792 = CARTESIAN_POINT('',(143.5,-100.2,1.635));
#6793 = DIRECTION('',(0.,0.,1.));
#6794 = DIRECTION('',(1.,-9.473903143468E-14,0.));
#6795 = ORIENTED_EDGE('',*,*,#6684,.F.);
#6796 = ORIENTED_EDGE('',*,*,#6797,.F.);
#6797 = EDGE_CURVE('',#6767,#6685,#6798,.T.);
#6798 = CIRCLE('',#6799,0.15);
#6799 = AXIS2_PLACEMENT_3D('',#6800,#6801,#6802);
#6800 = CARTESIAN_POINT('',(143.5,-100.2,1.6));
#6801 = DIRECTION('',(0.,0.,1.));
#6802 = DIRECTION('',(1.,-9.473903143468E-14,0.));
#6803 = CYLINDRICAL_SURFACE('',#6804,0.15);
#6804 = AXIS2_PLACEMENT_3D('',#6805,#6806,#6807);
#6805 = CARTESIAN_POINT('',(143.5,-100.2,1.6));
#6806 = DIRECTION('',(-0.,-0.,-1.));
#6807 = DIRECTION('',(1.,-9.473903143468E-14,0.));
#6808 = ADVANCED_FACE('',(#6809),#6815,.F.);
#6809 = FACE_BOUND('',#6810,.F.);
#6810 = EDGE_LOOP('',(#6811,#6812,#6813,#6814));
#6811 = ORIENTED_EDGE('',*,*,#6710,.T.);
#6812 = ORIENTED_EDGE('',*,*,#6742,.T.);
#6813 = ORIENTED_EDGE('',*,*,#6774,.T.);
#6814 = ORIENTED_EDGE('',*,*,#6797,.T.);
#6815 = PLANE('',#6816);
#6816 = AXIS2_PLACEMENT_3D('',#6817,#6818,#6819);
#6817 = CARTESIAN_POINT('',(143.35,-100.2,1.6));
#6818 = DIRECTION('',(0.,0.,1.));
#6819 = DIRECTION('',(1.,0.,-0.));
#6820 = ADVANCED_FACE('',(#6821),#6827,.T.);
#6821 = FACE_BOUND('',#6822,.T.);
#6822 = EDGE_LOOP('',(#6823,#6824,#6825,#6826));
#6823 = ORIENTED_EDGE('',*,*,#6694,.T.);
#6824 = ORIENTED_EDGE('',*,*,#6725,.T.);
#6825 = ORIENTED_EDGE('',*,*,#6758,.T.);
#6826 = ORIENTED_EDGE('',*,*,#6789,.T.);
#6827 = PLANE('',#6828);
#6828 = AXIS2_PLACEMENT_3D('',#6829,#6830,#6831);
#6829 = CARTESIAN_POINT('',(143.35,-100.2,1.635));
#6830 = DIRECTION('',(0.,0.,1.));
#6831 = DIRECTION('',(1.,0.,-0.));
#6832 = ( GEOMETRIC_REPRESENTATION_CONTEXT(3) 
GLOBAL_UNCERTAINTY_ASSIGNED_CONTEXT((#6836)) 
GLOBAL_UNIT_ASSIGNED_CONTEXT((#6833,#6834,#6835)) REPRESENTATION_CONTEXT
('Context #1','3D Context with UNIT and UNCERTAINTY') );
#6833 = ( LENGTH_UNIT() NAMED_UNIT(*) SI_UNIT(.MILLI.,.METRE.) );
#6834 = ( NAMED_UNIT(*) PLANE_ANGLE_UNIT() SI_UNIT($,.RADIAN.) );
#6835 = ( NAMED_UNIT(*) SI_UNIT($,.STERADIAN.) SOLID_ANGLE_UNIT() );
#6836 = UNCERTAINTY_MEASURE_WITH_UNIT(LENGTH_MEASURE(1.E-07),#6833,
  'distance_accuracy_value','confusion accuracy');
#6837 = CONTEXT_DEPENDENT_SHAPE_REPRESENTATION(#6838,#6840);
#6838 = ( REPRESENTATION_RELATIONSHIP('','',#6677,#10) 
REPRESENTATION_RELATIONSHIP_WITH_TRANSFORMATION(#6839) 
SHAPE_REPRESENTATION_RELATIONSHIP() );
#6839 = ITEM_DEFINED_TRANSFORMATION('','',#11,#163);
#6840 = PRODUCT_DEFINITION_SHAPE('Placement','Placement of an item',
  #6841);
#6841 = NEXT_ASSEMBLY_USAGE_OCCURRENCE('38','=>[0:1:1:39]','',#5,#6672,$
  );
#6842 = PRODUCT_RELATED_PRODUCT_CATEGORY('part',$,(#6674));
#6843 = SHAPE_DEFINITION_REPRESENTATION(#6844,#6850);
#6844 = PRODUCT_DEFINITION_SHAPE('','',#6845);
#6845 = PRODUCT_DEFINITION('design','',#6846,#6849);
#6846 = PRODUCT_DEFINITION_FORMATION('','',#6847);
#6847 = PRODUCT('_autosave-connection pcb_track_39',
  '_autosave-connection pcb_track_39','',(#6848));
#6848 = PRODUCT_CONTEXT('',#2,'mechanical');
#6849 = PRODUCT_DEFINITION_CONTEXT('part definition',#2,'design');
#6850 = ADVANCED_BREP_SHAPE_REPRESENTATION('',(#11,#6851),#7005);
#6851 = MANIFOLD_SOLID_BREP('',#6852);
#6852 = CLOSED_SHELL('',(#6853,#6893,#6926,#6957,#6981,#6993));
#6853 = ADVANCED_FACE('',(#6854),#6888,.F.);
#6854 = FACE_BOUND('',#6855,.F.);
#6855 = EDGE_LOOP('',(#6856,#6866,#6874,#6882));
#6856 = ORIENTED_EDGE('',*,*,#6857,.T.);
#6857 = EDGE_CURVE('',#6858,#6860,#6862,.T.);
#6858 = VERTEX_POINT('',#6859);
#6859 = CARTESIAN_POINT('',(144.668933,-107.218933,1.6));
#6860 = VERTEX_POINT('',#6861);
#6861 = CARTESIAN_POINT('',(144.668933,-107.218933,1.635));
#6862 = LINE('',#6863,#6864);
#6863 = CARTESIAN_POINT('',(144.668933,-107.218933,1.6));
#6864 = VECTOR('',#6865,1.);
#6865 = DIRECTION('',(0.,0.,1.));
#6866 = ORIENTED_EDGE('',*,*,#6867,.T.);
#6867 = EDGE_CURVE('',#6860,#6868,#6870,.T.);
#6868 = VERTEX_POINT('',#6869);
#6869 = CARTESIAN_POINT('',(142.293933,-109.593933,1.635));
#6870 = LINE('',#6871,#6872);
#6871 = CARTESIAN_POINT('',(144.668933,-107.218933,1.635));
#6872 = VECTOR('',#6873,1.);
#6873 = DIRECTION('',(-0.707106781187,-0.707106781187,0.));
#6874 = ORIENTED_EDGE('',*,*,#6875,.F.);
#6875 = EDGE_CURVE('',#6876,#6868,#6878,.T.);
#6876 = VERTEX_POINT('',#6877);
#6877 = CARTESIAN_POINT('',(142.293933,-109.593933,1.6));
#6878 = LINE('',#6879,#6880);
#6879 = CARTESIAN_POINT('',(142.293933,-109.593933,1.6));
#6880 = VECTOR('',#6881,1.);
#6881 = DIRECTION('',(0.,0.,1.));
#6882 = ORIENTED_EDGE('',*,*,#6883,.F.);
#6883 = EDGE_CURVE('',#6858,#6876,#6884,.T.);
#6884 = LINE('',#6885,#6886);
#6885 = CARTESIAN_POINT('',(144.668933,-107.218933,1.6));
#6886 = VECTOR('',#6887,1.);
#6887 = DIRECTION('',(-0.707106781187,-0.707106781187,0.));
#6888 = PLANE('',#6889);
#6889 = AXIS2_PLACEMENT_3D('',#6890,#6891,#6892);
#6890 = CARTESIAN_POINT('',(144.668933,-107.218933,1.6));
#6891 = DIRECTION('',(0.707106781187,-0.707106781187,0.));
#6892 = DIRECTION('',(-0.707106781187,-0.707106781187,0.));
#6893 = ADVANCED_FACE('',(#6894),#6921,.T.);
#6894 = FACE_BOUND('',#6895,.F.);
#6895 = EDGE_LOOP('',(#6896,#6897,#6906,#6914));
#6896 = ORIENTED_EDGE('',*,*,#6875,.T.);
#6897 = ORIENTED_EDGE('',*,*,#6898,.T.);
#6898 = EDGE_CURVE('',#6868,#6899,#6901,.T.);
#6899 = VERTEX_POINT('',#6900);
#6900 = CARTESIAN_POINT('',(142.506066,-109.806066,1.635));
#6901 = CIRCLE('',#6902,0.150000682813);
#6902 = AXIS2_PLACEMENT_3D('',#6903,#6904,#6905);
#6903 = CARTESIAN_POINT('',(142.3999995,-109.6999995,1.635));
#6904 = DIRECTION('',(0.,0.,1.));
#6905 = DIRECTION('',(-0.707106781187,0.707106781187,-0.));
#6906 = ORIENTED_EDGE('',*,*,#6907,.F.);
#6907 = EDGE_CURVE('',#6908,#6899,#6910,.T.);
#6908 = VERTEX_POINT('',#6909);
#6909 = CARTESIAN_POINT('',(142.506066,-109.806066,1.6));
#6910 = LINE('',#6911,#6912);
#6911 = CARTESIAN_POINT('',(142.506066,-109.806066,1.6));
#6912 = VECTOR('',#6913,1.);
#6913 = DIRECTION('',(0.,0.,1.));
#6914 = ORIENTED_EDGE('',*,*,#6915,.F.);
#6915 = EDGE_CURVE('',#6876,#6908,#6916,.T.);
#6916 = CIRCLE('',#6917,0.150000682813);
#6917 = AXIS2_PLACEMENT_3D('',#6918,#6919,#6920);
#6918 = CARTESIAN_POINT('',(142.3999995,-109.6999995,1.6));
#6919 = DIRECTION('',(0.,0.,1.));
#6920 = DIRECTION('',(-0.707106781187,0.707106781187,-0.));
#6921 = CYLINDRICAL_SURFACE('',#6922,0.150000682813);
#6922 = AXIS2_PLACEMENT_3D('',#6923,#6924,#6925);
#6923 = CARTESIAN_POINT('',(142.3999995,-109.6999995,1.6));
#6924 = DIRECTION('',(-0.,-0.,-1.));
#6925 = DIRECTION('',(-0.707106781187,0.707106781187,-0.));
#6926 = ADVANCED_FACE('',(#6927),#6952,.F.);
#6927 = FACE_BOUND('',#6928,.F.);
#6928 = EDGE_LOOP('',(#6929,#6930,#6938,#6946));
#6929 = ORIENTED_EDGE('',*,*,#6907,.T.);
#6930 = ORIENTED_EDGE('',*,*,#6931,.T.);
#6931 = EDGE_CURVE('',#6899,#6932,#6934,.T.);
#6932 = VERTEX_POINT('',#6933);
#6933 = CARTESIAN_POINT('',(144.881066,-107.431066,1.635));
#6934 = LINE('',#6935,#6936);
#6935 = CARTESIAN_POINT('',(142.506066,-109.806066,1.635));
#6936 = VECTOR('',#6937,1.);
#6937 = DIRECTION('',(0.707106781187,0.707106781187,0.));
#6938 = ORIENTED_EDGE('',*,*,#6939,.F.);
#6939 = EDGE_CURVE('',#6940,#6932,#6942,.T.);
#6940 = VERTEX_POINT('',#6941);
#6941 = CARTESIAN_POINT('',(144.881066,-107.431066,1.6));
#6942 = LINE('',#6943,#6944);
#6943 = CARTESIAN_POINT('',(144.881066,-107.431066,1.6));
#6944 = VECTOR('',#6945,1.);
#6945 = DIRECTION('',(0.,0.,1.));
#6946 = ORIENTED_EDGE('',*,*,#6947,.F.);
#6947 = EDGE_CURVE('',#6908,#6940,#6948,.T.);
#6948 = LINE('',#6949,#6950);
#6949 = CARTESIAN_POINT('',(142.506066,-109.806066,1.6));
#6950 = VECTOR('',#6951,1.);
#6951 = DIRECTION('',(0.707106781187,0.707106781187,0.));
#6952 = PLANE('',#6953);
#6953 = AXIS2_PLACEMENT_3D('',#6954,#6955,#6956);
#6954 = CARTESIAN_POINT('',(142.506066,-109.806066,1.6));
#6955 = DIRECTION('',(-0.707106781187,0.707106781187,0.));
#6956 = DIRECTION('',(0.707106781187,0.707106781187,0.));
#6957 = ADVANCED_FACE('',(#6958),#6976,.T.);
#6958 = FACE_BOUND('',#6959,.F.);
#6959 = EDGE_LOOP('',(#6960,#6961,#6968,#6969));
#6960 = ORIENTED_EDGE('',*,*,#6939,.T.);
#6961 = ORIENTED_EDGE('',*,*,#6962,.T.);
#6962 = EDGE_CURVE('',#6932,#6860,#6963,.T.);
#6963 = CIRCLE('',#6964,0.150000682813);
#6964 = AXIS2_PLACEMENT_3D('',#6965,#6966,#6967);
#6965 = CARTESIAN_POINT('',(144.7749995,-107.3249995,1.635));
#6966 = DIRECTION('',(0.,-0.,1.));
#6967 = DIRECTION('',(0.707106781187,-0.707106781187,-0.));
#6968 = ORIENTED_EDGE('',*,*,#6857,.F.);
#6969 = ORIENTED_EDGE('',*,*,#6970,.F.);
#6970 = EDGE_CURVE('',#6940,#6858,#6971,.T.);
#6971 = CIRCLE('',#6972,0.150000682813);
#6972 = AXIS2_PLACEMENT_3D('',#6973,#6974,#6975);
#6973 = CARTESIAN_POINT('',(144.7749995,-107.3249995,1.6));
#6974 = DIRECTION('',(0.,-0.,1.));
#6975 = DIRECTION('',(0.707106781187,-0.707106781187,-0.));
#6976 = CYLINDRICAL_SURFACE('',#6977,0.150000682813);
#6977 = AXIS2_PLACEMENT_3D('',#6978,#6979,#6980);
#6978 = CARTESIAN_POINT('',(144.7749995,-107.3249995,1.6));
#6979 = DIRECTION('',(-0.,0.,-1.));
#6980 = DIRECTION('',(0.707106781187,-0.707106781187,-0.));
#6981 = ADVANCED_FACE('',(#6982),#6988,.F.);
#6982 = FACE_BOUND('',#6983,.F.);
#6983 = EDGE_LOOP('',(#6984,#6985,#6986,#6987));
#6984 = ORIENTED_EDGE('',*,*,#6883,.T.);
#6985 = ORIENTED_EDGE('',*,*,#6915,.T.);
#6986 = ORIENTED_EDGE('',*,*,#6947,.T.);
#6987 = ORIENTED_EDGE('',*,*,#6970,.T.);
#6988 = PLANE('',#6989);
#6989 = AXIS2_PLACEMENT_3D('',#6990,#6991,#6992);
#6990 = CARTESIAN_POINT('',(144.668933,-107.218933,1.6));
#6991 = DIRECTION('',(0.,0.,1.));
#6992 = DIRECTION('',(1.,0.,-0.));
#6993 = ADVANCED_FACE('',(#6994),#7000,.T.);
#6994 = FACE_BOUND('',#6995,.T.);
#6995 = EDGE_LOOP('',(#6996,#6997,#6998,#6999));
#6996 = ORIENTED_EDGE('',*,*,#6867,.T.);
#6997 = ORIENTED_EDGE('',*,*,#6898,.T.);
#6998 = ORIENTED_EDGE('',*,*,#6931,.T.);
#6999 = ORIENTED_EDGE('',*,*,#6962,.T.);
#7000 = PLANE('',#7001);
#7001 = AXIS2_PLACEMENT_3D('',#7002,#7003,#7004);
#7002 = CARTESIAN_POINT('',(144.668933,-107.218933,1.635));
#7003 = DIRECTION('',(0.,0.,1.));
#7004 = DIRECTION('',(1.,0.,-0.));
#7005 = ( GEOMETRIC_REPRESENTATION_CONTEXT(3) 
GLOBAL_UNCERTAINTY_ASSIGNED_CONTEXT((#7009)) 
GLOBAL_UNIT_ASSIGNED_CONTEXT((#7006,#7007,#7008)) REPRESENTATION_CONTEXT
('Context #1','3D Context with UNIT and UNCERTAINTY') );
#7006 = ( LENGTH_UNIT() NAMED_UNIT(*) SI_UNIT(.MILLI.,.METRE.) );
#7007 = ( NAMED_UNIT(*) PLANE_ANGLE_UNIT() SI_UNIT($,.RADIAN.) );
#7008 = ( NAMED_UNIT(*) SI_UNIT($,.STERADIAN.) SOLID_ANGLE_UNIT() );
#7009 = UNCERTAINTY_MEASURE_WITH_UNIT(LENGTH_MEASURE(1.E-07),#7006,
  'distance_accuracy_value','confusion accuracy');
#7010 = CONTEXT_DEPENDENT_SHAPE_REPRESENTATION(#7011,#7013);
#7011 = ( REPRESENTATION_RELATIONSHIP('','',#6850,#10) 
REPRESENTATION_RELATIONSHIP_WITH_TRANSFORMATION(#7012) 
SHAPE_REPRESENTATION_RELATIONSHIP() );
#7012 = ITEM_DEFINED_TRANSFORMATION('','',#11,#167);
#7013 = PRODUCT_DEFINITION_SHAPE('Placement','Placement of an item',
  #7014);
#7014 = NEXT_ASSEMBLY_USAGE_OCCURRENCE('39','=>[0:1:1:40]','',#5,#6845,$
  );
#7015 = PRODUCT_RELATED_PRODUCT_CATEGORY('part',$,(#6847));
#7016 = SHAPE_DEFINITION_REPRESENTATION(#7017,#7023);
#7017 = PRODUCT_DEFINITION_SHAPE('','',#7018);
#7018 = PRODUCT_DEFINITION('design','',#7019,#7022);
#7019 = PRODUCT_DEFINITION_FORMATION('','',#7020);
#7020 = PRODUCT('_autosave-connection pcb_track_40',
  '_autosave-connection pcb_track_40','',(#7021));
#7021 = PRODUCT_CONTEXT('',#2,'mechanical');
#7022 = PRODUCT_DEFINITION_CONTEXT('part definition',#2,'design');
#7023 = ADVANCED_BREP_SHAPE_REPRESENTATION('',(#11,#7024),#7178);
#7024 = MANIFOLD_SOLID_BREP('',#7025);
#7025 = CLOSED_SHELL('',(#7026,#7066,#7099,#7130,#7154,#7166));
#7026 = ADVANCED_FACE('',(#7027),#7061,.F.);
#7027 = FACE_BOUND('',#7028,.F.);
#7028 = EDGE_LOOP('',(#7029,#7039,#7047,#7055));
#7029 = ORIENTED_EDGE('',*,*,#7030,.T.);
#7030 = EDGE_CURVE('',#7031,#7033,#7035,.T.);
#7031 = VERTEX_POINT('',#7032);
#7032 = CARTESIAN_POINT('',(142.4,-109.55,1.6));
#7033 = VERTEX_POINT('',#7034);
#7034 = CARTESIAN_POINT('',(142.4,-109.55,1.635));
#7035 = LINE('',#7036,#7037);
#7036 = CARTESIAN_POINT('',(142.4,-109.55,1.6));
#7037 = VECTOR('',#7038,1.);
#7038 = DIRECTION('',(0.,0.,1.));
#7039 = ORIENTED_EDGE('',*,*,#7040,.T.);
#7040 = EDGE_CURVE('',#7033,#7041,#7043,.T.);
#7041 = VERTEX_POINT('',#7042);
#7042 = CARTESIAN_POINT('',(142.,-109.55,1.635));
#7043 = LINE('',#7044,#7045);
#7044 = CARTESIAN_POINT('',(142.4,-109.55,1.635));
#7045 = VECTOR('',#7046,1.);
#7046 = DIRECTION('',(-1.,0.,0.));
#7047 = ORIENTED_EDGE('',*,*,#7048,.F.);
#7048 = EDGE_CURVE('',#7049,#7041,#7051,.T.);
#7049 = VERTEX_POINT('',#7050);
#7050 = CARTESIAN_POINT('',(142.,-109.55,1.6));
#7051 = LINE('',#7052,#7053);
#7052 = CARTESIAN_POINT('',(142.,-109.55,1.6));
#7053 = VECTOR('',#7054,1.);
#7054 = DIRECTION('',(0.,0.,1.));
#7055 = ORIENTED_EDGE('',*,*,#7056,.F.);
#7056 = EDGE_CURVE('',#7031,#7049,#7057,.T.);
#7057 = LINE('',#7058,#7059);
#7058 = CARTESIAN_POINT('',(142.4,-109.55,1.6));
#7059 = VECTOR('',#7060,1.);
#7060 = DIRECTION('',(-1.,0.,0.));
#7061 = PLANE('',#7062);
#7062 = AXIS2_PLACEMENT_3D('',#7063,#7064,#7065);
#7063 = CARTESIAN_POINT('',(142.4,-109.55,1.6));
#7064 = DIRECTION('',(0.,-1.,0.));
#7065 = DIRECTION('',(-1.,0.,0.));
#7066 = ADVANCED_FACE('',(#7067),#7094,.T.);
#7067 = FACE_BOUND('',#7068,.F.);
#7068 = EDGE_LOOP('',(#7069,#7070,#7079,#7087));
#7069 = ORIENTED_EDGE('',*,*,#7048,.T.);
#7070 = ORIENTED_EDGE('',*,*,#7071,.T.);
#7071 = EDGE_CURVE('',#7041,#7072,#7074,.T.);
#7072 = VERTEX_POINT('',#7073);
#7073 = CARTESIAN_POINT('',(142.,-109.85,1.635));
#7074 = CIRCLE('',#7075,0.15);
#7075 = AXIS2_PLACEMENT_3D('',#7076,#7077,#7078);
#7076 = CARTESIAN_POINT('',(142.,-109.7,1.635));
#7077 = DIRECTION('',(0.,-0.,1.));
#7078 = DIRECTION('',(0.,1.,0.));
#7079 = ORIENTED_EDGE('',*,*,#7080,.F.);
#7080 = EDGE_CURVE('',#7081,#7072,#7083,.T.);
#7081 = VERTEX_POINT('',#7082);
#7082 = CARTESIAN_POINT('',(142.,-109.85,1.6));
#7083 = LINE('',#7084,#7085);
#7084 = CARTESIAN_POINT('',(142.,-109.85,1.6));
#7085 = VECTOR('',#7086,1.);
#7086 = DIRECTION('',(0.,0.,1.));
#7087 = ORIENTED_EDGE('',*,*,#7088,.F.);
#7088 = EDGE_CURVE('',#7049,#7081,#7089,.T.);
#7089 = CIRCLE('',#7090,0.15);
#7090 = AXIS2_PLACEMENT_3D('',#7091,#7092,#7093);
#7091 = CARTESIAN_POINT('',(142.,-109.7,1.6));
#7092 = DIRECTION('',(0.,-0.,1.));
#7093 = DIRECTION('',(0.,1.,0.));
#7094 = CYLINDRICAL_SURFACE('',#7095,0.15);
#7095 = AXIS2_PLACEMENT_3D('',#7096,#7097,#7098);
#7096 = CARTESIAN_POINT('',(142.,-109.7,1.6));
#7097 = DIRECTION('',(-0.,0.,-1.));
#7098 = DIRECTION('',(0.,1.,0.));
#7099 = ADVANCED_FACE('',(#7100),#7125,.F.);
#7100 = FACE_BOUND('',#7101,.F.);
#7101 = EDGE_LOOP('',(#7102,#7103,#7111,#7119));
#7102 = ORIENTED_EDGE('',*,*,#7080,.T.);
#7103 = ORIENTED_EDGE('',*,*,#7104,.T.);
#7104 = EDGE_CURVE('',#7072,#7105,#7107,.T.);
#7105 = VERTEX_POINT('',#7106);
#7106 = CARTESIAN_POINT('',(142.4,-109.85,1.635));
#7107 = LINE('',#7108,#7109);
#7108 = CARTESIAN_POINT('',(142.,-109.85,1.635));
#7109 = VECTOR('',#7110,1.);
#7110 = DIRECTION('',(1.,0.,0.));
#7111 = ORIENTED_EDGE('',*,*,#7112,.F.);
#7112 = EDGE_CURVE('',#7113,#7105,#7115,.T.);
#7113 = VERTEX_POINT('',#7114);
#7114 = CARTESIAN_POINT('',(142.4,-109.85,1.6));
#7115 = LINE('',#7116,#7117);
#7116 = CARTESIAN_POINT('',(142.4,-109.85,1.6));
#7117 = VECTOR('',#7118,1.);
#7118 = DIRECTION('',(0.,0.,1.));
#7119 = ORIENTED_EDGE('',*,*,#7120,.F.);
#7120 = EDGE_CURVE('',#7081,#7113,#7121,.T.);
#7121 = LINE('',#7122,#7123);
#7122 = CARTESIAN_POINT('',(142.,-109.85,1.6));
#7123 = VECTOR('',#7124,1.);
#7124 = DIRECTION('',(1.,0.,0.));
#7125 = PLANE('',#7126);
#7126 = AXIS2_PLACEMENT_3D('',#7127,#7128,#7129);
#7127 = CARTESIAN_POINT('',(142.,-109.85,1.6));
#7128 = DIRECTION('',(0.,1.,0.));
#7129 = DIRECTION('',(1.,0.,0.));
#7130 = ADVANCED_FACE('',(#7131),#7149,.T.);
#7131 = FACE_BOUND('',#7132,.F.);
#7132 = EDGE_LOOP('',(#7133,#7134,#7141,#7142));
#7133 = ORIENTED_EDGE('',*,*,#7112,.T.);
#7134 = ORIENTED_EDGE('',*,*,#7135,.T.);
#7135 = EDGE_CURVE('',#7105,#7033,#7136,.T.);
#7136 = CIRCLE('',#7137,0.15);
#7137 = AXIS2_PLACEMENT_3D('',#7138,#7139,#7140);
#7138 = CARTESIAN_POINT('',(142.4,-109.7,1.635));
#7139 = DIRECTION('',(0.,0.,1.));
#7140 = DIRECTION('',(-1.894780628694E-13,-1.,0.));
#7141 = ORIENTED_EDGE('',*,*,#7030,.F.);
#7142 = ORIENTED_EDGE('',*,*,#7143,.F.);
#7143 = EDGE_CURVE('',#7113,#7031,#7144,.T.);
#7144 = CIRCLE('',#7145,0.15);
#7145 = AXIS2_PLACEMENT_3D('',#7146,#7147,#7148);
#7146 = CARTESIAN_POINT('',(142.4,-109.7,1.6));
#7147 = DIRECTION('',(0.,0.,1.));
#7148 = DIRECTION('',(-1.894780628694E-13,-1.,0.));
#7149 = CYLINDRICAL_SURFACE('',#7150,0.15);
#7150 = AXIS2_PLACEMENT_3D('',#7151,#7152,#7153);
#7151 = CARTESIAN_POINT('',(142.4,-109.7,1.6));
#7152 = DIRECTION('',(-0.,-0.,-1.));
#7153 = DIRECTION('',(-1.894780628694E-13,-1.,0.));
#7154 = ADVANCED_FACE('',(#7155),#7161,.F.);
#7155 = FACE_BOUND('',#7156,.F.);
#7156 = EDGE_LOOP('',(#7157,#7158,#7159,#7160));
#7157 = ORIENTED_EDGE('',*,*,#7056,.T.);
#7158 = ORIENTED_EDGE('',*,*,#7088,.T.);
#7159 = ORIENTED_EDGE('',*,*,#7120,.T.);
#7160 = ORIENTED_EDGE('',*,*,#7143,.T.);
#7161 = PLANE('',#7162);
#7162 = AXIS2_PLACEMENT_3D('',#7163,#7164,#7165);
#7163 = CARTESIAN_POINT('',(142.4,-109.55,1.6));
#7164 = DIRECTION('',(0.,0.,1.));
#7165 = DIRECTION('',(1.,0.,-0.));
#7166 = ADVANCED_FACE('',(#7167),#7173,.T.);
#7167 = FACE_BOUND('',#7168,.T.);
#7168 = EDGE_LOOP('',(#7169,#7170,#7171,#7172));
#7169 = ORIENTED_EDGE('',*,*,#7040,.T.);
#7170 = ORIENTED_EDGE('',*,*,#7071,.T.);
#7171 = ORIENTED_EDGE('',*,*,#7104,.T.);
#7172 = ORIENTED_EDGE('',*,*,#7135,.T.);
#7173 = PLANE('',#7174);
#7174 = AXIS2_PLACEMENT_3D('',#7175,#7176,#7177);
#7175 = CARTESIAN_POINT('',(142.4,-109.55,1.635));
#7176 = DIRECTION('',(0.,0.,1.));
#7177 = DIRECTION('',(1.,0.,-0.));
#7178 = ( GEOMETRIC_REPRESENTATION_CONTEXT(3) 
GLOBAL_UNCERTAINTY_ASSIGNED_CONTEXT((#7182)) 
GLOBAL_UNIT_ASSIGNED_CONTEXT((#7179,#7180,#7181)) REPRESENTATION_CONTEXT
('Context #1','3D Context with UNIT and UNCERTAINTY') );
#7179 = ( LENGTH_UNIT() NAMED_UNIT(*) SI_UNIT(.MILLI.,.METRE.) );
#7180 = ( NAMED_UNIT(*) PLANE_ANGLE_UNIT() SI_UNIT($,.RADIAN.) );
#7181 = ( NAMED_UNIT(*) SI_UNIT($,.STERADIAN.) SOLID_ANGLE_UNIT() );
#7182 = UNCERTAINTY_MEASURE_WITH_UNIT(LENGTH_MEASURE(1.E-07),#7179,
  'distance_accuracy_value','confusion accuracy');
#7183 = CONTEXT_DEPENDENT_SHAPE_REPRESENTATION(#7184,#7186);
#7184 = ( REPRESENTATION_RELATIONSHIP('','',#7023,#10) 
REPRESENTATION_RELATIONSHIP_WITH_TRANSFORMATION(#7185) 
SHAPE_REPRESENTATION_RELATIONSHIP() );
#7185 = ITEM_DEFINED_TRANSFORMATION('','',#11,#171);
#7186 = PRODUCT_DEFINITION_SHAPE('Placement','Placement of an item',
  #7187);
#7187 = NEXT_ASSEMBLY_USAGE_OCCURRENCE('40','=>[0:1:1:41]','',#5,#7018,$
  );
#7188 = PRODUCT_RELATED_PRODUCT_CATEGORY('part',$,(#7020));
#7189 = SHAPE_DEFINITION_REPRESENTATION(#7190,#7196);
#7190 = PRODUCT_DEFINITION_SHAPE('','',#7191);
#7191 = PRODUCT_DEFINITION('design','',#7192,#7195);
#7192 = PRODUCT_DEFINITION_FORMATION('','',#7193);
#7193 = PRODUCT('_autosave-connection pcb_pad_1',
  '_autosave-connection pcb_pad_1','',(#7194));
#7194 = PRODUCT_CONTEXT('',#2,'mechanical');
#7195 = PRODUCT_DEFINITION_CONTEXT('part definition',#2,'design');
#7196 = ADVANCED_BREP_SHAPE_REPRESENTATION('',(#11,#7197),#7347);
#7197 = MANIFOLD_SOLID_BREP('',#7198);
#7198 = CLOSED_SHELL('',(#7199,#7239,#7270,#7301,#7323,#7335));
#7199 = ADVANCED_FACE('',(#7200),#7234,.T.);
#7200 = FACE_BOUND('',#7201,.T.);
#7201 = EDGE_LOOP('',(#7202,#7212,#7220,#7228));
#7202 = ORIENTED_EDGE('',*,*,#7203,.T.);
#7203 = EDGE_CURVE('',#7204,#7206,#7208,.T.);
#7204 = VERTEX_POINT('',#7205);
#7205 = CARTESIAN_POINT('',(138.3,-97.1,1.6));
#7206 = VERTEX_POINT('',#7207);
#7207 = CARTESIAN_POINT('',(138.3,-97.1,1.635));
#7208 = LINE('',#7209,#7210);
#7209 = CARTESIAN_POINT('',(138.3,-97.1,1.6));
#7210 = VECTOR('',#7211,1.);
#7211 = DIRECTION('',(0.,0.,1.));
#7212 = ORIENTED_EDGE('',*,*,#7213,.T.);
#7213 = EDGE_CURVE('',#7206,#7214,#7216,.T.);
#7214 = VERTEX_POINT('',#7215);
#7215 = CARTESIAN_POINT('',(137.1,-97.1,1.635));
#7216 = LINE('',#7217,#7218);
#7217 = CARTESIAN_POINT('',(138.3,-97.1,1.635));
#7218 = VECTOR('',#7219,1.);
#7219 = DIRECTION('',(-1.,0.,0.));
#7220 = ORIENTED_EDGE('',*,*,#7221,.F.);
#7221 = EDGE_CURVE('',#7222,#7214,#7224,.T.);
#7222 = VERTEX_POINT('',#7223);
#7223 = CARTESIAN_POINT('',(137.1,-97.1,1.6));
#7224 = LINE('',#7225,#7226);
#7225 = CARTESIAN_POINT('',(137.1,-97.1,1.6));
#7226 = VECTOR('',#7227,1.);
#7227 = DIRECTION('',(0.,0.,1.));
#7228 = ORIENTED_EDGE('',*,*,#7229,.F.);
#7229 = EDGE_CURVE('',#7204,#7222,#7230,.T.);
#7230 = LINE('',#7231,#7232);
#7231 = CARTESIAN_POINT('',(138.3,-97.1,1.6));
#7232 = VECTOR('',#7233,1.);
#7233 = DIRECTION('',(-1.,0.,0.));
#7234 = PLANE('',#7235);
#7235 = AXIS2_PLACEMENT_3D('',#7236,#7237,#7238);
#7236 = CARTESIAN_POINT('',(138.3,-97.1,1.6));
#7237 = DIRECTION('',(0.,-1.,0.));
#7238 = DIRECTION('',(-1.,0.,0.));
#7239 = ADVANCED_FACE('',(#7240),#7265,.T.);
#7240 = FACE_BOUND('',#7241,.T.);
#7241 = EDGE_LOOP('',(#7242,#7243,#7251,#7259));
#7242 = ORIENTED_EDGE('',*,*,#7221,.T.);
#7243 = ORIENTED_EDGE('',*,*,#7244,.T.);
#7244 = EDGE_CURVE('',#7214,#7245,#7247,.T.);
#7245 = VERTEX_POINT('',#7246);
#7246 = CARTESIAN_POINT('',(137.1,-96.1,1.635));
#7247 = LINE('',#7248,#7249);
#7248 = CARTESIAN_POINT('',(137.1,-97.1,1.635));
#7249 = VECTOR('',#7250,1.);
#7250 = DIRECTION('',(0.,1.,0.));
#7251 = ORIENTED_EDGE('',*,*,#7252,.F.);
#7252 = EDGE_CURVE('',#7253,#7245,#7255,.T.);
#7253 = VERTEX_POINT('',#7254);
#7254 = CARTESIAN_POINT('',(137.1,-96.1,1.6));
#7255 = LINE('',#7256,#7257);
#7256 = CARTESIAN_POINT('',(137.1,-96.1,1.6));
#7257 = VECTOR('',#7258,1.);
#7258 = DIRECTION('',(0.,0.,1.));
#7259 = ORIENTED_EDGE('',*,*,#7260,.F.);
#7260 = EDGE_CURVE('',#7222,#7253,#7261,.T.);
#7261 = LINE('',#7262,#7263);
#7262 = CARTESIAN_POINT('',(137.1,-97.1,1.6));
#7263 = VECTOR('',#7264,1.);
#7264 = DIRECTION('',(0.,1.,0.));
#7265 = PLANE('',#7266);
#7266 = AXIS2_PLACEMENT_3D('',#7267,#7268,#7269);
#7267 = CARTESIAN_POINT('',(137.1,-97.1,1.6));
#7268 = DIRECTION('',(-1.,0.,0.));
#7269 = DIRECTION('',(0.,1.,0.));
#7270 = ADVANCED_FACE('',(#7271),#7296,.T.);
#7271 = FACE_BOUND('',#7272,.T.);
#7272 = EDGE_LOOP('',(#7273,#7274,#7282,#7290));
#7273 = ORIENTED_EDGE('',*,*,#7252,.T.);
#7274 = ORIENTED_EDGE('',*,*,#7275,.T.);
#7275 = EDGE_CURVE('',#7245,#7276,#7278,.T.);
#7276 = VERTEX_POINT('',#7277);
#7277 = CARTESIAN_POINT('',(138.3,-96.1,1.635));
#7278 = LINE('',#7279,#7280);
#7279 = CARTESIAN_POINT('',(137.1,-96.1,1.635));
#7280 = VECTOR('',#7281,1.);
#7281 = DIRECTION('',(1.,0.,0.));
#7282 = ORIENTED_EDGE('',*,*,#7283,.F.);
#7283 = EDGE_CURVE('',#7284,#7276,#7286,.T.);
#7284 = VERTEX_POINT('',#7285);
#7285 = CARTESIAN_POINT('',(138.3,-96.1,1.6));
#7286 = LINE('',#7287,#7288);
#7287 = CARTESIAN_POINT('',(138.3,-96.1,1.6));
#7288 = VECTOR('',#7289,1.);
#7289 = DIRECTION('',(0.,0.,1.));
#7290 = ORIENTED_EDGE('',*,*,#7291,.F.);
#7291 = EDGE_CURVE('',#7253,#7284,#7292,.T.);
#7292 = LINE('',#7293,#7294);
#7293 = CARTESIAN_POINT('',(137.1,-96.1,1.6));
#7294 = VECTOR('',#7295,1.);
#7295 = DIRECTION('',(1.,0.,0.));
#7296 = PLANE('',#7297);
#7297 = AXIS2_PLACEMENT_3D('',#7298,#7299,#7300);
#7298 = CARTESIAN_POINT('',(137.1,-96.1,1.6));
#7299 = DIRECTION('',(0.,1.,0.));
#7300 = DIRECTION('',(1.,0.,0.));
#7301 = ADVANCED_FACE('',(#7302),#7318,.T.);
#7302 = FACE_BOUND('',#7303,.T.);
#7303 = EDGE_LOOP('',(#7304,#7305,#7311,#7312));
#7304 = ORIENTED_EDGE('',*,*,#7283,.T.);
#7305 = ORIENTED_EDGE('',*,*,#7306,.T.);
#7306 = EDGE_CURVE('',#7276,#7206,#7307,.T.);
#7307 = LINE('',#7308,#7309);
#7308 = CARTESIAN_POINT('',(138.3,-96.1,1.635));
#7309 = VECTOR('',#7310,1.);
#7310 = DIRECTION('',(0.,-1.,0.));
#7311 = ORIENTED_EDGE('',*,*,#7203,.F.);
#7312 = ORIENTED_EDGE('',*,*,#7313,.F.);
#7313 = EDGE_CURVE('',#7284,#7204,#7314,.T.);
#7314 = LINE('',#7315,#7316);
#7315 = CARTESIAN_POINT('',(138.3,-96.1,1.6));
#7316 = VECTOR('',#7317,1.);
#7317 = DIRECTION('',(0.,-1.,0.));
#7318 = PLANE('',#7319);
#7319 = AXIS2_PLACEMENT_3D('',#7320,#7321,#7322);
#7320 = CARTESIAN_POINT('',(138.3,-96.1,1.6));
#7321 = DIRECTION('',(1.,0.,-0.));
#7322 = DIRECTION('',(0.,-1.,0.));
#7323 = ADVANCED_FACE('',(#7324),#7330,.T.);
#7324 = FACE_BOUND('',#7325,.T.);
#7325 = EDGE_LOOP('',(#7326,#7327,#7328,#7329));
#7326 = ORIENTED_EDGE('',*,*,#7229,.T.);
#7327 = ORIENTED_EDGE('',*,*,#7260,.T.);
#7328 = ORIENTED_EDGE('',*,*,#7291,.T.);
#7329 = ORIENTED_EDGE('',*,*,#7313,.T.);
#7330 = PLANE('',#7331);
#7331 = AXIS2_PLACEMENT_3D('',#7332,#7333,#7334);
#7332 = CARTESIAN_POINT('',(137.7,-96.6,1.6));
#7333 = DIRECTION('',(-0.,-0.,-1.));
#7334 = DIRECTION('',(-1.,0.,0.));
#7335 = ADVANCED_FACE('',(#7336),#7342,.F.);
#7336 = FACE_BOUND('',#7337,.F.);
#7337 = EDGE_LOOP('',(#7338,#7339,#7340,#7341));
#7338 = ORIENTED_EDGE('',*,*,#7213,.T.);
#7339 = ORIENTED_EDGE('',*,*,#7244,.T.);
#7340 = ORIENTED_EDGE('',*,*,#7275,.T.);
#7341 = ORIENTED_EDGE('',*,*,#7306,.T.);
#7342 = PLANE('',#7343);
#7343 = AXIS2_PLACEMENT_3D('',#7344,#7345,#7346);
#7344 = CARTESIAN_POINT('',(137.7,-96.6,1.635));
#7345 = DIRECTION('',(-0.,-0.,-1.));
#7346 = DIRECTION('',(-1.,0.,0.));
#7347 = ( GEOMETRIC_REPRESENTATION_CONTEXT(3) 
GLOBAL_UNCERTAINTY_ASSIGNED_CONTEXT((#7351)) 
GLOBAL_UNIT_ASSIGNED_CONTEXT((#7348,#7349,#7350)) REPRESENTATION_CONTEXT
('Context #1','3D Context with UNIT and UNCERTAINTY') );
#7348 = ( LENGTH_UNIT() NAMED_UNIT(*) SI_UNIT(.MILLI.,.METRE.) );
#7349 = ( NAMED_UNIT(*) PLANE_ANGLE_UNIT() SI_UNIT($,.RADIAN.) );
#7350 = ( NAMED_UNIT(*) SI_UNIT($,.STERADIAN.) SOLID_ANGLE_UNIT() );
#7351 = UNCERTAINTY_MEASURE_WITH_UNIT(LENGTH_MEASURE(1.E-07),#7348,
  'distance_accuracy_value','confusion accuracy');
#7352 = CONTEXT_DEPENDENT_SHAPE_REPRESENTATION(#7353,#7355);
#7353 = ( REPRESENTATION_RELATIONSHIP('','',#7196,#10) 
REPRESENTATION_RELATIONSHIP_WITH_TRANSFORMATION(#7354) 
SHAPE_REPRESENTATION_RELATIONSHIP() );
#7354 = ITEM_DEFINED_TRANSFORMATION('','',#11,#175);
#7355 = PRODUCT_DEFINITION_SHAPE('Placement','Placement of an item',
  #7356);
#7356 = NEXT_ASSEMBLY_USAGE_OCCURRENCE('41','=>[0:1:1:42]','',#5,#7191,$
  );
#7357 = PRODUCT_RELATED_PRODUCT_CATEGORY('part',$,(#7193));
#7358 = SHAPE_DEFINITION_REPRESENTATION(#7359,#7365);
#7359 = PRODUCT_DEFINITION_SHAPE('','',#7360);
#7360 = PRODUCT_DEFINITION('design','',#7361,#7364);
#7361 = PRODUCT_DEFINITION_FORMATION('','',#7362);
#7362 = PRODUCT('_autosave-connection pcb_pad_2',
  '_autosave-connection pcb_pad_2','',(#7363));
#7363 = PRODUCT_CONTEXT('',#2,'mechanical');
#7364 = PRODUCT_DEFINITION_CONTEXT('part definition',#2,'design');
#7365 = ADVANCED_BREP_SHAPE_REPRESENTATION('',(#11,#7366),#7516);
#7366 = MANIFOLD_SOLID_BREP('',#7367);
#7367 = CLOSED_SHELL('',(#7368,#7408,#7439,#7470,#7492,#7504));
#7368 = ADVANCED_FACE('',(#7369),#7403,.T.);
#7369 = FACE_BOUND('',#7370,.T.);
#7370 = EDGE_LOOP('',(#7371,#7381,#7389,#7397));
#7371 = ORIENTED_EDGE('',*,*,#7372,.T.);
#7372 = EDGE_CURVE('',#7373,#7375,#7377,.T.);
#7373 = VERTEX_POINT('',#7374);
#7374 = CARTESIAN_POINT('',(145.4,-96.,1.6));
#7375 = VERTEX_POINT('',#7376);
#7376 = CARTESIAN_POINT('',(145.4,-96.,1.635));
#7377 = LINE('',#7378,#7379);
#7378 = CARTESIAN_POINT('',(145.4,-96.,1.6));
#7379 = VECTOR('',#7380,1.);
#7380 = DIRECTION('',(0.,0.,1.));
#7381 = ORIENTED_EDGE('',*,*,#7382,.T.);
#7382 = EDGE_CURVE('',#7375,#7383,#7385,.T.);
#7383 = VERTEX_POINT('',#7384);
#7384 = CARTESIAN_POINT('',(144.2,-96.,1.635));
#7385 = LINE('',#7386,#7387);
#7386 = CARTESIAN_POINT('',(145.4,-96.,1.635));
#7387 = VECTOR('',#7388,1.);
#7388 = DIRECTION('',(-1.,0.,0.));
#7389 = ORIENTED_EDGE('',*,*,#7390,.F.);
#7390 = EDGE_CURVE('',#7391,#7383,#7393,.T.);
#7391 = VERTEX_POINT('',#7392);
#7392 = CARTESIAN_POINT('',(144.2,-96.,1.6));
#7393 = LINE('',#7394,#7395);
#7394 = CARTESIAN_POINT('',(144.2,-96.,1.6));
#7395 = VECTOR('',#7396,1.);
#7396 = DIRECTION('',(0.,0.,1.));
#7397 = ORIENTED_EDGE('',*,*,#7398,.F.);
#7398 = EDGE_CURVE('',#7373,#7391,#7399,.T.);
#7399 = LINE('',#7400,#7401);
#7400 = CARTESIAN_POINT('',(145.4,-96.,1.6));
#7401 = VECTOR('',#7402,1.);
#7402 = DIRECTION('',(-1.,0.,0.));
#7403 = PLANE('',#7404);
#7404 = AXIS2_PLACEMENT_3D('',#7405,#7406,#7407);
#7405 = CARTESIAN_POINT('',(145.4,-96.,1.6));
#7406 = DIRECTION('',(0.,-1.,0.));
#7407 = DIRECTION('',(-1.,0.,0.));
#7408 = ADVANCED_FACE('',(#7409),#7434,.T.);
#7409 = FACE_BOUND('',#7410,.T.);
#7410 = EDGE_LOOP('',(#7411,#7412,#7420,#7428));
#7411 = ORIENTED_EDGE('',*,*,#7390,.T.);
#7412 = ORIENTED_EDGE('',*,*,#7413,.T.);
#7413 = EDGE_CURVE('',#7383,#7414,#7416,.T.);
#7414 = VERTEX_POINT('',#7415);
#7415 = CARTESIAN_POINT('',(144.2,-95.,1.635));
#7416 = LINE('',#7417,#7418);
#7417 = CARTESIAN_POINT('',(144.2,-96.,1.635));
#7418 = VECTOR('',#7419,1.);
#7419 = DIRECTION('',(0.,1.,0.));
#7420 = ORIENTED_EDGE('',*,*,#7421,.F.);
#7421 = EDGE_CURVE('',#7422,#7414,#7424,.T.);
#7422 = VERTEX_POINT('',#7423);
#7423 = CARTESIAN_POINT('',(144.2,-95.,1.6));
#7424 = LINE('',#7425,#7426);
#7425 = CARTESIAN_POINT('',(144.2,-95.,1.6));
#7426 = VECTOR('',#7427,1.);
#7427 = DIRECTION('',(0.,0.,1.));
#7428 = ORIENTED_EDGE('',*,*,#7429,.F.);
#7429 = EDGE_CURVE('',#7391,#7422,#7430,.T.);
#7430 = LINE('',#7431,#7432);
#7431 = CARTESIAN_POINT('',(144.2,-96.,1.6));
#7432 = VECTOR('',#7433,1.);
#7433 = DIRECTION('',(0.,1.,0.));
#7434 = PLANE('',#7435);
#7435 = AXIS2_PLACEMENT_3D('',#7436,#7437,#7438);
#7436 = CARTESIAN_POINT('',(144.2,-96.,1.6));
#7437 = DIRECTION('',(-1.,0.,0.));
#7438 = DIRECTION('',(0.,1.,0.));
#7439 = ADVANCED_FACE('',(#7440),#7465,.T.);
#7440 = FACE_BOUND('',#7441,.T.);
#7441 = EDGE_LOOP('',(#7442,#7443,#7451,#7459));
#7442 = ORIENTED_EDGE('',*,*,#7421,.T.);
#7443 = ORIENTED_EDGE('',*,*,#7444,.T.);
#7444 = EDGE_CURVE('',#7414,#7445,#7447,.T.);
#7445 = VERTEX_POINT('',#7446);
#7446 = CARTESIAN_POINT('',(145.4,-95.,1.635));
#7447 = LINE('',#7448,#7449);
#7448 = CARTESIAN_POINT('',(144.2,-95.,1.635));
#7449 = VECTOR('',#7450,1.);
#7450 = DIRECTION('',(1.,0.,0.));
#7451 = ORIENTED_EDGE('',*,*,#7452,.F.);
#7452 = EDGE_CURVE('',#7453,#7445,#7455,.T.);
#7453 = VERTEX_POINT('',#7454);
#7454 = CARTESIAN_POINT('',(145.4,-95.,1.6));
#7455 = LINE('',#7456,#7457);
#7456 = CARTESIAN_POINT('',(145.4,-95.,1.6));
#7457 = VECTOR('',#7458,1.);
#7458 = DIRECTION('',(0.,0.,1.));
#7459 = ORIENTED_EDGE('',*,*,#7460,.F.);
#7460 = EDGE_CURVE('',#7422,#7453,#7461,.T.);
#7461 = LINE('',#7462,#7463);
#7462 = CARTESIAN_POINT('',(144.2,-95.,1.6));
#7463 = VECTOR('',#7464,1.);
#7464 = DIRECTION('',(1.,0.,0.));
#7465 = PLANE('',#7466);
#7466 = AXIS2_PLACEMENT_3D('',#7467,#7468,#7469);
#7467 = CARTESIAN_POINT('',(144.2,-95.,1.6));
#7468 = DIRECTION('',(0.,1.,0.));
#7469 = DIRECTION('',(1.,0.,0.));
#7470 = ADVANCED_FACE('',(#7471),#7487,.T.);
#7471 = FACE_BOUND('',#7472,.T.);
#7472 = EDGE_LOOP('',(#7473,#7474,#7480,#7481));
#7473 = ORIENTED_EDGE('',*,*,#7452,.T.);
#7474 = ORIENTED_EDGE('',*,*,#7475,.T.);
#7475 = EDGE_CURVE('',#7445,#7375,#7476,.T.);
#7476 = LINE('',#7477,#7478);
#7477 = CARTESIAN_POINT('',(145.4,-95.,1.635));
#7478 = VECTOR('',#7479,1.);
#7479 = DIRECTION('',(0.,-1.,0.));
#7480 = ORIENTED_EDGE('',*,*,#7372,.F.);
#7481 = ORIENTED_EDGE('',*,*,#7482,.F.);
#7482 = EDGE_CURVE('',#7453,#7373,#7483,.T.);
#7483 = LINE('',#7484,#7485);
#7484 = CARTESIAN_POINT('',(145.4,-95.,1.6));
#7485 = VECTOR('',#7486,1.);
#7486 = DIRECTION('',(0.,-1.,0.));
#7487 = PLANE('',#7488);
#7488 = AXIS2_PLACEMENT_3D('',#7489,#7490,#7491);
#7489 = CARTESIAN_POINT('',(145.4,-95.,1.6));
#7490 = DIRECTION('',(1.,0.,-0.));
#7491 = DIRECTION('',(0.,-1.,0.));
#7492 = ADVANCED_FACE('',(#7493),#7499,.T.);
#7493 = FACE_BOUND('',#7494,.T.);
#7494 = EDGE_LOOP('',(#7495,#7496,#7497,#7498));
#7495 = ORIENTED_EDGE('',*,*,#7398,.T.);
#7496 = ORIENTED_EDGE('',*,*,#7429,.T.);
#7497 = ORIENTED_EDGE('',*,*,#7460,.T.);
#7498 = ORIENTED_EDGE('',*,*,#7482,.T.);
#7499 = PLANE('',#7500);
#7500 = AXIS2_PLACEMENT_3D('',#7501,#7502,#7503);
#7501 = CARTESIAN_POINT('',(144.8,-95.5,1.6));
#7502 = DIRECTION('',(-0.,-0.,-1.));
#7503 = DIRECTION('',(-1.,0.,0.));
#7504 = ADVANCED_FACE('',(#7505),#7511,.F.);
#7505 = FACE_BOUND('',#7506,.F.);
#7506 = EDGE_LOOP('',(#7507,#7508,#7509,#7510));
#7507 = ORIENTED_EDGE('',*,*,#7382,.T.);
#7508 = ORIENTED_EDGE('',*,*,#7413,.T.);
#7509 = ORIENTED_EDGE('',*,*,#7444,.T.);
#7510 = ORIENTED_EDGE('',*,*,#7475,.T.);
#7511 = PLANE('',#7512);
#7512 = AXIS2_PLACEMENT_3D('',#7513,#7514,#7515);
#7513 = CARTESIAN_POINT('',(144.8,-95.5,1.635));
#7514 = DIRECTION('',(-0.,-0.,-1.));
#7515 = DIRECTION('',(-1.,0.,0.));
#7516 = ( GEOMETRIC_REPRESENTATION_CONTEXT(3) 
GLOBAL_UNCERTAINTY_ASSIGNED_CONTEXT((#7520)) 
GLOBAL_UNIT_ASSIGNED_CONTEXT((#7517,#7518,#7519)) REPRESENTATION_CONTEXT
('Context #1','3D Context with UNIT and UNCERTAINTY') );
#7517 = ( LENGTH_UNIT() NAMED_UNIT(*) SI_UNIT(.MILLI.,.METRE.) );
#7518 = ( NAMED_UNIT(*) PLANE_ANGLE_UNIT() SI_UNIT($,.RADIAN.) );
#7519 = ( NAMED_UNIT(*) SI_UNIT($,.STERADIAN.) SOLID_ANGLE_UNIT() );
#7520 = UNCERTAINTY_MEASURE_WITH_UNIT(LENGTH_MEASURE(1.E-07),#7517,
  'distance_accuracy_value','confusion accuracy');
#7521 = CONTEXT_DEPENDENT_SHAPE_REPRESENTATION(#7522,#7524);
#7522 = ( REPRESENTATION_RELATIONSHIP('','',#7365,#10) 
REPRESENTATION_RELATIONSHIP_WITH_TRANSFORMATION(#7523) 
SHAPE_REPRESENTATION_RELATIONSHIP() );
#7523 = ITEM_DEFINED_TRANSFORMATION('','',#11,#179);
#7524 = PRODUCT_DEFINITION_SHAPE('Placement','Placement of an item',
  #7525);
#7525 = NEXT_ASSEMBLY_USAGE_OCCURRENCE('42','=>[0:1:1:43]','',#5,#7360,$
  );
#7526 = PRODUCT_RELATED_PRODUCT_CATEGORY('part',$,(#7362));
#7527 = SHAPE_DEFINITION_REPRESENTATION(#7528,#7534);
#7528 = PRODUCT_DEFINITION_SHAPE('','',#7529);
#7529 = PRODUCT_DEFINITION('design','',#7530,#7533);
#7530 = PRODUCT_DEFINITION_FORMATION('','',#7531);
#7531 = PRODUCT('_autosave-connection pcb_pad_3',
  '_autosave-connection pcb_pad_3','',(#7532));
#7532 = PRODUCT_CONTEXT('',#2,'mechanical');
#7533 = PRODUCT_DEFINITION_CONTEXT('part definition',#2,'design');
#7534 = ADVANCED_BREP_SHAPE_REPRESENTATION('',(#11,#7535),#7685);
#7535 = MANIFOLD_SOLID_BREP('',#7536);
#7536 = CLOSED_SHELL('',(#7537,#7577,#7608,#7639,#7661,#7673));
#7537 = ADVANCED_FACE('',(#7538),#7572,.T.);
#7538 = FACE_BOUND('',#7539,.T.);
#7539 = EDGE_LOOP('',(#7540,#7550,#7558,#7566));
#7540 = ORIENTED_EDGE('',*,*,#7541,.T.);
#7541 = EDGE_CURVE('',#7542,#7544,#7546,.T.);
#7542 = VERTEX_POINT('',#7543);
#7543 = CARTESIAN_POINT('',(141.2,-106.7,1.6));
#7544 = VERTEX_POINT('',#7545);
#7545 = CARTESIAN_POINT('',(141.2,-106.7,1.635));
#7546 = LINE('',#7547,#7548);
#7547 = CARTESIAN_POINT('',(141.2,-106.7,1.6));
#7548 = VECTOR('',#7549,1.);
#7549 = DIRECTION('',(0.,0.,1.));
#7550 = ORIENTED_EDGE('',*,*,#7551,.T.);
#7551 = EDGE_CURVE('',#7544,#7552,#7554,.T.);
#7552 = VERTEX_POINT('',#7553);
#7553 = CARTESIAN_POINT('',(140.2,-106.7,1.635));
#7554 = LINE('',#7555,#7556);
#7555 = CARTESIAN_POINT('',(141.2,-106.7,1.635));
#7556 = VECTOR('',#7557,1.);
#7557 = DIRECTION('',(-1.,0.,0.));
#7558 = ORIENTED_EDGE('',*,*,#7559,.F.);
#7559 = EDGE_CURVE('',#7560,#7552,#7562,.T.);
#7560 = VERTEX_POINT('',#7561);
#7561 = CARTESIAN_POINT('',(140.2,-106.7,1.6));
#7562 = LINE('',#7563,#7564);
#7563 = CARTESIAN_POINT('',(140.2,-106.7,1.6));
#7564 = VECTOR('',#7565,1.);
#7565 = DIRECTION('',(0.,0.,1.));
#7566 = ORIENTED_EDGE('',*,*,#7567,.F.);
#7567 = EDGE_CURVE('',#7542,#7560,#7568,.T.);
#7568 = LINE('',#7569,#7570);
#7569 = CARTESIAN_POINT('',(141.2,-106.7,1.6));
#7570 = VECTOR('',#7571,1.);
#7571 = DIRECTION('',(-1.,0.,0.));
#7572 = PLANE('',#7573);
#7573 = AXIS2_PLACEMENT_3D('',#7574,#7575,#7576);
#7574 = CARTESIAN_POINT('',(141.2,-106.7,1.6));
#7575 = DIRECTION('',(0.,-1.,0.));
#7576 = DIRECTION('',(-1.,0.,0.));
#7577 = ADVANCED_FACE('',(#7578),#7603,.T.);
#7578 = FACE_BOUND('',#7579,.T.);
#7579 = EDGE_LOOP('',(#7580,#7581,#7589,#7597));
#7580 = ORIENTED_EDGE('',*,*,#7559,.T.);
#7581 = ORIENTED_EDGE('',*,*,#7582,.T.);
#7582 = EDGE_CURVE('',#7552,#7583,#7585,.T.);
#7583 = VERTEX_POINT('',#7584);
#7584 = CARTESIAN_POINT('',(140.2,-105.5,1.635));
#7585 = LINE('',#7586,#7587);
#7586 = CARTESIAN_POINT('',(140.2,-106.7,1.635));
#7587 = VECTOR('',#7588,1.);
#7588 = DIRECTION('',(0.,1.,0.));
#7589 = ORIENTED_EDGE('',*,*,#7590,.F.);
#7590 = EDGE_CURVE('',#7591,#7583,#7593,.T.);
#7591 = VERTEX_POINT('',#7592);
#7592 = CARTESIAN_POINT('',(140.2,-105.5,1.6));
#7593 = LINE('',#7594,#7595);
#7594 = CARTESIAN_POINT('',(140.2,-105.5,1.6));
#7595 = VECTOR('',#7596,1.);
#7596 = DIRECTION('',(0.,0.,1.));
#7597 = ORIENTED_EDGE('',*,*,#7598,.F.);
#7598 = EDGE_CURVE('',#7560,#7591,#7599,.T.);
#7599 = LINE('',#7600,#7601);
#7600 = CARTESIAN_POINT('',(140.2,-106.7,1.6));
#7601 = VECTOR('',#7602,1.);
#7602 = DIRECTION('',(0.,1.,0.));
#7603 = PLANE('',#7604);
#7604 = AXIS2_PLACEMENT_3D('',#7605,#7606,#7607);
#7605 = CARTESIAN_POINT('',(140.2,-106.7,1.6));
#7606 = DIRECTION('',(-1.,0.,0.));
#7607 = DIRECTION('',(0.,1.,0.));
#7608 = ADVANCED_FACE('',(#7609),#7634,.T.);
#7609 = FACE_BOUND('',#7610,.T.);
#7610 = EDGE_LOOP('',(#7611,#7612,#7620,#7628));
#7611 = ORIENTED_EDGE('',*,*,#7590,.T.);
#7612 = ORIENTED_EDGE('',*,*,#7613,.T.);
#7613 = EDGE_CURVE('',#7583,#7614,#7616,.T.);
#7614 = VERTEX_POINT('',#7615);
#7615 = CARTESIAN_POINT('',(141.2,-105.5,1.635));
#7616 = LINE('',#7617,#7618);
#7617 = CARTESIAN_POINT('',(140.2,-105.5,1.635));
#7618 = VECTOR('',#7619,1.);
#7619 = DIRECTION('',(1.,0.,0.));
#7620 = ORIENTED_EDGE('',*,*,#7621,.F.);
#7621 = EDGE_CURVE('',#7622,#7614,#7624,.T.);
#7622 = VERTEX_POINT('',#7623);
#7623 = CARTESIAN_POINT('',(141.2,-105.5,1.6));
#7624 = LINE('',#7625,#7626);
#7625 = CARTESIAN_POINT('',(141.2,-105.5,1.6));
#7626 = VECTOR('',#7627,1.);
#7627 = DIRECTION('',(0.,0.,1.));
#7628 = ORIENTED_EDGE('',*,*,#7629,.F.);
#7629 = EDGE_CURVE('',#7591,#7622,#7630,.T.);
#7630 = LINE('',#7631,#7632);
#7631 = CARTESIAN_POINT('',(140.2,-105.5,1.6));
#7632 = VECTOR('',#7633,1.);
#7633 = DIRECTION('',(1.,0.,0.));
#7634 = PLANE('',#7635);
#7635 = AXIS2_PLACEMENT_3D('',#7636,#7637,#7638);
#7636 = CARTESIAN_POINT('',(140.2,-105.5,1.6));
#7637 = DIRECTION('',(0.,1.,0.));
#7638 = DIRECTION('',(1.,0.,0.));
#7639 = ADVANCED_FACE('',(#7640),#7656,.T.);
#7640 = FACE_BOUND('',#7641,.T.);
#7641 = EDGE_LOOP('',(#7642,#7643,#7649,#7650));
#7642 = ORIENTED_EDGE('',*,*,#7621,.T.);
#7643 = ORIENTED_EDGE('',*,*,#7644,.T.);
#7644 = EDGE_CURVE('',#7614,#7544,#7645,.T.);
#7645 = LINE('',#7646,#7647);
#7646 = CARTESIAN_POINT('',(141.2,-105.5,1.635));
#7647 = VECTOR('',#7648,1.);
#7648 = DIRECTION('',(0.,-1.,0.));
#7649 = ORIENTED_EDGE('',*,*,#7541,.F.);
#7650 = ORIENTED_EDGE('',*,*,#7651,.F.);
#7651 = EDGE_CURVE('',#7622,#7542,#7652,.T.);
#7652 = LINE('',#7653,#7654);
#7653 = CARTESIAN_POINT('',(141.2,-105.5,1.6));
#7654 = VECTOR('',#7655,1.);
#7655 = DIRECTION('',(0.,-1.,0.));
#7656 = PLANE('',#7657);
#7657 = AXIS2_PLACEMENT_3D('',#7658,#7659,#7660);
#7658 = CARTESIAN_POINT('',(141.2,-105.5,1.6));
#7659 = DIRECTION('',(1.,0.,-0.));
#7660 = DIRECTION('',(0.,-1.,0.));
#7661 = ADVANCED_FACE('',(#7662),#7668,.T.);
#7662 = FACE_BOUND('',#7663,.T.);
#7663 = EDGE_LOOP('',(#7664,#7665,#7666,#7667));
#7664 = ORIENTED_EDGE('',*,*,#7567,.T.);
#7665 = ORIENTED_EDGE('',*,*,#7598,.T.);
#7666 = ORIENTED_EDGE('',*,*,#7629,.T.);
#7667 = ORIENTED_EDGE('',*,*,#7651,.T.);
#7668 = PLANE('',#7669);
#7669 = AXIS2_PLACEMENT_3D('',#7670,#7671,#7672);
#7670 = CARTESIAN_POINT('',(140.7,-106.1,1.6));
#7671 = DIRECTION('',(-0.,-0.,-1.));
#7672 = DIRECTION('',(-1.,0.,0.));
#7673 = ADVANCED_FACE('',(#7674),#7680,.F.);
#7674 = FACE_BOUND('',#7675,.F.);
#7675 = EDGE_LOOP('',(#7676,#7677,#7678,#7679));
#7676 = ORIENTED_EDGE('',*,*,#7551,.T.);
#7677 = ORIENTED_EDGE('',*,*,#7582,.T.);
#7678 = ORIENTED_EDGE('',*,*,#7613,.T.);
#7679 = ORIENTED_EDGE('',*,*,#7644,.T.);
#7680 = PLANE('',#7681);
#7681 = AXIS2_PLACEMENT_3D('',#7682,#7683,#7684);
#7682 = CARTESIAN_POINT('',(140.7,-106.1,1.635));
#7683 = DIRECTION('',(-0.,-0.,-1.));
#7684 = DIRECTION('',(-1.,0.,0.));
#7685 = ( GEOMETRIC_REPRESENTATION_CONTEXT(3) 
GLOBAL_UNCERTAINTY_ASSIGNED_CONTEXT((#7689)) 
GLOBAL_UNIT_ASSIGNED_CONTEXT((#7686,#7687,#7688)) REPRESENTATION_CONTEXT
('Context #1','3D Context with UNIT and UNCERTAINTY') );
#7686 = ( LENGTH_UNIT() NAMED_UNIT(*) SI_UNIT(.MILLI.,.METRE.) );
#7687 = ( NAMED_UNIT(*) PLANE_ANGLE_UNIT() SI_UNIT($,.RADIAN.) );
#7688 = ( NAMED_UNIT(*) SI_UNIT($,.STERADIAN.) SOLID_ANGLE_UNIT() );
#7689 = UNCERTAINTY_MEASURE_WITH_UNIT(LENGTH_MEASURE(1.E-07),#7686,
  'distance_accuracy_value','confusion accuracy');
#7690 = CONTEXT_DEPENDENT_SHAPE_REPRESENTATION(#7691,#7693);
#7691 = ( REPRESENTATION_RELATIONSHIP('','',#7534,#10) 
REPRESENTATION_RELATIONSHIP_WITH_TRANSFORMATION(#7692) 
SHAPE_REPRESENTATION_RELATIONSHIP() );
#7692 = ITEM_DEFINED_TRANSFORMATION('','',#11,#183);
#7693 = PRODUCT_DEFINITION_SHAPE('Placement','Placement of an item',
  #7694);
#7694 = NEXT_ASSEMBLY_USAGE_OCCURRENCE('43','=>[0:1:1:44]','',#5,#7529,$
  );
#7695 = PRODUCT_RELATED_PRODUCT_CATEGORY('part',$,(#7531));
#7696 = SHAPE_DEFINITION_REPRESENTATION(#7697,#7703);
#7697 = PRODUCT_DEFINITION_SHAPE('','',#7698);
#7698 = PRODUCT_DEFINITION('design','',#7699,#7702);
#7699 = PRODUCT_DEFINITION_FORMATION('','',#7700);
#7700 = PRODUCT('_autosave-connection pcb_pad_4',
  '_autosave-connection pcb_pad_4','',(#7701));
#7701 = PRODUCT_CONTEXT('',#2,'mechanical');
#7702 = PRODUCT_DEFINITION_CONTEXT('part definition',#2,'design');
#7703 = ADVANCED_BREP_SHAPE_REPRESENTATION('',(#11,#7704),#7854);
#7704 = MANIFOLD_SOLID_BREP('',#7705);
#7705 = CLOSED_SHELL('',(#7706,#7746,#7777,#7808,#7830,#7842));
#7706 = ADVANCED_FACE('',(#7707),#7741,.T.);
#7707 = FACE_BOUND('',#7708,.T.);
#7708 = EDGE_LOOP('',(#7709,#7719,#7727,#7735));
#7709 = ORIENTED_EDGE('',*,*,#7710,.T.);
#7710 = EDGE_CURVE('',#7711,#7713,#7715,.T.);
#7711 = VERTEX_POINT('',#7712);
#7712 = CARTESIAN_POINT('',(145.4,-102.9,1.6));
#7713 = VERTEX_POINT('',#7714);
#7714 = CARTESIAN_POINT('',(145.4,-102.9,1.635));
#7715 = LINE('',#7716,#7717);
#7716 = CARTESIAN_POINT('',(145.4,-102.9,1.6));
#7717 = VECTOR('',#7718,1.);
#7718 = DIRECTION('',(0.,0.,1.));
#7719 = ORIENTED_EDGE('',*,*,#7720,.T.);
#7720 = EDGE_CURVE('',#7713,#7721,#7723,.T.);
#7721 = VERTEX_POINT('',#7722);
#7722 = CARTESIAN_POINT('',(144.2,-102.9,1.635));
#7723 = LINE('',#7724,#7725);
#7724 = CARTESIAN_POINT('',(145.4,-102.9,1.635));
#7725 = VECTOR('',#7726,1.);
#7726 = DIRECTION('',(-1.,0.,0.));
#7727 = ORIENTED_EDGE('',*,*,#7728,.F.);
#7728 = EDGE_CURVE('',#7729,#7721,#7731,.T.);
#7729 = VERTEX_POINT('',#7730);
#7730 = CARTESIAN_POINT('',(144.2,-102.9,1.6));
#7731 = LINE('',#7732,#7733);
#7732 = CARTESIAN_POINT('',(144.2,-102.9,1.6));
#7733 = VECTOR('',#7734,1.);
#7734 = DIRECTION('',(0.,0.,1.));
#7735 = ORIENTED_EDGE('',*,*,#7736,.F.);
#7736 = EDGE_CURVE('',#7711,#7729,#7737,.T.);
#7737 = LINE('',#7738,#7739);
#7738 = CARTESIAN_POINT('',(145.4,-102.9,1.6));
#7739 = VECTOR('',#7740,1.);
#7740 = DIRECTION('',(-1.,0.,0.));
#7741 = PLANE('',#7742);
#7742 = AXIS2_PLACEMENT_3D('',#7743,#7744,#7745);
#7743 = CARTESIAN_POINT('',(145.4,-102.9,1.6));
#7744 = DIRECTION('',(0.,-1.,0.));
#7745 = DIRECTION('',(-1.,0.,0.));
#7746 = ADVANCED_FACE('',(#7747),#7772,.T.);
#7747 = FACE_BOUND('',#7748,.T.);
#7748 = EDGE_LOOP('',(#7749,#7750,#7758,#7766));
#7749 = ORIENTED_EDGE('',*,*,#7728,.T.);
#7750 = ORIENTED_EDGE('',*,*,#7751,.T.);
#7751 = EDGE_CURVE('',#7721,#7752,#7754,.T.);
#7752 = VERTEX_POINT('',#7753);
#7753 = CARTESIAN_POINT('',(144.2,-101.9,1.635));
#7754 = LINE('',#7755,#7756);
#7755 = CARTESIAN_POINT('',(144.2,-102.9,1.635));
#7756 = VECTOR('',#7757,1.);
#7757 = DIRECTION('',(0.,1.,0.));
#7758 = ORIENTED_EDGE('',*,*,#7759,.F.);
#7759 = EDGE_CURVE('',#7760,#7752,#7762,.T.);
#7760 = VERTEX_POINT('',#7761);
#7761 = CARTESIAN_POINT('',(144.2,-101.9,1.6));
#7762 = LINE('',#7763,#7764);
#7763 = CARTESIAN_POINT('',(144.2,-101.9,1.6));
#7764 = VECTOR('',#7765,1.);
#7765 = DIRECTION('',(0.,0.,1.));
#7766 = ORIENTED_EDGE('',*,*,#7767,.F.);
#7767 = EDGE_CURVE('',#7729,#7760,#7768,.T.);
#7768 = LINE('',#7769,#7770);
#7769 = CARTESIAN_POINT('',(144.2,-102.9,1.6));
#7770 = VECTOR('',#7771,1.);
#7771 = DIRECTION('',(0.,1.,0.));
#7772 = PLANE('',#7773);
#7773 = AXIS2_PLACEMENT_3D('',#7774,#7775,#7776);
#7774 = CARTESIAN_POINT('',(144.2,-102.9,1.6));
#7775 = DIRECTION('',(-1.,0.,0.));
#7776 = DIRECTION('',(0.,1.,0.));
#7777 = ADVANCED_FACE('',(#7778),#7803,.T.);
#7778 = FACE_BOUND('',#7779,.T.);
#7779 = EDGE_LOOP('',(#7780,#7781,#7789,#7797));
#7780 = ORIENTED_EDGE('',*,*,#7759,.T.);
#7781 = ORIENTED_EDGE('',*,*,#7782,.T.);
#7782 = EDGE_CURVE('',#7752,#7783,#7785,.T.);
#7783 = VERTEX_POINT('',#7784);
#7784 = CARTESIAN_POINT('',(145.4,-101.9,1.635));
#7785 = LINE('',#7786,#7787);
#7786 = CARTESIAN_POINT('',(144.2,-101.9,1.635));
#7787 = VECTOR('',#7788,1.);
#7788 = DIRECTION('',(1.,0.,0.));
#7789 = ORIENTED_EDGE('',*,*,#7790,.F.);
#7790 = EDGE_CURVE('',#7791,#7783,#7793,.T.);
#7791 = VERTEX_POINT('',#7792);
#7792 = CARTESIAN_POINT('',(145.4,-101.9,1.6));
#7793 = LINE('',#7794,#7795);
#7794 = CARTESIAN_POINT('',(145.4,-101.9,1.6));
#7795 = VECTOR('',#7796,1.);
#7796 = DIRECTION('',(0.,0.,1.));
#7797 = ORIENTED_EDGE('',*,*,#7798,.F.);
#7798 = EDGE_CURVE('',#7760,#7791,#7799,.T.);
#7799 = LINE('',#7800,#7801);
#7800 = CARTESIAN_POINT('',(144.2,-101.9,1.6));
#7801 = VECTOR('',#7802,1.);
#7802 = DIRECTION('',(1.,0.,0.));
#7803 = PLANE('',#7804);
#7804 = AXIS2_PLACEMENT_3D('',#7805,#7806,#7807);
#7805 = CARTESIAN_POINT('',(144.2,-101.9,1.6));
#7806 = DIRECTION('',(0.,1.,0.));
#7807 = DIRECTION('',(1.,0.,0.));
#7808 = ADVANCED_FACE('',(#7809),#7825,.T.);
#7809 = FACE_BOUND('',#7810,.T.);
#7810 = EDGE_LOOP('',(#7811,#7812,#7818,#7819));
#7811 = ORIENTED_EDGE('',*,*,#7790,.T.);
#7812 = ORIENTED_EDGE('',*,*,#7813,.T.);
#7813 = EDGE_CURVE('',#7783,#7713,#7814,.T.);
#7814 = LINE('',#7815,#7816);
#7815 = CARTESIAN_POINT('',(145.4,-101.9,1.635));
#7816 = VECTOR('',#7817,1.);
#7817 = DIRECTION('',(0.,-1.,0.));
#7818 = ORIENTED_EDGE('',*,*,#7710,.F.);
#7819 = ORIENTED_EDGE('',*,*,#7820,.F.);
#7820 = EDGE_CURVE('',#7791,#7711,#7821,.T.);
#7821 = LINE('',#7822,#7823);
#7822 = CARTESIAN_POINT('',(145.4,-101.9,1.6));
#7823 = VECTOR('',#7824,1.);
#7824 = DIRECTION('',(0.,-1.,0.));
#7825 = PLANE('',#7826);
#7826 = AXIS2_PLACEMENT_3D('',#7827,#7828,#7829);
#7827 = CARTESIAN_POINT('',(145.4,-101.9,1.6));
#7828 = DIRECTION('',(1.,0.,-0.));
#7829 = DIRECTION('',(0.,-1.,0.));
#7830 = ADVANCED_FACE('',(#7831),#7837,.T.);
#7831 = FACE_BOUND('',#7832,.T.);
#7832 = EDGE_LOOP('',(#7833,#7834,#7835,#7836));
#7833 = ORIENTED_EDGE('',*,*,#7736,.T.);
#7834 = ORIENTED_EDGE('',*,*,#7767,.T.);
#7835 = ORIENTED_EDGE('',*,*,#7798,.T.);
#7836 = ORIENTED_EDGE('',*,*,#7820,.T.);
#7837 = PLANE('',#7838);
#7838 = AXIS2_PLACEMENT_3D('',#7839,#7840,#7841);
#7839 = CARTESIAN_POINT('',(144.8,-102.4,1.6));
#7840 = DIRECTION('',(-0.,-0.,-1.));
#7841 = DIRECTION('',(-1.,0.,0.));
#7842 = ADVANCED_FACE('',(#7843),#7849,.F.);
#7843 = FACE_BOUND('',#7844,.F.);
#7844 = EDGE_LOOP('',(#7845,#7846,#7847,#7848));
#7845 = ORIENTED_EDGE('',*,*,#7720,.T.);
#7846 = ORIENTED_EDGE('',*,*,#7751,.T.);
#7847 = ORIENTED_EDGE('',*,*,#7782,.T.);
#7848 = ORIENTED_EDGE('',*,*,#7813,.T.);
#7849 = PLANE('',#7850);
#7850 = AXIS2_PLACEMENT_3D('',#7851,#7852,#7853);
#7851 = CARTESIAN_POINT('',(144.8,-102.4,1.635));
#7852 = DIRECTION('',(-0.,-0.,-1.));
#7853 = DIRECTION('',(-1.,0.,0.));
#7854 = ( GEOMETRIC_REPRESENTATION_CONTEXT(3) 
GLOBAL_UNCERTAINTY_ASSIGNED_CONTEXT((#7858)) 
GLOBAL_UNIT_ASSIGNED_CONTEXT((#7855,#7856,#7857)) REPRESENTATION_CONTEXT
('Context #1','3D Context with UNIT and UNCERTAINTY') );
#7855 = ( LENGTH_UNIT() NAMED_UNIT(*) SI_UNIT(.MILLI.,.METRE.) );
#7856 = ( NAMED_UNIT(*) PLANE_ANGLE_UNIT() SI_UNIT($,.RADIAN.) );
#7857 = ( NAMED_UNIT(*) SI_UNIT($,.STERADIAN.) SOLID_ANGLE_UNIT() );
#7858 = UNCERTAINTY_MEASURE_WITH_UNIT(LENGTH_MEASURE(1.E-07),#7855,
  'distance_accuracy_value','confusion accuracy');
#7859 = CONTEXT_DEPENDENT_SHAPE_REPRESENTATION(#7860,#7862);
#7860 = ( REPRESENTATION_RELATIONSHIP('','',#7703,#10) 
REPRESENTATION_RELATIONSHIP_WITH_TRANSFORMATION(#7861) 
SHAPE_REPRESENTATION_RELATIONSHIP() );
#7861 = ITEM_DEFINED_TRANSFORMATION('','',#11,#187);
#7862 = PRODUCT_DEFINITION_SHAPE('Placement','Placement of an item',
  #7863);
#7863 = NEXT_ASSEMBLY_USAGE_OCCURRENCE('44','=>[0:1:1:45]','',#5,#7698,$
  );
#7864 = PRODUCT_RELATED_PRODUCT_CATEGORY('part',$,(#7700));
#7865 = SHAPE_DEFINITION_REPRESENTATION(#7866,#7872);
#7866 = PRODUCT_DEFINITION_SHAPE('','',#7867);
#7867 = PRODUCT_DEFINITION('design','',#7868,#7871);
#7868 = PRODUCT_DEFINITION_FORMATION('','',#7869);
#7869 = PRODUCT('_autosave-connection pcb_pad_5',
  '_autosave-connection pcb_pad_5','',(#7870));
#7870 = PRODUCT_CONTEXT('',#2,'mechanical');
#7871 = PRODUCT_DEFINITION_CONTEXT('part definition',#2,'design');
#7872 = ADVANCED_BREP_SHAPE_REPRESENTATION('',(#11,#7873),#8023);
#7873 = MANIFOLD_SOLID_BREP('',#7874);
#7874 = CLOSED_SHELL('',(#7875,#7915,#7946,#7977,#7999,#8011));
#7875 = ADVANCED_FACE('',(#7876),#7910,.T.);
#7876 = FACE_BOUND('',#7877,.T.);
#7877 = EDGE_LOOP('',(#7878,#7888,#7896,#7904));
#7878 = ORIENTED_EDGE('',*,*,#7879,.T.);
#7879 = EDGE_CURVE('',#7880,#7882,#7884,.T.);
#7880 = VERTEX_POINT('',#7881);
#7881 = CARTESIAN_POINT('',(143.7,-106.7,1.6));
#7882 = VERTEX_POINT('',#7883);
#7883 = CARTESIAN_POINT('',(143.7,-106.7,1.635));
#7884 = LINE('',#7885,#7886);
#7885 = CARTESIAN_POINT('',(143.7,-106.7,1.6));
#7886 = VECTOR('',#7887,1.);
#7887 = DIRECTION('',(0.,0.,1.));
#7888 = ORIENTED_EDGE('',*,*,#7889,.T.);
#7889 = EDGE_CURVE('',#7882,#7890,#7892,.T.);
#7890 = VERTEX_POINT('',#7891);
#7891 = CARTESIAN_POINT('',(142.7,-106.7,1.635));
#7892 = LINE('',#7893,#7894);
#7893 = CARTESIAN_POINT('',(143.7,-106.7,1.635));
#7894 = VECTOR('',#7895,1.);
#7895 = DIRECTION('',(-1.,0.,0.));
#7896 = ORIENTED_EDGE('',*,*,#7897,.F.);
#7897 = EDGE_CURVE('',#7898,#7890,#7900,.T.);
#7898 = VERTEX_POINT('',#7899);
#7899 = CARTESIAN_POINT('',(142.7,-106.7,1.6));
#7900 = LINE('',#7901,#7902);
#7901 = CARTESIAN_POINT('',(142.7,-106.7,1.6));
#7902 = VECTOR('',#7903,1.);
#7903 = DIRECTION('',(0.,0.,1.));
#7904 = ORIENTED_EDGE('',*,*,#7905,.F.);
#7905 = EDGE_CURVE('',#7880,#7898,#7906,.T.);
#7906 = LINE('',#7907,#7908);
#7907 = CARTESIAN_POINT('',(143.7,-106.7,1.6));
#7908 = VECTOR('',#7909,1.);
#7909 = DIRECTION('',(-1.,0.,0.));
#7910 = PLANE('',#7911);
#7911 = AXIS2_PLACEMENT_3D('',#7912,#7913,#7914);
#7912 = CARTESIAN_POINT('',(143.7,-106.7,1.6));
#7913 = DIRECTION('',(0.,-1.,0.));
#7914 = DIRECTION('',(-1.,0.,0.));
#7915 = ADVANCED_FACE('',(#7916),#7941,.T.);
#7916 = FACE_BOUND('',#7917,.T.);
#7917 = EDGE_LOOP('',(#7918,#7919,#7927,#7935));
#7918 = ORIENTED_EDGE('',*,*,#7897,.T.);
#7919 = ORIENTED_EDGE('',*,*,#7920,.T.);
#7920 = EDGE_CURVE('',#7890,#7921,#7923,.T.);
#7921 = VERTEX_POINT('',#7922);
#7922 = CARTESIAN_POINT('',(142.7,-105.5,1.635));
#7923 = LINE('',#7924,#7925);
#7924 = CARTESIAN_POINT('',(142.7,-106.7,1.635));
#7925 = VECTOR('',#7926,1.);
#7926 = DIRECTION('',(0.,1.,0.));
#7927 = ORIENTED_EDGE('',*,*,#7928,.F.);
#7928 = EDGE_CURVE('',#7929,#7921,#7931,.T.);
#7929 = VERTEX_POINT('',#7930);
#7930 = CARTESIAN_POINT('',(142.7,-105.5,1.6));
#7931 = LINE('',#7932,#7933);
#7932 = CARTESIAN_POINT('',(142.7,-105.5,1.6));
#7933 = VECTOR('',#7934,1.);
#7934 = DIRECTION('',(0.,0.,1.));
#7935 = ORIENTED_EDGE('',*,*,#7936,.F.);
#7936 = EDGE_CURVE('',#7898,#7929,#7937,.T.);
#7937 = LINE('',#7938,#7939);
#7938 = CARTESIAN_POINT('',(142.7,-106.7,1.6));
#7939 = VECTOR('',#7940,1.);
#7940 = DIRECTION('',(0.,1.,0.));
#7941 = PLANE('',#7942);
#7942 = AXIS2_PLACEMENT_3D('',#7943,#7944,#7945);
#7943 = CARTESIAN_POINT('',(142.7,-106.7,1.6));
#7944 = DIRECTION('',(-1.,0.,0.));
#7945 = DIRECTION('',(0.,1.,0.));
#7946 = ADVANCED_FACE('',(#7947),#7972,.T.);
#7947 = FACE_BOUND('',#7948,.T.);
#7948 = EDGE_LOOP('',(#7949,#7950,#7958,#7966));
#7949 = ORIENTED_EDGE('',*,*,#7928,.T.);
#7950 = ORIENTED_EDGE('',*,*,#7951,.T.);
#7951 = EDGE_CURVE('',#7921,#7952,#7954,.T.);
#7952 = VERTEX_POINT('',#7953);
#7953 = CARTESIAN_POINT('',(143.7,-105.5,1.635));
#7954 = LINE('',#7955,#7956);
#7955 = CARTESIAN_POINT('',(142.7,-105.5,1.635));
#7956 = VECTOR('',#7957,1.);
#7957 = DIRECTION('',(1.,0.,0.));
#7958 = ORIENTED_EDGE('',*,*,#7959,.F.);
#7959 = EDGE_CURVE('',#7960,#7952,#7962,.T.);
#7960 = VERTEX_POINT('',#7961);
#7961 = CARTESIAN_POINT('',(143.7,-105.5,1.6));
#7962 = LINE('',#7963,#7964);
#7963 = CARTESIAN_POINT('',(143.7,-105.5,1.6));
#7964 = VECTOR('',#7965,1.);
#7965 = DIRECTION('',(0.,0.,1.));
#7966 = ORIENTED_EDGE('',*,*,#7967,.F.);
#7967 = EDGE_CURVE('',#7929,#7960,#7968,.T.);
#7968 = LINE('',#7969,#7970);
#7969 = CARTESIAN_POINT('',(142.7,-105.5,1.6));
#7970 = VECTOR('',#7971,1.);
#7971 = DIRECTION('',(1.,0.,0.));
#7972 = PLANE('',#7973);
#7973 = AXIS2_PLACEMENT_3D('',#7974,#7975,#7976);
#7974 = CARTESIAN_POINT('',(142.7,-105.5,1.6));
#7975 = DIRECTION('',(0.,1.,0.));
#7976 = DIRECTION('',(1.,0.,0.));
#7977 = ADVANCED_FACE('',(#7978),#7994,.T.);
#7978 = FACE_BOUND('',#7979,.T.);
#7979 = EDGE_LOOP('',(#7980,#7981,#7987,#7988));
#7980 = ORIENTED_EDGE('',*,*,#7959,.T.);
#7981 = ORIENTED_EDGE('',*,*,#7982,.T.);
#7982 = EDGE_CURVE('',#7952,#7882,#7983,.T.);
#7983 = LINE('',#7984,#7985);
#7984 = CARTESIAN_POINT('',(143.7,-105.5,1.635));
#7985 = VECTOR('',#7986,1.);
#7986 = DIRECTION('',(0.,-1.,0.));
#7987 = ORIENTED_EDGE('',*,*,#7879,.F.);
#7988 = ORIENTED_EDGE('',*,*,#7989,.F.);
#7989 = EDGE_CURVE('',#7960,#7880,#7990,.T.);
#7990 = LINE('',#7991,#7992);
#7991 = CARTESIAN_POINT('',(143.7,-105.5,1.6));
#7992 = VECTOR('',#7993,1.);
#7993 = DIRECTION('',(0.,-1.,0.));
#7994 = PLANE('',#7995);
#7995 = AXIS2_PLACEMENT_3D('',#7996,#7997,#7998);
#7996 = CARTESIAN_POINT('',(143.7,-105.5,1.6));
#7997 = DIRECTION('',(1.,0.,-0.));
#7998 = DIRECTION('',(0.,-1.,0.));
#7999 = ADVANCED_FACE('',(#8000),#8006,.T.);
#8000 = FACE_BOUND('',#8001,.T.);
#8001 = EDGE_LOOP('',(#8002,#8003,#8004,#8005));
#8002 = ORIENTED_EDGE('',*,*,#7905,.T.);
#8003 = ORIENTED_EDGE('',*,*,#7936,.T.);
#8004 = ORIENTED_EDGE('',*,*,#7967,.T.);
#8005 = ORIENTED_EDGE('',*,*,#7989,.T.);
#8006 = PLANE('',#8007);
#8007 = AXIS2_PLACEMENT_3D('',#8008,#8009,#8010);
#8008 = CARTESIAN_POINT('',(143.2,-106.1,1.6));
#8009 = DIRECTION('',(-0.,-0.,-1.));
#8010 = DIRECTION('',(-1.,0.,0.));
#8011 = ADVANCED_FACE('',(#8012),#8018,.F.);
#8012 = FACE_BOUND('',#8013,.F.);
#8013 = EDGE_LOOP('',(#8014,#8015,#8016,#8017));
#8014 = ORIENTED_EDGE('',*,*,#7889,.T.);
#8015 = ORIENTED_EDGE('',*,*,#7920,.T.);
#8016 = ORIENTED_EDGE('',*,*,#7951,.T.);
#8017 = ORIENTED_EDGE('',*,*,#7982,.T.);
#8018 = PLANE('',#8019);
#8019 = AXIS2_PLACEMENT_3D('',#8020,#8021,#8022);
#8020 = CARTESIAN_POINT('',(143.2,-106.1,1.635));
#8021 = DIRECTION('',(-0.,-0.,-1.));
#8022 = DIRECTION('',(-1.,0.,0.));
#8023 = ( GEOMETRIC_REPRESENTATION_CONTEXT(3) 
GLOBAL_UNCERTAINTY_ASSIGNED_CONTEXT((#8027)) 
GLOBAL_UNIT_ASSIGNED_CONTEXT((#8024,#8025,#8026)) REPRESENTATION_CONTEXT
('Context #1','3D Context with UNIT and UNCERTAINTY') );
#8024 = ( LENGTH_UNIT() NAMED_UNIT(*) SI_UNIT(.MILLI.,.METRE.) );
#8025 = ( NAMED_UNIT(*) PLANE_ANGLE_UNIT() SI_UNIT($,.RADIAN.) );
#8026 = ( NAMED_UNIT(*) SI_UNIT($,.STERADIAN.) SOLID_ANGLE_UNIT() );
#8027 = UNCERTAINTY_MEASURE_WITH_UNIT(LENGTH_MEASURE(1.E-07),#8024,
  'distance_accuracy_value','confusion accuracy');
#8028 = CONTEXT_DEPENDENT_SHAPE_REPRESENTATION(#8029,#8031);
#8029 = ( REPRESENTATION_RELATIONSHIP('','',#7872,#10) 
REPRESENTATION_RELATIONSHIP_WITH_TRANSFORMATION(#8030) 
SHAPE_REPRESENTATION_RELATIONSHIP() );
#8030 = ITEM_DEFINED_TRANSFORMATION('','',#11,#191);
#8031 = PRODUCT_DEFINITION_SHAPE('Placement','Placement of an item',
  #8032);
#8032 = NEXT_ASSEMBLY_USAGE_OCCURRENCE('45','=>[0:1:1:46]','',#5,#7867,$
  );
#8033 = PRODUCT_RELATED_PRODUCT_CATEGORY('part',$,(#7869));
#8034 = SHAPE_DEFINITION_REPRESENTATION(#8035,#8041);
#8035 = PRODUCT_DEFINITION_SHAPE('','',#8036);
#8036 = PRODUCT_DEFINITION('design','',#8037,#8040);
#8037 = PRODUCT_DEFINITION_FORMATION('','',#8038);
#8038 = PRODUCT('_autosave-connection pcb_pad_6',
  '_autosave-connection pcb_pad_6','',(#8039));
#8039 = PRODUCT_CONTEXT('',#2,'mechanical');
#8040 = PRODUCT_DEFINITION_CONTEXT('part definition',#2,'design');
#8041 = ADVANCED_BREP_SHAPE_REPRESENTATION('',(#11,#8042),#8192);
#8042 = MANIFOLD_SOLID_BREP('',#8043);
#8043 = CLOSED_SHELL('',(#8044,#8084,#8115,#8146,#8168,#8180));
#8044 = ADVANCED_FACE('',(#8045),#8079,.T.);
#8045 = FACE_BOUND('',#8046,.T.);
#8046 = EDGE_LOOP('',(#8047,#8057,#8065,#8073));
#8047 = ORIENTED_EDGE('',*,*,#8048,.T.);
#8048 = EDGE_CURVE('',#8049,#8051,#8053,.T.);
#8049 = VERTEX_POINT('',#8050);
#8050 = CARTESIAN_POINT('',(142.3,-101.,1.6));
#8051 = VERTEX_POINT('',#8052);
#8052 = CARTESIAN_POINT('',(142.3,-101.,1.635));
#8053 = LINE('',#8054,#8055);
#8054 = CARTESIAN_POINT('',(142.3,-101.,1.6));
#8055 = VECTOR('',#8056,1.);
#8056 = DIRECTION('',(0.,0.,1.));
#8057 = ORIENTED_EDGE('',*,*,#8058,.T.);
#8058 = EDGE_CURVE('',#8051,#8059,#8061,.T.);
#8059 = VERTEX_POINT('',#8060);
#8060 = CARTESIAN_POINT('',(141.1,-101.,1.635));
#8061 = LINE('',#8062,#8063);
#8062 = CARTESIAN_POINT('',(142.3,-101.,1.635));
#8063 = VECTOR('',#8064,1.);
#8064 = DIRECTION('',(-1.,0.,0.));
#8065 = ORIENTED_EDGE('',*,*,#8066,.F.);
#8066 = EDGE_CURVE('',#8067,#8059,#8069,.T.);
#8067 = VERTEX_POINT('',#8068);
#8068 = CARTESIAN_POINT('',(141.1,-101.,1.6));
#8069 = LINE('',#8070,#8071);
#8070 = CARTESIAN_POINT('',(141.1,-101.,1.6));
#8071 = VECTOR('',#8072,1.);
#8072 = DIRECTION('',(0.,0.,1.));
#8073 = ORIENTED_EDGE('',*,*,#8074,.F.);
#8074 = EDGE_CURVE('',#8049,#8067,#8075,.T.);
#8075 = LINE('',#8076,#8077);
#8076 = CARTESIAN_POINT('',(142.3,-101.,1.6));
#8077 = VECTOR('',#8078,1.);
#8078 = DIRECTION('',(-1.,0.,0.));
#8079 = PLANE('',#8080);
#8080 = AXIS2_PLACEMENT_3D('',#8081,#8082,#8083);
#8081 = CARTESIAN_POINT('',(142.3,-101.,1.6));
#8082 = DIRECTION('',(0.,-1.,0.));
#8083 = DIRECTION('',(-1.,0.,0.));
#8084 = ADVANCED_FACE('',(#8085),#8110,.T.);
#8085 = FACE_BOUND('',#8086,.T.);
#8086 = EDGE_LOOP('',(#8087,#8088,#8096,#8104));
#8087 = ORIENTED_EDGE('',*,*,#8066,.T.);
#8088 = ORIENTED_EDGE('',*,*,#8089,.T.);
#8089 = EDGE_CURVE('',#8059,#8090,#8092,.T.);
#8090 = VERTEX_POINT('',#8091);
#8091 = CARTESIAN_POINT('',(141.1,-100.,1.635));
#8092 = LINE('',#8093,#8094);
#8093 = CARTESIAN_POINT('',(141.1,-101.,1.635));
#8094 = VECTOR('',#8095,1.);
#8095 = DIRECTION('',(0.,1.,0.));
#8096 = ORIENTED_EDGE('',*,*,#8097,.F.);
#8097 = EDGE_CURVE('',#8098,#8090,#8100,.T.);
#8098 = VERTEX_POINT('',#8099);
#8099 = CARTESIAN_POINT('',(141.1,-100.,1.6));
#8100 = LINE('',#8101,#8102);
#8101 = CARTESIAN_POINT('',(141.1,-100.,1.6));
#8102 = VECTOR('',#8103,1.);
#8103 = DIRECTION('',(0.,0.,1.));
#8104 = ORIENTED_EDGE('',*,*,#8105,.F.);
#8105 = EDGE_CURVE('',#8067,#8098,#8106,.T.);
#8106 = LINE('',#8107,#8108);
#8107 = CARTESIAN_POINT('',(141.1,-101.,1.6));
#8108 = VECTOR('',#8109,1.);
#8109 = DIRECTION('',(0.,1.,0.));
#8110 = PLANE('',#8111);
#8111 = AXIS2_PLACEMENT_3D('',#8112,#8113,#8114);
#8112 = CARTESIAN_POINT('',(141.1,-101.,1.6));
#8113 = DIRECTION('',(-1.,0.,0.));
#8114 = DIRECTION('',(0.,1.,0.));
#8115 = ADVANCED_FACE('',(#8116),#8141,.T.);
#8116 = FACE_BOUND('',#8117,.T.);
#8117 = EDGE_LOOP('',(#8118,#8119,#8127,#8135));
#8118 = ORIENTED_EDGE('',*,*,#8097,.T.);
#8119 = ORIENTED_EDGE('',*,*,#8120,.T.);
#8120 = EDGE_CURVE('',#8090,#8121,#8123,.T.);
#8121 = VERTEX_POINT('',#8122);
#8122 = CARTESIAN_POINT('',(142.3,-100.,1.635));
#8123 = LINE('',#8124,#8125);
#8124 = CARTESIAN_POINT('',(141.1,-100.,1.635));
#8125 = VECTOR('',#8126,1.);
#8126 = DIRECTION('',(1.,0.,0.));
#8127 = ORIENTED_EDGE('',*,*,#8128,.F.);
#8128 = EDGE_CURVE('',#8129,#8121,#8131,.T.);
#8129 = VERTEX_POINT('',#8130);
#8130 = CARTESIAN_POINT('',(142.3,-100.,1.6));
#8131 = LINE('',#8132,#8133);
#8132 = CARTESIAN_POINT('',(142.3,-100.,1.6));
#8133 = VECTOR('',#8134,1.);
#8134 = DIRECTION('',(0.,0.,1.));
#8135 = ORIENTED_EDGE('',*,*,#8136,.F.);
#8136 = EDGE_CURVE('',#8098,#8129,#8137,.T.);
#8137 = LINE('',#8138,#8139);
#8138 = CARTESIAN_POINT('',(141.1,-100.,1.6));
#8139 = VECTOR('',#8140,1.);
#8140 = DIRECTION('',(1.,0.,0.));
#8141 = PLANE('',#8142);
#8142 = AXIS2_PLACEMENT_3D('',#8143,#8144,#8145);
#8143 = CARTESIAN_POINT('',(141.1,-100.,1.6));
#8144 = DIRECTION('',(0.,1.,0.));
#8145 = DIRECTION('',(1.,0.,0.));
#8146 = ADVANCED_FACE('',(#8147),#8163,.T.);
#8147 = FACE_BOUND('',#8148,.T.);
#8148 = EDGE_LOOP('',(#8149,#8150,#8156,#8157));
#8149 = ORIENTED_EDGE('',*,*,#8128,.T.);
#8150 = ORIENTED_EDGE('',*,*,#8151,.T.);
#8151 = EDGE_CURVE('',#8121,#8051,#8152,.T.);
#8152 = LINE('',#8153,#8154);
#8153 = CARTESIAN_POINT('',(142.3,-100.,1.635));
#8154 = VECTOR('',#8155,1.);
#8155 = DIRECTION('',(0.,-1.,0.));
#8156 = ORIENTED_EDGE('',*,*,#8048,.F.);
#8157 = ORIENTED_EDGE('',*,*,#8158,.F.);
#8158 = EDGE_CURVE('',#8129,#8049,#8159,.T.);
#8159 = LINE('',#8160,#8161);
#8160 = CARTESIAN_POINT('',(142.3,-100.,1.6));
#8161 = VECTOR('',#8162,1.);
#8162 = DIRECTION('',(0.,-1.,0.));
#8163 = PLANE('',#8164);
#8164 = AXIS2_PLACEMENT_3D('',#8165,#8166,#8167);
#8165 = CARTESIAN_POINT('',(142.3,-100.,1.6));
#8166 = DIRECTION('',(1.,0.,-0.));
#8167 = DIRECTION('',(0.,-1.,0.));
#8168 = ADVANCED_FACE('',(#8169),#8175,.T.);
#8169 = FACE_BOUND('',#8170,.T.);
#8170 = EDGE_LOOP('',(#8171,#8172,#8173,#8174));
#8171 = ORIENTED_EDGE('',*,*,#8074,.T.);
#8172 = ORIENTED_EDGE('',*,*,#8105,.T.);
#8173 = ORIENTED_EDGE('',*,*,#8136,.T.);
#8174 = ORIENTED_EDGE('',*,*,#8158,.T.);
#8175 = PLANE('',#8176);
#8176 = AXIS2_PLACEMENT_3D('',#8177,#8178,#8179);
#8177 = CARTESIAN_POINT('',(141.7,-100.5,1.6));
#8178 = DIRECTION('',(-0.,-0.,-1.));
#8179 = DIRECTION('',(-1.,0.,0.));
#8180 = ADVANCED_FACE('',(#8181),#8187,.F.);
#8181 = FACE_BOUND('',#8182,.F.);
#8182 = EDGE_LOOP('',(#8183,#8184,#8185,#8186));
#8183 = ORIENTED_EDGE('',*,*,#8058,.T.);
#8184 = ORIENTED_EDGE('',*,*,#8089,.T.);
#8185 = ORIENTED_EDGE('',*,*,#8120,.T.);
#8186 = ORIENTED_EDGE('',*,*,#8151,.T.);
#8187 = PLANE('',#8188);
#8188 = AXIS2_PLACEMENT_3D('',#8189,#8190,#8191);
#8189 = CARTESIAN_POINT('',(141.7,-100.5,1.635));
#8190 = DIRECTION('',(-0.,-0.,-1.));
#8191 = DIRECTION('',(-1.,0.,0.));
#8192 = ( GEOMETRIC_REPRESENTATION_CONTEXT(3) 
GLOBAL_UNCERTAINTY_ASSIGNED_CONTEXT((#8196)) 
GLOBAL_UNIT_ASSIGNED_CONTEXT((#8193,#8194,#8195)) REPRESENTATION_CONTEXT
('Context #1','3D Context with UNIT and UNCERTAINTY') );
#8193 = ( LENGTH_UNIT() NAMED_UNIT(*) SI_UNIT(.MILLI.,.METRE.) );
#8194 = ( NAMED_UNIT(*) PLANE_ANGLE_UNIT() SI_UNIT($,.RADIAN.) );
#8195 = ( NAMED_UNIT(*) SI_UNIT($,.STERADIAN.) SOLID_ANGLE_UNIT() );
#8196 = UNCERTAINTY_MEASURE_WITH_UNIT(LENGTH_MEASURE(1.E-07),#8193,
  'distance_accuracy_value','confusion accuracy');
#8197 = CONTEXT_DEPENDENT_SHAPE_REPRESENTATION(#8198,#8200);
#8198 = ( REPRESENTATION_RELATIONSHIP('','',#8041,#10) 
REPRESENTATION_RELATIONSHIP_WITH_TRANSFORMATION(#8199) 
SHAPE_REPRESENTATION_RELATIONSHIP() );
#8199 = ITEM_DEFINED_TRANSFORMATION('','',#11,#195);
#8200 = PRODUCT_DEFINITION_SHAPE('Placement','Placement of an item',
  #8201);
#8201 = NEXT_ASSEMBLY_USAGE_OCCURRENCE('46','=>[0:1:1:47]','',#5,#8036,$
  );
#8202 = PRODUCT_RELATED_PRODUCT_CATEGORY('part',$,(#8038));
#8203 = SHAPE_DEFINITION_REPRESENTATION(#8204,#8210);
#8204 = PRODUCT_DEFINITION_SHAPE('','',#8205);
#8205 = PRODUCT_DEFINITION('design','',#8206,#8209);
#8206 = PRODUCT_DEFINITION_FORMATION('','',#8207);
#8207 = PRODUCT('_autosave-connection pcb_pad_7',
  '_autosave-connection pcb_pad_7','',(#8208));
#8208 = PRODUCT_CONTEXT('',#2,'mechanical');
#8209 = PRODUCT_DEFINITION_CONTEXT('part definition',#2,'design');
#8210 = ADVANCED_BREP_SHAPE_REPRESENTATION('',(#11,#8211),#8361);
#8211 = MANIFOLD_SOLID_BREP('',#8212);
#8212 = CLOSED_SHELL('',(#8213,#8253,#8284,#8315,#8337,#8349));
#8213 = ADVANCED_FACE('',(#8214),#8248,.T.);
#8214 = FACE_BOUND('',#8215,.T.);
#8215 = EDGE_LOOP('',(#8216,#8226,#8234,#8242));
#8216 = ORIENTED_EDGE('',*,*,#8217,.T.);
#8217 = EDGE_CURVE('',#8218,#8220,#8222,.T.);
#8218 = VERTEX_POINT('',#8219);
#8219 = CARTESIAN_POINT('',(142.2,-97.7,1.6));
#8220 = VERTEX_POINT('',#8221);
#8221 = CARTESIAN_POINT('',(142.2,-97.7,1.635));
#8222 = LINE('',#8223,#8224);
#8223 = CARTESIAN_POINT('',(142.2,-97.7,1.6));
#8224 = VECTOR('',#8225,1.);
#8225 = DIRECTION('',(0.,0.,1.));
#8226 = ORIENTED_EDGE('',*,*,#8227,.T.);
#8227 = EDGE_CURVE('',#8220,#8228,#8230,.T.);
#8228 = VERTEX_POINT('',#8229);
#8229 = CARTESIAN_POINT('',(141.,-97.7,1.635));
#8230 = LINE('',#8231,#8232);
#8231 = CARTESIAN_POINT('',(142.2,-97.7,1.635));
#8232 = VECTOR('',#8233,1.);
#8233 = DIRECTION('',(-1.,0.,0.));
#8234 = ORIENTED_EDGE('',*,*,#8235,.F.);
#8235 = EDGE_CURVE('',#8236,#8228,#8238,.T.);
#8236 = VERTEX_POINT('',#8237);
#8237 = CARTESIAN_POINT('',(141.,-97.7,1.6));
#8238 = LINE('',#8239,#8240);
#8239 = CARTESIAN_POINT('',(141.,-97.7,1.6));
#8240 = VECTOR('',#8241,1.);
#8241 = DIRECTION('',(0.,0.,1.));
#8242 = ORIENTED_EDGE('',*,*,#8243,.F.);
#8243 = EDGE_CURVE('',#8218,#8236,#8244,.T.);
#8244 = LINE('',#8245,#8246);
#8245 = CARTESIAN_POINT('',(142.2,-97.7,1.6));
#8246 = VECTOR('',#8247,1.);
#8247 = DIRECTION('',(-1.,0.,0.));
#8248 = PLANE('',#8249);
#8249 = AXIS2_PLACEMENT_3D('',#8250,#8251,#8252);
#8250 = CARTESIAN_POINT('',(142.2,-97.7,1.6));
#8251 = DIRECTION('',(0.,-1.,0.));
#8252 = DIRECTION('',(-1.,0.,0.));
#8253 = ADVANCED_FACE('',(#8254),#8279,.T.);
#8254 = FACE_BOUND('',#8255,.T.);
#8255 = EDGE_LOOP('',(#8256,#8257,#8265,#8273));
#8256 = ORIENTED_EDGE('',*,*,#8235,.T.);
#8257 = ORIENTED_EDGE('',*,*,#8258,.T.);
#8258 = EDGE_CURVE('',#8228,#8259,#8261,.T.);
#8259 = VERTEX_POINT('',#8260);
#8260 = CARTESIAN_POINT('',(141.,-96.7,1.635));
#8261 = LINE('',#8262,#8263);
#8262 = CARTESIAN_POINT('',(141.,-97.7,1.635));
#8263 = VECTOR('',#8264,1.);
#8264 = DIRECTION('',(0.,1.,0.));
#8265 = ORIENTED_EDGE('',*,*,#8266,.F.);
#8266 = EDGE_CURVE('',#8267,#8259,#8269,.T.);
#8267 = VERTEX_POINT('',#8268);
#8268 = CARTESIAN_POINT('',(141.,-96.7,1.6));
#8269 = LINE('',#8270,#8271);
#8270 = CARTESIAN_POINT('',(141.,-96.7,1.6));
#8271 = VECTOR('',#8272,1.);
#8272 = DIRECTION('',(0.,0.,1.));
#8273 = ORIENTED_EDGE('',*,*,#8274,.F.);
#8274 = EDGE_CURVE('',#8236,#8267,#8275,.T.);
#8275 = LINE('',#8276,#8277);
#8276 = CARTESIAN_POINT('',(141.,-97.7,1.6));
#8277 = VECTOR('',#8278,1.);
#8278 = DIRECTION('',(0.,1.,0.));
#8279 = PLANE('',#8280);
#8280 = AXIS2_PLACEMENT_3D('',#8281,#8282,#8283);
#8281 = CARTESIAN_POINT('',(141.,-97.7,1.6));
#8282 = DIRECTION('',(-1.,0.,0.));
#8283 = DIRECTION('',(0.,1.,0.));
#8284 = ADVANCED_FACE('',(#8285),#8310,.T.);
#8285 = FACE_BOUND('',#8286,.T.);
#8286 = EDGE_LOOP('',(#8287,#8288,#8296,#8304));
#8287 = ORIENTED_EDGE('',*,*,#8266,.T.);
#8288 = ORIENTED_EDGE('',*,*,#8289,.T.);
#8289 = EDGE_CURVE('',#8259,#8290,#8292,.T.);
#8290 = VERTEX_POINT('',#8291);
#8291 = CARTESIAN_POINT('',(142.2,-96.7,1.635));
#8292 = LINE('',#8293,#8294);
#8293 = CARTESIAN_POINT('',(141.,-96.7,1.635));
#8294 = VECTOR('',#8295,1.);
#8295 = DIRECTION('',(1.,0.,0.));
#8296 = ORIENTED_EDGE('',*,*,#8297,.F.);
#8297 = EDGE_CURVE('',#8298,#8290,#8300,.T.);
#8298 = VERTEX_POINT('',#8299);
#8299 = CARTESIAN_POINT('',(142.2,-96.7,1.6));
#8300 = LINE('',#8301,#8302);
#8301 = CARTESIAN_POINT('',(142.2,-96.7,1.6));
#8302 = VECTOR('',#8303,1.);
#8303 = DIRECTION('',(0.,0.,1.));
#8304 = ORIENTED_EDGE('',*,*,#8305,.F.);
#8305 = EDGE_CURVE('',#8267,#8298,#8306,.T.);
#8306 = LINE('',#8307,#8308);
#8307 = CARTESIAN_POINT('',(141.,-96.7,1.6));
#8308 = VECTOR('',#8309,1.);
#8309 = DIRECTION('',(1.,0.,0.));
#8310 = PLANE('',#8311);
#8311 = AXIS2_PLACEMENT_3D('',#8312,#8313,#8314);
#8312 = CARTESIAN_POINT('',(141.,-96.7,1.6));
#8313 = DIRECTION('',(0.,1.,0.));
#8314 = DIRECTION('',(1.,0.,0.));
#8315 = ADVANCED_FACE('',(#8316),#8332,.T.);
#8316 = FACE_BOUND('',#8317,.T.);
#8317 = EDGE_LOOP('',(#8318,#8319,#8325,#8326));
#8318 = ORIENTED_EDGE('',*,*,#8297,.T.);
#8319 = ORIENTED_EDGE('',*,*,#8320,.T.);
#8320 = EDGE_CURVE('',#8290,#8220,#8321,.T.);
#8321 = LINE('',#8322,#8323);
#8322 = CARTESIAN_POINT('',(142.2,-96.7,1.635));
#8323 = VECTOR('',#8324,1.);
#8324 = DIRECTION('',(0.,-1.,0.));
#8325 = ORIENTED_EDGE('',*,*,#8217,.F.);
#8326 = ORIENTED_EDGE('',*,*,#8327,.F.);
#8327 = EDGE_CURVE('',#8298,#8218,#8328,.T.);
#8328 = LINE('',#8329,#8330);
#8329 = CARTESIAN_POINT('',(142.2,-96.7,1.6));
#8330 = VECTOR('',#8331,1.);
#8331 = DIRECTION('',(0.,-1.,0.));
#8332 = PLANE('',#8333);
#8333 = AXIS2_PLACEMENT_3D('',#8334,#8335,#8336);
#8334 = CARTESIAN_POINT('',(142.2,-96.7,1.6));
#8335 = DIRECTION('',(1.,0.,-0.));
#8336 = DIRECTION('',(0.,-1.,0.));
#8337 = ADVANCED_FACE('',(#8338),#8344,.T.);
#8338 = FACE_BOUND('',#8339,.T.);
#8339 = EDGE_LOOP('',(#8340,#8341,#8342,#8343));
#8340 = ORIENTED_EDGE('',*,*,#8243,.T.);
#8341 = ORIENTED_EDGE('',*,*,#8274,.T.);
#8342 = ORIENTED_EDGE('',*,*,#8305,.T.);
#8343 = ORIENTED_EDGE('',*,*,#8327,.T.);
#8344 = PLANE('',#8345);
#8345 = AXIS2_PLACEMENT_3D('',#8346,#8347,#8348);
#8346 = CARTESIAN_POINT('',(141.6,-97.2,1.6));
#8347 = DIRECTION('',(-0.,-0.,-1.));
#8348 = DIRECTION('',(-1.,0.,0.));
#8349 = ADVANCED_FACE('',(#8350),#8356,.F.);
#8350 = FACE_BOUND('',#8351,.F.);
#8351 = EDGE_LOOP('',(#8352,#8353,#8354,#8355));
#8352 = ORIENTED_EDGE('',*,*,#8227,.T.);
#8353 = ORIENTED_EDGE('',*,*,#8258,.T.);
#8354 = ORIENTED_EDGE('',*,*,#8289,.T.);
#8355 = ORIENTED_EDGE('',*,*,#8320,.T.);
#8356 = PLANE('',#8357);
#8357 = AXIS2_PLACEMENT_3D('',#8358,#8359,#8360);
#8358 = CARTESIAN_POINT('',(141.6,-97.2,1.635));
#8359 = DIRECTION('',(-0.,-0.,-1.));
#8360 = DIRECTION('',(-1.,0.,0.));
#8361 = ( GEOMETRIC_REPRESENTATION_CONTEXT(3) 
GLOBAL_UNCERTAINTY_ASSIGNED_CONTEXT((#8365)) 
GLOBAL_UNIT_ASSIGNED_CONTEXT((#8362,#8363,#8364)) REPRESENTATION_CONTEXT
('Context #1','3D Context with UNIT and UNCERTAINTY') );
#8362 = ( LENGTH_UNIT() NAMED_UNIT(*) SI_UNIT(.MILLI.,.METRE.) );
#8363 = ( NAMED_UNIT(*) PLANE_ANGLE_UNIT() SI_UNIT($,.RADIAN.) );
#8364 = ( NAMED_UNIT(*) SI_UNIT($,.STERADIAN.) SOLID_ANGLE_UNIT() );
#8365 = UNCERTAINTY_MEASURE_WITH_UNIT(LENGTH_MEASURE(1.E-07),#8362,
  'distance_accuracy_value','confusion accuracy');
#8366 = CONTEXT_DEPENDENT_SHAPE_REPRESENTATION(#8367,#8369);
#8367 = ( REPRESENTATION_RELATIONSHIP('','',#8210,#10) 
REPRESENTATION_RELATIONSHIP_WITH_TRANSFORMATION(#8368) 
SHAPE_REPRESENTATION_RELATIONSHIP() );
#8368 = ITEM_DEFINED_TRANSFORMATION('','',#11,#199);
#8369 = PRODUCT_DEFINITION_SHAPE('Placement','Placement of an item',
  #8370);
#8370 = NEXT_ASSEMBLY_USAGE_OCCURRENCE('47','=>[0:1:1:48]','',#5,#8205,$
  );
#8371 = PRODUCT_RELATED_PRODUCT_CATEGORY('part',$,(#8207));
#8372 = SHAPE_DEFINITION_REPRESENTATION(#8373,#8379);
#8373 = PRODUCT_DEFINITION_SHAPE('','',#8374);
#8374 = PRODUCT_DEFINITION('design','',#8375,#8378);
#8375 = PRODUCT_DEFINITION_FORMATION('','',#8376);
#8376 = PRODUCT('_autosave-connection pcb_pad_8',
  '_autosave-connection pcb_pad_8','',(#8377));
#8377 = PRODUCT_CONTEXT('',#2,'mechanical');
#8378 = PRODUCT_DEFINITION_CONTEXT('part definition',#2,'design');
#8379 = ADVANCED_BREP_SHAPE_REPRESENTATION('',(#11,#8380),#8530);
#8380 = MANIFOLD_SOLID_BREP('',#8381);
#8381 = CLOSED_SHELL('',(#8382,#8422,#8453,#8484,#8506,#8518));
#8382 = ADVANCED_FACE('',(#8383),#8417,.T.);
#8383 = FACE_BOUND('',#8384,.T.);
#8384 = EDGE_LOOP('',(#8385,#8395,#8403,#8411));
#8385 = ORIENTED_EDGE('',*,*,#8386,.T.);
#8386 = EDGE_CURVE('',#8387,#8389,#8391,.T.);
#8387 = VERTEX_POINT('',#8388);
#8388 = CARTESIAN_POINT('',(136.1,-106.7,1.6));
#8389 = VERTEX_POINT('',#8390);
#8390 = CARTESIAN_POINT('',(136.1,-106.7,1.635));
#8391 = LINE('',#8392,#8393);
#8392 = CARTESIAN_POINT('',(136.1,-106.7,1.6));
#8393 = VECTOR('',#8394,1.);
#8394 = DIRECTION('',(0.,0.,1.));
#8395 = ORIENTED_EDGE('',*,*,#8396,.T.);
#8396 = EDGE_CURVE('',#8389,#8397,#8399,.T.);
#8397 = VERTEX_POINT('',#8398);
#8398 = CARTESIAN_POINT('',(135.1,-106.7,1.635));
#8399 = LINE('',#8400,#8401);
#8400 = CARTESIAN_POINT('',(136.1,-106.7,1.635));
#8401 = VECTOR('',#8402,1.);
#8402 = DIRECTION('',(-1.,0.,0.));
#8403 = ORIENTED_EDGE('',*,*,#8404,.F.);
#8404 = EDGE_CURVE('',#8405,#8397,#8407,.T.);
#8405 = VERTEX_POINT('',#8406);
#8406 = CARTESIAN_POINT('',(135.1,-106.7,1.6));
#8407 = LINE('',#8408,#8409);
#8408 = CARTESIAN_POINT('',(135.1,-106.7,1.6));
#8409 = VECTOR('',#8410,1.);
#8410 = DIRECTION('',(0.,0.,1.));
#8411 = ORIENTED_EDGE('',*,*,#8412,.F.);
#8412 = EDGE_CURVE('',#8387,#8405,#8413,.T.);
#8413 = LINE('',#8414,#8415);
#8414 = CARTESIAN_POINT('',(136.1,-106.7,1.6));
#8415 = VECTOR('',#8416,1.);
#8416 = DIRECTION('',(-1.,0.,0.));
#8417 = PLANE('',#8418);
#8418 = AXIS2_PLACEMENT_3D('',#8419,#8420,#8421);
#8419 = CARTESIAN_POINT('',(136.1,-106.7,1.6));
#8420 = DIRECTION('',(0.,-1.,0.));
#8421 = DIRECTION('',(-1.,0.,0.));
#8422 = ADVANCED_FACE('',(#8423),#8448,.T.);
#8423 = FACE_BOUND('',#8424,.T.);
#8424 = EDGE_LOOP('',(#8425,#8426,#8434,#8442));
#8425 = ORIENTED_EDGE('',*,*,#8404,.T.);
#8426 = ORIENTED_EDGE('',*,*,#8427,.T.);
#8427 = EDGE_CURVE('',#8397,#8428,#8430,.T.);
#8428 = VERTEX_POINT('',#8429);
#8429 = CARTESIAN_POINT('',(135.1,-105.5,1.635));
#8430 = LINE('',#8431,#8432);
#8431 = CARTESIAN_POINT('',(135.1,-106.7,1.635));
#8432 = VECTOR('',#8433,1.);
#8433 = DIRECTION('',(0.,1.,0.));
#8434 = ORIENTED_EDGE('',*,*,#8435,.F.);
#8435 = EDGE_CURVE('',#8436,#8428,#8438,.T.);
#8436 = VERTEX_POINT('',#8437);
#8437 = CARTESIAN_POINT('',(135.1,-105.5,1.6));
#8438 = LINE('',#8439,#8440);
#8439 = CARTESIAN_POINT('',(135.1,-105.5,1.6));
#8440 = VECTOR('',#8441,1.);
#8441 = DIRECTION('',(0.,0.,1.));
#8442 = ORIENTED_EDGE('',*,*,#8443,.F.);
#8443 = EDGE_CURVE('',#8405,#8436,#8444,.T.);
#8444 = LINE('',#8445,#8446);
#8445 = CARTESIAN_POINT('',(135.1,-106.7,1.6));
#8446 = VECTOR('',#8447,1.);
#8447 = DIRECTION('',(0.,1.,0.));
#8448 = PLANE('',#8449);
#8449 = AXIS2_PLACEMENT_3D('',#8450,#8451,#8452);
#8450 = CARTESIAN_POINT('',(135.1,-106.7,1.6));
#8451 = DIRECTION('',(-1.,0.,0.));
#8452 = DIRECTION('',(0.,1.,0.));
#8453 = ADVANCED_FACE('',(#8454),#8479,.T.);
#8454 = FACE_BOUND('',#8455,.T.);
#8455 = EDGE_LOOP('',(#8456,#8457,#8465,#8473));
#8456 = ORIENTED_EDGE('',*,*,#8435,.T.);
#8457 = ORIENTED_EDGE('',*,*,#8458,.T.);
#8458 = EDGE_CURVE('',#8428,#8459,#8461,.T.);
#8459 = VERTEX_POINT('',#8460);
#8460 = CARTESIAN_POINT('',(136.1,-105.5,1.635));
#8461 = LINE('',#8462,#8463);
#8462 = CARTESIAN_POINT('',(135.1,-105.5,1.635));
#8463 = VECTOR('',#8464,1.);
#8464 = DIRECTION('',(1.,0.,0.));
#8465 = ORIENTED_EDGE('',*,*,#8466,.F.);
#8466 = EDGE_CURVE('',#8467,#8459,#8469,.T.);
#8467 = VERTEX_POINT('',#8468);
#8468 = CARTESIAN_POINT('',(136.1,-105.5,1.6));
#8469 = LINE('',#8470,#8471);
#8470 = CARTESIAN_POINT('',(136.1,-105.5,1.6));
#8471 = VECTOR('',#8472,1.);
#8472 = DIRECTION('',(0.,0.,1.));
#8473 = ORIENTED_EDGE('',*,*,#8474,.F.);
#8474 = EDGE_CURVE('',#8436,#8467,#8475,.T.);
#8475 = LINE('',#8476,#8477);
#8476 = CARTESIAN_POINT('',(135.1,-105.5,1.6));
#8477 = VECTOR('',#8478,1.);
#8478 = DIRECTION('',(1.,0.,0.));
#8479 = PLANE('',#8480);
#8480 = AXIS2_PLACEMENT_3D('',#8481,#8482,#8483);
#8481 = CARTESIAN_POINT('',(135.1,-105.5,1.6));
#8482 = DIRECTION('',(0.,1.,0.));
#8483 = DIRECTION('',(1.,0.,0.));
#8484 = ADVANCED_FACE('',(#8485),#8501,.T.);
#8485 = FACE_BOUND('',#8486,.T.);
#8486 = EDGE_LOOP('',(#8487,#8488,#8494,#8495));
#8487 = ORIENTED_EDGE('',*,*,#8466,.T.);
#8488 = ORIENTED_EDGE('',*,*,#8489,.T.);
#8489 = EDGE_CURVE('',#8459,#8389,#8490,.T.);
#8490 = LINE('',#8491,#8492);
#8491 = CARTESIAN_POINT('',(136.1,-105.5,1.635));
#8492 = VECTOR('',#8493,1.);
#8493 = DIRECTION('',(0.,-1.,0.));
#8494 = ORIENTED_EDGE('',*,*,#8386,.F.);
#8495 = ORIENTED_EDGE('',*,*,#8496,.F.);
#8496 = EDGE_CURVE('',#8467,#8387,#8497,.T.);
#8497 = LINE('',#8498,#8499);
#8498 = CARTESIAN_POINT('',(136.1,-105.5,1.6));
#8499 = VECTOR('',#8500,1.);
#8500 = DIRECTION('',(0.,-1.,0.));
#8501 = PLANE('',#8502);
#8502 = AXIS2_PLACEMENT_3D('',#8503,#8504,#8505);
#8503 = CARTESIAN_POINT('',(136.1,-105.5,1.6));
#8504 = DIRECTION('',(1.,0.,-0.));
#8505 = DIRECTION('',(0.,-1.,0.));
#8506 = ADVANCED_FACE('',(#8507),#8513,.T.);
#8507 = FACE_BOUND('',#8508,.T.);
#8508 = EDGE_LOOP('',(#8509,#8510,#8511,#8512));
#8509 = ORIENTED_EDGE('',*,*,#8412,.T.);
#8510 = ORIENTED_EDGE('',*,*,#8443,.T.);
#8511 = ORIENTED_EDGE('',*,*,#8474,.T.);
#8512 = ORIENTED_EDGE('',*,*,#8496,.T.);
#8513 = PLANE('',#8514);
#8514 = AXIS2_PLACEMENT_3D('',#8515,#8516,#8517);
#8515 = CARTESIAN_POINT('',(135.6,-106.1,1.6));
#8516 = DIRECTION('',(-0.,-0.,-1.));
#8517 = DIRECTION('',(-1.,0.,0.));
#8518 = ADVANCED_FACE('',(#8519),#8525,.F.);
#8519 = FACE_BOUND('',#8520,.F.);
#8520 = EDGE_LOOP('',(#8521,#8522,#8523,#8524));
#8521 = ORIENTED_EDGE('',*,*,#8396,.T.);
#8522 = ORIENTED_EDGE('',*,*,#8427,.T.);
#8523 = ORIENTED_EDGE('',*,*,#8458,.T.);
#8524 = ORIENTED_EDGE('',*,*,#8489,.T.);
#8525 = PLANE('',#8526);
#8526 = AXIS2_PLACEMENT_3D('',#8527,#8528,#8529);
#8527 = CARTESIAN_POINT('',(135.6,-106.1,1.635));
#8528 = DIRECTION('',(-0.,-0.,-1.));
#8529 = DIRECTION('',(-1.,0.,0.));
#8530 = ( GEOMETRIC_REPRESENTATION_CONTEXT(3) 
GLOBAL_UNCERTAINTY_ASSIGNED_CONTEXT((#8534)) 
GLOBAL_UNIT_ASSIGNED_CONTEXT((#8531,#8532,#8533)) REPRESENTATION_CONTEXT
('Context #1','3D Context with UNIT and UNCERTAINTY') );
#8531 = ( LENGTH_UNIT() NAMED_UNIT(*) SI_UNIT(.MILLI.,.METRE.) );
#8532 = ( NAMED_UNIT(*) PLANE_ANGLE_UNIT() SI_UNIT($,.RADIAN.) );
#8533 = ( NAMED_UNIT(*) SI_UNIT($,.STERADIAN.) SOLID_ANGLE_UNIT() );
#8534 = UNCERTAINTY_MEASURE_WITH_UNIT(LENGTH_MEASURE(1.E-07),#8531,
  'distance_accuracy_value','confusion accuracy');
#8535 = CONTEXT_DEPENDENT_SHAPE_REPRESENTATION(#8536,#8538);
#8536 = ( REPRESENTATION_RELATIONSHIP('','',#8379,#10) 
REPRESENTATION_RELATIONSHIP_WITH_TRANSFORMATION(#8537) 
SHAPE_REPRESENTATION_RELATIONSHIP() );
#8537 = ITEM_DEFINED_TRANSFORMATION('','',#11,#203);
#8538 = PRODUCT_DEFINITION_SHAPE('Placement','Placement of an item',
  #8539);
#8539 = NEXT_ASSEMBLY_USAGE_OCCURRENCE('48','=>[0:1:1:49]','',#5,#8374,$
  );
#8540 = PRODUCT_RELATED_PRODUCT_CATEGORY('part',$,(#8376));
#8541 = SHAPE_DEFINITION_REPRESENTATION(#8542,#8548);
#8542 = PRODUCT_DEFINITION_SHAPE('','',#8543);
#8543 = PRODUCT_DEFINITION('design','',#8544,#8547);
#8544 = PRODUCT_DEFINITION_FORMATION('','',#8545);
#8545 = PRODUCT('_autosave-connection pcb_pad_9',
  '_autosave-connection pcb_pad_9','',(#8546));
#8546 = PRODUCT_CONTEXT('',#2,'mechanical');
#8547 = PRODUCT_DEFINITION_CONTEXT('part definition',#2,'design');
#8548 = ADVANCED_BREP_SHAPE_REPRESENTATION('',(#11,#8549),#8699);
#8549 = MANIFOLD_SOLID_BREP('',#8550);
#8550 = CLOSED_SHELL('',(#8551,#8591,#8622,#8653,#8675,#8687));
#8551 = ADVANCED_FACE('',(#8552),#8586,.T.);
#8552 = FACE_BOUND('',#8553,.T.);
#8553 = EDGE_LOOP('',(#8554,#8564,#8572,#8580));
#8554 = ORIENTED_EDGE('',*,*,#8555,.T.);
#8555 = EDGE_CURVE('',#8556,#8558,#8560,.T.);
#8556 = VERTEX_POINT('',#8557);
#8557 = CARTESIAN_POINT('',(140.,-110.3,1.6));
#8558 = VERTEX_POINT('',#8559);
#8559 = CARTESIAN_POINT('',(140.,-110.3,1.635));
#8560 = LINE('',#8561,#8562);
#8561 = CARTESIAN_POINT('',(140.,-110.3,1.6));
#8562 = VECTOR('',#8563,1.);
#8563 = DIRECTION('',(0.,0.,1.));
#8564 = ORIENTED_EDGE('',*,*,#8565,.T.);
#8565 = EDGE_CURVE('',#8558,#8566,#8568,.T.);
#8566 = VERTEX_POINT('',#8567);
#8567 = CARTESIAN_POINT('',(139.,-110.3,1.635));
#8568 = LINE('',#8569,#8570);
#8569 = CARTESIAN_POINT('',(140.,-110.3,1.635));
#8570 = VECTOR('',#8571,1.);
#8571 = DIRECTION('',(-1.,0.,0.));
#8572 = ORIENTED_EDGE('',*,*,#8573,.F.);
#8573 = EDGE_CURVE('',#8574,#8566,#8576,.T.);
#8574 = VERTEX_POINT('',#8575);
#8575 = CARTESIAN_POINT('',(139.,-110.3,1.6));
#8576 = LINE('',#8577,#8578);
#8577 = CARTESIAN_POINT('',(139.,-110.3,1.6));
#8578 = VECTOR('',#8579,1.);
#8579 = DIRECTION('',(0.,0.,1.));
#8580 = ORIENTED_EDGE('',*,*,#8581,.F.);
#8581 = EDGE_CURVE('',#8556,#8574,#8582,.T.);
#8582 = LINE('',#8583,#8584);
#8583 = CARTESIAN_POINT('',(140.,-110.3,1.6));
#8584 = VECTOR('',#8585,1.);
#8585 = DIRECTION('',(-1.,0.,0.));
#8586 = PLANE('',#8587);
#8587 = AXIS2_PLACEMENT_3D('',#8588,#8589,#8590);
#8588 = CARTESIAN_POINT('',(140.,-110.3,1.6));
#8589 = DIRECTION('',(0.,-1.,0.));
#8590 = DIRECTION('',(-1.,0.,0.));
#8591 = ADVANCED_FACE('',(#8592),#8617,.T.);
#8592 = FACE_BOUND('',#8593,.T.);
#8593 = EDGE_LOOP('',(#8594,#8595,#8603,#8611));
#8594 = ORIENTED_EDGE('',*,*,#8573,.T.);
#8595 = ORIENTED_EDGE('',*,*,#8596,.T.);
#8596 = EDGE_CURVE('',#8566,#8597,#8599,.T.);
#8597 = VERTEX_POINT('',#8598);
#8598 = CARTESIAN_POINT('',(139.,-109.1,1.635));
#8599 = LINE('',#8600,#8601);
#8600 = CARTESIAN_POINT('',(139.,-110.3,1.635));
#8601 = VECTOR('',#8602,1.);
#8602 = DIRECTION('',(0.,1.,0.));
#8603 = ORIENTED_EDGE('',*,*,#8604,.F.);
#8604 = EDGE_CURVE('',#8605,#8597,#8607,.T.);
#8605 = VERTEX_POINT('',#8606);
#8606 = CARTESIAN_POINT('',(139.,-109.1,1.6));
#8607 = LINE('',#8608,#8609);
#8608 = CARTESIAN_POINT('',(139.,-109.1,1.6));
#8609 = VECTOR('',#8610,1.);
#8610 = DIRECTION('',(0.,0.,1.));
#8611 = ORIENTED_EDGE('',*,*,#8612,.F.);
#8612 = EDGE_CURVE('',#8574,#8605,#8613,.T.);
#8613 = LINE('',#8614,#8615);
#8614 = CARTESIAN_POINT('',(139.,-110.3,1.6));
#8615 = VECTOR('',#8616,1.);
#8616 = DIRECTION('',(0.,1.,0.));
#8617 = PLANE('',#8618);
#8618 = AXIS2_PLACEMENT_3D('',#8619,#8620,#8621);
#8619 = CARTESIAN_POINT('',(139.,-110.3,1.6));
#8620 = DIRECTION('',(-1.,0.,0.));
#8621 = DIRECTION('',(0.,1.,0.));
#8622 = ADVANCED_FACE('',(#8623),#8648,.T.);
#8623 = FACE_BOUND('',#8624,.T.);
#8624 = EDGE_LOOP('',(#8625,#8626,#8634,#8642));
#8625 = ORIENTED_EDGE('',*,*,#8604,.T.);
#8626 = ORIENTED_EDGE('',*,*,#8627,.T.);
#8627 = EDGE_CURVE('',#8597,#8628,#8630,.T.);
#8628 = VERTEX_POINT('',#8629);
#8629 = CARTESIAN_POINT('',(140.,-109.1,1.635));
#8630 = LINE('',#8631,#8632);
#8631 = CARTESIAN_POINT('',(139.,-109.1,1.635));
#8632 = VECTOR('',#8633,1.);
#8633 = DIRECTION('',(1.,0.,0.));
#8634 = ORIENTED_EDGE('',*,*,#8635,.F.);
#8635 = EDGE_CURVE('',#8636,#8628,#8638,.T.);
#8636 = VERTEX_POINT('',#8637);
#8637 = CARTESIAN_POINT('',(140.,-109.1,1.6));
#8638 = LINE('',#8639,#8640);
#8639 = CARTESIAN_POINT('',(140.,-109.1,1.6));
#8640 = VECTOR('',#8641,1.);
#8641 = DIRECTION('',(0.,0.,1.));
#8642 = ORIENTED_EDGE('',*,*,#8643,.F.);
#8643 = EDGE_CURVE('',#8605,#8636,#8644,.T.);
#8644 = LINE('',#8645,#8646);
#8645 = CARTESIAN_POINT('',(139.,-109.1,1.6));
#8646 = VECTOR('',#8647,1.);
#8647 = DIRECTION('',(1.,0.,0.));
#8648 = PLANE('',#8649);
#8649 = AXIS2_PLACEMENT_3D('',#8650,#8651,#8652);
#8650 = CARTESIAN_POINT('',(139.,-109.1,1.6));
#8651 = DIRECTION('',(0.,1.,0.));
#8652 = DIRECTION('',(1.,0.,0.));
#8653 = ADVANCED_FACE('',(#8654),#8670,.T.);
#8654 = FACE_BOUND('',#8655,.T.);
#8655 = EDGE_LOOP('',(#8656,#8657,#8663,#8664));
#8656 = ORIENTED_EDGE('',*,*,#8635,.T.);
#8657 = ORIENTED_EDGE('',*,*,#8658,.T.);
#8658 = EDGE_CURVE('',#8628,#8558,#8659,.T.);
#8659 = LINE('',#8660,#8661);
#8660 = CARTESIAN_POINT('',(140.,-109.1,1.635));
#8661 = VECTOR('',#8662,1.);
#8662 = DIRECTION('',(0.,-1.,0.));
#8663 = ORIENTED_EDGE('',*,*,#8555,.F.);
#8664 = ORIENTED_EDGE('',*,*,#8665,.F.);
#8665 = EDGE_CURVE('',#8636,#8556,#8666,.T.);
#8666 = LINE('',#8667,#8668);
#8667 = CARTESIAN_POINT('',(140.,-109.1,1.6));
#8668 = VECTOR('',#8669,1.);
#8669 = DIRECTION('',(0.,-1.,0.));
#8670 = PLANE('',#8671);
#8671 = AXIS2_PLACEMENT_3D('',#8672,#8673,#8674);
#8672 = CARTESIAN_POINT('',(140.,-109.1,1.6));
#8673 = DIRECTION('',(1.,0.,-0.));
#8674 = DIRECTION('',(0.,-1.,0.));
#8675 = ADVANCED_FACE('',(#8676),#8682,.T.);
#8676 = FACE_BOUND('',#8677,.T.);
#8677 = EDGE_LOOP('',(#8678,#8679,#8680,#8681));
#8678 = ORIENTED_EDGE('',*,*,#8581,.T.);
#8679 = ORIENTED_EDGE('',*,*,#8612,.T.);
#8680 = ORIENTED_EDGE('',*,*,#8643,.T.);
#8681 = ORIENTED_EDGE('',*,*,#8665,.T.);
#8682 = PLANE('',#8683);
#8683 = AXIS2_PLACEMENT_3D('',#8684,#8685,#8686);
#8684 = CARTESIAN_POINT('',(139.5,-109.7,1.6));
#8685 = DIRECTION('',(-0.,-0.,-1.));
#8686 = DIRECTION('',(-1.,0.,0.));
#8687 = ADVANCED_FACE('',(#8688),#8694,.F.);
#8688 = FACE_BOUND('',#8689,.F.);
#8689 = EDGE_LOOP('',(#8690,#8691,#8692,#8693));
#8690 = ORIENTED_EDGE('',*,*,#8565,.T.);
#8691 = ORIENTED_EDGE('',*,*,#8596,.T.);
#8692 = ORIENTED_EDGE('',*,*,#8627,.T.);
#8693 = ORIENTED_EDGE('',*,*,#8658,.T.);
#8694 = PLANE('',#8695);
#8695 = AXIS2_PLACEMENT_3D('',#8696,#8697,#8698);
#8696 = CARTESIAN_POINT('',(139.5,-109.7,1.635));
#8697 = DIRECTION('',(-0.,-0.,-1.));
#8698 = DIRECTION('',(-1.,0.,0.));
#8699 = ( GEOMETRIC_REPRESENTATION_CONTEXT(3) 
GLOBAL_UNCERTAINTY_ASSIGNED_CONTEXT((#8703)) 
GLOBAL_UNIT_ASSIGNED_CONTEXT((#8700,#8701,#8702)) REPRESENTATION_CONTEXT
('Context #1','3D Context with UNIT and UNCERTAINTY') );
#8700 = ( LENGTH_UNIT() NAMED_UNIT(*) SI_UNIT(.MILLI.,.METRE.) );
#8701 = ( NAMED_UNIT(*) PLANE_ANGLE_UNIT() SI_UNIT($,.RADIAN.) );
#8702 = ( NAMED_UNIT(*) SI_UNIT($,.STERADIAN.) SOLID_ANGLE_UNIT() );
#8703 = UNCERTAINTY_MEASURE_WITH_UNIT(LENGTH_MEASURE(1.E-07),#8700,
  'distance_accuracy_value','confusion accuracy');
#8704 = CONTEXT_DEPENDENT_SHAPE_REPRESENTATION(#8705,#8707);
#8705 = ( REPRESENTATION_RELATIONSHIP('','',#8548,#10) 
REPRESENTATION_RELATIONSHIP_WITH_TRANSFORMATION(#8706) 
SHAPE_REPRESENTATION_RELATIONSHIP() );
#8706 = ITEM_DEFINED_TRANSFORMATION('','',#11,#207);
#8707 = PRODUCT_DEFINITION_SHAPE('Placement','Placement of an item',
  #8708);
#8708 = NEXT_ASSEMBLY_USAGE_OCCURRENCE('49','=>[0:1:1:50]','',#5,#8543,$
  );
#8709 = PRODUCT_RELATED_PRODUCT_CATEGORY('part',$,(#8545));
#8710 = SHAPE_DEFINITION_REPRESENTATION(#8711,#8717);
#8711 = PRODUCT_DEFINITION_SHAPE('','',#8712);
#8712 = PRODUCT_DEFINITION('design','',#8713,#8716);
#8713 = PRODUCT_DEFINITION_FORMATION('','',#8714);
#8714 = PRODUCT('_autosave-connection pcb_pad_10',
  '_autosave-connection pcb_pad_10','',(#8715));
#8715 = PRODUCT_CONTEXT('',#2,'mechanical');
#8716 = PRODUCT_DEFINITION_CONTEXT('part definition',#2,'design');
#8717 = ADVANCED_BREP_SHAPE_REPRESENTATION('',(#11,#8718),#8868);
#8718 = MANIFOLD_SOLID_BREP('',#8719);
#8719 = CLOSED_SHELL('',(#8720,#8760,#8791,#8822,#8844,#8856));
#8720 = ADVANCED_FACE('',(#8721),#8755,.T.);
#8721 = FACE_BOUND('',#8722,.T.);
#8722 = EDGE_LOOP('',(#8723,#8733,#8741,#8749));
#8723 = ORIENTED_EDGE('',*,*,#8724,.T.);
#8724 = EDGE_CURVE('',#8725,#8727,#8729,.T.);
#8725 = VERTEX_POINT('',#8726);
#8726 = CARTESIAN_POINT('',(138.3,-101.9,1.6));
#8727 = VERTEX_POINT('',#8728);
#8728 = CARTESIAN_POINT('',(138.3,-101.9,1.635));
#8729 = LINE('',#8730,#8731);
#8730 = CARTESIAN_POINT('',(138.3,-101.9,1.6));
#8731 = VECTOR('',#8732,1.);
#8732 = DIRECTION('',(0.,0.,1.));
#8733 = ORIENTED_EDGE('',*,*,#8734,.T.);
#8734 = EDGE_CURVE('',#8727,#8735,#8737,.T.);
#8735 = VERTEX_POINT('',#8736);
#8736 = CARTESIAN_POINT('',(137.1,-101.9,1.635));
#8737 = LINE('',#8738,#8739);
#8738 = CARTESIAN_POINT('',(138.3,-101.9,1.635));
#8739 = VECTOR('',#8740,1.);
#8740 = DIRECTION('',(-1.,0.,0.));
#8741 = ORIENTED_EDGE('',*,*,#8742,.F.);
#8742 = EDGE_CURVE('',#8743,#8735,#8745,.T.);
#8743 = VERTEX_POINT('',#8744);
#8744 = CARTESIAN_POINT('',(137.1,-101.9,1.6));
#8745 = LINE('',#8746,#8747);
#8746 = CARTESIAN_POINT('',(137.1,-101.9,1.6));
#8747 = VECTOR('',#8748,1.);
#8748 = DIRECTION('',(0.,0.,1.));
#8749 = ORIENTED_EDGE('',*,*,#8750,.F.);
#8750 = EDGE_CURVE('',#8725,#8743,#8751,.T.);
#8751 = LINE('',#8752,#8753);
#8752 = CARTESIAN_POINT('',(138.3,-101.9,1.6));
#8753 = VECTOR('',#8754,1.);
#8754 = DIRECTION('',(-1.,0.,0.));
#8755 = PLANE('',#8756);
#8756 = AXIS2_PLACEMENT_3D('',#8757,#8758,#8759);
#8757 = CARTESIAN_POINT('',(138.3,-101.9,1.6));
#8758 = DIRECTION('',(0.,-1.,0.));
#8759 = DIRECTION('',(-1.,0.,0.));
#8760 = ADVANCED_FACE('',(#8761),#8786,.T.);
#8761 = FACE_BOUND('',#8762,.T.);
#8762 = EDGE_LOOP('',(#8763,#8764,#8772,#8780));
#8763 = ORIENTED_EDGE('',*,*,#8742,.T.);
#8764 = ORIENTED_EDGE('',*,*,#8765,.T.);
#8765 = EDGE_CURVE('',#8735,#8766,#8768,.T.);
#8766 = VERTEX_POINT('',#8767);
#8767 = CARTESIAN_POINT('',(137.1,-100.9,1.635));
#8768 = LINE('',#8769,#8770);
#8769 = CARTESIAN_POINT('',(137.1,-101.9,1.635));
#8770 = VECTOR('',#8771,1.);
#8771 = DIRECTION('',(0.,1.,0.));
#8772 = ORIENTED_EDGE('',*,*,#8773,.F.);
#8773 = EDGE_CURVE('',#8774,#8766,#8776,.T.);
#8774 = VERTEX_POINT('',#8775);
#8775 = CARTESIAN_POINT('',(137.1,-100.9,1.6));
#8776 = LINE('',#8777,#8778);
#8777 = CARTESIAN_POINT('',(137.1,-100.9,1.6));
#8778 = VECTOR('',#8779,1.);
#8779 = DIRECTION('',(0.,0.,1.));
#8780 = ORIENTED_EDGE('',*,*,#8781,.F.);
#8781 = EDGE_CURVE('',#8743,#8774,#8782,.T.);
#8782 = LINE('',#8783,#8784);
#8783 = CARTESIAN_POINT('',(137.1,-101.9,1.6));
#8784 = VECTOR('',#8785,1.);
#8785 = DIRECTION('',(0.,1.,0.));
#8786 = PLANE('',#8787);
#8787 = AXIS2_PLACEMENT_3D('',#8788,#8789,#8790);
#8788 = CARTESIAN_POINT('',(137.1,-101.9,1.6));
#8789 = DIRECTION('',(-1.,0.,0.));
#8790 = DIRECTION('',(0.,1.,0.));
#8791 = ADVANCED_FACE('',(#8792),#8817,.T.);
#8792 = FACE_BOUND('',#8793,.T.);
#8793 = EDGE_LOOP('',(#8794,#8795,#8803,#8811));
#8794 = ORIENTED_EDGE('',*,*,#8773,.T.);
#8795 = ORIENTED_EDGE('',*,*,#8796,.T.);
#8796 = EDGE_CURVE('',#8766,#8797,#8799,.T.);
#8797 = VERTEX_POINT('',#8798);
#8798 = CARTESIAN_POINT('',(138.3,-100.9,1.635));
#8799 = LINE('',#8800,#8801);
#8800 = CARTESIAN_POINT('',(137.1,-100.9,1.635));
#8801 = VECTOR('',#8802,1.);
#8802 = DIRECTION('',(1.,0.,0.));
#8803 = ORIENTED_EDGE('',*,*,#8804,.F.);
#8804 = EDGE_CURVE('',#8805,#8797,#8807,.T.);
#8805 = VERTEX_POINT('',#8806);
#8806 = CARTESIAN_POINT('',(138.3,-100.9,1.6));
#8807 = LINE('',#8808,#8809);
#8808 = CARTESIAN_POINT('',(138.3,-100.9,1.6));
#8809 = VECTOR('',#8810,1.);
#8810 = DIRECTION('',(0.,0.,1.));
#8811 = ORIENTED_EDGE('',*,*,#8812,.F.);
#8812 = EDGE_CURVE('',#8774,#8805,#8813,.T.);
#8813 = LINE('',#8814,#8815);
#8814 = CARTESIAN_POINT('',(137.1,-100.9,1.6));
#8815 = VECTOR('',#8816,1.);
#8816 = DIRECTION('',(1.,0.,0.));
#8817 = PLANE('',#8818);
#8818 = AXIS2_PLACEMENT_3D('',#8819,#8820,#8821);
#8819 = CARTESIAN_POINT('',(137.1,-100.9,1.6));
#8820 = DIRECTION('',(0.,1.,0.));
#8821 = DIRECTION('',(1.,0.,0.));
#8822 = ADVANCED_FACE('',(#8823),#8839,.T.);
#8823 = FACE_BOUND('',#8824,.T.);
#8824 = EDGE_LOOP('',(#8825,#8826,#8832,#8833));
#8825 = ORIENTED_EDGE('',*,*,#8804,.T.);
#8826 = ORIENTED_EDGE('',*,*,#8827,.T.);
#8827 = EDGE_CURVE('',#8797,#8727,#8828,.T.);
#8828 = LINE('',#8829,#8830);
#8829 = CARTESIAN_POINT('',(138.3,-100.9,1.635));
#8830 = VECTOR('',#8831,1.);
#8831 = DIRECTION('',(0.,-1.,0.));
#8832 = ORIENTED_EDGE('',*,*,#8724,.F.);
#8833 = ORIENTED_EDGE('',*,*,#8834,.F.);
#8834 = EDGE_CURVE('',#8805,#8725,#8835,.T.);
#8835 = LINE('',#8836,#8837);
#8836 = CARTESIAN_POINT('',(138.3,-100.9,1.6));
#8837 = VECTOR('',#8838,1.);
#8838 = DIRECTION('',(0.,-1.,0.));
#8839 = PLANE('',#8840);
#8840 = AXIS2_PLACEMENT_3D('',#8841,#8842,#8843);
#8841 = CARTESIAN_POINT('',(138.3,-100.9,1.6));
#8842 = DIRECTION('',(1.,0.,-0.));
#8843 = DIRECTION('',(0.,-1.,0.));
#8844 = ADVANCED_FACE('',(#8845),#8851,.T.);
#8845 = FACE_BOUND('',#8846,.T.);
#8846 = EDGE_LOOP('',(#8847,#8848,#8849,#8850));
#8847 = ORIENTED_EDGE('',*,*,#8750,.T.);
#8848 = ORIENTED_EDGE('',*,*,#8781,.T.);
#8849 = ORIENTED_EDGE('',*,*,#8812,.T.);
#8850 = ORIENTED_EDGE('',*,*,#8834,.T.);
#8851 = PLANE('',#8852);
#8852 = AXIS2_PLACEMENT_3D('',#8853,#8854,#8855);
#8853 = CARTESIAN_POINT('',(137.7,-101.4,1.6));
#8854 = DIRECTION('',(-0.,-0.,-1.));
#8855 = DIRECTION('',(-1.,0.,0.));
#8856 = ADVANCED_FACE('',(#8857),#8863,.F.);
#8857 = FACE_BOUND('',#8858,.F.);
#8858 = EDGE_LOOP('',(#8859,#8860,#8861,#8862));
#8859 = ORIENTED_EDGE('',*,*,#8734,.T.);
#8860 = ORIENTED_EDGE('',*,*,#8765,.T.);
#8861 = ORIENTED_EDGE('',*,*,#8796,.T.);
#8862 = ORIENTED_EDGE('',*,*,#8827,.T.);
#8863 = PLANE('',#8864);
#8864 = AXIS2_PLACEMENT_3D('',#8865,#8866,#8867);
#8865 = CARTESIAN_POINT('',(137.7,-101.4,1.635));
#8866 = DIRECTION('',(-0.,-0.,-1.));
#8867 = DIRECTION('',(-1.,0.,0.));
#8868 = ( GEOMETRIC_REPRESENTATION_CONTEXT(3) 
GLOBAL_UNCERTAINTY_ASSIGNED_CONTEXT((#8872)) 
GLOBAL_UNIT_ASSIGNED_CONTEXT((#8869,#8870,#8871)) REPRESENTATION_CONTEXT
('Context #1','3D Context with UNIT and UNCERTAINTY') );
#8869 = ( LENGTH_UNIT() NAMED_UNIT(*) SI_UNIT(.MILLI.,.METRE.) );
#8870 = ( NAMED_UNIT(*) PLANE_ANGLE_UNIT() SI_UNIT($,.RADIAN.) );
#8871 = ( NAMED_UNIT(*) SI_UNIT($,.STERADIAN.) SOLID_ANGLE_UNIT() );
#8872 = UNCERTAINTY_MEASURE_WITH_UNIT(LENGTH_MEASURE(1.E-07),#8869,
  'distance_accuracy_value','confusion accuracy');
#8873 = CONTEXT_DEPENDENT_SHAPE_REPRESENTATION(#8874,#8876);
#8874 = ( REPRESENTATION_RELATIONSHIP('','',#8717,#10) 
REPRESENTATION_RELATIONSHIP_WITH_TRANSFORMATION(#8875) 
SHAPE_REPRESENTATION_RELATIONSHIP() );
#8875 = ITEM_DEFINED_TRANSFORMATION('','',#11,#211);
#8876 = PRODUCT_DEFINITION_SHAPE('Placement','Placement of an item',
  #8877);
#8877 = NEXT_ASSEMBLY_USAGE_OCCURRENCE('50','=>[0:1:1:51]','',#5,#8712,$
  );
#8878 = PRODUCT_RELATED_PRODUCT_CATEGORY('part',$,(#8714));
#8879 = SHAPE_DEFINITION_REPRESENTATION(#8880,#8886);
#8880 = PRODUCT_DEFINITION_SHAPE('','',#8881);
#8881 = PRODUCT_DEFINITION('design','',#8882,#8885);
#8882 = PRODUCT_DEFINITION_FORMATION('','',#8883);
#8883 = PRODUCT('_autosave-connection pcb_pad_11',
  '_autosave-connection pcb_pad_11','',(#8884));
#8884 = PRODUCT_CONTEXT('',#2,'mechanical');
#8885 = PRODUCT_DEFINITION_CONTEXT('part definition',#2,'design');
#8886 = ADVANCED_BREP_SHAPE_REPRESENTATION('',(#11,#8887),#9037);
#8887 = MANIFOLD_SOLID_BREP('',#8888);
#8888 = CLOSED_SHELL('',(#8889,#8929,#8960,#8991,#9013,#9025));
#8889 = ADVANCED_FACE('',(#8890),#8924,.T.);
#8890 = FACE_BOUND('',#8891,.T.);
#8891 = EDGE_LOOP('',(#8892,#8902,#8910,#8918));
#8892 = ORIENTED_EDGE('',*,*,#8893,.T.);
#8893 = EDGE_CURVE('',#8894,#8896,#8898,.T.);
#8894 = VERTEX_POINT('',#8895);
#8895 = CARTESIAN_POINT('',(142.5,-110.3,1.6));
#8896 = VERTEX_POINT('',#8897);
#8897 = CARTESIAN_POINT('',(142.5,-110.3,1.635));
#8898 = LINE('',#8899,#8900);
#8899 = CARTESIAN_POINT('',(142.5,-110.3,1.6));
#8900 = VECTOR('',#8901,1.);
#8901 = DIRECTION('',(0.,0.,1.));
#8902 = ORIENTED_EDGE('',*,*,#8903,.T.);
#8903 = EDGE_CURVE('',#8896,#8904,#8906,.T.);
#8904 = VERTEX_POINT('',#8905);
#8905 = CARTESIAN_POINT('',(141.5,-110.3,1.635));
#8906 = LINE('',#8907,#8908);
#8907 = CARTESIAN_POINT('',(142.5,-110.3,1.635));
#8908 = VECTOR('',#8909,1.);
#8909 = DIRECTION('',(-1.,0.,0.));
#8910 = ORIENTED_EDGE('',*,*,#8911,.F.);
#8911 = EDGE_CURVE('',#8912,#8904,#8914,.T.);
#8912 = VERTEX_POINT('',#8913);
#8913 = CARTESIAN_POINT('',(141.5,-110.3,1.6));
#8914 = LINE('',#8915,#8916);
#8915 = CARTESIAN_POINT('',(141.5,-110.3,1.6));
#8916 = VECTOR('',#8917,1.);
#8917 = DIRECTION('',(0.,0.,1.));
#8918 = ORIENTED_EDGE('',*,*,#8919,.F.);
#8919 = EDGE_CURVE('',#8894,#8912,#8920,.T.);
#8920 = LINE('',#8921,#8922);
#8921 = CARTESIAN_POINT('',(142.5,-110.3,1.6));
#8922 = VECTOR('',#8923,1.);
#8923 = DIRECTION('',(-1.,0.,0.));
#8924 = PLANE('',#8925);
#8925 = AXIS2_PLACEMENT_3D('',#8926,#8927,#8928);
#8926 = CARTESIAN_POINT('',(142.5,-110.3,1.6));
#8927 = DIRECTION('',(0.,-1.,0.));
#8928 = DIRECTION('',(-1.,0.,0.));
#8929 = ADVANCED_FACE('',(#8930),#8955,.T.);
#8930 = FACE_BOUND('',#8931,.T.);
#8931 = EDGE_LOOP('',(#8932,#8933,#8941,#8949));
#8932 = ORIENTED_EDGE('',*,*,#8911,.T.);
#8933 = ORIENTED_EDGE('',*,*,#8934,.T.);
#8934 = EDGE_CURVE('',#8904,#8935,#8937,.T.);
#8935 = VERTEX_POINT('',#8936);
#8936 = CARTESIAN_POINT('',(141.5,-109.1,1.635));
#8937 = LINE('',#8938,#8939);
#8938 = CARTESIAN_POINT('',(141.5,-110.3,1.635));
#8939 = VECTOR('',#8940,1.);
#8940 = DIRECTION('',(0.,1.,0.));
#8941 = ORIENTED_EDGE('',*,*,#8942,.F.);
#8942 = EDGE_CURVE('',#8943,#8935,#8945,.T.);
#8943 = VERTEX_POINT('',#8944);
#8944 = CARTESIAN_POINT('',(141.5,-109.1,1.6));
#8945 = LINE('',#8946,#8947);
#8946 = CARTESIAN_POINT('',(141.5,-109.1,1.6));
#8947 = VECTOR('',#8948,1.);
#8948 = DIRECTION('',(0.,0.,1.));
#8949 = ORIENTED_EDGE('',*,*,#8950,.F.);
#8950 = EDGE_CURVE('',#8912,#8943,#8951,.T.);
#8951 = LINE('',#8952,#8953);
#8952 = CARTESIAN_POINT('',(141.5,-110.3,1.6));
#8953 = VECTOR('',#8954,1.);
#8954 = DIRECTION('',(0.,1.,0.));
#8955 = PLANE('',#8956);
#8956 = AXIS2_PLACEMENT_3D('',#8957,#8958,#8959);
#8957 = CARTESIAN_POINT('',(141.5,-110.3,1.6));
#8958 = DIRECTION('',(-1.,0.,0.));
#8959 = DIRECTION('',(0.,1.,0.));
#8960 = ADVANCED_FACE('',(#8961),#8986,.T.);
#8961 = FACE_BOUND('',#8962,.T.);
#8962 = EDGE_LOOP('',(#8963,#8964,#8972,#8980));
#8963 = ORIENTED_EDGE('',*,*,#8942,.T.);
#8964 = ORIENTED_EDGE('',*,*,#8965,.T.);
#8965 = EDGE_CURVE('',#8935,#8966,#8968,.T.);
#8966 = VERTEX_POINT('',#8967);
#8967 = CARTESIAN_POINT('',(142.5,-109.1,1.635));
#8968 = LINE('',#8969,#8970);
#8969 = CARTESIAN_POINT('',(141.5,-109.1,1.635));
#8970 = VECTOR('',#8971,1.);
#8971 = DIRECTION('',(1.,0.,0.));
#8972 = ORIENTED_EDGE('',*,*,#8973,.F.);
#8973 = EDGE_CURVE('',#8974,#8966,#8976,.T.);
#8974 = VERTEX_POINT('',#8975);
#8975 = CARTESIAN_POINT('',(142.5,-109.1,1.6));
#8976 = LINE('',#8977,#8978);
#8977 = CARTESIAN_POINT('',(142.5,-109.1,1.6));
#8978 = VECTOR('',#8979,1.);
#8979 = DIRECTION('',(0.,0.,1.));
#8980 = ORIENTED_EDGE('',*,*,#8981,.F.);
#8981 = EDGE_CURVE('',#8943,#8974,#8982,.T.);
#8982 = LINE('',#8983,#8984);
#8983 = CARTESIAN_POINT('',(141.5,-109.1,1.6));
#8984 = VECTOR('',#8985,1.);
#8985 = DIRECTION('',(1.,0.,0.));
#8986 = PLANE('',#8987);
#8987 = AXIS2_PLACEMENT_3D('',#8988,#8989,#8990);
#8988 = CARTESIAN_POINT('',(141.5,-109.1,1.6));
#8989 = DIRECTION('',(0.,1.,0.));
#8990 = DIRECTION('',(1.,0.,0.));
#8991 = ADVANCED_FACE('',(#8992),#9008,.T.);
#8992 = FACE_BOUND('',#8993,.T.);
#8993 = EDGE_LOOP('',(#8994,#8995,#9001,#9002));
#8994 = ORIENTED_EDGE('',*,*,#8973,.T.);
#8995 = ORIENTED_EDGE('',*,*,#8996,.T.);
#8996 = EDGE_CURVE('',#8966,#8896,#8997,.T.);
#8997 = LINE('',#8998,#8999);
#8998 = CARTESIAN_POINT('',(142.5,-109.1,1.635));
#8999 = VECTOR('',#9000,1.);
#9000 = DIRECTION('',(0.,-1.,0.));
#9001 = ORIENTED_EDGE('',*,*,#8893,.F.);
#9002 = ORIENTED_EDGE('',*,*,#9003,.F.);
#9003 = EDGE_CURVE('',#8974,#8894,#9004,.T.);
#9004 = LINE('',#9005,#9006);
#9005 = CARTESIAN_POINT('',(142.5,-109.1,1.6));
#9006 = VECTOR('',#9007,1.);
#9007 = DIRECTION('',(0.,-1.,0.));
#9008 = PLANE('',#9009);
#9009 = AXIS2_PLACEMENT_3D('',#9010,#9011,#9012);
#9010 = CARTESIAN_POINT('',(142.5,-109.1,1.6));
#9011 = DIRECTION('',(1.,0.,-0.));
#9012 = DIRECTION('',(0.,-1.,0.));
#9013 = ADVANCED_FACE('',(#9014),#9020,.T.);
#9014 = FACE_BOUND('',#9015,.T.);
#9015 = EDGE_LOOP('',(#9016,#9017,#9018,#9019));
#9016 = ORIENTED_EDGE('',*,*,#8919,.T.);
#9017 = ORIENTED_EDGE('',*,*,#8950,.T.);
#9018 = ORIENTED_EDGE('',*,*,#8981,.T.);
#9019 = ORIENTED_EDGE('',*,*,#9003,.T.);
#9020 = PLANE('',#9021);
#9021 = AXIS2_PLACEMENT_3D('',#9022,#9023,#9024);
#9022 = CARTESIAN_POINT('',(142.,-109.7,1.6));
#9023 = DIRECTION('',(-0.,-0.,-1.));
#9024 = DIRECTION('',(-1.,0.,0.));
#9025 = ADVANCED_FACE('',(#9026),#9032,.F.);
#9026 = FACE_BOUND('',#9027,.F.);
#9027 = EDGE_LOOP('',(#9028,#9029,#9030,#9031));
#9028 = ORIENTED_EDGE('',*,*,#8903,.T.);
#9029 = ORIENTED_EDGE('',*,*,#8934,.T.);
#9030 = ORIENTED_EDGE('',*,*,#8965,.T.);
#9031 = ORIENTED_EDGE('',*,*,#8996,.T.);
#9032 = PLANE('',#9033);
#9033 = AXIS2_PLACEMENT_3D('',#9034,#9035,#9036);
#9034 = CARTESIAN_POINT('',(142.,-109.7,1.635));
#9035 = DIRECTION('',(-0.,-0.,-1.));
#9036 = DIRECTION('',(-1.,0.,0.));
#9037 = ( GEOMETRIC_REPRESENTATION_CONTEXT(3) 
GLOBAL_UNCERTAINTY_ASSIGNED_CONTEXT((#9041)) 
GLOBAL_UNIT_ASSIGNED_CONTEXT((#9038,#9039,#9040)) REPRESENTATION_CONTEXT
('Context #1','3D Context with UNIT and UNCERTAINTY') );
#9038 = ( LENGTH_UNIT() NAMED_UNIT(*) SI_UNIT(.MILLI.,.METRE.) );
#9039 = ( NAMED_UNIT(*) PLANE_ANGLE_UNIT() SI_UNIT($,.RADIAN.) );
#9040 = ( NAMED_UNIT(*) SI_UNIT($,.STERADIAN.) SOLID_ANGLE_UNIT() );
#9041 = UNCERTAINTY_MEASURE_WITH_UNIT(LENGTH_MEASURE(1.E-07),#9038,
  'distance_accuracy_value','confusion accuracy');
#9042 = CONTEXT_DEPENDENT_SHAPE_REPRESENTATION(#9043,#9045);
#9043 = ( REPRESENTATION_RELATIONSHIP('','',#8886,#10) 
REPRESENTATION_RELATIONSHIP_WITH_TRANSFORMATION(#9044) 
SHAPE_REPRESENTATION_RELATIONSHIP() );
#9044 = ITEM_DEFINED_TRANSFORMATION('','',#11,#215);
#9045 = PRODUCT_DEFINITION_SHAPE('Placement','Placement of an item',
  #9046);
#9046 = NEXT_ASSEMBLY_USAGE_OCCURRENCE('51','=>[0:1:1:52]','',#5,#8881,$
  );
#9047 = PRODUCT_RELATED_PRODUCT_CATEGORY('part',$,(#8883));
#9048 = SHAPE_DEFINITION_REPRESENTATION(#9049,#9055);
#9049 = PRODUCT_DEFINITION_SHAPE('','',#9050);
#9050 = PRODUCT_DEFINITION('design','',#9051,#9054);
#9051 = PRODUCT_DEFINITION_FORMATION('','',#9052);
#9052 = PRODUCT('_autosave-connection pcb_pad_12',
  '_autosave-connection pcb_pad_12','',(#9053));
#9053 = PRODUCT_CONTEXT('',#2,'mechanical');
#9054 = PRODUCT_DEFINITION_CONTEXT('part definition',#2,'design');
#9055 = ADVANCED_BREP_SHAPE_REPRESENTATION('',(#11,#9056),#9206);
#9056 = MANIFOLD_SOLID_BREP('',#9057);
#9057 = CLOSED_SHELL('',(#9058,#9098,#9129,#9160,#9182,#9194));
#9058 = ADVANCED_FACE('',(#9059),#9093,.T.);
#9059 = FACE_BOUND('',#9060,.T.);
#9060 = EDGE_LOOP('',(#9061,#9071,#9079,#9087));
#9061 = ORIENTED_EDGE('',*,*,#9062,.T.);
#9062 = EDGE_CURVE('',#9063,#9065,#9067,.T.);
#9063 = VERTEX_POINT('',#9064);
#9064 = CARTESIAN_POINT('',(138.7,-106.7,1.6));
#9065 = VERTEX_POINT('',#9066);
#9066 = CARTESIAN_POINT('',(138.7,-106.7,1.635));
#9067 = LINE('',#9068,#9069);
#9068 = CARTESIAN_POINT('',(138.7,-106.7,1.6));
#9069 = VECTOR('',#9070,1.);
#9070 = DIRECTION('',(0.,0.,1.));
#9071 = ORIENTED_EDGE('',*,*,#9072,.T.);
#9072 = EDGE_CURVE('',#9065,#9073,#9075,.T.);
#9073 = VERTEX_POINT('',#9074);
#9074 = CARTESIAN_POINT('',(137.7,-106.7,1.635));
#9075 = LINE('',#9076,#9077);
#9076 = CARTESIAN_POINT('',(138.7,-106.7,1.635));
#9077 = VECTOR('',#9078,1.);
#9078 = DIRECTION('',(-1.,0.,0.));
#9079 = ORIENTED_EDGE('',*,*,#9080,.F.);
#9080 = EDGE_CURVE('',#9081,#9073,#9083,.T.);
#9081 = VERTEX_POINT('',#9082);
#9082 = CARTESIAN_POINT('',(137.7,-106.7,1.6));
#9083 = LINE('',#9084,#9085);
#9084 = CARTESIAN_POINT('',(137.7,-106.7,1.6));
#9085 = VECTOR('',#9086,1.);
#9086 = DIRECTION('',(0.,0.,1.));
#9087 = ORIENTED_EDGE('',*,*,#9088,.F.);
#9088 = EDGE_CURVE('',#9063,#9081,#9089,.T.);
#9089 = LINE('',#9090,#9091);
#9090 = CARTESIAN_POINT('',(138.7,-106.7,1.6));
#9091 = VECTOR('',#9092,1.);
#9092 = DIRECTION('',(-1.,0.,0.));
#9093 = PLANE('',#9094);
#9094 = AXIS2_PLACEMENT_3D('',#9095,#9096,#9097);
#9095 = CARTESIAN_POINT('',(138.7,-106.7,1.6));
#9096 = DIRECTION('',(0.,-1.,0.));
#9097 = DIRECTION('',(-1.,0.,0.));
#9098 = ADVANCED_FACE('',(#9099),#9124,.T.);
#9099 = FACE_BOUND('',#9100,.T.);
#9100 = EDGE_LOOP('',(#9101,#9102,#9110,#9118));
#9101 = ORIENTED_EDGE('',*,*,#9080,.T.);
#9102 = ORIENTED_EDGE('',*,*,#9103,.T.);
#9103 = EDGE_CURVE('',#9073,#9104,#9106,.T.);
#9104 = VERTEX_POINT('',#9105);
#9105 = CARTESIAN_POINT('',(137.7,-105.5,1.635));
#9106 = LINE('',#9107,#9108);
#9107 = CARTESIAN_POINT('',(137.7,-106.7,1.635));
#9108 = VECTOR('',#9109,1.);
#9109 = DIRECTION('',(0.,1.,0.));
#9110 = ORIENTED_EDGE('',*,*,#9111,.F.);
#9111 = EDGE_CURVE('',#9112,#9104,#9114,.T.);
#9112 = VERTEX_POINT('',#9113);
#9113 = CARTESIAN_POINT('',(137.7,-105.5,1.6));
#9114 = LINE('',#9115,#9116);
#9115 = CARTESIAN_POINT('',(137.7,-105.5,1.6));
#9116 = VECTOR('',#9117,1.);
#9117 = DIRECTION('',(0.,0.,1.));
#9118 = ORIENTED_EDGE('',*,*,#9119,.F.);
#9119 = EDGE_CURVE('',#9081,#9112,#9120,.T.);
#9120 = LINE('',#9121,#9122);
#9121 = CARTESIAN_POINT('',(137.7,-106.7,1.6));
#9122 = VECTOR('',#9123,1.);
#9123 = DIRECTION('',(0.,1.,0.));
#9124 = PLANE('',#9125);
#9125 = AXIS2_PLACEMENT_3D('',#9126,#9127,#9128);
#9126 = CARTESIAN_POINT('',(137.7,-106.7,1.6));
#9127 = DIRECTION('',(-1.,0.,0.));
#9128 = DIRECTION('',(0.,1.,0.));
#9129 = ADVANCED_FACE('',(#9130),#9155,.T.);
#9130 = FACE_BOUND('',#9131,.T.);
#9131 = EDGE_LOOP('',(#9132,#9133,#9141,#9149));
#9132 = ORIENTED_EDGE('',*,*,#9111,.T.);
#9133 = ORIENTED_EDGE('',*,*,#9134,.T.);
#9134 = EDGE_CURVE('',#9104,#9135,#9137,.T.);
#9135 = VERTEX_POINT('',#9136);
#9136 = CARTESIAN_POINT('',(138.7,-105.5,1.635));
#9137 = LINE('',#9138,#9139);
#9138 = CARTESIAN_POINT('',(137.7,-105.5,1.635));
#9139 = VECTOR('',#9140,1.);
#9140 = DIRECTION('',(1.,0.,0.));
#9141 = ORIENTED_EDGE('',*,*,#9142,.F.);
#9142 = EDGE_CURVE('',#9143,#9135,#9145,.T.);
#9143 = VERTEX_POINT('',#9144);
#9144 = CARTESIAN_POINT('',(138.7,-105.5,1.6));
#9145 = LINE('',#9146,#9147);
#9146 = CARTESIAN_POINT('',(138.7,-105.5,1.6));
#9147 = VECTOR('',#9148,1.);
#9148 = DIRECTION('',(0.,0.,1.));
#9149 = ORIENTED_EDGE('',*,*,#9150,.F.);
#9150 = EDGE_CURVE('',#9112,#9143,#9151,.T.);
#9151 = LINE('',#9152,#9153);
#9152 = CARTESIAN_POINT('',(137.7,-105.5,1.6));
#9153 = VECTOR('',#9154,1.);
#9154 = DIRECTION('',(1.,0.,0.));
#9155 = PLANE('',#9156);
#9156 = AXIS2_PLACEMENT_3D('',#9157,#9158,#9159);
#9157 = CARTESIAN_POINT('',(137.7,-105.5,1.6));
#9158 = DIRECTION('',(0.,1.,0.));
#9159 = DIRECTION('',(1.,0.,0.));
#9160 = ADVANCED_FACE('',(#9161),#9177,.T.);
#9161 = FACE_BOUND('',#9162,.T.);
#9162 = EDGE_LOOP('',(#9163,#9164,#9170,#9171));
#9163 = ORIENTED_EDGE('',*,*,#9142,.T.);
#9164 = ORIENTED_EDGE('',*,*,#9165,.T.);
#9165 = EDGE_CURVE('',#9135,#9065,#9166,.T.);
#9166 = LINE('',#9167,#9168);
#9167 = CARTESIAN_POINT('',(138.7,-105.5,1.635));
#9168 = VECTOR('',#9169,1.);
#9169 = DIRECTION('',(0.,-1.,0.));
#9170 = ORIENTED_EDGE('',*,*,#9062,.F.);
#9171 = ORIENTED_EDGE('',*,*,#9172,.F.);
#9172 = EDGE_CURVE('',#9143,#9063,#9173,.T.);
#9173 = LINE('',#9174,#9175);
#9174 = CARTESIAN_POINT('',(138.7,-105.5,1.6));
#9175 = VECTOR('',#9176,1.);
#9176 = DIRECTION('',(0.,-1.,0.));
#9177 = PLANE('',#9178);
#9178 = AXIS2_PLACEMENT_3D('',#9179,#9180,#9181);
#9179 = CARTESIAN_POINT('',(138.7,-105.5,1.6));
#9180 = DIRECTION('',(1.,0.,-0.));
#9181 = DIRECTION('',(0.,-1.,0.));
#9182 = ADVANCED_FACE('',(#9183),#9189,.T.);
#9183 = FACE_BOUND('',#9184,.T.);
#9184 = EDGE_LOOP('',(#9185,#9186,#9187,#9188));
#9185 = ORIENTED_EDGE('',*,*,#9088,.T.);
#9186 = ORIENTED_EDGE('',*,*,#9119,.T.);
#9187 = ORIENTED_EDGE('',*,*,#9150,.T.);
#9188 = ORIENTED_EDGE('',*,*,#9172,.T.);
#9189 = PLANE('',#9190);
#9190 = AXIS2_PLACEMENT_3D('',#9191,#9192,#9193);
#9191 = CARTESIAN_POINT('',(138.2,-106.1,1.6));
#9192 = DIRECTION('',(-0.,-0.,-1.));
#9193 = DIRECTION('',(-1.,0.,0.));
#9194 = ADVANCED_FACE('',(#9195),#9201,.F.);
#9195 = FACE_BOUND('',#9196,.F.);
#9196 = EDGE_LOOP('',(#9197,#9198,#9199,#9200));
#9197 = ORIENTED_EDGE('',*,*,#9072,.T.);
#9198 = ORIENTED_EDGE('',*,*,#9103,.T.);
#9199 = ORIENTED_EDGE('',*,*,#9134,.T.);
#9200 = ORIENTED_EDGE('',*,*,#9165,.T.);
#9201 = PLANE('',#9202);
#9202 = AXIS2_PLACEMENT_3D('',#9203,#9204,#9205);
#9203 = CARTESIAN_POINT('',(138.2,-106.1,1.635));
#9204 = DIRECTION('',(-0.,-0.,-1.));
#9205 = DIRECTION('',(-1.,0.,0.));
#9206 = ( GEOMETRIC_REPRESENTATION_CONTEXT(3) 
GLOBAL_UNCERTAINTY_ASSIGNED_CONTEXT((#9210)) 
GLOBAL_UNIT_ASSIGNED_CONTEXT((#9207,#9208,#9209)) REPRESENTATION_CONTEXT
('Context #1','3D Context with UNIT and UNCERTAINTY') );
#9207 = ( LENGTH_UNIT() NAMED_UNIT(*) SI_UNIT(.MILLI.,.METRE.) );
#9208 = ( NAMED_UNIT(*) PLANE_ANGLE_UNIT() SI_UNIT($,.RADIAN.) );
#9209 = ( NAMED_UNIT(*) SI_UNIT($,.STERADIAN.) SOLID_ANGLE_UNIT() );
#9210 = UNCERTAINTY_MEASURE_WITH_UNIT(LENGTH_MEASURE(1.E-07),#9207,
  'distance_accuracy_value','confusion accuracy');
#9211 = CONTEXT_DEPENDENT_SHAPE_REPRESENTATION(#9212,#9214);
#9212 = ( REPRESENTATION_RELATIONSHIP('','',#9055,#10) 
REPRESENTATION_RELATIONSHIP_WITH_TRANSFORMATION(#9213) 
SHAPE_REPRESENTATION_RELATIONSHIP() );
#9213 = ITEM_DEFINED_TRANSFORMATION('','',#11,#219);
#9214 = PRODUCT_DEFINITION_SHAPE('Placement','Placement of an item',
  #9215);
#9215 = NEXT_ASSEMBLY_USAGE_OCCURRENCE('52','=>[0:1:1:53]','',#5,#9050,$
  );
#9216 = PRODUCT_RELATED_PRODUCT_CATEGORY('part',$,(#9052));
#9217 = SHAPE_DEFINITION_REPRESENTATION(#9218,#9224);
#9218 = PRODUCT_DEFINITION_SHAPE('','',#9219);
#9219 = PRODUCT_DEFINITION('design','',#9220,#9223);
#9220 = PRODUCT_DEFINITION_FORMATION('','',#9221);
#9221 = PRODUCT('_autosave-connection pcb_pad_13',
  '_autosave-connection pcb_pad_13','',(#9222));
#9222 = PRODUCT_CONTEXT('',#2,'mechanical');
#9223 = PRODUCT_DEFINITION_CONTEXT('part definition',#2,'design');
#9224 = ADVANCED_BREP_SHAPE_REPRESENTATION('',(#11,#9225),#9375);
#9225 = MANIFOLD_SOLID_BREP('',#9226);
#9226 = CLOSED_SHELL('',(#9227,#9267,#9298,#9329,#9351,#9363));
#9227 = ADVANCED_FACE('',(#9228),#9262,.T.);
#9228 = FACE_BOUND('',#9229,.T.);
#9229 = EDGE_LOOP('',(#9230,#9240,#9248,#9256));
#9230 = ORIENTED_EDGE('',*,*,#9231,.T.);
#9231 = EDGE_CURVE('',#9232,#9234,#9236,.T.);
#9232 = VERTEX_POINT('',#9233);
#9233 = CARTESIAN_POINT('',(145.,-110.3,1.6));
#9234 = VERTEX_POINT('',#9235);
#9235 = CARTESIAN_POINT('',(145.,-110.3,1.635));
#9236 = LINE('',#9237,#9238);
#9237 = CARTESIAN_POINT('',(145.,-110.3,1.6));
#9238 = VECTOR('',#9239,1.);
#9239 = DIRECTION('',(0.,0.,1.));
#9240 = ORIENTED_EDGE('',*,*,#9241,.T.);
#9241 = EDGE_CURVE('',#9234,#9242,#9244,.T.);
#9242 = VERTEX_POINT('',#9243);
#9243 = CARTESIAN_POINT('',(144.,-110.3,1.635));
#9244 = LINE('',#9245,#9246);
#9245 = CARTESIAN_POINT('',(145.,-110.3,1.635));
#9246 = VECTOR('',#9247,1.);
#9247 = DIRECTION('',(-1.,0.,0.));
#9248 = ORIENTED_EDGE('',*,*,#9249,.F.);
#9249 = EDGE_CURVE('',#9250,#9242,#9252,.T.);
#9250 = VERTEX_POINT('',#9251);
#9251 = CARTESIAN_POINT('',(144.,-110.3,1.6));
#9252 = LINE('',#9253,#9254);
#9253 = CARTESIAN_POINT('',(144.,-110.3,1.6));
#9254 = VECTOR('',#9255,1.);
#9255 = DIRECTION('',(0.,0.,1.));
#9256 = ORIENTED_EDGE('',*,*,#9257,.F.);
#9257 = EDGE_CURVE('',#9232,#9250,#9258,.T.);
#9258 = LINE('',#9259,#9260);
#9259 = CARTESIAN_POINT('',(145.,-110.3,1.6));
#9260 = VECTOR('',#9261,1.);
#9261 = DIRECTION('',(-1.,0.,0.));
#9262 = PLANE('',#9263);
#9263 = AXIS2_PLACEMENT_3D('',#9264,#9265,#9266);
#9264 = CARTESIAN_POINT('',(145.,-110.3,1.6));
#9265 = DIRECTION('',(0.,-1.,0.));
#9266 = DIRECTION('',(-1.,0.,0.));
#9267 = ADVANCED_FACE('',(#9268),#9293,.T.);
#9268 = FACE_BOUND('',#9269,.T.);
#9269 = EDGE_LOOP('',(#9270,#9271,#9279,#9287));
#9270 = ORIENTED_EDGE('',*,*,#9249,.T.);
#9271 = ORIENTED_EDGE('',*,*,#9272,.T.);
#9272 = EDGE_CURVE('',#9242,#9273,#9275,.T.);
#9273 = VERTEX_POINT('',#9274);
#9274 = CARTESIAN_POINT('',(144.,-109.1,1.635));
#9275 = LINE('',#9276,#9277);
#9276 = CARTESIAN_POINT('',(144.,-110.3,1.635));
#9277 = VECTOR('',#9278,1.);
#9278 = DIRECTION('',(0.,1.,0.));
#9279 = ORIENTED_EDGE('',*,*,#9280,.F.);
#9280 = EDGE_CURVE('',#9281,#9273,#9283,.T.);
#9281 = VERTEX_POINT('',#9282);
#9282 = CARTESIAN_POINT('',(144.,-109.1,1.6));
#9283 = LINE('',#9284,#9285);
#9284 = CARTESIAN_POINT('',(144.,-109.1,1.6));
#9285 = VECTOR('',#9286,1.);
#9286 = DIRECTION('',(0.,0.,1.));
#9287 = ORIENTED_EDGE('',*,*,#9288,.F.);
#9288 = EDGE_CURVE('',#9250,#9281,#9289,.T.);
#9289 = LINE('',#9290,#9291);
#9290 = CARTESIAN_POINT('',(144.,-110.3,1.6));
#9291 = VECTOR('',#9292,1.);
#9292 = DIRECTION('',(0.,1.,0.));
#9293 = PLANE('',#9294);
#9294 = AXIS2_PLACEMENT_3D('',#9295,#9296,#9297);
#9295 = CARTESIAN_POINT('',(144.,-110.3,1.6));
#9296 = DIRECTION('',(-1.,0.,0.));
#9297 = DIRECTION('',(0.,1.,0.));
#9298 = ADVANCED_FACE('',(#9299),#9324,.T.);
#9299 = FACE_BOUND('',#9300,.T.);
#9300 = EDGE_LOOP('',(#9301,#9302,#9310,#9318));
#9301 = ORIENTED_EDGE('',*,*,#9280,.T.);
#9302 = ORIENTED_EDGE('',*,*,#9303,.T.);
#9303 = EDGE_CURVE('',#9273,#9304,#9306,.T.);
#9304 = VERTEX_POINT('',#9305);
#9305 = CARTESIAN_POINT('',(145.,-109.1,1.635));
#9306 = LINE('',#9307,#9308);
#9307 = CARTESIAN_POINT('',(144.,-109.1,1.635));
#9308 = VECTOR('',#9309,1.);
#9309 = DIRECTION('',(1.,0.,0.));
#9310 = ORIENTED_EDGE('',*,*,#9311,.F.);
#9311 = EDGE_CURVE('',#9312,#9304,#9314,.T.);
#9312 = VERTEX_POINT('',#9313);
#9313 = CARTESIAN_POINT('',(145.,-109.1,1.6));
#9314 = LINE('',#9315,#9316);
#9315 = CARTESIAN_POINT('',(145.,-109.1,1.6));
#9316 = VECTOR('',#9317,1.);
#9317 = DIRECTION('',(0.,0.,1.));
#9318 = ORIENTED_EDGE('',*,*,#9319,.F.);
#9319 = EDGE_CURVE('',#9281,#9312,#9320,.T.);
#9320 = LINE('',#9321,#9322);
#9321 = CARTESIAN_POINT('',(144.,-109.1,1.6));
#9322 = VECTOR('',#9323,1.);
#9323 = DIRECTION('',(1.,0.,0.));
#9324 = PLANE('',#9325);
#9325 = AXIS2_PLACEMENT_3D('',#9326,#9327,#9328);
#9326 = CARTESIAN_POINT('',(144.,-109.1,1.6));
#9327 = DIRECTION('',(0.,1.,0.));
#9328 = DIRECTION('',(1.,0.,0.));
#9329 = ADVANCED_FACE('',(#9330),#9346,.T.);
#9330 = FACE_BOUND('',#9331,.T.);
#9331 = EDGE_LOOP('',(#9332,#9333,#9339,#9340));
#9332 = ORIENTED_EDGE('',*,*,#9311,.T.);
#9333 = ORIENTED_EDGE('',*,*,#9334,.T.);
#9334 = EDGE_CURVE('',#9304,#9234,#9335,.T.);
#9335 = LINE('',#9336,#9337);
#9336 = CARTESIAN_POINT('',(145.,-109.1,1.635));
#9337 = VECTOR('',#9338,1.);
#9338 = DIRECTION('',(0.,-1.,0.));
#9339 = ORIENTED_EDGE('',*,*,#9231,.F.);
#9340 = ORIENTED_EDGE('',*,*,#9341,.F.);
#9341 = EDGE_CURVE('',#9312,#9232,#9342,.T.);
#9342 = LINE('',#9343,#9344);
#9343 = CARTESIAN_POINT('',(145.,-109.1,1.6));
#9344 = VECTOR('',#9345,1.);
#9345 = DIRECTION('',(0.,-1.,0.));
#9346 = PLANE('',#9347);
#9347 = AXIS2_PLACEMENT_3D('',#9348,#9349,#9350);
#9348 = CARTESIAN_POINT('',(145.,-109.1,1.6));
#9349 = DIRECTION('',(1.,0.,-0.));
#9350 = DIRECTION('',(0.,-1.,0.));
#9351 = ADVANCED_FACE('',(#9352),#9358,.T.);
#9352 = FACE_BOUND('',#9353,.T.);
#9353 = EDGE_LOOP('',(#9354,#9355,#9356,#9357));
#9354 = ORIENTED_EDGE('',*,*,#9257,.T.);
#9355 = ORIENTED_EDGE('',*,*,#9288,.T.);
#9356 = ORIENTED_EDGE('',*,*,#9319,.T.);
#9357 = ORIENTED_EDGE('',*,*,#9341,.T.);
#9358 = PLANE('',#9359);
#9359 = AXIS2_PLACEMENT_3D('',#9360,#9361,#9362);
#9360 = CARTESIAN_POINT('',(144.5,-109.7,1.6));
#9361 = DIRECTION('',(-0.,-0.,-1.));
#9362 = DIRECTION('',(-1.,0.,0.));
#9363 = ADVANCED_FACE('',(#9364),#9370,.F.);
#9364 = FACE_BOUND('',#9365,.F.);
#9365 = EDGE_LOOP('',(#9366,#9367,#9368,#9369));
#9366 = ORIENTED_EDGE('',*,*,#9241,.T.);
#9367 = ORIENTED_EDGE('',*,*,#9272,.T.);
#9368 = ORIENTED_EDGE('',*,*,#9303,.T.);
#9369 = ORIENTED_EDGE('',*,*,#9334,.T.);
#9370 = PLANE('',#9371);
#9371 = AXIS2_PLACEMENT_3D('',#9372,#9373,#9374);
#9372 = CARTESIAN_POINT('',(144.5,-109.7,1.635));
#9373 = DIRECTION('',(-0.,-0.,-1.));
#9374 = DIRECTION('',(-1.,0.,0.));
#9375 = ( GEOMETRIC_REPRESENTATION_CONTEXT(3) 
GLOBAL_UNCERTAINTY_ASSIGNED_CONTEXT((#9379)) 
GLOBAL_UNIT_ASSIGNED_CONTEXT((#9376,#9377,#9378)) REPRESENTATION_CONTEXT
('Context #1','3D Context with UNIT and UNCERTAINTY') );
#9376 = ( LENGTH_UNIT() NAMED_UNIT(*) SI_UNIT(.MILLI.,.METRE.) );
#9377 = ( NAMED_UNIT(*) PLANE_ANGLE_UNIT() SI_UNIT($,.RADIAN.) );
#9378 = ( NAMED_UNIT(*) SI_UNIT($,.STERADIAN.) SOLID_ANGLE_UNIT() );
#9379 = UNCERTAINTY_MEASURE_WITH_UNIT(LENGTH_MEASURE(1.E-07),#9376,
  'distance_accuracy_value','confusion accuracy');
#9380 = CONTEXT_DEPENDENT_SHAPE_REPRESENTATION(#9381,#9383);
#9381 = ( REPRESENTATION_RELATIONSHIP('','',#9224,#10) 
REPRESENTATION_RELATIONSHIP_WITH_TRANSFORMATION(#9382) 
SHAPE_REPRESENTATION_RELATIONSHIP() );
#9382 = ITEM_DEFINED_TRANSFORMATION('','',#11,#223);
#9383 = PRODUCT_DEFINITION_SHAPE('Placement','Placement of an item',
  #9384);
#9384 = NEXT_ASSEMBLY_USAGE_OCCURRENCE('53','=>[0:1:1:54]','',#5,#9219,$
  );
#9385 = PRODUCT_RELATED_PRODUCT_CATEGORY('part',$,(#9221));
#9386 = SHAPE_DEFINITION_REPRESENTATION(#9387,#9393);
#9387 = PRODUCT_DEFINITION_SHAPE('','',#9388);
#9388 = PRODUCT_DEFINITION('design','',#9389,#9392);
#9389 = PRODUCT_DEFINITION_FORMATION('','',#9390);
#9390 = PRODUCT('_autosave-connection pcb_pad_14',
  '_autosave-connection pcb_pad_14','',(#9391));
#9391 = PRODUCT_CONTEXT('',#2,'mechanical');
#9392 = PRODUCT_DEFINITION_CONTEXT('part definition',#2,'design');
#9393 = ADVANCED_BREP_SHAPE_REPRESENTATION('',(#11,#9394),#9544);
#9394 = MANIFOLD_SOLID_BREP('',#9395);
#9395 = CLOSED_SHELL('',(#9396,#9436,#9467,#9498,#9520,#9532));
#9396 = ADVANCED_FACE('',(#9397),#9431,.T.);
#9397 = FACE_BOUND('',#9398,.T.);
#9398 = EDGE_LOOP('',(#9399,#9409,#9417,#9425));
#9399 = ORIENTED_EDGE('',*,*,#9400,.T.);
#9400 = EDGE_CURVE('',#9401,#9403,#9405,.T.);
#9401 = VERTEX_POINT('',#9402);
#9402 = CARTESIAN_POINT('',(145.4,-99.4,1.6));
#9403 = VERTEX_POINT('',#9404);
#9404 = CARTESIAN_POINT('',(145.4,-99.4,1.635));
#9405 = LINE('',#9406,#9407);
#9406 = CARTESIAN_POINT('',(145.4,-99.4,1.6));
#9407 = VECTOR('',#9408,1.);
#9408 = DIRECTION('',(0.,0.,1.));
#9409 = ORIENTED_EDGE('',*,*,#9410,.T.);
#9410 = EDGE_CURVE('',#9403,#9411,#9413,.T.);
#9411 = VERTEX_POINT('',#9412);
#9412 = CARTESIAN_POINT('',(144.2,-99.4,1.635));
#9413 = LINE('',#9414,#9415);
#9414 = CARTESIAN_POINT('',(145.4,-99.4,1.635));
#9415 = VECTOR('',#9416,1.);
#9416 = DIRECTION('',(-1.,0.,0.));
#9417 = ORIENTED_EDGE('',*,*,#9418,.F.);
#9418 = EDGE_CURVE('',#9419,#9411,#9421,.T.);
#9419 = VERTEX_POINT('',#9420);
#9420 = CARTESIAN_POINT('',(144.2,-99.4,1.6));
#9421 = LINE('',#9422,#9423);
#9422 = CARTESIAN_POINT('',(144.2,-99.4,1.6));
#9423 = VECTOR('',#9424,1.);
#9424 = DIRECTION('',(0.,0.,1.));
#9425 = ORIENTED_EDGE('',*,*,#9426,.F.);
#9426 = EDGE_CURVE('',#9401,#9419,#9427,.T.);
#9427 = LINE('',#9428,#9429);
#9428 = CARTESIAN_POINT('',(145.4,-99.4,1.6));
#9429 = VECTOR('',#9430,1.);
#9430 = DIRECTION('',(-1.,0.,0.));
#9431 = PLANE('',#9432);
#9432 = AXIS2_PLACEMENT_3D('',#9433,#9434,#9435);
#9433 = CARTESIAN_POINT('',(145.4,-99.4,1.6));
#9434 = DIRECTION('',(0.,-1.,0.));
#9435 = DIRECTION('',(-1.,0.,0.));
#9436 = ADVANCED_FACE('',(#9437),#9462,.T.);
#9437 = FACE_BOUND('',#9438,.T.);
#9438 = EDGE_LOOP('',(#9439,#9440,#9448,#9456));
#9439 = ORIENTED_EDGE('',*,*,#9418,.T.);
#9440 = ORIENTED_EDGE('',*,*,#9441,.T.);
#9441 = EDGE_CURVE('',#9411,#9442,#9444,.T.);
#9442 = VERTEX_POINT('',#9443);
#9443 = CARTESIAN_POINT('',(144.2,-98.4,1.635));
#9444 = LINE('',#9445,#9446);
#9445 = CARTESIAN_POINT('',(144.2,-99.4,1.635));
#9446 = VECTOR('',#9447,1.);
#9447 = DIRECTION('',(0.,1.,0.));
#9448 = ORIENTED_EDGE('',*,*,#9449,.F.);
#9449 = EDGE_CURVE('',#9450,#9442,#9452,.T.);
#9450 = VERTEX_POINT('',#9451);
#9451 = CARTESIAN_POINT('',(144.2,-98.4,1.6));
#9452 = LINE('',#9453,#9454);
#9453 = CARTESIAN_POINT('',(144.2,-98.4,1.6));
#9454 = VECTOR('',#9455,1.);
#9455 = DIRECTION('',(0.,0.,1.));
#9456 = ORIENTED_EDGE('',*,*,#9457,.F.);
#9457 = EDGE_CURVE('',#9419,#9450,#9458,.T.);
#9458 = LINE('',#9459,#9460);
#9459 = CARTESIAN_POINT('',(144.2,-99.4,1.6));
#9460 = VECTOR('',#9461,1.);
#9461 = DIRECTION('',(0.,1.,0.));
#9462 = PLANE('',#9463);
#9463 = AXIS2_PLACEMENT_3D('',#9464,#9465,#9466);
#9464 = CARTESIAN_POINT('',(144.2,-99.4,1.6));
#9465 = DIRECTION('',(-1.,0.,0.));
#9466 = DIRECTION('',(0.,1.,0.));
#9467 = ADVANCED_FACE('',(#9468),#9493,.T.);
#9468 = FACE_BOUND('',#9469,.T.);
#9469 = EDGE_LOOP('',(#9470,#9471,#9479,#9487));
#9470 = ORIENTED_EDGE('',*,*,#9449,.T.);
#9471 = ORIENTED_EDGE('',*,*,#9472,.T.);
#9472 = EDGE_CURVE('',#9442,#9473,#9475,.T.);
#9473 = VERTEX_POINT('',#9474);
#9474 = CARTESIAN_POINT('',(145.4,-98.4,1.635));
#9475 = LINE('',#9476,#9477);
#9476 = CARTESIAN_POINT('',(144.2,-98.4,1.635));
#9477 = VECTOR('',#9478,1.);
#9478 = DIRECTION('',(1.,0.,0.));
#9479 = ORIENTED_EDGE('',*,*,#9480,.F.);
#9480 = EDGE_CURVE('',#9481,#9473,#9483,.T.);
#9481 = VERTEX_POINT('',#9482);
#9482 = CARTESIAN_POINT('',(145.4,-98.4,1.6));
#9483 = LINE('',#9484,#9485);
#9484 = CARTESIAN_POINT('',(145.4,-98.4,1.6));
#9485 = VECTOR('',#9486,1.);
#9486 = DIRECTION('',(0.,0.,1.));
#9487 = ORIENTED_EDGE('',*,*,#9488,.F.);
#9488 = EDGE_CURVE('',#9450,#9481,#9489,.T.);
#9489 = LINE('',#9490,#9491);
#9490 = CARTESIAN_POINT('',(144.2,-98.4,1.6));
#9491 = VECTOR('',#9492,1.);
#9492 = DIRECTION('',(1.,0.,0.));
#9493 = PLANE('',#9494);
#9494 = AXIS2_PLACEMENT_3D('',#9495,#9496,#9497);
#9495 = CARTESIAN_POINT('',(144.2,-98.4,1.6));
#9496 = DIRECTION('',(0.,1.,0.));
#9497 = DIRECTION('',(1.,0.,0.));
#9498 = ADVANCED_FACE('',(#9499),#9515,.T.);
#9499 = FACE_BOUND('',#9500,.T.);
#9500 = EDGE_LOOP('',(#9501,#9502,#9508,#9509));
#9501 = ORIENTED_EDGE('',*,*,#9480,.T.);
#9502 = ORIENTED_EDGE('',*,*,#9503,.T.);
#9503 = EDGE_CURVE('',#9473,#9403,#9504,.T.);
#9504 = LINE('',#9505,#9506);
#9505 = CARTESIAN_POINT('',(145.4,-98.4,1.635));
#9506 = VECTOR('',#9507,1.);
#9507 = DIRECTION('',(0.,-1.,0.));
#9508 = ORIENTED_EDGE('',*,*,#9400,.F.);
#9509 = ORIENTED_EDGE('',*,*,#9510,.F.);
#9510 = EDGE_CURVE('',#9481,#9401,#9511,.T.);
#9511 = LINE('',#9512,#9513);
#9512 = CARTESIAN_POINT('',(145.4,-98.4,1.6));
#9513 = VECTOR('',#9514,1.);
#9514 = DIRECTION('',(0.,-1.,0.));
#9515 = PLANE('',#9516);
#9516 = AXIS2_PLACEMENT_3D('',#9517,#9518,#9519);
#9517 = CARTESIAN_POINT('',(145.4,-98.4,1.6));
#9518 = DIRECTION('',(1.,0.,-0.));
#9519 = DIRECTION('',(0.,-1.,0.));
#9520 = ADVANCED_FACE('',(#9521),#9527,.T.);
#9521 = FACE_BOUND('',#9522,.T.);
#9522 = EDGE_LOOP('',(#9523,#9524,#9525,#9526));
#9523 = ORIENTED_EDGE('',*,*,#9426,.T.);
#9524 = ORIENTED_EDGE('',*,*,#9457,.T.);
#9525 = ORIENTED_EDGE('',*,*,#9488,.T.);
#9526 = ORIENTED_EDGE('',*,*,#9510,.T.);
#9527 = PLANE('',#9528);
#9528 = AXIS2_PLACEMENT_3D('',#9529,#9530,#9531);
#9529 = CARTESIAN_POINT('',(144.8,-98.9,1.6));
#9530 = DIRECTION('',(-0.,-0.,-1.));
#9531 = DIRECTION('',(-1.,0.,0.));
#9532 = ADVANCED_FACE('',(#9533),#9539,.F.);
#9533 = FACE_BOUND('',#9534,.F.);
#9534 = EDGE_LOOP('',(#9535,#9536,#9537,#9538));
#9535 = ORIENTED_EDGE('',*,*,#9410,.T.);
#9536 = ORIENTED_EDGE('',*,*,#9441,.T.);
#9537 = ORIENTED_EDGE('',*,*,#9472,.T.);
#9538 = ORIENTED_EDGE('',*,*,#9503,.T.);
#9539 = PLANE('',#9540);
#9540 = AXIS2_PLACEMENT_3D('',#9541,#9542,#9543);
#9541 = CARTESIAN_POINT('',(144.8,-98.9,1.635));
#9542 = DIRECTION('',(-0.,-0.,-1.));
#9543 = DIRECTION('',(-1.,0.,0.));
#9544 = ( GEOMETRIC_REPRESENTATION_CONTEXT(3) 
GLOBAL_UNCERTAINTY_ASSIGNED_CONTEXT((#9548)) 
GLOBAL_UNIT_ASSIGNED_CONTEXT((#9545,#9546,#9547)) REPRESENTATION_CONTEXT
('Context #1','3D Context with UNIT and UNCERTAINTY') );
#9545 = ( LENGTH_UNIT() NAMED_UNIT(*) SI_UNIT(.MILLI.,.METRE.) );
#9546 = ( NAMED_UNIT(*) PLANE_ANGLE_UNIT() SI_UNIT($,.RADIAN.) );
#9547 = ( NAMED_UNIT(*) SI_UNIT($,.STERADIAN.) SOLID_ANGLE_UNIT() );
#9548 = UNCERTAINTY_MEASURE_WITH_UNIT(LENGTH_MEASURE(1.E-07),#9545,
  'distance_accuracy_value','confusion accuracy');
#9549 = CONTEXT_DEPENDENT_SHAPE_REPRESENTATION(#9550,#9552);
#9550 = ( REPRESENTATION_RELATIONSHIP('','',#9393,#10) 
REPRESENTATION_RELATIONSHIP_WITH_TRANSFORMATION(#9551) 
SHAPE_REPRESENTATION_RELATIONSHIP() );
#9551 = ITEM_DEFINED_TRANSFORMATION('','',#11,#227);
#9552 = PRODUCT_DEFINITION_SHAPE('Placement','Placement of an item',
  #9553);
#9553 = NEXT_ASSEMBLY_USAGE_OCCURRENCE('54','=>[0:1:1:55]','',#5,#9388,$
  );
#9554 = PRODUCT_RELATED_PRODUCT_CATEGORY('part',$,(#9390));
#9555 = SHAPE_DEFINITION_REPRESENTATION(#9556,#9562);
#9556 = PRODUCT_DEFINITION_SHAPE('','',#9557);
#9557 = PRODUCT_DEFINITION('design','',#9558,#9561);
#9558 = PRODUCT_DEFINITION_FORMATION('','',#9559);
#9559 = PRODUCT('_autosave-connection pcb_pad_15',
  '_autosave-connection pcb_pad_15','',(#9560));
#9560 = PRODUCT_CONTEXT('',#2,'mechanical');
#9561 = PRODUCT_DEFINITION_CONTEXT('part definition',#2,'design');
#9562 = ADVANCED_BREP_SHAPE_REPRESENTATION('',(#11,#9563),#9713);
#9563 = MANIFOLD_SOLID_BREP('',#9564);
#9564 = CLOSED_SHELL('',(#9565,#9605,#9636,#9667,#9689,#9701));
#9565 = ADVANCED_FACE('',(#9566),#9600,.T.);
#9566 = FACE_BOUND('',#9567,.T.);
#9567 = EDGE_LOOP('',(#9568,#9578,#9586,#9594));
#9568 = ORIENTED_EDGE('',*,*,#9569,.T.);
#9569 = EDGE_CURVE('',#9570,#9572,#9574,.T.);
#9570 = VERTEX_POINT('',#9571);
#9571 = CARTESIAN_POINT('',(134.8,-95.8,1.6));
#9572 = VERTEX_POINT('',#9573);
#9573 = CARTESIAN_POINT('',(134.8,-95.8,1.635));
#9574 = LINE('',#9575,#9576);
#9575 = CARTESIAN_POINT('',(134.8,-95.8,1.6));
#9576 = VECTOR('',#9577,1.);
#9577 = DIRECTION('',(0.,0.,1.));
#9578 = ORIENTED_EDGE('',*,*,#9579,.T.);
#9579 = EDGE_CURVE('',#9572,#9580,#9582,.T.);
#9580 = VERTEX_POINT('',#9581);
#9581 = CARTESIAN_POINT('',(133.6,-95.8,1.635));
#9582 = LINE('',#9583,#9584);
#9583 = CARTESIAN_POINT('',(134.8,-95.8,1.635));
#9584 = VECTOR('',#9585,1.);
#9585 = DIRECTION('',(-1.,0.,0.));
#9586 = ORIENTED_EDGE('',*,*,#9587,.F.);
#9587 = EDGE_CURVE('',#9588,#9580,#9590,.T.);
#9588 = VERTEX_POINT('',#9589);
#9589 = CARTESIAN_POINT('',(133.6,-95.8,1.6));
#9590 = LINE('',#9591,#9592);
#9591 = CARTESIAN_POINT('',(133.6,-95.8,1.6));
#9592 = VECTOR('',#9593,1.);
#9593 = DIRECTION('',(0.,0.,1.));
#9594 = ORIENTED_EDGE('',*,*,#9595,.F.);
#9595 = EDGE_CURVE('',#9570,#9588,#9596,.T.);
#9596 = LINE('',#9597,#9598);
#9597 = CARTESIAN_POINT('',(134.8,-95.8,1.6));
#9598 = VECTOR('',#9599,1.);
#9599 = DIRECTION('',(-1.,0.,0.));
#9600 = PLANE('',#9601);
#9601 = AXIS2_PLACEMENT_3D('',#9602,#9603,#9604);
#9602 = CARTESIAN_POINT('',(134.8,-95.8,1.6));
#9603 = DIRECTION('',(0.,-1.,0.));
#9604 = DIRECTION('',(-1.,0.,0.));
#9605 = ADVANCED_FACE('',(#9606),#9631,.T.);
#9606 = FACE_BOUND('',#9607,.T.);
#9607 = EDGE_LOOP('',(#9608,#9609,#9617,#9625));
#9608 = ORIENTED_EDGE('',*,*,#9587,.T.);
#9609 = ORIENTED_EDGE('',*,*,#9610,.T.);
#9610 = EDGE_CURVE('',#9580,#9611,#9613,.T.);
#9611 = VERTEX_POINT('',#9612);
#9612 = CARTESIAN_POINT('',(133.6,-94.8,1.635));
#9613 = LINE('',#9614,#9615);
#9614 = CARTESIAN_POINT('',(133.6,-95.8,1.635));
#9615 = VECTOR('',#9616,1.);
#9616 = DIRECTION('',(0.,1.,0.));
#9617 = ORIENTED_EDGE('',*,*,#9618,.F.);
#9618 = EDGE_CURVE('',#9619,#9611,#9621,.T.);
#9619 = VERTEX_POINT('',#9620);
#9620 = CARTESIAN_POINT('',(133.6,-94.8,1.6));
#9621 = LINE('',#9622,#9623);
#9622 = CARTESIAN_POINT('',(133.6,-94.8,1.6));
#9623 = VECTOR('',#9624,1.);
#9624 = DIRECTION('',(0.,0.,1.));
#9625 = ORIENTED_EDGE('',*,*,#9626,.F.);
#9626 = EDGE_CURVE('',#9588,#9619,#9627,.T.);
#9627 = LINE('',#9628,#9629);
#9628 = CARTESIAN_POINT('',(133.6,-95.8,1.6));
#9629 = VECTOR('',#9630,1.);
#9630 = DIRECTION('',(0.,1.,0.));
#9631 = PLANE('',#9632);
#9632 = AXIS2_PLACEMENT_3D('',#9633,#9634,#9635);
#9633 = CARTESIAN_POINT('',(133.6,-95.8,1.6));
#9634 = DIRECTION('',(-1.,0.,0.));
#9635 = DIRECTION('',(0.,1.,0.));
#9636 = ADVANCED_FACE('',(#9637),#9662,.T.);
#9637 = FACE_BOUND('',#9638,.T.);
#9638 = EDGE_LOOP('',(#9639,#9640,#9648,#9656));
#9639 = ORIENTED_EDGE('',*,*,#9618,.T.);
#9640 = ORIENTED_EDGE('',*,*,#9641,.T.);
#9641 = EDGE_CURVE('',#9611,#9642,#9644,.T.);
#9642 = VERTEX_POINT('',#9643);
#9643 = CARTESIAN_POINT('',(134.8,-94.8,1.635));
#9644 = LINE('',#9645,#9646);
#9645 = CARTESIAN_POINT('',(133.6,-94.8,1.635));
#9646 = VECTOR('',#9647,1.);
#9647 = DIRECTION('',(1.,0.,0.));
#9648 = ORIENTED_EDGE('',*,*,#9649,.F.);
#9649 = EDGE_CURVE('',#9650,#9642,#9652,.T.);
#9650 = VERTEX_POINT('',#9651);
#9651 = CARTESIAN_POINT('',(134.8,-94.8,1.6));
#9652 = LINE('',#9653,#9654);
#9653 = CARTESIAN_POINT('',(134.8,-94.8,1.6));
#9654 = VECTOR('',#9655,1.);
#9655 = DIRECTION('',(0.,0.,1.));
#9656 = ORIENTED_EDGE('',*,*,#9657,.F.);
#9657 = EDGE_CURVE('',#9619,#9650,#9658,.T.);
#9658 = LINE('',#9659,#9660);
#9659 = CARTESIAN_POINT('',(133.6,-94.8,1.6));
#9660 = VECTOR('',#9661,1.);
#9661 = DIRECTION('',(1.,0.,0.));
#9662 = PLANE('',#9663);
#9663 = AXIS2_PLACEMENT_3D('',#9664,#9665,#9666);
#9664 = CARTESIAN_POINT('',(133.6,-94.8,1.6));
#9665 = DIRECTION('',(0.,1.,0.));
#9666 = DIRECTION('',(1.,0.,0.));
#9667 = ADVANCED_FACE('',(#9668),#9684,.T.);
#9668 = FACE_BOUND('',#9669,.T.);
#9669 = EDGE_LOOP('',(#9670,#9671,#9677,#9678));
#9670 = ORIENTED_EDGE('',*,*,#9649,.T.);
#9671 = ORIENTED_EDGE('',*,*,#9672,.T.);
#9672 = EDGE_CURVE('',#9642,#9572,#9673,.T.);
#9673 = LINE('',#9674,#9675);
#9674 = CARTESIAN_POINT('',(134.8,-94.8,1.635));
#9675 = VECTOR('',#9676,1.);
#9676 = DIRECTION('',(0.,-1.,0.));
#9677 = ORIENTED_EDGE('',*,*,#9569,.F.);
#9678 = ORIENTED_EDGE('',*,*,#9679,.F.);
#9679 = EDGE_CURVE('',#9650,#9570,#9680,.T.);
#9680 = LINE('',#9681,#9682);
#9681 = CARTESIAN_POINT('',(134.8,-94.8,1.6));
#9682 = VECTOR('',#9683,1.);
#9683 = DIRECTION('',(0.,-1.,0.));
#9684 = PLANE('',#9685);
#9685 = AXIS2_PLACEMENT_3D('',#9686,#9687,#9688);
#9686 = CARTESIAN_POINT('',(134.8,-94.8,1.6));
#9687 = DIRECTION('',(1.,0.,-0.));
#9688 = DIRECTION('',(0.,-1.,0.));
#9689 = ADVANCED_FACE('',(#9690),#9696,.T.);
#9690 = FACE_BOUND('',#9691,.T.);
#9691 = EDGE_LOOP('',(#9692,#9693,#9694,#9695));
#9692 = ORIENTED_EDGE('',*,*,#9595,.T.);
#9693 = ORIENTED_EDGE('',*,*,#9626,.T.);
#9694 = ORIENTED_EDGE('',*,*,#9657,.T.);
#9695 = ORIENTED_EDGE('',*,*,#9679,.T.);
#9696 = PLANE('',#9697);
#9697 = AXIS2_PLACEMENT_3D('',#9698,#9699,#9700);
#9698 = CARTESIAN_POINT('',(134.2,-95.3,1.6));
#9699 = DIRECTION('',(-0.,-0.,-1.));
#9700 = DIRECTION('',(-1.,0.,0.));
#9701 = ADVANCED_FACE('',(#9702),#9708,.F.);
#9702 = FACE_BOUND('',#9703,.F.);
#9703 = EDGE_LOOP('',(#9704,#9705,#9706,#9707));
#9704 = ORIENTED_EDGE('',*,*,#9579,.T.);
#9705 = ORIENTED_EDGE('',*,*,#9610,.T.);
#9706 = ORIENTED_EDGE('',*,*,#9641,.T.);
#9707 = ORIENTED_EDGE('',*,*,#9672,.T.);
#9708 = PLANE('',#9709);
#9709 = AXIS2_PLACEMENT_3D('',#9710,#9711,#9712);
#9710 = CARTESIAN_POINT('',(134.2,-95.3,1.635));
#9711 = DIRECTION('',(-0.,-0.,-1.));
#9712 = DIRECTION('',(-1.,0.,0.));
#9713 = ( GEOMETRIC_REPRESENTATION_CONTEXT(3) 
GLOBAL_UNCERTAINTY_ASSIGNED_CONTEXT((#9717)) 
GLOBAL_UNIT_ASSIGNED_CONTEXT((#9714,#9715,#9716)) REPRESENTATION_CONTEXT
('Context #1','3D Context with UNIT and UNCERTAINTY') );
#9714 = ( LENGTH_UNIT() NAMED_UNIT(*) SI_UNIT(.MILLI.,.METRE.) );
#9715 = ( NAMED_UNIT(*) PLANE_ANGLE_UNIT() SI_UNIT($,.RADIAN.) );
#9716 = ( NAMED_UNIT(*) SI_UNIT($,.STERADIAN.) SOLID_ANGLE_UNIT() );
#9717 = UNCERTAINTY_MEASURE_WITH_UNIT(LENGTH_MEASURE(1.E-07),#9714,
  'distance_accuracy_value','confusion accuracy');
#9718 = CONTEXT_DEPENDENT_SHAPE_REPRESENTATION(#9719,#9721);
#9719 = ( REPRESENTATION_RELATIONSHIP('','',#9562,#10) 
REPRESENTATION_RELATIONSHIP_WITH_TRANSFORMATION(#9720) 
SHAPE_REPRESENTATION_RELATIONSHIP() );
#9720 = ITEM_DEFINED_TRANSFORMATION('','',#11,#231);
#9721 = PRODUCT_DEFINITION_SHAPE('Placement','Placement of an item',
  #9722);
#9722 = NEXT_ASSEMBLY_USAGE_OCCURRENCE('55','=>[0:1:1:56]','',#5,#9557,$
  );
#9723 = PRODUCT_RELATED_PRODUCT_CATEGORY('part',$,(#9559));
#9724 = SHAPE_DEFINITION_REPRESENTATION(#9725,#9731);
#9725 = PRODUCT_DEFINITION_SHAPE('','',#9726);
#9726 = PRODUCT_DEFINITION('design','',#9727,#9730);
#9727 = PRODUCT_DEFINITION_FORMATION('','',#9728);
#9728 = PRODUCT('_autosave-connection pcb_pad_16',
  '_autosave-connection pcb_pad_16','',(#9729));
#9729 = PRODUCT_CONTEXT('',#2,'mechanical');
#9730 = PRODUCT_DEFINITION_CONTEXT('part definition',#2,'design');
#9731 = ADVANCED_BREP_SHAPE_REPRESENTATION('',(#11,#9732),#9882);
#9732 = MANIFOLD_SOLID_BREP('',#9733);
#9733 = CLOSED_SHELL('',(#9734,#9774,#9805,#9836,#9858,#9870));
#9734 = ADVANCED_FACE('',(#9735),#9769,.T.);
#9735 = FACE_BOUND('',#9736,.T.);
#9736 = EDGE_LOOP('',(#9737,#9747,#9755,#9763));
#9737 = ORIENTED_EDGE('',*,*,#9738,.T.);
#9738 = EDGE_CURVE('',#9739,#9741,#9743,.T.);
#9739 = VERTEX_POINT('',#9740);
#9740 = CARTESIAN_POINT('',(134.8,-100.7,1.6));
#9741 = VERTEX_POINT('',#9742);
#9742 = CARTESIAN_POINT('',(134.8,-100.7,1.635));
#9743 = LINE('',#9744,#9745);
#9744 = CARTESIAN_POINT('',(134.8,-100.7,1.6));
#9745 = VECTOR('',#9746,1.);
#9746 = DIRECTION('',(0.,0.,1.));
#9747 = ORIENTED_EDGE('',*,*,#9748,.T.);
#9748 = EDGE_CURVE('',#9741,#9749,#9751,.T.);
#9749 = VERTEX_POINT('',#9750);
#9750 = CARTESIAN_POINT('',(133.6,-100.7,1.635));
#9751 = LINE('',#9752,#9753);
#9752 = CARTESIAN_POINT('',(134.8,-100.7,1.635));
#9753 = VECTOR('',#9754,1.);
#9754 = DIRECTION('',(-1.,0.,0.));
#9755 = ORIENTED_EDGE('',*,*,#9756,.F.);
#9756 = EDGE_CURVE('',#9757,#9749,#9759,.T.);
#9757 = VERTEX_POINT('',#9758);
#9758 = CARTESIAN_POINT('',(133.6,-100.7,1.6));
#9759 = LINE('',#9760,#9761);
#9760 = CARTESIAN_POINT('',(133.6,-100.7,1.6));
#9761 = VECTOR('',#9762,1.);
#9762 = DIRECTION('',(0.,0.,1.));
#9763 = ORIENTED_EDGE('',*,*,#9764,.F.);
#9764 = EDGE_CURVE('',#9739,#9757,#9765,.T.);
#9765 = LINE('',#9766,#9767);
#9766 = CARTESIAN_POINT('',(134.8,-100.7,1.6));
#9767 = VECTOR('',#9768,1.);
#9768 = DIRECTION('',(-1.,0.,0.));
#9769 = PLANE('',#9770);
#9770 = AXIS2_PLACEMENT_3D('',#9771,#9772,#9773);
#9771 = CARTESIAN_POINT('',(134.8,-100.7,1.6));
#9772 = DIRECTION('',(0.,-1.,0.));
#9773 = DIRECTION('',(-1.,0.,0.));
#9774 = ADVANCED_FACE('',(#9775),#9800,.T.);
#9775 = FACE_BOUND('',#9776,.T.);
#9776 = EDGE_LOOP('',(#9777,#9778,#9786,#9794));
#9777 = ORIENTED_EDGE('',*,*,#9756,.T.);
#9778 = ORIENTED_EDGE('',*,*,#9779,.T.);
#9779 = EDGE_CURVE('',#9749,#9780,#9782,.T.);
#9780 = VERTEX_POINT('',#9781);
#9781 = CARTESIAN_POINT('',(133.6,-99.7,1.635));
#9782 = LINE('',#9783,#9784);
#9783 = CARTESIAN_POINT('',(133.6,-100.7,1.635));
#9784 = VECTOR('',#9785,1.);
#9785 = DIRECTION('',(0.,1.,0.));
#9786 = ORIENTED_EDGE('',*,*,#9787,.F.);
#9787 = EDGE_CURVE('',#9788,#9780,#9790,.T.);
#9788 = VERTEX_POINT('',#9789);
#9789 = CARTESIAN_POINT('',(133.6,-99.7,1.6));
#9790 = LINE('',#9791,#9792);
#9791 = CARTESIAN_POINT('',(133.6,-99.7,1.6));
#9792 = VECTOR('',#9793,1.);
#9793 = DIRECTION('',(0.,0.,1.));
#9794 = ORIENTED_EDGE('',*,*,#9795,.F.);
#9795 = EDGE_CURVE('',#9757,#9788,#9796,.T.);
#9796 = LINE('',#9797,#9798);
#9797 = CARTESIAN_POINT('',(133.6,-100.7,1.6));
#9798 = VECTOR('',#9799,1.);
#9799 = DIRECTION('',(0.,1.,0.));
#9800 = PLANE('',#9801);
#9801 = AXIS2_PLACEMENT_3D('',#9802,#9803,#9804);
#9802 = CARTESIAN_POINT('',(133.6,-100.7,1.6));
#9803 = DIRECTION('',(-1.,0.,0.));
#9804 = DIRECTION('',(0.,1.,0.));
#9805 = ADVANCED_FACE('',(#9806),#9831,.T.);
#9806 = FACE_BOUND('',#9807,.T.);
#9807 = EDGE_LOOP('',(#9808,#9809,#9817,#9825));
#9808 = ORIENTED_EDGE('',*,*,#9787,.T.);
#9809 = ORIENTED_EDGE('',*,*,#9810,.T.);
#9810 = EDGE_CURVE('',#9780,#9811,#9813,.T.);
#9811 = VERTEX_POINT('',#9812);
#9812 = CARTESIAN_POINT('',(134.8,-99.7,1.635));
#9813 = LINE('',#9814,#9815);
#9814 = CARTESIAN_POINT('',(133.6,-99.7,1.635));
#9815 = VECTOR('',#9816,1.);
#9816 = DIRECTION('',(1.,0.,0.));
#9817 = ORIENTED_EDGE('',*,*,#9818,.F.);
#9818 = EDGE_CURVE('',#9819,#9811,#9821,.T.);
#9819 = VERTEX_POINT('',#9820);
#9820 = CARTESIAN_POINT('',(134.8,-99.7,1.6));
#9821 = LINE('',#9822,#9823);
#9822 = CARTESIAN_POINT('',(134.8,-99.7,1.6));
#9823 = VECTOR('',#9824,1.);
#9824 = DIRECTION('',(0.,0.,1.));
#9825 = ORIENTED_EDGE('',*,*,#9826,.F.);
#9826 = EDGE_CURVE('',#9788,#9819,#9827,.T.);
#9827 = LINE('',#9828,#9829);
#9828 = CARTESIAN_POINT('',(133.6,-99.7,1.6));
#9829 = VECTOR('',#9830,1.);
#9830 = DIRECTION('',(1.,0.,0.));
#9831 = PLANE('',#9832);
#9832 = AXIS2_PLACEMENT_3D('',#9833,#9834,#9835);
#9833 = CARTESIAN_POINT('',(133.6,-99.7,1.6));
#9834 = DIRECTION('',(0.,1.,0.));
#9835 = DIRECTION('',(1.,0.,0.));
#9836 = ADVANCED_FACE('',(#9837),#9853,.T.);
#9837 = FACE_BOUND('',#9838,.T.);
#9838 = EDGE_LOOP('',(#9839,#9840,#9846,#9847));
#9839 = ORIENTED_EDGE('',*,*,#9818,.T.);
#9840 = ORIENTED_EDGE('',*,*,#9841,.T.);
#9841 = EDGE_CURVE('',#9811,#9741,#9842,.T.);
#9842 = LINE('',#9843,#9844);
#9843 = CARTESIAN_POINT('',(134.8,-99.7,1.635));
#9844 = VECTOR('',#9845,1.);
#9845 = DIRECTION('',(0.,-1.,0.));
#9846 = ORIENTED_EDGE('',*,*,#9738,.F.);
#9847 = ORIENTED_EDGE('',*,*,#9848,.F.);
#9848 = EDGE_CURVE('',#9819,#9739,#9849,.T.);
#9849 = LINE('',#9850,#9851);
#9850 = CARTESIAN_POINT('',(134.8,-99.7,1.6));
#9851 = VECTOR('',#9852,1.);
#9852 = DIRECTION('',(0.,-1.,0.));
#9853 = PLANE('',#9854);
#9854 = AXIS2_PLACEMENT_3D('',#9855,#9856,#9857);
#9855 = CARTESIAN_POINT('',(134.8,-99.7,1.6));
#9856 = DIRECTION('',(1.,0.,-0.));
#9857 = DIRECTION('',(0.,-1.,0.));
#9858 = ADVANCED_FACE('',(#9859),#9865,.T.);
#9859 = FACE_BOUND('',#9860,.T.);
#9860 = EDGE_LOOP('',(#9861,#9862,#9863,#9864));
#9861 = ORIENTED_EDGE('',*,*,#9764,.T.);
#9862 = ORIENTED_EDGE('',*,*,#9795,.T.);
#9863 = ORIENTED_EDGE('',*,*,#9826,.T.);
#9864 = ORIENTED_EDGE('',*,*,#9848,.T.);
#9865 = PLANE('',#9866);
#9866 = AXIS2_PLACEMENT_3D('',#9867,#9868,#9869);
#9867 = CARTESIAN_POINT('',(134.2,-100.2,1.6));
#9868 = DIRECTION('',(-0.,-0.,-1.));
#9869 = DIRECTION('',(-1.,0.,0.));
#9870 = ADVANCED_FACE('',(#9871),#9877,.F.);
#9871 = FACE_BOUND('',#9872,.F.);
#9872 = EDGE_LOOP('',(#9873,#9874,#9875,#9876));
#9873 = ORIENTED_EDGE('',*,*,#9748,.T.);
#9874 = ORIENTED_EDGE('',*,*,#9779,.T.);
#9875 = ORIENTED_EDGE('',*,*,#9810,.T.);
#9876 = ORIENTED_EDGE('',*,*,#9841,.T.);
#9877 = PLANE('',#9878);
#9878 = AXIS2_PLACEMENT_3D('',#9879,#9880,#9881);
#9879 = CARTESIAN_POINT('',(134.2,-100.2,1.635));
#9880 = DIRECTION('',(-0.,-0.,-1.));
#9881 = DIRECTION('',(-1.,0.,0.));
#9882 = ( GEOMETRIC_REPRESENTATION_CONTEXT(3) 
GLOBAL_UNCERTAINTY_ASSIGNED_CONTEXT((#9886)) 
GLOBAL_UNIT_ASSIGNED_CONTEXT((#9883,#9884,#9885)) REPRESENTATION_CONTEXT
('Context #1','3D Context with UNIT and UNCERTAINTY') );
#9883 = ( LENGTH_UNIT() NAMED_UNIT(*) SI_UNIT(.MILLI.,.METRE.) );
#9884 = ( NAMED_UNIT(*) PLANE_ANGLE_UNIT() SI_UNIT($,.RADIAN.) );
#9885 = ( NAMED_UNIT(*) SI_UNIT($,.STERADIAN.) SOLID_ANGLE_UNIT() );
#9886 = UNCERTAINTY_MEASURE_WITH_UNIT(LENGTH_MEASURE(1.E-07),#9883,
  'distance_accuracy_value','confusion accuracy');
#9887 = CONTEXT_DEPENDENT_SHAPE_REPRESENTATION(#9888,#9890);
#9888 = ( REPRESENTATION_RELATIONSHIP('','',#9731,#10) 
REPRESENTATION_RELATIONSHIP_WITH_TRANSFORMATION(#9889) 
SHAPE_REPRESENTATION_RELATIONSHIP() );
#9889 = ITEM_DEFINED_TRANSFORMATION('','',#11,#235);
#9890 = PRODUCT_DEFINITION_SHAPE('Placement','Placement of an item',
  #9891);
#9891 = NEXT_ASSEMBLY_USAGE_OCCURRENCE('56','=>[0:1:1:57]','',#5,#9726,$
  );
#9892 = PRODUCT_RELATED_PRODUCT_CATEGORY('part',$,(#9728));
#9893 = SHAPE_DEFINITION_REPRESENTATION(#9894,#9900);
#9894 = PRODUCT_DEFINITION_SHAPE('','',#9895);
#9895 = PRODUCT_DEFINITION('design','',#9896,#9899);
#9896 = PRODUCT_DEFINITION_FORMATION('','',#9897);
#9897 = PRODUCT('_autosave-connection pcb_pad_17',
  '_autosave-connection pcb_pad_17','',(#9898));
#9898 = PRODUCT_CONTEXT('',#2,'mechanical');
#9899 = PRODUCT_DEFINITION_CONTEXT('part definition',#2,'design');
#9900 = ADVANCED_BREP_SHAPE_REPRESENTATION('',(#11,#9901),#10051);
#9901 = MANIFOLD_SOLID_BREP('',#9902);
#9902 = CLOSED_SHELL('',(#9903,#9943,#9974,#10005,#10027,#10039));
#9903 = ADVANCED_FACE('',(#9904),#9938,.T.);
#9904 = FACE_BOUND('',#9905,.T.);
#9905 = EDGE_LOOP('',(#9906,#9916,#9924,#9932));
#9906 = ORIENTED_EDGE('',*,*,#9907,.T.);
#9907 = EDGE_CURVE('',#9908,#9910,#9912,.T.);
#9908 = VERTEX_POINT('',#9909);
#9909 = CARTESIAN_POINT('',(138.3,-99.5,1.6));
#9910 = VERTEX_POINT('',#9911);
#9911 = CARTESIAN_POINT('',(138.3,-99.5,1.635));
#9912 = LINE('',#9913,#9914);
#9913 = CARTESIAN_POINT('',(138.3,-99.5,1.6));
#9914 = VECTOR('',#9915,1.);
#9915 = DIRECTION('',(0.,0.,1.));
#9916 = ORIENTED_EDGE('',*,*,#9917,.T.);
#9917 = EDGE_CURVE('',#9910,#9918,#9920,.T.);
#9918 = VERTEX_POINT('',#9919);
#9919 = CARTESIAN_POINT('',(137.1,-99.5,1.635));
#9920 = LINE('',#9921,#9922);
#9921 = CARTESIAN_POINT('',(138.3,-99.5,1.635));
#9922 = VECTOR('',#9923,1.);
#9923 = DIRECTION('',(-1.,0.,0.));
#9924 = ORIENTED_EDGE('',*,*,#9925,.F.);
#9925 = EDGE_CURVE('',#9926,#9918,#9928,.T.);
#9926 = VERTEX_POINT('',#9927);
#9927 = CARTESIAN_POINT('',(137.1,-99.5,1.6));
#9928 = LINE('',#9929,#9930);
#9929 = CARTESIAN_POINT('',(137.1,-99.5,1.6));
#9930 = VECTOR('',#9931,1.);
#9931 = DIRECTION('',(0.,0.,1.));
#9932 = ORIENTED_EDGE('',*,*,#9933,.F.);
#9933 = EDGE_CURVE('',#9908,#9926,#9934,.T.);
#9934 = LINE('',#9935,#9936);
#9935 = CARTESIAN_POINT('',(138.3,-99.5,1.6));
#9936 = VECTOR('',#9937,1.);
#9937 = DIRECTION('',(-1.,0.,0.));
#9938 = PLANE('',#9939);
#9939 = AXIS2_PLACEMENT_3D('',#9940,#9941,#9942);
#9940 = CARTESIAN_POINT('',(138.3,-99.5,1.6));
#9941 = DIRECTION('',(0.,-1.,0.));
#9942 = DIRECTION('',(-1.,0.,0.));
#9943 = ADVANCED_FACE('',(#9944),#9969,.T.);
#9944 = FACE_BOUND('',#9945,.T.);
#9945 = EDGE_LOOP('',(#9946,#9947,#9955,#9963));
#9946 = ORIENTED_EDGE('',*,*,#9925,.T.);
#9947 = ORIENTED_EDGE('',*,*,#9948,.T.);
#9948 = EDGE_CURVE('',#9918,#9949,#9951,.T.);
#9949 = VERTEX_POINT('',#9950);
#9950 = CARTESIAN_POINT('',(137.1,-98.5,1.635));
#9951 = LINE('',#9952,#9953);
#9952 = CARTESIAN_POINT('',(137.1,-99.5,1.635));
#9953 = VECTOR('',#9954,1.);
#9954 = DIRECTION('',(0.,1.,0.));
#9955 = ORIENTED_EDGE('',*,*,#9956,.F.);
#9956 = EDGE_CURVE('',#9957,#9949,#9959,.T.);
#9957 = VERTEX_POINT('',#9958);
#9958 = CARTESIAN_POINT('',(137.1,-98.5,1.6));
#9959 = LINE('',#9960,#9961);
#9960 = CARTESIAN_POINT('',(137.1,-98.5,1.6));
#9961 = VECTOR('',#9962,1.);
#9962 = DIRECTION('',(0.,0.,1.));
#9963 = ORIENTED_EDGE('',*,*,#9964,.F.);
#9964 = EDGE_CURVE('',#9926,#9957,#9965,.T.);
#9965 = LINE('',#9966,#9967);
#9966 = CARTESIAN_POINT('',(137.1,-99.5,1.6));
#9967 = VECTOR('',#9968,1.);
#9968 = DIRECTION('',(0.,1.,0.));
#9969 = PLANE('',#9970);
#9970 = AXIS2_PLACEMENT_3D('',#9971,#9972,#9973);
#9971 = CARTESIAN_POINT('',(137.1,-99.5,1.6));
#9972 = DIRECTION('',(-1.,0.,0.));
#9973 = DIRECTION('',(0.,1.,0.));
#9974 = ADVANCED_FACE('',(#9975),#10000,.T.);
#9975 = FACE_BOUND('',#9976,.T.);
#9976 = EDGE_LOOP('',(#9977,#9978,#9986,#9994));
#9977 = ORIENTED_EDGE('',*,*,#9956,.T.);
#9978 = ORIENTED_EDGE('',*,*,#9979,.T.);
#9979 = EDGE_CURVE('',#9949,#9980,#9982,.T.);
#9980 = VERTEX_POINT('',#9981);
#9981 = CARTESIAN_POINT('',(138.3,-98.5,1.635));
#9982 = LINE('',#9983,#9984);
#9983 = CARTESIAN_POINT('',(137.1,-98.5,1.635));
#9984 = VECTOR('',#9985,1.);
#9985 = DIRECTION('',(1.,0.,0.));
#9986 = ORIENTED_EDGE('',*,*,#9987,.F.);
#9987 = EDGE_CURVE('',#9988,#9980,#9990,.T.);
#9988 = VERTEX_POINT('',#9989);
#9989 = CARTESIAN_POINT('',(138.3,-98.5,1.6));
#9990 = LINE('',#9991,#9992);
#9991 = CARTESIAN_POINT('',(138.3,-98.5,1.6));
#9992 = VECTOR('',#9993,1.);
#9993 = DIRECTION('',(0.,0.,1.));
#9994 = ORIENTED_EDGE('',*,*,#9995,.F.);
#9995 = EDGE_CURVE('',#9957,#9988,#9996,.T.);
#9996 = LINE('',#9997,#9998);
#9997 = CARTESIAN_POINT('',(137.1,-98.5,1.6));
#9998 = VECTOR('',#9999,1.);
#9999 = DIRECTION('',(1.,0.,0.));
#10000 = PLANE('',#10001);
#10001 = AXIS2_PLACEMENT_3D('',#10002,#10003,#10004);
#10002 = CARTESIAN_POINT('',(137.1,-98.5,1.6));
#10003 = DIRECTION('',(0.,1.,0.));
#10004 = DIRECTION('',(1.,0.,0.));
#10005 = ADVANCED_FACE('',(#10006),#10022,.T.);
#10006 = FACE_BOUND('',#10007,.T.);
#10007 = EDGE_LOOP('',(#10008,#10009,#10015,#10016));
#10008 = ORIENTED_EDGE('',*,*,#9987,.T.);
#10009 = ORIENTED_EDGE('',*,*,#10010,.T.);
#10010 = EDGE_CURVE('',#9980,#9910,#10011,.T.);
#10011 = LINE('',#10012,#10013);
#10012 = CARTESIAN_POINT('',(138.3,-98.5,1.635));
#10013 = VECTOR('',#10014,1.);
#10014 = DIRECTION('',(0.,-1.,0.));
#10015 = ORIENTED_EDGE('',*,*,#9907,.F.);
#10016 = ORIENTED_EDGE('',*,*,#10017,.F.);
#10017 = EDGE_CURVE('',#9988,#9908,#10018,.T.);
#10018 = LINE('',#10019,#10020);
#10019 = CARTESIAN_POINT('',(138.3,-98.5,1.6));
#10020 = VECTOR('',#10021,1.);
#10021 = DIRECTION('',(0.,-1.,0.));
#10022 = PLANE('',#10023);
#10023 = AXIS2_PLACEMENT_3D('',#10024,#10025,#10026);
#10024 = CARTESIAN_POINT('',(138.3,-98.5,1.6));
#10025 = DIRECTION('',(1.,0.,-0.));
#10026 = DIRECTION('',(0.,-1.,0.));
#10027 = ADVANCED_FACE('',(#10028),#10034,.T.);
#10028 = FACE_BOUND('',#10029,.T.);
#10029 = EDGE_LOOP('',(#10030,#10031,#10032,#10033));
#10030 = ORIENTED_EDGE('',*,*,#9933,.T.);
#10031 = ORIENTED_EDGE('',*,*,#9964,.T.);
#10032 = ORIENTED_EDGE('',*,*,#9995,.T.);
#10033 = ORIENTED_EDGE('',*,*,#10017,.T.);
#10034 = PLANE('',#10035);
#10035 = AXIS2_PLACEMENT_3D('',#10036,#10037,#10038);
#10036 = CARTESIAN_POINT('',(137.7,-99.,1.6));
#10037 = DIRECTION('',(-0.,-0.,-1.));
#10038 = DIRECTION('',(-1.,0.,0.));
#10039 = ADVANCED_FACE('',(#10040),#10046,.F.);
#10040 = FACE_BOUND('',#10041,.F.);
#10041 = EDGE_LOOP('',(#10042,#10043,#10044,#10045));
#10042 = ORIENTED_EDGE('',*,*,#9917,.T.);
#10043 = ORIENTED_EDGE('',*,*,#9948,.T.);
#10044 = ORIENTED_EDGE('',*,*,#9979,.T.);
#10045 = ORIENTED_EDGE('',*,*,#10010,.T.);
#10046 = PLANE('',#10047);
#10047 = AXIS2_PLACEMENT_3D('',#10048,#10049,#10050);
#10048 = CARTESIAN_POINT('',(137.7,-99.,1.635));
#10049 = DIRECTION('',(-0.,-0.,-1.));
#10050 = DIRECTION('',(-1.,0.,0.));
#10051 = ( GEOMETRIC_REPRESENTATION_CONTEXT(3) 
GLOBAL_UNCERTAINTY_ASSIGNED_CONTEXT((#10055)) 
GLOBAL_UNIT_ASSIGNED_CONTEXT((#10052,#10053,#10054)) 
REPRESENTATION_CONTEXT('Context #1',
  '3D Context with UNIT and UNCERTAINTY') );
#10052 = ( LENGTH_UNIT() NAMED_UNIT(*) SI_UNIT(.MILLI.,.METRE.) );
#10053 = ( NAMED_UNIT(*) PLANE_ANGLE_UNIT() SI_UNIT($,.RADIAN.) );
#10054 = ( NAMED_UNIT(*) SI_UNIT($,.STERADIAN.) SOLID_ANGLE_UNIT() );
#10055 = UNCERTAINTY_MEASURE_WITH_UNIT(LENGTH_MEASURE(1.E-07),#10052,
  'distance_accuracy_value','confusion accuracy');
#10056 = CONTEXT_DEPENDENT_SHAPE_REPRESENTATION(#10057,#10059);
#10057 = ( REPRESENTATION_RELATIONSHIP('','',#9900,#10) 
REPRESENTATION_RELATIONSHIP_WITH_TRANSFORMATION(#10058) 
SHAPE_REPRESENTATION_RELATIONSHIP() );
#10058 = ITEM_DEFINED_TRANSFORMATION('','',#11,#239);
#10059 = PRODUCT_DEFINITION_SHAPE('Placement','Placement of an item',
  #10060);
#10060 = NEXT_ASSEMBLY_USAGE_OCCURRENCE('57','=>[0:1:1:58]','',#5,#9895,
  $);
#10061 = PRODUCT_RELATED_PRODUCT_CATEGORY('part',$,(#9897));
#10062 = SHAPE_DEFINITION_REPRESENTATION(#10063,#10069);
#10063 = PRODUCT_DEFINITION_SHAPE('','',#10064);
#10064 = PRODUCT_DEFINITION('design','',#10065,#10068);
#10065 = PRODUCT_DEFINITION_FORMATION('','',#10066);
#10066 = PRODUCT('_autosave-connection pcb_pad_18',
  '_autosave-connection pcb_pad_18','',(#10067));
#10067 = PRODUCT_CONTEXT('',#2,'mechanical');
#10068 = PRODUCT_DEFINITION_CONTEXT('part definition',#2,'design');
#10069 = ADVANCED_BREP_SHAPE_REPRESENTATION('',(#11,#10070),#10220);
#10070 = MANIFOLD_SOLID_BREP('',#10071);
#10071 = CLOSED_SHELL('',(#10072,#10112,#10143,#10174,#10196,#10208));
#10072 = ADVANCED_FACE('',(#10073),#10107,.T.);
#10073 = FACE_BOUND('',#10074,.T.);
#10074 = EDGE_LOOP('',(#10075,#10085,#10093,#10101));
#10075 = ORIENTED_EDGE('',*,*,#10076,.T.);
#10076 = EDGE_CURVE('',#10077,#10079,#10081,.T.);
#10077 = VERTEX_POINT('',#10078);
#10078 = CARTESIAN_POINT('',(137.4,-110.3,1.6));
#10079 = VERTEX_POINT('',#10080);
#10080 = CARTESIAN_POINT('',(137.4,-110.3,1.635));
#10081 = LINE('',#10082,#10083);
#10082 = CARTESIAN_POINT('',(137.4,-110.3,1.6));
#10083 = VECTOR('',#10084,1.);
#10084 = DIRECTION('',(0.,0.,1.));
#10085 = ORIENTED_EDGE('',*,*,#10086,.T.);
#10086 = EDGE_CURVE('',#10079,#10087,#10089,.T.);
#10087 = VERTEX_POINT('',#10088);
#10088 = CARTESIAN_POINT('',(136.4,-110.3,1.635));
#10089 = LINE('',#10090,#10091);
#10090 = CARTESIAN_POINT('',(137.4,-110.3,1.635));
#10091 = VECTOR('',#10092,1.);
#10092 = DIRECTION('',(-1.,0.,0.));
#10093 = ORIENTED_EDGE('',*,*,#10094,.F.);
#10094 = EDGE_CURVE('',#10095,#10087,#10097,.T.);
#10095 = VERTEX_POINT('',#10096);
#10096 = CARTESIAN_POINT('',(136.4,-110.3,1.6));
#10097 = LINE('',#10098,#10099);
#10098 = CARTESIAN_POINT('',(136.4,-110.3,1.6));
#10099 = VECTOR('',#10100,1.);
#10100 = DIRECTION('',(0.,0.,1.));
#10101 = ORIENTED_EDGE('',*,*,#10102,.F.);
#10102 = EDGE_CURVE('',#10077,#10095,#10103,.T.);
#10103 = LINE('',#10104,#10105);
#10104 = CARTESIAN_POINT('',(137.4,-110.3,1.6));
#10105 = VECTOR('',#10106,1.);
#10106 = DIRECTION('',(-1.,0.,0.));
#10107 = PLANE('',#10108);
#10108 = AXIS2_PLACEMENT_3D('',#10109,#10110,#10111);
#10109 = CARTESIAN_POINT('',(137.4,-110.3,1.6));
#10110 = DIRECTION('',(0.,-1.,0.));
#10111 = DIRECTION('',(-1.,0.,0.));
#10112 = ADVANCED_FACE('',(#10113),#10138,.T.);
#10113 = FACE_BOUND('',#10114,.T.);
#10114 = EDGE_LOOP('',(#10115,#10116,#10124,#10132));
#10115 = ORIENTED_EDGE('',*,*,#10094,.T.);
#10116 = ORIENTED_EDGE('',*,*,#10117,.T.);
#10117 = EDGE_CURVE('',#10087,#10118,#10120,.T.);
#10118 = VERTEX_POINT('',#10119);
#10119 = CARTESIAN_POINT('',(136.4,-109.1,1.635));
#10120 = LINE('',#10121,#10122);
#10121 = CARTESIAN_POINT('',(136.4,-110.3,1.635));
#10122 = VECTOR('',#10123,1.);
#10123 = DIRECTION('',(0.,1.,0.));
#10124 = ORIENTED_EDGE('',*,*,#10125,.F.);
#10125 = EDGE_CURVE('',#10126,#10118,#10128,.T.);
#10126 = VERTEX_POINT('',#10127);
#10127 = CARTESIAN_POINT('',(136.4,-109.1,1.6));
#10128 = LINE('',#10129,#10130);
#10129 = CARTESIAN_POINT('',(136.4,-109.1,1.6));
#10130 = VECTOR('',#10131,1.);
#10131 = DIRECTION('',(0.,0.,1.));
#10132 = ORIENTED_EDGE('',*,*,#10133,.F.);
#10133 = EDGE_CURVE('',#10095,#10126,#10134,.T.);
#10134 = LINE('',#10135,#10136);
#10135 = CARTESIAN_POINT('',(136.4,-110.3,1.6));
#10136 = VECTOR('',#10137,1.);
#10137 = DIRECTION('',(0.,1.,0.));
#10138 = PLANE('',#10139);
#10139 = AXIS2_PLACEMENT_3D('',#10140,#10141,#10142);
#10140 = CARTESIAN_POINT('',(136.4,-110.3,1.6));
#10141 = DIRECTION('',(-1.,0.,0.));
#10142 = DIRECTION('',(0.,1.,0.));
#10143 = ADVANCED_FACE('',(#10144),#10169,.T.);
#10144 = FACE_BOUND('',#10145,.T.);
#10145 = EDGE_LOOP('',(#10146,#10147,#10155,#10163));
#10146 = ORIENTED_EDGE('',*,*,#10125,.T.);
#10147 = ORIENTED_EDGE('',*,*,#10148,.T.);
#10148 = EDGE_CURVE('',#10118,#10149,#10151,.T.);
#10149 = VERTEX_POINT('',#10150);
#10150 = CARTESIAN_POINT('',(137.4,-109.1,1.635));
#10151 = LINE('',#10152,#10153);
#10152 = CARTESIAN_POINT('',(136.4,-109.1,1.635));
#10153 = VECTOR('',#10154,1.);
#10154 = DIRECTION('',(1.,0.,0.));
#10155 = ORIENTED_EDGE('',*,*,#10156,.F.);
#10156 = EDGE_CURVE('',#10157,#10149,#10159,.T.);
#10157 = VERTEX_POINT('',#10158);
#10158 = CARTESIAN_POINT('',(137.4,-109.1,1.6));
#10159 = LINE('',#10160,#10161);
#10160 = CARTESIAN_POINT('',(137.4,-109.1,1.6));
#10161 = VECTOR('',#10162,1.);
#10162 = DIRECTION('',(0.,0.,1.));
#10163 = ORIENTED_EDGE('',*,*,#10164,.F.);
#10164 = EDGE_CURVE('',#10126,#10157,#10165,.T.);
#10165 = LINE('',#10166,#10167);
#10166 = CARTESIAN_POINT('',(136.4,-109.1,1.6));
#10167 = VECTOR('',#10168,1.);
#10168 = DIRECTION('',(1.,0.,0.));
#10169 = PLANE('',#10170);
#10170 = AXIS2_PLACEMENT_3D('',#10171,#10172,#10173);
#10171 = CARTESIAN_POINT('',(136.4,-109.1,1.6));
#10172 = DIRECTION('',(0.,1.,0.));
#10173 = DIRECTION('',(1.,0.,0.));
#10174 = ADVANCED_FACE('',(#10175),#10191,.T.);
#10175 = FACE_BOUND('',#10176,.T.);
#10176 = EDGE_LOOP('',(#10177,#10178,#10184,#10185));
#10177 = ORIENTED_EDGE('',*,*,#10156,.T.);
#10178 = ORIENTED_EDGE('',*,*,#10179,.T.);
#10179 = EDGE_CURVE('',#10149,#10079,#10180,.T.);
#10180 = LINE('',#10181,#10182);
#10181 = CARTESIAN_POINT('',(137.4,-109.1,1.635));
#10182 = VECTOR('',#10183,1.);
#10183 = DIRECTION('',(0.,-1.,0.));
#10184 = ORIENTED_EDGE('',*,*,#10076,.F.);
#10185 = ORIENTED_EDGE('',*,*,#10186,.F.);
#10186 = EDGE_CURVE('',#10157,#10077,#10187,.T.);
#10187 = LINE('',#10188,#10189);
#10188 = CARTESIAN_POINT('',(137.4,-109.1,1.6));
#10189 = VECTOR('',#10190,1.);
#10190 = DIRECTION('',(0.,-1.,0.));
#10191 = PLANE('',#10192);
#10192 = AXIS2_PLACEMENT_3D('',#10193,#10194,#10195);
#10193 = CARTESIAN_POINT('',(137.4,-109.1,1.6));
#10194 = DIRECTION('',(1.,0.,-0.));
#10195 = DIRECTION('',(0.,-1.,0.));
#10196 = ADVANCED_FACE('',(#10197),#10203,.T.);
#10197 = FACE_BOUND('',#10198,.T.);
#10198 = EDGE_LOOP('',(#10199,#10200,#10201,#10202));
#10199 = ORIENTED_EDGE('',*,*,#10102,.T.);
#10200 = ORIENTED_EDGE('',*,*,#10133,.T.);
#10201 = ORIENTED_EDGE('',*,*,#10164,.T.);
#10202 = ORIENTED_EDGE('',*,*,#10186,.T.);
#10203 = PLANE('',#10204);
#10204 = AXIS2_PLACEMENT_3D('',#10205,#10206,#10207);
#10205 = CARTESIAN_POINT('',(136.9,-109.7,1.6));
#10206 = DIRECTION('',(-0.,-0.,-1.));
#10207 = DIRECTION('',(-1.,0.,0.));
#10208 = ADVANCED_FACE('',(#10209),#10215,.F.);
#10209 = FACE_BOUND('',#10210,.F.);
#10210 = EDGE_LOOP('',(#10211,#10212,#10213,#10214));
#10211 = ORIENTED_EDGE('',*,*,#10086,.T.);
#10212 = ORIENTED_EDGE('',*,*,#10117,.T.);
#10213 = ORIENTED_EDGE('',*,*,#10148,.T.);
#10214 = ORIENTED_EDGE('',*,*,#10179,.T.);
#10215 = PLANE('',#10216);
#10216 = AXIS2_PLACEMENT_3D('',#10217,#10218,#10219);
#10217 = CARTESIAN_POINT('',(136.9,-109.7,1.635));
#10218 = DIRECTION('',(-0.,-0.,-1.));
#10219 = DIRECTION('',(-1.,0.,0.));
#10220 = ( GEOMETRIC_REPRESENTATION_CONTEXT(3) 
GLOBAL_UNCERTAINTY_ASSIGNED_CONTEXT((#10224)) 
GLOBAL_UNIT_ASSIGNED_CONTEXT((#10221,#10222,#10223)) 
REPRESENTATION_CONTEXT('Context #1',
  '3D Context with UNIT and UNCERTAINTY') );
#10221 = ( LENGTH_UNIT() NAMED_UNIT(*) SI_UNIT(.MILLI.,.METRE.) );
#10222 = ( NAMED_UNIT(*) PLANE_ANGLE_UNIT() SI_UNIT($,.RADIAN.) );
#10223 = ( NAMED_UNIT(*) SI_UNIT($,.STERADIAN.) SOLID_ANGLE_UNIT() );
#10224 = UNCERTAINTY_MEASURE_WITH_UNIT(LENGTH_MEASURE(1.E-07),#10221,
  'distance_accuracy_value','confusion accuracy');
#10225 = CONTEXT_DEPENDENT_SHAPE_REPRESENTATION(#10226,#10228);
#10226 = ( REPRESENTATION_RELATIONSHIP('','',#10069,#10) 
REPRESENTATION_RELATIONSHIP_WITH_TRANSFORMATION(#10227) 
SHAPE_REPRESENTATION_RELATIONSHIP() );
#10227 = ITEM_DEFINED_TRANSFORMATION('','',#11,#243);
#10228 = PRODUCT_DEFINITION_SHAPE('Placement','Placement of an item',
  #10229);
#10229 = NEXT_ASSEMBLY_USAGE_OCCURRENCE('58','=>[0:1:1:59]','',#5,#10064
  ,$);
#10230 = PRODUCT_RELATED_PRODUCT_CATEGORY('part',$,(#10066));
#10231 = SHAPE_DEFINITION_REPRESENTATION(#10232,#10238);
#10232 = PRODUCT_DEFINITION_SHAPE('','',#10233);
#10233 = PRODUCT_DEFINITION('design','',#10234,#10237);
#10234 = PRODUCT_DEFINITION_FORMATION('','',#10235);
#10235 = PRODUCT('_autosave-connection pcb_pad_19',
  '_autosave-connection pcb_pad_19','',(#10236));
#10236 = PRODUCT_CONTEXT('',#2,'mechanical');
#10237 = PRODUCT_DEFINITION_CONTEXT('part definition',#2,'design');
#10238 = ADVANCED_BREP_SHAPE_REPRESENTATION('',(#11,#10239),#10389);
#10239 = MANIFOLD_SOLID_BREP('',#10240);
#10240 = CLOSED_SHELL('',(#10241,#10281,#10312,#10343,#10365,#10377));
#10241 = ADVANCED_FACE('',(#10242),#10276,.T.);
#10242 = FACE_BOUND('',#10243,.T.);
#10243 = EDGE_LOOP('',(#10244,#10254,#10262,#10270));
#10244 = ORIENTED_EDGE('',*,*,#10245,.T.);
#10245 = EDGE_CURVE('',#10246,#10248,#10250,.T.);
#10246 = VERTEX_POINT('',#10247);
#10247 = CARTESIAN_POINT('',(134.8,-98.3,1.6));
#10248 = VERTEX_POINT('',#10249);
#10249 = CARTESIAN_POINT('',(134.8,-98.3,1.635));
#10250 = LINE('',#10251,#10252);
#10251 = CARTESIAN_POINT('',(134.8,-98.3,1.6));
#10252 = VECTOR('',#10253,1.);
#10253 = DIRECTION('',(0.,0.,1.));
#10254 = ORIENTED_EDGE('',*,*,#10255,.T.);
#10255 = EDGE_CURVE('',#10248,#10256,#10258,.T.);
#10256 = VERTEX_POINT('',#10257);
#10257 = CARTESIAN_POINT('',(133.6,-98.3,1.635));
#10258 = LINE('',#10259,#10260);
#10259 = CARTESIAN_POINT('',(134.8,-98.3,1.635));
#10260 = VECTOR('',#10261,1.);
#10261 = DIRECTION('',(-1.,0.,0.));
#10262 = ORIENTED_EDGE('',*,*,#10263,.F.);
#10263 = EDGE_CURVE('',#10264,#10256,#10266,.T.);
#10264 = VERTEX_POINT('',#10265);
#10265 = CARTESIAN_POINT('',(133.6,-98.3,1.6));
#10266 = LINE('',#10267,#10268);
#10267 = CARTESIAN_POINT('',(133.6,-98.3,1.6));
#10268 = VECTOR('',#10269,1.);
#10269 = DIRECTION('',(0.,0.,1.));
#10270 = ORIENTED_EDGE('',*,*,#10271,.F.);
#10271 = EDGE_CURVE('',#10246,#10264,#10272,.T.);
#10272 = LINE('',#10273,#10274);
#10273 = CARTESIAN_POINT('',(134.8,-98.3,1.6));
#10274 = VECTOR('',#10275,1.);
#10275 = DIRECTION('',(-1.,0.,0.));
#10276 = PLANE('',#10277);
#10277 = AXIS2_PLACEMENT_3D('',#10278,#10279,#10280);
#10278 = CARTESIAN_POINT('',(134.8,-98.3,1.6));
#10279 = DIRECTION('',(0.,-1.,0.));
#10280 = DIRECTION('',(-1.,0.,0.));
#10281 = ADVANCED_FACE('',(#10282),#10307,.T.);
#10282 = FACE_BOUND('',#10283,.T.);
#10283 = EDGE_LOOP('',(#10284,#10285,#10293,#10301));
#10284 = ORIENTED_EDGE('',*,*,#10263,.T.);
#10285 = ORIENTED_EDGE('',*,*,#10286,.T.);
#10286 = EDGE_CURVE('',#10256,#10287,#10289,.T.);
#10287 = VERTEX_POINT('',#10288);
#10288 = CARTESIAN_POINT('',(133.6,-97.3,1.635));
#10289 = LINE('',#10290,#10291);
#10290 = CARTESIAN_POINT('',(133.6,-98.3,1.635));
#10291 = VECTOR('',#10292,1.);
#10292 = DIRECTION('',(0.,1.,0.));
#10293 = ORIENTED_EDGE('',*,*,#10294,.F.);
#10294 = EDGE_CURVE('',#10295,#10287,#10297,.T.);
#10295 = VERTEX_POINT('',#10296);
#10296 = CARTESIAN_POINT('',(133.6,-97.3,1.6));
#10297 = LINE('',#10298,#10299);
#10298 = CARTESIAN_POINT('',(133.6,-97.3,1.6));
#10299 = VECTOR('',#10300,1.);
#10300 = DIRECTION('',(0.,0.,1.));
#10301 = ORIENTED_EDGE('',*,*,#10302,.F.);
#10302 = EDGE_CURVE('',#10264,#10295,#10303,.T.);
#10303 = LINE('',#10304,#10305);
#10304 = CARTESIAN_POINT('',(133.6,-98.3,1.6));
#10305 = VECTOR('',#10306,1.);
#10306 = DIRECTION('',(0.,1.,0.));
#10307 = PLANE('',#10308);
#10308 = AXIS2_PLACEMENT_3D('',#10309,#10310,#10311);
#10309 = CARTESIAN_POINT('',(133.6,-98.3,1.6));
#10310 = DIRECTION('',(-1.,0.,0.));
#10311 = DIRECTION('',(0.,1.,0.));
#10312 = ADVANCED_FACE('',(#10313),#10338,.T.);
#10313 = FACE_BOUND('',#10314,.T.);
#10314 = EDGE_LOOP('',(#10315,#10316,#10324,#10332));
#10315 = ORIENTED_EDGE('',*,*,#10294,.T.);
#10316 = ORIENTED_EDGE('',*,*,#10317,.T.);
#10317 = EDGE_CURVE('',#10287,#10318,#10320,.T.);
#10318 = VERTEX_POINT('',#10319);
#10319 = CARTESIAN_POINT('',(134.8,-97.3,1.635));
#10320 = LINE('',#10321,#10322);
#10321 = CARTESIAN_POINT('',(133.6,-97.3,1.635));
#10322 = VECTOR('',#10323,1.);
#10323 = DIRECTION('',(1.,0.,0.));
#10324 = ORIENTED_EDGE('',*,*,#10325,.F.);
#10325 = EDGE_CURVE('',#10326,#10318,#10328,.T.);
#10326 = VERTEX_POINT('',#10327);
#10327 = CARTESIAN_POINT('',(134.8,-97.3,1.6));
#10328 = LINE('',#10329,#10330);
#10329 = CARTESIAN_POINT('',(134.8,-97.3,1.6));
#10330 = VECTOR('',#10331,1.);
#10331 = DIRECTION('',(0.,0.,1.));
#10332 = ORIENTED_EDGE('',*,*,#10333,.F.);
#10333 = EDGE_CURVE('',#10295,#10326,#10334,.T.);
#10334 = LINE('',#10335,#10336);
#10335 = CARTESIAN_POINT('',(133.6,-97.3,1.6));
#10336 = VECTOR('',#10337,1.);
#10337 = DIRECTION('',(1.,0.,0.));
#10338 = PLANE('',#10339);
#10339 = AXIS2_PLACEMENT_3D('',#10340,#10341,#10342);
#10340 = CARTESIAN_POINT('',(133.6,-97.3,1.6));
#10341 = DIRECTION('',(0.,1.,0.));
#10342 = DIRECTION('',(1.,0.,0.));
#10343 = ADVANCED_FACE('',(#10344),#10360,.T.);
#10344 = FACE_BOUND('',#10345,.T.);
#10345 = EDGE_LOOP('',(#10346,#10347,#10353,#10354));
#10346 = ORIENTED_EDGE('',*,*,#10325,.T.);
#10347 = ORIENTED_EDGE('',*,*,#10348,.T.);
#10348 = EDGE_CURVE('',#10318,#10248,#10349,.T.);
#10349 = LINE('',#10350,#10351);
#10350 = CARTESIAN_POINT('',(134.8,-97.3,1.635));
#10351 = VECTOR('',#10352,1.);
#10352 = DIRECTION('',(0.,-1.,0.));
#10353 = ORIENTED_EDGE('',*,*,#10245,.F.);
#10354 = ORIENTED_EDGE('',*,*,#10355,.F.);
#10355 = EDGE_CURVE('',#10326,#10246,#10356,.T.);
#10356 = LINE('',#10357,#10358);
#10357 = CARTESIAN_POINT('',(134.8,-97.3,1.6));
#10358 = VECTOR('',#10359,1.);
#10359 = DIRECTION('',(0.,-1.,0.));
#10360 = PLANE('',#10361);
#10361 = AXIS2_PLACEMENT_3D('',#10362,#10363,#10364);
#10362 = CARTESIAN_POINT('',(134.8,-97.3,1.6));
#10363 = DIRECTION('',(1.,0.,-0.));
#10364 = DIRECTION('',(0.,-1.,0.));
#10365 = ADVANCED_FACE('',(#10366),#10372,.T.);
#10366 = FACE_BOUND('',#10367,.T.);
#10367 = EDGE_LOOP('',(#10368,#10369,#10370,#10371));
#10368 = ORIENTED_EDGE('',*,*,#10271,.T.);
#10369 = ORIENTED_EDGE('',*,*,#10302,.T.);
#10370 = ORIENTED_EDGE('',*,*,#10333,.T.);
#10371 = ORIENTED_EDGE('',*,*,#10355,.T.);
#10372 = PLANE('',#10373);
#10373 = AXIS2_PLACEMENT_3D('',#10374,#10375,#10376);
#10374 = CARTESIAN_POINT('',(134.2,-97.8,1.6));
#10375 = DIRECTION('',(-0.,-0.,-1.));
#10376 = DIRECTION('',(-1.,0.,0.));
#10377 = ADVANCED_FACE('',(#10378),#10384,.F.);
#10378 = FACE_BOUND('',#10379,.F.);
#10379 = EDGE_LOOP('',(#10380,#10381,#10382,#10383));
#10380 = ORIENTED_EDGE('',*,*,#10255,.T.);
#10381 = ORIENTED_EDGE('',*,*,#10286,.T.);
#10382 = ORIENTED_EDGE('',*,*,#10317,.T.);
#10383 = ORIENTED_EDGE('',*,*,#10348,.T.);
#10384 = PLANE('',#10385);
#10385 = AXIS2_PLACEMENT_3D('',#10386,#10387,#10388);
#10386 = CARTESIAN_POINT('',(134.2,-97.8,1.635));
#10387 = DIRECTION('',(-0.,-0.,-1.));
#10388 = DIRECTION('',(-1.,0.,0.));
#10389 = ( GEOMETRIC_REPRESENTATION_CONTEXT(3) 
GLOBAL_UNCERTAINTY_ASSIGNED_CONTEXT((#10393)) 
GLOBAL_UNIT_ASSIGNED_CONTEXT((#10390,#10391,#10392)) 
REPRESENTATION_CONTEXT('Context #1',
  '3D Context with UNIT and UNCERTAINTY') );
#10390 = ( LENGTH_UNIT() NAMED_UNIT(*) SI_UNIT(.MILLI.,.METRE.) );
#10391 = ( NAMED_UNIT(*) PLANE_ANGLE_UNIT() SI_UNIT($,.RADIAN.) );
#10392 = ( NAMED_UNIT(*) SI_UNIT($,.STERADIAN.) SOLID_ANGLE_UNIT() );
#10393 = UNCERTAINTY_MEASURE_WITH_UNIT(LENGTH_MEASURE(1.E-07),#10390,
  'distance_accuracy_value','confusion accuracy');
#10394 = CONTEXT_DEPENDENT_SHAPE_REPRESENTATION(#10395,#10397);
#10395 = ( REPRESENTATION_RELATIONSHIP('','',#10238,#10) 
REPRESENTATION_RELATIONSHIP_WITH_TRANSFORMATION(#10396) 
SHAPE_REPRESENTATION_RELATIONSHIP() );
#10396 = ITEM_DEFINED_TRANSFORMATION('','',#11,#247);
#10397 = PRODUCT_DEFINITION_SHAPE('Placement','Placement of an item',
  #10398);
#10398 = NEXT_ASSEMBLY_USAGE_OCCURRENCE('59','=>[0:1:1:60]','',#5,#10233
  ,$);
#10399 = PRODUCT_RELATED_PRODUCT_CATEGORY('part',$,(#10235));
#10400 = SHAPE_DEFINITION_REPRESENTATION(#10401,#10407);
#10401 = PRODUCT_DEFINITION_SHAPE('','',#10402);
#10402 = PRODUCT_DEFINITION('design','',#10403,#10406);
#10403 = PRODUCT_DEFINITION_FORMATION('','',#10404);
#10404 = PRODUCT('_autosave-connection pcb_pad_20',
  '_autosave-connection pcb_pad_20','',(#10405));
#10405 = PRODUCT_CONTEXT('',#2,'mechanical');
#10406 = PRODUCT_DEFINITION_CONTEXT('part definition',#2,'design');
#10407 = ADVANCED_BREP_SHAPE_REPRESENTATION('',(#11,#10408),#10558);
#10408 = MANIFOLD_SOLID_BREP('',#10409);
#10409 = CLOSED_SHELL('',(#10410,#10450,#10481,#10512,#10534,#10546));
#10410 = ADVANCED_FACE('',(#10411),#10445,.T.);
#10411 = FACE_BOUND('',#10412,.T.);
#10412 = EDGE_LOOP('',(#10413,#10423,#10431,#10439));
#10413 = ORIENTED_EDGE('',*,*,#10414,.T.);
#10414 = EDGE_CURVE('',#10415,#10417,#10419,.T.);
#10415 = VERTEX_POINT('',#10416);
#10416 = CARTESIAN_POINT('',(134.8,-110.3,1.6));
#10417 = VERTEX_POINT('',#10418);
#10418 = CARTESIAN_POINT('',(134.8,-110.3,1.635));
#10419 = LINE('',#10420,#10421);
#10420 = CARTESIAN_POINT('',(134.8,-110.3,1.6));
#10421 = VECTOR('',#10422,1.);
#10422 = DIRECTION('',(0.,0.,1.));
#10423 = ORIENTED_EDGE('',*,*,#10424,.T.);
#10424 = EDGE_CURVE('',#10417,#10425,#10427,.T.);
#10425 = VERTEX_POINT('',#10426);
#10426 = CARTESIAN_POINT('',(133.8,-110.3,1.635));
#10427 = LINE('',#10428,#10429);
#10428 = CARTESIAN_POINT('',(134.8,-110.3,1.635));
#10429 = VECTOR('',#10430,1.);
#10430 = DIRECTION('',(-1.,0.,0.));
#10431 = ORIENTED_EDGE('',*,*,#10432,.F.);
#10432 = EDGE_CURVE('',#10433,#10425,#10435,.T.);
#10433 = VERTEX_POINT('',#10434);
#10434 = CARTESIAN_POINT('',(133.8,-110.3,1.6));
#10435 = LINE('',#10436,#10437);
#10436 = CARTESIAN_POINT('',(133.8,-110.3,1.6));
#10437 = VECTOR('',#10438,1.);
#10438 = DIRECTION('',(0.,0.,1.));
#10439 = ORIENTED_EDGE('',*,*,#10440,.F.);
#10440 = EDGE_CURVE('',#10415,#10433,#10441,.T.);
#10441 = LINE('',#10442,#10443);
#10442 = CARTESIAN_POINT('',(134.8,-110.3,1.6));
#10443 = VECTOR('',#10444,1.);
#10444 = DIRECTION('',(-1.,0.,0.));
#10445 = PLANE('',#10446);
#10446 = AXIS2_PLACEMENT_3D('',#10447,#10448,#10449);
#10447 = CARTESIAN_POINT('',(134.8,-110.3,1.6));
#10448 = DIRECTION('',(0.,-1.,0.));
#10449 = DIRECTION('',(-1.,0.,0.));
#10450 = ADVANCED_FACE('',(#10451),#10476,.T.);
#10451 = FACE_BOUND('',#10452,.T.);
#10452 = EDGE_LOOP('',(#10453,#10454,#10462,#10470));
#10453 = ORIENTED_EDGE('',*,*,#10432,.T.);
#10454 = ORIENTED_EDGE('',*,*,#10455,.T.);
#10455 = EDGE_CURVE('',#10425,#10456,#10458,.T.);
#10456 = VERTEX_POINT('',#10457);
#10457 = CARTESIAN_POINT('',(133.8,-109.1,1.635));
#10458 = LINE('',#10459,#10460);
#10459 = CARTESIAN_POINT('',(133.8,-110.3,1.635));
#10460 = VECTOR('',#10461,1.);
#10461 = DIRECTION('',(0.,1.,0.));
#10462 = ORIENTED_EDGE('',*,*,#10463,.F.);
#10463 = EDGE_CURVE('',#10464,#10456,#10466,.T.);
#10464 = VERTEX_POINT('',#10465);
#10465 = CARTESIAN_POINT('',(133.8,-109.1,1.6));
#10466 = LINE('',#10467,#10468);
#10467 = CARTESIAN_POINT('',(133.8,-109.1,1.6));
#10468 = VECTOR('',#10469,1.);
#10469 = DIRECTION('',(0.,0.,1.));
#10470 = ORIENTED_EDGE('',*,*,#10471,.F.);
#10471 = EDGE_CURVE('',#10433,#10464,#10472,.T.);
#10472 = LINE('',#10473,#10474);
#10473 = CARTESIAN_POINT('',(133.8,-110.3,1.6));
#10474 = VECTOR('',#10475,1.);
#10475 = DIRECTION('',(0.,1.,0.));
#10476 = PLANE('',#10477);
#10477 = AXIS2_PLACEMENT_3D('',#10478,#10479,#10480);
#10478 = CARTESIAN_POINT('',(133.8,-110.3,1.6));
#10479 = DIRECTION('',(-1.,0.,0.));
#10480 = DIRECTION('',(0.,1.,0.));
#10481 = ADVANCED_FACE('',(#10482),#10507,.T.);
#10482 = FACE_BOUND('',#10483,.T.);
#10483 = EDGE_LOOP('',(#10484,#10485,#10493,#10501));
#10484 = ORIENTED_EDGE('',*,*,#10463,.T.);
#10485 = ORIENTED_EDGE('',*,*,#10486,.T.);
#10486 = EDGE_CURVE('',#10456,#10487,#10489,.T.);
#10487 = VERTEX_POINT('',#10488);
#10488 = CARTESIAN_POINT('',(134.8,-109.1,1.635));
#10489 = LINE('',#10490,#10491);
#10490 = CARTESIAN_POINT('',(133.8,-109.1,1.635));
#10491 = VECTOR('',#10492,1.);
#10492 = DIRECTION('',(1.,0.,0.));
#10493 = ORIENTED_EDGE('',*,*,#10494,.F.);
#10494 = EDGE_CURVE('',#10495,#10487,#10497,.T.);
#10495 = VERTEX_POINT('',#10496);
#10496 = CARTESIAN_POINT('',(134.8,-109.1,1.6));
#10497 = LINE('',#10498,#10499);
#10498 = CARTESIAN_POINT('',(134.8,-109.1,1.6));
#10499 = VECTOR('',#10500,1.);
#10500 = DIRECTION('',(0.,0.,1.));
#10501 = ORIENTED_EDGE('',*,*,#10502,.F.);
#10502 = EDGE_CURVE('',#10464,#10495,#10503,.T.);
#10503 = LINE('',#10504,#10505);
#10504 = CARTESIAN_POINT('',(133.8,-109.1,1.6));
#10505 = VECTOR('',#10506,1.);
#10506 = DIRECTION('',(1.,0.,0.));
#10507 = PLANE('',#10508);
#10508 = AXIS2_PLACEMENT_3D('',#10509,#10510,#10511);
#10509 = CARTESIAN_POINT('',(133.8,-109.1,1.6));
#10510 = DIRECTION('',(0.,1.,0.));
#10511 = DIRECTION('',(1.,0.,0.));
#10512 = ADVANCED_FACE('',(#10513),#10529,.T.);
#10513 = FACE_BOUND('',#10514,.T.);
#10514 = EDGE_LOOP('',(#10515,#10516,#10522,#10523));
#10515 = ORIENTED_EDGE('',*,*,#10494,.T.);
#10516 = ORIENTED_EDGE('',*,*,#10517,.T.);
#10517 = EDGE_CURVE('',#10487,#10417,#10518,.T.);
#10518 = LINE('',#10519,#10520);
#10519 = CARTESIAN_POINT('',(134.8,-109.1,1.635));
#10520 = VECTOR('',#10521,1.);
#10521 = DIRECTION('',(0.,-1.,0.));
#10522 = ORIENTED_EDGE('',*,*,#10414,.F.);
#10523 = ORIENTED_EDGE('',*,*,#10524,.F.);
#10524 = EDGE_CURVE('',#10495,#10415,#10525,.T.);
#10525 = LINE('',#10526,#10527);
#10526 = CARTESIAN_POINT('',(134.8,-109.1,1.6));
#10527 = VECTOR('',#10528,1.);
#10528 = DIRECTION('',(0.,-1.,0.));
#10529 = PLANE('',#10530);
#10530 = AXIS2_PLACEMENT_3D('',#10531,#10532,#10533);
#10531 = CARTESIAN_POINT('',(134.8,-109.1,1.6));
#10532 = DIRECTION('',(1.,0.,-0.));
#10533 = DIRECTION('',(0.,-1.,0.));
#10534 = ADVANCED_FACE('',(#10535),#10541,.T.);
#10535 = FACE_BOUND('',#10536,.T.);
#10536 = EDGE_LOOP('',(#10537,#10538,#10539,#10540));
#10537 = ORIENTED_EDGE('',*,*,#10440,.T.);
#10538 = ORIENTED_EDGE('',*,*,#10471,.T.);
#10539 = ORIENTED_EDGE('',*,*,#10502,.T.);
#10540 = ORIENTED_EDGE('',*,*,#10524,.T.);
#10541 = PLANE('',#10542);
#10542 = AXIS2_PLACEMENT_3D('',#10543,#10544,#10545);
#10543 = CARTESIAN_POINT('',(134.3,-109.7,1.6));
#10544 = DIRECTION('',(-0.,-0.,-1.));
#10545 = DIRECTION('',(-1.,0.,0.));
#10546 = ADVANCED_FACE('',(#10547),#10553,.F.);
#10547 = FACE_BOUND('',#10548,.F.);
#10548 = EDGE_LOOP('',(#10549,#10550,#10551,#10552));
#10549 = ORIENTED_EDGE('',*,*,#10424,.T.);
#10550 = ORIENTED_EDGE('',*,*,#10455,.T.);
#10551 = ORIENTED_EDGE('',*,*,#10486,.T.);
#10552 = ORIENTED_EDGE('',*,*,#10517,.T.);
#10553 = PLANE('',#10554);
#10554 = AXIS2_PLACEMENT_3D('',#10555,#10556,#10557);
#10555 = CARTESIAN_POINT('',(134.3,-109.7,1.635));
#10556 = DIRECTION('',(-0.,-0.,-1.));
#10557 = DIRECTION('',(-1.,0.,0.));
#10558 = ( GEOMETRIC_REPRESENTATION_CONTEXT(3) 
GLOBAL_UNCERTAINTY_ASSIGNED_CONTEXT((#10562)) 
GLOBAL_UNIT_ASSIGNED_CONTEXT((#10559,#10560,#10561)) 
REPRESENTATION_CONTEXT('Context #1',
  '3D Context with UNIT and UNCERTAINTY') );
#10559 = ( LENGTH_UNIT() NAMED_UNIT(*) SI_UNIT(.MILLI.,.METRE.) );
#10560 = ( NAMED_UNIT(*) PLANE_ANGLE_UNIT() SI_UNIT($,.RADIAN.) );
#10561 = ( NAMED_UNIT(*) SI_UNIT($,.STERADIAN.) SOLID_ANGLE_UNIT() );
#10562 = UNCERTAINTY_MEASURE_WITH_UNIT(LENGTH_MEASURE(1.E-07),#10559,
  'distance_accuracy_value','confusion accuracy');
#10563 = CONTEXT_DEPENDENT_SHAPE_REPRESENTATION(#10564,#10566);
#10564 = ( REPRESENTATION_RELATIONSHIP('','',#10407,#10) 
REPRESENTATION_RELATIONSHIP_WITH_TRANSFORMATION(#10565) 
SHAPE_REPRESENTATION_RELATIONSHIP() );
#10565 = ITEM_DEFINED_TRANSFORMATION('','',#11,#251);
#10566 = PRODUCT_DEFINITION_SHAPE('Placement','Placement of an item',
  #10567);
#10567 = NEXT_ASSEMBLY_USAGE_OCCURRENCE('60','=>[0:1:1:61]','',#5,#10402
  ,$);
#10568 = PRODUCT_RELATED_PRODUCT_CATEGORY('part',$,(#10404));
#10569 = SHAPE_DEFINITION_REPRESENTATION(#10570,#10576);
#10570 = PRODUCT_DEFINITION_SHAPE('','',#10571);
#10571 = PRODUCT_DEFINITION('design','',#10572,#10575);
#10572 = PRODUCT_DEFINITION_FORMATION('','',#10573);
#10573 = PRODUCT('_autosave-connection pcb_pad_21',
  '_autosave-connection pcb_pad_21','',(#10574));
#10574 = PRODUCT_CONTEXT('',#2,'mechanical');
#10575 = PRODUCT_DEFINITION_CONTEXT('part definition',#2,'design');
#10576 = ADVANCED_BREP_SHAPE_REPRESENTATION('',(#11,#10577),#10727);
#10577 = MANIFOLD_SOLID_BREP('',#10578);
#10578 = CLOSED_SHELL('',(#10579,#10619,#10650,#10681,#10703,#10715));
#10579 = ADVANCED_FACE('',(#10580),#10614,.T.);
#10580 = FACE_BOUND('',#10581,.T.);
#10581 = EDGE_LOOP('',(#10582,#10592,#10600,#10608));
#10582 = ORIENTED_EDGE('',*,*,#10583,.T.);
#10583 = EDGE_CURVE('',#10584,#10586,#10588,.T.);
#10584 = VERTEX_POINT('',#10585);
#10585 = CARTESIAN_POINT('',(134.8,-103.2,1.6));
#10586 = VERTEX_POINT('',#10587);
#10587 = CARTESIAN_POINT('',(134.8,-103.2,1.635));
#10588 = LINE('',#10589,#10590);
#10589 = CARTESIAN_POINT('',(134.8,-103.2,1.6));
#10590 = VECTOR('',#10591,1.);
#10591 = DIRECTION('',(0.,0.,1.));
#10592 = ORIENTED_EDGE('',*,*,#10593,.T.);
#10593 = EDGE_CURVE('',#10586,#10594,#10596,.T.);
#10594 = VERTEX_POINT('',#10595);
#10595 = CARTESIAN_POINT('',(133.6,-103.2,1.635));
#10596 = LINE('',#10597,#10598);
#10597 = CARTESIAN_POINT('',(134.8,-103.2,1.635));
#10598 = VECTOR('',#10599,1.);
#10599 = DIRECTION('',(-1.,0.,0.));
#10600 = ORIENTED_EDGE('',*,*,#10601,.F.);
#10601 = EDGE_CURVE('',#10602,#10594,#10604,.T.);
#10602 = VERTEX_POINT('',#10603);
#10603 = CARTESIAN_POINT('',(133.6,-103.2,1.6));
#10604 = LINE('',#10605,#10606);
#10605 = CARTESIAN_POINT('',(133.6,-103.2,1.6));
#10606 = VECTOR('',#10607,1.);
#10607 = DIRECTION('',(0.,0.,1.));
#10608 = ORIENTED_EDGE('',*,*,#10609,.F.);
#10609 = EDGE_CURVE('',#10584,#10602,#10610,.T.);
#10610 = LINE('',#10611,#10612);
#10611 = CARTESIAN_POINT('',(134.8,-103.2,1.6));
#10612 = VECTOR('',#10613,1.);
#10613 = DIRECTION('',(-1.,0.,0.));
#10614 = PLANE('',#10615);
#10615 = AXIS2_PLACEMENT_3D('',#10616,#10617,#10618);
#10616 = CARTESIAN_POINT('',(134.8,-103.2,1.6));
#10617 = DIRECTION('',(0.,-1.,0.));
#10618 = DIRECTION('',(-1.,0.,0.));
#10619 = ADVANCED_FACE('',(#10620),#10645,.T.);
#10620 = FACE_BOUND('',#10621,.T.);
#10621 = EDGE_LOOP('',(#10622,#10623,#10631,#10639));
#10622 = ORIENTED_EDGE('',*,*,#10601,.T.);
#10623 = ORIENTED_EDGE('',*,*,#10624,.T.);
#10624 = EDGE_CURVE('',#10594,#10625,#10627,.T.);
#10625 = VERTEX_POINT('',#10626);
#10626 = CARTESIAN_POINT('',(133.6,-102.2,1.635));
#10627 = LINE('',#10628,#10629);
#10628 = CARTESIAN_POINT('',(133.6,-103.2,1.635));
#10629 = VECTOR('',#10630,1.);
#10630 = DIRECTION('',(0.,1.,0.));
#10631 = ORIENTED_EDGE('',*,*,#10632,.F.);
#10632 = EDGE_CURVE('',#10633,#10625,#10635,.T.);
#10633 = VERTEX_POINT('',#10634);
#10634 = CARTESIAN_POINT('',(133.6,-102.2,1.6));
#10635 = LINE('',#10636,#10637);
#10636 = CARTESIAN_POINT('',(133.6,-102.2,1.6));
#10637 = VECTOR('',#10638,1.);
#10638 = DIRECTION('',(0.,0.,1.));
#10639 = ORIENTED_EDGE('',*,*,#10640,.F.);
#10640 = EDGE_CURVE('',#10602,#10633,#10641,.T.);
#10641 = LINE('',#10642,#10643);
#10642 = CARTESIAN_POINT('',(133.6,-103.2,1.6));
#10643 = VECTOR('',#10644,1.);
#10644 = DIRECTION('',(0.,1.,0.));
#10645 = PLANE('',#10646);
#10646 = AXIS2_PLACEMENT_3D('',#10647,#10648,#10649);
#10647 = CARTESIAN_POINT('',(133.6,-103.2,1.6));
#10648 = DIRECTION('',(-1.,0.,0.));
#10649 = DIRECTION('',(0.,1.,0.));
#10650 = ADVANCED_FACE('',(#10651),#10676,.T.);
#10651 = FACE_BOUND('',#10652,.T.);
#10652 = EDGE_LOOP('',(#10653,#10654,#10662,#10670));
#10653 = ORIENTED_EDGE('',*,*,#10632,.T.);
#10654 = ORIENTED_EDGE('',*,*,#10655,.T.);
#10655 = EDGE_CURVE('',#10625,#10656,#10658,.T.);
#10656 = VERTEX_POINT('',#10657);
#10657 = CARTESIAN_POINT('',(134.8,-102.2,1.635));
#10658 = LINE('',#10659,#10660);
#10659 = CARTESIAN_POINT('',(133.6,-102.2,1.635));
#10660 = VECTOR('',#10661,1.);
#10661 = DIRECTION('',(1.,0.,0.));
#10662 = ORIENTED_EDGE('',*,*,#10663,.F.);
#10663 = EDGE_CURVE('',#10664,#10656,#10666,.T.);
#10664 = VERTEX_POINT('',#10665);
#10665 = CARTESIAN_POINT('',(134.8,-102.2,1.6));
#10666 = LINE('',#10667,#10668);
#10667 = CARTESIAN_POINT('',(134.8,-102.2,1.6));
#10668 = VECTOR('',#10669,1.);
#10669 = DIRECTION('',(0.,0.,1.));
#10670 = ORIENTED_EDGE('',*,*,#10671,.F.);
#10671 = EDGE_CURVE('',#10633,#10664,#10672,.T.);
#10672 = LINE('',#10673,#10674);
#10673 = CARTESIAN_POINT('',(133.6,-102.2,1.6));
#10674 = VECTOR('',#10675,1.);
#10675 = DIRECTION('',(1.,0.,0.));
#10676 = PLANE('',#10677);
#10677 = AXIS2_PLACEMENT_3D('',#10678,#10679,#10680);
#10678 = CARTESIAN_POINT('',(133.6,-102.2,1.6));
#10679 = DIRECTION('',(0.,1.,0.));
#10680 = DIRECTION('',(1.,0.,0.));
#10681 = ADVANCED_FACE('',(#10682),#10698,.T.);
#10682 = FACE_BOUND('',#10683,.T.);
#10683 = EDGE_LOOP('',(#10684,#10685,#10691,#10692));
#10684 = ORIENTED_EDGE('',*,*,#10663,.T.);
#10685 = ORIENTED_EDGE('',*,*,#10686,.T.);
#10686 = EDGE_CURVE('',#10656,#10586,#10687,.T.);
#10687 = LINE('',#10688,#10689);
#10688 = CARTESIAN_POINT('',(134.8,-102.2,1.635));
#10689 = VECTOR('',#10690,1.);
#10690 = DIRECTION('',(0.,-1.,0.));
#10691 = ORIENTED_EDGE('',*,*,#10583,.F.);
#10692 = ORIENTED_EDGE('',*,*,#10693,.F.);
#10693 = EDGE_CURVE('',#10664,#10584,#10694,.T.);
#10694 = LINE('',#10695,#10696);
#10695 = CARTESIAN_POINT('',(134.8,-102.2,1.6));
#10696 = VECTOR('',#10697,1.);
#10697 = DIRECTION('',(0.,-1.,0.));
#10698 = PLANE('',#10699);
#10699 = AXIS2_PLACEMENT_3D('',#10700,#10701,#10702);
#10700 = CARTESIAN_POINT('',(134.8,-102.2,1.6));
#10701 = DIRECTION('',(1.,0.,-0.));
#10702 = DIRECTION('',(0.,-1.,0.));
#10703 = ADVANCED_FACE('',(#10704),#10710,.T.);
#10704 = FACE_BOUND('',#10705,.T.);
#10705 = EDGE_LOOP('',(#10706,#10707,#10708,#10709));
#10706 = ORIENTED_EDGE('',*,*,#10609,.T.);
#10707 = ORIENTED_EDGE('',*,*,#10640,.T.);
#10708 = ORIENTED_EDGE('',*,*,#10671,.T.);
#10709 = ORIENTED_EDGE('',*,*,#10693,.T.);
#10710 = PLANE('',#10711);
#10711 = AXIS2_PLACEMENT_3D('',#10712,#10713,#10714);
#10712 = CARTESIAN_POINT('',(134.2,-102.7,1.6));
#10713 = DIRECTION('',(-0.,-0.,-1.));
#10714 = DIRECTION('',(-1.,0.,0.));
#10715 = ADVANCED_FACE('',(#10716),#10722,.F.);
#10716 = FACE_BOUND('',#10717,.F.);
#10717 = EDGE_LOOP('',(#10718,#10719,#10720,#10721));
#10718 = ORIENTED_EDGE('',*,*,#10593,.T.);
#10719 = ORIENTED_EDGE('',*,*,#10624,.T.);
#10720 = ORIENTED_EDGE('',*,*,#10655,.T.);
#10721 = ORIENTED_EDGE('',*,*,#10686,.T.);
#10722 = PLANE('',#10723);
#10723 = AXIS2_PLACEMENT_3D('',#10724,#10725,#10726);
#10724 = CARTESIAN_POINT('',(134.2,-102.7,1.635));
#10725 = DIRECTION('',(-0.,-0.,-1.));
#10726 = DIRECTION('',(-1.,0.,0.));
#10727 = ( GEOMETRIC_REPRESENTATION_CONTEXT(3) 
GLOBAL_UNCERTAINTY_ASSIGNED_CONTEXT((#10731)) 
GLOBAL_UNIT_ASSIGNED_CONTEXT((#10728,#10729,#10730)) 
REPRESENTATION_CONTEXT('Context #1',
  '3D Context with UNIT and UNCERTAINTY') );
#10728 = ( LENGTH_UNIT() NAMED_UNIT(*) SI_UNIT(.MILLI.,.METRE.) );
#10729 = ( NAMED_UNIT(*) PLANE_ANGLE_UNIT() SI_UNIT($,.RADIAN.) );
#10730 = ( NAMED_UNIT(*) SI_UNIT($,.STERADIAN.) SOLID_ANGLE_UNIT() );
#10731 = UNCERTAINTY_MEASURE_WITH_UNIT(LENGTH_MEASURE(1.E-07),#10728,
  'distance_accuracy_value','confusion accuracy');
#10732 = CONTEXT_DEPENDENT_SHAPE_REPRESENTATION(#10733,#10735);
#10733 = ( REPRESENTATION_RELATIONSHIP('','',#10576,#10) 
REPRESENTATION_RELATIONSHIP_WITH_TRANSFORMATION(#10734) 
SHAPE_REPRESENTATION_RELATIONSHIP() );
#10734 = ITEM_DEFINED_TRANSFORMATION('','',#11,#255);
#10735 = PRODUCT_DEFINITION_SHAPE('Placement','Placement of an item',
  #10736);
#10736 = NEXT_ASSEMBLY_USAGE_OCCURRENCE('61','=>[0:1:1:62]','',#5,#10571
  ,$);
#10737 = PRODUCT_RELATED_PRODUCT_CATEGORY('part',$,(#10573));
#10738 = SHAPE_DEFINITION_REPRESENTATION(#10739,#10745);
#10739 = PRODUCT_DEFINITION_SHAPE('','',#10740);
#10740 = PRODUCT_DEFINITION('design','',#10741,#10744);
#10741 = PRODUCT_DEFINITION_FORMATION('','',#10742);
#10742 = PRODUCT('_autosave-connection pcb_PCB',
  '_autosave-connection pcb_PCB','',(#10743));
#10743 = PRODUCT_CONTEXT('',#2,'mechanical');
#10744 = PRODUCT_DEFINITION_CONTEXT('part definition',#2,'design');
#10745 = ADVANCED_BREP_SHAPE_REPRESENTATION('',(#11,#10746),#10896);
#10746 = MANIFOLD_SOLID_BREP('',#10747);
#10747 = CLOSED_SHELL('',(#10748,#10788,#10819,#10850,#10872,#10884));
#10748 = ADVANCED_FACE('',(#10749),#10783,.T.);
#10749 = FACE_BOUND('',#10750,.T.);
#10750 = EDGE_LOOP('',(#10751,#10761,#10769,#10777));
#10751 = ORIENTED_EDGE('',*,*,#10752,.T.);
#10752 = EDGE_CURVE('',#10753,#10755,#10757,.T.);
#10753 = VERTEX_POINT('',#10754);
#10754 = CARTESIAN_POINT('',(146.25,-111.,0.));
#10755 = VERTEX_POINT('',#10756);
#10756 = CARTESIAN_POINT('',(146.25,-111.,1.6));
#10757 = LINE('',#10758,#10759);
#10758 = CARTESIAN_POINT('',(146.25,-111.,0.));
#10759 = VECTOR('',#10760,1.);
#10760 = DIRECTION('',(0.,0.,1.));
#10761 = ORIENTED_EDGE('',*,*,#10762,.T.);
#10762 = EDGE_CURVE('',#10755,#10763,#10765,.T.);
#10763 = VERTEX_POINT('',#10764);
#10764 = CARTESIAN_POINT('',(132.45,-111.,1.6));
#10765 = LINE('',#10766,#10767);
#10766 = CARTESIAN_POINT('',(146.25,-111.,1.6));
#10767 = VECTOR('',#10768,1.);
#10768 = DIRECTION('',(-1.,0.,0.));
#10769 = ORIENTED_EDGE('',*,*,#10770,.F.);
#10770 = EDGE_CURVE('',#10771,#10763,#10773,.T.);
#10771 = VERTEX_POINT('',#10772);
#10772 = CARTESIAN_POINT('',(132.45,-111.,0.));
#10773 = LINE('',#10774,#10775);
#10774 = CARTESIAN_POINT('',(132.45,-111.,0.));
#10775 = VECTOR('',#10776,1.);
#10776 = DIRECTION('',(0.,0.,1.));
#10777 = ORIENTED_EDGE('',*,*,#10778,.F.);
#10778 = EDGE_CURVE('',#10753,#10771,#10779,.T.);
#10779 = LINE('',#10780,#10781);
#10780 = CARTESIAN_POINT('',(146.25,-111.,0.));
#10781 = VECTOR('',#10782,1.);
#10782 = DIRECTION('',(-1.,0.,0.));
#10783 = PLANE('',#10784);
#10784 = AXIS2_PLACEMENT_3D('',#10785,#10786,#10787);
#10785 = CARTESIAN_POINT('',(146.25,-111.,0.));
#10786 = DIRECTION('',(0.,-1.,0.));
#10787 = DIRECTION('',(-1.,0.,0.));
#10788 = ADVANCED_FACE('',(#10789),#10814,.T.);
#10789 = FACE_BOUND('',#10790,.T.);
#10790 = EDGE_LOOP('',(#10791,#10792,#10800,#10808));
#10791 = ORIENTED_EDGE('',*,*,#10770,.T.);
#10792 = ORIENTED_EDGE('',*,*,#10793,.T.);
#10793 = EDGE_CURVE('',#10763,#10794,#10796,.T.);
#10794 = VERTEX_POINT('',#10795);
#10795 = CARTESIAN_POINT('',(132.45,-94.,1.6));
#10796 = LINE('',#10797,#10798);
#10797 = CARTESIAN_POINT('',(132.45,-111.,1.6));
#10798 = VECTOR('',#10799,1.);
#10799 = DIRECTION('',(0.,1.,0.));
#10800 = ORIENTED_EDGE('',*,*,#10801,.F.);
#10801 = EDGE_CURVE('',#10802,#10794,#10804,.T.);
#10802 = VERTEX_POINT('',#10803);
#10803 = CARTESIAN_POINT('',(132.45,-94.,0.));
#10804 = LINE('',#10805,#10806);
#10805 = CARTESIAN_POINT('',(132.45,-94.,0.));
#10806 = VECTOR('',#10807,1.);
#10807 = DIRECTION('',(0.,0.,1.));
#10808 = ORIENTED_EDGE('',*,*,#10809,.F.);
#10809 = EDGE_CURVE('',#10771,#10802,#10810,.T.);
#10810 = LINE('',#10811,#10812);
#10811 = CARTESIAN_POINT('',(132.45,-111.,0.));
#10812 = VECTOR('',#10813,1.);
#10813 = DIRECTION('',(0.,1.,0.));
#10814 = PLANE('',#10815);
#10815 = AXIS2_PLACEMENT_3D('',#10816,#10817,#10818);
#10816 = CARTESIAN_POINT('',(132.45,-111.,0.));
#10817 = DIRECTION('',(-1.,0.,0.));
#10818 = DIRECTION('',(0.,1.,0.));
#10819 = ADVANCED_FACE('',(#10820),#10845,.T.);
#10820 = FACE_BOUND('',#10821,.T.);
#10821 = EDGE_LOOP('',(#10822,#10823,#10831,#10839));
#10822 = ORIENTED_EDGE('',*,*,#10801,.T.);
#10823 = ORIENTED_EDGE('',*,*,#10824,.T.);
#10824 = EDGE_CURVE('',#10794,#10825,#10827,.T.);
#10825 = VERTEX_POINT('',#10826);
#10826 = CARTESIAN_POINT('',(146.25,-94.,1.6));
#10827 = LINE('',#10828,#10829);
#10828 = CARTESIAN_POINT('',(132.45,-94.,1.6));
#10829 = VECTOR('',#10830,1.);
#10830 = DIRECTION('',(1.,0.,0.));
#10831 = ORIENTED_EDGE('',*,*,#10832,.F.);
#10832 = EDGE_CURVE('',#10833,#10825,#10835,.T.);
#10833 = VERTEX_POINT('',#10834);
#10834 = CARTESIAN_POINT('',(146.25,-94.,0.));
#10835 = LINE('',#10836,#10837);
#10836 = CARTESIAN_POINT('',(146.25,-94.,0.));
#10837 = VECTOR('',#10838,1.);
#10838 = DIRECTION('',(0.,0.,1.));
#10839 = ORIENTED_EDGE('',*,*,#10840,.F.);
#10840 = EDGE_CURVE('',#10802,#10833,#10841,.T.);
#10841 = LINE('',#10842,#10843);
#10842 = CARTESIAN_POINT('',(132.45,-94.,0.));
#10843 = VECTOR('',#10844,1.);
#10844 = DIRECTION('',(1.,0.,0.));
#10845 = PLANE('',#10846);
#10846 = AXIS2_PLACEMENT_3D('',#10847,#10848,#10849);
#10847 = CARTESIAN_POINT('',(132.45,-94.,0.));
#10848 = DIRECTION('',(0.,1.,0.));
#10849 = DIRECTION('',(1.,0.,0.));
#10850 = ADVANCED_FACE('',(#10851),#10867,.T.);
#10851 = FACE_BOUND('',#10852,.T.);
#10852 = EDGE_LOOP('',(#10853,#10854,#10860,#10861));
#10853 = ORIENTED_EDGE('',*,*,#10832,.T.);
#10854 = ORIENTED_EDGE('',*,*,#10855,.T.);
#10855 = EDGE_CURVE('',#10825,#10755,#10856,.T.);
#10856 = LINE('',#10857,#10858);
#10857 = CARTESIAN_POINT('',(146.25,-94.,1.6));
#10858 = VECTOR('',#10859,1.);
#10859 = DIRECTION('',(0.,-1.,0.));
#10860 = ORIENTED_EDGE('',*,*,#10752,.F.);
#10861 = ORIENTED_EDGE('',*,*,#10862,.F.);
#10862 = EDGE_CURVE('',#10833,#10753,#10863,.T.);
#10863 = LINE('',#10864,#10865);
#10864 = CARTESIAN_POINT('',(146.25,-94.,0.));
#10865 = VECTOR('',#10866,1.);
#10866 = DIRECTION('',(0.,-1.,0.));
#10867 = PLANE('',#10868);
#10868 = AXIS2_PLACEMENT_3D('',#10869,#10870,#10871);
#10869 = CARTESIAN_POINT('',(146.25,-94.,0.));
#10870 = DIRECTION('',(1.,0.,-0.));
#10871 = DIRECTION('',(0.,-1.,0.));
#10872 = ADVANCED_FACE('',(#10873),#10879,.T.);
#10873 = FACE_BOUND('',#10874,.T.);
#10874 = EDGE_LOOP('',(#10875,#10876,#10877,#10878));
#10875 = ORIENTED_EDGE('',*,*,#10778,.T.);
#10876 = ORIENTED_EDGE('',*,*,#10809,.T.);
#10877 = ORIENTED_EDGE('',*,*,#10840,.T.);
#10878 = ORIENTED_EDGE('',*,*,#10862,.T.);
#10879 = PLANE('',#10880);
#10880 = AXIS2_PLACEMENT_3D('',#10881,#10882,#10883);
#10881 = CARTESIAN_POINT('',(139.35,-102.5,0.));
#10882 = DIRECTION('',(-0.,-0.,-1.));
#10883 = DIRECTION('',(-1.,0.,0.));
#10884 = ADVANCED_FACE('',(#10885),#10891,.F.);
#10885 = FACE_BOUND('',#10886,.F.);
#10886 = EDGE_LOOP('',(#10887,#10888,#10889,#10890));
#10887 = ORIENTED_EDGE('',*,*,#10762,.T.);
#10888 = ORIENTED_EDGE('',*,*,#10793,.T.);
#10889 = ORIENTED_EDGE('',*,*,#10824,.T.);
#10890 = ORIENTED_EDGE('',*,*,#10855,.T.);
#10891 = PLANE('',#10892);
#10892 = AXIS2_PLACEMENT_3D('',#10893,#10894,#10895);
#10893 = CARTESIAN_POINT('',(139.35,-102.5,1.6));
#10894 = DIRECTION('',(-0.,-0.,-1.));
#10895 = DIRECTION('',(-1.,0.,0.));
#10896 = ( GEOMETRIC_REPRESENTATION_CONTEXT(3) 
GLOBAL_UNCERTAINTY_ASSIGNED_CONTEXT((#10900)) 
GLOBAL_UNIT_ASSIGNED_CONTEXT((#10897,#10898,#10899)) 
REPRESENTATION_CONTEXT('Context #1',
  '3D Context with UNIT and UNCERTAINTY') );
#10897 = ( LENGTH_UNIT() NAMED_UNIT(*) SI_UNIT(.MILLI.,.METRE.) );
#10898 = ( NAMED_UNIT(*) PLANE_ANGLE_UNIT() SI_UNIT($,.RADIAN.) );
#10899 = ( NAMED_UNIT(*) SI_UNIT($,.STERADIAN.) SOLID_ANGLE_UNIT() );
#10900 = UNCERTAINTY_MEASURE_WITH_UNIT(LENGTH_MEASURE(1.E-07),#10897,
  'distance_accuracy_value','confusion accuracy');
#10901 = CONTEXT_DEPENDENT_SHAPE_REPRESENTATION(#10902,#10904);
#10902 = ( REPRESENTATION_RELATIONSHIP('','',#10745,#10) 
REPRESENTATION_RELATIONSHIP_WITH_TRANSFORMATION(#10903) 
SHAPE_REPRESENTATION_RELATIONSHIP() );
#10903 = ITEM_DEFINED_TRANSFORMATION('','',#11,#259);
#10904 = PRODUCT_DEFINITION_SHAPE('Placement','Placement of an item',
  #10905);
#10905 = NEXT_ASSEMBLY_USAGE_OCCURRENCE('62','=>[0:1:1:63]','',#5,#10740
  ,$);
#10906 = PRODUCT_RELATED_PRODUCT_CATEGORY('part',$,(#10742));
#10907 = MECHANICAL_DESIGN_GEOMETRIC_PRESENTATION_REPRESENTATION('',(
    #10908),#6140);
#10908 = STYLED_ITEM('color',(#10909),#5986);
#10909 = PRESENTATION_STYLE_ASSIGNMENT((#10910));
#10910 = SURFACE_STYLE_USAGE(.BOTH.,#10911);
#10911 = SURFACE_SIDE_STYLE('',(#10912));
#10912 = SURFACE_STYLE_FILL_AREA(#10913);
#10913 = FILL_AREA_STYLE('',(#10914));
#10914 = FILL_AREA_STYLE_COLOUR('',#10915);
#10915 = COLOUR_RGB('',0.854305825093,0.803630995277,0.);
#10916 = MECHANICAL_DESIGN_GEOMETRIC_PRESENTATION_REPRESENTATION('',(
    #10917),#10051);
#10917 = STYLED_ITEM('color',(#10918),#9901);
#10918 = PRESENTATION_STYLE_ASSIGNMENT((#10919));
#10919 = SURFACE_STYLE_USAGE(.BOTH.,#10920);
#10920 = SURFACE_SIDE_STYLE('',(#10921));
#10921 = SURFACE_STYLE_FILL_AREA(#10922);
#10922 = FILL_AREA_STYLE('',(#10923));
#10923 = FILL_AREA_STYLE_COLOUR('',#10915);
#10924 = MECHANICAL_DESIGN_GEOMETRIC_PRESENTATION_REPRESENTATION('',(
    #10925),#2334);
#10925 = STYLED_ITEM('color',(#10926),#2180);
#10926 = PRESENTATION_STYLE_ASSIGNMENT((#10927));
#10927 = SURFACE_STYLE_USAGE(.BOTH.,#10928);
#10928 = SURFACE_SIDE_STYLE('',(#10929));
#10929 = SURFACE_STYLE_FILL_AREA(#10930);
#10930 = FILL_AREA_STYLE('',(#10931));
#10931 = FILL_AREA_STYLE_COLOUR('',#10915);
#10932 = MECHANICAL_DESIGN_GEOMETRIC_PRESENTATION_REPRESENTATION('',(
    #10933),#5448);
#10933 = STYLED_ITEM('color',(#10934),#5294);
#10934 = PRESENTATION_STYLE_ASSIGNMENT((#10935));
#10935 = SURFACE_STYLE_USAGE(.BOTH.,#10936);
#10936 = SURFACE_SIDE_STYLE('',(#10937));
#10937 = SURFACE_STYLE_FILL_AREA(#10938);
#10938 = FILL_AREA_STYLE('',(#10939));
#10939 = FILL_AREA_STYLE_COLOUR('',#10915);
#10940 = MECHANICAL_DESIGN_GEOMETRIC_PRESENTATION_REPRESENTATION('',(
    #10941),#1123);
#10941 = STYLED_ITEM('color',(#10942),#969);
#10942 = PRESENTATION_STYLE_ASSIGNMENT((#10943));
#10943 = SURFACE_STYLE_USAGE(.BOTH.,#10944);
#10944 = SURFACE_SIDE_STYLE('',(#10945));
#10945 = SURFACE_STYLE_FILL_AREA(#10946);
#10946 = FILL_AREA_STYLE('',(#10947));
#10947 = FILL_AREA_STYLE_COLOUR('',#10915);
#10948 = MECHANICAL_DESIGN_GEOMETRIC_PRESENTATION_REPRESENTATION('',(
    #10949),#1988);
#10949 = STYLED_ITEM('color',(#10950),#1834);
#10950 = PRESENTATION_STYLE_ASSIGNMENT((#10951));
#10951 = SURFACE_STYLE_USAGE(.BOTH.,#10952);
#10952 = SURFACE_SIDE_STYLE('',(#10953));
#10953 = SURFACE_STYLE_FILL_AREA(#10954);
#10954 = FILL_AREA_STYLE('',(#10955));
#10955 = FILL_AREA_STYLE_COLOUR('',#10915);
#10956 = MECHANICAL_DESIGN_GEOMETRIC_PRESENTATION_REPRESENTATION('',(
    #10957),#10220);
#10957 = STYLED_ITEM('color',(#10958),#10070);
#10958 = PRESENTATION_STYLE_ASSIGNMENT((#10959));
#10959 = SURFACE_STYLE_USAGE(.BOTH.,#10960);
#10960 = SURFACE_SIDE_STYLE('',(#10961));
#10961 = SURFACE_STYLE_FILL_AREA(#10962);
#10962 = FILL_AREA_STYLE('',(#10963));
#10963 = FILL_AREA_STYLE_COLOUR('',#10915);
#10964 = MECHANICAL_DESIGN_GEOMETRIC_PRESENTATION_REPRESENTATION('',(
    #10965),#5275);
#10965 = STYLED_ITEM('color',(#10966),#5121);
#10966 = PRESENTATION_STYLE_ASSIGNMENT((#10967));
#10967 = SURFACE_STYLE_USAGE(.BOTH.,#10968);
#10968 = SURFACE_SIDE_STYLE('',(#10969));
#10969 = SURFACE_STYLE_FILL_AREA(#10970);
#10970 = FILL_AREA_STYLE('',(#10971));
#10971 = FILL_AREA_STYLE_COLOUR('',#10915);
#10972 = MECHANICAL_DESIGN_GEOMETRIC_PRESENTATION_REPRESENTATION('',(
    #10973),#4064);
#10973 = STYLED_ITEM('color',(#10974),#3910);
#10974 = PRESENTATION_STYLE_ASSIGNMENT((#10975));
#10975 = SURFACE_STYLE_USAGE(.BOTH.,#10976);
#10976 = SURFACE_SIDE_STYLE('',(#10977));
#10977 = SURFACE_STYLE_FILL_AREA(#10978);
#10978 = FILL_AREA_STYLE('',(#10979));
#10979 = FILL_AREA_STYLE_COLOUR('',#10915);
#10980 = MECHANICAL_DESIGN_GEOMETRIC_PRESENTATION_REPRESENTATION('',(
    #10981),#3891);
#10981 = STYLED_ITEM('color',(#10982),#3737);
#10982 = PRESENTATION_STYLE_ASSIGNMENT((#10983));
#10983 = SURFACE_STYLE_USAGE(.BOTH.,#10984);
#10984 = SURFACE_SIDE_STYLE('',(#10985));
#10985 = SURFACE_STYLE_FILL_AREA(#10986);
#10986 = FILL_AREA_STYLE('',(#10987));
#10987 = FILL_AREA_STYLE_COLOUR('',#10915);
#10988 = MECHANICAL_DESIGN_GEOMETRIC_PRESENTATION_REPRESENTATION('',(
    #10989),#5967);
#10989 = STYLED_ITEM('color',(#10990),#5813);
#10990 = PRESENTATION_STYLE_ASSIGNMENT((#10991));
#10991 = SURFACE_STYLE_USAGE(.BOTH.,#10992);
#10992 = SURFACE_SIDE_STYLE('',(#10993));
#10993 = SURFACE_STYLE_FILL_AREA(#10994);
#10994 = FILL_AREA_STYLE('',(#10995));
#10995 = FILL_AREA_STYLE_COLOUR('',#10915);
#10996 = MECHANICAL_DESIGN_GEOMETRIC_PRESENTATION_REPRESENTATION('',(
    #10997),#5794);
#10997 = STYLED_ITEM('color',(#10998),#5640);
#10998 = PRESENTATION_STYLE_ASSIGNMENT((#10999));
#10999 = SURFACE_STYLE_USAGE(.BOTH.,#11000);
#11000 = SURFACE_SIDE_STYLE('',(#11001));
#11001 = SURFACE_STYLE_FILL_AREA(#11002);
#11002 = FILL_AREA_STYLE('',(#11003));
#11003 = FILL_AREA_STYLE_COLOUR('',#10915);
#11004 = MECHANICAL_DESIGN_GEOMETRIC_PRESENTATION_REPRESENTATION('',(
    #11005),#8361);
#11005 = STYLED_ITEM('color',(#11006),#8211);
#11006 = PRESENTATION_STYLE_ASSIGNMENT((#11007));
#11007 = SURFACE_STYLE_USAGE(.BOTH.,#11008);
#11008 = SURFACE_SIDE_STYLE('',(#11009));
#11009 = SURFACE_STYLE_FILL_AREA(#11010);
#11010 = FILL_AREA_STYLE('',(#11011));
#11011 = FILL_AREA_STYLE_COLOUR('',#10915);
#11012 = MECHANICAL_DESIGN_GEOMETRIC_PRESENTATION_REPRESENTATION('',(
    #11013),#6313);
#11013 = STYLED_ITEM('color',(#11014),#6159);
#11014 = PRESENTATION_STYLE_ASSIGNMENT((#11015));
#11015 = SURFACE_STYLE_USAGE(.BOTH.,#11016);
#11016 = SURFACE_SIDE_STYLE('',(#11017));
#11017 = SURFACE_STYLE_FILL_AREA(#11018);
#11018 = FILL_AREA_STYLE('',(#11019));
#11019 = FILL_AREA_STYLE_COLOUR('',#10915);
#11020 = MECHANICAL_DESIGN_GEOMETRIC_PRESENTATION_REPRESENTATION('',(
    #11021),#8530);
#11021 = STYLED_ITEM('color',(#11022),#8380);
#11022 = PRESENTATION_STYLE_ASSIGNMENT((#11023));
#11023 = SURFACE_STYLE_USAGE(.BOTH.,#11024);
#11024 = SURFACE_SIDE_STYLE('',(#11025));
#11025 = SURFACE_STYLE_FILL_AREA(#11026);
#11026 = FILL_AREA_STYLE('',(#11027));
#11027 = FILL_AREA_STYLE_COLOUR('',#10915);
#11028 = MECHANICAL_DESIGN_GEOMETRIC_PRESENTATION_REPRESENTATION('',(
    #11029),#6832);
#11029 = STYLED_ITEM('color',(#11030),#6678);
#11030 = PRESENTATION_STYLE_ASSIGNMENT((#11031));
#11031 = SURFACE_STYLE_USAGE(.BOTH.,#11032);
#11032 = SURFACE_SIDE_STYLE('',(#11033));
#11033 = SURFACE_STYLE_FILL_AREA(#11034);
#11034 = FILL_AREA_STYLE('',(#11035));
#11035 = FILL_AREA_STYLE_COLOUR('',#10915);
#11036 = MECHANICAL_DESIGN_GEOMETRIC_PRESENTATION_REPRESENTATION('',(
    #11037),#950);
#11037 = STYLED_ITEM('color',(#11038),#796);
#11038 = PRESENTATION_STYLE_ASSIGNMENT((#11039));
#11039 = SURFACE_STYLE_USAGE(.BOTH.,#11040);
#11040 = SURFACE_SIDE_STYLE('',(#11041));
#11041 = SURFACE_STYLE_FILL_AREA(#11042);
#11042 = FILL_AREA_STYLE('',(#11043));
#11043 = FILL_AREA_STYLE_COLOUR('',#10915);
#11044 = MECHANICAL_DESIGN_GEOMETRIC_PRESENTATION_REPRESENTATION('',(
    #11045),#9882);
#11045 = STYLED_ITEM('color',(#11046),#9732);
#11046 = PRESENTATION_STYLE_ASSIGNMENT((#11047));
#11047 = SURFACE_STYLE_USAGE(.BOTH.,#11048);
#11048 = SURFACE_SIDE_STYLE('',(#11049));
#11049 = SURFACE_STYLE_FILL_AREA(#11050);
#11050 = FILL_AREA_STYLE('',(#11051));
#11051 = FILL_AREA_STYLE_COLOUR('',#10915);
#11052 = MECHANICAL_DESIGN_GEOMETRIC_PRESENTATION_REPRESENTATION('',(
    #11053),#8699);
#11053 = STYLED_ITEM('color',(#11054),#8549);
#11054 = PRESENTATION_STYLE_ASSIGNMENT((#11055));
#11055 = SURFACE_STYLE_USAGE(.BOTH.,#11056);
#11056 = SURFACE_SIDE_STYLE('',(#11057));
#11057 = SURFACE_STYLE_FILL_AREA(#11058);
#11058 = FILL_AREA_STYLE('',(#11059));
#11059 = FILL_AREA_STYLE_COLOUR('',#10915);
#11060 = MECHANICAL_DESIGN_GEOMETRIC_PRESENTATION_REPRESENTATION('',(
    #11061),#4756);
#11061 = STYLED_ITEM('color',(#11062),#4602);
#11062 = PRESENTATION_STYLE_ASSIGNMENT((#11063));
#11063 = SURFACE_STYLE_USAGE(.BOTH.,#11064);
#11064 = SURFACE_SIDE_STYLE('',(#11065));
#11065 = SURFACE_STYLE_FILL_AREA(#11066);
#11066 = FILL_AREA_STYLE('',(#11067));
#11067 = FILL_AREA_STYLE_COLOUR('',#10915);
#11068 = MECHANICAL_DESIGN_GEOMETRIC_PRESENTATION_REPRESENTATION('',(
    #11069),#7685);
#11069 = STYLED_ITEM('color',(#11070),#7535);
#11070 = PRESENTATION_STYLE_ASSIGNMENT((#11071));
#11071 = SURFACE_STYLE_USAGE(.BOTH.,#11072);
#11072 = SURFACE_SIDE_STYLE('',(#11073));
#11073 = SURFACE_STYLE_FILL_AREA(#11074);
#11074 = FILL_AREA_STYLE('',(#11075));
#11075 = FILL_AREA_STYLE_COLOUR('',#10915);
#11076 = MECHANICAL_DESIGN_GEOMETRIC_PRESENTATION_REPRESENTATION('',(
    #11077),#604);
#11077 = STYLED_ITEM('color',(#11078),#450);
#11078 = PRESENTATION_STYLE_ASSIGNMENT((#11079));
#11079 = SURFACE_STYLE_USAGE(.BOTH.,#11080);
#11080 = SURFACE_SIDE_STYLE('',(#11081));
#11081 = SURFACE_STYLE_FILL_AREA(#11082);
#11082 = FILL_AREA_STYLE('',(#11083));
#11083 = FILL_AREA_STYLE_COLOUR('',#10915);
#11084 = MECHANICAL_DESIGN_GEOMETRIC_PRESENTATION_REPRESENTATION('',(
    #11085),#7854);
#11085 = STYLED_ITEM('color',(#11086),#7704);
#11086 = PRESENTATION_STYLE_ASSIGNMENT((#11087));
#11087 = SURFACE_STYLE_USAGE(.BOTH.,#11088);
#11088 = SURFACE_SIDE_STYLE('',(#11089));
#11089 = SURFACE_STYLE_FILL_AREA(#11090);
#11090 = FILL_AREA_STYLE('',(#11091));
#11091 = FILL_AREA_STYLE_COLOUR('',#10915);
#11092 = MECHANICAL_DESIGN_GEOMETRIC_PRESENTATION_REPRESENTATION('',(
    #11093),#3199);
#11093 = STYLED_ITEM('color',(#11094),#3045);
#11094 = PRESENTATION_STYLE_ASSIGNMENT((#11095));
#11095 = SURFACE_STYLE_USAGE(.BOTH.,#11096);
#11096 = SURFACE_SIDE_STYLE('',(#11097));
#11097 = SURFACE_STYLE_FILL_AREA(#11098);
#11098 = FILL_AREA_STYLE('',(#11099));
#11099 = FILL_AREA_STYLE_COLOUR('',#10915);
#11100 = MECHANICAL_DESIGN_GEOMETRIC_PRESENTATION_REPRESENTATION('',(
    #11101),#10727);
#11101 = STYLED_ITEM('color',(#11102),#10577);
#11102 = PRESENTATION_STYLE_ASSIGNMENT((#11103));
#11103 = SURFACE_STYLE_USAGE(.BOTH.,#11104);
#11104 = SURFACE_SIDE_STYLE('',(#11105));
#11105 = SURFACE_STYLE_FILL_AREA(#11106);
#11106 = FILL_AREA_STYLE('',(#11107));
#11107 = FILL_AREA_STYLE_COLOUR('',#10915);
#11108 = MECHANICAL_DESIGN_GEOMETRIC_PRESENTATION_REPRESENTATION('',(
    #11109),#8192);
#11109 = STYLED_ITEM('color',(#11110),#8042);
#11110 = PRESENTATION_STYLE_ASSIGNMENT((#11111));
#11111 = SURFACE_STYLE_USAGE(.BOTH.,#11112);
#11112 = SURFACE_SIDE_STYLE('',(#11113));
#11113 = SURFACE_STYLE_FILL_AREA(#11114);
#11114 = FILL_AREA_STYLE('',(#11115));
#11115 = FILL_AREA_STYLE_COLOUR('',#10915);
#11116 = MECHANICAL_DESIGN_GEOMETRIC_PRESENTATION_REPRESENTATION('',(
    #11117),#7178);
#11117 = STYLED_ITEM('color',(#11118),#7024);
#11118 = PRESENTATION_STYLE_ASSIGNMENT((#11119));
#11119 = SURFACE_STYLE_USAGE(.BOTH.,#11120);
#11120 = SURFACE_SIDE_STYLE('',(#11121));
#11121 = SURFACE_STYLE_FILL_AREA(#11122);
#11122 = FILL_AREA_STYLE('',(#11123));
#11123 = FILL_AREA_STYLE_COLOUR('',#10915);
#11124 = MECHANICAL_DESIGN_GEOMETRIC_PRESENTATION_REPRESENTATION('',(
    #11125),#7005);
#11125 = STYLED_ITEM('color',(#11126),#6851);
#11126 = PRESENTATION_STYLE_ASSIGNMENT((#11127));
#11127 = SURFACE_STYLE_USAGE(.BOTH.,#11128);
#11128 = SURFACE_SIDE_STYLE('',(#11129));
#11129 = SURFACE_STYLE_FILL_AREA(#11130);
#11130 = FILL_AREA_STYLE('',(#11131));
#11131 = FILL_AREA_STYLE_COLOUR('',#10915);
#11132 = MECHANICAL_DESIGN_GEOMETRIC_PRESENTATION_REPRESENTATION('',(
    #11133),#3026);
#11133 = STYLED_ITEM('color',(#11134),#2872);
#11134 = PRESENTATION_STYLE_ASSIGNMENT((#11135));
#11135 = SURFACE_STYLE_USAGE(.BOTH.,#11136);
#11136 = SURFACE_SIDE_STYLE('',(#11137));
#11137 = SURFACE_STYLE_FILL_AREA(#11138);
#11138 = FILL_AREA_STYLE('',(#11139));
#11139 = FILL_AREA_STYLE_COLOUR('',#10915);
#11140 = MECHANICAL_DESIGN_GEOMETRIC_PRESENTATION_REPRESENTATION('',(
    #11141),#9713);
#11141 = STYLED_ITEM('color',(#11142),#9563);
#11142 = PRESENTATION_STYLE_ASSIGNMENT((#11143));
#11143 = SURFACE_STYLE_USAGE(.BOTH.,#11144);
#11144 = SURFACE_SIDE_STYLE('',(#11145));
#11145 = SURFACE_STYLE_FILL_AREA(#11146);
#11146 = FILL_AREA_STYLE('',(#11147));
#11147 = FILL_AREA_STYLE_COLOUR('',#10915);
#11148 = MECHANICAL_DESIGN_GEOMETRIC_PRESENTATION_REPRESENTATION('',(
    #11149),#8023);
#11149 = STYLED_ITEM('color',(#11150),#7873);
#11150 = PRESENTATION_STYLE_ASSIGNMENT((#11151));
#11151 = SURFACE_STYLE_USAGE(.BOTH.,#11152);
#11152 = SURFACE_SIDE_STYLE('',(#11153));
#11153 = SURFACE_STYLE_FILL_AREA(#11154);
#11154 = FILL_AREA_STYLE('',(#11155));
#11155 = FILL_AREA_STYLE_COLOUR('',#10915);
#11156 = MECHANICAL_DESIGN_GEOMETRIC_PRESENTATION_REPRESENTATION('',(
    #11157),#9037);
#11157 = STYLED_ITEM('color',(#11158),#8887);
#11158 = PRESENTATION_STYLE_ASSIGNMENT((#11159));
#11159 = SURFACE_STYLE_USAGE(.BOTH.,#11160);
#11160 = SURFACE_SIDE_STYLE('',(#11161));
#11161 = SURFACE_STYLE_FILL_AREA(#11162);
#11162 = FILL_AREA_STYLE('',(#11163));
#11163 = FILL_AREA_STYLE_COLOUR('',#10915);
#11164 = MECHANICAL_DESIGN_GEOMETRIC_PRESENTATION_REPRESENTATION('',(
    #11165),#1642);
#11165 = STYLED_ITEM('color',(#11166),#1488);
#11166 = PRESENTATION_STYLE_ASSIGNMENT((#11167));
#11167 = SURFACE_STYLE_USAGE(.BOTH.,#11168);
#11168 = SURFACE_SIDE_STYLE('',(#11169));
#11169 = SURFACE_STYLE_FILL_AREA(#11170);
#11170 = FILL_AREA_STYLE('',(#11171));
#11171 = FILL_AREA_STYLE_COLOUR('',#10915);
#11172 = MECHANICAL_DESIGN_GEOMETRIC_PRESENTATION_REPRESENTATION('',(
    #11173),#1815);
#11173 = STYLED_ITEM('color',(#11174),#1661);
#11174 = PRESENTATION_STYLE_ASSIGNMENT((#11175));
#11175 = SURFACE_STYLE_USAGE(.BOTH.,#11176);
#11176 = SURFACE_SIDE_STYLE('',(#11177));
#11177 = SURFACE_STYLE_FILL_AREA(#11178);
#11178 = FILL_AREA_STYLE('',(#11179));
#11179 = FILL_AREA_STYLE_COLOUR('',#10915);
#11180 = MECHANICAL_DESIGN_GEOMETRIC_PRESENTATION_REPRESENTATION('',(
    #11181),#10896);
#11181 = STYLED_ITEM('color',(#11182),#10746);
#11182 = PRESENTATION_STYLE_ASSIGNMENT((#11183));
#11183 = SURFACE_STYLE_USAGE(.BOTH.,#11184);
#11184 = SURFACE_SIDE_STYLE('',(#11185));
#11185 = SURFACE_STYLE_FILL_AREA(#11186);
#11186 = FILL_AREA_STYLE('',(#11187));
#11187 = FILL_AREA_STYLE_COLOUR('',#11188);
#11188 = COLOUR_RGB('',0.313304153717,0.484529207832,0.410020903123);
#11189 = MECHANICAL_DESIGN_GEOMETRIC_PRESENTATION_REPRESENTATION('',(
    #11190),#2161);
#11190 = STYLED_ITEM('color',(#11191),#2007);
#11191 = PRESENTATION_STYLE_ASSIGNMENT((#11192));
#11192 = SURFACE_STYLE_USAGE(.BOTH.,#11193);
#11193 = SURFACE_SIDE_STYLE('',(#11194));
#11194 = SURFACE_STYLE_FILL_AREA(#11195);
#11195 = FILL_AREA_STYLE('',(#11196));
#11196 = FILL_AREA_STYLE_COLOUR('',#10915);
#11197 = MECHANICAL_DESIGN_GEOMETRIC_PRESENTATION_REPRESENTATION('',(
    #11198),#777);
#11198 = STYLED_ITEM('color',(#11199),#623);
#11199 = PRESENTATION_STYLE_ASSIGNMENT((#11200));
#11200 = SURFACE_STYLE_USAGE(.BOTH.,#11201);
#11201 = SURFACE_SIDE_STYLE('',(#11202));
#11202 = SURFACE_STYLE_FILL_AREA(#11203);
#11203 = FILL_AREA_STYLE('',(#11204));
#11204 = FILL_AREA_STYLE_COLOUR('',#10915);
#11205 = MECHANICAL_DESIGN_GEOMETRIC_PRESENTATION_REPRESENTATION('',(
    #11206),#431);
#11206 = STYLED_ITEM('color',(#11207),#277);
#11207 = PRESENTATION_STYLE_ASSIGNMENT((#11208));
#11208 = SURFACE_STYLE_USAGE(.BOTH.,#11209);
#11209 = SURFACE_SIDE_STYLE('',(#11210));
#11210 = SURFACE_STYLE_FILL_AREA(#11211);
#11211 = FILL_AREA_STYLE('',(#11212));
#11212 = FILL_AREA_STYLE_COLOUR('',#10915);
#11213 = MECHANICAL_DESIGN_GEOMETRIC_PRESENTATION_REPRESENTATION('',(
    #11214),#7347);
#11214 = STYLED_ITEM('color',(#11215),#7197);
#11215 = PRESENTATION_STYLE_ASSIGNMENT((#11216));
#11216 = SURFACE_STYLE_USAGE(.BOTH.,#11217);
#11217 = SURFACE_SIDE_STYLE('',(#11218));
#11218 = SURFACE_STYLE_FILL_AREA(#11219);
#11219 = FILL_AREA_STYLE('',(#11220));
#11220 = FILL_AREA_STYLE_COLOUR('',#10915);
#11221 = MECHANICAL_DESIGN_GEOMETRIC_PRESENTATION_REPRESENTATION('',(
    #11222),#4583);
#11222 = STYLED_ITEM('color',(#11223),#4429);
#11223 = PRESENTATION_STYLE_ASSIGNMENT((#11224));
#11224 = SURFACE_STYLE_USAGE(.BOTH.,#11225);
#11225 = SURFACE_SIDE_STYLE('',(#11226));
#11226 = SURFACE_STYLE_FILL_AREA(#11227);
#11227 = FILL_AREA_STYLE('',(#11228));
#11228 = FILL_AREA_STYLE_COLOUR('',#10915);
#11229 = MECHANICAL_DESIGN_GEOMETRIC_PRESENTATION_REPRESENTATION('',(
    #11230),#2680);
#11230 = STYLED_ITEM('color',(#11231),#2526);
#11231 = PRESENTATION_STYLE_ASSIGNMENT((#11232));
#11232 = SURFACE_STYLE_USAGE(.BOTH.,#11233);
#11233 = SURFACE_SIDE_STYLE('',(#11234));
#11234 = SURFACE_STYLE_FILL_AREA(#11235);
#11235 = FILL_AREA_STYLE('',(#11236));
#11236 = FILL_AREA_STYLE_COLOUR('',#10915);
#11237 = MECHANICAL_DESIGN_GEOMETRIC_PRESENTATION_REPRESENTATION('',(
    #11238),#1296);
#11238 = STYLED_ITEM('color',(#11239),#1142);
#11239 = PRESENTATION_STYLE_ASSIGNMENT((#11240));
#11240 = SURFACE_STYLE_USAGE(.BOTH.,#11241);
#11241 = SURFACE_SIDE_STYLE('',(#11242));
#11242 = SURFACE_STYLE_FILL_AREA(#11243);
#11243 = FILL_AREA_STYLE('',(#11244));
#11244 = FILL_AREA_STYLE_COLOUR('',#10915);
#11245 = MECHANICAL_DESIGN_GEOMETRIC_PRESENTATION_REPRESENTATION('',(
    #11246),#1469);
#11246 = STYLED_ITEM('color',(#11247),#1315);
#11247 = PRESENTATION_STYLE_ASSIGNMENT((#11248));
#11248 = SURFACE_STYLE_USAGE(.BOTH.,#11249);
#11249 = SURFACE_SIDE_STYLE('',(#11250));
#11250 = SURFACE_STYLE_FILL_AREA(#11251);
#11251 = FILL_AREA_STYLE('',(#11252));
#11252 = FILL_AREA_STYLE_COLOUR('',#10915);
#11253 = MECHANICAL_DESIGN_GEOMETRIC_PRESENTATION_REPRESENTATION('',(
    #11254),#3545);
#11254 = STYLED_ITEM('color',(#11255),#3391);
#11255 = PRESENTATION_STYLE_ASSIGNMENT((#11256));
#11256 = SURFACE_STYLE_USAGE(.BOTH.,#11257);
#11257 = SURFACE_SIDE_STYLE('',(#11258));
#11258 = SURFACE_STYLE_FILL_AREA(#11259);
#11259 = FILL_AREA_STYLE('',(#11260));
#11260 = FILL_AREA_STYLE_COLOUR('',#10915);
#11261 = MECHANICAL_DESIGN_GEOMETRIC_PRESENTATION_REPRESENTATION('',(
    #11262),#2507);
#11262 = STYLED_ITEM('color',(#11263),#2353);
#11263 = PRESENTATION_STYLE_ASSIGNMENT((#11264));
#11264 = SURFACE_STYLE_USAGE(.BOTH.,#11265);
#11265 = SURFACE_SIDE_STYLE('',(#11266));
#11266 = SURFACE_STYLE_FILL_AREA(#11267);
#11267 = FILL_AREA_STYLE('',(#11268));
#11268 = FILL_AREA_STYLE_COLOUR('',#10915);
#11269 = MECHANICAL_DESIGN_GEOMETRIC_PRESENTATION_REPRESENTATION('',(
    #11270),#10558);
#11270 = STYLED_ITEM('color',(#11271),#10408);
#11271 = PRESENTATION_STYLE_ASSIGNMENT((#11272));
#11272 = SURFACE_STYLE_USAGE(.BOTH.,#11273);
#11273 = SURFACE_SIDE_STYLE('',(#11274));
#11274 = SURFACE_STYLE_FILL_AREA(#11275);
#11275 = FILL_AREA_STYLE('',(#11276));
#11276 = FILL_AREA_STYLE_COLOUR('',#10915);
#11277 = MECHANICAL_DESIGN_GEOMETRIC_PRESENTATION_REPRESENTATION('',(
    #11278),#4929);
#11278 = STYLED_ITEM('color',(#11279),#4775);
#11279 = PRESENTATION_STYLE_ASSIGNMENT((#11280));
#11280 = SURFACE_STYLE_USAGE(.BOTH.,#11281);
#11281 = SURFACE_SIDE_STYLE('',(#11282));
#11282 = SURFACE_STYLE_FILL_AREA(#11283);
#11283 = FILL_AREA_STYLE('',(#11284));
#11284 = FILL_AREA_STYLE_COLOUR('',#10915);
#11285 = MECHANICAL_DESIGN_GEOMETRIC_PRESENTATION_REPRESENTATION('',(
    #11286),#2853);
#11286 = STYLED_ITEM('color',(#11287),#2699);
#11287 = PRESENTATION_STYLE_ASSIGNMENT((#11288));
#11288 = SURFACE_STYLE_USAGE(.BOTH.,#11289);
#11289 = SURFACE_SIDE_STYLE('',(#11290));
#11290 = SURFACE_STYLE_FILL_AREA(#11291);
#11291 = FILL_AREA_STYLE('',(#11292));
#11292 = FILL_AREA_STYLE_COLOUR('',#10915);
#11293 = MECHANICAL_DESIGN_GEOMETRIC_PRESENTATION_REPRESENTATION('',(
    #11294),#9375);
#11294 = STYLED_ITEM('color',(#11295),#9225);
#11295 = PRESENTATION_STYLE_ASSIGNMENT((#11296));
#11296 = SURFACE_STYLE_USAGE(.BOTH.,#11297);
#11297 = SURFACE_SIDE_STYLE('',(#11298));
#11298 = SURFACE_STYLE_FILL_AREA(#11299);
#11299 = FILL_AREA_STYLE('',(#11300));
#11300 = FILL_AREA_STYLE_COLOUR('',#10915);
#11301 = MECHANICAL_DESIGN_GEOMETRIC_PRESENTATION_REPRESENTATION('',(
    #11302),#3372);
#11302 = STYLED_ITEM('color',(#11303),#3218);
#11303 = PRESENTATION_STYLE_ASSIGNMENT((#11304));
#11304 = SURFACE_STYLE_USAGE(.BOTH.,#11305);
#11305 = SURFACE_SIDE_STYLE('',(#11306));
#11306 = SURFACE_STYLE_FILL_AREA(#11307);
#11307 = FILL_AREA_STYLE('',(#11308));
#11308 = FILL_AREA_STYLE_COLOUR('',#10915);
#11309 = MECHANICAL_DESIGN_GEOMETRIC_PRESENTATION_REPRESENTATION('',(
    #11310),#4410);
#11310 = STYLED_ITEM('color',(#11311),#4256);
#11311 = PRESENTATION_STYLE_ASSIGNMENT((#11312));
#11312 = SURFACE_STYLE_USAGE(.BOTH.,#11313);
#11313 = SURFACE_SIDE_STYLE('',(#11314));
#11314 = SURFACE_STYLE_FILL_AREA(#11315);
#11315 = FILL_AREA_STYLE('',(#11316));
#11316 = FILL_AREA_STYLE_COLOUR('',#10915);
#11317 = MECHANICAL_DESIGN_GEOMETRIC_PRESENTATION_REPRESENTATION('',(
    #11318),#5621);
#11318 = STYLED_ITEM('color',(#11319),#5467);
#11319 = PRESENTATION_STYLE_ASSIGNMENT((#11320));
#11320 = SURFACE_STYLE_USAGE(.BOTH.,#11321);
#11321 = SURFACE_SIDE_STYLE('',(#11322));
#11322 = SURFACE_STYLE_FILL_AREA(#11323);
#11323 = FILL_AREA_STYLE('',(#11324));
#11324 = FILL_AREA_STYLE_COLOUR('',#10915);
#11325 = MECHANICAL_DESIGN_GEOMETRIC_PRESENTATION_REPRESENTATION('',(
    #11326),#5102);
#11326 = STYLED_ITEM('color',(#11327),#4948);
#11327 = PRESENTATION_STYLE_ASSIGNMENT((#11328));
#11328 = SURFACE_STYLE_USAGE(.BOTH.,#11329);
#11329 = SURFACE_SIDE_STYLE('',(#11330));
#11330 = SURFACE_STYLE_FILL_AREA(#11331);
#11331 = FILL_AREA_STYLE('',(#11332));
#11332 = FILL_AREA_STYLE_COLOUR('',#10915);
#11333 = MECHANICAL_DESIGN_GEOMETRIC_PRESENTATION_REPRESENTATION('',(
    #11334),#6486);
#11334 = STYLED_ITEM('color',(#11335),#6332);
#11335 = PRESENTATION_STYLE_ASSIGNMENT((#11336));
#11336 = SURFACE_STYLE_USAGE(.BOTH.,#11337);
#11337 = SURFACE_SIDE_STYLE('',(#11338));
#11338 = SURFACE_STYLE_FILL_AREA(#11339);
#11339 = FILL_AREA_STYLE('',(#11340));
#11340 = FILL_AREA_STYLE_COLOUR('',#10915);
#11341 = MECHANICAL_DESIGN_GEOMETRIC_PRESENTATION_REPRESENTATION('',(
    #11342),#9544);
#11342 = STYLED_ITEM('color',(#11343),#9394);
#11343 = PRESENTATION_STYLE_ASSIGNMENT((#11344));
#11344 = SURFACE_STYLE_USAGE(.BOTH.,#11345);
#11345 = SURFACE_SIDE_STYLE('',(#11346));
#11346 = SURFACE_STYLE_FILL_AREA(#11347);
#11347 = FILL_AREA_STYLE('',(#11348));
#11348 = FILL_AREA_STYLE_COLOUR('',#10915);
#11349 = MECHANICAL_DESIGN_GEOMETRIC_PRESENTATION_REPRESENTATION('',(
    #11350),#9206);
#11350 = STYLED_ITEM('color',(#11351),#9056);
#11351 = PRESENTATION_STYLE_ASSIGNMENT((#11352));
#11352 = SURFACE_STYLE_USAGE(.BOTH.,#11353);
#11353 = SURFACE_SIDE_STYLE('',(#11354));
#11354 = SURFACE_STYLE_FILL_AREA(#11355);
#11355 = FILL_AREA_STYLE('',(#11356));
#11356 = FILL_AREA_STYLE_COLOUR('',#10915);
#11357 = MECHANICAL_DESIGN_GEOMETRIC_PRESENTATION_REPRESENTATION('',(
    #11358),#3718);
#11358 = STYLED_ITEM('color',(#11359),#3564);
#11359 = PRESENTATION_STYLE_ASSIGNMENT((#11360));
#11360 = SURFACE_STYLE_USAGE(.BOTH.,#11361);
#11361 = SURFACE_SIDE_STYLE('',(#11362));
#11362 = SURFACE_STYLE_FILL_AREA(#11363);
#11363 = FILL_AREA_STYLE('',(#11364));
#11364 = FILL_AREA_STYLE_COLOUR('',#10915);
#11365 = MECHANICAL_DESIGN_GEOMETRIC_PRESENTATION_REPRESENTATION('',(
    #11366),#6659);
#11366 = STYLED_ITEM('color',(#11367),#6505);
#11367 = PRESENTATION_STYLE_ASSIGNMENT((#11368));
#11368 = SURFACE_STYLE_USAGE(.BOTH.,#11369);
#11369 = SURFACE_SIDE_STYLE('',(#11370));
#11370 = SURFACE_STYLE_FILL_AREA(#11371);
#11371 = FILL_AREA_STYLE('',(#11372));
#11372 = FILL_AREA_STYLE_COLOUR('',#10915);
#11373 = MECHANICAL_DESIGN_GEOMETRIC_PRESENTATION_REPRESENTATION('',(
    #11374),#10389);
#11374 = STYLED_ITEM('color',(#11375),#10239);
#11375 = PRESENTATION_STYLE_ASSIGNMENT((#11376));
#11376 = SURFACE_STYLE_USAGE(.BOTH.,#11377);
#11377 = SURFACE_SIDE_STYLE('',(#11378));
#11378 = SURFACE_STYLE_FILL_AREA(#11379);
#11379 = FILL_AREA_STYLE('',(#11380));
#11380 = FILL_AREA_STYLE_COLOUR('',#10915);
#11381 = MECHANICAL_DESIGN_GEOMETRIC_PRESENTATION_REPRESENTATION('',(
    #11382),#8868);
#11382 = STYLED_ITEM('color',(#11383),#8718);
#11383 = PRESENTATION_STYLE_ASSIGNMENT((#11384));
#11384 = SURFACE_STYLE_USAGE(.BOTH.,#11385);
#11385 = SURFACE_SIDE_STYLE('',(#11386));
#11386 = SURFACE_STYLE_FILL_AREA(#11387);
#11387 = FILL_AREA_STYLE('',(#11388));
#11388 = FILL_AREA_STYLE_COLOUR('',#10915);
#11389 = MECHANICAL_DESIGN_GEOMETRIC_PRESENTATION_REPRESENTATION('',(
    #11390),#4237);
#11390 = STYLED_ITEM('color',(#11391),#4083);
#11391 = PRESENTATION_STYLE_ASSIGNMENT((#11392));
#11392 = SURFACE_STYLE_USAGE(.BOTH.,#11393);
#11393 = SURFACE_SIDE_STYLE('',(#11394));
#11394 = SURFACE_STYLE_FILL_AREA(#11395);
#11395 = FILL_AREA_STYLE('',(#11396));
#11396 = FILL_AREA_STYLE_COLOUR('',#10915);
#11397 = MECHANICAL_DESIGN_GEOMETRIC_PRESENTATION_REPRESENTATION('',(
    #11398),#7516);
#11398 = STYLED_ITEM('color',(#11399),#7366);
#11399 = PRESENTATION_STYLE_ASSIGNMENT((#11400));
#11400 = SURFACE_STYLE_USAGE(.BOTH.,#11401);
#11401 = SURFACE_SIDE_STYLE('',(#11402));
#11402 = SURFACE_STYLE_FILL_AREA(#11403);
#11403 = FILL_AREA_STYLE('',(#11404));
#11404 = FILL_AREA_STYLE_COLOUR('',#10915);
ENDSEC;
END-ISO-10303-21;
